run,queryIndex,queryId,scenario,terminalState,outcome,totalMs,executionMs,anchorAndPersistenceMs,retryCount,remoteRequestAttempts,receiptBytes,receiptRoot,anchorTxHash,anchorBlockHeight,auditVerified,expectedBehavior,appliedFaults,error
0,0,livebench-2026-08-25T01-46-44-989Z-0-normal-0,normal,ANCHORED,SATISFIED,524.509,68,456.509,0,6,14484,0xd41cb221c0ecd47ae42e4361e51d66b3f134d0517f8c00e936ad0286c6d828a6,0xe1628a55d1ef77f72c4a6a5e26d61e67def429ef556ec87cee81e1abd78804e2,41,true,true,[],
0,1,livebench-2026-08-25T01-46-44-989Z-0-normal-1,normal,ANCHORED,SATISFIED,480.69,76,404.69,0,6,14486,0x085b127c9a0f229d1855ccdaa53c8de4a1aed15d0c64ed9d55794cfb987fbc50,0x3da36303702f2b091bbac5ff7ef2f668bd6b44bc3ff31d698d1abaa1c9053c12,42,true,true,[],
0,2,livebench-2026-08-25T01-46-44-989Z-0-normal-2,normal,ANCHORED,SATISFIED,507.688,42,465.688,0,6,14486,0xb2727d980a77467d001c0009940589669a54c7a8ff8c71acf9a6bc389a5e5190,0x89c4f86ef0523e4793617432c8cb9e464038626a0e18f5127a829e4a10cb2f83,43,true,true,[],
0,3,livebench-2026-08-25T01-46-44-989Z-0-normal-3,normal,ANCHORED,SATISFIED,503.907,57,446.907,0,6,14484,0xe18265e0750cb3314e7a76b0ef6fd0dbc68a2c874b62f0a437ea9002174c0de5,0xae278d3e3ff7aac3204b00686303a757efabeb82f2cd79aba304ce774ec476ef,44,true,true,[],
0,4,livebench-2026-08-25T01-46-44-989Z-0-normal-4,normal,ANCHORED,SATISFIED,504.756,52,452.756,0,6,14484,0x52959f24677ee3fb347b0b43bcf47bc29256bbe5975e25691dfd99fe6f047f63,0x9a48bec5b4bf6c96982b84f2423a96f76bec61eed3d336bed7d7423b8810b728,45,true,true,[],
0,5,livebench-2026-08-25T01-46-44-989Z-0-normal-5,normal,ANCHORED,SATISFIED,504.44,59,445.44,0,6,14486,0xb8ef8f6c82f971636dfc435e2faea8df4ab01750ad17de54fb847057675b08d4,0x925b00987bf96a62cc3c7b2ee7111101a29a511e8d54ff2d0c4b8f84501016ae,46,true,true,[],
0,6,livebench-2026-08-25T01-46-44-989Z-0-normal-6,normal,ANCHORED,SATISFIED,500.857,37,463.857,0,6,14486,0x6b5e9c59b10251be89dd4314ea8f405b529e76e323c604dca7b3ed891fc61a1d,0xb66a7bdee5cc8ca8e001823464e451b6a8475c2f6ecf8728e7fc73884d959e48,47,true,true,[],
0,7,livebench-2026-08-25T01-46-44-989Z-0-normal-7,normal,ANCHORED,SATISFIED,508.292,58,450.292,0,6,14484,0xd2aa60e927763037c1763fdbfce03a344abcf86350e3b20ecc25aa91f956221e,0xcf2530e0cf047abbf1ba9bfc7278a4f48415c901a9dcfa92eac7fa9a8125c273,48,true,true,[],
0,8,livebench-2026-08-25T01-46-44-989Z-0-normal-8,normal,ANCHORED,SATISFIED,503.247,66,437.247,0,6,14486,0xfddc2e618c55f7c22882b5ee8da99c25c0cc652bb116625ee807950cd928e26d,0x25d1e200505caea42e65018c8965814b1e222f0e6d12e1f28ae6b8e4b25f0589,49,true,true,[],
0,9,livebench-2026-08-25T01-46-44-989Z-0-normal-9,normal,ANCHORED,SATISFIED,501.132,46,455.132,0,6,14486,0xdc0e617d70db4abbadb5bf6ada33ecd98039aaaafdb0b084698431bf706d36e4,0x58dd9d7eb14469fe3140c1dfee3903fc89e0df2bc821b3f378a04511fb24d66d,50,true,true,[],
0,10,livebench-2026-08-25T01-46-44-989Z-0-normal-10,normal,ANCHORED,SATISFIED,500.887,42,458.887,0,6,14492,0xa4d5f73e27404106009cf86a71c87f13fd1bfa727cb400efd18f0af25064e0b0,0x93185c1f96da568d5827b6e3fefd2a86d515e1235392a23994ab5be1f65cab54,51,true,true,[],
0,11,livebench-2026-08-25T01-46-44-989Z-0-normal-11,normal,ANCHORED,SATISFIED,508.524,46,462.524,0,6,14490,0xc00e1eab8516a1b53803e7ad1242621f5a29235f549f08e39fd4860abe91a1a3,0x47a8e4f88a2b4eba226ef79688a554f2c4e95d808c4ba652b5748a3f3ad390e4,52,true,true,[],
0,12,livebench-2026-08-25T01-46-44-989Z-0-normal-12,normal,ANCHORED,SATISFIED,508.973,47,461.973,0,6,14490,0xb22ebda4b718cd0968704623b00ba221ab5c8cc45cf6c2f428a9c777a626333e,0x449dea3874b649a74374dbb7590e81bdfbe8c22ff59746304bb3c031956ef6c9,53,true,true,[],
0,13,livebench-2026-08-25T01-46-44-989Z-0-normal-13,normal,ANCHORED,SATISFIED,504.849,49,455.849,0,6,14490,0x37183ea7f5dd336d11f6a63804a8b591cbb53cc7b1b8146d2a27fe566e52be60,0x27c336b41282f67d3ced77d4f9eb07f0ede113d3d95f8cdc7ffc8804596c5857,54,true,true,[],
0,14,livebench-2026-08-25T01-46-44-989Z-0-normal-14,normal,ANCHORED,SATISFIED,526.119,72,454.119,0,6,14492,0x7cfec3cc7ab17c88d63550db83284dec90fc6c37c54130b41c307831fce82d43,0x64de421b1e1d201e725f702fdd71476e97a72fbff3bdbcf0ccd852eab36c6566,55,true,true,[],
0,15,livebench-2026-08-25T01-46-44-989Z-0-normal-15,normal,ANCHORED,SATISFIED,484.228,52,432.228,0,6,14492,0x934463f0085f6d93a89c0f228a186f75cd576fd9793d938d6ab2b40af78e30e6,0x1b928746ea923c0a855e4aecfe2e01c07b0918edfb3c233c5bb9979147d78d04,56,true,true,[],
0,16,livebench-2026-08-25T01-46-44-989Z-0-normal-16,normal,ANCHORED,SATISFIED,507.338,48,459.338,0,6,14490,0x69fe38c7e81e3a39a829a2a32163c4f6d5e98e9856b4af36bdf08ffe441cd447,0x8e4c7851009f8deafea2280a1e67fed76332afb201c6161b9aa08a3e4c195d1b,57,true,true,[],
0,17,livebench-2026-08-25T01-46-44-989Z-0-normal-17,normal,ANCHORED,SATISFIED,504.015,47,457.015,0,6,14490,0x41608ad51a276b33178253979f2ce7595962f6a2bc05e65ae79389b3cbccbb6c,0x510c29b01b6ea7706d7115912f381920eed57bc6abf4d3a35ae41046d0631ef2,58,true,true,[],
0,18,livebench-2026-08-25T01-46-44-989Z-0-normal-18,normal,ANCHORED,SATISFIED,503.272,38,465.272,0,6,14490,0xff7ac23029eeca59b165de413ae107fe39763fa0e2c9017c79a2bfc2af16543b,0xe7ffe066da11ffbe931c7878997f7663ff6d095568361e85a41de6a7c265b4a4,59,true,true,[],
0,19,livebench-2026-08-25T01-46-44-989Z-0-normal-19,normal,ANCHORED,SATISFIED,504.813,40,464.813,0,6,14492,0x7ac38210fc23069dff30d09af5644cb689e60f28edd96c66271b6179ce93fe7b,0x5b3e87dfe999949f6e1313f6922a25a584d8334ef1c5e3429057efcfa7aa977c,60,true,true,[],
0,0,livebench-2026-08-25T01-46-44-989Z-0-fabric_endpoint_retry-0,fabric_endpoint_retry,ANCHORED,SATISFIED,502.659,58,444.659,1,7,15032,0x7a5516ac126ad2709c9aa1b1496f4efe089c17a8a98252f80de64f5048fc0414,0x06872df3a769152ffbfb0586b2910eabf53763f6be6d070337e330f20fd144fa,61,true,true,"[{""faultId"":""fault-0"",""queryId"":""livebench-2026-08-25T01-46-44-989Z-0-fabric_endpoint_retry-0"",""nodeId"":""order_fabric"",""attempt"":1,""candidate"":""fabric-peer-0"",""action"":""error""}]",
0,1,livebench-2026-08-25T01-46-44-989Z-0-fabric_endpoint_retry-1,fabric_endpoint_retry,ANCHORED,SATISFIED,510.006,55,455.006,1,7,15032,0x418ccba6e59b069e3f6845b44e5e7b34eab85259e29425bb075c99eb2c0d3758,0x18ca3d14888503a61be6d02bec8693a9b1dd20c83daf91c3748d1c9f494ca161,62,true,true,"[{""faultId"":""fault-0"",""queryId"":""livebench-2026-08-25T01-46-44-989Z-0-fabric_endpoint_retry-1"",""nodeId"":""order_fabric"",""attempt"":1,""candidate"":""fabric-peer-0"",""action"":""error""}]",
0,2,livebench-2026-08-25T01-46-44-989Z-0-fabric_endpoint_retry-2,fabric_endpoint_retry,ANCHORED,SATISFIED,500.702,61,439.702,1,7,15032,0x27120fbeec06a29ac2d0702bfd52f3732a3e969ed2926522d11e9d227372d7b6,0x9dc03fab1e4b08fce61900b8e434be4f472a3eae7ccb0ba4deff2ffae5203688,63,true,true,"[{""faultId"":""fault-0"",""queryId"":""livebench-2026-08-25T01-46-44-989Z-0-fabric_endpoint_retry-2"",""nodeId"":""order_fabric"",""attempt"":1,""candidate"":""fabric-peer-0"",""action"":""error""}]",
0,3,livebench-2026-08-25T01-46-44-989Z-0-fabric_endpoint_retry-3,fabric_endpoint_retry,ANCHORED,SATISFIED,503.901,49,454.901,1,7,15032,0x7c7387ec9c7d2920e9fef2ad65f00e12a8a8022010854493c22474d17bd1db7a,0x76a6f916f14bfd916a5eecaef3e8fda94e2ab19eec3b2f0346aa1f24d8dde9a8,64,true,true,"[{""faultId"":""fault-0"",""queryId"":""livebench-2026-08-25T01-46-44-989Z-0-fabric_endpoint_retry-3"",""nodeId"":""order_fabric"",""attempt"":1,""candidate"":""fabric-peer-0"",""action"":""error""}]",
0,4,livebench-2026-08-25T01-46-44-989Z-0-fabric_endpoint_retry-4,fabric_endpoint_retry,ANCHORED,SATISFIED,507.554,60,447.554,1,7,15032,0xed37f4725906be536f19ba40e5602eb5c8da46e10045a0348d2410fa02ffae9d,0x8cf4c391ca0f2848a9e780b9d9dd7d20bb232e672434ad1ea81b52a02e5cd3ab,65,true,true,"[{""faultId"":""fault-0"",""queryId"":""livebench-2026-08-25T01-46-44-989Z-0-fabric_endpoint_retry-4"",""nodeId"":""order_fabric"",""attempt"":1,""candidate"":""fabric-peer-0"",""action"":""error""}]",
0,5,livebench-2026-08-25T01-46-44-989Z-0-fabric_endpoint_retry-5,fabric_endpoint_retry,ANCHORED,SATISFIED,507.412,53,454.412,1,7,15032,0xb0347fff3dbf593bc84d2245661a7d5c3eedbb4a84b09dcd58e565409b03f295,0xe0e269dd7ff0aa0fa400a07c5ff9f95e9c20ff55319451527ac0a515c212ae81,66,true,true,"[{""faultId"":""fault-0"",""queryId"":""livebench-2026-08-25T01-46-44-989Z-0-fabric_endpoint_retry-5"",""nodeId"":""order_fabric"",""attempt"":1,""candidate"":""fabric-peer-0"",""action"":""error""}]",
0,6,livebench-2026-08-25T01-46-44-989Z-0-fabric_endpoint_retry-6,fabric_endpoint_retry,ANCHORED,SATISFIED,503.252,43,460.252,1,7,15034,0x499d71c2dddaf0fb68cce541684b5c6dca93eedadee4bb69e35b996173474764,0x05651b7db6ed98881625d3fbe44b61ec37339452fa67052e551546ce19148380,67,true,true,"[{""faultId"":""fault-0"",""queryId"":""livebench-2026-08-25T01-46-44-989Z-0-fabric_endpoint_retry-6"",""nodeId"":""order_fabric"",""attempt"":1,""candidate"":""fabric-peer-0"",""action"":""error""}]",
0,7,livebench-2026-08-25T01-46-44-989Z-0-fabric_endpoint_retry-7,fabric_endpoint_retry,ANCHORED,SATISFIED,566.064,60,506.064,1,7,15032,0xb05a1df4cb7a25603474f23b75392c2f7790d7d517ad95597b1ecf024f2e7f4a,0x8f01a359c40b268f1de4ea31f7c64a239964d549f5cfff0f1b0a5fbb3dce6866,68,true,true,"[{""faultId"":""fault-0"",""queryId"":""livebench-2026-08-25T01-46-44-989Z-0-fabric_endpoint_retry-7"",""nodeId"":""order_fabric"",""attempt"":1,""candidate"":""fabric-peer-0"",""action"":""error""}]",
0,8,livebench-2026-08-25T01-46-44-989Z-0-fabric_endpoint_retry-8,fabric_endpoint_retry,ANCHORED,SATISFIED,477.946,63,414.946,1,7,15034,0xbea02b0b66d180a2f17d59117807374a115b6586f2247bd548b5e88c22a093e6,0x4caaa91c561b69ea00bdad4fd53165e88eb5f242aed647be6b192a6eb17b6ee8,69,true,true,"[{""faultId"":""fault-0"",""queryId"":""livebench-2026-08-25T01-46-44-989Z-0-fabric_endpoint_retry-8"",""nodeId"":""order_fabric"",""attempt"":1,""candidate"":""fabric-peer-0"",""action"":""error""}]",
0,9,livebench-2026-08-25T01-46-44-989Z-0-fabric_endpoint_retry-9,fabric_endpoint_retry,ANCHORED,SATISFIED,478.309,88,390.309,1,7,15034,0x40544e88f2076d4643caad9674ac6d4d3b653d6ed813d83bacc5576fed8f3c09,0x611aedf7adafef1e1696dee141293b0321a5c326c8698e3b7169105502111a56,70,true,true,"[{""faultId"":""fault-0"",""queryId"":""livebench-2026-08-25T01-46-44-989Z-0-fabric_endpoint_retry-9"",""nodeId"":""order_fabric"",""attempt"":1,""candidate"":""fabric-peer-0"",""action"":""error""}]",
0,10,livebench-2026-08-25T01-46-44-989Z-0-fabric_endpoint_retry-10,fabric_endpoint_retry,ANCHORED,SATISFIED,602.662,63,539.662,1,7,15038,0x017ee15d356b4f8b6e2931b6c1985591c635b586a6a612687d5d9360569487db,0x019ee472efd8af869699a50e2c0c5ea3fae8e4d25ceeae2c1b59a0b8972a5dd3,71,true,true,"[{""faultId"":""fault-0"",""queryId"":""livebench-2026-08-25T01-46-44-989Z-0-fabric_endpoint_retry-10"",""nodeId"":""order_fabric"",""attempt"":1,""candidate"":""fabric-peer-0"",""action"":""error""}]",
0,11,livebench-2026-08-25T01-46-44-989Z-0-fabric_endpoint_retry-11,fabric_endpoint_retry,ANCHORED,SATISFIED,511.92,44,467.92,1,7,15038,0xca8686b02553bafb41bff1f14a3b85e828a9ed3565cd6cf62222ddcbec9057c2,0x9cb4203c270323dfccfa93ada9cf27c471a2bf51758bc19db9733045b3eeb3ae,72,true,true,"[{""faultId"":""fault-0"",""queryId"":""livebench-2026-08-25T01-46-44-989Z-0-fabric_endpoint_retry-11"",""nodeId"":""order_fabric"",""attempt"":1,""candidate"":""fabric-peer-0"",""action"":""error""}]",
0,12,livebench-2026-08-25T01-46-44-989Z-0-fabric_endpoint_retry-12,fabric_endpoint_retry,ANCHORED,SATISFIED,505.391,49,456.391,1,7,15038,0x54bbc244179dd57a7fbe59132ec70976ae7fbe83bf6f9486bff86e3416d25cc0,0x3dde8248b8a3887abe7d230cbdf1a3ad78617bb81266006a13a00f7249ea0872,73,true,true,"[{""faultId"":""fault-0"",""queryId"":""livebench-2026-08-25T01-46-44-989Z-0-fabric_endpoint_retry-12"",""nodeId"":""order_fabric"",""attempt"":1,""candidate"":""fabric-peer-0"",""action"":""error""}]",
0,13,livebench-2026-08-25T01-46-44-989Z-0-fabric_endpoint_retry-13,fabric_endpoint_retry,ANCHORED,SATISFIED,544.196,51,493.196,1,7,15040,0x3f9b4ca1b26ea3397c5c9872406993ffa4ce2e370a8101babcd890a28aa62eb9,0x0ca0facaa1e643476f96de93435a8528855d6c1188620a68359df748d0d5169c,74,true,true,"[{""faultId"":""fault-0"",""queryId"":""livebench-2026-08-25T01-46-44-989Z-0-fabric_endpoint_retry-13"",""nodeId"":""order_fabric"",""attempt"":1,""candidate"":""fabric-peer-0"",""action"":""error""}]",
0,14,livebench-2026-08-25T01-46-44-989Z-0-fabric_endpoint_retry-14,fabric_endpoint_retry,ANCHORED,SATISFIED,458.18,40,418.18,1,7,15038,0xa18469b08b0dd0651ce639eeb703e455454f79b674ca00f55fcf5bdc491c26df,0xcd713ad825a39e7d282b357aa373d144c6cbebe57cf6d1e1b525f56c7d2ab11b,75,true,true,"[{""faultId"":""fault-0"",""queryId"":""livebench-2026-08-25T01-46-44-989Z-0-fabric_endpoint_retry-14"",""nodeId"":""order_fabric"",""attempt"":1,""candidate"":""fabric-peer-0"",""action"":""error""}]",
0,15,livebench-2026-08-25T01-46-44-989Z-0-fabric_endpoint_retry-15,fabric_endpoint_retry,ANCHORED,SATISFIED,508.433,38,470.433,1,7,15038,0x5aef67ac7388ddc189e892543bbf709e03d254fab5e0b1d9e019e746988c0373,0x07a43ec14f4dddee6d9b025486d794d0c81528bd1c460b476d571643daf2b5a2,76,true,true,"[{""faultId"":""fault-0"",""queryId"":""livebench-2026-08-25T01-46-44-989Z-0-fabric_endpoint_retry-15"",""nodeId"":""order_fabric"",""attempt"":1,""candidate"":""fabric-peer-0"",""action"":""error""}]",
0,16,livebench-2026-08-25T01-46-44-989Z-0-fabric_endpoint_retry-16,fabric_endpoint_retry,ANCHORED,SATISFIED,502.251,54,448.251,1,7,15038,0xea26cc87c8d61e40b2287d2d1ae39568bb65ee6285190ea2ac32192d1adf48cb,0x4406019a6c3214ea1ba39ffc12d452400fef0a49e335668589bdae6286e39940,77,true,true,"[{""faultId"":""fault-0"",""queryId"":""livebench-2026-08-25T01-46-44-989Z-0-fabric_endpoint_retry-16"",""nodeId"":""order_fabric"",""attempt"":1,""candidate"":""fabric-peer-0"",""action"":""error""}]",
0,17,livebench-2026-08-25T01-46-44-989Z-0-fabric_endpoint_retry-17,fabric_endpoint_retry,ANCHORED,SATISFIED,518.872,50,468.872,1,7,15038,0xea42f8714f8ad13040bc134cb1e0d30723a796bfdc066d66541caa2d1e78325b,0x2faa0c2a23c96eec84d1f76824f92edb14f8a53774c70cf83326295df0a7e4df,78,true,true,"[{""faultId"":""fault-0"",""queryId"":""livebench-2026-08-25T01-46-44-989Z-0-fabric_endpoint_retry-17"",""nodeId"":""order_fabric"",""attempt"":1,""candidate"":""fabric-peer-0"",""action"":""error""}]",
0,18,livebench-2026-08-25T01-46-44-989Z-0-fabric_endpoint_retry-18,fabric_endpoint_retry,ANCHORED,SATISFIED,487.007,62,425.007,1,7,15038,0x67c7278fccdfb61bbb4af4a3dcf3e971415983feb1a9a338f8eb5c66d1bd24df,0xb34fecc103b885cdce3db0a5c341e422b33cc7a66d8337917278ef31cd2099eb,79,true,true,"[{""faultId"":""fault-0"",""queryId"":""livebench-2026-08-25T01-46-44-989Z-0-fabric_endpoint_retry-18"",""nodeId"":""order_fabric"",""attempt"":1,""candidate"":""fabric-peer-0"",""action"":""error""}]",
0,19,livebench-2026-08-25T01-46-44-989Z-0-fabric_endpoint_retry-19,fabric_endpoint_retry,ANCHORED,SATISFIED,510.727,45,465.727,1,7,15038,0x3faf44dbab067bb3824835a6f94ec5e1cb859f18ab5ec38ab583c6842b700721,0x917dae1f78c8af8e6793bdd2053637e327fa9f2fd9b4a501e3a893dae90df58e,80,true,true,"[{""faultId"":""fault-0"",""queryId"":""livebench-2026-08-25T01-46-44-989Z-0-fabric_endpoint_retry-19"",""nodeId"":""order_fabric"",""attempt"":1,""candidate"":""fabric-peer-0"",""action"":""error""}]",
0,0,livebench-2026-08-25T01-46-44-989Z-0-fisco_endpoint_retry-0,fisco_endpoint_retry,ANCHORED,SATISFIED,649.083,91,558.083,1,7,15034,0x5f127c70adf461b2e3113c46ecae1725e538b3ea550062670c1a9c9883c825b2,0xa270c3bb1ccaff1eefee7797274ee54f25af87f8345d0c3c2b95a75b01ed0b3c,81,true,true,"[{""faultId"":""fault-0"",""queryId"":""livebench-2026-08-25T01-46-44-989Z-0-fisco_endpoint_retry-0"",""nodeId"":""logistics_fisco"",""attempt"":1,""candidate"":""fisco-node-0"",""action"":""error""}]",
0,1,livebench-2026-08-25T01-46-44-989Z-0-fisco_endpoint_retry-1,fisco_endpoint_retry,ANCHORED,SATISFIED,346.129,40,306.129,1,7,15034,0x7e5368f250b89645adbef5aeb642bbb08cc3674ac0874db19a3b7f32d0a3335f,0x40f28aba248c9f1f5b4aec6c93320049e63dd0bdd1e152ceb2ae7a10b8ccd77e,82,true,true,"[{""faultId"":""fault-0"",""queryId"":""livebench-2026-08-25T01-46-44-989Z-0-fisco_endpoint_retry-1"",""nodeId"":""logistics_fisco"",""attempt"":1,""candidate"":""fisco-node-0"",""action"":""error""}]",
0,2,livebench-2026-08-25T01-46-44-989Z-0-fisco_endpoint_retry-2,fisco_endpoint_retry,ANCHORED,SATISFIED,503.767,43,460.767,1,7,15034,0x2a0cd74d19973fd5a58fd719a81ce29d99b913a9d6cc9f779c7dd76417e97ba6,0xbfb683a300aa9970be6d8776b63bb0f2cf4bf56c0fa666da9a70ae8f724ef880,83,true,true,"[{""faultId"":""fault-0"",""queryId"":""livebench-2026-08-25T01-46-44-989Z-0-fisco_endpoint_retry-2"",""nodeId"":""logistics_fisco"",""attempt"":1,""candidate"":""fisco-node-0"",""action"":""error""}]",
0,3,livebench-2026-08-25T01-46-44-989Z-0-fisco_endpoint_retry-3,fisco_endpoint_retry,ANCHORED,SATISFIED,506.458,42,464.458,1,7,15034,0x8672af3c8c99d43da7b17a5be633fc0911d11f95d70f4a60a43b3b3ff0423c9c,0xdb3c86e163839702456eef219f1cc1d68596083ea7ec430d378bbba43bc0f971,84,true,true,"[{""faultId"":""fault-0"",""queryId"":""livebench-2026-08-25T01-46-44-989Z-0-fisco_endpoint_retry-3"",""nodeId"":""logistics_fisco"",""attempt"":1,""candidate"":""fisco-node-0"",""action"":""error""}]",
0,4,livebench-2026-08-25T01-46-44-989Z-0-fisco_endpoint_retry-4,fisco_endpoint_retry,ANCHORED,SATISFIED,541.237,119,422.237,1,7,15032,0xa040a21032f1dc370c531da3d72e0d84fc358aea2a761544e0880bb958bb0c52,0x17ab947df05b4eaf82ba2425020003c9bfd12ff389b1f1bc23d1b98b18bff63b,85,true,true,"[{""faultId"":""fault-0"",""queryId"":""livebench-2026-08-25T01-46-44-989Z-0-fisco_endpoint_retry-4"",""nodeId"":""logistics_fisco"",""attempt"":1,""candidate"":""fisco-node-0"",""action"":""error""}]",
0,5,livebench-2026-08-25T01-46-44-989Z-0-fisco_endpoint_retry-5,fisco_endpoint_retry,ANCHORED,SATISFIED,466.831,40,426.831,1,7,15032,0x28586b895725a34b9efc3cf0e0b4b9128409da0d76a416573f6054a5174e1497,0x383b5494fa2c3a8d083b0c12ea7662f396589ca4b18bccc9f2485503794970e2,86,true,true,"[{""faultId"":""fault-0"",""queryId"":""livebench-2026-08-25T01-46-44-989Z-0-fisco_endpoint_retry-5"",""nodeId"":""logistics_fisco"",""attempt"":1,""candidate"":""fisco-node-0"",""action"":""error""}]",
0,6,livebench-2026-08-25T01-46-44-989Z-0-fisco_endpoint_retry-6,fisco_endpoint_retry,ANCHORED,SATISFIED,502.507,48,454.507,1,7,15034,0xdc1f39486b121ca28e2b5c81b2c2d958219a4130b4f0a35eb65de748378d16fd,0x046b74f914a0650473260c5f22548771f655ce4d9cb7982214b237cf03f5dd14,87,true,true,"[{""faultId"":""fault-0"",""queryId"":""livebench-2026-08-25T01-46-44-989Z-0-fisco_endpoint_retry-6"",""nodeId"":""logistics_fisco"",""attempt"":1,""candidate"":""fisco-node-0"",""action"":""error""}]",
0,7,livebench-2026-08-25T01-46-44-989Z-0-fisco_endpoint_retry-7,fisco_endpoint_retry,ANCHORED,SATISFIED,536.137,43,493.137,1,7,15034,0xf636ec43fcbcb544e5f5eb03a7b10392e47d4a65e90297233bea5ea3df46bb16,0xd61ee3ee33ab99f7d964722f4e01389687fcf84cb069fff6b83d0fcf169092cd,88,true,true,"[{""faultId"":""fault-0"",""queryId"":""livebench-2026-08-25T01-46-44-989Z-0-fisco_endpoint_retry-7"",""nodeId"":""logistics_fisco"",""attempt"":1,""candidate"":""fisco-node-0"",""action"":""error""}]",
0,8,livebench-2026-08-25T01-46-44-989Z-0-fisco_endpoint_retry-8,fisco_endpoint_retry,ANCHORED,SATISFIED,486.617,59,427.617,1,7,15034,0x9fa1d9fc8f2a8688cfa1da3e5cd4933b3dfd80b850bcb63564c2dc5d1e8e3b6b,0x4900eef7951170e095289e7dbb4da5e01616140d48fe4284fe64a838ad36347d,89,true,true,"[{""faultId"":""fault-0"",""queryId"":""livebench-2026-08-25T01-46-44-989Z-0-fisco_endpoint_retry-8"",""nodeId"":""logistics_fisco"",""attempt"":1,""candidate"":""fisco-node-0"",""action"":""error""}]",
0,9,livebench-2026-08-25T01-46-44-989Z-0-fisco_endpoint_retry-9,fisco_endpoint_retry,ANCHORED,SATISFIED,501.439,50,451.439,1,7,15032,0x5c69fafc2666c55fefab7a43bc51cc5c6625773fcd2d78cc028acf8824cc755c,0x793e8292a383145a9dc88272206ade67b1b29e23a97a7c98a7a8f1ed0909d027,90,true,true,"[{""faultId"":""fault-0"",""queryId"":""livebench-2026-08-25T01-46-44-989Z-0-fisco_endpoint_retry-9"",""nodeId"":""logistics_fisco"",""attempt"":1,""candidate"":""fisco-node-0"",""action"":""error""}]",
0,10,livebench-2026-08-25T01-46-44-989Z-0-fisco_endpoint_retry-10,fisco_endpoint_retry,ANCHORED,SATISFIED,498.131,41,457.131,1,7,15038,0xd43d734d71b9b6a8f05756809e9e2d5a72f02b7e582a9c976e2c77b9ae0f8cf7,0xc1a647400b58097c1d53eae049c32ab557a884c77c2e2dfacb7959d2ee641bf7,91,true,true,"[{""faultId"":""fault-0"",""queryId"":""livebench-2026-08-25T01-46-44-989Z-0-fisco_endpoint_retry-10"",""nodeId"":""logistics_fisco"",""attempt"":1,""candidate"":""fisco-node-0"",""action"":""error""}]",
0,11,livebench-2026-08-25T01-46-44-989Z-0-fisco_endpoint_retry-11,fisco_endpoint_retry,ANCHORED,SATISFIED,530.004,42,488.004,1,7,15038,0xb30c55e0c1f484013808d668b5f5051479fbd775445a5d41cdd43db15ca84d21,0xdcd1da6b9d7cabf6607864a6e45b25f836cc61cb75b55f065c59478e4183c048,92,true,true,"[{""faultId"":""fault-0"",""queryId"":""livebench-2026-08-25T01-46-44-989Z-0-fisco_endpoint_retry-11"",""nodeId"":""logistics_fisco"",""attempt"":1,""candidate"":""fisco-node-0"",""action"":""error""}]",
0,12,livebench-2026-08-25T01-46-44-989Z-0-fisco_endpoint_retry-12,fisco_endpoint_retry,ANCHORED,SATISFIED,565.587,51,514.587,1,7,15038,0xad86b2b0946581bd63008e6e67de0df138f823d82d6da75282baff284449e874,0x587190d9196ac0ef44bb06f95565dbd04c36e3b64bae8e652af19dfda771f511,93,true,true,"[{""faultId"":""fault-0"",""queryId"":""livebench-2026-08-25T01-46-44-989Z-0-fisco_endpoint_retry-12"",""nodeId"":""logistics_fisco"",""attempt"":1,""candidate"":""fisco-node-0"",""action"":""error""}]",
0,13,livebench-2026-08-25T01-46-44-989Z-0-fisco_endpoint_retry-13,fisco_endpoint_retry,ANCHORED,SATISFIED,500.293,44,456.293,1,7,15040,0x30d6f698fd9d891cad51f269e0c6780151655c80caa6ceed756fe8872afe8e6a,0x3ade4e3e728042b5e1de685af6f0b3963733f96853108eba9f8812875860c53b,94,true,true,"[{""faultId"":""fault-0"",""queryId"":""livebench-2026-08-25T01-46-44-989Z-0-fisco_endpoint_retry-13"",""nodeId"":""logistics_fisco"",""attempt"":1,""candidate"":""fisco-node-0"",""action"":""error""}]",
0,14,livebench-2026-08-25T01-46-44-989Z-0-fisco_endpoint_retry-14,fisco_endpoint_retry,ANCHORED,SATISFIED,606.026,42,564.026,1,7,15040,0x6189e17daf2026e8f52dd1c3be90173c7a9957f8397a18d6ef92e727e0d02f53,0x40e3946d992eec73c6e3ce6f344235cb7bc634bd6493c267a22a1607ac7207fd,95,true,true,"[{""faultId"":""fault-0"",""queryId"":""livebench-2026-08-25T01-46-44-989Z-0-fisco_endpoint_retry-14"",""nodeId"":""logistics_fisco"",""attempt"":1,""candidate"":""fisco-node-0"",""action"":""error""}]",
0,15,livebench-2026-08-25T01-46-44-989Z-0-fisco_endpoint_retry-15,fisco_endpoint_retry,ANCHORED,SATISFIED,507.477,47,460.477,1,7,15040,0x472376077407c57c42eb423726c7cd07817376f73a583e7795522618ee0f5430,0x7721ed41659f4817cf22d255920984fa8cfb5039adbbca1c2bf3e226150ea7d4,96,true,true,"[{""faultId"":""fault-0"",""queryId"":""livebench-2026-08-25T01-46-44-989Z-0-fisco_endpoint_retry-15"",""nodeId"":""logistics_fisco"",""attempt"":1,""candidate"":""fisco-node-0"",""action"":""error""}]",
0,16,livebench-2026-08-25T01-46-44-989Z-0-fisco_endpoint_retry-16,fisco_endpoint_retry,ANCHORED,SATISFIED,622.593,52,570.593,1,7,15040,0x684ad88bac5887a3eb28efd4a0fcde543c2d882cdcc37163096072a0bd5532cc,0x541e2af22637453c1fa7ffab3cc9b00453cd4b24bd97cdd12fad817d305641d6,97,true,true,"[{""faultId"":""fault-0"",""queryId"":""livebench-2026-08-25T01-46-44-989Z-0-fisco_endpoint_retry-16"",""nodeId"":""logistics_fisco"",""attempt"":1,""candidate"":""fisco-node-0"",""action"":""error""}]",
0,17,livebench-2026-08-25T01-46-44-989Z-0-fisco_endpoint_retry-17,fisco_endpoint_retry,ANCHORED,SATISFIED,409.108,50,359.108,1,7,15040,0x8ec94d562109fbba6ee072d39b55ff493e3eee2e740d5091c9b8af3187f5c09b,0xfc28471f676f23429c3963cbde4f0b9ed1731dc51cc96289d03de30a794fa479,98,true,true,"[{""faultId"":""fault-0"",""queryId"":""livebench-2026-08-25T01-46-44-989Z-0-fisco_endpoint_retry-17"",""nodeId"":""logistics_fisco"",""attempt"":1,""candidate"":""fisco-node-0"",""action"":""error""}]",
0,18,livebench-2026-08-25T01-46-44-989Z-0-fisco_endpoint_retry-18,fisco_endpoint_retry,ANCHORED,SATISFIED,559.895,44,515.895,1,7,15038,0x90947a3c4089bc5196657040ac31c6b8595d28a4f9cabaa3e4178cfa57cac97a,0x6c02c69290f4abb0e527728565b28f0ae4b75c21306b1697a1734d361d7a974a,99,true,true,"[{""faultId"":""fault-0"",""queryId"":""livebench-2026-08-25T01-46-44-989Z-0-fisco_endpoint_retry-18"",""nodeId"":""logistics_fisco"",""attempt"":1,""candidate"":""fisco-node-0"",""action"":""error""}]",
0,19,livebench-2026-08-25T01-46-44-989Z-0-fisco_endpoint_retry-19,fisco_endpoint_retry,ANCHORED,SATISFIED,502.594,65,437.594,1,7,15040,0x48f2997eb967c22fa50e662f9ac6c949b50d5d4eea4c470bf94789c55b229436,0x590be94be7870805278baa2efa17e0d82470c0fa7177d1b0af234c364409ced1,100,true,true,"[{""faultId"":""fault-0"",""queryId"":""livebench-2026-08-25T01-46-44-989Z-0-fisco_endpoint_retry-19"",""nodeId"":""logistics_fisco"",""attempt"":1,""candidate"":""fisco-node-0"",""action"":""error""}]",
0,0,livebench-2026-08-25T01-46-44-989Z-0-semantic_service_timeout-0,semantic_service_timeout,ANCHORED,SATISFIED,502.609,267,235.609,1,7,15166,0x9c07f83f0ccf1d6b28dde557169c53f25cfea458e6ec1b1f752cc99ba84ed797,0x76a5c95bc11b3a65d32300fdbe9b3ebec174c59d11e639aa6187b0a0860fb736,101,true,true,"[{""faultId"":""fault-0"",""queryId"":""livebench-2026-08-25T01-46-44-989Z-0-semantic_service_timeout-0"",""nodeId"":""quality_semantic"",""attempt"":1,""candidate"":""local-semantic-a"",""action"":""timeout""}]",
0,1,livebench-2026-08-25T01-46-44-989Z-0-semantic_service_timeout-1,semantic_service_timeout,ANCHORED,SATISFIED,602.712,267,335.712,1,7,15166,0x291d61e0dde8d33c19a47777b85c791471b34a8473187e01063d8ad7a9b7bd1f,0xd1b837f691b7221b80284e068eee8cba707190832a4a22dd1729ecfba2601300,102,true,true,"[{""faultId"":""fault-0"",""queryId"":""livebench-2026-08-25T01-46-44-989Z-0-semantic_service_timeout-1"",""nodeId"":""quality_semantic"",""attempt"":1,""candidate"":""local-semantic-a"",""action"":""timeout""}]",
0,2,livebench-2026-08-25T01-46-44-989Z-0-semantic_service_timeout-2,semantic_service_timeout,ANCHORED,SATISFIED,499.073,265,234.073,1,7,15168,0xbbad3fecad55df67862004983ef75bb89a52814d29a7b7086f2cc8fcba53384a,0x981442d77e8ab1accc5973217e421abfb83e92192b1ac9489e599969afbd42b1,103,true,true,"[{""faultId"":""fault-0"",""queryId"":""livebench-2026-08-25T01-46-44-989Z-0-semantic_service_timeout-2"",""nodeId"":""quality_semantic"",""attempt"":1,""candidate"":""local-semantic-a"",""action"":""timeout""}]",
0,3,livebench-2026-08-25T01-46-44-989Z-0-semantic_service_timeout-3,semantic_service_timeout,ANCHORED,SATISFIED,528.508,268,260.508,1,7,15168,0x7c9789910c97a67502da36480b1f2efce291fa0db47adb4511bc191183d0881c,0x2cdb23f144388add705f84935d78b5138d461b9fd1472ee56ae1e322eb414973,104,true,true,"[{""faultId"":""fault-0"",""queryId"":""livebench-2026-08-25T01-46-44-989Z-0-semantic_service_timeout-3"",""nodeId"":""quality_semantic"",""attempt"":1,""candidate"":""local-semantic-a"",""action"":""timeout""}]",
0,4,livebench-2026-08-25T01-46-44-989Z-0-semantic_service_timeout-4,semantic_service_timeout,ANCHORED,SATISFIED,530.398,268,262.398,1,7,15168,0x4116be7e60a45188a5925c7e70408df3486d805ce4c62171baa8cfd2c0fdfcba,0xdfbcf5f174ff072f26000bf725b1775c6cfd1be3af653560b4161f9cff984cb9,105,true,true,"[{""faultId"":""fault-0"",""queryId"":""livebench-2026-08-25T01-46-44-989Z-0-semantic_service_timeout-4"",""nodeId"":""quality_semantic"",""attempt"":1,""candidate"":""local-semantic-a"",""action"":""timeout""}]",
0,5,livebench-2026-08-25T01-46-44-989Z-0-semantic_service_timeout-5,semantic_service_timeout,ANCHORED,SATISFIED,502.254,268,234.254,1,7,15168,0x5a95c4057444571670540d3469e0de4a0f8be57e41ea7d8f19a0ca1562440a4a,0xc680c7472c347538c85c153cdf2c933785c349e5d692948af20f39d894e87241,106,true,true,"[{""faultId"":""fault-0"",""queryId"":""livebench-2026-08-25T01-46-44-989Z-0-semantic_service_timeout-5"",""nodeId"":""quality_semantic"",""attempt"":1,""candidate"":""local-semantic-a"",""action"":""timeout""}]",
0,6,livebench-2026-08-25T01-46-44-989Z-0-semantic_service_timeout-6,semantic_service_timeout,ANCHORED,SATISFIED,561.408,265,296.408,1,7,15168,0xcfbf7800d536919c56c835c7091a2816fa06ed80ad36a7ee2324e740a142a908,0x9b0f8b1ea343515babe51b775823151a8ad05318de50ba2e04ac7497975bfdec,107,true,true,"[{""faultId"":""fault-0"",""queryId"":""livebench-2026-08-25T01-46-44-989Z-0-semantic_service_timeout-6"",""nodeId"":""quality_semantic"",""attempt"":1,""candidate"":""local-semantic-a"",""action"":""timeout""}]",
0,7,livebench-2026-08-25T01-46-44-989Z-0-semantic_service_timeout-7,semantic_service_timeout,ANCHORED,SATISFIED,477.296,281,196.296,1,7,15058,0xab013274d3c091950d72507bec4b66b187ac0e669f4dc4fb9c94a2dfa5a2943c,0x69467db494c0fbd7c3e53ec04db2a3c3727942aed588afbbf4026095f52dada2,108,true,true,"[{""faultId"":""fault-0"",""queryId"":""livebench-2026-08-25T01-46-44-989Z-0-semantic_service_timeout-7"",""nodeId"":""quality_semantic"",""attempt"":1,""candidate"":""local-semantic-a"",""action"":""timeout""}]",
0,8,livebench-2026-08-25T01-46-44-989Z-0-semantic_service_timeout-8,semantic_service_timeout,ANCHORED,SATISFIED,505.269,268,237.269,1,7,15166,0x150ad83a81c16454c01b9dac61069358e78c94696896a27db9594618eecf5175,0xd2af9da9de98b2de5c1f9649409311590b6b24b8e31971a431ae0ff5c7edf3f0,109,true,true,"[{""faultId"":""fault-0"",""queryId"":""livebench-2026-08-25T01-46-44-989Z-0-semantic_service_timeout-8"",""nodeId"":""quality_semantic"",""attempt"":1,""candidate"":""local-semantic-a"",""action"":""timeout""}]",
0,9,livebench-2026-08-25T01-46-44-989Z-0-semantic_service_timeout-9,semantic_service_timeout,ANCHORED,SATISFIED,518.231,271,247.231,1,7,15168,0xf115b2d7790c8f2f5acfb361f07ba91220fce523d07ab857677c19c2941b2089,0xf2e0245e02a560e3d302feb8ed985636f95e6e8364c7c152a37f124ed29a104f,110,true,true,"[{""faultId"":""fault-0"",""queryId"":""livebench-2026-08-25T01-46-44-989Z-0-semantic_service_timeout-9"",""nodeId"":""quality_semantic"",""attempt"":1,""candidate"":""local-semantic-a"",""action"":""timeout""}]",
0,10,livebench-2026-08-25T01-46-44-989Z-0-semantic_service_timeout-10,semantic_service_timeout,ANCHORED,SATISFIED,521.091,268,253.091,1,7,15174,0x703a0c1daf69730fbe0d50a64b35552b512746f856f29dd645b833cd0eaa9639,0x43e5adf23ee3ad79638e2014a41074b7e1ac6d638bcedc74d42d1a121b53203b,111,true,true,"[{""faultId"":""fault-0"",""queryId"":""livebench-2026-08-25T01-46-44-989Z-0-semantic_service_timeout-10"",""nodeId"":""quality_semantic"",""attempt"":1,""candidate"":""local-semantic-a"",""action"":""timeout""}]",
0,11,livebench-2026-08-25T01-46-44-989Z-0-semantic_service_timeout-11,semantic_service_timeout,ANCHORED,SATISFIED,483.309,271,212.309,1,7,15174,0x41be35e735b54862d29b1e7340e29a18a5421141b0ff11a48c54884689db9191,0x49941b7b10937d207fc3cb48b899b60d31f990f9344678f4fae32c8555a67a85,112,true,true,"[{""faultId"":""fault-0"",""queryId"":""livebench-2026-08-25T01-46-44-989Z-0-semantic_service_timeout-11"",""nodeId"":""quality_semantic"",""attempt"":1,""candidate"":""local-semantic-a"",""action"":""timeout""}]",
0,12,livebench-2026-08-25T01-46-44-989Z-0-semantic_service_timeout-12,semantic_service_timeout,ANCHORED,SATISFIED,624.098,267,357.098,1,7,15172,0x228f5a6f5c0c401df8ad4debfce2e9a96fbf57a1bdcbfdc15556e8dbabda50ca,0x2ac2094db9d76b8aae8d5cb98095024478989ada9d46d55f6cc398ec28a84aa5,113,true,true,"[{""faultId"":""fault-0"",""queryId"":""livebench-2026-08-25T01-46-44-989Z-0-semantic_service_timeout-12"",""nodeId"":""quality_semantic"",""attempt"":1,""candidate"":""local-semantic-a"",""action"":""timeout""}]",
0,13,livebench-2026-08-25T01-46-44-989Z-0-semantic_service_timeout-13,semantic_service_timeout,ANCHORED,SATISFIED,500.213,261,239.213,1,7,15172,0x2e34c77125a0e4410da8705c00ffb8d02b8276dde54cb3f1d735b36cdaa1078c,0xa6755a16769ffeb85fa3ffd6d7c39e0cfcc4079e316867335c5c039f1fb00e5c,114,true,true,"[{""faultId"":""fault-0"",""queryId"":""livebench-2026-08-25T01-46-44-989Z-0-semantic_service_timeout-13"",""nodeId"":""quality_semantic"",""attempt"":1,""candidate"":""local-semantic-a"",""action"":""timeout""}]",
0,14,livebench-2026-08-25T01-46-44-989Z-0-semantic_service_timeout-14,semantic_service_timeout,ANCHORED,SATISFIED,531.054,265,266.054,1,7,15172,0xb60851429a2fd9eaab3fcf8f8a1308f631b48e205c6e49af41dc31409438c886,0x972e2ca7c76f56a0fd5aa69cfd8b3b209b6933aaf0a4bddd4e71b552b6408178,115,true,true,"[{""faultId"":""fault-0"",""queryId"":""livebench-2026-08-25T01-46-44-989Z-0-semantic_service_timeout-14"",""nodeId"":""quality_semantic"",""attempt"":1,""candidate"":""local-semantic-a"",""action"":""timeout""}]",
0,15,livebench-2026-08-25T01-46-44-989Z-0-semantic_service_timeout-15,semantic_service_timeout,ANCHORED,SATISFIED,500.553,260,240.553,1,7,15174,0x2640e54df7b7c58f98a5980977e972cfbd489fd2ff2c9a8730374e9e82260bcd,0xd22d2b9fbb048aa11cff3c69cc9829ea4872db694a71bb8a694403e0fcab60b8,116,true,true,"[{""faultId"":""fault-0"",""queryId"":""livebench-2026-08-25T01-46-44-989Z-0-semantic_service_timeout-15"",""nodeId"":""quality_semantic"",""attempt"":1,""candidate"":""local-semantic-a"",""action"":""timeout""}]",
0,16,livebench-2026-08-25T01-46-44-989Z-0-semantic_service_timeout-16,semantic_service_timeout,ANCHORED,SATISFIED,504.535,265,239.535,1,7,15172,0x0273732b6b6a8e11e8cf08b1b0e5a9dd3e8eb98192f7fc38fdd067a916a7b5f9,0x526e681a51c27ecbd91b5860610bfb9a7353ab7fbf8f7d1adc1fe00b78578eec,117,true,true,"[{""faultId"":""fault-0"",""queryId"":""livebench-2026-08-25T01-46-44-989Z-0-semantic_service_timeout-16"",""nodeId"":""quality_semantic"",""attempt"":1,""candidate"":""local-semantic-a"",""action"":""timeout""}]",
0,17,livebench-2026-08-25T01-46-44-989Z-0-semantic_service_timeout-17,semantic_service_timeout,ANCHORED,SATISFIED,501.143,267,234.143,1,7,15174,0x93fa017fdbd025118bbe23a6b200cea2a51f53780df41a8de79ccf3a5c73293f,0x0a895fb31430aa8bb111c7fd6798b7a87487ef351fd8141f05b020c962946767,118,true,true,"[{""faultId"":""fault-0"",""queryId"":""livebench-2026-08-25T01-46-44-989Z-0-semantic_service_timeout-17"",""nodeId"":""quality_semantic"",""attempt"":1,""candidate"":""local-semantic-a"",""action"":""timeout""}]",
0,18,livebench-2026-08-25T01-46-44-989Z-0-semantic_service_timeout-18,semantic_service_timeout,ANCHORED,SATISFIED,504.734,268,236.734,1,7,15172,0xc768ff86f00af614fe4db2d7857b85a6d11e87fc6cb109f46b521995fb359018,0x9989cd429b096058bd4a559260dce9c6836afaf1e7abb2fc2616f914715211e1,119,true,true,"[{""faultId"":""fault-0"",""queryId"":""livebench-2026-08-25T01-46-44-989Z-0-semantic_service_timeout-18"",""nodeId"":""quality_semantic"",""attempt"":1,""candidate"":""local-semantic-a"",""action"":""timeout""}]",
0,19,livebench-2026-08-25T01-46-44-989Z-0-semantic_service_timeout-19,semantic_service_timeout,ANCHORED,SATISFIED,511.968,268,243.968,1,7,15172,0xc70c7a875a4d97d1193a1218069b7c2577652e839442c47422c344a0f4a18f80,0x84e897eacce640a21ab42fb3be8e201e54f7e2835ca6dc751e27ca7cf9fd194e,120,true,true,"[{""faultId"":""fault-0"",""queryId"":""livebench-2026-08-25T01-46-44-989Z-0-semantic_service_timeout-19"",""nodeId"":""quality_semantic"",""attempt"":1,""candidate"":""local-semantic-a"",""action"":""timeout""}]",
0,0,livebench-2026-08-25T01-46-44-989Z-0-fabric_endpoint_exhausted-0,fabric_endpoint_exhausted,FAILED,,496.32,27,469.32,1,7,13348,0x62b4d0b1f8780dd94b4137b669adb6036b70d8bda0ac26910d75252a67f7c05b,0x16cf599c2cffc8bce4bfe2eea1d184c836dd7a187fd592efce1d14c9ce91c124,121,true,true,"[{""faultId"":""fault-0"",""queryId"":""livebench-2026-08-25T01-46-44-989Z-0-fabric_endpoint_exhausted-0"",""nodeId"":""order_fabric"",""attempt"":1,""candidate"":""fabric-peer-0"",""action"":""error""},{""faultId"":""fault-1"",""queryId"":""livebench-2026-08-25T01-46-44-989Z-0-fabric_endpoint_exhausted-0"",""nodeId"":""order_fabric"",""attempt"":2,""candidate"":""fabric-peer-1"",""action"":""error""}]",
0,1,livebench-2026-08-25T01-46-44-989Z-0-fabric_endpoint_exhausted-1,fabric_endpoint_exhausted,FAILED,,618.786,30,588.786,1,7,13348,0xe19076e8038421a579eeb2acc57476ee7c9c2ed8e90b52e21b5104000e14b967,0xbf6ac1b67fcd379c4dcddb2fae31b2d578b61a4805119f8e6de93f9e794ff68d,122,true,true,"[{""faultId"":""fault-0"",""queryId"":""livebench-2026-08-25T01-46-44-989Z-0-fabric_endpoint_exhausted-1"",""nodeId"":""order_fabric"",""attempt"":1,""candidate"":""fabric-peer-0"",""action"":""error""},{""faultId"":""fault-1"",""queryId"":""livebench-2026-08-25T01-46-44-989Z-0-fabric_endpoint_exhausted-1"",""nodeId"":""order_fabric"",""attempt"":2,""candidate"":""fabric-peer-1"",""action"":""error""}]",
0,2,livebench-2026-08-25T01-46-44-989Z-0-fabric_endpoint_exhausted-2,fabric_endpoint_exhausted,FAILED,,521.335,36,485.335,1,7,13348,0xd585984f9e6a8990c29ca419eb8eb3e5279379212f4fe1af80a68d231881c39d,0x35a05d197cde18ca1598856a1502dc5046c7e0e88a1da81a6b5b230f7f027134,123,true,true,"[{""faultId"":""fault-0"",""queryId"":""livebench-2026-08-25T01-46-44-989Z-0-fabric_endpoint_exhausted-2"",""nodeId"":""order_fabric"",""attempt"":1,""candidate"":""fabric-peer-0"",""action"":""error""},{""faultId"":""fault-1"",""queryId"":""livebench-2026-08-25T01-46-44-989Z-0-fabric_endpoint_exhausted-2"",""nodeId"":""order_fabric"",""attempt"":2,""candidate"":""fabric-peer-1"",""action"":""error""}]",
0,3,livebench-2026-08-25T01-46-44-989Z-0-fabric_endpoint_exhausted-3,fabric_endpoint_exhausted,FAILED,,493.638,43,450.638,1,7,13348,0x970c21df0c8ba780fbc6eca67955c1565158ddc109951f06aa18fa1e1e364fed,0x85b110b2a49fd1c2c7f415b418c1b0b55a589667a8345598b507a1a59f2bc179,124,true,true,"[{""faultId"":""fault-0"",""queryId"":""livebench-2026-08-25T01-46-44-989Z-0-fabric_endpoint_exhausted-3"",""nodeId"":""order_fabric"",""attempt"":1,""candidate"":""fabric-peer-0"",""action"":""error""},{""faultId"":""fault-1"",""queryId"":""livebench-2026-08-25T01-46-44-989Z-0-fabric_endpoint_exhausted-3"",""nodeId"":""order_fabric"",""attempt"":2,""candidate"":""fabric-peer-1"",""action"":""error""}]",
0,4,livebench-2026-08-25T01-46-44-989Z-0-fabric_endpoint_exhausted-4,fabric_endpoint_exhausted,FAILED,,517.361,34,483.361,1,7,13348,0x6c6055284cfa9dfffe38c97927693fcc4d6b02d7ab3ad08781de07777cdadc8e,0x912701d29bded898ed2909e18da6c573fc4e077aa3c67198c01b26b5e3652927,125,true,true,"[{""faultId"":""fault-0"",""queryId"":""livebench-2026-08-25T01-46-44-989Z-0-fabric_endpoint_exhausted-4"",""nodeId"":""order_fabric"",""attempt"":1,""candidate"":""fabric-peer-0"",""action"":""error""},{""faultId"":""fault-1"",""queryId"":""livebench-2026-08-25T01-46-44-989Z-0-fabric_endpoint_exhausted-4"",""nodeId"":""order_fabric"",""attempt"":2,""candidate"":""fabric-peer-1"",""action"":""error""}]",
0,5,livebench-2026-08-25T01-46-44-989Z-0-fabric_endpoint_exhausted-5,fabric_endpoint_exhausted,FAILED,,591.215,40,551.215,1,7,13348,0xff05a53280756fbebed637b48af89eb62d50ba6d5107dba59c6dd7a2d7711071,0x92433233f467ef7f1326ac95bfc38e175f8a38241ff371528a607d28ada57571,126,true,true,"[{""faultId"":""fault-0"",""queryId"":""livebench-2026-08-25T01-46-44-989Z-0-fabric_endpoint_exhausted-5"",""nodeId"":""order_fabric"",""attempt"":1,""candidate"":""fabric-peer-0"",""action"":""error""},{""faultId"":""fault-1"",""queryId"":""livebench-2026-08-25T01-46-44-989Z-0-fabric_endpoint_exhausted-5"",""nodeId"":""order_fabric"",""attempt"":2,""candidate"":""fabric-peer-1"",""action"":""error""}]",
0,6,livebench-2026-08-25T01-46-44-989Z-0-fabric_endpoint_exhausted-6,fabric_endpoint_exhausted,FAILED,,414.406,42,372.406,1,7,13348,0x1f671b2426eb768951abebaee6688644bda20d7caf8c30e859668c11020096a7,0x3af1a1801be160ab7d5dc774bdbcae4968279ccbc14fef5c9eeae00820212738,127,true,true,"[{""faultId"":""fault-0"",""queryId"":""livebench-2026-08-25T01-46-44-989Z-0-fabric_endpoint_exhausted-6"",""nodeId"":""order_fabric"",""attempt"":1,""candidate"":""fabric-peer-0"",""action"":""error""},{""faultId"":""fault-1"",""queryId"":""livebench-2026-08-25T01-46-44-989Z-0-fabric_endpoint_exhausted-6"",""nodeId"":""order_fabric"",""attempt"":2,""candidate"":""fabric-peer-1"",""action"":""error""}]",
0,7,livebench-2026-08-25T01-46-44-989Z-0-fabric_endpoint_exhausted-7,fabric_endpoint_exhausted,FAILED,,501.766,35,466.766,1,7,13348,0xf0433b5f0fb1186ad835d71dc376adf6e1d96b5a2a6210307bee923cfa7c6aed,0x9f045ef993927d8d88fe8ce05f6cf009e571f2419cef2b2b45b37195331a1657,128,true,true,"[{""faultId"":""fault-0"",""queryId"":""livebench-2026-08-25T01-46-44-989Z-0-fabric_endpoint_exhausted-7"",""nodeId"":""order_fabric"",""attempt"":1,""candidate"":""fabric-peer-0"",""action"":""error""},{""faultId"":""fault-1"",""queryId"":""livebench-2026-08-25T01-46-44-989Z-0-fabric_endpoint_exhausted-7"",""nodeId"":""order_fabric"",""attempt"":2,""candidate"":""fabric-peer-1"",""action"":""error""}]",
0,8,livebench-2026-08-25T01-46-44-989Z-0-fabric_endpoint_exhausted-8,fabric_endpoint_exhausted,FAILED,,500.717,31,469.717,1,7,13348,0xb0357b36022474fa3a7126d1364f5e76ba4a919da8c3f13d11347f9b2f6a7d2b,0x2e06ef326e88ef3b5eafbfd72ee3a184438ce981c475f4041e2b01f08b6aef0a,129,true,true,"[{""faultId"":""fault-0"",""queryId"":""livebench-2026-08-25T01-46-44-989Z-0-fabric_endpoint_exhausted-8"",""nodeId"":""order_fabric"",""attempt"":1,""candidate"":""fabric-peer-0"",""action"":""error""},{""faultId"":""fault-1"",""queryId"":""livebench-2026-08-25T01-46-44-989Z-0-fabric_endpoint_exhausted-8"",""nodeId"":""order_fabric"",""attempt"":2,""candidate"":""fabric-peer-1"",""action"":""error""}]",
0,9,livebench-2026-08-25T01-46-44-989Z-0-fabric_endpoint_exhausted-9,fabric_endpoint_exhausted,FAILED,,525.988,26,499.988,1,7,13348,0x0877e0a48ea7d62cbd6624038c257ee55094c2b80daeaeed28a578c2be40bfa7,0xa663e43784cbc28625179c1780a4f1a4fb0c2a22057a6ef50c2d739ccdb56fb2,130,true,true,"[{""faultId"":""fault-0"",""queryId"":""livebench-2026-08-25T01-46-44-989Z-0-fabric_endpoint_exhausted-9"",""nodeId"":""order_fabric"",""attempt"":1,""candidate"":""fabric-peer-0"",""action"":""error""},{""faultId"":""fault-1"",""queryId"":""livebench-2026-08-25T01-46-44-989Z-0-fabric_endpoint_exhausted-9"",""nodeId"":""order_fabric"",""attempt"":2,""candidate"":""fabric-peer-1"",""action"":""error""}]",
0,10,livebench-2026-08-25T01-46-44-989Z-0-fabric_endpoint_exhausted-10,fabric_endpoint_exhausted,FAILED,,518.454,50,468.454,1,7,13353,0x60692c22734e1aa1cf1ceb614f7a70299daed29c7afcabe2aaff34158fb9d8c4,0x5fd7541771518064f01b6ffcdcef34c906621761213da11324e81a4c9e71586c,131,true,true,"[{""faultId"":""fault-0"",""queryId"":""livebench-2026-08-25T01-46-44-989Z-0-fabric_endpoint_exhausted-10"",""nodeId"":""order_fabric"",""attempt"":1,""candidate"":""fabric-peer-0"",""action"":""error""},{""faultId"":""fault-1"",""queryId"":""livebench-2026-08-25T01-46-44-989Z-0-fabric_endpoint_exhausted-10"",""nodeId"":""order_fabric"",""attempt"":2,""candidate"":""fabric-peer-1"",""action"":""error""}]",
0,11,livebench-2026-08-25T01-46-44-989Z-0-fabric_endpoint_exhausted-11,fabric_endpoint_exhausted,FAILED,,504.718,30,474.718,1,7,13353,0x5f0846f829a9806d1f938d1b54da95b1f2b7fae622e4810b6ea5a237d8b1571a,0xcd89ea14c8fc2d3eb5837ee98e53d73618e8bb5cdaa4fdb208a2c5751b598e09,132,true,true,"[{""faultId"":""fault-0"",""queryId"":""livebench-2026-08-25T01-46-44-989Z-0-fabric_endpoint_exhausted-11"",""nodeId"":""order_fabric"",""attempt"":1,""candidate"":""fabric-peer-0"",""action"":""error""},{""faultId"":""fault-1"",""queryId"":""livebench-2026-08-25T01-46-44-989Z-0-fabric_endpoint_exhausted-11"",""nodeId"":""order_fabric"",""attempt"":2,""candidate"":""fabric-peer-1"",""action"":""error""}]",
0,12,livebench-2026-08-25T01-46-44-989Z-0-fabric_endpoint_exhausted-12,fabric_endpoint_exhausted,FAILED,,509.655,35,474.655,1,7,13353,0xf7425422e92b85ff8d6b7bdc8238eee58e1359c550b58460e4e259d4e0929bc8,0xd532f9ae0a9d3eb265e9e7c53467763808f4fc4cf14b650a9e45369c95989374,133,true,true,"[{""faultId"":""fault-0"",""queryId"":""livebench-2026-08-25T01-46-44-989Z-0-fabric_endpoint_exhausted-12"",""nodeId"":""order_fabric"",""attempt"":1,""candidate"":""fabric-peer-0"",""action"":""error""},{""faultId"":""fault-1"",""queryId"":""livebench-2026-08-25T01-46-44-989Z-0-fabric_endpoint_exhausted-12"",""nodeId"":""order_fabric"",""attempt"":2,""candidate"":""fabric-peer-1"",""action"":""error""}]",
0,13,livebench-2026-08-25T01-46-44-989Z-0-fabric_endpoint_exhausted-13,fabric_endpoint_exhausted,FAILED,,500.253,32,468.253,1,7,13353,0x095ec5211bfd7fcf22069b028a4764dd03d0a6702ef33cd43ec9775ecee80b78,0xac6b3d293f8f52247e564ef303941cec7b44743aa1f52b783313b597073b47a7,134,true,true,"[{""faultId"":""fault-0"",""queryId"":""livebench-2026-08-25T01-46-44-989Z-0-fabric_endpoint_exhausted-13"",""nodeId"":""order_fabric"",""attempt"":1,""candidate"":""fabric-peer-0"",""action"":""error""},{""faultId"":""fault-1"",""queryId"":""livebench-2026-08-25T01-46-44-989Z-0-fabric_endpoint_exhausted-13"",""nodeId"":""order_fabric"",""attempt"":2,""candidate"":""fabric-peer-1"",""action"":""error""}]",
0,14,livebench-2026-08-25T01-46-44-989Z-0-fabric_endpoint_exhausted-14,fabric_endpoint_exhausted,FAILED,,492.529,29,463.529,1,7,13353,0xc41b519f83caf403db92f22360d5cfe4a7901c88e5170f1808e59aa2fd0b6a61,0x89f553fce805222b39489fc0cd21cafccd9a2fe3a1df4bb74d3dc8828369f66a,135,true,true,"[{""faultId"":""fault-0"",""queryId"":""livebench-2026-08-25T01-46-44-989Z-0-fabric_endpoint_exhausted-14"",""nodeId"":""order_fabric"",""attempt"":1,""candidate"":""fabric-peer-0"",""action"":""error""},{""faultId"":""fault-1"",""queryId"":""livebench-2026-08-25T01-46-44-989Z-0-fabric_endpoint_exhausted-14"",""nodeId"":""order_fabric"",""attempt"":2,""candidate"":""fabric-peer-1"",""action"":""error""}]",
0,15,livebench-2026-08-25T01-46-44-989Z-0-fabric_endpoint_exhausted-15,fabric_endpoint_exhausted,FAILED,,502.164,30,472.164,1,7,13353,0x89d9b32927e8080d5c7e8f5fd14abf0cb1dc930d5b651c87cd5e79e05c46b178,0xb7155679aeda48b49ebf9a863841f1f1f7c861e8d3962a766e03c8b0dd1c01e4,136,true,true,"[{""faultId"":""fault-0"",""queryId"":""livebench-2026-08-25T01-46-44-989Z-0-fabric_endpoint_exhausted-15"",""nodeId"":""order_fabric"",""attempt"":1,""candidate"":""fabric-peer-0"",""action"":""error""},{""faultId"":""fault-1"",""queryId"":""livebench-2026-08-25T01-46-44-989Z-0-fabric_endpoint_exhausted-15"",""nodeId"":""order_fabric"",""attempt"":2,""candidate"":""fabric-peer-1"",""action"":""error""}]",
0,16,livebench-2026-08-25T01-46-44-989Z-0-fabric_endpoint_exhausted-16,fabric_endpoint_exhausted,FAILED,,506.462,29,477.462,1,7,13353,0x49b016f614f161ffc16518a231fda98e2b8f5a8878832fd37db5f514a1d0fd86,0x3b1d834520f0e51799a57a97c553c9da5ce73200f430eea81d30fe2b1e32ac25,137,true,true,"[{""faultId"":""fault-0"",""queryId"":""livebench-2026-08-25T01-46-44-989Z-0-fabric_endpoint_exhausted-16"",""nodeId"":""order_fabric"",""attempt"":1,""candidate"":""fabric-peer-0"",""action"":""error""},{""faultId"":""fault-1"",""queryId"":""livebench-2026-08-25T01-46-44-989Z-0-fabric_endpoint_exhausted-16"",""nodeId"":""order_fabric"",""attempt"":2,""candidate"":""fabric-peer-1"",""action"":""error""}]",
0,17,livebench-2026-08-25T01-46-44-989Z-0-fabric_endpoint_exhausted-17,fabric_endpoint_exhausted,FAILED,,510.557,34,476.557,1,7,13353,0xb50a00b3018bf0f3633f2c18c5288e39eab20a25d490d8287513eb88e1323a8e,0x92ba7528dc864b62e8e4ac4c1f0cf1a859bcbe12b003b3b011ac28c55fb3c4ba,138,true,true,"[{""faultId"":""fault-0"",""queryId"":""livebench-2026-08-25T01-46-44-989Z-0-fabric_endpoint_exhausted-17"",""nodeId"":""order_fabric"",""attempt"":1,""candidate"":""fabric-peer-0"",""action"":""error""},{""faultId"":""fault-1"",""queryId"":""livebench-2026-08-25T01-46-44-989Z-0-fabric_endpoint_exhausted-17"",""nodeId"":""order_fabric"",""attempt"":2,""candidate"":""fabric-peer-1"",""action"":""error""}]",
0,18,livebench-2026-08-25T01-46-44-989Z-0-fabric_endpoint_exhausted-18,fabric_endpoint_exhausted,FAILED,,613.433,36,577.433,1,7,13353,0x8e87cecc1f575765f4db550cd9959070fd7798eac67546eab28d5061a5f7e958,0x01aadfe0ebb1728341ac1214e7ca5fe866245e0f8036e8693ccdd7cb86131397,139,true,true,"[{""faultId"":""fault-0"",""queryId"":""livebench-2026-08-25T01-46-44-989Z-0-fabric_endpoint_exhausted-18"",""nodeId"":""order_fabric"",""attempt"":1,""candidate"":""fabric-peer-0"",""action"":""error""},{""faultId"":""fault-1"",""queryId"":""livebench-2026-08-25T01-46-44-989Z-0-fabric_endpoint_exhausted-18"",""nodeId"":""order_fabric"",""attempt"":2,""candidate"":""fabric-peer-1"",""action"":""error""}]",
0,19,livebench-2026-08-25T01-46-44-989Z-0-fabric_endpoint_exhausted-19,fabric_endpoint_exhausted,FAILED,,506.438,31,475.438,1,7,13353,0xa377486a91b6c5c47a272fc4ef0535cd59e26f914cd5308d3c555fa779faca91,0xc2b09d073cac12bcdd48d64df60841fe14371fe70cbd9d0ca678a21d5a5150f4,140,true,true,"[{""faultId"":""fault-0"",""queryId"":""livebench-2026-08-25T01-46-44-989Z-0-fabric_endpoint_exhausted-19"",""nodeId"":""order_fabric"",""attempt"":1,""candidate"":""fabric-peer-0"",""action"":""error""},{""faultId"":""fault-1"",""queryId"":""livebench-2026-08-25T01-46-44-989Z-0-fabric_endpoint_exhausted-19"",""nodeId"":""order_fabric"",""attempt"":2,""candidate"":""fabric-peer-1"",""action"":""error""}]",
0,0,livebench-2026-08-25T01-46-44-989Z-0-semantic_disagreement-0,semantic_disagreement,INSUFFICIENT_EVIDENCE,INSUFFICIENT,501.193,43,458.193,1,7,14653,0xf08c2b52874c45fe05489c0c4a2c0ff118b4541226c1406d2f6d575363c2c6de,0xc4ef7681874a3e1a19095f36d6f6635296be9563177e20bd12b95f3be941fae0,141,true,true,"[{""faultId"":""fault-0"",""queryId"":""livebench-2026-08-25T01-46-44-989Z-0-semantic_disagreement-0"",""nodeId"":""quality_semantic"",""attempt"":1,""candidate"":""local-semantic-a"",""action"":""mutate""},{""faultId"":""fault-1"",""queryId"":""livebench-2026-08-25T01-46-44-989Z-0-semantic_disagreement-0"",""nodeId"":""quality_semantic"",""attempt"":2,""candidate"":""local-semantic-b"",""action"":""mutate""}]",
0,1,livebench-2026-08-25T01-46-44-989Z-0-semantic_disagreement-1,semantic_disagreement,INSUFFICIENT_EVIDENCE,INSUFFICIENT,509.664,36,473.664,1,7,14651,0x1601445744e142b7a7fe0ee885f5ee7d8189d485c01f44fc37c5f12460b0ef1d,0xeb2dcefb476c74792c2bf660fc4654e01a0d9308053790030d5eee62e792a6b9,142,true,true,"[{""faultId"":""fault-0"",""queryId"":""livebench-2026-08-25T01-46-44-989Z-0-semantic_disagreement-1"",""nodeId"":""quality_semantic"",""attempt"":1,""candidate"":""local-semantic-a"",""action"":""mutate""},{""faultId"":""fault-1"",""queryId"":""livebench-2026-08-25T01-46-44-989Z-0-semantic_disagreement-1"",""nodeId"":""quality_semantic"",""attempt"":2,""candidate"":""local-semantic-b"",""action"":""mutate""}]",
0,2,livebench-2026-08-25T01-46-44-989Z-0-semantic_disagreement-2,semantic_disagreement,INSUFFICIENT_EVIDENCE,INSUFFICIENT,498.521,47,451.521,1,7,14653,0x7029782a2a9a73c8c56503d18b94745d163ecc401f32a0f968f664626f3b2af5,0x253f08dac269f5e1963b8cfc8f40e956dacfccf75c9f7096eba15195954f55a8,143,true,true,"[{""faultId"":""fault-0"",""queryId"":""livebench-2026-08-25T01-46-44-989Z-0-semantic_disagreement-2"",""nodeId"":""quality_semantic"",""attempt"":1,""candidate"":""local-semantic-a"",""action"":""mutate""},{""faultId"":""fault-1"",""queryId"":""livebench-2026-08-25T01-46-44-989Z-0-semantic_disagreement-2"",""nodeId"":""quality_semantic"",""attempt"":2,""candidate"":""local-semantic-b"",""action"":""mutate""}]",
0,3,livebench-2026-08-25T01-46-44-989Z-0-semantic_disagreement-3,semantic_disagreement,INSUFFICIENT_EVIDENCE,INSUFFICIENT,512.979,41,471.979,1,7,14653,0xb36efdad4b870d3289fa7a1450c5af5280404239d794a51c86591d5f73c10d0e,0x245eedbbf912d456f2db133ad723e7e8f900a22a6ad4cf01a68607f10d17c1f5,144,true,true,"[{""faultId"":""fault-0"",""queryId"":""livebench-2026-08-25T01-46-44-989Z-0-semantic_disagreement-3"",""nodeId"":""quality_semantic"",""attempt"":1,""candidate"":""local-semantic-a"",""action"":""mutate""},{""faultId"":""fault-1"",""queryId"":""livebench-2026-08-25T01-46-44-989Z-0-semantic_disagreement-3"",""nodeId"":""quality_semantic"",""attempt"":2,""candidate"":""local-semantic-b"",""action"":""mutate""}]",
0,4,livebench-2026-08-25T01-46-44-989Z-0-semantic_disagreement-4,semantic_disagreement,INSUFFICIENT_EVIDENCE,INSUFFICIENT,501.872,43,458.872,1,7,14653,0x184a174e3eb1fc02b2eb3f85131428ee9ad5fa5540f4ed771457bcdc0c205840,0x3735f65b842c876dd7244de8876c8098cc0b47aa913937863a7855b34dd93340,145,true,true,"[{""faultId"":""fault-0"",""queryId"":""livebench-2026-08-25T01-46-44-989Z-0-semantic_disagreement-4"",""nodeId"":""quality_semantic"",""attempt"":1,""candidate"":""local-semantic-a"",""action"":""mutate""},{""faultId"":""fault-1"",""queryId"":""livebench-2026-08-25T01-46-44-989Z-0-semantic_disagreement-4"",""nodeId"":""quality_semantic"",""attempt"":2,""candidate"":""local-semantic-b"",""action"":""mutate""}]",
0,5,livebench-2026-08-25T01-46-44-989Z-0-semantic_disagreement-5,semantic_disagreement,INSUFFICIENT_EVIDENCE,INSUFFICIENT,525.161,50,475.161,1,7,14653,0x566901167e7993d82b69af434af226a399eb90ba8545cebcef686cb98f26bb88,0x23e7f6509dd3ed2c3b82e53e7bb53d0c0335f2f62cea98b64762f67e788cba95,146,true,true,"[{""faultId"":""fault-0"",""queryId"":""livebench-2026-08-25T01-46-44-989Z-0-semantic_disagreement-5"",""nodeId"":""quality_semantic"",""attempt"":1,""candidate"":""local-semantic-a"",""action"":""mutate""},{""faultId"":""fault-1"",""queryId"":""livebench-2026-08-25T01-46-44-989Z-0-semantic_disagreement-5"",""nodeId"":""quality_semantic"",""attempt"":2,""candidate"":""local-semantic-b"",""action"":""mutate""}]",
0,6,livebench-2026-08-25T01-46-44-989Z-0-semantic_disagreement-6,semantic_disagreement,INSUFFICIENT_EVIDENCE,INSUFFICIENT,520.796,43,477.796,1,7,14653,0x2eb56b46fe76b95b8c474d0be15a8bdab57a6924e9fc2db44118c96a6aaf1da5,0x8968be91070ba9eef2c35d5667a78a1d9d955acbb156ec2df1f0f30fcb476118,147,true,true,"[{""faultId"":""fault-0"",""queryId"":""livebench-2026-08-25T01-46-44-989Z-0-semantic_disagreement-6"",""nodeId"":""quality_semantic"",""attempt"":1,""candidate"":""local-semantic-a"",""action"":""mutate""},{""faultId"":""fault-1"",""queryId"":""livebench-2026-08-25T01-46-44-989Z-0-semantic_disagreement-6"",""nodeId"":""quality_semantic"",""attempt"":2,""candidate"":""local-semantic-b"",""action"":""mutate""}]",
0,7,livebench-2026-08-25T01-46-44-989Z-0-semantic_disagreement-7,semantic_disagreement,INSUFFICIENT_EVIDENCE,INSUFFICIENT,499.407,45,454.407,1,7,14651,0x809d6f5b686d227b3ed0ac0c2e87f48ff04a135ce475eec82dfeb45475d99777,0x0713fbd6ead5b407bd3512c66b44b806f20cefcea5ccb58d8c4e7f293f9dbce4,148,true,true,"[{""faultId"":""fault-0"",""queryId"":""livebench-2026-08-25T01-46-44-989Z-0-semantic_disagreement-7"",""nodeId"":""quality_semantic"",""attempt"":1,""candidate"":""local-semantic-a"",""action"":""mutate""},{""faultId"":""fault-1"",""queryId"":""livebench-2026-08-25T01-46-44-989Z-0-semantic_disagreement-7"",""nodeId"":""quality_semantic"",""attempt"":2,""candidate"":""local-semantic-b"",""action"":""mutate""}]",
0,8,livebench-2026-08-25T01-46-44-989Z-0-semantic_disagreement-8,semantic_disagreement,INSUFFICIENT_EVIDENCE,INSUFFICIENT,499.678,45,454.678,1,7,14651,0xddc0309a4ea0f7ca431ebb40430d53cc96b8b9d7cbfa0f7caaaf424b93545eaf,0xcefe4ebeae189d3244722cf421e35f9a700b7e676d7aefcd34547a14ccc4452e,149,true,true,"[{""faultId"":""fault-0"",""queryId"":""livebench-2026-08-25T01-46-44-989Z-0-semantic_disagreement-8"",""nodeId"":""quality_semantic"",""attempt"":1,""candidate"":""local-semantic-a"",""action"":""mutate""},{""faultId"":""fault-1"",""queryId"":""livebench-2026-08-25T01-46-44-989Z-0-semantic_disagreement-8"",""nodeId"":""quality_semantic"",""attempt"":2,""candidate"":""local-semantic-b"",""action"":""mutate""}]",
0,9,livebench-2026-08-25T01-46-44-989Z-0-semantic_disagreement-9,semantic_disagreement,INSUFFICIENT_EVIDENCE,INSUFFICIENT,507.076,39,468.076,1,7,14653,0x629d29845b849d5e6177d15590c1100d415b991e5c9974b4bacccd59139eaa8f,0xb8079d10286aceccb86c5447f68f7b5bf4d8066571cbee6eb2d97708f2e7a841,150,true,true,"[{""faultId"":""fault-0"",""queryId"":""livebench-2026-08-25T01-46-44-989Z-0-semantic_disagreement-9"",""nodeId"":""quality_semantic"",""attempt"":1,""candidate"":""local-semantic-a"",""action"":""mutate""},{""faultId"":""fault-1"",""queryId"":""livebench-2026-08-25T01-46-44-989Z-0-semantic_disagreement-9"",""nodeId"":""quality_semantic"",""attempt"":2,""candidate"":""local-semantic-b"",""action"":""mutate""}]",
0,10,livebench-2026-08-25T01-46-44-989Z-0-semantic_disagreement-10,semantic_disagreement,INSUFFICIENT_EVIDENCE,INSUFFICIENT,502.493,39,463.493,1,7,14658,0xed0363e2087dc2d5925834392d3fb5f5a166f983ca4551b5e5047da07ef9cf43,0xff6799e4699c8f88d6a7f030f4dfc38cd15211144c9d805e35cd4c235cea044c,151,true,true,"[{""faultId"":""fault-0"",""queryId"":""livebench-2026-08-25T01-46-44-989Z-0-semantic_disagreement-10"",""nodeId"":""quality_semantic"",""attempt"":1,""candidate"":""local-semantic-a"",""action"":""mutate""},{""faultId"":""fault-1"",""queryId"":""livebench-2026-08-25T01-46-44-989Z-0-semantic_disagreement-10"",""nodeId"":""quality_semantic"",""attempt"":2,""candidate"":""local-semantic-b"",""action"":""mutate""}]",
0,11,livebench-2026-08-25T01-46-44-989Z-0-semantic_disagreement-11,semantic_disagreement,INSUFFICIENT_EVIDENCE,INSUFFICIENT,508.185,39,469.185,1,7,14656,0x36979dc77c35a360072801056b4399d210fbcfb6b15d16a1628a69bfac528f01,0xb0fd8955fdcbf5a0dbe18edf36fce1b704548792a23bedefb69fdc3bcc43d005,152,true,true,"[{""faultId"":""fault-0"",""queryId"":""livebench-2026-08-25T01-46-44-989Z-0-semantic_disagreement-11"",""nodeId"":""quality_semantic"",""attempt"":1,""candidate"":""local-semantic-a"",""action"":""mutate""},{""faultId"":""fault-1"",""queryId"":""livebench-2026-08-25T01-46-44-989Z-0-semantic_disagreement-11"",""nodeId"":""quality_semantic"",""attempt"":2,""candidate"":""local-semantic-b"",""action"":""mutate""}]",
0,12,livebench-2026-08-25T01-46-44-989Z-0-semantic_disagreement-12,semantic_disagreement,INSUFFICIENT_EVIDENCE,INSUFFICIENT,503.641,39,464.641,1,7,14658,0x0fdd7401391ad5ae0e78011a411ad9763a3fa41a36d0c98a0eecfa899c33f31c,0x4e1f6e4153739bb175131a3b32aa4f57d4cd4c0dd897663055d3863796bc5cf1,153,true,true,"[{""faultId"":""fault-0"",""queryId"":""livebench-2026-08-25T01-46-44-989Z-0-semantic_disagreement-12"",""nodeId"":""quality_semantic"",""attempt"":1,""candidate"":""local-semantic-a"",""action"":""mutate""},{""faultId"":""fault-1"",""queryId"":""livebench-2026-08-25T01-46-44-989Z-0-semantic_disagreement-12"",""nodeId"":""quality_semantic"",""attempt"":2,""candidate"":""local-semantic-b"",""action"":""mutate""}]",
0,13,livebench-2026-08-25T01-46-44-989Z-0-semantic_disagreement-13,semantic_disagreement,INSUFFICIENT_EVIDENCE,INSUFFICIENT,554.878,36,518.878,1,7,14656,0x83359d84919ece4d098e266e043fc63fc36dbf7881dd7d0f783b201b150d8313,0xbe90d1a56ed81d2a56cdeefba42cf1eda459fcf55f2fe07a4c57d5d132ce1d8a,154,true,true,"[{""faultId"":""fault-0"",""queryId"":""livebench-2026-08-25T01-46-44-989Z-0-semantic_disagreement-13"",""nodeId"":""quality_semantic"",""attempt"":1,""candidate"":""local-semantic-a"",""action"":""mutate""},{""faultId"":""fault-1"",""queryId"":""livebench-2026-08-25T01-46-44-989Z-0-semantic_disagreement-13"",""nodeId"":""quality_semantic"",""attempt"":2,""candidate"":""local-semantic-b"",""action"":""mutate""}]",
0,14,livebench-2026-08-25T01-46-44-989Z-0-semantic_disagreement-14,semantic_disagreement,INSUFFICIENT_EVIDENCE,INSUFFICIENT,516.584,56,460.584,1,7,14658,0x2eb07bd528ea5e3f3552d790c7b6a693ec1d0c4411c0bf54fedb8f38268a27d7,0xd11e2c95353c979084b185eb1a1de7ede31db252fb13245acaadf81a326e0ad8,155,true,true,"[{""faultId"":""fault-0"",""queryId"":""livebench-2026-08-25T01-46-44-989Z-0-semantic_disagreement-14"",""nodeId"":""quality_semantic"",""attempt"":1,""candidate"":""local-semantic-a"",""action"":""mutate""},{""faultId"":""fault-1"",""queryId"":""livebench-2026-08-25T01-46-44-989Z-0-semantic_disagreement-14"",""nodeId"":""quality_semantic"",""attempt"":2,""candidate"":""local-semantic-b"",""action"":""mutate""}]",
0,15,livebench-2026-08-25T01-46-44-989Z-0-semantic_disagreement-15,semantic_disagreement,INSUFFICIENT_EVIDENCE,INSUFFICIENT,524.193,66,458.193,1,7,14656,0x908348dc72fea428f2724f9a73965bdec4fa00d24651531a0a5098d0994e459d,0xf6a38536ad183e3cec48606dffa084cc07a72ae3967a9b57f2e780e8dc7d8a38,156,true,true,"[{""faultId"":""fault-0"",""queryId"":""livebench-2026-08-25T01-46-44-989Z-0-semantic_disagreement-15"",""nodeId"":""quality_semantic"",""attempt"":1,""candidate"":""local-semantic-a"",""action"":""mutate""},{""faultId"":""fault-1"",""queryId"":""livebench-2026-08-25T01-46-44-989Z-0-semantic_disagreement-15"",""nodeId"":""quality_semantic"",""attempt"":2,""candidate"":""local-semantic-b"",""action"":""mutate""}]",
0,16,livebench-2026-08-25T01-46-44-989Z-0-semantic_disagreement-16,semantic_disagreement,INSUFFICIENT_EVIDENCE,INSUFFICIENT,514.049,86,428.049,1,7,14658,0x0fe34bfbeeedd512b51a03c3adb1cd4d35b98d843f7428c86e9c7e24550eb24d,0x7681dd4d2e18b5bead457e221afa7ec64a93d87da387093279d95ae53b74aa98,157,true,true,"[{""faultId"":""fault-0"",""queryId"":""livebench-2026-08-25T01-46-44-989Z-0-semantic_disagreement-16"",""nodeId"":""quality_semantic"",""attempt"":1,""candidate"":""local-semantic-a"",""action"":""mutate""},{""faultId"":""fault-1"",""queryId"":""livebench-2026-08-25T01-46-44-989Z-0-semantic_disagreement-16"",""nodeId"":""quality_semantic"",""attempt"":2,""candidate"":""local-semantic-b"",""action"":""mutate""}]",
0,17,livebench-2026-08-25T01-46-44-989Z-0-semantic_disagreement-17,semantic_disagreement,INSUFFICIENT_EVIDENCE,INSUFFICIENT,572.061,50,522.061,1,7,14656,0x3d66f18fc565c15141af684297933c58ebca1a6b47516743bef032b486f24436,0x6fba64719840ba64d00ef4cef86a1d06833f50bd451d6001e65b86c2287bdb54,158,true,true,"[{""faultId"":""fault-0"",""queryId"":""livebench-2026-08-25T01-46-44-989Z-0-semantic_disagreement-17"",""nodeId"":""quality_semantic"",""attempt"":1,""candidate"":""local-semantic-a"",""action"":""mutate""},{""faultId"":""fault-1"",""queryId"":""livebench-2026-08-25T01-46-44-989Z-0-semantic_disagreement-17"",""nodeId"":""quality_semantic"",""attempt"":2,""candidate"":""local-semantic-b"",""action"":""mutate""}]",
0,18,livebench-2026-08-25T01-46-44-989Z-0-semantic_disagreement-18,semantic_disagreement,INSUFFICIENT_EVIDENCE,INSUFFICIENT,413.202,41,372.202,1,7,14656,0x66b25b0b61068e3027f09987d21c14fd58e8b6475c3807045f9357254273815f,0xdc73abbf2a2ef634d5d91fed1d9aefa1c226b40e2554fb0875b1b80e08597113,159,true,true,"[{""faultId"":""fault-0"",""queryId"":""livebench-2026-08-25T01-46-44-989Z-0-semantic_disagreement-18"",""nodeId"":""quality_semantic"",""attempt"":1,""candidate"":""local-semantic-a"",""action"":""mutate""},{""faultId"":""fault-1"",""queryId"":""livebench-2026-08-25T01-46-44-989Z-0-semantic_disagreement-18"",""nodeId"":""quality_semantic"",""attempt"":2,""candidate"":""local-semantic-b"",""action"":""mutate""}]",
0,19,livebench-2026-08-25T01-46-44-989Z-0-semantic_disagreement-19,semantic_disagreement,INSUFFICIENT_EVIDENCE,INSUFFICIENT,523.525,40,483.525,1,7,14656,0x44feefa2f30185dd8e7ea7b502c5a3cd342cf9696cf832367ded62cc96eaedeb,0x606d6e829a412437c3913d960685928c7f0cbd2195eaeb4a37214d6c8d4385dc,160,true,true,"[{""faultId"":""fault-0"",""queryId"":""livebench-2026-08-25T01-46-44-989Z-0-semantic_disagreement-19"",""nodeId"":""quality_semantic"",""attempt"":1,""candidate"":""local-semantic-a"",""action"":""mutate""},{""faultId"":""fault-1"",""queryId"":""livebench-2026-08-25T01-46-44-989Z-0-semantic_disagreement-19"",""nodeId"":""quality_semantic"",""attempt"":2,""candidate"":""local-semantic-b"",""action"":""mutate""}]",
1,0,livebench-2026-08-25T01-46-44-989Z-1-normal-0,normal,ANCHORED,SATISFIED,507.36,41,466.36,0,6,14486,0xd9fc3e57cc572f7521d3e6e9a65a3f2ca05ee59e43c1f6eaa728348b483b867f,0xc67a4d2ebfd732c7e480e3c0b8c17bfa0ecd50407c16dc00f87c2a3b3525e296,161,true,true,[],
1,1,livebench-2026-08-25T01-46-44-989Z-1-normal-1,normal,ANCHORED,SATISFIED,524.621,41,483.621,0,6,14484,0x83d42cc11841da9dd51bbdd5e11a186b5382340f58b05285f6f7b057042c5fdb,0x2e9d5c7b2dc386210ce55cd1e003dbd7b34b402ea3f577349b3fd19ff3579617,162,true,true,[],
1,2,livebench-2026-08-25T01-46-44-989Z-1-normal-2,normal,ANCHORED,SATISFIED,518.715,49,469.715,0,6,14486,0xa4f75418e2dcd52b7b58263e15bd2f8e105ef6bc0f56947b54f93dedb4ed38d9,0xa39b2aed01799a808ae940b11ff013a936e0a34027a9b92e4f552b4b66af5e84,163,true,true,[],
1,3,livebench-2026-08-25T01-46-44-989Z-1-normal-3,normal,ANCHORED,SATISFIED,521.538,46,475.538,0,6,14486,0xd958505d342b1f5085909bca8c67095ce48d6b49ca213433152343fe43da3bd4,0xfffa3fc3588f7411585d4124e9278c42b695ef7bbaa7a55d728f2f9516890991,164,true,true,[],
1,4,livebench-2026-08-25T01-46-44-989Z-1-normal-4,normal,ANCHORED,SATISFIED,527.528,72,455.528,0,6,14484,0xb79840d5bb0b19780d6f704806bb7718ef5a22370358b54fb2811d0f02a06fbd,0x160697ccf12cbf27e4165420cbea0a23789070905e39d24c991165ff86e0be76,165,true,true,[],
1,5,livebench-2026-08-25T01-46-44-989Z-1-normal-5,normal,ANCHORED,SATISFIED,463.983,52,411.983,0,6,14486,0x195e4a39ffe738f4c3cd79d58d061891af00d31019ac06bc8d0d2ef0259778af,0x4bb1797dd0ad3379d0bb00c1e8aa6ae74026bf3e1deaf868bc5a6d0c4f57ba2b,166,true,true,[],
1,6,livebench-2026-08-25T01-46-44-989Z-1-normal-6,normal,ANCHORED,SATISFIED,572.761,51,521.761,0,6,14484,0x854996f016380dfcdd1611ff9103430a63da443801558264fc3bf8f9fc6274cd,0x73bd611b80d544ad2d1b182bfe464f98256c44e83d5dc4811b14e209cc1a02a0,167,true,true,[],
1,7,livebench-2026-08-25T01-46-44-989Z-1-normal-7,normal,ANCHORED,SATISFIED,467.171,46,421.171,0,6,14486,0x02dfb0fac2e84402073b932d653c820e469c4b3ce0fdd1315618ba7e04238bfd,0xdce4112dd74bfb6d3f2be27fd9269351d6a3f7cbd9a7f9584ce19f3c54b2360d,168,true,true,[],
1,8,livebench-2026-08-25T01-46-44-989Z-1-normal-8,normal,ANCHORED,SATISFIED,517.093,43,474.093,0,6,14486,0x187c4799ae241c7ed19b4be54a23ed6cd146a2b1bcbb3d0eda18d1a7398f561b,0x56b3cac6f3f3be961d1fe03be67456a164de1ab30b4f03da7eb9afa928934796,169,true,true,[],
1,9,livebench-2026-08-25T01-46-44-989Z-1-normal-9,normal,ANCHORED,SATISFIED,498.041,50,448.041,0,6,14484,0x27a7fdbea546a08e67042b9860b111abe13c68e676d5cf7351e682cb2a52f131,0xfa7704d2c4b613518085a21f1e391442774a574b0dc0fadb8c31019a3a382678,170,true,true,[],
1,10,livebench-2026-08-25T01-46-44-989Z-1-normal-10,normal,ANCHORED,SATISFIED,546.536,52,494.536,0,6,14382,0x1a9fe322e08422f08561bbbcda85b6b56b382b6906f749ab44776712f2561d98,0x44f6f8b21396b94101a4dc337a776f44db8a651072e2833f80a703a99733fbff,171,true,true,[],
1,11,livebench-2026-08-25T01-46-44-989Z-1-normal-11,normal,ANCHORED,SATISFIED,503.302,47,456.302,0,6,14490,0x4df3e8c2e8c7d4e248f81bb20d9902551a07e8d8255a9a43f07796d485f17c20,0x335fbd26492a0a5c6f330da4e49436b1ed5a19aeaa238badf17a1b73edd0cf34,172,true,true,[],
1,12,livebench-2026-08-25T01-46-44-989Z-1-normal-12,normal,ANCHORED,SATISFIED,504.73,40,464.73,0,6,14490,0x1cfae09235f1ed12f756fb3b755ff9f9e8c84264fa5c4fa18b8aa6db3e3f2e7c,0x72a84d87a156fded3ed252b193006a05b4dcc2cc2b71cbe0ae68c85f76f33e3e,173,true,true,[],
1,13,livebench-2026-08-25T01-46-44-989Z-1-normal-13,normal,ANCHORED,SATISFIED,503.785,51,452.785,0,6,14492,0x4ad5bcb00a930112d96c918356625cec4554b4c5d5bb72817488255bcdc5ae54,0x7ab945dc52488e94fbfb7c15484ec90454eacdc84131f630be691c281aec85d2,174,true,true,[],
1,14,livebench-2026-08-25T01-46-44-989Z-1-normal-14,normal,ANCHORED,SATISFIED,504.747,48,456.747,0,6,14490,0x1f9b93ea5f9a4c7e8a58ab5b337f4a4f4d0f5138793fb591a9da86e85abf3716,0xf032fcf119c6e84b9aad47d8d053161de43a862925967b471384e84ce5588c37,175,true,true,[],
1,15,livebench-2026-08-25T01-46-44-989Z-1-normal-15,normal,ANCHORED,SATISFIED,505.521,42,463.521,0,6,14490,0xa56e93cd125d3c2821b4a06dd9ca10eff02e63c7793d73a04092dca9837eb734,0x3a81961e8458825895d4b08df994578e4040329c88ad27f6ea5224bc926cfdf4,176,true,true,[],
1,16,livebench-2026-08-25T01-46-44-989Z-1-normal-16,normal,ANCHORED,SATISFIED,488.939,35,453.939,0,6,14490,0xf9767291ad29461b579d4fbab56a3e615c745d141a1ca8004cea2895e1bc504a,0x665cb4917137cc0b5d6c754969a1e2dc0f736a20d6d4610ad6f2cb9569d3869e,177,true,true,[],
1,17,livebench-2026-08-25T01-46-44-989Z-1-normal-17,normal,ANCHORED,SATISFIED,536.363,43,493.363,0,6,14492,0x14a73289717a529e190aa8305777db75c7577a6e06e3f9d0db114d82e53ffbd1,0x055f8b217fca7028049fdf72b241cc98f7783723f10fec621213a3e6426276df,178,true,true,[],
1,18,livebench-2026-08-25T01-46-44-989Z-1-normal-18,normal,ANCHORED,SATISFIED,525.198,44,481.198,0,6,14492,0x5b051712ad115fdc281c1b49cf780da7431999eb3e6dbfa767bc66198346c149,0x904eb0c8f0f6d64c47d63ac897a8e9d76154486c6a771499140aafc86b353027,179,true,true,[],
1,19,livebench-2026-08-25T01-46-44-989Z-1-normal-19,normal,ANCHORED,SATISFIED,491.394,46,445.394,0,6,14492,0x8b2bbe7b22092d008727952352ae98f6345c5ca581e4cef9800e07e24d50b00f,0x96d4a8ff93d21b79e2604da50bb5a63b76af9aaae869258a3697136762d71c0a,180,true,true,[],
1,0,livebench-2026-08-25T01-46-44-989Z-1-fabric_endpoint_retry-0,fabric_endpoint_retry,ANCHORED,SATISFIED,542.774,44,498.774,1,7,15032,0x3508b920307d3d0224fa6b01ca8d0d0187e8b426321b2f9ba70a45f6c1e96731,0xe3ef9e5ef2436d88441cb64489d7f9775d3e4dbe8e21f22d01eb2b5b835b85f1,181,true,true,"[{""faultId"":""fault-0"",""queryId"":""livebench-2026-08-25T01-46-44-989Z-1-fabric_endpoint_retry-0"",""nodeId"":""order_fabric"",""attempt"":1,""candidate"":""fabric-peer-0"",""action"":""error""}]",
1,1,livebench-2026-08-25T01-46-44-989Z-1-fabric_endpoint_retry-1,fabric_endpoint_retry,ANCHORED,SATISFIED,553.219,45,508.219,1,7,15032,0x6dd77920f7b6575a8d1e451ad9f8afed6130eb6071e8a711055781d7a0559b5a,0xde3d3d9e7490f50167bfa8c4be2b342a50a785f6784a3d0f49c407ec2f99c9fc,182,true,true,"[{""faultId"":""fault-0"",""queryId"":""livebench-2026-08-25T01-46-44-989Z-1-fabric_endpoint_retry-1"",""nodeId"":""order_fabric"",""attempt"":1,""candidate"":""fabric-peer-0"",""action"":""error""}]",
1,2,livebench-2026-08-25T01-46-44-989Z-1-fabric_endpoint_retry-2,fabric_endpoint_retry,ANCHORED,SATISFIED,506.211,49,457.211,1,7,15032,0xb9f125ce786055c2872e6b463e1db46a3afc4410e9e72269c9cc44788e4c50ab,0xa9346441b81bf0a1dce25319f96f1134d077fc5fd04260a948e92c5fc58e8ae7,183,true,true,"[{""faultId"":""fault-0"",""queryId"":""livebench-2026-08-25T01-46-44-989Z-1-fabric_endpoint_retry-2"",""nodeId"":""order_fabric"",""attempt"":1,""candidate"":""fabric-peer-0"",""action"":""error""}]",
1,3,livebench-2026-08-25T01-46-44-989Z-1-fabric_endpoint_retry-3,fabric_endpoint_retry,ANCHORED,SATISFIED,531.668,45,486.668,1,7,15032,0x800396160e3db02f3c4b459151302af5f0796536098dbb1c1abfd4c3f75c19f1,0xa9d4e1d8402f485f82609248bc7dbb96b09b71e32fad8dcf86e4045d407da61d,184,true,true,"[{""faultId"":""fault-0"",""queryId"":""livebench-2026-08-25T01-46-44-989Z-1-fabric_endpoint_retry-3"",""nodeId"":""order_fabric"",""attempt"":1,""candidate"":""fabric-peer-0"",""action"":""error""}]",
1,4,livebench-2026-08-25T01-46-44-989Z-1-fabric_endpoint_retry-4,fabric_endpoint_retry,ANCHORED,SATISFIED,577.286,79,498.286,1,7,15034,0xec95afb0acc6fbb9c035bbbbcce95e7f9f02fdb66fb10fb7764f059e12bb271e,0xcdf7eb189625e15008f131f168aaa1187738f939b94a1595d64fe4e85f0c2137,185,true,true,"[{""faultId"":""fault-0"",""queryId"":""livebench-2026-08-25T01-46-44-989Z-1-fabric_endpoint_retry-4"",""nodeId"":""order_fabric"",""attempt"":1,""candidate"":""fabric-peer-0"",""action"":""error""}]",
1,5,livebench-2026-08-25T01-46-44-989Z-1-fabric_endpoint_retry-5,fabric_endpoint_retry,ANCHORED,SATISFIED,389.535,62,327.535,1,7,15032,0xb9310c354ccec3a3ee371ee8aa2da0590efb075cb75c5404a3eb23932f557b2e,0x0d071a8efa3ffcafe8171a54135bb470a215e9b2c01b7f6fb4a2839aca788b07,186,true,true,"[{""faultId"":""fault-0"",""queryId"":""livebench-2026-08-25T01-46-44-989Z-1-fabric_endpoint_retry-5"",""nodeId"":""order_fabric"",""attempt"":1,""candidate"":""fabric-peer-0"",""action"":""error""}]",
1,6,livebench-2026-08-25T01-46-44-989Z-1-fabric_endpoint_retry-6,fabric_endpoint_retry,ANCHORED,SATISFIED,542.309,50,492.309,1,7,15032,0x66d7ce4fe0c3db026d328d7b75c601c5bfbe368067e3240d7f43833738b6159f,0x4111c19d61f69bc1747f949d366ac75a032e4b7a9de709512744296e3f93dda6,187,true,true,"[{""faultId"":""fault-0"",""queryId"":""livebench-2026-08-25T01-46-44-989Z-1-fabric_endpoint_retry-6"",""nodeId"":""order_fabric"",""attempt"":1,""candidate"":""fabric-peer-0"",""action"":""error""}]",
1,7,livebench-2026-08-25T01-46-44-989Z-1-fabric_endpoint_retry-7,fabric_endpoint_retry,ANCHORED,SATISFIED,514.605,49,465.605,1,7,15032,0x83d8164867fd74288624c67a4a0115b5d86b46dd304b069e297a93264f573c36,0x472192e7b7ef3807212eb8d8650a3373fa958487a5f604200d6c142430c76399,188,true,true,"[{""faultId"":""fault-0"",""queryId"":""livebench-2026-08-25T01-46-44-989Z-1-fabric_endpoint_retry-7"",""nodeId"":""order_fabric"",""attempt"":1,""candidate"":""fabric-peer-0"",""action"":""error""}]",
1,8,livebench-2026-08-25T01-46-44-989Z-1-fabric_endpoint_retry-8,fabric_endpoint_retry,ANCHORED,SATISFIED,505.36,66,439.36,1,7,15032,0xa9a8d707f76689651e40dd3afab1a98714fca8836687d71a3400143b933f69f6,0x01cb169aaea60bba1ec0161d52172d105658721d788c604b73ee864e43b9158b,189,true,true,"[{""faultId"":""fault-0"",""queryId"":""livebench-2026-08-25T01-46-44-989Z-1-fabric_endpoint_retry-8"",""nodeId"":""order_fabric"",""attempt"":1,""candidate"":""fabric-peer-0"",""action"":""error""}]",
1,9,livebench-2026-08-25T01-46-44-989Z-1-fabric_endpoint_retry-9,fabric_endpoint_retry,ANCHORED,SATISFIED,501.983,46,455.983,1,7,15034,0x58858a8b1e143156664e5c3c3d67abf6907c8d7f743c00b0c054023afb4df284,0x826b7b2a729d7dbb02617c30e2962179753e35d9477eaed5a68ba852fa27c1ad,190,true,true,"[{""faultId"":""fault-0"",""queryId"":""livebench-2026-08-25T01-46-44-989Z-1-fabric_endpoint_retry-9"",""nodeId"":""order_fabric"",""attempt"":1,""candidate"":""fabric-peer-0"",""action"":""error""}]",
1,10,livebench-2026-08-25T01-46-44-989Z-1-fabric_endpoint_retry-10,fabric_endpoint_retry,ANCHORED,SATISFIED,499.884,39,460.884,1,7,15038,0xed2342c2cf3369c2e17da58dc37c367d6bee0d9396a85231171a9d7cab2a8ff8,0x8604f67a4f03be314952654804764e97f13e214f634b8db12fc37ffa7699d5ae,191,true,true,"[{""faultId"":""fault-0"",""queryId"":""livebench-2026-08-25T01-46-44-989Z-1-fabric_endpoint_retry-10"",""nodeId"":""order_fabric"",""attempt"":1,""candidate"":""fabric-peer-0"",""action"":""error""}]",
1,11,livebench-2026-08-25T01-46-44-989Z-1-fabric_endpoint_retry-11,fabric_endpoint_retry,ANCHORED,SATISFIED,501.216,65,436.216,1,7,15038,0x85ef732fa6fc3aeeb8f431a6c451ecd973bcd65713116f241fb82ff371843b0a,0xb3d6e1453cdc7e5af961126b86c8383781cbd38f4f1058ac99f0490aee347633,192,true,true,"[{""faultId"":""fault-0"",""queryId"":""livebench-2026-08-25T01-46-44-989Z-1-fabric_endpoint_retry-11"",""nodeId"":""order_fabric"",""attempt"":1,""candidate"":""fabric-peer-0"",""action"":""error""}]",
1,12,livebench-2026-08-25T01-46-44-989Z-1-fabric_endpoint_retry-12,fabric_endpoint_retry,ANCHORED,SATISFIED,505.203,34,471.203,1,7,15038,0xdeee4666eb435350337080739b29c592f17526a237556105a731670301b982c9,0x2cfa0daf3198bf86cd5f33eef617611aec155903d82dde7877499e2f16c7118f,193,true,true,"[{""faultId"":""fault-0"",""queryId"":""livebench-2026-08-25T01-46-44-989Z-1-fabric_endpoint_retry-12"",""nodeId"":""order_fabric"",""attempt"":1,""candidate"":""fabric-peer-0"",""action"":""error""}]",
1,13,livebench-2026-08-25T01-46-44-989Z-1-fabric_endpoint_retry-13,fabric_endpoint_retry,ANCHORED,SATISFIED,510.75,59,451.75,1,7,15038,0x650a0172ae6aca93e204db5f4aa5625b76a4485029a1bcd86e73092982462650,0x221ec42dd9ba8b99ab3a9bc08e9b581e5fedb445ebcec3c8987c2defe15d2eea,194,true,true,"[{""faultId"":""fault-0"",""queryId"":""livebench-2026-08-25T01-46-44-989Z-1-fabric_endpoint_retry-13"",""nodeId"":""order_fabric"",""attempt"":1,""candidate"":""fabric-peer-0"",""action"":""error""}]",
1,14,livebench-2026-08-25T01-46-44-989Z-1-fabric_endpoint_retry-14,fabric_endpoint_retry,ANCHORED,SATISFIED,506.313,42,464.313,1,7,15038,0x6a79fe8c3d7883e778cb5f93abb7e6bb0f971b6cc0af4da07b4e42c195456564,0x3c7cdf628b740b35966dedc2cbc8bcbd3861526b6844e2fb11dbf1213e052a31,195,true,true,"[{""faultId"":""fault-0"",""queryId"":""livebench-2026-08-25T01-46-44-989Z-1-fabric_endpoint_retry-14"",""nodeId"":""order_fabric"",""attempt"":1,""candidate"":""fabric-peer-0"",""action"":""error""}]",
1,15,livebench-2026-08-25T01-46-44-989Z-1-fabric_endpoint_retry-15,fabric_endpoint_retry,ANCHORED,SATISFIED,500.391,44,456.391,1,7,15038,0x07a41f4f096095e90f815836dd1fa3066f679e5341bd1c9bc9b622e65beef46d,0x5e23d2e628275defd112726f497da28f2ca5e9c8770dfe9aa4ecef8f4d12f7a3,196,true,true,"[{""faultId"":""fault-0"",""queryId"":""livebench-2026-08-25T01-46-44-989Z-1-fabric_endpoint_retry-15"",""nodeId"":""order_fabric"",""attempt"":1,""candidate"":""fabric-peer-0"",""action"":""error""}]",
1,16,livebench-2026-08-25T01-46-44-989Z-1-fabric_endpoint_retry-16,fabric_endpoint_retry,ANCHORED,SATISFIED,626.084,37,589.084,1,7,15038,0xee0c546c476f5990e9a9d5fb7a0282c303f35f112ed5834b313a9ac9cdb0b7eb,0x1cb3803f56ee4d5a558214dd82186f28f1a52a980fed113e13db2aaeaff3edd8,197,true,true,"[{""faultId"":""fault-0"",""queryId"":""livebench-2026-08-25T01-46-44-989Z-1-fabric_endpoint_retry-16"",""nodeId"":""order_fabric"",""attempt"":1,""candidate"":""fabric-peer-0"",""action"":""error""}]",
1,17,livebench-2026-08-25T01-46-44-989Z-1-fabric_endpoint_retry-17,fabric_endpoint_retry,ANCHORED,SATISFIED,479.8,44,435.8,1,7,15038,0x28d608b575afeec27f53a173cbaef661fc63d929e6feceaa98393179359ea1e2,0xdf3251f0a5ab346ea9e9e93af61b4f05b71d8700c11255a4bc9296959c1259bf,198,true,true,"[{""faultId"":""fault-0"",""queryId"":""livebench-2026-08-25T01-46-44-989Z-1-fabric_endpoint_retry-17"",""nodeId"":""order_fabric"",""attempt"":1,""candidate"":""fabric-peer-0"",""action"":""error""}]",
1,18,livebench-2026-08-25T01-46-44-989Z-1-fabric_endpoint_retry-18,fabric_endpoint_retry,ANCHORED,SATISFIED,395.755,38,357.755,1,7,15038,0xc3e41cf0c26219b4961b6ee93dc64bcc3cefbe72f1eb38004a37a3875352628f,0xbf57c552d823c99bd0edab3f5890e474f9548069a3e892a7e09a9b37c055fc9d,199,true,true,"[{""faultId"":""fault-0"",""queryId"":""livebench-2026-08-25T01-46-44-989Z-1-fabric_endpoint_retry-18"",""nodeId"":""order_fabric"",""attempt"":1,""candidate"":""fabric-peer-0"",""action"":""error""}]",
1,19,livebench-2026-08-25T01-46-44-989Z-1-fabric_endpoint_retry-19,fabric_endpoint_retry,ANCHORED,SATISFIED,497.984,33,464.984,1,7,15038,0xf184f92caf110a178ed00ba7ce75cc34eb560082f96806ff06e0c05dfb437ebb,0x1150c60d4b22b9c7044aedf26c350db6e11e8f57216c9bc5dd6478c308c0c1b7,200,true,true,"[{""faultId"":""fault-0"",""queryId"":""livebench-2026-08-25T01-46-44-989Z-1-fabric_endpoint_retry-19"",""nodeId"":""order_fabric"",""attempt"":1,""candidate"":""fabric-peer-0"",""action"":""error""}]",
1,0,livebench-2026-08-25T01-46-44-989Z-1-fisco_endpoint_retry-0,fisco_endpoint_retry,ANCHORED,SATISFIED,526.902,57,469.902,1,7,15032,0xbc2ff8d352a8f83f600fbc94e7e56e11bb980cd52f97a14c43c0b9e62d0dfa2b,0xaf0e58317ef674be40f0c39810bf959ded72903d74bdffa1b1d2c72525461fac,201,true,true,"[{""faultId"":""fault-0"",""queryId"":""livebench-2026-08-25T01-46-44-989Z-1-fisco_endpoint_retry-0"",""nodeId"":""logistics_fisco"",""attempt"":1,""candidate"":""fisco-node-0"",""action"":""error""}]",
1,1,livebench-2026-08-25T01-46-44-989Z-1-fisco_endpoint_retry-1,fisco_endpoint_retry,ANCHORED,SATISFIED,523.389,49,474.389,1,7,15032,0x53fdd1a1754e255c4d46f077e5e8b774cc4624e0a1eb5ba6a8e81057e3c78c25,0x8d8633ebdcb2ecefe85efc377ed507c87c6098021795328ac52615a63b2e4519,202,true,true,"[{""faultId"":""fault-0"",""queryId"":""livebench-2026-08-25T01-46-44-989Z-1-fisco_endpoint_retry-1"",""nodeId"":""logistics_fisco"",""attempt"":1,""candidate"":""fisco-node-0"",""action"":""error""}]",
1,2,livebench-2026-08-25T01-46-44-989Z-1-fisco_endpoint_retry-2,fisco_endpoint_retry,ANCHORED,SATISFIED,508.624,42,466.624,1,7,15034,0xc1bfefa630682f65c4bc4fd95d9ebd258ddbd21271cc31df4ffc107381ad76df,0x03019711a4ecfe9abf2e25f9a0ce7db0b9b643e315a247c9efe52310c0ee25cd,203,true,true,"[{""faultId"":""fault-0"",""queryId"":""livebench-2026-08-25T01-46-44-989Z-1-fisco_endpoint_retry-2"",""nodeId"":""logistics_fisco"",""attempt"":1,""candidate"":""fisco-node-0"",""action"":""error""}]",
1,3,livebench-2026-08-25T01-46-44-989Z-1-fisco_endpoint_retry-3,fisco_endpoint_retry,ANCHORED,SATISFIED,542.825,45,497.825,1,7,15034,0xc276f04da277f99a8dedd9b2edcc28c98a9aea30c960cabafecc5eb15e3caa63,0xa96543fc7ed1d94b4b02d3cfb6cc846cdf20b1f1513508b7b782564a6a2ad2c5,204,true,true,"[{""faultId"":""fault-0"",""queryId"":""livebench-2026-08-25T01-46-44-989Z-1-fisco_endpoint_retry-3"",""nodeId"":""logistics_fisco"",""attempt"":1,""candidate"":""fisco-node-0"",""action"":""error""}]",
1,4,livebench-2026-08-25T01-46-44-989Z-1-fisco_endpoint_retry-4,fisco_endpoint_retry,ANCHORED,SATISFIED,509.544,49,460.544,1,7,15034,0x82229184ce7d8435860ccf257c570417f587f6ac0e40de6952dfce4f85c7dbca,0x541b56c4721157f03cb9b64d7f3a400bef5e4d99e8d1d7aae9e514d2548b1c5c,205,true,true,"[{""faultId"":""fault-0"",""queryId"":""livebench-2026-08-25T01-46-44-989Z-1-fisco_endpoint_retry-4"",""nodeId"":""logistics_fisco"",""attempt"":1,""candidate"":""fisco-node-0"",""action"":""error""}]",
1,5,livebench-2026-08-25T01-46-44-989Z-1-fisco_endpoint_retry-5,fisco_endpoint_retry,ANCHORED,SATISFIED,500.644,50,450.644,1,7,15032,0x1d11b001754d118406b47db1c9ee55402cf3024caf82fcce0f7597ec2de71761,0xd8d83484ea358629703e511108b29e744d6d4993d5adf643243b243510cd71ae,206,true,true,"[{""faultId"":""fault-0"",""queryId"":""livebench-2026-08-25T01-46-44-989Z-1-fisco_endpoint_retry-5"",""nodeId"":""logistics_fisco"",""attempt"":1,""candidate"":""fisco-node-0"",""action"":""error""}]",
1,6,livebench-2026-08-25T01-46-44-989Z-1-fisco_endpoint_retry-6,fisco_endpoint_retry,ANCHORED,SATISFIED,609.249,42,567.249,1,7,15034,0x9c7e0984d07e8156eb94d4b8da7ea47934a4b3e5b0c39d4d67fb5d33c2a8eded,0xcb78e7f1b28a70d35181e3228abddb22324e4cd2c83f4beb4081a9587722d98d,207,true,true,"[{""faultId"":""fault-0"",""queryId"":""livebench-2026-08-25T01-46-44-989Z-1-fisco_endpoint_retry-6"",""nodeId"":""logistics_fisco"",""attempt"":1,""candidate"":""fisco-node-0"",""action"":""error""}]",
1,7,livebench-2026-08-25T01-46-44-989Z-1-fisco_endpoint_retry-7,fisco_endpoint_retry,ANCHORED,SATISFIED,522.339,34,488.339,1,7,15032,0xfc38345611aa21f62bfd15355fbedab43bd7a12df2e8d6e8bf1b49cfbc777087,0xcbd6910d850e44a8c1deed06b1236e1429315f907fe001c94d311daa15f18498,208,true,true,"[{""faultId"":""fault-0"",""queryId"":""livebench-2026-08-25T01-46-44-989Z-1-fisco_endpoint_retry-7"",""nodeId"":""logistics_fisco"",""attempt"":1,""candidate"":""fisco-node-0"",""action"":""error""}]",
1,8,livebench-2026-08-25T01-46-44-989Z-1-fisco_endpoint_retry-8,fisco_endpoint_retry,ANCHORED,SATISFIED,505.954,41,464.954,1,7,15034,0xdff35223440676d5e145d8ecd34e0215091bab7fb2ffa117a95563a56403945a,0x4c04d1bdfaa7a12e31292d505c5d821a493b5f2573a89dae6cfc0fb8184a25e5,209,true,true,"[{""faultId"":""fault-0"",""queryId"":""livebench-2026-08-25T01-46-44-989Z-1-fisco_endpoint_retry-8"",""nodeId"":""logistics_fisco"",""attempt"":1,""candidate"":""fisco-node-0"",""action"":""error""}]",
1,9,livebench-2026-08-25T01-46-44-989Z-1-fisco_endpoint_retry-9,fisco_endpoint_retry,ANCHORED,SATISFIED,618.063,49,569.063,1,7,15032,0x174e6e7f1c026316fabdd7f1158c0e19b1e07e749563fb9adceee77d8c072050,0x244483aa268c6d214f154b503199f12f187769c30638821996406fdd81980241,210,true,true,"[{""faultId"":""fault-0"",""queryId"":""livebench-2026-08-25T01-46-44-989Z-1-fisco_endpoint_retry-9"",""nodeId"":""logistics_fisco"",""attempt"":1,""candidate"":""fisco-node-0"",""action"":""error""}]",
1,10,livebench-2026-08-25T01-46-44-989Z-1-fisco_endpoint_retry-10,fisco_endpoint_retry,ANCHORED,SATISFIED,507.076,44,463.076,1,7,15040,0xa92499890dae6fa3a9edce067877b9634ccc90037c29375c6fae6764fa341242,0x32d5873efb24b06fcf5316d8481c278a2aca14993787fd9065096d310aca40db,211,true,true,"[{""faultId"":""fault-0"",""queryId"":""livebench-2026-08-25T01-46-44-989Z-1-fisco_endpoint_retry-10"",""nodeId"":""logistics_fisco"",""attempt"":1,""candidate"":""fisco-node-0"",""action"":""error""}]",
1,11,livebench-2026-08-25T01-46-44-989Z-1-fisco_endpoint_retry-11,fisco_endpoint_retry,ANCHORED,SATISFIED,501.178,59,442.178,1,7,15040,0x53fb6318479024b9188f3dab8ea7c71930cd12f6d86cc9035b3361f58b889b99,0x9a8dbd9d927e31c1b6ea1e05f2c4f857e6fd092979e60d50e54df92eb559257b,212,true,true,"[{""faultId"":""fault-0"",""queryId"":""livebench-2026-08-25T01-46-44-989Z-1-fisco_endpoint_retry-11"",""nodeId"":""logistics_fisco"",""attempt"":1,""candidate"":""fisco-node-0"",""action"":""error""}]",
1,12,livebench-2026-08-25T01-46-44-989Z-1-fisco_endpoint_retry-12,fisco_endpoint_retry,ANCHORED,SATISFIED,498.374,47,451.374,1,7,15038,0x273434d83f5f49b9c87be74c682a2851d2144cb93da49a2de3ac316f90992455,0xdd73b6ffc569a3a0b43f1180455b8734991902224d00824662aada88da275719,213,true,true,"[{""faultId"":""fault-0"",""queryId"":""livebench-2026-08-25T01-46-44-989Z-1-fisco_endpoint_retry-12"",""nodeId"":""logistics_fisco"",""attempt"":1,""candidate"":""fisco-node-0"",""action"":""error""}]",
1,13,livebench-2026-08-25T01-46-44-989Z-1-fisco_endpoint_retry-13,fisco_endpoint_retry,ANCHORED,SATISFIED,501.181,48,453.181,1,7,15038,0x95ea7fedd4ffda217602d01af904f4a1366ab8b9771694f0f9aa771a555412a0,0x944f5d71e81b54ce75f498b606f4b50dcc0dc5a61267ca02386eaa4425f1c507,214,true,true,"[{""faultId"":""fault-0"",""queryId"":""livebench-2026-08-25T01-46-44-989Z-1-fisco_endpoint_retry-13"",""nodeId"":""logistics_fisco"",""attempt"":1,""candidate"":""fisco-node-0"",""action"":""error""}]",
1,14,livebench-2026-08-25T01-46-44-989Z-1-fisco_endpoint_retry-14,fisco_endpoint_retry,ANCHORED,SATISFIED,513.165,38,475.165,1,7,15038,0x6c77bb861a57023549dc811c36ddec83b8db234357eccd0ab2051e55d37c94c4,0xfc5e68f3c25dd169e3ff86e3b537ae388a342ceded94270baaceae815cf90f6e,215,true,true,"[{""faultId"":""fault-0"",""queryId"":""livebench-2026-08-25T01-46-44-989Z-1-fisco_endpoint_retry-14"",""nodeId"":""logistics_fisco"",""attempt"":1,""candidate"":""fisco-node-0"",""action"":""error""}]",
1,15,livebench-2026-08-25T01-46-44-989Z-1-fisco_endpoint_retry-15,fisco_endpoint_retry,ANCHORED,SATISFIED,494.285,51,443.285,1,7,15038,0x07466488af4ee9b9f9c1876e4fad6aeaa533a3b1a46f9baadf4e97d1cf59495c,0x82123fc6598435c0a246d8aa22b535355b6feda350c71c8e10331cd76192cb19,216,true,true,"[{""faultId"":""fault-0"",""queryId"":""livebench-2026-08-25T01-46-44-989Z-1-fisco_endpoint_retry-15"",""nodeId"":""logistics_fisco"",""attempt"":1,""candidate"":""fisco-node-0"",""action"":""error""}]",
1,16,livebench-2026-08-25T01-46-44-989Z-1-fisco_endpoint_retry-16,fisco_endpoint_retry,ANCHORED,SATISFIED,508.034,41,467.034,1,7,15038,0xe409e9b775f91308db6cf8a2ce4d90fc8b1deb6f99b448f8712b596344c0bb52,0x2c6fdfa73f40569bdc1d06fd99819a466ccdb5e866f45eb9c369eda25e2f1724,217,true,true,"[{""faultId"":""fault-0"",""queryId"":""livebench-2026-08-25T01-46-44-989Z-1-fisco_endpoint_retry-16"",""nodeId"":""logistics_fisco"",""attempt"":1,""candidate"":""fisco-node-0"",""action"":""error""}]",
1,17,livebench-2026-08-25T01-46-44-989Z-1-fisco_endpoint_retry-17,fisco_endpoint_retry,ANCHORED,SATISFIED,506.683,45,461.683,1,7,15038,0x3bc66d0c5a8125bba15ab5672ae021da2719c08fa1e5d7b43f8891acdb13c544,0x29b23aba98b00ebf00930ae39dab5957bf75923f811f42bb0167f56e892d0769,218,true,true,"[{""faultId"":""fault-0"",""queryId"":""livebench-2026-08-25T01-46-44-989Z-1-fisco_endpoint_retry-17"",""nodeId"":""logistics_fisco"",""attempt"":1,""candidate"":""fisco-node-0"",""action"":""error""}]",
1,18,livebench-2026-08-25T01-46-44-989Z-1-fisco_endpoint_retry-18,fisco_endpoint_retry,ANCHORED,SATISFIED,519.27,37,482.27,1,7,15038,0x2c1452220f88fb368661e0f16991ba65e88c5ac9ab50bebd710e5b4c6dc8572a,0xdb1ee40050368fbd7a058afdc979a94c48f62fd8cc254c2bedd2ef1f50645128,219,true,true,"[{""faultId"":""fault-0"",""queryId"":""livebench-2026-08-25T01-46-44-989Z-1-fisco_endpoint_retry-18"",""nodeId"":""logistics_fisco"",""attempt"":1,""candidate"":""fisco-node-0"",""action"":""error""}]",
1,19,livebench-2026-08-25T01-46-44-989Z-1-fisco_endpoint_retry-19,fisco_endpoint_retry,ANCHORED,SATISFIED,498.908,43,455.908,1,7,15040,0xc3cc9a1927155644f886fce67ae4e9fbf2b72736c2fe02f3630872c590d12ede,0x0a75a6fd4c4909c5bf9ecad764a6e4c662a6fb0676ea46672c2fb4db946aad9f,220,true,true,"[{""faultId"":""fault-0"",""queryId"":""livebench-2026-08-25T01-46-44-989Z-1-fisco_endpoint_retry-19"",""nodeId"":""logistics_fisco"",""attempt"":1,""candidate"":""fisco-node-0"",""action"":""error""}]",
1,0,livebench-2026-08-25T01-46-44-989Z-1-semantic_service_timeout-0,semantic_service_timeout,ANCHORED,SATISFIED,515.057,269,246.057,1,7,15166,0x7ad90011220526e7776f0adfc25e9cac7d334c2227864af7182affa5511c8333,0x8b37bbbb2650156040714a59f03da7e66ddfabc897965e96230e9b0fa371c2a8,221,true,true,"[{""faultId"":""fault-0"",""queryId"":""livebench-2026-08-25T01-46-44-989Z-1-semantic_service_timeout-0"",""nodeId"":""quality_semantic"",""attempt"":1,""candidate"":""local-semantic-a"",""action"":""timeout""}]",
1,1,livebench-2026-08-25T01-46-44-989Z-1-semantic_service_timeout-1,semantic_service_timeout,ANCHORED,SATISFIED,497.109,268,229.109,1,7,15168,0xe6e08060586f5c6ccee6719ab2ef56397fe59e56dbe18f944341bdbaa6da2d08,0xa5d898788c2f9761a8bcf032f1dec232a7951190a1b756f9974e4877432363ce,222,true,true,"[{""faultId"":""fault-0"",""queryId"":""livebench-2026-08-25T01-46-44-989Z-1-semantic_service_timeout-1"",""nodeId"":""quality_semantic"",""attempt"":1,""candidate"":""local-semantic-a"",""action"":""timeout""}]",
1,2,livebench-2026-08-25T01-46-44-989Z-1-semantic_service_timeout-2,semantic_service_timeout,ANCHORED,SATISFIED,568.411,267,301.411,1,7,15168,0xc1fe5722bbd39d7ffc626621316cef3cb8dc9d17a401ddcb9601a4e9f9825917,0x5e4cfe083f63577fd89d67de076bef28ea68bdf88c808d95e4eb0d813f55b501,223,true,true,"[{""faultId"":""fault-0"",""queryId"":""livebench-2026-08-25T01-46-44-989Z-1-semantic_service_timeout-2"",""nodeId"":""quality_semantic"",""attempt"":1,""candidate"":""local-semantic-a"",""action"":""timeout""}]",
1,3,livebench-2026-08-25T01-46-44-989Z-1-semantic_service_timeout-3,semantic_service_timeout,ANCHORED,SATISFIED,457.753,273,184.753,1,7,15168,0x0b1ac3ac9f0a9a5b7db7060631304bdf484d46a476c3a391c4014831ced5d9ba,0x775fe893cc15c487dbd95cdcce2e622e2b8096bc23c6fc8dcc9f8d459043924a,224,true,true,"[{""faultId"":""fault-0"",""queryId"":""livebench-2026-08-25T01-46-44-989Z-1-semantic_service_timeout-3"",""nodeId"":""quality_semantic"",""attempt"":1,""candidate"":""local-semantic-a"",""action"":""timeout""}]",
1,4,livebench-2026-08-25T01-46-44-989Z-1-semantic_service_timeout-4,semantic_service_timeout,ANCHORED,SATISFIED,495.035,272,223.035,1,7,15168,0x308f1febef30ec4aa4c88f238204af580f306375cfb46a00c3d5c9c3931012d7,0xcbb91007e5c2ecf7d25e03554d54b41580432f5fcf3d86b33a329b41be5fe02a,225,true,true,"[{""faultId"":""fault-0"",""queryId"":""livebench-2026-08-25T01-46-44-989Z-1-semantic_service_timeout-4"",""nodeId"":""quality_semantic"",""attempt"":1,""candidate"":""local-semantic-a"",""action"":""timeout""}]",
1,5,livebench-2026-08-25T01-46-44-989Z-1-semantic_service_timeout-5,semantic_service_timeout,ANCHORED,SATISFIED,619.387,269,350.387,1,7,15166,0x71cb992ab7dce58ff9a441f9482f4f7299b1d42f5863cfd5b70ba7fd22c78da6,0x80a31f187bd8c031a51943a931b17ad8ab75b3f690131169e1e97ea5ee3500b9,226,true,true,"[{""faultId"":""fault-0"",""queryId"":""livebench-2026-08-25T01-46-44-989Z-1-semantic_service_timeout-5"",""nodeId"":""quality_semantic"",""attempt"":1,""candidate"":""local-semantic-a"",""action"":""timeout""}]",
1,6,livebench-2026-08-25T01-46-44-989Z-1-semantic_service_timeout-6,semantic_service_timeout,ANCHORED,SATISFIED,530.471,265,265.471,1,7,15166,0xcf88af5512dd2667d314e1a733c633e8f9caf546e5fd6acb8328bdd9e93d75dc,0xc626a69cdb2b9d7f31fef8fc34a1de6931b1a3919a1aa8bae4110197aa709651,227,true,true,"[{""faultId"":""fault-0"",""queryId"":""livebench-2026-08-25T01-46-44-989Z-1-semantic_service_timeout-6"",""nodeId"":""quality_semantic"",""attempt"":1,""candidate"":""local-semantic-a"",""action"":""timeout""}]",
1,7,livebench-2026-08-25T01-46-44-989Z-1-semantic_service_timeout-7,semantic_service_timeout,ANCHORED,SATISFIED,501.161,266,235.161,1,7,15168,0x39333a16649e5ccd65a286b8fa78b4e57cca9150bf1a8b4432368dac7f62b614,0xfd8052c3d9bde2082b819f8ee1901100abda5d5482d7ca4e5bb36458ca72d810,228,true,true,"[{""faultId"":""fault-0"",""queryId"":""livebench-2026-08-25T01-46-44-989Z-1-semantic_service_timeout-7"",""nodeId"":""quality_semantic"",""attempt"":1,""candidate"":""local-semantic-a"",""action"":""timeout""}]",
1,8,livebench-2026-08-25T01-46-44-989Z-1-semantic_service_timeout-8,semantic_service_timeout,ANCHORED,SATISFIED,503.988,269,234.988,1,7,15166,0xf85aeab90d09d954222930b976bc5ef85fe173d84aa0b18060a04f7926448870,0xb697ac34143f44059196e256823286fd877f5bdaa5f110b9a34ec4685f821458,229,true,true,"[{""faultId"":""fault-0"",""queryId"":""livebench-2026-08-25T01-46-44-989Z-1-semantic_service_timeout-8"",""nodeId"":""quality_semantic"",""attempt"":1,""candidate"":""local-semantic-a"",""action"":""timeout""}]",
1,9,livebench-2026-08-25T01-46-44-989Z-1-semantic_service_timeout-9,semantic_service_timeout,ANCHORED,SATISFIED,502.941,267,235.941,1,7,15166,0x8aef8397e4ac3b54a7d6ce4dd23f901b8094ea3c270fe6236698c1ff399a749d,0xf8ed6fa83fae37673ad1915ba56018782b2f208613a0671fa0334f788822568a,230,true,true,"[{""faultId"":""fault-0"",""queryId"":""livebench-2026-08-25T01-46-44-989Z-1-semantic_service_timeout-9"",""nodeId"":""quality_semantic"",""attempt"":1,""candidate"":""local-semantic-a"",""action"":""timeout""}]",
1,10,livebench-2026-08-25T01-46-44-989Z-1-semantic_service_timeout-10,semantic_service_timeout,ANCHORED,SATISFIED,507.937,265,242.937,1,7,15174,0x8f7e97942c125317e09819a1ad5b44dd47ae1f827f2d503c0154f9975dd756a8,0x8b2276be46cf7a85326e0724aee920d0a2eac288d64b672744d46d32d81ef862,231,true,true,"[{""faultId"":""fault-0"",""queryId"":""livebench-2026-08-25T01-46-44-989Z-1-semantic_service_timeout-10"",""nodeId"":""quality_semantic"",""attempt"":1,""candidate"":""local-semantic-a"",""action"":""timeout""}]",
1,11,livebench-2026-08-25T01-46-44-989Z-1-semantic_service_timeout-11,semantic_service_timeout,ANCHORED,SATISFIED,512.543,265,247.543,1,7,15172,0x5509eac7c0b2e389341d68ec69ec59f87bd34d9a0e2c91e8f3694f9512562fc7,0x00743764121b08d6878ca8d0be73c50c92634f91302d1867ada2f3eaa9a59e00,232,true,true,"[{""faultId"":""fault-0"",""queryId"":""livebench-2026-08-25T01-46-44-989Z-1-semantic_service_timeout-11"",""nodeId"":""quality_semantic"",""attempt"":1,""candidate"":""local-semantic-a"",""action"":""timeout""}]",
1,12,livebench-2026-08-25T01-46-44-989Z-1-semantic_service_timeout-12,semantic_service_timeout,ANCHORED,SATISFIED,500.645,265,235.645,1,7,15174,0x409d5afa5c3c26f56661ba97e9221d7329909a7fc1d53d21458a08e0e250ed01,0x6a6a37d250ac15274be4faaa4fc332a07e2ed5108a597c823c7a5eec3fd66bf7,233,true,true,"[{""faultId"":""fault-0"",""queryId"":""livebench-2026-08-25T01-46-44-989Z-1-semantic_service_timeout-12"",""nodeId"":""quality_semantic"",""attempt"":1,""candidate"":""local-semantic-a"",""action"":""timeout""}]",
1,13,livebench-2026-08-25T01-46-44-989Z-1-semantic_service_timeout-13,semantic_service_timeout,ANCHORED,SATISFIED,609.094,274,335.094,1,7,15172,0xf5525824a8e8a374a96253f5daf62ee717ef39eb643735b85a9b4d1687392f69,0xaa6d0cbcbb034b649f6c3d351cc1c939d534f07506e500b2be869ea8c7e348f2,234,true,true,"[{""faultId"":""fault-0"",""queryId"":""livebench-2026-08-25T01-46-44-989Z-1-semantic_service_timeout-13"",""nodeId"":""quality_semantic"",""attempt"":1,""candidate"":""local-semantic-a"",""action"":""timeout""}]",
1,14,livebench-2026-08-25T01-46-44-989Z-1-semantic_service_timeout-14,semantic_service_timeout,ANCHORED,SATISFIED,399.266,260,139.266,1,7,15174,0x046d1af0d995ab5b04b3f4b6d373bcc99ce230d4890e95670a4398d1164be884,0xe8747b381b50dae0e0cd7a63988429ec1311ef89e6c856cfd61d0447ceaf6f83,235,true,true,"[{""faultId"":""fault-0"",""queryId"":""livebench-2026-08-25T01-46-44-989Z-1-semantic_service_timeout-14"",""nodeId"":""quality_semantic"",""attempt"":1,""candidate"":""local-semantic-a"",""action"":""timeout""}]",
1,15,livebench-2026-08-25T01-46-44-989Z-1-semantic_service_timeout-15,semantic_service_timeout,ANCHORED,SATISFIED,506.999,260,246.999,1,7,15172,0xd71d455ece7e6012bd021855143237301b1663775afd39140339e99e618b4555,0x413095e4f9b6fe41f9065123a096ff0b667cb517653984d672e540a7f4b2fd71,236,true,true,"[{""faultId"":""fault-0"",""queryId"":""livebench-2026-08-25T01-46-44-989Z-1-semantic_service_timeout-15"",""nodeId"":""quality_semantic"",""attempt"":1,""candidate"":""local-semantic-a"",""action"":""timeout""}]",
1,16,livebench-2026-08-25T01-46-44-989Z-1-semantic_service_timeout-16,semantic_service_timeout,ANCHORED,SATISFIED,499.967,266,233.967,1,7,15174,0xdcef1e0b74b6ac96fab364d26c0fd2434290117352a6df04b7f5e736961fe592,0x424b264f57b60ce4e68baf38b177a5b39fb78dc4308944918624abecf5f748cf,237,true,true,"[{""faultId"":""fault-0"",""queryId"":""livebench-2026-08-25T01-46-44-989Z-1-semantic_service_timeout-16"",""nodeId"":""quality_semantic"",""attempt"":1,""candidate"":""local-semantic-a"",""action"":""timeout""}]",
1,17,livebench-2026-08-25T01-46-44-989Z-1-semantic_service_timeout-17,semantic_service_timeout,ANCHORED,SATISFIED,530.589,260,270.589,1,7,15172,0x3e9c227c0a8efaf902a9151a99cad841f58c28d93295024249b11882c05a22a3,0x6faf44cf426519518543ca195e675d0f9f59d5566109da071b6618d6d4656c06,238,true,true,"[{""faultId"":""fault-0"",""queryId"":""livebench-2026-08-25T01-46-44-989Z-1-semantic_service_timeout-17"",""nodeId"":""quality_semantic"",""attempt"":1,""candidate"":""local-semantic-a"",""action"":""timeout""}]",
1,18,livebench-2026-08-25T01-46-44-989Z-1-semantic_service_timeout-18,semantic_service_timeout,ANCHORED,SATISFIED,521.751,262,259.751,1,7,15172,0x246de2674119723366578281740d127f71d188ad94557295b3bd616338cade9b,0x8d0514ff67b3f36598070e396f3c43a65ccae2b719fba61a91ee49a7246096e4,239,true,true,"[{""faultId"":""fault-0"",""queryId"":""livebench-2026-08-25T01-46-44-989Z-1-semantic_service_timeout-18"",""nodeId"":""quality_semantic"",""attempt"":1,""candidate"":""local-semantic-a"",""action"":""timeout""}]",
1,19,livebench-2026-08-25T01-46-44-989Z-1-semantic_service_timeout-19,semantic_service_timeout,ANCHORED,SATISFIED,525.171,268,257.171,1,7,15172,0xa660faa0dc5913f99536ca95578fd1f92b5d12b03f7cea98605f1c3f63186015,0x1aa4dbc80d347893908d67a87af41d0f90e13d52d4417b51a08fb4a53ba335df,240,true,true,"[{""faultId"":""fault-0"",""queryId"":""livebench-2026-08-25T01-46-44-989Z-1-semantic_service_timeout-19"",""nodeId"":""quality_semantic"",""attempt"":1,""candidate"":""local-semantic-a"",""action"":""timeout""}]",
1,0,livebench-2026-08-25T01-46-44-989Z-1-fabric_endpoint_exhausted-0,fabric_endpoint_exhausted,FAILED,,559.027,34,525.027,1,7,13348,0x477e6c062f26cb888217943d12ce49ab250377a4fb75dddc1e874cd91e458660,0xab20495e1a02a63da32f90afe7411c5a57f5933a16722bb1ca102d2d58b56ca2,241,true,true,"[{""faultId"":""fault-0"",""queryId"":""livebench-2026-08-25T01-46-44-989Z-1-fabric_endpoint_exhausted-0"",""nodeId"":""order_fabric"",""attempt"":1,""candidate"":""fabric-peer-0"",""action"":""error""},{""faultId"":""fault-1"",""queryId"":""livebench-2026-08-25T01-46-44-989Z-1-fabric_endpoint_exhausted-0"",""nodeId"":""order_fabric"",""attempt"":2,""candidate"":""fabric-peer-1"",""action"":""error""}]",
1,1,livebench-2026-08-25T01-46-44-989Z-1-fabric_endpoint_exhausted-1,fabric_endpoint_exhausted,FAILED,,484.953,36,448.953,1,7,13348,0x0fc392e5d336d4f267b040cf359bb5f4ebc399219d4d36e219e01940b7b6aee9,0x343e8b511f565a77a8142ef48e8c1b4d9cd19d6591c8b469f3943ab57a268328,242,true,true,"[{""faultId"":""fault-0"",""queryId"":""livebench-2026-08-25T01-46-44-989Z-1-fabric_endpoint_exhausted-1"",""nodeId"":""order_fabric"",""attempt"":1,""candidate"":""fabric-peer-0"",""action"":""error""},{""faultId"":""fault-1"",""queryId"":""livebench-2026-08-25T01-46-44-989Z-1-fabric_endpoint_exhausted-1"",""nodeId"":""order_fabric"",""attempt"":2,""candidate"":""fabric-peer-1"",""action"":""error""}]",
1,2,livebench-2026-08-25T01-46-44-989Z-1-fabric_endpoint_exhausted-2,fabric_endpoint_exhausted,FAILED,,602.149,34,568.149,1,7,13348,0xc6c9f549fe406e1dc430e897169ebcd173d8303da133d3bdc7004bd4fa0171e8,0x8f43b78519a0f9ba0cc7005583f64e47964ff4cc3b2a6b8ec19ff69a20b1ccf4,243,true,true,"[{""faultId"":""fault-0"",""queryId"":""livebench-2026-08-25T01-46-44-989Z-1-fabric_endpoint_exhausted-2"",""nodeId"":""order_fabric"",""attempt"":1,""candidate"":""fabric-peer-0"",""action"":""error""},{""faultId"":""fault-1"",""queryId"":""livebench-2026-08-25T01-46-44-989Z-1-fabric_endpoint_exhausted-2"",""nodeId"":""order_fabric"",""attempt"":2,""candidate"":""fabric-peer-1"",""action"":""error""}]",
1,3,livebench-2026-08-25T01-46-44-989Z-1-fabric_endpoint_exhausted-3,fabric_endpoint_exhausted,FAILED,,511.657,29,482.657,1,7,13348,0xe7e649a9c0fdde5bbbeac1a34fb9ce25870dd9afc8be70d52c9d06adab7c0505,0x591afd91663f77a538277f278d45430e8fdf3e11c93802e814fade39cea25e9e,244,true,true,"[{""faultId"":""fault-0"",""queryId"":""livebench-2026-08-25T01-46-44-989Z-1-fabric_endpoint_exhausted-3"",""nodeId"":""order_fabric"",""attempt"":1,""candidate"":""fabric-peer-0"",""action"":""error""},{""faultId"":""fault-1"",""queryId"":""livebench-2026-08-25T01-46-44-989Z-1-fabric_endpoint_exhausted-3"",""nodeId"":""order_fabric"",""attempt"":2,""candidate"":""fabric-peer-1"",""action"":""error""}]",
1,4,livebench-2026-08-25T01-46-44-989Z-1-fabric_endpoint_exhausted-4,fabric_endpoint_exhausted,FAILED,,501.513,37,464.513,1,7,13348,0x3914845c14ec0e2dbb6cdf081ab4dcc9f589557ee1e04867a48a5bc2b402243a,0x28c897a974424b01d0bdbb3a5d0f8571e5f7cf957d58003746b6d38b6bd63575,245,true,true,"[{""faultId"":""fault-0"",""queryId"":""livebench-2026-08-25T01-46-44-989Z-1-fabric_endpoint_exhausted-4"",""nodeId"":""order_fabric"",""attempt"":1,""candidate"":""fabric-peer-0"",""action"":""error""},{""faultId"":""fault-1"",""queryId"":""livebench-2026-08-25T01-46-44-989Z-1-fabric_endpoint_exhausted-4"",""nodeId"":""order_fabric"",""attempt"":2,""candidate"":""fabric-peer-1"",""action"":""error""}]",
1,5,livebench-2026-08-25T01-46-44-989Z-1-fabric_endpoint_exhausted-5,fabric_endpoint_exhausted,FAILED,,570.005,27,543.005,1,7,13348,0xb013b850ae0e18a779473bc6bfc06553368deba1ed7cb1e89f2d538d7acda268,0x747fb1d51edf3f318eceec44cc7e63a0020a218e6c17d8ef8b55985b0b3b3637,246,true,true,"[{""faultId"":""fault-0"",""queryId"":""livebench-2026-08-25T01-46-44-989Z-1-fabric_endpoint_exhausted-5"",""nodeId"":""order_fabric"",""attempt"":1,""candidate"":""fabric-peer-0"",""action"":""error""},{""faultId"":""fault-1"",""queryId"":""livebench-2026-08-25T01-46-44-989Z-1-fabric_endpoint_exhausted-5"",""nodeId"":""order_fabric"",""attempt"":2,""candidate"":""fabric-peer-1"",""action"":""error""}]",
1,6,livebench-2026-08-25T01-46-44-989Z-1-fabric_endpoint_exhausted-6,fabric_endpoint_exhausted,FAILED,,425.687,71,354.687,1,7,13348,0xf94c47674ec1fab40b31ce99c500ab64634ca3a6f06c31dd975833a49088102b,0x5de0d3bfe5c87e7ac1b1366f6eda320076ccc48b0a7d49ed886cdd5eb25bc707,247,true,true,"[{""faultId"":""fault-0"",""queryId"":""livebench-2026-08-25T01-46-44-989Z-1-fabric_endpoint_exhausted-6"",""nodeId"":""order_fabric"",""attempt"":1,""candidate"":""fabric-peer-0"",""action"":""error""},{""faultId"":""fault-1"",""queryId"":""livebench-2026-08-25T01-46-44-989Z-1-fabric_endpoint_exhausted-6"",""nodeId"":""order_fabric"",""attempt"":2,""candidate"":""fabric-peer-1"",""action"":""error""}]",
1,7,livebench-2026-08-25T01-46-44-989Z-1-fabric_endpoint_exhausted-7,fabric_endpoint_exhausted,FAILED,,514.055,41,473.055,1,7,13348,0x4edba554091a0f14602fe0bdf493eabba0c72585789d757bee25640192282931,0x3928c6570f740c32f1256360996c06b49b1077648ec08c929beeb684a7c79be9,248,true,true,"[{""faultId"":""fault-0"",""queryId"":""livebench-2026-08-25T01-46-44-989Z-1-fabric_endpoint_exhausted-7"",""nodeId"":""order_fabric"",""attempt"":1,""candidate"":""fabric-peer-0"",""action"":""error""},{""faultId"":""fault-1"",""queryId"":""livebench-2026-08-25T01-46-44-989Z-1-fabric_endpoint_exhausted-7"",""nodeId"":""order_fabric"",""attempt"":2,""candidate"":""fabric-peer-1"",""action"":""error""}]",
1,8,livebench-2026-08-25T01-46-44-989Z-1-fabric_endpoint_exhausted-8,fabric_endpoint_exhausted,FAILED,,510.615,28,482.615,1,7,13348,0xd5f889c2ae0c75e6dca76185fe5289cfba073c9f4289a47d88bd7cecb8706b59,0x2c2d9b3946bd0f840d06a8d2e4bfc167714ba6d869fa2e5fce4a4e97edc3c99e,249,true,true,"[{""faultId"":""fault-0"",""queryId"":""livebench-2026-08-25T01-46-44-989Z-1-fabric_endpoint_exhausted-8"",""nodeId"":""order_fabric"",""attempt"":1,""candidate"":""fabric-peer-0"",""action"":""error""},{""faultId"":""fault-1"",""queryId"":""livebench-2026-08-25T01-46-44-989Z-1-fabric_endpoint_exhausted-8"",""nodeId"":""order_fabric"",""attempt"":2,""candidate"":""fabric-peer-1"",""action"":""error""}]",
1,9,livebench-2026-08-25T01-46-44-989Z-1-fabric_endpoint_exhausted-9,fabric_endpoint_exhausted,FAILED,,606.46,35,571.46,1,7,13348,0xb1872f7e3199904266f1c4395f595d676924b5eca85b6725416cd1bb3b118ce6,0x69c1bae09179955243dfa3cfc5aee2c254f0c020af8c817415eb7f7aa0b0f09b,250,true,true,"[{""faultId"":""fault-0"",""queryId"":""livebench-2026-08-25T01-46-44-989Z-1-fabric_endpoint_exhausted-9"",""nodeId"":""order_fabric"",""attempt"":1,""candidate"":""fabric-peer-0"",""action"":""error""},{""faultId"":""fault-1"",""queryId"":""livebench-2026-08-25T01-46-44-989Z-1-fabric_endpoint_exhausted-9"",""nodeId"":""order_fabric"",""attempt"":2,""candidate"":""fabric-peer-1"",""action"":""error""}]",
1,10,livebench-2026-08-25T01-46-44-989Z-1-fabric_endpoint_exhausted-10,fabric_endpoint_exhausted,FAILED,,505.706,30,475.706,1,7,13353,0x21d7d81b0ba28402c88cd75da33c76e14d02be5ad3242bcd01e8f854d23ed447,0x94cfa781044f85e7ed50fdffea702d17077bd9cbebc1e3a80a394ad04ae42ecb,251,true,true,"[{""faultId"":""fault-0"",""queryId"":""livebench-2026-08-25T01-46-44-989Z-1-fabric_endpoint_exhausted-10"",""nodeId"":""order_fabric"",""attempt"":1,""candidate"":""fabric-peer-0"",""action"":""error""},{""faultId"":""fault-1"",""queryId"":""livebench-2026-08-25T01-46-44-989Z-1-fabric_endpoint_exhausted-10"",""nodeId"":""order_fabric"",""attempt"":2,""candidate"":""fabric-peer-1"",""action"":""error""}]",
1,11,livebench-2026-08-25T01-46-44-989Z-1-fabric_endpoint_exhausted-11,fabric_endpoint_exhausted,FAILED,,510.303,30,480.303,1,7,13353,0x5c2bc9303d56f5ff9610f232af1b9e4aa419c1370c4350b5bad6ac590ee11c7a,0x2ddad5a551d04623281a5bb35ee187dfab587baed086bfb49489d6e5767d7f3d,252,true,true,"[{""faultId"":""fault-0"",""queryId"":""livebench-2026-08-25T01-46-44-989Z-1-fabric_endpoint_exhausted-11"",""nodeId"":""order_fabric"",""attempt"":1,""candidate"":""fabric-peer-0"",""action"":""error""},{""faultId"":""fault-1"",""queryId"":""livebench-2026-08-25T01-46-44-989Z-1-fabric_endpoint_exhausted-11"",""nodeId"":""order_fabric"",""attempt"":2,""candidate"":""fabric-peer-1"",""action"":""error""}]",
1,12,livebench-2026-08-25T01-46-44-989Z-1-fabric_endpoint_exhausted-12,fabric_endpoint_exhausted,FAILED,,607.57,33,574.57,1,7,13353,0xd21c8d6fa24b0b37586800ead3e1cb61ee9ed9b12856bc8095e9dbc1927860b5,0x16fe700f1df99380009d3f1556d5fc50cba47502066aa535677e943cf9f0d0c0,253,true,true,"[{""faultId"":""fault-0"",""queryId"":""livebench-2026-08-25T01-46-44-989Z-1-fabric_endpoint_exhausted-12"",""nodeId"":""order_fabric"",""attempt"":1,""candidate"":""fabric-peer-0"",""action"":""error""},{""faultId"":""fault-1"",""queryId"":""livebench-2026-08-25T01-46-44-989Z-1-fabric_endpoint_exhausted-12"",""nodeId"":""order_fabric"",""attempt"":2,""candidate"":""fabric-peer-1"",""action"":""error""}]",
1,13,livebench-2026-08-25T01-46-44-989Z-1-fabric_endpoint_exhausted-13,fabric_endpoint_exhausted,FAILED,,401.594,27,374.594,1,7,13353,0x1ad3267dd8fa7f4239e0d7f0798b816a55d65169382ce0f2b7f7be74694fd7f5,0xa933b1ecc354131cc26b78dde167e0a49bcb70bc0f29580fb3487701bc01ff8e,254,true,true,"[{""faultId"":""fault-0"",""queryId"":""livebench-2026-08-25T01-46-44-989Z-1-fabric_endpoint_exhausted-13"",""nodeId"":""order_fabric"",""attempt"":1,""candidate"":""fabric-peer-0"",""action"":""error""},{""faultId"":""fault-1"",""queryId"":""livebench-2026-08-25T01-46-44-989Z-1-fabric_endpoint_exhausted-13"",""nodeId"":""order_fabric"",""attempt"":2,""candidate"":""fabric-peer-1"",""action"":""error""}]",
1,14,livebench-2026-08-25T01-46-44-989Z-1-fabric_endpoint_exhausted-14,fabric_endpoint_exhausted,FAILED,,544.97,32,512.97,1,7,13353,0xdd0418e6f14d0ff49d36ae7c247b5c1740abbf9ad013fb92b345a7da5ec9a592,0x14cb0e130c0de697c3707da762fbfe769c151475593e2a30acbd5e8751cd2e83,255,true,true,"[{""faultId"":""fault-0"",""queryId"":""livebench-2026-08-25T01-46-44-989Z-1-fabric_endpoint_exhausted-14"",""nodeId"":""order_fabric"",""attempt"":1,""candidate"":""fabric-peer-0"",""action"":""error""},{""faultId"":""fault-1"",""queryId"":""livebench-2026-08-25T01-46-44-989Z-1-fabric_endpoint_exhausted-14"",""nodeId"":""order_fabric"",""attempt"":2,""candidate"":""fabric-peer-1"",""action"":""error""}]",
1,15,livebench-2026-08-25T01-46-44-989Z-1-fabric_endpoint_exhausted-15,fabric_endpoint_exhausted,FAILED,,467.843,29,438.843,1,7,13353,0x2393559c994894cbfdf7df8860e391220c4f285de5a09595a5eadb56921f088c,0x081a1fb4eab92e7e55588c079928eec52bb55f150ff67519c347468b1ec6fc62,256,true,true,"[{""faultId"":""fault-0"",""queryId"":""livebench-2026-08-25T01-46-44-989Z-1-fabric_endpoint_exhausted-15"",""nodeId"":""order_fabric"",""attempt"":1,""candidate"":""fabric-peer-0"",""action"":""error""},{""faultId"":""fault-1"",""queryId"":""livebench-2026-08-25T01-46-44-989Z-1-fabric_endpoint_exhausted-15"",""nodeId"":""order_fabric"",""attempt"":2,""candidate"":""fabric-peer-1"",""action"":""error""}]",
1,16,livebench-2026-08-25T01-46-44-989Z-1-fabric_endpoint_exhausted-16,fabric_endpoint_exhausted,FAILED,,500.637,33,467.637,1,7,13353,0x6f89c48500578a5a87af446d5bd2eb063ca7ab6e57f75ca6f32ee41352a51429,0xbbe320e2b3690234fd2f67c885e49a8d53a0c7cddd19861086994495995e13c5,257,true,true,"[{""faultId"":""fault-0"",""queryId"":""livebench-2026-08-25T01-46-44-989Z-1-fabric_endpoint_exhausted-16"",""nodeId"":""order_fabric"",""attempt"":1,""candidate"":""fabric-peer-0"",""action"":""error""},{""faultId"":""fault-1"",""queryId"":""livebench-2026-08-25T01-46-44-989Z-1-fabric_endpoint_exhausted-16"",""nodeId"":""order_fabric"",""attempt"":2,""candidate"":""fabric-peer-1"",""action"":""error""}]",
1,17,livebench-2026-08-25T01-46-44-989Z-1-fabric_endpoint_exhausted-17,fabric_endpoint_exhausted,FAILED,,512.658,30,482.658,1,7,13353,0xaa6a818c7fdc68083e060902fa928bfcc23bed81fdd45320283493ba0fb25292,0x1901769ec295cefba43df9cba1edafa8fcf86dc7f978335ba1bca9762361f238,258,true,true,"[{""faultId"":""fault-0"",""queryId"":""livebench-2026-08-25T01-46-44-989Z-1-fabric_endpoint_exhausted-17"",""nodeId"":""order_fabric"",""attempt"":1,""candidate"":""fabric-peer-0"",""action"":""error""},{""faultId"":""fault-1"",""queryId"":""livebench-2026-08-25T01-46-44-989Z-1-fabric_endpoint_exhausted-17"",""nodeId"":""order_fabric"",""attempt"":2,""candidate"":""fabric-peer-1"",""action"":""error""}]",
1,18,livebench-2026-08-25T01-46-44-989Z-1-fabric_endpoint_exhausted-18,fabric_endpoint_exhausted,FAILED,,501.019,28,473.019,1,7,13353,0xb4049594c494d98e80546559448c03fd3c3337d310aa0836cca41b9fd03df2b7,0x837f7ee95ced62cb49593eccc27a4bdf22364cbb2d60ada8be784a5bf3096f57,259,true,true,"[{""faultId"":""fault-0"",""queryId"":""livebench-2026-08-25T01-46-44-989Z-1-fabric_endpoint_exhausted-18"",""nodeId"":""order_fabric"",""attempt"":1,""candidate"":""fabric-peer-0"",""action"":""error""},{""faultId"":""fault-1"",""queryId"":""livebench-2026-08-25T01-46-44-989Z-1-fabric_endpoint_exhausted-18"",""nodeId"":""order_fabric"",""attempt"":2,""candidate"":""fabric-peer-1"",""action"":""error""}]",
1,19,livebench-2026-08-25T01-46-44-989Z-1-fabric_endpoint_exhausted-19,fabric_endpoint_exhausted,FAILED,,523.102,33,490.102,1,7,13353,0x5a33334bbcc26d06bc1d084ef4221bf81ee0a7a8e1608edbbd4de03998bb308e,0x1a952ed213b076197de7f2a6c01c1814be9b12405638dc4d08c7a6aff22bb370,260,true,true,"[{""faultId"":""fault-0"",""queryId"":""livebench-2026-08-25T01-46-44-989Z-1-fabric_endpoint_exhausted-19"",""nodeId"":""order_fabric"",""attempt"":1,""candidate"":""fabric-peer-0"",""action"":""error""},{""faultId"":""fault-1"",""queryId"":""livebench-2026-08-25T01-46-44-989Z-1-fabric_endpoint_exhausted-19"",""nodeId"":""order_fabric"",""attempt"":2,""candidate"":""fabric-peer-1"",""action"":""error""}]",
1,0,livebench-2026-08-25T01-46-44-989Z-1-semantic_disagreement-0,semantic_disagreement,INSUFFICIENT_EVIDENCE,INSUFFICIENT,497.15,48,449.15,1,7,14653,0xbf2726f90ca7368ab0077345c04e57d22c2ccd60c776f4456420e0124ec6e160,0x8b21468db4711b6036b96f029250a9ad237fb07cee3e06f9b77dcccfa04c1a78,261,true,true,"[{""faultId"":""fault-0"",""queryId"":""livebench-2026-08-25T01-46-44-989Z-1-semantic_disagreement-0"",""nodeId"":""quality_semantic"",""attempt"":1,""candidate"":""local-semantic-a"",""action"":""mutate""},{""faultId"":""fault-1"",""queryId"":""livebench-2026-08-25T01-46-44-989Z-1-semantic_disagreement-0"",""nodeId"":""quality_semantic"",""attempt"":2,""candidate"":""local-semantic-b"",""action"":""mutate""}]",
1,1,livebench-2026-08-25T01-46-44-989Z-1-semantic_disagreement-1,semantic_disagreement,INSUFFICIENT_EVIDENCE,INSUFFICIENT,514.54,58,456.54,1,7,14653,0x09977347f5a0b8f9eabd5e35ebdeeb3b6b202ff2762fc5a2f060568b05048f5c,0xcf5cf732c76a441e747ed1c0581908d6d20fbe5a41b925c9efac19e6bd61f287,262,true,true,"[{""faultId"":""fault-0"",""queryId"":""livebench-2026-08-25T01-46-44-989Z-1-semantic_disagreement-1"",""nodeId"":""quality_semantic"",""attempt"":1,""candidate"":""local-semantic-a"",""action"":""mutate""},{""faultId"":""fault-1"",""queryId"":""livebench-2026-08-25T01-46-44-989Z-1-semantic_disagreement-1"",""nodeId"":""quality_semantic"",""attempt"":2,""candidate"":""local-semantic-b"",""action"":""mutate""}]",
1,2,livebench-2026-08-25T01-46-44-989Z-1-semantic_disagreement-2,semantic_disagreement,INSUFFICIENT_EVIDENCE,INSUFFICIENT,516.899,64,452.899,1,7,14651,0xbde7a87b96fac3e66318cb50875b6bcd342f8ba98bbcc3a725f8c9376085db61,0x314239f13a00ef9e45c8db1c0986aef0c524d51c3e8d8473a146388a8de9d9e9,263,true,true,"[{""faultId"":""fault-0"",""queryId"":""livebench-2026-08-25T01-46-44-989Z-1-semantic_disagreement-2"",""nodeId"":""quality_semantic"",""attempt"":1,""candidate"":""local-semantic-a"",""action"":""mutate""},{""faultId"":""fault-1"",""queryId"":""livebench-2026-08-25T01-46-44-989Z-1-semantic_disagreement-2"",""nodeId"":""quality_semantic"",""attempt"":2,""candidate"":""local-semantic-b"",""action"":""mutate""}]",
1,3,livebench-2026-08-25T01-46-44-989Z-1-semantic_disagreement-3,semantic_disagreement,INSUFFICIENT_EVIDENCE,INSUFFICIENT,489.391,49,440.391,1,7,14653,0x8adf2499152cb5b13cc337831fb76077c174d6fcc5f637e0ffc30cffc6a66976,0x5cf484b39c482c22c746624befa9fd62905858e0ff32d1065234596705f4f47c,264,true,true,"[{""faultId"":""fault-0"",""queryId"":""livebench-2026-08-25T01-46-44-989Z-1-semantic_disagreement-3"",""nodeId"":""quality_semantic"",""attempt"":1,""candidate"":""local-semantic-a"",""action"":""mutate""},{""faultId"":""fault-1"",""queryId"":""livebench-2026-08-25T01-46-44-989Z-1-semantic_disagreement-3"",""nodeId"":""quality_semantic"",""attempt"":2,""candidate"":""local-semantic-b"",""action"":""mutate""}]",
1,4,livebench-2026-08-25T01-46-44-989Z-1-semantic_disagreement-4,semantic_disagreement,INSUFFICIENT_EVIDENCE,INSUFFICIENT,507.81,46,461.81,1,7,14653,0x30a9c3cff15c1da35fda12ff5f07cd935c319d1c2c08a3f6f7a8172b2fa4ff24,0xedfe50a93629bb53d9b71a7ca4406f0cf87ea1cb2783a844f342491607be8f36,265,true,true,"[{""faultId"":""fault-0"",""queryId"":""livebench-2026-08-25T01-46-44-989Z-1-semantic_disagreement-4"",""nodeId"":""quality_semantic"",""attempt"":1,""candidate"":""local-semantic-a"",""action"":""mutate""},{""faultId"":""fault-1"",""queryId"":""livebench-2026-08-25T01-46-44-989Z-1-semantic_disagreement-4"",""nodeId"":""quality_semantic"",""attempt"":2,""candidate"":""local-semantic-b"",""action"":""mutate""}]",
1,5,livebench-2026-08-25T01-46-44-989Z-1-semantic_disagreement-5,semantic_disagreement,INSUFFICIENT_EVIDENCE,INSUFFICIENT,537.879,40,497.879,1,7,14651,0x3e59613653f589523117e7284a32e379794da187fbcf93e13df78ac9b7ec89c1,0x20666115b8b92ec9b4dd1d7a0031f70e25f8632884c94bfcc6bf103bd41c5e78,266,true,true,"[{""faultId"":""fault-0"",""queryId"":""livebench-2026-08-25T01-46-44-989Z-1-semantic_disagreement-5"",""nodeId"":""quality_semantic"",""attempt"":1,""candidate"":""local-semantic-a"",""action"":""mutate""},{""faultId"":""fault-1"",""queryId"":""livebench-2026-08-25T01-46-44-989Z-1-semantic_disagreement-5"",""nodeId"":""quality_semantic"",""attempt"":2,""candidate"":""local-semantic-b"",""action"":""mutate""}]",
1,6,livebench-2026-08-25T01-46-44-989Z-1-semantic_disagreement-6,semantic_disagreement,INSUFFICIENT_EVIDENCE,INSUFFICIENT,520.329,41,479.329,1,7,14653,0xb3eb6bdfa52998c5f7d62eefd060b91938af686929f7c6bc73ac2aed60b3503b,0x62921af8aa9ae130c2d4af26f98c9ad990bcd83cb1b526f06ac35b5b30e54487,267,true,true,"[{""faultId"":""fault-0"",""queryId"":""livebench-2026-08-25T01-46-44-989Z-1-semantic_disagreement-6"",""nodeId"":""quality_semantic"",""attempt"":1,""candidate"":""local-semantic-a"",""action"":""mutate""},{""faultId"":""fault-1"",""queryId"":""livebench-2026-08-25T01-46-44-989Z-1-semantic_disagreement-6"",""nodeId"":""quality_semantic"",""attempt"":2,""candidate"":""local-semantic-b"",""action"":""mutate""}]",
1,7,livebench-2026-08-25T01-46-44-989Z-1-semantic_disagreement-7,semantic_disagreement,INSUFFICIENT_EVIDENCE,INSUFFICIENT,504.256,34,470.256,1,7,14651,0xe737d51a4ff4497d30d0ba6ed41946ea9565172dd6ac3cfdcd489eab3c1ba024,0x6f076272c4512e18849a910d00051df6a8e4f0d9878c33bc0ef7467bffdc697d,268,true,true,"[{""faultId"":""fault-0"",""queryId"":""livebench-2026-08-25T01-46-44-989Z-1-semantic_disagreement-7"",""nodeId"":""quality_semantic"",""attempt"":1,""candidate"":""local-semantic-a"",""action"":""mutate""},{""faultId"":""fault-1"",""queryId"":""livebench-2026-08-25T01-46-44-989Z-1-semantic_disagreement-7"",""nodeId"":""quality_semantic"",""attempt"":2,""candidate"":""local-semantic-b"",""action"":""mutate""}]",
1,8,livebench-2026-08-25T01-46-44-989Z-1-semantic_disagreement-8,semantic_disagreement,INSUFFICIENT_EVIDENCE,INSUFFICIENT,567.354,44,523.354,1,7,14651,0x0639fe7b7d079a612ffca4e527f151564b8b420f6958398daf39ba615c57e032,0x99eed1ce190587fdc93a47d9bf0b3dc46e819a193b944e9629fc6d8121278c4f,269,true,true,"[{""faultId"":""fault-0"",""queryId"":""livebench-2026-08-25T01-46-44-989Z-1-semantic_disagreement-8"",""nodeId"":""quality_semantic"",""attempt"":1,""candidate"":""local-semantic-a"",""action"":""mutate""},{""faultId"":""fault-1"",""queryId"":""livebench-2026-08-25T01-46-44-989Z-1-semantic_disagreement-8"",""nodeId"":""quality_semantic"",""attempt"":2,""candidate"":""local-semantic-b"",""action"":""mutate""}]",
1,9,livebench-2026-08-25T01-46-44-989Z-1-semantic_disagreement-9,semantic_disagreement,INSUFFICIENT_EVIDENCE,INSUFFICIENT,475.13,52,423.13,1,7,14653,0xf6fc5c9c7810e978b35964ed14ac5be5ba5da4bc3fa8bd31ee0812a3358de06d,0x4adb1674db362b9177042b478c7eb094b47c2352d6d666a925d51151e1fa55e8,270,true,true,"[{""faultId"":""fault-0"",""queryId"":""livebench-2026-08-25T01-46-44-989Z-1-semantic_disagreement-9"",""nodeId"":""quality_semantic"",""attempt"":1,""candidate"":""local-semantic-a"",""action"":""mutate""},{""faultId"":""fault-1"",""queryId"":""livebench-2026-08-25T01-46-44-989Z-1-semantic_disagreement-9"",""nodeId"":""quality_semantic"",""attempt"":2,""candidate"":""local-semantic-b"",""action"":""mutate""}]",
1,10,livebench-2026-08-25T01-46-44-989Z-1-semantic_disagreement-10,semantic_disagreement,INSUFFICIENT_EVIDENCE,INSUFFICIENT,609.89,50,559.89,1,7,14658,0x1e199551b54d0d8282b033a9d20a0bec369a691c81e112f2cb2a09ccf1049a5a,0x072a8287b8cb590b2f00f29f0275d2a8d0c9aa97e4e69344fa9da0166101715d,271,true,true,"[{""faultId"":""fault-0"",""queryId"":""livebench-2026-08-25T01-46-44-989Z-1-semantic_disagreement-10"",""nodeId"":""quality_semantic"",""attempt"":1,""candidate"":""local-semantic-a"",""action"":""mutate""},{""faultId"":""fault-1"",""queryId"":""livebench-2026-08-25T01-46-44-989Z-1-semantic_disagreement-10"",""nodeId"":""quality_semantic"",""attempt"":2,""candidate"":""local-semantic-b"",""action"":""mutate""}]",
1,11,livebench-2026-08-25T01-46-44-989Z-1-semantic_disagreement-11,semantic_disagreement,INSUFFICIENT_EVIDENCE,INSUFFICIENT,509.691,44,465.691,1,7,14656,0x0956f064a4162714505776b0059426881cedfbc9b558938559b09e006882ee7a,0xe5b67a7d43aad8c0283e2ab9c8accd89a86ab17f15289abc1acdeefeb4004aa0,272,true,true,"[{""faultId"":""fault-0"",""queryId"":""livebench-2026-08-25T01-46-44-989Z-1-semantic_disagreement-11"",""nodeId"":""quality_semantic"",""attempt"":1,""candidate"":""local-semantic-a"",""action"":""mutate""},{""faultId"":""fault-1"",""queryId"":""livebench-2026-08-25T01-46-44-989Z-1-semantic_disagreement-11"",""nodeId"":""quality_semantic"",""attempt"":2,""candidate"":""local-semantic-b"",""action"":""mutate""}]",
1,12,livebench-2026-08-25T01-46-44-989Z-1-semantic_disagreement-12,semantic_disagreement,INSUFFICIENT_EVIDENCE,INSUFFICIENT,496.165,52,444.165,1,7,14658,0x2c2f92b6319e5ef9bf64d2faa4c6fa0bdb292c08f91e5263e04378b1fc2bc4f2,0x52263d3a64e02f23a1fc8701c1d32a7d8bed4b4b70f485b1aee4a4b321aebbdf,273,true,true,"[{""faultId"":""fault-0"",""queryId"":""livebench-2026-08-25T01-46-44-989Z-1-semantic_disagreement-12"",""nodeId"":""quality_semantic"",""attempt"":1,""candidate"":""local-semantic-a"",""action"":""mutate""},{""faultId"":""fault-1"",""queryId"":""livebench-2026-08-25T01-46-44-989Z-1-semantic_disagreement-12"",""nodeId"":""quality_semantic"",""attempt"":2,""candidate"":""local-semantic-b"",""action"":""mutate""}]",
1,13,livebench-2026-08-25T01-46-44-989Z-1-semantic_disagreement-13,semantic_disagreement,INSUFFICIENT_EVIDENCE,INSUFFICIENT,744.859,39,705.859,1,7,14658,0x01ccd1fc34c82953640cb8f9223adfbc0fccf0d443381eeac036d63c4412f817,0xfe9432a6a28291ed0fea358cb9c235289d5b509f46a29c910d1ec29dacaafa5a,274,true,true,"[{""faultId"":""fault-0"",""queryId"":""livebench-2026-08-25T01-46-44-989Z-1-semantic_disagreement-13"",""nodeId"":""quality_semantic"",""attempt"":1,""candidate"":""local-semantic-a"",""action"":""mutate""},{""faultId"":""fault-1"",""queryId"":""livebench-2026-08-25T01-46-44-989Z-1-semantic_disagreement-13"",""nodeId"":""quality_semantic"",""attempt"":2,""candidate"":""local-semantic-b"",""action"":""mutate""}]",
1,14,livebench-2026-08-25T01-46-44-989Z-1-semantic_disagreement-14,semantic_disagreement,INSUFFICIENT_EVIDENCE,INSUFFICIENT,350.546,42,308.546,1,7,14658,0xc1e193745231905aea88a3844c9379f615ea6470a0e2b6484b69ef163cef721f,0xb00567413ed1f15544fe1852b4a956e6bc9abc25a4c1792e4cf902e8e83c688b,275,true,true,"[{""faultId"":""fault-0"",""queryId"":""livebench-2026-08-25T01-46-44-989Z-1-semantic_disagreement-14"",""nodeId"":""quality_semantic"",""attempt"":1,""candidate"":""local-semantic-a"",""action"":""mutate""},{""faultId"":""fault-1"",""queryId"":""livebench-2026-08-25T01-46-44-989Z-1-semantic_disagreement-14"",""nodeId"":""quality_semantic"",""attempt"":2,""candidate"":""local-semantic-b"",""action"":""mutate""}]",
1,15,livebench-2026-08-25T01-46-44-989Z-1-semantic_disagreement-15,semantic_disagreement,INSUFFICIENT_EVIDENCE,INSUFFICIENT,497.62,42,455.62,1,7,14656,0xc76f2e9989b256dfbeb29013028009d0a9caecf746388d859eec47c606b9ef93,0xef396fa2ba2b35f86b2bd677ce6b29f28b070bab130dd13bec67e8871074173d,276,true,true,"[{""faultId"":""fault-0"",""queryId"":""livebench-2026-08-25T01-46-44-989Z-1-semantic_disagreement-15"",""nodeId"":""quality_semantic"",""attempt"":1,""candidate"":""local-semantic-a"",""action"":""mutate""},{""faultId"":""fault-1"",""queryId"":""livebench-2026-08-25T01-46-44-989Z-1-semantic_disagreement-15"",""nodeId"":""quality_semantic"",""attempt"":2,""candidate"":""local-semantic-b"",""action"":""mutate""}]",
1,16,livebench-2026-08-25T01-46-44-989Z-1-semantic_disagreement-16,semantic_disagreement,INSUFFICIENT_EVIDENCE,INSUFFICIENT,602.427,42,560.427,1,7,14656,0xc5492ec2cee6914dffce187fe7d5e8d65e61fe6fa7a5a467aa3062476fb33397,0x7303697b4be970a9077fc04a83be3e8517f0f6e494ec6459a81d7d9d7b46aa1b,277,true,true,"[{""faultId"":""fault-0"",""queryId"":""livebench-2026-08-25T01-46-44-989Z-1-semantic_disagreement-16"",""nodeId"":""quality_semantic"",""attempt"":1,""candidate"":""local-semantic-a"",""action"":""mutate""},{""faultId"":""fault-1"",""queryId"":""livebench-2026-08-25T01-46-44-989Z-1-semantic_disagreement-16"",""nodeId"":""quality_semantic"",""attempt"":2,""candidate"":""local-semantic-b"",""action"":""mutate""}]",
1,17,livebench-2026-08-25T01-46-44-989Z-1-semantic_disagreement-17,semantic_disagreement,INSUFFICIENT_EVIDENCE,INSUFFICIENT,442.592,32,410.592,1,7,14658,0x23d5d48b4d0b3367f0e2557c455ec2b5e559d0050bf32999be37683a639bd614,0xd7ce93792aac313684b9a692694ec234df87f07a2b6f51789ff6b5468eb437df,278,true,true,"[{""faultId"":""fault-0"",""queryId"":""livebench-2026-08-25T01-46-44-989Z-1-semantic_disagreement-17"",""nodeId"":""quality_semantic"",""attempt"":1,""candidate"":""local-semantic-a"",""action"":""mutate""},{""faultId"":""fault-1"",""queryId"":""livebench-2026-08-25T01-46-44-989Z-1-semantic_disagreement-17"",""nodeId"":""quality_semantic"",""attempt"":2,""candidate"":""local-semantic-b"",""action"":""mutate""}]",
1,18,livebench-2026-08-25T01-46-44-989Z-1-semantic_disagreement-18,semantic_disagreement,INSUFFICIENT_EVIDENCE,INSUFFICIENT,475.17,45,430.17,1,7,14658,0x5827230e2729bc7bea51e5dcf7fb077679bb847a91bae80082d9a9e1356902d9,0xb9bb2b3fd3101927b61f3f4d273c0f166f9867d6bc92a47da2660913e9f33cea,279,true,true,"[{""faultId"":""fault-0"",""queryId"":""livebench-2026-08-25T01-46-44-989Z-1-semantic_disagreement-18"",""nodeId"":""quality_semantic"",""attempt"":1,""candidate"":""local-semantic-a"",""action"":""mutate""},{""faultId"":""fault-1"",""queryId"":""livebench-2026-08-25T01-46-44-989Z-1-semantic_disagreement-18"",""nodeId"":""quality_semantic"",""attempt"":2,""candidate"":""local-semantic-b"",""action"":""mutate""}]",
1,19,livebench-2026-08-25T01-46-44-989Z-1-semantic_disagreement-19,semantic_disagreement,INSUFFICIENT_EVIDENCE,INSUFFICIENT,510.503,42,468.503,1,7,14658,0xaa568680e219a009553bc14871dcc1ab9e5bfd9ec3af41e884740c9797db2e68,0xf3951b6ed0b526fe5719ce9374838ff99d5c0359152583564d37413b7b1c8c17,280,true,true,"[{""faultId"":""fault-0"",""queryId"":""livebench-2026-08-25T01-46-44-989Z-1-semantic_disagreement-19"",""nodeId"":""quality_semantic"",""attempt"":1,""candidate"":""local-semantic-a"",""action"":""mutate""},{""faultId"":""fault-1"",""queryId"":""livebench-2026-08-25T01-46-44-989Z-1-semantic_disagreement-19"",""nodeId"":""quality_semantic"",""attempt"":2,""candidate"":""local-semantic-b"",""action"":""mutate""}]",
2,0,livebench-2026-08-25T01-46-44-989Z-2-normal-0,normal,ANCHORED,SATISFIED,578.149,43,535.149,0,6,14486,0x9d7d50b967373d268e6fcee9751537eeed4fa4c4ea94c245573e0777a34deca7,0xb9605cb01cea29d6bdb56b0c21c61e9ded81451d2de93632dc73c83093fdbe70,281,true,true,[],
2,1,livebench-2026-08-25T01-46-44-989Z-2-normal-1,normal,ANCHORED,SATISFIED,615.144,48,567.144,0,6,14486,0x41022170d20fef7f130eb248625d1c78ecbec94356a015bcaa0b918d66fee16a,0xba4a3ef64028eacb70d907d51cbfe3467c0c93e953aa71485fa2a8334f5cb99c,282,true,true,[],
2,2,livebench-2026-08-25T01-46-44-989Z-2-normal-2,normal,ANCHORED,SATISFIED,388.762,40,348.762,0,6,14484,0x7c906c9400227f93b21c78fdd3c70e746892a08623f25e0af57d7405fa63bfe7,0x576139a90f9fbadeaaf20ec41a6cdb1643941ff127614b8ce89f7b2455d5f2ed,283,true,true,[],
2,3,livebench-2026-08-25T01-46-44-989Z-2-normal-3,normal,ANCHORED,SATISFIED,506.209,34,472.209,0,6,14484,0x1622884b2013db0b9d6dba53df95005c4752dcbd2b1c79b9e66c92040789331d,0x881c65ca90247253243f34d23426960ba6abe0ec354454a42a5cc532730fc6a8,284,true,true,[],
2,4,livebench-2026-08-25T01-46-44-989Z-2-normal-4,normal,ANCHORED,SATISFIED,513.646,34,479.646,0,6,14484,0xedc98162ead6df80bdf3792c256abbf4cc63b0cf6a798b311ab8d21879ef18a6,0x3ecc962eb70903c8c0d9416111a071d52a8536b0f21e537033db132df6193a4f,285,true,true,[],
2,5,livebench-2026-08-25T01-46-44-989Z-2-normal-5,normal,ANCHORED,SATISFIED,602.325,37,565.325,0,6,14486,0xe3e3f77078782b732d721eaf0c8be45c583fc4a079daf37c317723af23fd2873,0x2a9ab11ffb0c50df695ddb25b438ca3ba336991c858289ac1f3e1da73b266d7c,286,true,true,[],
2,6,livebench-2026-08-25T01-46-44-989Z-2-normal-6,normal,ANCHORED,SATISFIED,402.418,39,363.418,0,6,14484,0xc4987c5a70264e5389701c5afdb36ccf6d12ff3baa0172ea0e886bc30cfb2aeb,0xad05013f350f0fc5e0f94f2f7c37343fd92825626d5dbd1bf8230bc997f5495a,287,true,true,[],
2,7,livebench-2026-08-25T01-46-44-989Z-2-normal-7,normal,ANCHORED,SATISFIED,505.446,46,459.446,0,6,14484,0xe2931a71239c982ce4eebcdcf75f92af1c436e31e2481f281d1793cc3e80579f,0x4bb52cf01dbbbbf4ab2d5279d6e0ac4faabbfeaf89b58d06c3083cb63b237749,288,true,true,[],
2,8,livebench-2026-08-25T01-46-44-989Z-2-normal-8,normal,ANCHORED,SATISFIED,498.18,41,457.18,0,6,14484,0x03a278924509f820fd1a19c65a3a462334fabe6e117060788c850c57a527f60b,0x95550fcd45c55931b634a33adf03a4cc2c87dbea9e801cbd18f7e977e5cedf45,289,true,true,[],
2,9,livebench-2026-08-25T01-46-44-989Z-2-normal-9,normal,ANCHORED,SATISFIED,673.783,144,529.783,0,6,14484,0xcd78c09f76e2a63965197c7fc4b146c6553ecf2693bdf6ad92c64e12fcda9640,0x32f0fd41beb54a0c915af0ed47c13ea046df2dafe4e13d2d80b173ecf4c9d435,290,true,true,[],
2,10,livebench-2026-08-25T01-46-44-989Z-2-normal-10,normal,ANCHORED,SATISFIED,579.253,36,543.253,0,6,14492,0xafa4c2921a781a5117e2776417c154957c644b0705b83cb7de6e918425ac3211,0xf5efad78f8ccb81ef1d7eb16e84d7fe1c26f3a05a55eb3f046bd26bcc262be53,291,true,true,[],
2,11,livebench-2026-08-25T01-46-44-989Z-2-normal-11,normal,ANCHORED,SATISFIED,507.938,61,446.938,0,6,14492,0x5039e244e239f2e8445ebdcb61b12b86b489d81c9b3756262b7327b8836a0bf7,0x939fa20ad67926083abd3c386946feffc171446ff5cc3a73329b2a7ae2861078,292,true,true,[],
2,12,livebench-2026-08-25T01-46-44-989Z-2-normal-12,normal,ANCHORED,SATISFIED,676.242,47,629.242,0,6,14492,0x757be9715aac9137adf325e89010ea3fd35cc45ec8c3874008aa750b4625b310,0xcef52cdca73a393d53d5676d6906784f1e4ea896189c58745c03449d94f122f3,293,true,true,[],
2,13,livebench-2026-08-25T01-46-44-989Z-2-normal-13,normal,ANCHORED,SATISFIED,325.71,51,274.71,0,6,14492,0x89ae1113a746a8a115ef05844c99fd009c6a7425f7189c3d5428883ed779d913,0x7cee67cdf80c456488185755b24dc052ac70c1af7fecd98e966fdf809c88211a,294,true,true,[],
2,14,livebench-2026-08-25T01-46-44-989Z-2-normal-14,normal,ANCHORED,SATISFIED,529.75,73,456.75,0,6,14490,0xd26501c30d5b501b3174da93ec922d991ceff67b690be8f96ca0b9337ca9b736,0x0cd5b1da24d42aefddf40b2e6714d3dcd6526a547bb58c3df4482d761b52b1f9,295,true,true,[],
2,15,livebench-2026-08-25T01-46-44-989Z-2-normal-15,normal,ANCHORED,SATISFIED,499.689,44,455.689,0,6,14490,0xa7405b7d739944c6a1233c95ffc1dadac8ad73cb23005b3e64215bc60cbb2617,0x15fde273a9dcde1c120ffb3bd3deecde6c8e482ee1260f9105c6b0fbfdd73aed,296,true,true,[],
2,16,livebench-2026-08-25T01-46-44-989Z-2-normal-16,normal,ANCHORED,SATISFIED,506.539,44,462.539,0,6,14490,0x56993882fc6c3d8a8799ca837e6df87b2945eb15c51e15368585ce6fc71a6d53,0x80e964e8188bb09c92b9dbc254de7c240a3b4f64c12ff8a8ea86c5a7f6ca08c4,297,true,true,[],
2,17,livebench-2026-08-25T01-46-44-989Z-2-normal-17,normal,ANCHORED,SATISFIED,511.279,40,471.279,0,6,14492,0x05971b1018aec70dc7f9ebc59ed7f61cf6c7ee859cfefad81b02630aeab65cde,0xec72a0f613047ac8bdd8550d164cdcb3f4efe6fc70ad8438751e180becd243d9,298,true,true,[],
2,18,livebench-2026-08-25T01-46-44-989Z-2-normal-18,normal,ANCHORED,SATISFIED,510.228,63,447.228,0,6,14490,0x2961c892fc537ffe49c4197d1137ad4d97dadb6a92ef4338a9da0e599f6c1064,0xcd15127debaa211c667a7f6015fc70c8af2dcb966c4e0dc386cdc2dd20cdd444,299,true,true,[],
2,19,livebench-2026-08-25T01-46-44-989Z-2-normal-19,normal,ANCHORED,SATISFIED,536.184,45,491.184,0,6,14492,0x49e489480a083d31942edeb4c3e83b5b7b18a25840f54767868820766f620113,0x6e8ce9150542d83ebeab562d41a2862360d3af86bced48e2b81b08dad0f7defe,300,true,true,[],
2,0,livebench-2026-08-25T01-46-44-989Z-2-fabric_endpoint_retry-0,fabric_endpoint_retry,ANCHORED,SATISFIED,480.907,52,428.907,1,7,15032,0x362366030f3149adddf6010be5fab7f7404f1112489324bf6a258e9b78ef5ce8,0x057fa81067297d405f6d19c38a718920c3be2833af2449793ff755cd8d6cb654,301,true,true,"[{""faultId"":""fault-0"",""queryId"":""livebench-2026-08-25T01-46-44-989Z-2-fabric_endpoint_retry-0"",""nodeId"":""order_fabric"",""attempt"":1,""candidate"":""fabric-peer-0"",""action"":""error""}]",
2,1,livebench-2026-08-25T01-46-44-989Z-2-fabric_endpoint_retry-1,fabric_endpoint_retry,ANCHORED,SATISFIED,509.445,56,453.445,1,7,15034,0x62dcc7e34d18c66933cd1742b46ed95889282c09c3cf65c83560f14e22248ae4,0x73ad034fb6193a0fc267ce92fed2bf8c6e777e7bf5aa719ea8c166d0e0d8d61a,302,true,true,"[{""faultId"":""fault-0"",""queryId"":""livebench-2026-08-25T01-46-44-989Z-2-fabric_endpoint_retry-1"",""nodeId"":""order_fabric"",""attempt"":1,""candidate"":""fabric-peer-0"",""action"":""error""}]",
2,2,livebench-2026-08-25T01-46-44-989Z-2-fabric_endpoint_retry-2,fabric_endpoint_retry,ANCHORED,SATISFIED,505.278,48,457.278,1,7,15032,0x9ef94d2d2b6ac2b9291bc9cac79963a3d9af90278fcde7e9a842eb3deadd44ee,0x360e00ae9fc4413831937bd58a81acdb9829c151e4911a5bc857260a4bcffb75,303,true,true,"[{""faultId"":""fault-0"",""queryId"":""livebench-2026-08-25T01-46-44-989Z-2-fabric_endpoint_retry-2"",""nodeId"":""order_fabric"",""attempt"":1,""candidate"":""fabric-peer-0"",""action"":""error""}]",
2,3,livebench-2026-08-25T01-46-44-989Z-2-fabric_endpoint_retry-3,fabric_endpoint_retry,ANCHORED,SATISFIED,534.29,47,487.29,1,7,15034,0x5ea25c8db234ef23798bcc23cad341ea473a9c70ca04cd87baff4da826f1fd5f,0xf368b112f13fa2aec8c04cf9bf4a143ad5a5c764e230ddb047a1d66b22211da4,304,true,true,"[{""faultId"":""fault-0"",""queryId"":""livebench-2026-08-25T01-46-44-989Z-2-fabric_endpoint_retry-3"",""nodeId"":""order_fabric"",""attempt"":1,""candidate"":""fabric-peer-0"",""action"":""error""}]",
2,4,livebench-2026-08-25T01-46-44-989Z-2-fabric_endpoint_retry-4,fabric_endpoint_retry,ANCHORED,SATISFIED,465.963,47,418.963,1,7,15032,0xf0ccf07b28ef60fffa0049cfb7948754461bda312792c60df5d95390e8ed6577,0x323df14050ec4f41e338f02c52fcb06bc953408ec91b670d2505b3c947904d67,305,true,true,"[{""faultId"":""fault-0"",""queryId"":""livebench-2026-08-25T01-46-44-989Z-2-fabric_endpoint_retry-4"",""nodeId"":""order_fabric"",""attempt"":1,""candidate"":""fabric-peer-0"",""action"":""error""}]",
2,5,livebench-2026-08-25T01-46-44-989Z-2-fabric_endpoint_retry-5,fabric_endpoint_retry,ANCHORED,SATISFIED,510.779,38,472.779,1,7,15034,0xecb13dc4dfa85a853aeba18e2b868483b39c2488f3873386751a75f3e71293ca,0xf3fa5eb961ff87700bc446f5b4acf038752a300321047fee6ee3e0d9eb93bc06,306,true,true,"[{""faultId"":""fault-0"",""queryId"":""livebench-2026-08-25T01-46-44-989Z-2-fabric_endpoint_retry-5"",""nodeId"":""order_fabric"",""attempt"":1,""candidate"":""fabric-peer-0"",""action"":""error""}]",
2,6,livebench-2026-08-25T01-46-44-989Z-2-fabric_endpoint_retry-6,fabric_endpoint_retry,ANCHORED,SATISFIED,503.156,36,467.156,1,7,15032,0xfbeaca12f22b2c5b8954c1a424dae132bc0631c8ad1cb000f47b63c10fb8a730,0xa5518315ad9a79943271c0e80d18ac1ae4a5e2fc08b3e82b0525d9d7fe75a58a,307,true,true,"[{""faultId"":""fault-0"",""queryId"":""livebench-2026-08-25T01-46-44-989Z-2-fabric_endpoint_retry-6"",""nodeId"":""order_fabric"",""attempt"":1,""candidate"":""fabric-peer-0"",""action"":""error""}]",
2,7,livebench-2026-08-25T01-46-44-989Z-2-fabric_endpoint_retry-7,fabric_endpoint_retry,ANCHORED,SATISFIED,503.532,41,462.532,1,7,15032,0xf560396c26e257e632221fe5a24ce3ca9a09be3c4a291c41d3591d862228b98b,0xa6995bb707d643c683b6c04252e2e0d5e85a311ae8870ac1716d84711928a863,308,true,true,"[{""faultId"":""fault-0"",""queryId"":""livebench-2026-08-25T01-46-44-989Z-2-fabric_endpoint_retry-7"",""nodeId"":""order_fabric"",""attempt"":1,""candidate"":""fabric-peer-0"",""action"":""error""}]",
2,8,livebench-2026-08-25T01-46-44-989Z-2-fabric_endpoint_retry-8,fabric_endpoint_retry,ANCHORED,SATISFIED,630.355,37,593.355,1,7,15032,0x4b1fbf1f04cff786599b634ffa118ee8a276be75ea9e7b0c39f4eaf29c642b70,0x3cf2fdb29f02b79c19841a4abd295d244178642be67b655850c2d5569af7bf62,309,true,true,"[{""faultId"":""fault-0"",""queryId"":""livebench-2026-08-25T01-46-44-989Z-2-fabric_endpoint_retry-8"",""nodeId"":""order_fabric"",""attempt"":1,""candidate"":""fabric-peer-0"",""action"":""error""}]",
2,9,livebench-2026-08-25T01-46-44-989Z-2-fabric_endpoint_retry-9,fabric_endpoint_retry,ANCHORED,SATISFIED,502.682,41,461.682,1,7,15034,0x698cb94182594e2d9dd902fa7364a671884b7c9f7cc6f9e8c9c63b2110b16219,0x19b5b4d74513e110bcc4a5114f82c8c8089ac9f396f26748c8e10419199d361f,310,true,true,"[{""faultId"":""fault-0"",""queryId"":""livebench-2026-08-25T01-46-44-989Z-2-fabric_endpoint_retry-9"",""nodeId"":""order_fabric"",""attempt"":1,""candidate"":""fabric-peer-0"",""action"":""error""}]",
2,10,livebench-2026-08-25T01-46-44-989Z-2-fabric_endpoint_retry-10,fabric_endpoint_retry,ANCHORED,SATISFIED,497.78,42,455.78,1,7,15038,0x3e86a0496ddc51eab43cc3e7605ea1d7b17a2dc0ac9a7117e27ec0a96596fa77,0xf35caecb7d536bc67636e7698d41d43e78d0dc15e1d23317c509baf173309b5e,311,true,true,"[{""faultId"":""fault-0"",""queryId"":""livebench-2026-08-25T01-46-44-989Z-2-fabric_endpoint_retry-10"",""nodeId"":""order_fabric"",""attempt"":1,""candidate"":""fabric-peer-0"",""action"":""error""}]",
2,11,livebench-2026-08-25T01-46-44-989Z-2-fabric_endpoint_retry-11,fabric_endpoint_retry,ANCHORED,SATISFIED,512.299,59,453.299,1,7,15038,0xb92b73dd841d17b68db590f51cc2af475ccd556a70dbe752b7efea98761d99d8,0x0188c4694af1192e8e3072787f991a4d3d2a25aab8f0fec2f5bb51e3f0ec190a,312,true,true,"[{""faultId"":""fault-0"",""queryId"":""livebench-2026-08-25T01-46-44-989Z-2-fabric_endpoint_retry-11"",""nodeId"":""order_fabric"",""attempt"":1,""candidate"":""fabric-peer-0"",""action"":""error""}]",
2,12,livebench-2026-08-25T01-46-44-989Z-2-fabric_endpoint_retry-12,fabric_endpoint_retry,ANCHORED,SATISFIED,491.816,49,442.816,1,7,15038,0x2af71deed70b7a19ab2fca04e40ea2ae18f2eae514e7708f7b495eece28591da,0x110d1047e6b84a25f2bbc3f4c490609d5907faaea8d21dc103ea7995a2fe6642,313,true,true,"[{""faultId"":""fault-0"",""queryId"":""livebench-2026-08-25T01-46-44-989Z-2-fabric_endpoint_retry-12"",""nodeId"":""order_fabric"",""attempt"":1,""candidate"":""fabric-peer-0"",""action"":""error""}]",
2,13,livebench-2026-08-25T01-46-44-989Z-2-fabric_endpoint_retry-13,fabric_endpoint_retry,ANCHORED,SATISFIED,514.238,36,478.238,1,7,15038,0xf91276a526cb5814d5239c12e5008cb6bd940a0039806269e94889772c80b5f2,0x46e52ebf9cc7af77bdfa1699b3a2a5d37fefd701dc712166719263541e5decfa,314,true,true,"[{""faultId"":""fault-0"",""queryId"":""livebench-2026-08-25T01-46-44-989Z-2-fabric_endpoint_retry-13"",""nodeId"":""order_fabric"",""attempt"":1,""candidate"":""fabric-peer-0"",""action"":""error""}]",
2,14,livebench-2026-08-25T01-46-44-989Z-2-fabric_endpoint_retry-14,fabric_endpoint_retry,ANCHORED,SATISFIED,508.328,35,473.328,1,7,15040,0xec95983cd3a698ca3cd0353778a66b15dd23c2f595b8d72d2281a176a3d5bcd0,0x25a4b64aa01ba71f2b0c5e47a868e8ea2fcd7e396fb791a3bcf8ee245d30eb61,315,true,true,"[{""faultId"":""fault-0"",""queryId"":""livebench-2026-08-25T01-46-44-989Z-2-fabric_endpoint_retry-14"",""nodeId"":""order_fabric"",""attempt"":1,""candidate"":""fabric-peer-0"",""action"":""error""}]",
2,15,livebench-2026-08-25T01-46-44-989Z-2-fabric_endpoint_retry-15,fabric_endpoint_retry,ANCHORED,SATISFIED,502.287,47,455.287,1,7,15038,0x43d4e641738fd1d60ae584cf1435a7f4a9ed856b5cfa5ab5db59072d42a75d82,0xc06e69fb777d7f2ae20d12c50a4513e1fa02c05d0cb1924c16979a7ed679c313,316,true,true,"[{""faultId"":""fault-0"",""queryId"":""livebench-2026-08-25T01-46-44-989Z-2-fabric_endpoint_retry-15"",""nodeId"":""order_fabric"",""attempt"":1,""candidate"":""fabric-peer-0"",""action"":""error""}]",
2,16,livebench-2026-08-25T01-46-44-989Z-2-fabric_endpoint_retry-16,fabric_endpoint_retry,ANCHORED,SATISFIED,504.263,34,470.263,1,7,15038,0xc7c276baa3ec80e8df190d9875830a7698ab1338226500c389bdd69ac60a1d21,0x2fa1e9fdf0eefa9b1c9d285803fd6d0d377f9bfaff4b694f19439f9f829a160a,317,true,true,"[{""faultId"":""fault-0"",""queryId"":""livebench-2026-08-25T01-46-44-989Z-2-fabric_endpoint_retry-16"",""nodeId"":""order_fabric"",""attempt"":1,""candidate"":""fabric-peer-0"",""action"":""error""}]",
2,17,livebench-2026-08-25T01-46-44-989Z-2-fabric_endpoint_retry-17,fabric_endpoint_retry,ANCHORED,SATISFIED,504.833,35,469.833,1,7,15038,0xed2c4e26b8242e19b934431fa965c1d66bab496af635c515b095cf5b57096dab,0x7fd562d081d6b3d2f6522402ac4f2b6753454fc4d9eea665e99c35a1b65ca2b4,318,true,true,"[{""faultId"":""fault-0"",""queryId"":""livebench-2026-08-25T01-46-44-989Z-2-fabric_endpoint_retry-17"",""nodeId"":""order_fabric"",""attempt"":1,""candidate"":""fabric-peer-0"",""action"":""error""}]",
2,18,livebench-2026-08-25T01-46-44-989Z-2-fabric_endpoint_retry-18,fabric_endpoint_retry,ANCHORED,SATISFIED,532.546,40,492.546,1,7,15038,0x7ea7086a1a138b1794feedd217ba3ffff4879046116e57b32b1d7c79fdee4072,0xd4da80aa002ff0102675e3cfb8b5f5f4794317cfce682ac63912bd7f087e1e5f,319,true,true,"[{""faultId"":""fault-0"",""queryId"":""livebench-2026-08-25T01-46-44-989Z-2-fabric_endpoint_retry-18"",""nodeId"":""order_fabric"",""attempt"":1,""candidate"":""fabric-peer-0"",""action"":""error""}]",
2,19,livebench-2026-08-25T01-46-44-989Z-2-fabric_endpoint_retry-19,fabric_endpoint_retry,ANCHORED,SATISFIED,467.213,44,423.213,1,7,15038,0x70f6ea12f2382486ac2e8a36dfd161a4e47678f32e28380de261b3f10db44903,0xabbe3b1ac7f07c8957ed732d21db3c2e05d982e2952d721a9b79ddcdb3877940,320,true,true,"[{""faultId"":""fault-0"",""queryId"":""livebench-2026-08-25T01-46-44-989Z-2-fabric_endpoint_retry-19"",""nodeId"":""order_fabric"",""attempt"":1,""candidate"":""fabric-peer-0"",""action"":""error""}]",
2,0,livebench-2026-08-25T01-46-44-989Z-2-fisco_endpoint_retry-0,fisco_endpoint_retry,ANCHORED,SATISFIED,505.215,50,455.215,1,7,15034,0xd1088c613fa9f6c756c1d6b7f09242b073fd1cc0f1385e057c43209ff68ebb06,0x6cac66ef2ce4b344643c8a5e2e1e13e38138d033b2043acee2fb647bf85ae50d,321,true,true,"[{""faultId"":""fault-0"",""queryId"":""livebench-2026-08-25T01-46-44-989Z-2-fisco_endpoint_retry-0"",""nodeId"":""logistics_fisco"",""attempt"":1,""candidate"":""fisco-node-0"",""action"":""error""}]",
2,1,livebench-2026-08-25T01-46-44-989Z-2-fisco_endpoint_retry-1,fisco_endpoint_retry,ANCHORED,SATISFIED,499.946,37,462.946,1,7,15032,0xeed2a9cbfa251db589e0e4fb93ba1c17870de75448f14784dac95f630d35a5a1,0x643b6fc0ed6779a4fba003b1b791e6bc774b7c7fcfc825bd9a56c838e60119ba,322,true,true,"[{""faultId"":""fault-0"",""queryId"":""livebench-2026-08-25T01-46-44-989Z-2-fisco_endpoint_retry-1"",""nodeId"":""logistics_fisco"",""attempt"":1,""candidate"":""fisco-node-0"",""action"":""error""}]",
2,2,livebench-2026-08-25T01-46-44-989Z-2-fisco_endpoint_retry-2,fisco_endpoint_retry,ANCHORED,SATISFIED,510.874,34,476.874,1,7,15034,0x6bda26923b6246aa69046b1e9e355b063e521cffc6780ce559382efadcfc1e5e,0x0b4d6c8fe0f621fb636ec34d146d740e5cbf084d46b02386d0d7c915cf62e300,323,true,true,"[{""faultId"":""fault-0"",""queryId"":""livebench-2026-08-25T01-46-44-989Z-2-fisco_endpoint_retry-2"",""nodeId"":""logistics_fisco"",""attempt"":1,""candidate"":""fisco-node-0"",""action"":""error""}]",
2,3,livebench-2026-08-25T01-46-44-989Z-2-fisco_endpoint_retry-3,fisco_endpoint_retry,ANCHORED,SATISFIED,502.504,40,462.504,1,7,15034,0x427869cb6cd409ae9a1471779c5303f7e1b47cfe2a70a6ff38e6e0bd31f9a48b,0x647b00ef53f9273bae894aa116ed15acf1d9204b223048b17e495bf4421b5b42,324,true,true,"[{""faultId"":""fault-0"",""queryId"":""livebench-2026-08-25T01-46-44-989Z-2-fisco_endpoint_retry-3"",""nodeId"":""logistics_fisco"",""attempt"":1,""candidate"":""fisco-node-0"",""action"":""error""}]",
2,4,livebench-2026-08-25T01-46-44-989Z-2-fisco_endpoint_retry-4,fisco_endpoint_retry,ANCHORED,SATISFIED,515.461,43,472.461,1,7,15034,0x1c0eb8a80fa6a00a9ab6d9c6ded2aa10af21a8f89e404001dd8a4ac8e395ec42,0x88943a381710558bc714b225a03cd50c4650e66d15332060f8c2568c8f2edff5,325,true,true,"[{""faultId"":""fault-0"",""queryId"":""livebench-2026-08-25T01-46-44-989Z-2-fisco_endpoint_retry-4"",""nodeId"":""logistics_fisco"",""attempt"":1,""candidate"":""fisco-node-0"",""action"":""error""}]",
2,5,livebench-2026-08-25T01-46-44-989Z-2-fisco_endpoint_retry-5,fisco_endpoint_retry,ANCHORED,SATISFIED,497.812,40,457.812,1,7,15032,0x679892c4f5c7a3eb17164987c31e64b88ae819ec6f79c1fa710efcbc40ab6d28,0x12d3e7dbabc5768f6de41eb23069ad48263053c1b962122a211e3958f8198f16,326,true,true,"[{""faultId"":""fault-0"",""queryId"":""livebench-2026-08-25T01-46-44-989Z-2-fisco_endpoint_retry-5"",""nodeId"":""logistics_fisco"",""attempt"":1,""candidate"":""fisco-node-0"",""action"":""error""}]",
2,6,livebench-2026-08-25T01-46-44-989Z-2-fisco_endpoint_retry-6,fisco_endpoint_retry,ANCHORED,SATISFIED,504.355,37,467.355,1,7,15034,0xb089ba032172191e5b105b6aad43aa50e1eb124051c516359f9c84df4600aaee,0xf9f6e98bcda669e913e40fba65121246fc9f0c33392647186a06210b00d8aec5,327,true,true,"[{""faultId"":""fault-0"",""queryId"":""livebench-2026-08-25T01-46-44-989Z-2-fisco_endpoint_retry-6"",""nodeId"":""logistics_fisco"",""attempt"":1,""candidate"":""fisco-node-0"",""action"":""error""}]",
2,7,livebench-2026-08-25T01-46-44-989Z-2-fisco_endpoint_retry-7,fisco_endpoint_retry,ANCHORED,SATISFIED,504.695,114,390.695,1,7,14924,0x2dd5d4c8cdbcc8295fef2e6bb577ee6a50207a60a5dfd3f26ec3bbb02dd4efff,0xd42b7ea7d58903bcf7b703e65f01381868b90a8f76833524694af4ada860ec56,328,true,true,"[{""faultId"":""fault-0"",""queryId"":""livebench-2026-08-25T01-46-44-989Z-2-fisco_endpoint_retry-7"",""nodeId"":""logistics_fisco"",""attempt"":1,""candidate"":""fisco-node-0"",""action"":""error""}]",
2,8,livebench-2026-08-25T01-46-44-989Z-2-fisco_endpoint_retry-8,fisco_endpoint_retry,ANCHORED,SATISFIED,500.951,48,452.951,1,7,15034,0x36646e68f012b96925e2efccb0e57790d333be390c06d1f775abfa9b8585ee10,0x14ef9f7ac67966fd1e7c8d6b385f08679a909e192d2a31d73f03a7d1ee66d1c1,329,true,true,"[{""faultId"":""fault-0"",""queryId"":""livebench-2026-08-25T01-46-44-989Z-2-fisco_endpoint_retry-8"",""nodeId"":""logistics_fisco"",""attempt"":1,""candidate"":""fisco-node-0"",""action"":""error""}]",
2,9,livebench-2026-08-25T01-46-44-989Z-2-fisco_endpoint_retry-9,fisco_endpoint_retry,ANCHORED,SATISFIED,503.237,41,462.237,1,7,15034,0xe368d0be6890cd625662740ffb18a40aa6867c0c09a5ce6281804b85e025a1fd,0xf07ca70657f76746529f619393b1f878792cabd49a8c8c9bddf43154ab76a77a,330,true,true,"[{""faultId"":""fault-0"",""queryId"":""livebench-2026-08-25T01-46-44-989Z-2-fisco_endpoint_retry-9"",""nodeId"":""logistics_fisco"",""attempt"":1,""candidate"":""fisco-node-0"",""action"":""error""}]",
2,10,livebench-2026-08-25T01-46-44-989Z-2-fisco_endpoint_retry-10,fisco_endpoint_retry,ANCHORED,SATISFIED,508.06,41,467.06,1,7,15040,0x7aa2f378e026c983dc69a3c91cc98df76735231a5ed70f0e3e17961756fc85a8,0x684cf900e887a7c9385c5c816cf522ba78c5745db3f8e30a544d06eff9e3e8f9,331,true,true,"[{""faultId"":""fault-0"",""queryId"":""livebench-2026-08-25T01-46-44-989Z-2-fisco_endpoint_retry-10"",""nodeId"":""logistics_fisco"",""attempt"":1,""candidate"":""fisco-node-0"",""action"":""error""}]",
2,11,livebench-2026-08-25T01-46-44-989Z-2-fisco_endpoint_retry-11,fisco_endpoint_retry,ANCHORED,SATISFIED,563.645,66,497.645,1,7,15038,0x429c289e9f87a3cf8f1ec59085f980755b8cb632ec00877f14a8b56445e07689,0xb8561a3e11f8f047da8e0f011e64a119da596e8e4e92f93f2f2b39c6eb433a1c,332,true,true,"[{""faultId"":""fault-0"",""queryId"":""livebench-2026-08-25T01-46-44-989Z-2-fisco_endpoint_retry-11"",""nodeId"":""logistics_fisco"",""attempt"":1,""candidate"":""fisco-node-0"",""action"":""error""}]",
2,12,livebench-2026-08-25T01-46-44-989Z-2-fisco_endpoint_retry-12,fisco_endpoint_retry,ANCHORED,SATISFIED,472.734,40,432.734,1,7,15040,0xf46698e6859286ee9da5c453acf20fbf68878085162df945c986088a0b4320e9,0xd5380f9288e4e19d1a062181ab355d3df2f20c98d4fffe1c6ed3fef8a319943c,333,true,true,"[{""faultId"":""fault-0"",""queryId"":""livebench-2026-08-25T01-46-44-989Z-2-fisco_endpoint_retry-12"",""nodeId"":""logistics_fisco"",""attempt"":1,""candidate"":""fisco-node-0"",""action"":""error""}]",
2,13,livebench-2026-08-25T01-46-44-989Z-2-fisco_endpoint_retry-13,fisco_endpoint_retry,ANCHORED,SATISFIED,524.827,73,451.827,1,7,15040,0x23be353fbc7f014802886546e39206f1dc6a4b30c97508c97b4c81f0aae6c403,0xdb089cc055b40d1a9f36f59a0f65bda7a553ae7485037c9b273f804af95539d5,334,true,true,"[{""faultId"":""fault-0"",""queryId"":""livebench-2026-08-25T01-46-44-989Z-2-fisco_endpoint_retry-13"",""nodeId"":""logistics_fisco"",""attempt"":1,""candidate"":""fisco-node-0"",""action"":""error""}]",
2,14,livebench-2026-08-25T01-46-44-989Z-2-fisco_endpoint_retry-14,fisco_endpoint_retry,ANCHORED,SATISFIED,515.366,38,477.366,1,7,15040,0x8cbff1bd7faa676d288988948dc8028bdc014773dbe2e534cae29d6d10510778,0xc9be38da50f7ea29ad510cd49b20ea167bc84a9271bc0d69406eca38bbc821de,335,true,true,"[{""faultId"":""fault-0"",""queryId"":""livebench-2026-08-25T01-46-44-989Z-2-fisco_endpoint_retry-14"",""nodeId"":""logistics_fisco"",""attempt"":1,""candidate"":""fisco-node-0"",""action"":""error""}]",
2,15,livebench-2026-08-25T01-46-44-989Z-2-fisco_endpoint_retry-15,fisco_endpoint_retry,ANCHORED,SATISFIED,498.685,36,462.685,1,7,15038,0xdede0904dbfe432e18ad1ea56830a19f0ccea603736b31cc1b03643c5425622c,0xf8953f3ecbcf406b7ba7ca927a01d5b9db482db1d0fa5e0c2e9929c7bb2c6dc9,336,true,true,"[{""faultId"":""fault-0"",""queryId"":""livebench-2026-08-25T01-46-44-989Z-2-fisco_endpoint_retry-15"",""nodeId"":""logistics_fisco"",""attempt"":1,""candidate"":""fisco-node-0"",""action"":""error""}]",
2,16,livebench-2026-08-25T01-46-44-989Z-2-fisco_endpoint_retry-16,fisco_endpoint_retry,ANCHORED,SATISFIED,510.203,33,477.203,1,7,15038,0xef284c154d9425124ecfd7dd94d30786accdd83e7b23e3da4797b51cdbeaa0d1,0x74e46f11da985ba2ac9bff57ff6de4bdba37f6582bf7b40717a1672c40754511,337,true,true,"[{""faultId"":""fault-0"",""queryId"":""livebench-2026-08-25T01-46-44-989Z-2-fisco_endpoint_retry-16"",""nodeId"":""logistics_fisco"",""attempt"":1,""candidate"":""fisco-node-0"",""action"":""error""}]",
2,17,livebench-2026-08-25T01-46-44-989Z-2-fisco_endpoint_retry-17,fisco_endpoint_retry,ANCHORED,SATISFIED,504.105,39,465.105,1,7,15038,0x27ade31bc7fe7069332f27757f9bc36ae81f86e6404034c4683a01f342e3b2eb,0xe7c107c72737e6c3cdd1f5af108b7dbee57c3321e86ed887ddde9de683694255,338,true,true,"[{""faultId"":""fault-0"",""queryId"":""livebench-2026-08-25T01-46-44-989Z-2-fisco_endpoint_retry-17"",""nodeId"":""logistics_fisco"",""attempt"":1,""candidate"":""fisco-node-0"",""action"":""error""}]",
2,18,livebench-2026-08-25T01-46-44-989Z-2-fisco_endpoint_retry-18,fisco_endpoint_retry,ANCHORED,SATISFIED,566.852,43,523.852,1,7,15040,0x793b7415437ae4a55560d2bf36b9d3e51dd79099101749cf43fb4162ce42fabf,0xd8d8f536e9638f7009eb7fba184d12d873abcde7dcf20a5ea924228fe76ef95d,339,true,true,"[{""faultId"":""fault-0"",""queryId"":""livebench-2026-08-25T01-46-44-989Z-2-fisco_endpoint_retry-18"",""nodeId"":""logistics_fisco"",""attempt"":1,""candidate"":""fisco-node-0"",""action"":""error""}]",
2,19,livebench-2026-08-25T01-46-44-989Z-2-fisco_endpoint_retry-19,fisco_endpoint_retry,ANCHORED,SATISFIED,472.097,65,407.097,1,7,15040,0xd0cdd38bbf20bf5a2523f98706ed8cc114795961c672d5ebbf7c11c7f7fa0499,0x276822091b40a5f1ac5e5ad8d8b2542da97d8f15508b75bc08f79a7ea8227031,340,true,true,"[{""faultId"":""fault-0"",""queryId"":""livebench-2026-08-25T01-46-44-989Z-2-fisco_endpoint_retry-19"",""nodeId"":""logistics_fisco"",""attempt"":1,""candidate"":""fisco-node-0"",""action"":""error""}]",
2,0,livebench-2026-08-25T01-46-44-989Z-2-semantic_service_timeout-0,semantic_service_timeout,ANCHORED,SATISFIED,477.905,269,208.905,1,7,15168,0xae6b06e331435f6fd280966446eabb192de6dd66f70cb2067adefad02889013c,0x06070b447462f4f6326ee04289f8e11130e17e4d23afecd9233d8bcc17064903,341,true,true,"[{""faultId"":""fault-0"",""queryId"":""livebench-2026-08-25T01-46-44-989Z-2-semantic_service_timeout-0"",""nodeId"":""quality_semantic"",""attempt"":1,""candidate"":""local-semantic-a"",""action"":""timeout""}]",
2,1,livebench-2026-08-25T01-46-44-989Z-2-semantic_service_timeout-1,semantic_service_timeout,ANCHORED,SATISFIED,612.526,264,348.526,1,7,15166,0xdd9371daab63e6bd6a96841738653a6b0caf8c24939ab78df7df6bfdad108497,0xe0c8f977c7cb603ada533b450c7ec3f0cee6792c52a5c9ff209ca95738ab81c1,342,true,true,"[{""faultId"":""fault-0"",""queryId"":""livebench-2026-08-25T01-46-44-989Z-2-semantic_service_timeout-1"",""nodeId"":""quality_semantic"",""attempt"":1,""candidate"":""local-semantic-a"",""action"":""timeout""}]",
2,2,livebench-2026-08-25T01-46-44-989Z-2-semantic_service_timeout-2,semantic_service_timeout,ANCHORED,SATISFIED,525.489,267,258.489,1,7,15168,0xd1904444a9177b7ed36ab431e70fdb334064957cf5f8867b482a577dd6d36f9a,0x259b5cb6a518a30de32c98fa84fe6dd087829a8d443df62d9f56faad18862e5b,343,true,true,"[{""faultId"":""fault-0"",""queryId"":""livebench-2026-08-25T01-46-44-989Z-2-semantic_service_timeout-2"",""nodeId"":""quality_semantic"",""attempt"":1,""candidate"":""local-semantic-a"",""action"":""timeout""}]",
2,3,livebench-2026-08-25T01-46-44-989Z-2-semantic_service_timeout-3,semantic_service_timeout,ANCHORED,SATISFIED,493.324,270,223.324,1,7,15168,0x27c0147eae6a7a45845b131df852c01a20f7f3354f95943a721ca9d0d646dc22,0x196c2ec5f6e75013358489e524d8a077b45781034f662341011bad813c584bd0,344,true,true,"[{""faultId"":""fault-0"",""queryId"":""livebench-2026-08-25T01-46-44-989Z-2-semantic_service_timeout-3"",""nodeId"":""quality_semantic"",""attempt"":1,""candidate"":""local-semantic-a"",""action"":""timeout""}]",
2,4,livebench-2026-08-25T01-46-44-989Z-2-semantic_service_timeout-4,semantic_service_timeout,ANCHORED,SATISFIED,499.594,264,235.594,1,7,15168,0x52c850345b9383f3cd41ad0686c6ff8959d728b7389df23326571ae77112b174,0xb7d1b92d56bc1c57c66f081364886961e47dea083d5ae211e2c93d6ab34cb68e,345,true,true,"[{""faultId"":""fault-0"",""queryId"":""livebench-2026-08-25T01-46-44-989Z-2-semantic_service_timeout-4"",""nodeId"":""quality_semantic"",""attempt"":1,""candidate"":""local-semantic-a"",""action"":""timeout""}]",
2,5,livebench-2026-08-25T01-46-44-989Z-2-semantic_service_timeout-5,semantic_service_timeout,ANCHORED,SATISFIED,534.404,264,270.404,1,7,15168,0x9676ef9c3d447f585367d27d5d349f8fa7029064f66c7044957cc46e73bedc8d,0x4604f28f9d0c8cd477fbf98ad51aa04b88ec7874e5e19b761e57e846ce2f56cd,346,true,true,"[{""faultId"":""fault-0"",""queryId"":""livebench-2026-08-25T01-46-44-989Z-2-semantic_service_timeout-5"",""nodeId"":""quality_semantic"",""attempt"":1,""candidate"":""local-semantic-a"",""action"":""timeout""}]",
2,6,livebench-2026-08-25T01-46-44-989Z-2-semantic_service_timeout-6,semantic_service_timeout,ANCHORED,SATISFIED,507.352,265,242.352,1,7,15166,0xa4ba03a15c8b9d5c87f56cc2c2ee6b2aa9259659c03a5fe3a651f1977f030a89,0x6a8783aab4a9ed4a2e8641dafcccf8f96fe7a325df367e379ade1c043df64ba9,347,true,true,"[{""faultId"":""fault-0"",""queryId"":""livebench-2026-08-25T01-46-44-989Z-2-semantic_service_timeout-6"",""nodeId"":""quality_semantic"",""attempt"":1,""candidate"":""local-semantic-a"",""action"":""timeout""}]",
2,7,livebench-2026-08-25T01-46-44-989Z-2-semantic_service_timeout-7,semantic_service_timeout,ANCHORED,SATISFIED,505.323,266,239.323,1,7,15168,0x3ad5ebb38f8e798a26e7a118735c0dc2c3327cafcc9cce3b1e82e15c592ec920,0x2dea2ceb328fafb0d62adf33ac58a0fb8933188157975d0087a18e228b9ddb42,348,true,true,"[{""faultId"":""fault-0"",""queryId"":""livebench-2026-08-25T01-46-44-989Z-2-semantic_service_timeout-7"",""nodeId"":""quality_semantic"",""attempt"":1,""candidate"":""local-semantic-a"",""action"":""timeout""}]",
2,8,livebench-2026-08-25T01-46-44-989Z-2-semantic_service_timeout-8,semantic_service_timeout,ANCHORED,SATISFIED,506.283,266,240.283,1,7,15168,0x73fb7fdbb18ae25ff9c674ab0c11c01ce0b8ecbbe04f666be7bddc5fde9984c3,0xc41f7fb2d774801247a04b2db6be67cb8fc982bfd6f4f7fdf7ddb7c1d1be2220,349,true,true,"[{""faultId"":""fault-0"",""queryId"":""livebench-2026-08-25T01-46-44-989Z-2-semantic_service_timeout-8"",""nodeId"":""quality_semantic"",""attempt"":1,""candidate"":""local-semantic-a"",""action"":""timeout""}]",
2,9,livebench-2026-08-25T01-46-44-989Z-2-semantic_service_timeout-9,semantic_service_timeout,ANCHORED,SATISFIED,530.219,264,266.219,1,7,15166,0x4bb425725666a103ed6d59425e9b949c48c9abddbfac959bc92091192e16076e,0x27f9f245b50bb8913ce31c62485baca2e3b35d5d4a8ab025f2d8727029cbf3c6,350,true,true,"[{""faultId"":""fault-0"",""queryId"":""livebench-2026-08-25T01-46-44-989Z-2-semantic_service_timeout-9"",""nodeId"":""quality_semantic"",""attempt"":1,""candidate"":""local-semantic-a"",""action"":""timeout""}]",
2,10,livebench-2026-08-25T01-46-44-989Z-2-semantic_service_timeout-10,semantic_service_timeout,ANCHORED,SATISFIED,478.82,265,213.82,1,7,15172,0x223e034f82124abce460160f917db7394ab51a99705fba079f66d83cf7cbd981,0x94f06f4ac624f2251ef7107a6f37e9190614df5dda17a5c8d8d262681d7a4d60,351,true,true,"[{""faultId"":""fault-0"",""queryId"":""livebench-2026-08-25T01-46-44-989Z-2-semantic_service_timeout-10"",""nodeId"":""quality_semantic"",""attempt"":1,""candidate"":""local-semantic-a"",""action"":""timeout""}]",
2,11,livebench-2026-08-25T01-46-44-989Z-2-semantic_service_timeout-11,semantic_service_timeout,ANCHORED,SATISFIED,498.879,260,238.879,1,7,15174,0x1dd6ba1190fc8c0c948ef5ab912781c3235aa9f65cad77ccd15a4f3e57388b23,0xc6d1f48794d80040154580020f3f4c3eecab81000e132159e41b93d9ce6658b5,352,true,true,"[{""faultId"":""fault-0"",""queryId"":""livebench-2026-08-25T01-46-44-989Z-2-semantic_service_timeout-11"",""nodeId"":""quality_semantic"",""attempt"":1,""candidate"":""local-semantic-a"",""action"":""timeout""}]",
2,12,livebench-2026-08-25T01-46-44-989Z-2-semantic_service_timeout-12,semantic_service_timeout,ANCHORED,SATISFIED,509.184,260,249.184,1,7,15174,0x0cb69c45527620279a071571976f761f3a1fc16ffb546017c0bae9ad484c6cc7,0xf6bd19612fb3f2f9052f4bf54c4aebe9d494bf696671693a2ebe0edc71c51536,353,true,true,"[{""faultId"":""fault-0"",""queryId"":""livebench-2026-08-25T01-46-44-989Z-2-semantic_service_timeout-12"",""nodeId"":""quality_semantic"",""attempt"":1,""candidate"":""local-semantic-a"",""action"":""timeout""}]",
2,13,livebench-2026-08-25T01-46-44-989Z-2-semantic_service_timeout-13,semantic_service_timeout,ANCHORED,SATISFIED,502.236,266,236.236,1,7,15174,0x8ac0d41b704dd7c0a61af23898ad3ab02761311f83c18a9e21cb8d7ca367035a,0x01e2ed3d233d19e1cbcfa4f04aeb6b382ea65025ea56bc78f37bd5f1836d5792,354,true,true,"[{""faultId"":""fault-0"",""queryId"":""livebench-2026-08-25T01-46-44-989Z-2-semantic_service_timeout-13"",""nodeId"":""quality_semantic"",""attempt"":1,""candidate"":""local-semantic-a"",""action"":""timeout""}]",
2,14,livebench-2026-08-25T01-46-44-989Z-2-semantic_service_timeout-14,semantic_service_timeout,ANCHORED,SATISFIED,512.185,262,250.185,1,7,15172,0x2484702ee7f8a1f16c1807fefb368408944079e4a914b65827c1971145a0ac41,0x4573ace4d7ba3761c88004ad991452b46b72e3a126f11d1df9812d7f69602d07,355,true,true,"[{""faultId"":""fault-0"",""queryId"":""livebench-2026-08-25T01-46-44-989Z-2-semantic_service_timeout-14"",""nodeId"":""quality_semantic"",""attempt"":1,""candidate"":""local-semantic-a"",""action"":""timeout""}]",
2,15,livebench-2026-08-25T01-46-44-989Z-2-semantic_service_timeout-15,semantic_service_timeout,ANCHORED,SATISFIED,513.77,267,246.77,1,7,15172,0xd0f20c69b47bf0287cf1016a3116764ab7f1b9ed4a0758596a10c9d45202428c,0x832a94faa5f9a6aaa578162dffc0c3440f2d7f09e796fdc8e45616c47f4c565d,356,true,true,"[{""faultId"":""fault-0"",""queryId"":""livebench-2026-08-25T01-46-44-989Z-2-semantic_service_timeout-15"",""nodeId"":""quality_semantic"",""attempt"":1,""candidate"":""local-semantic-a"",""action"":""timeout""}]",
2,16,livebench-2026-08-25T01-46-44-989Z-2-semantic_service_timeout-16,semantic_service_timeout,ANCHORED,SATISFIED,540.209,266,274.209,1,7,15174,0x6c3e06191cddaee3c1eb5783a0f86b81d04caac3d3a000d9157976a956746295,0x08c2ae6c230e756277afabccc9a1d574d8a34c74130c20ed6d2140dbd7a42674,357,true,true,"[{""faultId"":""fault-0"",""queryId"":""livebench-2026-08-25T01-46-44-989Z-2-semantic_service_timeout-16"",""nodeId"":""quality_semantic"",""attempt"":1,""candidate"":""local-semantic-a"",""action"":""timeout""}]",
2,17,livebench-2026-08-25T01-46-44-989Z-2-semantic_service_timeout-17,semantic_service_timeout,ANCHORED,SATISFIED,521.388,265,256.388,1,7,15174,0xbd94e1fa2ca809268ce633931ea158f3d60b1b48d83ef679d99369bfa57adf97,0x6569e64d33c849106f3e84fc56647a1c1566bdda9ced356754f8ef2714c26c4f,358,true,true,"[{""faultId"":""fault-0"",""queryId"":""livebench-2026-08-25T01-46-44-989Z-2-semantic_service_timeout-17"",""nodeId"":""quality_semantic"",""attempt"":1,""candidate"":""local-semantic-a"",""action"":""timeout""}]",
2,18,livebench-2026-08-25T01-46-44-989Z-2-semantic_service_timeout-18,semantic_service_timeout,ANCHORED,SATISFIED,504.205,274,230.205,1,7,15172,0x473f72421c23db1c7b02fe01542f22d4937ad20dfdcb2afb67fc2055e3f921f1,0x810e4a55130435bfc5e8ea34ad4b02a364d65b84e88d6d37abf2c3d8742a3eb4,359,true,true,"[{""faultId"":""fault-0"",""queryId"":""livebench-2026-08-25T01-46-44-989Z-2-semantic_service_timeout-18"",""nodeId"":""quality_semantic"",""attempt"":1,""candidate"":""local-semantic-a"",""action"":""timeout""}]",
2,19,livebench-2026-08-25T01-46-44-989Z-2-semantic_service_timeout-19,semantic_service_timeout,ANCHORED,SATISFIED,494.626,266,228.626,1,7,15172,0x5dcded65c7ce7c5028f810b6aca4646ea88cf46958e88b1c572760641614b86c,0xd0713018edc62f7943b9f9e960bb32ed0948d4b8dda910eb8143abbd6d7e9604,360,true,true,"[{""faultId"":""fault-0"",""queryId"":""livebench-2026-08-25T01-46-44-989Z-2-semantic_service_timeout-19"",""nodeId"":""quality_semantic"",""attempt"":1,""candidate"":""local-semantic-a"",""action"":""timeout""}]",
2,0,livebench-2026-08-25T01-46-44-989Z-2-fabric_endpoint_exhausted-0,fabric_endpoint_exhausted,FAILED,,552.068,32,520.068,1,7,13348,0x9049cd632225bc087e9111c0da5666236168db9cb73fc0d56894b6d45531a034,0x1427d059ebea070ca022ab595c3a3075816a133c02e3b193801f326528ff7c20,361,true,true,"[{""faultId"":""fault-0"",""queryId"":""livebench-2026-08-25T01-46-44-989Z-2-fabric_endpoint_exhausted-0"",""nodeId"":""order_fabric"",""attempt"":1,""candidate"":""fabric-peer-0"",""action"":""error""},{""faultId"":""fault-1"",""queryId"":""livebench-2026-08-25T01-46-44-989Z-2-fabric_endpoint_exhausted-0"",""nodeId"":""order_fabric"",""attempt"":2,""candidate"":""fabric-peer-1"",""action"":""error""}]",
2,1,livebench-2026-08-25T01-46-44-989Z-2-fabric_endpoint_exhausted-1,fabric_endpoint_exhausted,FAILED,,504.988,25,479.988,1,7,13348,0xed336051c09a7c9621b8351e8061523f1e495a1298a33c3eb062baabcb82972f,0x37a214563f2be70460c82a34867e08eff795242af763add865acbac8556e5fea,362,true,true,"[{""faultId"":""fault-0"",""queryId"":""livebench-2026-08-25T01-46-44-989Z-2-fabric_endpoint_exhausted-1"",""nodeId"":""order_fabric"",""attempt"":1,""candidate"":""fabric-peer-0"",""action"":""error""},{""faultId"":""fault-1"",""queryId"":""livebench-2026-08-25T01-46-44-989Z-2-fabric_endpoint_exhausted-1"",""nodeId"":""order_fabric"",""attempt"":2,""candidate"":""fabric-peer-1"",""action"":""error""}]",
2,2,livebench-2026-08-25T01-46-44-989Z-2-fabric_endpoint_exhausted-2,fabric_endpoint_exhausted,FAILED,,498.472,24,474.472,1,7,13348,0x15107ed0413dc46d85bd08b7f3924d4ee6a14c5e5e60049d07d07a1e56de1df0,0x03fe541500549e72a9c07dfce81ecdf02bd9886eded73896b0e066528ad708fa,363,true,true,"[{""faultId"":""fault-0"",""queryId"":""livebench-2026-08-25T01-46-44-989Z-2-fabric_endpoint_exhausted-2"",""nodeId"":""order_fabric"",""attempt"":1,""candidate"":""fabric-peer-0"",""action"":""error""},{""faultId"":""fault-1"",""queryId"":""livebench-2026-08-25T01-46-44-989Z-2-fabric_endpoint_exhausted-2"",""nodeId"":""order_fabric"",""attempt"":2,""candidate"":""fabric-peer-1"",""action"":""error""}]",
2,3,livebench-2026-08-25T01-46-44-989Z-2-fabric_endpoint_exhausted-3,fabric_endpoint_exhausted,FAILED,,516.026,29,487.026,1,7,13348,0xb05936261073e1e8386667ac481707b9841ee797230b9030de729d1be4864b78,0x8bf00e0df80da44041d37d5e2378853820cd8682fe403ad1ccfae3f846201ec0,364,true,true,"[{""faultId"":""fault-0"",""queryId"":""livebench-2026-08-25T01-46-44-989Z-2-fabric_endpoint_exhausted-3"",""nodeId"":""order_fabric"",""attempt"":1,""candidate"":""fabric-peer-0"",""action"":""error""},{""faultId"":""fault-1"",""queryId"":""livebench-2026-08-25T01-46-44-989Z-2-fabric_endpoint_exhausted-3"",""nodeId"":""order_fabric"",""attempt"":2,""candidate"":""fabric-peer-1"",""action"":""error""}]",
2,4,livebench-2026-08-25T01-46-44-989Z-2-fabric_endpoint_exhausted-4,fabric_endpoint_exhausted,FAILED,,500.657,25,475.657,1,7,13348,0x89eb2dc6e51391fe410155c5e0818fde0502d3e3609ffbe7451f1736e8fac48e,0xf62e3ba3fd88417f470e3882cdf7cf305492bff6a73ec80b59464b32e2b30a4d,365,true,true,"[{""faultId"":""fault-0"",""queryId"":""livebench-2026-08-25T01-46-44-989Z-2-fabric_endpoint_exhausted-4"",""nodeId"":""order_fabric"",""attempt"":1,""candidate"":""fabric-peer-0"",""action"":""error""},{""faultId"":""fault-1"",""queryId"":""livebench-2026-08-25T01-46-44-989Z-2-fabric_endpoint_exhausted-4"",""nodeId"":""order_fabric"",""attempt"":2,""candidate"":""fabric-peer-1"",""action"":""error""}]",
2,5,livebench-2026-08-25T01-46-44-989Z-2-fabric_endpoint_exhausted-5,fabric_endpoint_exhausted,FAILED,,514.821,26,488.821,1,7,13348,0x8eed65090e6533e1e6d37447129bd1e8233d47a7b2116c04a613d13b95e6aa90,0x9f9e43b518ca98923a03d026b950846da935db274a5adbb92b4766fb4e2454b2,366,true,true,"[{""faultId"":""fault-0"",""queryId"":""livebench-2026-08-25T01-46-44-989Z-2-fabric_endpoint_exhausted-5"",""nodeId"":""order_fabric"",""attempt"":1,""candidate"":""fabric-peer-0"",""action"":""error""},{""faultId"":""fault-1"",""queryId"":""livebench-2026-08-25T01-46-44-989Z-2-fabric_endpoint_exhausted-5"",""nodeId"":""order_fabric"",""attempt"":2,""candidate"":""fabric-peer-1"",""action"":""error""}]",
2,6,livebench-2026-08-25T01-46-44-989Z-2-fabric_endpoint_exhausted-6,fabric_endpoint_exhausted,FAILED,,485.938,32,453.938,1,7,13348,0xfeddedf619836cb8886b85bf7a868abd686fc1b3246aaea69c71837eee757230,0x015bd8c4dfb9947e305d5c5469ca848a71cf410b429494d579081966c5bda622,367,true,true,"[{""faultId"":""fault-0"",""queryId"":""livebench-2026-08-25T01-46-44-989Z-2-fabric_endpoint_exhausted-6"",""nodeId"":""order_fabric"",""attempt"":1,""candidate"":""fabric-peer-0"",""action"":""error""},{""faultId"":""fault-1"",""queryId"":""livebench-2026-08-25T01-46-44-989Z-2-fabric_endpoint_exhausted-6"",""nodeId"":""order_fabric"",""attempt"":2,""candidate"":""fabric-peer-1"",""action"":""error""}]",
2,7,livebench-2026-08-25T01-46-44-989Z-2-fabric_endpoint_exhausted-7,fabric_endpoint_exhausted,FAILED,,578.604,29,549.604,1,7,13348,0x3c26dfc9e940c4fbe87287cc5bb8b845214815c13f087cc767287a5ee822a7b6,0x0c81d3610d110904c58b15e75c6e912a6911cbda628a647af4d8380253161124,368,true,true,"[{""faultId"":""fault-0"",""queryId"":""livebench-2026-08-25T01-46-44-989Z-2-fabric_endpoint_exhausted-7"",""nodeId"":""order_fabric"",""attempt"":1,""candidate"":""fabric-peer-0"",""action"":""error""},{""faultId"":""fault-1"",""queryId"":""livebench-2026-08-25T01-46-44-989Z-2-fabric_endpoint_exhausted-7"",""nodeId"":""order_fabric"",""attempt"":2,""candidate"":""fabric-peer-1"",""action"":""error""}]",
2,8,livebench-2026-08-25T01-46-44-989Z-2-fabric_endpoint_exhausted-8,fabric_endpoint_exhausted,FAILED,,513.87,29,484.87,1,7,13348,0x2d73d9e64a7b5c6875c80f238e436967bb207cba5c5dcf6020c2e47c121262e3,0x621a6534e4e4a2f2c52e8ee4622701dc7076b61ee26bbbf485223741c271c632,369,true,true,"[{""faultId"":""fault-0"",""queryId"":""livebench-2026-08-25T01-46-44-989Z-2-fabric_endpoint_exhausted-8"",""nodeId"":""order_fabric"",""attempt"":1,""candidate"":""fabric-peer-0"",""action"":""error""},{""faultId"":""fault-1"",""queryId"":""livebench-2026-08-25T01-46-44-989Z-2-fabric_endpoint_exhausted-8"",""nodeId"":""order_fabric"",""attempt"":2,""candidate"":""fabric-peer-1"",""action"":""error""}]",
2,9,livebench-2026-08-25T01-46-44-989Z-2-fabric_endpoint_exhausted-9,fabric_endpoint_exhausted,FAILED,,500.464,25,475.464,1,7,13348,0x9257c625cbd89db6e3161acb938917755c025e1919f6a38d95d9c5e50f10d54f,0xfb603ebc8a73db80807c1b15e08497a1e10b409c95aea5c902348c9c3feb9d31,370,true,true,"[{""faultId"":""fault-0"",""queryId"":""livebench-2026-08-25T01-46-44-989Z-2-fabric_endpoint_exhausted-9"",""nodeId"":""order_fabric"",""attempt"":1,""candidate"":""fabric-peer-0"",""action"":""error""},{""faultId"":""fault-1"",""queryId"":""livebench-2026-08-25T01-46-44-989Z-2-fabric_endpoint_exhausted-9"",""nodeId"":""order_fabric"",""attempt"":2,""candidate"":""fabric-peer-1"",""action"":""error""}]",
2,10,livebench-2026-08-25T01-46-44-989Z-2-fabric_endpoint_exhausted-10,fabric_endpoint_exhausted,FAILED,,658.251,26,632.251,1,7,13353,0x5fb3aaafd797b78a9a77bd2f875ed06be75ad9b3f794ba3047016ca886caf1e5,0x673063c739e365af65fe0358e60e90ad246b726e5838a555e62129f5a8939526,371,true,true,"[{""faultId"":""fault-0"",""queryId"":""livebench-2026-08-25T01-46-44-989Z-2-fabric_endpoint_exhausted-10"",""nodeId"":""order_fabric"",""attempt"":1,""candidate"":""fabric-peer-0"",""action"":""error""},{""faultId"":""fault-1"",""queryId"":""livebench-2026-08-25T01-46-44-989Z-2-fabric_endpoint_exhausted-10"",""nodeId"":""order_fabric"",""attempt"":2,""candidate"":""fabric-peer-1"",""action"":""error""}]",
2,11,livebench-2026-08-25T01-46-44-989Z-2-fabric_endpoint_exhausted-11,fabric_endpoint_exhausted,FAILED,,345.384,36,309.384,1,7,13353,0xedcef111f6efc6be3c9dbe570ec22d4ca088e4f5aeb95c18737ec71c9dd81031,0x9e3a815d8cef0cf17b492ea35f05559d2d420688ae803a8268c0589bec191176,372,true,true,"[{""faultId"":""fault-0"",""queryId"":""livebench-2026-08-25T01-46-44-989Z-2-fabric_endpoint_exhausted-11"",""nodeId"":""order_fabric"",""attempt"":1,""candidate"":""fabric-peer-0"",""action"":""error""},{""faultId"":""fault-1"",""queryId"":""livebench-2026-08-25T01-46-44-989Z-2-fabric_endpoint_exhausted-11"",""nodeId"":""order_fabric"",""attempt"":2,""candidate"":""fabric-peer-1"",""action"":""error""}]",
2,12,livebench-2026-08-25T01-46-44-989Z-2-fabric_endpoint_exhausted-12,fabric_endpoint_exhausted,FAILED,,506.577,31,475.577,1,7,13353,0x3b86644a63d871d699de21f5d14c677079d6578ac3a3c40d64e534ec27314102,0x112fe7e53631ec205956e30b65d08a29b867a66f0a2285bd8b2b8c0851f26e24,373,true,true,"[{""faultId"":""fault-0"",""queryId"":""livebench-2026-08-25T01-46-44-989Z-2-fabric_endpoint_exhausted-12"",""nodeId"":""order_fabric"",""attempt"":1,""candidate"":""fabric-peer-0"",""action"":""error""},{""faultId"":""fault-1"",""queryId"":""livebench-2026-08-25T01-46-44-989Z-2-fabric_endpoint_exhausted-12"",""nodeId"":""order_fabric"",""attempt"":2,""candidate"":""fabric-peer-1"",""action"":""error""}]",
2,13,livebench-2026-08-25T01-46-44-989Z-2-fabric_endpoint_exhausted-13,fabric_endpoint_exhausted,FAILED,,500.451,25,475.451,1,7,13353,0x982ddab93e0f28dabcd7a407264a7f5a3d0a98058e5004c67e8312e157582bd7,0x8a7930f6ed533b2e6474c44c28afbc74b705ebcd915562149db841fe3cacd2fc,374,true,true,"[{""faultId"":""fault-0"",""queryId"":""livebench-2026-08-25T01-46-44-989Z-2-fabric_endpoint_exhausted-13"",""nodeId"":""order_fabric"",""attempt"":1,""candidate"":""fabric-peer-0"",""action"":""error""},{""faultId"":""fault-1"",""queryId"":""livebench-2026-08-25T01-46-44-989Z-2-fabric_endpoint_exhausted-13"",""nodeId"":""order_fabric"",""attempt"":2,""candidate"":""fabric-peer-1"",""action"":""error""}]",
2,14,livebench-2026-08-25T01-46-44-989Z-2-fabric_endpoint_exhausted-14,fabric_endpoint_exhausted,FAILED,,505.777,23,482.777,1,7,13353,0xe4d21f3c9291e0dd675e9aa8975a31ff31752e1d82b576fa6f40f09a6246a1c0,0xda5bf3336960cb109d79cffcd9be94c89f83e52a1fc7ebf1e3046aad9ca5f603,375,true,true,"[{""faultId"":""fault-0"",""queryId"":""livebench-2026-08-25T01-46-44-989Z-2-fabric_endpoint_exhausted-14"",""nodeId"":""order_fabric"",""attempt"":1,""candidate"":""fabric-peer-0"",""action"":""error""},{""faultId"":""fault-1"",""queryId"":""livebench-2026-08-25T01-46-44-989Z-2-fabric_endpoint_exhausted-14"",""nodeId"":""order_fabric"",""attempt"":2,""candidate"":""fabric-peer-1"",""action"":""error""}]",
2,15,livebench-2026-08-25T01-46-44-989Z-2-fabric_endpoint_exhausted-15,fabric_endpoint_exhausted,FAILED,,502.534,24,478.534,1,7,13353,0x465145615b0b26ff7f6b931ad70bf937ef449c3edc3a37ffa2d4106b92c60b68,0x4bacb001745bb9c2612c2b84a04163edb0b30c1e4ea406661dc48d069b218c44,376,true,true,"[{""faultId"":""fault-0"",""queryId"":""livebench-2026-08-25T01-46-44-989Z-2-fabric_endpoint_exhausted-15"",""nodeId"":""order_fabric"",""attempt"":1,""candidate"":""fabric-peer-0"",""action"":""error""},{""faultId"":""fault-1"",""queryId"":""livebench-2026-08-25T01-46-44-989Z-2-fabric_endpoint_exhausted-15"",""nodeId"":""order_fabric"",""attempt"":2,""candidate"":""fabric-peer-1"",""action"":""error""}]",
2,16,livebench-2026-08-25T01-46-44-989Z-2-fabric_endpoint_exhausted-16,fabric_endpoint_exhausted,FAILED,,505.748,29,476.748,1,7,13353,0x5bc95784058f6e611839b68e974a9cac0aa5cab35552e1b0aa9c7621f38b7bdd,0x0727ce9a7677a3210225a1f1c5a99228d197b80276d5841875f94d2bdf252a24,377,true,true,"[{""faultId"":""fault-0"",""queryId"":""livebench-2026-08-25T01-46-44-989Z-2-fabric_endpoint_exhausted-16"",""nodeId"":""order_fabric"",""attempt"":1,""candidate"":""fabric-peer-0"",""action"":""error""},{""faultId"":""fault-1"",""queryId"":""livebench-2026-08-25T01-46-44-989Z-2-fabric_endpoint_exhausted-16"",""nodeId"":""order_fabric"",""attempt"":2,""candidate"":""fabric-peer-1"",""action"":""error""}]",
2,17,livebench-2026-08-25T01-46-44-989Z-2-fabric_endpoint_exhausted-17,fabric_endpoint_exhausted,FAILED,,525.139,27,498.139,1,7,13353,0x72e256ce6275aaf76016352d651ef8787d6fc5e9105ddb239ab7087864ff0eb6,0xb68e9c470bbad2278fcc9c80fe6f60fa38b98937d75b176f32093f234471cdd5,378,true,true,"[{""faultId"":""fault-0"",""queryId"":""livebench-2026-08-25T01-46-44-989Z-2-fabric_endpoint_exhausted-17"",""nodeId"":""order_fabric"",""attempt"":1,""candidate"":""fabric-peer-0"",""action"":""error""},{""faultId"":""fault-1"",""queryId"":""livebench-2026-08-25T01-46-44-989Z-2-fabric_endpoint_exhausted-17"",""nodeId"":""order_fabric"",""attempt"":2,""candidate"":""fabric-peer-1"",""action"":""error""}]",
2,18,livebench-2026-08-25T01-46-44-989Z-2-fabric_endpoint_exhausted-18,fabric_endpoint_exhausted,FAILED,,562.332,35,527.332,1,7,13353,0xeacdd2aba149909187ec2bd39ad0a014f4c7e4616aba3383954ef239c3781ea6,0x3bc56fb505f5c8a7031126ea082bdeb12b7f6deee5fba389403fb2fd729dcd2b,379,true,true,"[{""faultId"":""fault-0"",""queryId"":""livebench-2026-08-25T01-46-44-989Z-2-fabric_endpoint_exhausted-18"",""nodeId"":""order_fabric"",""attempt"":1,""candidate"":""fabric-peer-0"",""action"":""error""},{""faultId"":""fault-1"",""queryId"":""livebench-2026-08-25T01-46-44-989Z-2-fabric_endpoint_exhausted-18"",""nodeId"":""order_fabric"",""attempt"":2,""candidate"":""fabric-peer-1"",""action"":""error""}]",
2,19,livebench-2026-08-25T01-46-44-989Z-2-fabric_endpoint_exhausted-19,fabric_endpoint_exhausted,FAILED,,504.691,33,471.691,1,7,13353,0x70e11e7805a35ddd66289209d10103b43327b576d9ad91b0a53864e2cef72d21,0x54912fe2f22968a9e0417d08e3ff8c00ad565092883f30a34ddbb15dc6f9e28a,380,true,true,"[{""faultId"":""fault-0"",""queryId"":""livebench-2026-08-25T01-46-44-989Z-2-fabric_endpoint_exhausted-19"",""nodeId"":""order_fabric"",""attempt"":1,""candidate"":""fabric-peer-0"",""action"":""error""},{""faultId"":""fault-1"",""queryId"":""livebench-2026-08-25T01-46-44-989Z-2-fabric_endpoint_exhausted-19"",""nodeId"":""order_fabric"",""attempt"":2,""candidate"":""fabric-peer-1"",""action"":""error""}]",
2,0,livebench-2026-08-25T01-46-44-989Z-2-semantic_disagreement-0,semantic_disagreement,INSUFFICIENT_EVIDENCE,INSUFFICIENT,506.274,39,467.274,1,7,14653,0xd6e94748cc618a5b22fd32cdacff72a45ed22f4dda49e21c026ba5ca6568360e,0xae652ec7d735adb21d0e11aaa428905fff347b1bae8544275bdbbfa36727bf5d,381,true,true,"[{""faultId"":""fault-0"",""queryId"":""livebench-2026-08-25T01-46-44-989Z-2-semantic_disagreement-0"",""nodeId"":""quality_semantic"",""attempt"":1,""candidate"":""local-semantic-a"",""action"":""mutate""},{""faultId"":""fault-1"",""queryId"":""livebench-2026-08-25T01-46-44-989Z-2-semantic_disagreement-0"",""nodeId"":""quality_semantic"",""attempt"":2,""candidate"":""local-semantic-b"",""action"":""mutate""}]",
2,1,livebench-2026-08-25T01-46-44-989Z-2-semantic_disagreement-1,semantic_disagreement,INSUFFICIENT_EVIDENCE,INSUFFICIENT,507.427,33,474.427,1,7,14653,0x547e0ba95303dea9a004902d875755e527d442e43ed14868dcc84c08bcb78012,0x2baec7039bc5bbd5d8b496eafc7738ccebcf151e8ef27f2c92e846559047f640,382,true,true,"[{""faultId"":""fault-0"",""queryId"":""livebench-2026-08-25T01-46-44-989Z-2-semantic_disagreement-1"",""nodeId"":""quality_semantic"",""attempt"":1,""candidate"":""local-semantic-a"",""action"":""mutate""},{""faultId"":""fault-1"",""queryId"":""livebench-2026-08-25T01-46-44-989Z-2-semantic_disagreement-1"",""nodeId"":""quality_semantic"",""attempt"":2,""candidate"":""local-semantic-b"",""action"":""mutate""}]",
2,2,livebench-2026-08-25T01-46-44-989Z-2-semantic_disagreement-2,semantic_disagreement,INSUFFICIENT_EVIDENCE,INSUFFICIENT,504.678,41,463.678,1,7,14653,0x0ab2c7bbbc8cf66f25baae3fd3daf1107a7275f983016315f7169d15bbb94ca1,0x5e26e3eb02cc97dd45d3269564f577dce8946f455ea6b53c8b78e2b42ff9b953,383,true,true,"[{""faultId"":""fault-0"",""queryId"":""livebench-2026-08-25T01-46-44-989Z-2-semantic_disagreement-2"",""nodeId"":""quality_semantic"",""attempt"":1,""candidate"":""local-semantic-a"",""action"":""mutate""},{""faultId"":""fault-1"",""queryId"":""livebench-2026-08-25T01-46-44-989Z-2-semantic_disagreement-2"",""nodeId"":""quality_semantic"",""attempt"":2,""candidate"":""local-semantic-b"",""action"":""mutate""}]",
2,3,livebench-2026-08-25T01-46-44-989Z-2-semantic_disagreement-3,semantic_disagreement,INSUFFICIENT_EVIDENCE,INSUFFICIENT,496.291,41,455.291,1,7,14653,0xc02e3cd8856a947ea6b3e44fda7e090ae9c232d764596da3ed9c40f7be4eb388,0x160a2afde28afaf3bc34303afbe2352c425ef2665bcd6d0435c694d8f76cf6f1,384,true,true,"[{""faultId"":""fault-0"",""queryId"":""livebench-2026-08-25T01-46-44-989Z-2-semantic_disagreement-3"",""nodeId"":""quality_semantic"",""attempt"":1,""candidate"":""local-semantic-a"",""action"":""mutate""},{""faultId"":""fault-1"",""queryId"":""livebench-2026-08-25T01-46-44-989Z-2-semantic_disagreement-3"",""nodeId"":""quality_semantic"",""attempt"":2,""candidate"":""local-semantic-b"",""action"":""mutate""}]",
2,4,livebench-2026-08-25T01-46-44-989Z-2-semantic_disagreement-4,semantic_disagreement,INSUFFICIENT_EVIDENCE,INSUFFICIENT,520.961,38,482.961,1,7,14653,0x1f3efcecd4946c175451c21c474b96d1ddbc211f2e60028776fc5651c088a0a4,0x11164be0a9429110098a1a66cd2a61ced75f8c4735ca83143e0f622609c335e8,385,true,true,"[{""faultId"":""fault-0"",""queryId"":""livebench-2026-08-25T01-46-44-989Z-2-semantic_disagreement-4"",""nodeId"":""quality_semantic"",""attempt"":1,""candidate"":""local-semantic-a"",""action"":""mutate""},{""faultId"":""fault-1"",""queryId"":""livebench-2026-08-25T01-46-44-989Z-2-semantic_disagreement-4"",""nodeId"":""quality_semantic"",""attempt"":2,""candidate"":""local-semantic-b"",""action"":""mutate""}]",
2,5,livebench-2026-08-25T01-46-44-989Z-2-semantic_disagreement-5,semantic_disagreement,INSUFFICIENT_EVIDENCE,INSUFFICIENT,580.991,38,542.991,1,7,14653,0x0305304d97830b35869564aca3732ad5f66b6bfbba65dee7d187efa504f709b1,0xcfafe0e1f5821229eca45dff12472697af75101294a97cc4de9989f5afd3184d,386,true,true,"[{""faultId"":""fault-0"",""queryId"":""livebench-2026-08-25T01-46-44-989Z-2-semantic_disagreement-5"",""nodeId"":""quality_semantic"",""attempt"":1,""candidate"":""local-semantic-a"",""action"":""mutate""},{""faultId"":""fault-1"",""queryId"":""livebench-2026-08-25T01-46-44-989Z-2-semantic_disagreement-5"",""nodeId"":""quality_semantic"",""attempt"":2,""candidate"":""local-semantic-b"",""action"":""mutate""}]",
2,6,livebench-2026-08-25T01-46-44-989Z-2-semantic_disagreement-6,semantic_disagreement,INSUFFICIENT_EVIDENCE,INSUFFICIENT,493.721,41,452.721,1,7,14651,0x75094cd165744c2c5ad084ee7538f6128fbafcdd9a4532c05a28ec1e1b399b5f,0x5406ca528278847d7baf27f99fab82ba697913b73457c7e602f3e58381c71a87,387,true,true,"[{""faultId"":""fault-0"",""queryId"":""livebench-2026-08-25T01-46-44-989Z-2-semantic_disagreement-6"",""nodeId"":""quality_semantic"",""attempt"":1,""candidate"":""local-semantic-a"",""action"":""mutate""},{""faultId"":""fault-1"",""queryId"":""livebench-2026-08-25T01-46-44-989Z-2-semantic_disagreement-6"",""nodeId"":""quality_semantic"",""attempt"":2,""candidate"":""local-semantic-b"",""action"":""mutate""}]",
2,7,livebench-2026-08-25T01-46-44-989Z-2-semantic_disagreement-7,semantic_disagreement,INSUFFICIENT_EVIDENCE,INSUFFICIENT,483.777,46,437.777,1,7,14653,0xf764b23ac7feefa4cec67a3641f0dbfa6dd215510aec0121bd88ce2666fb9b9f,0x0116431a4910c7cf3163f682f0abd39c367c8581c725c55588406d5f522d799a,388,true,true,"[{""faultId"":""fault-0"",""queryId"":""livebench-2026-08-25T01-46-44-989Z-2-semantic_disagreement-7"",""nodeId"":""quality_semantic"",""attempt"":1,""candidate"":""local-semantic-a"",""action"":""mutate""},{""faultId"":""fault-1"",""queryId"":""livebench-2026-08-25T01-46-44-989Z-2-semantic_disagreement-7"",""nodeId"":""quality_semantic"",""attempt"":2,""candidate"":""local-semantic-b"",""action"":""mutate""}]",
2,8,livebench-2026-08-25T01-46-44-989Z-2-semantic_disagreement-8,semantic_disagreement,INSUFFICIENT_EVIDENCE,INSUFFICIENT,506.215,39,467.215,1,7,14653,0x6dfae396b0a77f9b9a878834e2a9e470ee8ef335738baf7623e1cc9807088861,0x470f7e79c302f106786a5e247b4baf76da0dcfa3f20e678dc5a64c8a7de0a1d9,389,true,true,"[{""faultId"":""fault-0"",""queryId"":""livebench-2026-08-25T01-46-44-989Z-2-semantic_disagreement-8"",""nodeId"":""quality_semantic"",""attempt"":1,""candidate"":""local-semantic-a"",""action"":""mutate""},{""faultId"":""fault-1"",""queryId"":""livebench-2026-08-25T01-46-44-989Z-2-semantic_disagreement-8"",""nodeId"":""quality_semantic"",""attempt"":2,""candidate"":""local-semantic-b"",""action"":""mutate""}]",
2,9,livebench-2026-08-25T01-46-44-989Z-2-semantic_disagreement-9,semantic_disagreement,INSUFFICIENT_EVIDENCE,INSUFFICIENT,516.556,39,477.556,1,7,14651,0xa562a73cfffbd560e04e715cf3146280a71c98f95edcf44efd6321e3cb286d37,0x7e4c95ee006d76295bf14ed45454be3fc4680592c13949304d02803c910d9a5b,390,true,true,"[{""faultId"":""fault-0"",""queryId"":""livebench-2026-08-25T01-46-44-989Z-2-semantic_disagreement-9"",""nodeId"":""quality_semantic"",""attempt"":1,""candidate"":""local-semantic-a"",""action"":""mutate""},{""faultId"":""fault-1"",""queryId"":""livebench-2026-08-25T01-46-44-989Z-2-semantic_disagreement-9"",""nodeId"":""quality_semantic"",""attempt"":2,""candidate"":""local-semantic-b"",""action"":""mutate""}]",
2,10,livebench-2026-08-25T01-46-44-989Z-2-semantic_disagreement-10,semantic_disagreement,INSUFFICIENT_EVIDENCE,INSUFFICIENT,507.464,41,466.464,1,7,14658,0x90bf0e27a1e9b2d0c4114d09a67ede126b141acccd1d6b566270d4100b03f265,0x29dcd1229162f73502237af993c10f4ef8f14f9f0c7e3907244c181386a383ce,391,true,true,"[{""faultId"":""fault-0"",""queryId"":""livebench-2026-08-25T01-46-44-989Z-2-semantic_disagreement-10"",""nodeId"":""quality_semantic"",""attempt"":1,""candidate"":""local-semantic-a"",""action"":""mutate""},{""faultId"":""fault-1"",""queryId"":""livebench-2026-08-25T01-46-44-989Z-2-semantic_disagreement-10"",""nodeId"":""quality_semantic"",""attempt"":2,""candidate"":""local-semantic-b"",""action"":""mutate""}]",
2,11,livebench-2026-08-25T01-46-44-989Z-2-semantic_disagreement-11,semantic_disagreement,INSUFFICIENT_EVIDENCE,INSUFFICIENT,497.919,43,454.919,1,7,14656,0x9090fa3ca30bebfd2bf117d1f0f81a88bde25a52c8be76e0e43e94a29f9a8288,0x5a50dc407d71d00b1df5c7c621c9d26c69d9ee6fef779375102a11aba13000c2,392,true,true,"[{""faultId"":""fault-0"",""queryId"":""livebench-2026-08-25T01-46-44-989Z-2-semantic_disagreement-11"",""nodeId"":""quality_semantic"",""attempt"":1,""candidate"":""local-semantic-a"",""action"":""mutate""},{""faultId"":""fault-1"",""queryId"":""livebench-2026-08-25T01-46-44-989Z-2-semantic_disagreement-11"",""nodeId"":""quality_semantic"",""attempt"":2,""candidate"":""local-semantic-b"",""action"":""mutate""}]",
2,12,livebench-2026-08-25T01-46-44-989Z-2-semantic_disagreement-12,semantic_disagreement,INSUFFICIENT_EVIDENCE,INSUFFICIENT,509.109,34,475.109,1,7,14656,0xf740d3fb4a2357bda94adcf5015704ec4b6e34eb4ce25b425578817b540c3088,0x3bb3a9d1cd0364f1c275e94c12dc79535838286d40e656d5bca49a97a4e41b9d,393,true,true,"[{""faultId"":""fault-0"",""queryId"":""livebench-2026-08-25T01-46-44-989Z-2-semantic_disagreement-12"",""nodeId"":""quality_semantic"",""attempt"":1,""candidate"":""local-semantic-a"",""action"":""mutate""},{""faultId"":""fault-1"",""queryId"":""livebench-2026-08-25T01-46-44-989Z-2-semantic_disagreement-12"",""nodeId"":""quality_semantic"",""attempt"":2,""candidate"":""local-semantic-b"",""action"":""mutate""}]",
2,13,livebench-2026-08-25T01-46-44-989Z-2-semantic_disagreement-13,semantic_disagreement,INSUFFICIENT_EVIDENCE,INSUFFICIENT,504.139,34,470.139,1,7,14656,0x895429bbce8ddc9a635982b2d8a9e65be14534408fe9118feb7dadf4cdb8a4d4,0x0e9c9a404d96b74ab2cb962a7085cdfdc2c9784a26d6d290a6e933b0239b854a,394,true,true,"[{""faultId"":""fault-0"",""queryId"":""livebench-2026-08-25T01-46-44-989Z-2-semantic_disagreement-13"",""nodeId"":""quality_semantic"",""attempt"":1,""candidate"":""local-semantic-a"",""action"":""mutate""},{""faultId"":""fault-1"",""queryId"":""livebench-2026-08-25T01-46-44-989Z-2-semantic_disagreement-13"",""nodeId"":""quality_semantic"",""attempt"":2,""candidate"":""local-semantic-b"",""action"":""mutate""}]",
2,14,livebench-2026-08-25T01-46-44-989Z-2-semantic_disagreement-14,semantic_disagreement,INSUFFICIENT_EVIDENCE,INSUFFICIENT,509.876,42,467.876,1,7,14656,0x3d949a503eded3b91a154743be9e1c01a22d90456fe3f2186c2b309dee5e5b4d,0xacfea1a2b0458033f7e41058811707bbcdf79cd6aa75f83064994c2c877f7ff2,395,true,true,"[{""faultId"":""fault-0"",""queryId"":""livebench-2026-08-25T01-46-44-989Z-2-semantic_disagreement-14"",""nodeId"":""quality_semantic"",""attempt"":1,""candidate"":""local-semantic-a"",""action"":""mutate""},{""faultId"":""fault-1"",""queryId"":""livebench-2026-08-25T01-46-44-989Z-2-semantic_disagreement-14"",""nodeId"":""quality_semantic"",""attempt"":2,""candidate"":""local-semantic-b"",""action"":""mutate""}]",
2,15,livebench-2026-08-25T01-46-44-989Z-2-semantic_disagreement-15,semantic_disagreement,INSUFFICIENT_EVIDENCE,INSUFFICIENT,628.134,41,587.134,1,7,14656,0xead2d012647fa73981075eb12351ff19cff2ffe4b7b589bc38b119c0168d0ccb,0x4e9a43c2f7273f38c29ee042f24329a28027b97225b69a7a99f28ca29929eb8b,396,true,true,"[{""faultId"":""fault-0"",""queryId"":""livebench-2026-08-25T01-46-44-989Z-2-semantic_disagreement-15"",""nodeId"":""quality_semantic"",""attempt"":1,""candidate"":""local-semantic-a"",""action"":""mutate""},{""faultId"":""fault-1"",""queryId"":""livebench-2026-08-25T01-46-44-989Z-2-semantic_disagreement-15"",""nodeId"":""quality_semantic"",""attempt"":2,""candidate"":""local-semantic-b"",""action"":""mutate""}]",
2,16,livebench-2026-08-25T01-46-44-989Z-2-semantic_disagreement-16,semantic_disagreement,INSUFFICIENT_EVIDENCE,INSUFFICIENT,507.974,48,459.974,1,7,14656,0x2dc125fc499703ee0f3634af73106ede0cfed8594cc27e5e16b13ec2ffafb94d,0x318438f8ba6d1f62e7a2b55182e107471d2dbef3155e974831e53941857e4780,397,true,true,"[{""faultId"":""fault-0"",""queryId"":""livebench-2026-08-25T01-46-44-989Z-2-semantic_disagreement-16"",""nodeId"":""quality_semantic"",""attempt"":1,""candidate"":""local-semantic-a"",""action"":""mutate""},{""faultId"":""fault-1"",""queryId"":""livebench-2026-08-25T01-46-44-989Z-2-semantic_disagreement-16"",""nodeId"":""quality_semantic"",""attempt"":2,""candidate"":""local-semantic-b"",""action"":""mutate""}]",
2,17,livebench-2026-08-25T01-46-44-989Z-2-semantic_disagreement-17,semantic_disagreement,INSUFFICIENT_EVIDENCE,INSUFFICIENT,528.54,55,473.54,1,7,14656,0x6ef5ac51d6eddf44ea9af6e283989cd068b681f5a6c6bdbf0d659fbad41e4e63,0x7b7f8e9edbff2905b684c6624233c4048b86806f64a2fdfe0f5020532da36f71,398,true,true,"[{""faultId"":""fault-0"",""queryId"":""livebench-2026-08-25T01-46-44-989Z-2-semantic_disagreement-17"",""nodeId"":""quality_semantic"",""attempt"":1,""candidate"":""local-semantic-a"",""action"":""mutate""},{""faultId"":""fault-1"",""queryId"":""livebench-2026-08-25T01-46-44-989Z-2-semantic_disagreement-17"",""nodeId"":""quality_semantic"",""attempt"":2,""candidate"":""local-semantic-b"",""action"":""mutate""}]",
2,18,livebench-2026-08-25T01-46-44-989Z-2-semantic_disagreement-18,semantic_disagreement,INSUFFICIENT_EVIDENCE,INSUFFICIENT,504.023,47,457.023,1,7,14656,0xcfd3ec3c853e6bbc95ed06695aebe85117a3c7d4f702f4c30a0948796dde3626,0x0ea48ca83e25bf7692e3d718da26070075a898090cd68008e2d13c53c92f3887,399,true,true,"[{""faultId"":""fault-0"",""queryId"":""livebench-2026-08-25T01-46-44-989Z-2-semantic_disagreement-18"",""nodeId"":""quality_semantic"",""attempt"":1,""candidate"":""local-semantic-a"",""action"":""mutate""},{""faultId"":""fault-1"",""queryId"":""livebench-2026-08-25T01-46-44-989Z-2-semantic_disagreement-18"",""nodeId"":""quality_semantic"",""attempt"":2,""candidate"":""local-semantic-b"",""action"":""mutate""}]",
2,19,livebench-2026-08-25T01-46-44-989Z-2-semantic_disagreement-19,semantic_disagreement,INSUFFICIENT_EVIDENCE,INSUFFICIENT,527.292,41,486.292,1,7,14658,0x519c5fe13e96d75ef076b94ff1a55d97ff6df86993105cc05bf14df63493783d,0x75ff17188a577f7258e958f46c98f8c4f7ec9f663081769b5c66620e272cf275,400,true,true,"[{""faultId"":""fault-0"",""queryId"":""livebench-2026-08-25T01-46-44-989Z-2-semantic_disagreement-19"",""nodeId"":""quality_semantic"",""attempt"":1,""candidate"":""local-semantic-a"",""action"":""mutate""},{""faultId"":""fault-1"",""queryId"":""livebench-2026-08-25T01-46-44-989Z-2-semantic_disagreement-19"",""nodeId"":""quality_semantic"",""attempt"":2,""candidate"":""local-semantic-b"",""action"":""mutate""}]",
3,0,livebench-2026-08-25T01-46-44-989Z-3-normal-0,normal,ANCHORED,SATISFIED,538.131,37,501.131,0,6,14484,0xccafc241b6548ba6ef26c9c947e34a425fd667d0e92bc1443b3be1b0b9630dc2,0x465e5ea33d26d93a3f733520907c87961ae922b7be4de0bc34a87368261073ef,401,true,true,[],
3,1,livebench-2026-08-25T01-46-44-989Z-3-normal-1,normal,ANCHORED,SATISFIED,490.025,70,420.025,0,6,14484,0x9fff8d1d211fb79ee98f9f74bf05f5808ab2c5641896c8ceeaee1034f7411ec2,0x7e4335cd06419f310c9878f0cfec414cb9ef12a928685c0cae6b4b23ef5fdfec,402,true,true,[],
3,2,livebench-2026-08-25T01-46-44-989Z-3-normal-2,normal,ANCHORED,SATISFIED,501.989,43,458.989,0,6,14486,0x654d8fd94d85ff4f9b11fa7c88a4da96c18a4ba44a0d0b94845f7aaf4bff16ca,0x3d3bacdc8ecdabfd1273a2d5fa0332845c6ab0ce321a49fa1f1198700d1cb259,403,true,true,[],
3,3,livebench-2026-08-25T01-46-44-989Z-3-normal-3,normal,ANCHORED,SATISFIED,524.953,47,477.953,0,6,14484,0x99250a4ca6e09606eb5447be8b8d896fe921b99999567194d707a39a1840f0c2,0xe30aa24856ad1e58748b8e29e252306118dd11ba9bd1bb660248880160b44b35,404,true,true,[],
3,4,livebench-2026-08-25T01-46-44-989Z-3-normal-4,normal,ANCHORED,SATISFIED,486.513,52,434.513,0,6,14486,0xdd120ae1bd69359ff2a26a9feecb744d2a95dfda09a37c9e988616b83b826149,0xc20d06ce3f04cebb61f4d2f0dc08d82d5018e59d400896228f1d05b0b28fb1f9,405,true,true,[],
3,5,livebench-2026-08-25T01-46-44-989Z-3-normal-5,normal,ANCHORED,SATISFIED,505.231,36,469.231,0,6,14486,0x1ba9b9ec82d7cd94df07c498abb2d8bbf01b2aa0827cc7cde1cd7a3908fd9a18,0x842a32fae6c49ccc40c9298675737495c99515ea17ac055fed4b83bb8926be4c,406,true,true,[],
3,6,livebench-2026-08-25T01-46-44-989Z-3-normal-6,normal,ANCHORED,SATISFIED,527.266,45,482.266,0,6,14486,0xde953b8e5afb971e6971e44b4f2ef24496d09129bd9f426818d3e1d42bba0dd2,0x1e3bd2f5da8be063c704eab39e0a2b36f1612dc0ef1bb3869ba4ce7a9e0318f3,407,true,true,[],
3,7,livebench-2026-08-25T01-46-44-989Z-3-normal-7,normal,ANCHORED,SATISFIED,510.798,35,475.798,0,6,14484,0x932a98403a44ea480e83c1e078b8351b6bce7e0c7407aecffdecefb8a8680cdb,0x8e1d01e207f2c940c65fc90c368b799b167cdbce551b2ee10be877ac001c4585,408,true,true,[],
3,8,livebench-2026-08-25T01-46-44-989Z-3-normal-8,normal,ANCHORED,SATISFIED,526.619,41,485.619,0,6,14486,0xe83b2b84df76e64fa32f1b6452f6a34e55689eba28cc9cc5cd0eff20b39057a0,0x94c035e4ac8b66d174e2562d0a6448c749aa0bf9fdee1eabd20b3f392bec06e3,409,true,true,[],
3,9,livebench-2026-08-25T01-46-44-989Z-3-normal-9,normal,ANCHORED,SATISFIED,572.762,43,529.762,0,6,14484,0x92f4d664506c97f98c457a881a3433d23ccbebed4a953d171e1dbdae85876fde,0x9575ec74cafa59f52f7776a6a3206eee38539389f703bd4c85c4ed6598f35a24,410,true,true,[],
3,10,livebench-2026-08-25T01-46-44-989Z-3-normal-10,normal,ANCHORED,SATISFIED,448.364,41,407.364,0,6,14492,0x73e40cda67d311d41d65ff6463a8e5348297f4916776f4ba24d8c0c953140dcd,0x9a1c76e1684944470ae4b2968740aefbe6479c2f742ecae3e010015b9dd1019b,411,true,true,[],
3,11,livebench-2026-08-25T01-46-44-989Z-3-normal-11,normal,ANCHORED,SATISFIED,509.439,49,460.439,0,6,14490,0xa29cf8a0e7d3aecf741fd02724f20ba2791d027fed010b1e277d36ae2c2eec4d,0x3925b617412946396480194e6c148347c65da60d6cacaea31c2ee55e6047dd99,412,true,true,[],
3,12,livebench-2026-08-25T01-46-44-989Z-3-normal-12,normal,ANCHORED,SATISFIED,502.049,41,461.049,0,6,14490,0x7f2ba4c7c63387ffad0d6d839dcddfb20d429f711d08d6451ce8989eada768ae,0x4dd335597f7bd8867819ff7955fd35b5116822dba1814c72ea477640751404dd,413,true,true,[],
3,13,livebench-2026-08-25T01-46-44-989Z-3-normal-13,normal,ANCHORED,SATISFIED,513.193,37,476.193,0,6,14492,0x8b48ae9579d106111d08106afdc234e221dd7359067be09d9357e96e53717df3,0x74c00e49478b96bc70ed10ed421521e4971c19fdcdb340bb026c69d7696bdfba,414,true,true,[],
3,14,livebench-2026-08-25T01-46-44-989Z-3-normal-14,normal,ANCHORED,SATISFIED,523.128,47,476.128,0,6,14492,0x3cf1e74ce79a9fc4e15167b6af01def87841968fe1e68ee391c9441bd653f860,0xc7e673f284e6a694e8bb455e9ce085597a66106e0ec64e0e01140d46a99f9e4e,415,true,true,[],
3,15,livebench-2026-08-25T01-46-44-989Z-3-normal-15,normal,ANCHORED,SATISFIED,492.812,61,431.812,0,6,14492,0xdf64040da6320b8b3672f63eb103e4b7dd60a7cf1624991401cd206c4c29f304,0x2e4a3aa742674af4e1e089b9abeb057a0f217854fafc7ded4fb5bf1bd0ebe5b4,416,true,true,[],
3,16,livebench-2026-08-25T01-46-44-989Z-3-normal-16,normal,ANCHORED,SATISFIED,550.539,56,494.539,0,6,14492,0xdc6835ad6333970521af52f1f212d60d6cbc0f6c326117a77cf30818c5740430,0x417a84fa756d285cd5294387d7474b12e08248367b5ecf20bc8a0b37f3eab176,417,true,true,[],
3,17,livebench-2026-08-25T01-46-44-989Z-3-normal-17,normal,ANCHORED,SATISFIED,529.142,71,458.142,0,6,14490,0xf108b0d039cec4bfa163e03589fda9aceceac314d00a710706d2c5e489088cae,0x39976c03e43fb22b7eea4782b3f44d0dce4dff9c8fbe254e7e1ce3f26302c2fc,418,true,true,[],
3,18,livebench-2026-08-25T01-46-44-989Z-3-normal-18,normal,ANCHORED,SATISFIED,507.165,50,457.165,0,6,14490,0x8d3c3ee3bca45fd5483c22246e91be66d76456a23c4e471759b06c0a687bc828,0x778323d9fc4b777a2d3d56b9354aa8fc404e05ef53c0542d5deb2c4ae400ee7b,419,true,true,[],
3,19,livebench-2026-08-25T01-46-44-989Z-3-normal-19,normal,ANCHORED,SATISFIED,506.074,46,460.074,0,6,14490,0xda37af63edc9bec511176873bbc1fadeffc7e3bf9bebd62883a3b06698a152bc,0xfc5d805725d0133c4a8df44d2fcb1dd9c7af4b78b0b2e8cea3d2d656ddd064ec,420,true,true,[],
3,0,livebench-2026-08-25T01-46-44-989Z-3-fabric_endpoint_retry-0,fabric_endpoint_retry,ANCHORED,SATISFIED,503.023,41,462.023,1,7,15032,0x254d39c9564e6df5c4e1511683d2b4f41d7189a4819f7063118d1ca661e5f5ff,0x91da83815e949e20c3a9a4aaa0523ddb972af7a0604bdc608dc039e56b3c5265,421,true,true,"[{""faultId"":""fault-0"",""queryId"":""livebench-2026-08-25T01-46-44-989Z-3-fabric_endpoint_retry-0"",""nodeId"":""order_fabric"",""attempt"":1,""candidate"":""fabric-peer-0"",""action"":""error""}]",
3,1,livebench-2026-08-25T01-46-44-989Z-3-fabric_endpoint_retry-1,fabric_endpoint_retry,ANCHORED,SATISFIED,502.688,45,457.688,1,7,15032,0xbe76300d86330d074e288c42cf77d570e6a2c3e985c195ac63c0d6e60e493c74,0x55cc77949b0f659561c0b5bd59925d0a47adc1ca2b8484bf7329958b97e96a63,422,true,true,"[{""faultId"":""fault-0"",""queryId"":""livebench-2026-08-25T01-46-44-989Z-3-fabric_endpoint_retry-1"",""nodeId"":""order_fabric"",""attempt"":1,""candidate"":""fabric-peer-0"",""action"":""error""}]",
3,2,livebench-2026-08-25T01-46-44-989Z-3-fabric_endpoint_retry-2,fabric_endpoint_retry,ANCHORED,SATISFIED,539.365,38,501.365,1,7,15032,0x6bc6c3ca0052f97a55ae116eadee35d8038b074f098bfcd8a65f15f4dfd904eb,0x3e11ca69a21ce8aa3408146a0247aeb8498ad9fc6cf948dbd98239b010a1a39d,423,true,true,"[{""faultId"":""fault-0"",""queryId"":""livebench-2026-08-25T01-46-44-989Z-3-fabric_endpoint_retry-2"",""nodeId"":""order_fabric"",""attempt"":1,""candidate"":""fabric-peer-0"",""action"":""error""}]",
3,3,livebench-2026-08-25T01-46-44-989Z-3-fabric_endpoint_retry-3,fabric_endpoint_retry,ANCHORED,SATISFIED,502.142,61,441.142,1,7,15032,0xe97399ec70863556b3c74bd85aea19f6eec02560823376ec9a3d9f9819650713,0x65a8f7acd220db9e846880ce5b0fa1a4a782a719f4204d585ad4a60622bac1f1,424,true,true,"[{""faultId"":""fault-0"",""queryId"":""livebench-2026-08-25T01-46-44-989Z-3-fabric_endpoint_retry-3"",""nodeId"":""order_fabric"",""attempt"":1,""candidate"":""fabric-peer-0"",""action"":""error""}]",
3,4,livebench-2026-08-25T01-46-44-989Z-3-fabric_endpoint_retry-4,fabric_endpoint_retry,ANCHORED,SATISFIED,539.654,41,498.654,1,7,15032,0xa5ff681a28d5924113a3c27ed7b46b405d78d474ac43d14d195b875932f632a1,0x1744a7a1a2562a4e334de7af21141f21e2ea0ba131027477d4f6529cb49e61c6,425,true,true,"[{""faultId"":""fault-0"",""queryId"":""livebench-2026-08-25T01-46-44-989Z-3-fabric_endpoint_retry-4"",""nodeId"":""order_fabric"",""attempt"":1,""candidate"":""fabric-peer-0"",""action"":""error""}]",
3,5,livebench-2026-08-25T01-46-44-989Z-3-fabric_endpoint_retry-5,fabric_endpoint_retry,ANCHORED,SATISFIED,535.562,39,496.562,1,7,15034,0x9095a846ac6fc04d48bef5261d25268f19e0fd408addbfcc1e8eb19b7c27aa49,0x8cc44921dde7bbdaa433f073abc4bbd1bf627c05e929475b903fd5623a0f60c8,426,true,true,"[{""faultId"":""fault-0"",""queryId"":""livebench-2026-08-25T01-46-44-989Z-3-fabric_endpoint_retry-5"",""nodeId"":""order_fabric"",""attempt"":1,""candidate"":""fabric-peer-0"",""action"":""error""}]",
3,6,livebench-2026-08-25T01-46-44-989Z-3-fabric_endpoint_retry-6,fabric_endpoint_retry,ANCHORED,SATISFIED,516.734,59,457.734,1,7,14924,0xefb624dabbc3b8605e39eaf249bcde5fd50d276b770b41f74da1d1b26bf9f174,0x5a030cfee7663cb66c2bf9f13f5168e93181edc2e726fd1cab7113936d7304f2,427,true,true,"[{""faultId"":""fault-0"",""queryId"":""livebench-2026-08-25T01-46-44-989Z-3-fabric_endpoint_retry-6"",""nodeId"":""order_fabric"",""attempt"":1,""candidate"":""fabric-peer-0"",""action"":""error""}]",
3,7,livebench-2026-08-25T01-46-44-989Z-3-fabric_endpoint_retry-7,fabric_endpoint_retry,ANCHORED,SATISFIED,479.226,46,433.226,1,7,15032,0x66dcdc7d82449f98f6b57eae6be46510c3ed13d5b0c7d9a45c88aacb82db0923,0x9e8583d123e91228cc88857ab56a45097641b6a01be55015897a131232f1503e,428,true,true,"[{""faultId"":""fault-0"",""queryId"":""livebench-2026-08-25T01-46-44-989Z-3-fabric_endpoint_retry-7"",""nodeId"":""order_fabric"",""attempt"":1,""candidate"":""fabric-peer-0"",""action"":""error""}]",
3,8,livebench-2026-08-25T01-46-44-989Z-3-fabric_endpoint_retry-8,fabric_endpoint_retry,ANCHORED,SATISFIED,662.063,39,623.063,1,7,15032,0x65e2709aa7c149c816277925f52fd36f1a6896b3d9034a8c24a85bf608d468c8,0x5107e5ef7b037341ddf862840361659b3f4b2162e7233dcf808ed0ea89daad7b,429,true,true,"[{""faultId"":""fault-0"",""queryId"":""livebench-2026-08-25T01-46-44-989Z-3-fabric_endpoint_retry-8"",""nodeId"":""order_fabric"",""attempt"":1,""candidate"":""fabric-peer-0"",""action"":""error""}]",
3,9,livebench-2026-08-25T01-46-44-989Z-3-fabric_endpoint_retry-9,fabric_endpoint_retry,ANCHORED,SATISFIED,394.941,45,349.941,1,7,15032,0x2d26f8fbabf024e6e2c7e030089d43d5edb396398a512ac665585a6c2941da20,0x4af9c0379566d925ed77c11e0bed7984b21ba90770ca43622c53a17b5a09e684,430,true,true,"[{""faultId"":""fault-0"",""queryId"":""livebench-2026-08-25T01-46-44-989Z-3-fabric_endpoint_retry-9"",""nodeId"":""order_fabric"",""attempt"":1,""candidate"":""fabric-peer-0"",""action"":""error""}]",
3,10,livebench-2026-08-25T01-46-44-989Z-3-fabric_endpoint_retry-10,fabric_endpoint_retry,ANCHORED,SATISFIED,500.702,40,460.702,1,7,15040,0xfc9b894783d70749610634fc0cd470ce14d9d391fe1f2f4833af38a97d702d98,0x49e864d9ae384e823290e2881fdcb6ca7f1c54000b9ff84e05966c4e3073dc6e,431,true,true,"[{""faultId"":""fault-0"",""queryId"":""livebench-2026-08-25T01-46-44-989Z-3-fabric_endpoint_retry-10"",""nodeId"":""order_fabric"",""attempt"":1,""candidate"":""fabric-peer-0"",""action"":""error""}]",
3,11,livebench-2026-08-25T01-46-44-989Z-3-fabric_endpoint_retry-11,fabric_endpoint_retry,ANCHORED,SATISFIED,506.172,38,468.172,1,7,15038,0xbf5eaccce3bfbf9afbf255b7de48032214726501396943b406eb51c60423e0b8,0xc17f0a8386c283c81f4214d96dc67a2c1a639a1ecebf7bf96a39bd89d11721bf,432,true,true,"[{""faultId"":""fault-0"",""queryId"":""livebench-2026-08-25T01-46-44-989Z-3-fabric_endpoint_retry-11"",""nodeId"":""order_fabric"",""attempt"":1,""candidate"":""fabric-peer-0"",""action"":""error""}]",
3,12,livebench-2026-08-25T01-46-44-989Z-3-fabric_endpoint_retry-12,fabric_endpoint_retry,ANCHORED,SATISFIED,514.625,33,481.625,1,7,15038,0x8eac15064ad61edd9de1077906bf6d6664ea80e29c854faa6405f6b2d937bf5d,0x85bf9cfafd411bee0a74d455dde972dc33a34b72b2978c4dc03ce32a6bfa01a8,433,true,true,"[{""faultId"":""fault-0"",""queryId"":""livebench-2026-08-25T01-46-44-989Z-3-fabric_endpoint_retry-12"",""nodeId"":""order_fabric"",""attempt"":1,""candidate"":""fabric-peer-0"",""action"":""error""}]",
3,13,livebench-2026-08-25T01-46-44-989Z-3-fabric_endpoint_retry-13,fabric_endpoint_retry,ANCHORED,SATISFIED,501.801,37,464.801,1,7,15040,0x9357e6c40ee00de4051e49eafcbbdd2ccc6b4aa1128d1adcaca550d2e63e7cec,0x08c2da2bd9da76f0d88a5a54213ebf856f5e75e944def1002fa78d84dc24bb4e,434,true,true,"[{""faultId"":""fault-0"",""queryId"":""livebench-2026-08-25T01-46-44-989Z-3-fabric_endpoint_retry-13"",""nodeId"":""order_fabric"",""attempt"":1,""candidate"":""fabric-peer-0"",""action"":""error""}]",
3,14,livebench-2026-08-25T01-46-44-989Z-3-fabric_endpoint_retry-14,fabric_endpoint_retry,ANCHORED,SATISFIED,506.319,42,464.319,1,7,15038,0x5b3df8155e1d43647cc19348e685c78f4bb9da687b9f40b1eaf9563fd8c51dbf,0x9fa5e0b1f4fc6d0c2bc05ca02028f6a94ccfd09409f2b62664b4cb17a0b4a52d,435,true,true,"[{""faultId"":""fault-0"",""queryId"":""livebench-2026-08-25T01-46-44-989Z-3-fabric_endpoint_retry-14"",""nodeId"":""order_fabric"",""attempt"":1,""candidate"":""fabric-peer-0"",""action"":""error""}]",
3,15,livebench-2026-08-25T01-46-44-989Z-3-fabric_endpoint_retry-15,fabric_endpoint_retry,ANCHORED,SATISFIED,557.185,40,517.185,1,7,15038,0x7a7b7ef03bd9430eaa0541785e6896f7b5110cdffc46ee7a021cf9c2c67686d6,0x98a44223344629887f4cb69f790438b9c6508f80b0398e698881c54eeea5a97d,436,true,true,"[{""faultId"":""fault-0"",""queryId"":""livebench-2026-08-25T01-46-44-989Z-3-fabric_endpoint_retry-15"",""nodeId"":""order_fabric"",""attempt"":1,""candidate"":""fabric-peer-0"",""action"":""error""}]",
3,16,livebench-2026-08-25T01-46-44-989Z-3-fabric_endpoint_retry-16,fabric_endpoint_retry,ANCHORED,SATISFIED,454.836,44,410.836,1,7,15038,0xb2c32b7d27d4a6405fcaf56df978cd785c803650eb0a583e8f14be863318d915,0xafaec372c17c56441f41e4d99344905e84df2c99fede23ffc151e67fe06d1381,437,true,true,"[{""faultId"":""fault-0"",""queryId"":""livebench-2026-08-25T01-46-44-989Z-3-fabric_endpoint_retry-16"",""nodeId"":""order_fabric"",""attempt"":1,""candidate"":""fabric-peer-0"",""action"":""error""}]",
3,17,livebench-2026-08-25T01-46-44-989Z-3-fabric_endpoint_retry-17,fabric_endpoint_retry,ANCHORED,SATISFIED,505.337,37,468.337,1,7,15038,0x8159342219ff482d346f05af15c632b85d0fc6412e8116d839723522e11ec541,0xd0e0f7419c6459c5d5b4a47b153983d767654069c70c8286f310fda75454e0ae,438,true,true,"[{""faultId"":""fault-0"",""queryId"":""livebench-2026-08-25T01-46-44-989Z-3-fabric_endpoint_retry-17"",""nodeId"":""order_fabric"",""attempt"":1,""candidate"":""fabric-peer-0"",""action"":""error""}]",
3,18,livebench-2026-08-25T01-46-44-989Z-3-fabric_endpoint_retry-18,fabric_endpoint_retry,ANCHORED,SATISFIED,569.371,40,529.371,1,7,15038,0xa10b8dbd55584214f15988547b071e335020fe6e0c2b947f3ab5075c4a779076,0xf7a8bc5542a685c76c33f8db1282031f6caf41f8853cb06204c510bf5231925b,439,true,true,"[{""faultId"":""fault-0"",""queryId"":""livebench-2026-08-25T01-46-44-989Z-3-fabric_endpoint_retry-18"",""nodeId"":""order_fabric"",""attempt"":1,""candidate"":""fabric-peer-0"",""action"":""error""}]",
3,19,livebench-2026-08-25T01-46-44-989Z-3-fabric_endpoint_retry-19,fabric_endpoint_retry,ANCHORED,SATISFIED,519.538,34,485.538,1,7,15038,0x842d3e2c801cb070024a856695fdaaff0bc77b46b231e348a7c75f22008733c0,0x3a36daf81802b16f016909e0a4759f49497d123c0989a9db67bad4d5f5278c92,440,true,true,"[{""faultId"":""fault-0"",""queryId"":""livebench-2026-08-25T01-46-44-989Z-3-fabric_endpoint_retry-19"",""nodeId"":""order_fabric"",""attempt"":1,""candidate"":""fabric-peer-0"",""action"":""error""}]",
3,0,livebench-2026-08-25T01-46-44-989Z-3-fisco_endpoint_retry-0,fisco_endpoint_retry,ANCHORED,SATISFIED,501.874,40,461.874,1,7,15034,0xd29b65671c742dcd0d69ad481327e23e763decae52e53c7ced44027d157a9c41,0x38e618a5e32667d52638995e727ff53bad8beb3228fdc5bf33fc4ab550795bee,441,true,true,"[{""faultId"":""fault-0"",""queryId"":""livebench-2026-08-25T01-46-44-989Z-3-fisco_endpoint_retry-0"",""nodeId"":""logistics_fisco"",""attempt"":1,""candidate"":""fisco-node-0"",""action"":""error""}]",
3,1,livebench-2026-08-25T01-46-44-989Z-3-fisco_endpoint_retry-1,fisco_endpoint_retry,ANCHORED,SATISFIED,499.848,40,459.848,1,7,15032,0x599f4c016c3311e962315a79cd8fd2d2e15713c668fb708e67fe698d9fcdda5b,0xfef8f3d4a886acaaa781dbf762c595948b4ee247bdac588f7c389dc45d741b26,442,true,true,"[{""faultId"":""fault-0"",""queryId"":""livebench-2026-08-25T01-46-44-989Z-3-fisco_endpoint_retry-1"",""nodeId"":""logistics_fisco"",""attempt"":1,""candidate"":""fisco-node-0"",""action"":""error""}]",
3,2,livebench-2026-08-25T01-46-44-989Z-3-fisco_endpoint_retry-2,fisco_endpoint_retry,ANCHORED,SATISFIED,499.194,44,455.194,1,7,15034,0x829bd083bfbc39eaace2eb97f39eeb8d76d178abc588c356eeec08edbdc0d281,0x59575b18cf58295c2bfd718504e6d0055fd99afb9982c5ba9572619a205f3a8a,443,true,true,"[{""faultId"":""fault-0"",""queryId"":""livebench-2026-08-25T01-46-44-989Z-3-fisco_endpoint_retry-2"",""nodeId"":""logistics_fisco"",""attempt"":1,""candidate"":""fisco-node-0"",""action"":""error""}]",
3,3,livebench-2026-08-25T01-46-44-989Z-3-fisco_endpoint_retry-3,fisco_endpoint_retry,ANCHORED,SATISFIED,545.682,50,495.682,1,7,15032,0x2b799765d48e9e991e1fea1ad17b2a4077e0494fdebb8acfac380957b39f895a,0x5845e43027e6b997f76e5733e2ac550e987d24dc96983527385d287a99fb285a,444,true,true,"[{""faultId"":""fault-0"",""queryId"":""livebench-2026-08-25T01-46-44-989Z-3-fisco_endpoint_retry-3"",""nodeId"":""logistics_fisco"",""attempt"":1,""candidate"":""fisco-node-0"",""action"":""error""}]",
3,4,livebench-2026-08-25T01-46-44-989Z-3-fisco_endpoint_retry-4,fisco_endpoint_retry,ANCHORED,SATISFIED,503.846,42,461.846,1,7,15034,0x48bdba2d252e5d5a3a01f25335baa455f35c5f85d0b1fe16e1f7262fbc2acc08,0xc41d9d55625b80d7ea81150a4fc0bcf36184a3c88a5b4d9783274b195a5bce27,445,true,true,"[{""faultId"":""fault-0"",""queryId"":""livebench-2026-08-25T01-46-44-989Z-3-fisco_endpoint_retry-4"",""nodeId"":""logistics_fisco"",""attempt"":1,""candidate"":""fisco-node-0"",""action"":""error""}]",
3,5,livebench-2026-08-25T01-46-44-989Z-3-fisco_endpoint_retry-5,fisco_endpoint_retry,ANCHORED,SATISFIED,504.293,40,464.293,1,7,15032,0x959ca597d2e813c2b34c9fb831e50c25425666cdd0d348a30e752a3e889d39e1,0x1ff412494ebeb84a470ba97b2977ad178a5390022b77f1b673080d7a1454072e,446,true,true,"[{""faultId"":""fault-0"",""queryId"":""livebench-2026-08-25T01-46-44-989Z-3-fisco_endpoint_retry-5"",""nodeId"":""logistics_fisco"",""attempt"":1,""candidate"":""fisco-node-0"",""action"":""error""}]",
3,6,livebench-2026-08-25T01-46-44-989Z-3-fisco_endpoint_retry-6,fisco_endpoint_retry,ANCHORED,SATISFIED,521.501,43,478.501,1,7,15034,0x4278d88e927b5fadd5b9df21c66ec786f868ca98f0b8e5bc9e43ebbb221de4ae,0xaa733a7ce9020d6e01cf4883c41cc1230dfce7892161d3bb3613057e4aeb8cd0,447,true,true,"[{""faultId"":""fault-0"",""queryId"":""livebench-2026-08-25T01-46-44-989Z-3-fisco_endpoint_retry-6"",""nodeId"":""logistics_fisco"",""attempt"":1,""candidate"":""fisco-node-0"",""action"":""error""}]",
3,7,livebench-2026-08-25T01-46-44-989Z-3-fisco_endpoint_retry-7,fisco_endpoint_retry,ANCHORED,SATISFIED,488.83,35,453.83,1,7,15032,0xb3666fec2db99fe36d55f1b5ba53cb5b84d49117a038ce2ad309914e96655a13,0x234e721e57dedb43ec336b931b9fc829ff619899ae41e3941bebe875a0967ac8,448,true,true,"[{""faultId"":""fault-0"",""queryId"":""livebench-2026-08-25T01-46-44-989Z-3-fisco_endpoint_retry-7"",""nodeId"":""logistics_fisco"",""attempt"":1,""candidate"":""fisco-node-0"",""action"":""error""}]",
3,8,livebench-2026-08-25T01-46-44-989Z-3-fisco_endpoint_retry-8,fisco_endpoint_retry,ANCHORED,SATISFIED,504.075,48,456.075,1,7,15032,0xa8eb6e07b0957bfdb858b8008826e86683d09d1c764a9d2009f4f6492a6b10f9,0x47f3a8694ba3520d5204d47ef5da7a5f3914e1128ce15c848e8c036ac61f5f7a,449,true,true,"[{""faultId"":""fault-0"",""queryId"":""livebench-2026-08-25T01-46-44-989Z-3-fisco_endpoint_retry-8"",""nodeId"":""logistics_fisco"",""attempt"":1,""candidate"":""fisco-node-0"",""action"":""error""}]",
3,9,livebench-2026-08-25T01-46-44-989Z-3-fisco_endpoint_retry-9,fisco_endpoint_retry,ANCHORED,SATISFIED,512.39,73,439.39,1,7,15032,0xc0814d7e750e9094c9007aef89da3fd4ece8cb3416ae42686f8380cde7292736,0x3feabb80d372934fa347f509994708c13646b5caad08fd6d75b8868ffb067872,450,true,true,"[{""faultId"":""fault-0"",""queryId"":""livebench-2026-08-25T01-46-44-989Z-3-fisco_endpoint_retry-9"",""nodeId"":""logistics_fisco"",""attempt"":1,""candidate"":""fisco-node-0"",""action"":""error""}]",
3,10,livebench-2026-08-25T01-46-44-989Z-3-fisco_endpoint_retry-10,fisco_endpoint_retry,ANCHORED,SATISFIED,493.785,44,449.785,1,7,15040,0xb7963d8eb13c2152ce4d73ed20542e4a436964df8c5d02a621f148c0d5f2dab0,0xd2799ebd63358542db00c1baaa10aea49c3478aeb65d2e0588c5a759a5819a84,451,true,true,"[{""faultId"":""fault-0"",""queryId"":""livebench-2026-08-25T01-46-44-989Z-3-fisco_endpoint_retry-10"",""nodeId"":""logistics_fisco"",""attempt"":1,""candidate"":""fisco-node-0"",""action"":""error""}]",
3,11,livebench-2026-08-25T01-46-44-989Z-3-fisco_endpoint_retry-11,fisco_endpoint_retry,ANCHORED,SATISFIED,510.87,36,474.87,1,7,15038,0xe564e4ea64686e8c5bffdf46c47a3185b9b69afe5dc61c2151a75cf075d1a0ad,0x83eb1ed507ceca2f4306eb27fa3b89cb41d517fe324d96f2dc36301bc9e27834,452,true,true,"[{""faultId"":""fault-0"",""queryId"":""livebench-2026-08-25T01-46-44-989Z-3-fisco_endpoint_retry-11"",""nodeId"":""logistics_fisco"",""attempt"":1,""candidate"":""fisco-node-0"",""action"":""error""}]",
3,12,livebench-2026-08-25T01-46-44-989Z-3-fisco_endpoint_retry-12,fisco_endpoint_retry,ANCHORED,SATISFIED,499.131,35,464.131,1,7,15040,0x745bc8d60f4f3e233128bebc2fa8ae7cc64d4a53ff1e5cb6be2d168d202171ab,0x22e0b6bf3a84356a650f57862b5d0c14b4c79957e5b06d8ca7567b7095841f06,453,true,true,"[{""faultId"":""fault-0"",""queryId"":""livebench-2026-08-25T01-46-44-989Z-3-fisco_endpoint_retry-12"",""nodeId"":""logistics_fisco"",""attempt"":1,""candidate"":""fisco-node-0"",""action"":""error""}]",
3,13,livebench-2026-08-25T01-46-44-989Z-3-fisco_endpoint_retry-13,fisco_endpoint_retry,ANCHORED,SATISFIED,512.103,40,472.103,1,7,15040,0xe25a416f004e4e059c92575c56eacbbb780ae5787ff7fdd31f3fb84c881f124a,0x5b6b3bf614ce762c5b62f85094d423ee284ca6c6f373452b9c69e0ccb583d783,454,true,true,"[{""faultId"":""fault-0"",""queryId"":""livebench-2026-08-25T01-46-44-989Z-3-fisco_endpoint_retry-13"",""nodeId"":""logistics_fisco"",""attempt"":1,""candidate"":""fisco-node-0"",""action"":""error""}]",
3,14,livebench-2026-08-25T01-46-44-989Z-3-fisco_endpoint_retry-14,fisco_endpoint_retry,ANCHORED,SATISFIED,517.851,41,476.851,1,7,15038,0x6e9722506f2dca8fbbc47670da8a492f8904b2839c2d85a60fbf39aaa3102e48,0x4917ecb51e727757656c8dcca66a95ccca348afd6e49e8899dd25350faf90f92,455,true,true,"[{""faultId"":""fault-0"",""queryId"":""livebench-2026-08-25T01-46-44-989Z-3-fisco_endpoint_retry-14"",""nodeId"":""logistics_fisco"",""attempt"":1,""candidate"":""fisco-node-0"",""action"":""error""}]",
3,15,livebench-2026-08-25T01-46-44-989Z-3-fisco_endpoint_retry-15,fisco_endpoint_retry,ANCHORED,SATISFIED,491.953,50,441.953,1,7,15038,0x6a20733ef2c2c5dfde2ddc3446362fd27f056716a87e464879c88ee3f1b5bbbf,0x0c89f1743b046e5c0875f734ce6b666ab6fc9ad2503a3bb5d6a1b4b095a5dd22,456,true,true,"[{""faultId"":""fault-0"",""queryId"":""livebench-2026-08-25T01-46-44-989Z-3-fisco_endpoint_retry-15"",""nodeId"":""logistics_fisco"",""attempt"":1,""candidate"":""fisco-node-0"",""action"":""error""}]",
3,16,livebench-2026-08-25T01-46-44-989Z-3-fisco_endpoint_retry-16,fisco_endpoint_retry,ANCHORED,SATISFIED,505.212,41,464.212,1,7,15040,0xe3855bcc111d8ad305b09de819eff7296d36cdc33807fa51b58fe463495800b4,0xc98c6bf4c202d38cf8a81e3b7c1d8b2b3ec5b78862dba9701aef2c704149b51a,457,true,true,"[{""faultId"":""fault-0"",""queryId"":""livebench-2026-08-25T01-46-44-989Z-3-fisco_endpoint_retry-16"",""nodeId"":""logistics_fisco"",""attempt"":1,""candidate"":""fisco-node-0"",""action"":""error""}]",
3,17,livebench-2026-08-25T01-46-44-989Z-3-fisco_endpoint_retry-17,fisco_endpoint_retry,ANCHORED,SATISFIED,520.319,34,486.319,1,7,15038,0x2141d9cb37730dbe544c67c282679af58ecb71ee28919922b619e46acf57d57e,0x19a5c304f24a64b9fc17610f02bacd68821e9a067c430a33e3829e3b6e8b27fb,458,true,true,"[{""faultId"":""fault-0"",""queryId"":""livebench-2026-08-25T01-46-44-989Z-3-fisco_endpoint_retry-17"",""nodeId"":""logistics_fisco"",""attempt"":1,""candidate"":""fisco-node-0"",""action"":""error""}]",
3,18,livebench-2026-08-25T01-46-44-989Z-3-fisco_endpoint_retry-18,fisco_endpoint_retry,ANCHORED,SATISFIED,491.255,42,449.255,1,7,15040,0xc0d6fbcd38207a6ac556c2349f7bacbdd1e5754767bcefa94d90e562e7c10ed2,0x3992164ef18995d7842c9ffe9e15702a69e2f3071cbe890a070f76a36dc06648,459,true,true,"[{""faultId"":""fault-0"",""queryId"":""livebench-2026-08-25T01-46-44-989Z-3-fisco_endpoint_retry-18"",""nodeId"":""logistics_fisco"",""attempt"":1,""candidate"":""fisco-node-0"",""action"":""error""}]",
3,19,livebench-2026-08-25T01-46-44-989Z-3-fisco_endpoint_retry-19,fisco_endpoint_retry,ANCHORED,SATISFIED,505.417,32,473.417,1,7,15038,0x84e22b22064d9557ca464587f6ff1d197e7703bb69f198e2e2483b1ef2ed4ea5,0xf81157c790ef22d751cdb92650caf4dc4917a1e71024818795ab7da91d7f323d,460,true,true,"[{""faultId"":""fault-0"",""queryId"":""livebench-2026-08-25T01-46-44-989Z-3-fisco_endpoint_retry-19"",""nodeId"":""logistics_fisco"",""attempt"":1,""candidate"":""fisco-node-0"",""action"":""error""}]",
3,0,livebench-2026-08-25T01-46-44-989Z-3-semantic_service_timeout-0,semantic_service_timeout,ANCHORED,SATISFIED,509.048,265,244.048,1,7,15166,0x0fcd089457430fb52d8b999864d91ec9daca8736d3685f25d7ac5aec765dbf7a,0x11e77428600fee09467f76d26faa458fa58f7a3f7bcd7bf6e8671837245930e7,461,true,true,"[{""faultId"":""fault-0"",""queryId"":""livebench-2026-08-25T01-46-44-989Z-3-semantic_service_timeout-0"",""nodeId"":""quality_semantic"",""attempt"":1,""candidate"":""local-semantic-a"",""action"":""timeout""}]",
3,1,livebench-2026-08-25T01-46-44-989Z-3-semantic_service_timeout-1,semantic_service_timeout,ANCHORED,SATISFIED,505.091,266,239.091,1,7,15166,0xabdca34c8a78bf3de1c34d7489a378efdf9abd454f77c11b88bb8be13175a868,0x8cae3c310688eeb113ed115c5173d3e7e946543a0e220877bb05adacf51b39e6,462,true,true,"[{""faultId"":""fault-0"",""queryId"":""livebench-2026-08-25T01-46-44-989Z-3-semantic_service_timeout-1"",""nodeId"":""quality_semantic"",""attempt"":1,""candidate"":""local-semantic-a"",""action"":""timeout""}]",
3,2,livebench-2026-08-25T01-46-44-989Z-3-semantic_service_timeout-2,semantic_service_timeout,ANCHORED,SATISFIED,500.269,262,238.269,1,7,15168,0x94393ff158ab80b12c165beb2dab8cf92887277470afc3abdff0e689620dc676,0x10cd46bb889dfe1f79771c0b25c731247f3788050a768f3beef9af75aa3762ce,463,true,true,"[{""faultId"":""fault-0"",""queryId"":""livebench-2026-08-25T01-46-44-989Z-3-semantic_service_timeout-2"",""nodeId"":""quality_semantic"",""attempt"":1,""candidate"":""local-semantic-a"",""action"":""timeout""}]",
3,3,livebench-2026-08-25T01-46-44-989Z-3-semantic_service_timeout-3,semantic_service_timeout,ANCHORED,SATISFIED,542.022,269,273.022,1,7,15166,0x1f0f4bd708979d3fd05966753cd7d4485ef251b3400cdd856bb02a688f77e112,0xf038159ff3376c464802f66cfe90a9e7329f383f0ce0923f6e82d2f48511f75c,464,true,true,"[{""faultId"":""fault-0"",""queryId"":""livebench-2026-08-25T01-46-44-989Z-3-semantic_service_timeout-3"",""nodeId"":""quality_semantic"",""attempt"":1,""candidate"":""local-semantic-a"",""action"":""timeout""}]",
3,4,livebench-2026-08-25T01-46-44-989Z-3-semantic_service_timeout-4,semantic_service_timeout,ANCHORED,SATISFIED,608.933,267,341.933,1,7,15166,0x0c78dc2929003ab8b62f5563b0262800219d448aabeffd81c23bb8e99a6fe9ef,0xa19bb860f7416dcab876ac459e1d15ce03471c6d6ad480ed03aef4ab69a3b00f,465,true,true,"[{""faultId"":""fault-0"",""queryId"":""livebench-2026-08-25T01-46-44-989Z-3-semantic_service_timeout-4"",""nodeId"":""quality_semantic"",""attempt"":1,""candidate"":""local-semantic-a"",""action"":""timeout""}]",
3,5,livebench-2026-08-25T01-46-44-989Z-3-semantic_service_timeout-5,semantic_service_timeout,ANCHORED,SATISFIED,398.004,267,131.004,1,7,15168,0xfff7bde1cb1a4168f577939030865554c630a22c95d3aeea36a65547201a33a9,0x05f472ddb6ff460dfed348a16da23a91221af911ac19c0f618bd5825c115c36c,466,true,true,"[{""faultId"":""fault-0"",""queryId"":""livebench-2026-08-25T01-46-44-989Z-3-semantic_service_timeout-5"",""nodeId"":""quality_semantic"",""attempt"":1,""candidate"":""local-semantic-a"",""action"":""timeout""}]",
3,6,livebench-2026-08-25T01-46-44-989Z-3-semantic_service_timeout-6,semantic_service_timeout,ANCHORED,SATISFIED,499.317,269,230.317,1,7,15166,0x7cf27986b363f54770580ea5f7e53a7750f50b38bd5f081a9be86faec6980834,0xab1605e1be398f3214970e748b15af3d87008b0ab7f4339da84e8b1df0209196,467,true,true,"[{""faultId"":""fault-0"",""queryId"":""livebench-2026-08-25T01-46-44-989Z-3-semantic_service_timeout-6"",""nodeId"":""quality_semantic"",""attempt"":1,""candidate"":""local-semantic-a"",""action"":""timeout""}]",
3,7,livebench-2026-08-25T01-46-44-989Z-3-semantic_service_timeout-7,semantic_service_timeout,ANCHORED,SATISFIED,507.825,267,240.825,1,7,15166,0xb6e2504cddbf93b514e3877226b64cdd17c753998aa4e968ed7b75a145af0d58,0xbb1527fd600d39f78e796ff7812a42b0fdcf57de45d5f64c33dada4911acd336,468,true,true,"[{""faultId"":""fault-0"",""queryId"":""livebench-2026-08-25T01-46-44-989Z-3-semantic_service_timeout-7"",""nodeId"":""quality_semantic"",""attempt"":1,""candidate"":""local-semantic-a"",""action"":""timeout""}]",
3,8,livebench-2026-08-25T01-46-44-989Z-3-semantic_service_timeout-8,semantic_service_timeout,ANCHORED,SATISFIED,501.047,268,233.047,1,7,15166,0x2a3f8eea5d57023a9976ce81f75e1eecf08b11f4ec95440cfe01d1c954f0bc91,0x2b35ed2c6299d934bdcd1ce0dfec8691180ebdef91e9644e296d0720fadae1c3,469,true,true,"[{""faultId"":""fault-0"",""queryId"":""livebench-2026-08-25T01-46-44-989Z-3-semantic_service_timeout-8"",""nodeId"":""quality_semantic"",""attempt"":1,""candidate"":""local-semantic-a"",""action"":""timeout""}]",
3,9,livebench-2026-08-25T01-46-44-989Z-3-semantic_service_timeout-9,semantic_service_timeout,ANCHORED,SATISFIED,507.455,265,242.455,1,7,15168,0xbfcaa2b219e098897eb8a7f75c967df1772cd204493a3ecf511ec6dd3599bcd1,0x19c6166f9f29317ef35e9b818643cf1c38aa96401b6e49996928f6e5e989a6e5,470,true,true,"[{""faultId"":""fault-0"",""queryId"":""livebench-2026-08-25T01-46-44-989Z-3-semantic_service_timeout-9"",""nodeId"":""quality_semantic"",""attempt"":1,""candidate"":""local-semantic-a"",""action"":""timeout""}]",
3,10,livebench-2026-08-25T01-46-44-989Z-3-semantic_service_timeout-10,semantic_service_timeout,ANCHORED,SATISFIED,510.484,267,243.484,1,7,15172,0xcb514914c5b4893319cb80192225a5766e97e0c08d50d15a151167965aee75ef,0xd0b5cef8f0bfeec1acadd9aa099fc92c6863c1d9e8ec465ce4abb6f421e5686c,471,true,true,"[{""faultId"":""fault-0"",""queryId"":""livebench-2026-08-25T01-46-44-989Z-3-semantic_service_timeout-10"",""nodeId"":""quality_semantic"",""attempt"":1,""candidate"":""local-semantic-a"",""action"":""timeout""}]",
3,11,livebench-2026-08-25T01-46-44-989Z-3-semantic_service_timeout-11,semantic_service_timeout,ANCHORED,SATISFIED,506.833,273,233.833,1,7,15174,0x4e89b9ae053f77d7c37ff8199f3139cb7210a4190f82ed897f46491b581e2177,0x0e00521812d01a66f2aa0e7ef7f186053a88bbe5813161a564250cae8d58769f,472,true,true,"[{""faultId"":""fault-0"",""queryId"":""livebench-2026-08-25T01-46-44-989Z-3-semantic_service_timeout-11"",""nodeId"":""quality_semantic"",""attempt"":1,""candidate"":""local-semantic-a"",""action"":""timeout""}]",
3,12,livebench-2026-08-25T01-46-44-989Z-3-semantic_service_timeout-12,semantic_service_timeout,ANCHORED,SATISFIED,503.357,262,241.357,1,7,15174,0xa0bf2a5642ec6f151251e13608634018868905ed11849cfc383f8ba689b78f33,0x091bf80ae30fb2cb312dac2d9582c4ca1eda049769a479c3d6f57c8c8707a3cc,473,true,true,"[{""faultId"":""fault-0"",""queryId"":""livebench-2026-08-25T01-46-44-989Z-3-semantic_service_timeout-12"",""nodeId"":""quality_semantic"",""attempt"":1,""candidate"":""local-semantic-a"",""action"":""timeout""}]",
3,13,livebench-2026-08-25T01-46-44-989Z-3-semantic_service_timeout-13,semantic_service_timeout,ANCHORED,SATISFIED,504.431,271,233.431,1,7,15172,0x2cd18c1af5e8fdbc1bbb7089ea085bc819940d9171a486bc6bced48439716620,0xe681622d77b1233ce942e9aa8ab7bafd256fa3664aa76f40f28ca3a5850b1028,474,true,true,"[{""faultId"":""fault-0"",""queryId"":""livebench-2026-08-25T01-46-44-989Z-3-semantic_service_timeout-13"",""nodeId"":""quality_semantic"",""attempt"":1,""candidate"":""local-semantic-a"",""action"":""timeout""}]",
3,14,livebench-2026-08-25T01-46-44-989Z-3-semantic_service_timeout-14,semantic_service_timeout,ANCHORED,SATISFIED,545.171,268,277.171,1,7,15172,0x674e797a1bbd7d3c01de3c9a2cd05086d4c8ca7c34f6c49550e64bf6dcf057ca,0x144758b7a24f72b73f48e78d597ebec80bee048161271cecb2b598470b78da6b,475,true,true,"[{""faultId"":""fault-0"",""queryId"":""livebench-2026-08-25T01-46-44-989Z-3-semantic_service_timeout-14"",""nodeId"":""quality_semantic"",""attempt"":1,""candidate"":""local-semantic-a"",""action"":""timeout""}]",
3,15,livebench-2026-08-25T01-46-44-989Z-3-semantic_service_timeout-15,semantic_service_timeout,ANCHORED,SATISFIED,483.642,259,224.642,1,7,15172,0xb0a09bc976408bbc7f3f1cac51da20a6eeba67e464d3887d7200b7d26ffb8ae9,0x37258c483e1aa30c9687d794e819cdb7be71903c5a2b9b96257392cda8b91c84,476,true,true,"[{""faultId"":""fault-0"",""queryId"":""livebench-2026-08-25T01-46-44-989Z-3-semantic_service_timeout-15"",""nodeId"":""quality_semantic"",""attempt"":1,""candidate"":""local-semantic-a"",""action"":""timeout""}]",
3,16,livebench-2026-08-25T01-46-44-989Z-3-semantic_service_timeout-16,semantic_service_timeout,ANCHORED,SATISFIED,498.301,265,233.301,1,7,15174,0x59b1f0c1e7d86125a223e50b2e438e7fcc2be1e9ca4c7c7a03f0af8dc330053c,0x17e25416c5bea17df9791b41f9b77f669ea3069be638da997c44b33a75ea50b6,477,true,true,"[{""faultId"":""fault-0"",""queryId"":""livebench-2026-08-25T01-46-44-989Z-3-semantic_service_timeout-16"",""nodeId"":""quality_semantic"",""attempt"":1,""candidate"":""local-semantic-a"",""action"":""timeout""}]",
3,17,livebench-2026-08-25T01-46-44-989Z-3-semantic_service_timeout-17,semantic_service_timeout,ANCHORED,SATISFIED,545.471,268,277.471,1,7,15172,0x8c0fb71f8cd31e4253fde06afb6422b477e13a0c7487d28a57ab9c9f2dc3a196,0x001d62f9d184d1968e3678d29ed3dd96c2713c1974603251f45987a7b8d309ff,478,true,true,"[{""faultId"":""fault-0"",""queryId"":""livebench-2026-08-25T01-46-44-989Z-3-semantic_service_timeout-17"",""nodeId"":""quality_semantic"",""attempt"":1,""candidate"":""local-semantic-a"",""action"":""timeout""}]",
3,18,livebench-2026-08-25T01-46-44-989Z-3-semantic_service_timeout-18,semantic_service_timeout,ANCHORED,SATISFIED,468.795,260,208.795,1,7,15174,0xe631620fe2a43217b3946aee9df261e4bc07dc34c56bad66be655f268cae913b,0xdb46961dff2b5961fd09f4468bb92a4e452e06b102412943ef6436837f70133d,479,true,true,"[{""faultId"":""fault-0"",""queryId"":""livebench-2026-08-25T01-46-44-989Z-3-semantic_service_timeout-18"",""nodeId"":""quality_semantic"",""attempt"":1,""candidate"":""local-semantic-a"",""action"":""timeout""}]",
3,19,livebench-2026-08-25T01-46-44-989Z-3-semantic_service_timeout-19,semantic_service_timeout,ANCHORED,SATISFIED,503.836,260,243.836,1,7,15172,0x7b724944ad454d729e16ea1af1b135591d34ee941f9ca37f887a01ec31506fc6,0x0dc5edf8b1a5e5a3af4d205a21e891a25ddc88be3930d88cfa511ddc076e6a0d,480,true,true,"[{""faultId"":""fault-0"",""queryId"":""livebench-2026-08-25T01-46-44-989Z-3-semantic_service_timeout-19"",""nodeId"":""quality_semantic"",""attempt"":1,""candidate"":""local-semantic-a"",""action"":""timeout""}]",
3,0,livebench-2026-08-25T01-46-44-989Z-3-fabric_endpoint_exhausted-0,fabric_endpoint_exhausted,FAILED,,619.256,39,580.256,1,7,13348,0x3a3fb617ae6e2e6b557ddaf1ba8500d9bf80b397e237e14de3d38120a5a6a469,0x58c045511393834b2816e4259f2044958a519fdc25392f28bcc4ba8847a6b828,481,true,true,"[{""faultId"":""fault-0"",""queryId"":""livebench-2026-08-25T01-46-44-989Z-3-fabric_endpoint_exhausted-0"",""nodeId"":""order_fabric"",""attempt"":1,""candidate"":""fabric-peer-0"",""action"":""error""},{""faultId"":""fault-1"",""queryId"":""livebench-2026-08-25T01-46-44-989Z-3-fabric_endpoint_exhausted-0"",""nodeId"":""order_fabric"",""attempt"":2,""candidate"":""fabric-peer-1"",""action"":""error""}]",
3,1,livebench-2026-08-25T01-46-44-989Z-3-fabric_endpoint_exhausted-1,fabric_endpoint_exhausted,FAILED,,510.436,28,482.436,1,7,13348,0x144451e43a252add1ec28c2ed9c490762609ce6ee9dc68e6d1aa6f114181eaec,0xd9c48c2d578b53c788958838ee02fd95c2e2a3b6ccba518d451579c155207b89,482,true,true,"[{""faultId"":""fault-0"",""queryId"":""livebench-2026-08-25T01-46-44-989Z-3-fabric_endpoint_exhausted-1"",""nodeId"":""order_fabric"",""attempt"":1,""candidate"":""fabric-peer-0"",""action"":""error""},{""faultId"":""fault-1"",""queryId"":""livebench-2026-08-25T01-46-44-989Z-3-fabric_endpoint_exhausted-1"",""nodeId"":""order_fabric"",""attempt"":2,""candidate"":""fabric-peer-1"",""action"":""error""}]",
3,2,livebench-2026-08-25T01-46-44-989Z-3-fabric_endpoint_exhausted-2,fabric_endpoint_exhausted,FAILED,,493.375,40,453.375,1,7,13348,0x05895292257fc7d5de36726b02203381479589734651fdc32c1a1ff832bb35d6,0xc3aad6dd86bd8b42dc83c3da0dfcc212ea251fffc999ba58f449fe20379eba6d,483,true,true,"[{""faultId"":""fault-0"",""queryId"":""livebench-2026-08-25T01-46-44-989Z-3-fabric_endpoint_exhausted-2"",""nodeId"":""order_fabric"",""attempt"":1,""candidate"":""fabric-peer-0"",""action"":""error""},{""faultId"":""fault-1"",""queryId"":""livebench-2026-08-25T01-46-44-989Z-3-fabric_endpoint_exhausted-2"",""nodeId"":""order_fabric"",""attempt"":2,""candidate"":""fabric-peer-1"",""action"":""error""}]",
3,3,livebench-2026-08-25T01-46-44-989Z-3-fabric_endpoint_exhausted-3,fabric_endpoint_exhausted,FAILED,,554.438,22,532.438,1,7,13348,0x71eaed4e2967a899f19408f7031583abb004be7a8d0d28cfe804c79a22b31b1c,0x2ca5429c42bea001b8cbb564ee1eb3a3bcedb634a45673ac32b5bb45aa84c330,484,true,true,"[{""faultId"":""fault-0"",""queryId"":""livebench-2026-08-25T01-46-44-989Z-3-fabric_endpoint_exhausted-3"",""nodeId"":""order_fabric"",""attempt"":1,""candidate"":""fabric-peer-0"",""action"":""error""},{""faultId"":""fault-1"",""queryId"":""livebench-2026-08-25T01-46-44-989Z-3-fabric_endpoint_exhausted-3"",""nodeId"":""order_fabric"",""attempt"":2,""candidate"":""fabric-peer-1"",""action"":""error""}]",
3,4,livebench-2026-08-25T01-46-44-989Z-3-fabric_endpoint_exhausted-4,fabric_endpoint_exhausted,FAILED,,533.821,33,500.821,1,7,13348,0x7403234ac214b584717c5c336a86ee673dd6389959683414b5f63a125bd6224a,0x6b9ab64b7201c81f20a789999013c8441f5f670728e04d0dc29d89223da7f472,485,true,true,"[{""faultId"":""fault-0"",""queryId"":""livebench-2026-08-25T01-46-44-989Z-3-fabric_endpoint_exhausted-4"",""nodeId"":""order_fabric"",""attempt"":1,""candidate"":""fabric-peer-0"",""action"":""error""},{""faultId"":""fault-1"",""queryId"":""livebench-2026-08-25T01-46-44-989Z-3-fabric_endpoint_exhausted-4"",""nodeId"":""order_fabric"",""attempt"":2,""candidate"":""fabric-peer-1"",""action"":""error""}]",
3,5,livebench-2026-08-25T01-46-44-989Z-3-fabric_endpoint_exhausted-5,fabric_endpoint_exhausted,FAILED,,539.142,29,510.142,1,7,13348,0x85321a6403478d1c7be412209050c5879f1b84d2d5e15a9b05ad1a8ed345e956,0x6e83f929dd1a3487c9db0d58c6639eb62b5b56d5d656cdf2aeb87dcfe42634a7,486,true,true,"[{""faultId"":""fault-0"",""queryId"":""livebench-2026-08-25T01-46-44-989Z-3-fabric_endpoint_exhausted-5"",""nodeId"":""order_fabric"",""attempt"":1,""candidate"":""fabric-peer-0"",""action"":""error""},{""faultId"":""fault-1"",""queryId"":""livebench-2026-08-25T01-46-44-989Z-3-fabric_endpoint_exhausted-5"",""nodeId"":""order_fabric"",""attempt"":2,""candidate"":""fabric-peer-1"",""action"":""error""}]",
3,6,livebench-2026-08-25T01-46-44-989Z-3-fabric_endpoint_exhausted-6,fabric_endpoint_exhausted,FAILED,,475.839,26,449.839,1,7,13348,0x2f67a126acec7b17fe9c75173b9656b847696679e32263d9fd4a6710981f94f1,0x126668c6b05960233315b903d749e1d34f705f0e86bc869667d4b44bc294eccc,487,true,true,"[{""faultId"":""fault-0"",""queryId"":""livebench-2026-08-25T01-46-44-989Z-3-fabric_endpoint_exhausted-6"",""nodeId"":""order_fabric"",""attempt"":1,""candidate"":""fabric-peer-0"",""action"":""error""},{""faultId"":""fault-1"",""queryId"":""livebench-2026-08-25T01-46-44-989Z-3-fabric_endpoint_exhausted-6"",""nodeId"":""order_fabric"",""attempt"":2,""candidate"":""fabric-peer-1"",""action"":""error""}]",
3,7,livebench-2026-08-25T01-46-44-989Z-3-fabric_endpoint_exhausted-7,fabric_endpoint_exhausted,FAILED,,510.032,34,476.032,1,7,13348,0x23407756e2e31a0a5665601006203defcdb325fe5b60fa47517211b3022c3c4e,0x608e4aaf7f0ab316d97634d61f70476f31caa6ab13290cd594fc939220426c68,488,true,true,"[{""faultId"":""fault-0"",""queryId"":""livebench-2026-08-25T01-46-44-989Z-3-fabric_endpoint_exhausted-7"",""nodeId"":""order_fabric"",""attempt"":1,""candidate"":""fabric-peer-0"",""action"":""error""},{""faultId"":""fault-1"",""queryId"":""livebench-2026-08-25T01-46-44-989Z-3-fabric_endpoint_exhausted-7"",""nodeId"":""order_fabric"",""attempt"":2,""candidate"":""fabric-peer-1"",""action"":""error""}]",
3,8,livebench-2026-08-25T01-46-44-989Z-3-fabric_endpoint_exhausted-8,fabric_endpoint_exhausted,FAILED,,551.488,27,524.488,1,7,13348,0x15c3bf08ab2ceacb26c3303c888de84fa4ca6b0fc958be9a1c12f0b36ba6faee,0x1e6ec26f7ed9c1546b765c1398dfd20baf1b4a72e16bb4e39518365d5b0403f0,489,true,true,"[{""faultId"":""fault-0"",""queryId"":""livebench-2026-08-25T01-46-44-989Z-3-fabric_endpoint_exhausted-8"",""nodeId"":""order_fabric"",""attempt"":1,""candidate"":""fabric-peer-0"",""action"":""error""},{""faultId"":""fault-1"",""queryId"":""livebench-2026-08-25T01-46-44-989Z-3-fabric_endpoint_exhausted-8"",""nodeId"":""order_fabric"",""attempt"":2,""candidate"":""fabric-peer-1"",""action"":""error""}]",
3,9,livebench-2026-08-25T01-46-44-989Z-3-fabric_endpoint_exhausted-9,fabric_endpoint_exhausted,FAILED,,493.288,34,459.288,1,7,13348,0xc5c5fd163bdcde7af11f6479cc5dccd3f7b726e50218bc7213dc7f7f99c40d13,0xb3ab9353527595784d1067bfbd9983dd3f31cab928d16c28a872b19effe658a8,490,true,true,"[{""faultId"":""fault-0"",""queryId"":""livebench-2026-08-25T01-46-44-989Z-3-fabric_endpoint_exhausted-9"",""nodeId"":""order_fabric"",""attempt"":1,""candidate"":""fabric-peer-0"",""action"":""error""},{""faultId"":""fault-1"",""queryId"":""livebench-2026-08-25T01-46-44-989Z-3-fabric_endpoint_exhausted-9"",""nodeId"":""order_fabric"",""attempt"":2,""candidate"":""fabric-peer-1"",""action"":""error""}]",
3,10,livebench-2026-08-25T01-46-44-989Z-3-fabric_endpoint_exhausted-10,fabric_endpoint_exhausted,FAILED,,506.103,25,481.103,1,7,13353,0xd6740ec1d879f15237ecc3d1bbf045b555a74996cfe3ee0d27b0fdf541b519b7,0xc856749dbe7ae51266a750ff704805a6482abe13863e6eff715feb1ae700daa6,491,true,true,"[{""faultId"":""fault-0"",""queryId"":""livebench-2026-08-25T01-46-44-989Z-3-fabric_endpoint_exhausted-10"",""nodeId"":""order_fabric"",""attempt"":1,""candidate"":""fabric-peer-0"",""action"":""error""},{""faultId"":""fault-1"",""queryId"":""livebench-2026-08-25T01-46-44-989Z-3-fabric_endpoint_exhausted-10"",""nodeId"":""order_fabric"",""attempt"":2,""candidate"":""fabric-peer-1"",""action"":""error""}]",
3,11,livebench-2026-08-25T01-46-44-989Z-3-fabric_endpoint_exhausted-11,fabric_endpoint_exhausted,FAILED,,502.917,23,479.917,1,7,13353,0xae5fd427bdd1c446168ba4c8973ec08e8fba06e5348556a5de187f7c3ebc4157,0x0abf2f7f51707c13e893a734573c10ad74484fbd76198aa2bebd757c5010a1b8,492,true,true,"[{""faultId"":""fault-0"",""queryId"":""livebench-2026-08-25T01-46-44-989Z-3-fabric_endpoint_exhausted-11"",""nodeId"":""order_fabric"",""attempt"":1,""candidate"":""fabric-peer-0"",""action"":""error""},{""faultId"":""fault-1"",""queryId"":""livebench-2026-08-25T01-46-44-989Z-3-fabric_endpoint_exhausted-11"",""nodeId"":""order_fabric"",""attempt"":2,""candidate"":""fabric-peer-1"",""action"":""error""}]",
3,12,livebench-2026-08-25T01-46-44-989Z-3-fabric_endpoint_exhausted-12,fabric_endpoint_exhausted,FAILED,,510.848,24,486.848,1,7,13353,0x0ae579832808d1aa0d0e9605d849995f018fc601c6f3f1d8708e88a85dde68a2,0x3b893c2846d9018e4cd5cedd45863f63f29d0abd20b0e514e16c7ef8fed2398d,493,true,true,"[{""faultId"":""fault-0"",""queryId"":""livebench-2026-08-25T01-46-44-989Z-3-fabric_endpoint_exhausted-12"",""nodeId"":""order_fabric"",""attempt"":1,""candidate"":""fabric-peer-0"",""action"":""error""},{""faultId"":""fault-1"",""queryId"":""livebench-2026-08-25T01-46-44-989Z-3-fabric_endpoint_exhausted-12"",""nodeId"":""order_fabric"",""attempt"":2,""candidate"":""fabric-peer-1"",""action"":""error""}]",
3,13,livebench-2026-08-25T01-46-44-989Z-3-fabric_endpoint_exhausted-13,fabric_endpoint_exhausted,FAILED,,512.989,54,458.989,1,7,13353,0x933322cf174b5d23fd3339268f995980572b41f125a7d9f06267e22f2b44add1,0x92213beb392abeb89264ee3717d4afbbecf93a40d862604dc7c1b50d34dd1277,494,true,true,"[{""faultId"":""fault-0"",""queryId"":""livebench-2026-08-25T01-46-44-989Z-3-fabric_endpoint_exhausted-13"",""nodeId"":""order_fabric"",""attempt"":1,""candidate"":""fabric-peer-0"",""action"":""error""},{""faultId"":""fault-1"",""queryId"":""livebench-2026-08-25T01-46-44-989Z-3-fabric_endpoint_exhausted-13"",""nodeId"":""order_fabric"",""attempt"":2,""candidate"":""fabric-peer-1"",""action"":""error""}]",
3,14,livebench-2026-08-25T01-46-44-989Z-3-fabric_endpoint_exhausted-14,fabric_endpoint_exhausted,FAILED,,501.188,41,460.188,1,7,13353,0x3553692ef8412cdc99c41035ead6e484cf18f31c29ed73f4a680d4f576a59c40,0x883a64e7e5c678672689a71bcd6c5ecce564e701a819760f67427e646a2ead30,495,true,true,"[{""faultId"":""fault-0"",""queryId"":""livebench-2026-08-25T01-46-44-989Z-3-fabric_endpoint_exhausted-14"",""nodeId"":""order_fabric"",""attempt"":1,""candidate"":""fabric-peer-0"",""action"":""error""},{""faultId"":""fault-1"",""queryId"":""livebench-2026-08-25T01-46-44-989Z-3-fabric_endpoint_exhausted-14"",""nodeId"":""order_fabric"",""attempt"":2,""candidate"":""fabric-peer-1"",""action"":""error""}]",
3,15,livebench-2026-08-25T01-46-44-989Z-3-fabric_endpoint_exhausted-15,fabric_endpoint_exhausted,FAILED,,501.761,31,470.761,1,7,13353,0xbcff81d233a2cc7ff2d30d2831c5f9b5ed5f74084fb890f8c990973b05678ce4,0xe9e0d77f9b2e2c82e4d3edcf4b44a60ac7815146b11a29e210382e8eb4d63da8,496,true,true,"[{""faultId"":""fault-0"",""queryId"":""livebench-2026-08-25T01-46-44-989Z-3-fabric_endpoint_exhausted-15"",""nodeId"":""order_fabric"",""attempt"":1,""candidate"":""fabric-peer-0"",""action"":""error""},{""faultId"":""fault-1"",""queryId"":""livebench-2026-08-25T01-46-44-989Z-3-fabric_endpoint_exhausted-15"",""nodeId"":""order_fabric"",""attempt"":2,""candidate"":""fabric-peer-1"",""action"":""error""}]",
3,16,livebench-2026-08-25T01-46-44-989Z-3-fabric_endpoint_exhausted-16,fabric_endpoint_exhausted,FAILED,,503.441,30,473.441,1,7,13353,0x88c4e40be35d454cebebc4ef2695443ca5334657ac92ce012f90d3b19803d916,0xcb8ebaa167b4c333c9235832d08b8cb675b6459d4ba8d42f8517cdd00f329ac7,497,true,true,"[{""faultId"":""fault-0"",""queryId"":""livebench-2026-08-25T01-46-44-989Z-3-fabric_endpoint_exhausted-16"",""nodeId"":""order_fabric"",""attempt"":1,""candidate"":""fabric-peer-0"",""action"":""error""},{""faultId"":""fault-1"",""queryId"":""livebench-2026-08-25T01-46-44-989Z-3-fabric_endpoint_exhausted-16"",""nodeId"":""order_fabric"",""attempt"":2,""candidate"":""fabric-peer-1"",""action"":""error""}]",
3,17,livebench-2026-08-25T01-46-44-989Z-3-fabric_endpoint_exhausted-17,fabric_endpoint_exhausted,FAILED,,504.002,28,476.002,1,7,13353,0x79f28f0096fb9585342e2201a10491657bc588c707e8812ceb0f96360fe7b269,0x6460c214521f76d4b00f2741df56e465b4ad019468ba58db5e65d918d62b815a,498,true,true,"[{""faultId"":""fault-0"",""queryId"":""livebench-2026-08-25T01-46-44-989Z-3-fabric_endpoint_exhausted-17"",""nodeId"":""order_fabric"",""attempt"":1,""candidate"":""fabric-peer-0"",""action"":""error""},{""faultId"":""fault-1"",""queryId"":""livebench-2026-08-25T01-46-44-989Z-3-fabric_endpoint_exhausted-17"",""nodeId"":""order_fabric"",""attempt"":2,""candidate"":""fabric-peer-1"",""action"":""error""}]",
3,18,livebench-2026-08-25T01-46-44-989Z-3-fabric_endpoint_exhausted-18,fabric_endpoint_exhausted,FAILED,,499.331,26,473.331,1,7,13353,0x05bdd4e8a4507927b63f13b6fccffdce002c39604bdb4f89befe20155f015397,0xa005bb2898781da5c0cad3f221db03b6fe98472acfa5588295327269b8007b08,499,true,true,"[{""faultId"":""fault-0"",""queryId"":""livebench-2026-08-25T01-46-44-989Z-3-fabric_endpoint_exhausted-18"",""nodeId"":""order_fabric"",""attempt"":1,""candidate"":""fabric-peer-0"",""action"":""error""},{""faultId"":""fault-1"",""queryId"":""livebench-2026-08-25T01-46-44-989Z-3-fabric_endpoint_exhausted-18"",""nodeId"":""order_fabric"",""attempt"":2,""candidate"":""fabric-peer-1"",""action"":""error""}]",
3,19,livebench-2026-08-25T01-46-44-989Z-3-fabric_endpoint_exhausted-19,fabric_endpoint_exhausted,FAILED,,511.216,29,482.216,1,7,13353,0x27c2f2a145376b3602f92df27540edded608f0bf7197a7ab7e7e5b8b8948841f,0xea7cad5775c57397d51450cc20cdd44e14de3a2e432cb6e9ea289c284abf6ad0,500,true,true,"[{""faultId"":""fault-0"",""queryId"":""livebench-2026-08-25T01-46-44-989Z-3-fabric_endpoint_exhausted-19"",""nodeId"":""order_fabric"",""attempt"":1,""candidate"":""fabric-peer-0"",""action"":""error""},{""faultId"":""fault-1"",""queryId"":""livebench-2026-08-25T01-46-44-989Z-3-fabric_endpoint_exhausted-19"",""nodeId"":""order_fabric"",""attempt"":2,""candidate"":""fabric-peer-1"",""action"":""error""}]",
3,0,livebench-2026-08-25T01-46-44-989Z-3-semantic_disagreement-0,semantic_disagreement,INSUFFICIENT_EVIDENCE,INSUFFICIENT,502.611,35,467.611,1,7,14651,0x519911c6d75c06598f816d5c2fbdd5cc16c758a3e935f7dc5334d7f45b395ba6,0x40a06f3a341259f41c44829d39e9550da82b06cc8e3eb90eeb0ac4b8c57f860c,501,true,true,"[{""faultId"":""fault-0"",""queryId"":""livebench-2026-08-25T01-46-44-989Z-3-semantic_disagreement-0"",""nodeId"":""quality_semantic"",""attempt"":1,""candidate"":""local-semantic-a"",""action"":""mutate""},{""faultId"":""fault-1"",""queryId"":""livebench-2026-08-25T01-46-44-989Z-3-semantic_disagreement-0"",""nodeId"":""quality_semantic"",""attempt"":2,""candidate"":""local-semantic-b"",""action"":""mutate""}]",
3,1,livebench-2026-08-25T01-46-44-989Z-3-semantic_disagreement-1,semantic_disagreement,INSUFFICIENT_EVIDENCE,INSUFFICIENT,504.226,41,463.226,1,7,14651,0x42539dca2fe35f08b5f5f365324860ddb9a8df456c70e25eeb16c1e06c0823dc,0xc9c0b25d980d90202b4d3a21242d27c46ad0a2f6395fa3cc241e7bc2e36141fa,502,true,true,"[{""faultId"":""fault-0"",""queryId"":""livebench-2026-08-25T01-46-44-989Z-3-semantic_disagreement-1"",""nodeId"":""quality_semantic"",""attempt"":1,""candidate"":""local-semantic-a"",""action"":""mutate""},{""faultId"":""fault-1"",""queryId"":""livebench-2026-08-25T01-46-44-989Z-3-semantic_disagreement-1"",""nodeId"":""quality_semantic"",""attempt"":2,""candidate"":""local-semantic-b"",""action"":""mutate""}]",
3,2,livebench-2026-08-25T01-46-44-989Z-3-semantic_disagreement-2,semantic_disagreement,INSUFFICIENT_EVIDENCE,INSUFFICIENT,507.726,32,475.726,1,7,14651,0xd2323072826d73d87f4efc3f954106dc8c1b1ff32385eff8ea46d47ef2a1d6c3,0x7965a0f0416f1f906b1f922e6e51ba5e2d3ff726d308c54392ff931bce6ca5c5,503,true,true,"[{""faultId"":""fault-0"",""queryId"":""livebench-2026-08-25T01-46-44-989Z-3-semantic_disagreement-2"",""nodeId"":""quality_semantic"",""attempt"":1,""candidate"":""local-semantic-a"",""action"":""mutate""},{""faultId"":""fault-1"",""queryId"":""livebench-2026-08-25T01-46-44-989Z-3-semantic_disagreement-2"",""nodeId"":""quality_semantic"",""attempt"":2,""candidate"":""local-semantic-b"",""action"":""mutate""}]",
3,3,livebench-2026-08-25T01-46-44-989Z-3-semantic_disagreement-3,semantic_disagreement,INSUFFICIENT_EVIDENCE,INSUFFICIENT,504.554,45,459.554,1,7,14651,0x26dc770bd1d9194b552d7668d6f6a48e88e13ad9ae2272a961d0f853790cb117,0xad25af1b3cc7977a1558599b5b8db47322bec7df76c46d80dacee192455f12bb,504,true,true,"[{""faultId"":""fault-0"",""queryId"":""livebench-2026-08-25T01-46-44-989Z-3-semantic_disagreement-3"",""nodeId"":""quality_semantic"",""attempt"":1,""candidate"":""local-semantic-a"",""action"":""mutate""},{""faultId"":""fault-1"",""queryId"":""livebench-2026-08-25T01-46-44-989Z-3-semantic_disagreement-3"",""nodeId"":""quality_semantic"",""attempt"":2,""candidate"":""local-semantic-b"",""action"":""mutate""}]",
3,4,livebench-2026-08-25T01-46-44-989Z-3-semantic_disagreement-4,semantic_disagreement,INSUFFICIENT_EVIDENCE,INSUFFICIENT,506.036,47,459.036,1,7,14653,0x32d734b93962c95f5a37592f08fa7103556983bda1a793afaa3bf124dc064ba5,0xd9a0d8ceb144324b19bc04e8fe5585f3422ca2f1744007e58eb9347b9e3a5e93,505,true,true,"[{""faultId"":""fault-0"",""queryId"":""livebench-2026-08-25T01-46-44-989Z-3-semantic_disagreement-4"",""nodeId"":""quality_semantic"",""attempt"":1,""candidate"":""local-semantic-a"",""action"":""mutate""},{""faultId"":""fault-1"",""queryId"":""livebench-2026-08-25T01-46-44-989Z-3-semantic_disagreement-4"",""nodeId"":""quality_semantic"",""attempt"":2,""candidate"":""local-semantic-b"",""action"":""mutate""}]",
3,5,livebench-2026-08-25T01-46-44-989Z-3-semantic_disagreement-5,semantic_disagreement,INSUFFICIENT_EVIDENCE,INSUFFICIENT,496.397,41,455.397,1,7,14653,0x882da6de007d37e8aa348d6f4f14eea6b52b479dcd1e6de842b8d8130a33c83a,0x7bb234e07f9f6717d40791a94a3933d57c95e5457558a5cb742eb98f035bd2a9,506,true,true,"[{""faultId"":""fault-0"",""queryId"":""livebench-2026-08-25T01-46-44-989Z-3-semantic_disagreement-5"",""nodeId"":""quality_semantic"",""attempt"":1,""candidate"":""local-semantic-a"",""action"":""mutate""},{""faultId"":""fault-1"",""queryId"":""livebench-2026-08-25T01-46-44-989Z-3-semantic_disagreement-5"",""nodeId"":""quality_semantic"",""attempt"":2,""candidate"":""local-semantic-b"",""action"":""mutate""}]",
3,6,livebench-2026-08-25T01-46-44-989Z-3-semantic_disagreement-6,semantic_disagreement,INSUFFICIENT_EVIDENCE,INSUFFICIENT,506.154,30,476.154,1,7,14653,0x0284f37d631b92d74baec2e2e3dd19a85629044b173a8c38be4b22f21bef0f86,0x18bf23e1482437f4db0ed9f040e8383beaebaef2ae47f1015d91679806ac24d6,507,true,true,"[{""faultId"":""fault-0"",""queryId"":""livebench-2026-08-25T01-46-44-989Z-3-semantic_disagreement-6"",""nodeId"":""quality_semantic"",""attempt"":1,""candidate"":""local-semantic-a"",""action"":""mutate""},{""faultId"":""fault-1"",""queryId"":""livebench-2026-08-25T01-46-44-989Z-3-semantic_disagreement-6"",""nodeId"":""quality_semantic"",""attempt"":2,""candidate"":""local-semantic-b"",""action"":""mutate""}]",
3,7,livebench-2026-08-25T01-46-44-989Z-3-semantic_disagreement-7,semantic_disagreement,INSUFFICIENT_EVIDENCE,INSUFFICIENT,508.535,33,475.535,1,7,14651,0x6afa49de5bf9461ec07d8243359e482a05b0cd0ab5f6c06968fed8146955b941,0x11f0af5fe3ea3dabe785ca97d6e8ac3532a9cefb823b3960f2db8b7e023f2b6c,508,true,true,"[{""faultId"":""fault-0"",""queryId"":""livebench-2026-08-25T01-46-44-989Z-3-semantic_disagreement-7"",""nodeId"":""quality_semantic"",""attempt"":1,""candidate"":""local-semantic-a"",""action"":""mutate""},{""faultId"":""fault-1"",""queryId"":""livebench-2026-08-25T01-46-44-989Z-3-semantic_disagreement-7"",""nodeId"":""quality_semantic"",""attempt"":2,""candidate"":""local-semantic-b"",""action"":""mutate""}]",
3,8,livebench-2026-08-25T01-46-44-989Z-3-semantic_disagreement-8,semantic_disagreement,INSUFFICIENT_EVIDENCE,INSUFFICIENT,506.101,51,455.101,1,7,14651,0x5665e19fcd86e8023034601a20f0a3105c2c3dbcf23be25a04184e62a7c07797,0x3074eaa81c29585db57f9813fa466ef801c510e726027127f6af6886c7b7ae61,509,true,true,"[{""faultId"":""fault-0"",""queryId"":""livebench-2026-08-25T01-46-44-989Z-3-semantic_disagreement-8"",""nodeId"":""quality_semantic"",""attempt"":1,""candidate"":""local-semantic-a"",""action"":""mutate""},{""faultId"":""fault-1"",""queryId"":""livebench-2026-08-25T01-46-44-989Z-3-semantic_disagreement-8"",""nodeId"":""quality_semantic"",""attempt"":2,""candidate"":""local-semantic-b"",""action"":""mutate""}]",
3,9,livebench-2026-08-25T01-46-44-989Z-3-semantic_disagreement-9,semantic_disagreement,INSUFFICIENT_EVIDENCE,INSUFFICIENT,501.958,40,461.958,1,7,14651,0x473ffb1b9ab81fae87bed73d0e90fd4c57e5634d0213187a0471cf696fde135d,0xfc7eb8a5a6eea4b0dfb375a64f6cfa7d69d2b1386f22cee027de4b8e8751e930,510,true,true,"[{""faultId"":""fault-0"",""queryId"":""livebench-2026-08-25T01-46-44-989Z-3-semantic_disagreement-9"",""nodeId"":""quality_semantic"",""attempt"":1,""candidate"":""local-semantic-a"",""action"":""mutate""},{""faultId"":""fault-1"",""queryId"":""livebench-2026-08-25T01-46-44-989Z-3-semantic_disagreement-9"",""nodeId"":""quality_semantic"",""attempt"":2,""candidate"":""local-semantic-b"",""action"":""mutate""}]",
3,10,livebench-2026-08-25T01-46-44-989Z-3-semantic_disagreement-10,semantic_disagreement,INSUFFICIENT_EVIDENCE,INSUFFICIENT,503.656,31,472.656,1,7,14658,0xd3ae0338545a5e7eaccc069f3ee14fa9186ccc80b21c30c95dcec188cd6a26a8,0xcd2d8b51306fe4931bd98e0c049e9266d81ce17a5c1ff7e8ebaeb9c688920c40,511,true,true,"[{""faultId"":""fault-0"",""queryId"":""livebench-2026-08-25T01-46-44-989Z-3-semantic_disagreement-10"",""nodeId"":""quality_semantic"",""attempt"":1,""candidate"":""local-semantic-a"",""action"":""mutate""},{""faultId"":""fault-1"",""queryId"":""livebench-2026-08-25T01-46-44-989Z-3-semantic_disagreement-10"",""nodeId"":""quality_semantic"",""attempt"":2,""candidate"":""local-semantic-b"",""action"":""mutate""}]",
3,11,livebench-2026-08-25T01-46-44-989Z-3-semantic_disagreement-11,semantic_disagreement,INSUFFICIENT_EVIDENCE,INSUFFICIENT,506.396,34,472.396,1,7,14658,0x9b90d2d7970d7207fa5750d331c6f248a7ffc4e6c17374d771a2cb6c66451500,0x23d199e9828d17d527a6216a826024686cbbc170c29da63ab0feabca62de2f4d,512,true,true,"[{""faultId"":""fault-0"",""queryId"":""livebench-2026-08-25T01-46-44-989Z-3-semantic_disagreement-11"",""nodeId"":""quality_semantic"",""attempt"":1,""candidate"":""local-semantic-a"",""action"":""mutate""},{""faultId"":""fault-1"",""queryId"":""livebench-2026-08-25T01-46-44-989Z-3-semantic_disagreement-11"",""nodeId"":""quality_semantic"",""attempt"":2,""candidate"":""local-semantic-b"",""action"":""mutate""}]",
3,12,livebench-2026-08-25T01-46-44-989Z-3-semantic_disagreement-12,semantic_disagreement,INSUFFICIENT_EVIDENCE,INSUFFICIENT,500.963,33,467.963,1,7,14656,0x672b807fb44aaf29046f645af0f70b0a5fe186be63031cb4e5ca5d5052420d4e,0x1110ec26dc98f4a91e4bd1760fa0e95d445eb08b891c248fee31cf8a69ded1bc,513,true,true,"[{""faultId"":""fault-0"",""queryId"":""livebench-2026-08-25T01-46-44-989Z-3-semantic_disagreement-12"",""nodeId"":""quality_semantic"",""attempt"":1,""candidate"":""local-semantic-a"",""action"":""mutate""},{""faultId"":""fault-1"",""queryId"":""livebench-2026-08-25T01-46-44-989Z-3-semantic_disagreement-12"",""nodeId"":""quality_semantic"",""attempt"":2,""candidate"":""local-semantic-b"",""action"":""mutate""}]",
3,13,livebench-2026-08-25T01-46-44-989Z-3-semantic_disagreement-13,semantic_disagreement,INSUFFICIENT_EVIDENCE,INSUFFICIENT,514.049,37,477.049,1,7,14658,0x69dc6674135b820e29f6a9859c6f0da60d22669a0d70cef3ac2b41d1d627d5d0,0x2d900529080886d5afdf9768c6639f53e8eb7a42e3cf628564b94bccbbe2b347,514,true,true,"[{""faultId"":""fault-0"",""queryId"":""livebench-2026-08-25T01-46-44-989Z-3-semantic_disagreement-13"",""nodeId"":""quality_semantic"",""attempt"":1,""candidate"":""local-semantic-a"",""action"":""mutate""},{""faultId"":""fault-1"",""queryId"":""livebench-2026-08-25T01-46-44-989Z-3-semantic_disagreement-13"",""nodeId"":""quality_semantic"",""attempt"":2,""candidate"":""local-semantic-b"",""action"":""mutate""}]",
3,14,livebench-2026-08-25T01-46-44-989Z-3-semantic_disagreement-14,semantic_disagreement,INSUFFICIENT_EVIDENCE,INSUFFICIENT,612.189,57,555.189,1,7,14656,0xcf11b669b64c90bbfb6fa2f0cd4832b37095b7b420877beb8867d216ba103be7,0xf75e2a1823b5e1182a5e8a7ac39891677bd1e4f861e0fb817ae3d316823d8683,515,true,true,"[{""faultId"":""fault-0"",""queryId"":""livebench-2026-08-25T01-46-44-989Z-3-semantic_disagreement-14"",""nodeId"":""quality_semantic"",""attempt"":1,""candidate"":""local-semantic-a"",""action"":""mutate""},{""faultId"":""fault-1"",""queryId"":""livebench-2026-08-25T01-46-44-989Z-3-semantic_disagreement-14"",""nodeId"":""quality_semantic"",""attempt"":2,""candidate"":""local-semantic-b"",""action"":""mutate""}]",
3,15,livebench-2026-08-25T01-46-44-989Z-3-semantic_disagreement-15,semantic_disagreement,INSUFFICIENT_EVIDENCE,INSUFFICIENT,513.53,40,473.53,1,7,14656,0xfe8056534ce77233fcfd95e92a5d32fadeffa58831a2dbdaf5bd7156b2dc1447,0xb996756e5982cd8ae21ba27b9ddc1db5769331edab09ccd745b23c2e281e6ba3,516,true,true,"[{""faultId"":""fault-0"",""queryId"":""livebench-2026-08-25T01-46-44-989Z-3-semantic_disagreement-15"",""nodeId"":""quality_semantic"",""attempt"":1,""candidate"":""local-semantic-a"",""action"":""mutate""},{""faultId"":""fault-1"",""queryId"":""livebench-2026-08-25T01-46-44-989Z-3-semantic_disagreement-15"",""nodeId"":""quality_semantic"",""attempt"":2,""candidate"":""local-semantic-b"",""action"":""mutate""}]",
3,16,livebench-2026-08-25T01-46-44-989Z-3-semantic_disagreement-16,semantic_disagreement,INSUFFICIENT_EVIDENCE,INSUFFICIENT,515.838,35,480.838,1,7,14658,0x7f5518cc3238f1f422140c3c7aaf1ec7f761ca00a33506edcda8225f9be9671a,0xf1888e99a9e67f49e20ba4805cd03451adea3ad009ec45e885e7790bc2feeb01,517,true,true,"[{""faultId"":""fault-0"",""queryId"":""livebench-2026-08-25T01-46-44-989Z-3-semantic_disagreement-16"",""nodeId"":""quality_semantic"",""attempt"":1,""candidate"":""local-semantic-a"",""action"":""mutate""},{""faultId"":""fault-1"",""queryId"":""livebench-2026-08-25T01-46-44-989Z-3-semantic_disagreement-16"",""nodeId"":""quality_semantic"",""attempt"":2,""candidate"":""local-semantic-b"",""action"":""mutate""}]",
3,17,livebench-2026-08-25T01-46-44-989Z-3-semantic_disagreement-17,semantic_disagreement,INSUFFICIENT_EVIDENCE,INSUFFICIENT,541.2,39,502.2,1,7,14656,0xc5402536f279ee12717fe059d9853cde29e8754f456036c3a2913a3a6f0225b5,0x1871caa00aa5ce3f4d60f2fc0bffa1f817a2eb51966d3aec582497089988ecf9,518,true,true,"[{""faultId"":""fault-0"",""queryId"":""livebench-2026-08-25T01-46-44-989Z-3-semantic_disagreement-17"",""nodeId"":""quality_semantic"",""attempt"":1,""candidate"":""local-semantic-a"",""action"":""mutate""},{""faultId"":""fault-1"",""queryId"":""livebench-2026-08-25T01-46-44-989Z-3-semantic_disagreement-17"",""nodeId"":""quality_semantic"",""attempt"":2,""candidate"":""local-semantic-b"",""action"":""mutate""}]",
3,18,livebench-2026-08-25T01-46-44-989Z-3-semantic_disagreement-18,semantic_disagreement,INSUFFICIENT_EVIDENCE,INSUFFICIENT,495.288,46,449.288,1,7,14658,0x9b1fa1ca5dc658ef6228bdca7c0505f058e9c772737f8c24d0e49290cdf4ca1e,0xa86f25cb7b5ca304992ecbc96e3e67f415e00deb05d3a774494cab3c8302f5a7,519,true,true,"[{""faultId"":""fault-0"",""queryId"":""livebench-2026-08-25T01-46-44-989Z-3-semantic_disagreement-18"",""nodeId"":""quality_semantic"",""attempt"":1,""candidate"":""local-semantic-a"",""action"":""mutate""},{""faultId"":""fault-1"",""queryId"":""livebench-2026-08-25T01-46-44-989Z-3-semantic_disagreement-18"",""nodeId"":""quality_semantic"",""attempt"":2,""candidate"":""local-semantic-b"",""action"":""mutate""}]",
3,19,livebench-2026-08-25T01-46-44-989Z-3-semantic_disagreement-19,semantic_disagreement,INSUFFICIENT_EVIDENCE,INSUFFICIENT,517.223,44,473.223,1,7,14658,0xd527377666f3e5db836c79cc9d6c89e10ca0e7728a585d05ad5c6b7fe0683394,0xabfa52879e241a70eb3433d8473e9dca0689f3a8943f0b3e1ba2ed9484d7a661,520,true,true,"[{""faultId"":""fault-0"",""queryId"":""livebench-2026-08-25T01-46-44-989Z-3-semantic_disagreement-19"",""nodeId"":""quality_semantic"",""attempt"":1,""candidate"":""local-semantic-a"",""action"":""mutate""},{""faultId"":""fault-1"",""queryId"":""livebench-2026-08-25T01-46-44-989Z-3-semantic_disagreement-19"",""nodeId"":""quality_semantic"",""attempt"":2,""candidate"":""local-semantic-b"",""action"":""mutate""}]",
4,0,livebench-2026-08-25T01-46-44-989Z-4-normal-0,normal,ANCHORED,SATISFIED,498.052,41,457.052,0,6,14484,0xdb9d1cbb8353984e93efc09ae8a0ab5f4cf19a5cdb08ec2ac156e549daa6dd4a,0xf3a76bb9d85134011a90d1017c336d55a9700913c63e8810df3ac379644fb3d8,521,true,true,[],
4,1,livebench-2026-08-25T01-46-44-989Z-4-normal-1,normal,ANCHORED,SATISFIED,502.183,40,462.183,0,6,14486,0x4b0144b2b2fd9781aa25205729e7858a32859398eb23f15925a0ad255e5b766b,0xb643f941d8528f5c5546ea3c2dc6f3e83195591ee6e819c4bc83d72dcc587c7b,522,true,true,[],
4,2,livebench-2026-08-25T01-46-44-989Z-4-normal-2,normal,ANCHORED,SATISFIED,522.838,37,485.838,0,6,14484,0xb5e80502652448396bb3c5ea44540f2a9b02034d7ef575f68cb8f122705c1932,0x3b61ae2a9769f0d981711d71f5662dbf06bf05cd5874ca6e073c5f134f0b3268,523,true,true,[],
4,3,livebench-2026-08-25T01-46-44-989Z-4-normal-3,normal,ANCHORED,SATISFIED,490.697,46,444.697,0,6,14484,0x3a6996f08b2ec2e1bcd9a7922711d00bbb0b7b1022f1c78e21922404d6731ec8,0x660c9fb567266053bcc743f817978426dfb9a94a8ab3dcd0bcd95a0278248892,524,true,true,[],
4,4,livebench-2026-08-25T01-46-44-989Z-4-normal-4,normal,ANCHORED,SATISFIED,511.365,41,470.365,0,6,14484,0x4a9200a8b2a1c64e93664d88c132bce8d0e63242862a9b7646eea49065d18b27,0x88ba1d2c5abfdf7bac3b0fff06d65d0feddef8329fef79315948717ca9cc12ec,525,true,true,[],
4,5,livebench-2026-08-25T01-46-44-989Z-4-normal-5,normal,ANCHORED,SATISFIED,501.796,38,463.796,0,6,14484,0x7e073ff95f5b1847201bf62603711a58743524ccdc71df6dba84d49a0cf62674,0xe880ba143b271af959c71483a7aa3696a9c28d74ac0bd2a979b477d2066aea11,526,true,true,[],
4,6,livebench-2026-08-25T01-46-44-989Z-4-normal-6,normal,ANCHORED,SATISFIED,557.112,37,520.112,0,6,14484,0xf7543b0c41dd3441af0247785afa34b54b0e67566e18a6455fa495e8522b5988,0x6a6f901afd676abe7dccd06653331144b938d593e7b12019afbfd3bf2c33b192,527,true,true,[],
4,7,livebench-2026-08-25T01-46-44-989Z-4-normal-7,normal,ANCHORED,SATISFIED,494.692,46,448.692,0,6,14484,0xfcd766532a5b575b67a349e32c916eb87524fd3879ad5a574d6a453250bd1e85,0x694f59628f15a3c67744dcb4dc581af499b6f03ab6a68ee4f73f8b8380964e80,528,true,true,[],
4,8,livebench-2026-08-25T01-46-44-989Z-4-normal-8,normal,ANCHORED,SATISFIED,629.066,45,584.066,0,6,14486,0x427b3854b6d7924e5f2bf985dc442b4c1fa9007192e789c25af2e6628bde57c8,0xd19a693114866c0738873319c998df76f744059ae0bfe8b52e2d0efbd31898a2,529,true,true,[],
4,9,livebench-2026-08-25T01-46-44-989Z-4-normal-9,normal,ANCHORED,SATISFIED,501.02,44,457.02,0,6,14484,0x5f543c57b706dd1bcceaabe0a71aef1883c6c0d482279bcd7f45ea1ee41f64c3,0x71b35c410045625a68e3f734872f06b43a6b57e99c43b09a1f52d0fee9911d2f,530,true,true,[],
4,10,livebench-2026-08-25T01-46-44-989Z-4-normal-10,normal,ANCHORED,SATISFIED,504.301,38,466.301,0,6,14490,0xfe007a6a556db5b9f695c5b44d4f9d6068cc9a1fa239981020cfc0ca3f16c7b0,0x1661f6daaaf2332d2a1b27ec27468916fca296cfafaee8357b7cfaf033fabb73,531,true,true,[],
4,11,livebench-2026-08-25T01-46-44-989Z-4-normal-11,normal,ANCHORED,SATISFIED,509.278,42,467.278,0,6,14492,0xbcf1901984d566ca8780903f1fd24207ebdb623cbd9e2d61295867013a497da6,0xda5da12e78d6e92bff7221b88544d9a04ae37f910b5634ff5626506051f7a8ef,532,true,true,[],
4,12,livebench-2026-08-25T01-46-44-989Z-4-normal-12,normal,ANCHORED,SATISFIED,574.944,51,523.944,0,6,14490,0x61e8a490829b64fffcfd7805dc833cc27942e33af84d2fce5fa694238cf20562,0x0decac67c5ca90724262f369e094d1f9fe44f5e4f9c31413a10b9e1dd6a2ca25,533,true,true,[],
4,13,livebench-2026-08-25T01-46-44-989Z-4-normal-13,normal,ANCHORED,SATISFIED,493.939,90,403.939,0,6,14492,0xda7d4ec8a8a3a2aa02e416d3d919a5feb38ccb47569103eed7f3fa2772e7dcff,0xab7d98a64fb9bade13114535ac1c3e19c7da4bc0807a8694fbae62b777a5f41f,534,true,true,[],
4,14,livebench-2026-08-25T01-46-44-989Z-4-normal-14,normal,ANCHORED,SATISFIED,535.54,55,480.54,0,6,14492,0xcfb16122ac9c3e068807e7a84bf90f598dab914cbc1ec12509603955bf247665,0x361b9887e32356aed5c26d1bd02edf59c4196082422cf8dc3b5b9f11070a19fa,535,true,true,[],
4,15,livebench-2026-08-25T01-46-44-989Z-4-normal-15,normal,ANCHORED,SATISFIED,499.914,59,440.914,0,6,14492,0x07534e9fe36293e6717637b20afef7b9fc8e830158977e59ac9dccb9b070651c,0xff9ef38c4ed08c2d4924ed7d1268d5e88778c8037cc2bd72e572f61f0c02afca,536,true,true,[],
4,16,livebench-2026-08-25T01-46-44-989Z-4-normal-16,normal,ANCHORED,SATISFIED,508.777,55,453.777,0,6,14492,0x626d57723f2deef97d96e2e986871a924a4bb9a6cf120495da69a1548b6e87ef,0x907f45840dde15b2be5ebf347a28bdbef19b88dd1dad4c59687d3ba8554c7b49,537,true,true,[],
4,17,livebench-2026-08-25T01-46-44-989Z-4-normal-17,normal,ANCHORED,SATISFIED,494.387,40,454.387,0,6,14492,0x7d2cb69cef58675fec48684bcbd3cfe43cfe906b5d487a2de90919efc33e9ca3,0x82b62cefa2a296db136897c26ab5cd63fb1f700a53f971ce1180c529f05d405e,538,true,true,[],
4,18,livebench-2026-08-25T01-46-44-989Z-4-normal-18,normal,ANCHORED,SATISFIED,510.245,39,471.245,0,6,14490,0x4e482996aac627858d71847c9d5b08cf5ce8c2809ac5d6bf6fe0b6d1b539442b,0x1d4a50707ecd281db3be386a4ee6faa0d7f15feedefd6b5a439604d04e229776,539,true,true,[],
4,19,livebench-2026-08-25T01-46-44-989Z-4-normal-19,normal,ANCHORED,SATISFIED,507.849,38,469.849,0,6,14492,0xce0b163b2695e62ad8a7517cda5430b4f67e5bbb33c03159c2dec71b4061a4df,0xf85b26637c444f2d1ec3a7e4b5aa10d9f877555fe6ee038c0fc7d326271a9f1c,540,true,true,[],
4,0,livebench-2026-08-25T01-46-44-989Z-4-fabric_endpoint_retry-0,fabric_endpoint_retry,ANCHORED,SATISFIED,499.088,36,463.088,1,7,15034,0x895ec0776990ec196cf9d5fb3425ae65c0977a90bf180393971750d650c7bc32,0xd29bf468d346f2cc00b839379bca15a4562abe3ef6f0d9ff93af75630dff5e52,541,true,true,"[{""faultId"":""fault-0"",""queryId"":""livebench-2026-08-25T01-46-44-989Z-4-fabric_endpoint_retry-0"",""nodeId"":""order_fabric"",""attempt"":1,""candidate"":""fabric-peer-0"",""action"":""error""}]",
4,1,livebench-2026-08-25T01-46-44-989Z-4-fabric_endpoint_retry-1,fabric_endpoint_retry,ANCHORED,SATISFIED,520.811,41,479.811,1,7,15032,0x928f48f7bf0c54c90ad0f098babef796dd436b2abf8f6b8c89eb8942a3d58328,0x6b9e3f92ce742cabfa2d4f49d04a1bebf7aae04a1de028c4d8e4e7ab7f67e30e,542,true,true,"[{""faultId"":""fault-0"",""queryId"":""livebench-2026-08-25T01-46-44-989Z-4-fabric_endpoint_retry-1"",""nodeId"":""order_fabric"",""attempt"":1,""candidate"":""fabric-peer-0"",""action"":""error""}]",
4,2,livebench-2026-08-25T01-46-44-989Z-4-fabric_endpoint_retry-2,fabric_endpoint_retry,ANCHORED,SATISFIED,490.641,45,445.641,1,7,15032,0x098d24e4696431eed898333b6295a2e461e7b791309de77fa734c5650eacc362,0x164b61b4e99f534c283728a80d856686f04d1bec9587e29708bec2a20db9c05b,543,true,true,"[{""faultId"":""fault-0"",""queryId"":""livebench-2026-08-25T01-46-44-989Z-4-fabric_endpoint_retry-2"",""nodeId"":""order_fabric"",""attempt"":1,""candidate"":""fabric-peer-0"",""action"":""error""}]",
4,3,livebench-2026-08-25T01-46-44-989Z-4-fabric_endpoint_retry-3,fabric_endpoint_retry,ANCHORED,SATISFIED,509.087,38,471.087,1,7,15032,0xe3dd6385bad6ce27b2a10bc11e09a7341fea6b5464fa7a9eb32bccb224974fc0,0xf7a66d98224703ddab24739178e4602a61675a18a140c5a2ba44709fb26b2b95,544,true,true,"[{""faultId"":""fault-0"",""queryId"":""livebench-2026-08-25T01-46-44-989Z-4-fabric_endpoint_retry-3"",""nodeId"":""order_fabric"",""attempt"":1,""candidate"":""fabric-peer-0"",""action"":""error""}]",
4,4,livebench-2026-08-25T01-46-44-989Z-4-fabric_endpoint_retry-4,fabric_endpoint_retry,ANCHORED,SATISFIED,501.763,40,461.763,1,7,15034,0xae78d65ef1be2d4d9435a2c3830cb5b1139540a25d8b930d081fc7ef5c325557,0xc7a2d7a44a60e75ef983a4d38f090569d74842464dda3cf0556ba5b961c4413a,545,true,true,"[{""faultId"":""fault-0"",""queryId"":""livebench-2026-08-25T01-46-44-989Z-4-fabric_endpoint_retry-4"",""nodeId"":""order_fabric"",""attempt"":1,""candidate"":""fabric-peer-0"",""action"":""error""}]",
4,5,livebench-2026-08-25T01-46-44-989Z-4-fabric_endpoint_retry-5,fabric_endpoint_retry,ANCHORED,SATISFIED,612.899,42,570.899,1,7,15032,0x2526dc9696353882d54865adb3733ac01ffa4b8b3013e6049581ecd0dd2becc8,0xa0ff3b1b8592ca8c8c7fedcbf54f33cf326e304ff2fd9fa26d1e559e47a135e1,546,true,true,"[{""faultId"":""fault-0"",""queryId"":""livebench-2026-08-25T01-46-44-989Z-4-fabric_endpoint_retry-5"",""nodeId"":""order_fabric"",""attempt"":1,""candidate"":""fabric-peer-0"",""action"":""error""}]",
4,6,livebench-2026-08-25T01-46-44-989Z-4-fabric_endpoint_retry-6,fabric_endpoint_retry,ANCHORED,SATISFIED,414.263,35,379.263,1,7,15034,0xf680147425a4ab69abbe9f49c79d754de309c41dee0cfaa894c235600a8f42b5,0xb95ee854bb2a23b3c6af2ebd023d0c49e98227396741a92458a3835e2454240a,547,true,true,"[{""faultId"":""fault-0"",""queryId"":""livebench-2026-08-25T01-46-44-989Z-4-fabric_endpoint_retry-6"",""nodeId"":""order_fabric"",""attempt"":1,""candidate"":""fabric-peer-0"",""action"":""error""}]",
4,7,livebench-2026-08-25T01-46-44-989Z-4-fabric_endpoint_retry-7,fabric_endpoint_retry,ANCHORED,SATISFIED,507.169,33,474.169,1,7,15034,0x0a70a9f6da3519537480797e7f2b92a527729b9aad817435c75ff6f83df201bd,0x7ac0212b81f21e2e7188df642bbffd5d26d53a12d2052fdf7b3587dcb01e575d,548,true,true,"[{""faultId"":""fault-0"",""queryId"":""livebench-2026-08-25T01-46-44-989Z-4-fabric_endpoint_retry-7"",""nodeId"":""order_fabric"",""attempt"":1,""candidate"":""fabric-peer-0"",""action"":""error""}]",
4,8,livebench-2026-08-25T01-46-44-989Z-4-fabric_endpoint_retry-8,fabric_endpoint_retry,ANCHORED,SATISFIED,507.602,44,463.602,1,7,15032,0x0f83eda2a210bbdb85f13da7b8fbdb4b539a92b298016ac0c5a4b3dc40810665,0x726302291c9174ef4fa968805ef610f593eb0321344d465e2029cd67a093cc1e,549,true,true,"[{""faultId"":""fault-0"",""queryId"":""livebench-2026-08-25T01-46-44-989Z-4-fabric_endpoint_retry-8"",""nodeId"":""order_fabric"",""attempt"":1,""candidate"":""fabric-peer-0"",""action"":""error""}]",
4,9,livebench-2026-08-25T01-46-44-989Z-4-fabric_endpoint_retry-9,fabric_endpoint_retry,ANCHORED,SATISFIED,525.509,40,485.509,1,7,15034,0x8c7617a15357a836928f2df6e1d9b2a466b0e7444e7c7ab67ce670c3b00eb35f,0x6310b225b67b652713c869a5f6ca8620211b8242d539d5c2c8c2409535ef9e14,550,true,true,"[{""faultId"":""fault-0"",""queryId"":""livebench-2026-08-25T01-46-44-989Z-4-fabric_endpoint_retry-9"",""nodeId"":""order_fabric"",""attempt"":1,""candidate"":""fabric-peer-0"",""action"":""error""}]",
4,10,livebench-2026-08-25T01-46-44-989Z-4-fabric_endpoint_retry-10,fabric_endpoint_retry,ANCHORED,SATISFIED,502.226,42,460.226,1,7,15038,0xba8e9be341575cb771ae8128f641dad66d214bd2d717a539bfce32b174b7af68,0x81ba48d83d1073f0db64d7bafc7b6c0723edff390783db823c627ae0fd8a2f3d,551,true,true,"[{""faultId"":""fault-0"",""queryId"":""livebench-2026-08-25T01-46-44-989Z-4-fabric_endpoint_retry-10"",""nodeId"":""order_fabric"",""attempt"":1,""candidate"":""fabric-peer-0"",""action"":""error""}]",
4,11,livebench-2026-08-25T01-46-44-989Z-4-fabric_endpoint_retry-11,fabric_endpoint_retry,ANCHORED,SATISFIED,530.828,42,488.828,1,7,15040,0x0471862d38874a1244bd4c2fe33ba2ccd177ca37ab9f9338e9e46775a609e925,0x143f0ce5833aafecd11f3bbdc2f880781f6002f9d9dfd09ea4d9b6f141fa61d7,552,true,true,"[{""faultId"":""fault-0"",""queryId"":""livebench-2026-08-25T01-46-44-989Z-4-fabric_endpoint_retry-11"",""nodeId"":""order_fabric"",""attempt"":1,""candidate"":""fabric-peer-0"",""action"":""error""}]",
4,12,livebench-2026-08-25T01-46-44-989Z-4-fabric_endpoint_retry-12,fabric_endpoint_retry,ANCHORED,SATISFIED,507.8,40,467.8,1,7,15038,0xa13d6004e7b0187f00e9cfad92d0171ab5caf477a1cfb1a5392e7ba55ffa74eb,0xf5c75b88c84002b6c8c9f591c89b2b34d4940d186c57523162e3b5cb5621ee30,553,true,true,"[{""faultId"":""fault-0"",""queryId"":""livebench-2026-08-25T01-46-44-989Z-4-fabric_endpoint_retry-12"",""nodeId"":""order_fabric"",""attempt"":1,""candidate"":""fabric-peer-0"",""action"":""error""}]",
4,13,livebench-2026-08-25T01-46-44-989Z-4-fabric_endpoint_retry-13,fabric_endpoint_retry,ANCHORED,SATISFIED,505.204,47,458.204,1,7,14930,0x0b840dd25f894d81d30fbcb453785578f26bc7b6fade4b1f3025105b1bfff7ec,0x577ca0998d595411f4e2326984ddd542cc9d543503953e5865b17a8c0d3596ef,554,true,true,"[{""faultId"":""fault-0"",""queryId"":""livebench-2026-08-25T01-46-44-989Z-4-fabric_endpoint_retry-13"",""nodeId"":""order_fabric"",""attempt"":1,""candidate"":""fabric-peer-0"",""action"":""error""}]",
4,14,livebench-2026-08-25T01-46-44-989Z-4-fabric_endpoint_retry-14,fabric_endpoint_retry,ANCHORED,SATISFIED,502.339,41,461.339,1,7,15038,0x52939c221ea9bc804128fe3bde8ece845f352cfbe36f5cfd93f0f2a05245f8a1,0x482c312b7201c274efc012167368adc9bd23fbd6f43a62b2cbd6d174103f974f,555,true,true,"[{""faultId"":""fault-0"",""queryId"":""livebench-2026-08-25T01-46-44-989Z-4-fabric_endpoint_retry-14"",""nodeId"":""order_fabric"",""attempt"":1,""candidate"":""fabric-peer-0"",""action"":""error""}]",
4,15,livebench-2026-08-25T01-46-44-989Z-4-fabric_endpoint_retry-15,fabric_endpoint_retry,ANCHORED,SATISFIED,532.231,37,495.231,1,7,15038,0x824a45d3d4efc50d95ab6d1322b30fcb94012d13717cade2d8ecd86084c707bd,0x7c4eea4ee68d9fb7c41413464ece8246eb03e673dd1cd56bb1f41f3418e28285,556,true,true,"[{""faultId"":""fault-0"",""queryId"":""livebench-2026-08-25T01-46-44-989Z-4-fabric_endpoint_retry-15"",""nodeId"":""order_fabric"",""attempt"":1,""candidate"":""fabric-peer-0"",""action"":""error""}]",
4,16,livebench-2026-08-25T01-46-44-989Z-4-fabric_endpoint_retry-16,fabric_endpoint_retry,ANCHORED,SATISFIED,521.177,41,480.177,1,7,15038,0x012f45f3c5409b7638183e81a3030cefa3cd106e055e225ee3afa803b92ddd5d,0x577d2664b37e7c8667a0b87d394fa4507fa11dd3e4fc8e075cab23493a04ac12,557,true,true,"[{""faultId"":""fault-0"",""queryId"":""livebench-2026-08-25T01-46-44-989Z-4-fabric_endpoint_retry-16"",""nodeId"":""order_fabric"",""attempt"":1,""candidate"":""fabric-peer-0"",""action"":""error""}]",
4,17,livebench-2026-08-25T01-46-44-989Z-4-fabric_endpoint_retry-17,fabric_endpoint_retry,ANCHORED,SATISFIED,491.064,45,446.064,1,7,15038,0xcc8f22dec91737cb83bb959c5125cacc954c6f7f78db2cf200c33d4d5e9d169f,0xe1c92d17b14431f24a7c8dc4f5fce3054ae96ba83c8ef9ab2b0605bc3b3f10d2,558,true,true,"[{""faultId"":""fault-0"",""queryId"":""livebench-2026-08-25T01-46-44-989Z-4-fabric_endpoint_retry-17"",""nodeId"":""order_fabric"",""attempt"":1,""candidate"":""fabric-peer-0"",""action"":""error""}]",
4,18,livebench-2026-08-25T01-46-44-989Z-4-fabric_endpoint_retry-18,fabric_endpoint_retry,ANCHORED,SATISFIED,617.117,40,577.117,1,7,15038,0xb117190c60024f093a0d615eccfea8b0d5c800a233ec792f8b0b247f0571fceb,0x802e5d1f36be9a357e6080f6bb154d1d618af74da028a73dd1aaf6d393702561,559,true,true,"[{""faultId"":""fault-0"",""queryId"":""livebench-2026-08-25T01-46-44-989Z-4-fabric_endpoint_retry-18"",""nodeId"":""order_fabric"",""attempt"":1,""candidate"":""fabric-peer-0"",""action"":""error""}]",
4,19,livebench-2026-08-25T01-46-44-989Z-4-fabric_endpoint_retry-19,fabric_endpoint_retry,ANCHORED,SATISFIED,505.61,42,463.61,1,7,15038,0x96375e880fea8f3966454609ce11138cc01981d679b38d258a2dfa75627d8273,0xbf274ed358876269b5a07acd48acb8e62b05f4853eeb70835b703d8eb81c0dad,560,true,true,"[{""faultId"":""fault-0"",""queryId"":""livebench-2026-08-25T01-46-44-989Z-4-fabric_endpoint_retry-19"",""nodeId"":""order_fabric"",""attempt"":1,""candidate"":""fabric-peer-0"",""action"":""error""}]",
4,0,livebench-2026-08-25T01-46-44-989Z-4-fisco_endpoint_retry-0,fisco_endpoint_retry,ANCHORED,SATISFIED,669.456,40,629.456,1,7,15032,0x8b91641c1d994bf80f925f3d11ea147ef2b7a24a8822d185c747d32e5d39eb44,0xe1bd191e9689400d4d9661fde76cb39c32caa9915951578eab54abccba2e9bee,561,true,true,"[{""faultId"":""fault-0"",""queryId"":""livebench-2026-08-25T01-46-44-989Z-4-fisco_endpoint_retry-0"",""nodeId"":""logistics_fisco"",""attempt"":1,""candidate"":""fisco-node-0"",""action"":""error""}]",
4,1,livebench-2026-08-25T01-46-44-989Z-4-fisco_endpoint_retry-1,fisco_endpoint_retry,ANCHORED,SATISFIED,409.573,40,369.573,1,7,15032,0x1a34944626e4b8ee543d5eb73191a2ba5f185de04000b0f1e1b7a0881359a8f5,0x690d663bab2fc80efabf99d39aa498bdc4b30f309ec7cbce0e5b970346db87c7,562,true,true,"[{""faultId"":""fault-0"",""queryId"":""livebench-2026-08-25T01-46-44-989Z-4-fisco_endpoint_retry-1"",""nodeId"":""logistics_fisco"",""attempt"":1,""candidate"":""fisco-node-0"",""action"":""error""}]",
4,2,livebench-2026-08-25T01-46-44-989Z-4-fisco_endpoint_retry-2,fisco_endpoint_retry,ANCHORED,SATISFIED,525.037,46,479.037,1,7,15034,0x8e51e2a5f7c86a11689d4c7bed8ae2bc4573c3e94a5d2e66393b2207c6e40d36,0x85c35a741e83aaf0406196273fcdc9fc3852cdaf339e1ee0bd768aef38100506,563,true,true,"[{""faultId"":""fault-0"",""queryId"":""livebench-2026-08-25T01-46-44-989Z-4-fisco_endpoint_retry-2"",""nodeId"":""logistics_fisco"",""attempt"":1,""candidate"":""fisco-node-0"",""action"":""error""}]",
4,3,livebench-2026-08-25T01-46-44-989Z-4-fisco_endpoint_retry-3,fisco_endpoint_retry,ANCHORED,SATISFIED,496.338,45,451.338,1,7,15034,0xa2282997123fddeca9d760f8ce418ea6028099b9f6ed98cc7ca15ad9ef3cfa8e,0x01dc436ef0fc3dda658e53d25eadcba195cb9c81cb7d6b44daec66489809251f,564,true,true,"[{""faultId"":""fault-0"",""queryId"":""livebench-2026-08-25T01-46-44-989Z-4-fisco_endpoint_retry-3"",""nodeId"":""logistics_fisco"",""attempt"":1,""candidate"":""fisco-node-0"",""action"":""error""}]",
4,4,livebench-2026-08-25T01-46-44-989Z-4-fisco_endpoint_retry-4,fisco_endpoint_retry,ANCHORED,SATISFIED,506.117,41,465.117,1,7,15034,0xa071bebc74ed05227ceeeb9208bd14d496bb8f1abe9e2545cf70f1adcf3096c2,0x0c82628d78c0956115785918fe3ba5e77512222b85767c04a3ed77ddfca71771,565,true,true,"[{""faultId"":""fault-0"",""queryId"":""livebench-2026-08-25T01-46-44-989Z-4-fisco_endpoint_retry-4"",""nodeId"":""logistics_fisco"",""attempt"":1,""candidate"":""fisco-node-0"",""action"":""error""}]",
4,5,livebench-2026-08-25T01-46-44-989Z-4-fisco_endpoint_retry-5,fisco_endpoint_retry,ANCHORED,SATISFIED,498.786,49,449.786,1,7,15032,0x91b2ea31ede1a8cc13c5e3c8d0da52f885b1208d419cbcb0c8298683b621d582,0x18e5982d28926c2919663e576e74a3d06d13444d619f5fbe48a8910ea8e972a6,566,true,true,"[{""faultId"":""fault-0"",""queryId"":""livebench-2026-08-25T01-46-44-989Z-4-fisco_endpoint_retry-5"",""nodeId"":""logistics_fisco"",""attempt"":1,""candidate"":""fisco-node-0"",""action"":""error""}]",
4,6,livebench-2026-08-25T01-46-44-989Z-4-fisco_endpoint_retry-6,fisco_endpoint_retry,ANCHORED,SATISFIED,602.791,56,546.791,1,7,15034,0x0b346820b4a9863ce90dd7e5090bca62d8b2b92b55c87cb20c84796516ac1539,0xd99cb6280d791dc8c1aa2f77ded83534832d86c5449d8cf7c652bd7af2aca753,567,true,true,"[{""faultId"":""fault-0"",""queryId"":""livebench-2026-08-25T01-46-44-989Z-4-fisco_endpoint_retry-6"",""nodeId"":""logistics_fisco"",""attempt"":1,""candidate"":""fisco-node-0"",""action"":""error""}]",
4,7,livebench-2026-08-25T01-46-44-989Z-4-fisco_endpoint_retry-7,fisco_endpoint_retry,ANCHORED,SATISFIED,505.159,49,456.159,1,7,15032,0x267596f8fd258957825762786aa64d271d380c7aa98a6b9b88a75c2c2c70f7e3,0x9225a26d925f6b1dbe7256f0ad6c0ed5ad93ff3d88bc18d6640f810bbf777770,568,true,true,"[{""faultId"":""fault-0"",""queryId"":""livebench-2026-08-25T01-46-44-989Z-4-fisco_endpoint_retry-7"",""nodeId"":""logistics_fisco"",""attempt"":1,""candidate"":""fisco-node-0"",""action"":""error""}]",
4,8,livebench-2026-08-25T01-46-44-989Z-4-fisco_endpoint_retry-8,fisco_endpoint_retry,ANCHORED,SATISFIED,550.194,49,501.194,1,7,15034,0x8f7598127d4e3cdf923e21a1584396f24ebea149a33592266093b872d0ec8ec5,0xd52433e1fe4160c2744b741e8f71d0d5ce436af4ed2d2cfe1016d58d23047b93,569,true,true,"[{""faultId"":""fault-0"",""queryId"":""livebench-2026-08-25T01-46-44-989Z-4-fisco_endpoint_retry-8"",""nodeId"":""logistics_fisco"",""attempt"":1,""candidate"":""fisco-node-0"",""action"":""error""}]",
4,9,livebench-2026-08-25T01-46-44-989Z-4-fisco_endpoint_retry-9,fisco_endpoint_retry,ANCHORED,SATISFIED,512.673,53,459.673,1,7,15032,0x109d73063b34c5bf633a2f490fc025a013df944f2358cb6a861af4ca6d171aa9,0x76f977680d271a6b95698cf5dd105c0d9f2aa373a9b7be32d32bbc3f57b767ad,570,true,true,"[{""faultId"":""fault-0"",""queryId"":""livebench-2026-08-25T01-46-44-989Z-4-fisco_endpoint_retry-9"",""nodeId"":""logistics_fisco"",""attempt"":1,""candidate"":""fisco-node-0"",""action"":""error""}]",
4,10,livebench-2026-08-25T01-46-44-989Z-4-fisco_endpoint_retry-10,fisco_endpoint_retry,ANCHORED,SATISFIED,530.171,42,488.171,1,7,15040,0x987b73ae0624d7dd70b56e14c34b2127742f0ba74ac7809e6f0337cdce4a4701,0xaf81598a4d94effe6cf6212dab8943cdf76e6416e614aa989bfc199f4b679ce0,571,true,true,"[{""faultId"":""fault-0"",""queryId"":""livebench-2026-08-25T01-46-44-989Z-4-fisco_endpoint_retry-10"",""nodeId"":""logistics_fisco"",""attempt"":1,""candidate"":""fisco-node-0"",""action"":""error""}]",
4,11,livebench-2026-08-25T01-46-44-989Z-4-fisco_endpoint_retry-11,fisco_endpoint_retry,ANCHORED,SATISFIED,532.967,37,495.967,1,7,15038,0xe84258f8e3efa999191b410a4fcb24ac8f4a6e61075b163a9e3b4dbe813a0f3c,0x52c319f7b01ee82f392ed90b48586766b573b98c6ff7a86f3a972b41cc6d1ae9,572,true,true,"[{""faultId"":""fault-0"",""queryId"":""livebench-2026-08-25T01-46-44-989Z-4-fisco_endpoint_retry-11"",""nodeId"":""logistics_fisco"",""attempt"":1,""candidate"":""fisco-node-0"",""action"":""error""}]",
4,12,livebench-2026-08-25T01-46-44-989Z-4-fisco_endpoint_retry-12,fisco_endpoint_retry,ANCHORED,SATISFIED,495.144,49,446.144,1,7,15038,0x7f2b5a973945c646e15ce4cf6276433c1c4903f2ee6a9df6173de7a3d1f0b422,0x15f59418941cdbd4a28ed426c68c8fa0d4731972b5ed89731ef68c6ea7e5376c,573,true,true,"[{""faultId"":""fault-0"",""queryId"":""livebench-2026-08-25T01-46-44-989Z-4-fisco_endpoint_retry-12"",""nodeId"":""logistics_fisco"",""attempt"":1,""candidate"":""fisco-node-0"",""action"":""error""}]",
4,13,livebench-2026-08-25T01-46-44-989Z-4-fisco_endpoint_retry-13,fisco_endpoint_retry,ANCHORED,SATISFIED,507.046,43,464.046,1,7,15038,0x5075106500f34c072a88ce7a8c934b4e0491dcd0b2d2304f29c1d6d12c494c53,0x0527eef32123c734fc000de1adba584ee6952db7001f4aa1aed1cda692cef7d6,574,true,true,"[{""faultId"":""fault-0"",""queryId"":""livebench-2026-08-25T01-46-44-989Z-4-fisco_endpoint_retry-13"",""nodeId"":""logistics_fisco"",""attempt"":1,""candidate"":""fisco-node-0"",""action"":""error""}]",
4,14,livebench-2026-08-25T01-46-44-989Z-4-fisco_endpoint_retry-14,fisco_endpoint_retry,ANCHORED,SATISFIED,505.65,48,457.65,1,7,15040,0x576f7c636e889fa7eacdae66dcbaf60cd4143029eb9dbbd2ab82798a14644bc3,0xb84846980bd94ad75ca25549926786f5b758b7d1bbc00eca478ef231f911c79a,575,true,true,"[{""faultId"":""fault-0"",""queryId"":""livebench-2026-08-25T01-46-44-989Z-4-fisco_endpoint_retry-14"",""nodeId"":""logistics_fisco"",""attempt"":1,""candidate"":""fisco-node-0"",""action"":""error""}]",
4,15,livebench-2026-08-25T01-46-44-989Z-4-fisco_endpoint_retry-15,fisco_endpoint_retry,ANCHORED,SATISFIED,505.207,41,464.207,1,7,15038,0x409a6ac953edf0776beac068f697d7702ef6c62536a6c69089347a01e329a6aa,0xb2127676214ab208f485376dd72e7b6383e273345d6e6d0fc8ba3bbf5809cd84,576,true,true,"[{""faultId"":""fault-0"",""queryId"":""livebench-2026-08-25T01-46-44-989Z-4-fisco_endpoint_retry-15"",""nodeId"":""logistics_fisco"",""attempt"":1,""candidate"":""fisco-node-0"",""action"":""error""}]",
4,16,livebench-2026-08-25T01-46-44-989Z-4-fisco_endpoint_retry-16,fisco_endpoint_retry,ANCHORED,SATISFIED,497.684,43,454.684,1,7,15038,0xec2691b9bcae939b789af5e6b5defa3c2dc75ab2d84443d395efc79330ca2605,0xdd6b69fdfc60625833296ff98e026dd9f76cb353491120cdfb7fb97a2d886951,577,true,true,"[{""faultId"":""fault-0"",""queryId"":""livebench-2026-08-25T01-46-44-989Z-4-fisco_endpoint_retry-16"",""nodeId"":""logistics_fisco"",""attempt"":1,""candidate"":""fisco-node-0"",""action"":""error""}]",
4,17,livebench-2026-08-25T01-46-44-989Z-4-fisco_endpoint_retry-17,fisco_endpoint_retry,ANCHORED,SATISFIED,504.852,41,463.852,1,7,15038,0xb7a9e6cad2344cbb7130ab0a704424ec13b31a36e611567bebf9cfbe3ac16f93,0x8e5d96690c16ab57d5446d5b8719d0fd82e62c2c517f44122ee081d30fc9f3d6,578,true,true,"[{""faultId"":""fault-0"",""queryId"":""livebench-2026-08-25T01-46-44-989Z-4-fisco_endpoint_retry-17"",""nodeId"":""logistics_fisco"",""attempt"":1,""candidate"":""fisco-node-0"",""action"":""error""}]",
4,18,livebench-2026-08-25T01-46-44-989Z-4-fisco_endpoint_retry-18,fisco_endpoint_retry,ANCHORED,SATISFIED,545.689,39,506.689,1,7,15038,0xce2efd666b05c6d40f19115bf57a7307d4231e012a55ed4d790898a9c37fe3c9,0xd9797981274ee863738939d84373398177bf88ed154b97ef62751553f53d871a,579,true,true,"[{""faultId"":""fault-0"",""queryId"":""livebench-2026-08-25T01-46-44-989Z-4-fisco_endpoint_retry-18"",""nodeId"":""logistics_fisco"",""attempt"":1,""candidate"":""fisco-node-0"",""action"":""error""}]",
4,19,livebench-2026-08-25T01-46-44-989Z-4-fisco_endpoint_retry-19,fisco_endpoint_retry,ANCHORED,SATISFIED,508.938,46,462.938,1,7,15040,0x8c11bf273eef2694124d97036d80d9270abb1957dc7fce0ec73374369204710a,0xaadd570e0d25d29f1242cdd3ad4f477bc4dc5ed9f64fcc75e18d35c71a9d9f4e,580,true,true,"[{""faultId"":""fault-0"",""queryId"":""livebench-2026-08-25T01-46-44-989Z-4-fisco_endpoint_retry-19"",""nodeId"":""logistics_fisco"",""attempt"":1,""candidate"":""fisco-node-0"",""action"":""error""}]",
4,0,livebench-2026-08-25T01-46-44-989Z-4-semantic_service_timeout-0,semantic_service_timeout,ANCHORED,SATISFIED,513.758,267,246.758,1,7,15166,0x1d930814bd3c6c2ad1c88cf1a45b84ee4c25e5cecb011c20afdb4258ac5932ed,0x28b0ddb8315736acb5087e4e41fd2e4823e5f1488d8831d454ed7537aed4f872,581,true,true,"[{""faultId"":""fault-0"",""queryId"":""livebench-2026-08-25T01-46-44-989Z-4-semantic_service_timeout-0"",""nodeId"":""quality_semantic"",""attempt"":1,""candidate"":""local-semantic-a"",""action"":""timeout""}]",
4,1,livebench-2026-08-25T01-46-44-989Z-4-semantic_service_timeout-1,semantic_service_timeout,ANCHORED,SATISFIED,504.377,268,236.377,1,7,15166,0xd7dd34ddd825a2a2eff8a4d4712f9c22be99b96cdebf83d3dd8ae8ac028ee20b,0x8cc55b92b3f7515f9398e5df83130ddd3e8221f9da5e98b9bece0efc9ff71c83,582,true,true,"[{""faultId"":""fault-0"",""queryId"":""livebench-2026-08-25T01-46-44-989Z-4-semantic_service_timeout-1"",""nodeId"":""quality_semantic"",""attempt"":1,""candidate"":""local-semantic-a"",""action"":""timeout""}]",
4,2,livebench-2026-08-25T01-46-44-989Z-4-semantic_service_timeout-2,semantic_service_timeout,ANCHORED,SATISFIED,502.548,267,235.548,1,7,15166,0xa74e3a48359d98d6c52266075194a22f46e3c690f277ab931bd7daa1c1b4759c,0x9c82137c8d09cc2f8a0a3cf24766853897991bef0f6ab2d1e78fb5addddda6ab,583,true,true,"[{""faultId"":""fault-0"",""queryId"":""livebench-2026-08-25T01-46-44-989Z-4-semantic_service_timeout-2"",""nodeId"":""quality_semantic"",""attempt"":1,""candidate"":""local-semantic-a"",""action"":""timeout""}]",
4,3,livebench-2026-08-25T01-46-44-989Z-4-semantic_service_timeout-3,semantic_service_timeout,ANCHORED,SATISFIED,507.638,265,242.638,1,7,15168,0xdcf22b4bd1ab5f1baf54694be8824332b1762c4ad6519f3098517b24431ec016,0xf2a3b41f93c4b9582f8a263d1404d5b8dec780f2fd4c10b60db7ff45b6347d85,584,true,true,"[{""faultId"":""fault-0"",""queryId"":""livebench-2026-08-25T01-46-44-989Z-4-semantic_service_timeout-3"",""nodeId"":""quality_semantic"",""attempt"":1,""candidate"":""local-semantic-a"",""action"":""timeout""}]",
4,4,livebench-2026-08-25T01-46-44-989Z-4-semantic_service_timeout-4,semantic_service_timeout,ANCHORED,SATISFIED,552.054,272,280.054,1,7,15166,0xb17d9ddeff815f351150ce5744524c7f333270c2cc70d4941347eedc218643b8,0xd8e2f0e3a9b3862752fcb07414eacc5fb10de3fe18650746d7af1100e446a97e,585,true,true,"[{""faultId"":""fault-0"",""queryId"":""livebench-2026-08-25T01-46-44-989Z-4-semantic_service_timeout-4"",""nodeId"":""quality_semantic"",""attempt"":1,""candidate"":""local-semantic-a"",""action"":""timeout""}]",
4,5,livebench-2026-08-25T01-46-44-989Z-4-semantic_service_timeout-5,semantic_service_timeout,ANCHORED,SATISFIED,500.779,265,235.779,1,7,15168,0x2bdbe5b8e4b9129c9d990f55f1b43dacac87c675f5a5fa6553ab33d8fa57ced0,0x2d5a94ae6ee1204f3bce56cf33f9bcc5f3c224e0e52e3cfe03305922e99d5043,586,true,true,"[{""faultId"":""fault-0"",""queryId"":""livebench-2026-08-25T01-46-44-989Z-4-semantic_service_timeout-5"",""nodeId"":""quality_semantic"",""attempt"":1,""candidate"":""local-semantic-a"",""action"":""timeout""}]",
4,6,livebench-2026-08-25T01-46-44-989Z-4-semantic_service_timeout-6,semantic_service_timeout,ANCHORED,SATISFIED,614.816,267,347.816,1,7,15168,0xf9c1ff95fa7e2abf38f7406d52f074b4e5495c7103fdcda82d5ee60cfc0d5d65,0x32b00dba7aa740d62744d05278b0bd35661742b8f3fe2502b3afbc83817557b3,587,true,true,"[{""faultId"":""fault-0"",""queryId"":""livebench-2026-08-25T01-46-44-989Z-4-semantic_service_timeout-6"",""nodeId"":""quality_semantic"",""attempt"":1,""candidate"":""local-semantic-a"",""action"":""timeout""}]",
4,7,livebench-2026-08-25T01-46-44-989Z-4-semantic_service_timeout-7,semantic_service_timeout,ANCHORED,SATISFIED,519.589,265,254.589,1,7,15168,0xd1283fe3a667a10f5fb99fb105af0da27df798aa902ed89f9b9d0ac7707a2a84,0x2a616219ec4fa017434174dfc47bb5187a58c9a81498160632c38f4cbd364681,588,true,true,"[{""faultId"":""fault-0"",""queryId"":""livebench-2026-08-25T01-46-44-989Z-4-semantic_service_timeout-7"",""nodeId"":""quality_semantic"",""attempt"":1,""candidate"":""local-semantic-a"",""action"":""timeout""}]",
4,8,livebench-2026-08-25T01-46-44-989Z-4-semantic_service_timeout-8,semantic_service_timeout,ANCHORED,SATISFIED,502.687,266,236.687,1,7,15166,0x64c479964fed957f2576bd41fdb6425223823f970b72f8e25a50319b613cd315,0x76a79e01fe6022e8a92a24e415776c5c21efb74ca9d394f67a8e536d98261dfe,589,true,true,"[{""faultId"":""fault-0"",""queryId"":""livebench-2026-08-25T01-46-44-989Z-4-semantic_service_timeout-8"",""nodeId"":""quality_semantic"",""attempt"":1,""candidate"":""local-semantic-a"",""action"":""timeout""}]",
4,9,livebench-2026-08-25T01-46-44-989Z-4-semantic_service_timeout-9,semantic_service_timeout,ANCHORED,SATISFIED,519.53,269,250.53,1,7,15166,0x0e0420a28571e06e65c59a81f0f8696d17e349d74fc0587504c4d9374b316015,0x68c64b2f979f05e22b9df397b05c6794cb86bbdf0017fadfaa3cecd0efccae48,590,true,true,"[{""faultId"":""fault-0"",""queryId"":""livebench-2026-08-25T01-46-44-989Z-4-semantic_service_timeout-9"",""nodeId"":""quality_semantic"",""attempt"":1,""candidate"":""local-semantic-a"",""action"":""timeout""}]",
4,10,livebench-2026-08-25T01-46-44-989Z-4-semantic_service_timeout-10,semantic_service_timeout,ANCHORED,SATISFIED,571.038,267,304.038,1,7,15172,0xd2c4d8d6d3c6d9d82474558d8a311e61c3190b73b1bb68925ae8514fd67173c7,0xea560bcd4e45a230bc0ea4bf8794c31a01f583b40fca38f919bd8f2bcfa71fce,591,true,true,"[{""faultId"":""fault-0"",""queryId"":""livebench-2026-08-25T01-46-44-989Z-4-semantic_service_timeout-10"",""nodeId"":""quality_semantic"",""attempt"":1,""candidate"":""local-semantic-a"",""action"":""timeout""}]",
4,11,livebench-2026-08-25T01-46-44-989Z-4-semantic_service_timeout-11,semantic_service_timeout,ANCHORED,SATISFIED,433.972,266,167.972,1,7,15174,0x90f36ad1ea43d97209983c9304b4491a933b929c450117f502ed0b8260c0bc4d,0x473029d092c6fb3c16e58d93ce692f5db08a7eb7f953268945efc22b6725405c,592,true,true,"[{""faultId"":""fault-0"",""queryId"":""livebench-2026-08-25T01-46-44-989Z-4-semantic_service_timeout-11"",""nodeId"":""quality_semantic"",""attempt"":1,""candidate"":""local-semantic-a"",""action"":""timeout""}]",
4,12,livebench-2026-08-25T01-46-44-989Z-4-semantic_service_timeout-12,semantic_service_timeout,ANCHORED,SATISFIED,589.574,265,324.574,1,7,15172,0x32e3a012804d27c0146c8ebbac7bb44bc2fe4ecfef9536a346badda1adab409b,0x71766ce8d28b2286ed7b27c3d5bcadabc93843eba2741b4684d09fd9117a561c,593,true,true,"[{""faultId"":""fault-0"",""queryId"":""livebench-2026-08-25T01-46-44-989Z-4-semantic_service_timeout-12"",""nodeId"":""quality_semantic"",""attempt"":1,""candidate"":""local-semantic-a"",""action"":""timeout""}]",
4,13,livebench-2026-08-25T01-46-44-989Z-4-semantic_service_timeout-13,semantic_service_timeout,ANCHORED,SATISFIED,470.889,269,201.889,1,7,15172,0x606a83eefce7bfd22f959a9cf0215b71e3a26275dda3758190b52b121fd4d9af,0xba1d31b0d439d650e4a843462d09fd0551e741da009ff55a8d3a7355a64221b1,594,true,true,"[{""faultId"":""fault-0"",""queryId"":""livebench-2026-08-25T01-46-44-989Z-4-semantic_service_timeout-13"",""nodeId"":""quality_semantic"",""attempt"":1,""candidate"":""local-semantic-a"",""action"":""timeout""}]",
4,14,livebench-2026-08-25T01-46-44-989Z-4-semantic_service_timeout-14,semantic_service_timeout,ANCHORED,SATISFIED,523.249,270,253.249,1,7,15174,0xe89e663261632b837ba6ad3f2498b74db1dd730dfcfc3ba8811fae7df62e1241,0x841d762f999246cf9e36003d636597f7e577f85d576231446ca1e7074531b929,595,true,true,"[{""faultId"":""fault-0"",""queryId"":""livebench-2026-08-25T01-46-44-989Z-4-semantic_service_timeout-14"",""nodeId"":""quality_semantic"",""attempt"":1,""candidate"":""local-semantic-a"",""action"":""timeout""}]",
4,15,livebench-2026-08-25T01-46-44-989Z-4-semantic_service_timeout-15,semantic_service_timeout,ANCHORED,SATISFIED,501.098,260,241.098,1,7,15174,0x9875cefd2492b47bcb6af60e7fad5f68b755604759cc6e8bb9f33392c03c7d30,0xb8786c71a81f5b85eafdaca5d01c380cbfbe253603496a6957b6b63b567b1676,596,true,true,"[{""faultId"":""fault-0"",""queryId"":""livebench-2026-08-25T01-46-44-989Z-4-semantic_service_timeout-15"",""nodeId"":""quality_semantic"",""attempt"":1,""candidate"":""local-semantic-a"",""action"":""timeout""}]",
4,16,livebench-2026-08-25T01-46-44-989Z-4-semantic_service_timeout-16,semantic_service_timeout,ANCHORED,SATISFIED,506.804,271,235.804,1,7,15172,0x8bf2a2657b5d126606c6d11fe8e9e6ecafd44ba4f77fc9f87daa41b94ce28b09,0x6f88466ba0a0fac7d1b6d41de4e01d83f32a18bc3ad1c743d56a3e5f8fe83a46,597,true,true,"[{""faultId"":""fault-0"",""queryId"":""livebench-2026-08-25T01-46-44-989Z-4-semantic_service_timeout-16"",""nodeId"":""quality_semantic"",""attempt"":1,""candidate"":""local-semantic-a"",""action"":""timeout""}]",
4,17,livebench-2026-08-25T01-46-44-989Z-4-semantic_service_timeout-17,semantic_service_timeout,ANCHORED,SATISFIED,504.865,269,235.865,1,7,15172,0x0b4bde25d4e8709bd18ecdb52664819d48a9c8537db3ab16fc9cc6c61911902e,0x2edd3424fe6032f6ad088605e24629029a1038a37be418249688a57e9193df94,598,true,true,"[{""faultId"":""fault-0"",""queryId"":""livebench-2026-08-25T01-46-44-989Z-4-semantic_service_timeout-17"",""nodeId"":""quality_semantic"",""attempt"":1,""candidate"":""local-semantic-a"",""action"":""timeout""}]",
4,18,livebench-2026-08-25T01-46-44-989Z-4-semantic_service_timeout-18,semantic_service_timeout,ANCHORED,SATISFIED,515.729,263,252.729,1,7,15174,0x9659037b1f698f1b5d054f75e2dc70403ab3b83150df6ce1faf5acbb657b8bd7,0x8c781f36d79ab808b909fc7cb0e1cb3f943f6db60931eaaea91bfe9072b1b517,599,true,true,"[{""faultId"":""fault-0"",""queryId"":""livebench-2026-08-25T01-46-44-989Z-4-semantic_service_timeout-18"",""nodeId"":""quality_semantic"",""attempt"":1,""candidate"":""local-semantic-a"",""action"":""timeout""}]",
4,19,livebench-2026-08-25T01-46-44-989Z-4-semantic_service_timeout-19,semantic_service_timeout,ANCHORED,SATISFIED,577.813,269,308.813,1,7,15172,0x945b0e26ea98de13bc2044e4a60ec47fa7ed7299cc942eec2ac70d575c023b60,0xfb6c37ffe539564824129a39a0ca6860a9fff28832fffc644504479eb5a68088,600,true,true,"[{""faultId"":""fault-0"",""queryId"":""livebench-2026-08-25T01-46-44-989Z-4-semantic_service_timeout-19"",""nodeId"":""quality_semantic"",""attempt"":1,""candidate"":""local-semantic-a"",""action"":""timeout""}]",
4,0,livebench-2026-08-25T01-46-44-989Z-4-fabric_endpoint_exhausted-0,fabric_endpoint_exhausted,FAILED,,428.221,33,395.221,1,7,13348,0x5d447acfd29bfb061d79452e93b5fa26e5ccdc6a07ef96d16dec2d9fcf648206,0xd47d98e132547d2775dff0d74b38739350bc673dcec8ff9afde0c3fab1af8e42,601,true,true,"[{""faultId"":""fault-0"",""queryId"":""livebench-2026-08-25T01-46-44-989Z-4-fabric_endpoint_exhausted-0"",""nodeId"":""order_fabric"",""attempt"":1,""candidate"":""fabric-peer-0"",""action"":""error""},{""faultId"":""fault-1"",""queryId"":""livebench-2026-08-25T01-46-44-989Z-4-fabric_endpoint_exhausted-0"",""nodeId"":""order_fabric"",""attempt"":2,""candidate"":""fabric-peer-1"",""action"":""error""}]",
4,1,livebench-2026-08-25T01-46-44-989Z-4-fabric_endpoint_exhausted-1,fabric_endpoint_exhausted,FAILED,,502.962,29,473.962,1,7,13348,0x9ed70d53763fe8086dde55dccc6a78c8d9d46e953f0741125f174db9f5b448c1,0x8a48497ffaaf7847f584324e8d333abf1bad2a1b16760824423766424d581638,602,true,true,"[{""faultId"":""fault-0"",""queryId"":""livebench-2026-08-25T01-46-44-989Z-4-fabric_endpoint_exhausted-1"",""nodeId"":""order_fabric"",""attempt"":1,""candidate"":""fabric-peer-0"",""action"":""error""},{""faultId"":""fault-1"",""queryId"":""livebench-2026-08-25T01-46-44-989Z-4-fabric_endpoint_exhausted-1"",""nodeId"":""order_fabric"",""attempt"":2,""candidate"":""fabric-peer-1"",""action"":""error""}]",
4,2,livebench-2026-08-25T01-46-44-989Z-4-fabric_endpoint_exhausted-2,fabric_endpoint_exhausted,FAILED,,507.33,29,478.33,1,7,13348,0xe6f5bf2a703c795617c4f5dba4049e774d7268e6b24baf9b2c523b59f05d0729,0x0ca29cfc8498daf8d8564ab589a0540a06efb42e870e369f135fcaaa25da1e7b,603,true,true,"[{""faultId"":""fault-0"",""queryId"":""livebench-2026-08-25T01-46-44-989Z-4-fabric_endpoint_exhausted-2"",""nodeId"":""order_fabric"",""attempt"":1,""candidate"":""fabric-peer-0"",""action"":""error""},{""faultId"":""fault-1"",""queryId"":""livebench-2026-08-25T01-46-44-989Z-4-fabric_endpoint_exhausted-2"",""nodeId"":""order_fabric"",""attempt"":2,""candidate"":""fabric-peer-1"",""action"":""error""}]",
4,3,livebench-2026-08-25T01-46-44-989Z-4-fabric_endpoint_exhausted-3,fabric_endpoint_exhausted,FAILED,,521.154,32,489.154,1,7,13348,0xc860a54d6a03b6813e2b8507a1c4dbe4915b4315f3091c76ad8e3719eae8c51c,0xeac83c057a0195d0e3e87cc0af9b751def0dea147ba4b1bcb2331dd97cda75ac,604,true,true,"[{""faultId"":""fault-0"",""queryId"":""livebench-2026-08-25T01-46-44-989Z-4-fabric_endpoint_exhausted-3"",""nodeId"":""order_fabric"",""attempt"":1,""candidate"":""fabric-peer-0"",""action"":""error""},{""faultId"":""fault-1"",""queryId"":""livebench-2026-08-25T01-46-44-989Z-4-fabric_endpoint_exhausted-3"",""nodeId"":""order_fabric"",""attempt"":2,""candidate"":""fabric-peer-1"",""action"":""error""}]",
4,4,livebench-2026-08-25T01-46-44-989Z-4-fabric_endpoint_exhausted-4,fabric_endpoint_exhausted,FAILED,,591.832,36,555.832,1,7,13348,0x7e8c783f05c878b88dc6196b3d4535ee6fe0dfb3421687014a8fd3afbed2c039,0x8d0f7ad9675baf0b0deb8e71acd9a07a164dd992ffce4b6dad49a3f79f177c2f,605,true,true,"[{""faultId"":""fault-0"",""queryId"":""livebench-2026-08-25T01-46-44-989Z-4-fabric_endpoint_exhausted-4"",""nodeId"":""order_fabric"",""attempt"":1,""candidate"":""fabric-peer-0"",""action"":""error""},{""faultId"":""fault-1"",""queryId"":""livebench-2026-08-25T01-46-44-989Z-4-fabric_endpoint_exhausted-4"",""nodeId"":""order_fabric"",""attempt"":2,""candidate"":""fabric-peer-1"",""action"":""error""}]",
4,5,livebench-2026-08-25T01-46-44-989Z-4-fabric_endpoint_exhausted-5,fabric_endpoint_exhausted,FAILED,,441.822,29,412.822,1,7,13348,0xf36ae35d8f62a2edb0f0ddcade66d0b83d231a8cd1031961d6292c2b72f95d58,0x508d8b48a19db28fe5e89e5e0d64f10f7e6d54b6a1e8be905867c432141aa7f1,606,true,true,"[{""faultId"":""fault-0"",""queryId"":""livebench-2026-08-25T01-46-44-989Z-4-fabric_endpoint_exhausted-5"",""nodeId"":""order_fabric"",""attempt"":1,""candidate"":""fabric-peer-0"",""action"":""error""},{""faultId"":""fault-1"",""queryId"":""livebench-2026-08-25T01-46-44-989Z-4-fabric_endpoint_exhausted-5"",""nodeId"":""order_fabric"",""attempt"":2,""candidate"":""fabric-peer-1"",""action"":""error""}]",
4,6,livebench-2026-08-25T01-46-44-989Z-4-fabric_endpoint_exhausted-6,fabric_endpoint_exhausted,FAILED,,490.733,35,455.733,1,7,13348,0x42ce14a76deb4812004572013f96422ef988a9ba320ed1f8fe6a0e2ac4d45d69,0x2f7bfffb5ac8584b1964e6122656887d08e25e5ca13be79eed5a2f40419c3583,607,true,true,"[{""faultId"":""fault-0"",""queryId"":""livebench-2026-08-25T01-46-44-989Z-4-fabric_endpoint_exhausted-6"",""nodeId"":""order_fabric"",""attempt"":1,""candidate"":""fabric-peer-0"",""action"":""error""},{""faultId"":""fault-1"",""queryId"":""livebench-2026-08-25T01-46-44-989Z-4-fabric_endpoint_exhausted-6"",""nodeId"":""order_fabric"",""attempt"":2,""candidate"":""fabric-peer-1"",""action"":""error""}]",
4,7,livebench-2026-08-25T01-46-44-989Z-4-fabric_endpoint_exhausted-7,fabric_endpoint_exhausted,FAILED,,512.445,41,471.445,1,7,13348,0xa190d0981a2a03bb8277ce893e9bae69e545f7d0e0a6c070b5733fe2ae95a99f,0x623dc564926225154ff7245fbba6842cad1ff8c5a2b9a5c6a16bae02e0dd582b,608,true,true,"[{""faultId"":""fault-0"",""queryId"":""livebench-2026-08-25T01-46-44-989Z-4-fabric_endpoint_exhausted-7"",""nodeId"":""order_fabric"",""attempt"":1,""candidate"":""fabric-peer-0"",""action"":""error""},{""faultId"":""fault-1"",""queryId"":""livebench-2026-08-25T01-46-44-989Z-4-fabric_endpoint_exhausted-7"",""nodeId"":""order_fabric"",""attempt"":2,""candidate"":""fabric-peer-1"",""action"":""error""}]",
4,8,livebench-2026-08-25T01-46-44-989Z-4-fabric_endpoint_exhausted-8,fabric_endpoint_exhausted,FAILED,,508.125,45,463.125,1,7,13348,0x3140bc5eeb7fc0098eee40298774bfa1b28b8202528c2671e2df271658859677,0x41cbd0d50a34bc6a0e97af92a59ccb0aa029c6a170388bb6f2af4f6c442bce4a,609,true,true,"[{""faultId"":""fault-0"",""queryId"":""livebench-2026-08-25T01-46-44-989Z-4-fabric_endpoint_exhausted-8"",""nodeId"":""order_fabric"",""attempt"":1,""candidate"":""fabric-peer-0"",""action"":""error""},{""faultId"":""fault-1"",""queryId"":""livebench-2026-08-25T01-46-44-989Z-4-fabric_endpoint_exhausted-8"",""nodeId"":""order_fabric"",""attempt"":2,""candidate"":""fabric-peer-1"",""action"":""error""}]",
4,9,livebench-2026-08-25T01-46-44-989Z-4-fabric_endpoint_exhausted-9,fabric_endpoint_exhausted,FAILED,,545.852,34,511.852,1,7,13348,0x10ac8a659b34c0f3f6d898086560d4d269af269f68b8a3dbc1cbba0913acfa39,0x6b94ebfc3ef572b491348b854a01bc020609ed5845d397edbf90d4d51c182789,610,true,true,"[{""faultId"":""fault-0"",""queryId"":""livebench-2026-08-25T01-46-44-989Z-4-fabric_endpoint_exhausted-9"",""nodeId"":""order_fabric"",""attempt"":1,""candidate"":""fabric-peer-0"",""action"":""error""},{""faultId"":""fault-1"",""queryId"":""livebench-2026-08-25T01-46-44-989Z-4-fabric_endpoint_exhausted-9"",""nodeId"":""order_fabric"",""attempt"":2,""candidate"":""fabric-peer-1"",""action"":""error""}]",
4,10,livebench-2026-08-25T01-46-44-989Z-4-fabric_endpoint_exhausted-10,fabric_endpoint_exhausted,FAILED,,512.695,38,474.695,1,7,13353,0xa9413375d0d5dff14c9700d5469ebaf21b255aca38f8272c09a3c6744c70e082,0xf89b2cf2b4a6d3c184c30330073ae610326f574f7f577a6d4f26546143062ad3,611,true,true,"[{""faultId"":""fault-0"",""queryId"":""livebench-2026-08-25T01-46-44-989Z-4-fabric_endpoint_exhausted-10"",""nodeId"":""order_fabric"",""attempt"":1,""candidate"":""fabric-peer-0"",""action"":""error""},{""faultId"":""fault-1"",""queryId"":""livebench-2026-08-25T01-46-44-989Z-4-fabric_endpoint_exhausted-10"",""nodeId"":""order_fabric"",""attempt"":2,""candidate"":""fabric-peer-1"",""action"":""error""}]",
4,11,livebench-2026-08-25T01-46-44-989Z-4-fabric_endpoint_exhausted-11,fabric_endpoint_exhausted,FAILED,,508.945,31,477.945,1,7,13353,0xf053f255bbf518613d27956b0abb4feb46bca5ad401b978cee74e4330584869c,0x8b56ad1226c76cf73bd6e322133bca17f6d9d6404db378cd22c35ac36c305e98,612,true,true,"[{""faultId"":""fault-0"",""queryId"":""livebench-2026-08-25T01-46-44-989Z-4-fabric_endpoint_exhausted-11"",""nodeId"":""order_fabric"",""attempt"":1,""candidate"":""fabric-peer-0"",""action"":""error""},{""faultId"":""fault-1"",""queryId"":""livebench-2026-08-25T01-46-44-989Z-4-fabric_endpoint_exhausted-11"",""nodeId"":""order_fabric"",""attempt"":2,""candidate"":""fabric-peer-1"",""action"":""error""}]",
4,12,livebench-2026-08-25T01-46-44-989Z-4-fabric_endpoint_exhausted-12,fabric_endpoint_exhausted,FAILED,,508.683,38,470.683,1,7,13353,0x311be43d02f789814e7278268b50d1316c62fa5a87fd2a5d8fc4e324d87e8f06,0x1ba8b396ea11cd63d9a89ff291fbb2a35d715abc8242a07b295014ffc1ec0cec,613,true,true,"[{""faultId"":""fault-0"",""queryId"":""livebench-2026-08-25T01-46-44-989Z-4-fabric_endpoint_exhausted-12"",""nodeId"":""order_fabric"",""attempt"":1,""candidate"":""fabric-peer-0"",""action"":""error""},{""faultId"":""fault-1"",""queryId"":""livebench-2026-08-25T01-46-44-989Z-4-fabric_endpoint_exhausted-12"",""nodeId"":""order_fabric"",""attempt"":2,""candidate"":""fabric-peer-1"",""action"":""error""}]",
4,13,livebench-2026-08-25T01-46-44-989Z-4-fabric_endpoint_exhausted-13,fabric_endpoint_exhausted,FAILED,,505.344,34,471.344,1,7,13353,0xee1c58dc9822b39eddf3d31d10d7fbd03e72d2004c3a890894f16aad95871a06,0x6f808acebf4f46790e8b03397939e6f06a2925282bcd338479492fc286085453,614,true,true,"[{""faultId"":""fault-0"",""queryId"":""livebench-2026-08-25T01-46-44-989Z-4-fabric_endpoint_exhausted-13"",""nodeId"":""order_fabric"",""attempt"":1,""candidate"":""fabric-peer-0"",""action"":""error""},{""faultId"":""fault-1"",""queryId"":""livebench-2026-08-25T01-46-44-989Z-4-fabric_endpoint_exhausted-13"",""nodeId"":""order_fabric"",""attempt"":2,""candidate"":""fabric-peer-1"",""action"":""error""}]",
4,14,livebench-2026-08-25T01-46-44-989Z-4-fabric_endpoint_exhausted-14,fabric_endpoint_exhausted,FAILED,,508.289,29,479.289,1,7,13353,0x4100ca3be695a201386c87fe2ed6860071e5e28d02b7bcaf95d632b918e41f31,0x2fbe576059e8ff92ef22b1b591fde102f4c76b0631cd7c3adcd9f19cc092845a,615,true,true,"[{""faultId"":""fault-0"",""queryId"":""livebench-2026-08-25T01-46-44-989Z-4-fabric_endpoint_exhausted-14"",""nodeId"":""order_fabric"",""attempt"":1,""candidate"":""fabric-peer-0"",""action"":""error""},{""faultId"":""fault-1"",""queryId"":""livebench-2026-08-25T01-46-44-989Z-4-fabric_endpoint_exhausted-14"",""nodeId"":""order_fabric"",""attempt"":2,""candidate"":""fabric-peer-1"",""action"":""error""}]",
4,15,livebench-2026-08-25T01-46-44-989Z-4-fabric_endpoint_exhausted-15,fabric_endpoint_exhausted,FAILED,,498.971,33,465.971,1,7,13353,0x28b503007643807508b4945f60904155ffdf8007df6102243d9b9055e0251ebe,0x91ccc73f2d34ccac7f0cc69f6a395d67f7b153fbde0e2130812b49978a4e3af9,616,true,true,"[{""faultId"":""fault-0"",""queryId"":""livebench-2026-08-25T01-46-44-989Z-4-fabric_endpoint_exhausted-15"",""nodeId"":""order_fabric"",""attempt"":1,""candidate"":""fabric-peer-0"",""action"":""error""},{""faultId"":""fault-1"",""queryId"":""livebench-2026-08-25T01-46-44-989Z-4-fabric_endpoint_exhausted-15"",""nodeId"":""order_fabric"",""attempt"":2,""candidate"":""fabric-peer-1"",""action"":""error""}]",
4,16,livebench-2026-08-25T01-46-44-989Z-4-fabric_endpoint_exhausted-16,fabric_endpoint_exhausted,FAILED,,558.106,34,524.106,1,7,13353,0xe833789554b825615b4c81dd74bb30132f098b2e7ad5ea225a7ce78cb1475ef2,0x69e981fae68b93d9c84edb2c7682c42be87f38887161b6cec718552588374552,617,true,true,"[{""faultId"":""fault-0"",""queryId"":""livebench-2026-08-25T01-46-44-989Z-4-fabric_endpoint_exhausted-16"",""nodeId"":""order_fabric"",""attempt"":1,""candidate"":""fabric-peer-0"",""action"":""error""},{""faultId"":""fault-1"",""queryId"":""livebench-2026-08-25T01-46-44-989Z-4-fabric_endpoint_exhausted-16"",""nodeId"":""order_fabric"",""attempt"":2,""candidate"":""fabric-peer-1"",""action"":""error""}]",
4,17,livebench-2026-08-25T01-46-44-989Z-4-fabric_endpoint_exhausted-17,fabric_endpoint_exhausted,FAILED,,503.027,27,476.027,1,7,13353,0xe96f50f40ce1634c093898406324d8b81c3c458a1bf5af202f8c4b6944be3822,0x57e972066a4fb501c4b14c43097ee1ad3e80b41e87bdc8881ce530b6a1b0cc07,618,true,true,"[{""faultId"":""fault-0"",""queryId"":""livebench-2026-08-25T01-46-44-989Z-4-fabric_endpoint_exhausted-17"",""nodeId"":""order_fabric"",""attempt"":1,""candidate"":""fabric-peer-0"",""action"":""error""},{""faultId"":""fault-1"",""queryId"":""livebench-2026-08-25T01-46-44-989Z-4-fabric_endpoint_exhausted-17"",""nodeId"":""order_fabric"",""attempt"":2,""candidate"":""fabric-peer-1"",""action"":""error""}]",
4,18,livebench-2026-08-25T01-46-44-989Z-4-fabric_endpoint_exhausted-18,fabric_endpoint_exhausted,FAILED,,625.235,28,597.235,1,7,13353,0xf1f42c1daa0937ac08eebc03c18d3aeab763610946ebbf7f00a5b05cc75cd23a,0x999bb6448855cafa96ca5eb5ff977ffb4f9da50c1d4f0ff13c3ccf0d2020f791,619,true,true,"[{""faultId"":""fault-0"",""queryId"":""livebench-2026-08-25T01-46-44-989Z-4-fabric_endpoint_exhausted-18"",""nodeId"":""order_fabric"",""attempt"":1,""candidate"":""fabric-peer-0"",""action"":""error""},{""faultId"":""fault-1"",""queryId"":""livebench-2026-08-25T01-46-44-989Z-4-fabric_endpoint_exhausted-18"",""nodeId"":""order_fabric"",""attempt"":2,""candidate"":""fabric-peer-1"",""action"":""error""}]",
4,19,livebench-2026-08-25T01-46-44-989Z-4-fabric_endpoint_exhausted-19,fabric_endpoint_exhausted,FAILED,,508.239,30,478.239,1,7,13353,0xc02430d6bcf0a7c0210457ecf522bbddba44c780d522b9d8ea44cf5bb57b468c,0xe2626516507e3a00c7ef3fc521835a03920cfa43d5a727b1e7e39750393e3425,620,true,true,"[{""faultId"":""fault-0"",""queryId"":""livebench-2026-08-25T01-46-44-989Z-4-fabric_endpoint_exhausted-19"",""nodeId"":""order_fabric"",""attempt"":1,""candidate"":""fabric-peer-0"",""action"":""error""},{""faultId"":""fault-1"",""queryId"":""livebench-2026-08-25T01-46-44-989Z-4-fabric_endpoint_exhausted-19"",""nodeId"":""order_fabric"",""attempt"":2,""candidate"":""fabric-peer-1"",""action"":""error""}]",
4,0,livebench-2026-08-25T01-46-44-989Z-4-semantic_disagreement-0,semantic_disagreement,INSUFFICIENT_EVIDENCE,INSUFFICIENT,515.121,39,476.121,1,7,14651,0x23837683cc7cc82b482601306150ea715e630de66eff4c216effe8d0bd425796,0xaacd81da36de7e219a6dcd6260642f128d2cfa259ccdfbf69ddd9ab789f234d2,621,true,true,"[{""faultId"":""fault-0"",""queryId"":""livebench-2026-08-25T01-46-44-989Z-4-semantic_disagreement-0"",""nodeId"":""quality_semantic"",""attempt"":1,""candidate"":""local-semantic-a"",""action"":""mutate""},{""faultId"":""fault-1"",""queryId"":""livebench-2026-08-25T01-46-44-989Z-4-semantic_disagreement-0"",""nodeId"":""quality_semantic"",""attempt"":2,""candidate"":""local-semantic-b"",""action"":""mutate""}]",
4,1,livebench-2026-08-25T01-46-44-989Z-4-semantic_disagreement-1,semantic_disagreement,INSUFFICIENT_EVIDENCE,INSUFFICIENT,498.759,46,452.759,1,7,14653,0xb9fd2fbf7365fef0a80927a0ca877aa0302dd8ec9eb5e9af62e77883da4b3211,0x6ac3b3c866bd7d2cac1e1a56427652c26f45e6a0af69230c5a594e37f3f3d68b,622,true,true,"[{""faultId"":""fault-0"",""queryId"":""livebench-2026-08-25T01-46-44-989Z-4-semantic_disagreement-1"",""nodeId"":""quality_semantic"",""attempt"":1,""candidate"":""local-semantic-a"",""action"":""mutate""},{""faultId"":""fault-1"",""queryId"":""livebench-2026-08-25T01-46-44-989Z-4-semantic_disagreement-1"",""nodeId"":""quality_semantic"",""attempt"":2,""candidate"":""local-semantic-b"",""action"":""mutate""}]",
4,2,livebench-2026-08-25T01-46-44-989Z-4-semantic_disagreement-2,semantic_disagreement,INSUFFICIENT_EVIDENCE,INSUFFICIENT,609.512,42,567.512,1,7,14653,0xdc43501903040d63589f285af2db6a82a76b36442e407537d3ffbb140ffd27cb,0x7b74cda6c0cd9759a721742d49e000fc2e32f7efe806865b76785ee16af2e34e,623,true,true,"[{""faultId"":""fault-0"",""queryId"":""livebench-2026-08-25T01-46-44-989Z-4-semantic_disagreement-2"",""nodeId"":""quality_semantic"",""attempt"":1,""candidate"":""local-semantic-a"",""action"":""mutate""},{""faultId"":""fault-1"",""queryId"":""livebench-2026-08-25T01-46-44-989Z-4-semantic_disagreement-2"",""nodeId"":""quality_semantic"",""attempt"":2,""candidate"":""local-semantic-b"",""action"":""mutate""}]",
4,3,livebench-2026-08-25T01-46-44-989Z-4-semantic_disagreement-3,semantic_disagreement,INSUFFICIENT_EVIDENCE,INSUFFICIENT,404.556,40,364.556,1,7,14651,0x36ae228e8f17c9786f4c2886fdd649ff34865b34e11f9c2ebc6c6d62a0280625,0xf74c64e464ddbd392f4c6f2f93ae16feb6fe6aa93e36177514ba57ebdcad8a76,624,true,true,"[{""faultId"":""fault-0"",""queryId"":""livebench-2026-08-25T01-46-44-989Z-4-semantic_disagreement-3"",""nodeId"":""quality_semantic"",""attempt"":1,""candidate"":""local-semantic-a"",""action"":""mutate""},{""faultId"":""fault-1"",""queryId"":""livebench-2026-08-25T01-46-44-989Z-4-semantic_disagreement-3"",""nodeId"":""quality_semantic"",""attempt"":2,""candidate"":""local-semantic-b"",""action"":""mutate""}]",
4,4,livebench-2026-08-25T01-46-44-989Z-4-semantic_disagreement-4,semantic_disagreement,INSUFFICIENT_EVIDENCE,INSUFFICIENT,584.825,42,542.825,1,7,14651,0xd0ab7df457834584d9d5897c12e1f9d4bf11844d128b84f668be360b9f875aeb,0x9c62d1b7bbf7dd3109fcb6ee7445962a28b715151e1eff92420567415b5d2ce5,625,true,true,"[{""faultId"":""fault-0"",""queryId"":""livebench-2026-08-25T01-46-44-989Z-4-semantic_disagreement-4"",""nodeId"":""quality_semantic"",""attempt"":1,""candidate"":""local-semantic-a"",""action"":""mutate""},{""faultId"":""fault-1"",""queryId"":""livebench-2026-08-25T01-46-44-989Z-4-semantic_disagreement-4"",""nodeId"":""quality_semantic"",""attempt"":2,""candidate"":""local-semantic-b"",""action"":""mutate""}]",
4,5,livebench-2026-08-25T01-46-44-989Z-4-semantic_disagreement-5,semantic_disagreement,INSUFFICIENT_EVIDENCE,INSUFFICIENT,476.586,39,437.586,1,7,14651,0x5063bcc74d4d5be694cae240a32c8e8971838e5a1bc80cdc2d97b1521ecaa3c4,0x81b793c34d7b185d294862c205b025002108f768baa8f29dc92f276abd4fea00,626,true,true,"[{""faultId"":""fault-0"",""queryId"":""livebench-2026-08-25T01-46-44-989Z-4-semantic_disagreement-5"",""nodeId"":""quality_semantic"",""attempt"":1,""candidate"":""local-semantic-a"",""action"":""mutate""},{""faultId"":""fault-1"",""queryId"":""livebench-2026-08-25T01-46-44-989Z-4-semantic_disagreement-5"",""nodeId"":""quality_semantic"",""attempt"":2,""candidate"":""local-semantic-b"",""action"":""mutate""}]",
4,6,livebench-2026-08-25T01-46-44-989Z-4-semantic_disagreement-6,semantic_disagreement,INSUFFICIENT_EVIDENCE,INSUFFICIENT,652.123,38,614.123,1,7,14651,0x7ad96e97ee39ec34f83ef5a6165fefe76d479d3a2c996dfe86b92994a274018a,0x852fd144a9b93eace0675b594fd3dcdd9c0dead37d8b471be569d9e281aec0cf,627,true,true,"[{""faultId"":""fault-0"",""queryId"":""livebench-2026-08-25T01-46-44-989Z-4-semantic_disagreement-6"",""nodeId"":""quality_semantic"",""attempt"":1,""candidate"":""local-semantic-a"",""action"":""mutate""},{""faultId"":""fault-1"",""queryId"":""livebench-2026-08-25T01-46-44-989Z-4-semantic_disagreement-6"",""nodeId"":""quality_semantic"",""attempt"":2,""candidate"":""local-semantic-b"",""action"":""mutate""}]",
4,7,livebench-2026-08-25T01-46-44-989Z-4-semantic_disagreement-7,semantic_disagreement,INSUFFICIENT_EVIDENCE,INSUFFICIENT,476.901,59,417.901,1,7,14543,0x988f3bbc83705d2052c06bd94badaab01522d632f138f32d9163d078eef5e7e7,0xfd23a34377ccc9f5f711ea737ec9a1cce6976531a308cc888c3c9c8d8a08b435,628,true,true,"[{""faultId"":""fault-0"",""queryId"":""livebench-2026-08-25T01-46-44-989Z-4-semantic_disagreement-7"",""nodeId"":""quality_semantic"",""attempt"":1,""candidate"":""local-semantic-a"",""action"":""mutate""},{""faultId"":""fault-1"",""queryId"":""livebench-2026-08-25T01-46-44-989Z-4-semantic_disagreement-7"",""nodeId"":""quality_semantic"",""attempt"":2,""candidate"":""local-semantic-b"",""action"":""mutate""}]",
4,8,livebench-2026-08-25T01-46-44-989Z-4-semantic_disagreement-8,semantic_disagreement,INSUFFICIENT_EVIDENCE,INSUFFICIENT,519.412,42,477.412,1,7,14653,0x5878cedf307f3a8462f7352e3d9066b4ef064a157a5aa278f3d488f32cf31747,0x1051d250151d03cc4a39dd72aa87afe6e472ef5105fa57811a6b61553a946cb4,629,true,true,"[{""faultId"":""fault-0"",""queryId"":""livebench-2026-08-25T01-46-44-989Z-4-semantic_disagreement-8"",""nodeId"":""quality_semantic"",""attempt"":1,""candidate"":""local-semantic-a"",""action"":""mutate""},{""faultId"":""fault-1"",""queryId"":""livebench-2026-08-25T01-46-44-989Z-4-semantic_disagreement-8"",""nodeId"":""quality_semantic"",""attempt"":2,""candidate"":""local-semantic-b"",""action"":""mutate""}]",
4,9,livebench-2026-08-25T01-46-44-989Z-4-semantic_disagreement-9,semantic_disagreement,INSUFFICIENT_EVIDENCE,INSUFFICIENT,499.908,64,435.908,1,7,14653,0x50c2df5dbb0d4b8c63da44d1ead57967564e9a069cf75bcf0d7ba725f5c5a9d6,0xc5a26ee4aeaf23cebc2d6a771ae0475589b50ed218b64ef379bce641c385cd56,630,true,true,"[{""faultId"":""fault-0"",""queryId"":""livebench-2026-08-25T01-46-44-989Z-4-semantic_disagreement-9"",""nodeId"":""quality_semantic"",""attempt"":1,""candidate"":""local-semantic-a"",""action"":""mutate""},{""faultId"":""fault-1"",""queryId"":""livebench-2026-08-25T01-46-44-989Z-4-semantic_disagreement-9"",""nodeId"":""quality_semantic"",""attempt"":2,""candidate"":""local-semantic-b"",""action"":""mutate""}]",
4,10,livebench-2026-08-25T01-46-44-989Z-4-semantic_disagreement-10,semantic_disagreement,INSUFFICIENT_EVIDENCE,INSUFFICIENT,518.848,47,471.848,1,7,14658,0x9001542d4787c400443943e0b90027818ae56c5e57164b064341accd4811a54a,0x6ecd4258569c70ec1e11e81a9c207134b09b20cb29b99fb982f49ed2b09241db,631,true,true,"[{""faultId"":""fault-0"",""queryId"":""livebench-2026-08-25T01-46-44-989Z-4-semantic_disagreement-10"",""nodeId"":""quality_semantic"",""attempt"":1,""candidate"":""local-semantic-a"",""action"":""mutate""},{""faultId"":""fault-1"",""queryId"":""livebench-2026-08-25T01-46-44-989Z-4-semantic_disagreement-10"",""nodeId"":""quality_semantic"",""attempt"":2,""candidate"":""local-semantic-b"",""action"":""mutate""}]",
4,11,livebench-2026-08-25T01-46-44-989Z-4-semantic_disagreement-11,semantic_disagreement,INSUFFICIENT_EVIDENCE,INSUFFICIENT,486.728,66,420.728,1,7,14656,0x7e53ed2ff066ca38dc48a3905238209ff7d02b9d875e972923ac4881b59a85cf,0xc091b26491d01943d23bcd18d4b15ae8a4acc79f550b5cdd9114706e6749e718,632,true,true,"[{""faultId"":""fault-0"",""queryId"":""livebench-2026-08-25T01-46-44-989Z-4-semantic_disagreement-11"",""nodeId"":""quality_semantic"",""attempt"":1,""candidate"":""local-semantic-a"",""action"":""mutate""},{""faultId"":""fault-1"",""queryId"":""livebench-2026-08-25T01-46-44-989Z-4-semantic_disagreement-11"",""nodeId"":""quality_semantic"",""attempt"":2,""candidate"":""local-semantic-b"",""action"":""mutate""}]",
4,12,livebench-2026-08-25T01-46-44-989Z-4-semantic_disagreement-12,semantic_disagreement,INSUFFICIENT_EVIDENCE,INSUFFICIENT,618.515,40,578.515,1,7,14656,0xc3e50a143e8b3bfea7f6c5dc0ddb65f3ca1573349a4375f84ad61414e17384a5,0x22c1742c7c2ff846a92ecf80c544d09b11d0613d6a88f10b9b75952633cc7db5,633,true,true,"[{""faultId"":""fault-0"",""queryId"":""livebench-2026-08-25T01-46-44-989Z-4-semantic_disagreement-12"",""nodeId"":""quality_semantic"",""attempt"":1,""candidate"":""local-semantic-a"",""action"":""mutate""},{""faultId"":""fault-1"",""queryId"":""livebench-2026-08-25T01-46-44-989Z-4-semantic_disagreement-12"",""nodeId"":""quality_semantic"",""attempt"":2,""candidate"":""local-semantic-b"",""action"":""mutate""}]",
4,13,livebench-2026-08-25T01-46-44-989Z-4-semantic_disagreement-13,semantic_disagreement,INSUFFICIENT_EVIDENCE,INSUFFICIENT,495.224,40,455.224,1,7,14658,0x72bb00a999f7aced8130b5216fa524227a6169465e15aac0e3598f62a84d01d3,0xa03ed73cb328bb68a769f8509c7c2aa43228794b470140e3183b225bf4d9d891,634,true,true,"[{""faultId"":""fault-0"",""queryId"":""livebench-2026-08-25T01-46-44-989Z-4-semantic_disagreement-13"",""nodeId"":""quality_semantic"",""attempt"":1,""candidate"":""local-semantic-a"",""action"":""mutate""},{""faultId"":""fault-1"",""queryId"":""livebench-2026-08-25T01-46-44-989Z-4-semantic_disagreement-13"",""nodeId"":""quality_semantic"",""attempt"":2,""candidate"":""local-semantic-b"",""action"":""mutate""}]",
4,14,livebench-2026-08-25T01-46-44-989Z-4-semantic_disagreement-14,semantic_disagreement,INSUFFICIENT_EVIDENCE,INSUFFICIENT,510.525,37,473.525,1,7,14658,0x43f4d535a713c27372d6a62ef6e10c27db01ab340f70e00d525c13ad119559ce,0xffae1e74680b1f5e7e704cab8639d52af9a0fbc771db5d19eb6751eb82338548,635,true,true,"[{""faultId"":""fault-0"",""queryId"":""livebench-2026-08-25T01-46-44-989Z-4-semantic_disagreement-14"",""nodeId"":""quality_semantic"",""attempt"":1,""candidate"":""local-semantic-a"",""action"":""mutate""},{""faultId"":""fault-1"",""queryId"":""livebench-2026-08-25T01-46-44-989Z-4-semantic_disagreement-14"",""nodeId"":""quality_semantic"",""attempt"":2,""candidate"":""local-semantic-b"",""action"":""mutate""}]",
4,15,livebench-2026-08-25T01-46-44-989Z-4-semantic_disagreement-15,semantic_disagreement,INSUFFICIENT_EVIDENCE,INSUFFICIENT,506.047,39,467.047,1,7,14656,0xf8a65ac22b021d18143b5dc7fc90cc6ee09b94d4c2c620539515a3c2ee86e7de,0x7e586f4f66dec43f7ad408c78e4a9279f620f48af006a7ed14e8015d6559122b,636,true,true,"[{""faultId"":""fault-0"",""queryId"":""livebench-2026-08-25T01-46-44-989Z-4-semantic_disagreement-15"",""nodeId"":""quality_semantic"",""attempt"":1,""candidate"":""local-semantic-a"",""action"":""mutate""},{""faultId"":""fault-1"",""queryId"":""livebench-2026-08-25T01-46-44-989Z-4-semantic_disagreement-15"",""nodeId"":""quality_semantic"",""attempt"":2,""candidate"":""local-semantic-b"",""action"":""mutate""}]",
4,16,livebench-2026-08-25T01-46-44-989Z-4-semantic_disagreement-16,semantic_disagreement,INSUFFICIENT_EVIDENCE,INSUFFICIENT,512.99,43,469.99,1,7,14656,0xda4c7b9df2f80a185575d73600e042a77e6153972e453159669c3dd084e3f114,0x3d06aea6f0c7143c638c0fed588fb1a513491222b329b54b289b5ae78259ea4d,637,true,true,"[{""faultId"":""fault-0"",""queryId"":""livebench-2026-08-25T01-46-44-989Z-4-semantic_disagreement-16"",""nodeId"":""quality_semantic"",""attempt"":1,""candidate"":""local-semantic-a"",""action"":""mutate""},{""faultId"":""fault-1"",""queryId"":""livebench-2026-08-25T01-46-44-989Z-4-semantic_disagreement-16"",""nodeId"":""quality_semantic"",""attempt"":2,""candidate"":""local-semantic-b"",""action"":""mutate""}]",
4,17,livebench-2026-08-25T01-46-44-989Z-4-semantic_disagreement-17,semantic_disagreement,INSUFFICIENT_EVIDENCE,INSUFFICIENT,504.709,33,471.709,1,7,14658,0x5ca6b7c24dfda9209493d47230bedc4297ca444fa78089eb8426defad2da31b3,0x7c67af149e700e4c76adf76f556d800e7b5d313e857c693243cbc47d55bb3a05,638,true,true,"[{""faultId"":""fault-0"",""queryId"":""livebench-2026-08-25T01-46-44-989Z-4-semantic_disagreement-17"",""nodeId"":""quality_semantic"",""attempt"":1,""candidate"":""local-semantic-a"",""action"":""mutate""},{""faultId"":""fault-1"",""queryId"":""livebench-2026-08-25T01-46-44-989Z-4-semantic_disagreement-17"",""nodeId"":""quality_semantic"",""attempt"":2,""candidate"":""local-semantic-b"",""action"":""mutate""}]",
4,18,livebench-2026-08-25T01-46-44-989Z-4-semantic_disagreement-18,semantic_disagreement,INSUFFICIENT_EVIDENCE,INSUFFICIENT,493.89,40,453.89,1,7,14656,0x8f5c6db966492c090c9c4be8d18cbba179c235c8a43fda7a910afaab7758fb5b,0x70be06a7b9a7195719f5ca029acae32d97235c454360595ad9eced4ebb4caa7b,639,true,true,"[{""faultId"":""fault-0"",""queryId"":""livebench-2026-08-25T01-46-44-989Z-4-semantic_disagreement-18"",""nodeId"":""quality_semantic"",""attempt"":1,""candidate"":""local-semantic-a"",""action"":""mutate""},{""faultId"":""fault-1"",""queryId"":""livebench-2026-08-25T01-46-44-989Z-4-semantic_disagreement-18"",""nodeId"":""quality_semantic"",""attempt"":2,""candidate"":""local-semantic-b"",""action"":""mutate""}]",
4,19,livebench-2026-08-25T01-46-44-989Z-4-semantic_disagreement-19,semantic_disagreement,INSUFFICIENT_EVIDENCE,INSUFFICIENT,511.316,34,477.316,1,7,14658,0x7980aefb3b04b6b05c7ae7565730bfee6316d90c52261d8a963ad59187593e0a,0x3d47f274cf826235aceea86f468dea9b68d5db7aab2e41649e031d18426174bf,640,true,true,"[{""faultId"":""fault-0"",""queryId"":""livebench-2026-08-25T01-46-44-989Z-4-semantic_disagreement-19"",""nodeId"":""quality_semantic"",""attempt"":1,""candidate"":""local-semantic-a"",""action"":""mutate""},{""faultId"":""fault-1"",""queryId"":""livebench-2026-08-25T01-46-44-989Z-4-semantic_disagreement-19"",""nodeId"":""quality_semantic"",""attempt"":2,""candidate"":""local-semantic-b"",""action"":""mutate""}]",
