info|2026-02-06 22:44:20.204998|fisco-bcos-0x000071ea0f329a00|[INITIALIZER]initGlobalConfig
info|2026-02-06 22:44:20.206854|fisco-bcos-0x000071ea0f329a00|[NodeConfig][METRIC]loadChainConfig,smCrypto=false,chainId=chain0,groupId=group0,blockLimit=1000
info|2026-02-06 22:44:20.206867|fisco-bcos-0x000071ea0f329a00|[NodeConfig]loadWeb3ChainConfig,web3ChainID=20200
info|2026-02-06 22:44:20.206887|fisco-bcos-0x000071ea0f329a00|[NodeConfig][parseConsensusNodeList],sectionName=consensus,nodeId=2346c69c46d42278eb237167eb19eb28432b63783cc0fd7cddc90f89c148e755db8941be9b0c5f37cbc21c409a78c154abc75ce0c80818c6fbb76aea6bcd0a9a,weight=1
info|2026-02-06 22:44:20.207451|fisco-bcos-0x000071ea0f329a00|[NodeConfig][parseConsensusNodeList],sectionName=consensus,nodeId=21a47acec36f73d8e925a7d5db44793f998e1a42a6d7ee2e3a5cf4037b853452cb76f6cbab8e5b223a128e8ee15790d1f629858b47070b4eb2e1ddb2b0ada297,weight=1
info|2026-02-06 22:44:20.207466|fisco-bcos-0x000071ea0f329a00|[NodeConfig][parseConsensusNodeList],sectionName=consensus,nodeId=0d6a7f52cb87ce7fda869e0db309ec9c53723c46f81632c21e4abbf1a9159f14d53f37cc0c4141548da9ec877d6235afd7a501c40d296fc4c5252a8717aa23c2,weight=1
info|2026-02-06 22:44:20.207472|fisco-bcos-0x000071ea0f329a00|[NodeConfig][parseConsensusNodeList],sectionName=consensus,nodeId=5b07d12d1512a66493c8fd3456d8c505e6ce05f20061613a4c48a1fa3755bbf9cc2d2f1878c4a6733389f03deb0a3fc0c672e2f4910fde9802d6675929cb3dc5,weight=1
info|2026-02-06 22:44:20.207763|fisco-bcos-0x000071ea0f329a00|[NodeConfig][parseConsensusNodeList],totalNodesSize=4
info|2026-02-06 22:44:20.207786|fisco-bcos-0x000071ea0f329a00|[NodeConfig]loadLedgerConfig,consensus_type=pbft,block_tx_count_limit=1000,gas_limit=3000000000,leader_period=1,minSealTime=0,compatibilityVersion=3.11.0
info|2026-02-06 22:44:20.208086|fisco-bcos-0x000071ea0f329a00|[NodeConfig][METRIC]loadExecutorConfig,isWasm=false,isAuthCheck=false,authAdminAccount=0x1dbd23331f727a66c096de4f3daaec061a3ca614,ismSerialExecute=true
info|2026-02-06 22:44:20.208183|fisco-bcos-0x000071ea0f329a00|[NodeConfig]loadCertConfig,ca_path=./conf,sm_ca_cert=./conf/sm_ca.crt,sm_node_cert=./conf/sm_ssl.crt,sm_node_key=./conf/sm_ssl.key,sm_ennode_cert=./conf/sm_enssl.crt,sm_ennode_key=./conf/sm_enssl.key
info|2026-02-06 22:44:20.208211|fisco-bcos-0x000071ea0f329a00|[NodeConfig]loadCertConfig,ca_path=./conf,ca_cert=./conf/ca.crt,node_cert=./conf/ssl.crt,node_key=./conf/ssl.key
info|2026-02-06 22:44:20.208598|fisco-bcos-0x000071ea0f329a00|[NodeConfig]loadRpcConfig,listenIP=0.0.0.0,listenPort=20202,listenPort=20202,smSsl=false,disableSsl=true,needRetInput=true
info|2026-02-06 22:44:20.208630|fisco-bcos-0x000071ea0f329a00|[NodeConfig]loadWeb3RpcConfig,enableWeb3Rpc=false,listenIP=0.0.0.0,listenPort=8544,listenPort=8544
info|2026-02-06 22:44:20.208637|fisco-bcos-0x000071ea0f329a00|[NodeConfig]loadGatewayConfig,listenIP=0.0.0.0,listenPort=30302,listenPort=30302,smSsl=false,nodesFile=nodes.json
info|2026-02-06 22:44:20.208646|fisco-bcos-0x000071ea0f329a00|[NodeConfig]loadSealerConfig,minSealTime=500
info|2026-02-06 22:44:20.208678|fisco-bcos-0x000071ea0f329a00|[NodeConfig]loadTxPoolConfig,txpoolLimit=15000,notifierWorkers=2,verifierWorkers=8,checkBlockLimit=true,txsExpirationTime(ms)=600000
info|2026-02-06 22:44:20.208683|fisco-bcos-0x000071ea0f329a00|[NodeConfig]loadSecurityConfig,enable_hsm=false,privateKeyPath=conf/node.pem
info|2026-02-06 22:44:20.208687|fisco-bcos-0x000071ea0f329a00|[NodeConfig][METRIC]loadExecutorNormalConfig: config.ini,enableDag=true
info|2026-02-06 22:44:20.208702|fisco-bcos-0x000071ea0f329a00|[NodeConfig]loadStorageConfig,storagePath=data,KeyPage=10240,storageType=RocksDB,pdAddrs=127.0.0.1:2379,pdCaPath=,enableArchive=false,enableSeparateBlockAndState=false,archiveListenIP=,archiveListenPort=0,enable_rocksdb_blob=false,enableLRUCacheStorage=true
info|2026-02-06 22:44:20.208722|fisco-bcos-0x000071ea0f329a00|[NodeConfig]loadConsensusConfig,checkPointTimeoutInterval=3000,pipeline_size=50
info|2026-02-06 22:44:20.208743|fisco-bcos-0x000071ea0f329a00|[NodeConfig]loadSyncConfig,sync_block_by_tree=false,send_txs_by_tree=false,tree_width=3
info|2026-02-06 22:44:20.208766|fisco-bcos-0x000071ea0f329a00|[NodeConfig]loadOthersConfig,sendTxTimeout=-1,vmCacheSize=1024
info|2026-02-06 22:44:20.209050|fisco-bcos-0x000071ea0f329a00|[NodeConfig][METRIC]loadChainConfig,smCrypto=false,chainId=chain0,groupId=group0,blockLimit=1000
info|2026-02-06 22:44:20.209070|fisco-bcos-0x000071ea0f329a00|[NodeConfig]loadWeb3ChainConfig,web3ChainID=20200
info|2026-02-06 22:44:20.209083|fisco-bcos-0x000071ea0f329a00|[NodeConfig][parseConsensusNodeList],sectionName=consensus,nodeId=2346c69c46d42278eb237167eb19eb28432b63783cc0fd7cddc90f89c148e755db8941be9b0c5f37cbc21c409a78c154abc75ce0c80818c6fbb76aea6bcd0a9a,weight=1
info|2026-02-06 22:44:20.209089|fisco-bcos-0x000071ea0f329a00|[NodeConfig][parseConsensusNodeList],sectionName=consensus,nodeId=21a47acec36f73d8e925a7d5db44793f998e1a42a6d7ee2e3a5cf4037b853452cb76f6cbab8e5b223a128e8ee15790d1f629858b47070b4eb2e1ddb2b0ada297,weight=1
info|2026-02-06 22:44:20.209094|fisco-bcos-0x000071ea0f329a00|[NodeConfig][parseConsensusNodeList],sectionName=consensus,nodeId=0d6a7f52cb87ce7fda869e0db309ec9c53723c46f81632c21e4abbf1a9159f14d53f37cc0c4141548da9ec877d6235afd7a501c40d296fc4c5252a8717aa23c2,weight=1
info|2026-02-06 22:44:20.209098|fisco-bcos-0x000071ea0f329a00|[NodeConfig][parseConsensusNodeList],sectionName=consensus,nodeId=5b07d12d1512a66493c8fd3456d8c505e6ce05f20061613a4c48a1fa3755bbf9cc2d2f1878c4a6733389f03deb0a3fc0c672e2f4910fde9802d6675929cb3dc5,weight=1
info|2026-02-06 22:44:20.209103|fisco-bcos-0x000071ea0f329a00|[NodeConfig][parseConsensusNodeList],totalNodesSize=4
info|2026-02-06 22:44:20.209110|fisco-bcos-0x000071ea0f329a00|[NodeConfig]loadLedgerConfig,consensus_type=pbft,block_tx_count_limit=1000,gas_limit=3000000000,leader_period=1,minSealTime=0,compatibilityVersion=3.11.0
info|2026-02-06 22:44:20.209118|fisco-bcos-0x000071ea0f329a00|[NodeConfig][METRIC]loadExecutorConfig,isWasm=false,isAuthCheck=false,authAdminAccount=0x1dbd23331f727a66c096de4f3daaec061a3ca614,ismSerialExecute=true
info|2026-02-06 22:44:20.209174|fisco-bcos-0x000071ea0f329a00|[NodeConfig]loadCertConfig,ca_path=./conf,sm_ca_cert=./conf/sm_ca.crt,sm_node_cert=./conf/sm_ssl.crt,sm_node_key=./conf/sm_ssl.key,sm_ennode_cert=./conf/sm_enssl.crt,sm_ennode_key=./conf/sm_enssl.key
info|2026-02-06 22:44:20.209193|fisco-bcos-0x000071ea0f329a00|[NodeConfig]loadCertConfig,ca_path=./conf,ca_cert=./conf/ca.crt,node_cert=./conf/ssl.crt,node_key=./conf/ssl.key
info|2026-02-06 22:44:20.209203|fisco-bcos-0x000071ea0f329a00|[NodeConfig]loadRpcConfig,listenIP=0.0.0.0,listenPort=20202,listenPort=20202,smSsl=false,disableSsl=true,needRetInput=true
info|2026-02-06 22:44:20.209209|fisco-bcos-0x000071ea0f329a00|[NodeConfig]loadWeb3RpcConfig,enableWeb3Rpc=false,listenIP=0.0.0.0,listenPort=8544,listenPort=8544
info|2026-02-06 22:44:20.209214|fisco-bcos-0x000071ea0f329a00|[NodeConfig]loadGatewayConfig,listenIP=0.0.0.0,listenPort=30302,listenPort=30302,smSsl=false,nodesFile=nodes.json
info|2026-02-06 22:44:20.209218|fisco-bcos-0x000071ea0f329a00|[NodeConfig]loadSealerConfig,minSealTime=500
info|2026-02-06 22:44:20.209233|fisco-bcos-0x000071ea0f329a00|[NodeConfig]loadTxPoolConfig,txpoolLimit=15000,notifierWorkers=2,verifierWorkers=8,checkBlockLimit=true,txsExpirationTime(ms)=600000
info|2026-02-06 22:44:20.209237|fisco-bcos-0x000071ea0f329a00|[NodeConfig]loadSecurityConfig,enable_hsm=false,privateKeyPath=conf/node.pem
info|2026-02-06 22:44:20.209242|fisco-bcos-0x000071ea0f329a00|[NodeConfig][METRIC]loadExecutorNormalConfig: config.ini,enableDag=true
info|2026-02-06 22:44:20.209252|fisco-bcos-0x000071ea0f329a00|[NodeConfig]loadStorageConfig,storagePath=data,KeyPage=10240,storageType=RocksDB,pdAddrs=127.0.0.1:2379,pdCaPath=,enableArchive=false,enableSeparateBlockAndState=false,archiveListenIP=,archiveListenPort=0,enable_rocksdb_blob=false,enableLRUCacheStorage=true
info|2026-02-06 22:44:20.209258|fisco-bcos-0x000071ea0f329a00|[NodeConfig]loadConsensusConfig,checkPointTimeoutInterval=3000,pipeline_size=50
info|2026-02-06 22:44:20.209263|fisco-bcos-0x000071ea0f329a00|[NodeConfig]loadSyncConfig,sync_block_by_tree=false,send_txs_by_tree=false,tree_width=3
info|2026-02-06 22:44:20.209269|fisco-bcos-0x000071ea0f329a00|[NodeConfig]loadOthersConfig,sendTxTimeout=-1,vmCacheSize=1024
info|2026-02-06 22:44:20.209274|fisco-bcos-0x000071ea0f329a00|[INITIALIZER]init crypto suite success
info|2026-02-06 22:44:20.209278|fisco-bcos-0x000071ea0f329a00|[INITIALIZER]init blockFactory success
info|2026-02-06 22:44:20.209791|fisco-bcos-0x000071ea0f329a00|[INITIALIZER][SecureInitializer]loading privateKey
info|2026-02-06 22:44:20.211194|fisco-bcos-0x000071ea0f329a00|[INITIALIZER]loadKeyPair from privateKey,privateKeySize=32,enableStorageSecurity=false
info|2026-02-06 22:44:20.214210|fisco-bcos-0x000071ea0f329a00|[INITIALIZER][METRIC]loadKeyPair from privateKeyPath,privateKeyPath=conf/node.pem
info|2026-02-06 22:44:20.214238|fisco-bcos-0x000071ea0f329a00|[INITIALIZER][METRIC]loadKeyPair success,publicKey=0d6a7f52cb87ce7fda869e0db309ec9c53723c46f81632c21e4abbf1a9159f14d53f37cc0c4141548da9ec877d6235afd7a501c40d296fc4c5252a8717aa23c2
info|2026-02-06 22:44:20.214314|fisco-bcos-0x000071ea0f329a00|[NodeConfig]loadNodeServiceConfig,withoutTarsFramework=false
info|2026-02-06 22:44:20.214332|fisco-bcos-0x000071ea0f329a00|[NodeConfig]load node service,nodeName=0d6a7f52cb87ce7fda869e0db309ec9c53723c46f81632c21e4abbf1a9159f14d53f37cc0c4141548da9ec877d6235afd7a501c40d296fc4c5252a8717aa23c2,withoutTarsFramework=false,schedulerServiceName=chain0.0d6a7f52cb87ce7fda869e0db309ec9c53723c46f81632c21e4abbf1a9159f14d53f37cc0c4141548da9ec877d6235afd7a501c40d296fc4c5252a8717aa23c2SchedulerService,executorServiceName=chain0.0d6a7f52cb87ce7fda869e0db309ec9c53723c46f81632c21e4abbf1a9159f14d53f37cc0c4141548da9ec877d6235afd7a501c40d296fc4c5252a8717aa23c2ExecutorService
info|2026-02-06 22:44:20.214816|fisco-bcos-0x000071ea0f329a00|[Gateway][Config]initP2PConfig ok!,p2p.listen_ip=0.0.0.0,p2p.listen_port=30302,p2p.sm_ssl=false,p2p.enable_rip_protocol=true,p2p.enable_compression=true,p2p.allow_max_msg_size=33554432,p2p.session_recv_buffer_size=67108864,p2p.session_max_read_data_size=40960,p2p.session_max_send_data_size=1048576,p2p.session_max_send_msg_count=10,p2p.thread_count=8,p2p.nodes_path=./,p2p.nodes_file=nodes.json,p2p.readonly=false
info|2026-02-06 22:44:20.214851|fisco-bcos-0x000071ea0f329a00|[Gateway][Config][initFlowControlConfig]load flow_control common config items,enable=false,flow_control.stat_reporter_interval=60000,flow_control.enable_connect_debug_info=false,flow_control.time_window_sec=1,flow_control.enable_distributed_ratelimit=false,flow_control.enable_distributed_ratelimit_cache=true,flow_control.distributed_ratelimit_cache_percent=20
info|2026-02-06 22:44:20.214860|fisco-bcos-0x000071ea0f329a00|[Gateway][Config][initFlowControlConfig]load flow_control config items,key=flow_control.modules_without_bw_limit,moduleID=1001
info|2026-02-06 22:44:20.214865|fisco-bcos-0x000071ea0f329a00|[Gateway][Config][initFlowControlConfig]load flow_control config items,key=flow_control.modules_without_bw_limit,moduleID=1000
info|2026-02-06 22:44:20.214867|fisco-bcos-0x000071ea0f329a00|[Gateway][Config][initFlowControlConfig]load flow_control config items,key=flow_control.modules_without_bw_limit,moduleID=2002
info|2026-02-06 22:44:20.214870|fisco-bcos-0x000071ea0f329a00|[Gateway][Config][initFlowControlConfig]load flow_control config items,key=flow_control.modules_without_bw_limit,moduleID=2001
info|2026-02-06 22:44:20.214872|fisco-bcos-0x000071ea0f329a00|[Gateway][Config]the total_outgoing_bw_limit is not initialized
info|2026-02-06 22:44:20.214875|fisco-bcos-0x000071ea0f329a00|[Gateway][Config]load flow_control config items, the conn_outgoing_bw_limit is not initialized
info|2026-02-06 22:44:20.214877|fisco-bcos-0x000071ea0f329a00|[Gateway][Config]load flow_control config items, the group_outgoing_bw_limit is not initialized
info|2026-02-06 22:44:20.214879|fisco-bcos-0x000071ea0f329a00|[Gateway][Config][initFlowControlConfig]load_flow control outgoing config items,flow_control.outgoing_allow_exceed_max_permit=false,flow_control.modules_without_bw_limit=raft,pbft,cons_txs_sync,txs_sync,flow_control.total_outgoing_bw_limit=-1,flow_control.conn_outgoing_bw_limit=-1,flow_control.group_outgoing_bw_limit=-1,flow_control.conn_outgoing_bw_limit_x.x.x.x=0,flow_control.group_outgoing_bw_limit_xxx=0,flow_control.modules_without_bw_limit size=4
info|2026-02-06 22:44:20.214884|fisco-bcos-0x000071ea0f329a00|[Gateway][Config]rateLimiter: false
info|2026-02-06 22:44:20.214885|fisco-bcos-0x000071ea0f329a00|[Gateway][Config][initFlowControlConfig]load flow_control config items, the incoming qps rate limit,flow_control.incoming_p2p_basic_msg_type_list=,flow_control.incoming_p2p_basic_msg_type_qps_limit=-1,flow_control.incoming_module_msg_type_qps_limit=-1,flow_control.incoming_module_qps_limit_xxx size=0,enableOutRateLimit=false,enableOutConnRateLimit=false,enableOutGroupRateLimit=false,enableInRateLimit=false
info|2026-02-06 22:44:20.215204|fisco-bcos-0x000071ea0f329a00|[Gateway][Config]initCertConfig,ca_path=./conf,ca_cert=./conf/ca.crt,node_cert=./conf/ssl.crt,node_key=./conf/ssl.key,mul_ca_path=./conf/multiCaPath
info|2026-02-06 22:44:20.215757|fisco-bcos-0x000071ea0f329a00|[Gateway][Config]initCertConfig,ca=./conf/ca.crt,node_cert=./conf/ssl.crt,node_key=./conf/ssl.key,mul_ca_path=./conf/multiCaPath
info|2026-02-06 22:44:20.215799|fisco-bcos-0x000071ea0f329a00|[Gateway][Config]initConfig ok!,configPath=config.ini,listenIP=0.0.0.0,listenPort=30302,smSSL=false,peers=0
info|2026-02-06 22:44:20.216801|fisco-bcos-0x000071ea0f329a00|[Gateway][Config]add one connected node,host=127.0.0.1:30300
info|2026-02-06 22:44:20.217050|fisco-bcos-0x000071ea0f329a00|[Gateway][Config]add one connected node,host=127.0.0.1:30301
info|2026-02-06 22:44:20.217290|fisco-bcos-0x000071ea0f329a00|[Gateway][Config]add one connected node,host=127.0.0.1:30302
info|2026-02-06 22:44:20.217525|fisco-bcos-0x000071ea0f329a00|[Gateway][Config]add one connected node,host=127.0.0.1:30303
info|2026-02-06 22:44:20.217541|fisco-bcos-0x000071ea0f329a00|[Gateway][Config]loadP2pConnectedNodes ok!,nodePath=./,nodeFileName=nodes.json,nodes=4
info|2026-02-06 22:44:20.217570|fisco-bcos-0x000071ea0f329a00|[Gateway][Factory]initCert2PubHexHandler,cert=./conf/ssl.crt,certContent: =0x71ea0e8f7650
info|2026-02-06 22:44:20.219657|fisco-bcos-0x000071ea0f329a00|[Gateway][Factory][NEW]SSLContext pubHex: 3082010a02820101009d9833c7e1dbf7d476b1fd7227e247b488323cbd272862d096a4010035236b7d36e2aede87e4f36adfd2e2e44f2945e9a4170901f5865f04cb779a1c1e1fc2f3e56fc6ea80a2665d5da60fce851ccd94bb60aced8e256a551ebb6edcf78febb8eb8bbb3c4fab73bacd5675925d72c787a8d8e179c70b24c484ae98ea7cc956a196c0c8266073d549963e44bfee479261b4c7a5497320d8a89de71743baf1516450118e57b4b07227de0429adf0d02305ad79d40958f48b3c7d6802814fc5c25be7c54c85463c993254d08401e1c7c1cc5586b265a1616617cc2ba7f29e928ff792e4ff33ada9b1bb7ee5a43130da18ba109a9e2186dfa6c2dc1d823e9066e1590203010001
info|2026-02-06 22:44:20.222491|fisco-bcos-0x000071ea0f329a00|[P2PService][Service][Service::Service]local protocol,protocolModuleID=1,version=0,minVersion=0,maxVersion=2
info|2026-02-06 22:44:20.222607|fisco-bcos-0x000071ea0f329a00|register SIGUSR1 sig for reload p2p connected nodes config
info|2026-02-06 22:44:20.222628|fisco-bcos-0x000071ea0f329a00|[Gateway][Factory][buildService]build service end,enable rip protocol=true,enable compress=true,myself pub id=3082010a02820101009d9833c7e1dbf7d476b1fd7227e247b488323cbd272862d096a4010035236b7d36e2aede87e4f36adfd2e2e44f2945e9a4170901f5865f04cb779a1c1e1fc2f3e56fc6ea80a2665d5da60fce851ccd94bb60aced8e256a551ebb6edcf78febb8eb8bbb3c4fab73bacd5675925d72c787a8d8e179c70b24c484ae98ea7cc956a196c0c8266073d549963e44bfee479261b4c7a5497320d8a89de71743baf1516450118e57b4b07227de0429adf0d02305ad79d40958f48b3c7d6802814fc5c25be7c54c85463c993254d08401e1c7c1cc5586b265a1616617cc2ba7f29e928ff792e4ff33ada9b1bb7ee5a43130da18ba109a9e2186dfa6c2dc1d823e9066e1590203010001
info|2026-02-06 22:44:20.222872|fisco-bcos-0x000071ea0f329a00|[Gateway][Factory]GatewayFactory::init ok
info|2026-02-06 22:44:20.222901|fisco-bcos-0x000071ea0f329a00|[FrontService]FrontServiceFactory::buildFrontService,groupID=group0,nodeID=0d6a7f52cb87ce7fda869e0db309ec9c53723c46f81632c21e4abbf1a9159f14d53f37cc0c4141548da9ec877d6235afd7a501c40d296fc4c5252a8717aa23c2
info|2026-02-06 22:44:20.222910|fisco-bcos-0x000071ea0f329a00|[FrontService]FrontService,this=0x71ea0e86ff10,minVersion=0,maxVersion=2
info|2026-02-06 22:44:20.222928|fisco-bcos-0x000071ea0f329a00|[INITIALIZER]initNode,stateDBPath=data,enableSeparateBlockAndState=false,storageType=RocksDB,consensusStoragePath=data/consensus_log
info|2026-02-06 22:44:20.304355|fisco-bcos-0x000071ea0f329a00|[LEDGER][#buildGenesisBlock]
info|2026-02-06 22:44:20.308162|fisco-bcos-0x000071ea0f329a00|[NodeConfig][generateGenesisData],genesisData=[chain]
sm_crypto:0
chainID: chain0
grouID: group0
[consensys]
consensus_type: pbft
block_tx_count_limit:1000
leader_period:1
[version]
compatibility_version:3.11.0
[tx]
gaslimit:3000000000
[executor]
iswasm: 0
isAuthCheck:0
authAdminAccount:0x1dbd23331f727a66c096de4f3daaec061a3ca614
isSerialExecute:1
epochSealerNum:4
epochBlockNum:1000
node.0:0d6a7f52cb87ce7fda869e0db309ec9c53723c46f81632c21e4abbf1a9159f14d53f37cc0c4141548da9ec877d6235afd7a501c40d296fc4c5252a8717aa23c2,1
node.1:21a47acec36f73d8e925a7d5db44793f998e1a42a6d7ee2e3a5cf4037b853452cb76f6cbab8e5b223a128e8ee15790d1f629858b47070b4eb2e1ddb2b0ada297,1
node.2:2346c69c46d42278eb237167eb19eb28432b63783cc0fd7cddc90f89c148e755db8941be9b0c5f37cbc21c409a78c154abc75ce0c80818c6fbb76aea6bcd0a9a,1
node.3:5b07d12d1512a66493c8fd3456d8c505e6ce05f20061613a4c48a1fa3755bbf9cc2d2f1878c4a6733389f03deb0a3fc0c672e2f4910fde9802d6675929cb3dc5,1
info|2026-02-06 22:44:20.308214|fisco-bcos-0x000071ea0f329a00|[LEDGER][#buildGenesisBlock] success, block exists
info|2026-02-06 22:44:20.311565|fisco-bcos-0x000071ea0f329a00|[TXPOOL]create transaction validator
info|2026-02-06 22:44:20.312093|fisco-bcos-0x000071ea0f329a00|[TXPOOL]create transaction config
info|2026-02-06 22:44:20.312123|fisco-bcos-0x000071ea0f329a00|[TXPOOL]create transaction storage
info|2026-02-06 22:44:20.312661|fisco-bcos-0x000071ea0f329a00|[TXPOOL]init MemoryStorage of txpool,txNotifierWorkerNum=2,txsExpirationTime=600000,poolLimit=15000,cpuCores=20
info|2026-02-06 22:44:20.312707|fisco-bcos-0x000071ea0f329a00|[TXPOOL]create sync config
info|2026-02-06 22:44:20.312713|fisco-bcos-0x000071ea0f329a00|[TXPOOL]create sync engine
info|2026-02-06 22:44:20.313278|fisco-bcos-0x000071ea0f329a00|[TXPOOL]create txpool,submitWorkerNum=8,notifyWorkerNum=2
info|2026-02-06 22:44:20.314494|fisco-bcos-0x000071ea0f329a00|[TXPOOL]create TxPool,submitterNum=8
info|2026-02-06 22:44:20.314648|fisco-bcos-0x000071ea0f329a00|[TARS_EXECUTOR_MANAGER]Initialize ,executorServiceName=chain0.0d6a7f52cb87ce7fda869e0db309ec9c53723c46f81632c21e4abbf1a9159f14d53f37cc0c4141548da9ec877d6235afd7a501c40d296fc4c5252a8717aa23c2ExecutorService.ExecutorServiceObj
info|2026-02-06 22:44:20.314726|fisco-bcos-0x000071ea0f329a00|[INITIALIZER]initNode: enableLRUCacheStorage, size: 33554432
info|2026-02-06 22:44:20.314749|fisco-bcos-0x000071ea0f329a00|[INITIALIZER]create Executor,nodeArchType=0
info|2026-02-06 22:44:20.318026|fisco-bcos-0x000071ea0f329a00|[CONSENSUS][PBFT]create PBFTCodec
info|2026-02-06 22:44:20.318072|fisco-bcos-0x000071ea0f329a00|[CONSENSUS][PBFT]create PBFT validator
info|2026-02-06 22:44:20.318443|fisco-bcos-0x000071ea0f329a00|[CONSENSUS][PBFT]create pbftStorage
info|2026-02-06 22:44:20.318986|fisco-bcos-0x000071ea0f329a00|[CONSENSUS][PBFT][STORAGE]createKVTable success,table=pbftCommitDB
info|2026-02-06 22:44:20.319383|fisco-bcos-0x000071ea0f329a00|[CONSENSUS][PBFT]create pbftConfig
info|2026-02-06 22:44:20.319598|fisco-bcos-0x000071ea0f329a00|[CONSENSUS][PBFT]create PBFTEngine
info|2026-02-06 22:44:20.320093|fisco-bcos-0x000071ea0f329a00|[CONSENSUS][PBFT]create PBFT
info|2026-02-06 22:44:20.320407|fisco-bcos-0x000071ea0f329a00|[INITIALIZER]PBFTInitializer::initChainNodeInfo,nodeType=None,nodeCryptoType=0,nodeName=0d6a7f52cb87ce7fda869e0db309ec9c53723c46f81632c21e4abbf1a9159f14d53f37cc0c4141548da9ec877d6235afd7a501c40d296fc4c5252a8717aa23c2,compatibilityVersion=51052544
info|2026-02-06 22:44:20.320439|fisco-bcos-0x000071ea0f329a00|[Gateway][Router]insertNode,groupID=group0,minVersion=0,maxVersion=2,nodeID=0d6a7f52cb87ce7fda869e0db309ec9c53723c46f81632c21e4abbf1a9159f14d53f37cc0c4141548da9ec877d6235afd7a501c40d296fc4c5252a8717aa23c2,nodeType=None
info|2026-02-06 22:44:20.320445|fisco-bcos-0x000071ea0f329a00|[INITIALIZER]registerNode,group=group0,node=0d6a7f52cb87ce7fda869e0db309ec9c53723c46f81632c21e4abbf1a9159f14d53f37cc0c4141548da9ec877d6235afd7a501c40d296fc4c5252a8717aa23c2,type=None
info|2026-02-06 22:44:20.320451|fisco-bcos-0x000071ea0f329a00|[TXPOOL]fetch LedgerConfig information
info|2026-02-06 22:44:20.320494|fisco-bcos-0x000071ea0f329a00|[TOOL]LedgerConfigFetcher: fetchBlockNumber success,blockNumber=106
info|2026-02-06 22:44:20.320891|fisco-bcos-0x000071ea0f329a00|[TOOL]LedgerConfigFetcher: fetchBlockHash success,blockNumber=106,hash=a4219451...
info|2026-02-06 22:44:20.320968|fisco-bcos-0x000071ea0f329a00|[TOOL]fetchBlockTxCountLimit success,value=1000
info|2026-02-06 22:44:20.320989|fisco-bcos-0x000071ea0f329a00|[TXPOOL]fetch LedgerConfig success
info|2026-02-06 22:44:20.320993|fisco-bcos-0x000071ea0f329a00|[TXPOOL]fetch history nonces information,startNumber=0,fetchedSize=107
info|2026-02-06 22:44:20.325231|fisco-bcos-0x000071ea0f329a00|[TXPOOL]fetch history nonces success
info|2026-02-06 22:44:20.325352|fisco-bcos-0x000071ea0f329a00|[TXPOOL]init txs validator,checkBlockLimit=true
info|2026-02-06 22:44:20.326049|fisco-bcos-0x000071ea0f329a00|[TXPOOL]init txs validator success
info|2026-02-06 22:44:20.326100|fisco-bcos-0x000071ea0f329a00|[TXPOOL]init sync config
info|2026-02-06 22:44:20.326116|fisco-bcos-0x000071ea0f329a00|[TXPOOL]init sync config success
info|2026-02-06 22:44:20.326166|fisco-bcos-0x000071ea0f329a00|[BLOCK SYNC]start fetch the ledger config for block sync module
info|2026-02-06 22:44:20.326295|fisco-bcos-0x000071ea0f329a00|[TOOL]LedgerConfigFetcher: fetchBlockNumber success,blockNumber=106
info|2026-02-06 22:44:20.326368|fisco-bcos-0x000071ea0f329a00|[TOOL]LedgerConfigFetcher: fetchBlockHash success,blockNumber=106,hash=a4219451...
info|2026-02-06 22:44:20.326392|fisco-bcos-0x000071ea0f329a00|[TOOL]fetchCompatibilityVersion
info|2026-02-06 22:44:20.326696|fisco-bcos-0x000071ea0f329a00|[TOOL]fetchCompatibilityVersion success,version=3.11.0,versionNumber=51052544,minSupportedVersion=3.0.0-rc4,maxSupportedVersion=3.11.0
info|2026-02-06 22:44:20.327962|fisco-bcos-0x000071ea0f329a00|[TOOL]fetchSystemConfig failed, use default value,code=3008,msg=Entry: feature_dmc2serial does not exists!,key=feature_dmc2serial,defaultValue=0
info|2026-02-06 22:44:20.328185|fisco-bcos-0x000071ea0f329a00|[TOOL]fetchSystemConfig failed, use default value,code=3008,msg=Entry: feature_sharding does not exists!,key=feature_sharding,defaultValue=0
info|2026-02-06 22:44:20.328359|fisco-bcos-0x000071ea0f329a00|[TOOL]fetchSystemConfig failed, use default value,code=3008,msg=Entry: feature_rpbft does not exists!,key=feature_rpbft,defaultValue=0
info|2026-02-06 22:44:20.328519|fisco-bcos-0x000071ea0f329a00|[TOOL]fetchSystemConfig failed, use default value,code=3008,msg=Entry: feature_paillier does not exists!,key=feature_paillier,defaultValue=0
info|2026-02-06 22:44:20.328702|fisco-bcos-0x000071ea0f329a00|[TOOL]fetchSystemConfig failed, use default value,code=3008,msg=Entry: feature_balance does not exists!,key=feature_balance,defaultValue=0
info|2026-02-06 22:44:20.328865|fisco-bcos-0x000071ea0f329a00|[TOOL]fetchSystemConfig failed, use default value,code=3008,msg=Entry: feature_balance_precompiled does not exists!,key=feature_balance_precompiled,defaultValue=0
info|2026-02-06 22:44:20.329029|fisco-bcos-0x000071ea0f329a00|[TOOL]fetchSystemConfig failed, use default value,code=3008,msg=Entry: feature_balance_policy1 does not exists!,key=feature_balance_policy1,defaultValue=0
info|2026-02-06 22:44:20.329229|fisco-bcos-0x000071ea0f329a00|[TOOL]fetchSystemConfig failed, use default value,code=3008,msg=Entry: feature_paillier_add_raw does not exists!,key=feature_paillier_add_raw,defaultValue=0
info|2026-02-06 22:44:20.329407|fisco-bcos-0x000071ea0f329a00|[TOOL]fetchSystemConfig failed, use default value,code=3008,msg=Entry: feature_evm_cancun does not exists!,key=feature_evm_cancun,defaultValue=0
info|2026-02-06 22:44:20.329621|fisco-bcos-0x000071ea0f329a00|[TOOL]fetchConsensusNodeList success,size=4
info|2026-02-06 22:44:20.329795|fisco-bcos-0x000071ea0f329a00|[TOOL]fetchObserverNodeList success,size=0
info|2026-02-06 22:44:20.329904|fisco-bcos-0x000071ea0f329a00|[TOOL]fetchCandidateSealerList success,size=0
info|2026-02-06 22:44:20.329978|fisco-bcos-0x000071ea0f329a00|[TOOL]fetchGenesisHash success,genesisHash=25d20f1c...
info|2026-02-06 22:44:20.330025|fisco-bcos-0x000071ea0f329a00|[BLOCK SYNC]fetch the ledger config for block sync module success,number=106,latestHash=a4219451...,genesisHash=25d20f1c7ba5c73a1e512bbabf583992a464d04d9c35a44e10d8c6c8f07c9983
info|2026-02-06 22:44:20.330127|fisco-bcos-0x000071ea0f329a00|[BLOCK SYNC]#### BlockSyncConfig resetConfig,number=106,consNodeSize=4,observerNodeSize=0,type=CONSENSUS_NODE
info|2026-02-06 22:44:20.330149|fisco-bcos-0x000071ea0f329a00|[BLOCK SYNC]init block sync success
info|2026-02-06 22:44:20.330164|fisco-bcos-0x000071ea0f329a00|[CONSENSUS][PBFT]asyncResetTxPool when startup
info|2026-02-06 22:44:20.330265|fisco-bcos-0x000071ea0f329a00|[TXPOOL]asyncResetTxPool,txsSize=0
info|2026-02-06 22:44:20.330289|fisco-bcos-0x000071ea0f329a00|[CONSENSUS][PBFT]fetchAndUpdateLedgerConfig
info|2026-02-06 22:44:20.330319|fisco-bcos-0x000071ea0f329a00|[TOOL]LedgerConfigFetcher: fetchBlockNumber success,blockNumber=106
info|2026-02-06 22:44:20.330332|fisco-bcos-0x000071ea0f329a00|[TOOL]LedgerConfigFetcher: fetchBlockHash success,blockNumber=106,hash=a4219451...
info|2026-02-06 22:44:20.330336|fisco-bcos-0x000071ea0f329a00|[TOOL]fetchCompatibilityVersion
info|2026-02-06 22:44:20.330378|fisco-bcos-0x000071ea0f329a00|[TOOL]fetchCompatibilityVersion success,version=3.11.0,versionNumber=51052544,minSupportedVersion=3.0.0-rc4,maxSupportedVersion=3.11.0
info|2026-02-06 22:44:20.330605|fisco-bcos-0x000071ea0f329a00|[TOOL]fetchSystemConfig failed, use default value,code=3008,msg=Entry: feature_dmc2serial does not exists!,key=feature_dmc2serial,defaultValue=0
info|2026-02-06 22:44:20.330638|fisco-bcos-0x000071ea0f329a00|[TOOL]fetchSystemConfig failed, use default value,code=3008,msg=Entry: feature_sharding does not exists!,key=feature_sharding,defaultValue=0
info|2026-02-06 22:44:20.330650|fisco-bcos-0x000071ea0f329a00|[TOOL]fetchSystemConfig failed, use default value,code=3008,msg=Entry: feature_rpbft does not exists!,key=feature_rpbft,defaultValue=0
info|2026-02-06 22:44:20.330660|fisco-bcos-0x000071ea0f329a00|[TOOL]fetchSystemConfig failed, use default value,code=3008,msg=Entry: feature_paillier does not exists!,key=feature_paillier,defaultValue=0
info|2026-02-06 22:44:20.330673|fisco-bcos-0x000071ea0f329a00|[TOOL]fetchSystemConfig failed, use default value,code=3008,msg=Entry: feature_balance does not exists!,key=feature_balance,defaultValue=0
info|2026-02-06 22:44:20.330687|fisco-bcos-0x000071ea0f329a00|[TOOL]fetchSystemConfig failed, use default value,code=3008,msg=Entry: feature_balance_precompiled does not exists!,key=feature_balance_precompiled,defaultValue=0
info|2026-02-06 22:44:20.330698|fisco-bcos-0x000071ea0f329a00|[TOOL]fetchSystemConfig failed, use default value,code=3008,msg=Entry: feature_balance_policy1 does not exists!,key=feature_balance_policy1,defaultValue=0
info|2026-02-06 22:44:20.330889|fisco-bcos-0x000071ea0f329a00|[TOOL]fetchSystemConfig failed, use default value,code=3008,msg=Entry: feature_paillier_add_raw does not exists!,key=feature_paillier_add_raw,defaultValue=0
info|2026-02-06 22:44:20.331043|fisco-bcos-0x000071ea0f329a00|[TOOL]fetchSystemConfig failed, use default value,code=3008,msg=Entry: feature_evm_cancun does not exists!,key=feature_evm_cancun,defaultValue=0
info|2026-02-06 22:44:20.331158|fisco-bcos-0x000071ea0f329a00|[TOOL]fetchConsensusNodeList success,size=4
info|2026-02-06 22:44:20.331284|fisco-bcos-0x000071ea0f329a00|[TOOL]fetchObserverNodeList success,size=0
info|2026-02-06 22:44:20.331325|fisco-bcos-0x000071ea0f329a00|[TOOL]fetchCandidateSealerList success,size=0
info|2026-02-06 22:44:20.331388|fisco-bcos-0x000071ea0f329a00|[TOOL]fetchBlockTxCountLimit success,value=1000
info|2026-02-06 22:44:20.331459|fisco-bcos-0x000071ea0f329a00|[TOOL]fetchGenesisHash success,genesisHash=25d20f1c...
info|2026-02-06 22:44:20.331504|fisco-bcos-0x000071ea0f329a00|[TOOL]fetchConsensusLeaderPeriod success,value=1
info|2026-02-06 22:44:20.331543|fisco-bcos-0x000071ea0f329a00|[TOOL]fetchAuthCheckStatus success,value=0
info|2026-02-06 22:44:20.331628|fisco-bcos-0x000071ea0f329a00|[TOOL]fetchSystemConfig failed, use default value,code=3008,msg=Entry: feature_rpbft_epoch_sealer_num does not exists!,key=feature_rpbft_epoch_sealer_num,defaultValue=4
info|2026-02-06 22:44:20.331654|fisco-bcos-0x000071ea0f329a00|[TOOL]fetchEpochSealerNum success,value=4
info|2026-02-06 22:44:20.331675|fisco-bcos-0x000071ea0f329a00|[TOOL]fetchSystemConfig failed, use default value,code=3008,msg=Entry: feature_rpbft_epoch_block_num does not exists!,key=feature_rpbft_epoch_block_num,defaultValue=1000
info|2026-02-06 22:44:20.331678|fisco-bcos-0x000071ea0f329a00|[TOOL]fetchEpochBlockNum success,value=1000
info|2026-02-06 22:44:20.331691|fisco-bcos-0x000071ea0f329a00|[TOOL]fetchSystemConfig failed, use default value,code=3008,msg=Entry: feature_rpbft_notify_rotate does not exists!,key=feature_rpbft_notify_rotate,defaultValue=0
info|2026-02-06 22:44:20.331693|fisco-bcos-0x000071ea0f329a00|[TOOL]fetchNotifyRotateFlagInfo success,value=0
info|2026-02-06 22:44:20.331696|fisco-bcos-0x000071ea0f329a00|[CONSENSUS][PBFT]fetchAndUpdateLedgerConfig success,blockNumber=106,hash=a4219451...,maxTxsPerBlock=1000,consensusNodeList=4
info|2026-02-06 22:44:20.331700|fisco-bcos-0x000071ea0f329a00|[CONSENSUS][PBFT][METRIC]resetConfig,committedIndex=106,propHash=a4219451...,blockCountLimit=1000,leaderPeriod=1,consensusNodesSize=4
info|2026-02-06 22:44:20.331712|fisco-bcos-0x000071ea0f329a00|[CONSENSUS][PBFT]PBFTConfig: resetExpectedCheckPoint,committedIndex=106,consNum=107,committedHash=a4219451...,view=0,toView=0,changeCycle=0,expectedCheckPoint=0,Idx=0,unsealedTxs=0,sealUntil=0,waitResealUntil=0,consensusTimeout=3000,nodeId=0d6a7f52...,expectedCheckPoint=0
info|2026-02-06 22:44:20.331722|fisco-bcos-0x000071ea0f329a00|[CONSENSUS][Core][METRIC]updateConsensusNodeList,nodeNum=4,nodeIndex=0,committedIndex=106,0d6a7f52...=1,21a47ace...=1,2346c69c...=1,5b07d12d...=1
info|2026-02-06 22:44:20.331727|fisco-bcos-0x000071ea0f329a00|[CONSENSUS][PBFT]notifyResetSealing,committedIndex=106,consNum=107,committedHash=a4219451...,view=0,toView=0,changeCycle=0,expectedCheckPoint=107,Idx=0,unsealedTxs=0,sealUntil=0,waitResealUntil=0,consensusTimeout=3000,nodeId=0d6a7f52...
info|2026-02-06 22:44:20.331735|fisco-bcos-0x000071ea0f329a00|[CONSENSUS][SEALER]resetSealing,startNum=0,endNum=0,sealingNum=-1,pendingTxs=0,unsealedTxs=0
info|2026-02-06 22:44:20.331742|fisco-bcos-0x000071ea0f329a00|[CONSENSUS][PBFT]reNotifySealer,expectedStart=107,highWaterMark=157,leader=3,committedIndex=106,consNum=107,committedHash=a4219451...,view=0,toView=0,changeCycle=0,expectedCheckPoint=107,Idx=0,unsealedTxs=0,sealUntil=0,waitResealUntil=0,consensusTimeout=3000,nodeId=0d6a7f52...
info|2026-02-06 22:44:20.331892|fisco-bcos-0x000071ea0f329a00|[CONSENSUS][PBFT]notifyResetSealing success,committedIndex=106,consNum=107,committedHash=a4219451...,view=0,toView=0,changeCycle=0,expectedCheckPoint=107,Idx=0,unsealedTxs=0,sealUntil=0,waitResealUntil=0,consensusTimeout=3000,nodeId=0d6a7f52...
info|2026-02-06 22:44:20.331934|fisco-bcos-0x000071ea0f329a00|[CONSENSUS][PBFT][METRIC]^^^^^^^^Report,committedIndex=106,consNum=107,committedHash=a4219451...,view=0,toView=0,changeCycle=0,expectedCheckPoint=107,Idx=0,unsealedTxs=0,sealUntil=0,waitResealUntil=0,consensusTimeout=3000,nodeId=0d6a7f52...
info|2026-02-06 22:44:20.331963|fisco-bcos-0x000071ea0f329a00|[CONSENSUS][PBFT]updateValidatorConfig,consensusNodeListUpdated=true,observerNodeListUpdated=false,consensusNodeSize=4,observerNodeSize=0
info|2026-02-06 22:44:20.331970|fisco-bcos-0x000071ea0f329a00|[CONSENSUS][SEALER]asyncNoteLatestBlockNumber,number=106
info|2026-02-06 22:44:20.331975|fisco-bcos-0x000071ea0f329a00|[CONSENSUS][SEALER]asyncNoteLatestBlockHash,_hash=a4219451...
info|2026-02-06 22:44:20.331983|fisco-bcos-0x000071ea0f329a00|[CONSENSUS][PBFT]init PBFT success
info|2026-02-06 22:44:20.332125|fisco-bcos-0x000071ea0f329a00|[FRONTSERVICE]registerModuleMessageDispatcher for the consensus module success
info|2026-02-06 22:44:20.332143|fisco-bcos-0x000071ea0f329a00|[FRONTSERVICE]registerModuleMessageDispatcher for the txsSync module success
info|2026-02-06 22:44:20.332150|fisco-bcos-0x000071ea0f329a00|[FRONTSERVICE]registerModuleMessageDispatcher for the BlockSync module success
info|2026-02-06 22:44:20.332155|fisco-bcos-0x000071ea0f329a00|[FRONTSERVICE]registerGroupNodeInfoNotification success
info|2026-02-06 22:44:20.332383|fisco-bcos-0x000071ea0f329a00|[RPC][initConfig]rpc work in disable ssl model,listenIP=0.0.0.0,listenPort=20202,threadCount=4,asServer=true
info|2026-02-06 22:44:20.332406|fisco-bcos-0x000071ea0f329a00|[DEFAULT][WS][SERVICE],[NEWOBJ][WsService]=0x71ea0e8e5710
info|2026-02-06 22:44:20.333099|fisco-bcos-0x000071ea0f329a00|[DEFAULT][WS][INITIALIZER][initWsService]start websocket service as server
info|2026-02-06 22:44:20.333139|fisco-bcos-0x000071ea0f329a00|[DEFAULT][HTTP][SERVER][buildHttpServer],listenIP=0.0.0.0,listenPort=20202
info|2026-02-06 22:44:20.333145|fisco-bcos-0x000071ea0f329a00|[DEFAULT][WS][INITIALIZER][initWsService]initializer for websocket service,listenIP=0.0.0.0,listenPort=20202,disableSsl=true,server=true,client=false,maxMsgSize=33554432,msgTimeOut=-1,connected peers=0
info|2026-02-06 22:44:20.334008|fisco-bcos-0x000071ea0f329a00|[RPC][JSONRPC][initMethod],method=getLogs
info|2026-02-06 22:44:20.334028|fisco-bcos-0x000071ea0f329a00|[RPC][JSONRPC][initMethod],method=getSystemConfigByKey
info|2026-02-06 22:44:20.334031|fisco-bcos-0x000071ea0f329a00|[RPC][JSONRPC][initMethod],method=getPeers
info|2026-02-06 22:44:20.334036|fisco-bcos-0x000071ea0f329a00|[RPC][JSONRPC][initMethod],method=getNodeListByType
info|2026-02-06 22:44:20.334038|fisco-bcos-0x000071ea0f329a00|[RPC][JSONRPC][initMethod],method=getObserverList
info|2026-02-06 22:44:20.334039|fisco-bcos-0x000071ea0f329a00|[RPC][JSONRPC][initMethod],method=getBlockHashByNumber
info|2026-02-06 22:44:20.334040|fisco-bcos-0x000071ea0f329a00|[RPC][JSONRPC][initMethod],method=getBlockNumber
info|2026-02-06 22:44:20.334043|fisco-bcos-0x000071ea0f329a00|[RPC][JSONRPC][initMethod],method=getSealerList
info|2026-02-06 22:44:20.334044|fisco-bcos-0x000071ea0f329a00|[RPC][JSONRPC][initMethod],method=getTransactionReceipt
info|2026-02-06 22:44:20.334045|fisco-bcos-0x000071ea0f329a00|[RPC][JSONRPC][initMethod],method=sendTransaction
info|2026-02-06 22:44:20.334046|fisco-bcos-0x000071ea0f329a00|[RPC][JSONRPC][initMethod],method=call
info|2026-02-06 22:44:20.334048|fisco-bcos-0x000071ea0f329a00|[RPC][JSONRPC][initMethod],method=getABI
info|2026-02-06 22:44:20.334053|fisco-bcos-0x000071ea0f329a00|[RPC][JSONRPC][initMethod],method=newBlockFilter
info|2026-02-06 22:44:20.334055|fisco-bcos-0x000071ea0f329a00|[RPC][JSONRPC][initMethod],method=getCode
info|2026-02-06 22:44:20.334056|fisco-bcos-0x000071ea0f329a00|[RPC][JSONRPC][initMethod],method=uninstallFilter
info|2026-02-06 22:44:20.334059|fisco-bcos-0x000071ea0f329a00|[RPC][JSONRPC][initMethod],method=getPendingTxSize
info|2026-02-06 22:44:20.334061|fisco-bcos-0x000071ea0f329a00|[RPC][JSONRPC][initMethod],method=getSyncStatus
info|2026-02-06 22:44:20.334062|fisco-bcos-0x000071ea0f329a00|[RPC][JSONRPC][initMethod],method=getTransaction
info|2026-02-06 22:44:20.334064|fisco-bcos-0x000071ea0f329a00|[RPC][JSONRPC][initMethod],method=getConsensusStatus
info|2026-02-06 22:44:20.334065|fisco-bcos-0x000071ea0f329a00|[RPC][JSONRPC][initMethod],method=getGroupPeers
info|2026-02-06 22:44:20.334371|fisco-bcos-0x000071ea0f329a00|[RPC][JSONRPC][initMethod],method=newFilter
info|2026-02-06 22:44:20.334424|fisco-bcos-0x000071ea0f329a00|[RPC][JSONRPC][initMethod],method=getGroupList
info|2026-02-06 22:44:20.334432|fisco-bcos-0x000071ea0f329a00|[RPC][JSONRPC][initMethod],method=getBlockByHash
info|2026-02-06 22:44:20.334441|fisco-bcos-0x000071ea0f329a00|[RPC][JSONRPC][initMethod],method=getPbftView
info|2026-02-06 22:44:20.334445|fisco-bcos-0x000071ea0f329a00|[RPC][JSONRPC][initMethod],method=newPendingTransactionFilter
info|2026-02-06 22:44:20.334449|fisco-bcos-0x000071ea0f329a00|[RPC][JSONRPC][initMethod],method=getFilterLogs
info|2026-02-06 22:44:20.334452|fisco-bcos-0x000071ea0f329a00|[RPC][JSONRPC][initMethod],method=getFilterChanges
info|2026-02-06 22:44:20.334455|fisco-bcos-0x000071ea0f329a00|[RPC][JSONRPC][initMethod],method=getGroupInfoList
info|2026-02-06 22:44:20.334458|fisco-bcos-0x000071ea0f329a00|[RPC][JSONRPC][initMethod],method=getBlockByNumber
info|2026-02-06 22:44:20.334461|fisco-bcos-0x000071ea0f329a00|[RPC][JSONRPC][initMethod],method=getTotalTransactionCount
info|2026-02-06 22:44:20.334472|fisco-bcos-0x000071ea0f329a00|[RPC][JSONRPC][initMethod],method=getGroupInfo
info|2026-02-06 22:44:20.334475|fisco-bcos-0x000071ea0f329a00|[RPC][JSONRPC][initMethod],method=getGroupNodeInfo
info|2026-02-06 22:44:20.334481|fisco-bcos-0x000071ea0f329a00|[RPC][JSONRPC][initMethod],size=32
info|2026-02-06 22:44:20.334501|fisco-bcos-0x000071ea0f329a00|[RPC]create event sub obj
info|2026-02-06 22:44:20.334518|fisco-bcos-0x000071ea0f329a00|[GROUP]initNodeInfo,group=group0,nodeName=localNode
info|2026-02-06 22:44:20.334675|fisco-bcos-0x000071ea0f329a00|[GROUP]initNodeInfo success,group=group0,nodeName=localNode,number=106
info|2026-02-06 22:44:20.334781|fisco-bcos-0x000071ea0f329a00|[INITIALIZER][METRIC],binaryVersion=3.11.0,buildTime=20240827 04:30:34,buildType=Release,platform=Linux/g++,gitBranch=HEAD,commitHash=3fea676716990b2ed453b4f079915daafff451f9
info|2026-02-06 22:44:20.335576|fisco-bcos-0x000071ea0f329a00|[INITIALIZER]Start the txpool
info|2026-02-06 22:44:20.335731|fisco-bcos-0x000071ea0f329a00|[TXPOOL]Start the txpool.
info|2026-02-06 22:44:20.335745|fisco-bcos-0x000071ea0f329a00|[BLOCK SYNC]enableAsMaster:true
info|2026-02-06 22:44:20.335755|fisco-bcos-0x000071ea0f329a00|[Gateway][Router]insertNode,groupID=group0,minVersion=0,maxVersion=2,nodeID=0d6a7f52cb87ce7fda869e0db309ec9c53723c46f81632c21e4abbf1a9159f14d53f37cc0c4141548da9ec877d6235afd7a501c40d296fc4c5252a8717aa23c2,nodeType=CONSENSUS_NODE
info|2026-02-06 22:44:20.335764|fisco-bcos-0x000071ea0f329a00|[INITIALIZER]registerNode,group=group0,node=0d6a7f52cb87ce7fda869e0db309ec9c53723c46f81632c21e4abbf1a9159f14d53f37cc0c4141548da9ec877d6235afd7a501c40d296fc4c5252a8717aa23c2,type=CONSENSUS_NODE
info|2026-02-06 22:44:20.335770|fisco-bcos-0x000071ea0f329a00|[BLOCK SYNC]start fetch the ledger config for block sync module
info|2026-02-06 22:44:20.335828|fisco-bcos-0x000071ea0f329a00|[TOOL]LedgerConfigFetcher: fetchBlockNumber success,blockNumber=106
info|2026-02-06 22:44:20.335887|fisco-bcos-0x000071ea0f329a00|[TOOL]LedgerConfigFetcher: fetchBlockHash success,blockNumber=106,hash=a4219451...
info|2026-02-06 22:44:20.335920|fisco-bcos-0x000071ea0f329a00|[TOOL]fetchCompatibilityVersion
info|2026-02-06 22:44:20.335989|fisco-bcos-0x000071ea0f329a00|[TOOL]fetchCompatibilityVersion success,version=3.11.0,versionNumber=51052544,minSupportedVersion=3.0.0-rc4,maxSupportedVersion=3.11.0
info|2026-02-06 22:44:20.336405|fisco-bcos-0x000071ea0f329a00|[TOOL]fetchSystemConfig failed, use default value,code=3008,msg=Entry: feature_dmc2serial does not exists!,key=feature_dmc2serial,defaultValue=0
info|2026-02-06 22:44:20.336497|fisco-bcos-0x000071ea0f329a00|[TOOL]fetchSystemConfig failed, use default value,code=3008,msg=Entry: feature_sharding does not exists!,key=feature_sharding,defaultValue=0
info|2026-02-06 22:44:20.336579|fisco-bcos-0x000071ea0f329a00|[TOOL]fetchSystemConfig failed, use default value,code=3008,msg=Entry: feature_rpbft does not exists!,key=feature_rpbft,defaultValue=0
info|2026-02-06 22:44:20.336616|fisco-bcos-0x000071ea0f329a00|[TOOL]fetchSystemConfig failed, use default value,code=3008,msg=Entry: feature_paillier does not exists!,key=feature_paillier,defaultValue=0
info|2026-02-06 22:44:20.336646|fisco-bcos-0x000071ea0f329a00|[TOOL]fetchSystemConfig failed, use default value,code=3008,msg=Entry: feature_balance does not exists!,key=feature_balance,defaultValue=0
info|2026-02-06 22:44:20.336723|fisco-bcos-0x000071ea0f329a00|[TOOL]fetchSystemConfig failed, use default value,code=3008,msg=Entry: feature_balance_precompiled does not exists!,key=feature_balance_precompiled,defaultValue=0
info|2026-02-06 22:44:20.336752|fisco-bcos-0x000071ea0f329a00|[TOOL]fetchSystemConfig failed, use default value,code=3008,msg=Entry: feature_balance_policy1 does not exists!,key=feature_balance_policy1,defaultValue=0
info|2026-02-06 22:44:20.336786|fisco-bcos-0x000071ea0f329a00|[TOOL]fetchSystemConfig failed, use default value,code=3008,msg=Entry: feature_paillier_add_raw does not exists!,key=feature_paillier_add_raw,defaultValue=0
info|2026-02-06 22:44:20.336816|fisco-bcos-0x000071ea0f329a00|[TOOL]fetchSystemConfig failed, use default value,code=3008,msg=Entry: feature_evm_cancun does not exists!,key=feature_evm_cancun,defaultValue=0
info|2026-02-06 22:44:20.336918|fisco-bcos-0x000071ea0f329a00|[TOOL]fetchConsensusNodeList success,size=4
info|2026-02-06 22:44:20.337005|fisco-bcos-0x000071ea0f329a00|[TOOL]fetchObserverNodeList success,size=0
info|2026-02-06 22:44:20.337040|fisco-bcos-0x000071ea0f329a00|[TOOL]fetchCandidateSealerList success,size=0
info|2026-02-06 22:44:20.337106|fisco-bcos-0x000071ea0f329a00|[TOOL]fetchGenesisHash success,genesisHash=25d20f1c...
info|2026-02-06 22:44:20.337116|fisco-bcos-0x000071ea0f329a00|[BLOCK SYNC]fetch the ledger config for block sync module success,number=106,latestHash=a4219451...,genesisHash=25d20f1c7ba5c73a1e512bbabf583992a464d04d9c35a44e10d8c6c8f07c9983
info|2026-02-06 22:44:20.337128|fisco-bcos-0x000071ea0f329a00|[BLOCK SYNC]init block sync success
info|2026-02-06 22:44:20.337143|fisco-bcos-0x000071ea0f329a00|[CONSENSUS][PBFT]enableAsMasterNode: clearAllCache for the node switch into backup node
info|2026-02-06 22:44:20.337151|fisco-bcos-0x000071ea0f329a00|[CONSENSUS][PBFT]enableAsMasterNode: true
info|2026-02-06 22:44:20.337222|fisco-bcos-0x000071ea0f329a00|[INITIALIZER]Election versionInfoNotification success,version=51052544
info|2026-02-06 22:44:20.337241|fisco-bcos-0x000071ea0f329a00|[CONSENSUS][PBFT]enableAsMasterNode: init and start the consensus module
info|2026-02-06 22:44:20.337248|fisco-bcos-0x000071ea0f329a00|[CONSENSUS][PBFT]asyncResetTxPool when startup
info|2026-02-06 22:44:20.337300|fisco-bcos-0x000071ea0f329a00|[TXPOOL]asyncResetTxPool,txsSize=0
info|2026-02-06 22:44:20.337346|fisco-bcos-0x000071ea0f329a00|[CONSENSUS][PBFT]fetchAndUpdateLedgerConfig
info|2026-02-06 22:44:20.337428|fisco-bcos-0x000071ea0f329a00|[TOOL]LedgerConfigFetcher: fetchBlockNumber success,blockNumber=106
info|2026-02-06 22:44:20.337456|fisco-bcos-0x000071ea0f329a00|[TOOL]LedgerConfigFetcher: fetchBlockHash success,blockNumber=106,hash=a4219451...
info|2026-02-06 22:44:20.337500|fisco-bcos-0x000071ea0f329a00|[TOOL]fetchCompatibilityVersion
info|2026-02-06 22:44:20.337561|fisco-bcos-0x000071ea0f329a00|[TOOL]fetchCompatibilityVersion success,version=3.11.0,versionNumber=51052544,minSupportedVersion=3.0.0-rc4,maxSupportedVersion=3.11.0
info|2026-02-06 22:44:20.338033|fisco-bcos-0x000071ea0f329a00|[TOOL]fetchSystemConfig failed, use default value,code=3008,msg=Entry: feature_dmc2serial does not exists!,key=feature_dmc2serial,defaultValue=0
info|2026-02-06 22:44:20.338113|fisco-bcos-0x000071ea0f329a00|[TOOL]fetchSystemConfig failed, use default value,code=3008,msg=Entry: feature_sharding does not exists!,key=feature_sharding,defaultValue=0
info|2026-02-06 22:44:20.338151|fisco-bcos-0x000071ea0f329a00|[TOOL]fetchSystemConfig failed, use default value,code=3008,msg=Entry: feature_rpbft does not exists!,key=feature_rpbft,defaultValue=0
info|2026-02-06 22:44:20.338229|fisco-bcos-0x000071ea0f329a00|[TOOL]fetchSystemConfig failed, use default value,code=3008,msg=Entry: feature_paillier does not exists!,key=feature_paillier,defaultValue=0
info|2026-02-06 22:44:20.338260|fisco-bcos-0x000071ea0f329a00|[TOOL]fetchSystemConfig failed, use default value,code=3008,msg=Entry: feature_balance does not exists!,key=feature_balance,defaultValue=0
info|2026-02-06 22:44:20.338331|fisco-bcos-0x000071ea0f329a00|[TOOL]fetchSystemConfig failed, use default value,code=3008,msg=Entry: feature_balance_precompiled does not exists!,key=feature_balance_precompiled,defaultValue=0
info|2026-02-06 22:44:20.338579|fisco-bcos-0x000071ea0f329a00|[TOOL]fetchSystemConfig failed, use default value,code=3008,msg=Entry: feature_balance_policy1 does not exists!,key=feature_balance_policy1,defaultValue=0
info|2026-02-06 22:44:20.338692|fisco-bcos-0x000071ea0f329a00|[TOOL]fetchSystemConfig failed, use default value,code=3008,msg=Entry: feature_paillier_add_raw does not exists!,key=feature_paillier_add_raw,defaultValue=0
info|2026-02-06 22:44:20.338892|fisco-bcos-0x000071ea0f329a00|[TOOL]fetchSystemConfig failed, use default value,code=3008,msg=Entry: feature_evm_cancun does not exists!,key=feature_evm_cancun,defaultValue=0
info|2026-02-06 22:44:20.339323|fisco-bcos-0x000071ea0f329a00|[TOOL]fetchConsensusNodeList success,size=4
info|2026-02-06 22:44:20.339362|fisco-bcos-0x000071ea0f329a00|[TOOL]fetchObserverNodeList success,size=0
info|2026-02-06 22:44:20.339390|fisco-bcos-0x000071ea0f329a00|[TOOL]fetchCandidateSealerList success,size=0
info|2026-02-06 22:44:20.339433|fisco-bcos-0x000071ea0f329a00|[TOOL]fetchBlockTxCountLimit success,value=1000
info|2026-02-06 22:44:20.339453|fisco-bcos-0x000071ea0f329a00|[TOOL]fetchGenesisHash success,genesisHash=25d20f1c...
info|2026-02-06 22:44:20.339485|fisco-bcos-0x000071ea0f329a00|[TOOL]fetchConsensusLeaderPeriod success,value=1
info|2026-02-06 22:44:20.339564|fisco-bcos-0x000071ea0f329a00|[TOOL]fetchAuthCheckStatus success,value=0
info|2026-02-06 22:44:20.339616|fisco-bcos-0x000071ea0f329a00|[TOOL]fetchSystemConfig failed, use default value,code=3008,msg=Entry: feature_rpbft_epoch_sealer_num does not exists!,key=feature_rpbft_epoch_sealer_num,defaultValue=4
info|2026-02-06 22:44:20.339625|fisco-bcos-0x000071ea0f329a00|[TOOL]fetchEpochSealerNum success,value=4
info|2026-02-06 22:44:20.339649|fisco-bcos-0x000071ea0f329a00|[TOOL]fetchSystemConfig failed, use default value,code=3008,msg=Entry: feature_rpbft_epoch_block_num does not exists!,key=feature_rpbft_epoch_block_num,defaultValue=1000
info|2026-02-06 22:44:20.339653|fisco-bcos-0x000071ea0f329a00|[TOOL]fetchEpochBlockNum success,value=1000
info|2026-02-06 22:44:20.339676|fisco-bcos-0x000071ea0f329a00|[TOOL]fetchSystemConfig failed, use default value,code=3008,msg=Entry: feature_rpbft_notify_rotate does not exists!,key=feature_rpbft_notify_rotate,defaultValue=0
info|2026-02-06 22:44:20.339686|fisco-bcos-0x000071ea0f329a00|[TOOL]fetchNotifyRotateFlagInfo success,value=0
info|2026-02-06 22:44:20.339694|fisco-bcos-0x000071ea0f329a00|[CONSENSUS][PBFT]fetchAndUpdateLedgerConfig success,blockNumber=106,hash=a4219451...,maxTxsPerBlock=1000,consensusNodeList=4
info|2026-02-06 22:44:20.339705|fisco-bcos-0x000071ea0f329a00|[CONSENSUS][PBFT]init PBFT success
info|2026-02-06 22:44:20.339710|fisco-bcos-0x000071ea0f329a00|[CONSENSUS][PBFT]fetch PBFT state
info|2026-02-06 22:44:20.339954|fisco-bcos-0x000071ea0f329a00|[CONSENSUS][PBFT][STORAGE]asyncGetLatestCommittedProposalIndex,latestCommittedProposalIndex=106
info|2026-02-06 22:44:20.340006|fisco-bcos-0x000071ea0f329a00|[CONSENSUS][PBFT][STORAGE]no need to fetch committed proposal,maxCommittedProposal=106,stableCheckPoint=106
info|2026-02-06 22:44:20.340027|fisco-bcos-0x000071ea0f329a00|[CONSENSUS][PBFT]restart the consensus module
info|2026-02-06 22:44:20.340039|fisco-bcos-0x000071ea0f329a00|[INITIALIZER]Election versionInfoNotification success,version=51052544
info|2026-02-06 22:44:20.340110|fisco-bcos-0x000071ea0f329a00|[CONSENSUS][PBFT]notify the committed proposal index to the sync module success,index=106
info|2026-02-06 22:44:20.340274|fisco-bcos-0x000071ea0f329a00|[CONSENSUS][PBFT]broadcastViewChangeReq,reqHash=a4219451...,reqIndex=106,reqV=1,fromIdx=0,wait(ms)=0,packetSize=158
info|2026-02-06 22:44:20.340324|fisco-bcos-0x000071ea0f329a00|[CONSENSUS][PBFT]addViewChangeReq,reqHash=a4219451...,reqIndex=106,reqV=1,fromIdx=0,wait(ms)=0,weight=1,maxCommittedIndex=106,maxPrecommitIndex=0 preparedProposalInfo: ,committedIndex=106,consNum=107,committedHash=a4219451...,view=0,toView=1,changeCycle=0,expectedCheckPoint=107,Idx=0,unsealedTxs=0,sealUntil=0,waitResealUntil=0,consensusTimeout=3000,nodeId=0d6a7f52...
info|2026-02-06 22:44:20.340368|fisco-bcos-0x000071ea0f329a00|[CONSENSUS][SEALER]start the sealer
info|2026-02-06 22:44:20.341404|fisco-bcos-0x000071ea0f329a00|[BLOCK SYNC]Start BlockSync
info|2026-02-06 22:44:20.341550|fisco-bcos-0x000071ea0f329a00|[CONSENSUS][Core]Start the consensusEngine
info|2026-02-06 22:44:20.342516|fisco-bcos-0x000071ea0f329a00|[CONSENSUS][PBFT]notify the committed proposal index to the sync module success,index=106
info|2026-02-06 22:44:20.343060|fisco-bcos-0x000071ea0f329a00|[CONSENSUS][PBFT]broadcastViewChangeReq,reqHash=a4219451...,reqIndex=106,reqV=2,fromIdx=0,wait(ms)=1,packetSize=158
info|2026-02-06 22:44:20.343127|fisco-bcos-0x000071ea0f329a00|[CONSENSUS][PBFT]addViewChangeReq,reqHash=a4219451...,reqIndex=106,reqV=2,fromIdx=0,wait(ms)=1,weight=1,maxCommittedIndex=106,maxPrecommitIndex=0 preparedProposalInfo: ,committedIndex=106,consNum=107,committedHash=a4219451...,view=0,toView=2,changeCycle=0,expectedCheckPoint=107,Idx=0,unsealedTxs=0,sealUntil=0,waitResealUntil=0,consensusTimeout=3000,nodeId=0d6a7f52...
info|2026-02-06 22:44:20.343163|fisco-bcos-0x000071ea0f329a00|[CONSENSUS][PBFT]Start the PBFT module.
info|2026-02-06 22:44:20.343171|fisco-bcos-0x000071ea0f329a00|[FRONTSERVICE]Start the front service
info|2026-02-06 22:44:20.343200|fisco-bcos-0x000071ea0f329a00|[FrontService][start]asyncGetGroupNodeInfo callback,node size=1
info|2026-02-06 22:44:20.343346|fisco-bcos-0x000071ea0f329a00|[FrontService]protocolNegotiate success,nodeID=0d6a7f52cb87ce7fda869e0db309ec9c53723c46f81632c21e4abbf1a9159f14d53f37cc0c4141548da9ec877d6235afd7a501c40d296fc4c5252a8717aa23c2,groupID=group0,minVersion=0,maxVersion=2,supportedMinVersion=0,supportedMaxVersion=2,version=2
info|2026-02-06 22:44:20.343364|fisco-bcos-0x000071ea0f329a00|[FrontService]onReceiveGroupNodeInfo,groupID=group0,nodeIDs.size()=1
info|2026-02-06 22:44:20.343827|fisco-bcos-0x000071ea0f329a00|[FrontService]start,nodeID=0d6a7f52cb87ce7fda869e0db309ec9c53723c46f81632c21e4abbf1a9159f14d53f37cc0c4141548da9ec877d6235afd7a501c40d296fc4c5252a8717aa23c2,groupID=group0
info|2026-02-06 22:44:20.344302|fisco-bcos-0x000071e9e45c96c0|SyncConfig: setConnectedNodeList,size=1
info|2026-02-06 22:44:20.344658|fisco-bcos-0x000071e9e45c96c0|SyncConfig: setConnectedNodeList,size=1
info|2026-02-06 22:44:20.344702|fisco-bcos-0x000071e9e45c96c0|[FRONTSERVICE]notifyGroupNodeInfo,connectedNodeSize=1
info|2026-02-06 22:44:20.345044|fisco-bcos-0x000071ea0f329a00|[FrontService]register module,count=13
info|2026-02-06 22:44:20.344927|fisco-bcos-0x000071e9e4dcb6c0|[TIMESYNC]updateTimeInfo: update median time offset,updatedMedianTimeOffset=0,peer=0d6a7f52...,peerTime=1770389060341,peerOffset=-3,utcTime=1770389060345
info|2026-02-06 22:44:20.345087|fisco-bcos-0x000071ea0f329a00|[FrontService]register module,moduleID=4005
info|2026-02-06 22:44:20.345097|fisco-bcos-0x000071ea0f329a00|[FrontService]register module,moduleID=4006
info|2026-02-06 22:44:20.345170|fisco-bcos-0x000071ea0f329a00|[FrontService]register module,moduleID=4001
info|2026-02-06 22:44:20.345195|fisco-bcos-0x000071ea0f329a00|[FrontService]register module,moduleID=4000
info|2026-02-06 22:44:20.345226|fisco-bcos-0x000071ea0f329a00|[FrontService]register module,moduleID=6000
info|2026-02-06 22:44:20.345234|fisco-bcos-0x000071ea0f329a00|[FrontService]register module,moduleID=5000
info|2026-02-06 22:44:20.345240|fisco-bcos-0x000071ea0f329a00|[FrontService]register module,moduleID=4002
info|2026-02-06 22:44:20.345265|fisco-bcos-0x000071ea0f329a00|[FrontService]register module,moduleID=2000
info|2026-02-06 22:44:20.345278|fisco-bcos-0x000071ea0f329a00|[FrontService]register module,moduleID=4004
info|2026-02-06 22:44:20.345284|fisco-bcos-0x000071ea0f329a00|[FrontService]register module,moduleID=2002
info|2026-02-06 22:44:20.345291|fisco-bcos-0x000071ea0f329a00|[FrontService]register module,moduleID=4003
info|2026-02-06 22:44:20.345297|fisco-bcos-0x000071ea0f329a00|[FrontService]register module,moduleID=2001
info|2026-02-06 22:44:20.345303|fisco-bcos-0x000071ea0f329a00|[FrontService]register module,moduleID=1000
info|2026-02-06 22:44:20.345474|fisco-bcos-0x000071ea0f329a00|[NETWORK][Host]P2P StartAccept,Host=0.0.0.0:30302
info|2026-02-06 22:44:20.350612|fisco-bcos-0x000071ea0f329a00|[NETWORK][Host]Connecting to node,endpoint=127.0.0.1:30300
info|2026-02-06 22:44:20.351483|fisco-bcos-0x000071ea0f329a00|[NETWORK][Host]Connecting to node,endpoint=127.0.0.1:30301
info|2026-02-06 22:44:20.351825|fisco-bcos-0x000071ea0f329a00|[NETWORK][Host]Connecting to node,endpoint=127.0.0.1:30302
info|2026-02-06 22:44:20.351996|fisco-bcos-0x000071ea0f329a00|[NETWORK][Host]Connecting to node,endpoint=127.0.0.1:30303
info|2026-02-06 22:44:20.352197|fisco-bcos-0x000071ea0f329a00|[P2PService][Service][METRIC]heartBeat,connected count=0
info|2026-02-06 22:44:20.352362|fisco-bcos-0x000071ea0f329a00|[Gateway][Gateway]start end.
info|2026-02-06 22:44:20.352823|fisco-bcos-0x000071ea0f329a00|[EVENT][SUB][start]start event sub successfully
info|2026-02-06 22:44:20.352795|ioService-0x000071e9d81fe6c0|[NETWORK][Host]P2P Recv Connect, From=127.0.0.1:35784
info|2026-02-06 22:44:20.352901|fisco-bcos-0x000071ea0f329a00|[startThread]start the timer thread
info|2026-02-06 22:44:20.353109|ioService-0x000071e9d81fe6c0|[NETWORK][Host]P2P StartAccept,Host=0.0.0.0:30302
info|2026-02-06 22:44:20.361552|timerFactory-0x000071e9ca5ff6c0|[startThread]the timer thread start,threadName=timerFactory
info|2026-02-06 22:44:20.361701|fisco-bcos-0x000071ea0f329a00|[DEFAULT][HTTP][SERVER][startListen],listenIP=0.0.0.0,listenPort=20202
info|2026-02-06 22:44:20.361803|ioService-0x000071e9d89ff6c0|[ASIO][ASIO]asyncResolveConnect,endpoint=127.0.0.1:30300
info|2026-02-06 22:44:20.361866|fisco-bcos-0x000071ea0f329a00|[DEFAULT][HTTP][SERVER][startListen],ip=0.0.0.0,port=20202
info|2026-02-06 22:44:20.361920|fisco-bcos-0x000071ea0f329a00|[RPC][WS][SERVICE]connected nodes,count=0
info|2026-02-06 22:44:20.361928|fisco-bcos-0x000071ea0f329a00|[RPC][WS][SERVICE][start]start websocket service successfully,model=16,max msg size=33554432
info|2026-02-06 22:44:20.361953|fisco-bcos-0x000071ea0f329a00|[RPC]start rpc successfully
info|2026-02-06 22:44:20.362061|ioService-0x000071e9d89ff6c0|[ASIO][ASIO]asyncResolveConnect,endpoint=127.0.0.1:30301
info|2026-02-06 22:44:20.362266|ioService-0x000071e9d79fd6c0|[Gateway][Factory][NEW]SSLContext pubHex: 3082010a0282010100a9ba081864ed1c68f5b81b4fa31a3cb4c81583e0e7c5eec4d7249ecd7d2c8f901393580ca25747abc4e01775b9ff41392cf15074a577cc078f4b07f3152faa0dfe540c63b8de93fbc3afe02564592e274c9c1a76bb0cc8c4692d9404f8e0b7b5440bd66d6e70c33a6d35aca5767a88332fd7853571427789bb25413b734abc293a58791b28aece40a8f74238c2f8b0d32bbbb5f020cfd72ad86d4fb6f1904605a5f43f0f58ed4c826346ad1b71ddac3a15040d6cd21f31f9044b82e690f91329d956b39005f4ab421029ebe499a3fe7179586deded25784665d8949c4db5defd0cbbaf2f27221f3d59e7314f4374086dceea8903a6aedc17d8ca5c7ec4b03fef0203010001
info|2026-02-06 22:44:20.362285|ioService-0x000071e9d89ff6c0|[ASIO][ASIO]asyncResolveConnect,endpoint=127.0.0.1:30302
info|2026-02-06 22:44:20.362327|ioService-0x000071e9d79fd6c0|[NETWORK][Host]Get ca basic failed
info|2026-02-06 22:44:20.362416|ioService-0x000071e9d89ff6c0|[ASIO][ASIO]asyncResolveConnect,endpoint=127.0.0.1:30303
info|2026-02-06 22:44:20.362437|ioService-0x000071e9d79fd6c0|[Gateway][Factory][NEW]SSLContext pubHex: 3082010a0282010100d938a7d0e5078fdc3bfe83bfe8c789160de4c9e207ff836ef8d64a0c846f5f628646fe9170bec49eec44aebb3f17334e76b1003dae65d6858a626d60a3ff3dbbff8cf15ca934ca0f7a09b9ae6c17c911bb2f6083cab81540e00a8d9b9393a3341b90dd134f4a2ec21f1d8c55c2df687896873a36661a862226614582077d41811bcb3e6632cbf1767f6189b76054e8186606ee5a2c73bffe1bd6c8fc415f481324f015045231d662173b6f7e814068dffd598ce9a6f4630744bb0aa80f9f74403f4c3da3ca856b40d043885cc1e7beac524853fafb01fb61c3023ab04047e29d50a5d4cd612fc9ae90e7832fde7d1dea0804dc16fff17500517be0bf5d28f4ab0203010001
info|2026-02-06 22:44:20.362458|ioService-0x000071e9d79fd6c0|[Gateway][Factory][NEW]SSLContext pubHex: D938A7D0E5078FDC3BFE83BFE8C789160DE4C9E207FF836EF8D64A0C846F5F628646FE9170BEC49EEC44AEBB3F17334E76B1003DAE65D6858A626D60A3FF3DBBFF8CF15CA934CA0F7A09B9AE6C17C911BB2F6083CAB81540E00A8D9B9393A3341B90DD134F4A2EC21F1D8C55C2DF687896873A36661A862226614582077D41811BCB3E6632CBF1767F6189B76054E8186606EE5A2C73BFFE1BD6C8FC415F481324F015045231D662173B6F7E814068DFFD598CE9A6F4630744BB0AA80F9F74403F4C3DA3CA856B40D043885CC1E7BEAC524853FAFB01FB61C3023AB04047E29D50A5D4CD612FC9AE90E7832FDE7D1DEA0804DC16FFF17500517BE0BF5D28F4AB
info|2026-02-06 22:44:20.362476|ioService-0x000071e9d81fe6c0|[NETWORK][Host]P2P Recv Connect, From=127.0.0.1:35786
info|2026-02-06 22:44:20.362663|ioService-0x000071e9d81fe6c0|[NETWORK][Host]P2P StartAccept,Host=0.0.0.0:30302
info|2026-02-06 22:44:20.363113|ioService-0x000071e9d79fd6c0|[NETWORK][Host]obtainP2pInfo ,node_info=3082010a0282010100d938a7d0e5078fdc3bfe83bfe8c789160de4c9e207ff836ef8d64a0c846f5f628646fe9170bec49eec44aebb3f17334e76b1003dae65d6858a626d60a3ff3dbbff8cf15ca934ca0f7a09b9ae6c17c911bb2f6083cab81540e00a8d9b9393a3341b90dd134f4a2ec21f1d8c55c2df687896873a36661a862226614582077d41811bcb3e6632cbf1767f6189b76054e8186606ee5a2c73bffe1bd6c8fc415f481324f015045231d662173b6f7e814068dffd598ce9a6f4630744bb0aa80f9f74403f4c3da3ca856b40d043885cc1e7beac524853fafb01fb61c3023ab04047e29d50a5d4cd612fc9ae90e7832fde7d1dea0804dc16fff17500517be0bf5d28f4ab0203010001#D938A7D0E5078FDC3BFE83BFE8C789160DE4C9E207FF836EF8D64A0C846F5F628646FE9170BEC49EEC44AEBB3F17334E76B1003DAE65D6858A626D60A3FF3DBBFF8CF15CA934CA0F7A09B9AE6C17C911BB2F6083CAB81540E00A8D9B9393A3341B90DD134F4A2EC21F1D8C55C2DF687896873A36661A862226614582077D41811BCB3E6632CBF1767F6189B76054E8186606EE5A2C73BFFE1BD6C8FC415F481324F015045231D662173B6F7E814068DFFD598CE9A6F4630744BB0AA80F9F74403F4C3DA3CA856B40D043885CC1E7BEAC524853FAFB01FB61C3023AB04047E29D50A5D4CD612FC9AE90E7832FDE7D1DEA0804DC16FFF17500517BE0BF5D28F4AB#/CN=FISCO-BCOS-e9f43089/O=FISCO-BCOS-e9f43089/OU=chain#/CN=FISCO-BCOS-e9f43089/O=fisco-bcos/OU=agency,p2pid=3082010a0282010100d938a7d0e5078fdc3bfe83bfe8c789160de4c9e207ff836ef8d64a0c846f5f628646fe9170bec49eec44aebb3f17334e76b1003dae65d6858a626d60a3ff3dbbff8cf15ca934ca0f7a09b9ae6c17c911bb2f6083cab81540e00a8d9b9393a3341b90dd134f4a2ec21f1d8c55c2df687896873a36661a862226614582077d41811bcb3e6632cbf1767f6189b76054e8186606ee5a2c73bffe1bd6c8fc415f481324f015045231d662173b6f7e814068dffd598ce9a6f4630744bb0aa80f9f74403f4c3da3ca856b40d043885cc1e7beac524853fafb01fb61c3023ab04047e29d50a5d4cd612fc9ae90e7832fde7d1dea0804dc16fff17500517be0bf5d28f4ab0203010001
info|2026-02-06 22:44:20.363142|ioService-0x000071e9d79fd6c0|[NETWORK][Host]handshakeServer succ,remote endpoint=127.0.0.1:35784,nodeid=3082010a0282010100d938a7d0e5078fdc3bfe83bfe8c789160de4c9e207ff836ef8d64a0c846f5f628646fe9170bec49eec44aebb3f17334e76b1003dae65d6858a626d60a3ff3dbbff8cf15ca934ca0f7a09b9ae6c17c911bb2f6083cab81540e00a8d9b9393a3341b90dd134f4a2ec21f1d8c55c2df687896873a36661a862226614582077d41811bcb3e6632cbf1767f6189b76054e8186606ee5a2c73bffe1bd6c8fc415f481324f015045231d662173b6f7e814068dffd598ce9a6f4630744bb0aa80f9f74403f4c3da3ca856b40d043885cc1e7beac524853fafb01fb61c3023ab04047e29d50a5d4cd612fc9ae90e7832fde7d1dea0804dc16fff17500517be0bf5d28f4ab0203010001
info|2026-02-06 22:44:20.364222|ioService-0x000071e9d79fd6c0|[SESSION][Session][Session::Session] this=0x71e9d4e64010,recvBufferSize=67108864
info|2026-02-06 22:44:20.364577|ioService-0x000071e9d79fd6c0|[SessionFactory]create new session,sessionRecvBufferSize=67108864,allowMaxMsgSize=33554432,maxReadDataSize=40960,maxSendDataSize=1048576,maxSendMsgCountS=10,enableCompress=true
info|2026-02-06 22:44:20.364858|ioService-0x000071e9d79fd6c0|[NETWORK][Host]startPeerSession, Remote=127.0.0.1:35784,local endpoint=127.0.0.1:30302,p2pid=3082010a0282010100d938a7d0e5078fdc3bfe83bfe8c789160de4c9e207ff836ef8d64a0c846f5f628646fe9170bec49eec44aebb3f17334e76b1003dae65d6858a626d60a3ff3dbbff8cf15ca934ca0f7a09b9ae6c17c911bb2f6083cab81540e00a8d9b9393a3341b90dd134f4a2ec21f1d8c55c2df687896873a36661a862226614582077d41811bcb3e6632cbf1767f6189b76054e8186606ee5a2c73bffe1bd6c8fc415f481324f015045231d662173b6f7e814068dffd598ce9a6f4630744bb0aa80f9f74403f4c3da3ca856b40d043885cc1e7beac524853fafb01fb61c3023ab04047e29d50a5d4cd612fc9ae90e7832fde7d1dea0804dc16fff17500517be0bf5d28f4ab0203010001
info|2026-02-06 22:44:20.365090|fisco-bcos-0x000071e9db5fb6c0|[P2PService][Service]onConnect,p2pid=3082010a0282010100d938a7d0e5078fdc3bfe83bfe8c789160de4c9e207ff836ef8d64a0c846f5f628646fe9170bec49eec44aebb3f17334e76b1003dae65d6858a626d60a3ff3dbbff8cf15ca934ca0f7a09b9ae6c17c911bb2f6083cab81540e00a8d9b9393a3341b90dd134f4a2ec21f1d8c55c2df687896873a36661a862226614582077d41811bcb3e6632cbf1767f6189b76054e8186606ee5a2c73bffe1bd6c8fc415f481324f015045231d662173b6f7e814068dffd598ce9a6f4630744bb0aa80f9f74403f4c3da3ca856b40d043885cc1e7beac524853fafb01fb61c3023ab04047e29d50a5d4cd612fc9ae90e7832fde7d1dea0804dc16fff17500517be0bf5d28f4ab0203010001,endpoint=127.0.0.1
info|2026-02-06 22:44:20.365160|fisco-bcos-0x000071e9db5fb6c0|[P2PService][P2PSession][P2PSession::P2PSession] this=0x71e9c86131d0
info|2026-02-06 22:44:20.365200|fisco-bcos-0x000071e9db5fb6c0|[SESSION][Session][start] start session ,this=0x71e9d4e64010
info|2026-02-06 22:44:20.365306|fisco-bcos-0x000071e9db5fb6c0|[P2PService][Service]asyncSendProtocol,payload=5,seq=5
info|2026-02-06 22:44:20.365330|fisco-bcos-0x000071e9db5fb6c0|[P2PService][Router][updateDstNodeEntry]insert new entry into the routerTable,distance=1,dst=3082010a0282010100d938a7d0e5078fdc3bfe83bfe8c789160de4c9e207ff836ef8d64a0c846f5f628646fe9170bec49eec44aebb3f17334e76b1003dae65d6858a626d60a3ff3dbbff8cf15ca934ca0f7a09b9ae6c17c911bb2f6083cab81540e00a8d9b9393a3341b90dd134f4a2ec21f1d8c55c2df687896873a36661a862226614582077d41811bcb3e6632cbf1767f6189b76054e8186606ee5a2c73bffe1bd6c8fc415f481324f015045231d662173b6f7e814068dffd598ce9a6f4630744bb0aa80f9f74403f4c3da3ca856b40d043885cc1e7beac524853fafb01fb61c3023ab04047e29d50a5d4cd612fc9ae90e7832fde7d1dea0804dc16fff17500517be0bf5d28f4ab0203010001,nextHop=,size=1
info|2026-02-06 22:44:20.365433|fisco-bcos-0x000071e9db5fb6c0|[P2PService][Service2][onNewSession]update routerTable,dst=3082010a0282010100d938a7d0e5078fdc3bfe83bfe8c789160de4c9e207ff836ef8d64a0c846f5f628646fe9170bec49eec44aebb3f17334e76b1003dae65d6858a626d60a3ff3dbbff8cf15ca934ca0f7a09b9ae6c17c911bb2f6083cab81540e00a8d9b9393a3341b90dd134f4a2ec21f1d8c55c2df687896873a36661a862226614582077d41811bcb3e6632cbf1767f6189b76054e8186606ee5a2c73bffe1bd6c8fc415f481324f015045231d662173b6f7e814068dffd598ce9a6f4630744bb0aa80f9f74403f4c3da3ca856b40d043885cc1e7beac524853fafb01fb61c3023ab04047e29d50a5d4cd612fc9ae90e7832fde7d1dea0804dc16fff17500517be0bf5d28f4ab0203010001
info|2026-02-06 22:44:20.365450|fisco-bcos-0x000071e9db5fb6c0|[P2PService][Service]Connection established,p2pid=3082010a0282010100d938a7d0e5078fdc3bfe83bfe8c789160de4c9e207ff836ef8d64a0c846f5f628646fe9170bec49eec44aebb3f17334e76b1003dae65d6858a626d60a3ff3dbbff8cf15ca934ca0f7a09b9ae6c17c911bb2f6083cab81540e00a8d9b9393a3341b90dd134f4a2ec21f1d8c55c2df687896873a36661a862226614582077d41811bcb3e6632cbf1767f6189b76054e8186606ee5a2c73bffe1bd6c8fc415f481324f015045231d662173b6f7e814068dffd598ce9a6f4630744bb0aa80f9f74403f4c3da3ca856b40d043885cc1e7beac524853fafb01fb61c3023ab04047e29d50a5d4cd612fc9ae90e7832fde7d1dea0804dc16fff17500517be0bf5d28f4ab0203010001,endpoint=127.0.0.1:35784
info|2026-02-06 22:44:20.367357|ioService-0x000071e9d81fe6c0|[NETWORK][Host]P2P Recv Connect, From=127.0.0.1:35790
info|2026-02-06 22:44:20.367489|ioService-0x000071e9d81fe6c0|[NETWORK][Host]P2P StartAccept,Host=0.0.0.0:30302
info|2026-02-06 22:44:20.368041|ioService-0x000071e9d5bfe6c0|[Gateway][Factory][NEW]SSLContext pubHex: 3082010a0282010100a9ba081864ed1c68f5b81b4fa31a3cb4c81583e0e7c5eec4d7249ecd7d2c8f901393580ca25747abc4e01775b9ff41392cf15074a577cc078f4b07f3152faa0dfe540c63b8de93fbc3afe02564592e274c9c1a76bb0cc8c4692d9404f8e0b7b5440bd66d6e70c33a6d35aca5767a88332fd7853571427789bb25413b734abc293a58791b28aece40a8f74238c2f8b0d32bbbb5f020cfd72ad86d4fb6f1904605a5f43f0f58ed4c826346ad1b71ddac3a15040d6cd21f31f9044b82e690f91329d956b39005f4ab421029ebe499a3fe7179586deded25784665d8949c4db5defd0cbbaf2f27221f3d59e7314f4374086dceea8903a6aedc17d8ca5c7ec4b03fef0203010001
info|2026-02-06 22:44:20.368075|ioService-0x000071e9d5bfe6c0|[NETWORK][Host]Get ca basic failed
info|2026-02-06 22:44:20.368186|ioService-0x000071e9d5bfe6c0|[Gateway][Factory][NEW]SSLContext pubHex: 3082010a02820101009d9833c7e1dbf7d476b1fd7227e247b488323cbd272862d096a4010035236b7d36e2aede87e4f36adfd2e2e44f2945e9a4170901f5865f04cb779a1c1e1fc2f3e56fc6ea80a2665d5da60fce851ccd94bb60aced8e256a551ebb6edcf78febb8eb8bbb3c4fab73bacd5675925d72c787a8d8e179c70b24c484ae98ea7cc956a196c0c8266073d549963e44bfee479261b4c7a5497320d8a89de71743baf1516450118e57b4b07227de0429adf0d02305ad79d40958f48b3c7d6802814fc5c25be7c54c85463c993254d08401e1c7c1cc5586b265a1616617cc2ba7f29e928ff792e4ff33ada9b1bb7ee5a43130da18ba109a9e2186dfa6c2dc1d823e9066e1590203010001
info|2026-02-06 22:44:20.368200|ioService-0x000071e9d5bfe6c0|[Gateway][Factory][NEW]SSLContext pubHex: 9D9833C7E1DBF7D476B1FD7227E247B488323CBD272862D096A4010035236B7D36E2AEDE87E4F36ADFD2E2E44F2945E9A4170901F5865F04CB779A1C1E1FC2F3E56FC6EA80A2665D5DA60FCE851CCD94BB60ACED8E256A551EBB6EDCF78FEBB8EB8BBB3C4FAB73BACD5675925D72C787A8D8E179C70B24C484AE98EA7CC956A196C0C8266073D549963E44BFEE479261B4C7A5497320D8A89DE71743BAF1516450118E57B4B07227DE0429ADF0D02305AD79D40958F48B3C7D6802814FC5C25BE7C54C85463C993254D08401E1C7C1CC5586B265A1616617CC2BA7F29E928FF792E4FF33ADA9B1BB7EE5A43130DA18BA109A9E2186DFA6C2DC1D823E9066E159
info|2026-02-06 22:44:20.368411|fisco-bcos-0x000071e9db1fa6c0|[P2PService][Service2][onReceiveRouterSeq]receive router seq and request router table,peer=3082010a0282010100d938a7d0e5078fdc3bfe83bfe8c789160de4c9e207ff836ef8d64a0c846f5f628646fe9170bec49eec44aebb3f17334e76b1003dae65d6858a626d60a3ff3dbbff8cf15ca934ca0f7a09b9ae6c17c911bb2f6083cab81540e00a8d9b9393a3341b90dd134f4a2ec21f1d8c55c2df687896873a36661a862226614582077d41811bcb3e6632cbf1767f6189b76054e8186606ee5a2c73bffe1bd6c8fc415f481324f015045231d662173b6f7e814068dffd598ce9a6f4630744bb0aa80f9f74403f4c3da3ca856b40d043885cc1e7beac524853fafb01fb61c3023ab04047e29d50a5d4cd612fc9ae90e7832fde7d1dea0804dc16fff17500517be0bf5d28f4ab0203010001,seq=2
info|2026-02-06 22:44:20.368542|fisco-bcos-0x000071e9b59ff6c0|[P2PService][Service]onReceiveProtocol: protocolNegotiate success,peer=3082010a0282010100d938a7d0e5078fdc3bfe83bfe8c789160de4c9e207ff836ef8d64a0c846f5f628646fe9170bec49eec44aebb3f17334e76b1003dae65d6858a626d60a3ff3dbbff8cf15ca934ca0f7a09b9ae6c17c911bb2f6083cab81540e00a8d9b9393a3341b90dd134f4a2ec21f1d8c55c2df687896873a36661a862226614582077d41811bcb3e6632cbf1767f6189b76054e8186606ee5a2c73bffe1bd6c8fc415f481324f015045231d662173b6f7e814068dffd598ce9a6f4630744bb0aa80f9f74403f4c3da3ca856b40d043885cc1e7beac524853fafb01fb61c3023ab04047e29d50a5d4cd612fc9ae90e7832fde7d1dea0804dc16fff17500517be0bf5d28f4ab0203010001,minVersion=0,maxVersion=2,supportMinVersion=0,supportMaxVersion=2,negotiatedVersion=2
info|2026-02-06 22:44:20.369715|fisco-bcos-0x000071e9dbbfc6c0|[P2PService][Service2][onReceiveRouterTableRequest],peer=3082010a0282010100d938a7d0e5078fdc3bfe83bfe8c789160de4c9e207ff836ef8d64a0c846f5f628646fe9170bec49eec44aebb3f17334e76b1003dae65d6858a626d60a3ff3dbbff8cf15ca934ca0f7a09b9ae6c17c911bb2f6083cab81540e00a8d9b9393a3341b90dd134f4a2ec21f1d8c55c2df687896873a36661a862226614582077d41811bcb3e6632cbf1767f6189b76054e8186606ee5a2c73bffe1bd6c8fc415f481324f015045231d662173b6f7e814068dffd598ce9a6f4630744bb0aa80f9f74403f4c3da3ca856b40d043885cc1e7beac524853fafb01fb61c3023ab04047e29d50a5d4cd612fc9ae90e7832fde7d1dea0804dc16fff17500517be0bf5d28f4ab0203010001,entrySize=1
info|2026-02-06 22:44:20.369893|ioService-0x000071e9d71fc6c0|[Gateway][Factory][NEW]SSLContext pubHex: 3082010a0282010100a9ba081864ed1c68f5b81b4fa31a3cb4c81583e0e7c5eec4d7249ecd7d2c8f901393580ca25747abc4e01775b9ff41392cf15074a577cc078f4b07f3152faa0dfe540c63b8de93fbc3afe02564592e274c9c1a76bb0cc8c4692d9404f8e0b7b5440bd66d6e70c33a6d35aca5767a88332fd7853571427789bb25413b734abc293a58791b28aece40a8f74238c2f8b0d32bbbb5f020cfd72ad86d4fb6f1904605a5f43f0f58ed4c826346ad1b71ddac3a15040d6cd21f31f9044b82e690f91329d956b39005f4ab421029ebe499a3fe7179586deded25784665d8949c4db5defd0cbbaf2f27221f3d59e7314f4374086dceea8903a6aedc17d8ca5c7ec4b03fef0203010001
info|2026-02-06 22:44:20.369932|ioService-0x000071e9d71fc6c0|[NETWORK][Host]Get ca basic failed
info|2026-02-06 22:44:20.370003|ioService-0x000071e9d71fc6c0|[Gateway][Factory][NEW]SSLContext pubHex: 3082010a0282010100a492268b412bea3e8f972dff0dc52c521cd06884f53d90f3889c7014f7cb635c38a07b81af9630f2b04238a726b029af6b4b924e132710d2894b7175f12a5e323a7119afd27786b01965d49b9c885ff3768f40b9d57817bc1305124f40ced3b1ac99666773a3a64cce079e95acbc31d42f416aad362594008547aae561213b022db32ed9d1bd67df5c020bc44dcc073982b4566fd04048555b1ea84279063d5b1047e9f42776ef03677d2dd1454433fdb3feced3f41b92efdfeda545d56c1c9ba349584c9095f3ad9e31c2db11cbe3007ee7817f5846f87eb01c296d81b36dbbc765b4c7af74aface1276dd4fd91963729e495694b6af5c0d6111c49115a2c3f0203010001
info|2026-02-06 22:44:20.370067|ioService-0x000071e9d71fc6c0|[Gateway][Factory][NEW]SSLContext pubHex: A492268B412BEA3E8F972DFF0DC52C521CD06884F53D90F3889C7014F7CB635C38A07B81AF9630F2B04238A726B029AF6B4B924E132710D2894B7175F12A5E323A7119AFD27786B01965D49B9C885FF3768F40B9D57817BC1305124F40CED3B1AC99666773A3A64CCE079E95ACBC31D42F416AAD362594008547AAE561213B022DB32ED9D1BD67DF5C020BC44DCC073982B4566FD04048555B1EA84279063D5B1047E9F42776EF03677D2DD1454433FDB3FECED3F41B92EFDFEDA545D56C1C9BA349584C9095F3AD9E31C2DB11CBE3007EE7817F5846F87EB01C296D81B36DBBC765B4C7AF74AFACE1276DD4FD91963729E495694B6AF5C0D6111C49115A2C3F
info|2026-02-06 22:44:20.370341|fisco-bcos-0x000071e9e1ffe6c0|[P2PService][Service2][onReceivePeersRouterTable],peer=3082010a0282010100d938a7d0e5078fdc3bfe83bfe8c789160de4c9e207ff836ef8d64a0c846f5f628646fe9170bec49eec44aebb3f17334e76b1003dae65d6858a626d60a3ff3dbbff8cf15ca934ca0f7a09b9ae6c17c911bb2f6083cab81540e00a8d9b9393a3341b90dd134f4a2ec21f1d8c55c2df687896873a36661a862226614582077d41811bcb3e6632cbf1767f6189b76054e8186606ee5a2c73bffe1bd6c8fc415f481324f015045231d662173b6f7e814068dffd598ce9a6f4630744bb0aa80f9f74403f4c3da3ca856b40d043885cc1e7beac524853fafb01fb61c3023ab04047e29d50a5d4cd612fc9ae90e7832fde7d1dea0804dc16fff17500517be0bf5d28f4ab0203010001,entrySize=1
info|2026-02-06 22:44:20.370443|fisco-bcos-0x000071e9e1ffe6c0|[P2PService][Service2][joinRouterTable]create router entry,dst=3082010a0282010100d938a7d0e5078fdc3bfe83bfe8c789160de4c9e207ff836ef8d64a0c846f5f628646fe9170bec49eec44aebb3f17334e76b1003dae65d6858a626d60a3ff3dbbff8cf15ca934ca0f7a09b9ae6c17c911bb2f6083cab81540e00a8d9b9393a3341b90dd134f4a2ec21f1d8c55c2df687896873a36661a862226614582077d41811bcb3e6632cbf1767f6189b76054e8186606ee5a2c73bffe1bd6c8fc415f481324f015045231d662173b6f7e814068dffd598ce9a6f4630744bb0aa80f9f74403f4c3da3ca856b40d043885cc1e7beac524853fafb01fb61c3023ab04047e29d50a5d4cd612fc9ae90e7832fde7d1dea0804dc16fff17500517be0bf5d28f4ab0203010001
info|2026-02-06 22:44:20.370413|ioService-0x000071e9d4dff6c0|[Gateway][Factory][NEW]SSLContext pubHex: 3082010a0282010100a9ba081864ed1c68f5b81b4fa31a3cb4c81583e0e7c5eec4d7249ecd7d2c8f901393580ca25747abc4e01775b9ff41392cf15074a577cc078f4b07f3152faa0dfe540c63b8de93fbc3afe02564592e274c9c1a76bb0cc8c4692d9404f8e0b7b5440bd66d6e70c33a6d35aca5767a88332fd7853571427789bb25413b734abc293a58791b28aece40a8f74238c2f8b0d32bbbb5f020cfd72ad86d4fb6f1904605a5f43f0f58ed4c826346ad1b71ddac3a15040d6cd21f31f9044b82e690f91329d956b39005f4ab421029ebe499a3fe7179586deded25784665d8949c4db5defd0cbbaf2f27221f3d59e7314f4374086dceea8903a6aedc17d8ca5c7ec4b03fef0203010001
info|2026-02-06 22:44:20.370459|ioService-0x000071e9d4dff6c0|[NETWORK][Host]Get ca basic failed
info|2026-02-06 22:44:20.370618|ioService-0x000071e9d4dff6c0|[Gateway][Factory][NEW]SSLContext pubHex: 3082010a0282010100b85dd5fdfbc4aa99dcef8477a2e1c08c304a63432923826f81b3d0d7d13e79a6ec265462b2f59e76106f8bad7efb849227798aaf7c20a2197e9a95a8ffbbc07f5ccb44d04e995013b9afd04bb77fb7dbfa0f13bd2d404980eae43fc147332e1542ee2d2e973596187bb8ad4dc63b0165052688b1f7fc4a2a8ccb020a55db8ee7b9a45bb901b1c03d94727648a8ec10bfbc854175981345d56f4c783b0211d91f0775e508d8b379b56935777d255f59b63fadc24b43862671f5cbe0d00fcfff7138124c8293f91740a0e0732346eeee748a42f65ddb81da461fce3e76ea6ff452913b80eb5b1dba016f7d4d94f66337cc6bea7a066b8277637aef12c2eba11da10203010001
info|2026-02-06 22:44:20.370648|ioService-0x000071e9d4dff6c0|[Gateway][Factory][NEW]SSLContext pubHex: B85DD5FDFBC4AA99DCEF8477A2E1C08C304A63432923826F81B3D0D7D13E79A6EC265462B2F59E76106F8BAD7EFB849227798AAF7C20A2197E9A95A8FFBBC07F5CCB44D04E995013B9AFD04BB77FB7DBFA0F13BD2D404980EAE43FC147332E1542EE2D2E973596187BB8AD4DC63B0165052688B1F7FC4A2A8CCB020A55DB8EE7B9A45BB901B1C03D94727648A8EC10BFBC854175981345D56F4C783B0211D91F0775E508D8B379B56935777D255F59B63FADC24B43862671F5CBE0D00FCFFF7138124C8293F91740A0E0732346EEEE748A42F65DDB81DA461FCE3E76EA6FF452913B80EB5B1DBA016F7D4D94F66337CC6BEA7A066B8277637AEF12C2EBA11DA1
info|2026-02-06 22:44:20.371666|ioService-0x000071e9d63ff6c0|[Gateway][Factory][NEW]SSLContext pubHex: 3082010a0282010100a9ba081864ed1c68f5b81b4fa31a3cb4c81583e0e7c5eec4d7249ecd7d2c8f901393580ca25747abc4e01775b9ff41392cf15074a577cc078f4b07f3152faa0dfe540c63b8de93fbc3afe02564592e274c9c1a76bb0cc8c4692d9404f8e0b7b5440bd66d6e70c33a6d35aca5767a88332fd7853571427789bb25413b734abc293a58791b28aece40a8f74238c2f8b0d32bbbb5f020cfd72ad86d4fb6f1904605a5f43f0f58ed4c826346ad1b71ddac3a15040d6cd21f31f9044b82e690f91329d956b39005f4ab421029ebe499a3fe7179586deded25784665d8949c4db5defd0cbbaf2f27221f3d59e7314f4374086dceea8903a6aedc17d8ca5c7ec4b03fef0203010001
info|2026-02-06 22:44:20.371702|ioService-0x000071e9d63ff6c0|[NETWORK][Host]Get ca basic failed
info|2026-02-06 22:44:20.371900|ioService-0x000071e9d45fe6c0|[Gateway][Factory][NEW]SSLContext pubHex: 3082010a0282010100a9ba081864ed1c68f5b81b4fa31a3cb4c81583e0e7c5eec4d7249ecd7d2c8f901393580ca25747abc4e01775b9ff41392cf15074a577cc078f4b07f3152faa0dfe540c63b8de93fbc3afe02564592e274c9c1a76bb0cc8c4692d9404f8e0b7b5440bd66d6e70c33a6d35aca5767a88332fd7853571427789bb25413b734abc293a58791b28aece40a8f74238c2f8b0d32bbbb5f020cfd72ad86d4fb6f1904605a5f43f0f58ed4c826346ad1b71ddac3a15040d6cd21f31f9044b82e690f91329d956b39005f4ab421029ebe499a3fe7179586deded25784665d8949c4db5defd0cbbaf2f27221f3d59e7314f4374086dceea8903a6aedc17d8ca5c7ec4b03fef0203010001
info|2026-02-06 22:44:20.371933|ioService-0x000071e9d63ff6c0|[Gateway][Factory][NEW]SSLContext pubHex: 3082010a0282010100d938a7d0e5078fdc3bfe83bfe8c789160de4c9e207ff836ef8d64a0c846f5f628646fe9170bec49eec44aebb3f17334e76b1003dae65d6858a626d60a3ff3dbbff8cf15ca934ca0f7a09b9ae6c17c911bb2f6083cab81540e00a8d9b9393a3341b90dd134f4a2ec21f1d8c55c2df687896873a36661a862226614582077d41811bcb3e6632cbf1767f6189b76054e8186606ee5a2c73bffe1bd6c8fc415f481324f015045231d662173b6f7e814068dffd598ce9a6f4630744bb0aa80f9f74403f4c3da3ca856b40d043885cc1e7beac524853fafb01fb61c3023ab04047e29d50a5d4cd612fc9ae90e7832fde7d1dea0804dc16fff17500517be0bf5d28f4ab0203010001
info|2026-02-06 22:44:20.371958|ioService-0x000071e9d63ff6c0|[Gateway][Factory][NEW]SSLContext pubHex: D938A7D0E5078FDC3BFE83BFE8C789160DE4C9E207FF836EF8D64A0C846F5F628646FE9170BEC49EEC44AEBB3F17334E76B1003DAE65D6858A626D60A3FF3DBBFF8CF15CA934CA0F7A09B9AE6C17C911BB2F6083CAB81540E00A8D9B9393A3341B90DD134F4A2EC21F1D8C55C2DF687896873A36661A862226614582077D41811BCB3E6632CBF1767F6189B76054E8186606EE5A2C73BFFE1BD6C8FC415F481324F015045231D662173B6F7E814068DFFD598CE9A6F4630744BB0AA80F9F74403F4C3DA3CA856B40D043885CC1E7BEAC524853FAFB01FB61C3023AB04047E29D50A5D4CD612FC9AE90E7832FDE7D1DEA0804DC16FFF17500517BE0BF5D28F4AB
info|2026-02-06 22:44:20.371964|ioService-0x000071e9d45fe6c0|[NETWORK][Host]Get ca basic failed
info|2026-02-06 22:44:20.372095|ioService-0x000071e9d45fe6c0|[Gateway][Factory][NEW]SSLContext pubHex: 3082010a02820101009d9833c7e1dbf7d476b1fd7227e247b488323cbd272862d096a4010035236b7d36e2aede87e4f36adfd2e2e44f2945e9a4170901f5865f04cb779a1c1e1fc2f3e56fc6ea80a2665d5da60fce851ccd94bb60aced8e256a551ebb6edcf78febb8eb8bbb3c4fab73bacd5675925d72c787a8d8e179c70b24c484ae98ea7cc956a196c0c8266073d549963e44bfee479261b4c7a5497320d8a89de71743baf1516450118e57b4b07227de0429adf0d02305ad79d40958f48b3c7d6802814fc5c25be7c54c85463c993254d08401e1c7c1cc5586b265a1616617cc2ba7f29e928ff792e4ff33ada9b1bb7ee5a43130da18ba109a9e2186dfa6c2dc1d823e9066e1590203010001
info|2026-02-06 22:44:20.372108|ioService-0x000071e9d45fe6c0|[Gateway][Factory][NEW]SSLContext pubHex: 9D9833C7E1DBF7D476B1FD7227E247B488323CBD272862D096A4010035236B7D36E2AEDE87E4F36ADFD2E2E44F2945E9A4170901F5865F04CB779A1C1E1FC2F3E56FC6EA80A2665D5DA60FCE851CCD94BB60ACED8E256A551EBB6EDCF78FEBB8EB8BBB3C4FAB73BACD5675925D72C787A8D8E179C70B24C484AE98EA7CC956A196C0C8266073D549963E44BFEE479261B4C7A5497320D8A89DE71743BAF1516450118E57B4B07227DE0429ADF0D02305AD79D40958F48B3C7D6802814FC5C25BE7C54C85463C993254D08401E1C7C1CC5586B265A1616617CC2BA7F29E928FF792E4FF33ADA9B1BB7EE5A43130DA18BA109A9E2186DFA6C2DC1D823E9066E159
info|2026-02-06 22:44:20.372989|ioService-0x000071e9d45fe6c0|[NETWORK][Host]obtainP2pInfo ,node_info=3082010a02820101009d9833c7e1dbf7d476b1fd7227e247b488323cbd272862d096a4010035236b7d36e2aede87e4f36adfd2e2e44f2945e9a4170901f5865f04cb779a1c1e1fc2f3e56fc6ea80a2665d5da60fce851ccd94bb60aced8e256a551ebb6edcf78febb8eb8bbb3c4fab73bacd5675925d72c787a8d8e179c70b24c484ae98ea7cc956a196c0c8266073d549963e44bfee479261b4c7a5497320d8a89de71743baf1516450118e57b4b07227de0429adf0d02305ad79d40958f48b3c7d6802814fc5c25be7c54c85463c993254d08401e1c7c1cc5586b265a1616617cc2ba7f29e928ff792e4ff33ada9b1bb7ee5a43130da18ba109a9e2186dfa6c2dc1d823e9066e1590203010001#9D9833C7E1DBF7D476B1FD7227E247B488323CBD272862D096A4010035236B7D36E2AEDE87E4F36ADFD2E2E44F2945E9A4170901F5865F04CB779A1C1E1FC2F3E56FC6EA80A2665D5DA60FCE851CCD94BB60ACED8E256A551EBB6EDCF78FEBB8EB8BBB3C4FAB73BACD5675925D72C787A8D8E179C70B24C484AE98EA7CC956A196C0C8266073D549963E44BFEE479261B4C7A5497320D8A89DE71743BAF1516450118E57B4B07227DE0429ADF0D02305AD79D40958F48B3C7D6802814FC5C25BE7C54C85463C993254D08401E1C7C1CC5586B265A1616617CC2BA7F29E928FF792E4FF33ADA9B1BB7EE5A43130DA18BA109A9E2186DFA6C2DC1D823E9066E159#/CN=FISCO-BCOS-e9f43089/O=FISCO-BCOS-e9f43089/OU=chain#/CN=FISCO-BCOS-e9f43089/O=fisco-bcos/OU=agency,p2pid=3082010a02820101009d9833c7e1dbf7d476b1fd7227e247b488323cbd272862d096a4010035236b7d36e2aede87e4f36adfd2e2e44f2945e9a4170901f5865f04cb779a1c1e1fc2f3e56fc6ea80a2665d5da60fce851ccd94bb60aced8e256a551ebb6edcf78febb8eb8bbb3c4fab73bacd5675925d72c787a8d8e179c70b24c484ae98ea7cc956a196c0c8266073d549963e44bfee479261b4c7a5497320d8a89de71743baf1516450118e57b4b07227de0429adf0d02305ad79d40958f48b3c7d6802814fc5c25be7c54c85463c993254d08401e1c7c1cc5586b265a1616617cc2ba7f29e928ff792e4ff33ada9b1bb7ee5a43130da18ba109a9e2186dfa6c2dc1d823e9066e1590203010001
info|2026-02-06 22:44:20.373024|ioService-0x000071e9d45fe6c0|[NETWORK][Host]handshakeServer succ,remote endpoint=127.0.0.1:35786,nodeid=3082010a02820101009d9833c7e1dbf7d476b1fd7227e247b488323cbd272862d096a4010035236b7d36e2aede87e4f36adfd2e2e44f2945e9a4170901f5865f04cb779a1c1e1fc2f3e56fc6ea80a2665d5da60fce851ccd94bb60aced8e256a551ebb6edcf78febb8eb8bbb3c4fab73bacd5675925d72c787a8d8e179c70b24c484ae98ea7cc956a196c0c8266073d549963e44bfee479261b4c7a5497320d8a89de71743baf1516450118e57b4b07227de0429adf0d02305ad79d40958f48b3c7d6802814fc5c25be7c54c85463c993254d08401e1c7c1cc5586b265a1616617cc2ba7f29e928ff792e4ff33ada9b1bb7ee5a43130da18ba109a9e2186dfa6c2dc1d823e9066e1590203010001
info|2026-02-06 22:44:20.373124|ioService-0x000071e9d5bfe6c0|[NETWORK][Host]obtainP2pInfo ,node_info=3082010a02820101009d9833c7e1dbf7d476b1fd7227e247b488323cbd272862d096a4010035236b7d36e2aede87e4f36adfd2e2e44f2945e9a4170901f5865f04cb779a1c1e1fc2f3e56fc6ea80a2665d5da60fce851ccd94bb60aced8e256a551ebb6edcf78febb8eb8bbb3c4fab73bacd5675925d72c787a8d8e179c70b24c484ae98ea7cc956a196c0c8266073d549963e44bfee479261b4c7a5497320d8a89de71743baf1516450118e57b4b07227de0429adf0d02305ad79d40958f48b3c7d6802814fc5c25be7c54c85463c993254d08401e1c7c1cc5586b265a1616617cc2ba7f29e928ff792e4ff33ada9b1bb7ee5a43130da18ba109a9e2186dfa6c2dc1d823e9066e1590203010001#9D9833C7E1DBF7D476B1FD7227E247B488323CBD272862D096A4010035236B7D36E2AEDE87E4F36ADFD2E2E44F2945E9A4170901F5865F04CB779A1C1E1FC2F3E56FC6EA80A2665D5DA60FCE851CCD94BB60ACED8E256A551EBB6EDCF78FEBB8EB8BBB3C4FAB73BACD5675925D72C787A8D8E179C70B24C484AE98EA7CC956A196C0C8266073D549963E44BFEE479261B4C7A5497320D8A89DE71743BAF1516450118E57B4B07227DE0429ADF0D02305AD79D40958F48B3C7D6802814FC5C25BE7C54C85463C993254D08401E1C7C1CC5586B265A1616617CC2BA7F29E928FF792E4FF33ADA9B1BB7EE5A43130DA18BA109A9E2186DFA6C2DC1D823E9066E159#/CN=FISCO-BCOS-e9f43089/O=FISCO-BCOS-e9f43089/OU=chain#/CN=FISCO-BCOS-e9f43089/O=fisco-bcos/OU=agency,p2pid=3082010a02820101009d9833c7e1dbf7d476b1fd7227e247b488323cbd272862d096a4010035236b7d36e2aede87e4f36adfd2e2e44f2945e9a4170901f5865f04cb779a1c1e1fc2f3e56fc6ea80a2665d5da60fce851ccd94bb60aced8e256a551ebb6edcf78febb8eb8bbb3c4fab73bacd5675925d72c787a8d8e179c70b24c484ae98ea7cc956a196c0c8266073d549963e44bfee479261b4c7a5497320d8a89de71743baf1516450118e57b4b07227de0429adf0d02305ad79d40958f48b3c7d6802814fc5c25be7c54c85463c993254d08401e1c7c1cc5586b265a1616617cc2ba7f29e928ff792e4ff33ada9b1bb7ee5a43130da18ba109a9e2186dfa6c2dc1d823e9066e1590203010001
info|2026-02-06 22:44:20.373167|ioService-0x000071e9d5bfe6c0|[NETWORK][Host]handshakeClient succ,local endpoint=127.0.0.1:35786
info|2026-02-06 22:44:20.373800|ioService-0x000071e9d71fc6c0|[NETWORK][Host]obtainP2pInfo ,node_info=3082010a0282010100a492268b412bea3e8f972dff0dc52c521cd06884f53d90f3889c7014f7cb635c38a07b81af9630f2b04238a726b029af6b4b924e132710d2894b7175f12a5e323a7119afd27786b01965d49b9c885ff3768f40b9d57817bc1305124f40ced3b1ac99666773a3a64cce079e95acbc31d42f416aad362594008547aae561213b022db32ed9d1bd67df5c020bc44dcc073982b4566fd04048555b1ea84279063d5b1047e9f42776ef03677d2dd1454433fdb3feced3f41b92efdfeda545d56c1c9ba349584c9095f3ad9e31c2db11cbe3007ee7817f5846f87eb01c296d81b36dbbc765b4c7af74aface1276dd4fd91963729e495694b6af5c0d6111c49115a2c3f0203010001#A492268B412BEA3E8F972DFF0DC52C521CD06884F53D90F3889C7014F7CB635C38A07B81AF9630F2B04238A726B029AF6B4B924E132710D2894B7175F12A5E323A7119AFD27786B01965D49B9C885FF3768F40B9D57817BC1305124F40CED3B1AC99666773A3A64CCE079E95ACBC31D42F416AAD362594008547AAE561213B022DB32ED9D1BD67DF5C020BC44DCC073982B4566FD04048555B1EA84279063D5B1047E9F42776EF03677D2DD1454433FDB3FECED3F41B92EFDFEDA545D56C1C9BA349584C9095F3AD9E31C2DB11CBE3007EE7817F5846F87EB01C296D81B36DBBC765B4C7AF74AFACE1276DD4FD91963729E495694B6AF5C0D6111C49115A2C3F#/CN=FISCO-BCOS-e9f43089/O=FISCO-BCOS-e9f43089/OU=chain#/CN=FISCO-BCOS-e9f43089/O=fisco-bcos/OU=agency,p2pid=3082010a0282010100a492268b412bea3e8f972dff0dc52c521cd06884f53d90f3889c7014f7cb635c38a07b81af9630f2b04238a726b029af6b4b924e132710d2894b7175f12a5e323a7119afd27786b01965d49b9c885ff3768f40b9d57817bc1305124f40ced3b1ac99666773a3a64cce079e95acbc31d42f416aad362594008547aae561213b022db32ed9d1bd67df5c020bc44dcc073982b4566fd04048555b1ea84279063d5b1047e9f42776ef03677d2dd1454433fdb3feced3f41b92efdfeda545d56c1c9ba349584c9095f3ad9e31c2db11cbe3007ee7817f5846f87eb01c296d81b36dbbc765b4c7af74aface1276dd4fd91963729e495694b6af5c0d6111c49115a2c3f0203010001
info|2026-02-06 22:44:20.373825|ioService-0x000071e9d71fc6c0|[NETWORK][Host]handshakeClient succ,local endpoint=127.0.0.1:50464
info|2026-02-06 22:44:20.374500|ioService-0x000071e9d45fe6c0|[SESSION][Session][Session::Session] this=0x71e9b765d1d0,recvBufferSize=67108864
info|2026-02-06 22:44:20.374636|ioService-0x000071e9d45fe6c0|[SessionFactory]create new session,sessionRecvBufferSize=67108864,allowMaxMsgSize=33554432,maxReadDataSize=40960,maxSendDataSize=1048576,maxSendMsgCountS=10,enableCompress=true
info|2026-02-06 22:44:20.374670|ioService-0x000071e9d71fc6c0|[SESSION][Session][Session::Session] this=0x71e9c9c871d0,recvBufferSize=67108864
info|2026-02-06 22:44:20.374907|fisco-bcos-0x000071e9da9f86c0|[P2PService][Service]onConnect,p2pid=3082010a02820101009d9833c7e1dbf7d476b1fd7227e247b488323cbd272862d096a4010035236b7d36e2aede87e4f36adfd2e2e44f2945e9a4170901f5865f04cb779a1c1e1fc2f3e56fc6ea80a2665d5da60fce851ccd94bb60aced8e256a551ebb6edcf78febb8eb8bbb3c4fab73bacd5675925d72c787a8d8e179c70b24c484ae98ea7cc956a196c0c8266073d549963e44bfee479261b4c7a5497320d8a89de71743baf1516450118e57b4b07227de0429adf0d02305ad79d40958f48b3c7d6802814fc5c25be7c54c85463c993254d08401e1c7c1cc5586b265a1616617cc2ba7f29e928ff792e4ff33ada9b1bb7ee5a43130da18ba109a9e2186dfa6c2dc1d823e9066e1590203010001,endpoint=127.0.0.1
info|2026-02-06 22:44:20.375025|fisco-bcos-0x000071e9da9f86c0|[SESSION][Session][Session::~Session] this=0x71e9b765d1d0
info|2026-02-06 22:44:20.375056|ioService-0x000071e9d3dfd6c0|[Gateway][Factory][NEW]SSLContext pubHex: 3082010a0282010100a9ba081864ed1c68f5b81b4fa31a3cb4c81583e0e7c5eec4d7249ecd7d2c8f901393580ca25747abc4e01775b9ff41392cf15074a577cc078f4b07f3152faa0dfe540c63b8de93fbc3afe02564592e274c9c1a76bb0cc8c4692d9404f8e0b7b5440bd66d6e70c33a6d35aca5767a88332fd7853571427789bb25413b734abc293a58791b28aece40a8f74238c2f8b0d32bbbb5f020cfd72ad86d4fb6f1904605a5f43f0f58ed4c826346ad1b71ddac3a15040d6cd21f31f9044b82e690f91329d956b39005f4ab421029ebe499a3fe7179586deded25784665d8949c4db5defd0cbbaf2f27221f3d59e7314f4374086dceea8903a6aedc17d8ca5c7ec4b03fef0203010001
info|2026-02-06 22:44:20.375077|ioService-0x000071e9d3dfd6c0|[NETWORK][Host]Get ca basic failed
info|2026-02-06 22:44:20.375143|ioService-0x000071e9d3dfd6c0|[Gateway][Factory][NEW]SSLContext pubHex: 3082010a0282010100a492268b412bea3e8f972dff0dc52c521cd06884f53d90f3889c7014f7cb635c38a07b81af9630f2b04238a726b029af6b4b924e132710d2894b7175f12a5e323a7119afd27786b01965d49b9c885ff3768f40b9d57817bc1305124f40ced3b1ac99666773a3a64cce079e95acbc31d42f416aad362594008547aae561213b022db32ed9d1bd67df5c020bc44dcc073982b4566fd04048555b1ea84279063d5b1047e9f42776ef03677d2dd1454433fdb3feced3f41b92efdfeda545d56c1c9ba349584c9095f3ad9e31c2db11cbe3007ee7817f5846f87eb01c296d81b36dbbc765b4c7af74aface1276dd4fd91963729e495694b6af5c0d6111c49115a2c3f0203010001
info|2026-02-06 22:44:20.375151|ioService-0x000071e9d3dfd6c0|[Gateway][Factory][NEW]SSLContext pubHex: A492268B412BEA3E8F972DFF0DC52C521CD06884F53D90F3889C7014F7CB635C38A07B81AF9630F2B04238A726B029AF6B4B924E132710D2894B7175F12A5E323A7119AFD27786B01965D49B9C885FF3768F40B9D57817BC1305124F40CED3B1AC99666773A3A64CCE079E95ACBC31D42F416AAD362594008547AAE561213B022DB32ED9D1BD67DF5C020BC44DCC073982B4566FD04048555B1EA84279063D5B1047E9F42776EF03677D2DD1454433FDB3FECED3F41B92EFDFEDA545D56C1C9BA349584C9095F3AD9E31C2DB11CBE3007EE7817F5846F87EB01C296D81B36DBBC765B4C7AF74AFACE1276DD4FD91963729E495694B6AF5C0D6111C49115A2C3F
info|2026-02-06 22:44:20.375327|ioService-0x000071e9d5bfe6c0|[SESSION][Session][Session::Session] this=0x71e9b9888390,recvBufferSize=67108864
info|2026-02-06 22:44:20.375478|ioService-0x000071e9d45fe6c0|[NETWORK][Host]startPeerSession, Remote=0.0.0.0:0,local endpoint=0.0.0.0:0,p2pid=3082010a02820101009d9833c7e1dbf7d476b1fd7227e247b488323cbd272862d096a4010035236b7d36e2aede87e4f36adfd2e2e44f2945e9a4170901f5865f04cb779a1c1e1fc2f3e56fc6ea80a2665d5da60fce851ccd94bb60aced8e256a551ebb6edcf78febb8eb8bbb3c4fab73bacd5675925d72c787a8d8e179c70b24c484ae98ea7cc956a196c0c8266073d549963e44bfee479261b4c7a5497320d8a89de71743baf1516450118e57b4b07227de0429adf0d02305ad79d40958f48b3c7d6802814fc5c25be7c54c85463c993254d08401e1c7c1cc5586b265a1616617cc2ba7f29e928ff792e4ff33ada9b1bb7ee5a43130da18ba109a9e2186dfa6c2dc1d823e9066e1590203010001
info|2026-02-06 22:44:20.375734|ioService-0x000071e9d5bfe6c0|[SessionFactory]create new session,sessionRecvBufferSize=67108864,allowMaxMsgSize=33554432,maxReadDataSize=40960,maxSendDataSize=1048576,maxSendMsgCountS=10,enableCompress=true
info|2026-02-06 22:44:20.375779|ioService-0x000071e9d3dfd6c0|[NETWORK][Host]obtainP2pInfo ,node_info=3082010a0282010100a492268b412bea3e8f972dff0dc52c521cd06884f53d90f3889c7014f7cb635c38a07b81af9630f2b04238a726b029af6b4b924e132710d2894b7175f12a5e323a7119afd27786b01965d49b9c885ff3768f40b9d57817bc1305124f40ced3b1ac99666773a3a64cce079e95acbc31d42f416aad362594008547aae561213b022db32ed9d1bd67df5c020bc44dcc073982b4566fd04048555b1ea84279063d5b1047e9f42776ef03677d2dd1454433fdb3feced3f41b92efdfeda545d56c1c9ba349584c9095f3ad9e31c2db11cbe3007ee7817f5846f87eb01c296d81b36dbbc765b4c7af74aface1276dd4fd91963729e495694b6af5c0d6111c49115a2c3f0203010001#A492268B412BEA3E8F972DFF0DC52C521CD06884F53D90F3889C7014F7CB635C38A07B81AF9630F2B04238A726B029AF6B4B924E132710D2894B7175F12A5E323A7119AFD27786B01965D49B9C885FF3768F40B9D57817BC1305124F40CED3B1AC99666773A3A64CCE079E95ACBC31D42F416AAD362594008547AAE561213B022DB32ED9D1BD67DF5C020BC44DCC073982B4566FD04048555B1EA84279063D5B1047E9F42776EF03677D2DD1454433FDB3FECED3F41B92EFDFEDA545D56C1C9BA349584C9095F3AD9E31C2DB11CBE3007EE7817F5846F87EB01C296D81B36DBBC765B4C7AF74AFACE1276DD4FD91963729E495694B6AF5C0D6111C49115A2C3F#/CN=FISCO-BCOS-e9f43089/O=FISCO-BCOS-e9f43089/OU=chain#/CN=FISCO-BCOS-e9f43089/O=fisco-bcos/OU=agency,p2pid=3082010a0282010100a492268b412bea3e8f972dff0dc52c521cd06884f53d90f3889c7014f7cb635c38a07b81af9630f2b04238a726b029af6b4b924e132710d2894b7175f12a5e323a7119afd27786b01965d49b9c885ff3768f40b9d57817bc1305124f40ced3b1ac99666773a3a64cce079e95acbc31d42f416aad362594008547aae561213b022db32ed9d1bd67df5c020bc44dcc073982b4566fd04048555b1ea84279063d5b1047e9f42776ef03677d2dd1454433fdb3feced3f41b92efdfeda545d56c1c9ba349584c9095f3ad9e31c2db11cbe3007ee7817f5846f87eb01c296d81b36dbbc765b4c7af74aface1276dd4fd91963729e495694b6af5c0d6111c49115a2c3f0203010001
info|2026-02-06 22:44:20.375803|ioService-0x000071e9d3dfd6c0|[NETWORK][Host]handshakeServer succ,remote endpoint=127.0.0.1:35790,nodeid=3082010a0282010100a492268b412bea3e8f972dff0dc52c521cd06884f53d90f3889c7014f7cb635c38a07b81af9630f2b04238a726b029af6b4b924e132710d2894b7175f12a5e323a7119afd27786b01965d49b9c885ff3768f40b9d57817bc1305124f40ced3b1ac99666773a3a64cce079e95acbc31d42f416aad362594008547aae561213b022db32ed9d1bd67df5c020bc44dcc073982b4566fd04048555b1ea84279063d5b1047e9f42776ef03677d2dd1454433fdb3feced3f41b92efdfeda545d56c1c9ba349584c9095f3ad9e31c2db11cbe3007ee7817f5846f87eb01c296d81b36dbbc765b4c7af74aface1276dd4fd91963729e495694b6af5c0d6111c49115a2c3f0203010001
info|2026-02-06 22:44:20.375876|ioService-0x000071e9d5bfe6c0|[NETWORK][Host]startPeerSession, Remote=127.0.0.1:30302,local endpoint=127.0.0.1:35786,p2pid=3082010a02820101009d9833c7e1dbf7d476b1fd7227e247b488323cbd272862d096a4010035236b7d36e2aede87e4f36adfd2e2e44f2945e9a4170901f5865f04cb779a1c1e1fc2f3e56fc6ea80a2665d5da60fce851ccd94bb60aced8e256a551ebb6edcf78febb8eb8bbb3c4fab73bacd5675925d72c787a8d8e179c70b24c484ae98ea7cc956a196c0c8266073d549963e44bfee479261b4c7a5497320d8a89de71743baf1516450118e57b4b07227de0429adf0d02305ad79d40958f48b3c7d6802814fc5c25be7c54c85463c993254d08401e1c7c1cc5586b265a1616617cc2ba7f29e928ff792e4ff33ada9b1bb7ee5a43130da18ba109a9e2186dfa6c2dc1d823e9066e1590203010001
info|2026-02-06 22:44:20.375958|fisco-bcos-0x000071e9e45c96c0|[P2PService][Service]onConnect,p2pid=3082010a02820101009d9833c7e1dbf7d476b1fd7227e247b488323cbd272862d096a4010035236b7d36e2aede87e4f36adfd2e2e44f2945e9a4170901f5865f04cb779a1c1e1fc2f3e56fc6ea80a2665d5da60fce851ccd94bb60aced8e256a551ebb6edcf78febb8eb8bbb3c4fab73bacd5675925d72c787a8d8e179c70b24c484ae98ea7cc956a196c0c8266073d549963e44bfee479261b4c7a5497320d8a89de71743baf1516450118e57b4b07227de0429adf0d02305ad79d40958f48b3c7d6802814fc5c25be7c54c85463c993254d08401e1c7c1cc5586b265a1616617cc2ba7f29e928ff792e4ff33ada9b1bb7ee5a43130da18ba109a9e2186dfa6c2dc1d823e9066e1590203010001,endpoint=127.0.0.1
info|2026-02-06 22:44:20.376094|fisco-bcos-0x000071e9e45c96c0|[P2PService][Service]updateStaticNodes,nodeid=3082010a02820101009d9833c7e1dbf7d476b1fd7227e247b488323cbd272862d096a4010035236b7d36e2aede87e4f36adfd2e2e44f2945e9a4170901f5865f04cb779a1c1e1fc2f3e56fc6ea80a2665d5da60fce851ccd94bb60aced8e256a551ebb6edcf78febb8eb8bbb3c4fab73bacd5675925d72c787a8d8e179c70b24c484ae98ea7cc956a196c0c8266073d549963e44bfee479261b4c7a5497320d8a89de71743baf1516450118e57b4b07227de0429adf0d02305ad79d40958f48b3c7d6802814fc5c25be7c54c85463c993254d08401e1c7c1cc5586b265a1616617cc2ba7f29e928ff792e4ff33ada9b1bb7ee5a43130da18ba109a9e2186dfa6c2dc1d823e9066e1590203010001,endpoint=127.0.0.1:30302
info|2026-02-06 22:44:20.376116|fisco-bcos-0x000071e9e45c96c0|[SESSION][Session][Session::~Session] this=0x71e9b9888390
info|2026-02-06 22:44:20.376611|ioService-0x000071e9d3dfd6c0|[SESSION][Session][Session::Session] this=0x71e9b685d1d0,recvBufferSize=67108864
info|2026-02-06 22:44:20.376733|ioService-0x000071e9d3dfd6c0|[SessionFactory]create new session,sessionRecvBufferSize=67108864,allowMaxMsgSize=33554432,maxReadDataSize=40960,maxSendDataSize=1048576,maxSendMsgCountS=10,enableCompress=true
info|2026-02-06 22:44:20.376763|ioService-0x000071e9d71fc6c0|[SessionFactory]create new session,sessionRecvBufferSize=67108864,allowMaxMsgSize=33554432,maxReadDataSize=40960,maxSendDataSize=1048576,maxSendMsgCountS=10,enableCompress=true
info|2026-02-06 22:44:20.376900|ioService-0x000071e9d63ff6c0|[NETWORK][Host]obtainP2pInfo ,node_info=3082010a0282010100d938a7d0e5078fdc3bfe83bfe8c789160de4c9e207ff836ef8d64a0c846f5f628646fe9170bec49eec44aebb3f17334e76b1003dae65d6858a626d60a3ff3dbbff8cf15ca934ca0f7a09b9ae6c17c911bb2f6083cab81540e00a8d9b9393a3341b90dd134f4a2ec21f1d8c55c2df687896873a36661a862226614582077d41811bcb3e6632cbf1767f6189b76054e8186606ee5a2c73bffe1bd6c8fc415f481324f015045231d662173b6f7e814068dffd598ce9a6f4630744bb0aa80f9f74403f4c3da3ca856b40d043885cc1e7beac524853fafb01fb61c3023ab04047e29d50a5d4cd612fc9ae90e7832fde7d1dea0804dc16fff17500517be0bf5d28f4ab0203010001#D938A7D0E5078FDC3BFE83BFE8C789160DE4C9E207FF836EF8D64A0C846F5F628646FE9170BEC49EEC44AEBB3F17334E76B1003DAE65D6858A626D60A3FF3DBBFF8CF15CA934CA0F7A09B9AE6C17C911BB2F6083CAB81540E00A8D9B9393A3341B90DD134F4A2EC21F1D8C55C2DF687896873A36661A862226614582077D41811BCB3E6632CBF1767F6189B76054E8186606EE5A2C73BFFE1BD6C8FC415F481324F015045231D662173B6F7E814068DFFD598CE9A6F4630744BB0AA80F9F74403F4C3DA3CA856B40D043885CC1E7BEAC524853FAFB01FB61C3023AB04047E29D50A5D4CD612FC9AE90E7832FDE7D1DEA0804DC16FFF17500517BE0BF5D28F4AB#/CN=FISCO-BCOS-e9f43089/O=FISCO-BCOS-e9f43089/OU=chain#/CN=FISCO-BCOS-e9f43089/O=fisco-bcos/OU=agency,p2pid=3082010a0282010100d938a7d0e5078fdc3bfe83bfe8c789160de4c9e207ff836ef8d64a0c846f5f628646fe9170bec49eec44aebb3f17334e76b1003dae65d6858a626d60a3ff3dbbff8cf15ca934ca0f7a09b9ae6c17c911bb2f6083cab81540e00a8d9b9393a3341b90dd134f4a2ec21f1d8c55c2df687896873a36661a862226614582077d41811bcb3e6632cbf1767f6189b76054e8186606ee5a2c73bffe1bd6c8fc415f481324f015045231d662173b6f7e814068dffd598ce9a6f4630744bb0aa80f9f74403f4c3da3ca856b40d043885cc1e7beac524853fafb01fb61c3023ab04047e29d50a5d4cd612fc9ae90e7832fde7d1dea0804dc16fff17500517be0bf5d28f4ab0203010001
info|2026-02-06 22:44:20.376911|ioService-0x000071e9d63ff6c0|[NETWORK][Host]handshakeClient succ,local endpoint=127.0.0.1:58244
info|2026-02-06 22:44:20.376923|ioService-0x000071e9d3dfd6c0|[NETWORK][Host]startPeerSession, Remote=127.0.0.1:35790,local endpoint=127.0.0.1:30302,p2pid=3082010a0282010100a492268b412bea3e8f972dff0dc52c521cd06884f53d90f3889c7014f7cb635c38a07b81af9630f2b04238a726b029af6b4b924e132710d2894b7175f12a5e323a7119afd27786b01965d49b9c885ff3768f40b9d57817bc1305124f40ced3b1ac99666773a3a64cce079e95acbc31d42f416aad362594008547aae561213b022db32ed9d1bd67df5c020bc44dcc073982b4566fd04048555b1ea84279063d5b1047e9f42776ef03677d2dd1454433fdb3feced3f41b92efdfeda545d56c1c9ba349584c9095f3ad9e31c2db11cbe3007ee7817f5846f87eb01c296d81b36dbbc765b4c7af74aface1276dd4fd91963729e495694b6af5c0d6111c49115a2c3f0203010001
info|2026-02-06 22:44:20.376954|fisco-bcos-0x000071e9b59ff6c0|[P2PService][Service]onConnect,p2pid=3082010a0282010100a492268b412bea3e8f972dff0dc52c521cd06884f53d90f3889c7014f7cb635c38a07b81af9630f2b04238a726b029af6b4b924e132710d2894b7175f12a5e323a7119afd27786b01965d49b9c885ff3768f40b9d57817bc1305124f40ced3b1ac99666773a3a64cce079e95acbc31d42f416aad362594008547aae561213b022db32ed9d1bd67df5c020bc44dcc073982b4566fd04048555b1ea84279063d5b1047e9f42776ef03677d2dd1454433fdb3feced3f41b92efdfeda545d56c1c9ba349584c9095f3ad9e31c2db11cbe3007ee7817f5846f87eb01c296d81b36dbbc765b4c7af74aface1276dd4fd91963729e495694b6af5c0d6111c49115a2c3f0203010001,endpoint=127.0.0.1
info|2026-02-06 22:44:20.376971|fisco-bcos-0x000071e9b59ff6c0|[P2PService][P2PSession][P2PSession::P2PSession] this=0x71e9b48141d0
info|2026-02-06 22:44:20.377003|fisco-bcos-0x000071e9b59ff6c0|[SESSION][Session][start] start session ,this=0x71e9b685d1d0
info|2026-02-06 22:44:20.377032|fisco-bcos-0x000071e9b59ff6c0|[P2PService][Service]asyncSendProtocol,payload=5,seq=9
info|2026-02-06 22:44:20.377050|ioService-0x000071e9d71fc6c0|[NETWORK][Host]startPeerSession, Remote=127.0.0.1:30300,local endpoint=127.0.0.1:50464,p2pid=3082010a0282010100a492268b412bea3e8f972dff0dc52c521cd06884f53d90f3889c7014f7cb635c38a07b81af9630f2b04238a726b029af6b4b924e132710d2894b7175f12a5e323a7119afd27786b01965d49b9c885ff3768f40b9d57817bc1305124f40ced3b1ac99666773a3a64cce079e95acbc31d42f416aad362594008547aae561213b022db32ed9d1bd67df5c020bc44dcc073982b4566fd04048555b1ea84279063d5b1047e9f42776ef03677d2dd1454433fdb3feced3f41b92efdfeda545d56c1c9ba349584c9095f3ad9e31c2db11cbe3007ee7817f5846f87eb01c296d81b36dbbc765b4c7af74aface1276dd4fd91963729e495694b6af5c0d6111c49115a2c3f0203010001
info|2026-02-06 22:44:20.377044|fisco-bcos-0x000071e9b59ff6c0|[P2PService][Router][updateDstNodeEntry]insert new entry into the routerTable,distance=1,dst=3082010a0282010100a492268b412bea3e8f972dff0dc52c521cd06884f53d90f3889c7014f7cb635c38a07b81af9630f2b04238a726b029af6b4b924e132710d2894b7175f12a5e323a7119afd27786b01965d49b9c885ff3768f40b9d57817bc1305124f40ced3b1ac99666773a3a64cce079e95acbc31d42f416aad362594008547aae561213b022db32ed9d1bd67df5c020bc44dcc073982b4566fd04048555b1ea84279063d5b1047e9f42776ef03677d2dd1454433fdb3feced3f41b92efdfeda545d56c1c9ba349584c9095f3ad9e31c2db11cbe3007ee7817f5846f87eb01c296d81b36dbbc765b4c7af74aface1276dd4fd91963729e495694b6af5c0d6111c49115a2c3f0203010001,nextHop=,size=2
info|2026-02-06 22:44:20.377073|fisco-bcos-0x000071e9e4dcb6c0|[P2PService][Service]onConnect,p2pid=3082010a0282010100a492268b412bea3e8f972dff0dc52c521cd06884f53d90f3889c7014f7cb635c38a07b81af9630f2b04238a726b029af6b4b924e132710d2894b7175f12a5e323a7119afd27786b01965d49b9c885ff3768f40b9d57817bc1305124f40ced3b1ac99666773a3a64cce079e95acbc31d42f416aad362594008547aae561213b022db32ed9d1bd67df5c020bc44dcc073982b4566fd04048555b1ea84279063d5b1047e9f42776ef03677d2dd1454433fdb3feced3f41b92efdfeda545d56c1c9ba349584c9095f3ad9e31c2db11cbe3007ee7817f5846f87eb01c296d81b36dbbc765b4c7af74aface1276dd4fd91963729e495694b6af5c0d6111c49115a2c3f0203010001,endpoint=127.0.0.1
info|2026-02-06 22:44:20.377120|fisco-bcos-0x000071e9b59ff6c0|[P2PService][Service2][onNewSession]update routerTable,dst=3082010a0282010100a492268b412bea3e8f972dff0dc52c521cd06884f53d90f3889c7014f7cb635c38a07b81af9630f2b04238a726b029af6b4b924e132710d2894b7175f12a5e323a7119afd27786b01965d49b9c885ff3768f40b9d57817bc1305124f40ced3b1ac99666773a3a64cce079e95acbc31d42f416aad362594008547aae561213b022db32ed9d1bd67df5c020bc44dcc073982b4566fd04048555b1ea84279063d5b1047e9f42776ef03677d2dd1454433fdb3feced3f41b92efdfeda545d56c1c9ba349584c9095f3ad9e31c2db11cbe3007ee7817f5846f87eb01c296d81b36dbbc765b4c7af74aface1276dd4fd91963729e495694b6af5c0d6111c49115a2c3f0203010001
info|2026-02-06 22:44:20.377127|fisco-bcos-0x000071e9b59ff6c0|[P2PService][Service]Connection established,p2pid=3082010a0282010100a492268b412bea3e8f972dff0dc52c521cd06884f53d90f3889c7014f7cb635c38a07b81af9630f2b04238a726b029af6b4b924e132710d2894b7175f12a5e323a7119afd27786b01965d49b9c885ff3768f40b9d57817bc1305124f40ced3b1ac99666773a3a64cce079e95acbc31d42f416aad362594008547aae561213b022db32ed9d1bd67df5c020bc44dcc073982b4566fd04048555b1ea84279063d5b1047e9f42776ef03677d2dd1454433fdb3feced3f41b92efdfeda545d56c1c9ba349584c9095f3ad9e31c2db11cbe3007ee7817f5846f87eb01c296d81b36dbbc765b4c7af74aface1276dd4fd91963729e495694b6af5c0d6111c49115a2c3f0203010001,endpoint=127.0.0.1:35790
info|2026-02-06 22:44:20.377289|fisco-bcos-0x000071e9b59ff6c0|[P2PService][Service2][onReceiveRouterSeq]receive router seq and request router table,peer=3082010a0282010100d938a7d0e5078fdc3bfe83bfe8c789160de4c9e207ff836ef8d64a0c846f5f628646fe9170bec49eec44aebb3f17334e76b1003dae65d6858a626d60a3ff3dbbff8cf15ca934ca0f7a09b9ae6c17c911bb2f6083cab81540e00a8d9b9393a3341b90dd134f4a2ec21f1d8c55c2df687896873a36661a862226614582077d41811bcb3e6632cbf1767f6189b76054e8186606ee5a2c73bffe1bd6c8fc415f481324f015045231d662173b6f7e814068dffd598ce9a6f4630744bb0aa80f9f74403f4c3da3ca856b40d043885cc1e7beac524853fafb01fb61c3023ab04047e29d50a5d4cd612fc9ae90e7832fde7d1dea0804dc16fff17500517be0bf5d28f4ab0203010001,seq=3
info|2026-02-06 22:44:20.377327|fisco-bcos-0x000071e9e4dcb6c0|[P2PService][Service]Disconnect duplicate peer,p2pid=3082010a0282010100a492268b412bea3e8f972dff0dc52c521cd06884f53d90f3889c7014f7cb635c38a07b81af9630f2b04238a726b029af6b4b924e132710d2894b7175f12a5e323a7119afd27786b01965d49b9c885ff3768f40b9d57817bc1305124f40ced3b1ac99666773a3a64cce079e95acbc31d42f416aad362594008547aae561213b022db32ed9d1bd67df5c020bc44dcc073982b4566fd04048555b1ea84279063d5b1047e9f42776ef03677d2dd1454433fdb3feced3f41b92efdfeda545d56c1c9ba349584c9095f3ad9e31c2db11cbe3007ee7817f5846f87eb01c296d81b36dbbc765b4c7af74aface1276dd4fd91963729e495694b6af5c0d6111c49115a2c3f0203010001
info|2026-02-06 22:44:20.377351|fisco-bcos-0x000071e9e4dcb6c0|[P2PService][Service]updateStaticNodes,nodeid=3082010a0282010100a492268b412bea3e8f972dff0dc52c521cd06884f53d90f3889c7014f7cb635c38a07b81af9630f2b04238a726b029af6b4b924e132710d2894b7175f12a5e323a7119afd27786b01965d49b9c885ff3768f40b9d57817bc1305124f40ced3b1ac99666773a3a64cce079e95acbc31d42f416aad362594008547aae561213b022db32ed9d1bd67df5c020bc44dcc073982b4566fd04048555b1ea84279063d5b1047e9f42776ef03677d2dd1454433fdb3feced3f41b92efdfeda545d56c1c9ba349584c9095f3ad9e31c2db11cbe3007ee7817f5846f87eb01c296d81b36dbbc765b4c7af74aface1276dd4fd91963729e495694b6af5c0d6111c49115a2c3f0203010001,endpoint=127.0.0.1:30300
info|2026-02-06 22:44:20.377399|fisco-bcos-0x000071e9e4dcb6c0|[SESSION][Session][Session::~Session] this=0x71e9c9c871d0
info|2026-02-06 22:44:20.377964|ioService-0x000071e9d63ff6c0|[SESSION][Session][Session::Session] this=0x71e9d2c841d0,recvBufferSize=67108864
info|2026-02-06 22:44:20.378148|ioService-0x000071e9d63ff6c0|[SessionFactory]create new session,sessionRecvBufferSize=67108864,allowMaxMsgSize=33554432,maxReadDataSize=40960,maxSendDataSize=1048576,maxSendMsgCountS=10,enableCompress=true
info|2026-02-06 22:44:20.378276|ioService-0x000071e9d63ff6c0|[NETWORK][Host]startPeerSession, Remote=127.0.0.1:30301,local endpoint=127.0.0.1:58244,p2pid=3082010a0282010100d938a7d0e5078fdc3bfe83bfe8c789160de4c9e207ff836ef8d64a0c846f5f628646fe9170bec49eec44aebb3f17334e76b1003dae65d6858a626d60a3ff3dbbff8cf15ca934ca0f7a09b9ae6c17c911bb2f6083cab81540e00a8d9b9393a3341b90dd134f4a2ec21f1d8c55c2df687896873a36661a862226614582077d41811bcb3e6632cbf1767f6189b76054e8186606ee5a2c73bffe1bd6c8fc415f481324f015045231d662173b6f7e814068dffd598ce9a6f4630744bb0aa80f9f74403f4c3da3ca856b40d043885cc1e7beac524853fafb01fb61c3023ab04047e29d50a5d4cd612fc9ae90e7832fde7d1dea0804dc16fff17500517be0bf5d28f4ab0203010001
info|2026-02-06 22:44:20.378402|fisco-bcos-0x000071e9e3dc76c0|[P2PService][Service]onConnect,p2pid=3082010a0282010100d938a7d0e5078fdc3bfe83bfe8c789160de4c9e207ff836ef8d64a0c846f5f628646fe9170bec49eec44aebb3f17334e76b1003dae65d6858a626d60a3ff3dbbff8cf15ca934ca0f7a09b9ae6c17c911bb2f6083cab81540e00a8d9b9393a3341b90dd134f4a2ec21f1d8c55c2df687896873a36661a862226614582077d41811bcb3e6632cbf1767f6189b76054e8186606ee5a2c73bffe1bd6c8fc415f481324f015045231d662173b6f7e814068dffd598ce9a6f4630744bb0aa80f9f74403f4c3da3ca856b40d043885cc1e7beac524853fafb01fb61c3023ab04047e29d50a5d4cd612fc9ae90e7832fde7d1dea0804dc16fff17500517be0bf5d28f4ab0203010001,endpoint=127.0.0.1
info|2026-02-06 22:44:20.378481|fisco-bcos-0x000071e9e3dc76c0|[P2PService][Service]Disconnect duplicate peer,p2pid=3082010a0282010100d938a7d0e5078fdc3bfe83bfe8c789160de4c9e207ff836ef8d64a0c846f5f628646fe9170bec49eec44aebb3f17334e76b1003dae65d6858a626d60a3ff3dbbff8cf15ca934ca0f7a09b9ae6c17c911bb2f6083cab81540e00a8d9b9393a3341b90dd134f4a2ec21f1d8c55c2df687896873a36661a862226614582077d41811bcb3e6632cbf1767f6189b76054e8186606ee5a2c73bffe1bd6c8fc415f481324f015045231d662173b6f7e814068dffd598ce9a6f4630744bb0aa80f9f74403f4c3da3ca856b40d043885cc1e7beac524853fafb01fb61c3023ab04047e29d50a5d4cd612fc9ae90e7832fde7d1dea0804dc16fff17500517be0bf5d28f4ab0203010001
info|2026-02-06 22:44:20.378490|fisco-bcos-0x000071e9e3dc76c0|[P2PService][Service]updateStaticNodes,nodeid=3082010a0282010100d938a7d0e5078fdc3bfe83bfe8c789160de4c9e207ff836ef8d64a0c846f5f628646fe9170bec49eec44aebb3f17334e76b1003dae65d6858a626d60a3ff3dbbff8cf15ca934ca0f7a09b9ae6c17c911bb2f6083cab81540e00a8d9b9393a3341b90dd134f4a2ec21f1d8c55c2df687896873a36661a862226614582077d41811bcb3e6632cbf1767f6189b76054e8186606ee5a2c73bffe1bd6c8fc415f481324f015045231d662173b6f7e814068dffd598ce9a6f4630744bb0aa80f9f74403f4c3da3ca856b40d043885cc1e7beac524853fafb01fb61c3023ab04047e29d50a5d4cd612fc9ae90e7832fde7d1dea0804dc16fff17500517be0bf5d28f4ab0203010001,endpoint=127.0.0.1:30301
info|2026-02-06 22:44:20.378504|fisco-bcos-0x000071e9e3dc76c0|[SESSION][Session][Session::~Session] this=0x71e9d2c841d0
info|2026-02-06 22:44:20.378811|ioService-0x000071e9d81fe6c0|[NETWORK][Host]P2P Recv Connect, From=127.0.0.1:35802
info|2026-02-06 22:44:20.378931|ioService-0x000071e9d81fe6c0|[NETWORK][Host]P2P StartAccept,Host=0.0.0.0:30302
info|2026-02-06 22:44:20.379141|fisco-bcos-0x000071e9e4dcb6c0|[P2PService][Service2][onReceiveRouterTableRequest],peer=3082010a0282010100d938a7d0e5078fdc3bfe83bfe8c789160de4c9e207ff836ef8d64a0c846f5f628646fe9170bec49eec44aebb3f17334e76b1003dae65d6858a626d60a3ff3dbbff8cf15ca934ca0f7a09b9ae6c17c911bb2f6083cab81540e00a8d9b9393a3341b90dd134f4a2ec21f1d8c55c2df687896873a36661a862226614582077d41811bcb3e6632cbf1767f6189b76054e8186606ee5a2c73bffe1bd6c8fc415f481324f015045231d662173b6f7e814068dffd598ce9a6f4630744bb0aa80f9f74403f4c3da3ca856b40d043885cc1e7beac524853fafb01fb61c3023ab04047e29d50a5d4cd612fc9ae90e7832fde7d1dea0804dc16fff17500517be0bf5d28f4ab0203010001,entrySize=2
info|2026-02-06 22:44:20.379201|ioService-0x000071e9d4dff6c0|[NETWORK][Host]obtainP2pInfo ,node_info=3082010a0282010100b85dd5fdfbc4aa99dcef8477a2e1c08c304a63432923826f81b3d0d7d13e79a6ec265462b2f59e76106f8bad7efb849227798aaf7c20a2197e9a95a8ffbbc07f5ccb44d04e995013b9afd04bb77fb7dbfa0f13bd2d404980eae43fc147332e1542ee2d2e973596187bb8ad4dc63b0165052688b1f7fc4a2a8ccb020a55db8ee7b9a45bb901b1c03d94727648a8ec10bfbc854175981345d56f4c783b0211d91f0775e508d8b379b56935777d255f59b63fadc24b43862671f5cbe0d00fcfff7138124c8293f91740a0e0732346eeee748a42f65ddb81da461fce3e76ea6ff452913b80eb5b1dba016f7d4d94f66337cc6bea7a066b8277637aef12c2eba11da10203010001#B85DD5FDFBC4AA99DCEF8477A2E1C08C304A63432923826F81B3D0D7D13E79A6EC265462B2F59E76106F8BAD7EFB849227798AAF7C20A2197E9A95A8FFBBC07F5CCB44D04E995013B9AFD04BB77FB7DBFA0F13BD2D404980EAE43FC147332E1542EE2D2E973596187BB8AD4DC63B0165052688B1F7FC4A2A8CCB020A55DB8EE7B9A45BB901B1C03D94727648A8EC10BFBC854175981345D56F4C783B0211D91F0775E508D8B379B56935777D255F59B63FADC24B43862671F5CBE0D00FCFFF7138124C8293F91740A0E0732346EEEE748A42F65DDB81DA461FCE3E76EA6FF452913B80EB5B1DBA016F7D4D94F66337CC6BEA7A066B8277637AEF12C2EBA11DA1#/CN=FISCO-BCOS-e9f43089/O=FISCO-BCOS-e9f43089/OU=chain#/CN=FISCO-BCOS-e9f43089/O=fisco-bcos/OU=agency,p2pid=3082010a0282010100b85dd5fdfbc4aa99dcef8477a2e1c08c304a63432923826f81b3d0d7d13e79a6ec265462b2f59e76106f8bad7efb849227798aaf7c20a2197e9a95a8ffbbc07f5ccb44d04e995013b9afd04bb77fb7dbfa0f13bd2d404980eae43fc147332e1542ee2d2e973596187bb8ad4dc63b0165052688b1f7fc4a2a8ccb020a55db8ee7b9a45bb901b1c03d94727648a8ec10bfbc854175981345d56f4c783b0211d91f0775e508d8b379b56935777d255f59b63fadc24b43862671f5cbe0d00fcfff7138124c8293f91740a0e0732346eeee748a42f65ddb81da461fce3e76ea6ff452913b80eb5b1dba016f7d4d94f66337cc6bea7a066b8277637aef12c2eba11da10203010001
info|2026-02-06 22:44:20.379216|ioService-0x000071e9d4dff6c0|[NETWORK][Host]handshakeClient succ,local endpoint=127.0.0.1:59298
info|2026-02-06 22:44:20.380555|ioService-0x000071e9d4dff6c0|[SESSION][Session][Session::Session] this=0x71e9c5e851d0,recvBufferSize=67108864
info|2026-02-06 22:44:20.380735|ioService-0x000071e9d4dff6c0|[SessionFactory]create new session,sessionRecvBufferSize=67108864,allowMaxMsgSize=33554432,maxReadDataSize=40960,maxSendDataSize=1048576,maxSendMsgCountS=10,enableCompress=true
info|2026-02-06 22:44:20.380976|ioService-0x000071e9d4dff6c0|[NETWORK][Host]startPeerSession, Remote=127.0.0.1:30303,local endpoint=127.0.0.1:59298,p2pid=3082010a0282010100b85dd5fdfbc4aa99dcef8477a2e1c08c304a63432923826f81b3d0d7d13e79a6ec265462b2f59e76106f8bad7efb849227798aaf7c20a2197e9a95a8ffbbc07f5ccb44d04e995013b9afd04bb77fb7dbfa0f13bd2d404980eae43fc147332e1542ee2d2e973596187bb8ad4dc63b0165052688b1f7fc4a2a8ccb020a55db8ee7b9a45bb901b1c03d94727648a8ec10bfbc854175981345d56f4c783b0211d91f0775e508d8b379b56935777d255f59b63fadc24b43862671f5cbe0d00fcfff7138124c8293f91740a0e0732346eeee748a42f65ddb81da461fce3e76ea6ff452913b80eb5b1dba016f7d4d94f66337cc6bea7a066b8277637aef12c2eba11da10203010001
info|2026-02-06 22:44:20.380933|fisco-bcos-0x000071e9d91f66c0|[P2PService][Service]onReceiveProtocol: protocolNegotiate success,peer=3082010a0282010100a492268b412bea3e8f972dff0dc52c521cd06884f53d90f3889c7014f7cb635c38a07b81af9630f2b04238a726b029af6b4b924e132710d2894b7175f12a5e323a7119afd27786b01965d49b9c885ff3768f40b9d57817bc1305124f40ced3b1ac99666773a3a64cce079e95acbc31d42f416aad362594008547aae561213b022db32ed9d1bd67df5c020bc44dcc073982b4566fd04048555b1ea84279063d5b1047e9f42776ef03677d2dd1454433fdb3feced3f41b92efdfeda545d56c1c9ba349584c9095f3ad9e31c2db11cbe3007ee7817f5846f87eb01c296d81b36dbbc765b4c7af74aface1276dd4fd91963729e495694b6af5c0d6111c49115a2c3f0203010001,minVersion=0,maxVersion=2,supportMinVersion=0,supportMaxVersion=2,negotiatedVersion=2
info|2026-02-06 22:44:20.381044|fisco-bcos-0x000071e9d91f66c0|[P2PService][Service2][onReceiveRouterSeq]receive router seq and request router table,peer=3082010a0282010100a492268b412bea3e8f972dff0dc52c521cd06884f53d90f3889c7014f7cb635c38a07b81af9630f2b04238a726b029af6b4b924e132710d2894b7175f12a5e323a7119afd27786b01965d49b9c885ff3768f40b9d57817bc1305124f40ced3b1ac99666773a3a64cce079e95acbc31d42f416aad362594008547aae561213b022db32ed9d1bd67df5c020bc44dcc073982b4566fd04048555b1ea84279063d5b1047e9f42776ef03677d2dd1454433fdb3feced3f41b92efdfeda545d56c1c9ba349584c9095f3ad9e31c2db11cbe3007ee7817f5846f87eb01c296d81b36dbbc765b4c7af74aface1276dd4fd91963729e495694b6af5c0d6111c49115a2c3f0203010001,seq=5
info|2026-02-06 22:44:20.381266|fisco-bcos-0x000071e9db1fa6c0|[P2PService][Service]onConnect,p2pid=3082010a0282010100b85dd5fdfbc4aa99dcef8477a2e1c08c304a63432923826f81b3d0d7d13e79a6ec265462b2f59e76106f8bad7efb849227798aaf7c20a2197e9a95a8ffbbc07f5ccb44d04e995013b9afd04bb77fb7dbfa0f13bd2d404980eae43fc147332e1542ee2d2e973596187bb8ad4dc63b0165052688b1f7fc4a2a8ccb020a55db8ee7b9a45bb901b1c03d94727648a8ec10bfbc854175981345d56f4c783b0211d91f0775e508d8b379b56935777d255f59b63fadc24b43862671f5cbe0d00fcfff7138124c8293f91740a0e0732346eeee748a42f65ddb81da461fce3e76ea6ff452913b80eb5b1dba016f7d4d94f66337cc6bea7a066b8277637aef12c2eba11da10203010001,endpoint=127.0.0.1
info|2026-02-06 22:44:20.381286|fisco-bcos-0x000071e9db1fa6c0|[P2PService][P2PSession][P2PSession::P2PSession] this=0x71e9ce4141d0
info|2026-02-06 22:44:20.381309|fisco-bcos-0x000071e9db1fa6c0|[SESSION][Session][start] start session ,this=0x71e9c5e851d0
info|2026-02-06 22:44:20.381336|fisco-bcos-0x000071e9db1fa6c0|[P2PService][Service]asyncSendProtocol,payload=5,seq=14
info|2026-02-06 22:44:20.381344|fisco-bcos-0x000071e9db1fa6c0|[P2PService][Service]updateStaticNodes,nodeid=3082010a0282010100b85dd5fdfbc4aa99dcef8477a2e1c08c304a63432923826f81b3d0d7d13e79a6ec265462b2f59e76106f8bad7efb849227798aaf7c20a2197e9a95a8ffbbc07f5ccb44d04e995013b9afd04bb77fb7dbfa0f13bd2d404980eae43fc147332e1542ee2d2e973596187bb8ad4dc63b0165052688b1f7fc4a2a8ccb020a55db8ee7b9a45bb901b1c03d94727648a8ec10bfbc854175981345d56f4c783b0211d91f0775e508d8b379b56935777d255f59b63fadc24b43862671f5cbe0d00fcfff7138124c8293f91740a0e0732346eeee748a42f65ddb81da461fce3e76ea6ff452913b80eb5b1dba016f7d4d94f66337cc6bea7a066b8277637aef12c2eba11da10203010001,endpoint=127.0.0.1:30303
info|2026-02-06 22:44:20.381352|fisco-bcos-0x000071e9db1fa6c0|[P2PService][Router][updateDstNodeEntry]insert new entry into the routerTable,distance=1,dst=3082010a0282010100b85dd5fdfbc4aa99dcef8477a2e1c08c304a63432923826f81b3d0d7d13e79a6ec265462b2f59e76106f8bad7efb849227798aaf7c20a2197e9a95a8ffbbc07f5ccb44d04e995013b9afd04bb77fb7dbfa0f13bd2d404980eae43fc147332e1542ee2d2e973596187bb8ad4dc63b0165052688b1f7fc4a2a8ccb020a55db8ee7b9a45bb901b1c03d94727648a8ec10bfbc854175981345d56f4c783b0211d91f0775e508d8b379b56935777d255f59b63fadc24b43862671f5cbe0d00fcfff7138124c8293f91740a0e0732346eeee748a42f65ddb81da461fce3e76ea6ff452913b80eb5b1dba016f7d4d94f66337cc6bea7a066b8277637aef12c2eba11da10203010001,nextHop=,size=3
info|2026-02-06 22:44:20.381421|fisco-bcos-0x000071e9db1fa6c0|[P2PService][Service2][onNewSession]update routerTable,dst=3082010a0282010100b85dd5fdfbc4aa99dcef8477a2e1c08c304a63432923826f81b3d0d7d13e79a6ec265462b2f59e76106f8bad7efb849227798aaf7c20a2197e9a95a8ffbbc07f5ccb44d04e995013b9afd04bb77fb7dbfa0f13bd2d404980eae43fc147332e1542ee2d2e973596187bb8ad4dc63b0165052688b1f7fc4a2a8ccb020a55db8ee7b9a45bb901b1c03d94727648a8ec10bfbc854175981345d56f4c783b0211d91f0775e508d8b379b56935777d255f59b63fadc24b43862671f5cbe0d00fcfff7138124c8293f91740a0e0732346eeee748a42f65ddb81da461fce3e76ea6ff452913b80eb5b1dba016f7d4d94f66337cc6bea7a066b8277637aef12c2eba11da10203010001
info|2026-02-06 22:44:20.381430|fisco-bcos-0x000071e9db1fa6c0|[P2PService][Service]Connection established,p2pid=3082010a0282010100b85dd5fdfbc4aa99dcef8477a2e1c08c304a63432923826f81b3d0d7d13e79a6ec265462b2f59e76106f8bad7efb849227798aaf7c20a2197e9a95a8ffbbc07f5ccb44d04e995013b9afd04bb77fb7dbfa0f13bd2d404980eae43fc147332e1542ee2d2e973596187bb8ad4dc63b0165052688b1f7fc4a2a8ccb020a55db8ee7b9a45bb901b1c03d94727648a8ec10bfbc854175981345d56f4c783b0211d91f0775e508d8b379b56935777d255f59b63fadc24b43862671f5cbe0d00fcfff7138124c8293f91740a0e0732346eeee748a42f65ddb81da461fce3e76ea6ff452913b80eb5b1dba016f7d4d94f66337cc6bea7a066b8277637aef12c2eba11da10203010001,endpoint=127.0.0.1:30303
info|2026-02-06 22:44:20.381566|fisco-bcos-0x000071e9da9f86c0|[P2PService][Service]onReceiveProtocol: protocolNegotiate success,peer=3082010a0282010100b85dd5fdfbc4aa99dcef8477a2e1c08c304a63432923826f81b3d0d7d13e79a6ec265462b2f59e76106f8bad7efb849227798aaf7c20a2197e9a95a8ffbbc07f5ccb44d04e995013b9afd04bb77fb7dbfa0f13bd2d404980eae43fc147332e1542ee2d2e973596187bb8ad4dc63b0165052688b1f7fc4a2a8ccb020a55db8ee7b9a45bb901b1c03d94727648a8ec10bfbc854175981345d56f4c783b0211d91f0775e508d8b379b56935777d255f59b63fadc24b43862671f5cbe0d00fcfff7138124c8293f91740a0e0732346eeee748a42f65ddb81da461fce3e76ea6ff452913b80eb5b1dba016f7d4d94f66337cc6bea7a066b8277637aef12c2eba11da10203010001,minVersion=0,maxVersion=2,supportMinVersion=0,supportMaxVersion=2,negotiatedVersion=2
info|2026-02-06 22:44:20.381592|fisco-bcos-0x000071e9da9f86c0|[P2PService][Service2][onReceiveRouterSeq]receive router seq and request router table,peer=3082010a0282010100b85dd5fdfbc4aa99dcef8477a2e1c08c304a63432923826f81b3d0d7d13e79a6ec265462b2f59e76106f8bad7efb849227798aaf7c20a2197e9a95a8ffbbc07f5ccb44d04e995013b9afd04bb77fb7dbfa0f13bd2d404980eae43fc147332e1542ee2d2e973596187bb8ad4dc63b0165052688b1f7fc4a2a8ccb020a55db8ee7b9a45bb901b1c03d94727648a8ec10bfbc854175981345d56f4c783b0211d91f0775e508d8b379b56935777d255f59b63fadc24b43862671f5cbe0d00fcfff7138124c8293f91740a0e0732346eeee748a42f65ddb81da461fce3e76ea6ff452913b80eb5b1dba016f7d4d94f66337cc6bea7a066b8277637aef12c2eba11da10203010001,seq=3
info|2026-02-06 22:44:20.381690|fisco-bcos-0x000071e9b55fe6c0|[P2PService][Service2][onReceiveRouterSeq]receive router seq and request router table,peer=3082010a0282010100b85dd5fdfbc4aa99dcef8477a2e1c08c304a63432923826f81b3d0d7d13e79a6ec265462b2f59e76106f8bad7efb849227798aaf7c20a2197e9a95a8ffbbc07f5ccb44d04e995013b9afd04bb77fb7dbfa0f13bd2d404980eae43fc147332e1542ee2d2e973596187bb8ad4dc63b0165052688b1f7fc4a2a8ccb020a55db8ee7b9a45bb901b1c03d94727648a8ec10bfbc854175981345d56f4c783b0211d91f0775e508d8b379b56935777d255f59b63fadc24b43862671f5cbe0d00fcfff7138124c8293f91740a0e0732346eeee748a42f65ddb81da461fce3e76ea6ff452913b80eb5b1dba016f7d4d94f66337cc6bea7a066b8277637aef12c2eba11da10203010001,seq=4
info|2026-02-06 22:44:20.381793|fisco-bcos-0x000071e9db1fa6c0|[P2PService][Service2][onReceiveRouterSeq]receive router seq and request router table,peer=3082010a0282010100d938a7d0e5078fdc3bfe83bfe8c789160de4c9e207ff836ef8d64a0c846f5f628646fe9170bec49eec44aebb3f17334e76b1003dae65d6858a626d60a3ff3dbbff8cf15ca934ca0f7a09b9ae6c17c911bb2f6083cab81540e00a8d9b9393a3341b90dd134f4a2ec21f1d8c55c2df687896873a36661a862226614582077d41811bcb3e6632cbf1767f6189b76054e8186606ee5a2c73bffe1bd6c8fc415f481324f015045231d662173b6f7e814068dffd598ce9a6f4630744bb0aa80f9f74403f4c3da3ca856b40d043885cc1e7beac524853fafb01fb61c3023ab04047e29d50a5d4cd612fc9ae90e7832fde7d1dea0804dc16fff17500517be0bf5d28f4ab0203010001,seq=5
info|2026-02-06 22:44:20.381776|fisco-bcos-0x000071e9e23ff6c0|[P2PService][Service2][onReceiveRouterSeq]receive router seq and request router table,peer=3082010a0282010100d938a7d0e5078fdc3bfe83bfe8c789160de4c9e207ff836ef8d64a0c846f5f628646fe9170bec49eec44aebb3f17334e76b1003dae65d6858a626d60a3ff3dbbff8cf15ca934ca0f7a09b9ae6c17c911bb2f6083cab81540e00a8d9b9393a3341b90dd134f4a2ec21f1d8c55c2df687896873a36661a862226614582077d41811bcb3e6632cbf1767f6189b76054e8186606ee5a2c73bffe1bd6c8fc415f481324f015045231d662173b6f7e814068dffd598ce9a6f4630744bb0aa80f9f74403f4c3da3ca856b40d043885cc1e7beac524853fafb01fb61c3023ab04047e29d50a5d4cd612fc9ae90e7832fde7d1dea0804dc16fff17500517be0bf5d28f4ab0203010001,seq=4
info|2026-02-06 22:44:20.382302|fisco-bcos-0x000071e9db1fa6c0|[P2PService][Service2][onReceiveRouterTableRequest],peer=3082010a0282010100a492268b412bea3e8f972dff0dc52c521cd06884f53d90f3889c7014f7cb635c38a07b81af9630f2b04238a726b029af6b4b924e132710d2894b7175f12a5e323a7119afd27786b01965d49b9c885ff3768f40b9d57817bc1305124f40ced3b1ac99666773a3a64cce079e95acbc31d42f416aad362594008547aae561213b022db32ed9d1bd67df5c020bc44dcc073982b4566fd04048555b1ea84279063d5b1047e9f42776ef03677d2dd1454433fdb3feced3f41b92efdfeda545d56c1c9ba349584c9095f3ad9e31c2db11cbe3007ee7817f5846f87eb01c296d81b36dbbc765b4c7af74aface1276dd4fd91963729e495694b6af5c0d6111c49115a2c3f0203010001,entrySize=3
info|2026-02-06 22:44:20.382592|fisco-bcos-0x000071e9e49ca6c0|[P2PService][Service2][onReceiveRouterTableRequest],peer=3082010a0282010100d938a7d0e5078fdc3bfe83bfe8c789160de4c9e207ff836ef8d64a0c846f5f628646fe9170bec49eec44aebb3f17334e76b1003dae65d6858a626d60a3ff3dbbff8cf15ca934ca0f7a09b9ae6c17c911bb2f6083cab81540e00a8d9b9393a3341b90dd134f4a2ec21f1d8c55c2df687896873a36661a862226614582077d41811bcb3e6632cbf1767f6189b76054e8186606ee5a2c73bffe1bd6c8fc415f481324f015045231d662173b6f7e814068dffd598ce9a6f4630744bb0aa80f9f74403f4c3da3ca856b40d043885cc1e7beac524853fafb01fb61c3023ab04047e29d50a5d4cd612fc9ae90e7832fde7d1dea0804dc16fff17500517be0bf5d28f4ab0203010001,entrySize=3
info|2026-02-06 22:44:20.382924|fisco-bcos-0x000071e9e49ca6c0|[P2PService][Service2][onReceiveRouterTableRequest],peer=3082010a0282010100a492268b412bea3e8f972dff0dc52c521cd06884f53d90f3889c7014f7cb635c38a07b81af9630f2b04238a726b029af6b4b924e132710d2894b7175f12a5e323a7119afd27786b01965d49b9c885ff3768f40b9d57817bc1305124f40ced3b1ac99666773a3a64cce079e95acbc31d42f416aad362594008547aae561213b022db32ed9d1bd67df5c020bc44dcc073982b4566fd04048555b1ea84279063d5b1047e9f42776ef03677d2dd1454433fdb3feced3f41b92efdfeda545d56c1c9ba349584c9095f3ad9e31c2db11cbe3007ee7817f5846f87eb01c296d81b36dbbc765b4c7af74aface1276dd4fd91963729e495694b6af5c0d6111c49115a2c3f0203010001,entrySize=3
info|2026-02-06 22:44:20.382744|fisco-bcos-0x000071e9e39c66c0|[P2PService][Service2][onReceiveRouterSeq]receive router seq and request router table,peer=3082010a0282010100a492268b412bea3e8f972dff0dc52c521cd06884f53d90f3889c7014f7cb635c38a07b81af9630f2b04238a726b029af6b4b924e132710d2894b7175f12a5e323a7119afd27786b01965d49b9c885ff3768f40b9d57817bc1305124f40ced3b1ac99666773a3a64cce079e95acbc31d42f416aad362594008547aae561213b022db32ed9d1bd67df5c020bc44dcc073982b4566fd04048555b1ea84279063d5b1047e9f42776ef03677d2dd1454433fdb3feced3f41b92efdfeda545d56c1c9ba349584c9095f3ad9e31c2db11cbe3007ee7817f5846f87eb01c296d81b36dbbc765b4c7af74aface1276dd4fd91963729e495694b6af5c0d6111c49115a2c3f0203010001,seq=6
info|2026-02-06 22:44:20.383074|fisco-bcos-0x000071e9da9f86c0|[P2PService][Service2][onReceiveRouterSeq]receive router seq and request router table,peer=3082010a0282010100b85dd5fdfbc4aa99dcef8477a2e1c08c304a63432923826f81b3d0d7d13e79a6ec265462b2f59e76106f8bad7efb849227798aaf7c20a2197e9a95a8ffbbc07f5ccb44d04e995013b9afd04bb77fb7dbfa0f13bd2d404980eae43fc147332e1542ee2d2e973596187bb8ad4dc63b0165052688b1f7fc4a2a8ccb020a55db8ee7b9a45bb901b1c03d94727648a8ec10bfbc854175981345d56f4c783b0211d91f0775e508d8b379b56935777d255f59b63fadc24b43862671f5cbe0d00fcfff7138124c8293f91740a0e0732346eeee748a42f65ddb81da461fce3e76ea6ff452913b80eb5b1dba016f7d4d94f66337cc6bea7a066b8277637aef12c2eba11da10203010001,seq=5
info|2026-02-06 22:44:20.383436|fisco-bcos-0x000071e9e31ff6c0|[P2PService][Service2][onReceivePeersRouterTable],peer=3082010a0282010100d938a7d0e5078fdc3bfe83bfe8c789160de4c9e207ff836ef8d64a0c846f5f628646fe9170bec49eec44aebb3f17334e76b1003dae65d6858a626d60a3ff3dbbff8cf15ca934ca0f7a09b9ae6c17c911bb2f6083cab81540e00a8d9b9393a3341b90dd134f4a2ec21f1d8c55c2df687896873a36661a862226614582077d41811bcb3e6632cbf1767f6189b76054e8186606ee5a2c73bffe1bd6c8fc415f481324f015045231d662173b6f7e814068dffd598ce9a6f4630744bb0aa80f9f74403f4c3da3ca856b40d043885cc1e7beac524853fafb01fb61c3023ab04047e29d50a5d4cd612fc9ae90e7832fde7d1dea0804dc16fff17500517be0bf5d28f4ab0203010001,entrySize=2
info|2026-02-06 22:44:20.383505|fisco-bcos-0x000071e9e31ff6c0|[P2PService][Service2][joinRouterTable]create router entry,dst=3082010a0282010100d938a7d0e5078fdc3bfe83bfe8c789160de4c9e207ff836ef8d64a0c846f5f628646fe9170bec49eec44aebb3f17334e76b1003dae65d6858a626d60a3ff3dbbff8cf15ca934ca0f7a09b9ae6c17c911bb2f6083cab81540e00a8d9b9393a3341b90dd134f4a2ec21f1d8c55c2df687896873a36661a862226614582077d41811bcb3e6632cbf1767f6189b76054e8186606ee5a2c73bffe1bd6c8fc415f481324f015045231d662173b6f7e814068dffd598ce9a6f4630744bb0aa80f9f74403f4c3da3ca856b40d043885cc1e7beac524853fafb01fb61c3023ab04047e29d50a5d4cd612fc9ae90e7832fde7d1dea0804dc16fff17500517be0bf5d28f4ab0203010001
info|2026-02-06 22:44:20.384697|fisco-bcos-0x000071e9e39c66c0|[P2PService][Service2][onReceivePeersRouterTable],peer=3082010a0282010100a492268b412bea3e8f972dff0dc52c521cd06884f53d90f3889c7014f7cb635c38a07b81af9630f2b04238a726b029af6b4b924e132710d2894b7175f12a5e323a7119afd27786b01965d49b9c885ff3768f40b9d57817bc1305124f40ced3b1ac99666773a3a64cce079e95acbc31d42f416aad362594008547aae561213b022db32ed9d1bd67df5c020bc44dcc073982b4566fd04048555b1ea84279063d5b1047e9f42776ef03677d2dd1454433fdb3feced3f41b92efdfeda545d56c1c9ba349584c9095f3ad9e31c2db11cbe3007ee7817f5846f87eb01c296d81b36dbbc765b4c7af74aface1276dd4fd91963729e495694b6af5c0d6111c49115a2c3f0203010001,entrySize=3
info|2026-02-06 22:44:20.384927|fisco-bcos-0x000071e9e3dc76c0|[P2PService][Service2][onReceiveRouterTableRequest],peer=3082010a0282010100b85dd5fdfbc4aa99dcef8477a2e1c08c304a63432923826f81b3d0d7d13e79a6ec265462b2f59e76106f8bad7efb849227798aaf7c20a2197e9a95a8ffbbc07f5ccb44d04e995013b9afd04bb77fb7dbfa0f13bd2d404980eae43fc147332e1542ee2d2e973596187bb8ad4dc63b0165052688b1f7fc4a2a8ccb020a55db8ee7b9a45bb901b1c03d94727648a8ec10bfbc854175981345d56f4c783b0211d91f0775e508d8b379b56935777d255f59b63fadc24b43862671f5cbe0d00fcfff7138124c8293f91740a0e0732346eeee748a42f65ddb81da461fce3e76ea6ff452913b80eb5b1dba016f7d4d94f66337cc6bea7a066b8277637aef12c2eba11da10203010001,entrySize=3
info|2026-02-06 22:44:20.385200|fisco-bcos-0x000071e9e39c66c0|[P2PService][Service2][joinRouterTable]create router entry,dst=3082010a0282010100a492268b412bea3e8f972dff0dc52c521cd06884f53d90f3889c7014f7cb635c38a07b81af9630f2b04238a726b029af6b4b924e132710d2894b7175f12a5e323a7119afd27786b01965d49b9c885ff3768f40b9d57817bc1305124f40ced3b1ac99666773a3a64cce079e95acbc31d42f416aad362594008547aae561213b022db32ed9d1bd67df5c020bc44dcc073982b4566fd04048555b1ea84279063d5b1047e9f42776ef03677d2dd1454433fdb3feced3f41b92efdfeda545d56c1c9ba349584c9095f3ad9e31c2db11cbe3007ee7817f5846f87eb01c296d81b36dbbc765b4c7af74aface1276dd4fd91963729e495694b6af5c0d6111c49115a2c3f0203010001
info|2026-02-06 22:44:20.385366|ioService-0x000071e9b11fc6c0|[P2PService][Service2][onReceivePeersRouterTable],peer=3082010a0282010100a492268b412bea3e8f972dff0dc52c521cd06884f53d90f3889c7014f7cb635c38a07b81af9630f2b04238a726b029af6b4b924e132710d2894b7175f12a5e323a7119afd27786b01965d49b9c885ff3768f40b9d57817bc1305124f40ced3b1ac99666773a3a64cce079e95acbc31d42f416aad362594008547aae561213b022db32ed9d1bd67df5c020bc44dcc073982b4566fd04048555b1ea84279063d5b1047e9f42776ef03677d2dd1454433fdb3feced3f41b92efdfeda545d56c1c9ba349584c9095f3ad9e31c2db11cbe3007ee7817f5846f87eb01c296d81b36dbbc765b4c7af74aface1276dd4fd91963729e495694b6af5c0d6111c49115a2c3f0203010001,entrySize=3
info|2026-02-06 22:44:20.385525|fisco-bcos-0x000071e9dadf96c0|[P2PService][Service2][onReceivePeersRouterTable],peer=3082010a0282010100d938a7d0e5078fdc3bfe83bfe8c789160de4c9e207ff836ef8d64a0c846f5f628646fe9170bec49eec44aebb3f17334e76b1003dae65d6858a626d60a3ff3dbbff8cf15ca934ca0f7a09b9ae6c17c911bb2f6083cab81540e00a8d9b9393a3341b90dd134f4a2ec21f1d8c55c2df687896873a36661a862226614582077d41811bcb3e6632cbf1767f6189b76054e8186606ee5a2c73bffe1bd6c8fc415f481324f015045231d662173b6f7e814068dffd598ce9a6f4630744bb0aa80f9f74403f4c3da3ca856b40d043885cc1e7beac524853fafb01fb61c3023ab04047e29d50a5d4cd612fc9ae90e7832fde7d1dea0804dc16fff17500517be0bf5d28f4ab0203010001,entrySize=3
info|2026-02-06 22:44:20.385551|fisco-bcos-0x000071e9dadf96c0|[P2PService][Service2][joinRouterTable]create router entry,dst=3082010a0282010100d938a7d0e5078fdc3bfe83bfe8c789160de4c9e207ff836ef8d64a0c846f5f628646fe9170bec49eec44aebb3f17334e76b1003dae65d6858a626d60a3ff3dbbff8cf15ca934ca0f7a09b9ae6c17c911bb2f6083cab81540e00a8d9b9393a3341b90dd134f4a2ec21f1d8c55c2df687896873a36661a862226614582077d41811bcb3e6632cbf1767f6189b76054e8186606ee5a2c73bffe1bd6c8fc415f481324f015045231d662173b6f7e814068dffd598ce9a6f4630744bb0aa80f9f74403f4c3da3ca856b40d043885cc1e7beac524853fafb01fb61c3023ab04047e29d50a5d4cd612fc9ae90e7832fde7d1dea0804dc16fff17500517be0bf5d28f4ab0203010001
info|2026-02-06 22:44:20.385674|ioService-0x000071e9d35fc6c0|[Gateway][Factory][NEW]SSLContext pubHex: 3082010a0282010100a9ba081864ed1c68f5b81b4fa31a3cb4c81583e0e7c5eec4d7249ecd7d2c8f901393580ca25747abc4e01775b9ff41392cf15074a577cc078f4b07f3152faa0dfe540c63b8de93fbc3afe02564592e274c9c1a76bb0cc8c4692d9404f8e0b7b5440bd66d6e70c33a6d35aca5767a88332fd7853571427789bb25413b734abc293a58791b28aece40a8f74238c2f8b0d32bbbb5f020cfd72ad86d4fb6f1904605a5f43f0f58ed4c826346ad1b71ddac3a15040d6cd21f31f9044b82e690f91329d956b39005f4ab421029ebe499a3fe7179586deded25784665d8949c4db5defd0cbbaf2f27221f3d59e7314f4374086dceea8903a6aedc17d8ca5c7ec4b03fef0203010001
info|2026-02-06 22:44:20.385695|ioService-0x000071e9d35fc6c0|[NETWORK][Host]Get ca basic failed
info|2026-02-06 22:44:20.385741|ioService-0x000071e9d35fc6c0|[Gateway][Factory][NEW]SSLContext pubHex: 3082010a0282010100b85dd5fdfbc4aa99dcef8477a2e1c08c304a63432923826f81b3d0d7d13e79a6ec265462b2f59e76106f8bad7efb849227798aaf7c20a2197e9a95a8ffbbc07f5ccb44d04e995013b9afd04bb77fb7dbfa0f13bd2d404980eae43fc147332e1542ee2d2e973596187bb8ad4dc63b0165052688b1f7fc4a2a8ccb020a55db8ee7b9a45bb901b1c03d94727648a8ec10bfbc854175981345d56f4c783b0211d91f0775e508d8b379b56935777d255f59b63fadc24b43862671f5cbe0d00fcfff7138124c8293f91740a0e0732346eeee748a42f65ddb81da461fce3e76ea6ff452913b80eb5b1dba016f7d4d94f66337cc6bea7a066b8277637aef12c2eba11da10203010001
info|2026-02-06 22:44:20.385749|ioService-0x000071e9d35fc6c0|[Gateway][Factory][NEW]SSLContext pubHex: B85DD5FDFBC4AA99DCEF8477A2E1C08C304A63432923826F81B3D0D7D13E79A6EC265462B2F59E76106F8BAD7EFB849227798AAF7C20A2197E9A95A8FFBBC07F5CCB44D04E995013B9AFD04BB77FB7DBFA0F13BD2D404980EAE43FC147332E1542EE2D2E973596187BB8AD4DC63B0165052688B1F7FC4A2A8CCB020A55DB8EE7B9A45BB901B1C03D94727648A8EC10BFBC854175981345D56F4C783B0211D91F0775E508D8B379B56935777D255F59B63FADC24B43862671F5CBE0D00FCFFF7138124C8293F91740A0E0732346EEEE748A42F65DDB81DA461FCE3E76EA6FF452913B80EB5B1DBA016F7D4D94F66337CC6BEA7A066B8277637AEF12C2EBA11DA1
info|2026-02-06 22:44:20.385845|ioService-0x000071e9b11fc6c0|[P2PService][Service2][joinRouterTable]create router entry,dst=3082010a0282010100a492268b412bea3e8f972dff0dc52c521cd06884f53d90f3889c7014f7cb635c38a07b81af9630f2b04238a726b029af6b4b924e132710d2894b7175f12a5e323a7119afd27786b01965d49b9c885ff3768f40b9d57817bc1305124f40ced3b1ac99666773a3a64cce079e95acbc31d42f416aad362594008547aae561213b022db32ed9d1bd67df5c020bc44dcc073982b4566fd04048555b1ea84279063d5b1047e9f42776ef03677d2dd1454433fdb3feced3f41b92efdfeda545d56c1c9ba349584c9095f3ad9e31c2db11cbe3007ee7817f5846f87eb01c296d81b36dbbc765b4c7af74aface1276dd4fd91963729e495694b6af5c0d6111c49115a2c3f0203010001
info|2026-02-06 22:44:20.386061|fisco-bcos-0x000071e9e1ffe6c0|[P2PService][Service2][onReceiveRouterSeq]receive router seq and request router table,peer=3082010a0282010100d938a7d0e5078fdc3bfe83bfe8c789160de4c9e207ff836ef8d64a0c846f5f628646fe9170bec49eec44aebb3f17334e76b1003dae65d6858a626d60a3ff3dbbff8cf15ca934ca0f7a09b9ae6c17c911bb2f6083cab81540e00a8d9b9393a3341b90dd134f4a2ec21f1d8c55c2df687896873a36661a862226614582077d41811bcb3e6632cbf1767f6189b76054e8186606ee5a2c73bffe1bd6c8fc415f481324f015045231d662173b6f7e814068dffd598ce9a6f4630744bb0aa80f9f74403f4c3da3ca856b40d043885cc1e7beac524853fafb01fb61c3023ab04047e29d50a5d4cd612fc9ae90e7832fde7d1dea0804dc16fff17500517be0bf5d28f4ab0203010001,seq=6
info|2026-02-06 22:44:20.386132|fisco-bcos-0x000071e9da9f86c0|[P2PService][Service2][onReceivePeersRouterTable],peer=3082010a0282010100d938a7d0e5078fdc3bfe83bfe8c789160de4c9e207ff836ef8d64a0c846f5f628646fe9170bec49eec44aebb3f17334e76b1003dae65d6858a626d60a3ff3dbbff8cf15ca934ca0f7a09b9ae6c17c911bb2f6083cab81540e00a8d9b9393a3341b90dd134f4a2ec21f1d8c55c2df687896873a36661a862226614582077d41811bcb3e6632cbf1767f6189b76054e8186606ee5a2c73bffe1bd6c8fc415f481324f015045231d662173b6f7e814068dffd598ce9a6f4630744bb0aa80f9f74403f4c3da3ca856b40d043885cc1e7beac524853fafb01fb61c3023ab04047e29d50a5d4cd612fc9ae90e7832fde7d1dea0804dc16fff17500517be0bf5d28f4ab0203010001,entrySize=3
info|2026-02-06 22:44:20.386143|fisco-bcos-0x000071e9da9f86c0|[P2PService][Service2][joinRouterTable]create router entry,dst=3082010a0282010100d938a7d0e5078fdc3bfe83bfe8c789160de4c9e207ff836ef8d64a0c846f5f628646fe9170bec49eec44aebb3f17334e76b1003dae65d6858a626d60a3ff3dbbff8cf15ca934ca0f7a09b9ae6c17c911bb2f6083cab81540e00a8d9b9393a3341b90dd134f4a2ec21f1d8c55c2df687896873a36661a862226614582077d41811bcb3e6632cbf1767f6189b76054e8186606ee5a2c73bffe1bd6c8fc415f481324f015045231d662173b6f7e814068dffd598ce9a6f4630744bb0aa80f9f74403f4c3da3ca856b40d043885cc1e7beac524853fafb01fb61c3023ab04047e29d50a5d4cd612fc9ae90e7832fde7d1dea0804dc16fff17500517be0bf5d28f4ab0203010001
info|2026-02-06 22:44:20.386192|ioService-0x000071e9d35fc6c0|[NETWORK][Host]obtainP2pInfo ,node_info=3082010a0282010100b85dd5fdfbc4aa99dcef8477a2e1c08c304a63432923826f81b3d0d7d13e79a6ec265462b2f59e76106f8bad7efb849227798aaf7c20a2197e9a95a8ffbbc07f5ccb44d04e995013b9afd04bb77fb7dbfa0f13bd2d404980eae43fc147332e1542ee2d2e973596187bb8ad4dc63b0165052688b1f7fc4a2a8ccb020a55db8ee7b9a45bb901b1c03d94727648a8ec10bfbc854175981345d56f4c783b0211d91f0775e508d8b379b56935777d255f59b63fadc24b43862671f5cbe0d00fcfff7138124c8293f91740a0e0732346eeee748a42f65ddb81da461fce3e76ea6ff452913b80eb5b1dba016f7d4d94f66337cc6bea7a066b8277637aef12c2eba11da10203010001#B85DD5FDFBC4AA99DCEF8477A2E1C08C304A63432923826F81B3D0D7D13E79A6EC265462B2F59E76106F8BAD7EFB849227798AAF7C20A2197E9A95A8FFBBC07F5CCB44D04E995013B9AFD04BB77FB7DBFA0F13BD2D404980EAE43FC147332E1542EE2D2E973596187BB8AD4DC63B0165052688B1F7FC4A2A8CCB020A55DB8EE7B9A45BB901B1C03D94727648A8EC10BFBC854175981345D56F4C783B0211D91F0775E508D8B379B56935777D255F59B63FADC24B43862671F5CBE0D00FCFFF7138124C8293F91740A0E0732346EEEE748A42F65DDB81DA461FCE3E76EA6FF452913B80EB5B1DBA016F7D4D94F66337CC6BEA7A066B8277637AEF12C2EBA11DA1#/CN=FISCO-BCOS-e9f43089/O=FISCO-BCOS-e9f43089/OU=chain#/CN=FISCO-BCOS-e9f43089/O=fisco-bcos/OU=agency,p2pid=3082010a0282010100b85dd5fdfbc4aa99dcef8477a2e1c08c304a63432923826f81b3d0d7d13e79a6ec265462b2f59e76106f8bad7efb849227798aaf7c20a2197e9a95a8ffbbc07f5ccb44d04e995013b9afd04bb77fb7dbfa0f13bd2d404980eae43fc147332e1542ee2d2e973596187bb8ad4dc63b0165052688b1f7fc4a2a8ccb020a55db8ee7b9a45bb901b1c03d94727648a8ec10bfbc854175981345d56f4c783b0211d91f0775e508d8b379b56935777d255f59b63fadc24b43862671f5cbe0d00fcfff7138124c8293f91740a0e0732346eeee748a42f65ddb81da461fce3e76ea6ff452913b80eb5b1dba016f7d4d94f66337cc6bea7a066b8277637aef12c2eba11da10203010001
info|2026-02-06 22:44:20.386340|ioService-0x000071e9afbfd6c0|[P2PService][Service2][onReceiveRouterSeq]receive router seq and request router table,peer=3082010a0282010100b85dd5fdfbc4aa99dcef8477a2e1c08c304a63432923826f81b3d0d7d13e79a6ec265462b2f59e76106f8bad7efb849227798aaf7c20a2197e9a95a8ffbbc07f5ccb44d04e995013b9afd04bb77fb7dbfa0f13bd2d404980eae43fc147332e1542ee2d2e973596187bb8ad4dc63b0165052688b1f7fc4a2a8ccb020a55db8ee7b9a45bb901b1c03d94727648a8ec10bfbc854175981345d56f4c783b0211d91f0775e508d8b379b56935777d255f59b63fadc24b43862671f5cbe0d00fcfff7138124c8293f91740a0e0732346eeee748a42f65ddb81da461fce3e76ea6ff452913b80eb5b1dba016f7d4d94f66337cc6bea7a066b8277637aef12c2eba11da10203010001,seq=6
info|2026-02-06 22:44:20.386367|ioService-0x000071e9d35fc6c0|[NETWORK][Host]handshakeServer succ,remote endpoint=127.0.0.1:35802,nodeid=3082010a0282010100b85dd5fdfbc4aa99dcef8477a2e1c08c304a63432923826f81b3d0d7d13e79a6ec265462b2f59e76106f8bad7efb849227798aaf7c20a2197e9a95a8ffbbc07f5ccb44d04e995013b9afd04bb77fb7dbfa0f13bd2d404980eae43fc147332e1542ee2d2e973596187bb8ad4dc63b0165052688b1f7fc4a2a8ccb020a55db8ee7b9a45bb901b1c03d94727648a8ec10bfbc854175981345d56f4c783b0211d91f0775e508d8b379b56935777d255f59b63fadc24b43862671f5cbe0d00fcfff7138124c8293f91740a0e0732346eeee748a42f65ddb81da461fce3e76ea6ff452913b80eb5b1dba016f7d4d94f66337cc6bea7a066b8277637aef12c2eba11da10203010001
info|2026-02-06 22:44:20.386402|fisco-bcos-0x000071e9b55fe6c0|[P2PService][Service2][onReceivePeersRouterTable],peer=3082010a0282010100b85dd5fdfbc4aa99dcef8477a2e1c08c304a63432923826f81b3d0d7d13e79a6ec265462b2f59e76106f8bad7efb849227798aaf7c20a2197e9a95a8ffbbc07f5ccb44d04e995013b9afd04bb77fb7dbfa0f13bd2d404980eae43fc147332e1542ee2d2e973596187bb8ad4dc63b0165052688b1f7fc4a2a8ccb020a55db8ee7b9a45bb901b1c03d94727648a8ec10bfbc854175981345d56f4c783b0211d91f0775e508d8b379b56935777d255f59b63fadc24b43862671f5cbe0d00fcfff7138124c8293f91740a0e0732346eeee748a42f65ddb81da461fce3e76ea6ff452913b80eb5b1dba016f7d4d94f66337cc6bea7a066b8277637aef12c2eba11da10203010001,entrySize=3
info|2026-02-06 22:44:20.386523|fisco-bcos-0x000071e9b55fe6c0|[P2PService][Service2][joinRouterTable]create router entry,dst=3082010a0282010100b85dd5fdfbc4aa99dcef8477a2e1c08c304a63432923826f81b3d0d7d13e79a6ec265462b2f59e76106f8bad7efb849227798aaf7c20a2197e9a95a8ffbbc07f5ccb44d04e995013b9afd04bb77fb7dbfa0f13bd2d404980eae43fc147332e1542ee2d2e973596187bb8ad4dc63b0165052688b1f7fc4a2a8ccb020a55db8ee7b9a45bb901b1c03d94727648a8ec10bfbc854175981345d56f4c783b0211d91f0775e508d8b379b56935777d255f59b63fadc24b43862671f5cbe0d00fcfff7138124c8293f91740a0e0732346eeee748a42f65ddb81da461fce3e76ea6ff452913b80eb5b1dba016f7d4d94f66337cc6bea7a066b8277637aef12c2eba11da10203010001
info|2026-02-06 22:44:20.386563|ioService-0x000071e9afbfd6c0|[P2PService][Service2][onReceivePeersRouterTable],peer=3082010a0282010100b85dd5fdfbc4aa99dcef8477a2e1c08c304a63432923826f81b3d0d7d13e79a6ec265462b2f59e76106f8bad7efb849227798aaf7c20a2197e9a95a8ffbbc07f5ccb44d04e995013b9afd04bb77fb7dbfa0f13bd2d404980eae43fc147332e1542ee2d2e973596187bb8ad4dc63b0165052688b1f7fc4a2a8ccb020a55db8ee7b9a45bb901b1c03d94727648a8ec10bfbc854175981345d56f4c783b0211d91f0775e508d8b379b56935777d255f59b63fadc24b43862671f5cbe0d00fcfff7138124c8293f91740a0e0732346eeee748a42f65ddb81da461fce3e76ea6ff452913b80eb5b1dba016f7d4d94f66337cc6bea7a066b8277637aef12c2eba11da10203010001,entrySize=3
info|2026-02-06 22:44:20.386575|fisco-bcos-0x000071e9dadf96c0|[P2PService][Service2][onReceivePeersRouterTable],peer=3082010a0282010100b85dd5fdfbc4aa99dcef8477a2e1c08c304a63432923826f81b3d0d7d13e79a6ec265462b2f59e76106f8bad7efb849227798aaf7c20a2197e9a95a8ffbbc07f5ccb44d04e995013b9afd04bb77fb7dbfa0f13bd2d404980eae43fc147332e1542ee2d2e973596187bb8ad4dc63b0165052688b1f7fc4a2a8ccb020a55db8ee7b9a45bb901b1c03d94727648a8ec10bfbc854175981345d56f4c783b0211d91f0775e508d8b379b56935777d255f59b63fadc24b43862671f5cbe0d00fcfff7138124c8293f91740a0e0732346eeee748a42f65ddb81da461fce3e76ea6ff452913b80eb5b1dba016f7d4d94f66337cc6bea7a066b8277637aef12c2eba11da10203010001,entrySize=3
info|2026-02-06 22:44:20.386619|fisco-bcos-0x000071e9dadf96c0|[P2PService][Service2][joinRouterTable]create router entry,dst=3082010a0282010100b85dd5fdfbc4aa99dcef8477a2e1c08c304a63432923826f81b3d0d7d13e79a6ec265462b2f59e76106f8bad7efb849227798aaf7c20a2197e9a95a8ffbbc07f5ccb44d04e995013b9afd04bb77fb7dbfa0f13bd2d404980eae43fc147332e1542ee2d2e973596187bb8ad4dc63b0165052688b1f7fc4a2a8ccb020a55db8ee7b9a45bb901b1c03d94727648a8ec10bfbc854175981345d56f4c783b0211d91f0775e508d8b379b56935777d255f59b63fadc24b43862671f5cbe0d00fcfff7138124c8293f91740a0e0732346eeee748a42f65ddb81da461fce3e76ea6ff452913b80eb5b1dba016f7d4d94f66337cc6bea7a066b8277637aef12c2eba11da10203010001
info|2026-02-06 22:44:20.386652|ioService-0x000071e9afbfd6c0|[P2PService][Service2][joinRouterTable]create router entry,dst=3082010a0282010100b85dd5fdfbc4aa99dcef8477a2e1c08c304a63432923826f81b3d0d7d13e79a6ec265462b2f59e76106f8bad7efb849227798aaf7c20a2197e9a95a8ffbbc07f5ccb44d04e995013b9afd04bb77fb7dbfa0f13bd2d404980eae43fc147332e1542ee2d2e973596187bb8ad4dc63b0165052688b1f7fc4a2a8ccb020a55db8ee7b9a45bb901b1c03d94727648a8ec10bfbc854175981345d56f4c783b0211d91f0775e508d8b379b56935777d255f59b63fadc24b43862671f5cbe0d00fcfff7138124c8293f91740a0e0732346eeee748a42f65ddb81da461fce3e76ea6ff452913b80eb5b1dba016f7d4d94f66337cc6bea7a066b8277637aef12c2eba11da10203010001
info|2026-02-06 22:44:20.387016|fisco-bcos-0x000071e9b03ff6c0|[P2PService][Service2][onReceivePeersRouterTable],peer=3082010a0282010100d938a7d0e5078fdc3bfe83bfe8c789160de4c9e207ff836ef8d64a0c846f5f628646fe9170bec49eec44aebb3f17334e76b1003dae65d6858a626d60a3ff3dbbff8cf15ca934ca0f7a09b9ae6c17c911bb2f6083cab81540e00a8d9b9393a3341b90dd134f4a2ec21f1d8c55c2df687896873a36661a862226614582077d41811bcb3e6632cbf1767f6189b76054e8186606ee5a2c73bffe1bd6c8fc415f481324f015045231d662173b6f7e814068dffd598ce9a6f4630744bb0aa80f9f74403f4c3da3ca856b40d043885cc1e7beac524853fafb01fb61c3023ab04047e29d50a5d4cd612fc9ae90e7832fde7d1dea0804dc16fff17500517be0bf5d28f4ab0203010001,entrySize=3
info|2026-02-06 22:44:20.387041|fisco-bcos-0x000071e9b03ff6c0|[P2PService][Service2][joinRouterTable]create router entry,dst=3082010a0282010100d938a7d0e5078fdc3bfe83bfe8c789160de4c9e207ff836ef8d64a0c846f5f628646fe9170bec49eec44aebb3f17334e76b1003dae65d6858a626d60a3ff3dbbff8cf15ca934ca0f7a09b9ae6c17c911bb2f6083cab81540e00a8d9b9393a3341b90dd134f4a2ec21f1d8c55c2df687896873a36661a862226614582077d41811bcb3e6632cbf1767f6189b76054e8186606ee5a2c73bffe1bd6c8fc415f481324f015045231d662173b6f7e814068dffd598ce9a6f4630744bb0aa80f9f74403f4c3da3ca856b40d043885cc1e7beac524853fafb01fb61c3023ab04047e29d50a5d4cd612fc9ae90e7832fde7d1dea0804dc16fff17500517be0bf5d28f4ab0203010001
info|2026-02-06 22:44:20.387130|fisco-bcos-0x000071e9db1fa6c0|[P2PService][Service2][onReceivePeersRouterTable],peer=3082010a0282010100b85dd5fdfbc4aa99dcef8477a2e1c08c304a63432923826f81b3d0d7d13e79a6ec265462b2f59e76106f8bad7efb849227798aaf7c20a2197e9a95a8ffbbc07f5ccb44d04e995013b9afd04bb77fb7dbfa0f13bd2d404980eae43fc147332e1542ee2d2e973596187bb8ad4dc63b0165052688b1f7fc4a2a8ccb020a55db8ee7b9a45bb901b1c03d94727648a8ec10bfbc854175981345d56f4c783b0211d91f0775e508d8b379b56935777d255f59b63fadc24b43862671f5cbe0d00fcfff7138124c8293f91740a0e0732346eeee748a42f65ddb81da461fce3e76ea6ff452913b80eb5b1dba016f7d4d94f66337cc6bea7a066b8277637aef12c2eba11da10203010001,entrySize=3
info|2026-02-06 22:44:20.387141|fisco-bcos-0x000071e9db1fa6c0|[P2PService][Service2][joinRouterTable]create router entry,dst=3082010a0282010100b85dd5fdfbc4aa99dcef8477a2e1c08c304a63432923826f81b3d0d7d13e79a6ec265462b2f59e76106f8bad7efb849227798aaf7c20a2197e9a95a8ffbbc07f5ccb44d04e995013b9afd04bb77fb7dbfa0f13bd2d404980eae43fc147332e1542ee2d2e973596187bb8ad4dc63b0165052688b1f7fc4a2a8ccb020a55db8ee7b9a45bb901b1c03d94727648a8ec10bfbc854175981345d56f4c783b0211d91f0775e508d8b379b56935777d255f59b63fadc24b43862671f5cbe0d00fcfff7138124c8293f91740a0e0732346eeee748a42f65ddb81da461fce3e76ea6ff452913b80eb5b1dba016f7d4d94f66337cc6bea7a066b8277637aef12c2eba11da10203010001
info|2026-02-06 22:44:20.387606|ioService-0x000071e9d35fc6c0|[SESSION][Session][Session::Session] this=0x71e9d085c1d0,recvBufferSize=67108864
info|2026-02-06 22:44:20.387769|ioService-0x000071e9d35fc6c0|[SessionFactory]create new session,sessionRecvBufferSize=67108864,allowMaxMsgSize=33554432,maxReadDataSize=40960,maxSendDataSize=1048576,maxSendMsgCountS=10,enableCompress=true
info|2026-02-06 22:44:20.387851|ioService-0x000071e9d35fc6c0|[NETWORK][Host]startPeerSession, Remote=127.0.0.1:35802,local endpoint=127.0.0.1:30302,p2pid=3082010a0282010100b85dd5fdfbc4aa99dcef8477a2e1c08c304a63432923826f81b3d0d7d13e79a6ec265462b2f59e76106f8bad7efb849227798aaf7c20a2197e9a95a8ffbbc07f5ccb44d04e995013b9afd04bb77fb7dbfa0f13bd2d404980eae43fc147332e1542ee2d2e973596187bb8ad4dc63b0165052688b1f7fc4a2a8ccb020a55db8ee7b9a45bb901b1c03d94727648a8ec10bfbc854175981345d56f4c783b0211d91f0775e508d8b379b56935777d255f59b63fadc24b43862671f5cbe0d00fcfff7138124c8293f91740a0e0732346eeee748a42f65ddb81da461fce3e76ea6ff452913b80eb5b1dba016f7d4d94f66337cc6bea7a066b8277637aef12c2eba11da10203010001
info|2026-02-06 22:44:20.387942|fisco-bcos-0x000071e9dadf96c0|[P2PService][Service]onConnect,p2pid=3082010a0282010100b85dd5fdfbc4aa99dcef8477a2e1c08c304a63432923826f81b3d0d7d13e79a6ec265462b2f59e76106f8bad7efb849227798aaf7c20a2197e9a95a8ffbbc07f5ccb44d04e995013b9afd04bb77fb7dbfa0f13bd2d404980eae43fc147332e1542ee2d2e973596187bb8ad4dc63b0165052688b1f7fc4a2a8ccb020a55db8ee7b9a45bb901b1c03d94727648a8ec10bfbc854175981345d56f4c783b0211d91f0775e508d8b379b56935777d255f59b63fadc24b43862671f5cbe0d00fcfff7138124c8293f91740a0e0732346eeee748a42f65ddb81da461fce3e76ea6ff452913b80eb5b1dba016f7d4d94f66337cc6bea7a066b8277637aef12c2eba11da10203010001,endpoint=127.0.0.1
info|2026-02-06 22:44:20.388028|fisco-bcos-0x000071e9dadf96c0|[P2PService][Service]Disconnect duplicate peer,p2pid=3082010a0282010100b85dd5fdfbc4aa99dcef8477a2e1c08c304a63432923826f81b3d0d7d13e79a6ec265462b2f59e76106f8bad7efb849227798aaf7c20a2197e9a95a8ffbbc07f5ccb44d04e995013b9afd04bb77fb7dbfa0f13bd2d404980eae43fc147332e1542ee2d2e973596187bb8ad4dc63b0165052688b1f7fc4a2a8ccb020a55db8ee7b9a45bb901b1c03d94727648a8ec10bfbc854175981345d56f4c783b0211d91f0775e508d8b379b56935777d255f59b63fadc24b43862671f5cbe0d00fcfff7138124c8293f91740a0e0732346eeee748a42f65ddb81da461fce3e76ea6ff452913b80eb5b1dba016f7d4d94f66337cc6bea7a066b8277637aef12c2eba11da10203010001
info|2026-02-06 22:44:20.388034|fisco-bcos-0x000071e9dadf96c0|[SESSION][Session][Session::~Session] this=0x71e9d085c1d0
info|2026-02-06 22:44:20.427648|fisco-bcos-0x000071e9da9f86c0|[P2PService][Service2][onReceiveRouterSeq]receive router seq and request router table,peer=3082010a0282010100d938a7d0e5078fdc3bfe83bfe8c789160de4c9e207ff836ef8d64a0c846f5f628646fe9170bec49eec44aebb3f17334e76b1003dae65d6858a626d60a3ff3dbbff8cf15ca934ca0f7a09b9ae6c17c911bb2f6083cab81540e00a8d9b9393a3341b90dd134f4a2ec21f1d8c55c2df687896873a36661a862226614582077d41811bcb3e6632cbf1767f6189b76054e8186606ee5a2c73bffe1bd6c8fc415f481324f015045231d662173b6f7e814068dffd598ce9a6f4630744bb0aa80f9f74403f4c3da3ca856b40d043885cc1e7beac524853fafb01fb61c3023ab04047e29d50a5d4cd612fc9ae90e7832fde7d1dea0804dc16fff17500517be0bf5d28f4ab0203010001,seq=7
info|2026-02-06 22:44:20.429428|fisco-bcos-0x000071e9ae7ff6c0|[P2PService][Service2][onReceivePeersRouterTable],peer=3082010a0282010100d938a7d0e5078fdc3bfe83bfe8c789160de4c9e207ff836ef8d64a0c846f5f628646fe9170bec49eec44aebb3f17334e76b1003dae65d6858a626d60a3ff3dbbff8cf15ca934ca0f7a09b9ae6c17c911bb2f6083cab81540e00a8d9b9393a3341b90dd134f4a2ec21f1d8c55c2df687896873a36661a862226614582077d41811bcb3e6632cbf1767f6189b76054e8186606ee5a2c73bffe1bd6c8fc415f481324f015045231d662173b6f7e814068dffd598ce9a6f4630744bb0aa80f9f74403f4c3da3ca856b40d043885cc1e7beac524853fafb01fb61c3023ab04047e29d50a5d4cd612fc9ae90e7832fde7d1dea0804dc16fff17500517be0bf5d28f4ab0203010001,entrySize=3
info|2026-02-06 22:44:20.429517|fisco-bcos-0x000071e9ae7ff6c0|[P2PService][Service2][joinRouterTable]create router entry,dst=3082010a0282010100d938a7d0e5078fdc3bfe83bfe8c789160de4c9e207ff836ef8d64a0c846f5f628646fe9170bec49eec44aebb3f17334e76b1003dae65d6858a626d60a3ff3dbbff8cf15ca934ca0f7a09b9ae6c17c911bb2f6083cab81540e00a8d9b9393a3341b90dd134f4a2ec21f1d8c55c2df687896873a36661a862226614582077d41811bcb3e6632cbf1767f6189b76054e8186606ee5a2c73bffe1bd6c8fc415f481324f015045231d662173b6f7e814068dffd598ce9a6f4630744bb0aa80f9f74403f4c3da3ca856b40d043885cc1e7beac524853fafb01fb61c3023ab04047e29d50a5d4cd612fc9ae90e7832fde7d1dea0804dc16fff17500517be0bf5d28f4ab0203010001
info|2026-02-06 22:44:20.431746|ioService-0x000071e9addfd6c0|[P2PService][Service2][onReceiveRouterSeq]receive router seq and request router table,peer=3082010a0282010100b85dd5fdfbc4aa99dcef8477a2e1c08c304a63432923826f81b3d0d7d13e79a6ec265462b2f59e76106f8bad7efb849227798aaf7c20a2197e9a95a8ffbbc07f5ccb44d04e995013b9afd04bb77fb7dbfa0f13bd2d404980eae43fc147332e1542ee2d2e973596187bb8ad4dc63b0165052688b1f7fc4a2a8ccb020a55db8ee7b9a45bb901b1c03d94727648a8ec10bfbc854175981345d56f4c783b0211d91f0775e508d8b379b56935777d255f59b63fadc24b43862671f5cbe0d00fcfff7138124c8293f91740a0e0732346eeee748a42f65ddb81da461fce3e76ea6ff452913b80eb5b1dba016f7d4d94f66337cc6bea7a066b8277637aef12c2eba11da10203010001,seq=7
info|2026-02-06 22:44:20.432897|fisco-bcos-0x000071e9da9f86c0|[P2PService][Service2][onReceivePeersRouterTable],peer=3082010a0282010100b85dd5fdfbc4aa99dcef8477a2e1c08c304a63432923826f81b3d0d7d13e79a6ec265462b2f59e76106f8bad7efb849227798aaf7c20a2197e9a95a8ffbbc07f5ccb44d04e995013b9afd04bb77fb7dbfa0f13bd2d404980eae43fc147332e1542ee2d2e973596187bb8ad4dc63b0165052688b1f7fc4a2a8ccb020a55db8ee7b9a45bb901b1c03d94727648a8ec10bfbc854175981345d56f4c783b0211d91f0775e508d8b379b56935777d255f59b63fadc24b43862671f5cbe0d00fcfff7138124c8293f91740a0e0732346eeee748a42f65ddb81da461fce3e76ea6ff452913b80eb5b1dba016f7d4d94f66337cc6bea7a066b8277637aef12c2eba11da10203010001,entrySize=3
info|2026-02-06 22:44:20.432954|fisco-bcos-0x000071e9da9f86c0|[P2PService][Service2][joinRouterTable]create router entry,dst=3082010a0282010100b85dd5fdfbc4aa99dcef8477a2e1c08c304a63432923826f81b3d0d7d13e79a6ec265462b2f59e76106f8bad7efb849227798aaf7c20a2197e9a95a8ffbbc07f5ccb44d04e995013b9afd04bb77fb7dbfa0f13bd2d404980eae43fc147332e1542ee2d2e973596187bb8ad4dc63b0165052688b1f7fc4a2a8ccb020a55db8ee7b9a45bb901b1c03d94727648a8ec10bfbc854175981345d56f4c783b0211d91f0775e508d8b379b56935777d255f59b63fadc24b43862671f5cbe0d00fcfff7138124c8293f91740a0e0732346eeee748a42f65ddb81da461fce3e76ea6ff452913b80eb5b1dba016f7d4d94f66337cc6bea7a066b8277637aef12c2eba11da10203010001
info|2026-02-06 22:44:21.353709|fisco-bcos-0x000071e9da9f86c0|[Gateway][GatewayNodeManager]generateNodeStatus,groupType=0,groupID=group0,nodeListSize=1,nodeTypeListSize=1,seq=3
info|2026-02-06 22:44:21.353733|fisco-bcos-0x000071e9da9f86c0|[Gateway][GatewayNodeManager]generateNodeStatus,nodeListSize=1
info|2026-02-06 22:44:21.354599|ioService-0x000071e9afbfd6c0|[Gateway][GatewayNodeManager]generateNodeStatus,groupType=0,groupID=group0,nodeListSize=1,nodeTypeListSize=1,seq=3
info|2026-02-06 22:44:21.354620|ioService-0x000071e9afbfd6c0|[Gateway][GatewayNodeManager]generateNodeStatus,nodeListSize=1
info|2026-02-06 22:44:21.354867|ioService-0x000071e9afbfd6c0|[Gateway][GatewayNodeManager]onReceiveNodeStatus,from=3082010a0282010100d938a7d0e5078fdc3bfe83bfe8c789160de4c9e207ff836ef8d64a0c846f5f628646fe9170bec49eec44aebb3f17334e76b1003dae65d6858a626d60a3ff3dbbff8cf15ca934ca0f7a09b9ae6c17c911bb2f6083cab81540e00a8d9b9393a3341b90dd134f4a2ec21f1d8c55c2df687896873a36661a862226614582077d41811bcb3e6632cbf1767f6189b76054e8186606ee5a2c73bffe1bd6c8fc415f481324f015045231d662173b6f7e814068dffd598ce9a6f4630744bb0aa80f9f74403f4c3da3ca856b40d043885cc1e7beac524853fafb01fb61c3023ab04047e29d50a5d4cd612fc9ae90e7832fde7d1dea0804dc16fff17500517be0bf5d28f4ab0203010001,seq=3,uuid=3082010a0282010100d938a7d0e5078fdc3bfe83bfe8c789160de4c9e207ff836ef8d64a0c846f5f628646fe9170bec49eec44aebb3f17334e76b1003dae65d6858a626d60a3ff3dbbff8cf15ca934ca0f7a09b9ae6c17c911bb2f6083cab81540e00a8d9b9393a3341b90dd134f4a2ec21f1d8c55c2df687896873a36661a862226614582077d41811bcb3e6632cbf1767f6189b76054e8186606ee5a2c73bffe1bd6c8fc415f481324f015045231d662173b6f7e814068dffd598ce9a6f4630744bb0aa80f9f74403f4c3da3ca856b40d043885cc1e7beac524853fafb01fb61c3023ab04047e29d50a5d4cd612fc9ae90e7832fde7d1dea0804dc16fff17500517be0bf5d28f4ab0203010001
info|2026-02-06 22:44:21.354890|ioService-0x000071e9afbfd6c0|[Gateway][Router]updatePeerStatus,gatewayUUID=3082010a0282010100d938a7d0e5078fdc3bfe83bfe8c789160de4c9e207ff836ef8d64a0c846f5f628646fe9170bec49eec44aebb3f17334e76b1003dae65d6858a626d60a3ff3dbbff8cf15ca934ca0f7a09b9ae6c17c911bb2f6083cab81540e00a8d9b9393a3341b90dd134f4a2ec21f1d8c55c2df687896873a36661a862226614582077d41811bcb3e6632cbf1767f6189b76054e8186606ee5a2c73bffe1bd6c8fc415f481324f015045231d662173b6f7e814068dffd598ce9a6f4630744bb0aa80f9f74403f4c3da3ca856b40d043885cc1e7beac524853fafb01fb61c3023ab04047e29d50a5d4cd612fc9ae90e7832fde7d1dea0804dc16fff17500517be0bf5d28f4ab0203010001,nodeList=1
info|2026-02-06 22:44:21.354899|ioService-0x000071e9afbfd6c0|[Gateway][Router]batchInsertNodeList,group=group0,nodeIDs=1,protocols=1
info|2026-02-06 22:44:21.354912|ioService-0x000071e9afbfd6c0|[Gateway][Router]GatewayStatus: update,group=group0,type=0,p2pID=3082010a0282010100d938a7d0e5078fdc3bfe83bfe8c789160de4c9e207ff836ef8d64a0c846f5f628646fe9170bec49eec44aebb3f17334e76b1003dae65d6858a626d60a3ff3dbbff8cf15ca934ca0f7a09b9ae6c17c911bb2f6083cab81540e00a8d9b9393a3341b90dd134f4a2ec21f1d8c55c2df687896873a36661a862226614582077d41811bcb3e6632cbf1767f6189b76054e8186606ee5a2c73bffe1bd6c8fc415f481324f015045231d662173b6f7e814068dffd598ce9a6f4630744bb0aa80f9f74403f4c3da3ca856b40d043885cc1e7beac524853fafb01fb61c3023ab04047e29d50a5d4cd612fc9ae90e7832fde7d1dea0804dc16fff17500517be0bf5d28f4ab0203010001
info|2026-02-06 22:44:21.354921|ioService-0x000071e9afbfd6c0|[Gateway][GatewayNodeManager]syncLatestNodeIDList,groupID=group0,nodeCount=2
info|2026-02-06 22:44:21.354934|ioService-0x000071e9afbfd6c0|[FrontService]protocolNegotiate success,nodeID=0d6a7f52cb87ce7fda869e0db309ec9c53723c46f81632c21e4abbf1a9159f14d53f37cc0c4141548da9ec877d6235afd7a501c40d296fc4c5252a8717aa23c2,groupID=group0,minVersion=0,maxVersion=2,supportedMinVersion=0,supportedMaxVersion=2,version=2
info|2026-02-06 22:44:21.354940|ioService-0x000071e9afbfd6c0|[FrontService]protocolNegotiate success,nodeID=21a47acec36f73d8e925a7d5db44793f998e1a42a6d7ee2e3a5cf4037b853452cb76f6cbab8e5b223a128e8ee15790d1f629858b47070b4eb2e1ddb2b0ada297,groupID=group0,minVersion=0,maxVersion=2,supportedMinVersion=0,supportedMaxVersion=2,version=2
info|2026-02-06 22:44:21.354994|ioService-0x000071e9afbfd6c0|[FrontService]onReceiveGroupNodeInfo,groupID=group0,nodeIDs.size()=2
info|2026-02-06 22:44:21.355053|fisco-bcos-0x000071e9b55fe6c0|SyncConfig: setConnectedNodeList,size=2
info|2026-02-06 22:44:21.355133|fisco-bcos-0x000071e9b55fe6c0|SyncConfig: setConnectedNodeList,size=2
info|2026-02-06 22:44:21.355140|fisco-bcos-0x000071e9b55fe6c0|[FRONTSERVICE]notifyGroupNodeInfo,connectedNodeSize=2
info|2026-02-06 22:44:21.355894|fisco-bcos-0x000071e9dadf96c0|[Gateway][GatewayNodeManager]generateNodeStatus,groupType=0,groupID=group0,nodeListSize=1,nodeTypeListSize=1,seq=3
info|2026-02-06 22:44:21.355944|fisco-bcos-0x000071e9dadf96c0|[Gateway][GatewayNodeManager]generateNodeStatus,nodeListSize=1
info|2026-02-06 22:44:21.400092|fisco-bcos-0x000071e9da9f86c0|[Gateway][GatewayNodeManager]onReceiveNodeStatus,from=3082010a0282010100a492268b412bea3e8f972dff0dc52c521cd06884f53d90f3889c7014f7cb635c38a07b81af9630f2b04238a726b029af6b4b924e132710d2894b7175f12a5e323a7119afd27786b01965d49b9c885ff3768f40b9d57817bc1305124f40ced3b1ac99666773a3a64cce079e95acbc31d42f416aad362594008547aae561213b022db32ed9d1bd67df5c020bc44dcc073982b4566fd04048555b1ea84279063d5b1047e9f42776ef03677d2dd1454433fdb3feced3f41b92efdfeda545d56c1c9ba349584c9095f3ad9e31c2db11cbe3007ee7817f5846f87eb01c296d81b36dbbc765b4c7af74aface1276dd4fd91963729e495694b6af5c0d6111c49115a2c3f0203010001,seq=3,uuid=3082010a0282010100a492268b412bea3e8f972dff0dc52c521cd06884f53d90f3889c7014f7cb635c38a07b81af9630f2b04238a726b029af6b4b924e132710d2894b7175f12a5e323a7119afd27786b01965d49b9c885ff3768f40b9d57817bc1305124f40ced3b1ac99666773a3a64cce079e95acbc31d42f416aad362594008547aae561213b022db32ed9d1bd67df5c020bc44dcc073982b4566fd04048555b1ea84279063d5b1047e9f42776ef03677d2dd1454433fdb3feced3f41b92efdfeda545d56c1c9ba349584c9095f3ad9e31c2db11cbe3007ee7817f5846f87eb01c296d81b36dbbc765b4c7af74aface1276dd4fd91963729e495694b6af5c0d6111c49115a2c3f0203010001
info|2026-02-06 22:44:21.400143|fisco-bcos-0x000071e9da9f86c0|[Gateway][Router]updatePeerStatus,gatewayUUID=3082010a0282010100a492268b412bea3e8f972dff0dc52c521cd06884f53d90f3889c7014f7cb635c38a07b81af9630f2b04238a726b029af6b4b924e132710d2894b7175f12a5e323a7119afd27786b01965d49b9c885ff3768f40b9d57817bc1305124f40ced3b1ac99666773a3a64cce079e95acbc31d42f416aad362594008547aae561213b022db32ed9d1bd67df5c020bc44dcc073982b4566fd04048555b1ea84279063d5b1047e9f42776ef03677d2dd1454433fdb3feced3f41b92efdfeda545d56c1c9ba349584c9095f3ad9e31c2db11cbe3007ee7817f5846f87eb01c296d81b36dbbc765b4c7af74aface1276dd4fd91963729e495694b6af5c0d6111c49115a2c3f0203010001,nodeList=1
info|2026-02-06 22:44:21.400154|fisco-bcos-0x000071e9da9f86c0|[Gateway][Router]batchInsertNodeList,group=group0,nodeIDs=1,protocols=1
info|2026-02-06 22:44:21.400179|fisco-bcos-0x000071e9da9f86c0|[Gateway][Router]GatewayStatus: update,group=group0,type=0,p2pID=3082010a0282010100a492268b412bea3e8f972dff0dc52c521cd06884f53d90f3889c7014f7cb635c38a07b81af9630f2b04238a726b029af6b4b924e132710d2894b7175f12a5e323a7119afd27786b01965d49b9c885ff3768f40b9d57817bc1305124f40ced3b1ac99666773a3a64cce079e95acbc31d42f416aad362594008547aae561213b022db32ed9d1bd67df5c020bc44dcc073982b4566fd04048555b1ea84279063d5b1047e9f42776ef03677d2dd1454433fdb3feced3f41b92efdfeda545d56c1c9ba349584c9095f3ad9e31c2db11cbe3007ee7817f5846f87eb01c296d81b36dbbc765b4c7af74aface1276dd4fd91963729e495694b6af5c0d6111c49115a2c3f0203010001
info|2026-02-06 22:44:21.400190|fisco-bcos-0x000071e9da9f86c0|[Gateway][GatewayNodeManager]syncLatestNodeIDList,groupID=group0,nodeCount=3
info|2026-02-06 22:44:21.400197|fisco-bcos-0x000071e9da9f86c0|[FrontService]protocolNegotiate success,nodeID=0d6a7f52cb87ce7fda869e0db309ec9c53723c46f81632c21e4abbf1a9159f14d53f37cc0c4141548da9ec877d6235afd7a501c40d296fc4c5252a8717aa23c2,groupID=group0,minVersion=0,maxVersion=2,supportedMinVersion=0,supportedMaxVersion=2,version=2
info|2026-02-06 22:44:21.400202|fisco-bcos-0x000071e9da9f86c0|[FrontService]protocolNegotiate success,nodeID=21a47acec36f73d8e925a7d5db44793f998e1a42a6d7ee2e3a5cf4037b853452cb76f6cbab8e5b223a128e8ee15790d1f629858b47070b4eb2e1ddb2b0ada297,groupID=group0,minVersion=0,maxVersion=2,supportedMinVersion=0,supportedMaxVersion=2,version=2
info|2026-02-06 22:44:21.400209|fisco-bcos-0x000071e9da9f86c0|[FrontService]protocolNegotiate success,nodeID=2346c69c46d42278eb237167eb19eb28432b63783cc0fd7cddc90f89c148e755db8941be9b0c5f37cbc21c409a78c154abc75ce0c80818c6fbb76aea6bcd0a9a,groupID=group0,minVersion=0,maxVersion=2,supportedMinVersion=0,supportedMaxVersion=2,version=2
info|2026-02-06 22:44:21.400415|ioService-0x000071e9ad5ff6c0|[TIMESYNC]updateTimeInfo: update median time offset,updatedMedianTimeOffset=0,peer=2346c69c...,peerTime=1770389061359,peerOffset=-41,utcTime=1770389061400
info|2026-02-06 22:44:21.400484|fisco-bcos-0x000071e9da9f86c0|[FrontService]onReceiveGroupNodeInfo,groupID=group0,nodeIDs.size()=3
info|2026-02-06 22:44:21.400559|fisco-bcos-0x000071e9da9f86c0|SyncConfig: setConnectedNodeList,size=3
info|2026-02-06 22:44:21.400636|fisco-bcos-0x000071e9da9f86c0|SyncConfig: setConnectedNodeList,size=3
info|2026-02-06 22:44:21.400643|fisco-bcos-0x000071e9da9f86c0|[FRONTSERVICE]notifyGroupNodeInfo,connectedNodeSize=3
info|2026-02-06 22:44:21.401274|fisco-bcos-0x000071e9ac7ff6c0|[Gateway][GatewayNodeManager]onReceiveNodeStatus,from=3082010a0282010100b85dd5fdfbc4aa99dcef8477a2e1c08c304a63432923826f81b3d0d7d13e79a6ec265462b2f59e76106f8bad7efb849227798aaf7c20a2197e9a95a8ffbbc07f5ccb44d04e995013b9afd04bb77fb7dbfa0f13bd2d404980eae43fc147332e1542ee2d2e973596187bb8ad4dc63b0165052688b1f7fc4a2a8ccb020a55db8ee7b9a45bb901b1c03d94727648a8ec10bfbc854175981345d56f4c783b0211d91f0775e508d8b379b56935777d255f59b63fadc24b43862671f5cbe0d00fcfff7138124c8293f91740a0e0732346eeee748a42f65ddb81da461fce3e76ea6ff452913b80eb5b1dba016f7d4d94f66337cc6bea7a066b8277637aef12c2eba11da10203010001,seq=3,uuid=3082010a0282010100b85dd5fdfbc4aa99dcef8477a2e1c08c304a63432923826f81b3d0d7d13e79a6ec265462b2f59e76106f8bad7efb849227798aaf7c20a2197e9a95a8ffbbc07f5ccb44d04e995013b9afd04bb77fb7dbfa0f13bd2d404980eae43fc147332e1542ee2d2e973596187bb8ad4dc63b0165052688b1f7fc4a2a8ccb020a55db8ee7b9a45bb901b1c03d94727648a8ec10bfbc854175981345d56f4c783b0211d91f0775e508d8b379b56935777d255f59b63fadc24b43862671f5cbe0d00fcfff7138124c8293f91740a0e0732346eeee748a42f65ddb81da461fce3e76ea6ff452913b80eb5b1dba016f7d4d94f66337cc6bea7a066b8277637aef12c2eba11da10203010001
info|2026-02-06 22:44:21.401328|fisco-bcos-0x000071e9ac7ff6c0|[Gateway][Router]updatePeerStatus,gatewayUUID=3082010a0282010100b85dd5fdfbc4aa99dcef8477a2e1c08c304a63432923826f81b3d0d7d13e79a6ec265462b2f59e76106f8bad7efb849227798aaf7c20a2197e9a95a8ffbbc07f5ccb44d04e995013b9afd04bb77fb7dbfa0f13bd2d404980eae43fc147332e1542ee2d2e973596187bb8ad4dc63b0165052688b1f7fc4a2a8ccb020a55db8ee7b9a45bb901b1c03d94727648a8ec10bfbc854175981345d56f4c783b0211d91f0775e508d8b379b56935777d255f59b63fadc24b43862671f5cbe0d00fcfff7138124c8293f91740a0e0732346eeee748a42f65ddb81da461fce3e76ea6ff452913b80eb5b1dba016f7d4d94f66337cc6bea7a066b8277637aef12c2eba11da10203010001,nodeList=1
info|2026-02-06 22:44:21.401346|fisco-bcos-0x000071e9ac7ff6c0|[Gateway][Router]batchInsertNodeList,group=group0,nodeIDs=1,protocols=1
info|2026-02-06 22:44:21.401361|fisco-bcos-0x000071e9ac7ff6c0|[Gateway][Router]GatewayStatus: update,group=group0,type=0,p2pID=3082010a0282010100b85dd5fdfbc4aa99dcef8477a2e1c08c304a63432923826f81b3d0d7d13e79a6ec265462b2f59e76106f8bad7efb849227798aaf7c20a2197e9a95a8ffbbc07f5ccb44d04e995013b9afd04bb77fb7dbfa0f13bd2d404980eae43fc147332e1542ee2d2e973596187bb8ad4dc63b0165052688b1f7fc4a2a8ccb020a55db8ee7b9a45bb901b1c03d94727648a8ec10bfbc854175981345d56f4c783b0211d91f0775e508d8b379b56935777d255f59b63fadc24b43862671f5cbe0d00fcfff7138124c8293f91740a0e0732346eeee748a42f65ddb81da461fce3e76ea6ff452913b80eb5b1dba016f7d4d94f66337cc6bea7a066b8277637aef12c2eba11da10203010001
info|2026-02-06 22:44:21.401615|fisco-bcos-0x000071e9ac7ff6c0|[Gateway][GatewayNodeManager]syncLatestNodeIDList,groupID=group0,nodeCount=4
info|2026-02-06 22:44:21.401680|fisco-bcos-0x000071e9ac7ff6c0|[FrontService]protocolNegotiate success,nodeID=0d6a7f52cb87ce7fda869e0db309ec9c53723c46f81632c21e4abbf1a9159f14d53f37cc0c4141548da9ec877d6235afd7a501c40d296fc4c5252a8717aa23c2,groupID=group0,minVersion=0,maxVersion=2,supportedMinVersion=0,supportedMaxVersion=2,version=2
info|2026-02-06 22:44:21.401696|fisco-bcos-0x000071e9ac7ff6c0|[FrontService]protocolNegotiate success,nodeID=21a47acec36f73d8e925a7d5db44793f998e1a42a6d7ee2e3a5cf4037b853452cb76f6cbab8e5b223a128e8ee15790d1f629858b47070b4eb2e1ddb2b0ada297,groupID=group0,minVersion=0,maxVersion=2,supportedMinVersion=0,supportedMaxVersion=2,version=2
info|2026-02-06 22:44:21.401701|fisco-bcos-0x000071e9ac7ff6c0|[FrontService]protocolNegotiate success,nodeID=2346c69c46d42278eb237167eb19eb28432b63783cc0fd7cddc90f89c148e755db8941be9b0c5f37cbc21c409a78c154abc75ce0c80818c6fbb76aea6bcd0a9a,groupID=group0,minVersion=0,maxVersion=2,supportedMinVersion=0,supportedMaxVersion=2,version=2
info|2026-02-06 22:44:21.401747|fisco-bcos-0x000071e9ac7ff6c0|[FrontService]protocolNegotiate success,nodeID=5b07d12d1512a66493c8fd3456d8c505e6ce05f20061613a4c48a1fa3755bbf9cc2d2f1878c4a6733389f03deb0a3fc0c672e2f4910fde9802d6675929cb3dc5,groupID=group0,minVersion=0,maxVersion=2,supportedMinVersion=0,supportedMaxVersion=2,version=2
info|2026-02-06 22:44:21.401784|fisco-bcos-0x000071e9ac7ff6c0|[FrontService]onReceiveGroupNodeInfo,groupID=group0,nodeIDs.size()=4
info|2026-02-06 22:44:21.401873|fisco-bcos-0x000071e9ac7ff6c0|SyncConfig: setConnectedNodeList,size=4
info|2026-02-06 22:44:21.402093|fisco-bcos-0x000071e9ac7ff6c0|SyncConfig: setConnectedNodeList,size=4
info|2026-02-06 22:44:21.402137|fisco-bcos-0x000071e9ac7ff6c0|[FRONTSERVICE]notifyGroupNodeInfo,connectedNodeSize=4
info|2026-02-06 22:44:21.548054|ioService-0x000071e9aaffe6c0|[TIMESYNC]updateTimeInfo: update median time offset,updatedMedianTimeOffset=0,peer=21a47ace...,peerTime=1770389061546,peerOffset=-2,utcTime=1770389061548
info|2026-02-06 22:44:21.553195|ioService-0x000071e9af3ff6c0|[TIMESYNC]updateTimeInfo: update median time offset,updatedMedianTimeOffset=0,peer=5b07d12d...,peerTime=1770389061551,peerOffset=-2,utcTime=1770389061553
info|2026-02-06 22:44:22.353452|amopDispatcher-0x000071ea0c5fd6c0|[AMOP][AMOP][onReceiveTopicSeqMessage][try to request latest AMOP information],nodeID=3082010a0282010100d938a7d0e5078fdc3bfe83bfe8c789160de4c9e207ff836ef8d64a0c846f5f628646fe9170bec49eec44aebb3f17334e76b1003dae65d6858a626d60a3ff3dbbff8cf15ca934ca0f7a09b9ae6c17c911bb2f6083cab81540e00a8d9b9393a3341b90dd134f4a2ec21f1d8c55c2df687896873a36661a862226614582077d41811bcb3e6632cbf1767f6189b76054e8186606ee5a2c73bffe1bd6c8fc415f481324f015045231d662173b6f7e814068dffd598ce9a6f4630744bb0aa80f9f74403f4c3da3ca856b40d043885cc1e7beac524853fafb01fb61c3023ab04047e29d50a5d4cd612fc9ae90e7832fde7d1dea0804dc16fff17500517be0bf5d28f4ab0203010001,topicSeq=1
info|2026-02-06 22:44:22.354237|amopDispatcher-0x000071ea0c5fd6c0|[AMOP][AMOP][onReceiveRequestTopicMessage],nodeID=3082010a0282010100d938a7d0e5078fdc3bfe83bfe8c789160de4c9e207ff836ef8d64a0c846f5f628646fe9170bec49eec44aebb3f17334e76b1003dae65d6858a626d60a3ff3dbbff8cf15ca934ca0f7a09b9ae6c17c911bb2f6083cab81540e00a8d9b9393a3341b90dd134f4a2ec21f1d8c55c2df687896873a36661a862226614582077d41811bcb3e6632cbf1767f6189b76054e8186606ee5a2c73bffe1bd6c8fc415f481324f015045231d662173b6f7e814068dffd598ce9a6f4630744bb0aa80f9f74403f4c3da3ca856b40d043885cc1e7beac524853fafb01fb61c3023ab04047e29d50a5d4cd612fc9ae90e7832fde7d1dea0804dc16fff17500517be0bf5d28f4ab0203010001,topicJson={"topicItems":[],"topicSeq":1}
info|2026-02-06 22:44:22.355659|amopDispatcher-0x000071ea0c5fd6c0|[AMOP][AMOP][onReceiveRequestTopicMessage],nodeID=3082010a0282010100b85dd5fdfbc4aa99dcef8477a2e1c08c304a63432923826f81b3d0d7d13e79a6ec265462b2f59e76106f8bad7efb849227798aaf7c20a2197e9a95a8ffbbc07f5ccb44d04e995013b9afd04bb77fb7dbfa0f13bd2d404980eae43fc147332e1542ee2d2e973596187bb8ad4dc63b0165052688b1f7fc4a2a8ccb020a55db8ee7b9a45bb901b1c03d94727648a8ec10bfbc854175981345d56f4c783b0211d91f0775e508d8b379b56935777d255f59b63fadc24b43862671f5cbe0d00fcfff7138124c8293f91740a0e0732346eeee748a42f65ddb81da461fce3e76ea6ff452913b80eb5b1dba016f7d4d94f66337cc6bea7a066b8277637aef12c2eba11da10203010001,topicJson={"topicItems":[],"topicSeq":1}
info|2026-02-06 22:44:22.355792|amopDispatcher-0x000071ea0c5fd6c0|[AMOP][TOPIC][parseTopicItemsJson],topicSeq=1,topicItems size=0,json={"topicItems":[],"topicSeq":1}
info|2026-02-06 22:44:22.355834|amopDispatcher-0x000071ea0c5fd6c0|[AMOP][TOPIC][updateSeqAndTopicsByNodeID],nodeID=3082010a0282010100d938a7d0e5078fdc3bfe83bfe8c789160de4c9e207ff836ef8d64a0c846f5f628646fe9170bec49eec44aebb3f17334e76b1003dae65d6858a626d60a3ff3dbbff8cf15ca934ca0f7a09b9ae6c17c911bb2f6083cab81540e00a8d9b9393a3341b90dd134f4a2ec21f1d8c55c2df687896873a36661a862226614582077d41811bcb3e6632cbf1767f6189b76054e8186606ee5a2c73bffe1bd6c8fc415f481324f015045231d662173b6f7e814068dffd598ce9a6f4630744bb0aa80f9f74403f4c3da3ca856b40d043885cc1e7beac524853fafb01fb61c3023ab04047e29d50a5d4cd612fc9ae90e7832fde7d1dea0804dc16fff17500517be0bf5d28f4ab0203010001,topicSeq=1,topicItems size=0
info|2026-02-06 22:44:22.361752|amopDispatcher-0x000071ea0c5fd6c0|[AMOP][AMOP][onReceiveTopicSeqMessage][try to request latest AMOP information],nodeID=3082010a0282010100b85dd5fdfbc4aa99dcef8477a2e1c08c304a63432923826f81b3d0d7d13e79a6ec265462b2f59e76106f8bad7efb849227798aaf7c20a2197e9a95a8ffbbc07f5ccb44d04e995013b9afd04bb77fb7dbfa0f13bd2d404980eae43fc147332e1542ee2d2e973596187bb8ad4dc63b0165052688b1f7fc4a2a8ccb020a55db8ee7b9a45bb901b1c03d94727648a8ec10bfbc854175981345d56f4c783b0211d91f0775e508d8b379b56935777d255f59b63fadc24b43862671f5cbe0d00fcfff7138124c8293f91740a0e0732346eeee748a42f65ddb81da461fce3e76ea6ff452913b80eb5b1dba016f7d4d94f66337cc6bea7a066b8277637aef12c2eba11da10203010001,topicSeq=1
info|2026-02-06 22:44:22.362832|amopDispatcher-0x000071ea0c5fd6c0|[AMOP][TOPIC][parseTopicItemsJson],topicSeq=1,topicItems size=0,json={"topicItems":[],"topicSeq":1}
info|2026-02-06 22:44:22.363014|amopDispatcher-0x000071ea0c5fd6c0|[AMOP][TOPIC][updateSeqAndTopicsByNodeID],nodeID=3082010a0282010100b85dd5fdfbc4aa99dcef8477a2e1c08c304a63432923826f81b3d0d7d13e79a6ec265462b2f59e76106f8bad7efb849227798aaf7c20a2197e9a95a8ffbbc07f5ccb44d04e995013b9afd04bb77fb7dbfa0f13bd2d404980eae43fc147332e1542ee2d2e973596187bb8ad4dc63b0165052688b1f7fc4a2a8ccb020a55db8ee7b9a45bb901b1c03d94727648a8ec10bfbc854175981345d56f4c783b0211d91f0775e508d8b379b56935777d255f59b63fadc24b43862671f5cbe0d00fcfff7138124c8293f91740a0e0732346eeee748a42f65ddb81da461fce3e76ea6ff452913b80eb5b1dba016f7d4d94f66337cc6bea7a066b8277637aef12c2eba11da10203010001,topicSeq=1,topicItems size=0
info|2026-02-06 22:44:22.363733|amopDispatcher-0x000071ea0c5fd6c0|[AMOP][AMOP][onReceiveRequestTopicMessage],nodeID=3082010a0282010100a492268b412bea3e8f972dff0dc52c521cd06884f53d90f3889c7014f7cb635c38a07b81af9630f2b04238a726b029af6b4b924e132710d2894b7175f12a5e323a7119afd27786b01965d49b9c885ff3768f40b9d57817bc1305124f40ced3b1ac99666773a3a64cce079e95acbc31d42f416aad362594008547aae561213b022db32ed9d1bd67df5c020bc44dcc073982b4566fd04048555b1ea84279063d5b1047e9f42776ef03677d2dd1454433fdb3feced3f41b92efdfeda545d56c1c9ba349584c9095f3ad9e31c2db11cbe3007ee7817f5846f87eb01c296d81b36dbbc765b4c7af74aface1276dd4fd91963729e495694b6af5c0d6111c49115a2c3f0203010001,topicJson={"topicItems":[],"topicSeq":1}
info|2026-02-06 22:44:22.364999|amopDispatcher-0x000071ea0c5fd6c0|[AMOP][AMOP][onReceiveTopicSeqMessage][try to request latest AMOP information],nodeID=3082010a0282010100a492268b412bea3e8f972dff0dc52c521cd06884f53d90f3889c7014f7cb635c38a07b81af9630f2b04238a726b029af6b4b924e132710d2894b7175f12a5e323a7119afd27786b01965d49b9c885ff3768f40b9d57817bc1305124f40ced3b1ac99666773a3a64cce079e95acbc31d42f416aad362594008547aae561213b022db32ed9d1bd67df5c020bc44dcc073982b4566fd04048555b1ea84279063d5b1047e9f42776ef03677d2dd1454433fdb3feced3f41b92efdfeda545d56c1c9ba349584c9095f3ad9e31c2db11cbe3007ee7817f5846f87eb01c296d81b36dbbc765b4c7af74aface1276dd4fd91963729e495694b6af5c0d6111c49115a2c3f0203010001,topicSeq=1
info|2026-02-06 22:44:22.366273|amopDispatcher-0x000071ea0c5fd6c0|[AMOP][TOPIC][parseTopicItemsJson],topicSeq=1,topicItems size=0,json={"topicItems":[],"topicSeq":1}
info|2026-02-06 22:44:22.366339|amopDispatcher-0x000071ea0c5fd6c0|[AMOP][TOPIC][updateSeqAndTopicsByNodeID],nodeID=3082010a0282010100a492268b412bea3e8f972dff0dc52c521cd06884f53d90f3889c7014f7cb635c38a07b81af9630f2b04238a726b029af6b4b924e132710d2894b7175f12a5e323a7119afd27786b01965d49b9c885ff3768f40b9d57817bc1305124f40ced3b1ac99666773a3a64cce079e95acbc31d42f416aad362594008547aae561213b022db32ed9d1bd67df5c020bc44dcc073982b4566fd04048555b1ea84279063d5b1047e9f42776ef03677d2dd1454433fdb3feced3f41b92efdfeda545d56c1c9ba349584c9095f3ad9e31c2db11cbe3007ee7817f5846f87eb01c296d81b36dbbc765b4c7af74aface1276dd4fd91963729e495694b6af5c0d6111c49115a2c3f0203010001,topicSeq=1,topicItems size=0
info|2026-02-06 22:44:23.349180|pbft-0x000071e9dcfff6c0|[CONSENSUS][PBFT]addViewChangeReq,reqHash=a4219451...,reqIndex=106,reqV=3,fromIdx=1,wait(ms)=7,weight=1,maxCommittedIndex=106,maxPrecommitIndex=0 preparedProposalInfo: ,committedIndex=106,consNum=107,committedHash=a4219451...,view=0,toView=2,changeCycle=0,expectedCheckPoint=107,Idx=0,unsealedTxs=0,sealUntil=0,waitResealUntil=0,consensusTimeout=3000,nodeId=0d6a7f52...
info|2026-02-06 22:44:23.349382|pbftTimer-0x000071e9eb1d86c0|[CONSENSUS][PBFT]notify to seal next proposal,nextProposalIndex=107
info|2026-02-06 22:44:23.349457|pbftTimer-0x000071e9eb1d86c0|[CONSENSUS][PBFT]notify the committed proposal index to the sync module success,index=106
info|2026-02-06 22:44:23.349673|pbftTimer-0x000071e9eb1d86c0|[CONSENSUS][PBFT]broadcastViewChangeReq,reqHash=a4219451...,reqIndex=106,reqV=3,fromIdx=0,wait(ms)=0,packetSize=158
info|2026-02-06 22:44:23.349715|pbftTimer-0x000071e9eb1d86c0|[CONSENSUS][PBFT]addViewChangeReq,reqHash=a4219451...,reqIndex=106,reqV=3,fromIdx=0,wait(ms)=0,weight=2,maxCommittedIndex=106,maxPrecommitIndex=0 preparedProposalInfo: ,committedIndex=106,consNum=107,committedHash=a4219451...,view=0,toView=3,changeCycle=1,expectedCheckPoint=107,Idx=0,unsealedTxs=0,sealUntil=0,waitResealUntil=0,consensusTimeout=3000,nodeId=0d6a7f52...
warning|2026-02-06 22:44:23.349736|pbftTimer-0x000071e9eb1d86c0|[CONSENSUS][PBFT]After onTimeout,committedIndex=106,consNum=107,committedHash=a4219451...,view=0,toView=3,changeCycle=1,expectedCheckPoint=107,Idx=0,unsealedTxs=0,sealUntil=0,waitResealUntil=0,consensusTimeout=3000,nodeId=0d6a7f52...,lockT=7,timecost=7
info|2026-02-06 22:44:23.352153|pbft-0x000071e9dcfff6c0|[CONSENSUS][PBFT]addViewChangeReq,reqHash=a4219451...,reqIndex=106,reqV=3,fromIdx=3,wait(ms)=1,weight=3,maxCommittedIndex=106,maxPrecommitIndex=0 preparedProposalInfo: ,committedIndex=106,consNum=107,committedHash=a4219451...,view=0,toView=3,changeCycle=1,expectedCheckPoint=107,Idx=0,unsealedTxs=0,sealUntil=0,waitResealUntil=0,consensusTimeout=3000,nodeId=0d6a7f52...
info|2026-02-06 22:44:23.352483|pbft-0x000071e9dcfff6c0|[CONSENSUS][PBFT]addViewChangeReq,reqHash=a4219451...,reqIndex=106,reqV=3,fromIdx=2,wait(ms)=0,weight=4,maxCommittedIndex=106,maxPrecommitIndex=0 preparedProposalInfo: ,committedIndex=106,consNum=107,committedHash=a4219451...,view=0,toView=3,changeCycle=1,expectedCheckPoint=107,Idx=0,unsealedTxs=0,sealUntil=0,waitResealUntil=0,consensusTimeout=3000,nodeId=0d6a7f52...
info|2026-02-06 22:44:23.353775|pbft-0x000071e9dcfff6c0|[CONSENSUS][PBFT]handleNewViewMsg: receive newViewChangeMsg,reqHash=a4219451...,reqIndex=106,reqV=3,fromIdx=2,wait(ms)=0,committedIndex=106,consNum=107,committedHash=a4219451...,view=0,toView=3,changeCycle=1,expectedCheckPoint=107,Idx=0,unsealedTxs=0,sealUntil=0,waitResealUntil=0,consensusTimeout=3000,nodeId=0d6a7f52...
info|2026-02-06 22:44:23.355836|pbft-0x000071e9dcfff6c0|[CONSENSUS][PBFT]handleNewViewMsg success,reqHash=a4219451...,reqIndex=106,reqV=3,fromIdx=2,wait(ms)=2,committedIndex=106,consNum=107,committedHash=a4219451...,view=0,toView=3,changeCycle=1,expectedCheckPoint=107,Idx=0,unsealedTxs=0,sealUntil=0,waitResealUntil=0,consensusTimeout=3000,nodeId=0d6a7f52...
info|2026-02-06 22:44:23.355926|pbft-0x000071e9dcfff6c0|[CONSENSUS][PBFT]resetNewViewState,m_view=0,_view=3
info|2026-02-06 22:44:23.356003|pbft-0x000071e9dcfff6c0|[CONSENSUS][PBFT]resetCacheAfterViewChange,view=3,number=106,cacheSize=0
info|2026-02-06 22:44:23.356123|pbft-0x000071e9dcfff6c0|[CONSENSUS][PBFT]reachNewView,committedIndex=106,consNum=107,committedHash=a4219451...,view=3,toView=3,changeCycle=0,expectedCheckPoint=107,Idx=0,unsealedTxs=0,sealUntil=0,waitResealUntil=0,consensusTimeout=3000,nodeId=0d6a7f52...
info|2026-02-06 22:44:23.356157|pbft-0x000071e9dcfff6c0|[CONSENSUS][PBFT]notify to seal next proposal,nextProposalIndex=107
info|2026-02-06 22:44:23.356162|pbft-0x000071e9dcfff6c0|[CONSENSUS][PBFT]notifyResetSealing,committedIndex=106,consNum=107,committedHash=a4219451...,view=3,toView=3,changeCycle=0,expectedCheckPoint=107,Idx=0,unsealedTxs=0,sealUntil=0,waitResealUntil=0,consensusTimeout=3000,nodeId=0d6a7f52...
info|2026-02-06 22:44:23.356207|pbft-0x000071e9dcfff6c0|[CONSENSUS][SEALER]resetSealing,startNum=0,endNum=0,sealingNum=1,pendingTxs=0,unsealedTxs=0
info|2026-02-06 22:44:23.356262|pbft-0x000071e9dcfff6c0|[CONSENSUS][PBFT]notifyResetSealing success,committedIndex=106,consNum=107,committedHash=a4219451...,view=3,toView=3,changeCycle=0,expectedCheckPoint=107,Idx=0,unsealedTxs=0,sealUntil=0,waitResealUntil=0,consensusTimeout=3000,nodeId=0d6a7f52...
info|2026-02-06 22:44:23.356278|pbft-0x000071e9dcfff6c0|[CONSENSUS][PBFT]reNotifySealer,expectedStart=107,highWaterMark=157,leader=2,committedIndex=106,consNum=107,committedHash=a4219451...,view=3,toView=3,changeCycle=0,expectedCheckPoint=107,Idx=0,unsealedTxs=0,sealUntil=0,waitResealUntil=0,consensusTimeout=3000,nodeId=0d6a7f52...
info|2026-02-06 22:44:30.070658|pbft-0x000071e9dcfff6c0|[CONSENSUS][PBFT]handlePrePrepareMsg,reqHash=f2ed1c02...,reqIndex=107,reqV=3,fromIdx=2,wait(ms)=0,committedIndex=106,consNum=107,committedHash=a4219451...,view=3,toView=3,changeCycle=0,expectedCheckPoint=107,Idx=0,unsealedTxs=1,sealUntil=0,waitResealUntil=0,consensusTimeout=3000,nodeId=0d6a7f52...,utc=1234223
info|2026-02-06 22:44:30.070903|pbft-0x000071e9dcfff6c0|[TXPOOL]begin asyncVerifyBlock,consNum=107,hash=f2ed1c02...
info|2026-02-06 22:44:30.071063|verifier-0x000071e9fa9f76c0|[TXPOOL]batchVerifyProposal,consNum=107,hash=f2ed1c02...,txsSize=1,lockT=0,verifyT=0,missedTxs=0
info|2026-02-06 22:44:30.071109|verifier-0x000071e9fa9f76c0|[TXPOOL][METRIC]asyncVerifyBlock finished,consNum=107,hash=f2ed1c02...,code=0,msg=success,result=true,timecost=1
info|2026-02-06 22:44:30.071138|verifier-0x000071e9fa9f76c0|[CONSENSUS][PBFT]handlePrePrepareMsg,reqHash=f2ed1c02...,reqIndex=107,reqV=3,fromIdx=2,wait(ms)=1,committedIndex=106,consNum=107,committedHash=a4219451...,view=3,toView=3,changeCycle=0,expectedCheckPoint=107,Idx=0,unsealedTxs=1,sealUntil=0,waitResealUntil=0,consensusTimeout=3000,nodeId=0d6a7f52...,utc=1234224
info|2026-02-06 22:44:30.071226|verifier-0x000071e9fa9f76c0|[CONSENSUS][PBFT]addPrePrepareCache,reqHash=f2ed1c02...,reqIndex=107,reqV=3,fromIdx=2,wait(ms)=1,sys=false,committedIndex=106,consNum=107,committedHash=a4219451...,view=3,toView=3,changeCycle=0,expectedCheckPoint=107,Idx=0,unsealedTxs=1,sealUntil=0,waitResealUntil=0,consensusTimeout=3000,nodeId=0d6a7f52...
info|2026-02-06 22:44:30.071195|validator-0x000071e9ed1dc6c0|[CONSENSUS][PBFT]asyncResetTxsFlag,index=107,hash=f2ed1c02...,flag=true
info|2026-02-06 22:44:30.071258|verifier-0x000071e9fa9f76c0|[CONSENSUS][PBFT]notify the committed proposal index to the sync module success,index=107
info|2026-02-06 22:44:30.071273|validator-0x000071e9ed1dc6c0|[TXPOOL]batchMarkTxs,txsSize=1,batchId=107,hash=f2ed1c02...,sealFlag=true,notFound=0,reSealed=0,succ=1,time=0,markT=0
info|2026-02-06 22:44:30.071313|validator-0x000071e9ed1dc6c0|[CONSENSUS][PBFT]asyncMarkTxs success,index=107,hash=f2ed1c02...,flag=true,markT=0,emptyTxBatchHash=false
info|2026-02-06 22:44:30.071337|verifier-0x000071e9fa9f76c0|[CONSENSUS][PBFT]addPrepareCache,reqHash=f2ed1c02...,reqIndex=107,reqV=3,fromIdx=0,wait(ms)=0,committedIndex=106,consNum=107,committedHash=a4219451...,view=3,toView=3,changeCycle=0,expectedCheckPoint=107,Idx=0,unsealedTxs=0,sealUntil=0,waitResealUntil=0,consensusTimeout=3000,nodeId=0d6a7f52...,weight=1
info|2026-02-06 22:44:30.071399|verifier-0x000071e9fa9f76c0|[CONSENSUS][PBFT]broadcast prepare packet,packetSize=228,index=107
info|2026-02-06 22:44:30.071501|verifier-0x000071e9fa9f76c0|[CONSENSUS][PBFT]handlePrePrepareMsg and broadcast prepare packet,reqHash=f2ed1c02...,reqIndex=107,reqV=3,fromIdx=2,wait(ms)=1,committedIndex=106,consNum=107,committedHash=a4219451...,view=3,toView=3,changeCycle=0,expectedCheckPoint=107,Idx=0,unsealedTxs=0,sealUntil=0,waitResealUntil=0,consensusTimeout=3000,nodeId=0d6a7f52...
info|2026-02-06 22:44:30.072044|pbft-0x000071e9dcfff6c0|[CONSENSUS][PBFT]addPrepareCache,reqHash=f2ed1c02...,reqIndex=107,reqV=3,fromIdx=2,wait(ms)=1,committedIndex=106,consNum=107,committedHash=a4219451...,view=3,toView=3,changeCycle=0,expectedCheckPoint=107,Idx=0,unsealedTxs=0,sealUntil=0,waitResealUntil=0,consensusTimeout=3000,nodeId=0d6a7f52...,weight=2
info|2026-02-06 22:44:30.072355|txsPreStore-0x000071e9f91f46c0|[TXPOOL]storeVerifiedBlock fetch block number from LedgerConfig
info|2026-02-06 22:44:30.072694|pbft-0x000071e9dcfff6c0|[CONSENSUS][PBFT]addPrepareCache,reqHash=f2ed1c02...,reqIndex=107,reqV=3,fromIdx=3,wait(ms)=1,committedIndex=106,consNum=107,committedHash=a4219451...,view=3,toView=3,changeCycle=0,expectedCheckPoint=107,Idx=0,unsealedTxs=0,sealUntil=0,waitResealUntil=0,consensusTimeout=3000,nodeId=0d6a7f52...,weight=3
info|2026-02-06 22:44:30.072725|txsPreStore-0x000071e9f91f46c0|[TOOL]LedgerConfigFetcher: fetchBlockNumber success,blockNumber=106
info|2026-02-06 22:44:30.072739|txsPreStore-0x000071e9f91f46c0|[TXPOOL]storeVerifiedBlock,consNum=107,hash=f2ed1c02...,txsSize=1
info|2026-02-06 22:44:30.072747|pbft-0x000071e9dcfff6c0|[CONSENSUS][PBFT]setSignatureList,signatureSize=3,propHash=f2ed1c02...,propIndex=107
info|2026-02-06 22:44:30.072757|pbft-0x000071e9dcfff6c0|[CONSENSUS][PBFT]intoPrecommit,reqHash=f2ed1c02...,reqIndex=107,reqV=3,fromIdx=0,wait(ms)=2,committedIndex=106,consNum=107,committedHash=a4219451...,view=3,toView=3,changeCycle=0,expectedCheckPoint=107,Idx=0,unsealedTxs=0,sealUntil=0,waitResealUntil=0,consensusTimeout=3000,nodeId=0d6a7f52...
info|2026-02-06 22:44:30.072764|txsPreStore-0x000071e9f91f46c0|[LEDGER]asyncPreStoreBlockTxs: needStoreUnsavedTxs,txsSize=1,unstoredTxs=1,number=107
info|2026-02-06 22:44:30.072797|pbft-0x000071e9dcfff6c0|[CONSENSUS][PBFT]addCommitCache,reqHash=f2ed1c02...,reqIndex=107,reqV=3,fromIdx=0,wait(ms)=0,committedIndex=106,consNum=107,committedHash=a4219451...,view=3,toView=3,changeCycle=0,expectedCheckPoint=107,Idx=0,unsealedTxs=0,sealUntil=0,waitResealUntil=0,consensusTimeout=3000,nodeId=0d6a7f52...,weight=1
info|2026-02-06 22:44:30.072807|pbft-0x000071e9dcfff6c0|[CONSENSUS][PBFT]checkAndPreCommit: broadcast commitMsg,Idx=0,hash=f2ed1c02...,index=107
info|2026-02-06 22:44:30.073004|pbft-0x000071e9dcfff6c0|[CONSENSUS][PBFT]addPrepareCache,reqHash=f2ed1c02...,reqIndex=107,reqV=3,fromIdx=1,wait(ms)=2,committedIndex=106,consNum=107,committedHash=a4219451...,view=3,toView=3,changeCycle=0,expectedCheckPoint=107,Idx=0,unsealedTxs=0,sealUntil=0,waitResealUntil=0,consensusTimeout=3000,nodeId=0d6a7f52...,weight=4
info|2026-02-06 22:44:30.073381|pbft-0x000071e9dcfff6c0|[CONSENSUS][PBFT]addCommitCache,reqHash=f2ed1c02...,reqIndex=107,reqV=3,fromIdx=2,wait(ms)=0,committedIndex=106,consNum=107,committedHash=a4219451...,view=3,toView=3,changeCycle=0,expectedCheckPoint=107,Idx=0,unsealedTxs=0,sealUntil=0,waitResealUntil=0,consensusTimeout=3000,nodeId=0d6a7f52...,weight=2
info|2026-02-06 22:44:30.073802|txsPreStore-0x000071e9f91f46c0|[STORAGE-RocksDB]setRows finished,put=1,dataSize=9645,time(ms)=1
info|2026-02-06 22:44:30.073913|txsPreStore-0x000071e9f91f46c0|[LEDGER]asyncPreStoreBlockTxs: store uncommitted txs,blockNumber=107,blockTxsSize=1,unStoredTxs=1,msg=success,code=0,timeCost=1
info|2026-02-06 22:44:30.073921|txsPreStore-0x000071e9f91f46c0|[TXPOOL]storeVerifiedBlock success,consNum=107,hash=f2ed1c02...,timecost=1
info|2026-02-06 22:44:30.073822|pbft-0x000071e9dcfff6c0|[CONSENSUS][PBFT]addCommitCache,reqHash=f2ed1c02...,reqIndex=107,reqV=3,fromIdx=3,wait(ms)=0,committedIndex=106,consNum=107,committedHash=a4219451...,view=3,toView=3,changeCycle=0,expectedCheckPoint=107,Idx=0,unsealedTxs=0,sealUntil=0,waitResealUntil=0,consensusTimeout=3000,nodeId=0d6a7f52...,weight=3
info|2026-02-06 22:44:30.073964|pbft-0x000071e9dcfff6c0|[CONSENSUS][PBFT]checkAndCommit,propHash=f2ed1c02...,propIndex=107,committedIndex=106,consNum=107,committedHash=a4219451...,view=3,toView=3,changeCycle=0,expectedCheckPoint=107,Idx=0,unsealedTxs=0,sealUntil=0,waitResealUntil=0,consensusTimeout=3000,nodeId=0d6a7f52...
info|2026-02-06 22:44:30.073978|pbft-0x000071e9dcfff6c0|[CONSENSUS][PBFT]######## CommitProposal,propHash=f2ed1c02...,propIndex=107,sys=false,committedIndex=106,consNum=107,committedHash=a4219451...,view=3,toView=3,changeCycle=0,expectedCheckPoint=107,Idx=0,unsealedTxs=0,sealUntil=0,waitResealUntil=0,consensusTimeout=3000,nodeId=0d6a7f52...
info|2026-02-06 22:44:30.073989|pbft-0x000071e9dcfff6c0|[CONSENSUS][PBFT]notify to seal next proposal,nextProposalIndex=108
info|2026-02-06 22:44:30.076567|pbft-0x000071e9dcfff6c0|[SCHEDULER]fetch gas limit from storage before execute block,requestBlockNumber=-1
info|2026-02-06 22:44:30.076653|pbft-0x000071e9dcfff6c0|[CONSENSUS][PBFT]notify to seal next proposal,nextProposalIndex=108
info|2026-02-06 22:44:30.076673|pbft-0x000071e9dcfff6c0|[CONSENSUS][PBFT]applyStateMachine,index=107,hash=f2ed1c02...,committedIndex=106,consNum=107,committedHash=a4219451...,view=3,toView=3,changeCycle=0,expectedCheckPoint=107,Idx=0,unsealedTxs=0,sealUntil=0,waitResealUntil=0,consensusTimeout=3000,nodeId=0d6a7f52...,unAppliedProposals=0
info|2026-02-06 22:44:30.076938|preExeScheduler-0x000071e9aa9fd6c0|[SCHEDULER][METRIC][BlockTrace][blk-107]preExeBlock success,blockHeader.timestamp=1770389070070,metaTxCount=1,timeCost=0
info|2026-02-06 22:44:30.076977|exeScheduler-0x000071e9a99fb6c0|[SCHEDULER][METRIC][blk-107]ExecuteBlock request,gasLimit=3000000000,gasPrice=0x0,verify=false,signatureSize=0,txCount=0,metaTxCount=1,version=3.11.0,waitT=0
info|2026-02-06 22:44:30.077128|exeScheduler-0x000071e9a99fb6c0|[SCHEDULER][blk-107][BlockTrace]ExecuteBlock start,time(ms)=0
info|2026-02-06 22:44:30.077151|exeScheduler-0x000071e9a99fb6c0|[SCHEDULER][serialExecute][blk-107][BlockTrace]serialExecute execute block
info|2026-02-06 22:44:30.077157|exeScheduler-0x000071e9a99fb6c0|[SCHEDULER][serialExecute][blk-107][BlockTrace]serialExecute batch next block
info|2026-02-06 22:44:30.077163|exeScheduler-0x000071e9a99fb6c0|[SCHEDULER][blk-107][BlockTrace]NextBlock request,executorNum=1
info|2026-02-06 22:44:30.077208|exeScheduler-0x000071e9a99fb6c0|Build CacheStorage: enableLRUCacheStorage, size: 33554432
info|2026-02-06 22:44:30.078018|exeScheduler-0x000071e9a99fb6c0|[TOOL]fetchCompatibilityVersion
info|2026-02-06 22:44:30.078123|exeScheduler-0x000071e9a99fb6c0|[TOOL]fetchCompatibilityVersion success,version=3.11.0,versionNumber=51052544,minSupportedVersion=3.0.0-rc4,maxSupportedVersion=3.11.0
info|2026-02-06 22:44:30.078154|exeScheduler-0x000071e9a99fb6c0|[TOOL]LedgerConfigFetcher: fetchBlockNumber success,blockNumber=106
info|2026-02-06 22:44:30.078169|exeScheduler-0x000071e9a99fb6c0|[TOOL]LedgerConfigFetcher: fetchBlockHash success,blockNumber=106,hash=a4219451...
info|2026-02-06 22:44:30.079709|exeScheduler-0x000071e9a99fb6c0|[TOOL]fetchAuthCheckStatus success,value=0
info|2026-02-06 22:44:30.083170|exec-0x000071e9f79f16c0|[SCHEDULER][blk-107][BlockTrace]NextBlock success,executorNum=1,timeCost=6
info|2026-02-06 22:44:30.083208|exec-0x000071e9f79f16c0|[SCHEDULER][serialExecute][blk-107][BlockTrace]serialExecute block begin
info|2026-02-06 22:44:30.084218|Unnamed-0x000071e9a91fa6c0|[STORAGE-KeyPage]empty table,table=/apps/b72188321985ee8daa0bc183ab9558bb5c6e957e_accessAuth,key=61646d696e
info|2026-02-06 22:44:30.085366|Unnamed-0x000071e9a91fa6c0|[STORAGE-KeyPage]empty table,table=/apps/b72188321985ee8daa0bc183ab9558bb5c6e957e,key=0000000000000000000000000000000000000000000000000000000000000002
info|2026-02-06 22:44:30.085794|exec-0x000071e9f69ef6c0|[STORAGE-KeyPage]hash,size=29,blockVersion=51052544,readLength=15701,writeLength=324,pageCount=2,entrycount=2,entriesHash=e5d02c22b19887bd6bca439b1239fccf5a4942300b34389a278b12cb930db4e6,pagesHash=91da240c6df2fb3ddcfac12ff72a034a247d7dd0688f042469834c47e019a031,totalHash=740a082edc6a7c80b73082b4e513ff857e343fe063bb3cbe4e085e8c731414d7
info|2026-02-06 22:44:30.086081|exec-0x000071e9f69ef6c0|[EXECUTOR:1770389060][blk-107]GetTableHashes success,hash=740a082edc6a7c80b73082b4e513ff857e343fe063bb3cbe4e085e8c731414d7,time(ms)=1
info|2026-02-06 22:44:30.086114|exec-0x000071e9f69ef6c0|[SCHEDULER][blk-107][BlockTrace]ExecuteBlock success,hash=cd5f855b...,stateRoot=740a082edc6a7c80b73082b4e513ff857e343fe063bb3cbe4e085e8c731414d7,receiptRoot=50e7df0319f69022fe7d68e513bda7a0e5e14ee631745ed69e26abab5375452b,txsRoot=019f136e...,gasUsed=122115,signatureSize=0,timeCost=9,blockVersion=51052544
info|2026-02-06 22:44:30.086140|exec-0x000071e9f69ef6c0|[CONSENSUS][Core][METRIC]asyncExecuteBlock success,sysBlock=false,number=107,result=cd5f855b...,txsSize=1,txsRoot=019f136e...,receiptsRoot=50e7df03...,stateRoot=740a082e...,timeCost=10,execPerTx=10
info|2026-02-06 22:44:30.086169|exec-0x000071e9f69ef6c0|[CONSENSUS][PBFT]applyStateMachine finished,index=107,beforeExec=f2ed1c02...,afterExec=cd5f855b...,committedIndex=106,consNum=107,committedHash=a4219451...,view=3,toView=3,changeCycle=0,expectedCheckPoint=107,Idx=0,unsealedTxs=0,sealUntil=0,waitResealUntil=0,consensusTimeout=3000,nodeId=0d6a7f52...,timecost=10
info|2026-02-06 22:44:30.086329|pbftWorker-0x000071e9ea1d66c0|[CONSENSUS][PBFT][STORAGE]asyncCommitProposal: write the committed proposal into db,index=107
info|2026-02-06 22:44:30.086889|pbftWorker-0x000071e9ea1d66c0|[CONSENSUS][PBFT][STORAGE]asyncPutProposal: commit success,dbName=pbftCommitDB,key=max_committed_proposal,number=107,timecost=0,dataSize=3
info|2026-02-06 22:44:30.086933|pbftWorker-0x000071e9ea1d66c0|[CONSENSUS][PBFT][STORAGE]asyncPutProposal: commit success,dbName=pbftCommitDB,key=107,number=107,timecost=0,dataSize=635
info|2026-02-06 22:44:30.087106|pbftWorker-0x000071e9ea1d66c0|[CONSENSUS][PBFT]addCheckPointMsg,reqHash=cd5f855b...,reqIndex=107,reqV=3,fromIdx=0,wait(ms)=1,Idx=0,weight=1,minRequiredWeight=3
info|2026-02-06 22:44:30.087128|pbftWorker-0x000071e9ea1d66c0|[CONSENSUS][PBFT]setCheckPointProposal,propHash=cd5f855b...,propIndex=107,committedIndex=106,consNum=107,committedHash=a4219451...,view=3,toView=3,changeCycle=0,expectedCheckPoint=107,Idx=0,unsealedTxs=0,sealUntil=0,waitResealUntil=0,consensusTimeout=3000,nodeId=0d6a7f52...
info|2026-02-06 22:44:30.087894|pbftWorker-0x000071e9ea1d66c0|[CONSENSUS][PBFT]PBFTConfig: setExpectedCheckPoint,committedIndex=106,consNum=107,committedHash=a4219451...,view=3,toView=3,changeCycle=0,expectedCheckPoint=108,Idx=0,unsealedTxs=0,sealUntil=0,waitResealUntil=0,consensusTimeout=3000,nodeId=0d6a7f52...,expectedCheckPoint=108
info|2026-02-06 22:44:30.087911|pbftWorker-0x000071e9ea1d66c0|[CONSENSUS][PBFT]notify to seal next proposal,nextProposalIndex=108
info|2026-02-06 22:44:30.087939|pbftWorker-0x000071e9ea1d66c0|[CONSENSUS][PBFT]onProposalApplySuccess,index=107,hash=cd5f855b...,lockT=0,timecost=0
info|2026-02-06 22:44:30.088058|pbft-0x000071e9dcfff6c0|[CONSENSUS][PBFT]handleCheckPointMsg: try to add the checkpoint message into the cache,reqHash=cd5f855b...,reqIndex=107,reqV=3,fromIdx=2,wait(ms)=1,committedIndex=106,consNum=107,committedHash=a4219451...,view=3,toView=3,changeCycle=0,expectedCheckPoint=108,Idx=0,unsealedTxs=0,sealUntil=0,waitResealUntil=0,consensusTimeout=3000,nodeId=0d6a7f52...
info|2026-02-06 22:44:30.088092|pbft-0x000071e9dcfff6c0|[CONSENSUS][PBFT]addCheckPointMsg,reqHash=cd5f855b...,reqIndex=107,reqV=3,fromIdx=2,wait(ms)=1,Idx=0,weight=2,minRequiredWeight=3
info|2026-02-06 22:44:30.088100|pbft-0x000071e9dcfff6c0|[CONSENSUS][PBFT]notify to seal next proposal,nextProposalIndex=108
info|2026-02-06 22:44:30.088181|pbft-0x000071e9dcfff6c0|[CONSENSUS][PBFT]handleCheckPointMsg: try to add the checkpoint message into the cache,reqHash=cd5f855b...,reqIndex=107,reqV=3,fromIdx=1,wait(ms)=1,committedIndex=106,consNum=107,committedHash=a4219451...,view=3,toView=3,changeCycle=0,expectedCheckPoint=108,Idx=0,unsealedTxs=0,sealUntil=0,waitResealUntil=0,consensusTimeout=3000,nodeId=0d6a7f52...
info|2026-02-06 22:44:30.088188|pbft-0x000071e9dcfff6c0|[CONSENSUS][PBFT]addCheckPointMsg,reqHash=cd5f855b...,reqIndex=107,reqV=3,fromIdx=1,wait(ms)=1,Idx=0,weight=3,minRequiredWeight=3
info|2026-02-06 22:44:30.088191|pbft-0x000071e9dcfff6c0|[CONSENSUS][PBFT]notify to seal next proposal,nextProposalIndex=108
info|2026-02-06 22:44:30.088195|pbft-0x000071e9dcfff6c0|[CONSENSUS][PBFT]setSignatureList,signatureSize=3,propHash=cd5f855b...,propIndex=107
info|2026-02-06 22:44:30.088199|pbft-0x000071e9dcfff6c0|[CONSENSUS][PBFT]checkAndCommitStableCheckPoint,index=107,hash=cd5f855b...,committedIndex=106,consNum=107,committedHash=a4219451...,view=3,toView=3,changeCycle=0,expectedCheckPoint=108,Idx=0,unsealedTxs=0,sealUntil=0,waitResealUntil=0,consensusTimeout=3000,nodeId=0d6a7f52...
info|2026-02-06 22:44:30.088204|pbft-0x000071e9dcfff6c0|[CONSENSUS][PBFT]updateStableCheckPointQueue: insert new checkpoint proposal,index=107,hash=cd5f855b...,committedIndex=106,consNum=107,committedHash=a4219451...,view=3,toView=3,changeCycle=0,expectedCheckPoint=108,Idx=0,unsealedTxs=0,sealUntil=0,waitResealUntil=0,consensusTimeout=3000,nodeId=0d6a7f52...
info|2026-02-06 22:44:30.088271|pbft-0x000071e9dcfff6c0|[CONSENSUS][PBFT]updateStableCheckPointQueue: commit stable checkpoint,index=107,committedIndex=106
info|2026-02-06 22:44:30.088280|pbft-0x000071e9dcfff6c0|[CONSENSUS][PBFT]asyncCommitStableCheckPoint: set signatureList,index=107,hash=cd5f855b...,proofSize=3,blockProofSize=3
info|2026-02-06 22:44:30.088760|blockSubmit-0x000071e9eb9d96c0|[SCHEDULER][blk-107][BlockTrace]CommitBlock start
info|2026-02-06 22:44:30.089021|pbft-0x000071e9dcfff6c0|[CONSENSUS][PBFT]handleCheckPointMsg: try to add the checkpoint message into the cache,reqHash=cd5f855b...,reqIndex=107,reqV=3,fromIdx=3,wait(ms)=1,committedIndex=106,consNum=107,committedHash=a4219451...,view=3,toView=3,changeCycle=0,expectedCheckPoint=108,Idx=0,unsealedTxs=0,sealUntil=0,waitResealUntil=0,consensusTimeout=3000,nodeId=0d6a7f52...
info|2026-02-06 22:44:30.089096|pbft-0x000071e9dcfff6c0|[CONSENSUS][PBFT]addCheckPointMsg,reqHash=cd5f855b...,reqIndex=107,reqV=3,fromIdx=3,wait(ms)=1,Idx=0,weight=4,minRequiredWeight=3
info|2026-02-06 22:44:30.089181|pbft-0x000071e9dcfff6c0|[CONSENSUS][PBFT]notify to seal next proposal,nextProposalIndex=108
info|2026-02-06 22:44:30.089442|blockSubmit-0x000071e9eb9d96c0|[STORAGE-RocksDB]asyncPrepare,number=107
info|2026-02-06 22:44:30.089501|blockSubmit-0x000071e9eb9d96c0|[STORAGE-RocksDB]asyncPrepare finished,blockNumber=107,put=7,delete=0,startTS=0,encode(ms)=0,time(ms)=0
info|2026-02-06 22:44:30.089730|blockSubmit-0x000071e9eb9d96c0|[LEDGER]storeTransactionsAndReceipts,blockNumber=107
info|2026-02-06 22:44:30.089783|exec-0x000071e9f61ee6c0|[STORAGE-RocksDB]asyncPrepare,number=107
info|2026-02-06 22:44:30.089983|ledgerWrite-0x000071e9fe9ff6c0|[STORAGE-RocksDB]setRows finished,put=1,dataSize=140,time(ms)=1
info|2026-02-06 22:44:30.090021|exec-0x000071e9f61ee6c0|[STORAGE-KeyPage]parallelTraverse,size=415
info|2026-02-06 22:44:30.090033|exec-0x000071e9f61ee6c0|[STORAGE-RocksDB]asyncPrepare finished,blockNumber=107,put=6,delete=2,startTS=0,encode(ms)=1,time(ms)=1
info|2026-02-06 22:44:30.090036|exec-0x000071e9f61ee6c0|[EXECUTOR:1770389060][blk-107]Prepare success
info|2026-02-06 22:44:30.090051|blockSubmit-0x000071e9eb9d96c0|[LEDGER]storeTransactionsAndReceipts finished,blockNumber=107,blockTxsSize=1,unStoredTxs=0,timeCost=1
info|2026-02-06 22:44:30.090104|blockSubmit-0x000071e9eb9d96c0|[STORAGE-RocksDB]asyncCommit finished,blockNumber=107,startTS=0,time(ms)=0,callback time(ms)=0,count=15
info|2026-02-06 22:44:30.090121|blockSubmit-0x000071e9eb9d96c0|[LEDGER][METRIC]asyncPrewriteBlock,number=107,totalTxs=131,failedTxs=44,incTxs=1,incFailedTxs=0
info|2026-02-06 22:44:30.090155|exec-0x000071e9f59ed6c0|[TOOL]fetchCompatibilityVersion
info|2026-02-06 22:44:30.090272|exec-0x000071e9f59ed6c0|[TOOL]fetchCompatibilityVersion success,version=3.11.0,versionNumber=51052544,minSupportedVersion=3.0.0-rc4,maxSupportedVersion=3.11.0
info|2026-02-06 22:44:30.090321|exec-0x000071e9f59ed6c0|[TOOL]fetchAuthCheckStatus success,value=0
info|2026-02-06 22:44:30.090328|exec-0x000071e9f59ed6c0|[EXECUTOR:1770389060]merge keyPage to cachedStorage,number=107
info|2026-02-06 22:44:30.090439|exec-0x000071e9f59ed6c0|[STORAGE-KeyPage]parallelTraverse,size=415
info|2026-02-06 22:44:30.090458|exec-0x000071e9f59ed6c0|[STORAGE]Successful merged records,count=8
info|2026-02-06 22:44:30.091395|exec-0x000071e9f59ed6c0|[SCHEDULER][blk-107][BlockTrace]CommitBlock success,gas limit=3000000000,timeCost=3
info|2026-02-06 22:44:30.091455|exec-0x000071e9f59ed6c0|[SCHEDULER][BlockTrace]Notify block result success,blockNumber=107
info|2026-02-06 22:44:30.091462|exec-0x000071e9f59ed6c0|[CONSENSUS][PBFT][STORAGE][METRIC]commitStableCheckPoint success,index=107,hash=cd5f855b...,txs=1,timeCost=3,commitPerTx=3
info|2026-02-06 22:44:30.091497|exec-0x000071e9f59ed6c0|[SCHEDULER][blk-107]notify block result success,hash=cd5f855b...,txsSize=1
info|2026-02-06 22:44:30.091521|blockSubmit-0x000071e9eb9d96c0|[CONSENSUS][PBFT][METRIC]resetConfig,committedIndex=107,propHash=cd5f855b...,blockCountLimit=1000,leaderPeriod=1,consensusNodesSize=4
info|2026-02-06 22:44:30.091582|blockSubmit-0x000071e9eb9d96c0|[CONSENSUS][PBFT][METRIC]^^^^^^^^Report,sealer=2,txs=1,committedIndex=107,consNum=108,committedHash=cd5f855b...,view=3,toView=3,changeCycle=0,expectedCheckPoint=108,Idx=0,unsealedTxs=0,sealUntil=0,waitResealUntil=0,consensusTimeout=3000,nodeId=0d6a7f52...
info|2026-02-06 22:44:30.091593|exec-0x000071e9f59ed6c0|[STORAGE-RocksDB]asyncCommit finished,blockNumber=107,startTS=0,time(ms)=0,callback time(ms)=1,count=0
info|2026-02-06 22:44:30.091752|blockSubmit-0x000071e9eb9d96c0|[CONSENSUS][SEALER]asyncNoteLatestBlockNumber,number=107
info|2026-02-06 22:44:30.091775|blockSubmit-0x000071e9eb9d96c0|[CONSENSUS][SEALER]asyncNoteLatestBlockHash,_hash=cd5f855b...
info|2026-02-06 22:44:30.091793|blockSubmit-0x000071e9eb9d96c0|[Gateway][Router]insertNode: the node has already existed,groupID=group0,nodeID=0d6a7f52cb87ce7fda869e0db309ec9c53723c46f81632c21e4abbf1a9159f14d53f37cc0c4141548da9ec877d6235afd7a501c40d296fc4c5252a8717aa23c2,nodeType=CONSENSUS_NODE
info|2026-02-06 22:44:30.091809|blockSubmit-0x000071e9eb9d96c0|[INITIALIZER]registerNode,group=group0,node=0d6a7f52cb87ce7fda869e0db309ec9c53723c46f81632c21e4abbf1a9159f14d53f37cc0c4141548da9ec877d6235afd7a501c40d296fc4c5252a8717aa23c2,type=CONSENSUS_NODE
info|2026-02-06 22:44:30.091813|blockSubmit-0x000071e9eb9d96c0|[BLOCK SYNC]#### BlockSyncConfig resetConfig,number=107,consNodeSize=4,observerNodeSize=0,type=CONSENSUS_NODE
info|2026-02-06 22:44:30.091979|blockSubmit-0x000071e9eb9d96c0|[CONSENSUS][PBFT]notify to seal next proposal,nextProposalIndex=108
info|2026-02-06 22:44:30.092010|blockSubmit-0x000071e9eb9d96c0|[CONSENSUS][PBFT]removeConsensusedCache finalizeConsensus,view=3,number=107,eraseSize=1,cacheSize=0
info|2026-02-06 22:44:30.092030|blockSubmit-0x000071e9eb9d96c0|[CONSENSUS][PBFT][STORAGE]asyncRemoveStabledCheckPoint,index=102
info|2026-02-06 22:44:30.092056|blockSubmit-0x000071e9eb9d96c0|[CONSENSUS][PBFT][STORAGE]asyncRemove success,dbName=pbftCommitDB,key=102
info|2026-02-06 22:44:30.091698|submitter-0x000071ea003ff6c0|[TXPOOL][METRIC]StatTPS,tps=41,totalTime=24
info|2026-02-06 22:44:30.093807|submitter-0x000071ea003ff6c0|[TXPOOL][METRIC]batchRemove txs success,expectedSize=1,succCount=1,batchId=107,timecost=2,lockT=0,removeT=2,updateLedgerNonceT=0,updateTxPoolNonceT=0
info|2026-02-06 22:44:30.356561|ioService-0x000071e9da5f76c0|[P2PService][Service][METRIC]heartBeat,connected count=3
info|2026-02-06 22:44:33.277575|pbft-0x000071e9dcfff6c0|[CONSENSUS][PBFT]addPrepareCache,reqHash=06a719b6...,reqIndex=108,reqV=3,fromIdx=2,wait(ms)=0,committedIndex=107,consNum=108,committedHash=cd5f855b...,view=3,toView=3,changeCycle=0,expectedCheckPoint=108,Idx=0,unsealedTxs=1,sealUntil=0,waitResealUntil=0,consensusTimeout=3000,nodeId=0d6a7f52...,weight=1
info|2026-02-06 22:44:33.299982|pbft-0x000071e9dcfff6c0|[CONSENSUS][PBFT]handlePrePrepareMsg,reqHash=06a719b6...,reqIndex=108,reqV=3,fromIdx=3,wait(ms)=1,committedIndex=107,consNum=108,committedHash=cd5f855b...,view=3,toView=3,changeCycle=0,expectedCheckPoint=108,Idx=0,unsealedTxs=1,sealUntil=0,waitResealUntil=0,consensusTimeout=3000,nodeId=0d6a7f52...,utc=1237453
info|2026-02-06 22:44:33.300217|pbft-0x000071e9dcfff6c0|[TXPOOL]begin asyncVerifyBlock,consNum=108,hash=06a719b6...
info|2026-02-06 22:44:33.300500|pbft-0x000071e9dcfff6c0|[CONSENSUS][PBFT]addPrepareCache,reqHash=06a719b6...,reqIndex=108,reqV=3,fromIdx=3,wait(ms)=1,committedIndex=107,consNum=108,committedHash=cd5f855b...,view=3,toView=3,changeCycle=0,expectedCheckPoint=108,Idx=0,unsealedTxs=1,sealUntil=0,waitResealUntil=0,consensusTimeout=3000,nodeId=0d6a7f52...,weight=2
info|2026-02-06 22:44:33.300480|verifier-0x000071e9fa1f66c0|[TXPOOL]batchVerifyProposal,consNum=108,hash=06a719b6...,txsSize=1,lockT=0,verifyT=0,missedTxs=0
info|2026-02-06 22:44:33.300689|verifier-0x000071e9fa1f66c0|[TXPOOL][METRIC]asyncVerifyBlock finished,consNum=108,hash=06a719b6...,code=0,msg=success,result=true,timecost=0
info|2026-02-06 22:44:33.300754|verifier-0x000071e9fa1f66c0|[CONSENSUS][PBFT]handlePrePrepareMsg,reqHash=06a719b6...,reqIndex=108,reqV=3,fromIdx=3,wait(ms)=1,committedIndex=107,consNum=108,committedHash=cd5f855b...,view=3,toView=3,changeCycle=0,expectedCheckPoint=108,Idx=0,unsealedTxs=1,sealUntil=0,waitResealUntil=0,consensusTimeout=3000,nodeId=0d6a7f52...,utc=1237453
info|2026-02-06 22:44:33.300840|verifier-0x000071e9fa1f66c0|[CONSENSUS][PBFT]addPrePrepareCache,reqHash=06a719b6...,reqIndex=108,reqV=3,fromIdx=3,wait(ms)=1,sys=false,committedIndex=107,consNum=108,committedHash=cd5f855b...,view=3,toView=3,changeCycle=0,expectedCheckPoint=108,Idx=0,unsealedTxs=1,sealUntil=0,waitResealUntil=0,consensusTimeout=3000,nodeId=0d6a7f52...
info|2026-02-06 22:44:33.300890|verifier-0x000071e9fa1f66c0|[CONSENSUS][PBFT]notify the committed proposal index to the sync module success,index=108
info|2026-02-06 22:44:33.301177|validator-0x000071e9ec9db6c0|[CONSENSUS][PBFT]asyncResetTxsFlag,index=108,hash=06a719b6...,flag=true
info|2026-02-06 22:44:33.301332|validator-0x000071e9ec9db6c0|[TXPOOL]batchMarkTxs,txsSize=1,batchId=108,hash=06a719b6...,sealFlag=true,notFound=0,reSealed=0,succ=1,time=0,markT=0
info|2026-02-06 22:44:33.301388|validator-0x000071e9ec9db6c0|[CONSENSUS][PBFT]asyncMarkTxs success,index=108,hash=06a719b6...,flag=true,markT=0,emptyTxBatchHash=false
info|2026-02-06 22:44:33.301430|verifier-0x000071e9fa1f66c0|[CONSENSUS][PBFT]addPrepareCache,reqHash=06a719b6...,reqIndex=108,reqV=3,fromIdx=0,wait(ms)=1,committedIndex=107,consNum=108,committedHash=cd5f855b...,view=3,toView=3,changeCycle=0,expectedCheckPoint=108,Idx=0,unsealedTxs=0,sealUntil=0,waitResealUntil=0,consensusTimeout=3000,nodeId=0d6a7f52...,weight=3
info|2026-02-06 22:44:33.301557|verifier-0x000071e9fa1f66c0|[CONSENSUS][PBFT]broadcast prepare packet,packetSize=228,index=108
info|2026-02-06 22:44:33.301772|verifier-0x000071e9fa1f66c0|[CONSENSUS][PBFT]setSignatureList,signatureSize=3,propHash=06a719b6...,propIndex=108
info|2026-02-06 22:44:33.301820|verifier-0x000071e9fa1f66c0|[CONSENSUS][PBFT]intoPrecommit,reqHash=06a719b6...,reqIndex=108,reqV=3,fromIdx=0,wait(ms)=2,committedIndex=107,consNum=108,committedHash=cd5f855b...,view=3,toView=3,changeCycle=0,expectedCheckPoint=108,Idx=0,unsealedTxs=0,sealUntil=0,waitResealUntil=0,consensusTimeout=3000,nodeId=0d6a7f52...
info|2026-02-06 22:44:33.301902|verifier-0x000071e9fa1f66c0|[CONSENSUS][PBFT]addCommitCache,reqHash=06a719b6...,reqIndex=108,reqV=3,fromIdx=0,wait(ms)=0,committedIndex=107,consNum=108,committedHash=cd5f855b...,view=3,toView=3,changeCycle=0,expectedCheckPoint=108,Idx=0,unsealedTxs=0,sealUntil=0,waitResealUntil=0,consensusTimeout=3000,nodeId=0d6a7f52...,weight=1
info|2026-02-06 22:44:33.301917|verifier-0x000071e9fa1f66c0|[CONSENSUS][PBFT]checkAndPreCommit: broadcast commitMsg,Idx=0,hash=06a719b6...,index=108
info|2026-02-06 22:44:33.302002|verifier-0x000071e9fa1f66c0|[CONSENSUS][PBFT]handlePrePrepareMsg and broadcast prepare packet,reqHash=06a719b6...,reqIndex=108,reqV=3,fromIdx=0,wait(ms)=3,committedIndex=107,consNum=108,committedHash=cd5f855b...,view=3,toView=3,changeCycle=0,expectedCheckPoint=108,Idx=0,unsealedTxs=0,sealUntil=0,waitResealUntil=0,consensusTimeout=3000,nodeId=0d6a7f52...
info|2026-02-06 22:44:33.303689|txsPreStore-0x000071e9f91f46c0|[TXPOOL]storeVerifiedBlock fetch block number from LedgerConfig
info|2026-02-06 22:44:33.303791|txsPreStore-0x000071e9f91f46c0|[TOOL]LedgerConfigFetcher: fetchBlockNumber success,blockNumber=107
info|2026-02-06 22:44:33.303833|txsPreStore-0x000071e9f91f46c0|[TXPOOL]storeVerifiedBlock,consNum=108,hash=06a719b6...,txsSize=1
info|2026-02-06 22:44:33.303864|txsPreStore-0x000071e9f91f46c0|[LEDGER]asyncPreStoreBlockTxs: needStoreUnsavedTxs,txsSize=1,unstoredTxs=1,number=108
info|2026-02-06 22:44:33.303906|pbft-0x000071e9dcfff6c0|[CONSENSUS][PBFT]addPrepareCache,reqHash=06a719b6...,reqIndex=108,reqV=3,fromIdx=1,wait(ms)=2,committedIndex=107,consNum=108,committedHash=cd5f855b...,view=3,toView=3,changeCycle=0,expectedCheckPoint=108,Idx=0,unsealedTxs=0,sealUntil=0,waitResealUntil=0,consensusTimeout=3000,nodeId=0d6a7f52...,weight=4
info|2026-02-06 22:44:33.304083|txsPreStore-0x000071e9f91f46c0|[STORAGE-RocksDB]setRows finished,put=1,dataSize=10905,time(ms)=1
info|2026-02-06 22:44:33.304097|pbft-0x000071e9dcfff6c0|[CONSENSUS][PBFT]addCommitCache,reqHash=06a719b6...,reqIndex=108,reqV=3,fromIdx=1,wait(ms)=2,committedIndex=107,consNum=108,committedHash=cd5f855b...,view=3,toView=3,changeCycle=0,expectedCheckPoint=108,Idx=0,unsealedTxs=0,sealUntil=0,waitResealUntil=0,consensusTimeout=3000,nodeId=0d6a7f52...,weight=2
info|2026-02-06 22:44:33.304113|txsPreStore-0x000071e9f91f46c0|[LEDGER]asyncPreStoreBlockTxs: store uncommitted txs,blockNumber=108,blockTxsSize=1,unStoredTxs=1,msg=success,code=0,timeCost=1
info|2026-02-06 22:44:33.304123|txsPreStore-0x000071e9f91f46c0|[TXPOOL]storeVerifiedBlock success,consNum=108,hash=06a719b6...,timecost=1
info|2026-02-06 22:44:33.304200|pbft-0x000071e9dcfff6c0|[CONSENSUS][PBFT]addCommitCache,reqHash=06a719b6...,reqIndex=108,reqV=3,fromIdx=2,wait(ms)=1,committedIndex=107,consNum=108,committedHash=cd5f855b...,view=3,toView=3,changeCycle=0,expectedCheckPoint=108,Idx=0,unsealedTxs=0,sealUntil=0,waitResealUntil=0,consensusTimeout=3000,nodeId=0d6a7f52...,weight=3
info|2026-02-06 22:44:33.304225|pbft-0x000071e9dcfff6c0|[CONSENSUS][PBFT]checkAndCommit,propHash=06a719b6...,propIndex=108,committedIndex=107,consNum=108,committedHash=cd5f855b...,view=3,toView=3,changeCycle=0,expectedCheckPoint=108,Idx=0,unsealedTxs=0,sealUntil=0,waitResealUntil=0,consensusTimeout=3000,nodeId=0d6a7f52...
info|2026-02-06 22:44:33.304527|pbft-0x000071e9dcfff6c0|[CONSENSUS][PBFT]######## CommitProposal,propHash=06a719b6...,propIndex=108,sys=false,committedIndex=107,consNum=108,committedHash=cd5f855b...,view=3,toView=3,changeCycle=0,expectedCheckPoint=108,Idx=0,unsealedTxs=0,sealUntil=0,waitResealUntil=0,consensusTimeout=3000,nodeId=0d6a7f52...
info|2026-02-06 22:44:33.304568|pbft-0x000071e9dcfff6c0|[CONSENSUS][SEALER]resetSealingInfo,start=109,end=109,sealingNumber=109,waitUntil=0,unsealedTxs=0
info|2026-02-06 22:44:33.304575|pbft-0x000071e9dcfff6c0|[CONSENSUS][PBFT]asyncNotifySealProposal success,startIndex=109,endIndex=109,maxTxsToSeal=1000
info|2026-02-06 22:44:33.304580|pbft-0x000071e9dcfff6c0|[CONSENSUS][SEALER]asyncNotifySealProposal,startIndex=109,endIndex=109,maxTxsPerBlock=1000
info|2026-02-06 22:44:33.304586|pbft-0x000071e9dcfff6c0|[CONSENSUS][PBFT]notifySealer: notify the new leader to seal block,lockNotifyT=0,idx=0,startIndex=109,endIndex=109,notifyBeginIndex=109,waitSealUntil=0,waitResealUntil=0,maxTxsToSeal=1000,committedIndex=107,consNum=108,committedHash=cd5f855b...,view=3,toView=3,changeCycle=0,expectedCheckPoint=108,Idx=0,unsealedTxs=0,sealUntil=0,waitResealUntil=0,consensusTimeout=3000,nodeId=0d6a7f52...
info|2026-02-06 22:44:33.304598|pbft-0x000071e9dcfff6c0|[CONSENSUS][PBFT]notify to seal next proposal,nextProposalIndex=109
info|2026-02-06 22:44:33.304636|pbft-0x000071e9dcfff6c0|[CONSENSUS][PBFT]notifySealer return for invalid seal range,lockNotifyT=0,currentEndIndex=109,expectedEndIndex=109,committedIndex=107,consNum=108,committedHash=cd5f855b...,view=3,toView=3,changeCycle=0,expectedCheckPoint=108,Idx=0,unsealedTxs=0,sealUntil=0,waitResealUntil=0,consensusTimeout=3000,nodeId=0d6a7f52...
info|2026-02-06 22:44:33.304649|pbft-0x000071e9dcfff6c0|[CONSENSUS][PBFT]notify to seal next proposal,nextProposalIndex=109
info|2026-02-06 22:44:33.304655|pbft-0x000071e9dcfff6c0|[CONSENSUS][PBFT]applyStateMachine,index=108,hash=06a719b6...,committedIndex=107,consNum=108,committedHash=cd5f855b...,view=3,toView=3,changeCycle=0,expectedCheckPoint=108,Idx=0,unsealedTxs=0,sealUntil=0,waitResealUntil=0,consensusTimeout=3000,nodeId=0d6a7f52...,unAppliedProposals=0
info|2026-02-06 22:44:33.305211|exeScheduler-0x000071e9a99fb6c0|[SCHEDULER][METRIC][blk-108]ExecuteBlock request,gasLimit=3000000000,gasPrice=0x0,verify=false,signatureSize=0,txCount=0,metaTxCount=1,version=3.11.0,waitT=0
info|2026-02-06 22:44:33.305321|exeScheduler-0x000071e9a99fb6c0|[SCHEDULER][blk-108][BlockTrace]ExecuteBlock start,time(ms)=0
info|2026-02-06 22:44:33.305330|exeScheduler-0x000071e9a99fb6c0|[SCHEDULER][serialExecute][blk-108][BlockTrace]serialExecute execute block
info|2026-02-06 22:44:33.305664|preExeScheduler-0x000071e9aa1fc6c0|[SCHEDULER][METRIC][BlockTrace][blk-108]preExeBlock success,blockHeader.timestamp=1770389073260,metaTxCount=1,timeCost=1
info|2026-02-06 22:44:33.305852|exeScheduler-0x000071e9a99fb6c0|[SCHEDULER][serialExecute][blk-108][BlockTrace]serialExecute batch next block
info|2026-02-06 22:44:33.305896|exeScheduler-0x000071e9a99fb6c0|[SCHEDULER][blk-108][BlockTrace]NextBlock request,executorNum=1
info|2026-02-06 22:44:33.306662|exec-0x000071e9f51ec6c0|[SCHEDULER][blk-108][BlockTrace]NextBlock success,executorNum=1,timeCost=1
info|2026-02-06 22:44:33.306726|exec-0x000071e9f51ec6c0|[SCHEDULER][serialExecute][blk-108][BlockTrace]serialExecute block begin
info|2026-02-06 22:44:33.307514|Unnamed-0x000071e9a89f96c0|[STORAGE-KeyPage]empty table,table=/apps/abdec1afc7c33bfa172af8e5a7db09d8c999015f_accessAuth,key=61646d696e
info|2026-02-06 22:44:33.307805|Unnamed-0x000071e9a89f96c0|[STORAGE-KeyPage]empty table,table=/apps/abdec1afc7c33bfa172af8e5a7db09d8c999015f,key=0000000000000000000000000000000000000000000000000000000000000004
info|2026-02-06 22:44:33.309250|exec-0x000071e9f41ea6c0|[STORAGE-KeyPage]hash,size=29,blockVersion=51052544,readLength=18342,writeLength=452,pageCount=2,entrycount=2,entriesHash=f0e6a1fb881af43ff523db92e10cba9b72a9e8d6cebedd6a11149d8f9d6c5145,pagesHash=ff969fe64dde7ddb77b19852d3e08643430206599196606e5c4ef3888995eb3c,totalHash=0f703e1dc5c489e4829243c032ec3cd831abee8f5f28bd044d5a6e0714f9ba79
info|2026-02-06 22:44:33.309338|exec-0x000071e9f41ea6c0|[EXECUTOR:1770389060][blk-108]GetTableHashes success,hash=0f703e1dc5c489e4829243c032ec3cd831abee8f5f28bd044d5a6e0714f9ba79,time(ms)=1
info|2026-02-06 22:44:33.309390|exec-0x000071e9f41ea6c0|[SCHEDULER][blk-108][BlockTrace]ExecuteBlock success,hash=7bd89fa5...,stateRoot=0f703e1dc5c489e4829243c032ec3cd831abee8f5f28bd044d5a6e0714f9ba79,receiptRoot=a1355d84375a61473bc275b45d569c4f82f31c770b4e7b720ef98e7bcabff437,txsRoot=94df7440...,gasUsed=128597,signatureSize=0,timeCost=4,blockVersion=51052544
info|2026-02-06 22:44:33.309412|exec-0x000071e9f41ea6c0|[CONSENSUS][Core][METRIC]asyncExecuteBlock success,sysBlock=false,number=108,result=7bd89fa5...,txsSize=1,txsRoot=94df7440...,receiptsRoot=a1355d84...,stateRoot=0f703e1d...,timeCost=4,execPerTx=4
info|2026-02-06 22:44:33.309598|exec-0x000071e9f41ea6c0|[CONSENSUS][PBFT]applyStateMachine finished,index=108,beforeExec=06a719b6...,afterExec=7bd89fa5...,committedIndex=107,consNum=108,committedHash=cd5f855b...,view=3,toView=3,changeCycle=0,expectedCheckPoint=108,Idx=0,unsealedTxs=0,sealUntil=0,waitResealUntil=0,consensusTimeout=3000,nodeId=0d6a7f52...,timecost=5
info|2026-02-06 22:44:33.309742|pbftWorker-0x000071e9e99d56c0|[CONSENSUS][PBFT][STORAGE]asyncCommitProposal: write the committed proposal into db,index=108
info|2026-02-06 22:44:33.309908|pbftWorker-0x000071e9e99d56c0|[CONSENSUS][PBFT][STORAGE]asyncPutProposal: commit success,dbName=pbftCommitDB,key=max_committed_proposal,number=108,timecost=0,dataSize=3
info|2026-02-06 22:44:33.309977|pbftWorker-0x000071e9e99d56c0|[CONSENSUS][PBFT][STORAGE]asyncPutProposal: commit success,dbName=pbftCommitDB,key=108,number=108,timecost=0,dataSize=635
info|2026-02-06 22:44:33.310422|pbftWorker-0x000071e9e99d56c0|[CONSENSUS][PBFT]addCheckPointMsg,reqHash=7bd89fa5...,reqIndex=108,reqV=3,fromIdx=0,wait(ms)=0,Idx=0,weight=1,minRequiredWeight=3
info|2026-02-06 22:44:33.310480|pbftWorker-0x000071e9e99d56c0|[CONSENSUS][PBFT]setCheckPointProposal,propHash=7bd89fa5...,propIndex=108,committedIndex=107,consNum=108,committedHash=cd5f855b...,view=3,toView=3,changeCycle=0,expectedCheckPoint=108,Idx=0,unsealedTxs=0,sealUntil=0,waitResealUntil=0,consensusTimeout=3000,nodeId=0d6a7f52...
info|2026-02-06 22:44:33.310502|pbftWorker-0x000071e9e99d56c0|[CONSENSUS][PBFT]PBFTConfig: setExpectedCheckPoint,committedIndex=107,consNum=108,committedHash=cd5f855b...,view=3,toView=3,changeCycle=0,expectedCheckPoint=109,Idx=0,unsealedTxs=0,sealUntil=0,waitResealUntil=0,consensusTimeout=3000,nodeId=0d6a7f52...,expectedCheckPoint=109
info|2026-02-06 22:44:33.310514|pbftWorker-0x000071e9e99d56c0|[CONSENSUS][PBFT]notifySealer return for invalid seal range,lockNotifyT=0,currentEndIndex=109,expectedEndIndex=109,committedIndex=107,consNum=108,committedHash=cd5f855b...,view=3,toView=3,changeCycle=0,expectedCheckPoint=109,Idx=0,unsealedTxs=0,sealUntil=0,waitResealUntil=0,consensusTimeout=3000,nodeId=0d6a7f52...
info|2026-02-06 22:44:33.310526|pbftWorker-0x000071e9e99d56c0|[CONSENSUS][PBFT]notify to seal next proposal,nextProposalIndex=109
info|2026-02-06 22:44:33.310538|pbftWorker-0x000071e9e99d56c0|[CONSENSUS][PBFT]onProposalApplySuccess,index=108,hash=7bd89fa5...,lockT=0,timecost=0
info|2026-02-06 22:44:33.311686|pbft-0x000071e9dcfff6c0|[CONSENSUS][PBFT]handleCheckPointMsg: try to add the checkpoint message into the cache,reqHash=7bd89fa5...,reqIndex=108,reqV=3,fromIdx=2,wait(ms)=0,committedIndex=107,consNum=108,committedHash=cd5f855b...,view=3,toView=3,changeCycle=0,expectedCheckPoint=109,Idx=0,unsealedTxs=0,sealUntil=0,waitResealUntil=0,consensusTimeout=3000,nodeId=0d6a7f52...
info|2026-02-06 22:44:33.311727|pbft-0x000071e9dcfff6c0|[CONSENSUS][PBFT]addCheckPointMsg,reqHash=7bd89fa5...,reqIndex=108,reqV=3,fromIdx=2,wait(ms)=0,Idx=0,weight=2,minRequiredWeight=3
info|2026-02-06 22:44:33.311737|pbft-0x000071e9dcfff6c0|[CONSENSUS][PBFT]notifySealer return for invalid seal range,lockNotifyT=0,currentEndIndex=109,expectedEndIndex=109,committedIndex=107,consNum=108,committedHash=cd5f855b...,view=3,toView=3,changeCycle=0,expectedCheckPoint=109,Idx=0,unsealedTxs=0,sealUntil=0,waitResealUntil=0,consensusTimeout=3000,nodeId=0d6a7f52...
info|2026-02-06 22:44:33.311748|pbft-0x000071e9dcfff6c0|[CONSENSUS][PBFT]notify to seal next proposal,nextProposalIndex=109
info|2026-02-06 22:44:33.311967|pbft-0x000071e9dcfff6c0|[CONSENSUS][PBFT]handleCheckPointMsg: try to add the checkpoint message into the cache,reqHash=7bd89fa5...,reqIndex=108,reqV=3,fromIdx=1,wait(ms)=0,committedIndex=107,consNum=108,committedHash=cd5f855b...,view=3,toView=3,changeCycle=0,expectedCheckPoint=109,Idx=0,unsealedTxs=0,sealUntil=0,waitResealUntil=0,consensusTimeout=3000,nodeId=0d6a7f52...
info|2026-02-06 22:44:33.311993|pbft-0x000071e9dcfff6c0|[CONSENSUS][PBFT]addCheckPointMsg,reqHash=7bd89fa5...,reqIndex=108,reqV=3,fromIdx=1,wait(ms)=0,Idx=0,weight=3,minRequiredWeight=3
info|2026-02-06 22:44:33.311999|pbft-0x000071e9dcfff6c0|[CONSENSUS][PBFT]notifySealer return for invalid seal range,lockNotifyT=0,currentEndIndex=109,expectedEndIndex=109,committedIndex=107,consNum=108,committedHash=cd5f855b...,view=3,toView=3,changeCycle=0,expectedCheckPoint=109,Idx=0,unsealedTxs=0,sealUntil=0,waitResealUntil=0,consensusTimeout=3000,nodeId=0d6a7f52...
info|2026-02-06 22:44:33.312007|pbft-0x000071e9dcfff6c0|[CONSENSUS][PBFT]notify to seal next proposal,nextProposalIndex=109
info|2026-02-06 22:44:33.312020|pbft-0x000071e9dcfff6c0|[CONSENSUS][PBFT]setSignatureList,signatureSize=3,propHash=7bd89fa5...,propIndex=108
info|2026-02-06 22:44:33.312028|pbft-0x000071e9dcfff6c0|[CONSENSUS][PBFT]checkAndCommitStableCheckPoint,index=108,hash=7bd89fa5...,committedIndex=107,consNum=108,committedHash=cd5f855b...,view=3,toView=3,changeCycle=0,expectedCheckPoint=109,Idx=0,unsealedTxs=0,sealUntil=0,waitResealUntil=0,consensusTimeout=3000,nodeId=0d6a7f52...
info|2026-02-06 22:44:33.312040|pbft-0x000071e9dcfff6c0|[CONSENSUS][PBFT]updateStableCheckPointQueue: insert new checkpoint proposal,index=108,hash=7bd89fa5...,committedIndex=107,consNum=108,committedHash=cd5f855b...,view=3,toView=3,changeCycle=0,expectedCheckPoint=109,Idx=0,unsealedTxs=0,sealUntil=0,waitResealUntil=0,consensusTimeout=3000,nodeId=0d6a7f52...
info|2026-02-06 22:44:33.312051|pbft-0x000071e9dcfff6c0|[CONSENSUS][PBFT]updateStableCheckPointQueue: commit stable checkpoint,index=108,committedIndex=107
info|2026-02-06 22:44:33.312106|pbft-0x000071e9dcfff6c0|[CONSENSUS][PBFT]asyncCommitStableCheckPoint: set signatureList,index=108,hash=7bd89fa5...,proofSize=3,blockProofSize=3
info|2026-02-06 22:44:33.312280|blockSubmit-0x000071e9eb9d96c0|[SCHEDULER][blk-108][BlockTrace]CommitBlock start
info|2026-02-06 22:44:33.312828|blockSubmit-0x000071e9eb9d96c0|[STORAGE-RocksDB]asyncPrepare,number=108
info|2026-02-06 22:44:33.312916|blockSubmit-0x000071e9eb9d96c0|[STORAGE-RocksDB]asyncPrepare finished,blockNumber=108,put=7,delete=0,startTS=0,encode(ms)=0,time(ms)=0
info|2026-02-06 22:44:33.312970|blockSubmit-0x000071e9eb9d96c0|[LEDGER]storeTransactionsAndReceipts,blockNumber=108
info|2026-02-06 22:44:33.313557|exec-0x000071e9f39e96c0|[STORAGE-RocksDB]asyncPrepare,number=108
info|2026-02-06 22:44:33.313727|ledgerWrite-0x000071ea021fe6c0|[STORAGE-RocksDB]setRows finished,put=1,dataSize=140,time(ms)=0
info|2026-02-06 22:44:33.314016|blockSubmit-0x000071e9eb9d96c0|[LEDGER]storeTransactionsAndReceipts finished,blockNumber=108,blockTxsSize=1,unStoredTxs=0,timeCost=2
info|2026-02-06 22:44:33.314123|blockSubmit-0x000071e9eb9d96c0|[LEDGER][METRIC]asyncPrewriteBlock,number=108,totalTxs=132,failedTxs=44,incTxs=1,incFailedTxs=0
info|2026-02-06 22:44:33.314790|pbft-0x000071e9dcfff6c0|[CONSENSUS][PBFT]handleCheckPointMsg: try to add the checkpoint message into the cache,reqHash=7bd89fa5...,reqIndex=108,reqV=3,fromIdx=3,wait(ms)=0,committedIndex=107,consNum=108,committedHash=cd5f855b...,view=3,toView=3,changeCycle=0,expectedCheckPoint=109,Idx=0,unsealedTxs=0,sealUntil=0,waitResealUntil=0,consensusTimeout=3000,nodeId=0d6a7f52...
info|2026-02-06 22:44:33.314843|pbft-0x000071e9dcfff6c0|[CONSENSUS][PBFT]addCheckPointMsg,reqHash=7bd89fa5...,reqIndex=108,reqV=3,fromIdx=3,wait(ms)=0,Idx=0,weight=4,minRequiredWeight=3
info|2026-02-06 22:44:33.314858|pbft-0x000071e9dcfff6c0|[CONSENSUS][PBFT]notifySealer return for invalid seal range,lockNotifyT=0,currentEndIndex=109,expectedEndIndex=109,committedIndex=107,consNum=108,committedHash=cd5f855b...,view=3,toView=3,changeCycle=0,expectedCheckPoint=109,Idx=0,unsealedTxs=0,sealUntil=0,waitResealUntil=0,consensusTimeout=3000,nodeId=0d6a7f52...
info|2026-02-06 22:44:33.314869|pbft-0x000071e9dcfff6c0|[CONSENSUS][PBFT]notify to seal next proposal,nextProposalIndex=109
info|2026-02-06 22:44:33.315732|exec-0x000071e9f39e96c0|[STORAGE-KeyPage]parallelTraverse,size=591
info|2026-02-06 22:44:33.315957|exec-0x000071e9f39e96c0|[STORAGE-RocksDB]asyncPrepare finished,blockNumber=108,put=6,delete=3,startTS=0,encode(ms)=2,time(ms)=3
info|2026-02-06 22:44:33.316007|exec-0x000071e9f39e96c0|[EXECUTOR:1770389060][blk-108]Prepare success
info|2026-02-06 22:44:33.316156|exec-0x000071e9f39e96c0|[STORAGE-RocksDB]asyncCommit finished,blockNumber=108,startTS=0,time(ms)=0,callback time(ms)=0,count=16
info|2026-02-06 22:44:33.316183|exec-0x000071e9f39e96c0|[TOOL]fetchCompatibilityVersion
info|2026-02-06 22:44:33.316309|exec-0x000071e9f39e96c0|[TOOL]fetchCompatibilityVersion success,version=3.11.0,versionNumber=51052544,minSupportedVersion=3.0.0-rc4,maxSupportedVersion=3.11.0
info|2026-02-06 22:44:33.316388|exec-0x000071e9f39e96c0|[TOOL]fetchAuthCheckStatus success,value=0
info|2026-02-06 22:44:33.316403|exec-0x000071e9f39e96c0|[EXECUTOR:1770389060]merge keyPage to cachedStorage,number=108
info|2026-02-06 22:44:33.316463|exec-0x000071e9f39e96c0|[STORAGE-KeyPage]parallelTraverse,size=591
info|2026-02-06 22:44:33.316477|exec-0x000071e9f39e96c0|[STORAGE]Successful merged records,count=9
info|2026-02-06 22:44:33.320145|exec-0x000071e9f39e96c0|[SCHEDULER][blk-108][BlockTrace]CommitBlock success,gas limit=3000000000,timeCost=8
info|2026-02-06 22:44:33.320262|exec-0x000071e9f39e96c0|[SCHEDULER][BlockTrace]Notify block result success,blockNumber=108
info|2026-02-06 22:44:33.320284|exec-0x000071e9f39e96c0|[CONSENSUS][PBFT][STORAGE][METRIC]commitStableCheckPoint success,index=108,hash=7bd89fa5...,txs=1,timeCost=8,commitPerTx=8
info|2026-02-06 22:44:33.320339|exec-0x000071e9f39e96c0|[SCHEDULER][blk-108]notify block result success,hash=7bd89fa5...,txsSize=1
info|2026-02-06 22:44:33.320394|blockSubmit-0x000071e9eb9d96c0|[CONSENSUS][PBFT][METRIC]resetConfig,committedIndex=108,propHash=7bd89fa5...,blockCountLimit=1000,leaderPeriod=1,consensusNodesSize=4
info|2026-02-06 22:44:33.320583|exec-0x000071e9f39e96c0|[STORAGE-RocksDB]asyncCommit finished,blockNumber=108,startTS=0,time(ms)=0,callback time(ms)=4,count=0
info|2026-02-06 22:44:33.320594|blockSubmit-0x000071e9eb9d96c0|[CONSENSUS][PBFT][METRIC]^^^^^^^^Report,sealer=3,txs=1,committedIndex=108,consNum=109,committedHash=7bd89fa5...,view=3,toView=3,changeCycle=0,expectedCheckPoint=109,Idx=0,unsealedTxs=0,sealUntil=0,waitResealUntil=0,consensusTimeout=3000,nodeId=0d6a7f52...
info|2026-02-06 22:44:33.320670|blockSubmit-0x000071e9eb9d96c0|[CONSENSUS][SEALER]asyncNoteLatestBlockNumber,number=108
info|2026-02-06 22:44:33.320713|blockSubmit-0x000071e9eb9d96c0|[CONSENSUS][SEALER]asyncNoteLatestBlockHash,_hash=7bd89fa5...
info|2026-02-06 22:44:33.320754|blockSubmit-0x000071e9eb9d96c0|[BLOCK SYNC]#### BlockSyncConfig resetConfig,number=108,consNodeSize=4,observerNodeSize=0,type=CONSENSUS_NODE
info|2026-02-06 22:44:33.320898|submitter-0x000071e9fe1fe6c0|[TXPOOL][METRIC]StatTPS,tps=16,totalTime=62
info|2026-02-06 22:44:33.321292|submitter-0x000071e9fe1fe6c0|[TXPOOL][METRIC]batchRemove txs success,expectedSize=1,succCount=1,batchId=108,timecost=1,lockT=0,removeT=1,updateLedgerNonceT=0,updateTxPoolNonceT=0
info|2026-02-06 22:44:33.321754|blockSubmit-0x000071e9eb9d96c0|[CONSENSUS][PBFT]notifySealer return for invalid seal range,lockNotifyT=0,currentEndIndex=109,expectedEndIndex=109,committedIndex=108,consNum=109,committedHash=7bd89fa5...,view=3,toView=3,changeCycle=0,expectedCheckPoint=109,Idx=0,unsealedTxs=0,sealUntil=0,waitResealUntil=0,consensusTimeout=3000,nodeId=0d6a7f52...
info|2026-02-06 22:44:33.321834|blockSubmit-0x000071e9eb9d96c0|[CONSENSUS][PBFT]notifySealer return for invalid seal range,lockNotifyT=0,currentEndIndex=109,expectedEndIndex=109,committedIndex=108,consNum=109,committedHash=7bd89fa5...,view=3,toView=3,changeCycle=0,expectedCheckPoint=109,Idx=0,unsealedTxs=0,sealUntil=0,waitResealUntil=0,consensusTimeout=3000,nodeId=0d6a7f52...
info|2026-02-06 22:44:33.321853|blockSubmit-0x000071e9eb9d96c0|[CONSENSUS][PBFT]notify to seal next proposal,nextProposalIndex=109
info|2026-02-06 22:44:33.321949|blockSubmit-0x000071e9eb9d96c0|[CONSENSUS][PBFT]removeConsensusedCache finalizeConsensus,view=3,number=108,eraseSize=1,cacheSize=0
info|2026-02-06 22:44:33.322022|blockSubmit-0x000071e9eb9d96c0|[CONSENSUS][PBFT][STORAGE]asyncRemoveStabledCheckPoint,index=103
info|2026-02-06 22:44:33.322127|blockSubmit-0x000071e9eb9d96c0|[CONSENSUS][PBFT][STORAGE]asyncRemove success,dbName=pbftCommitDB,key=103
info|2026-02-06 22:44:35.322152|pullTxsTimer-0x000071e9ea9d76c0|[CONSENSUS][PBFT]tryToSyncTxs: try to request unsealing txs from peer,committedIndex=108,consNum=109,committedHash=7bd89fa5...,view=3,toView=3,changeCycle=0,expectedCheckPoint=109,Idx=0,unsealedTxs=0,sealUntil=0,waitResealUntil=0,consensusTimeout=3000,nodeId=0d6a7f52...
info|2026-02-06 22:44:36.184078|txsSeal-0x000071e9f99f56c0|[TXPOOL]begin batchFetchTxs,pendingTxs=1,limit=1000
info|2026-02-06 22:44:36.184154|txsSeal-0x000071e9f99f56c0|[TXPOOL][METRIC]batchFetchTxs success,time=0,txsSize=1,sysTxsSize=0,pendingTxs=1,limit=1000,fetchTxsT=0,lockT=0,invalidBefore=0,invalidNow=0,sealed=0,traverseCount=1
info|2026-02-06 22:44:36.185149|Sealer-0x000071e9de4fb6c0|[CONSENSUS][SEALER]++++++++++++++++ Generate proposal,index=109,curNum=108,hash=d5e53366...,sysTxs=false,txsSize=1,version=51052544
info|2026-02-06 22:44:36.185236|Sealer-0x000071e9de4fb6c0|[CONSENSUS][PBFT]asyncSubmitProposal,index=109,hash=d5e53366...,committedIndex=108,consNum=109,committedHash=7bd89fa5...,view=3,toView=3,changeCycle=0,expectedCheckPoint=109,Idx=0,unsealedTxs=0,sealUntil=0,waitResealUntil=0,consensusTimeout=3000,nodeId=0d6a7f52...
info|2026-02-06 22:44:36.185262|Sealer-0x000071e9de4fb6c0|[CONSENSUS][PBFT]++++++++++++++++ Generating seal on,index=109,Idx=0,hash=d5e53366...,sysProposal=false
info|2026-02-06 22:44:36.185406|Sealer-0x000071e9de4fb6c0|[CONSENSUS][PBFT]broadcast pre-prepare packet,packetSize=545,index=109,encode(ms)=0,asyncSend(ms)=0
info|2026-02-06 22:44:36.185432|Sealer-0x000071e9de4fb6c0|[CONSENSUS][PBFT]handlePrePrepareMsg,reqHash=d5e53366...,reqIndex=109,reqV=3,fromIdx=0,wait(ms)=0,committedIndex=108,consNum=109,committedHash=7bd89fa5...,view=3,toView=3,changeCycle=0,expectedCheckPoint=109,Idx=0,unsealedTxs=0,sealUntil=0,waitResealUntil=0,consensusTimeout=3000,nodeId=0d6a7f52...,utc=1240338
info|2026-02-06 22:44:36.185471|Sealer-0x000071e9de4fb6c0|[CONSENSUS][PBFT]addPrePrepareCache,reqHash=d5e53366...,reqIndex=109,reqV=3,fromIdx=0,wait(ms)=0,sys=false,committedIndex=108,consNum=109,committedHash=7bd89fa5...,view=3,toView=3,changeCycle=0,expectedCheckPoint=109,Idx=0,unsealedTxs=0,sealUntil=0,waitResealUntil=0,consensusTimeout=3000,nodeId=0d6a7f52...
info|2026-02-06 22:44:36.185482|Sealer-0x000071e9de4fb6c0|[CONSENSUS][PBFT]notify the committed proposal index to the sync module success,index=109
info|2026-02-06 22:44:36.185486|validator-0x000071e9ed1dc6c0|[CONSENSUS][PBFT]asyncResetTxsFlag,index=109,hash=d5e53366...,flag=true
info|2026-02-06 22:44:36.185502|validator-0x000071e9ed1dc6c0|[TXPOOL]batchMarkTxs,txsSize=1,batchId=109,hash=d5e53366...,sealFlag=true,notFound=0,reSealed=0,succ=1,time=0,markT=0
info|2026-02-06 22:44:36.185512|validator-0x000071e9ed1dc6c0|[CONSENSUS][PBFT]asyncMarkTxs success,index=109,hash=d5e53366...,flag=true,markT=0,emptyTxBatchHash=false
info|2026-02-06 22:44:36.185542|Sealer-0x000071e9de4fb6c0|[CONSENSUS][PBFT]addPrepareCache,reqHash=d5e53366...,reqIndex=109,reqV=3,fromIdx=0,wait(ms)=0,committedIndex=108,consNum=109,committedHash=7bd89fa5...,view=3,toView=3,changeCycle=0,expectedCheckPoint=109,Idx=0,unsealedTxs=0,sealUntil=0,waitResealUntil=0,consensusTimeout=3000,nodeId=0d6a7f52...,weight=1
info|2026-02-06 22:44:36.185585|Sealer-0x000071e9de4fb6c0|[CONSENSUS][PBFT]broadcast prepare packet,packetSize=226,index=109
info|2026-02-06 22:44:36.185634|Sealer-0x000071e9de4fb6c0|[CONSENSUS][PBFT]handlePrePrepareMsg and broadcast prepare packet,reqHash=d5e53366...,reqIndex=109,reqV=3,fromIdx=0,wait(ms)=0,committedIndex=108,consNum=109,committedHash=7bd89fa5...,view=3,toView=3,changeCycle=0,expectedCheckPoint=109,Idx=0,unsealedTxs=0,sealUntil=0,waitResealUntil=0,consensusTimeout=3000,nodeId=0d6a7f52...
info|2026-02-06 22:44:36.185659|Sealer-0x000071e9de4fb6c0|[CONSENSUS][PBFT]handlePrePrepareMsg success,index=109,costT(ms)=0
info|2026-02-06 22:44:36.187371|pbft-0x000071e9dcfff6c0|[CONSENSUS][PBFT]addPrepareCache,reqHash=d5e53366...,reqIndex=109,reqV=3,fromIdx=2,wait(ms)=0,committedIndex=108,consNum=109,committedHash=7bd89fa5...,view=3,toView=3,changeCycle=0,expectedCheckPoint=109,Idx=0,unsealedTxs=0,sealUntil=0,waitResealUntil=0,consensusTimeout=3000,nodeId=0d6a7f52...,weight=2
info|2026-02-06 22:44:36.187703|pbft-0x000071e9dcfff6c0|[CONSENSUS][PBFT]addPrepareCache,reqHash=d5e53366...,reqIndex=109,reqV=3,fromIdx=1,wait(ms)=0,committedIndex=108,consNum=109,committedHash=7bd89fa5...,view=3,toView=3,changeCycle=0,expectedCheckPoint=109,Idx=0,unsealedTxs=0,sealUntil=0,waitResealUntil=0,consensusTimeout=3000,nodeId=0d6a7f52...,weight=3
info|2026-02-06 22:44:36.187722|pbft-0x000071e9dcfff6c0|[CONSENSUS][PBFT]setSignatureList,signatureSize=3,propHash=d5e53366...,propIndex=109
info|2026-02-06 22:44:36.187736|pbft-0x000071e9dcfff6c0|[CONSENSUS][PBFT]intoPrecommit,reqHash=d5e53366...,reqIndex=109,reqV=3,fromIdx=0,wait(ms)=2,committedIndex=108,consNum=109,committedHash=7bd89fa5...,view=3,toView=3,changeCycle=0,expectedCheckPoint=109,Idx=0,unsealedTxs=0,sealUntil=0,waitResealUntil=0,consensusTimeout=3000,nodeId=0d6a7f52...
info|2026-02-06 22:44:36.187833|pbft-0x000071e9dcfff6c0|[CONSENSUS][PBFT]addCommitCache,reqHash=d5e53366...,reqIndex=109,reqV=3,fromIdx=0,wait(ms)=0,committedIndex=108,consNum=109,committedHash=7bd89fa5...,view=3,toView=3,changeCycle=0,expectedCheckPoint=109,Idx=0,unsealedTxs=0,sealUntil=0,waitResealUntil=0,consensusTimeout=3000,nodeId=0d6a7f52...,weight=1
info|2026-02-06 22:44:36.187851|pbft-0x000071e9dcfff6c0|[CONSENSUS][PBFT]checkAndPreCommit: broadcast commitMsg,Idx=0,hash=d5e53366...,index=109
info|2026-02-06 22:44:36.188308|pbft-0x000071e9dcfff6c0|[CONSENSUS][PBFT]addPrepareCache,reqHash=d5e53366...,reqIndex=109,reqV=3,fromIdx=3,wait(ms)=1,committedIndex=108,consNum=109,committedHash=7bd89fa5...,view=3,toView=3,changeCycle=0,expectedCheckPoint=109,Idx=0,unsealedTxs=0,sealUntil=0,waitResealUntil=0,consensusTimeout=3000,nodeId=0d6a7f52...,weight=4
info|2026-02-06 22:44:36.188512|pbft-0x000071e9dcfff6c0|[CONSENSUS][PBFT]addCommitCache,reqHash=d5e53366...,reqIndex=109,reqV=3,fromIdx=1,wait(ms)=0,committedIndex=108,consNum=109,committedHash=7bd89fa5...,view=3,toView=3,changeCycle=0,expectedCheckPoint=109,Idx=0,unsealedTxs=0,sealUntil=0,waitResealUntil=0,consensusTimeout=3000,nodeId=0d6a7f52...,weight=2
info|2026-02-06 22:44:36.188703|pbft-0x000071e9dcfff6c0|[CONSENSUS][PBFT]addCommitCache,reqHash=d5e53366...,reqIndex=109,reqV=3,fromIdx=2,wait(ms)=0,committedIndex=108,consNum=109,committedHash=7bd89fa5...,view=3,toView=3,changeCycle=0,expectedCheckPoint=109,Idx=0,unsealedTxs=0,sealUntil=0,waitResealUntil=0,consensusTimeout=3000,nodeId=0d6a7f52...,weight=3
info|2026-02-06 22:44:36.188765|pbft-0x000071e9dcfff6c0|[CONSENSUS][PBFT]checkAndCommit,propHash=d5e53366...,propIndex=109,committedIndex=108,consNum=109,committedHash=7bd89fa5...,view=3,toView=3,changeCycle=0,expectedCheckPoint=109,Idx=0,unsealedTxs=0,sealUntil=0,waitResealUntil=0,consensusTimeout=3000,nodeId=0d6a7f52...
info|2026-02-06 22:44:36.188786|pbft-0x000071e9dcfff6c0|[CONSENSUS][PBFT]######## CommitProposal,propHash=d5e53366...,propIndex=109,sys=false,committedIndex=108,consNum=109,committedHash=7bd89fa5...,view=3,toView=3,changeCycle=0,expectedCheckPoint=109,Idx=0,unsealedTxs=0,sealUntil=0,waitResealUntil=0,consensusTimeout=3000,nodeId=0d6a7f52...
info|2026-02-06 22:44:36.188805|pbft-0x000071e9dcfff6c0|[CONSENSUS][PBFT]notify to seal next proposal,nextProposalIndex=110
info|2026-02-06 22:44:36.188835|pbft-0x000071e9dcfff6c0|[CONSENSUS][PBFT]notify to seal next proposal,nextProposalIndex=110
info|2026-02-06 22:44:36.188861|pbft-0x000071e9dcfff6c0|[CONSENSUS][PBFT]applyStateMachine,index=109,hash=d5e53366...,committedIndex=108,consNum=109,committedHash=7bd89fa5...,view=3,toView=3,changeCycle=0,expectedCheckPoint=109,Idx=0,unsealedTxs=0,sealUntil=0,waitResealUntil=0,consensusTimeout=3000,nodeId=0d6a7f52...,unAppliedProposals=0
info|2026-02-06 22:44:36.189024|preExeScheduler-0x000071e9aa9fd6c0|[SCHEDULER][METRIC][BlockTrace][blk-109]preExeBlock success,blockHeader.timestamp=1770389076185,metaTxCount=1,timeCost=1
info|2026-02-06 22:44:36.189350|exeScheduler-0x000071e9a99fb6c0|[SCHEDULER][METRIC][blk-109]ExecuteBlock request,gasLimit=3000000000,gasPrice=0x0,verify=false,signatureSize=0,txCount=0,metaTxCount=1,version=3.11.0,waitT=2880
info|2026-02-06 22:44:36.189396|exeScheduler-0x000071e9a99fb6c0|[SCHEDULER][blk-109][BlockTrace]ExecuteBlock start,time(ms)=0
info|2026-02-06 22:44:36.189400|exeScheduler-0x000071e9a99fb6c0|[SCHEDULER][serialExecute][blk-109][BlockTrace]serialExecute execute block
info|2026-02-06 22:44:36.189405|exeScheduler-0x000071e9a99fb6c0|[SCHEDULER][serialExecute][blk-109][BlockTrace]serialExecute batch next block
info|2026-02-06 22:44:36.189407|exeScheduler-0x000071e9a99fb6c0|[SCHEDULER][blk-109][BlockTrace]NextBlock request,executorNum=1
info|2026-02-06 22:44:36.191160|exec-0x000071e9f29e76c0|[SCHEDULER][blk-109][BlockTrace]NextBlock success,executorNum=1,timeCost=2
info|2026-02-06 22:44:36.191177|exec-0x000071e9f29e76c0|[SCHEDULER][serialExecute][blk-109][BlockTrace]serialExecute block begin
info|2026-02-06 22:44:36.194343|Unnamed-0x000071e9a81f86c0|[STORAGE-KeyPage]empty table,table=/apps/93e57364f7a463316cda5bb5fd86472789ef682d_accessAuth,key=61646d696e
info|2026-02-06 22:44:36.194504|Unnamed-0x000071e9a81f86c0|[STORAGE-KeyPage]empty table,table=/apps/93e57364f7a463316cda5bb5fd86472789ef682d,key=0000000000000000000000000000000000000000000000000000000000000000
info|2026-02-06 22:44:36.195272|exec-0x000071e9f19e56c0|[STORAGE-KeyPage]hash,size=29,blockVersion=51052544,readLength=10494,writeLength=388,pageCount=2,entrycount=2,entriesHash=e4a0f211b7524cda6fd8d80fc535528165766f640702811966e5ce2224517b00,pagesHash=e3da0b25f95712d1b327bc1db5823646def1784a1f83b734acc949eeb48e2160,totalHash=077af9344e055e0bdcff641270b764c7bb87172e1881362dca2c87cc90df5a60
info|2026-02-06 22:44:36.195316|exec-0x000071e9f19e56c0|[EXECUTOR:1770389060][blk-109]GetTableHashes success,hash=077af9344e055e0bdcff641270b764c7bb87172e1881362dca2c87cc90df5a60,time(ms)=0
info|2026-02-06 22:44:36.195382|exec-0x000071e9f19e56c0|[SCHEDULER][blk-109][BlockTrace]ExecuteBlock success,hash=035849e8...,stateRoot=077af9344e055e0bdcff641270b764c7bb87172e1881362dca2c87cc90df5a60,receiptRoot=5bf781904dc5556f6c5d319e6c8b009ae14169646883e5463f18f5a7397a9bc1,txsRoot=c1c661d8...,gasUsed=67112,signatureSize=0,timeCost=6,blockVersion=51052544
info|2026-02-06 22:44:36.195420|exec-0x000071e9f19e56c0|[CONSENSUS][Core][METRIC]asyncExecuteBlock success,sysBlock=false,number=109,result=035849e8...,txsSize=1,txsRoot=c1c661d8...,receiptsRoot=5bf78190...,stateRoot=077af934...,timeCost=6,execPerTx=6
info|2026-02-06 22:44:36.195462|exec-0x000071e9f19e56c0|[CONSENSUS][PBFT]applyStateMachine finished,index=109,beforeExec=d5e53366...,afterExec=035849e8...,committedIndex=108,consNum=109,committedHash=7bd89fa5...,view=3,toView=3,changeCycle=0,expectedCheckPoint=109,Idx=0,unsealedTxs=0,sealUntil=0,waitResealUntil=0,consensusTimeout=3000,nodeId=0d6a7f52...,timecost=7
info|2026-02-06 22:44:36.195729|pbftWorker-0x000071e9e91d46c0|[CONSENSUS][PBFT][STORAGE]asyncCommitProposal: write the committed proposal into db,index=109
info|2026-02-06 22:44:36.196061|pbftWorker-0x000071e9e91d46c0|[CONSENSUS][PBFT][STORAGE]asyncPutProposal: commit success,dbName=pbftCommitDB,key=max_committed_proposal,number=109,timecost=1,dataSize=3
info|2026-02-06 22:44:36.196163|pbftWorker-0x000071e9e91d46c0|[CONSENSUS][PBFT][STORAGE]asyncPutProposal: commit success,dbName=pbftCommitDB,key=109,number=109,timecost=0,dataSize=631
info|2026-02-06 22:44:36.196542|pbftWorker-0x000071e9e91d46c0|[CONSENSUS][PBFT]addCheckPointMsg,reqHash=035849e8...,reqIndex=109,reqV=3,fromIdx=0,wait(ms)=0,Idx=0,weight=1,minRequiredWeight=3
info|2026-02-06 22:44:36.196575|pbftWorker-0x000071e9e91d46c0|[CONSENSUS][PBFT]setCheckPointProposal,propHash=035849e8...,propIndex=109,committedIndex=108,consNum=109,committedHash=7bd89fa5...,view=3,toView=3,changeCycle=0,expectedCheckPoint=109,Idx=0,unsealedTxs=0,sealUntil=0,waitResealUntil=0,consensusTimeout=3000,nodeId=0d6a7f52...
info|2026-02-06 22:44:36.196604|pbftWorker-0x000071e9e91d46c0|[CONSENSUS][PBFT]PBFTConfig: setExpectedCheckPoint,committedIndex=108,consNum=109,committedHash=7bd89fa5...,view=3,toView=3,changeCycle=0,expectedCheckPoint=110,Idx=0,unsealedTxs=0,sealUntil=0,waitResealUntil=0,consensusTimeout=3000,nodeId=0d6a7f52...,expectedCheckPoint=110
info|2026-02-06 22:44:36.196619|pbftWorker-0x000071e9e91d46c0|[CONSENSUS][PBFT]notify to seal next proposal,nextProposalIndex=110
info|2026-02-06 22:44:36.196625|pbftWorker-0x000071e9e91d46c0|[CONSENSUS][PBFT]onProposalApplySuccess,index=109,hash=035849e8...,lockT=0,timecost=0
info|2026-02-06 22:44:36.197820|pbft-0x000071e9dcfff6c0|[CONSENSUS][PBFT]handleCheckPointMsg: try to add the checkpoint message into the cache,reqHash=035849e8...,reqIndex=109,reqV=3,fromIdx=1,wait(ms)=2,committedIndex=108,consNum=109,committedHash=7bd89fa5...,view=3,toView=3,changeCycle=0,expectedCheckPoint=110,Idx=0,unsealedTxs=0,sealUntil=0,waitResealUntil=0,consensusTimeout=3000,nodeId=0d6a7f52...
info|2026-02-06 22:44:36.197857|pbft-0x000071e9dcfff6c0|[CONSENSUS][PBFT]addCheckPointMsg,reqHash=035849e8...,reqIndex=109,reqV=3,fromIdx=1,wait(ms)=2,Idx=0,weight=2,minRequiredWeight=3
info|2026-02-06 22:44:36.197867|pbft-0x000071e9dcfff6c0|[CONSENSUS][PBFT]notify to seal next proposal,nextProposalIndex=110
info|2026-02-06 22:44:36.197952|pbft-0x000071e9dcfff6c0|[CONSENSUS][PBFT]handleCheckPointMsg: try to add the checkpoint message into the cache,reqHash=035849e8...,reqIndex=109,reqV=3,fromIdx=3,wait(ms)=0,committedIndex=108,consNum=109,committedHash=7bd89fa5...,view=3,toView=3,changeCycle=0,expectedCheckPoint=110,Idx=0,unsealedTxs=0,sealUntil=0,waitResealUntil=0,consensusTimeout=3000,nodeId=0d6a7f52...
info|2026-02-06 22:44:36.197973|pbft-0x000071e9dcfff6c0|[CONSENSUS][PBFT]addCheckPointMsg,reqHash=035849e8...,reqIndex=109,reqV=3,fromIdx=3,wait(ms)=0,Idx=0,weight=3,minRequiredWeight=3
info|2026-02-06 22:44:36.197981|pbft-0x000071e9dcfff6c0|[CONSENSUS][PBFT]notify to seal next proposal,nextProposalIndex=110
info|2026-02-06 22:44:36.197985|pbft-0x000071e9dcfff6c0|[CONSENSUS][PBFT]setSignatureList,signatureSize=3,propHash=035849e8...,propIndex=109
info|2026-02-06 22:44:36.197991|pbft-0x000071e9dcfff6c0|[CONSENSUS][PBFT]checkAndCommitStableCheckPoint,index=109,hash=035849e8...,committedIndex=108,consNum=109,committedHash=7bd89fa5...,view=3,toView=3,changeCycle=0,expectedCheckPoint=110,Idx=0,unsealedTxs=0,sealUntil=0,waitResealUntil=0,consensusTimeout=3000,nodeId=0d6a7f52...
info|2026-02-06 22:44:36.197998|pbft-0x000071e9dcfff6c0|[CONSENSUS][PBFT]updateStableCheckPointQueue: insert new checkpoint proposal,index=109,hash=035849e8...,committedIndex=108,consNum=109,committedHash=7bd89fa5...,view=3,toView=3,changeCycle=0,expectedCheckPoint=110,Idx=0,unsealedTxs=0,sealUntil=0,waitResealUntil=0,consensusTimeout=3000,nodeId=0d6a7f52...
info|2026-02-06 22:44:36.198010|pbft-0x000071e9dcfff6c0|[CONSENSUS][PBFT]updateStableCheckPointQueue: commit stable checkpoint,index=109,committedIndex=108
info|2026-02-06 22:44:36.198020|pbft-0x000071e9dcfff6c0|[CONSENSUS][PBFT]asyncCommitStableCheckPoint: set signatureList,index=109,hash=035849e8...,proofSize=3,blockProofSize=3
info|2026-02-06 22:44:36.198082|blockSubmit-0x000071e9eb9d96c0|[SCHEDULER][blk-109][BlockTrace]CommitBlock start
info|2026-02-06 22:44:36.198284|blockSubmit-0x000071e9eb9d96c0|[STORAGE-RocksDB]asyncPrepare,number=109
info|2026-02-06 22:44:36.198322|blockSubmit-0x000071e9eb9d96c0|[STORAGE-RocksDB]asyncPrepare finished,blockNumber=109,put=7,delete=0,startTS=0,encode(ms)=0,time(ms)=0
info|2026-02-06 22:44:36.198334|blockSubmit-0x000071e9eb9d96c0|[LEDGER]storeTransactionsAndReceipts,blockNumber=109
info|2026-02-06 22:44:36.198389|ledgerWrite-0x000071e9fe9ff6c0|[STORAGE-RocksDB]setRows finished,put=1,dataSize=139,time(ms)=0
info|2026-02-06 22:44:36.198405|blockSubmit-0x000071e9eb9d96c0|[STORAGE-RocksDB]setRows finished,put=1,dataSize=5683,time(ms)=0
info|2026-02-06 22:44:36.198467|exec-0x000071e9f11e46c0|[STORAGE-RocksDB]asyncPrepare,number=109
info|2026-02-06 22:44:36.198546|blockSubmit-0x000071e9eb9d96c0|[LEDGER]storeTransactionsAndReceipts finished,blockNumber=109,blockTxsSize=1,unStoredTxs=1,timeCost=0
info|2026-02-06 22:44:36.198580|blockSubmit-0x000071e9eb9d96c0|[LEDGER][METRIC]asyncPrewriteBlock,number=109,totalTxs=133,failedTxs=44,incTxs=1,incFailedTxs=0
info|2026-02-06 22:44:36.198657|pbft-0x000071e9dcfff6c0|[CONSENSUS][PBFT]handleCheckPointMsg: try to add the checkpoint message into the cache,reqHash=035849e8...,reqIndex=109,reqV=3,fromIdx=2,wait(ms)=0,committedIndex=108,consNum=109,committedHash=7bd89fa5...,view=3,toView=3,changeCycle=0,expectedCheckPoint=110,Idx=0,unsealedTxs=0,sealUntil=0,waitResealUntil=0,consensusTimeout=3000,nodeId=0d6a7f52...
info|2026-02-06 22:44:36.198709|exec-0x000071e9f11e46c0|[STORAGE-KeyPage]parallelTraverse,size=491
info|2026-02-06 22:44:36.198713|pbft-0x000071e9dcfff6c0|[CONSENSUS][PBFT]addCheckPointMsg,reqHash=035849e8...,reqIndex=109,reqV=3,fromIdx=2,wait(ms)=0,Idx=0,weight=4,minRequiredWeight=3
info|2026-02-06 22:44:36.198723|exec-0x000071e9f11e46c0|[STORAGE-RocksDB]asyncPrepare finished,blockNumber=109,put=6,delete=3,startTS=0,encode(ms)=0,time(ms)=0
info|2026-02-06 22:44:36.198734|exec-0x000071e9f11e46c0|[EXECUTOR:1770389060][blk-109]Prepare success
info|2026-02-06 22:44:36.198751|pbft-0x000071e9dcfff6c0|[CONSENSUS][PBFT]notify to seal next proposal,nextProposalIndex=110
info|2026-02-06 22:44:36.198804|exec-0x000071e9f11e46c0|[STORAGE-RocksDB]asyncCommit finished,blockNumber=109,startTS=0,time(ms)=0,callback time(ms)=0,count=16
info|2026-02-06 22:44:36.198816|exec-0x000071e9f11e46c0|[TOOL]fetchCompatibilityVersion
info|2026-02-06 22:44:36.198877|exec-0x000071e9f11e46c0|[TOOL]fetchCompatibilityVersion success,version=3.11.0,versionNumber=51052544,minSupportedVersion=3.0.0-rc4,maxSupportedVersion=3.11.0
info|2026-02-06 22:44:36.198917|exec-0x000071e9f11e46c0|[TOOL]fetchAuthCheckStatus success,value=0
info|2026-02-06 22:44:36.198924|exec-0x000071e9f11e46c0|[EXECUTOR:1770389060]merge keyPage to cachedStorage,number=109
info|2026-02-06 22:44:36.198971|exec-0x000071e9f11e46c0|[STORAGE-KeyPage]parallelTraverse,size=491
info|2026-02-06 22:44:36.198976|exec-0x000071e9f11e46c0|[STORAGE]Successful merged records,count=9
info|2026-02-06 22:44:36.200107|exec-0x000071e9f11e46c0|[SCHEDULER][blk-109][BlockTrace]CommitBlock success,gas limit=3000000000,timeCost=2
info|2026-02-06 22:44:36.200166|exec-0x000071e9f11e46c0|[SCHEDULER][BlockTrace]Notify block result success,blockNumber=109
info|2026-02-06 22:44:36.200171|exec-0x000071e9f11e46c0|[CONSENSUS][PBFT][STORAGE][METRIC]commitStableCheckPoint success,index=109,hash=035849e8...,txs=1,timeCost=2,commitPerTx=2
info|2026-02-06 22:44:36.200183|exec-0x000071e9f11e46c0|[SCHEDULER][blk-109]notify block result success,hash=035849e8...,txsSize=1
info|2026-02-06 22:44:36.200313|exec-0x000071e9f11e46c0|[STORAGE-RocksDB]asyncCommit finished,blockNumber=109,startTS=0,time(ms)=0,callback time(ms)=2,count=0
info|2026-02-06 22:44:36.200349|blockSubmit-0x000071e9eb9d96c0|[CONSENSUS][PBFT][METRIC]resetConfig,committedIndex=109,propHash=035849e8...,blockCountLimit=1000,leaderPeriod=1,consensusNodesSize=4
info|2026-02-06 22:44:36.200430|blockSubmit-0x000071e9eb9d96c0|[CONSENSUS][PBFT][METRIC]^^^^^^^^Report,sealer=0,txs=1,committedIndex=109,consNum=110,committedHash=035849e8...,view=3,toView=3,changeCycle=0,expectedCheckPoint=110,Idx=0,unsealedTxs=0,sealUntil=0,waitResealUntil=0,consensusTimeout=3000,nodeId=0d6a7f52...
info|2026-02-06 22:44:36.200464|blockSubmit-0x000071e9eb9d96c0|[CONSENSUS][SEALER]asyncNoteLatestBlockNumber,number=109
info|2026-02-06 22:44:36.200468|blockSubmit-0x000071e9eb9d96c0|[CONSENSUS][SEALER]asyncNoteLatestBlockHash,_hash=035849e8...
info|2026-02-06 22:44:36.200480|blockSubmit-0x000071e9eb9d96c0|[BLOCK SYNC]#### BlockSyncConfig resetConfig,number=109,consNodeSize=4,observerNodeSize=0,type=CONSENSUS_NODE
info|2026-02-06 22:44:36.200566|submitter-0x000071e9fd9fd6c0|[TXPOOL][METRIC]StatTPS,tps=58,totalTime=17
info|2026-02-06 22:44:36.200697|blockSubmit-0x000071e9eb9d96c0|[CONSENSUS][PBFT]notify to seal next proposal,nextProposalIndex=110
info|2026-02-06 22:44:36.200744|blockSubmit-0x000071e9eb9d96c0|[CONSENSUS][PBFT]removeConsensusedCache finalizeConsensus,view=3,number=109,eraseSize=1,cacheSize=0
info|2026-02-06 22:44:36.200749|submitter-0x000071e9fd9fd6c0|[TXPOOL][METRIC]batchRemove txs success,expectedSize=1,succCount=1,batchId=109,timecost=0,lockT=0,removeT=0,updateLedgerNonceT=0,updateTxPoolNonceT=0
info|2026-02-06 22:44:36.200810|blockSubmit-0x000071e9eb9d96c0|[CONSENSUS][PBFT][STORAGE]asyncRemoveStabledCheckPoint,index=104
info|2026-02-06 22:44:36.200849|blockSubmit-0x000071e9eb9d96c0|[CONSENSUS][PBFT][STORAGE]asyncRemove success,dbName=pbftCommitDB,key=104
info|2026-02-06 22:44:40.356928|ioService-0x000071e9da5f76c0|[P2PService][Service][METRIC]heartBeat,connected count=3
info|2026-02-06 22:44:40.362446|timerFactory-0x000071e9ca5ff6c0|[RPC][WS][SERVICE]connected nodes,count=0
info|2026-02-06 22:44:50.357132|ioService-0x000071e9da5f76c0|[P2PService][Service][METRIC]heartBeat,connected count=3
info|2026-02-06 22:44:50.362994|timerFactory-0x000071e9ca5ff6c0|[RPC][WS][SERVICE]connected nodes,count=0
info|2026-02-06 22:45:00.357259|ioService-0x000071e9da5f76c0|[P2PService][Service][METRIC]heartBeat,connected count=3
info|2026-02-06 22:45:00.363239|timerFactory-0x000071e9ca5ff6c0|[RPC][WS][SERVICE]connected nodes,count=0
info|2026-02-06 22:45:10.357589|ioService-0x000071e9da5f76c0|[P2PService][Service][METRIC]heartBeat,connected count=3
info|2026-02-06 22:45:10.363338|timerFactory-0x000071e9ca5ff6c0|[RPC][WS][SERVICE]connected nodes,count=0
info|2026-02-06 22:45:20.357682|ioService-0x000071e9da5f76c0|[P2PService][Service][METRIC]heartBeat,connected count=3
info|2026-02-06 22:45:20.362548|objMonitor-0x000071e9b95ff6c0|[startMonitor][AliveObjectMonitor],AliveObjectAllocStat=[ type: bcos::gateway::Socket ,created: 9 ,destroyed: 5 ,alive: 4 ] 
info|2026-02-06 22:45:20.363467|timerFactory-0x000071e9ca5ff6c0|[RPC][WS][SERVICE]connected nodes,count=0
info|2026-02-06 22:45:30.359540|ioService-0x000071e9da5f76c0|[P2PService][Service][METRIC]heartBeat,connected count=3
info|2026-02-06 22:45:30.364056|timerFactory-0x000071e9ca5ff6c0|[RPC][WS][SERVICE]connected nodes,count=0
info|2026-02-06 22:45:40.359771|ioService-0x000071e9da5f76c0|[P2PService][Service][METRIC]heartBeat,connected count=3
info|2026-02-06 22:45:40.364252|timerFactory-0x000071e9ca5ff6c0|[RPC][WS][SERVICE]connected nodes,count=0
info|2026-02-06 22:45:50.360012|ioService-0x000071e9da5f76c0|[P2PService][Service][METRIC]heartBeat,connected count=3
info|2026-02-06 22:45:50.364444|timerFactory-0x000071e9ca5ff6c0|[RPC][WS][SERVICE]connected nodes,count=0
info|2026-02-06 22:46:00.360152|ioService-0x000071e9da5f76c0|[P2PService][Service][METRIC]heartBeat,connected count=3
info|2026-02-06 22:46:00.364567|timerFactory-0x000071e9ca5ff6c0|[RPC][WS][SERVICE]connected nodes,count=0
info|2026-02-06 22:46:10.360477|ioService-0x000071e9da5f76c0|[P2PService][Service][METRIC]heartBeat,connected count=3
info|2026-02-06 22:46:10.364699|timerFactory-0x000071e9ca5ff6c0|[RPC][WS][SERVICE]connected nodes,count=0
info|2026-02-06 22:46:20.360677|ioService-0x000071e9da5f76c0|[P2PService][Service][METRIC]heartBeat,connected count=3
info|2026-02-06 22:46:20.362702|objMonitor-0x000071e9b95ff6c0|[startMonitor][AliveObjectMonitor],AliveObjectAllocStat=[ type: bcos::gateway::Socket ,created: 9 ,destroyed: 5 ,alive: 4 ] 
info|2026-02-06 22:46:20.364930|timerFactory-0x000071e9ca5ff6c0|[RPC][WS][SERVICE]connected nodes,count=0
info|2026-02-06 22:46:30.361017|ioService-0x000071e9da5f76c0|[P2PService][Service][METRIC]heartBeat,connected count=3
info|2026-02-06 22:46:30.364999|timerFactory-0x000071e9ca5ff6c0|[RPC][WS][SERVICE]connected nodes,count=0
info|2026-02-06 22:46:40.361184|ioService-0x000071e9da5f76c0|[P2PService][Service][METRIC]heartBeat,connected count=3
info|2026-02-06 22:46:40.365069|timerFactory-0x000071e9ca5ff6c0|[RPC][WS][SERVICE]connected nodes,count=0
info|2026-02-06 22:46:50.361371|ioService-0x000071e9da5f76c0|[P2PService][Service][METRIC]heartBeat,connected count=3
info|2026-02-06 22:46:50.365179|timerFactory-0x000071e9ca5ff6c0|[RPC][WS][SERVICE]connected nodes,count=0
info|2026-02-06 22:47:00.361540|ioService-0x000071e9da5f76c0|[P2PService][Service][METRIC]heartBeat,connected count=3
info|2026-02-06 22:47:00.365337|timerFactory-0x000071e9ca5ff6c0|[RPC][WS][SERVICE]connected nodes,count=0
info|2026-02-06 22:47:10.361736|ioService-0x000071e9da5f76c0|[P2PService][Service][METRIC]heartBeat,connected count=3
info|2026-02-06 22:47:10.365647|timerFactory-0x000071e9ca5ff6c0|[RPC][WS][SERVICE]connected nodes,count=0
info|2026-02-06 22:47:20.361914|ioService-0x000071e9da5f76c0|[P2PService][Service][METRIC]heartBeat,connected count=3
info|2026-02-06 22:47:20.362861|objMonitor-0x000071e9b95ff6c0|[startMonitor][AliveObjectMonitor],AliveObjectAllocStat=[ type: bcos::gateway::Socket ,created: 9 ,destroyed: 5 ,alive: 4 ] 
info|2026-02-06 22:47:20.365847|timerFactory-0x000071e9ca5ff6c0|[RPC][WS][SERVICE]connected nodes,count=0
info|2026-02-06 22:47:30.362157|ioService-0x000071e9da5f76c0|[P2PService][Service][METRIC]heartBeat,connected count=3
info|2026-02-06 22:47:30.366070|timerFactory-0x000071e9ca5ff6c0|[RPC][WS][SERVICE]connected nodes,count=0
info|2026-02-06 22:47:40.362438|ioService-0x000071e9da5f76c0|[P2PService][Service][METRIC]heartBeat,connected count=3
info|2026-02-06 22:47:40.366232|timerFactory-0x000071e9ca5ff6c0|[RPC][WS][SERVICE]connected nodes,count=0
info|2026-02-06 22:47:50.362723|ioService-0x000071e9da5f76c0|[P2PService][Service][METRIC]heartBeat,connected count=3
info|2026-02-06 22:47:50.366422|timerFactory-0x000071e9ca5ff6c0|[RPC][WS][SERVICE]connected nodes,count=0
info|2026-02-06 22:48:00.362905|ioService-0x000071e9da5f76c0|[P2PService][Service][METRIC]heartBeat,connected count=3
info|2026-02-06 22:48:00.366503|timerFactory-0x000071e9ca5ff6c0|[RPC][WS][SERVICE]connected nodes,count=0
info|2026-02-06 22:48:10.363324|ioService-0x000071e9da5f76c0|[P2PService][Service][METRIC]heartBeat,connected count=3
info|2026-02-06 22:48:10.366780|timerFactory-0x000071e9ca5ff6c0|[RPC][WS][SERVICE]connected nodes,count=0
info|2026-02-06 22:48:20.363161|objMonitor-0x000071e9b95ff6c0|[startMonitor][AliveObjectMonitor],AliveObjectAllocStat=[ type: bcos::gateway::Socket ,created: 9 ,destroyed: 5 ,alive: 4 ] 
info|2026-02-06 22:48:20.363692|ioService-0x000071e9da5f76c0|[P2PService][Service][METRIC]heartBeat,connected count=3
info|2026-02-06 22:48:20.366884|timerFactory-0x000071e9ca5ff6c0|[RPC][WS][SERVICE]connected nodes,count=0
info|2026-02-06 22:48:30.363993|ioService-0x000071e9da5f76c0|[P2PService][Service][METRIC]heartBeat,connected count=3
info|2026-02-06 22:48:30.367005|timerFactory-0x000071e9ca5ff6c0|[RPC][WS][SERVICE]connected nodes,count=0
info|2026-02-06 22:48:40.365352|ioService-0x000071e9da5f76c0|[P2PService][Service][METRIC]heartBeat,connected count=3
info|2026-02-06 22:48:40.367177|timerFactory-0x000071e9ca5ff6c0|[RPC][WS][SERVICE]connected nodes,count=0
info|2026-02-06 22:48:50.365574|ioService-0x000071e9da5f76c0|[P2PService][Service][METRIC]heartBeat,connected count=3
info|2026-02-06 22:48:50.367268|timerFactory-0x000071e9ca5ff6c0|[RPC][WS][SERVICE]connected nodes,count=0
info|2026-02-06 22:49:00.365785|ioService-0x000071e9da5f76c0|[P2PService][Service][METRIC]heartBeat,connected count=3
info|2026-02-06 22:49:00.367340|timerFactory-0x000071e9ca5ff6c0|[RPC][WS][SERVICE]connected nodes,count=0
info|2026-02-06 22:49:10.366171|ioService-0x000071e9da5f76c0|[P2PService][Service][METRIC]heartBeat,connected count=3
info|2026-02-06 22:49:10.367459|timerFactory-0x000071e9ca5ff6c0|[RPC][WS][SERVICE]connected nodes,count=0
info|2026-02-06 22:49:20.363442|objMonitor-0x000071e9b95ff6c0|[startMonitor][AliveObjectMonitor],AliveObjectAllocStat=[ type: bcos::gateway::Socket ,created: 9 ,destroyed: 5 ,alive: 4 ] 
info|2026-02-06 22:49:20.366429|ioService-0x000071e9da5f76c0|[P2PService][Service][METRIC]heartBeat,connected count=3
info|2026-02-06 22:49:20.367749|timerFactory-0x000071e9ca5ff6c0|[RPC][WS][SERVICE]connected nodes,count=0
info|2026-02-06 22:49:30.366695|ioService-0x000071e9da5f76c0|[P2PService][Service][METRIC]heartBeat,connected count=3
info|2026-02-06 22:49:30.368108|timerFactory-0x000071e9ca5ff6c0|[RPC][WS][SERVICE]connected nodes,count=0
info|2026-02-06 22:49:40.366920|ioService-0x000071e9da5f76c0|[P2PService][Service][METRIC]heartBeat,connected count=3
info|2026-02-06 22:49:40.368330|timerFactory-0x000071e9ca5ff6c0|[RPC][WS][SERVICE]connected nodes,count=0
info|2026-02-06 22:49:50.367201|ioService-0x000071e9da5f76c0|[P2PService][Service][METRIC]heartBeat,connected count=3
info|2026-02-06 22:49:50.368404|timerFactory-0x000071e9ca5ff6c0|[RPC][WS][SERVICE]connected nodes,count=0
info|2026-02-06 22:50:00.367448|ioService-0x000071e9da5f76c0|[P2PService][Service][METRIC]heartBeat,connected count=3
info|2026-02-06 22:50:00.368498|timerFactory-0x000071e9ca5ff6c0|[RPC][WS][SERVICE]connected nodes,count=0
info|2026-02-06 22:50:10.367749|ioService-0x000071e9da5f76c0|[P2PService][Service][METRIC]heartBeat,connected count=3
info|2026-02-06 22:50:10.368650|timerFactory-0x000071e9ca5ff6c0|[RPC][WS][SERVICE]connected nodes,count=0
info|2026-02-06 22:50:20.363745|objMonitor-0x000071e9b95ff6c0|[startMonitor][AliveObjectMonitor],AliveObjectAllocStat=[ type: bcos::gateway::Socket ,created: 9 ,destroyed: 5 ,alive: 4 ] [ type: bcos::gateway::P2PMessage ,created: 37728 ,destroyed: 37722 ,alive: 6 ] [ type: bcos::gateway::P2PMessageV2 ,created: 37728 ,destroyed: 37722 ,alive: 6 ] [ type: bcos::gateway::ResponseCallback ,created: 5379 ,destroyed: 5373 ,alive: 6 ] 
info|2026-02-06 22:50:20.368144|ioService-0x000071e9da5f76c0|[P2PService][Service][METRIC]heartBeat,connected count=3
info|2026-02-06 22:50:20.368787|timerFactory-0x000071e9ca5ff6c0|[RPC][WS][SERVICE]connected nodes,count=0
info|2026-02-06 22:50:30.368511|ioService-0x000071e9da5f76c0|[P2PService][Service][METRIC]heartBeat,connected count=3
info|2026-02-06 22:50:30.368892|timerFactory-0x000071e9ca5ff6c0|[RPC][WS][SERVICE]connected nodes,count=0
info|2026-02-06 22:50:40.368804|ioService-0x000071e9da5f76c0|[P2PService][Service][METRIC]heartBeat,connected count=3
info|2026-02-06 22:50:40.368985|timerFactory-0x000071e9ca5ff6c0|[RPC][WS][SERVICE]connected nodes,count=0
info|2026-02-06 22:50:50.369013|ioService-0x000071e9da5f76c0|[P2PService][Service][METRIC]heartBeat,connected count=3
info|2026-02-06 22:50:50.369157|timerFactory-0x000071e9ca5ff6c0|[RPC][WS][SERVICE]connected nodes,count=0
info|2026-02-06 22:51:00.369259|ioService-0x000071e9da5f76c0|[P2PService][Service][METRIC]heartBeat,connected count=3
info|2026-02-06 22:51:00.369280|timerFactory-0x000071e9ca5ff6c0|[RPC][WS][SERVICE]connected nodes,count=0
info|2026-02-06 22:51:10.369427|ioService-0x000071e9da5f76c0|[P2PService][Service][METRIC]heartBeat,connected count=3
info|2026-02-06 22:51:10.369496|timerFactory-0x000071e9ca5ff6c0|[RPC][WS][SERVICE]connected nodes,count=0
info|2026-02-06 22:51:20.364101|objMonitor-0x000071e9b95ff6c0|[startMonitor][AliveObjectMonitor],AliveObjectAllocStat=[ type: bcos::gateway::Socket ,created: 9 ,destroyed: 5 ,alive: 4 ] 
info|2026-02-06 22:51:20.369636|timerFactory-0x000071e9ca5ff6c0|[RPC][WS][SERVICE]connected nodes,count=0
info|2026-02-06 22:51:20.369804|ioService-0x000071e9da5f76c0|[P2PService][Service][METRIC]heartBeat,connected count=3
info|2026-02-06 22:51:30.369819|timerFactory-0x000071e9ca5ff6c0|[RPC][WS][SERVICE]connected nodes,count=0
info|2026-02-06 22:51:30.370090|ioService-0x000071e9da5f76c0|[P2PService][Service][METRIC]heartBeat,connected count=3
info|2026-02-06 22:51:40.369987|timerFactory-0x000071e9ca5ff6c0|[RPC][WS][SERVICE]connected nodes,count=0
info|2026-02-06 22:51:40.370239|ioService-0x000071e9da5f76c0|[P2PService][Service][METRIC]heartBeat,connected count=3
info|2026-02-06 22:51:50.370071|timerFactory-0x000071e9ca5ff6c0|[RPC][WS][SERVICE]connected nodes,count=0
info|2026-02-06 22:51:50.370326|ioService-0x000071e9da5f76c0|[P2PService][Service][METRIC]heartBeat,connected count=3
info|2026-02-06 22:52:00.370218|timerFactory-0x000071e9ca5ff6c0|[RPC][WS][SERVICE]connected nodes,count=0
info|2026-02-06 22:52:00.370513|ioService-0x000071e9da5f76c0|[P2PService][Service][METRIC]heartBeat,connected count=3
info|2026-02-06 22:52:10.370330|timerFactory-0x000071e9ca5ff6c0|[RPC][WS][SERVICE]connected nodes,count=0
info|2026-02-06 22:52:10.371442|ioService-0x000071e9da5f76c0|[P2PService][Service][METRIC]heartBeat,connected count=3
info|2026-02-06 22:52:20.362250|objMonitor-0x000071e9b95ff6c0|[startMonitor][AliveObjectMonitor],AliveObjectAllocStat=[ type: bcos::gateway::Socket ,created: 9 ,destroyed: 5 ,alive: 4 ] 
info|2026-02-06 22:52:20.370460|timerFactory-0x000071e9ca5ff6c0|[RPC][WS][SERVICE]connected nodes,count=0
info|2026-02-06 22:52:20.371640|ioService-0x000071e9da5f76c0|[P2PService][Service][METRIC]heartBeat,connected count=3
info|2026-02-06 22:52:30.370580|timerFactory-0x000071e9ca5ff6c0|[RPC][WS][SERVICE]connected nodes,count=0
info|2026-02-06 22:52:30.371779|ioService-0x000071e9da5f76c0|[P2PService][Service][METRIC]heartBeat,connected count=3
info|2026-02-06 22:52:40.370727|timerFactory-0x000071e9ca5ff6c0|[RPC][WS][SERVICE]connected nodes,count=0
info|2026-02-06 22:52:40.371951|ioService-0x000071e9da5f76c0|[P2PService][Service][METRIC]heartBeat,connected count=3
info|2026-02-06 22:52:50.370891|timerFactory-0x000071e9ca5ff6c0|[RPC][WS][SERVICE]connected nodes,count=0
info|2026-02-06 22:52:50.372181|ioService-0x000071e9da5f76c0|[P2PService][Service][METRIC]heartBeat,connected count=3
info|2026-02-06 22:53:00.371032|timerFactory-0x000071e9ca5ff6c0|[RPC][WS][SERVICE]connected nodes,count=0
info|2026-02-06 22:53:00.372316|ioService-0x000071e9da5f76c0|[P2PService][Service][METRIC]heartBeat,connected count=3
info|2026-02-06 22:53:10.371285|timerFactory-0x000071e9ca5ff6c0|[RPC][WS][SERVICE]connected nodes,count=0
info|2026-02-06 22:53:10.373892|ioService-0x000071e9da5f76c0|[P2PService][Service][METRIC]heartBeat,connected count=3
info|2026-02-06 22:53:20.360720|objMonitor-0x000071e9b95ff6c0|[startMonitor][AliveObjectMonitor],AliveObjectAllocStat=[ type: bcos::gateway::Socket ,created: 9 ,destroyed: 5 ,alive: 4 ] 
info|2026-02-06 22:53:20.373040|timerFactory-0x000071e9ca5ff6c0|[RPC][WS][SERVICE]connected nodes,count=0
info|2026-02-06 22:53:20.374538|ioService-0x000071e9da5f76c0|[P2PService][Service][METRIC]heartBeat,connected count=3
info|2026-02-06 22:53:30.373218|timerFactory-0x000071e9ca5ff6c0|[RPC][WS][SERVICE]connected nodes,count=0
info|2026-02-06 22:53:30.374824|ioService-0x000071e9da5f76c0|[P2PService][Service][METRIC]heartBeat,connected count=3
info|2026-02-06 22:53:40.373461|timerFactory-0x000071e9ca5ff6c0|[RPC][WS][SERVICE]connected nodes,count=0
info|2026-02-06 22:53:40.375089|ioService-0x000071e9da5f76c0|[P2PService][Service][METRIC]heartBeat,connected count=3
info|2026-02-06 22:53:50.373808|timerFactory-0x000071e9ca5ff6c0|[RPC][WS][SERVICE]connected nodes,count=0
info|2026-02-06 22:53:50.375199|ioService-0x000071e9da5f76c0|[P2PService][Service][METRIC]heartBeat,connected count=3
info|2026-02-06 22:54:00.374035|timerFactory-0x000071e9ca5ff6c0|[RPC][WS][SERVICE]connected nodes,count=0
info|2026-02-06 22:54:00.375473|ioService-0x000071e9da5f76c0|[P2PService][Service][METRIC]heartBeat,connected count=3
info|2026-02-06 22:54:10.374187|timerFactory-0x000071e9ca5ff6c0|[RPC][WS][SERVICE]connected nodes,count=0
info|2026-02-06 22:54:10.375723|ioService-0x000071e9da5f76c0|[P2PService][Service][METRIC]heartBeat,connected count=3
info|2026-02-06 22:54:20.358265|objMonitor-0x000071e9b95ff6c0|[startMonitor][AliveObjectMonitor],AliveObjectAllocStat=[ type: bcos::gateway::Socket ,created: 9 ,destroyed: 5 ,alive: 4 ] [ type: bcos::gateway::ResponseCallback ,created: 8967 ,destroyed: 8963 ,alive: 4 ] 
info|2026-02-06 22:54:20.374403|timerFactory-0x000071e9ca5ff6c0|[RPC][WS][SERVICE]connected nodes,count=0
info|2026-02-06 22:54:20.376072|ioService-0x000071e9da5f76c0|[P2PService][Service][METRIC]heartBeat,connected count=3
info|2026-02-06 22:54:30.374539|timerFactory-0x000071e9ca5ff6c0|[RPC][WS][SERVICE]connected nodes,count=0
info|2026-02-06 22:54:30.376294|ioService-0x000071e9da5f76c0|[P2PService][Service][METRIC]heartBeat,connected count=3
info|2026-02-06 22:54:40.374648|timerFactory-0x000071e9ca5ff6c0|[RPC][WS][SERVICE]connected nodes,count=0
info|2026-02-06 22:54:40.376429|ioService-0x000071e9da5f76c0|[P2PService][Service][METRIC]heartBeat,connected count=3
info|2026-02-06 22:54:50.374900|timerFactory-0x000071e9ca5ff6c0|[RPC][WS][SERVICE]connected nodes,count=0
info|2026-02-06 22:54:50.376543|ioService-0x000071e9da5f76c0|[P2PService][Service][METRIC]heartBeat,connected count=3
info|2026-02-06 22:55:00.375162|timerFactory-0x000071e9ca5ff6c0|[RPC][WS][SERVICE]connected nodes,count=0
info|2026-02-06 22:55:00.376753|ioService-0x000071e9da5f76c0|[P2PService][Service][METRIC]heartBeat,connected count=3
info|2026-02-06 22:55:10.375304|timerFactory-0x000071e9ca5ff6c0|[RPC][WS][SERVICE]connected nodes,count=0
info|2026-02-06 22:55:10.377216|ioService-0x000071e9da5f76c0|[P2PService][Service][METRIC]heartBeat,connected count=3
info|2026-02-06 22:55:20.356038|objMonitor-0x000071e9b95ff6c0|[startMonitor][AliveObjectMonitor],AliveObjectAllocStat=[ type: bcos::gateway::Socket ,created: 9 ,destroyed: 5 ,alive: 4 ] 
info|2026-02-06 22:55:20.375532|timerFactory-0x000071e9ca5ff6c0|[RPC][WS][SERVICE]connected nodes,count=0
info|2026-02-06 22:55:20.377481|ioService-0x000071e9da5f76c0|[P2PService][Service][METRIC]heartBeat,connected count=3
info|2026-02-06 22:55:30.375913|timerFactory-0x000071e9ca5ff6c0|[RPC][WS][SERVICE]connected nodes,count=0
info|2026-02-06 22:55:30.378046|ioService-0x000071e9da5f76c0|[P2PService][Service][METRIC]heartBeat,connected count=3
info|2026-02-06 22:55:40.376367|timerFactory-0x000071e9ca5ff6c0|[RPC][WS][SERVICE]connected nodes,count=0
info|2026-02-06 22:55:40.378172|ioService-0x000071e9da5f76c0|[P2PService][Service][METRIC]heartBeat,connected count=3
info|2026-02-06 22:55:50.376588|timerFactory-0x000071e9ca5ff6c0|[RPC][WS][SERVICE]connected nodes,count=0
info|2026-02-06 22:55:50.378347|ioService-0x000071e9da5f76c0|[P2PService][Service][METRIC]heartBeat,connected count=3
info|2026-02-06 22:56:00.376739|timerFactory-0x000071e9ca5ff6c0|[RPC][WS][SERVICE]connected nodes,count=0
info|2026-02-06 22:56:00.378569|ioService-0x000071e9da5f76c0|[P2PService][Service][METRIC]heartBeat,connected count=3
info|2026-02-06 22:56:10.376976|timerFactory-0x000071e9ca5ff6c0|[RPC][WS][SERVICE]connected nodes,count=0
info|2026-02-06 22:56:10.378826|ioService-0x000071e9da5f76c0|[P2PService][Service][METRIC]heartBeat,connected count=3
info|2026-02-06 22:56:20.354538|objMonitor-0x000071e9b95ff6c0|[startMonitor][AliveObjectMonitor],AliveObjectAllocStat=[ type: bcos::gateway::Socket ,created: 9 ,destroyed: 5 ,alive: 4 ] 
info|2026-02-06 22:56:20.377090|timerFactory-0x000071e9ca5ff6c0|[RPC][WS][SERVICE]connected nodes,count=0
info|2026-02-06 22:56:20.379040|ioService-0x000071e9da5f76c0|[P2PService][Service][METRIC]heartBeat,connected count=3
info|2026-02-06 22:56:30.377278|timerFactory-0x000071e9ca5ff6c0|[RPC][WS][SERVICE]connected nodes,count=0
info|2026-02-06 22:56:30.379256|ioService-0x000071e9da5f76c0|[P2PService][Service][METRIC]heartBeat,connected count=3
info|2026-02-06 22:56:40.377471|timerFactory-0x000071e9ca5ff6c0|[RPC][WS][SERVICE]connected nodes,count=0
info|2026-02-06 22:56:40.379368|ioService-0x000071e9da5f76c0|[P2PService][Service][METRIC]heartBeat,connected count=3
info|2026-02-06 22:56:50.377691|timerFactory-0x000071e9ca5ff6c0|[RPC][WS][SERVICE]connected nodes,count=0
info|2026-02-06 22:56:50.379745|ioService-0x000071e9da5f76c0|[P2PService][Service][METRIC]heartBeat,connected count=3
info|2026-02-06 22:57:00.378443|timerFactory-0x000071e9ca5ff6c0|[RPC][WS][SERVICE]connected nodes,count=0
info|2026-02-06 22:57:00.380345|ioService-0x000071e9da5f76c0|[P2PService][Service][METRIC]heartBeat,connected count=3
info|2026-02-06 22:57:10.378739|timerFactory-0x000071e9ca5ff6c0|[RPC][WS][SERVICE]connected nodes,count=0
info|2026-02-06 22:57:10.380701|ioService-0x000071e9da5f76c0|[P2PService][Service][METRIC]heartBeat,connected count=3
info|2026-02-06 22:57:20.351908|objMonitor-0x000071e9b95ff6c0|[startMonitor][AliveObjectMonitor],AliveObjectAllocStat=[ type: bcos::gateway::Socket ,created: 9 ,destroyed: 5 ,alive: 4 ] 
info|2026-02-06 22:57:20.378905|timerFactory-0x000071e9ca5ff6c0|[RPC][WS][SERVICE]connected nodes,count=0
info|2026-02-06 22:57:20.381194|ioService-0x000071e9da5f76c0|[P2PService][Service][METRIC]heartBeat,connected count=3
info|2026-02-06 22:57:30.379229|timerFactory-0x000071e9ca5ff6c0|[RPC][WS][SERVICE]connected nodes,count=0
info|2026-02-06 22:57:30.381444|ioService-0x000071e9da5f76c0|[P2PService][Service][METRIC]heartBeat,connected count=3
info|2026-02-06 22:57:40.379421|timerFactory-0x000071e9ca5ff6c0|[RPC][WS][SERVICE]connected nodes,count=0
info|2026-02-06 22:57:40.381657|ioService-0x000071e9da5f76c0|[P2PService][Service][METRIC]heartBeat,connected count=3
info|2026-02-06 22:57:50.379576|timerFactory-0x000071e9ca5ff6c0|[RPC][WS][SERVICE]connected nodes,count=0
info|2026-02-06 22:57:50.381986|ioService-0x000071e9da5f76c0|[P2PService][Service][METRIC]heartBeat,connected count=3
info|2026-02-06 22:58:00.379789|timerFactory-0x000071e9ca5ff6c0|[RPC][WS][SERVICE]connected nodes,count=0
info|2026-02-06 22:58:00.382342|ioService-0x000071e9da5f76c0|[P2PService][Service][METRIC]heartBeat,connected count=3
info|2026-02-06 22:58:10.379992|timerFactory-0x000071e9ca5ff6c0|[RPC][WS][SERVICE]connected nodes,count=0
info|2026-02-06 22:58:10.382774|ioService-0x000071e9da5f76c0|[P2PService][Service][METRIC]heartBeat,connected count=3
info|2026-02-06 22:58:20.349980|objMonitor-0x000071e9b95ff6c0|[startMonitor][AliveObjectMonitor],AliveObjectAllocStat=[ type: bcos::gateway::Socket ,created: 9 ,destroyed: 5 ,alive: 4 ] 
info|2026-02-06 22:58:20.380179|timerFactory-0x000071e9ca5ff6c0|[RPC][WS][SERVICE]connected nodes,count=0
info|2026-02-06 22:58:20.383160|ioService-0x000071e9da5f76c0|[P2PService][Service][METRIC]heartBeat,connected count=3
info|2026-02-06 22:58:30.380501|timerFactory-0x000071e9ca5ff6c0|[RPC][WS][SERVICE]connected nodes,count=0
info|2026-02-06 22:58:30.383448|ioService-0x000071e9da5f76c0|[P2PService][Service][METRIC]heartBeat,connected count=3
info|2026-02-06 22:58:40.380601|timerFactory-0x000071e9ca5ff6c0|[RPC][WS][SERVICE]connected nodes,count=0
info|2026-02-06 22:58:40.383679|ioService-0x000071e9da5f76c0|[P2PService][Service][METRIC]heartBeat,connected count=3
info|2026-02-06 22:58:50.380758|timerFactory-0x000071e9ca5ff6c0|[RPC][WS][SERVICE]connected nodes,count=0
info|2026-02-06 22:58:50.383850|ioService-0x000071e9da5f76c0|[P2PService][Service][METRIC]heartBeat,connected count=3
info|2026-02-06 22:59:00.380942|timerFactory-0x000071e9ca5ff6c0|[RPC][WS][SERVICE]connected nodes,count=0
info|2026-02-06 22:59:00.384419|ioService-0x000071e9da5f76c0|[P2PService][Service][METRIC]heartBeat,connected count=3
info|2026-02-06 22:59:10.381089|timerFactory-0x000071e9ca5ff6c0|[RPC][WS][SERVICE]connected nodes,count=0
info|2026-02-06 22:59:10.384708|ioService-0x000071e9da5f76c0|[P2PService][Service][METRIC]heartBeat,connected count=3
info|2026-02-06 22:59:20.348163|objMonitor-0x000071e9b95ff6c0|[startMonitor][AliveObjectMonitor],AliveObjectAllocStat=[ type: bcos::gateway::Socket ,created: 9 ,destroyed: 5 ,alive: 4 ] 
info|2026-02-06 22:59:20.381223|timerFactory-0x000071e9ca5ff6c0|[RPC][WS][SERVICE]connected nodes,count=0
info|2026-02-06 22:59:20.384997|ioService-0x000071e9da5f76c0|[P2PService][Service][METRIC]heartBeat,connected count=3
info|2026-02-06 22:59:30.381321|timerFactory-0x000071e9ca5ff6c0|[RPC][WS][SERVICE]connected nodes,count=0
info|2026-02-06 22:59:30.385137|ioService-0x000071e9da5f76c0|[P2PService][Service][METRIC]heartBeat,connected count=3
info|2026-02-06 22:59:40.381464|timerFactory-0x000071e9ca5ff6c0|[RPC][WS][SERVICE]connected nodes,count=0
info|2026-02-06 22:59:40.385318|ioService-0x000071e9da5f76c0|[P2PService][Service][METRIC]heartBeat,connected count=3
info|2026-02-06 22:59:50.381941|timerFactory-0x000071e9ca5ff6c0|[RPC][WS][SERVICE]connected nodes,count=0
info|2026-02-06 22:59:50.385782|ioService-0x000071e9da5f76c0|[P2PService][Service][METRIC]heartBeat,connected count=3
