info|2026-02-06 15:24:16.312859|fisco-bcos-0x000079c965d3ba00|[INITIALIZER]initGlobalConfig
info|2026-02-06 15:24:16.312935|fisco-bcos-0x000079c965d3ba00|[NodeConfig][METRIC]loadChainConfig,smCrypto=false,chainId=chain0,groupId=group0,blockLimit=1000
info|2026-02-06 15:24:16.312943|fisco-bcos-0x000079c965d3ba00|[NodeConfig]loadWeb3ChainConfig,web3ChainID=20200
info|2026-02-06 15:24:16.312964|fisco-bcos-0x000079c965d3ba00|[NodeConfig][parseConsensusNodeList],sectionName=consensus,nodeId=2346c69c46d42278eb237167eb19eb28432b63783cc0fd7cddc90f89c148e755db8941be9b0c5f37cbc21c409a78c154abc75ce0c80818c6fbb76aea6bcd0a9a,weight=1
info|2026-02-06 15:24:16.312973|fisco-bcos-0x000079c965d3ba00|[NodeConfig][parseConsensusNodeList],sectionName=consensus,nodeId=21a47acec36f73d8e925a7d5db44793f998e1a42a6d7ee2e3a5cf4037b853452cb76f6cbab8e5b223a128e8ee15790d1f629858b47070b4eb2e1ddb2b0ada297,weight=1
info|2026-02-06 15:24:16.312979|fisco-bcos-0x000079c965d3ba00|[NodeConfig][parseConsensusNodeList],sectionName=consensus,nodeId=0d6a7f52cb87ce7fda869e0db309ec9c53723c46f81632c21e4abbf1a9159f14d53f37cc0c4141548da9ec877d6235afd7a501c40d296fc4c5252a8717aa23c2,weight=1
info|2026-02-06 15:24:16.312985|fisco-bcos-0x000079c965d3ba00|[NodeConfig][parseConsensusNodeList],sectionName=consensus,nodeId=5b07d12d1512a66493c8fd3456d8c505e6ce05f20061613a4c48a1fa3755bbf9cc2d2f1878c4a6733389f03deb0a3fc0c672e2f4910fde9802d6675929cb3dc5,weight=1
info|2026-02-06 15:24:16.312994|fisco-bcos-0x000079c965d3ba00|[NodeConfig][parseConsensusNodeList],totalNodesSize=4
info|2026-02-06 15:24:16.313001|fisco-bcos-0x000079c965d3ba00|[NodeConfig]loadLedgerConfig,consensus_type=pbft,block_tx_count_limit=1000,gas_limit=3000000000,leader_period=1,minSealTime=0,compatibilityVersion=3.11.0
info|2026-02-06 15:24:16.313012|fisco-bcos-0x000079c965d3ba00|[NodeConfig][METRIC]loadExecutorConfig,isWasm=false,isAuthCheck=false,authAdminAccount=0x1dbd23331f727a66c096de4f3daaec061a3ca614,ismSerialExecute=true
info|2026-02-06 15:24:16.313093|fisco-bcos-0x000079c965d3ba00|[NodeConfig]loadCertConfig,ca_path=./conf,sm_ca_cert=./conf/sm_ca.crt,sm_node_cert=./conf/sm_ssl.crt,sm_node_key=./conf/sm_ssl.key,sm_ennode_cert=./conf/sm_enssl.crt,sm_ennode_key=./conf/sm_enssl.key
info|2026-02-06 15:24:16.313135|fisco-bcos-0x000079c965d3ba00|[NodeConfig]loadCertConfig,ca_path=./conf,ca_cert=./conf/ca.crt,node_cert=./conf/ssl.crt,node_key=./conf/ssl.key
info|2026-02-06 15:24:16.313150|fisco-bcos-0x000079c965d3ba00|[NodeConfig]loadRpcConfig,listenIP=0.0.0.0,listenPort=20202,listenPort=20202,smSsl=false,disableSsl=true,needRetInput=true
info|2026-02-06 15:24:16.313159|fisco-bcos-0x000079c965d3ba00|[NodeConfig]loadWeb3RpcConfig,enableWeb3Rpc=false,listenIP=0.0.0.0,listenPort=8544,listenPort=8544
info|2026-02-06 15:24:16.313166|fisco-bcos-0x000079c965d3ba00|[NodeConfig]loadGatewayConfig,listenIP=0.0.0.0,listenPort=30302,listenPort=30302,smSsl=false,nodesFile=nodes.json
info|2026-02-06 15:24:16.313173|fisco-bcos-0x000079c965d3ba00|[NodeConfig]loadSealerConfig,minSealTime=500
info|2026-02-06 15:24:16.313200|fisco-bcos-0x000079c965d3ba00|[NodeConfig]loadTxPoolConfig,txpoolLimit=15000,notifierWorkers=2,verifierWorkers=8,checkBlockLimit=true,txsExpirationTime(ms)=600000
info|2026-02-06 15:24:16.313205|fisco-bcos-0x000079c965d3ba00|[NodeConfig]loadSecurityConfig,enable_hsm=false,privateKeyPath=conf/node.pem
info|2026-02-06 15:24:16.313214|fisco-bcos-0x000079c965d3ba00|[NodeConfig][METRIC]loadExecutorNormalConfig: config.ini,enableDag=true
info|2026-02-06 15:24:16.313235|fisco-bcos-0x000079c965d3ba00|[NodeConfig]loadStorageConfig,storagePath=data,KeyPage=10240,storageType=RocksDB,pdAddrs=127.0.0.1:2379,pdCaPath=,enableArchive=false,enableSeparateBlockAndState=false,archiveListenIP=,archiveListenPort=0,enable_rocksdb_blob=false,enableLRUCacheStorage=true
info|2026-02-06 15:24:16.313244|fisco-bcos-0x000079c965d3ba00|[NodeConfig]loadConsensusConfig,checkPointTimeoutInterval=3000,pipeline_size=50
info|2026-02-06 15:24:16.313271|fisco-bcos-0x000079c965d3ba00|[NodeConfig]loadSyncConfig,sync_block_by_tree=false,send_txs_by_tree=false,tree_width=3
info|2026-02-06 15:24:16.313283|fisco-bcos-0x000079c965d3ba00|[NodeConfig]loadOthersConfig,sendTxTimeout=-1,vmCacheSize=1024
info|2026-02-06 15:24:16.313329|fisco-bcos-0x000079c965d3ba00|[NodeConfig][METRIC]loadChainConfig,smCrypto=false,chainId=chain0,groupId=group0,blockLimit=1000
info|2026-02-06 15:24:16.313375|fisco-bcos-0x000079c965d3ba00|[NodeConfig]loadWeb3ChainConfig,web3ChainID=20200
info|2026-02-06 15:24:16.313392|fisco-bcos-0x000079c965d3ba00|[NodeConfig][parseConsensusNodeList],sectionName=consensus,nodeId=2346c69c46d42278eb237167eb19eb28432b63783cc0fd7cddc90f89c148e755db8941be9b0c5f37cbc21c409a78c154abc75ce0c80818c6fbb76aea6bcd0a9a,weight=1
info|2026-02-06 15:24:16.313421|fisco-bcos-0x000079c965d3ba00|[NodeConfig][parseConsensusNodeList],sectionName=consensus,nodeId=21a47acec36f73d8e925a7d5db44793f998e1a42a6d7ee2e3a5cf4037b853452cb76f6cbab8e5b223a128e8ee15790d1f629858b47070b4eb2e1ddb2b0ada297,weight=1
info|2026-02-06 15:24:16.313429|fisco-bcos-0x000079c965d3ba00|[NodeConfig][parseConsensusNodeList],sectionName=consensus,nodeId=0d6a7f52cb87ce7fda869e0db309ec9c53723c46f81632c21e4abbf1a9159f14d53f37cc0c4141548da9ec877d6235afd7a501c40d296fc4c5252a8717aa23c2,weight=1
info|2026-02-06 15:24:16.313436|fisco-bcos-0x000079c965d3ba00|[NodeConfig][parseConsensusNodeList],sectionName=consensus,nodeId=5b07d12d1512a66493c8fd3456d8c505e6ce05f20061613a4c48a1fa3755bbf9cc2d2f1878c4a6733389f03deb0a3fc0c672e2f4910fde9802d6675929cb3dc5,weight=1
info|2026-02-06 15:24:16.313442|fisco-bcos-0x000079c965d3ba00|[NodeConfig][parseConsensusNodeList],totalNodesSize=4
info|2026-02-06 15:24:16.313449|fisco-bcos-0x000079c965d3ba00|[NodeConfig]loadLedgerConfig,consensus_type=pbft,block_tx_count_limit=1000,gas_limit=3000000000,leader_period=1,minSealTime=0,compatibilityVersion=3.11.0
info|2026-02-06 15:24:16.313475|fisco-bcos-0x000079c965d3ba00|[NodeConfig][METRIC]loadExecutorConfig,isWasm=false,isAuthCheck=false,authAdminAccount=0x1dbd23331f727a66c096de4f3daaec061a3ca614,ismSerialExecute=true
info|2026-02-06 15:24:16.313541|fisco-bcos-0x000079c965d3ba00|[NodeConfig]loadCertConfig,ca_path=./conf,sm_ca_cert=./conf/sm_ca.crt,sm_node_cert=./conf/sm_ssl.crt,sm_node_key=./conf/sm_ssl.key,sm_ennode_cert=./conf/sm_enssl.crt,sm_ennode_key=./conf/sm_enssl.key
info|2026-02-06 15:24:16.313562|fisco-bcos-0x000079c965d3ba00|[NodeConfig]loadCertConfig,ca_path=./conf,ca_cert=./conf/ca.crt,node_cert=./conf/ssl.crt,node_key=./conf/ssl.key
info|2026-02-06 15:24:16.313573|fisco-bcos-0x000079c965d3ba00|[NodeConfig]loadRpcConfig,listenIP=0.0.0.0,listenPort=20202,listenPort=20202,smSsl=false,disableSsl=true,needRetInput=true
info|2026-02-06 15:24:16.313580|fisco-bcos-0x000079c965d3ba00|[NodeConfig]loadWeb3RpcConfig,enableWeb3Rpc=false,listenIP=0.0.0.0,listenPort=8544,listenPort=8544
info|2026-02-06 15:24:16.313586|fisco-bcos-0x000079c965d3ba00|[NodeConfig]loadGatewayConfig,listenIP=0.0.0.0,listenPort=30302,listenPort=30302,smSsl=false,nodesFile=nodes.json
info|2026-02-06 15:24:16.313590|fisco-bcos-0x000079c965d3ba00|[NodeConfig]loadSealerConfig,minSealTime=500
info|2026-02-06 15:24:16.313605|fisco-bcos-0x000079c965d3ba00|[NodeConfig]loadTxPoolConfig,txpoolLimit=15000,notifierWorkers=2,verifierWorkers=8,checkBlockLimit=true,txsExpirationTime(ms)=600000
info|2026-02-06 15:24:16.313609|fisco-bcos-0x000079c965d3ba00|[NodeConfig]loadSecurityConfig,enable_hsm=false,privateKeyPath=conf/node.pem
info|2026-02-06 15:24:16.313615|fisco-bcos-0x000079c965d3ba00|[NodeConfig][METRIC]loadExecutorNormalConfig: config.ini,enableDag=true
info|2026-02-06 15:24:16.313628|fisco-bcos-0x000079c965d3ba00|[NodeConfig]loadStorageConfig,storagePath=data,KeyPage=10240,storageType=RocksDB,pdAddrs=127.0.0.1:2379,pdCaPath=,enableArchive=false,enableSeparateBlockAndState=false,archiveListenIP=,archiveListenPort=0,enable_rocksdb_blob=false,enableLRUCacheStorage=true
info|2026-02-06 15:24:16.313634|fisco-bcos-0x000079c965d3ba00|[NodeConfig]loadConsensusConfig,checkPointTimeoutInterval=3000,pipeline_size=50
info|2026-02-06 15:24:16.313639|fisco-bcos-0x000079c965d3ba00|[NodeConfig]loadSyncConfig,sync_block_by_tree=false,send_txs_by_tree=false,tree_width=3
info|2026-02-06 15:24:16.313645|fisco-bcos-0x000079c965d3ba00|[NodeConfig]loadOthersConfig,sendTxTimeout=-1,vmCacheSize=1024
info|2026-02-06 15:24:16.313651|fisco-bcos-0x000079c965d3ba00|[INITIALIZER]init crypto suite success
info|2026-02-06 15:24:16.313656|fisco-bcos-0x000079c965d3ba00|[INITIALIZER]init blockFactory success
info|2026-02-06 15:24:16.313675|fisco-bcos-0x000079c965d3ba00|[INITIALIZER][SecureInitializer]loading privateKey
info|2026-02-06 15:24:16.313777|fisco-bcos-0x000079c965d3ba00|[INITIALIZER]loadKeyPair from privateKey,privateKeySize=32,enableStorageSecurity=false
info|2026-02-06 15:24:16.313910|fisco-bcos-0x000079c965d3ba00|[INITIALIZER][METRIC]loadKeyPair from privateKeyPath,privateKeyPath=conf/node.pem
info|2026-02-06 15:24:16.313931|fisco-bcos-0x000079c965d3ba00|[INITIALIZER][METRIC]loadKeyPair success,publicKey=0d6a7f52cb87ce7fda869e0db309ec9c53723c46f81632c21e4abbf1a9159f14d53f37cc0c4141548da9ec877d6235afd7a501c40d296fc4c5252a8717aa23c2
info|2026-02-06 15:24:16.313993|fisco-bcos-0x000079c965d3ba00|[NodeConfig]loadNodeServiceConfig,withoutTarsFramework=false
info|2026-02-06 15:24:16.314015|fisco-bcos-0x000079c965d3ba00|[NodeConfig]load node service,nodeName=0d6a7f52cb87ce7fda869e0db309ec9c53723c46f81632c21e4abbf1a9159f14d53f37cc0c4141548da9ec877d6235afd7a501c40d296fc4c5252a8717aa23c2,withoutTarsFramework=false,schedulerServiceName=chain0.0d6a7f52cb87ce7fda869e0db309ec9c53723c46f81632c21e4abbf1a9159f14d53f37cc0c4141548da9ec877d6235afd7a501c40d296fc4c5252a8717aa23c2SchedulerService,executorServiceName=chain0.0d6a7f52cb87ce7fda869e0db309ec9c53723c46f81632c21e4abbf1a9159f14d53f37cc0c4141548da9ec877d6235afd7a501c40d296fc4c5252a8717aa23c2ExecutorService
info|2026-02-06 15:24:16.314285|fisco-bcos-0x000079c965d3ba00|[Gateway][Config]initP2PConfig ok!,p2p.listen_ip=0.0.0.0,p2p.listen_port=30302,p2p.sm_ssl=false,p2p.enable_rip_protocol=true,p2p.enable_compression=true,p2p.allow_max_msg_size=33554432,p2p.session_recv_buffer_size=67108864,p2p.session_max_read_data_size=40960,p2p.session_max_send_data_size=1048576,p2p.session_max_send_msg_count=10,p2p.thread_count=8,p2p.nodes_path=./,p2p.nodes_file=nodes.json,p2p.readonly=false
info|2026-02-06 15:24:16.314322|fisco-bcos-0x000079c965d3ba00|[Gateway][Config][initFlowControlConfig]load flow_control common config items,enable=false,flow_control.stat_reporter_interval=60000,flow_control.enable_connect_debug_info=false,flow_control.time_window_sec=1,flow_control.enable_distributed_ratelimit=false,flow_control.enable_distributed_ratelimit_cache=true,flow_control.distributed_ratelimit_cache_percent=20
info|2026-02-06 15:24:16.314333|fisco-bcos-0x000079c965d3ba00|[Gateway][Config][initFlowControlConfig]load flow_control config items,key=flow_control.modules_without_bw_limit,moduleID=1001
info|2026-02-06 15:24:16.314338|fisco-bcos-0x000079c965d3ba00|[Gateway][Config][initFlowControlConfig]load flow_control config items,key=flow_control.modules_without_bw_limit,moduleID=1000
info|2026-02-06 15:24:16.314342|fisco-bcos-0x000079c965d3ba00|[Gateway][Config][initFlowControlConfig]load flow_control config items,key=flow_control.modules_without_bw_limit,moduleID=2002
info|2026-02-06 15:24:16.314345|fisco-bcos-0x000079c965d3ba00|[Gateway][Config][initFlowControlConfig]load flow_control config items,key=flow_control.modules_without_bw_limit,moduleID=2001
info|2026-02-06 15:24:16.314347|fisco-bcos-0x000079c965d3ba00|[Gateway][Config]the total_outgoing_bw_limit is not initialized
info|2026-02-06 15:24:16.314350|fisco-bcos-0x000079c965d3ba00|[Gateway][Config]load flow_control config items, the conn_outgoing_bw_limit is not initialized
info|2026-02-06 15:24:16.314352|fisco-bcos-0x000079c965d3ba00|[Gateway][Config]load flow_control config items, the group_outgoing_bw_limit is not initialized
info|2026-02-06 15:24:16.314354|fisco-bcos-0x000079c965d3ba00|[Gateway][Config][initFlowControlConfig]load_flow control outgoing config items,flow_control.outgoing_allow_exceed_max_permit=false,flow_control.modules_without_bw_limit=raft,pbft,cons_txs_sync,txs_sync,flow_control.total_outgoing_bw_limit=-1,flow_control.conn_outgoing_bw_limit=-1,flow_control.group_outgoing_bw_limit=-1,flow_control.conn_outgoing_bw_limit_x.x.x.x=0,flow_control.group_outgoing_bw_limit_xxx=0,flow_control.modules_without_bw_limit size=4
info|2026-02-06 15:24:16.314359|fisco-bcos-0x000079c965d3ba00|[Gateway][Config]rateLimiter: false
info|2026-02-06 15:24:16.314361|fisco-bcos-0x000079c965d3ba00|[Gateway][Config][initFlowControlConfig]load flow_control config items, the incoming qps rate limit,flow_control.incoming_p2p_basic_msg_type_list=,flow_control.incoming_p2p_basic_msg_type_qps_limit=-1,flow_control.incoming_module_msg_type_qps_limit=-1,flow_control.incoming_module_qps_limit_xxx size=0,enableOutRateLimit=false,enableOutConnRateLimit=false,enableOutGroupRateLimit=false,enableInRateLimit=false
info|2026-02-06 15:24:16.314368|fisco-bcos-0x000079c965d3ba00|[Gateway][Config]initCertConfig,ca_path=./conf,ca_cert=./conf/ca.crt,node_cert=./conf/ssl.crt,node_key=./conf/ssl.key,mul_ca_path=./conf/multiCaPath
info|2026-02-06 15:24:16.314394|fisco-bcos-0x000079c965d3ba00|[Gateway][Config]initCertConfig,ca=./conf/ca.crt,node_cert=./conf/ssl.crt,node_key=./conf/ssl.key,mul_ca_path=./conf/multiCaPath
info|2026-02-06 15:24:16.314401|fisco-bcos-0x000079c965d3ba00|[Gateway][Config]initConfig ok!,configPath=config.ini,listenIP=0.0.0.0,listenPort=30302,smSSL=false,peers=0
info|2026-02-06 15:24:16.314855|fisco-bcos-0x000079c965d3ba00|[Gateway][Config]add one connected node,host=127.0.0.1:30300
info|2026-02-06 15:24:16.315175|fisco-bcos-0x000079c965d3ba00|[Gateway][Config]add one connected node,host=127.0.0.1:30301
info|2026-02-06 15:24:16.315506|fisco-bcos-0x000079c965d3ba00|[Gateway][Config]add one connected node,host=127.0.0.1:30302
info|2026-02-06 15:24:16.315808|fisco-bcos-0x000079c965d3ba00|[Gateway][Config]add one connected node,host=127.0.0.1:30303
info|2026-02-06 15:24:16.315831|fisco-bcos-0x000079c965d3ba00|[Gateway][Config]loadP2pConnectedNodes ok!,nodePath=./,nodeFileName=nodes.json,nodes=4
info|2026-02-06 15:24:16.315859|fisco-bcos-0x000079c965d3ba00|[Gateway][Factory]initCert2PubHexHandler,cert=./conf/ssl.crt,certContent: =0x79c9652f7650
info|2026-02-06 15:24:16.316504|fisco-bcos-0x000079c965d3ba00|[Gateway][Factory][NEW]SSLContext pubHex: 3082010a02820101009d9833c7e1dbf7d476b1fd7227e247b488323cbd272862d096a4010035236b7d36e2aede87e4f36adfd2e2e44f2945e9a4170901f5865f04cb779a1c1e1fc2f3e56fc6ea80a2665d5da60fce851ccd94bb60aced8e256a551ebb6edcf78febb8eb8bbb3c4fab73bacd5675925d72c787a8d8e179c70b24c484ae98ea7cc956a196c0c8266073d549963e44bfee479261b4c7a5497320d8a89de71743baf1516450118e57b4b07227de0429adf0d02305ad79d40958f48b3c7d6802814fc5c25be7c54c85463c993254d08401e1c7c1cc5586b265a1616617cc2ba7f29e928ff792e4ff33ada9b1bb7ee5a43130da18ba109a9e2186dfa6c2dc1d823e9066e1590203010001
info|2026-02-06 15:24:16.317438|fisco-bcos-0x000079c965d3ba00|[P2PService][Service][Service::Service]local protocol,protocolModuleID=1,version=0,minVersion=0,maxVersion=2
info|2026-02-06 15:24:16.317578|fisco-bcos-0x000079c965d3ba00|register SIGUSR1 sig for reload p2p connected nodes config
info|2026-02-06 15:24:16.317585|fisco-bcos-0x000079c965d3ba00|[Gateway][Factory][buildService]build service end,enable rip protocol=true,enable compress=true,myself pub id=3082010a02820101009d9833c7e1dbf7d476b1fd7227e247b488323cbd272862d096a4010035236b7d36e2aede87e4f36adfd2e2e44f2945e9a4170901f5865f04cb779a1c1e1fc2f3e56fc6ea80a2665d5da60fce851ccd94bb60aced8e256a551ebb6edcf78febb8eb8bbb3c4fab73bacd5675925d72c787a8d8e179c70b24c484ae98ea7cc956a196c0c8266073d549963e44bfee479261b4c7a5497320d8a89de71743baf1516450118e57b4b07227de0429adf0d02305ad79d40958f48b3c7d6802814fc5c25be7c54c85463c993254d08401e1c7c1cc5586b265a1616617cc2ba7f29e928ff792e4ff33ada9b1bb7ee5a43130da18ba109a9e2186dfa6c2dc1d823e9066e1590203010001
info|2026-02-06 15:24:16.317962|fisco-bcos-0x000079c965d3ba00|[Gateway][Factory]GatewayFactory::init ok
info|2026-02-06 15:24:16.317973|fisco-bcos-0x000079c965d3ba00|[FrontService]FrontServiceFactory::buildFrontService,groupID=group0,nodeID=0d6a7f52cb87ce7fda869e0db309ec9c53723c46f81632c21e4abbf1a9159f14d53f37cc0c4141548da9ec877d6235afd7a501c40d296fc4c5252a8717aa23c2
info|2026-02-06 15:24:16.317980|fisco-bcos-0x000079c965d3ba00|[FrontService]FrontService,this=0x79c96526ff10,minVersion=0,maxVersion=2
info|2026-02-06 15:24:16.317993|fisco-bcos-0x000079c965d3ba00|[INITIALIZER]initNode,stateDBPath=data,enableSeparateBlockAndState=false,storageType=RocksDB,consensusStoragePath=data/consensus_log
info|2026-02-06 15:24:16.414330|fisco-bcos-0x000079c965d3ba00|[LEDGER][#buildGenesisBlock]
info|2026-02-06 15:24:16.414811|fisco-bcos-0x000079c965d3ba00|[NodeConfig][generateGenesisData],genesisData=[chain]
sm_crypto:0
chainID: chain0
grouID: group0
[consensys]
consensus_type: pbft
block_tx_count_limit:1000
leader_period:1
[version]
compatibility_version:3.11.0
[tx]
gaslimit:3000000000
[executor]
iswasm: 0
isAuthCheck:0
authAdminAccount:0x1dbd23331f727a66c096de4f3daaec061a3ca614
isSerialExecute:1
epochSealerNum:4
epochBlockNum:1000
node.0:0d6a7f52cb87ce7fda869e0db309ec9c53723c46f81632c21e4abbf1a9159f14d53f37cc0c4141548da9ec877d6235afd7a501c40d296fc4c5252a8717aa23c2,1
node.1:21a47acec36f73d8e925a7d5db44793f998e1a42a6d7ee2e3a5cf4037b853452cb76f6cbab8e5b223a128e8ee15790d1f629858b47070b4eb2e1ddb2b0ada297,1
node.2:2346c69c46d42278eb237167eb19eb28432b63783cc0fd7cddc90f89c148e755db8941be9b0c5f37cbc21c409a78c154abc75ce0c80818c6fbb76aea6bcd0a9a,1
node.3:5b07d12d1512a66493c8fd3456d8c505e6ce05f20061613a4c48a1fa3755bbf9cc2d2f1878c4a6733389f03deb0a3fc0c672e2f4910fde9802d6675929cb3dc5,1
info|2026-02-06 15:24:16.414869|fisco-bcos-0x000079c965d3ba00|[LEDGER][#buildGenesisBlock] success, block exists
info|2026-02-06 15:24:16.415501|fisco-bcos-0x000079c965d3ba00|[TXPOOL]create transaction validator
info|2026-02-06 15:24:16.418040|fisco-bcos-0x000079c965d3ba00|[TXPOOL]create transaction config
info|2026-02-06 15:24:16.418300|fisco-bcos-0x000079c965d3ba00|[TXPOOL]create transaction storage
info|2026-02-06 15:24:16.420050|fisco-bcos-0x000079c965d3ba00|[TXPOOL]init MemoryStorage of txpool,txNotifierWorkerNum=2,txsExpirationTime=600000,poolLimit=15000,cpuCores=20
info|2026-02-06 15:24:16.420189|fisco-bcos-0x000079c965d3ba00|[TXPOOL]create sync config
info|2026-02-06 15:24:16.420204|fisco-bcos-0x000079c965d3ba00|[TXPOOL]create sync engine
info|2026-02-06 15:24:16.421665|fisco-bcos-0x000079c965d3ba00|[TXPOOL]create txpool,submitWorkerNum=8,notifyWorkerNum=2
info|2026-02-06 15:24:16.427305|fisco-bcos-0x000079c965d3ba00|[TXPOOL]create TxPool,submitterNum=8
info|2026-02-06 15:24:16.427652|fisco-bcos-0x000079c965d3ba00|[TARS_EXECUTOR_MANAGER]Initialize ,executorServiceName=chain0.0d6a7f52cb87ce7fda869e0db309ec9c53723c46f81632c21e4abbf1a9159f14d53f37cc0c4141548da9ec877d6235afd7a501c40d296fc4c5252a8717aa23c2ExecutorService.ExecutorServiceObj
info|2026-02-06 15:24:16.428582|fisco-bcos-0x000079c965d3ba00|[INITIALIZER]initNode: enableLRUCacheStorage, size: 33554432
info|2026-02-06 15:24:16.428702|fisco-bcos-0x000079c965d3ba00|[INITIALIZER]create Executor,nodeArchType=0
info|2026-02-06 15:24:16.433878|fisco-bcos-0x000079c965d3ba00|[CONSENSUS][PBFT]create PBFTCodec
info|2026-02-06 15:24:16.433952|fisco-bcos-0x000079c965d3ba00|[CONSENSUS][PBFT]create PBFT validator
info|2026-02-06 15:24:16.434407|fisco-bcos-0x000079c965d3ba00|[CONSENSUS][PBFT]create pbftStorage
info|2026-02-06 15:24:16.434694|fisco-bcos-0x000079c965d3ba00|[CONSENSUS][PBFT][STORAGE]createKVTable success,table=pbftCommitDB
info|2026-02-06 15:24:16.435201|fisco-bcos-0x000079c965d3ba00|[CONSENSUS][PBFT]create pbftConfig
info|2026-02-06 15:24:16.435691|fisco-bcos-0x000079c965d3ba00|[CONSENSUS][PBFT]create PBFTEngine
info|2026-02-06 15:24:16.436480|fisco-bcos-0x000079c965d3ba00|[CONSENSUS][PBFT]create PBFT
info|2026-02-06 15:24:16.437230|fisco-bcos-0x000079c965d3ba00|[INITIALIZER]PBFTInitializer::initChainNodeInfo,nodeType=None,nodeCryptoType=0,nodeName=0d6a7f52cb87ce7fda869e0db309ec9c53723c46f81632c21e4abbf1a9159f14d53f37cc0c4141548da9ec877d6235afd7a501c40d296fc4c5252a8717aa23c2,compatibilityVersion=51052544
info|2026-02-06 15:24:16.437300|fisco-bcos-0x000079c965d3ba00|[Gateway][Router]insertNode,groupID=group0,minVersion=0,maxVersion=2,nodeID=0d6a7f52cb87ce7fda869e0db309ec9c53723c46f81632c21e4abbf1a9159f14d53f37cc0c4141548da9ec877d6235afd7a501c40d296fc4c5252a8717aa23c2,nodeType=None
info|2026-02-06 15:24:16.437319|fisco-bcos-0x000079c965d3ba00|[INITIALIZER]registerNode,group=group0,node=0d6a7f52cb87ce7fda869e0db309ec9c53723c46f81632c21e4abbf1a9159f14d53f37cc0c4141548da9ec877d6235afd7a501c40d296fc4c5252a8717aa23c2,type=None
info|2026-02-06 15:24:16.437333|fisco-bcos-0x000079c965d3ba00|[TXPOOL]fetch LedgerConfig information
info|2026-02-06 15:24:16.437422|fisco-bcos-0x000079c965d3ba00|[TOOL]LedgerConfigFetcher: fetchBlockNumber success,blockNumber=25
info|2026-02-06 15:24:16.437495|fisco-bcos-0x000079c965d3ba00|[TOOL]LedgerConfigFetcher: fetchBlockHash success,blockNumber=25,hash=4c5ef02f...
info|2026-02-06 15:24:16.437561|fisco-bcos-0x000079c965d3ba00|[TOOL]fetchBlockTxCountLimit success,value=1000
info|2026-02-06 15:24:16.437604|fisco-bcos-0x000079c965d3ba00|[TXPOOL]fetch LedgerConfig success
info|2026-02-06 15:24:16.437613|fisco-bcos-0x000079c965d3ba00|[TXPOOL]fetch history nonces information,startNumber=0,fetchedSize=26
info|2026-02-06 15:24:16.439025|fisco-bcos-0x000079c965d3ba00|[TXPOOL]fetch history nonces success
info|2026-02-06 15:24:16.439098|fisco-bcos-0x000079c965d3ba00|[TXPOOL]init txs validator,checkBlockLimit=true
info|2026-02-06 15:24:16.439271|fisco-bcos-0x000079c965d3ba00|[TXPOOL]init txs validator success
info|2026-02-06 15:24:16.439314|fisco-bcos-0x000079c965d3ba00|[TXPOOL]init sync config
info|2026-02-06 15:24:16.439327|fisco-bcos-0x000079c965d3ba00|[TXPOOL]init sync config success
info|2026-02-06 15:24:16.439349|fisco-bcos-0x000079c965d3ba00|[BLOCK SYNC]start fetch the ledger config for block sync module
info|2026-02-06 15:24:16.439441|fisco-bcos-0x000079c965d3ba00|[TOOL]LedgerConfigFetcher: fetchBlockNumber success,blockNumber=25
info|2026-02-06 15:24:16.439522|fisco-bcos-0x000079c965d3ba00|[TOOL]LedgerConfigFetcher: fetchBlockHash success,blockNumber=25,hash=4c5ef02f...
info|2026-02-06 15:24:16.439549|fisco-bcos-0x000079c965d3ba00|[TOOL]fetchCompatibilityVersion
info|2026-02-06 15:24:16.439615|fisco-bcos-0x000079c965d3ba00|[TOOL]fetchCompatibilityVersion success,version=3.11.0,versionNumber=51052544,minSupportedVersion=3.0.0-rc4,maxSupportedVersion=3.11.0
info|2026-02-06 15:24:16.440323|fisco-bcos-0x000079c965d3ba00|[TOOL]fetchSystemConfig failed, use default value,code=3008,msg=Entry: feature_dmc2serial does not exists!,key=feature_dmc2serial,defaultValue=0
info|2026-02-06 15:24:16.440980|fisco-bcos-0x000079c965d3ba00|[TOOL]fetchSystemConfig failed, use default value,code=3008,msg=Entry: feature_sharding does not exists!,key=feature_sharding,defaultValue=0
info|2026-02-06 15:24:16.441370|fisco-bcos-0x000079c965d3ba00|[TOOL]fetchSystemConfig failed, use default value,code=3008,msg=Entry: feature_rpbft does not exists!,key=feature_rpbft,defaultValue=0
info|2026-02-06 15:24:16.441422|fisco-bcos-0x000079c965d3ba00|[TOOL]fetchSystemConfig failed, use default value,code=3008,msg=Entry: feature_paillier does not exists!,key=feature_paillier,defaultValue=0
info|2026-02-06 15:24:16.441449|fisco-bcos-0x000079c965d3ba00|[TOOL]fetchSystemConfig failed, use default value,code=3008,msg=Entry: feature_balance does not exists!,key=feature_balance,defaultValue=0
info|2026-02-06 15:24:16.441474|fisco-bcos-0x000079c965d3ba00|[TOOL]fetchSystemConfig failed, use default value,code=3008,msg=Entry: feature_balance_precompiled does not exists!,key=feature_balance_precompiled,defaultValue=0
info|2026-02-06 15:24:16.441515|fisco-bcos-0x000079c965d3ba00|[TOOL]fetchSystemConfig failed, use default value,code=3008,msg=Entry: feature_balance_policy1 does not exists!,key=feature_balance_policy1,defaultValue=0
info|2026-02-06 15:24:16.441826|fisco-bcos-0x000079c965d3ba00|[TOOL]fetchSystemConfig failed, use default value,code=3008,msg=Entry: feature_paillier_add_raw does not exists!,key=feature_paillier_add_raw,defaultValue=0
info|2026-02-06 15:24:16.442026|fisco-bcos-0x000079c965d3ba00|[TOOL]fetchSystemConfig failed, use default value,code=3008,msg=Entry: feature_evm_cancun does not exists!,key=feature_evm_cancun,defaultValue=0
info|2026-02-06 15:24:16.442268|fisco-bcos-0x000079c965d3ba00|[TOOL]fetchConsensusNodeList success,size=4
info|2026-02-06 15:24:16.442379|fisco-bcos-0x000079c965d3ba00|[TOOL]fetchObserverNodeList success,size=0
info|2026-02-06 15:24:16.442640|fisco-bcos-0x000079c965d3ba00|[TOOL]fetchCandidateSealerList success,size=0
info|2026-02-06 15:24:16.442740|fisco-bcos-0x000079c965d3ba00|[TOOL]fetchGenesisHash success,genesisHash=25d20f1c...
info|2026-02-06 15:24:16.442754|fisco-bcos-0x000079c965d3ba00|[BLOCK SYNC]fetch the ledger config for block sync module success,number=25,latestHash=4c5ef02f...,genesisHash=25d20f1c7ba5c73a1e512bbabf583992a464d04d9c35a44e10d8c6c8f07c9983
info|2026-02-06 15:24:16.442787|fisco-bcos-0x000079c965d3ba00|[BLOCK SYNC]#### BlockSyncConfig resetConfig,number=25,consNodeSize=4,observerNodeSize=0,type=CONSENSUS_NODE
info|2026-02-06 15:24:16.442807|fisco-bcos-0x000079c965d3ba00|[BLOCK SYNC]init block sync success
info|2026-02-06 15:24:16.442848|fisco-bcos-0x000079c965d3ba00|[CONSENSUS][PBFT]asyncResetTxPool when startup
info|2026-02-06 15:24:16.442916|fisco-bcos-0x000079c965d3ba00|[TXPOOL]asyncResetTxPool,txsSize=0
info|2026-02-06 15:24:16.442926|fisco-bcos-0x000079c965d3ba00|[CONSENSUS][PBFT]fetchAndUpdateLedgerConfig
info|2026-02-06 15:24:16.442988|fisco-bcos-0x000079c965d3ba00|[TOOL]LedgerConfigFetcher: fetchBlockNumber success,blockNumber=25
info|2026-02-06 15:24:16.443019|fisco-bcos-0x000079c965d3ba00|[TOOL]LedgerConfigFetcher: fetchBlockHash success,blockNumber=25,hash=4c5ef02f...
info|2026-02-06 15:24:16.443028|fisco-bcos-0x000079c965d3ba00|[TOOL]fetchCompatibilityVersion
info|2026-02-06 15:24:16.443094|fisco-bcos-0x000079c965d3ba00|[TOOL]fetchCompatibilityVersion success,version=3.11.0,versionNumber=51052544,minSupportedVersion=3.0.0-rc4,maxSupportedVersion=3.11.0
info|2026-02-06 15:24:16.443768|fisco-bcos-0x000079c965d3ba00|[TOOL]fetchSystemConfig failed, use default value,code=3008,msg=Entry: feature_dmc2serial does not exists!,key=feature_dmc2serial,defaultValue=0
info|2026-02-06 15:24:16.443850|fisco-bcos-0x000079c965d3ba00|[TOOL]fetchSystemConfig failed, use default value,code=3008,msg=Entry: feature_sharding does not exists!,key=feature_sharding,defaultValue=0
info|2026-02-06 15:24:16.443909|fisco-bcos-0x000079c965d3ba00|[TOOL]fetchSystemConfig failed, use default value,code=3008,msg=Entry: feature_rpbft does not exists!,key=feature_rpbft,defaultValue=0
info|2026-02-06 15:24:16.443935|fisco-bcos-0x000079c965d3ba00|[TOOL]fetchSystemConfig failed, use default value,code=3008,msg=Entry: feature_paillier does not exists!,key=feature_paillier,defaultValue=0
info|2026-02-06 15:24:16.443956|fisco-bcos-0x000079c965d3ba00|[TOOL]fetchSystemConfig failed, use default value,code=3008,msg=Entry: feature_balance does not exists!,key=feature_balance,defaultValue=0
info|2026-02-06 15:24:16.443991|fisco-bcos-0x000079c965d3ba00|[TOOL]fetchSystemConfig failed, use default value,code=3008,msg=Entry: feature_balance_precompiled does not exists!,key=feature_balance_precompiled,defaultValue=0
info|2026-02-06 15:24:16.444015|fisco-bcos-0x000079c965d3ba00|[TOOL]fetchSystemConfig failed, use default value,code=3008,msg=Entry: feature_balance_policy1 does not exists!,key=feature_balance_policy1,defaultValue=0
info|2026-02-06 15:24:16.444060|fisco-bcos-0x000079c965d3ba00|[TOOL]fetchSystemConfig failed, use default value,code=3008,msg=Entry: feature_paillier_add_raw does not exists!,key=feature_paillier_add_raw,defaultValue=0
info|2026-02-06 15:24:16.444098|fisco-bcos-0x000079c965d3ba00|[TOOL]fetchSystemConfig failed, use default value,code=3008,msg=Entry: feature_evm_cancun does not exists!,key=feature_evm_cancun,defaultValue=0
info|2026-02-06 15:24:16.444153|fisco-bcos-0x000079c965d3ba00|[TOOL]fetchConsensusNodeList success,size=4
info|2026-02-06 15:24:16.444179|fisco-bcos-0x000079c965d3ba00|[TOOL]fetchObserverNodeList success,size=0
info|2026-02-06 15:24:16.444255|fisco-bcos-0x000079c965d3ba00|[TOOL]fetchCandidateSealerList success,size=0
info|2026-02-06 15:24:16.444314|fisco-bcos-0x000079c965d3ba00|[TOOL]fetchBlockTxCountLimit success,value=1000
info|2026-02-06 15:24:16.444350|fisco-bcos-0x000079c965d3ba00|[TOOL]fetchGenesisHash success,genesisHash=25d20f1c...
info|2026-02-06 15:24:16.444394|fisco-bcos-0x000079c965d3ba00|[TOOL]fetchConsensusLeaderPeriod success,value=1
info|2026-02-06 15:24:16.444439|fisco-bcos-0x000079c965d3ba00|[TOOL]fetchAuthCheckStatus success,value=0
info|2026-02-06 15:24:16.444478|fisco-bcos-0x000079c965d3ba00|[TOOL]fetchSystemConfig failed, use default value,code=3008,msg=Entry: feature_rpbft_epoch_sealer_num does not exists!,key=feature_rpbft_epoch_sealer_num,defaultValue=4
info|2026-02-06 15:24:16.444494|fisco-bcos-0x000079c965d3ba00|[TOOL]fetchEpochSealerNum success,value=4
info|2026-02-06 15:24:16.444532|fisco-bcos-0x000079c965d3ba00|[TOOL]fetchSystemConfig failed, use default value,code=3008,msg=Entry: feature_rpbft_epoch_block_num does not exists!,key=feature_rpbft_epoch_block_num,defaultValue=1000
info|2026-02-06 15:24:16.444538|fisco-bcos-0x000079c965d3ba00|[TOOL]fetchEpochBlockNum success,value=1000
info|2026-02-06 15:24:16.444570|fisco-bcos-0x000079c965d3ba00|[TOOL]fetchSystemConfig failed, use default value,code=3008,msg=Entry: feature_rpbft_notify_rotate does not exists!,key=feature_rpbft_notify_rotate,defaultValue=0
info|2026-02-06 15:24:16.444584|fisco-bcos-0x000079c965d3ba00|[TOOL]fetchNotifyRotateFlagInfo success,value=0
info|2026-02-06 15:24:16.444592|fisco-bcos-0x000079c965d3ba00|[CONSENSUS][PBFT]fetchAndUpdateLedgerConfig success,blockNumber=25,hash=4c5ef02f...,maxTxsPerBlock=1000,consensusNodeList=4
info|2026-02-06 15:24:16.444602|fisco-bcos-0x000079c965d3ba00|[CONSENSUS][PBFT][METRIC]resetConfig,committedIndex=25,propHash=4c5ef02f...,blockCountLimit=1000,leaderPeriod=1,consensusNodesSize=4
info|2026-02-06 15:24:16.444615|fisco-bcos-0x000079c965d3ba00|[CONSENSUS][PBFT]PBFTConfig: resetExpectedCheckPoint,committedIndex=25,consNum=26,committedHash=4c5ef02f...,view=0,toView=0,changeCycle=0,expectedCheckPoint=0,Idx=0,unsealedTxs=0,sealUntil=0,waitResealUntil=0,consensusTimeout=3000,nodeId=0d6a7f52...,expectedCheckPoint=0
info|2026-02-06 15:24:16.444644|fisco-bcos-0x000079c965d3ba00|[CONSENSUS][Core][METRIC]updateConsensusNodeList,nodeNum=4,nodeIndex=0,committedIndex=25,0d6a7f52...=1,21a47ace...=1,2346c69c...=1,5b07d12d...=1
info|2026-02-06 15:24:16.444655|fisco-bcos-0x000079c965d3ba00|[CONSENSUS][PBFT]notifyResetSealing,committedIndex=25,consNum=26,committedHash=4c5ef02f...,view=0,toView=0,changeCycle=0,expectedCheckPoint=26,Idx=0,unsealedTxs=0,sealUntil=0,waitResealUntil=0,consensusTimeout=3000,nodeId=0d6a7f52...
info|2026-02-06 15:24:16.444667|fisco-bcos-0x000079c965d3ba00|[CONSENSUS][SEALER]resetSealing,startNum=0,endNum=0,sealingNum=-1,pendingTxs=0,unsealedTxs=0
info|2026-02-06 15:24:16.444683|fisco-bcos-0x000079c965d3ba00|[CONSENSUS][PBFT]reNotifySealer,expectedStart=26,highWaterMark=76,leader=2,committedIndex=25,consNum=26,committedHash=4c5ef02f...,view=0,toView=0,changeCycle=0,expectedCheckPoint=26,Idx=0,unsealedTxs=0,sealUntil=0,waitResealUntil=0,consensusTimeout=3000,nodeId=0d6a7f52...
info|2026-02-06 15:24:16.444696|fisco-bcos-0x000079c965d3ba00|[CONSENSUS][PBFT]notifyResetSealing success,committedIndex=25,consNum=26,committedHash=4c5ef02f...,view=0,toView=0,changeCycle=0,expectedCheckPoint=26,Idx=0,unsealedTxs=0,sealUntil=0,waitResealUntil=0,consensusTimeout=3000,nodeId=0d6a7f52...
info|2026-02-06 15:24:16.444731|fisco-bcos-0x000079c965d3ba00|[CONSENSUS][PBFT][METRIC]^^^^^^^^Report,committedIndex=25,consNum=26,committedHash=4c5ef02f...,view=0,toView=0,changeCycle=0,expectedCheckPoint=26,Idx=0,unsealedTxs=0,sealUntil=0,waitResealUntil=0,consensusTimeout=3000,nodeId=0d6a7f52...
info|2026-02-06 15:24:16.444749|fisco-bcos-0x000079c965d3ba00|[CONSENSUS][PBFT]updateValidatorConfig,consensusNodeListUpdated=true,observerNodeListUpdated=false,consensusNodeSize=4,observerNodeSize=0
info|2026-02-06 15:24:16.444759|fisco-bcos-0x000079c965d3ba00|[CONSENSUS][SEALER]asyncNoteLatestBlockNumber,number=25
info|2026-02-06 15:24:16.444767|fisco-bcos-0x000079c965d3ba00|[CONSENSUS][SEALER]asyncNoteLatestBlockHash,_hash=4c5ef02f...
info|2026-02-06 15:24:16.444776|fisco-bcos-0x000079c965d3ba00|[CONSENSUS][PBFT]init PBFT success
info|2026-02-06 15:24:16.444939|fisco-bcos-0x000079c965d3ba00|[FRONTSERVICE]registerModuleMessageDispatcher for the consensus module success
info|2026-02-06 15:24:16.444948|fisco-bcos-0x000079c965d3ba00|[FRONTSERVICE]registerModuleMessageDispatcher for the txsSync module success
info|2026-02-06 15:24:16.444961|fisco-bcos-0x000079c965d3ba00|[FRONTSERVICE]registerModuleMessageDispatcher for the BlockSync module success
info|2026-02-06 15:24:16.444966|fisco-bcos-0x000079c965d3ba00|[FRONTSERVICE]registerGroupNodeInfoNotification success
info|2026-02-06 15:24:16.446836|fisco-bcos-0x000079c965d3ba00|[RPC][initConfig]rpc work in disable ssl model,listenIP=0.0.0.0,listenPort=20202,threadCount=4,asServer=true
info|2026-02-06 15:24:16.446923|fisco-bcos-0x000079c965d3ba00|[DEFAULT][WS][SERVICE],[NEWOBJ][WsService]=0x79c9652e5710
info|2026-02-06 15:24:16.447078|fisco-bcos-0x000079c965d3ba00|[DEFAULT][WS][INITIALIZER][initWsService]start websocket service as server
info|2026-02-06 15:24:16.447452|fisco-bcos-0x000079c965d3ba00|[DEFAULT][HTTP][SERVER][buildHttpServer],listenIP=0.0.0.0,listenPort=20202
info|2026-02-06 15:24:16.447591|fisco-bcos-0x000079c965d3ba00|[DEFAULT][WS][INITIALIZER][initWsService]initializer for websocket service,listenIP=0.0.0.0,listenPort=20202,disableSsl=true,server=true,client=false,maxMsgSize=33554432,msgTimeOut=-1,connected peers=0
info|2026-02-06 15:24:16.450176|fisco-bcos-0x000079c965d3ba00|[RPC][JSONRPC][initMethod],method=getLogs
info|2026-02-06 15:24:16.450292|fisco-bcos-0x000079c965d3ba00|[RPC][JSONRPC][initMethod],method=getSystemConfigByKey
info|2026-02-06 15:24:16.450312|fisco-bcos-0x000079c965d3ba00|[RPC][JSONRPC][initMethod],method=getPeers
info|2026-02-06 15:24:16.450324|fisco-bcos-0x000079c965d3ba00|[RPC][JSONRPC][initMethod],method=getNodeListByType
info|2026-02-06 15:24:16.450335|fisco-bcos-0x000079c965d3ba00|[RPC][JSONRPC][initMethod],method=getObserverList
info|2026-02-06 15:24:16.450342|fisco-bcos-0x000079c965d3ba00|[RPC][JSONRPC][initMethod],method=getBlockHashByNumber
info|2026-02-06 15:24:16.450349|fisco-bcos-0x000079c965d3ba00|[RPC][JSONRPC][initMethod],method=getBlockNumber
info|2026-02-06 15:24:16.450356|fisco-bcos-0x000079c965d3ba00|[RPC][JSONRPC][initMethod],method=getSealerList
info|2026-02-06 15:24:16.450414|fisco-bcos-0x000079c965d3ba00|[RPC][JSONRPC][initMethod],method=getTransactionReceipt
info|2026-02-06 15:24:16.450618|fisco-bcos-0x000079c965d3ba00|[RPC][JSONRPC][initMethod],method=sendTransaction
info|2026-02-06 15:24:16.450638|fisco-bcos-0x000079c965d3ba00|[RPC][JSONRPC][initMethod],method=call
info|2026-02-06 15:24:16.450648|fisco-bcos-0x000079c965d3ba00|[RPC][JSONRPC][initMethod],method=getABI
info|2026-02-06 15:24:16.450655|fisco-bcos-0x000079c965d3ba00|[RPC][JSONRPC][initMethod],method=newBlockFilter
info|2026-02-06 15:24:16.450677|fisco-bcos-0x000079c965d3ba00|[RPC][JSONRPC][initMethod],method=getCode
info|2026-02-06 15:24:16.450685|fisco-bcos-0x000079c965d3ba00|[RPC][JSONRPC][initMethod],method=uninstallFilter
info|2026-02-06 15:24:16.450694|fisco-bcos-0x000079c965d3ba00|[RPC][JSONRPC][initMethod],method=getPendingTxSize
info|2026-02-06 15:24:16.450702|fisco-bcos-0x000079c965d3ba00|[RPC][JSONRPC][initMethod],method=getSyncStatus
info|2026-02-06 15:24:16.450832|fisco-bcos-0x000079c965d3ba00|[RPC][JSONRPC][initMethod],method=getTransaction
info|2026-02-06 15:24:16.450982|fisco-bcos-0x000079c965d3ba00|[RPC][JSONRPC][initMethod],method=getConsensusStatus
info|2026-02-06 15:24:16.450992|fisco-bcos-0x000079c965d3ba00|[RPC][JSONRPC][initMethod],method=getGroupPeers
info|2026-02-06 15:24:16.450995|fisco-bcos-0x000079c965d3ba00|[RPC][JSONRPC][initMethod],method=newFilter
info|2026-02-06 15:24:16.450999|fisco-bcos-0x000079c965d3ba00|[RPC][JSONRPC][initMethod],method=getGroupList
info|2026-02-06 15:24:16.451001|fisco-bcos-0x000079c965d3ba00|[RPC][JSONRPC][initMethod],method=getBlockByHash
info|2026-02-06 15:24:16.451028|fisco-bcos-0x000079c965d3ba00|[RPC][JSONRPC][initMethod],method=getPbftView
info|2026-02-06 15:24:16.451036|fisco-bcos-0x000079c965d3ba00|[RPC][JSONRPC][initMethod],method=newPendingTransactionFilter
info|2026-02-06 15:24:16.451040|fisco-bcos-0x000079c965d3ba00|[RPC][JSONRPC][initMethod],method=getFilterLogs
info|2026-02-06 15:24:16.451043|fisco-bcos-0x000079c965d3ba00|[RPC][JSONRPC][initMethod],method=getFilterChanges
info|2026-02-06 15:24:16.451078|fisco-bcos-0x000079c965d3ba00|[RPC][JSONRPC][initMethod],method=getGroupInfoList
info|2026-02-06 15:24:16.451083|fisco-bcos-0x000079c965d3ba00|[RPC][JSONRPC][initMethod],method=getBlockByNumber
info|2026-02-06 15:24:16.451088|fisco-bcos-0x000079c965d3ba00|[RPC][JSONRPC][initMethod],method=getTotalTransactionCount
info|2026-02-06 15:24:16.451091|fisco-bcos-0x000079c965d3ba00|[RPC][JSONRPC][initMethod],method=getGroupInfo
info|2026-02-06 15:24:16.451095|fisco-bcos-0x000079c965d3ba00|[RPC][JSONRPC][initMethod],method=getGroupNodeInfo
info|2026-02-06 15:24:16.451100|fisco-bcos-0x000079c965d3ba00|[RPC][JSONRPC][initMethod],size=32
info|2026-02-06 15:24:16.451123|fisco-bcos-0x000079c965d3ba00|[RPC]create event sub obj
info|2026-02-06 15:24:16.451147|fisco-bcos-0x000079c965d3ba00|[GROUP]initNodeInfo,group=group0,nodeName=localNode
info|2026-02-06 15:24:16.451288|fisco-bcos-0x000079c965d3ba00|[GROUP]initNodeInfo success,group=group0,nodeName=localNode,number=25
info|2026-02-06 15:24:16.451355|fisco-bcos-0x000079c965d3ba00|[INITIALIZER][METRIC],binaryVersion=3.11.0,buildTime=20240827 04:30:34,buildType=Release,platform=Linux/g++,gitBranch=HEAD,commitHash=3fea676716990b2ed453b4f079915daafff451f9
info|2026-02-06 15:24:16.451583|fisco-bcos-0x000079c965d3ba00|[INITIALIZER]Start the txpool
info|2026-02-06 15:24:16.451634|fisco-bcos-0x000079c965d3ba00|[TXPOOL]Start the txpool.
info|2026-02-06 15:24:16.451645|fisco-bcos-0x000079c965d3ba00|[BLOCK SYNC]enableAsMaster:true
info|2026-02-06 15:24:16.451656|fisco-bcos-0x000079c965d3ba00|[Gateway][Router]insertNode,groupID=group0,minVersion=0,maxVersion=2,nodeID=0d6a7f52cb87ce7fda869e0db309ec9c53723c46f81632c21e4abbf1a9159f14d53f37cc0c4141548da9ec877d6235afd7a501c40d296fc4c5252a8717aa23c2,nodeType=CONSENSUS_NODE
info|2026-02-06 15:24:16.451693|fisco-bcos-0x000079c965d3ba00|[INITIALIZER]registerNode,group=group0,node=0d6a7f52cb87ce7fda869e0db309ec9c53723c46f81632c21e4abbf1a9159f14d53f37cc0c4141548da9ec877d6235afd7a501c40d296fc4c5252a8717aa23c2,type=CONSENSUS_NODE
info|2026-02-06 15:24:16.451705|fisco-bcos-0x000079c965d3ba00|[BLOCK SYNC]start fetch the ledger config for block sync module
info|2026-02-06 15:24:16.451748|fisco-bcos-0x000079c965d3ba00|[TOOL]LedgerConfigFetcher: fetchBlockNumber success,blockNumber=25
info|2026-02-06 15:24:16.451846|fisco-bcos-0x000079c965d3ba00|[TOOL]LedgerConfigFetcher: fetchBlockHash success,blockNumber=25,hash=4c5ef02f...
info|2026-02-06 15:24:16.451896|fisco-bcos-0x000079c965d3ba00|[TOOL]fetchCompatibilityVersion
info|2026-02-06 15:24:16.451978|fisco-bcos-0x000079c965d3ba00|[TOOL]fetchCompatibilityVersion success,version=3.11.0,versionNumber=51052544,minSupportedVersion=3.0.0-rc4,maxSupportedVersion=3.11.0
info|2026-02-06 15:24:16.452491|fisco-bcos-0x000079c965d3ba00|[TOOL]fetchSystemConfig failed, use default value,code=3008,msg=Entry: feature_dmc2serial does not exists!,key=feature_dmc2serial,defaultValue=0
info|2026-02-06 15:24:16.452528|fisco-bcos-0x000079c965d3ba00|[TOOL]fetchSystemConfig failed, use default value,code=3008,msg=Entry: feature_sharding does not exists!,key=feature_sharding,defaultValue=0
info|2026-02-06 15:24:16.452560|fisco-bcos-0x000079c965d3ba00|[TOOL]fetchSystemConfig failed, use default value,code=3008,msg=Entry: feature_rpbft does not exists!,key=feature_rpbft,defaultValue=0
info|2026-02-06 15:24:16.452701|fisco-bcos-0x000079c965d3ba00|[TOOL]fetchSystemConfig failed, use default value,code=3008,msg=Entry: feature_paillier does not exists!,key=feature_paillier,defaultValue=0
info|2026-02-06 15:24:16.452756|fisco-bcos-0x000079c965d3ba00|[TOOL]fetchSystemConfig failed, use default value,code=3008,msg=Entry: feature_balance does not exists!,key=feature_balance,defaultValue=0
info|2026-02-06 15:24:16.452790|fisco-bcos-0x000079c965d3ba00|[TOOL]fetchSystemConfig failed, use default value,code=3008,msg=Entry: feature_balance_precompiled does not exists!,key=feature_balance_precompiled,defaultValue=0
info|2026-02-06 15:24:16.452817|fisco-bcos-0x000079c965d3ba00|[TOOL]fetchSystemConfig failed, use default value,code=3008,msg=Entry: feature_balance_policy1 does not exists!,key=feature_balance_policy1,defaultValue=0
info|2026-02-06 15:24:16.452847|fisco-bcos-0x000079c965d3ba00|[TOOL]fetchSystemConfig failed, use default value,code=3008,msg=Entry: feature_paillier_add_raw does not exists!,key=feature_paillier_add_raw,defaultValue=0
info|2026-02-06 15:24:16.452873|fisco-bcos-0x000079c965d3ba00|[TOOL]fetchSystemConfig failed, use default value,code=3008,msg=Entry: feature_evm_cancun does not exists!,key=feature_evm_cancun,defaultValue=0
info|2026-02-06 15:24:16.452939|fisco-bcos-0x000079c965d3ba00|[TOOL]fetchConsensusNodeList success,size=4
info|2026-02-06 15:24:16.452972|fisco-bcos-0x000079c965d3ba00|[TOOL]fetchObserverNodeList success,size=0
info|2026-02-06 15:24:16.453008|fisco-bcos-0x000079c965d3ba00|[TOOL]fetchCandidateSealerList success,size=0
info|2026-02-06 15:24:16.453033|fisco-bcos-0x000079c965d3ba00|[TOOL]fetchGenesisHash success,genesisHash=25d20f1c...
info|2026-02-06 15:24:16.453040|fisco-bcos-0x000079c965d3ba00|[BLOCK SYNC]fetch the ledger config for block sync module success,number=25,latestHash=4c5ef02f...,genesisHash=25d20f1c7ba5c73a1e512bbabf583992a464d04d9c35a44e10d8c6c8f07c9983
info|2026-02-06 15:24:16.453051|fisco-bcos-0x000079c965d3ba00|[BLOCK SYNC]init block sync success
info|2026-02-06 15:24:16.453062|fisco-bcos-0x000079c965d3ba00|[CONSENSUS][PBFT]enableAsMasterNode: clearAllCache for the node switch into backup node
info|2026-02-06 15:24:16.453069|fisco-bcos-0x000079c965d3ba00|[CONSENSUS][PBFT]enableAsMasterNode: true
info|2026-02-06 15:24:16.453082|fisco-bcos-0x000079c965d3ba00|[INITIALIZER]Election versionInfoNotification success,version=51052544
info|2026-02-06 15:24:16.453088|fisco-bcos-0x000079c965d3ba00|[CONSENSUS][PBFT]enableAsMasterNode: init and start the consensus module
info|2026-02-06 15:24:16.453094|fisco-bcos-0x000079c965d3ba00|[CONSENSUS][PBFT]asyncResetTxPool when startup
info|2026-02-06 15:24:16.453148|fisco-bcos-0x000079c965d3ba00|[TXPOOL]asyncResetTxPool,txsSize=0
info|2026-02-06 15:24:16.453155|fisco-bcos-0x000079c965d3ba00|[CONSENSUS][PBFT]fetchAndUpdateLedgerConfig
info|2026-02-06 15:24:16.453184|fisco-bcos-0x000079c965d3ba00|[TOOL]LedgerConfigFetcher: fetchBlockNumber success,blockNumber=25
info|2026-02-06 15:24:16.453208|fisco-bcos-0x000079c965d3ba00|[TOOL]LedgerConfigFetcher: fetchBlockHash success,blockNumber=25,hash=4c5ef02f...
info|2026-02-06 15:24:16.453214|fisco-bcos-0x000079c965d3ba00|[TOOL]fetchCompatibilityVersion
info|2026-02-06 15:24:16.453258|fisco-bcos-0x000079c965d3ba00|[TOOL]fetchCompatibilityVersion success,version=3.11.0,versionNumber=51052544,minSupportedVersion=3.0.0-rc4,maxSupportedVersion=3.11.0
info|2026-02-06 15:24:16.453901|fisco-bcos-0x000079c965d3ba00|[TOOL]fetchSystemConfig failed, use default value,code=3008,msg=Entry: feature_dmc2serial does not exists!,key=feature_dmc2serial,defaultValue=0
info|2026-02-06 15:24:16.453943|fisco-bcos-0x000079c965d3ba00|[TOOL]fetchSystemConfig failed, use default value,code=3008,msg=Entry: feature_sharding does not exists!,key=feature_sharding,defaultValue=0
info|2026-02-06 15:24:16.453985|fisco-bcos-0x000079c965d3ba00|[TOOL]fetchSystemConfig failed, use default value,code=3008,msg=Entry: feature_rpbft does not exists!,key=feature_rpbft,defaultValue=0
info|2026-02-06 15:24:16.454030|fisco-bcos-0x000079c965d3ba00|[TOOL]fetchSystemConfig failed, use default value,code=3008,msg=Entry: feature_paillier does not exists!,key=feature_paillier,defaultValue=0
info|2026-02-06 15:24:16.454059|fisco-bcos-0x000079c965d3ba00|[TOOL]fetchSystemConfig failed, use default value,code=3008,msg=Entry: feature_balance does not exists!,key=feature_balance,defaultValue=0
info|2026-02-06 15:24:16.454094|fisco-bcos-0x000079c965d3ba00|[TOOL]fetchSystemConfig failed, use default value,code=3008,msg=Entry: feature_balance_precompiled does not exists!,key=feature_balance_precompiled,defaultValue=0
info|2026-02-06 15:24:16.454125|fisco-bcos-0x000079c965d3ba00|[TOOL]fetchSystemConfig failed, use default value,code=3008,msg=Entry: feature_balance_policy1 does not exists!,key=feature_balance_policy1,defaultValue=0
info|2026-02-06 15:24:16.454153|fisco-bcos-0x000079c965d3ba00|[TOOL]fetchSystemConfig failed, use default value,code=3008,msg=Entry: feature_paillier_add_raw does not exists!,key=feature_paillier_add_raw,defaultValue=0
info|2026-02-06 15:24:16.454179|fisco-bcos-0x000079c965d3ba00|[TOOL]fetchSystemConfig failed, use default value,code=3008,msg=Entry: feature_evm_cancun does not exists!,key=feature_evm_cancun,defaultValue=0
info|2026-02-06 15:24:16.454234|fisco-bcos-0x000079c965d3ba00|[TOOL]fetchConsensusNodeList success,size=4
info|2026-02-06 15:24:16.454646|fisco-bcos-0x000079c965d3ba00|[TOOL]fetchObserverNodeList success,size=0
info|2026-02-06 15:24:16.454995|fisco-bcos-0x000079c965d3ba00|[TOOL]fetchCandidateSealerList success,size=0
info|2026-02-06 15:24:16.455100|fisco-bcos-0x000079c965d3ba00|[TOOL]fetchBlockTxCountLimit success,value=1000
info|2026-02-06 15:24:16.455119|fisco-bcos-0x000079c965d3ba00|[TOOL]fetchGenesisHash success,genesisHash=25d20f1c...
info|2026-02-06 15:24:16.455143|fisco-bcos-0x000079c965d3ba00|[TOOL]fetchConsensusLeaderPeriod success,value=1
info|2026-02-06 15:24:16.455168|fisco-bcos-0x000079c965d3ba00|[TOOL]fetchAuthCheckStatus success,value=0
info|2026-02-06 15:24:16.455196|fisco-bcos-0x000079c965d3ba00|[TOOL]fetchSystemConfig failed, use default value,code=3008,msg=Entry: feature_rpbft_epoch_sealer_num does not exists!,key=feature_rpbft_epoch_sealer_num,defaultValue=4
info|2026-02-06 15:24:16.455208|fisco-bcos-0x000079c965d3ba00|[TOOL]fetchEpochSealerNum success,value=4
info|2026-02-06 15:24:16.455230|fisco-bcos-0x000079c965d3ba00|[TOOL]fetchSystemConfig failed, use default value,code=3008,msg=Entry: feature_rpbft_epoch_block_num does not exists!,key=feature_rpbft_epoch_block_num,defaultValue=1000
info|2026-02-06 15:24:16.455236|fisco-bcos-0x000079c965d3ba00|[TOOL]fetchEpochBlockNum success,value=1000
info|2026-02-06 15:24:16.455253|fisco-bcos-0x000079c965d3ba00|[TOOL]fetchSystemConfig failed, use default value,code=3008,msg=Entry: feature_rpbft_notify_rotate does not exists!,key=feature_rpbft_notify_rotate,defaultValue=0
info|2026-02-06 15:24:16.455259|fisco-bcos-0x000079c965d3ba00|[TOOL]fetchNotifyRotateFlagInfo success,value=0
info|2026-02-06 15:24:16.455264|fisco-bcos-0x000079c965d3ba00|[CONSENSUS][PBFT]fetchAndUpdateLedgerConfig success,blockNumber=25,hash=4c5ef02f...,maxTxsPerBlock=1000,consensusNodeList=4
info|2026-02-06 15:24:16.455272|fisco-bcos-0x000079c965d3ba00|[CONSENSUS][PBFT]init PBFT success
info|2026-02-06 15:24:16.455276|fisco-bcos-0x000079c965d3ba00|[CONSENSUS][PBFT]fetch PBFT state
info|2026-02-06 15:24:16.455358|fisco-bcos-0x000079c965d3ba00|[CONSENSUS][PBFT][STORAGE]asyncGetLatestCommittedProposalIndex,latestCommittedProposalIndex=25
info|2026-02-06 15:24:16.455400|fisco-bcos-0x000079c965d3ba00|[CONSENSUS][PBFT][STORAGE]no need to fetch committed proposal,maxCommittedProposal=25,stableCheckPoint=25
info|2026-02-06 15:24:16.455415|fisco-bcos-0x000079c965d3ba00|[CONSENSUS][PBFT]restart the consensus module
info|2026-02-06 15:24:16.455424|fisco-bcos-0x000079c965d3ba00|[INITIALIZER]Election versionInfoNotification success,version=51052544
info|2026-02-06 15:24:16.455446|fisco-bcos-0x000079c965d3ba00|[CONSENSUS][PBFT]notify the committed proposal index to the sync module success,index=25
info|2026-02-06 15:24:16.455574|fisco-bcos-0x000079c965d3ba00|[CONSENSUS][PBFT]broadcastViewChangeReq,reqHash=4c5ef02f...,reqIndex=25,reqV=1,fromIdx=0,wait(ms)=0,packetSize=158
info|2026-02-06 15:24:16.455621|fisco-bcos-0x000079c965d3ba00|[CONSENSUS][PBFT]addViewChangeReq,reqHash=4c5ef02f...,reqIndex=25,reqV=1,fromIdx=0,wait(ms)=0,weight=1,maxCommittedIndex=25,maxPrecommitIndex=0 preparedProposalInfo: ,committedIndex=25,consNum=26,committedHash=4c5ef02f...,view=0,toView=1,changeCycle=0,expectedCheckPoint=26,Idx=0,unsealedTxs=0,sealUntil=0,waitResealUntil=0,consensusTimeout=3000,nodeId=0d6a7f52...
info|2026-02-06 15:24:16.455651|fisco-bcos-0x000079c965d3ba00|[CONSENSUS][SEALER]start the sealer
info|2026-02-06 15:24:16.456458|fisco-bcos-0x000079c965d3ba00|[BLOCK SYNC]Start BlockSync
info|2026-02-06 15:24:16.456506|fisco-bcos-0x000079c965d3ba00|[CONSENSUS][Core]Start the consensusEngine
info|2026-02-06 15:24:16.456771|fisco-bcos-0x000079c965d3ba00|[CONSENSUS][PBFT]notify the committed proposal index to the sync module success,index=25
info|2026-02-06 15:24:16.456907|fisco-bcos-0x000079c965d3ba00|[CONSENSUS][PBFT]broadcastViewChangeReq,reqHash=4c5ef02f...,reqIndex=25,reqV=2,fromIdx=0,wait(ms)=0,packetSize=158
info|2026-02-06 15:24:16.456931|fisco-bcos-0x000079c965d3ba00|[CONSENSUS][PBFT]addViewChangeReq,reqHash=4c5ef02f...,reqIndex=25,reqV=2,fromIdx=0,wait(ms)=0,weight=1,maxCommittedIndex=25,maxPrecommitIndex=0 preparedProposalInfo: ,committedIndex=25,consNum=26,committedHash=4c5ef02f...,view=0,toView=2,changeCycle=0,expectedCheckPoint=26,Idx=0,unsealedTxs=0,sealUntil=0,waitResealUntil=0,consensusTimeout=3000,nodeId=0d6a7f52...
info|2026-02-06 15:24:16.456949|fisco-bcos-0x000079c965d3ba00|[CONSENSUS][PBFT]Start the PBFT module.
info|2026-02-06 15:24:16.456953|fisco-bcos-0x000079c965d3ba00|[FRONTSERVICE]Start the front service
info|2026-02-06 15:24:16.456961|fisco-bcos-0x000079c965d3ba00|[FrontService][start]asyncGetGroupNodeInfo callback,node size=1
info|2026-02-06 15:24:16.456970|fisco-bcos-0x000079c965d3ba00|[FrontService]protocolNegotiate success,nodeID=0d6a7f52cb87ce7fda869e0db309ec9c53723c46f81632c21e4abbf1a9159f14d53f37cc0c4141548da9ec877d6235afd7a501c40d296fc4c5252a8717aa23c2,groupID=group0,minVersion=0,maxVersion=2,supportedMinVersion=0,supportedMaxVersion=2,version=2
info|2026-02-06 15:24:16.456977|fisco-bcos-0x000079c965d3ba00|[FrontService]onReceiveGroupNodeInfo,groupID=group0,nodeIDs.size()=1
info|2026-02-06 15:24:16.457106|fisco-bcos-0x000079c965d3ba00|[FrontService]start,nodeID=0d6a7f52cb87ce7fda869e0db309ec9c53723c46f81632c21e4abbf1a9159f14d53f37cc0c4141548da9ec877d6235afd7a501c40d296fc4c5252a8717aa23c2,groupID=group0
info|2026-02-06 15:24:16.457114|fisco-bcos-0x000079c965d3ba00|[FrontService]register module,count=13
info|2026-02-06 15:24:16.457118|fisco-bcos-0x000079c965d3ba00|[FrontService]register module,moduleID=4005
info|2026-02-06 15:24:16.457124|fisco-bcos-0x000079c965d3ba00|[FrontService]register module,moduleID=4006
info|2026-02-06 15:24:16.457127|fisco-bcos-0x000079c965d3ba00|[FrontService]register module,moduleID=4001
info|2026-02-06 15:24:16.457130|fisco-bcos-0x000079c965d3ba00|[FrontService]register module,moduleID=4000
info|2026-02-06 15:24:16.457134|fisco-bcos-0x000079c965d3ba00|[FrontService]register module,moduleID=6000
info|2026-02-06 15:24:16.457136|fisco-bcos-0x000079c965d3ba00|[FrontService]register module,moduleID=5000
info|2026-02-06 15:24:16.457208|fisco-bcos-0x000079c9355ff6c0|SyncConfig: setConnectedNodeList,size=1
info|2026-02-06 15:24:16.457327|fisco-bcos-0x000079c9355ff6c0|SyncConfig: setConnectedNodeList,size=1
info|2026-02-06 15:24:16.457338|fisco-bcos-0x000079c9355ff6c0|[FRONTSERVICE]notifyGroupNodeInfo,connectedNodeSize=1
info|2026-02-06 15:24:16.457386|fisco-bcos-0x000079c965d3ba00|[FrontService]register module,moduleID=4002
info|2026-02-06 15:24:16.457419|fisco-bcos-0x000079c965d3ba00|[FrontService]register module,moduleID=2000
info|2026-02-06 15:24:16.457428|fisco-bcos-0x000079c965d3ba00|[FrontService]register module,moduleID=4004
info|2026-02-06 15:24:16.457436|fisco-bcos-0x000079c965d3ba00|[FrontService]register module,moduleID=2002
info|2026-02-06 15:24:16.457534|fisco-bcos-0x000079c965d3ba00|[FrontService]register module,moduleID=4003
info|2026-02-06 15:24:16.457549|fisco-bcos-0x000079c965d3ba00|[FrontService]register module,moduleID=2001
info|2026-02-06 15:24:16.457558|fisco-bcos-0x000079c965d3ba00|[FrontService]register module,moduleID=1000
info|2026-02-06 15:24:16.457715|fisco-bcos-0x000079c965d3ba00|[NETWORK][Host]P2P StartAccept,Host=0.0.0.0:30302
info|2026-02-06 15:24:16.458254|fisco-bcos-0x000079c934ffe6c0|[TIMESYNC]updateTimeInfo: update median time offset,updatedMedianTimeOffset=0,peer=0d6a7f52...,peerTime=1770362656456,peerOffset=-2,utcTime=1770362656458
info|2026-02-06 15:24:16.461439|fisco-bcos-0x000079c965d3ba00|[NETWORK][Host]Connecting to node,endpoint=127.0.0.1:30300
info|2026-02-06 15:24:16.461677|fisco-bcos-0x000079c965d3ba00|[NETWORK][Host]Connecting to node,endpoint=127.0.0.1:30301
info|2026-02-06 15:24:16.461995|ioService-0x000079c92cbf96c0|[NETWORK][Host]P2P Recv Connect, From=127.0.0.1:35572
info|2026-02-06 15:24:16.462148|fisco-bcos-0x000079c965d3ba00|[NETWORK][Host]Connecting to node,endpoint=127.0.0.1:30302
info|2026-02-06 15:24:16.462250|ioService-0x000079c92cbf96c0|[NETWORK][Host]P2P StartAccept,Host=0.0.0.0:30302
info|2026-02-06 15:24:16.462750|fisco-bcos-0x000079c965d3ba00|[NETWORK][Host]Connecting to node,endpoint=127.0.0.1:30303
info|2026-02-06 15:24:16.462937|ioService-0x000079c92d7f96c0|[ASIO][ASIO]asyncResolveConnect,endpoint=127.0.0.1:30300
info|2026-02-06 15:24:16.463140|ioService-0x000079c92d7f96c0|[ASIO][ASIO]asyncResolveConnect,endpoint=127.0.0.1:30301
info|2026-02-06 15:24:16.463236|ioService-0x000079c92d7f96c0|[ASIO][ASIO]asyncResolveConnect,endpoint=127.0.0.1:30302
info|2026-02-06 15:24:16.463268|fisco-bcos-0x000079c965d3ba00|[P2PService][Service][METRIC]heartBeat,connected count=0
info|2026-02-06 15:24:16.463288|ioService-0x000079c92cbf96c0|[NETWORK][Host]P2P Recv Connect, From=127.0.0.1:35576
info|2026-02-06 15:24:16.463749|fisco-bcos-0x000079c965d3ba00|[Gateway][Gateway]start end.
info|2026-02-06 15:24:16.463770|ioService-0x000079c92cbf96c0|[NETWORK][Host]P2P StartAccept,Host=0.0.0.0:30302
info|2026-02-06 15:24:16.464310|ioService-0x000079c92d7f96c0|[ASIO][ASIO]asyncResolveConnect,endpoint=127.0.0.1:30303
info|2026-02-06 15:24:16.464360|fisco-bcos-0x000079c965d3ba00|[EVENT][SUB][start]start event sub successfully
info|2026-02-06 15:24:16.464392|fisco-bcos-0x000079c965d3ba00|[startThread]start the timer thread
info|2026-02-06 15:24:16.465765|ioService-0x000079c92cbf96c0|[NETWORK][Host]P2P Recv Connect, From=127.0.0.1:35580
info|2026-02-06 15:24:16.465558|timerFactory-0x000079c91cfff6c0|[startThread]the timer thread start,threadName=timerFactory
info|2026-02-06 15:24:16.465928|ioService-0x000079c92cbf96c0|[NETWORK][Host]P2P StartAccept,Host=0.0.0.0:30302
info|2026-02-06 15:24:16.468391|fisco-bcos-0x000079c965d3ba00|[DEFAULT][HTTP][SERVER][startListen],listenIP=0.0.0.0,listenPort=20202
info|2026-02-06 15:24:16.468557|fisco-bcos-0x000079c965d3ba00|[DEFAULT][HTTP][SERVER][startListen],ip=0.0.0.0,port=20202
info|2026-02-06 15:24:16.468606|fisco-bcos-0x000079c965d3ba00|[RPC][WS][SERVICE]connected nodes,count=0
info|2026-02-06 15:24:16.468616|fisco-bcos-0x000079c965d3ba00|[RPC][WS][SERVICE][start]start websocket service successfully,model=16,max msg size=33554432
info|2026-02-06 15:24:16.468629|fisco-bcos-0x000079c965d3ba00|[RPC]start rpc successfully
info|2026-02-06 15:24:16.469152|ioService-0x000079c9285fe6c0|[Gateway][Factory][NEW]SSLContext pubHex: 3082010a0282010100a9ba081864ed1c68f5b81b4fa31a3cb4c81583e0e7c5eec4d7249ecd7d2c8f901393580ca25747abc4e01775b9ff41392cf15074a577cc078f4b07f3152faa0dfe540c63b8de93fbc3afe02564592e274c9c1a76bb0cc8c4692d9404f8e0b7b5440bd66d6e70c33a6d35aca5767a88332fd7853571427789bb25413b734abc293a58791b28aece40a8f74238c2f8b0d32bbbb5f020cfd72ad86d4fb6f1904605a5f43f0f58ed4c826346ad1b71ddac3a15040d6cd21f31f9044b82e690f91329d956b39005f4ab421029ebe499a3fe7179586deded25784665d8949c4db5defd0cbbaf2f27221f3d59e7314f4374086dceea8903a6aedc17d8ca5c7ec4b03fef0203010001
info|2026-02-06 15:24:16.469227|ioService-0x000079c9285fe6c0|[NETWORK][Host]Get ca basic failed
info|2026-02-06 15:24:16.469340|ioService-0x000079c9285fe6c0|[Gateway][Factory][NEW]SSLContext pubHex: 3082010a0282010100b85dd5fdfbc4aa99dcef8477a2e1c08c304a63432923826f81b3d0d7d13e79a6ec265462b2f59e76106f8bad7efb849227798aaf7c20a2197e9a95a8ffbbc07f5ccb44d04e995013b9afd04bb77fb7dbfa0f13bd2d404980eae43fc147332e1542ee2d2e973596187bb8ad4dc63b0165052688b1f7fc4a2a8ccb020a55db8ee7b9a45bb901b1c03d94727648a8ec10bfbc854175981345d56f4c783b0211d91f0775e508d8b379b56935777d255f59b63fadc24b43862671f5cbe0d00fcfff7138124c8293f91740a0e0732346eeee748a42f65ddb81da461fce3e76ea6ff452913b80eb5b1dba016f7d4d94f66337cc6bea7a066b8277637aef12c2eba11da10203010001
info|2026-02-06 15:24:16.469380|ioService-0x000079c9285fe6c0|[Gateway][Factory][NEW]SSLContext pubHex: B85DD5FDFBC4AA99DCEF8477A2E1C08C304A63432923826F81B3D0D7D13E79A6EC265462B2F59E76106F8BAD7EFB849227798AAF7C20A2197E9A95A8FFBBC07F5CCB44D04E995013B9AFD04BB77FB7DBFA0F13BD2D404980EAE43FC147332E1542EE2D2E973596187BB8AD4DC63B0165052688B1F7FC4A2A8CCB020A55DB8EE7B9A45BB901B1C03D94727648A8EC10BFBC854175981345D56F4C783B0211D91F0775E508D8B379B56935777D255F59B63FADC24B43862671F5CBE0D00FCFFF7138124C8293F91740A0E0732346EEEE748A42F65DDB81DA461FCE3E76EA6FF452913B80EB5B1DBA016F7D4D94F66337CC6BEA7A066B8277637AEF12C2EBA11DA1
info|2026-02-06 15:24:16.470593|ioService-0x000079c92bdf76c0|[Gateway][Factory][NEW]SSLContext pubHex: 3082010a0282010100a9ba081864ed1c68f5b81b4fa31a3cb4c81583e0e7c5eec4d7249ecd7d2c8f901393580ca25747abc4e01775b9ff41392cf15074a577cc078f4b07f3152faa0dfe540c63b8de93fbc3afe02564592e274c9c1a76bb0cc8c4692d9404f8e0b7b5440bd66d6e70c33a6d35aca5767a88332fd7853571427789bb25413b734abc293a58791b28aece40a8f74238c2f8b0d32bbbb5f020cfd72ad86d4fb6f1904605a5f43f0f58ed4c826346ad1b71ddac3a15040d6cd21f31f9044b82e690f91329d956b39005f4ab421029ebe499a3fe7179586deded25784665d8949c4db5defd0cbbaf2f27221f3d59e7314f4374086dceea8903a6aedc17d8ca5c7ec4b03fef0203010001
info|2026-02-06 15:24:16.470647|ioService-0x000079c92bdf76c0|[NETWORK][Host]Get ca basic failed
info|2026-02-06 15:24:16.470751|ioService-0x000079c92bdf76c0|[Gateway][Factory][NEW]SSLContext pubHex: 3082010a0282010100b85dd5fdfbc4aa99dcef8477a2e1c08c304a63432923826f81b3d0d7d13e79a6ec265462b2f59e76106f8bad7efb849227798aaf7c20a2197e9a95a8ffbbc07f5ccb44d04e995013b9afd04bb77fb7dbfa0f13bd2d404980eae43fc147332e1542ee2d2e973596187bb8ad4dc63b0165052688b1f7fc4a2a8ccb020a55db8ee7b9a45bb901b1c03d94727648a8ec10bfbc854175981345d56f4c783b0211d91f0775e508d8b379b56935777d255f59b63fadc24b43862671f5cbe0d00fcfff7138124c8293f91740a0e0732346eeee748a42f65ddb81da461fce3e76ea6ff452913b80eb5b1dba016f7d4d94f66337cc6bea7a066b8277637aef12c2eba11da10203010001
info|2026-02-06 15:24:16.470792|ioService-0x000079c92bdf76c0|[Gateway][Factory][NEW]SSLContext pubHex: B85DD5FDFBC4AA99DCEF8477A2E1C08C304A63432923826F81B3D0D7D13E79A6EC265462B2F59E76106F8BAD7EFB849227798AAF7C20A2197E9A95A8FFBBC07F5CCB44D04E995013B9AFD04BB77FB7DBFA0F13BD2D404980EAE43FC147332E1542EE2D2E973596187BB8AD4DC63B0165052688B1F7FC4A2A8CCB020A55DB8EE7B9A45BB901B1C03D94727648A8EC10BFBC854175981345D56F4C783B0211D91F0775E508D8B379B56935777D255F59B63FADC24B43862671F5CBE0D00FCFFF7138124C8293F91740A0E0732346EEEE748A42F65DDB81DA461FCE3E76EA6FF452913B80EB5B1DBA016F7D4D94F66337CC6BEA7A066B8277637AEF12C2EBA11DA1
info|2026-02-06 15:24:16.471223|ioService-0x000079c92bdf76c0|[NETWORK][Host]obtainP2pInfo ,node_info=3082010a0282010100b85dd5fdfbc4aa99dcef8477a2e1c08c304a63432923826f81b3d0d7d13e79a6ec265462b2f59e76106f8bad7efb849227798aaf7c20a2197e9a95a8ffbbc07f5ccb44d04e995013b9afd04bb77fb7dbfa0f13bd2d404980eae43fc147332e1542ee2d2e973596187bb8ad4dc63b0165052688b1f7fc4a2a8ccb020a55db8ee7b9a45bb901b1c03d94727648a8ec10bfbc854175981345d56f4c783b0211d91f0775e508d8b379b56935777d255f59b63fadc24b43862671f5cbe0d00fcfff7138124c8293f91740a0e0732346eeee748a42f65ddb81da461fce3e76ea6ff452913b80eb5b1dba016f7d4d94f66337cc6bea7a066b8277637aef12c2eba11da10203010001#B85DD5FDFBC4AA99DCEF8477A2E1C08C304A63432923826F81B3D0D7D13E79A6EC265462B2F59E76106F8BAD7EFB849227798AAF7C20A2197E9A95A8FFBBC07F5CCB44D04E995013B9AFD04BB77FB7DBFA0F13BD2D404980EAE43FC147332E1542EE2D2E973596187BB8AD4DC63B0165052688B1F7FC4A2A8CCB020A55DB8EE7B9A45BB901B1C03D94727648A8EC10BFBC854175981345D56F4C783B0211D91F0775E508D8B379B56935777D255F59B63FADC24B43862671F5CBE0D00FCFFF7138124C8293F91740A0E0732346EEEE748A42F65DDB81DA461FCE3E76EA6FF452913B80EB5B1DBA016F7D4D94F66337CC6BEA7A066B8277637AEF12C2EBA11DA1#/CN=FISCO-BCOS-e9f43089/O=FISCO-BCOS-e9f43089/OU=chain#/CN=FISCO-BCOS-e9f43089/O=fisco-bcos/OU=agency,p2pid=3082010a0282010100b85dd5fdfbc4aa99dcef8477a2e1c08c304a63432923826f81b3d0d7d13e79a6ec265462b2f59e76106f8bad7efb849227798aaf7c20a2197e9a95a8ffbbc07f5ccb44d04e995013b9afd04bb77fb7dbfa0f13bd2d404980eae43fc147332e1542ee2d2e973596187bb8ad4dc63b0165052688b1f7fc4a2a8ccb020a55db8ee7b9a45bb901b1c03d94727648a8ec10bfbc854175981345d56f4c783b0211d91f0775e508d8b379b56935777d255f59b63fadc24b43862671f5cbe0d00fcfff7138124c8293f91740a0e0732346eeee748a42f65ddb81da461fce3e76ea6ff452913b80eb5b1dba016f7d4d94f66337cc6bea7a066b8277637aef12c2eba11da10203010001
info|2026-02-06 15:24:16.471285|ioService-0x000079c92bdf76c0|[NETWORK][Host]handshakeServer succ,remote endpoint=127.0.0.1:35572,nodeid=3082010a0282010100b85dd5fdfbc4aa99dcef8477a2e1c08c304a63432923826f81b3d0d7d13e79a6ec265462b2f59e76106f8bad7efb849227798aaf7c20a2197e9a95a8ffbbc07f5ccb44d04e995013b9afd04bb77fb7dbfa0f13bd2d404980eae43fc147332e1542ee2d2e973596187bb8ad4dc63b0165052688b1f7fc4a2a8ccb020a55db8ee7b9a45bb901b1c03d94727648a8ec10bfbc854175981345d56f4c783b0211d91f0775e508d8b379b56935777d255f59b63fadc24b43862671f5cbe0d00fcfff7138124c8293f91740a0e0732346eeee748a42f65ddb81da461fce3e76ea6ff452913b80eb5b1dba016f7d4d94f66337cc6bea7a066b8277637aef12c2eba11da10203010001
info|2026-02-06 15:24:16.472054|ioService-0x000079c92bdf76c0|[SESSION][Session][Session::Session] this=0x79c91d064010,recvBufferSize=67108864
info|2026-02-06 15:24:16.472344|ioService-0x000079c92bdf76c0|[SessionFactory]create new session,sessionRecvBufferSize=67108864,allowMaxMsgSize=33554432,maxReadDataSize=40960,maxSendDataSize=1048576,maxSendMsgCountS=10,enableCompress=true
info|2026-02-06 15:24:16.472539|ioService-0x000079c92bdf76c0|[NETWORK][Host]startPeerSession, Remote=127.0.0.1:35572,local endpoint=127.0.0.1:30302,p2pid=3082010a0282010100b85dd5fdfbc4aa99dcef8477a2e1c08c304a63432923826f81b3d0d7d13e79a6ec265462b2f59e76106f8bad7efb849227798aaf7c20a2197e9a95a8ffbbc07f5ccb44d04e995013b9afd04bb77fb7dbfa0f13bd2d404980eae43fc147332e1542ee2d2e973596187bb8ad4dc63b0165052688b1f7fc4a2a8ccb020a55db8ee7b9a45bb901b1c03d94727648a8ec10bfbc854175981345d56f4c783b0211d91f0775e508d8b379b56935777d255f59b63fadc24b43862671f5cbe0d00fcfff7138124c8293f91740a0e0732346eeee748a42f65ddb81da461fce3e76ea6ff452913b80eb5b1dba016f7d4d94f66337cc6bea7a066b8277637aef12c2eba11da10203010001
info|2026-02-06 15:24:16.472694|fisco-bcos-0x000079c92dbfa6c0|[P2PService][Service]onConnect,p2pid=3082010a0282010100b85dd5fdfbc4aa99dcef8477a2e1c08c304a63432923826f81b3d0d7d13e79a6ec265462b2f59e76106f8bad7efb849227798aaf7c20a2197e9a95a8ffbbc07f5ccb44d04e995013b9afd04bb77fb7dbfa0f13bd2d404980eae43fc147332e1542ee2d2e973596187bb8ad4dc63b0165052688b1f7fc4a2a8ccb020a55db8ee7b9a45bb901b1c03d94727648a8ec10bfbc854175981345d56f4c783b0211d91f0775e508d8b379b56935777d255f59b63fadc24b43862671f5cbe0d00fcfff7138124c8293f91740a0e0732346eeee748a42f65ddb81da461fce3e76ea6ff452913b80eb5b1dba016f7d4d94f66337cc6bea7a066b8277637aef12c2eba11da10203010001,endpoint=127.0.0.1
info|2026-02-06 15:24:16.472789|fisco-bcos-0x000079c92dbfa6c0|[P2PService][P2PSession][P2PSession::P2PSession] this=0x79c91ee141d0
info|2026-02-06 15:24:16.472858|fisco-bcos-0x000079c92dbfa6c0|[SESSION][Session][start] start session ,this=0x79c91d064010
info|2026-02-06 15:24:16.472890|fisco-bcos-0x000079c92dbfa6c0|[P2PService][Service]asyncSendProtocol,payload=5,seq=5
info|2026-02-06 15:24:16.472908|fisco-bcos-0x000079c92dbfa6c0|[P2PService][Router][updateDstNodeEntry]insert new entry into the routerTable,distance=1,dst=3082010a0282010100b85dd5fdfbc4aa99dcef8477a2e1c08c304a63432923826f81b3d0d7d13e79a6ec265462b2f59e76106f8bad7efb849227798aaf7c20a2197e9a95a8ffbbc07f5ccb44d04e995013b9afd04bb77fb7dbfa0f13bd2d404980eae43fc147332e1542ee2d2e973596187bb8ad4dc63b0165052688b1f7fc4a2a8ccb020a55db8ee7b9a45bb901b1c03d94727648a8ec10bfbc854175981345d56f4c783b0211d91f0775e508d8b379b56935777d255f59b63fadc24b43862671f5cbe0d00fcfff7138124c8293f91740a0e0732346eeee748a42f65ddb81da461fce3e76ea6ff452913b80eb5b1dba016f7d4d94f66337cc6bea7a066b8277637aef12c2eba11da10203010001,nextHop=,size=1
info|2026-02-06 15:24:16.472924|ioService-0x000079c9285fe6c0|[NETWORK][Host]obtainP2pInfo ,node_info=3082010a0282010100b85dd5fdfbc4aa99dcef8477a2e1c08c304a63432923826f81b3d0d7d13e79a6ec265462b2f59e76106f8bad7efb849227798aaf7c20a2197e9a95a8ffbbc07f5ccb44d04e995013b9afd04bb77fb7dbfa0f13bd2d404980eae43fc147332e1542ee2d2e973596187bb8ad4dc63b0165052688b1f7fc4a2a8ccb020a55db8ee7b9a45bb901b1c03d94727648a8ec10bfbc854175981345d56f4c783b0211d91f0775e508d8b379b56935777d255f59b63fadc24b43862671f5cbe0d00fcfff7138124c8293f91740a0e0732346eeee748a42f65ddb81da461fce3e76ea6ff452913b80eb5b1dba016f7d4d94f66337cc6bea7a066b8277637aef12c2eba11da10203010001#B85DD5FDFBC4AA99DCEF8477A2E1C08C304A63432923826F81B3D0D7D13E79A6EC265462B2F59E76106F8BAD7EFB849227798AAF7C20A2197E9A95A8FFBBC07F5CCB44D04E995013B9AFD04BB77FB7DBFA0F13BD2D404980EAE43FC147332E1542EE2D2E973596187BB8AD4DC63B0165052688B1F7FC4A2A8CCB020A55DB8EE7B9A45BB901B1C03D94727648A8EC10BFBC854175981345D56F4C783B0211D91F0775E508D8B379B56935777D255F59B63FADC24B43862671F5CBE0D00FCFFF7138124C8293F91740A0E0732346EEEE748A42F65DDB81DA461FCE3E76EA6FF452913B80EB5B1DBA016F7D4D94F66337CC6BEA7A066B8277637AEF12C2EBA11DA1#/CN=FISCO-BCOS-e9f43089/O=FISCO-BCOS-e9f43089/OU=chain#/CN=FISCO-BCOS-e9f43089/O=fisco-bcos/OU=agency,p2pid=3082010a0282010100b85dd5fdfbc4aa99dcef8477a2e1c08c304a63432923826f81b3d0d7d13e79a6ec265462b2f59e76106f8bad7efb849227798aaf7c20a2197e9a95a8ffbbc07f5ccb44d04e995013b9afd04bb77fb7dbfa0f13bd2d404980eae43fc147332e1542ee2d2e973596187bb8ad4dc63b0165052688b1f7fc4a2a8ccb020a55db8ee7b9a45bb901b1c03d94727648a8ec10bfbc854175981345d56f4c783b0211d91f0775e508d8b379b56935777d255f59b63fadc24b43862671f5cbe0d00fcfff7138124c8293f91740a0e0732346eeee748a42f65ddb81da461fce3e76ea6ff452913b80eb5b1dba016f7d4d94f66337cc6bea7a066b8277637aef12c2eba11da10203010001
info|2026-02-06 15:24:16.472938|ioService-0x000079c9285fe6c0|[NETWORK][Host]handshakeClient succ,local endpoint=127.0.0.1:58974
info|2026-02-06 15:24:16.473019|fisco-bcos-0x000079c92dbfa6c0|[P2PService][Service2][onNewSession]update routerTable,dst=3082010a0282010100b85dd5fdfbc4aa99dcef8477a2e1c08c304a63432923826f81b3d0d7d13e79a6ec265462b2f59e76106f8bad7efb849227798aaf7c20a2197e9a95a8ffbbc07f5ccb44d04e995013b9afd04bb77fb7dbfa0f13bd2d404980eae43fc147332e1542ee2d2e973596187bb8ad4dc63b0165052688b1f7fc4a2a8ccb020a55db8ee7b9a45bb901b1c03d94727648a8ec10bfbc854175981345d56f4c783b0211d91f0775e508d8b379b56935777d255f59b63fadc24b43862671f5cbe0d00fcfff7138124c8293f91740a0e0732346eeee748a42f65ddb81da461fce3e76ea6ff452913b80eb5b1dba016f7d4d94f66337cc6bea7a066b8277637aef12c2eba11da10203010001
info|2026-02-06 15:24:16.473033|fisco-bcos-0x000079c92dbfa6c0|[P2PService][Service]Connection established,p2pid=3082010a0282010100b85dd5fdfbc4aa99dcef8477a2e1c08c304a63432923826f81b3d0d7d13e79a6ec265462b2f59e76106f8bad7efb849227798aaf7c20a2197e9a95a8ffbbc07f5ccb44d04e995013b9afd04bb77fb7dbfa0f13bd2d404980eae43fc147332e1542ee2d2e973596187bb8ad4dc63b0165052688b1f7fc4a2a8ccb020a55db8ee7b9a45bb901b1c03d94727648a8ec10bfbc854175981345d56f4c783b0211d91f0775e508d8b379b56935777d255f59b63fadc24b43862671f5cbe0d00fcfff7138124c8293f91740a0e0732346eeee748a42f65ddb81da461fce3e76ea6ff452913b80eb5b1dba016f7d4d94f66337cc6bea7a066b8277637aef12c2eba11da10203010001,endpoint=127.0.0.1:35572
info|2026-02-06 15:24:16.473562|ioService-0x000079c9285fe6c0|[SESSION][Session][Session::Session] this=0x79c927c86390,recvBufferSize=67108864
info|2026-02-06 15:24:16.473825|ioService-0x000079c9285fe6c0|[SessionFactory]create new session,sessionRecvBufferSize=67108864,allowMaxMsgSize=33554432,maxReadDataSize=40960,maxSendDataSize=1048576,maxSendMsgCountS=10,enableCompress=true
info|2026-02-06 15:24:16.474037|fisco-bcos-0x000079c93a7ff6c0|[P2PService][Service]onConnect,p2pid=3082010a0282010100b85dd5fdfbc4aa99dcef8477a2e1c08c304a63432923826f81b3d0d7d13e79a6ec265462b2f59e76106f8bad7efb849227798aaf7c20a2197e9a95a8ffbbc07f5ccb44d04e995013b9afd04bb77fb7dbfa0f13bd2d404980eae43fc147332e1542ee2d2e973596187bb8ad4dc63b0165052688b1f7fc4a2a8ccb020a55db8ee7b9a45bb901b1c03d94727648a8ec10bfbc854175981345d56f4c783b0211d91f0775e508d8b379b56935777d255f59b63fadc24b43862671f5cbe0d00fcfff7138124c8293f91740a0e0732346eeee748a42f65ddb81da461fce3e76ea6ff452913b80eb5b1dba016f7d4d94f66337cc6bea7a066b8277637aef12c2eba11da10203010001,endpoint=127.0.0.1
info|2026-02-06 15:24:16.474080|fisco-bcos-0x000079c93a7ff6c0|[P2PService][Service]Disconnect duplicate peer,p2pid=3082010a0282010100b85dd5fdfbc4aa99dcef8477a2e1c08c304a63432923826f81b3d0d7d13e79a6ec265462b2f59e76106f8bad7efb849227798aaf7c20a2197e9a95a8ffbbc07f5ccb44d04e995013b9afd04bb77fb7dbfa0f13bd2d404980eae43fc147332e1542ee2d2e973596187bb8ad4dc63b0165052688b1f7fc4a2a8ccb020a55db8ee7b9a45bb901b1c03d94727648a8ec10bfbc854175981345d56f4c783b0211d91f0775e508d8b379b56935777d255f59b63fadc24b43862671f5cbe0d00fcfff7138124c8293f91740a0e0732346eeee748a42f65ddb81da461fce3e76ea6ff452913b80eb5b1dba016f7d4d94f66337cc6bea7a066b8277637aef12c2eba11da10203010001
info|2026-02-06 15:24:16.474087|fisco-bcos-0x000079c93a7ff6c0|[P2PService][Service]updateStaticNodes,nodeid=3082010a0282010100b85dd5fdfbc4aa99dcef8477a2e1c08c304a63432923826f81b3d0d7d13e79a6ec265462b2f59e76106f8bad7efb849227798aaf7c20a2197e9a95a8ffbbc07f5ccb44d04e995013b9afd04bb77fb7dbfa0f13bd2d404980eae43fc147332e1542ee2d2e973596187bb8ad4dc63b0165052688b1f7fc4a2a8ccb020a55db8ee7b9a45bb901b1c03d94727648a8ec10bfbc854175981345d56f4c783b0211d91f0775e508d8b379b56935777d255f59b63fadc24b43862671f5cbe0d00fcfff7138124c8293f91740a0e0732346eeee748a42f65ddb81da461fce3e76ea6ff452913b80eb5b1dba016f7d4d94f66337cc6bea7a066b8277637aef12c2eba11da10203010001,endpoint=127.0.0.1:30303
info|2026-02-06 15:24:16.474098|fisco-bcos-0x000079c93a7ff6c0|[SESSION][Session][Session::~Session] this=0x79c927c86390
info|2026-02-06 15:24:16.474271|ioService-0x000079c92a9fe6c0|[Gateway][Factory][NEW]SSLContext pubHex: 3082010a0282010100a9ba081864ed1c68f5b81b4fa31a3cb4c81583e0e7c5eec4d7249ecd7d2c8f901393580ca25747abc4e01775b9ff41392cf15074a577cc078f4b07f3152faa0dfe540c63b8de93fbc3afe02564592e274c9c1a76bb0cc8c4692d9404f8e0b7b5440bd66d6e70c33a6d35aca5767a88332fd7853571427789bb25413b734abc293a58791b28aece40a8f74238c2f8b0d32bbbb5f020cfd72ad86d4fb6f1904605a5f43f0f58ed4c826346ad1b71ddac3a15040d6cd21f31f9044b82e690f91329d956b39005f4ab421029ebe499a3fe7179586deded25784665d8949c4db5defd0cbbaf2f27221f3d59e7314f4374086dceea8903a6aedc17d8ca5c7ec4b03fef0203010001
info|2026-02-06 15:24:16.474364|ioService-0x000079c9285fe6c0|[NETWORK][Host]startPeerSession, Remote=0.0.0.0:0,local endpoint=0.0.0.0:0,p2pid=3082010a0282010100b85dd5fdfbc4aa99dcef8477a2e1c08c304a63432923826f81b3d0d7d13e79a6ec265462b2f59e76106f8bad7efb849227798aaf7c20a2197e9a95a8ffbbc07f5ccb44d04e995013b9afd04bb77fb7dbfa0f13bd2d404980eae43fc147332e1542ee2d2e973596187bb8ad4dc63b0165052688b1f7fc4a2a8ccb020a55db8ee7b9a45bb901b1c03d94727648a8ec10bfbc854175981345d56f4c783b0211d91f0775e508d8b379b56935777d255f59b63fadc24b43862671f5cbe0d00fcfff7138124c8293f91740a0e0732346eeee748a42f65ddb81da461fce3e76ea6ff452913b80eb5b1dba016f7d4d94f66337cc6bea7a066b8277637aef12c2eba11da10203010001
info|2026-02-06 15:24:16.474415|ioService-0x000079c92a9fe6c0|[NETWORK][Host]Get ca basic failed
info|2026-02-06 15:24:16.474603|ioService-0x000079c92bdf76c0|[SESSION][Session]doRead error,endpoint=127.0.0.1:35572,message=stream truncated
info|2026-02-06 15:24:16.474636|ioService-0x000079c92a9fe6c0|[Gateway][Factory][NEW]SSLContext pubHex: 3082010a0282010100d938a7d0e5078fdc3bfe83bfe8c789160de4c9e207ff836ef8d64a0c846f5f628646fe9170bec49eec44aebb3f17334e76b1003dae65d6858a626d60a3ff3dbbff8cf15ca934ca0f7a09b9ae6c17c911bb2f6083cab81540e00a8d9b9393a3341b90dd134f4a2ec21f1d8c55c2df687896873a36661a862226614582077d41811bcb3e6632cbf1767f6189b76054e8186606ee5a2c73bffe1bd6c8fc415f481324f015045231d662173b6f7e814068dffd598ce9a6f4630744bb0aa80f9f74403f4c3da3ca856b40d043885cc1e7beac524853fafb01fb61c3023ab04047e29d50a5d4cd612fc9ae90e7832fde7d1dea0804dc16fff17500517be0bf5d28f4ab0203010001
info|2026-02-06 15:24:16.474656|ioService-0x000079c92bdf76c0|[SESSION][Session]drop, call and erase all callback in this session!,this=0x79c91d064010,endpoint=127.0.0.1:35572
info|2026-02-06 15:24:16.474669|ioService-0x000079c92a9fe6c0|[Gateway][Factory][NEW]SSLContext pubHex: D938A7D0E5078FDC3BFE83BFE8C789160DE4C9E207FF836EF8D64A0C846F5F628646FE9170BEC49EEC44AEBB3F17334E76B1003DAE65D6858A626D60A3FF3DBBFF8CF15CA934CA0F7A09B9AE6C17C911BB2F6083CAB81540E00A8D9B9393A3341B90DD134F4A2EC21F1D8C55C2DF687896873A36661A862226614582077D41811BCB3E6632CBF1767F6189B76054E8186606EE5A2C73BFFE1BD6C8FC415F481324F015045231D662173B6F7E814068DFFD598CE9A6F4630744BB0AA80F9F74403F4C3DA3CA856B40D043885CC1E7BEAC524853FAFB01FB61C3023AB04047E29D50A5D4CD612FC9AE90E7832FDE7D1DEA0804DC16FFF17500517BE0BF5D28F4AB
info|2026-02-06 15:24:16.474704|ioService-0x000079c92bdf76c0|[SESSION][Session][drop] closing remote 0.0.0.0:0,reason=Low-level TCP communication error.,endpoint=127.0.0.1:35572
info|2026-02-06 15:24:16.474771|ioService-0x000079c92bdf76c0|[SESSION][Session][drop] shutdown failed ,failedValue=9,message=Bad file descriptor
info|2026-02-06 15:24:16.474804|ioService-0x000079c929bff6c0|[Gateway][Factory][NEW]SSLContext pubHex: 3082010a0282010100a9ba081864ed1c68f5b81b4fa31a3cb4c81583e0e7c5eec4d7249ecd7d2c8f901393580ca25747abc4e01775b9ff41392cf15074a577cc078f4b07f3152faa0dfe540c63b8de93fbc3afe02564592e274c9c1a76bb0cc8c4692d9404f8e0b7b5440bd66d6e70c33a6d35aca5767a88332fd7853571427789bb25413b734abc293a58791b28aece40a8f74238c2f8b0d32bbbb5f020cfd72ad86d4fb6f1904605a5f43f0f58ed4c826346ad1b71ddac3a15040d6cd21f31f9044b82e690f91329d956b39005f4ab421029ebe499a3fe7179586deded25784665d8949c4db5defd0cbbaf2f27221f3d59e7314f4374086dceea8903a6aedc17d8ca5c7ec4b03fef0203010001
info|2026-02-06 15:24:16.474827|ioService-0x000079c929bff6c0|[NETWORK][Host]Get ca basic failed
warning|2026-02-06 15:24:16.475065|fisco-bcos-0x000079c92dffb6c0|[P2PService][Service2][onMessage],code=3,msg=Disconnect
info|2026-02-06 15:24:16.475201|fisco-bcos-0x000079c92dffb6c0|[P2PService][Service]disconnect error P2PSession,p2pid=3082010a0282010100b85dd5fdfbc4aa99dcef8477a2e1c08c304a63432923826f81b3d0d7d13e79a6ec265462b2f59e76106f8bad7efb849227798aaf7c20a2197e9a95a8ffbbc07f5ccb44d04e995013b9afd04bb77fb7dbfa0f13bd2d404980eae43fc147332e1542ee2d2e973596187bb8ad4dc63b0165052688b1f7fc4a2a8ccb020a55db8ee7b9a45bb901b1c03d94727648a8ec10bfbc854175981345d56f4c783b0211d91f0775e508d8b379b56935777d255f59b63fadc24b43862671f5cbe0d00fcfff7138124c8293f91740a0e0732346eeee748a42f65ddb81da461fce3e76ea6ff452913b80eb5b1dba016f7d4d94f66337cc6bea7a066b8277637aef12c2eba11da10203010001,endpoint=127.0.0.1:35572,code=3,message=Disconnect
info|2026-02-06 15:24:16.475301|fisco-bcos-0x000079c92dffb6c0|[Gateway][GatewayNodeManager]onRemoveNodeIDs,p2pid=3082010a0282010100b85dd5fdfbc4aa99dcef8477a2e1c08c304a63432923826f81b3d0d7d13e79a6ec265462b2f59e76106f8bad7efb849227798aaf7c20a2197e9a95a8ffbbc07f5ccb44d04e995013b9afd04bb77fb7dbfa0f13bd2d404980eae43fc147332e1542ee2d2e973596187bb8ad4dc63b0165052688b1f7fc4a2a8ccb020a55db8ee7b9a45bb901b1c03d94727648a8ec10bfbc854175981345d56f4c783b0211d91f0775e508d8b379b56935777d255f59b63fadc24b43862671f5cbe0d00fcfff7138124c8293f91740a0e0732346eeee748a42f65ddb81da461fce3e76ea6ff452913b80eb5b1dba016f7d4d94f66337cc6bea7a066b8277637aef12c2eba11da10203010001
info|2026-02-06 15:24:16.475381|fisco-bcos-0x000079c92dffb6c0|[Gateway][Router]PeersRouterTable: removeP2PID,p2pID=3082010a0282010100b85dd5fdfbc4aa99dcef8477a2e1c08c304a63432923826f81b3d0d7d13e79a6ec265462b2f59e76106f8bad7efb849227798aaf7c20a2197e9a95a8ffbbc07f5ccb44d04e995013b9afd04bb77fb7dbfa0f13bd2d404980eae43fc147332e1542ee2d2e973596187bb8ad4dc63b0165052688b1f7fc4a2a8ccb020a55db8ee7b9a45bb901b1c03d94727648a8ec10bfbc854175981345d56f4c783b0211d91f0775e508d8b379b56935777d255f59b63fadc24b43862671f5cbe0d00fcfff7138124c8293f91740a0e0732346eeee748a42f65ddb81da461fce3e76ea6ff452913b80eb5b1dba016f7d4d94f66337cc6bea7a066b8277637aef12c2eba11da10203010001
info|2026-02-06 15:24:16.475454|fisco-bcos-0x000079c92dffb6c0|[Gateway][GatewayNodeManager]syncLatestNodeIDList,groupID=group0,nodeCount=1
info|2026-02-06 15:24:16.475491|fisco-bcos-0x000079c92dffb6c0|[FrontService]protocolNegotiate success,nodeID=0d6a7f52cb87ce7fda869e0db309ec9c53723c46f81632c21e4abbf1a9159f14d53f37cc0c4141548da9ec877d6235afd7a501c40d296fc4c5252a8717aa23c2,groupID=group0,minVersion=0,maxVersion=2,supportedMinVersion=0,supportedMaxVersion=2,version=2
info|2026-02-06 15:24:16.475598|ioService-0x000079c929bff6c0|[Gateway][Factory][NEW]SSLContext pubHex: 3082010a02820101009d9833c7e1dbf7d476b1fd7227e247b488323cbd272862d096a4010035236b7d36e2aede87e4f36adfd2e2e44f2945e9a4170901f5865f04cb779a1c1e1fc2f3e56fc6ea80a2665d5da60fce851ccd94bb60aced8e256a551ebb6edcf78febb8eb8bbb3c4fab73bacd5675925d72c787a8d8e179c70b24c484ae98ea7cc956a196c0c8266073d549963e44bfee479261b4c7a5497320d8a89de71743baf1516450118e57b4b07227de0429adf0d02305ad79d40958f48b3c7d6802814fc5c25be7c54c85463c993254d08401e1c7c1cc5586b265a1616617cc2ba7f29e928ff792e4ff33ada9b1bb7ee5a43130da18ba109a9e2186dfa6c2dc1d823e9066e1590203010001
info|2026-02-06 15:24:16.475572|fisco-bcos-0x000079c92dffb6c0|[FrontService]onReceiveGroupNodeInfo,groupID=group0,nodeIDs.size()=1
info|2026-02-06 15:24:16.475640|ioService-0x000079c929bff6c0|[Gateway][Factory][NEW]SSLContext pubHex: 9D9833C7E1DBF7D476B1FD7227E247B488323CBD272862D096A4010035236B7D36E2AEDE87E4F36ADFD2E2E44F2945E9A4170901F5865F04CB779A1C1E1FC2F3E56FC6EA80A2665D5DA60FCE851CCD94BB60ACED8E256A551EBB6EDCF78FEBB8EB8BBB3C4FAB73BACD5675925D72C787A8D8E179C70B24C484AE98EA7CC956A196C0C8266073D549963E44BFEE479261B4C7A5497320D8A89DE71743BAF1516450118E57B4B07227DE0429ADF0D02305AD79D40958F48B3C7D6802814FC5C25BE7C54C85463C993254D08401E1C7C1CC5586B265A1616617CC2BA7F29E928FF792E4FF33ADA9B1BB7EE5A43130DA18BA109A9E2186DFA6C2DC1D823E9066E159
info|2026-02-06 15:24:16.475685|fisco-bcos-0x000079c92dffb6c0|[P2PService][Router][erase]make the router unreachable,dst=3082010a0282010100b85dd5fdfbc4aa99dcef8477a2e1c08c304a63432923826f81b3d0d7d13e79a6ec265462b2f59e76106f8bad7efb849227798aaf7c20a2197e9a95a8ffbbc07f5ccb44d04e995013b9afd04bb77fb7dbfa0f13bd2d404980eae43fc147332e1542ee2d2e973596187bb8ad4dc63b0165052688b1f7fc4a2a8ccb020a55db8ee7b9a45bb901b1c03d94727648a8ec10bfbc854175981345d56f4c783b0211d91f0775e508d8b379b56935777d255f59b63fadc24b43862671f5cbe0d00fcfff7138124c8293f91740a0e0732346eeee748a42f65ddb81da461fce3e76ea6ff452913b80eb5b1dba016f7d4d94f66337cc6bea7a066b8277637aef12c2eba11da10203010001,distance=10,size=1
info|2026-02-06 15:24:16.475714|fisco-bcos-0x000079c92dffb6c0|[Gateway][GatewayNodeManager]onRemoveNodeIDs,p2pid=3082010a0282010100b85dd5fdfbc4aa99dcef8477a2e1c08c304a63432923826f81b3d0d7d13e79a6ec265462b2f59e76106f8bad7efb849227798aaf7c20a2197e9a95a8ffbbc07f5ccb44d04e995013b9afd04bb77fb7dbfa0f13bd2d404980eae43fc147332e1542ee2d2e973596187bb8ad4dc63b0165052688b1f7fc4a2a8ccb020a55db8ee7b9a45bb901b1c03d94727648a8ec10bfbc854175981345d56f4c783b0211d91f0775e508d8b379b56935777d255f59b63fadc24b43862671f5cbe0d00fcfff7138124c8293f91740a0e0732346eeee748a42f65ddb81da461fce3e76ea6ff452913b80eb5b1dba016f7d4d94f66337cc6bea7a066b8277637aef12c2eba11da10203010001
info|2026-02-06 15:24:16.475725|fisco-bcos-0x000079c92dffb6c0|[Gateway][Router]PeersRouterTable: removeP2PID,p2pID=3082010a0282010100b85dd5fdfbc4aa99dcef8477a2e1c08c304a63432923826f81b3d0d7d13e79a6ec265462b2f59e76106f8bad7efb849227798aaf7c20a2197e9a95a8ffbbc07f5ccb44d04e995013b9afd04bb77fb7dbfa0f13bd2d404980eae43fc147332e1542ee2d2e973596187bb8ad4dc63b0165052688b1f7fc4a2a8ccb020a55db8ee7b9a45bb901b1c03d94727648a8ec10bfbc854175981345d56f4c783b0211d91f0775e508d8b379b56935777d255f59b63fadc24b43862671f5cbe0d00fcfff7138124c8293f91740a0e0732346eeee748a42f65ddb81da461fce3e76ea6ff452913b80eb5b1dba016f7d4d94f66337cc6bea7a066b8277637aef12c2eba11da10203010001
info|2026-02-06 15:24:16.475741|fisco-bcos-0x000079c92dffb6c0|[Gateway][GatewayNodeManager]syncLatestNodeIDList,groupID=group0,nodeCount=1
info|2026-02-06 15:24:16.475749|fisco-bcos-0x000079c92dffb6c0|[FrontService]protocolNegotiate success,nodeID=0d6a7f52cb87ce7fda869e0db309ec9c53723c46f81632c21e4abbf1a9159f14d53f37cc0c4141548da9ec877d6235afd7a501c40d296fc4c5252a8717aa23c2,groupID=group0,minVersion=0,maxVersion=2,supportedMinVersion=0,supportedMaxVersion=2,version=2
info|2026-02-06 15:24:16.475766|fisco-bcos-0x000079c92dffb6c0|[FrontService]onReceiveGroupNodeInfo,groupID=group0,nodeIDs.size()=1
info|2026-02-06 15:24:16.475838|fisco-bcos-0x000079c92c3f86c0|SyncConfig: setConnectedNodeList,size=1
info|2026-02-06 15:24:16.475937|fisco-bcos-0x000079c92c3f86c0|SyncConfig: setConnectedNodeList,size=1
info|2026-02-06 15:24:16.475946|fisco-bcos-0x000079c92c3f86c0|[FRONTSERVICE]notifyGroupNodeInfo,connectedNodeSize=1
info|2026-02-06 15:24:16.476081|fisco-bcos-0x000079c9399ff6c0|SyncConfig: setConnectedNodeList,size=1
info|2026-02-06 15:24:16.476160|fisco-bcos-0x000079c9399ff6c0|SyncConfig: setConnectedNodeList,size=1
info|2026-02-06 15:24:16.476169|fisco-bcos-0x000079c9399ff6c0|[FRONTSERVICE]notifyGroupNodeInfo,connectedNodeSize=1
info|2026-02-06 15:24:16.476258|fisco-bcos-0x000079c92dffb6c0|[P2PService][Service2][onEraseSession],dst=3082010a0282010100b85dd5fdfbc4aa99dcef8477a2e1c08c304a63432923826f81b3d0d7d13e79a6ec265462b2f59e76106f8bad7efb849227798aaf7c20a2197e9a95a8ffbbc07f5ccb44d04e995013b9afd04bb77fb7dbfa0f13bd2d404980eae43fc147332e1542ee2d2e973596187bb8ad4dc63b0165052688b1f7fc4a2a8ccb020a55db8ee7b9a45bb901b1c03d94727648a8ec10bfbc854175981345d56f4c783b0211d91f0775e508d8b379b56935777d255f59b63fadc24b43862671f5cbe0d00fcfff7138124c8293f91740a0e0732346eeee748a42f65ddb81da461fce3e76ea6ff452913b80eb5b1dba016f7d4d94f66337cc6bea7a066b8277637aef12c2eba11da10203010001
info|2026-02-06 15:24:16.476288|fisco-bcos-0x000079c92dffb6c0|[P2PService][Service]onDisconnect,code=3,what=Dynamic exception type: bcos::gateway::NetworkException
std::exception::what: Disconnect
info|2026-02-06 15:24:16.476307|fisco-bcos-0x000079c92dffb6c0|[P2PService][P2PSession][P2PSession::~P2PSession] this=0x79c91ee141d0
info|2026-02-06 15:24:16.476343|fisco-bcos-0x000079c92dffb6c0|[SESSION][Session][Session::~Session] this=0x79c91d064010
info|2026-02-06 15:24:16.476651|ioService-0x000079c92b1ff6c0|[Gateway][Factory][NEW]SSLContext pubHex: 3082010a0282010100a9ba081864ed1c68f5b81b4fa31a3cb4c81583e0e7c5eec4d7249ecd7d2c8f901393580ca25747abc4e01775b9ff41392cf15074a577cc078f4b07f3152faa0dfe540c63b8de93fbc3afe02564592e274c9c1a76bb0cc8c4692d9404f8e0b7b5440bd66d6e70c33a6d35aca5767a88332fd7853571427789bb25413b734abc293a58791b28aece40a8f74238c2f8b0d32bbbb5f020cfd72ad86d4fb6f1904605a5f43f0f58ed4c826346ad1b71ddac3a15040d6cd21f31f9044b82e690f91329d956b39005f4ab421029ebe499a3fe7179586deded25784665d8949c4db5defd0cbbaf2f27221f3d59e7314f4374086dceea8903a6aedc17d8ca5c7ec4b03fef0203010001
info|2026-02-06 15:24:16.476699|ioService-0x000079c92b1ff6c0|[NETWORK][Host]Get ca basic failed
info|2026-02-06 15:24:16.476744|ioService-0x000079c92b1ff6c0|[Gateway][Factory][NEW]SSLContext pubHex: 3082010a0282010100a492268b412bea3e8f972dff0dc52c521cd06884f53d90f3889c7014f7cb635c38a07b81af9630f2b04238a726b029af6b4b924e132710d2894b7175f12a5e323a7119afd27786b01965d49b9c885ff3768f40b9d57817bc1305124f40ced3b1ac99666773a3a64cce079e95acbc31d42f416aad362594008547aae561213b022db32ed9d1bd67df5c020bc44dcc073982b4566fd04048555b1ea84279063d5b1047e9f42776ef03677d2dd1454433fdb3feced3f41b92efdfeda545d56c1c9ba349584c9095f3ad9e31c2db11cbe3007ee7817f5846f87eb01c296d81b36dbbc765b4c7af74aface1276dd4fd91963729e495694b6af5c0d6111c49115a2c3f0203010001
info|2026-02-06 15:24:16.476749|ioService-0x000079c92b1ff6c0|[Gateway][Factory][NEW]SSLContext pubHex: A492268B412BEA3E8F972DFF0DC52C521CD06884F53D90F3889C7014F7CB635C38A07B81AF9630F2B04238A726B029AF6B4B924E132710D2894B7175F12A5E323A7119AFD27786B01965D49B9C885FF3768F40B9D57817BC1305124F40CED3B1AC99666773A3A64CCE079E95ACBC31D42F416AAD362594008547AAE561213B022DB32ED9D1BD67DF5C020BC44DCC073982B4566FD04048555B1EA84279063D5B1047E9F42776EF03677D2DD1454433FDB3FECED3F41B92EFDFEDA545D56C1C9BA349584C9095F3AD9E31C2DB11CBE3007EE7817F5846F87EB01C296D81B36DBBC765B4C7AF74AFACE1276DD4FD91963729E495694B6AF5C0D6111C49115A2C3F
info|2026-02-06 15:24:16.479262|ioService-0x000079c9279fd6c0|[Gateway][Factory][NEW]SSLContext pubHex: 3082010a0282010100a9ba081864ed1c68f5b81b4fa31a3cb4c81583e0e7c5eec4d7249ecd7d2c8f901393580ca25747abc4e01775b9ff41392cf15074a577cc078f4b07f3152faa0dfe540c63b8de93fbc3afe02564592e274c9c1a76bb0cc8c4692d9404f8e0b7b5440bd66d6e70c33a6d35aca5767a88332fd7853571427789bb25413b734abc293a58791b28aece40a8f74238c2f8b0d32bbbb5f020cfd72ad86d4fb6f1904605a5f43f0f58ed4c826346ad1b71ddac3a15040d6cd21f31f9044b82e690f91329d956b39005f4ab421029ebe499a3fe7179586deded25784665d8949c4db5defd0cbbaf2f27221f3d59e7314f4374086dceea8903a6aedc17d8ca5c7ec4b03fef0203010001
info|2026-02-06 15:24:16.479303|ioService-0x000079c9279fd6c0|[NETWORK][Host]Get ca basic failed
info|2026-02-06 15:24:16.479404|ioService-0x000079c9279fd6c0|[Gateway][Factory][NEW]SSLContext pubHex: 3082010a0282010100d938a7d0e5078fdc3bfe83bfe8c789160de4c9e207ff836ef8d64a0c846f5f628646fe9170bec49eec44aebb3f17334e76b1003dae65d6858a626d60a3ff3dbbff8cf15ca934ca0f7a09b9ae6c17c911bb2f6083cab81540e00a8d9b9393a3341b90dd134f4a2ec21f1d8c55c2df687896873a36661a862226614582077d41811bcb3e6632cbf1767f6189b76054e8186606ee5a2c73bffe1bd6c8fc415f481324f015045231d662173b6f7e814068dffd598ce9a6f4630744bb0aa80f9f74403f4c3da3ca856b40d043885cc1e7beac524853fafb01fb61c3023ab04047e29d50a5d4cd612fc9ae90e7832fde7d1dea0804dc16fff17500517be0bf5d28f4ab0203010001
info|2026-02-06 15:24:16.479413|ioService-0x000079c9279fd6c0|[Gateway][Factory][NEW]SSLContext pubHex: D938A7D0E5078FDC3BFE83BFE8C789160DE4C9E207FF836EF8D64A0C846F5F628646FE9170BEC49EEC44AEBB3F17334E76B1003DAE65D6858A626D60A3FF3DBBFF8CF15CA934CA0F7A09B9AE6C17C911BB2F6083CAB81540E00A8D9B9393A3341B90DD134F4A2EC21F1D8C55C2DF687896873A36661A862226614582077D41811BCB3E6632CBF1767F6189B76054E8186606EE5A2C73BFFE1BD6C8FC415F481324F015045231D662173B6F7E814068DFFD598CE9A6F4630744BB0AA80F9F74403F4C3DA3CA856B40D043885CC1E7BEAC524853FAFB01FB61C3023AB04047E29D50A5D4CD612FC9AE90E7832FDE7D1DEA0804DC16FFF17500517BE0BF5D28F4AB
info|2026-02-06 15:24:16.479419|ioService-0x000079c92a9fe6c0|[NETWORK][Host]obtainP2pInfo ,node_info=3082010a0282010100d938a7d0e5078fdc3bfe83bfe8c789160de4c9e207ff836ef8d64a0c846f5f628646fe9170bec49eec44aebb3f17334e76b1003dae65d6858a626d60a3ff3dbbff8cf15ca934ca0f7a09b9ae6c17c911bb2f6083cab81540e00a8d9b9393a3341b90dd134f4a2ec21f1d8c55c2df687896873a36661a862226614582077d41811bcb3e6632cbf1767f6189b76054e8186606ee5a2c73bffe1bd6c8fc415f481324f015045231d662173b6f7e814068dffd598ce9a6f4630744bb0aa80f9f74403f4c3da3ca856b40d043885cc1e7beac524853fafb01fb61c3023ab04047e29d50a5d4cd612fc9ae90e7832fde7d1dea0804dc16fff17500517be0bf5d28f4ab0203010001#D938A7D0E5078FDC3BFE83BFE8C789160DE4C9E207FF836EF8D64A0C846F5F628646FE9170BEC49EEC44AEBB3F17334E76B1003DAE65D6858A626D60A3FF3DBBFF8CF15CA934CA0F7A09B9AE6C17C911BB2F6083CAB81540E00A8D9B9393A3341B90DD134F4A2EC21F1D8C55C2DF687896873A36661A862226614582077D41811BCB3E6632CBF1767F6189B76054E8186606EE5A2C73BFFE1BD6C8FC415F481324F015045231D662173B6F7E814068DFFD598CE9A6F4630744BB0AA80F9F74403F4C3DA3CA856B40D043885CC1E7BEAC524853FAFB01FB61C3023AB04047E29D50A5D4CD612FC9AE90E7832FDE7D1DEA0804DC16FFF17500517BE0BF5D28F4AB#/CN=FISCO-BCOS-e9f43089/O=FISCO-BCOS-e9f43089/OU=chain#/CN=FISCO-BCOS-e9f43089/O=fisco-bcos/OU=agency,p2pid=3082010a0282010100d938a7d0e5078fdc3bfe83bfe8c789160de4c9e207ff836ef8d64a0c846f5f628646fe9170bec49eec44aebb3f17334e76b1003dae65d6858a626d60a3ff3dbbff8cf15ca934ca0f7a09b9ae6c17c911bb2f6083cab81540e00a8d9b9393a3341b90dd134f4a2ec21f1d8c55c2df687896873a36661a862226614582077d41811bcb3e6632cbf1767f6189b76054e8186606ee5a2c73bffe1bd6c8fc415f481324f015045231d662173b6f7e814068dffd598ce9a6f4630744bb0aa80f9f74403f4c3da3ca856b40d043885cc1e7beac524853fafb01fb61c3023ab04047e29d50a5d4cd612fc9ae90e7832fde7d1dea0804dc16fff17500517be0bf5d28f4ab0203010001
info|2026-02-06 15:24:16.479430|ioService-0x000079c92a9fe6c0|[NETWORK][Host]handshakeClient succ,local endpoint=127.0.0.1:56494
info|2026-02-06 15:24:16.479527|ioService-0x000079c928dff6c0|[Gateway][Factory][NEW]SSLContext pubHex: 3082010a0282010100a9ba081864ed1c68f5b81b4fa31a3cb4c81583e0e7c5eec4d7249ecd7d2c8f901393580ca25747abc4e01775b9ff41392cf15074a577cc078f4b07f3152faa0dfe540c63b8de93fbc3afe02564592e274c9c1a76bb0cc8c4692d9404f8e0b7b5440bd66d6e70c33a6d35aca5767a88332fd7853571427789bb25413b734abc293a58791b28aece40a8f74238c2f8b0d32bbbb5f020cfd72ad86d4fb6f1904605a5f43f0f58ed4c826346ad1b71ddac3a15040d6cd21f31f9044b82e690f91329d956b39005f4ab421029ebe499a3fe7179586deded25784665d8949c4db5defd0cbbaf2f27221f3d59e7314f4374086dceea8903a6aedc17d8ca5c7ec4b03fef0203010001
info|2026-02-06 15:24:16.479539|ioService-0x000079c928dff6c0|[NETWORK][Host]Get ca basic failed
info|2026-02-06 15:24:16.479605|ioService-0x000079c928dff6c0|[Gateway][Factory][NEW]SSLContext pubHex: 3082010a02820101009d9833c7e1dbf7d476b1fd7227e247b488323cbd272862d096a4010035236b7d36e2aede87e4f36adfd2e2e44f2945e9a4170901f5865f04cb779a1c1e1fc2f3e56fc6ea80a2665d5da60fce851ccd94bb60aced8e256a551ebb6edcf78febb8eb8bbb3c4fab73bacd5675925d72c787a8d8e179c70b24c484ae98ea7cc956a196c0c8266073d549963e44bfee479261b4c7a5497320d8a89de71743baf1516450118e57b4b07227de0429adf0d02305ad79d40958f48b3c7d6802814fc5c25be7c54c85463c993254d08401e1c7c1cc5586b265a1616617cc2ba7f29e928ff792e4ff33ada9b1bb7ee5a43130da18ba109a9e2186dfa6c2dc1d823e9066e1590203010001
info|2026-02-06 15:24:16.479614|ioService-0x000079c928dff6c0|[Gateway][Factory][NEW]SSLContext pubHex: 9D9833C7E1DBF7D476B1FD7227E247B488323CBD272862D096A4010035236B7D36E2AEDE87E4F36ADFD2E2E44F2945E9A4170901F5865F04CB779A1C1E1FC2F3E56FC6EA80A2665D5DA60FCE851CCD94BB60ACED8E256A551EBB6EDCF78FEBB8EB8BBB3C4FAB73BACD5675925D72C787A8D8E179C70B24C484AE98EA7CC956A196C0C8266073D549963E44BFEE479261B4C7A5497320D8A89DE71743BAF1516450118E57B4B07227DE0429ADF0D02305AD79D40958F48B3C7D6802814FC5C25BE7C54C85463C993254D08401E1C7C1CC5586B265A1616617CC2BA7F29E928FF792E4FF33ADA9B1BB7EE5A43130DA18BA109A9E2186DFA6C2DC1D823E9066E159
info|2026-02-06 15:24:16.479947|ioService-0x000079c929bff6c0|[NETWORK][Host]obtainP2pInfo ,node_info=3082010a02820101009d9833c7e1dbf7d476b1fd7227e247b488323cbd272862d096a4010035236b7d36e2aede87e4f36adfd2e2e44f2945e9a4170901f5865f04cb779a1c1e1fc2f3e56fc6ea80a2665d5da60fce851ccd94bb60aced8e256a551ebb6edcf78febb8eb8bbb3c4fab73bacd5675925d72c787a8d8e179c70b24c484ae98ea7cc956a196c0c8266073d549963e44bfee479261b4c7a5497320d8a89de71743baf1516450118e57b4b07227de0429adf0d02305ad79d40958f48b3c7d6802814fc5c25be7c54c85463c993254d08401e1c7c1cc5586b265a1616617cc2ba7f29e928ff792e4ff33ada9b1bb7ee5a43130da18ba109a9e2186dfa6c2dc1d823e9066e1590203010001#9D9833C7E1DBF7D476B1FD7227E247B488323CBD272862D096A4010035236B7D36E2AEDE87E4F36ADFD2E2E44F2945E9A4170901F5865F04CB779A1C1E1FC2F3E56FC6EA80A2665D5DA60FCE851CCD94BB60ACED8E256A551EBB6EDCF78FEBB8EB8BBB3C4FAB73BACD5675925D72C787A8D8E179C70B24C484AE98EA7CC956A196C0C8266073D549963E44BFEE479261B4C7A5497320D8A89DE71743BAF1516450118E57B4B07227DE0429ADF0D02305AD79D40958F48B3C7D6802814FC5C25BE7C54C85463C993254D08401E1C7C1CC5586B265A1616617CC2BA7F29E928FF792E4FF33ADA9B1BB7EE5A43130DA18BA109A9E2186DFA6C2DC1D823E9066E159#/CN=FISCO-BCOS-e9f43089/O=FISCO-BCOS-e9f43089/OU=chain#/CN=FISCO-BCOS-e9f43089/O=fisco-bcos/OU=agency,p2pid=3082010a02820101009d9833c7e1dbf7d476b1fd7227e247b488323cbd272862d096a4010035236b7d36e2aede87e4f36adfd2e2e44f2945e9a4170901f5865f04cb779a1c1e1fc2f3e56fc6ea80a2665d5da60fce851ccd94bb60aced8e256a551ebb6edcf78febb8eb8bbb3c4fab73bacd5675925d72c787a8d8e179c70b24c484ae98ea7cc956a196c0c8266073d549963e44bfee479261b4c7a5497320d8a89de71743baf1516450118e57b4b07227de0429adf0d02305ad79d40958f48b3c7d6802814fc5c25be7c54c85463c993254d08401e1c7c1cc5586b265a1616617cc2ba7f29e928ff792e4ff33ada9b1bb7ee5a43130da18ba109a9e2186dfa6c2dc1d823e9066e1590203010001
info|2026-02-06 15:24:16.479959|ioService-0x000079c929bff6c0|[NETWORK][Host]handshakeClient succ,local endpoint=127.0.0.1:35576
info|2026-02-06 15:24:16.480021|ioService-0x000079c9279fd6c0|[NETWORK][Host]obtainP2pInfo ,node_info=3082010a0282010100d938a7d0e5078fdc3bfe83bfe8c789160de4c9e207ff836ef8d64a0c846f5f628646fe9170bec49eec44aebb3f17334e76b1003dae65d6858a626d60a3ff3dbbff8cf15ca934ca0f7a09b9ae6c17c911bb2f6083cab81540e00a8d9b9393a3341b90dd134f4a2ec21f1d8c55c2df687896873a36661a862226614582077d41811bcb3e6632cbf1767f6189b76054e8186606ee5a2c73bffe1bd6c8fc415f481324f015045231d662173b6f7e814068dffd598ce9a6f4630744bb0aa80f9f74403f4c3da3ca856b40d043885cc1e7beac524853fafb01fb61c3023ab04047e29d50a5d4cd612fc9ae90e7832fde7d1dea0804dc16fff17500517be0bf5d28f4ab0203010001#D938A7D0E5078FDC3BFE83BFE8C789160DE4C9E207FF836EF8D64A0C846F5F628646FE9170BEC49EEC44AEBB3F17334E76B1003DAE65D6858A626D60A3FF3DBBFF8CF15CA934CA0F7A09B9AE6C17C911BB2F6083CAB81540E00A8D9B9393A3341B90DD134F4A2EC21F1D8C55C2DF687896873A36661A862226614582077D41811BCB3E6632CBF1767F6189B76054E8186606EE5A2C73BFFE1BD6C8FC415F481324F015045231D662173B6F7E814068DFFD598CE9A6F4630744BB0AA80F9F74403F4C3DA3CA856B40D043885CC1E7BEAC524853FAFB01FB61C3023AB04047E29D50A5D4CD612FC9AE90E7832FDE7D1DEA0804DC16FFF17500517BE0BF5D28F4AB#/CN=FISCO-BCOS-e9f43089/O=FISCO-BCOS-e9f43089/OU=chain#/CN=FISCO-BCOS-e9f43089/O=fisco-bcos/OU=agency,p2pid=3082010a0282010100d938a7d0e5078fdc3bfe83bfe8c789160de4c9e207ff836ef8d64a0c846f5f628646fe9170bec49eec44aebb3f17334e76b1003dae65d6858a626d60a3ff3dbbff8cf15ca934ca0f7a09b9ae6c17c911bb2f6083cab81540e00a8d9b9393a3341b90dd134f4a2ec21f1d8c55c2df687896873a36661a862226614582077d41811bcb3e6632cbf1767f6189b76054e8186606ee5a2c73bffe1bd6c8fc415f481324f015045231d662173b6f7e814068dffd598ce9a6f4630744bb0aa80f9f74403f4c3da3ca856b40d043885cc1e7beac524853fafb01fb61c3023ab04047e29d50a5d4cd612fc9ae90e7832fde7d1dea0804dc16fff17500517be0bf5d28f4ab0203010001
info|2026-02-06 15:24:16.480048|ioService-0x000079c9279fd6c0|[NETWORK][Host]handshakeServer succ,remote endpoint=127.0.0.1:35580,nodeid=3082010a0282010100d938a7d0e5078fdc3bfe83bfe8c789160de4c9e207ff836ef8d64a0c846f5f628646fe9170bec49eec44aebb3f17334e76b1003dae65d6858a626d60a3ff3dbbff8cf15ca934ca0f7a09b9ae6c17c911bb2f6083cab81540e00a8d9b9393a3341b90dd134f4a2ec21f1d8c55c2df687896873a36661a862226614582077d41811bcb3e6632cbf1767f6189b76054e8186606ee5a2c73bffe1bd6c8fc415f481324f015045231d662173b6f7e814068dffd598ce9a6f4630744bb0aa80f9f74403f4c3da3ca856b40d043885cc1e7beac524853fafb01fb61c3023ab04047e29d50a5d4cd612fc9ae90e7832fde7d1dea0804dc16fff17500517be0bf5d28f4ab0203010001
info|2026-02-06 15:24:16.480442|ioService-0x000079c929bff6c0|[SESSION][Session][Session::Session] this=0x79c926c881d0,recvBufferSize=67108864
info|2026-02-06 15:24:16.480548|ioService-0x000079c929bff6c0|[SessionFactory]create new session,sessionRecvBufferSize=67108864,allowMaxMsgSize=33554432,maxReadDataSize=40960,maxSendDataSize=1048576,maxSendMsgCountS=10,enableCompress=true
info|2026-02-06 15:24:16.480767|ioService-0x000079c92b1ff6c0|[NETWORK][Host]obtainP2pInfo ,node_info=3082010a0282010100a492268b412bea3e8f972dff0dc52c521cd06884f53d90f3889c7014f7cb635c38a07b81af9630f2b04238a726b029af6b4b924e132710d2894b7175f12a5e323a7119afd27786b01965d49b9c885ff3768f40b9d57817bc1305124f40ced3b1ac99666773a3a64cce079e95acbc31d42f416aad362594008547aae561213b022db32ed9d1bd67df5c020bc44dcc073982b4566fd04048555b1ea84279063d5b1047e9f42776ef03677d2dd1454433fdb3feced3f41b92efdfeda545d56c1c9ba349584c9095f3ad9e31c2db11cbe3007ee7817f5846f87eb01c296d81b36dbbc765b4c7af74aface1276dd4fd91963729e495694b6af5c0d6111c49115a2c3f0203010001#A492268B412BEA3E8F972DFF0DC52C521CD06884F53D90F3889C7014F7CB635C38A07B81AF9630F2B04238A726B029AF6B4B924E132710D2894B7175F12A5E323A7119AFD27786B01965D49B9C885FF3768F40B9D57817BC1305124F40CED3B1AC99666773A3A64CCE079E95ACBC31D42F416AAD362594008547AAE561213B022DB32ED9D1BD67DF5C020BC44DCC073982B4566FD04048555B1EA84279063D5B1047E9F42776EF03677D2DD1454433FDB3FECED3F41B92EFDFEDA545D56C1C9BA349584C9095F3AD9E31C2DB11CBE3007EE7817F5846F87EB01C296D81B36DBBC765B4C7AF74AFACE1276DD4FD91963729E495694B6AF5C0D6111C49115A2C3F#/CN=FISCO-BCOS-e9f43089/O=FISCO-BCOS-e9f43089/OU=chain#/CN=FISCO-BCOS-e9f43089/O=fisco-bcos/OU=agency,p2pid=3082010a0282010100a492268b412bea3e8f972dff0dc52c521cd06884f53d90f3889c7014f7cb635c38a07b81af9630f2b04238a726b029af6b4b924e132710d2894b7175f12a5e323a7119afd27786b01965d49b9c885ff3768f40b9d57817bc1305124f40ced3b1ac99666773a3a64cce079e95acbc31d42f416aad362594008547aae561213b022db32ed9d1bd67df5c020bc44dcc073982b4566fd04048555b1ea84279063d5b1047e9f42776ef03677d2dd1454433fdb3feced3f41b92efdfeda545d56c1c9ba349584c9095f3ad9e31c2db11cbe3007ee7817f5846f87eb01c296d81b36dbbc765b4c7af74aface1276dd4fd91963729e495694b6af5c0d6111c49115a2c3f0203010001
info|2026-02-06 15:24:16.480823|ioService-0x000079c92b1ff6c0|[NETWORK][Host]handshakeClient succ,local endpoint=127.0.0.1:57272
info|2026-02-06 15:24:16.480960|ioService-0x000079c92a9fe6c0|[SESSION][Session][Session::Session] this=0x79c927a861d0,recvBufferSize=67108864
info|2026-02-06 15:24:16.481064|ioService-0x000079c9279fd6c0|[SESSION][Session][Session::Session] this=0x79c91ea5d1d0,recvBufferSize=67108864
info|2026-02-06 15:24:16.481325|ioService-0x000079c9279fd6c0|[SessionFactory]create new session,sessionRecvBufferSize=67108864,allowMaxMsgSize=33554432,maxReadDataSize=40960,maxSendDataSize=1048576,maxSendMsgCountS=10,enableCompress=true
info|2026-02-06 15:24:16.481797|ioService-0x000079c92b1ff6c0|[SESSION][Session][Session::Session] this=0x79c90b6861d0,recvBufferSize=67108864
info|2026-02-06 15:24:16.481956|ioService-0x000079c92b1ff6c0|[SessionFactory]create new session,sessionRecvBufferSize=67108864,allowMaxMsgSize=33554432,maxReadDataSize=40960,maxSendDataSize=1048576,maxSendMsgCountS=10,enableCompress=true
info|2026-02-06 15:24:16.482061|ioService-0x000079c92a9fe6c0|[SessionFactory]create new session,sessionRecvBufferSize=67108864,allowMaxMsgSize=33554432,maxReadDataSize=40960,maxSendDataSize=1048576,maxSendMsgCountS=10,enableCompress=true
info|2026-02-06 15:24:16.483196|fisco-bcos-0x000079c9365fe6c0|[P2PService][Service]onConnect,p2pid=3082010a02820101009d9833c7e1dbf7d476b1fd7227e247b488323cbd272862d096a4010035236b7d36e2aede87e4f36adfd2e2e44f2945e9a4170901f5865f04cb779a1c1e1fc2f3e56fc6ea80a2665d5da60fce851ccd94bb60aced8e256a551ebb6edcf78febb8eb8bbb3c4fab73bacd5675925d72c787a8d8e179c70b24c484ae98ea7cc956a196c0c8266073d549963e44bfee479261b4c7a5497320d8a89de71743baf1516450118e57b4b07227de0429adf0d02305ad79d40958f48b3c7d6802814fc5c25be7c54c85463c993254d08401e1c7c1cc5586b265a1616617cc2ba7f29e928ff792e4ff33ada9b1bb7ee5a43130da18ba109a9e2186dfa6c2dc1d823e9066e1590203010001,endpoint=127.0.0.1
info|2026-02-06 15:24:16.483246|fisco-bcos-0x000079c9365fe6c0|[P2PService][Service]updateStaticNodes,nodeid=3082010a02820101009d9833c7e1dbf7d476b1fd7227e247b488323cbd272862d096a4010035236b7d36e2aede87e4f36adfd2e2e44f2945e9a4170901f5865f04cb779a1c1e1fc2f3e56fc6ea80a2665d5da60fce851ccd94bb60aced8e256a551ebb6edcf78febb8eb8bbb3c4fab73bacd5675925d72c787a8d8e179c70b24c484ae98ea7cc956a196c0c8266073d549963e44bfee479261b4c7a5497320d8a89de71743baf1516450118e57b4b07227de0429adf0d02305ad79d40958f48b3c7d6802814fc5c25be7c54c85463c993254d08401e1c7c1cc5586b265a1616617cc2ba7f29e928ff792e4ff33ada9b1bb7ee5a43130da18ba109a9e2186dfa6c2dc1d823e9066e1590203010001,endpoint=127.0.0.1:30302
info|2026-02-06 15:24:16.483259|fisco-bcos-0x000079c9365fe6c0|[SESSION][Session][Session::~Session] this=0x79c926c881d0
info|2026-02-06 15:24:16.483345|ioService-0x000079c928dff6c0|[NETWORK][Host]obtainP2pInfo ,node_info=3082010a02820101009d9833c7e1dbf7d476b1fd7227e247b488323cbd272862d096a4010035236b7d36e2aede87e4f36adfd2e2e44f2945e9a4170901f5865f04cb779a1c1e1fc2f3e56fc6ea80a2665d5da60fce851ccd94bb60aced8e256a551ebb6edcf78febb8eb8bbb3c4fab73bacd5675925d72c787a8d8e179c70b24c484ae98ea7cc956a196c0c8266073d549963e44bfee479261b4c7a5497320d8a89de71743baf1516450118e57b4b07227de0429adf0d02305ad79d40958f48b3c7d6802814fc5c25be7c54c85463c993254d08401e1c7c1cc5586b265a1616617cc2ba7f29e928ff792e4ff33ada9b1bb7ee5a43130da18ba109a9e2186dfa6c2dc1d823e9066e1590203010001#9D9833C7E1DBF7D476B1FD7227E247B488323CBD272862D096A4010035236B7D36E2AEDE87E4F36ADFD2E2E44F2945E9A4170901F5865F04CB779A1C1E1FC2F3E56FC6EA80A2665D5DA60FCE851CCD94BB60ACED8E256A551EBB6EDCF78FEBB8EB8BBB3C4FAB73BACD5675925D72C787A8D8E179C70B24C484AE98EA7CC956A196C0C8266073D549963E44BFEE479261B4C7A5497320D8A89DE71743BAF1516450118E57B4B07227DE0429ADF0D02305AD79D40958F48B3C7D6802814FC5C25BE7C54C85463C993254D08401E1C7C1CC5586B265A1616617CC2BA7F29E928FF792E4FF33ADA9B1BB7EE5A43130DA18BA109A9E2186DFA6C2DC1D823E9066E159#/CN=FISCO-BCOS-e9f43089/O=FISCO-BCOS-e9f43089/OU=chain#/CN=FISCO-BCOS-e9f43089/O=fisco-bcos/OU=agency,p2pid=3082010a02820101009d9833c7e1dbf7d476b1fd7227e247b488323cbd272862d096a4010035236b7d36e2aede87e4f36adfd2e2e44f2945e9a4170901f5865f04cb779a1c1e1fc2f3e56fc6ea80a2665d5da60fce851ccd94bb60aced8e256a551ebb6edcf78febb8eb8bbb3c4fab73bacd5675925d72c787a8d8e179c70b24c484ae98ea7cc956a196c0c8266073d549963e44bfee479261b4c7a5497320d8a89de71743baf1516450118e57b4b07227de0429adf0d02305ad79d40958f48b3c7d6802814fc5c25be7c54c85463c993254d08401e1c7c1cc5586b265a1616617cc2ba7f29e928ff792e4ff33ada9b1bb7ee5a43130da18ba109a9e2186dfa6c2dc1d823e9066e1590203010001
info|2026-02-06 15:24:16.483355|ioService-0x000079c928dff6c0|[NETWORK][Host]handshakeServer succ,remote endpoint=127.0.0.1:35576,nodeid=3082010a02820101009d9833c7e1dbf7d476b1fd7227e247b488323cbd272862d096a4010035236b7d36e2aede87e4f36adfd2e2e44f2945e9a4170901f5865f04cb779a1c1e1fc2f3e56fc6ea80a2665d5da60fce851ccd94bb60aced8e256a551ebb6edcf78febb8eb8bbb3c4fab73bacd5675925d72c787a8d8e179c70b24c484ae98ea7cc956a196c0c8266073d549963e44bfee479261b4c7a5497320d8a89de71743baf1516450118e57b4b07227de0429adf0d02305ad79d40958f48b3c7d6802814fc5c25be7c54c85463c993254d08401e1c7c1cc5586b265a1616617cc2ba7f29e928ff792e4ff33ada9b1bb7ee5a43130da18ba109a9e2186dfa6c2dc1d823e9066e1590203010001
info|2026-02-06 15:24:16.483709|ioService-0x000079c928dff6c0|[SESSION][Session][Session::Session] this=0x79c90c05c1d0,recvBufferSize=67108864
info|2026-02-06 15:24:16.483816|ioService-0x000079c928dff6c0|[SessionFactory]create new session,sessionRecvBufferSize=67108864,allowMaxMsgSize=33554432,maxReadDataSize=40960,maxSendDataSize=1048576,maxSendMsgCountS=10,enableCompress=true
info|2026-02-06 15:24:16.483986|fisco-bcos-0x000079c93afff6c0|[P2PService][Service]onConnect,p2pid=3082010a02820101009d9833c7e1dbf7d476b1fd7227e247b488323cbd272862d096a4010035236b7d36e2aede87e4f36adfd2e2e44f2945e9a4170901f5865f04cb779a1c1e1fc2f3e56fc6ea80a2665d5da60fce851ccd94bb60aced8e256a551ebb6edcf78febb8eb8bbb3c4fab73bacd5675925d72c787a8d8e179c70b24c484ae98ea7cc956a196c0c8266073d549963e44bfee479261b4c7a5497320d8a89de71743baf1516450118e57b4b07227de0429adf0d02305ad79d40958f48b3c7d6802814fc5c25be7c54c85463c993254d08401e1c7c1cc5586b265a1616617cc2ba7f29e928ff792e4ff33ada9b1bb7ee5a43130da18ba109a9e2186dfa6c2dc1d823e9066e1590203010001,endpoint=127.0.0.1
info|2026-02-06 15:24:16.484068|fisco-bcos-0x000079c93afff6c0|[SESSION][Session][Session::~Session] this=0x79c90c05c1d0
info|2026-02-06 15:24:16.486585|ioService-0x000079c929bff6c0|[NETWORK][Host]startPeerSession, Remote=0.0.0.0:0,local endpoint=0.0.0.0:0,p2pid=3082010a02820101009d9833c7e1dbf7d476b1fd7227e247b488323cbd272862d096a4010035236b7d36e2aede87e4f36adfd2e2e44f2945e9a4170901f5865f04cb779a1c1e1fc2f3e56fc6ea80a2665d5da60fce851ccd94bb60aced8e256a551ebb6edcf78febb8eb8bbb3c4fab73bacd5675925d72c787a8d8e179c70b24c484ae98ea7cc956a196c0c8266073d549963e44bfee479261b4c7a5497320d8a89de71743baf1516450118e57b4b07227de0429adf0d02305ad79d40958f48b3c7d6802814fc5c25be7c54c85463c993254d08401e1c7c1cc5586b265a1616617cc2ba7f29e928ff792e4ff33ada9b1bb7ee5a43130da18ba109a9e2186dfa6c2dc1d823e9066e1590203010001
info|2026-02-06 15:24:16.486618|fisco-bcos-0x000079c93afff6c0|[P2PService][Service]onConnect,p2pid=3082010a0282010100d938a7d0e5078fdc3bfe83bfe8c789160de4c9e207ff836ef8d64a0c846f5f628646fe9170bec49eec44aebb3f17334e76b1003dae65d6858a626d60a3ff3dbbff8cf15ca934ca0f7a09b9ae6c17c911bb2f6083cab81540e00a8d9b9393a3341b90dd134f4a2ec21f1d8c55c2df687896873a36661a862226614582077d41811bcb3e6632cbf1767f6189b76054e8186606ee5a2c73bffe1bd6c8fc415f481324f015045231d662173b6f7e814068dffd598ce9a6f4630744bb0aa80f9f74403f4c3da3ca856b40d043885cc1e7beac524853fafb01fb61c3023ab04047e29d50a5d4cd612fc9ae90e7832fde7d1dea0804dc16fff17500517be0bf5d28f4ab0203010001,endpoint=127.0.0.1
info|2026-02-06 15:24:16.486628|fisco-bcos-0x000079c93afff6c0|[P2PService][P2PSession][P2PSession::P2PSession] this=0x79c90c05c1d0
info|2026-02-06 15:24:16.486671|fisco-bcos-0x000079c93afff6c0|[SESSION][Session][start] start session ,this=0x79c91ea5d1d0
info|2026-02-06 15:24:16.486713|fisco-bcos-0x000079c93afff6c0|[P2PService][Service]asyncSendProtocol,payload=5,seq=9
info|2026-02-06 15:24:16.486724|fisco-bcos-0x000079c93afff6c0|[P2PService][Router][updateDstNodeEntry]insert new entry into the routerTable,distance=1,dst=3082010a0282010100d938a7d0e5078fdc3bfe83bfe8c789160de4c9e207ff836ef8d64a0c846f5f628646fe9170bec49eec44aebb3f17334e76b1003dae65d6858a626d60a3ff3dbbff8cf15ca934ca0f7a09b9ae6c17c911bb2f6083cab81540e00a8d9b9393a3341b90dd134f4a2ec21f1d8c55c2df687896873a36661a862226614582077d41811bcb3e6632cbf1767f6189b76054e8186606ee5a2c73bffe1bd6c8fc415f481324f015045231d662173b6f7e814068dffd598ce9a6f4630744bb0aa80f9f74403f4c3da3ca856b40d043885cc1e7beac524853fafb01fb61c3023ab04047e29d50a5d4cd612fc9ae90e7832fde7d1dea0804dc16fff17500517be0bf5d28f4ab0203010001,nextHop=,size=2
info|2026-02-06 15:24:16.486762|fisco-bcos-0x000079c93afff6c0|[P2PService][Service2][onNewSession]update routerTable,dst=3082010a0282010100d938a7d0e5078fdc3bfe83bfe8c789160de4c9e207ff836ef8d64a0c846f5f628646fe9170bec49eec44aebb3f17334e76b1003dae65d6858a626d60a3ff3dbbff8cf15ca934ca0f7a09b9ae6c17c911bb2f6083cab81540e00a8d9b9393a3341b90dd134f4a2ec21f1d8c55c2df687896873a36661a862226614582077d41811bcb3e6632cbf1767f6189b76054e8186606ee5a2c73bffe1bd6c8fc415f481324f015045231d662173b6f7e814068dffd598ce9a6f4630744bb0aa80f9f74403f4c3da3ca856b40d043885cc1e7beac524853fafb01fb61c3023ab04047e29d50a5d4cd612fc9ae90e7832fde7d1dea0804dc16fff17500517be0bf5d28f4ab0203010001
info|2026-02-06 15:24:16.486765|fisco-bcos-0x000079c93afff6c0|[P2PService][Service]Connection established,p2pid=3082010a0282010100d938a7d0e5078fdc3bfe83bfe8c789160de4c9e207ff836ef8d64a0c846f5f628646fe9170bec49eec44aebb3f17334e76b1003dae65d6858a626d60a3ff3dbbff8cf15ca934ca0f7a09b9ae6c17c911bb2f6083cab81540e00a8d9b9393a3341b90dd134f4a2ec21f1d8c55c2df687896873a36661a862226614582077d41811bcb3e6632cbf1767f6189b76054e8186606ee5a2c73bffe1bd6c8fc415f481324f015045231d662173b6f7e814068dffd598ce9a6f4630744bb0aa80f9f74403f4c3da3ca856b40d043885cc1e7beac524853fafb01fb61c3023ab04047e29d50a5d4cd612fc9ae90e7832fde7d1dea0804dc16fff17500517be0bf5d28f4ab0203010001,endpoint=127.0.0.1:35580
info|2026-02-06 15:24:16.486940|fisco-bcos-0x000079c9399ff6c0|[P2PService][Service]onConnect,p2pid=3082010a0282010100a492268b412bea3e8f972dff0dc52c521cd06884f53d90f3889c7014f7cb635c38a07b81af9630f2b04238a726b029af6b4b924e132710d2894b7175f12a5e323a7119afd27786b01965d49b9c885ff3768f40b9d57817bc1305124f40ced3b1ac99666773a3a64cce079e95acbc31d42f416aad362594008547aae561213b022db32ed9d1bd67df5c020bc44dcc073982b4566fd04048555b1ea84279063d5b1047e9f42776ef03677d2dd1454433fdb3feced3f41b92efdfeda545d56c1c9ba349584c9095f3ad9e31c2db11cbe3007ee7817f5846f87eb01c296d81b36dbbc765b4c7af74aface1276dd4fd91963729e495694b6af5c0d6111c49115a2c3f0203010001,endpoint=127.0.0.1
info|2026-02-06 15:24:16.486973|fisco-bcos-0x000079c9365fe6c0|[P2PService][Service]onConnect,p2pid=3082010a0282010100d938a7d0e5078fdc3bfe83bfe8c789160de4c9e207ff836ef8d64a0c846f5f628646fe9170bec49eec44aebb3f17334e76b1003dae65d6858a626d60a3ff3dbbff8cf15ca934ca0f7a09b9ae6c17c911bb2f6083cab81540e00a8d9b9393a3341b90dd134f4a2ec21f1d8c55c2df687896873a36661a862226614582077d41811bcb3e6632cbf1767f6189b76054e8186606ee5a2c73bffe1bd6c8fc415f481324f015045231d662173b6f7e814068dffd598ce9a6f4630744bb0aa80f9f74403f4c3da3ca856b40d043885cc1e7beac524853fafb01fb61c3023ab04047e29d50a5d4cd612fc9ae90e7832fde7d1dea0804dc16fff17500517be0bf5d28f4ab0203010001,endpoint=127.0.0.1
info|2026-02-06 15:24:16.486987|fisco-bcos-0x000079c9365fe6c0|[P2PService][Service]Disconnect duplicate peer,p2pid=3082010a0282010100d938a7d0e5078fdc3bfe83bfe8c789160de4c9e207ff836ef8d64a0c846f5f628646fe9170bec49eec44aebb3f17334e76b1003dae65d6858a626d60a3ff3dbbff8cf15ca934ca0f7a09b9ae6c17c911bb2f6083cab81540e00a8d9b9393a3341b90dd134f4a2ec21f1d8c55c2df687896873a36661a862226614582077d41811bcb3e6632cbf1767f6189b76054e8186606ee5a2c73bffe1bd6c8fc415f481324f015045231d662173b6f7e814068dffd598ce9a6f4630744bb0aa80f9f74403f4c3da3ca856b40d043885cc1e7beac524853fafb01fb61c3023ab04047e29d50a5d4cd612fc9ae90e7832fde7d1dea0804dc16fff17500517be0bf5d28f4ab0203010001
info|2026-02-06 15:24:16.487017|ioService-0x000079c928dff6c0|[NETWORK][Host]startPeerSession, Remote=0.0.0.0:0,local endpoint=0.0.0.0:0,p2pid=3082010a02820101009d9833c7e1dbf7d476b1fd7227e247b488323cbd272862d096a4010035236b7d36e2aede87e4f36adfd2e2e44f2945e9a4170901f5865f04cb779a1c1e1fc2f3e56fc6ea80a2665d5da60fce851ccd94bb60aced8e256a551ebb6edcf78febb8eb8bbb3c4fab73bacd5675925d72c787a8d8e179c70b24c484ae98ea7cc956a196c0c8266073d549963e44bfee479261b4c7a5497320d8a89de71743baf1516450118e57b4b07227de0429adf0d02305ad79d40958f48b3c7d6802814fc5c25be7c54c85463c993254d08401e1c7c1cc5586b265a1616617cc2ba7f29e928ff792e4ff33ada9b1bb7ee5a43130da18ba109a9e2186dfa6c2dc1d823e9066e1590203010001
info|2026-02-06 15:24:16.487042|fisco-bcos-0x000079c9365fe6c0|[P2PService][Service]updateStaticNodes,nodeid=3082010a0282010100d938a7d0e5078fdc3bfe83bfe8c789160de4c9e207ff836ef8d64a0c846f5f628646fe9170bec49eec44aebb3f17334e76b1003dae65d6858a626d60a3ff3dbbff8cf15ca934ca0f7a09b9ae6c17c911bb2f6083cab81540e00a8d9b9393a3341b90dd134f4a2ec21f1d8c55c2df687896873a36661a862226614582077d41811bcb3e6632cbf1767f6189b76054e8186606ee5a2c73bffe1bd6c8fc415f481324f015045231d662173b6f7e814068dffd598ce9a6f4630744bb0aa80f9f74403f4c3da3ca856b40d043885cc1e7beac524853fafb01fb61c3023ab04047e29d50a5d4cd612fc9ae90e7832fde7d1dea0804dc16fff17500517be0bf5d28f4ab0203010001,endpoint=127.0.0.1:30301
info|2026-02-06 15:24:16.487052|fisco-bcos-0x000079c9365fe6c0|[SESSION][Session][Session::~Session] this=0x79c927a861d0
info|2026-02-06 15:24:16.487082|fisco-bcos-0x000079c9399ff6c0|[P2PService][P2PSession][P2PSession::P2PSession] this=0x79c9380141d0
info|2026-02-06 15:24:16.487091|ioService-0x000079c9279fd6c0|[NETWORK][Host]startPeerSession, Remote=127.0.0.1:35580,local endpoint=127.0.0.1:30302,p2pid=3082010a0282010100d938a7d0e5078fdc3bfe83bfe8c789160de4c9e207ff836ef8d64a0c846f5f628646fe9170bec49eec44aebb3f17334e76b1003dae65d6858a626d60a3ff3dbbff8cf15ca934ca0f7a09b9ae6c17c911bb2f6083cab81540e00a8d9b9393a3341b90dd134f4a2ec21f1d8c55c2df687896873a36661a862226614582077d41811bcb3e6632cbf1767f6189b76054e8186606ee5a2c73bffe1bd6c8fc415f481324f015045231d662173b6f7e814068dffd598ce9a6f4630744bb0aa80f9f74403f4c3da3ca856b40d043885cc1e7beac524853fafb01fb61c3023ab04047e29d50a5d4cd612fc9ae90e7832fde7d1dea0804dc16fff17500517be0bf5d28f4ab0203010001
info|2026-02-06 15:24:16.487110|ioService-0x000079c9279fd6c0|[SESSION][Session]doRead error,endpoint=127.0.0.1:35580,message=stream truncated
info|2026-02-06 15:24:16.487115|ioService-0x000079c9279fd6c0|[SESSION][Session]drop, call and erase all callback in this session!,this=0x79c91ea5d1d0,endpoint=127.0.0.1:35580
warning|2026-02-06 15:24:16.487126|fisco-bcos-0x000079c92dbfa6c0|[P2PService][Service2][onMessage],code=3,msg=Disconnect
info|2026-02-06 15:24:16.487135|fisco-bcos-0x000079c92dbfa6c0|[P2PService][Service]disconnect error P2PSession,p2pid=3082010a0282010100d938a7d0e5078fdc3bfe83bfe8c789160de4c9e207ff836ef8d64a0c846f5f628646fe9170bec49eec44aebb3f17334e76b1003dae65d6858a626d60a3ff3dbbff8cf15ca934ca0f7a09b9ae6c17c911bb2f6083cab81540e00a8d9b9393a3341b90dd134f4a2ec21f1d8c55c2df687896873a36661a862226614582077d41811bcb3e6632cbf1767f6189b76054e8186606ee5a2c73bffe1bd6c8fc415f481324f015045231d662173b6f7e814068dffd598ce9a6f4630744bb0aa80f9f74403f4c3da3ca856b40d043885cc1e7beac524853fafb01fb61c3023ab04047e29d50a5d4cd612fc9ae90e7832fde7d1dea0804dc16fff17500517be0bf5d28f4ab0203010001,endpoint=127.0.0.1:35580,code=3,message=Disconnect
info|2026-02-06 15:24:16.487143|ioService-0x000079c9279fd6c0|[SESSION][Session][drop] closing remote 127.0.0.1:35580,reason=Low-level TCP communication error.,endpoint=127.0.0.1:35580
info|2026-02-06 15:24:16.487194|fisco-bcos-0x000079c9399ff6c0|[SESSION][Session][start] start session ,this=0x79c90b6861d0
info|2026-02-06 15:24:16.487205|fisco-bcos-0x000079c9399ff6c0|[P2PService][Service]asyncSendProtocol,payload=5,seq=11
info|2026-02-06 15:24:16.487201|ioService-0x000079c9279fd6c0|[SESSION][Session][drop] shutdown failed ,failedValue=9,message=Bad file descriptor
info|2026-02-06 15:24:16.487209|fisco-bcos-0x000079c9399ff6c0|[P2PService][Service]updateStaticNodes,nodeid=3082010a0282010100a492268b412bea3e8f972dff0dc52c521cd06884f53d90f3889c7014f7cb635c38a07b81af9630f2b04238a726b029af6b4b924e132710d2894b7175f12a5e323a7119afd27786b01965d49b9c885ff3768f40b9d57817bc1305124f40ced3b1ac99666773a3a64cce079e95acbc31d42f416aad362594008547aae561213b022db32ed9d1bd67df5c020bc44dcc073982b4566fd04048555b1ea84279063d5b1047e9f42776ef03677d2dd1454433fdb3feced3f41b92efdfeda545d56c1c9ba349584c9095f3ad9e31c2db11cbe3007ee7817f5846f87eb01c296d81b36dbbc765b4c7af74aface1276dd4fd91963729e495694b6af5c0d6111c49115a2c3f0203010001,endpoint=127.0.0.1:30300
info|2026-02-06 15:24:16.487223|ioService-0x000079c92a9fe6c0|[NETWORK][Host]startPeerSession, Remote=0.0.0.0:0,local endpoint=0.0.0.0:0,p2pid=3082010a0282010100d938a7d0e5078fdc3bfe83bfe8c789160de4c9e207ff836ef8d64a0c846f5f628646fe9170bec49eec44aebb3f17334e76b1003dae65d6858a626d60a3ff3dbbff8cf15ca934ca0f7a09b9ae6c17c911bb2f6083cab81540e00a8d9b9393a3341b90dd134f4a2ec21f1d8c55c2df687896873a36661a862226614582077d41811bcb3e6632cbf1767f6189b76054e8186606ee5a2c73bffe1bd6c8fc415f481324f015045231d662173b6f7e814068dffd598ce9a6f4630744bb0aa80f9f74403f4c3da3ca856b40d043885cc1e7beac524853fafb01fb61c3023ab04047e29d50a5d4cd612fc9ae90e7832fde7d1dea0804dc16fff17500517be0bf5d28f4ab0203010001
info|2026-02-06 15:24:16.487215|ioService-0x000079c92b1ff6c0|[NETWORK][Host]startPeerSession, Remote=127.0.0.1:30300,local endpoint=127.0.0.1:57272,p2pid=3082010a0282010100a492268b412bea3e8f972dff0dc52c521cd06884f53d90f3889c7014f7cb635c38a07b81af9630f2b04238a726b029af6b4b924e132710d2894b7175f12a5e323a7119afd27786b01965d49b9c885ff3768f40b9d57817bc1305124f40ced3b1ac99666773a3a64cce079e95acbc31d42f416aad362594008547aae561213b022db32ed9d1bd67df5c020bc44dcc073982b4566fd04048555b1ea84279063d5b1047e9f42776ef03677d2dd1454433fdb3feced3f41b92efdfeda545d56c1c9ba349584c9095f3ad9e31c2db11cbe3007ee7817f5846f87eb01c296d81b36dbbc765b4c7af74aface1276dd4fd91963729e495694b6af5c0d6111c49115a2c3f0203010001
info|2026-02-06 15:24:16.487294|fisco-bcos-0x000079c92dbfa6c0|[Gateway][GatewayNodeManager]onRemoveNodeIDs,p2pid=3082010a0282010100d938a7d0e5078fdc3bfe83bfe8c789160de4c9e207ff836ef8d64a0c846f5f628646fe9170bec49eec44aebb3f17334e76b1003dae65d6858a626d60a3ff3dbbff8cf15ca934ca0f7a09b9ae6c17c911bb2f6083cab81540e00a8d9b9393a3341b90dd134f4a2ec21f1d8c55c2df687896873a36661a862226614582077d41811bcb3e6632cbf1767f6189b76054e8186606ee5a2c73bffe1bd6c8fc415f481324f015045231d662173b6f7e814068dffd598ce9a6f4630744bb0aa80f9f74403f4c3da3ca856b40d043885cc1e7beac524853fafb01fb61c3023ab04047e29d50a5d4cd612fc9ae90e7832fde7d1dea0804dc16fff17500517be0bf5d28f4ab0203010001
info|2026-02-06 15:24:16.487319|fisco-bcos-0x000079c92dbfa6c0|[Gateway][Router]PeersRouterTable: removeP2PID,p2pID=3082010a0282010100d938a7d0e5078fdc3bfe83bfe8c789160de4c9e207ff836ef8d64a0c846f5f628646fe9170bec49eec44aebb3f17334e76b1003dae65d6858a626d60a3ff3dbbff8cf15ca934ca0f7a09b9ae6c17c911bb2f6083cab81540e00a8d9b9393a3341b90dd134f4a2ec21f1d8c55c2df687896873a36661a862226614582077d41811bcb3e6632cbf1767f6189b76054e8186606ee5a2c73bffe1bd6c8fc415f481324f015045231d662173b6f7e814068dffd598ce9a6f4630744bb0aa80f9f74403f4c3da3ca856b40d043885cc1e7beac524853fafb01fb61c3023ab04047e29d50a5d4cd612fc9ae90e7832fde7d1dea0804dc16fff17500517be0bf5d28f4ab0203010001
info|2026-02-06 15:24:16.487327|fisco-bcos-0x000079c92dbfa6c0|[Gateway][GatewayNodeManager]syncLatestNodeIDList,groupID=group0,nodeCount=1
info|2026-02-06 15:24:16.487345|fisco-bcos-0x000079c9399ff6c0|[P2PService][Router][updateDstNodeEntry]insert new entry into the routerTable,distance=1,dst=3082010a0282010100a492268b412bea3e8f972dff0dc52c521cd06884f53d90f3889c7014f7cb635c38a07b81af9630f2b04238a726b029af6b4b924e132710d2894b7175f12a5e323a7119afd27786b01965d49b9c885ff3768f40b9d57817bc1305124f40ced3b1ac99666773a3a64cce079e95acbc31d42f416aad362594008547aae561213b022db32ed9d1bd67df5c020bc44dcc073982b4566fd04048555b1ea84279063d5b1047e9f42776ef03677d2dd1454433fdb3feced3f41b92efdfeda545d56c1c9ba349584c9095f3ad9e31c2db11cbe3007ee7817f5846f87eb01c296d81b36dbbc765b4c7af74aface1276dd4fd91963729e495694b6af5c0d6111c49115a2c3f0203010001,nextHop=,size=3
info|2026-02-06 15:24:16.487440|fisco-bcos-0x000079c92dbfa6c0|[FrontService]protocolNegotiate success,nodeID=0d6a7f52cb87ce7fda869e0db309ec9c53723c46f81632c21e4abbf1a9159f14d53f37cc0c4141548da9ec877d6235afd7a501c40d296fc4c5252a8717aa23c2,groupID=group0,minVersion=0,maxVersion=2,supportedMinVersion=0,supportedMaxVersion=2,version=2
info|2026-02-06 15:24:16.487450|fisco-bcos-0x000079c92dbfa6c0|[FrontService]onReceiveGroupNodeInfo,groupID=group0,nodeIDs.size()=1
info|2026-02-06 15:24:16.487521|fisco-bcos-0x000079c93afff6c0|SyncConfig: setConnectedNodeList,size=1
info|2026-02-06 15:24:16.487557|fisco-bcos-0x000079c93afff6c0|SyncConfig: setConnectedNodeList,size=1
info|2026-02-06 15:24:16.487616|fisco-bcos-0x000079c93afff6c0|[FRONTSERVICE]notifyGroupNodeInfo,connectedNodeSize=1
info|2026-02-06 15:24:16.487742|fisco-bcos-0x000079c937dff6c0|[P2PService][Service]onReceiveProtocol: protocolNegotiate success,peer=3082010a0282010100a492268b412bea3e8f972dff0dc52c521cd06884f53d90f3889c7014f7cb635c38a07b81af9630f2b04238a726b029af6b4b924e132710d2894b7175f12a5e323a7119afd27786b01965d49b9c885ff3768f40b9d57817bc1305124f40ced3b1ac99666773a3a64cce079e95acbc31d42f416aad362594008547aae561213b022db32ed9d1bd67df5c020bc44dcc073982b4566fd04048555b1ea84279063d5b1047e9f42776ef03677d2dd1454433fdb3feced3f41b92efdfeda545d56c1c9ba349584c9095f3ad9e31c2db11cbe3007ee7817f5846f87eb01c296d81b36dbbc765b4c7af74aface1276dd4fd91963729e495694b6af5c0d6111c49115a2c3f0203010001,minVersion=0,maxVersion=2,supportMinVersion=0,supportMaxVersion=2,negotiatedVersion=2
info|2026-02-06 15:24:16.487842|fisco-bcos-0x000079c9399ff6c0|[P2PService][Service]Node inactive,nodeid=3082010a0282010100d938a7d0e5078fdc3bfe83bfe8c789160de4c9e207ff836ef8d64a0c846f5f628646fe9170bec49eec44aebb3f17334e76b1003dae65d6858a626d60a3ff3dbbff8cf15ca934ca0f7a09b9ae6c17c911bb2f6083cab81540e00a8d9b9393a3341b90dd134f4a2ec21f1d8c55c2df687896873a36661a862226614582077d41811bcb3e6632cbf1767f6189b76054e8186606ee5a2c73bffe1bd6c8fc415f481324f015045231d662173b6f7e814068dffd598ce9a6f4630744bb0aa80f9f74403f4c3da3ca856b40d043885cc1e7beac524853fafb01fb61c3023ab04047e29d50a5d4cd612fc9ae90e7832fde7d1dea0804dc16fff17500517be0bf5d28f4ab0203010001
info|2026-02-06 15:24:16.487851|fisco-bcos-0x000079c9399ff6c0|[P2PService][Service2][onNewSession]update routerTable,dst=3082010a0282010100a492268b412bea3e8f972dff0dc52c521cd06884f53d90f3889c7014f7cb635c38a07b81af9630f2b04238a726b029af6b4b924e132710d2894b7175f12a5e323a7119afd27786b01965d49b9c885ff3768f40b9d57817bc1305124f40ced3b1ac99666773a3a64cce079e95acbc31d42f416aad362594008547aae561213b022db32ed9d1bd67df5c020bc44dcc073982b4566fd04048555b1ea84279063d5b1047e9f42776ef03677d2dd1454433fdb3feced3f41b92efdfeda545d56c1c9ba349584c9095f3ad9e31c2db11cbe3007ee7817f5846f87eb01c296d81b36dbbc765b4c7af74aface1276dd4fd91963729e495694b6af5c0d6111c49115a2c3f0203010001
info|2026-02-06 15:24:16.487860|fisco-bcos-0x000079c9399ff6c0|[P2PService][Service]Connection established,p2pid=3082010a0282010100a492268b412bea3e8f972dff0dc52c521cd06884f53d90f3889c7014f7cb635c38a07b81af9630f2b04238a726b029af6b4b924e132710d2894b7175f12a5e323a7119afd27786b01965d49b9c885ff3768f40b9d57817bc1305124f40ced3b1ac99666773a3a64cce079e95acbc31d42f416aad362594008547aae561213b022db32ed9d1bd67df5c020bc44dcc073982b4566fd04048555b1ea84279063d5b1047e9f42776ef03677d2dd1454433fdb3feced3f41b92efdfeda545d56c1c9ba349584c9095f3ad9e31c2db11cbe3007ee7817f5846f87eb01c296d81b36dbbc765b4c7af74aface1276dd4fd91963729e495694b6af5c0d6111c49115a2c3f0203010001,endpoint=127.0.0.1:30300
info|2026-02-06 15:24:16.487874|fisco-bcos-0x000079c92dbfa6c0|[P2PService][Router][erase]make the router unreachable,dst=3082010a0282010100d938a7d0e5078fdc3bfe83bfe8c789160de4c9e207ff836ef8d64a0c846f5f628646fe9170bec49eec44aebb3f17334e76b1003dae65d6858a626d60a3ff3dbbff8cf15ca934ca0f7a09b9ae6c17c911bb2f6083cab81540e00a8d9b9393a3341b90dd134f4a2ec21f1d8c55c2df687896873a36661a862226614582077d41811bcb3e6632cbf1767f6189b76054e8186606ee5a2c73bffe1bd6c8fc415f481324f015045231d662173b6f7e814068dffd598ce9a6f4630744bb0aa80f9f74403f4c3da3ca856b40d043885cc1e7beac524853fafb01fb61c3023ab04047e29d50a5d4cd612fc9ae90e7832fde7d1dea0804dc16fff17500517be0bf5d28f4ab0203010001,distance=10,size=3
info|2026-02-06 15:24:16.487882|fisco-bcos-0x000079c92dbfa6c0|[Gateway][GatewayNodeManager]onRemoveNodeIDs,p2pid=3082010a0282010100d938a7d0e5078fdc3bfe83bfe8c789160de4c9e207ff836ef8d64a0c846f5f628646fe9170bec49eec44aebb3f17334e76b1003dae65d6858a626d60a3ff3dbbff8cf15ca934ca0f7a09b9ae6c17c911bb2f6083cab81540e00a8d9b9393a3341b90dd134f4a2ec21f1d8c55c2df687896873a36661a862226614582077d41811bcb3e6632cbf1767f6189b76054e8186606ee5a2c73bffe1bd6c8fc415f481324f015045231d662173b6f7e814068dffd598ce9a6f4630744bb0aa80f9f74403f4c3da3ca856b40d043885cc1e7beac524853fafb01fb61c3023ab04047e29d50a5d4cd612fc9ae90e7832fde7d1dea0804dc16fff17500517be0bf5d28f4ab0203010001
info|2026-02-06 15:24:16.487884|fisco-bcos-0x000079c92dbfa6c0|[Gateway][Router]PeersRouterTable: removeP2PID,p2pID=3082010a0282010100d938a7d0e5078fdc3bfe83bfe8c789160de4c9e207ff836ef8d64a0c846f5f628646fe9170bec49eec44aebb3f17334e76b1003dae65d6858a626d60a3ff3dbbff8cf15ca934ca0f7a09b9ae6c17c911bb2f6083cab81540e00a8d9b9393a3341b90dd134f4a2ec21f1d8c55c2df687896873a36661a862226614582077d41811bcb3e6632cbf1767f6189b76054e8186606ee5a2c73bffe1bd6c8fc415f481324f015045231d662173b6f7e814068dffd598ce9a6f4630744bb0aa80f9f74403f4c3da3ca856b40d043885cc1e7beac524853fafb01fb61c3023ab04047e29d50a5d4cd612fc9ae90e7832fde7d1dea0804dc16fff17500517be0bf5d28f4ab0203010001
info|2026-02-06 15:24:16.487806|fisco-bcos-0x000079c92dffb6c0|[P2PService][Service2][onReceiveRouterSeq]receive router seq and request router table,peer=3082010a0282010100a492268b412bea3e8f972dff0dc52c521cd06884f53d90f3889c7014f7cb635c38a07b81af9630f2b04238a726b029af6b4b924e132710d2894b7175f12a5e323a7119afd27786b01965d49b9c885ff3768f40b9d57817bc1305124f40ced3b1ac99666773a3a64cce079e95acbc31d42f416aad362594008547aae561213b022db32ed9d1bd67df5c020bc44dcc073982b4566fd04048555b1ea84279063d5b1047e9f42776ef03677d2dd1454433fdb3feced3f41b92efdfeda545d56c1c9ba349584c9095f3ad9e31c2db11cbe3007ee7817f5846f87eb01c296d81b36dbbc765b4c7af74aface1276dd4fd91963729e495694b6af5c0d6111c49115a2c3f0203010001,seq=6
info|2026-02-06 15:24:16.487889|fisco-bcos-0x000079c92dbfa6c0|[Gateway][GatewayNodeManager]syncLatestNodeIDList,groupID=group0,nodeCount=1
info|2026-02-06 15:24:16.487892|fisco-bcos-0x000079c92dbfa6c0|[FrontService]protocolNegotiate success,nodeID=0d6a7f52cb87ce7fda869e0db309ec9c53723c46f81632c21e4abbf1a9159f14d53f37cc0c4141548da9ec877d6235afd7a501c40d296fc4c5252a8717aa23c2,groupID=group0,minVersion=0,maxVersion=2,supportedMinVersion=0,supportedMaxVersion=2,version=2
info|2026-02-06 15:24:16.487899|fisco-bcos-0x000079c92dbfa6c0|[FrontService]onReceiveGroupNodeInfo,groupID=group0,nodeIDs.size()=1
info|2026-02-06 15:24:16.487977|fisco-bcos-0x000079c9355ff6c0|SyncConfig: setConnectedNodeList,size=1
info|2026-02-06 15:24:16.487994|fisco-bcos-0x000079c9355ff6c0|SyncConfig: setConnectedNodeList,size=1
info|2026-02-06 15:24:16.487997|fisco-bcos-0x000079c9355ff6c0|[FRONTSERVICE]notifyGroupNodeInfo,connectedNodeSize=1
info|2026-02-06 15:24:16.488137|fisco-bcos-0x000079c92dbfa6c0|[P2PService][Service2][onEraseSession],dst=3082010a0282010100d938a7d0e5078fdc3bfe83bfe8c789160de4c9e207ff836ef8d64a0c846f5f628646fe9170bec49eec44aebb3f17334e76b1003dae65d6858a626d60a3ff3dbbff8cf15ca934ca0f7a09b9ae6c17c911bb2f6083cab81540e00a8d9b9393a3341b90dd134f4a2ec21f1d8c55c2df687896873a36661a862226614582077d41811bcb3e6632cbf1767f6189b76054e8186606ee5a2c73bffe1bd6c8fc415f481324f015045231d662173b6f7e814068dffd598ce9a6f4630744bb0aa80f9f74403f4c3da3ca856b40d043885cc1e7beac524853fafb01fb61c3023ab04047e29d50a5d4cd612fc9ae90e7832fde7d1dea0804dc16fff17500517be0bf5d28f4ab0203010001
info|2026-02-06 15:24:16.488156|fisco-bcos-0x000079c92dbfa6c0|[P2PService][Service]onDisconnect,code=3,what=Dynamic exception type: bcos::gateway::NetworkException
std::exception::what: Disconnect
info|2026-02-06 15:24:16.488183|fisco-bcos-0x000079c92dbfa6c0|[P2PService][P2PSession][P2PSession::~P2PSession] this=0x79c90c05c1d0
info|2026-02-06 15:24:16.488219|fisco-bcos-0x000079c92dbfa6c0|[SESSION][Session][Session::~Session] this=0x79c91ea5d1d0
info|2026-02-06 15:24:16.544669|fisco-bcos-0x000079c92dbfa6c0|[P2PService][Service2][onReceiveRouterTableRequest],peer=3082010a0282010100a492268b412bea3e8f972dff0dc52c521cd06884f53d90f3889c7014f7cb635c38a07b81af9630f2b04238a726b029af6b4b924e132710d2894b7175f12a5e323a7119afd27786b01965d49b9c885ff3768f40b9d57817bc1305124f40ced3b1ac99666773a3a64cce079e95acbc31d42f416aad362594008547aae561213b022db32ed9d1bd67df5c020bc44dcc073982b4566fd04048555b1ea84279063d5b1047e9f42776ef03677d2dd1454433fdb3feced3f41b92efdfeda545d56c1c9ba349584c9095f3ad9e31c2db11cbe3007ee7817f5846f87eb01c296d81b36dbbc765b4c7af74aface1276dd4fd91963729e495694b6af5c0d6111c49115a2c3f0203010001,entrySize=3
info|2026-02-06 15:24:16.546157|fisco-bcos-0x000079c937dff6c0|[P2PService][Service2][onReceiveRouterTableRequest],peer=3082010a0282010100a492268b412bea3e8f972dff0dc52c521cd06884f53d90f3889c7014f7cb635c38a07b81af9630f2b04238a726b029af6b4b924e132710d2894b7175f12a5e323a7119afd27786b01965d49b9c885ff3768f40b9d57817bc1305124f40ced3b1ac99666773a3a64cce079e95acbc31d42f416aad362594008547aae561213b022db32ed9d1bd67df5c020bc44dcc073982b4566fd04048555b1ea84279063d5b1047e9f42776ef03677d2dd1454433fdb3feced3f41b92efdfeda545d56c1c9ba349584c9095f3ad9e31c2db11cbe3007ee7817f5846f87eb01c296d81b36dbbc765b4c7af74aface1276dd4fd91963729e495694b6af5c0d6111c49115a2c3f0203010001,entrySize=3
info|2026-02-06 15:24:16.546197|fisco-bcos-0x000079c92dbfa6c0|[P2PService][Service2][onReceivePeersRouterTable],peer=3082010a0282010100a492268b412bea3e8f972dff0dc52c521cd06884f53d90f3889c7014f7cb635c38a07b81af9630f2b04238a726b029af6b4b924e132710d2894b7175f12a5e323a7119afd27786b01965d49b9c885ff3768f40b9d57817bc1305124f40ced3b1ac99666773a3a64cce079e95acbc31d42f416aad362594008547aae561213b022db32ed9d1bd67df5c020bc44dcc073982b4566fd04048555b1ea84279063d5b1047e9f42776ef03677d2dd1454433fdb3feced3f41b92efdfeda545d56c1c9ba349584c9095f3ad9e31c2db11cbe3007ee7817f5846f87eb01c296d81b36dbbc765b4c7af74aface1276dd4fd91963729e495694b6af5c0d6111c49115a2c3f0203010001,entrySize=3
info|2026-02-06 15:24:16.546236|fisco-bcos-0x000079c92dbfa6c0|[P2PService][Router][updateDstNodeEntry]discover smaller distance, update entry,distance=2,oldDistance=10,dst=3082010a0282010100b85dd5fdfbc4aa99dcef8477a2e1c08c304a63432923826f81b3d0d7d13e79a6ec265462b2f59e76106f8bad7efb849227798aaf7c20a2197e9a95a8ffbbc07f5ccb44d04e995013b9afd04bb77fb7dbfa0f13bd2d404980eae43fc147332e1542ee2d2e973596187bb8ad4dc63b0165052688b1f7fc4a2a8ccb020a55db8ee7b9a45bb901b1c03d94727648a8ec10bfbc854175981345d56f4c783b0211d91f0775e508d8b379b56935777d255f59b63fadc24b43862671f5cbe0d00fcfff7138124c8293f91740a0e0732346eeee748a42f65ddb81da461fce3e76ea6ff452913b80eb5b1dba016f7d4d94f66337cc6bea7a066b8277637aef12c2eba11da10203010001,nextHop=,size=3
info|2026-02-06 15:24:16.546265|fisco-bcos-0x000079c92dbfa6c0|[P2PService][Router][updateDstNodeEntry]discover smaller distance, update entry,distance=2,oldDistance=10,dst=3082010a0282010100d938a7d0e5078fdc3bfe83bfe8c789160de4c9e207ff836ef8d64a0c846f5f628646fe9170bec49eec44aebb3f17334e76b1003dae65d6858a626d60a3ff3dbbff8cf15ca934ca0f7a09b9ae6c17c911bb2f6083cab81540e00a8d9b9393a3341b90dd134f4a2ec21f1d8c55c2df687896873a36661a862226614582077d41811bcb3e6632cbf1767f6189b76054e8186606ee5a2c73bffe1bd6c8fc415f481324f015045231d662173b6f7e814068dffd598ce9a6f4630744bb0aa80f9f74403f4c3da3ca856b40d043885cc1e7beac524853fafb01fb61c3023ab04047e29d50a5d4cd612fc9ae90e7832fde7d1dea0804dc16fff17500517be0bf5d28f4ab0203010001,nextHop=,size=3
info|2026-02-06 15:24:16.546274|fisco-bcos-0x000079c92dbfa6c0|[P2PService][Service2][joinRouterTable]create router entry,dst=3082010a0282010100a492268b412bea3e8f972dff0dc52c521cd06884f53d90f3889c7014f7cb635c38a07b81af9630f2b04238a726b029af6b4b924e132710d2894b7175f12a5e323a7119afd27786b01965d49b9c885ff3768f40b9d57817bc1305124f40ced3b1ac99666773a3a64cce079e95acbc31d42f416aad362594008547aae561213b022db32ed9d1bd67df5c020bc44dcc073982b4566fd04048555b1ea84279063d5b1047e9f42776ef03677d2dd1454433fdb3feced3f41b92efdfeda545d56c1c9ba349584c9095f3ad9e31c2db11cbe3007ee7817f5846f87eb01c296d81b36dbbc765b4c7af74aface1276dd4fd91963729e495694b6af5c0d6111c49115a2c3f0203010001
info|2026-02-06 15:24:16.591203|fisco-bcos-0x000079c92dffb6c0|[P2PService][Service2][onReceiveRouterTableRequest],peer=3082010a0282010100a492268b412bea3e8f972dff0dc52c521cd06884f53d90f3889c7014f7cb635c38a07b81af9630f2b04238a726b029af6b4b924e132710d2894b7175f12a5e323a7119afd27786b01965d49b9c885ff3768f40b9d57817bc1305124f40ced3b1ac99666773a3a64cce079e95acbc31d42f416aad362594008547aae561213b022db32ed9d1bd67df5c020bc44dcc073982b4566fd04048555b1ea84279063d5b1047e9f42776ef03677d2dd1454433fdb3feced3f41b92efdfeda545d56c1c9ba349584c9095f3ad9e31c2db11cbe3007ee7817f5846f87eb01c296d81b36dbbc765b4c7af74aface1276dd4fd91963729e495694b6af5c0d6111c49115a2c3f0203010001,entrySize=3
info|2026-02-06 15:24:17.442307|fisco-bcos-0x000079c95e6ff6c0|[Gateway][GatewayNodeManager]onReceiveNodeStatus,from=3082010a0282010100a492268b412bea3e8f972dff0dc52c521cd06884f53d90f3889c7014f7cb635c38a07b81af9630f2b04238a726b029af6b4b924e132710d2894b7175f12a5e323a7119afd27786b01965d49b9c885ff3768f40b9d57817bc1305124f40ced3b1ac99666773a3a64cce079e95acbc31d42f416aad362594008547aae561213b022db32ed9d1bd67df5c020bc44dcc073982b4566fd04048555b1ea84279063d5b1047e9f42776ef03677d2dd1454433fdb3feced3f41b92efdfeda545d56c1c9ba349584c9095f3ad9e31c2db11cbe3007ee7817f5846f87eb01c296d81b36dbbc765b4c7af74aface1276dd4fd91963729e495694b6af5c0d6111c49115a2c3f0203010001,seq=3,uuid=3082010a0282010100a492268b412bea3e8f972dff0dc52c521cd06884f53d90f3889c7014f7cb635c38a07b81af9630f2b04238a726b029af6b4b924e132710d2894b7175f12a5e323a7119afd27786b01965d49b9c885ff3768f40b9d57817bc1305124f40ced3b1ac99666773a3a64cce079e95acbc31d42f416aad362594008547aae561213b022db32ed9d1bd67df5c020bc44dcc073982b4566fd04048555b1ea84279063d5b1047e9f42776ef03677d2dd1454433fdb3feced3f41b92efdfeda545d56c1c9ba349584c9095f3ad9e31c2db11cbe3007ee7817f5846f87eb01c296d81b36dbbc765b4c7af74aface1276dd4fd91963729e495694b6af5c0d6111c49115a2c3f0203010001
info|2026-02-06 15:24:17.442341|fisco-bcos-0x000079c95e6ff6c0|[Gateway][Router]updatePeerStatus,gatewayUUID=3082010a0282010100a492268b412bea3e8f972dff0dc52c521cd06884f53d90f3889c7014f7cb635c38a07b81af9630f2b04238a726b029af6b4b924e132710d2894b7175f12a5e323a7119afd27786b01965d49b9c885ff3768f40b9d57817bc1305124f40ced3b1ac99666773a3a64cce079e95acbc31d42f416aad362594008547aae561213b022db32ed9d1bd67df5c020bc44dcc073982b4566fd04048555b1ea84279063d5b1047e9f42776ef03677d2dd1454433fdb3feced3f41b92efdfeda545d56c1c9ba349584c9095f3ad9e31c2db11cbe3007ee7817f5846f87eb01c296d81b36dbbc765b4c7af74aface1276dd4fd91963729e495694b6af5c0d6111c49115a2c3f0203010001,nodeList=1
info|2026-02-06 15:24:17.442348|fisco-bcos-0x000079c95e6ff6c0|[Gateway][Router]batchInsertNodeList,group=group0,nodeIDs=1,protocols=1
info|2026-02-06 15:24:17.442354|fisco-bcos-0x000079c95e6ff6c0|[Gateway][Router]GatewayStatus: update,group=group0,type=0,p2pID=3082010a0282010100a492268b412bea3e8f972dff0dc52c521cd06884f53d90f3889c7014f7cb635c38a07b81af9630f2b04238a726b029af6b4b924e132710d2894b7175f12a5e323a7119afd27786b01965d49b9c885ff3768f40b9d57817bc1305124f40ced3b1ac99666773a3a64cce079e95acbc31d42f416aad362594008547aae561213b022db32ed9d1bd67df5c020bc44dcc073982b4566fd04048555b1ea84279063d5b1047e9f42776ef03677d2dd1454433fdb3feced3f41b92efdfeda545d56c1c9ba349584c9095f3ad9e31c2db11cbe3007ee7817f5846f87eb01c296d81b36dbbc765b4c7af74aface1276dd4fd91963729e495694b6af5c0d6111c49115a2c3f0203010001
info|2026-02-06 15:24:17.442373|fisco-bcos-0x000079c95e6ff6c0|[Gateway][GatewayNodeManager]syncLatestNodeIDList,groupID=group0,nodeCount=2
info|2026-02-06 15:24:17.442376|fisco-bcos-0x000079c95e6ff6c0|[FrontService]protocolNegotiate success,nodeID=0d6a7f52cb87ce7fda869e0db309ec9c53723c46f81632c21e4abbf1a9159f14d53f37cc0c4141548da9ec877d6235afd7a501c40d296fc4c5252a8717aa23c2,groupID=group0,minVersion=0,maxVersion=2,supportedMinVersion=0,supportedMaxVersion=2,version=2
info|2026-02-06 15:24:17.442382|fisco-bcos-0x000079c95e6ff6c0|[FrontService]protocolNegotiate success,nodeID=2346c69c46d42278eb237167eb19eb28432b63783cc0fd7cddc90f89c148e755db8941be9b0c5f37cbc21c409a78c154abc75ce0c80818c6fbb76aea6bcd0a9a,groupID=group0,minVersion=0,maxVersion=2,supportedMinVersion=0,supportedMaxVersion=2,version=2
info|2026-02-06 15:24:17.442385|fisco-bcos-0x000079c95e6ff6c0|[FrontService]onReceiveGroupNodeInfo,groupID=group0,nodeIDs.size()=2
info|2026-02-06 15:24:17.442407|fisco-bcos-0x000079c95e6ff6c0|SyncConfig: setConnectedNodeList,size=2
info|2026-02-06 15:24:17.442454|fisco-bcos-0x000079c95e6ff6c0|SyncConfig: setConnectedNodeList,size=2
info|2026-02-06 15:24:17.442459|fisco-bcos-0x000079c95e6ff6c0|[FRONTSERVICE]notifyGroupNodeInfo,connectedNodeSize=2
info|2026-02-06 15:24:17.487184|fisco-bcos-0x000079c95d7fd6c0|[Gateway][GatewayNodeManager]generateNodeStatus,groupType=0,groupID=group0,nodeListSize=1,nodeTypeListSize=1,seq=3
info|2026-02-06 15:24:17.487211|fisco-bcos-0x000079c95d7fd6c0|[Gateway][GatewayNodeManager]generateNodeStatus,nodeListSize=1
info|2026-02-06 15:24:17.488138|fisco-bcos-0x000079c9365fe6c0|[Gateway][GatewayNodeManager]generateNodeStatus,groupType=0,groupID=group0,nodeListSize=1,nodeTypeListSize=1,seq=3
info|2026-02-06 15:24:17.488192|fisco-bcos-0x000079c9365fe6c0|[Gateway][GatewayNodeManager]generateNodeStatus,nodeListSize=1
info|2026-02-06 15:24:17.489547|fisco-bcos-0x000079c935dfc6c0|[Gateway][GatewayNodeManager]generateNodeStatus,groupType=0,groupID=group0,nodeListSize=1,nodeTypeListSize=1,seq=3
info|2026-02-06 15:24:17.489584|fisco-bcos-0x000079c935dfc6c0|[Gateway][GatewayNodeManager]generateNodeStatus,nodeListSize=1
info|2026-02-06 15:24:17.490156|fisco-bcos-0x000079c93bdff6c0|[Gateway][GatewayNodeManager]onReceiveNodeStatus,from=3082010a0282010100b85dd5fdfbc4aa99dcef8477a2e1c08c304a63432923826f81b3d0d7d13e79a6ec265462b2f59e76106f8bad7efb849227798aaf7c20a2197e9a95a8ffbbc07f5ccb44d04e995013b9afd04bb77fb7dbfa0f13bd2d404980eae43fc147332e1542ee2d2e973596187bb8ad4dc63b0165052688b1f7fc4a2a8ccb020a55db8ee7b9a45bb901b1c03d94727648a8ec10bfbc854175981345d56f4c783b0211d91f0775e508d8b379b56935777d255f59b63fadc24b43862671f5cbe0d00fcfff7138124c8293f91740a0e0732346eeee748a42f65ddb81da461fce3e76ea6ff452913b80eb5b1dba016f7d4d94f66337cc6bea7a066b8277637aef12c2eba11da10203010001,seq=3,uuid=3082010a0282010100b85dd5fdfbc4aa99dcef8477a2e1c08c304a63432923826f81b3d0d7d13e79a6ec265462b2f59e76106f8bad7efb849227798aaf7c20a2197e9a95a8ffbbc07f5ccb44d04e995013b9afd04bb77fb7dbfa0f13bd2d404980eae43fc147332e1542ee2d2e973596187bb8ad4dc63b0165052688b1f7fc4a2a8ccb020a55db8ee7b9a45bb901b1c03d94727648a8ec10bfbc854175981345d56f4c783b0211d91f0775e508d8b379b56935777d255f59b63fadc24b43862671f5cbe0d00fcfff7138124c8293f91740a0e0732346eeee748a42f65ddb81da461fce3e76ea6ff452913b80eb5b1dba016f7d4d94f66337cc6bea7a066b8277637aef12c2eba11da10203010001
info|2026-02-06 15:24:17.490248|fisco-bcos-0x000079c93bdff6c0|[Gateway][Router]updatePeerStatus,gatewayUUID=3082010a0282010100b85dd5fdfbc4aa99dcef8477a2e1c08c304a63432923826f81b3d0d7d13e79a6ec265462b2f59e76106f8bad7efb849227798aaf7c20a2197e9a95a8ffbbc07f5ccb44d04e995013b9afd04bb77fb7dbfa0f13bd2d404980eae43fc147332e1542ee2d2e973596187bb8ad4dc63b0165052688b1f7fc4a2a8ccb020a55db8ee7b9a45bb901b1c03d94727648a8ec10bfbc854175981345d56f4c783b0211d91f0775e508d8b379b56935777d255f59b63fadc24b43862671f5cbe0d00fcfff7138124c8293f91740a0e0732346eeee748a42f65ddb81da461fce3e76ea6ff452913b80eb5b1dba016f7d4d94f66337cc6bea7a066b8277637aef12c2eba11da10203010001,nodeList=1
info|2026-02-06 15:24:17.490267|fisco-bcos-0x000079c93bdff6c0|[Gateway][Router]batchInsertNodeList,group=group0,nodeIDs=1,protocols=1
info|2026-02-06 15:24:17.490293|fisco-bcos-0x000079c93bdff6c0|[Gateway][Router]GatewayStatus: update,group=group0,type=0,p2pID=3082010a0282010100b85dd5fdfbc4aa99dcef8477a2e1c08c304a63432923826f81b3d0d7d13e79a6ec265462b2f59e76106f8bad7efb849227798aaf7c20a2197e9a95a8ffbbc07f5ccb44d04e995013b9afd04bb77fb7dbfa0f13bd2d404980eae43fc147332e1542ee2d2e973596187bb8ad4dc63b0165052688b1f7fc4a2a8ccb020a55db8ee7b9a45bb901b1c03d94727648a8ec10bfbc854175981345d56f4c783b0211d91f0775e508d8b379b56935777d255f59b63fadc24b43862671f5cbe0d00fcfff7138124c8293f91740a0e0732346eeee748a42f65ddb81da461fce3e76ea6ff452913b80eb5b1dba016f7d4d94f66337cc6bea7a066b8277637aef12c2eba11da10203010001
info|2026-02-06 15:24:17.490314|fisco-bcos-0x000079c93bdff6c0|[Gateway][GatewayNodeManager]syncLatestNodeIDList,groupID=group0,nodeCount=3
info|2026-02-06 15:24:17.490322|fisco-bcos-0x000079c93bdff6c0|[FrontService]protocolNegotiate success,nodeID=0d6a7f52cb87ce7fda869e0db309ec9c53723c46f81632c21e4abbf1a9159f14d53f37cc0c4141548da9ec877d6235afd7a501c40d296fc4c5252a8717aa23c2,groupID=group0,minVersion=0,maxVersion=2,supportedMinVersion=0,supportedMaxVersion=2,version=2
info|2026-02-06 15:24:17.490339|fisco-bcos-0x000079c93bdff6c0|[FrontService]protocolNegotiate success,nodeID=2346c69c46d42278eb237167eb19eb28432b63783cc0fd7cddc90f89c148e755db8941be9b0c5f37cbc21c409a78c154abc75ce0c80818c6fbb76aea6bcd0a9a,groupID=group0,minVersion=0,maxVersion=2,supportedMinVersion=0,supportedMaxVersion=2,version=2
info|2026-02-06 15:24:17.490347|fisco-bcos-0x000079c93bdff6c0|[FrontService]protocolNegotiate success,nodeID=5b07d12d1512a66493c8fd3456d8c505e6ce05f20061613a4c48a1fa3755bbf9cc2d2f1878c4a6733389f03deb0a3fc0c672e2f4910fde9802d6675929cb3dc5,groupID=group0,minVersion=0,maxVersion=2,supportedMinVersion=0,supportedMaxVersion=2,version=2
info|2026-02-06 15:24:17.490361|fisco-bcos-0x000079c93bdff6c0|[FrontService]onReceiveGroupNodeInfo,groupID=group0,nodeIDs.size()=3
info|2026-02-06 15:24:17.490555|fisco-bcos-0x000079c93bdff6c0|SyncConfig: setConnectedNodeList,size=3
info|2026-02-06 15:24:17.490722|fisco-bcos-0x000079c93bdff6c0|SyncConfig: setConnectedNodeList,size=3
info|2026-02-06 15:24:17.490741|fisco-bcos-0x000079c93bdff6c0|[FRONTSERVICE]notifyGroupNodeInfo,connectedNodeSize=3
info|2026-02-06 15:24:17.574988|fisco-bcos-0x000079c937dff6c0|[Gateway][GatewayNodeManager]onReceiveNodeStatus,from=3082010a0282010100d938a7d0e5078fdc3bfe83bfe8c789160de4c9e207ff836ef8d64a0c846f5f628646fe9170bec49eec44aebb3f17334e76b1003dae65d6858a626d60a3ff3dbbff8cf15ca934ca0f7a09b9ae6c17c911bb2f6083cab81540e00a8d9b9393a3341b90dd134f4a2ec21f1d8c55c2df687896873a36661a862226614582077d41811bcb3e6632cbf1767f6189b76054e8186606ee5a2c73bffe1bd6c8fc415f481324f015045231d662173b6f7e814068dffd598ce9a6f4630744bb0aa80f9f74403f4c3da3ca856b40d043885cc1e7beac524853fafb01fb61c3023ab04047e29d50a5d4cd612fc9ae90e7832fde7d1dea0804dc16fff17500517be0bf5d28f4ab0203010001,seq=3,uuid=3082010a0282010100d938a7d0e5078fdc3bfe83bfe8c789160de4c9e207ff836ef8d64a0c846f5f628646fe9170bec49eec44aebb3f17334e76b1003dae65d6858a626d60a3ff3dbbff8cf15ca934ca0f7a09b9ae6c17c911bb2f6083cab81540e00a8d9b9393a3341b90dd134f4a2ec21f1d8c55c2df687896873a36661a862226614582077d41811bcb3e6632cbf1767f6189b76054e8186606ee5a2c73bffe1bd6c8fc415f481324f015045231d662173b6f7e814068dffd598ce9a6f4630744bb0aa80f9f74403f4c3da3ca856b40d043885cc1e7beac524853fafb01fb61c3023ab04047e29d50a5d4cd612fc9ae90e7832fde7d1dea0804dc16fff17500517be0bf5d28f4ab0203010001
info|2026-02-06 15:24:17.575061|fisco-bcos-0x000079c937dff6c0|[Gateway][Router]updatePeerStatus,gatewayUUID=3082010a0282010100d938a7d0e5078fdc3bfe83bfe8c789160de4c9e207ff836ef8d64a0c846f5f628646fe9170bec49eec44aebb3f17334e76b1003dae65d6858a626d60a3ff3dbbff8cf15ca934ca0f7a09b9ae6c17c911bb2f6083cab81540e00a8d9b9393a3341b90dd134f4a2ec21f1d8c55c2df687896873a36661a862226614582077d41811bcb3e6632cbf1767f6189b76054e8186606ee5a2c73bffe1bd6c8fc415f481324f015045231d662173b6f7e814068dffd598ce9a6f4630744bb0aa80f9f74403f4c3da3ca856b40d043885cc1e7beac524853fafb01fb61c3023ab04047e29d50a5d4cd612fc9ae90e7832fde7d1dea0804dc16fff17500517be0bf5d28f4ab0203010001,nodeList=1
info|2026-02-06 15:24:17.575096|fisco-bcos-0x000079c937dff6c0|[Gateway][Router]batchInsertNodeList,group=group0,nodeIDs=1,protocols=1
info|2026-02-06 15:24:17.575109|fisco-bcos-0x000079c937dff6c0|[Gateway][Router]GatewayStatus: update,group=group0,type=0,p2pID=3082010a0282010100d938a7d0e5078fdc3bfe83bfe8c789160de4c9e207ff836ef8d64a0c846f5f628646fe9170bec49eec44aebb3f17334e76b1003dae65d6858a626d60a3ff3dbbff8cf15ca934ca0f7a09b9ae6c17c911bb2f6083cab81540e00a8d9b9393a3341b90dd134f4a2ec21f1d8c55c2df687896873a36661a862226614582077d41811bcb3e6632cbf1767f6189b76054e8186606ee5a2c73bffe1bd6c8fc415f481324f015045231d662173b6f7e814068dffd598ce9a6f4630744bb0aa80f9f74403f4c3da3ca856b40d043885cc1e7beac524853fafb01fb61c3023ab04047e29d50a5d4cd612fc9ae90e7832fde7d1dea0804dc16fff17500517be0bf5d28f4ab0203010001
info|2026-02-06 15:24:17.575174|fisco-bcos-0x000079c937dff6c0|[Gateway][GatewayNodeManager]syncLatestNodeIDList,groupID=group0,nodeCount=4
info|2026-02-06 15:24:17.575189|fisco-bcos-0x000079c937dff6c0|[FrontService]protocolNegotiate success,nodeID=0d6a7f52cb87ce7fda869e0db309ec9c53723c46f81632c21e4abbf1a9159f14d53f37cc0c4141548da9ec877d6235afd7a501c40d296fc4c5252a8717aa23c2,groupID=group0,minVersion=0,maxVersion=2,supportedMinVersion=0,supportedMaxVersion=2,version=2
info|2026-02-06 15:24:17.575212|fisco-bcos-0x000079c937dff6c0|[FrontService]protocolNegotiate success,nodeID=21a47acec36f73d8e925a7d5db44793f998e1a42a6d7ee2e3a5cf4037b853452cb76f6cbab8e5b223a128e8ee15790d1f629858b47070b4eb2e1ddb2b0ada297,groupID=group0,minVersion=0,maxVersion=2,supportedMinVersion=0,supportedMaxVersion=2,version=2
info|2026-02-06 15:24:17.575219|fisco-bcos-0x000079c937dff6c0|[FrontService]protocolNegotiate success,nodeID=2346c69c46d42278eb237167eb19eb28432b63783cc0fd7cddc90f89c148e755db8941be9b0c5f37cbc21c409a78c154abc75ce0c80818c6fbb76aea6bcd0a9a,groupID=group0,minVersion=0,maxVersion=2,supportedMinVersion=0,supportedMaxVersion=2,version=2
info|2026-02-06 15:24:17.575230|fisco-bcos-0x000079c937dff6c0|[FrontService]protocolNegotiate success,nodeID=5b07d12d1512a66493c8fd3456d8c505e6ce05f20061613a4c48a1fa3755bbf9cc2d2f1878c4a6733389f03deb0a3fc0c672e2f4910fde9802d6675929cb3dc5,groupID=group0,minVersion=0,maxVersion=2,supportedMinVersion=0,supportedMaxVersion=2,version=2
info|2026-02-06 15:24:17.575239|fisco-bcos-0x000079c937dff6c0|[FrontService]onReceiveGroupNodeInfo,groupID=group0,nodeIDs.size()=4
info|2026-02-06 15:24:17.575360|fisco-bcos-0x000079c937dff6c0|SyncConfig: setConnectedNodeList,size=4
info|2026-02-06 15:24:17.575473|fisco-bcos-0x000079c937dff6c0|SyncConfig: setConnectedNodeList,size=4
info|2026-02-06 15:24:17.575513|fisco-bcos-0x000079c937dff6c0|[FRONTSERVICE]notifyGroupNodeInfo,connectedNodeSize=4
info|2026-02-06 15:24:17.632509|fisco-bcos-0x000079c93afff6c0|[TIMESYNC]updateTimeInfo: update median time offset,updatedMedianTimeOffset=0,peer=2346c69c...,peerTime=1770362657630,peerOffset=-2,utcTime=1770362657632
info|2026-02-06 15:24:17.675927|fisco-bcos-0x000079c9361fd6c0|[TIMESYNC]updateTimeInfo: update median time offset,updatedMedianTimeOffset=0,peer=21a47ace...,peerTime=1770362657635,peerOffset=-40,utcTime=1770362657675
info|2026-02-06 15:24:17.676172|fisco-bcos-0x000079c95d7fd6c0|[TIMESYNC]updateTimeInfo: update median time offset,updatedMedianTimeOffset=0,peer=5b07d12d...,peerTime=1770362657643,peerOffset=-33,utcTime=1770362657676
info|2026-02-06 15:24:18.464344|amopDispatcher-0x000079c962ffd6c0|[AMOP][AMOP][onReceiveTopicSeqMessage][try to request latest AMOP information],nodeID=3082010a0282010100a492268b412bea3e8f972dff0dc52c521cd06884f53d90f3889c7014f7cb635c38a07b81af9630f2b04238a726b029af6b4b924e132710d2894b7175f12a5e323a7119afd27786b01965d49b9c885ff3768f40b9d57817bc1305124f40ced3b1ac99666773a3a64cce079e95acbc31d42f416aad362594008547aae561213b022db32ed9d1bd67df5c020bc44dcc073982b4566fd04048555b1ea84279063d5b1047e9f42776ef03677d2dd1454433fdb3feced3f41b92efdfeda545d56c1c9ba349584c9095f3ad9e31c2db11cbe3007ee7817f5846f87eb01c296d81b36dbbc765b4c7af74aface1276dd4fd91963729e495694b6af5c0d6111c49115a2c3f0203010001,topicSeq=1
info|2026-02-06 15:24:18.465501|amopDispatcher-0x000079c962ffd6c0|[AMOP][AMOP][onReceiveTopicSeqMessage][try to request latest AMOP information],nodeID=3082010a0282010100b85dd5fdfbc4aa99dcef8477a2e1c08c304a63432923826f81b3d0d7d13e79a6ec265462b2f59e76106f8bad7efb849227798aaf7c20a2197e9a95a8ffbbc07f5ccb44d04e995013b9afd04bb77fb7dbfa0f13bd2d404980eae43fc147332e1542ee2d2e973596187bb8ad4dc63b0165052688b1f7fc4a2a8ccb020a55db8ee7b9a45bb901b1c03d94727648a8ec10bfbc854175981345d56f4c783b0211d91f0775e508d8b379b56935777d255f59b63fadc24b43862671f5cbe0d00fcfff7138124c8293f91740a0e0732346eeee748a42f65ddb81da461fce3e76ea6ff452913b80eb5b1dba016f7d4d94f66337cc6bea7a066b8277637aef12c2eba11da10203010001,topicSeq=1
info|2026-02-06 15:24:18.465551|amopDispatcher-0x000079c962ffd6c0|[AMOP][AMOP][onReceiveTopicSeqMessage][try to request latest AMOP information],nodeID=3082010a0282010100d938a7d0e5078fdc3bfe83bfe8c789160de4c9e207ff836ef8d64a0c846f5f628646fe9170bec49eec44aebb3f17334e76b1003dae65d6858a626d60a3ff3dbbff8cf15ca934ca0f7a09b9ae6c17c911bb2f6083cab81540e00a8d9b9393a3341b90dd134f4a2ec21f1d8c55c2df687896873a36661a862226614582077d41811bcb3e6632cbf1767f6189b76054e8186606ee5a2c73bffe1bd6c8fc415f481324f015045231d662173b6f7e814068dffd598ce9a6f4630744bb0aa80f9f74403f4c3da3ca856b40d043885cc1e7beac524853fafb01fb61c3023ab04047e29d50a5d4cd612fc9ae90e7832fde7d1dea0804dc16fff17500517be0bf5d28f4ab0203010001,topicSeq=1
info|2026-02-06 15:24:18.466272|amopDispatcher-0x000079c962ffd6c0|[AMOP][AMOP][onReceiveRequestTopicMessage],nodeID=3082010a0282010100a492268b412bea3e8f972dff0dc52c521cd06884f53d90f3889c7014f7cb635c38a07b81af9630f2b04238a726b029af6b4b924e132710d2894b7175f12a5e323a7119afd27786b01965d49b9c885ff3768f40b9d57817bc1305124f40ced3b1ac99666773a3a64cce079e95acbc31d42f416aad362594008547aae561213b022db32ed9d1bd67df5c020bc44dcc073982b4566fd04048555b1ea84279063d5b1047e9f42776ef03677d2dd1454433fdb3feced3f41b92efdfeda545d56c1c9ba349584c9095f3ad9e31c2db11cbe3007ee7817f5846f87eb01c296d81b36dbbc765b4c7af74aface1276dd4fd91963729e495694b6af5c0d6111c49115a2c3f0203010001,topicJson={"topicItems":[],"topicSeq":1}
info|2026-02-06 15:24:18.466361|amopDispatcher-0x000079c962ffd6c0|[AMOP][TOPIC][parseTopicItemsJson],topicSeq=1,topicItems size=0,json={"topicItems":[],"topicSeq":1}
info|2026-02-06 15:24:18.466373|amopDispatcher-0x000079c962ffd6c0|[AMOP][TOPIC][updateSeqAndTopicsByNodeID],nodeID=3082010a0282010100a492268b412bea3e8f972dff0dc52c521cd06884f53d90f3889c7014f7cb635c38a07b81af9630f2b04238a726b029af6b4b924e132710d2894b7175f12a5e323a7119afd27786b01965d49b9c885ff3768f40b9d57817bc1305124f40ced3b1ac99666773a3a64cce079e95acbc31d42f416aad362594008547aae561213b022db32ed9d1bd67df5c020bc44dcc073982b4566fd04048555b1ea84279063d5b1047e9f42776ef03677d2dd1454433fdb3feced3f41b92efdfeda545d56c1c9ba349584c9095f3ad9e31c2db11cbe3007ee7817f5846f87eb01c296d81b36dbbc765b4c7af74aface1276dd4fd91963729e495694b6af5c0d6111c49115a2c3f0203010001,topicSeq=1,topicItems size=0
info|2026-02-06 15:24:18.511239|amopDispatcher-0x000079c962ffd6c0|[AMOP][AMOP][onReceiveRequestTopicMessage],nodeID=3082010a0282010100b85dd5fdfbc4aa99dcef8477a2e1c08c304a63432923826f81b3d0d7d13e79a6ec265462b2f59e76106f8bad7efb849227798aaf7c20a2197e9a95a8ffbbc07f5ccb44d04e995013b9afd04bb77fb7dbfa0f13bd2d404980eae43fc147332e1542ee2d2e973596187bb8ad4dc63b0165052688b1f7fc4a2a8ccb020a55db8ee7b9a45bb901b1c03d94727648a8ec10bfbc854175981345d56f4c783b0211d91f0775e508d8b379b56935777d255f59b63fadc24b43862671f5cbe0d00fcfff7138124c8293f91740a0e0732346eeee748a42f65ddb81da461fce3e76ea6ff452913b80eb5b1dba016f7d4d94f66337cc6bea7a066b8277637aef12c2eba11da10203010001,topicJson={"topicItems":[],"topicSeq":1}
info|2026-02-06 15:24:18.512434|amopDispatcher-0x000079c962ffd6c0|[AMOP][TOPIC][parseTopicItemsJson],topicSeq=1,topicItems size=0,json={"topicItems":[],"topicSeq":1}
info|2026-02-06 15:24:18.512552|amopDispatcher-0x000079c962ffd6c0|[AMOP][TOPIC][updateSeqAndTopicsByNodeID],nodeID=3082010a0282010100b85dd5fdfbc4aa99dcef8477a2e1c08c304a63432923826f81b3d0d7d13e79a6ec265462b2f59e76106f8bad7efb849227798aaf7c20a2197e9a95a8ffbbc07f5ccb44d04e995013b9afd04bb77fb7dbfa0f13bd2d404980eae43fc147332e1542ee2d2e973596187bb8ad4dc63b0165052688b1f7fc4a2a8ccb020a55db8ee7b9a45bb901b1c03d94727648a8ec10bfbc854175981345d56f4c783b0211d91f0775e508d8b379b56935777d255f59b63fadc24b43862671f5cbe0d00fcfff7138124c8293f91740a0e0732346eeee748a42f65ddb81da461fce3e76ea6ff452913b80eb5b1dba016f7d4d94f66337cc6bea7a066b8277637aef12c2eba11da10203010001,topicSeq=1,topicItems size=0
info|2026-02-06 15:24:18.555235|amopDispatcher-0x000079c962ffd6c0|[AMOP][AMOP][onReceiveRequestTopicMessage],nodeID=3082010a0282010100d938a7d0e5078fdc3bfe83bfe8c789160de4c9e207ff836ef8d64a0c846f5f628646fe9170bec49eec44aebb3f17334e76b1003dae65d6858a626d60a3ff3dbbff8cf15ca934ca0f7a09b9ae6c17c911bb2f6083cab81540e00a8d9b9393a3341b90dd134f4a2ec21f1d8c55c2df687896873a36661a862226614582077d41811bcb3e6632cbf1767f6189b76054e8186606ee5a2c73bffe1bd6c8fc415f481324f015045231d662173b6f7e814068dffd598ce9a6f4630744bb0aa80f9f74403f4c3da3ca856b40d043885cc1e7beac524853fafb01fb61c3023ab04047e29d50a5d4cd612fc9ae90e7832fde7d1dea0804dc16fff17500517be0bf5d28f4ab0203010001,topicJson={"topicItems":[],"topicSeq":1}
info|2026-02-06 15:24:18.555505|amopDispatcher-0x000079c962ffd6c0|[AMOP][TOPIC][parseTopicItemsJson],topicSeq=1,topicItems size=0,json={"topicItems":[],"topicSeq":1}
info|2026-02-06 15:24:18.555564|amopDispatcher-0x000079c962ffd6c0|[AMOP][TOPIC][updateSeqAndTopicsByNodeID],nodeID=3082010a0282010100d938a7d0e5078fdc3bfe83bfe8c789160de4c9e207ff836ef8d64a0c846f5f628646fe9170bec49eec44aebb3f17334e76b1003dae65d6858a626d60a3ff3dbbff8cf15ca934ca0f7a09b9ae6c17c911bb2f6083cab81540e00a8d9b9393a3341b90dd134f4a2ec21f1d8c55c2df687896873a36661a862226614582077d41811bcb3e6632cbf1767f6189b76054e8186606ee5a2c73bffe1bd6c8fc415f481324f015045231d662173b6f7e814068dffd598ce9a6f4630744bb0aa80f9f74403f4c3da3ca856b40d043885cc1e7beac524853fafb01fb61c3023ab04047e29d50a5d4cd612fc9ae90e7832fde7d1dea0804dc16fff17500517be0bf5d28f4ab0203010001,topicSeq=1,topicItems size=0
info|2026-02-06 15:24:19.429815|pbft-0x000079c9301ff6c0|[CONSENSUS][PBFT]addViewChangeReq,reqHash=4c5ef02f...,reqIndex=25,reqV=3,fromIdx=2,wait(ms)=0,weight=1,maxCommittedIndex=25,maxPrecommitIndex=0 preparedProposalInfo: ,committedIndex=25,consNum=26,committedHash=4c5ef02f...,view=0,toView=2,changeCycle=0,expectedCheckPoint=26,Idx=0,unsealedTxs=0,sealUntil=0,waitResealUntil=0,consensusTimeout=3000,nodeId=0d6a7f52...
info|2026-02-06 15:24:19.457325|pbftTimer-0x000079c9425ca6c0|[CONSENSUS][PBFT]notify to seal next proposal,nextProposalIndex=26
info|2026-02-06 15:24:19.457517|pbftTimer-0x000079c9425ca6c0|[CONSENSUS][PBFT]notify the committed proposal index to the sync module success,index=25
info|2026-02-06 15:24:19.458062|pbftTimer-0x000079c9425ca6c0|[CONSENSUS][PBFT]broadcastViewChangeReq,reqHash=4c5ef02f...,reqIndex=25,reqV=3,fromIdx=0,wait(ms)=1,packetSize=158
info|2026-02-06 15:24:19.458153|pbftTimer-0x000079c9425ca6c0|[CONSENSUS][PBFT]addViewChangeReq,reqHash=4c5ef02f...,reqIndex=25,reqV=3,fromIdx=0,wait(ms)=1,weight=2,maxCommittedIndex=25,maxPrecommitIndex=0 preparedProposalInfo: ,committedIndex=25,consNum=26,committedHash=4c5ef02f...,view=0,toView=3,changeCycle=1,expectedCheckPoint=26,Idx=0,unsealedTxs=0,sealUntil=0,waitResealUntil=0,consensusTimeout=3000,nodeId=0d6a7f52...
warning|2026-02-06 15:24:19.458199|pbftTimer-0x000079c9425ca6c0|[CONSENSUS][PBFT]After onTimeout,committedIndex=25,consNum=26,committedHash=4c5ef02f...,view=0,toView=3,changeCycle=1,expectedCheckPoint=26,Idx=0,unsealedTxs=0,sealUntil=0,waitResealUntil=0,consensusTimeout=3000,nodeId=0d6a7f52...,lockT=0,timecost=2
info|2026-02-06 15:24:19.459862|pbft-0x000079c9301ff6c0|[CONSENSUS][PBFT]addViewChangeReq,reqHash=4c5ef02f...,reqIndex=25,reqV=3,fromIdx=1,wait(ms)=1,weight=3,maxCommittedIndex=25,maxPrecommitIndex=0 preparedProposalInfo: ,committedIndex=25,consNum=26,committedHash=4c5ef02f...,view=0,toView=3,changeCycle=1,expectedCheckPoint=26,Idx=0,unsealedTxs=0,sealUntil=0,waitResealUntil=0,consensusTimeout=3000,nodeId=0d6a7f52...
info|2026-02-06 15:24:19.460486|pbft-0x000079c9301ff6c0|[CONSENSUS][PBFT]addViewChangeReq,reqHash=4c5ef02f...,reqIndex=25,reqV=3,fromIdx=3,wait(ms)=2,weight=4,maxCommittedIndex=25,maxPrecommitIndex=0 preparedProposalInfo: ,committedIndex=25,consNum=26,committedHash=4c5ef02f...,view=0,toView=3,changeCycle=1,expectedCheckPoint=26,Idx=0,unsealedTxs=0,sealUntil=0,waitResealUntil=0,consensusTimeout=3000,nodeId=0d6a7f52...
info|2026-02-06 15:24:19.460560|pbft-0x000079c9301ff6c0|[CONSENSUS][PBFT]handleNewViewMsg: receive newViewChangeMsg,reqHash=4c5ef02f...,reqIndex=25,reqV=3,fromIdx=1,wait(ms)=1,committedIndex=25,consNum=26,committedHash=4c5ef02f...,view=0,toView=3,changeCycle=1,expectedCheckPoint=26,Idx=0,unsealedTxs=0,sealUntil=0,waitResealUntil=0,consensusTimeout=3000,nodeId=0d6a7f52...
info|2026-02-06 15:24:19.461837|pbft-0x000079c9301ff6c0|[CONSENSUS][PBFT]handleNewViewMsg success,reqHash=4c5ef02f...,reqIndex=25,reqV=3,fromIdx=1,wait(ms)=2,committedIndex=25,consNum=26,committedHash=4c5ef02f...,view=0,toView=3,changeCycle=1,expectedCheckPoint=26,Idx=0,unsealedTxs=0,sealUntil=0,waitResealUntil=0,consensusTimeout=3000,nodeId=0d6a7f52...
info|2026-02-06 15:24:19.462013|pbft-0x000079c9301ff6c0|[CONSENSUS][PBFT]resetNewViewState,m_view=0,_view=3
info|2026-02-06 15:24:19.462204|pbft-0x000079c9301ff6c0|[CONSENSUS][PBFT]resetCacheAfterViewChange,view=3,number=25,cacheSize=0
info|2026-02-06 15:24:19.462462|pbft-0x000079c9301ff6c0|[CONSENSUS][PBFT]reachNewView,committedIndex=25,consNum=26,committedHash=4c5ef02f...,view=3,toView=3,changeCycle=0,expectedCheckPoint=26,Idx=0,unsealedTxs=0,sealUntil=0,waitResealUntil=0,consensusTimeout=3000,nodeId=0d6a7f52...
info|2026-02-06 15:24:19.462603|pbft-0x000079c9301ff6c0|[CONSENSUS][PBFT]notify to seal next proposal,nextProposalIndex=26
info|2026-02-06 15:24:19.462651|pbft-0x000079c9301ff6c0|[CONSENSUS][PBFT]notifyResetSealing,committedIndex=25,consNum=26,committedHash=4c5ef02f...,view=3,toView=3,changeCycle=0,expectedCheckPoint=26,Idx=0,unsealedTxs=0,sealUntil=0,waitResealUntil=0,consensusTimeout=3000,nodeId=0d6a7f52...
info|2026-02-06 15:24:19.462687|pbft-0x000079c9301ff6c0|[CONSENSUS][SEALER]resetSealing,startNum=0,endNum=0,sealingNum=1,pendingTxs=0,unsealedTxs=0
info|2026-02-06 15:24:19.462803|pbft-0x000079c9301ff6c0|[CONSENSUS][PBFT]notifyResetSealing success,committedIndex=25,consNum=26,committedHash=4c5ef02f...,view=3,toView=3,changeCycle=0,expectedCheckPoint=26,Idx=0,unsealedTxs=0,sealUntil=0,waitResealUntil=0,consensusTimeout=3000,nodeId=0d6a7f52...
info|2026-02-06 15:24:19.462844|pbft-0x000079c9301ff6c0|[CONSENSUS][PBFT]reNotifySealer,expectedStart=26,highWaterMark=76,leader=1,committedIndex=25,consNum=26,committedHash=4c5ef02f...,view=3,toView=3,changeCycle=0,expectedCheckPoint=26,Idx=0,unsealedTxs=0,sealUntil=0,waitResealUntil=0,consensusTimeout=3000,nodeId=0d6a7f52...
info|2026-02-06 15:24:19.463240|pbft-0x000079c9301ff6c0|[CONSENSUS][PBFT]addRecoverReqCache,weight=1,reqHash=00000000...,reqIndex=25,reqV=3,fromIdx=2,wait(ms)=3,committedIndex=25,consNum=26,committedHash=4c5ef02f...,view=3,toView=3,changeCycle=0,expectedCheckPoint=26,Idx=0,unsealedTxs=0,sealUntil=0,waitResealUntil=0,consensusTimeout=3000,nodeId=0d6a7f52...
info|2026-02-06 15:24:19.463776|pbft-0x000079c9301ff6c0|[CONSENSUS][PBFT]addRecoverReqCache,weight=2,reqHash=00000000...,reqIndex=25,reqV=3,fromIdx=3,wait(ms)=1,committedIndex=25,consNum=26,committedHash=4c5ef02f...,view=3,toView=3,changeCycle=0,expectedCheckPoint=26,Idx=0,unsealedTxs=0,sealUntil=0,waitResealUntil=0,consensusTimeout=3000,nodeId=0d6a7f52...
info|2026-02-06 15:24:19.527232|pbft-0x000079c9301ff6c0|[CONSENSUS][PBFT]addRecoverReqCache,weight=3,reqHash=00000000...,reqIndex=25,reqV=3,fromIdx=1,wait(ms)=1,committedIndex=25,consNum=26,committedHash=4c5ef02f...,view=3,toView=3,changeCycle=0,expectedCheckPoint=26,Idx=0,unsealedTxs=0,sealUntil=0,waitResealUntil=0,consensusTimeout=3000,nodeId=0d6a7f52...
info|2026-02-06 15:24:26.441763|ioService-0x000079c92cbf96c0|[NETWORK][Host]P2P Recv Connect, From=127.0.0.1:44414
info|2026-02-06 15:24:26.441862|ioService-0x000079c92cbf96c0|[NETWORK][Host]P2P StartAccept,Host=0.0.0.0:30302
info|2026-02-06 15:24:26.444915|ioService-0x000079c926bff6c0|[Gateway][Factory][NEW]SSLContext pubHex: 3082010a0282010100a9ba081864ed1c68f5b81b4fa31a3cb4c81583e0e7c5eec4d7249ecd7d2c8f901393580ca25747abc4e01775b9ff41392cf15074a577cc078f4b07f3152faa0dfe540c63b8de93fbc3afe02564592e274c9c1a76bb0cc8c4692d9404f8e0b7b5440bd66d6e70c33a6d35aca5767a88332fd7853571427789bb25413b734abc293a58791b28aece40a8f74238c2f8b0d32bbbb5f020cfd72ad86d4fb6f1904605a5f43f0f58ed4c826346ad1b71ddac3a15040d6cd21f31f9044b82e690f91329d956b39005f4ab421029ebe499a3fe7179586deded25784665d8949c4db5defd0cbbaf2f27221f3d59e7314f4374086dceea8903a6aedc17d8ca5c7ec4b03fef0203010001
info|2026-02-06 15:24:26.444984|ioService-0x000079c926bff6c0|[NETWORK][Host]Get ca basic failed
info|2026-02-06 15:24:26.445051|ioService-0x000079c926bff6c0|[Gateway][Factory][NEW]SSLContext pubHex: 3082010a0282010100a492268b412bea3e8f972dff0dc52c521cd06884f53d90f3889c7014f7cb635c38a07b81af9630f2b04238a726b029af6b4b924e132710d2894b7175f12a5e323a7119afd27786b01965d49b9c885ff3768f40b9d57817bc1305124f40ced3b1ac99666773a3a64cce079e95acbc31d42f416aad362594008547aae561213b022db32ed9d1bd67df5c020bc44dcc073982b4566fd04048555b1ea84279063d5b1047e9f42776ef03677d2dd1454433fdb3feced3f41b92efdfeda545d56c1c9ba349584c9095f3ad9e31c2db11cbe3007ee7817f5846f87eb01c296d81b36dbbc765b4c7af74aface1276dd4fd91963729e495694b6af5c0d6111c49115a2c3f0203010001
info|2026-02-06 15:24:26.445058|ioService-0x000079c926bff6c0|[Gateway][Factory][NEW]SSLContext pubHex: A492268B412BEA3E8F972DFF0DC52C521CD06884F53D90F3889C7014F7CB635C38A07B81AF9630F2B04238A726B029AF6B4B924E132710D2894B7175F12A5E323A7119AFD27786B01965D49B9C885FF3768F40B9D57817BC1305124F40CED3B1AC99666773A3A64CCE079E95ACBC31D42F416AAD362594008547AAE561213B022DB32ED9D1BD67DF5C020BC44DCC073982B4566FD04048555B1EA84279063D5B1047E9F42776EF03677D2DD1454433FDB3FECED3F41B92EFDFEDA545D56C1C9BA349584C9095F3AD9E31C2DB11CBE3007EE7817F5846F87EB01C296D81B36DBBC765B4C7AF74AFACE1276DD4FD91963729E495694B6AF5C0D6111C49115A2C3F
info|2026-02-06 15:24:26.445538|ioService-0x000079c926bff6c0|[NETWORK][Host]obtainP2pInfo ,node_info=3082010a0282010100a492268b412bea3e8f972dff0dc52c521cd06884f53d90f3889c7014f7cb635c38a07b81af9630f2b04238a726b029af6b4b924e132710d2894b7175f12a5e323a7119afd27786b01965d49b9c885ff3768f40b9d57817bc1305124f40ced3b1ac99666773a3a64cce079e95acbc31d42f416aad362594008547aae561213b022db32ed9d1bd67df5c020bc44dcc073982b4566fd04048555b1ea84279063d5b1047e9f42776ef03677d2dd1454433fdb3feced3f41b92efdfeda545d56c1c9ba349584c9095f3ad9e31c2db11cbe3007ee7817f5846f87eb01c296d81b36dbbc765b4c7af74aface1276dd4fd91963729e495694b6af5c0d6111c49115a2c3f0203010001#A492268B412BEA3E8F972DFF0DC52C521CD06884F53D90F3889C7014F7CB635C38A07B81AF9630F2B04238A726B029AF6B4B924E132710D2894B7175F12A5E323A7119AFD27786B01965D49B9C885FF3768F40B9D57817BC1305124F40CED3B1AC99666773A3A64CCE079E95ACBC31D42F416AAD362594008547AAE561213B022DB32ED9D1BD67DF5C020BC44DCC073982B4566FD04048555B1EA84279063D5B1047E9F42776EF03677D2DD1454433FDB3FECED3F41B92EFDFEDA545D56C1C9BA349584C9095F3AD9E31C2DB11CBE3007EE7817F5846F87EB01C296D81B36DBBC765B4C7AF74AFACE1276DD4FD91963729E495694B6AF5C0D6111C49115A2C3F#/CN=FISCO-BCOS-e9f43089/O=FISCO-BCOS-e9f43089/OU=chain#/CN=FISCO-BCOS-e9f43089/O=fisco-bcos/OU=agency,p2pid=3082010a0282010100a492268b412bea3e8f972dff0dc52c521cd06884f53d90f3889c7014f7cb635c38a07b81af9630f2b04238a726b029af6b4b924e132710d2894b7175f12a5e323a7119afd27786b01965d49b9c885ff3768f40b9d57817bc1305124f40ced3b1ac99666773a3a64cce079e95acbc31d42f416aad362594008547aae561213b022db32ed9d1bd67df5c020bc44dcc073982b4566fd04048555b1ea84279063d5b1047e9f42776ef03677d2dd1454433fdb3feced3f41b92efdfeda545d56c1c9ba349584c9095f3ad9e31c2db11cbe3007ee7817f5846f87eb01c296d81b36dbbc765b4c7af74aface1276dd4fd91963729e495694b6af5c0d6111c49115a2c3f0203010001
info|2026-02-06 15:24:26.445579|ioService-0x000079c926bff6c0|[NETWORK][Host]handshakeServer succ,remote endpoint=127.0.0.1:44414,nodeid=3082010a0282010100a492268b412bea3e8f972dff0dc52c521cd06884f53d90f3889c7014f7cb635c38a07b81af9630f2b04238a726b029af6b4b924e132710d2894b7175f12a5e323a7119afd27786b01965d49b9c885ff3768f40b9d57817bc1305124f40ced3b1ac99666773a3a64cce079e95acbc31d42f416aad362594008547aae561213b022db32ed9d1bd67df5c020bc44dcc073982b4566fd04048555b1ea84279063d5b1047e9f42776ef03677d2dd1454433fdb3feced3f41b92efdfeda545d56c1c9ba349584c9095f3ad9e31c2db11cbe3007ee7817f5846f87eb01c296d81b36dbbc765b4c7af74aface1276dd4fd91963729e495694b6af5c0d6111c49115a2c3f0203010001
info|2026-02-06 15:24:26.446028|ioService-0x000079c926bff6c0|[SESSION][Session][Session::Session] this=0x79c91e65d1d0,recvBufferSize=67108864
info|2026-02-06 15:24:26.446295|ioService-0x000079c926bff6c0|[SessionFactory]create new session,sessionRecvBufferSize=67108864,allowMaxMsgSize=33554432,maxReadDataSize=40960,maxSendDataSize=1048576,maxSendMsgCountS=10,enableCompress=true
info|2026-02-06 15:24:26.446560|ioService-0x000079c926bff6c0|[NETWORK][Host]startPeerSession, Remote=127.0.0.1:44414,local endpoint=127.0.0.1:30302,p2pid=3082010a0282010100a492268b412bea3e8f972dff0dc52c521cd06884f53d90f3889c7014f7cb635c38a07b81af9630f2b04238a726b029af6b4b924e132710d2894b7175f12a5e323a7119afd27786b01965d49b9c885ff3768f40b9d57817bc1305124f40ced3b1ac99666773a3a64cce079e95acbc31d42f416aad362594008547aae561213b022db32ed9d1bd67df5c020bc44dcc073982b4566fd04048555b1ea84279063d5b1047e9f42776ef03677d2dd1454433fdb3feced3f41b92efdfeda545d56c1c9ba349584c9095f3ad9e31c2db11cbe3007ee7817f5846f87eb01c296d81b36dbbc765b4c7af74aface1276dd4fd91963729e495694b6af5c0d6111c49115a2c3f0203010001
info|2026-02-06 15:24:26.446669|fisco-bcos-0x000079c934ffe6c0|[P2PService][Service]onConnect,p2pid=3082010a0282010100a492268b412bea3e8f972dff0dc52c521cd06884f53d90f3889c7014f7cb635c38a07b81af9630f2b04238a726b029af6b4b924e132710d2894b7175f12a5e323a7119afd27786b01965d49b9c885ff3768f40b9d57817bc1305124f40ced3b1ac99666773a3a64cce079e95acbc31d42f416aad362594008547aae561213b022db32ed9d1bd67df5c020bc44dcc073982b4566fd04048555b1ea84279063d5b1047e9f42776ef03677d2dd1454433fdb3feced3f41b92efdfeda545d56c1c9ba349584c9095f3ad9e31c2db11cbe3007ee7817f5846f87eb01c296d81b36dbbc765b4c7af74aface1276dd4fd91963729e495694b6af5c0d6111c49115a2c3f0203010001,endpoint=127.0.0.1
info|2026-02-06 15:24:26.446690|fisco-bcos-0x000079c934ffe6c0|[P2PService][Service]Disconnect duplicate peer,p2pid=3082010a0282010100a492268b412bea3e8f972dff0dc52c521cd06884f53d90f3889c7014f7cb635c38a07b81af9630f2b04238a726b029af6b4b924e132710d2894b7175f12a5e323a7119afd27786b01965d49b9c885ff3768f40b9d57817bc1305124f40ced3b1ac99666773a3a64cce079e95acbc31d42f416aad362594008547aae561213b022db32ed9d1bd67df5c020bc44dcc073982b4566fd04048555b1ea84279063d5b1047e9f42776ef03677d2dd1454433fdb3feced3f41b92efdfeda545d56c1c9ba349584c9095f3ad9e31c2db11cbe3007ee7817f5846f87eb01c296d81b36dbbc765b4c7af74aface1276dd4fd91963729e495694b6af5c0d6111c49115a2c3f0203010001
info|2026-02-06 15:24:26.446702|fisco-bcos-0x000079c934ffe6c0|[SESSION][Session][Session::~Session] this=0x79c91e65d1d0
info|2026-02-06 15:24:26.450990|ioService-0x000079c92cbf96c0|[NETWORK][Host]P2P Recv Connect, From=127.0.0.1:44422
info|2026-02-06 15:24:26.451050|ioService-0x000079c92cbf96c0|[NETWORK][Host]P2P StartAccept,Host=0.0.0.0:30302
info|2026-02-06 15:24:26.451125|ioService-0x000079c92cbf96c0|[NETWORK][Host]P2P Recv Connect, From=127.0.0.1:44426
info|2026-02-06 15:24:26.451150|ioService-0x000079c92cbf96c0|[NETWORK][Host]P2P StartAccept,Host=0.0.0.0:30302
info|2026-02-06 15:24:26.454761|ioService-0x000079c925fff6c0|[Gateway][Factory][NEW]SSLContext pubHex: 3082010a0282010100a9ba081864ed1c68f5b81b4fa31a3cb4c81583e0e7c5eec4d7249ecd7d2c8f901393580ca25747abc4e01775b9ff41392cf15074a577cc078f4b07f3152faa0dfe540c63b8de93fbc3afe02564592e274c9c1a76bb0cc8c4692d9404f8e0b7b5440bd66d6e70c33a6d35aca5767a88332fd7853571427789bb25413b734abc293a58791b28aece40a8f74238c2f8b0d32bbbb5f020cfd72ad86d4fb6f1904605a5f43f0f58ed4c826346ad1b71ddac3a15040d6cd21f31f9044b82e690f91329d956b39005f4ab421029ebe499a3fe7179586deded25784665d8949c4db5defd0cbbaf2f27221f3d59e7314f4374086dceea8903a6aedc17d8ca5c7ec4b03fef0203010001
info|2026-02-06 15:24:26.454816|ioService-0x000079c925fff6c0|[NETWORK][Host]Get ca basic failed
info|2026-02-06 15:24:26.454804|ioService-0x000079c9257fe6c0|[Gateway][Factory][NEW]SSLContext pubHex: 3082010a0282010100a9ba081864ed1c68f5b81b4fa31a3cb4c81583e0e7c5eec4d7249ecd7d2c8f901393580ca25747abc4e01775b9ff41392cf15074a577cc078f4b07f3152faa0dfe540c63b8de93fbc3afe02564592e274c9c1a76bb0cc8c4692d9404f8e0b7b5440bd66d6e70c33a6d35aca5767a88332fd7853571427789bb25413b734abc293a58791b28aece40a8f74238c2f8b0d32bbbb5f020cfd72ad86d4fb6f1904605a5f43f0f58ed4c826346ad1b71ddac3a15040d6cd21f31f9044b82e690f91329d956b39005f4ab421029ebe499a3fe7179586deded25784665d8949c4db5defd0cbbaf2f27221f3d59e7314f4374086dceea8903a6aedc17d8ca5c7ec4b03fef0203010001
info|2026-02-06 15:24:26.454829|ioService-0x000079c9257fe6c0|[NETWORK][Host]Get ca basic failed
info|2026-02-06 15:24:26.454876|ioService-0x000079c925fff6c0|[Gateway][Factory][NEW]SSLContext pubHex: 3082010a0282010100d938a7d0e5078fdc3bfe83bfe8c789160de4c9e207ff836ef8d64a0c846f5f628646fe9170bec49eec44aebb3f17334e76b1003dae65d6858a626d60a3ff3dbbff8cf15ca934ca0f7a09b9ae6c17c911bb2f6083cab81540e00a8d9b9393a3341b90dd134f4a2ec21f1d8c55c2df687896873a36661a862226614582077d41811bcb3e6632cbf1767f6189b76054e8186606ee5a2c73bffe1bd6c8fc415f481324f015045231d662173b6f7e814068dffd598ce9a6f4630744bb0aa80f9f74403f4c3da3ca856b40d043885cc1e7beac524853fafb01fb61c3023ab04047e29d50a5d4cd612fc9ae90e7832fde7d1dea0804dc16fff17500517be0bf5d28f4ab0203010001
info|2026-02-06 15:24:26.454883|ioService-0x000079c9257fe6c0|[Gateway][Factory][NEW]SSLContext pubHex: 3082010a0282010100b85dd5fdfbc4aa99dcef8477a2e1c08c304a63432923826f81b3d0d7d13e79a6ec265462b2f59e76106f8bad7efb849227798aaf7c20a2197e9a95a8ffbbc07f5ccb44d04e995013b9afd04bb77fb7dbfa0f13bd2d404980eae43fc147332e1542ee2d2e973596187bb8ad4dc63b0165052688b1f7fc4a2a8ccb020a55db8ee7b9a45bb901b1c03d94727648a8ec10bfbc854175981345d56f4c783b0211d91f0775e508d8b379b56935777d255f59b63fadc24b43862671f5cbe0d00fcfff7138124c8293f91740a0e0732346eeee748a42f65ddb81da461fce3e76ea6ff452913b80eb5b1dba016f7d4d94f66337cc6bea7a066b8277637aef12c2eba11da10203010001
info|2026-02-06 15:24:26.454893|ioService-0x000079c9257fe6c0|[Gateway][Factory][NEW]SSLContext pubHex: B85DD5FDFBC4AA99DCEF8477A2E1C08C304A63432923826F81B3D0D7D13E79A6EC265462B2F59E76106F8BAD7EFB849227798AAF7C20A2197E9A95A8FFBBC07F5CCB44D04E995013B9AFD04BB77FB7DBFA0F13BD2D404980EAE43FC147332E1542EE2D2E973596187BB8AD4DC63B0165052688B1F7FC4A2A8CCB020A55DB8EE7B9A45BB901B1C03D94727648A8EC10BFBC854175981345D56F4C783B0211D91F0775E508D8B379B56935777D255F59B63FADC24B43862671F5CBE0D00FCFFF7138124C8293F91740A0E0732346EEEE748A42F65DDB81DA461FCE3E76EA6FF452913B80EB5B1DBA016F7D4D94F66337CC6BEA7A066B8277637AEF12C2EBA11DA1
info|2026-02-06 15:24:26.454900|ioService-0x000079c925fff6c0|[Gateway][Factory][NEW]SSLContext pubHex: D938A7D0E5078FDC3BFE83BFE8C789160DE4C9E207FF836EF8D64A0C846F5F628646FE9170BEC49EEC44AEBB3F17334E76B1003DAE65D6858A626D60A3FF3DBBFF8CF15CA934CA0F7A09B9AE6C17C911BB2F6083CAB81540E00A8D9B9393A3341B90DD134F4A2EC21F1D8C55C2DF687896873A36661A862226614582077D41811BCB3E6632CBF1767F6189B76054E8186606EE5A2C73BFFE1BD6C8FC415F481324F015045231D662173B6F7E814068DFFD598CE9A6F4630744BB0AA80F9F74403F4C3DA3CA856B40D043885CC1E7BEAC524853FAFB01FB61C3023AB04047E29D50A5D4CD612FC9AE90E7832FDE7D1DEA0804DC16FFF17500517BE0BF5D28F4AB
info|2026-02-06 15:24:26.455298|ioService-0x000079c9257fe6c0|[NETWORK][Host]obtainP2pInfo ,node_info=3082010a0282010100b85dd5fdfbc4aa99dcef8477a2e1c08c304a63432923826f81b3d0d7d13e79a6ec265462b2f59e76106f8bad7efb849227798aaf7c20a2197e9a95a8ffbbc07f5ccb44d04e995013b9afd04bb77fb7dbfa0f13bd2d404980eae43fc147332e1542ee2d2e973596187bb8ad4dc63b0165052688b1f7fc4a2a8ccb020a55db8ee7b9a45bb901b1c03d94727648a8ec10bfbc854175981345d56f4c783b0211d91f0775e508d8b379b56935777d255f59b63fadc24b43862671f5cbe0d00fcfff7138124c8293f91740a0e0732346eeee748a42f65ddb81da461fce3e76ea6ff452913b80eb5b1dba016f7d4d94f66337cc6bea7a066b8277637aef12c2eba11da10203010001#B85DD5FDFBC4AA99DCEF8477A2E1C08C304A63432923826F81B3D0D7D13E79A6EC265462B2F59E76106F8BAD7EFB849227798AAF7C20A2197E9A95A8FFBBC07F5CCB44D04E995013B9AFD04BB77FB7DBFA0F13BD2D404980EAE43FC147332E1542EE2D2E973596187BB8AD4DC63B0165052688B1F7FC4A2A8CCB020A55DB8EE7B9A45BB901B1C03D94727648A8EC10BFBC854175981345D56F4C783B0211D91F0775E508D8B379B56935777D255F59B63FADC24B43862671F5CBE0D00FCFFF7138124C8293F91740A0E0732346EEEE748A42F65DDB81DA461FCE3E76EA6FF452913B80EB5B1DBA016F7D4D94F66337CC6BEA7A066B8277637AEF12C2EBA11DA1#/CN=FISCO-BCOS-e9f43089/O=FISCO-BCOS-e9f43089/OU=chain#/CN=FISCO-BCOS-e9f43089/O=fisco-bcos/OU=agency,p2pid=3082010a0282010100b85dd5fdfbc4aa99dcef8477a2e1c08c304a63432923826f81b3d0d7d13e79a6ec265462b2f59e76106f8bad7efb849227798aaf7c20a2197e9a95a8ffbbc07f5ccb44d04e995013b9afd04bb77fb7dbfa0f13bd2d404980eae43fc147332e1542ee2d2e973596187bb8ad4dc63b0165052688b1f7fc4a2a8ccb020a55db8ee7b9a45bb901b1c03d94727648a8ec10bfbc854175981345d56f4c783b0211d91f0775e508d8b379b56935777d255f59b63fadc24b43862671f5cbe0d00fcfff7138124c8293f91740a0e0732346eeee748a42f65ddb81da461fce3e76ea6ff452913b80eb5b1dba016f7d4d94f66337cc6bea7a066b8277637aef12c2eba11da10203010001
info|2026-02-06 15:24:26.455340|ioService-0x000079c925fff6c0|[NETWORK][Host]obtainP2pInfo ,node_info=3082010a0282010100d938a7d0e5078fdc3bfe83bfe8c789160de4c9e207ff836ef8d64a0c846f5f628646fe9170bec49eec44aebb3f17334e76b1003dae65d6858a626d60a3ff3dbbff8cf15ca934ca0f7a09b9ae6c17c911bb2f6083cab81540e00a8d9b9393a3341b90dd134f4a2ec21f1d8c55c2df687896873a36661a862226614582077d41811bcb3e6632cbf1767f6189b76054e8186606ee5a2c73bffe1bd6c8fc415f481324f015045231d662173b6f7e814068dffd598ce9a6f4630744bb0aa80f9f74403f4c3da3ca856b40d043885cc1e7beac524853fafb01fb61c3023ab04047e29d50a5d4cd612fc9ae90e7832fde7d1dea0804dc16fff17500517be0bf5d28f4ab0203010001#D938A7D0E5078FDC3BFE83BFE8C789160DE4C9E207FF836EF8D64A0C846F5F628646FE9170BEC49EEC44AEBB3F17334E76B1003DAE65D6858A626D60A3FF3DBBFF8CF15CA934CA0F7A09B9AE6C17C911BB2F6083CAB81540E00A8D9B9393A3341B90DD134F4A2EC21F1D8C55C2DF687896873A36661A862226614582077D41811BCB3E6632CBF1767F6189B76054E8186606EE5A2C73BFFE1BD6C8FC415F481324F015045231D662173B6F7E814068DFFD598CE9A6F4630744BB0AA80F9F74403F4C3DA3CA856B40D043885CC1E7BEAC524853FAFB01FB61C3023AB04047E29D50A5D4CD612FC9AE90E7832FDE7D1DEA0804DC16FFF17500517BE0BF5D28F4AB#/CN=FISCO-BCOS-e9f43089/O=FISCO-BCOS-e9f43089/OU=chain#/CN=FISCO-BCOS-e9f43089/O=fisco-bcos/OU=agency,p2pid=3082010a0282010100d938a7d0e5078fdc3bfe83bfe8c789160de4c9e207ff836ef8d64a0c846f5f628646fe9170bec49eec44aebb3f17334e76b1003dae65d6858a626d60a3ff3dbbff8cf15ca934ca0f7a09b9ae6c17c911bb2f6083cab81540e00a8d9b9393a3341b90dd134f4a2ec21f1d8c55c2df687896873a36661a862226614582077d41811bcb3e6632cbf1767f6189b76054e8186606ee5a2c73bffe1bd6c8fc415f481324f015045231d662173b6f7e814068dffd598ce9a6f4630744bb0aa80f9f74403f4c3da3ca856b40d043885cc1e7beac524853fafb01fb61c3023ab04047e29d50a5d4cd612fc9ae90e7832fde7d1dea0804dc16fff17500517be0bf5d28f4ab0203010001
info|2026-02-06 15:24:26.455360|ioService-0x000079c925fff6c0|[NETWORK][Host]handshakeServer succ,remote endpoint=127.0.0.1:44422,nodeid=3082010a0282010100d938a7d0e5078fdc3bfe83bfe8c789160de4c9e207ff836ef8d64a0c846f5f628646fe9170bec49eec44aebb3f17334e76b1003dae65d6858a626d60a3ff3dbbff8cf15ca934ca0f7a09b9ae6c17c911bb2f6083cab81540e00a8d9b9393a3341b90dd134f4a2ec21f1d8c55c2df687896873a36661a862226614582077d41811bcb3e6632cbf1767f6189b76054e8186606ee5a2c73bffe1bd6c8fc415f481324f015045231d662173b6f7e814068dffd598ce9a6f4630744bb0aa80f9f74403f4c3da3ca856b40d043885cc1e7beac524853fafb01fb61c3023ab04047e29d50a5d4cd612fc9ae90e7832fde7d1dea0804dc16fff17500517be0bf5d28f4ab0203010001
info|2026-02-06 15:24:26.455528|ioService-0x000079c9257fe6c0|[NETWORK][Host]handshakeServer succ,remote endpoint=127.0.0.1:44426,nodeid=3082010a0282010100b85dd5fdfbc4aa99dcef8477a2e1c08c304a63432923826f81b3d0d7d13e79a6ec265462b2f59e76106f8bad7efb849227798aaf7c20a2197e9a95a8ffbbc07f5ccb44d04e995013b9afd04bb77fb7dbfa0f13bd2d404980eae43fc147332e1542ee2d2e973596187bb8ad4dc63b0165052688b1f7fc4a2a8ccb020a55db8ee7b9a45bb901b1c03d94727648a8ec10bfbc854175981345d56f4c783b0211d91f0775e508d8b379b56935777d255f59b63fadc24b43862671f5cbe0d00fcfff7138124c8293f91740a0e0732346eeee748a42f65ddb81da461fce3e76ea6ff452913b80eb5b1dba016f7d4d94f66337cc6bea7a066b8277637aef12c2eba11da10203010001
info|2026-02-06 15:24:26.456314|ioService-0x000079c9257fe6c0|[SESSION][Session][Session::Session] this=0x79c91d65c1d0,recvBufferSize=67108864
info|2026-02-06 15:24:26.456455|ioService-0x000079c9257fe6c0|[SessionFactory]create new session,sessionRecvBufferSize=67108864,allowMaxMsgSize=33554432,maxReadDataSize=40960,maxSendDataSize=1048576,maxSendMsgCountS=10,enableCompress=true
info|2026-02-06 15:24:26.456624|ioService-0x000079c9257fe6c0|[NETWORK][Host]startPeerSession, Remote=127.0.0.1:44426,local endpoint=127.0.0.1:30302,p2pid=3082010a0282010100b85dd5fdfbc4aa99dcef8477a2e1c08c304a63432923826f81b3d0d7d13e79a6ec265462b2f59e76106f8bad7efb849227798aaf7c20a2197e9a95a8ffbbc07f5ccb44d04e995013b9afd04bb77fb7dbfa0f13bd2d404980eae43fc147332e1542ee2d2e973596187bb8ad4dc63b0165052688b1f7fc4a2a8ccb020a55db8ee7b9a45bb901b1c03d94727648a8ec10bfbc854175981345d56f4c783b0211d91f0775e508d8b379b56935777d255f59b63fadc24b43862671f5cbe0d00fcfff7138124c8293f91740a0e0732346eeee748a42f65ddb81da461fce3e76ea6ff452913b80eb5b1dba016f7d4d94f66337cc6bea7a066b8277637aef12c2eba11da10203010001
info|2026-02-06 15:24:26.456713|ioService-0x000079c925fff6c0|[SESSION][Session][Session::Session] this=0x79c923a5b1d0,recvBufferSize=67108864
info|2026-02-06 15:24:26.456733|fisco-bcos-0x000079c9365fe6c0|[P2PService][Service]onConnect,p2pid=3082010a0282010100b85dd5fdfbc4aa99dcef8477a2e1c08c304a63432923826f81b3d0d7d13e79a6ec265462b2f59e76106f8bad7efb849227798aaf7c20a2197e9a95a8ffbbc07f5ccb44d04e995013b9afd04bb77fb7dbfa0f13bd2d404980eae43fc147332e1542ee2d2e973596187bb8ad4dc63b0165052688b1f7fc4a2a8ccb020a55db8ee7b9a45bb901b1c03d94727648a8ec10bfbc854175981345d56f4c783b0211d91f0775e508d8b379b56935777d255f59b63fadc24b43862671f5cbe0d00fcfff7138124c8293f91740a0e0732346eeee748a42f65ddb81da461fce3e76ea6ff452913b80eb5b1dba016f7d4d94f66337cc6bea7a066b8277637aef12c2eba11da10203010001,endpoint=127.0.0.1
info|2026-02-06 15:24:26.456763|fisco-bcos-0x000079c9365fe6c0|[P2PService][P2PSession][P2PSession::P2PSession] this=0x79c927a861d0
info|2026-02-06 15:24:26.456789|fisco-bcos-0x000079c9365fe6c0|[SESSION][Session][start] start session ,this=0x79c91d65c1d0
info|2026-02-06 15:24:26.456859|fisco-bcos-0x000079c9365fe6c0|[P2PService][Service]asyncSendProtocol,payload=5,seq=186
info|2026-02-06 15:24:26.456908|fisco-bcos-0x000079c9365fe6c0|[P2PService][Router][updateDstNodeEntry]discover smaller distance, update entry,distance=1,oldDistance=2,dst=3082010a0282010100b85dd5fdfbc4aa99dcef8477a2e1c08c304a63432923826f81b3d0d7d13e79a6ec265462b2f59e76106f8bad7efb849227798aaf7c20a2197e9a95a8ffbbc07f5ccb44d04e995013b9afd04bb77fb7dbfa0f13bd2d404980eae43fc147332e1542ee2d2e973596187bb8ad4dc63b0165052688b1f7fc4a2a8ccb020a55db8ee7b9a45bb901b1c03d94727648a8ec10bfbc854175981345d56f4c783b0211d91f0775e508d8b379b56935777d255f59b63fadc24b43862671f5cbe0d00fcfff7138124c8293f91740a0e0732346eeee748a42f65ddb81da461fce3e76ea6ff452913b80eb5b1dba016f7d4d94f66337cc6bea7a066b8277637aef12c2eba11da10203010001,nextHop=,size=3
info|2026-02-06 15:24:26.457072|fisco-bcos-0x000079c9365fe6c0|[P2PService][Service2][onNewSession]update routerTable,dst=3082010a0282010100b85dd5fdfbc4aa99dcef8477a2e1c08c304a63432923826f81b3d0d7d13e79a6ec265462b2f59e76106f8bad7efb849227798aaf7c20a2197e9a95a8ffbbc07f5ccb44d04e995013b9afd04bb77fb7dbfa0f13bd2d404980eae43fc147332e1542ee2d2e973596187bb8ad4dc63b0165052688b1f7fc4a2a8ccb020a55db8ee7b9a45bb901b1c03d94727648a8ec10bfbc854175981345d56f4c783b0211d91f0775e508d8b379b56935777d255f59b63fadc24b43862671f5cbe0d00fcfff7138124c8293f91740a0e0732346eeee748a42f65ddb81da461fce3e76ea6ff452913b80eb5b1dba016f7d4d94f66337cc6bea7a066b8277637aef12c2eba11da10203010001
info|2026-02-06 15:24:26.457092|ioService-0x000079c925fff6c0|[SessionFactory]create new session,sessionRecvBufferSize=67108864,allowMaxMsgSize=33554432,maxReadDataSize=40960,maxSendDataSize=1048576,maxSendMsgCountS=10,enableCompress=true
info|2026-02-06 15:24:26.457113|fisco-bcos-0x000079c9365fe6c0|[P2PService][Service]Connection established,p2pid=3082010a0282010100b85dd5fdfbc4aa99dcef8477a2e1c08c304a63432923826f81b3d0d7d13e79a6ec265462b2f59e76106f8bad7efb849227798aaf7c20a2197e9a95a8ffbbc07f5ccb44d04e995013b9afd04bb77fb7dbfa0f13bd2d404980eae43fc147332e1542ee2d2e973596187bb8ad4dc63b0165052688b1f7fc4a2a8ccb020a55db8ee7b9a45bb901b1c03d94727648a8ec10bfbc854175981345d56f4c783b0211d91f0775e508d8b379b56935777d255f59b63fadc24b43862671f5cbe0d00fcfff7138124c8293f91740a0e0732346eeee748a42f65ddb81da461fce3e76ea6ff452913b80eb5b1dba016f7d4d94f66337cc6bea7a066b8277637aef12c2eba11da10203010001,endpoint=127.0.0.1:44426
info|2026-02-06 15:24:26.457129|fisco-bcos-0x000079c92dffb6c0|[P2PService][Service]onReceiveProtocol: protocolNegotiate success,peer=3082010a0282010100b85dd5fdfbc4aa99dcef8477a2e1c08c304a63432923826f81b3d0d7d13e79a6ec265462b2f59e76106f8bad7efb849227798aaf7c20a2197e9a95a8ffbbc07f5ccb44d04e995013b9afd04bb77fb7dbfa0f13bd2d404980eae43fc147332e1542ee2d2e973596187bb8ad4dc63b0165052688b1f7fc4a2a8ccb020a55db8ee7b9a45bb901b1c03d94727648a8ec10bfbc854175981345d56f4c783b0211d91f0775e508d8b379b56935777d255f59b63fadc24b43862671f5cbe0d00fcfff7138124c8293f91740a0e0732346eeee748a42f65ddb81da461fce3e76ea6ff452913b80eb5b1dba016f7d4d94f66337cc6bea7a066b8277637aef12c2eba11da10203010001,minVersion=0,maxVersion=2,supportMinVersion=0,supportMaxVersion=2,negotiatedVersion=2
info|2026-02-06 15:24:26.457567|fisco-bcos-0x000079c933ffd6c0|[P2PService][Service2][onReceiveRouterSeq]receive router seq and request router table,peer=3082010a0282010100b85dd5fdfbc4aa99dcef8477a2e1c08c304a63432923826f81b3d0d7d13e79a6ec265462b2f59e76106f8bad7efb849227798aaf7c20a2197e9a95a8ffbbc07f5ccb44d04e995013b9afd04bb77fb7dbfa0f13bd2d404980eae43fc147332e1542ee2d2e973596187bb8ad4dc63b0165052688b1f7fc4a2a8ccb020a55db8ee7b9a45bb901b1c03d94727648a8ec10bfbc854175981345d56f4c783b0211d91f0775e508d8b379b56935777d255f59b63fadc24b43862671f5cbe0d00fcfff7138124c8293f91740a0e0732346eeee748a42f65ddb81da461fce3e76ea6ff452913b80eb5b1dba016f7d4d94f66337cc6bea7a066b8277637aef12c2eba11da10203010001,seq=7
info|2026-02-06 15:24:26.458220|ioService-0x000079c925fff6c0|[NETWORK][Host]startPeerSession, Remote=127.0.0.1:44422,local endpoint=127.0.0.1:30302,p2pid=3082010a0282010100d938a7d0e5078fdc3bfe83bfe8c789160de4c9e207ff836ef8d64a0c846f5f628646fe9170bec49eec44aebb3f17334e76b1003dae65d6858a626d60a3ff3dbbff8cf15ca934ca0f7a09b9ae6c17c911bb2f6083cab81540e00a8d9b9393a3341b90dd134f4a2ec21f1d8c55c2df687896873a36661a862226614582077d41811bcb3e6632cbf1767f6189b76054e8186606ee5a2c73bffe1bd6c8fc415f481324f015045231d662173b6f7e814068dffd598ce9a6f4630744bb0aa80f9f74403f4c3da3ca856b40d043885cc1e7beac524853fafb01fb61c3023ab04047e29d50a5d4cd612fc9ae90e7832fde7d1dea0804dc16fff17500517be0bf5d28f4ab0203010001
info|2026-02-06 15:24:26.458490|fisco-bcos-0x000079c93a7ff6c0|[P2PService][Service]onConnect,p2pid=3082010a0282010100d938a7d0e5078fdc3bfe83bfe8c789160de4c9e207ff836ef8d64a0c846f5f628646fe9170bec49eec44aebb3f17334e76b1003dae65d6858a626d60a3ff3dbbff8cf15ca934ca0f7a09b9ae6c17c911bb2f6083cab81540e00a8d9b9393a3341b90dd134f4a2ec21f1d8c55c2df687896873a36661a862226614582077d41811bcb3e6632cbf1767f6189b76054e8186606ee5a2c73bffe1bd6c8fc415f481324f015045231d662173b6f7e814068dffd598ce9a6f4630744bb0aa80f9f74403f4c3da3ca856b40d043885cc1e7beac524853fafb01fb61c3023ab04047e29d50a5d4cd612fc9ae90e7832fde7d1dea0804dc16fff17500517be0bf5d28f4ab0203010001,endpoint=127.0.0.1
info|2026-02-06 15:24:26.458554|fisco-bcos-0x000079c92dffb6c0|[P2PService][Service2][onReceiveRouterTableRequest],peer=3082010a0282010100b85dd5fdfbc4aa99dcef8477a2e1c08c304a63432923826f81b3d0d7d13e79a6ec265462b2f59e76106f8bad7efb849227798aaf7c20a2197e9a95a8ffbbc07f5ccb44d04e995013b9afd04bb77fb7dbfa0f13bd2d404980eae43fc147332e1542ee2d2e973596187bb8ad4dc63b0165052688b1f7fc4a2a8ccb020a55db8ee7b9a45bb901b1c03d94727648a8ec10bfbc854175981345d56f4c783b0211d91f0775e508d8b379b56935777d255f59b63fadc24b43862671f5cbe0d00fcfff7138124c8293f91740a0e0732346eeee748a42f65ddb81da461fce3e76ea6ff452913b80eb5b1dba016f7d4d94f66337cc6bea7a066b8277637aef12c2eba11da10203010001,entrySize=3
info|2026-02-06 15:24:26.458605|fisco-bcos-0x000079c93a7ff6c0|[P2PService][P2PSession][P2PSession::P2PSession] this=0x79c927c86390
info|2026-02-06 15:24:26.458671|fisco-bcos-0x000079c93a7ff6c0|[SESSION][Session][start] start session ,this=0x79c923a5b1d0
info|2026-02-06 15:24:26.458776|fisco-bcos-0x000079c93a7ff6c0|[P2PService][Service]asyncSendProtocol,payload=5,seq=190
info|2026-02-06 15:24:26.458833|fisco-bcos-0x000079c93a7ff6c0|[P2PService][Router][updateDstNodeEntry]discover smaller distance, update entry,distance=1,oldDistance=2,dst=3082010a0282010100d938a7d0e5078fdc3bfe83bfe8c789160de4c9e207ff836ef8d64a0c846f5f628646fe9170bec49eec44aebb3f17334e76b1003dae65d6858a626d60a3ff3dbbff8cf15ca934ca0f7a09b9ae6c17c911bb2f6083cab81540e00a8d9b9393a3341b90dd134f4a2ec21f1d8c55c2df687896873a36661a862226614582077d41811bcb3e6632cbf1767f6189b76054e8186606ee5a2c73bffe1bd6c8fc415f481324f015045231d662173b6f7e814068dffd598ce9a6f4630744bb0aa80f9f74403f4c3da3ca856b40d043885cc1e7beac524853fafb01fb61c3023ab04047e29d50a5d4cd612fc9ae90e7832fde7d1dea0804dc16fff17500517be0bf5d28f4ab0203010001,nextHop=,size=3
info|2026-02-06 15:24:26.458971|fisco-bcos-0x000079c935dfc6c0|[P2PService][Service]onReceiveProtocol: protocolNegotiate success,peer=3082010a0282010100d938a7d0e5078fdc3bfe83bfe8c789160de4c9e207ff836ef8d64a0c846f5f628646fe9170bec49eec44aebb3f17334e76b1003dae65d6858a626d60a3ff3dbbff8cf15ca934ca0f7a09b9ae6c17c911bb2f6083cab81540e00a8d9b9393a3341b90dd134f4a2ec21f1d8c55c2df687896873a36661a862226614582077d41811bcb3e6632cbf1767f6189b76054e8186606ee5a2c73bffe1bd6c8fc415f481324f015045231d662173b6f7e814068dffd598ce9a6f4630744bb0aa80f9f74403f4c3da3ca856b40d043885cc1e7beac524853fafb01fb61c3023ab04047e29d50a5d4cd612fc9ae90e7832fde7d1dea0804dc16fff17500517be0bf5d28f4ab0203010001,minVersion=0,maxVersion=2,supportMinVersion=0,supportMaxVersion=2,negotiatedVersion=2
info|2026-02-06 15:24:26.459025|fisco-bcos-0x000079c93a7ff6c0|[P2PService][Service2][onNewSession]update routerTable,dst=3082010a0282010100d938a7d0e5078fdc3bfe83bfe8c789160de4c9e207ff836ef8d64a0c846f5f628646fe9170bec49eec44aebb3f17334e76b1003dae65d6858a626d60a3ff3dbbff8cf15ca934ca0f7a09b9ae6c17c911bb2f6083cab81540e00a8d9b9393a3341b90dd134f4a2ec21f1d8c55c2df687896873a36661a862226614582077d41811bcb3e6632cbf1767f6189b76054e8186606ee5a2c73bffe1bd6c8fc415f481324f015045231d662173b6f7e814068dffd598ce9a6f4630744bb0aa80f9f74403f4c3da3ca856b40d043885cc1e7beac524853fafb01fb61c3023ab04047e29d50a5d4cd612fc9ae90e7832fde7d1dea0804dc16fff17500517be0bf5d28f4ab0203010001
info|2026-02-06 15:24:26.459058|fisco-bcos-0x000079c93a7ff6c0|[P2PService][Service]Connection established,p2pid=3082010a0282010100d938a7d0e5078fdc3bfe83bfe8c789160de4c9e207ff836ef8d64a0c846f5f628646fe9170bec49eec44aebb3f17334e76b1003dae65d6858a626d60a3ff3dbbff8cf15ca934ca0f7a09b9ae6c17c911bb2f6083cab81540e00a8d9b9393a3341b90dd134f4a2ec21f1d8c55c2df687896873a36661a862226614582077d41811bcb3e6632cbf1767f6189b76054e8186606ee5a2c73bffe1bd6c8fc415f481324f015045231d662173b6f7e814068dffd598ce9a6f4630744bb0aa80f9f74403f4c3da3ca856b40d043885cc1e7beac524853fafb01fb61c3023ab04047e29d50a5d4cd612fc9ae90e7832fde7d1dea0804dc16fff17500517be0bf5d28f4ab0203010001,endpoint=127.0.0.1:44422
info|2026-02-06 15:24:26.459094|fisco-bcos-0x000079c92c3f86c0|[P2PService][Service2][onReceiveRouterSeq]receive router seq and request router table,peer=3082010a0282010100d938a7d0e5078fdc3bfe83bfe8c789160de4c9e207ff836ef8d64a0c846f5f628646fe9170bec49eec44aebb3f17334e76b1003dae65d6858a626d60a3ff3dbbff8cf15ca934ca0f7a09b9ae6c17c911bb2f6083cab81540e00a8d9b9393a3341b90dd134f4a2ec21f1d8c55c2df687896873a36661a862226614582077d41811bcb3e6632cbf1767f6189b76054e8186606ee5a2c73bffe1bd6c8fc415f481324f015045231d662173b6f7e814068dffd598ce9a6f4630744bb0aa80f9f74403f4c3da3ca856b40d043885cc1e7beac524853fafb01fb61c3023ab04047e29d50a5d4cd612fc9ae90e7832fde7d1dea0804dc16fff17500517be0bf5d28f4ab0203010001,seq=7
info|2026-02-06 15:24:26.459321|fisco-bcos-0x000079c9389fe6c0|[P2PService][Service2][onReceivePeersRouterTable],peer=3082010a0282010100b85dd5fdfbc4aa99dcef8477a2e1c08c304a63432923826f81b3d0d7d13e79a6ec265462b2f59e76106f8bad7efb849227798aaf7c20a2197e9a95a8ffbbc07f5ccb44d04e995013b9afd04bb77fb7dbfa0f13bd2d404980eae43fc147332e1542ee2d2e973596187bb8ad4dc63b0165052688b1f7fc4a2a8ccb020a55db8ee7b9a45bb901b1c03d94727648a8ec10bfbc854175981345d56f4c783b0211d91f0775e508d8b379b56935777d255f59b63fadc24b43862671f5cbe0d00fcfff7138124c8293f91740a0e0732346eeee748a42f65ddb81da461fce3e76ea6ff452913b80eb5b1dba016f7d4d94f66337cc6bea7a066b8277637aef12c2eba11da10203010001,entrySize=3
info|2026-02-06 15:24:26.459338|fisco-bcos-0x000079c9389fe6c0|[P2PService][Service2][joinRouterTable]create router entry,dst=3082010a0282010100b85dd5fdfbc4aa99dcef8477a2e1c08c304a63432923826f81b3d0d7d13e79a6ec265462b2f59e76106f8bad7efb849227798aaf7c20a2197e9a95a8ffbbc07f5ccb44d04e995013b9afd04bb77fb7dbfa0f13bd2d404980eae43fc147332e1542ee2d2e973596187bb8ad4dc63b0165052688b1f7fc4a2a8ccb020a55db8ee7b9a45bb901b1c03d94727648a8ec10bfbc854175981345d56f4c783b0211d91f0775e508d8b379b56935777d255f59b63fadc24b43862671f5cbe0d00fcfff7138124c8293f91740a0e0732346eeee748a42f65ddb81da461fce3e76ea6ff452913b80eb5b1dba016f7d4d94f66337cc6bea7a066b8277637aef12c2eba11da10203010001
info|2026-02-06 15:24:26.459471|fisco-bcos-0x000079c933ffd6c0|[P2PService][Service2][onReceiveRouterTableRequest],peer=3082010a0282010100a492268b412bea3e8f972dff0dc52c521cd06884f53d90f3889c7014f7cb635c38a07b81af9630f2b04238a726b029af6b4b924e132710d2894b7175f12a5e323a7119afd27786b01965d49b9c885ff3768f40b9d57817bc1305124f40ced3b1ac99666773a3a64cce079e95acbc31d42f416aad362594008547aae561213b022db32ed9d1bd67df5c020bc44dcc073982b4566fd04048555b1ea84279063d5b1047e9f42776ef03677d2dd1454433fdb3feced3f41b92efdfeda545d56c1c9ba349584c9095f3ad9e31c2db11cbe3007ee7817f5846f87eb01c296d81b36dbbc765b4c7af74aface1276dd4fd91963729e495694b6af5c0d6111c49115a2c3f0203010001,entrySize=3
info|2026-02-06 15:24:26.459923|fisco-bcos-0x000079c935dfc6c0|[P2PService][Service2][onReceiveRouterTableRequest],peer=3082010a0282010100b85dd5fdfbc4aa99dcef8477a2e1c08c304a63432923826f81b3d0d7d13e79a6ec265462b2f59e76106f8bad7efb849227798aaf7c20a2197e9a95a8ffbbc07f5ccb44d04e995013b9afd04bb77fb7dbfa0f13bd2d404980eae43fc147332e1542ee2d2e973596187bb8ad4dc63b0165052688b1f7fc4a2a8ccb020a55db8ee7b9a45bb901b1c03d94727648a8ec10bfbc854175981345d56f4c783b0211d91f0775e508d8b379b56935777d255f59b63fadc24b43862671f5cbe0d00fcfff7138124c8293f91740a0e0732346eeee748a42f65ddb81da461fce3e76ea6ff452913b80eb5b1dba016f7d4d94f66337cc6bea7a066b8277637aef12c2eba11da10203010001,entrySize=3
info|2026-02-06 15:24:26.460671|fisco-bcos-0x000079c9355ff6c0|[P2PService][Service2][onReceiveRouterTableRequest],peer=3082010a0282010100a492268b412bea3e8f972dff0dc52c521cd06884f53d90f3889c7014f7cb635c38a07b81af9630f2b04238a726b029af6b4b924e132710d2894b7175f12a5e323a7119afd27786b01965d49b9c885ff3768f40b9d57817bc1305124f40ced3b1ac99666773a3a64cce079e95acbc31d42f416aad362594008547aae561213b022db32ed9d1bd67df5c020bc44dcc073982b4566fd04048555b1ea84279063d5b1047e9f42776ef03677d2dd1454433fdb3feced3f41b92efdfeda545d56c1c9ba349584c9095f3ad9e31c2db11cbe3007ee7817f5846f87eb01c296d81b36dbbc765b4c7af74aface1276dd4fd91963729e495694b6af5c0d6111c49115a2c3f0203010001,entrySize=3
info|2026-02-06 15:24:26.463732|ioService-0x000079c92effd6c0|[NETWORK][Host]Connecting to node,endpoint=127.0.0.1:30301
info|2026-02-06 15:24:26.463977|ioService-0x000079c92effd6c0|[NETWORK][Host]Connecting to node,endpoint=127.0.0.1:30303
info|2026-02-06 15:24:26.464183|ioService-0x000079c92effd6c0|[P2PService][Service][METRIC]heartBeat,connected count=3
info|2026-02-06 15:24:26.465704|ioService-0x000079c92d7f96c0|[ASIO][ASIO]asyncResolveConnect,endpoint=127.0.0.1:30301
info|2026-02-06 15:24:26.466002|ioService-0x000079c92d7f96c0|[ASIO][ASIO]asyncResolveConnect,endpoint=127.0.0.1:30303
info|2026-02-06 15:24:26.468855|fisco-bcos-0x000079c92c3f86c0|[P2PService][Service2][onReceiveRouterTableRequest],peer=3082010a0282010100d938a7d0e5078fdc3bfe83bfe8c789160de4c9e207ff836ef8d64a0c846f5f628646fe9170bec49eec44aebb3f17334e76b1003dae65d6858a626d60a3ff3dbbff8cf15ca934ca0f7a09b9ae6c17c911bb2f6083cab81540e00a8d9b9393a3341b90dd134f4a2ec21f1d8c55c2df687896873a36661a862226614582077d41811bcb3e6632cbf1767f6189b76054e8186606ee5a2c73bffe1bd6c8fc415f481324f015045231d662173b6f7e814068dffd598ce9a6f4630744bb0aa80f9f74403f4c3da3ca856b40d043885cc1e7beac524853fafb01fb61c3023ab04047e29d50a5d4cd612fc9ae90e7832fde7d1dea0804dc16fff17500517be0bf5d28f4ab0203010001,entrySize=3
info|2026-02-06 15:24:26.468939|fisco-bcos-0x000079c937dff6c0|[P2PService][Service2][onReceivePeersRouterTable],peer=3082010a0282010100d938a7d0e5078fdc3bfe83bfe8c789160de4c9e207ff836ef8d64a0c846f5f628646fe9170bec49eec44aebb3f17334e76b1003dae65d6858a626d60a3ff3dbbff8cf15ca934ca0f7a09b9ae6c17c911bb2f6083cab81540e00a8d9b9393a3341b90dd134f4a2ec21f1d8c55c2df687896873a36661a862226614582077d41811bcb3e6632cbf1767f6189b76054e8186606ee5a2c73bffe1bd6c8fc415f481324f015045231d662173b6f7e814068dffd598ce9a6f4630744bb0aa80f9f74403f4c3da3ca856b40d043885cc1e7beac524853fafb01fb61c3023ab04047e29d50a5d4cd612fc9ae90e7832fde7d1dea0804dc16fff17500517be0bf5d28f4ab0203010001,entrySize=3
info|2026-02-06 15:24:26.468977|fisco-bcos-0x000079c937dff6c0|[P2PService][Service2][joinRouterTable]create router entry,dst=3082010a0282010100d938a7d0e5078fdc3bfe83bfe8c789160de4c9e207ff836ef8d64a0c846f5f628646fe9170bec49eec44aebb3f17334e76b1003dae65d6858a626d60a3ff3dbbff8cf15ca934ca0f7a09b9ae6c17c911bb2f6083cab81540e00a8d9b9393a3341b90dd134f4a2ec21f1d8c55c2df687896873a36661a862226614582077d41811bcb3e6632cbf1767f6189b76054e8186606ee5a2c73bffe1bd6c8fc415f481324f015045231d662173b6f7e814068dffd598ce9a6f4630744bb0aa80f9f74403f4c3da3ca856b40d043885cc1e7beac524853fafb01fb61c3023ab04047e29d50a5d4cd612fc9ae90e7832fde7d1dea0804dc16fff17500517be0bf5d28f4ab0203010001
info|2026-02-06 15:24:26.469217|ioService-0x000079c9239fd6c0|[Gateway][Factory][NEW]SSLContext pubHex: 3082010a0282010100a9ba081864ed1c68f5b81b4fa31a3cb4c81583e0e7c5eec4d7249ecd7d2c8f901393580ca25747abc4e01775b9ff41392cf15074a577cc078f4b07f3152faa0dfe540c63b8de93fbc3afe02564592e274c9c1a76bb0cc8c4692d9404f8e0b7b5440bd66d6e70c33a6d35aca5767a88332fd7853571427789bb25413b734abc293a58791b28aece40a8f74238c2f8b0d32bbbb5f020cfd72ad86d4fb6f1904605a5f43f0f58ed4c826346ad1b71ddac3a15040d6cd21f31f9044b82e690f91329d956b39005f4ab421029ebe499a3fe7179586deded25784665d8949c4db5defd0cbbaf2f27221f3d59e7314f4374086dceea8903a6aedc17d8ca5c7ec4b03fef0203010001
info|2026-02-06 15:24:26.469271|ioService-0x000079c9239fd6c0|[NETWORK][Host]Get ca basic failed
info|2026-02-06 15:24:26.469346|ioService-0x000079c9239fd6c0|[Gateway][Factory][NEW]SSLContext pubHex: 3082010a0282010100b85dd5fdfbc4aa99dcef8477a2e1c08c304a63432923826f81b3d0d7d13e79a6ec265462b2f59e76106f8bad7efb849227798aaf7c20a2197e9a95a8ffbbc07f5ccb44d04e995013b9afd04bb77fb7dbfa0f13bd2d404980eae43fc147332e1542ee2d2e973596187bb8ad4dc63b0165052688b1f7fc4a2a8ccb020a55db8ee7b9a45bb901b1c03d94727648a8ec10bfbc854175981345d56f4c783b0211d91f0775e508d8b379b56935777d255f59b63fadc24b43862671f5cbe0d00fcfff7138124c8293f91740a0e0732346eeee748a42f65ddb81da461fce3e76ea6ff452913b80eb5b1dba016f7d4d94f66337cc6bea7a066b8277637aef12c2eba11da10203010001
info|2026-02-06 15:24:26.469382|ioService-0x000079c9239fd6c0|[Gateway][Factory][NEW]SSLContext pubHex: B85DD5FDFBC4AA99DCEF8477A2E1C08C304A63432923826F81B3D0D7D13E79A6EC265462B2F59E76106F8BAD7EFB849227798AAF7C20A2197E9A95A8FFBBC07F5CCB44D04E995013B9AFD04BB77FB7DBFA0F13BD2D404980EAE43FC147332E1542EE2D2E973596187BB8AD4DC63B0165052688B1F7FC4A2A8CCB020A55DB8EE7B9A45BB901B1C03D94727648A8EC10BFBC854175981345D56F4C783B0211D91F0775E508D8B379B56935777D255F59B63FADC24B43862671F5CBE0D00FCFFF7138124C8293F91740A0E0732346EEEE748A42F65DDB81DA461FCE3E76EA6FF452913B80EB5B1DBA016F7D4D94F66337CC6BEA7A066B8277637AEF12C2EBA11DA1
info|2026-02-06 15:24:26.469593|ioService-0x000079c9243fe6c0|[Gateway][Factory][NEW]SSLContext pubHex: 3082010a0282010100a9ba081864ed1c68f5b81b4fa31a3cb4c81583e0e7c5eec4d7249ecd7d2c8f901393580ca25747abc4e01775b9ff41392cf15074a577cc078f4b07f3152faa0dfe540c63b8de93fbc3afe02564592e274c9c1a76bb0cc8c4692d9404f8e0b7b5440bd66d6e70c33a6d35aca5767a88332fd7853571427789bb25413b734abc293a58791b28aece40a8f74238c2f8b0d32bbbb5f020cfd72ad86d4fb6f1904605a5f43f0f58ed4c826346ad1b71ddac3a15040d6cd21f31f9044b82e690f91329d956b39005f4ab421029ebe499a3fe7179586deded25784665d8949c4db5defd0cbbaf2f27221f3d59e7314f4374086dceea8903a6aedc17d8ca5c7ec4b03fef0203010001
info|2026-02-06 15:24:26.469668|ioService-0x000079c9243fe6c0|[NETWORK][Host]Get ca basic failed
info|2026-02-06 15:24:26.469767|ioService-0x000079c9243fe6c0|[Gateway][Factory][NEW]SSLContext pubHex: 3082010a0282010100d938a7d0e5078fdc3bfe83bfe8c789160de4c9e207ff836ef8d64a0c846f5f628646fe9170bec49eec44aebb3f17334e76b1003dae65d6858a626d60a3ff3dbbff8cf15ca934ca0f7a09b9ae6c17c911bb2f6083cab81540e00a8d9b9393a3341b90dd134f4a2ec21f1d8c55c2df687896873a36661a862226614582077d41811bcb3e6632cbf1767f6189b76054e8186606ee5a2c73bffe1bd6c8fc415f481324f015045231d662173b6f7e814068dffd598ce9a6f4630744bb0aa80f9f74403f4c3da3ca856b40d043885cc1e7beac524853fafb01fb61c3023ab04047e29d50a5d4cd612fc9ae90e7832fde7d1dea0804dc16fff17500517be0bf5d28f4ab0203010001
info|2026-02-06 15:24:26.469800|ioService-0x000079c9243fe6c0|[Gateway][Factory][NEW]SSLContext pubHex: D938A7D0E5078FDC3BFE83BFE8C789160DE4C9E207FF836EF8D64A0C846F5F628646FE9170BEC49EEC44AEBB3F17334E76B1003DAE65D6858A626D60A3FF3DBBFF8CF15CA934CA0F7A09B9AE6C17C911BB2F6083CAB81540E00A8D9B9393A3341B90DD134F4A2EC21F1D8C55C2DF687896873A36661A862226614582077D41811BCB3E6632CBF1767F6189B76054E8186606EE5A2C73BFFE1BD6C8FC415F481324F015045231D662173B6F7E814068DFFD598CE9A6F4630744BB0AA80F9F74403F4C3DA3CA856B40D043885CC1E7BEAC524853FAFB01FB61C3023AB04047E29D50A5D4CD612FC9AE90E7832FDE7D1DEA0804DC16FFF17500517BE0BF5D28F4AB
info|2026-02-06 15:24:26.472665|ioService-0x000079c9239fd6c0|[NETWORK][Host]obtainP2pInfo ,node_info=3082010a0282010100b85dd5fdfbc4aa99dcef8477a2e1c08c304a63432923826f81b3d0d7d13e79a6ec265462b2f59e76106f8bad7efb849227798aaf7c20a2197e9a95a8ffbbc07f5ccb44d04e995013b9afd04bb77fb7dbfa0f13bd2d404980eae43fc147332e1542ee2d2e973596187bb8ad4dc63b0165052688b1f7fc4a2a8ccb020a55db8ee7b9a45bb901b1c03d94727648a8ec10bfbc854175981345d56f4c783b0211d91f0775e508d8b379b56935777d255f59b63fadc24b43862671f5cbe0d00fcfff7138124c8293f91740a0e0732346eeee748a42f65ddb81da461fce3e76ea6ff452913b80eb5b1dba016f7d4d94f66337cc6bea7a066b8277637aef12c2eba11da10203010001#B85DD5FDFBC4AA99DCEF8477A2E1C08C304A63432923826F81B3D0D7D13E79A6EC265462B2F59E76106F8BAD7EFB849227798AAF7C20A2197E9A95A8FFBBC07F5CCB44D04E995013B9AFD04BB77FB7DBFA0F13BD2D404980EAE43FC147332E1542EE2D2E973596187BB8AD4DC63B0165052688B1F7FC4A2A8CCB020A55DB8EE7B9A45BB901B1C03D94727648A8EC10BFBC854175981345D56F4C783B0211D91F0775E508D8B379B56935777D255F59B63FADC24B43862671F5CBE0D00FCFFF7138124C8293F91740A0E0732346EEEE748A42F65DDB81DA461FCE3E76EA6FF452913B80EB5B1DBA016F7D4D94F66337CC6BEA7A066B8277637AEF12C2EBA11DA1#/CN=FISCO-BCOS-e9f43089/O=FISCO-BCOS-e9f43089/OU=chain#/CN=FISCO-BCOS-e9f43089/O=fisco-bcos/OU=agency,p2pid=3082010a0282010100b85dd5fdfbc4aa99dcef8477a2e1c08c304a63432923826f81b3d0d7d13e79a6ec265462b2f59e76106f8bad7efb849227798aaf7c20a2197e9a95a8ffbbc07f5ccb44d04e995013b9afd04bb77fb7dbfa0f13bd2d404980eae43fc147332e1542ee2d2e973596187bb8ad4dc63b0165052688b1f7fc4a2a8ccb020a55db8ee7b9a45bb901b1c03d94727648a8ec10bfbc854175981345d56f4c783b0211d91f0775e508d8b379b56935777d255f59b63fadc24b43862671f5cbe0d00fcfff7138124c8293f91740a0e0732346eeee748a42f65ddb81da461fce3e76ea6ff452913b80eb5b1dba016f7d4d94f66337cc6bea7a066b8277637aef12c2eba11da10203010001
info|2026-02-06 15:24:26.472710|ioService-0x000079c9239fd6c0|[NETWORK][Host]handshakeClient succ,local endpoint=127.0.0.1:60416
info|2026-02-06 15:24:26.473903|ioService-0x000079c9239fd6c0|[SESSION][Session][Session::Session] this=0x79c91b8871d0,recvBufferSize=67108864
info|2026-02-06 15:24:26.474056|ioService-0x000079c9239fd6c0|[SessionFactory]create new session,sessionRecvBufferSize=67108864,allowMaxMsgSize=33554432,maxReadDataSize=40960,maxSendDataSize=1048576,maxSendMsgCountS=10,enableCompress=true
info|2026-02-06 15:24:26.474191|ioService-0x000079c9239fd6c0|[NETWORK][Host]startPeerSession, Remote=127.0.0.1:30303,local endpoint=127.0.0.1:60416,p2pid=3082010a0282010100b85dd5fdfbc4aa99dcef8477a2e1c08c304a63432923826f81b3d0d7d13e79a6ec265462b2f59e76106f8bad7efb849227798aaf7c20a2197e9a95a8ffbbc07f5ccb44d04e995013b9afd04bb77fb7dbfa0f13bd2d404980eae43fc147332e1542ee2d2e973596187bb8ad4dc63b0165052688b1f7fc4a2a8ccb020a55db8ee7b9a45bb901b1c03d94727648a8ec10bfbc854175981345d56f4c783b0211d91f0775e508d8b379b56935777d255f59b63fadc24b43862671f5cbe0d00fcfff7138124c8293f91740a0e0732346eeee748a42f65ddb81da461fce3e76ea6ff452913b80eb5b1dba016f7d4d94f66337cc6bea7a066b8277637aef12c2eba11da10203010001
info|2026-02-06 15:24:26.474276|fisco-bcos-0x000079c95d7fd6c0|[P2PService][Service]onConnect,p2pid=3082010a0282010100b85dd5fdfbc4aa99dcef8477a2e1c08c304a63432923826f81b3d0d7d13e79a6ec265462b2f59e76106f8bad7efb849227798aaf7c20a2197e9a95a8ffbbc07f5ccb44d04e995013b9afd04bb77fb7dbfa0f13bd2d404980eae43fc147332e1542ee2d2e973596187bb8ad4dc63b0165052688b1f7fc4a2a8ccb020a55db8ee7b9a45bb901b1c03d94727648a8ec10bfbc854175981345d56f4c783b0211d91f0775e508d8b379b56935777d255f59b63fadc24b43862671f5cbe0d00fcfff7138124c8293f91740a0e0732346eeee748a42f65ddb81da461fce3e76ea6ff452913b80eb5b1dba016f7d4d94f66337cc6bea7a066b8277637aef12c2eba11da10203010001,endpoint=127.0.0.1
info|2026-02-06 15:24:26.474314|fisco-bcos-0x000079c95d7fd6c0|[P2PService][Service]Disconnect duplicate peer,p2pid=3082010a0282010100b85dd5fdfbc4aa99dcef8477a2e1c08c304a63432923826f81b3d0d7d13e79a6ec265462b2f59e76106f8bad7efb849227798aaf7c20a2197e9a95a8ffbbc07f5ccb44d04e995013b9afd04bb77fb7dbfa0f13bd2d404980eae43fc147332e1542ee2d2e973596187bb8ad4dc63b0165052688b1f7fc4a2a8ccb020a55db8ee7b9a45bb901b1c03d94727648a8ec10bfbc854175981345d56f4c783b0211d91f0775e508d8b379b56935777d255f59b63fadc24b43862671f5cbe0d00fcfff7138124c8293f91740a0e0732346eeee748a42f65ddb81da461fce3e76ea6ff452913b80eb5b1dba016f7d4d94f66337cc6bea7a066b8277637aef12c2eba11da10203010001
info|2026-02-06 15:24:26.474345|fisco-bcos-0x000079c95d7fd6c0|[P2PService][Service]updateStaticNodes,nodeid=3082010a0282010100b85dd5fdfbc4aa99dcef8477a2e1c08c304a63432923826f81b3d0d7d13e79a6ec265462b2f59e76106f8bad7efb849227798aaf7c20a2197e9a95a8ffbbc07f5ccb44d04e995013b9afd04bb77fb7dbfa0f13bd2d404980eae43fc147332e1542ee2d2e973596187bb8ad4dc63b0165052688b1f7fc4a2a8ccb020a55db8ee7b9a45bb901b1c03d94727648a8ec10bfbc854175981345d56f4c783b0211d91f0775e508d8b379b56935777d255f59b63fadc24b43862671f5cbe0d00fcfff7138124c8293f91740a0e0732346eeee748a42f65ddb81da461fce3e76ea6ff452913b80eb5b1dba016f7d4d94f66337cc6bea7a066b8277637aef12c2eba11da10203010001,endpoint=127.0.0.1:30303
info|2026-02-06 15:24:26.474354|fisco-bcos-0x000079c95d7fd6c0|[SESSION][Session][Session::~Session] this=0x79c91b8871d0
info|2026-02-06 15:24:26.474776|ioService-0x000079c9243fe6c0|[NETWORK][Host]obtainP2pInfo ,node_info=3082010a0282010100d938a7d0e5078fdc3bfe83bfe8c789160de4c9e207ff836ef8d64a0c846f5f628646fe9170bec49eec44aebb3f17334e76b1003dae65d6858a626d60a3ff3dbbff8cf15ca934ca0f7a09b9ae6c17c911bb2f6083cab81540e00a8d9b9393a3341b90dd134f4a2ec21f1d8c55c2df687896873a36661a862226614582077d41811bcb3e6632cbf1767f6189b76054e8186606ee5a2c73bffe1bd6c8fc415f481324f015045231d662173b6f7e814068dffd598ce9a6f4630744bb0aa80f9f74403f4c3da3ca856b40d043885cc1e7beac524853fafb01fb61c3023ab04047e29d50a5d4cd612fc9ae90e7832fde7d1dea0804dc16fff17500517be0bf5d28f4ab0203010001#D938A7D0E5078FDC3BFE83BFE8C789160DE4C9E207FF836EF8D64A0C846F5F628646FE9170BEC49EEC44AEBB3F17334E76B1003DAE65D6858A626D60A3FF3DBBFF8CF15CA934CA0F7A09B9AE6C17C911BB2F6083CAB81540E00A8D9B9393A3341B90DD134F4A2EC21F1D8C55C2DF687896873A36661A862226614582077D41811BCB3E6632CBF1767F6189B76054E8186606EE5A2C73BFFE1BD6C8FC415F481324F015045231D662173B6F7E814068DFFD598CE9A6F4630744BB0AA80F9F74403F4C3DA3CA856B40D043885CC1E7BEAC524853FAFB01FB61C3023AB04047E29D50A5D4CD612FC9AE90E7832FDE7D1DEA0804DC16FFF17500517BE0BF5D28F4AB#/CN=FISCO-BCOS-e9f43089/O=FISCO-BCOS-e9f43089/OU=chain#/CN=FISCO-BCOS-e9f43089/O=fisco-bcos/OU=agency,p2pid=3082010a0282010100d938a7d0e5078fdc3bfe83bfe8c789160de4c9e207ff836ef8d64a0c846f5f628646fe9170bec49eec44aebb3f17334e76b1003dae65d6858a626d60a3ff3dbbff8cf15ca934ca0f7a09b9ae6c17c911bb2f6083cab81540e00a8d9b9393a3341b90dd134f4a2ec21f1d8c55c2df687896873a36661a862226614582077d41811bcb3e6632cbf1767f6189b76054e8186606ee5a2c73bffe1bd6c8fc415f481324f015045231d662173b6f7e814068dffd598ce9a6f4630744bb0aa80f9f74403f4c3da3ca856b40d043885cc1e7beac524853fafb01fb61c3023ab04047e29d50a5d4cd612fc9ae90e7832fde7d1dea0804dc16fff17500517be0bf5d28f4ab0203010001
info|2026-02-06 15:24:26.474817|ioService-0x000079c9243fe6c0|[NETWORK][Host]handshakeClient succ,local endpoint=127.0.0.1:53820
info|2026-02-06 15:24:26.476464|ioService-0x000079c9243fe6c0|[SESSION][Session][Session::Session] this=0x79c9224871d0,recvBufferSize=67108864
info|2026-02-06 15:24:26.476607|ioService-0x000079c9243fe6c0|[SessionFactory]create new session,sessionRecvBufferSize=67108864,allowMaxMsgSize=33554432,maxReadDataSize=40960,maxSendDataSize=1048576,maxSendMsgCountS=10,enableCompress=true
info|2026-02-06 15:24:26.476864|ioService-0x000079c9243fe6c0|[NETWORK][Host]startPeerSession, Remote=127.0.0.1:30301,local endpoint=127.0.0.1:53820,p2pid=3082010a0282010100d938a7d0e5078fdc3bfe83bfe8c789160de4c9e207ff836ef8d64a0c846f5f628646fe9170bec49eec44aebb3f17334e76b1003dae65d6858a626d60a3ff3dbbff8cf15ca934ca0f7a09b9ae6c17c911bb2f6083cab81540e00a8d9b9393a3341b90dd134f4a2ec21f1d8c55c2df687896873a36661a862226614582077d41811bcb3e6632cbf1767f6189b76054e8186606ee5a2c73bffe1bd6c8fc415f481324f015045231d662173b6f7e814068dffd598ce9a6f4630744bb0aa80f9f74403f4c3da3ca856b40d043885cc1e7beac524853fafb01fb61c3023ab04047e29d50a5d4cd612fc9ae90e7832fde7d1dea0804dc16fff17500517be0bf5d28f4ab0203010001
info|2026-02-06 15:24:26.476920|fisco-bcos-0x000079c93a7ff6c0|[P2PService][Service]onConnect,p2pid=3082010a0282010100d938a7d0e5078fdc3bfe83bfe8c789160de4c9e207ff836ef8d64a0c846f5f628646fe9170bec49eec44aebb3f17334e76b1003dae65d6858a626d60a3ff3dbbff8cf15ca934ca0f7a09b9ae6c17c911bb2f6083cab81540e00a8d9b9393a3341b90dd134f4a2ec21f1d8c55c2df687896873a36661a862226614582077d41811bcb3e6632cbf1767f6189b76054e8186606ee5a2c73bffe1bd6c8fc415f481324f015045231d662173b6f7e814068dffd598ce9a6f4630744bb0aa80f9f74403f4c3da3ca856b40d043885cc1e7beac524853fafb01fb61c3023ab04047e29d50a5d4cd612fc9ae90e7832fde7d1dea0804dc16fff17500517be0bf5d28f4ab0203010001,endpoint=127.0.0.1
info|2026-02-06 15:24:26.476946|fisco-bcos-0x000079c93a7ff6c0|[P2PService][Service]Disconnect duplicate peer,p2pid=3082010a0282010100d938a7d0e5078fdc3bfe83bfe8c789160de4c9e207ff836ef8d64a0c846f5f628646fe9170bec49eec44aebb3f17334e76b1003dae65d6858a626d60a3ff3dbbff8cf15ca934ca0f7a09b9ae6c17c911bb2f6083cab81540e00a8d9b9393a3341b90dd134f4a2ec21f1d8c55c2df687896873a36661a862226614582077d41811bcb3e6632cbf1767f6189b76054e8186606ee5a2c73bffe1bd6c8fc415f481324f015045231d662173b6f7e814068dffd598ce9a6f4630744bb0aa80f9f74403f4c3da3ca856b40d043885cc1e7beac524853fafb01fb61c3023ab04047e29d50a5d4cd612fc9ae90e7832fde7d1dea0804dc16fff17500517be0bf5d28f4ab0203010001
info|2026-02-06 15:24:26.476953|fisco-bcos-0x000079c93a7ff6c0|[P2PService][Service]updateStaticNodes,nodeid=3082010a0282010100d938a7d0e5078fdc3bfe83bfe8c789160de4c9e207ff836ef8d64a0c846f5f628646fe9170bec49eec44aebb3f17334e76b1003dae65d6858a626d60a3ff3dbbff8cf15ca934ca0f7a09b9ae6c17c911bb2f6083cab81540e00a8d9b9393a3341b90dd134f4a2ec21f1d8c55c2df687896873a36661a862226614582077d41811bcb3e6632cbf1767f6189b76054e8186606ee5a2c73bffe1bd6c8fc415f481324f015045231d662173b6f7e814068dffd598ce9a6f4630744bb0aa80f9f74403f4c3da3ca856b40d043885cc1e7beac524853fafb01fb61c3023ab04047e29d50a5d4cd612fc9ae90e7832fde7d1dea0804dc16fff17500517be0bf5d28f4ab0203010001,endpoint=127.0.0.1:30301
info|2026-02-06 15:24:26.476961|fisco-bcos-0x000079c93a7ff6c0|[SESSION][Session][Session::~Session] this=0x79c9224871d0
info|2026-02-06 15:24:36.464231|ioService-0x000079c92effd6c0|[P2PService][Service][METRIC]heartBeat,connected count=3
info|2026-02-06 15:24:36.468869|timerFactory-0x000079c91cfff6c0|[RPC][WS][SERVICE]connected nodes,count=0
info|2026-02-06 15:24:46.464312|ioService-0x000079c92effd6c0|[P2PService][Service][METRIC]heartBeat,connected count=3
info|2026-02-06 15:24:46.468964|timerFactory-0x000079c91cfff6c0|[RPC][WS][SERVICE]connected nodes,count=0
info|2026-02-06 15:24:56.464417|ioService-0x000079c92effd6c0|[P2PService][Service][METRIC]heartBeat,connected count=3
info|2026-02-06 15:24:56.469122|timerFactory-0x000079c91cfff6c0|[RPC][WS][SERVICE]connected nodes,count=0
info|2026-02-06 15:25:06.464584|ioService-0x000079c92effd6c0|[P2PService][Service][METRIC]heartBeat,connected count=3
info|2026-02-06 15:25:06.469298|timerFactory-0x000079c91cfff6c0|[RPC][WS][SERVICE]connected nodes,count=0
info|2026-02-06 15:25:16.464707|ioService-0x000079c92effd6c0|[P2PService][Service][METRIC]heartBeat,connected count=3
info|2026-02-06 15:25:16.469429|objMonitor-0x000079c9103ff6c0|[startMonitor][AliveObjectMonitor],AliveObjectAllocStat=[ type: bcos::gateway::Socket ,created: 13 ,destroyed: 9 ,alive: 4 ] [ type: bcos::gateway::ResponseCallback ,created: 886 ,destroyed: 882 ,alive: 4 ] 
info|2026-02-06 15:25:16.469477|timerFactory-0x000079c91cfff6c0|[RPC][WS][SERVICE]connected nodes,count=0
info|2026-02-06 15:25:26.464879|ioService-0x000079c92effd6c0|[P2PService][Service][METRIC]heartBeat,connected count=3
info|2026-02-06 15:25:26.469568|timerFactory-0x000079c91cfff6c0|[RPC][WS][SERVICE]connected nodes,count=0
info|2026-02-06 15:25:36.465011|ioService-0x000079c92effd6c0|[P2PService][Service][METRIC]heartBeat,connected count=3
info|2026-02-06 15:25:36.469721|timerFactory-0x000079c91cfff6c0|[RPC][WS][SERVICE]connected nodes,count=0
info|2026-02-06 15:25:46.467935|ioService-0x000079c92effd6c0|[P2PService][Service][METRIC]heartBeat,connected count=3
info|2026-02-06 15:25:46.469840|timerFactory-0x000079c91cfff6c0|[RPC][WS][SERVICE]connected nodes,count=0
info|2026-02-06 15:25:56.468161|ioService-0x000079c92effd6c0|[P2PService][Service][METRIC]heartBeat,connected count=3
info|2026-02-06 15:25:56.469965|timerFactory-0x000079c91cfff6c0|[RPC][WS][SERVICE]connected nodes,count=0
info|2026-02-06 15:26:06.468563|ioService-0x000079c92effd6c0|[P2PService][Service][METRIC]heartBeat,connected count=3
info|2026-02-06 15:26:06.470222|timerFactory-0x000079c91cfff6c0|[RPC][WS][SERVICE]connected nodes,count=0
info|2026-02-06 15:26:16.468728|ioService-0x000079c92effd6c0|[P2PService][Service][METRIC]heartBeat,connected count=3
info|2026-02-06 15:26:16.470261|objMonitor-0x000079c9103ff6c0|[startMonitor][AliveObjectMonitor],AliveObjectAllocStat=[ type: bcos::gateway::Socket ,created: 13 ,destroyed: 9 ,alive: 4 ] [ type: bcos::gateway::ResponseCallback ,created: 1783 ,destroyed: 1777 ,alive: 6 ] 
info|2026-02-06 15:26:16.470461|timerFactory-0x000079c91cfff6c0|[RPC][WS][SERVICE]connected nodes,count=0
info|2026-02-06 15:26:26.468862|ioService-0x000079c92effd6c0|[P2PService][Service][METRIC]heartBeat,connected count=3
info|2026-02-06 15:26:26.470560|timerFactory-0x000079c91cfff6c0|[RPC][WS][SERVICE]connected nodes,count=0
info|2026-02-06 15:26:36.469057|ioService-0x000079c92effd6c0|[P2PService][Service][METRIC]heartBeat,connected count=3
info|2026-02-06 15:26:36.470680|timerFactory-0x000079c91cfff6c0|[RPC][WS][SERVICE]connected nodes,count=0
info|2026-02-06 15:26:46.469197|ioService-0x000079c92effd6c0|[P2PService][Service][METRIC]heartBeat,connected count=3
info|2026-02-06 15:26:46.470808|timerFactory-0x000079c91cfff6c0|[RPC][WS][SERVICE]connected nodes,count=0
info|2026-02-06 15:26:56.469325|ioService-0x000079c92effd6c0|[P2PService][Service][METRIC]heartBeat,connected count=3
info|2026-02-06 15:26:56.471113|timerFactory-0x000079c91cfff6c0|[RPC][WS][SERVICE]connected nodes,count=0
info|2026-02-06 15:27:06.469486|ioService-0x000079c92effd6c0|[P2PService][Service][METRIC]heartBeat,connected count=3
info|2026-02-06 15:27:06.471365|timerFactory-0x000079c91cfff6c0|[RPC][WS][SERVICE]connected nodes,count=0
info|2026-02-06 15:27:16.469775|ioService-0x000079c92effd6c0|[P2PService][Service][METRIC]heartBeat,connected count=3
info|2026-02-06 15:27:16.472107|objMonitor-0x000079c9103ff6c0|[startMonitor][AliveObjectMonitor],AliveObjectAllocStat=[ type: bcos::gateway::Socket ,created: 13 ,destroyed: 9 ,alive: 4 ] 
info|2026-02-06 15:27:16.472441|timerFactory-0x000079c91cfff6c0|[RPC][WS][SERVICE]connected nodes,count=0
info|2026-02-06 15:27:26.470244|ioService-0x000079c92effd6c0|[P2PService][Service][METRIC]heartBeat,connected count=3
info|2026-02-06 15:27:26.472806|timerFactory-0x000079c91cfff6c0|[RPC][WS][SERVICE]connected nodes,count=0
info|2026-02-06 15:27:36.470544|ioService-0x000079c92effd6c0|[P2PService][Service][METRIC]heartBeat,connected count=3
info|2026-02-06 15:27:36.473056|timerFactory-0x000079c91cfff6c0|[RPC][WS][SERVICE]connected nodes,count=0
info|2026-02-06 15:27:46.470828|ioService-0x000079c92effd6c0|[P2PService][Service][METRIC]heartBeat,connected count=3
info|2026-02-06 15:27:46.473820|timerFactory-0x000079c91cfff6c0|[RPC][WS][SERVICE]connected nodes,count=0
info|2026-02-06 15:27:56.471073|ioService-0x000079c92effd6c0|[P2PService][Service][METRIC]heartBeat,connected count=3
info|2026-02-06 15:27:56.474106|timerFactory-0x000079c91cfff6c0|[RPC][WS][SERVICE]connected nodes,count=0
info|2026-02-06 15:28:06.471349|ioService-0x000079c92effd6c0|[P2PService][Service][METRIC]heartBeat,connected count=3
info|2026-02-06 15:28:06.474714|timerFactory-0x000079c91cfff6c0|[RPC][WS][SERVICE]connected nodes,count=0
info|2026-02-06 15:28:16.471515|ioService-0x000079c92effd6c0|[P2PService][Service][METRIC]heartBeat,connected count=3
info|2026-02-06 15:28:16.472477|objMonitor-0x000079c9103ff6c0|[startMonitor][AliveObjectMonitor],AliveObjectAllocStat=[ type: bcos::gateway::Socket ,created: 13 ,destroyed: 9 ,alive: 4 ] 
info|2026-02-06 15:28:16.474885|timerFactory-0x000079c91cfff6c0|[RPC][WS][SERVICE]connected nodes,count=0
info|2026-02-06 15:28:26.471698|ioService-0x000079c92effd6c0|[P2PService][Service][METRIC]heartBeat,connected count=3
info|2026-02-06 15:28:26.475088|timerFactory-0x000079c91cfff6c0|[RPC][WS][SERVICE]connected nodes,count=0
info|2026-02-06 15:28:36.472034|ioService-0x000079c92effd6c0|[P2PService][Service][METRIC]heartBeat,connected count=3
info|2026-02-06 15:28:36.475261|timerFactory-0x000079c91cfff6c0|[RPC][WS][SERVICE]connected nodes,count=0
info|2026-02-06 15:28:46.472418|ioService-0x000079c92effd6c0|[P2PService][Service][METRIC]heartBeat,connected count=3
info|2026-02-06 15:28:46.475424|timerFactory-0x000079c91cfff6c0|[RPC][WS][SERVICE]connected nodes,count=0
info|2026-02-06 15:28:56.472627|ioService-0x000079c92effd6c0|[P2PService][Service][METRIC]heartBeat,connected count=3
info|2026-02-06 15:28:56.475563|timerFactory-0x000079c91cfff6c0|[RPC][WS][SERVICE]connected nodes,count=0
info|2026-02-06 15:29:06.472860|ioService-0x000079c92effd6c0|[P2PService][Service][METRIC]heartBeat,connected count=3
info|2026-02-06 15:29:06.475761|timerFactory-0x000079c91cfff6c0|[RPC][WS][SERVICE]connected nodes,count=0
info|2026-02-06 15:29:16.472645|objMonitor-0x000079c9103ff6c0|[startMonitor][AliveObjectMonitor],AliveObjectAllocStat=[ type: bcos::gateway::Socket ,created: 13 ,destroyed: 9 ,alive: 4 ] 
info|2026-02-06 15:29:16.473098|ioService-0x000079c92effd6c0|[P2PService][Service][METRIC]heartBeat,connected count=3
info|2026-02-06 15:29:16.475916|timerFactory-0x000079c91cfff6c0|[RPC][WS][SERVICE]connected nodes,count=0
info|2026-02-06 15:29:26.473314|ioService-0x000079c92effd6c0|[P2PService][Service][METRIC]heartBeat,connected count=3
info|2026-02-06 15:29:26.476181|timerFactory-0x000079c91cfff6c0|[RPC][WS][SERVICE]connected nodes,count=0
info|2026-02-06 15:29:36.473713|ioService-0x000079c92effd6c0|[P2PService][Service][METRIC]heartBeat,connected count=3
info|2026-02-06 15:29:36.476360|timerFactory-0x000079c91cfff6c0|[RPC][WS][SERVICE]connected nodes,count=0
info|2026-02-06 15:29:37.449021|pbft-0x000079c9301ff6c0|[CONSENSUS][PBFT]addPrepareCache,reqHash=4a05bc40...,reqIndex=26,reqV=3,fromIdx=1,wait(ms)=1,committedIndex=25,consNum=26,committedHash=4c5ef02f...,view=3,toView=3,changeCycle=0,expectedCheckPoint=26,Idx=0,unsealedTxs=1,sealUntil=0,waitResealUntil=0,consensusTimeout=3000,nodeId=0d6a7f52...,weight=1
info|2026-02-06 15:29:37.449122|pbft-0x000079c9301ff6c0|[CONSENSUS][PBFT]handlePrePrepareMsg,reqHash=4a05bc40...,reqIndex=26,reqV=3,fromIdx=1,wait(ms)=1,committedIndex=25,consNum=26,committedHash=4c5ef02f...,view=3,toView=3,changeCycle=0,expectedCheckPoint=26,Idx=0,unsealedTxs=1,sealUntil=0,waitResealUntil=0,consensusTimeout=3000,nodeId=0d6a7f52...,utc=15435166
info|2026-02-06 15:29:37.449256|pbft-0x000079c9301ff6c0|[TXPOOL]begin asyncVerifyBlock,consNum=26,hash=4a05bc40...
info|2026-02-06 15:29:37.450515|pbft-0x000079c9301ff6c0|[CONSENSUS][PBFT]addPrepareCache,reqHash=4a05bc40...,reqIndex=26,reqV=3,fromIdx=3,wait(ms)=1,committedIndex=25,consNum=26,committedHash=4c5ef02f...,view=3,toView=3,changeCycle=0,expectedCheckPoint=26,Idx=0,unsealedTxs=1,sealUntil=0,waitResealUntil=0,consensusTimeout=3000,nodeId=0d6a7f52...,weight=2
info|2026-02-06 15:29:37.450646|verifier-0x000079c951de96c0|[TXPOOL]batchVerifyProposal,consNum=26,hash=4a05bc40...,txsSize=1,lockT=0,verifyT=0,missedTxs=0
info|2026-02-06 15:29:37.450750|verifier-0x000079c951de96c0|[TXPOOL][METRIC]asyncVerifyBlock finished,consNum=26,hash=4a05bc40...,code=0,msg=success,result=true,timecost=1
info|2026-02-06 15:29:37.450807|verifier-0x000079c951de96c0|[CONSENSUS][PBFT]handlePrePrepareMsg,reqHash=4a05bc40...,reqIndex=26,reqV=3,fromIdx=1,wait(ms)=2,committedIndex=25,consNum=26,committedHash=4c5ef02f...,view=3,toView=3,changeCycle=0,expectedCheckPoint=26,Idx=0,unsealedTxs=1,sealUntil=0,waitResealUntil=0,consensusTimeout=3000,nodeId=0d6a7f52...,utc=15435168
info|2026-02-06 15:29:37.450902|verifier-0x000079c951de96c0|[CONSENSUS][PBFT]addPrePrepareCache,reqHash=4a05bc40...,reqIndex=26,reqV=3,fromIdx=1,wait(ms)=2,sys=false,committedIndex=25,consNum=26,committedHash=4c5ef02f...,view=3,toView=3,changeCycle=0,expectedCheckPoint=26,Idx=0,unsealedTxs=1,sealUntil=0,waitResealUntil=0,consensusTimeout=3000,nodeId=0d6a7f52...
info|2026-02-06 15:29:37.450955|verifier-0x000079c951de96c0|[CONSENSUS][PBFT]notify the committed proposal index to the sync module success,index=26
info|2026-02-06 15:29:37.451197|validator-0x000079c9445ce6c0|[CONSENSUS][PBFT]asyncResetTxsFlag,index=26,hash=4a05bc40...,flag=true
info|2026-02-06 15:29:37.451428|verifier-0x000079c951de96c0|[CONSENSUS][PBFT]addPrepareCache,reqHash=4a05bc40...,reqIndex=26,reqV=3,fromIdx=0,wait(ms)=0,committedIndex=25,consNum=26,committedHash=4c5ef02f...,view=3,toView=3,changeCycle=0,expectedCheckPoint=26,Idx=0,unsealedTxs=1,sealUntil=0,waitResealUntil=0,consensusTimeout=3000,nodeId=0d6a7f52...,weight=3
info|2026-02-06 15:29:37.451569|verifier-0x000079c951de96c0|[CONSENSUS][PBFT]broadcast prepare packet,packetSize=228,index=26
info|2026-02-06 15:29:37.451514|validator-0x000079c9445ce6c0|[TXPOOL]batchMarkTxs,txsSize=1,batchId=26,hash=4a05bc40...,sealFlag=true,notFound=0,reSealed=0,succ=1,time=0,markT=0
info|2026-02-06 15:29:37.451613|validator-0x000079c9445ce6c0|[CONSENSUS][PBFT]asyncMarkTxs success,index=26,hash=4a05bc40...,flag=true,markT=0,emptyTxBatchHash=false
info|2026-02-06 15:29:37.452147|verifier-0x000079c951de96c0|[CONSENSUS][PBFT]setSignatureList,signatureSize=3,propHash=4a05bc40...,propIndex=26
info|2026-02-06 15:29:37.452252|verifier-0x000079c951de96c0|[CONSENSUS][PBFT]intoPrecommit,reqHash=4a05bc40...,reqIndex=26,reqV=3,fromIdx=0,wait(ms)=4,committedIndex=25,consNum=26,committedHash=4c5ef02f...,view=3,toView=3,changeCycle=0,expectedCheckPoint=26,Idx=0,unsealedTxs=0,sealUntil=0,waitResealUntil=0,consensusTimeout=3000,nodeId=0d6a7f52...
info|2026-02-06 15:29:37.452431|verifier-0x000079c951de96c0|[CONSENSUS][PBFT]addCommitCache,reqHash=4a05bc40...,reqIndex=26,reqV=3,fromIdx=0,wait(ms)=0,committedIndex=25,consNum=26,committedHash=4c5ef02f...,view=3,toView=3,changeCycle=0,expectedCheckPoint=26,Idx=0,unsealedTxs=0,sealUntil=0,waitResealUntil=0,consensusTimeout=3000,nodeId=0d6a7f52...,weight=1
info|2026-02-06 15:29:37.452475|verifier-0x000079c951de96c0|[CONSENSUS][PBFT]checkAndPreCommit: broadcast commitMsg,Idx=0,hash=4a05bc40...,index=26
info|2026-02-06 15:29:37.452780|verifier-0x000079c951de96c0|[CONSENSUS][PBFT]handlePrePrepareMsg and broadcast prepare packet,reqHash=4a05bc40...,reqIndex=26,reqV=3,fromIdx=0,wait(ms)=4,committedIndex=25,consNum=26,committedHash=4c5ef02f...,view=3,toView=3,changeCycle=0,expectedCheckPoint=26,Idx=0,unsealedTxs=0,sealUntil=0,waitResealUntil=0,consensusTimeout=3000,nodeId=0d6a7f52...
info|2026-02-06 15:29:37.453119|txsPreStore-0x000079c9505e66c0|[TXPOOL]storeVerifiedBlock fetch block number from LedgerConfig
info|2026-02-06 15:29:37.453309|txsPreStore-0x000079c9505e66c0|[TOOL]LedgerConfigFetcher: fetchBlockNumber success,blockNumber=25
info|2026-02-06 15:29:37.453324|txsPreStore-0x000079c9505e66c0|[TXPOOL]storeVerifiedBlock,consNum=26,hash=4a05bc40...,txsSize=1
info|2026-02-06 15:29:37.453458|txsPreStore-0x000079c9505e66c0|[LEDGER]asyncPreStoreBlockTxs: needStoreUnsavedTxs,txsSize=1,unstoredTxs=1,number=26
info|2026-02-06 15:29:37.454726|txsPreStore-0x000079c9505e66c0|[STORAGE-RocksDB]setRows finished,put=1,dataSize=9372,time(ms)=1
info|2026-02-06 15:29:37.454829|txsPreStore-0x000079c9505e66c0|[LEDGER]asyncPreStoreBlockTxs: store uncommitted txs,blockNumber=26,blockTxsSize=1,unStoredTxs=1,msg=success,code=0,timeCost=1
info|2026-02-06 15:29:37.454853|txsPreStore-0x000079c9505e66c0|[TXPOOL]storeVerifiedBlock success,consNum=26,hash=4a05bc40...,timecost=1
info|2026-02-06 15:29:37.455123|pbft-0x000079c9301ff6c0|[CONSENSUS][PBFT]addPrepareCache,reqHash=4a05bc40...,reqIndex=26,reqV=3,fromIdx=2,wait(ms)=2,committedIndex=25,consNum=26,committedHash=4c5ef02f...,view=3,toView=3,changeCycle=0,expectedCheckPoint=26,Idx=0,unsealedTxs=0,sealUntil=0,waitResealUntil=0,consensusTimeout=3000,nodeId=0d6a7f52...,weight=4
info|2026-02-06 15:29:37.455647|pbft-0x000079c9301ff6c0|[CONSENSUS][PBFT]addCommitCache,reqHash=4a05bc40...,reqIndex=26,reqV=3,fromIdx=3,wait(ms)=2,committedIndex=25,consNum=26,committedHash=4c5ef02f...,view=3,toView=3,changeCycle=0,expectedCheckPoint=26,Idx=0,unsealedTxs=0,sealUntil=0,waitResealUntil=0,consensusTimeout=3000,nodeId=0d6a7f52...,weight=2
info|2026-02-06 15:29:37.456045|pbft-0x000079c9301ff6c0|[CONSENSUS][PBFT]addCommitCache,reqHash=4a05bc40...,reqIndex=26,reqV=3,fromIdx=2,wait(ms)=1,committedIndex=25,consNum=26,committedHash=4c5ef02f...,view=3,toView=3,changeCycle=0,expectedCheckPoint=26,Idx=0,unsealedTxs=0,sealUntil=0,waitResealUntil=0,consensusTimeout=3000,nodeId=0d6a7f52...,weight=3
info|2026-02-06 15:29:37.456147|pbft-0x000079c9301ff6c0|[CONSENSUS][PBFT]checkAndCommit,propHash=4a05bc40...,propIndex=26,committedIndex=25,consNum=26,committedHash=4c5ef02f...,view=3,toView=3,changeCycle=0,expectedCheckPoint=26,Idx=0,unsealedTxs=0,sealUntil=0,waitResealUntil=0,consensusTimeout=3000,nodeId=0d6a7f52...
info|2026-02-06 15:29:37.456173|pbft-0x000079c9301ff6c0|[CONSENSUS][PBFT]######## CommitProposal,propHash=4a05bc40...,propIndex=26,sys=false,committedIndex=25,consNum=26,committedHash=4c5ef02f...,view=3,toView=3,changeCycle=0,expectedCheckPoint=26,Idx=0,unsealedTxs=0,sealUntil=0,waitResealUntil=0,consensusTimeout=3000,nodeId=0d6a7f52...
info|2026-02-06 15:29:37.456190|pbft-0x000079c9301ff6c0|[CONSENSUS][PBFT]notify to seal next proposal,nextProposalIndex=27
info|2026-02-06 15:29:37.460386|pbft-0x000079c9301ff6c0|[SCHEDULER]fetch gas limit from storage before execute block,requestBlockNumber=-1
info|2026-02-06 15:29:37.460613|pbft-0x000079c9301ff6c0|[CONSENSUS][PBFT]notify to seal next proposal,nextProposalIndex=27
info|2026-02-06 15:29:37.460627|pbft-0x000079c9301ff6c0|[CONSENSUS][PBFT]applyStateMachine,index=26,hash=4a05bc40...,committedIndex=25,consNum=26,committedHash=4c5ef02f...,view=3,toView=3,changeCycle=0,expectedCheckPoint=26,Idx=0,unsealedTxs=0,sealUntil=0,waitResealUntil=0,consensusTimeout=3000,nodeId=0d6a7f52...,unAppliedProposals=0
info|2026-02-06 15:29:37.461391|preExeScheduler-0x000079c8fb0df6c0|[SCHEDULER][METRIC][BlockTrace][blk-26]preExeBlock success,blockHeader.timestamp=1770362977404,metaTxCount=1,timeCost=0
info|2026-02-06 15:29:37.461740|exeScheduler-0x000079c8fa8de6c0|[SCHEDULER][METRIC][blk-26]ExecuteBlock request,gasLimit=3000000000,gasPrice=0x0,verify=false,signatureSize=0,txCount=0,metaTxCount=1,version=3.11.0,waitT=0
info|2026-02-06 15:29:37.462092|exeScheduler-0x000079c8fa8de6c0|[SCHEDULER][blk-26][BlockTrace]ExecuteBlock start,time(ms)=1
info|2026-02-06 15:29:37.462220|exeScheduler-0x000079c8fa8de6c0|[SCHEDULER][serialExecute][blk-26][BlockTrace]serialExecute execute block
info|2026-02-06 15:29:37.462241|exeScheduler-0x000079c8fa8de6c0|[SCHEDULER][serialExecute][blk-26][BlockTrace]serialExecute batch next block
info|2026-02-06 15:29:37.462252|exeScheduler-0x000079c8fa8de6c0|[SCHEDULER][blk-26][BlockTrace]NextBlock request,executorNum=1
info|2026-02-06 15:29:37.462395|exeScheduler-0x000079c8fa8de6c0|Build CacheStorage: enableLRUCacheStorage, size: 33554432
info|2026-02-06 15:29:37.463003|exeScheduler-0x000079c8fa8de6c0|[TOOL]fetchCompatibilityVersion
info|2026-02-06 15:29:37.463267|exeScheduler-0x000079c8fa8de6c0|[TOOL]fetchCompatibilityVersion success,version=3.11.0,versionNumber=51052544,minSupportedVersion=3.0.0-rc4,maxSupportedVersion=3.11.0
info|2026-02-06 15:29:37.463415|exeScheduler-0x000079c8fa8de6c0|[TOOL]LedgerConfigFetcher: fetchBlockNumber success,blockNumber=25
info|2026-02-06 15:29:37.463561|exeScheduler-0x000079c8fa8de6c0|[TOOL]LedgerConfigFetcher: fetchBlockHash success,blockNumber=25,hash=4c5ef02f...
info|2026-02-06 15:29:37.468341|exeScheduler-0x000079c8fa8de6c0|[TOOL]fetchAuthCheckStatus success,value=0
info|2026-02-06 15:29:37.472266|exec-0x000079c94ede36c0|[SCHEDULER][blk-26][BlockTrace]NextBlock success,executorNum=1,timeCost=10
info|2026-02-06 15:29:37.472329|exec-0x000079c94ede36c0|[SCHEDULER][serialExecute][blk-26][BlockTrace]serialExecute block begin
info|2026-02-06 15:29:37.473072|Unnamed-0x000079c8fa0dd6c0|[STORAGE-KeyPage]empty table,table=/apps/e16469be7721563d4d6a703932058d12ca2ca94c_accessAuth,key=61646d696e
info|2026-02-06 15:29:37.473246|Unnamed-0x000079c8fa0dd6c0|[STORAGE-KeyPage]empty table,table=/apps/e16469be7721563d4d6a703932058d12ca2ca94c,key=0000000000000000000000000000000000000000000000000000000000000002
info|2026-02-06 15:29:37.473604|pbft-0x000079c9301ff6c0|[CONSENSUS][PBFT]handleCheckPointMsg: try to add the checkpoint message into the cache,reqHash=d92aa2ca...,reqIndex=26,reqV=3,fromIdx=3,wait(ms)=0,committedIndex=25,consNum=26,committedHash=4c5ef02f...,view=3,toView=3,changeCycle=0,expectedCheckPoint=26,Idx=0,unsealedTxs=0,sealUntil=0,waitResealUntil=0,consensusTimeout=3000,nodeId=0d6a7f52...
info|2026-02-06 15:29:37.473657|pbft-0x000079c9301ff6c0|[CONSENSUS][PBFT]addCheckPointMsg,reqHash=d92aa2ca...,reqIndex=26,reqV=3,fromIdx=3,wait(ms)=0,Idx=0,weight=1,minRequiredWeight=3
info|2026-02-06 15:29:37.473671|pbft-0x000079c9301ff6c0|[CONSENSUS][PBFT]notify to seal next proposal,nextProposalIndex=27
info|2026-02-06 15:29:37.473940|exec-0x000079c94dde16c0|[STORAGE-KeyPage]hash,size=29,blockVersion=51052544,readLength=15232,writeLength=324,pageCount=2,entrycount=2,entriesHash=6619ffa4423f7f880af496d874a19c6d72dd542cd91d719f520b9de7cf3c789f,pagesHash=20ba5f1bca1b3ed78343c5074222a35952697e863f6a9e1f38d5794edeb368e3,totalHash=46a3a0bf8824415f89b753df36833f3420b42aaae677ef806adee4a9118f107c
info|2026-02-06 15:29:37.473997|exec-0x000079c94dde16c0|[EXECUTOR:1770362656][blk-26]GetTableHashes success,hash=46a3a0bf8824415f89b753df36833f3420b42aaae677ef806adee4a9118f107c,time(ms)=0
info|2026-02-06 15:29:37.474025|exec-0x000079c94dde16c0|[SCHEDULER][blk-26][BlockTrace]ExecuteBlock success,hash=d92aa2ca...,stateRoot=46a3a0bf8824415f89b753df36833f3420b42aaae677ef806adee4a9118f107c,receiptRoot=fa6c260b2df6a43490d4824c933eeed75f1eea6d6ca881303c3a3751870c9ecd,txsRoot=fd9994d2...,gasUsed=120602,signatureSize=0,timeCost=12,blockVersion=51052544
info|2026-02-06 15:29:37.474035|exec-0x000079c94dde16c0|[CONSENSUS][Core][METRIC]asyncExecuteBlock success,sysBlock=false,number=26,result=d92aa2ca...,txsSize=1,txsRoot=fd9994d2...,receiptsRoot=fa6c260b...,stateRoot=46a3a0bf...,timeCost=13,execPerTx=13
info|2026-02-06 15:29:37.474067|exec-0x000079c94dde16c0|[CONSENSUS][PBFT]applyStateMachine finished,index=26,beforeExec=4a05bc40...,afterExec=d92aa2ca...,committedIndex=25,consNum=26,committedHash=4c5ef02f...,view=3,toView=3,changeCycle=0,expectedCheckPoint=26,Idx=0,unsealedTxs=0,sealUntil=0,waitResealUntil=0,consensusTimeout=3000,nodeId=0d6a7f52...,timecost=14
info|2026-02-06 15:29:37.474181|pbftWorker-0x000079c9415c86c0|[CONSENSUS][PBFT][STORAGE]asyncCommitProposal: write the committed proposal into db,index=26
info|2026-02-06 15:29:37.474352|pbftWorker-0x000079c9415c86c0|[CONSENSUS][PBFT][STORAGE]asyncPutProposal: commit success,dbName=pbftCommitDB,key=max_committed_proposal,number=26,timecost=0,dataSize=2
info|2026-02-06 15:29:37.474414|pbftWorker-0x000079c9415c86c0|[CONSENSUS][PBFT][STORAGE]asyncPutProposal: commit success,dbName=pbftCommitDB,key=26,number=26,timecost=0,dataSize=635
info|2026-02-06 15:29:37.475006|pbftWorker-0x000079c9415c86c0|[CONSENSUS][PBFT]addCheckPointMsg,reqHash=d92aa2ca...,reqIndex=26,reqV=3,fromIdx=0,wait(ms)=1,Idx=0,weight=2,minRequiredWeight=3
info|2026-02-06 15:29:37.475092|pbftWorker-0x000079c9415c86c0|[CONSENSUS][PBFT]setCheckPointProposal,propHash=d92aa2ca...,propIndex=26,committedIndex=25,consNum=26,committedHash=4c5ef02f...,view=3,toView=3,changeCycle=0,expectedCheckPoint=26,Idx=0,unsealedTxs=0,sealUntil=0,waitResealUntil=0,consensusTimeout=3000,nodeId=0d6a7f52...
info|2026-02-06 15:29:37.475123|pbftWorker-0x000079c9415c86c0|[CONSENSUS][PBFT]PBFTConfig: setExpectedCheckPoint,committedIndex=25,consNum=26,committedHash=4c5ef02f...,view=3,toView=3,changeCycle=0,expectedCheckPoint=27,Idx=0,unsealedTxs=0,sealUntil=0,waitResealUntil=0,consensusTimeout=3000,nodeId=0d6a7f52...,expectedCheckPoint=27
info|2026-02-06 15:29:37.475141|pbftWorker-0x000079c9415c86c0|[CONSENSUS][PBFT]notify to seal next proposal,nextProposalIndex=27
info|2026-02-06 15:29:37.475152|pbftWorker-0x000079c9415c86c0|[CONSENSUS][PBFT]onProposalApplySuccess,index=26,hash=d92aa2ca...,lockT=0,timecost=1
info|2026-02-06 15:29:37.476147|pbft-0x000079c9301ff6c0|[CONSENSUS][PBFT]handleCheckPointMsg: try to add the checkpoint message into the cache,reqHash=d92aa2ca...,reqIndex=26,reqV=3,fromIdx=2,wait(ms)=1,committedIndex=25,consNum=26,committedHash=4c5ef02f...,view=3,toView=3,changeCycle=0,expectedCheckPoint=27,Idx=0,unsealedTxs=0,sealUntil=0,waitResealUntil=0,consensusTimeout=3000,nodeId=0d6a7f52...
info|2026-02-06 15:29:37.476242|pbft-0x000079c9301ff6c0|[CONSENSUS][PBFT]addCheckPointMsg,reqHash=d92aa2ca...,reqIndex=26,reqV=3,fromIdx=2,wait(ms)=1,Idx=0,weight=3,minRequiredWeight=3
info|2026-02-06 15:29:37.476262|pbft-0x000079c9301ff6c0|[CONSENSUS][PBFT]notify to seal next proposal,nextProposalIndex=27
info|2026-02-06 15:29:37.476276|pbft-0x000079c9301ff6c0|[CONSENSUS][PBFT]setSignatureList,signatureSize=3,propHash=d92aa2ca...,propIndex=26
info|2026-02-06 15:29:37.476285|pbft-0x000079c9301ff6c0|[CONSENSUS][PBFT]checkAndCommitStableCheckPoint,index=26,hash=d92aa2ca...,committedIndex=25,consNum=26,committedHash=4c5ef02f...,view=3,toView=3,changeCycle=0,expectedCheckPoint=27,Idx=0,unsealedTxs=0,sealUntil=0,waitResealUntil=0,consensusTimeout=3000,nodeId=0d6a7f52...
info|2026-02-06 15:29:37.476303|pbft-0x000079c9301ff6c0|[CONSENSUS][PBFT]updateStableCheckPointQueue: insert new checkpoint proposal,index=26,hash=d92aa2ca...,committedIndex=25,consNum=26,committedHash=4c5ef02f...,view=3,toView=3,changeCycle=0,expectedCheckPoint=27,Idx=0,unsealedTxs=0,sealUntil=0,waitResealUntil=0,consensusTimeout=3000,nodeId=0d6a7f52...
info|2026-02-06 15:29:37.476316|pbft-0x000079c9301ff6c0|[CONSENSUS][PBFT]updateStableCheckPointQueue: commit stable checkpoint,index=26,committedIndex=25
info|2026-02-06 15:29:37.476344|pbft-0x000079c9301ff6c0|[CONSENSUS][PBFT]asyncCommitStableCheckPoint: set signatureList,index=26,hash=d92aa2ca...,proofSize=3,blockProofSize=3
info|2026-02-06 15:29:37.476892|blockSubmit-0x000079c942dcb6c0|[SCHEDULER][blk-26][BlockTrace]CommitBlock start
info|2026-02-06 15:29:37.478365|pbft-0x000079c9301ff6c0|[CONSENSUS][PBFT]handleCheckPointMsg: try to add the checkpoint message into the cache,reqHash=d92aa2ca...,reqIndex=26,reqV=3,fromIdx=1,wait(ms)=1,committedIndex=25,consNum=26,committedHash=4c5ef02f...,view=3,toView=3,changeCycle=0,expectedCheckPoint=27,Idx=0,unsealedTxs=0,sealUntil=0,waitResealUntil=0,consensusTimeout=3000,nodeId=0d6a7f52...
info|2026-02-06 15:29:37.478556|pbft-0x000079c9301ff6c0|[CONSENSUS][PBFT]addCheckPointMsg,reqHash=d92aa2ca...,reqIndex=26,reqV=3,fromIdx=1,wait(ms)=1,Idx=0,weight=4,minRequiredWeight=3
info|2026-02-06 15:29:37.478586|pbft-0x000079c9301ff6c0|[CONSENSUS][PBFT]notify to seal next proposal,nextProposalIndex=27
info|2026-02-06 15:29:37.478791|blockSubmit-0x000079c942dcb6c0|[STORAGE-RocksDB]asyncPrepare,number=26
info|2026-02-06 15:29:37.479855|blockSubmit-0x000079c942dcb6c0|[STORAGE-RocksDB]asyncPrepare finished,blockNumber=26,put=7,delete=0,startTS=0,encode(ms)=1,time(ms)=1
info|2026-02-06 15:29:37.480086|blockSubmit-0x000079c942dcb6c0|[LEDGER]storeTransactionsAndReceipts,blockNumber=26
info|2026-02-06 15:29:37.480707|exec-0x000079c94d5e06c0|[STORAGE-RocksDB]asyncPrepare,number=26
info|2026-02-06 15:29:37.481119|ledgerWrite-0x000079c9565f26c0|[STORAGE-RocksDB]setRows finished,put=1,dataSize=140,time(ms)=1
info|2026-02-06 15:29:37.481267|exec-0x000079c94d5e06c0|[STORAGE-KeyPage]parallelTraverse,size=415
info|2026-02-06 15:29:37.481301|exec-0x000079c94d5e06c0|[STORAGE-RocksDB]asyncPrepare finished,blockNumber=26,put=6,delete=2,startTS=0,encode(ms)=0,time(ms)=0
info|2026-02-06 15:29:37.481324|blockSubmit-0x000079c942dcb6c0|[LEDGER]storeTransactionsAndReceipts finished,blockNumber=26,blockTxsSize=1,unStoredTxs=0,timeCost=1
info|2026-02-06 15:29:37.481356|exec-0x000079c94d5e06c0|[EXECUTOR:1770362656][blk-26]Prepare success
info|2026-02-06 15:29:37.481366|blockSubmit-0x000079c942dcb6c0|[LEDGER][METRIC]asyncPrewriteBlock,number=26,totalTxs=27,failedTxs=8,incTxs=1,incFailedTxs=0
info|2026-02-06 15:29:37.481557|exec-0x000079c94d5e06c0|[STORAGE-RocksDB]asyncCommit finished,blockNumber=26,startTS=0,time(ms)=1,callback time(ms)=0,count=15
info|2026-02-06 15:29:37.481633|exec-0x000079c94d5e06c0|[TOOL]fetchCompatibilityVersion
info|2026-02-06 15:29:37.481821|exec-0x000079c94d5e06c0|[TOOL]fetchCompatibilityVersion success,version=3.11.0,versionNumber=51052544,minSupportedVersion=3.0.0-rc4,maxSupportedVersion=3.11.0
info|2026-02-06 15:29:37.481897|exec-0x000079c94d5e06c0|[TOOL]fetchAuthCheckStatus success,value=0
info|2026-02-06 15:29:37.481948|exec-0x000079c94d5e06c0|[EXECUTOR:1770362656]merge keyPage to cachedStorage,number=26
info|2026-02-06 15:29:37.482066|exec-0x000079c94d5e06c0|[STORAGE-KeyPage]parallelTraverse,size=415
info|2026-02-06 15:29:37.482141|exec-0x000079c94d5e06c0|[STORAGE]Successful merged records,count=8
info|2026-02-06 15:29:37.484951|exec-0x000079c94d5e06c0|[SCHEDULER][blk-26][BlockTrace]CommitBlock success,gas limit=3000000000,timeCost=8
info|2026-02-06 15:29:37.485156|exec-0x000079c94d5e06c0|[SCHEDULER][BlockTrace]Notify block result success,blockNumber=26
info|2026-02-06 15:29:37.485211|exec-0x000079c94d5e06c0|[CONSENSUS][PBFT][STORAGE][METRIC]commitStableCheckPoint success,index=26,hash=d92aa2ca...,txs=1,timeCost=9,commitPerTx=9
info|2026-02-06 15:29:37.485287|exec-0x000079c94d5e06c0|[SCHEDULER][blk-26]notify block result success,hash=d92aa2ca...,txsSize=1
info|2026-02-06 15:29:37.485334|blockSubmit-0x000079c942dcb6c0|[CONSENSUS][PBFT][METRIC]resetConfig,committedIndex=26,propHash=d92aa2ca...,blockCountLimit=1000,leaderPeriod=1,consensusNodesSize=4
info|2026-02-06 15:29:37.485477|blockSubmit-0x000079c942dcb6c0|[CONSENSUS][PBFT][METRIC]^^^^^^^^Report,sealer=1,txs=1,committedIndex=26,consNum=27,committedHash=d92aa2ca...,view=3,toView=3,changeCycle=0,expectedCheckPoint=27,Idx=0,unsealedTxs=0,sealUntil=0,waitResealUntil=0,consensusTimeout=3000,nodeId=0d6a7f52...
info|2026-02-06 15:29:37.485529|blockSubmit-0x000079c942dcb6c0|[CONSENSUS][SEALER]asyncNoteLatestBlockNumber,number=26
info|2026-02-06 15:29:37.485541|blockSubmit-0x000079c942dcb6c0|[CONSENSUS][SEALER]asyncNoteLatestBlockHash,_hash=d92aa2ca...
info|2026-02-06 15:29:37.485608|exec-0x000079c94d5e06c0|[STORAGE-RocksDB]asyncCommit finished,blockNumber=26,startTS=0,time(ms)=0,callback time(ms)=4,count=0
info|2026-02-06 15:29:37.485645|blockSubmit-0x000079c942dcb6c0|[Gateway][Router]insertNode: the node has already existed,groupID=group0,nodeID=0d6a7f52cb87ce7fda869e0db309ec9c53723c46f81632c21e4abbf1a9159f14d53f37cc0c4141548da9ec877d6235afd7a501c40d296fc4c5252a8717aa23c2,nodeType=CONSENSUS_NODE
info|2026-02-06 15:29:37.485658|blockSubmit-0x000079c942dcb6c0|[INITIALIZER]registerNode,group=group0,node=0d6a7f52cb87ce7fda869e0db309ec9c53723c46f81632c21e4abbf1a9159f14d53f37cc0c4141548da9ec877d6235afd7a501c40d296fc4c5252a8717aa23c2,type=CONSENSUS_NODE
info|2026-02-06 15:29:37.485667|blockSubmit-0x000079c942dcb6c0|[BLOCK SYNC]#### BlockSyncConfig resetConfig,number=26,consNodeSize=4,observerNodeSize=0,type=CONSENSUS_NODE
info|2026-02-06 15:29:37.486064|submitter-0x000079c955df16c0|[TXPOOL][METRIC]StatTPS,tps=9,totalTime=101
info|2026-02-06 15:29:37.486354|blockSubmit-0x000079c942dcb6c0|[CONSENSUS][PBFT]notify to seal next proposal,nextProposalIndex=27
info|2026-02-06 15:29:37.486539|blockSubmit-0x000079c942dcb6c0|[CONSENSUS][PBFT]removeConsensusedCache finalizeConsensus,view=3,number=26,eraseSize=1,cacheSize=0
info|2026-02-06 15:29:37.486649|submitter-0x000079c955df16c0|[TXPOOL][METRIC]batchRemove txs success,expectedSize=1,succCount=1,batchId=26,timecost=1,lockT=0,removeT=1,updateLedgerNonceT=0,updateTxPoolNonceT=0
info|2026-02-06 15:29:37.486733|blockSubmit-0x000079c942dcb6c0|[CONSENSUS][PBFT][STORAGE]asyncRemoveStabledCheckPoint,index=21
info|2026-02-06 15:29:37.486869|blockSubmit-0x000079c942dcb6c0|[CONSENSUS][PBFT][STORAGE]asyncRemove success,dbName=pbftCommitDB,key=21
info|2026-02-06 15:29:46.474195|ioService-0x000079c92effd6c0|[P2PService][Service][METRIC]heartBeat,connected count=3
info|2026-02-06 15:29:46.476639|timerFactory-0x000079c91cfff6c0|[RPC][WS][SERVICE]connected nodes,count=0
info|2026-02-06 15:29:56.474567|ioService-0x000079c92effd6c0|[P2PService][Service][METRIC]heartBeat,connected count=3
info|2026-02-06 15:29:56.476953|timerFactory-0x000079c91cfff6c0|[RPC][WS][SERVICE]connected nodes,count=0
info|2026-02-06 15:30:06.475006|ioService-0x000079c92effd6c0|[P2PService][Service][METRIC]heartBeat,connected count=3
info|2026-02-06 15:30:06.477160|timerFactory-0x000079c91cfff6c0|[RPC][WS][SERVICE]connected nodes,count=0
info|2026-02-06 15:30:16.472912|objMonitor-0x000079c9103ff6c0|[startMonitor][AliveObjectMonitor],AliveObjectAllocStat=[ type: bcos::gateway::Socket ,created: 13 ,destroyed: 9 ,alive: 4 ] 
info|2026-02-06 15:30:16.475262|ioService-0x000079c92effd6c0|[P2PService][Service][METRIC]heartBeat,connected count=3
info|2026-02-06 15:30:16.477309|timerFactory-0x000079c91cfff6c0|[RPC][WS][SERVICE]connected nodes,count=0
info|2026-02-06 15:30:26.475430|ioService-0x000079c92effd6c0|[P2PService][Service][METRIC]heartBeat,connected count=3
info|2026-02-06 15:30:26.477471|timerFactory-0x000079c91cfff6c0|[RPC][WS][SERVICE]connected nodes,count=0
info|2026-02-06 15:30:36.475859|ioService-0x000079c92effd6c0|[P2PService][Service][METRIC]heartBeat,connected count=3
info|2026-02-06 15:30:36.477652|timerFactory-0x000079c91cfff6c0|[RPC][WS][SERVICE]connected nodes,count=0
info|2026-02-06 15:30:46.476135|ioService-0x000079c92effd6c0|[P2PService][Service][METRIC]heartBeat,connected count=3
info|2026-02-06 15:30:46.478272|timerFactory-0x000079c91cfff6c0|[RPC][WS][SERVICE]connected nodes,count=0
info|2026-02-06 15:30:56.476570|ioService-0x000079c92effd6c0|[P2PService][Service][METRIC]heartBeat,connected count=3
info|2026-02-06 15:30:56.478517|timerFactory-0x000079c91cfff6c0|[RPC][WS][SERVICE]connected nodes,count=0
info|2026-02-06 15:31:06.477123|ioService-0x000079c92effd6c0|[P2PService][Service][METRIC]heartBeat,connected count=3
info|2026-02-06 15:31:06.478891|timerFactory-0x000079c91cfff6c0|[RPC][WS][SERVICE]connected nodes,count=0
info|2026-02-06 15:31:16.473263|objMonitor-0x000079c9103ff6c0|[startMonitor][AliveObjectMonitor],AliveObjectAllocStat=[ type: bcos::gateway::Socket ,created: 13 ,destroyed: 9 ,alive: 4 ] 
info|2026-02-06 15:31:16.477749|ioService-0x000079c92effd6c0|[P2PService][Service][METRIC]heartBeat,connected count=3
info|2026-02-06 15:31:16.479362|timerFactory-0x000079c91cfff6c0|[RPC][WS][SERVICE]connected nodes,count=0
info|2026-02-06 15:31:26.477918|ioService-0x000079c92effd6c0|[P2PService][Service][METRIC]heartBeat,connected count=3
info|2026-02-06 15:31:26.479483|timerFactory-0x000079c91cfff6c0|[RPC][WS][SERVICE]connected nodes,count=0
info|2026-02-06 15:31:36.478201|ioService-0x000079c92effd6c0|[P2PService][Service][METRIC]heartBeat,connected count=3
info|2026-02-06 15:31:36.479564|timerFactory-0x000079c91cfff6c0|[RPC][WS][SERVICE]connected nodes,count=0
info|2026-02-06 15:31:46.478564|ioService-0x000079c92effd6c0|[P2PService][Service][METRIC]heartBeat,connected count=3
info|2026-02-06 15:31:46.479712|timerFactory-0x000079c91cfff6c0|[RPC][WS][SERVICE]connected nodes,count=0
info|2026-02-06 15:31:56.478692|ioService-0x000079c92effd6c0|[P2PService][Service][METRIC]heartBeat,connected count=3
info|2026-02-06 15:31:56.480025|timerFactory-0x000079c91cfff6c0|[RPC][WS][SERVICE]connected nodes,count=0
info|2026-02-06 15:32:06.478993|ioService-0x000079c92effd6c0|[P2PService][Service][METRIC]heartBeat,connected count=3
info|2026-02-06 15:32:06.480178|timerFactory-0x000079c91cfff6c0|[RPC][WS][SERVICE]connected nodes,count=0
info|2026-02-06 15:32:16.473514|objMonitor-0x000079c9103ff6c0|[startMonitor][AliveObjectMonitor],AliveObjectAllocStat=[ type: bcos::gateway::Socket ,created: 13 ,destroyed: 9 ,alive: 4 ] [ type: bcos::gateway::ResponseCallback ,created: 7162 ,destroyed: 7158 ,alive: 4 ] 
info|2026-02-06 15:32:16.479297|ioService-0x000079c92effd6c0|[P2PService][Service][METRIC]heartBeat,connected count=3
info|2026-02-06 15:32:16.480409|timerFactory-0x000079c91cfff6c0|[RPC][WS][SERVICE]connected nodes,count=0
info|2026-02-06 15:32:26.479579|ioService-0x000079c92effd6c0|[P2PService][Service][METRIC]heartBeat,connected count=3
info|2026-02-06 15:32:26.480789|timerFactory-0x000079c91cfff6c0|[RPC][WS][SERVICE]connected nodes,count=0
info|2026-02-06 15:32:36.479741|ioService-0x000079c92effd6c0|[P2PService][Service][METRIC]heartBeat,connected count=3
info|2026-02-06 15:32:36.481336|timerFactory-0x000079c91cfff6c0|[RPC][WS][SERVICE]connected nodes,count=0
info|2026-02-06 15:32:46.480031|ioService-0x000079c92effd6c0|[P2PService][Service][METRIC]heartBeat,connected count=3
info|2026-02-06 15:32:46.481737|timerFactory-0x000079c91cfff6c0|[RPC][WS][SERVICE]connected nodes,count=0
info|2026-02-06 15:32:56.480193|ioService-0x000079c92effd6c0|[P2PService][Service][METRIC]heartBeat,connected count=3
info|2026-02-06 15:32:56.482064|timerFactory-0x000079c91cfff6c0|[RPC][WS][SERVICE]connected nodes,count=0
info|2026-02-06 15:33:06.480460|ioService-0x000079c92effd6c0|[P2PService][Service][METRIC]heartBeat,connected count=3
info|2026-02-06 15:33:06.482219|timerFactory-0x000079c91cfff6c0|[RPC][WS][SERVICE]connected nodes,count=0
info|2026-02-06 15:33:16.474504|objMonitor-0x000079c9103ff6c0|[startMonitor][AliveObjectMonitor],AliveObjectAllocStat=[ type: bcos::gateway::Socket ,created: 13 ,destroyed: 9 ,alive: 4 ] 
info|2026-02-06 15:33:16.480647|ioService-0x000079c92effd6c0|[P2PService][Service][METRIC]heartBeat,connected count=3
info|2026-02-06 15:33:16.482385|timerFactory-0x000079c91cfff6c0|[RPC][WS][SERVICE]connected nodes,count=0
info|2026-02-06 15:33:26.480966|ioService-0x000079c92effd6c0|[P2PService][Service][METRIC]heartBeat,connected count=3
info|2026-02-06 15:33:26.482716|timerFactory-0x000079c91cfff6c0|[RPC][WS][SERVICE]connected nodes,count=0
info|2026-02-06 15:33:36.481205|ioService-0x000079c92effd6c0|[P2PService][Service][METRIC]heartBeat,connected count=3
info|2026-02-06 15:33:36.482918|timerFactory-0x000079c91cfff6c0|[RPC][WS][SERVICE]connected nodes,count=0
info|2026-02-06 15:33:37.608237|pbft-0x000079c9301ff6c0|[CONSENSUS][PBFT]handlePrePrepareMsg,reqHash=78dd6609...,reqIndex=27,reqV=3,fromIdx=2,wait(ms)=0,committedIndex=26,consNum=27,committedHash=d92aa2ca...,view=3,toView=3,changeCycle=0,expectedCheckPoint=27,Idx=0,unsealedTxs=1,sealUntil=0,waitResealUntil=0,consensusTimeout=3000,nodeId=0d6a7f52...,utc=15675325
info|2026-02-06 15:33:37.608371|pbft-0x000079c9301ff6c0|[TXPOOL]begin asyncVerifyBlock,consNum=27,hash=78dd6609...
info|2026-02-06 15:33:37.608787|verifier-0x000079c9515e86c0|[TXPOOL]batchVerifyProposal,consNum=27,hash=78dd6609...,txsSize=1,lockT=0,verifyT=0,missedTxs=0
info|2026-02-06 15:33:37.608837|verifier-0x000079c9515e86c0|[TXPOOL][METRIC]asyncVerifyBlock finished,consNum=27,hash=78dd6609...,code=0,msg=success,result=true,timecost=0
info|2026-02-06 15:33:37.608869|verifier-0x000079c9515e86c0|[CONSENSUS][PBFT]handlePrePrepareMsg,reqHash=78dd6609...,reqIndex=27,reqV=3,fromIdx=2,wait(ms)=0,committedIndex=26,consNum=27,committedHash=d92aa2ca...,view=3,toView=3,changeCycle=0,expectedCheckPoint=27,Idx=0,unsealedTxs=1,sealUntil=0,waitResealUntil=0,consensusTimeout=3000,nodeId=0d6a7f52...,utc=15675326
info|2026-02-06 15:33:37.608914|verifier-0x000079c9515e86c0|[CONSENSUS][PBFT]addPrePrepareCache,reqHash=78dd6609...,reqIndex=27,reqV=3,fromIdx=2,wait(ms)=0,sys=false,committedIndex=26,consNum=27,committedHash=d92aa2ca...,view=3,toView=3,changeCycle=0,expectedCheckPoint=27,Idx=0,unsealedTxs=1,sealUntil=0,waitResealUntil=0,consensusTimeout=3000,nodeId=0d6a7f52...
info|2026-02-06 15:33:37.608930|verifier-0x000079c9515e86c0|[CONSENSUS][PBFT]notify the committed proposal index to the sync module success,index=27
info|2026-02-06 15:33:37.608989|validator-0x000079c943dcd6c0|[CONSENSUS][PBFT]asyncResetTxsFlag,index=27,hash=78dd6609...,flag=true
info|2026-02-06 15:33:37.609020|validator-0x000079c943dcd6c0|[TXPOOL]batchMarkTxs,txsSize=1,batchId=27,hash=78dd6609...,sealFlag=true,notFound=0,reSealed=0,succ=1,time=0,markT=0
info|2026-02-06 15:33:37.609030|verifier-0x000079c9515e86c0|[CONSENSUS][PBFT]addPrepareCache,reqHash=78dd6609...,reqIndex=27,reqV=3,fromIdx=0,wait(ms)=1,committedIndex=26,consNum=27,committedHash=d92aa2ca...,view=3,toView=3,changeCycle=0,expectedCheckPoint=27,Idx=0,unsealedTxs=1,sealUntil=0,waitResealUntil=0,consensusTimeout=3000,nodeId=0d6a7f52...,weight=1
info|2026-02-06 15:33:37.609046|validator-0x000079c943dcd6c0|[CONSENSUS][PBFT]asyncMarkTxs success,index=27,hash=78dd6609...,flag=true,markT=0,emptyTxBatchHash=false
info|2026-02-06 15:33:37.609076|verifier-0x000079c9515e86c0|[CONSENSUS][PBFT]broadcast prepare packet,packetSize=228,index=27
info|2026-02-06 15:33:37.609159|verifier-0x000079c9515e86c0|[CONSENSUS][PBFT]handlePrePrepareMsg and broadcast prepare packet,reqHash=78dd6609...,reqIndex=27,reqV=3,fromIdx=2,wait(ms)=1,committedIndex=26,consNum=27,committedHash=d92aa2ca...,view=3,toView=3,changeCycle=0,expectedCheckPoint=27,Idx=0,unsealedTxs=0,sealUntil=0,waitResealUntil=0,consensusTimeout=3000,nodeId=0d6a7f52...
info|2026-02-06 15:33:37.609228|txsPreStore-0x000079c9505e66c0|[TXPOOL]storeVerifiedBlock fetch block number from LedgerConfig
info|2026-02-06 15:33:37.609307|txsPreStore-0x000079c9505e66c0|[TOOL]LedgerConfigFetcher: fetchBlockNumber success,blockNumber=26
info|2026-02-06 15:33:37.609314|txsPreStore-0x000079c9505e66c0|[TXPOOL]storeVerifiedBlock,consNum=27,hash=78dd6609...,txsSize=1
info|2026-02-06 15:33:37.609335|txsPreStore-0x000079c9505e66c0|[LEDGER]asyncPreStoreBlockTxs: needStoreUnsavedTxs,txsSize=1,unstoredTxs=1,number=27
info|2026-02-06 15:33:37.609440|txsPreStore-0x000079c9505e66c0|[STORAGE-RocksDB]setRows finished,put=1,dataSize=9373,time(ms)=1
info|2026-02-06 15:33:37.609445|txsPreStore-0x000079c9505e66c0|[LEDGER]asyncPreStoreBlockTxs: store uncommitted txs,blockNumber=27,blockTxsSize=1,unStoredTxs=1,msg=success,code=0,timeCost=0
info|2026-02-06 15:33:37.609450|txsPreStore-0x000079c9505e66c0|[TXPOOL]storeVerifiedBlock success,consNum=27,hash=78dd6609...,timecost=0
info|2026-02-06 15:33:37.609929|pbft-0x000079c9301ff6c0|[CONSENSUS][PBFT]addPrepareCache,reqHash=78dd6609...,reqIndex=27,reqV=3,fromIdx=3,wait(ms)=0,committedIndex=26,consNum=27,committedHash=d92aa2ca...,view=3,toView=3,changeCycle=0,expectedCheckPoint=27,Idx=0,unsealedTxs=0,sealUntil=0,waitResealUntil=0,consensusTimeout=3000,nodeId=0d6a7f52...,weight=2
info|2026-02-06 15:33:37.610683|pbft-0x000079c9301ff6c0|[CONSENSUS][PBFT]addPrepareCache,reqHash=78dd6609...,reqIndex=27,reqV=3,fromIdx=2,wait(ms)=1,committedIndex=26,consNum=27,committedHash=d92aa2ca...,view=3,toView=3,changeCycle=0,expectedCheckPoint=27,Idx=0,unsealedTxs=0,sealUntil=0,waitResealUntil=0,consensusTimeout=3000,nodeId=0d6a7f52...,weight=3
info|2026-02-06 15:33:37.610756|pbft-0x000079c9301ff6c0|[CONSENSUS][PBFT]setSignatureList,signatureSize=3,propHash=78dd6609...,propIndex=27
info|2026-02-06 15:33:37.610786|pbft-0x000079c9301ff6c0|[CONSENSUS][PBFT]intoPrecommit,reqHash=78dd6609...,reqIndex=27,reqV=3,fromIdx=0,wait(ms)=2,committedIndex=26,consNum=27,committedHash=d92aa2ca...,view=3,toView=3,changeCycle=0,expectedCheckPoint=27,Idx=0,unsealedTxs=0,sealUntil=0,waitResealUntil=0,consensusTimeout=3000,nodeId=0d6a7f52...
info|2026-02-06 15:33:37.610857|pbft-0x000079c9301ff6c0|[CONSENSUS][PBFT]addCommitCache,reqHash=78dd6609...,reqIndex=27,reqV=3,fromIdx=0,wait(ms)=0,committedIndex=26,consNum=27,committedHash=d92aa2ca...,view=3,toView=3,changeCycle=0,expectedCheckPoint=27,Idx=0,unsealedTxs=0,sealUntil=0,waitResealUntil=0,consensusTimeout=3000,nodeId=0d6a7f52...,weight=1
info|2026-02-06 15:33:37.610869|pbft-0x000079c9301ff6c0|[CONSENSUS][PBFT]checkAndPreCommit: broadcast commitMsg,Idx=0,hash=78dd6609...,index=27
info|2026-02-06 15:33:37.611256|pbft-0x000079c9301ff6c0|[CONSENSUS][PBFT]addCommitCache,reqHash=78dd6609...,reqIndex=27,reqV=3,fromIdx=3,wait(ms)=1,committedIndex=26,consNum=27,committedHash=d92aa2ca...,view=3,toView=3,changeCycle=0,expectedCheckPoint=27,Idx=0,unsealedTxs=0,sealUntil=0,waitResealUntil=0,consensusTimeout=3000,nodeId=0d6a7f52...,weight=2
info|2026-02-06 15:33:37.611602|pbft-0x000079c9301ff6c0|[CONSENSUS][PBFT]addCommitCache,reqHash=78dd6609...,reqIndex=27,reqV=3,fromIdx=2,wait(ms)=0,committedIndex=26,consNum=27,committedHash=d92aa2ca...,view=3,toView=3,changeCycle=0,expectedCheckPoint=27,Idx=0,unsealedTxs=0,sealUntil=0,waitResealUntil=0,consensusTimeout=3000,nodeId=0d6a7f52...,weight=3
info|2026-02-06 15:33:37.611644|pbft-0x000079c9301ff6c0|[CONSENSUS][PBFT]checkAndCommit,propHash=78dd6609...,propIndex=27,committedIndex=26,consNum=27,committedHash=d92aa2ca...,view=3,toView=3,changeCycle=0,expectedCheckPoint=27,Idx=0,unsealedTxs=0,sealUntil=0,waitResealUntil=0,consensusTimeout=3000,nodeId=0d6a7f52...
info|2026-02-06 15:33:37.611658|pbft-0x000079c9301ff6c0|[CONSENSUS][PBFT]######## CommitProposal,propHash=78dd6609...,propIndex=27,sys=false,committedIndex=26,consNum=27,committedHash=d92aa2ca...,view=3,toView=3,changeCycle=0,expectedCheckPoint=27,Idx=0,unsealedTxs=0,sealUntil=0,waitResealUntil=0,consensusTimeout=3000,nodeId=0d6a7f52...
info|2026-02-06 15:33:37.611666|pbft-0x000079c9301ff6c0|[CONSENSUS][PBFT]notify to seal next proposal,nextProposalIndex=28
info|2026-02-06 15:33:37.611708|pbft-0x000079c9301ff6c0|[CONSENSUS][PBFT]notify to seal next proposal,nextProposalIndex=28
info|2026-02-06 15:33:37.611714|pbft-0x000079c9301ff6c0|[CONSENSUS][PBFT]applyStateMachine,index=27,hash=78dd6609...,committedIndex=26,consNum=27,committedHash=d92aa2ca...,view=3,toView=3,changeCycle=0,expectedCheckPoint=27,Idx=0,unsealedTxs=0,sealUntil=0,waitResealUntil=0,consensusTimeout=3000,nodeId=0d6a7f52...,unAppliedProposals=0
info|2026-02-06 15:33:37.611965|exeScheduler-0x000079c8fa8de6c0|[SCHEDULER][METRIC][blk-27]ExecuteBlock request,gasLimit=3000000000,gasPrice=0x0,verify=false,signatureSize=0,txCount=0,metaTxCount=1,version=3.11.0,waitT=0
info|2026-02-06 15:33:37.612059|exeScheduler-0x000079c8fa8de6c0|[SCHEDULER][blk-27][BlockTrace]ExecuteBlock start,time(ms)=1
info|2026-02-06 15:33:37.612068|exeScheduler-0x000079c8fa8de6c0|[SCHEDULER][serialExecute][blk-27][BlockTrace]serialExecute execute block
info|2026-02-06 15:33:37.612265|exeScheduler-0x000079c8fa8de6c0|[SCHEDULER][METRIC][BlockTrace][blk-27]preExeBlock success,blockHeader.timestamp=1770363217607,metaTxCount=1,timeCost=0
info|2026-02-06 15:33:37.612299|exeScheduler-0x000079c8fa8de6c0|[SCHEDULER][serialExecute][blk-27][BlockTrace]serialExecute batch next block
info|2026-02-06 15:33:37.612311|exeScheduler-0x000079c8fa8de6c0|[SCHEDULER][blk-27][BlockTrace]NextBlock request,executorNum=1
info|2026-02-06 15:33:37.614123|exec-0x000079c94c5de6c0|[SCHEDULER][blk-27][BlockTrace]NextBlock success,executorNum=1,timeCost=2
info|2026-02-06 15:33:37.614163|exec-0x000079c94c5de6c0|[SCHEDULER][serialExecute][blk-27][BlockTrace]serialExecute block begin
info|2026-02-06 15:33:37.614711|Unnamed-0x000079c8f98dc6c0|[STORAGE-KeyPage]empty table,table=/apps/bf158a2ae101139d73a0eab88127905eefd3d2b7_accessAuth,key=61646d696e
info|2026-02-06 15:33:37.614934|Unnamed-0x000079c8f98dc6c0|[STORAGE-KeyPage]empty table,table=/apps/bf158a2ae101139d73a0eab88127905eefd3d2b7,key=0000000000000000000000000000000000000000000000000000000000000002
info|2026-02-06 15:33:37.615587|exec-0x000079c94addb6c0|[STORAGE-KeyPage]hash,size=29,blockVersion=51052544,readLength=15232,writeLength=324,pageCount=2,entrycount=2,entriesHash=3bac057cf9f8f4a369583e7c8cbdcba0277b050e467d76101b4e0acaf3677b40,pagesHash=35cfdcb49760152eb84de5d91afc5e13be3e53291eebbd01f777097a5becb2bf,totalHash=0e63d9c86e98e18dd115dba5964195b3994556275896cb11ec3903b0a88bc9ff
info|2026-02-06 15:33:37.615642|exec-0x000079c94addb6c0|[EXECUTOR:1770362656][blk-27]GetTableHashes success,hash=0e63d9c86e98e18dd115dba5964195b3994556275896cb11ec3903b0a88bc9ff,time(ms)=0
info|2026-02-06 15:33:37.615878|exec-0x000079c94addb6c0|[SCHEDULER][blk-27][BlockTrace]ExecuteBlock success,hash=6c29f27f...,stateRoot=0e63d9c86e98e18dd115dba5964195b3994556275896cb11ec3903b0a88bc9ff,receiptRoot=82f265e42efa7d03ffd5f230915b2ab9ffb04b2233eeb6070b371e52b45daf7f,txsRoot=d75e5b5b...,gasUsed=120602,signatureSize=0,timeCost=3,blockVersion=51052544
info|2026-02-06 15:33:37.615900|exec-0x000079c94addb6c0|[CONSENSUS][Core][METRIC]asyncExecuteBlock success,sysBlock=false,number=27,result=6c29f27f...,txsSize=1,txsRoot=d75e5b5b...,receiptsRoot=82f265e4...,stateRoot=0e63d9c8...,timeCost=4,execPerTx=4
info|2026-02-06 15:33:37.615960|exec-0x000079c94addb6c0|[CONSENSUS][PBFT]applyStateMachine finished,index=27,beforeExec=78dd6609...,afterExec=6c29f27f...,committedIndex=26,consNum=27,committedHash=d92aa2ca...,view=3,toView=3,changeCycle=0,expectedCheckPoint=27,Idx=0,unsealedTxs=0,sealUntil=0,waitResealUntil=0,consensusTimeout=3000,nodeId=0d6a7f52...,timecost=4
info|2026-02-06 15:33:37.616046|pbftWorker-0x000079c940dc76c0|[CONSENSUS][PBFT][STORAGE]asyncCommitProposal: write the committed proposal into db,index=27
info|2026-02-06 15:33:37.616380|pbftWorker-0x000079c940dc76c0|[CONSENSUS][PBFT][STORAGE]asyncPutProposal: commit success,dbName=pbftCommitDB,key=max_committed_proposal,number=27,timecost=0,dataSize=2
info|2026-02-06 15:33:37.616430|pbftWorker-0x000079c940dc76c0|[CONSENSUS][PBFT][STORAGE]asyncPutProposal: commit success,dbName=pbftCommitDB,key=27,number=27,timecost=0,dataSize=635
info|2026-02-06 15:33:37.616722|pbftWorker-0x000079c940dc76c0|[CONSENSUS][PBFT]addCheckPointMsg,reqHash=6c29f27f...,reqIndex=27,reqV=3,fromIdx=0,wait(ms)=0,Idx=0,weight=1,minRequiredWeight=3
info|2026-02-06 15:33:37.616755|pbftWorker-0x000079c940dc76c0|[CONSENSUS][PBFT]setCheckPointProposal,propHash=6c29f27f...,propIndex=27,committedIndex=26,consNum=27,committedHash=d92aa2ca...,view=3,toView=3,changeCycle=0,expectedCheckPoint=27,Idx=0,unsealedTxs=0,sealUntil=0,waitResealUntil=0,consensusTimeout=3000,nodeId=0d6a7f52...
info|2026-02-06 15:33:37.616770|pbftWorker-0x000079c940dc76c0|[CONSENSUS][PBFT]PBFTConfig: setExpectedCheckPoint,committedIndex=26,consNum=27,committedHash=d92aa2ca...,view=3,toView=3,changeCycle=0,expectedCheckPoint=28,Idx=0,unsealedTxs=0,sealUntil=0,waitResealUntil=0,consensusTimeout=3000,nodeId=0d6a7f52...,expectedCheckPoint=28
info|2026-02-06 15:33:37.616777|pbftWorker-0x000079c940dc76c0|[CONSENSUS][PBFT]notify to seal next proposal,nextProposalIndex=28
info|2026-02-06 15:33:37.616781|pbftWorker-0x000079c940dc76c0|[CONSENSUS][PBFT]onProposalApplySuccess,index=27,hash=6c29f27f...,lockT=0,timecost=0
info|2026-02-06 15:33:37.617581|pbft-0x000079c9301ff6c0|[CONSENSUS][PBFT]handleCheckPointMsg: try to add the checkpoint message into the cache,reqHash=6c29f27f...,reqIndex=27,reqV=3,fromIdx=2,wait(ms)=0,committedIndex=26,consNum=27,committedHash=d92aa2ca...,view=3,toView=3,changeCycle=0,expectedCheckPoint=28,Idx=0,unsealedTxs=0,sealUntil=0,waitResealUntil=0,consensusTimeout=3000,nodeId=0d6a7f52...
info|2026-02-06 15:33:37.617626|pbft-0x000079c9301ff6c0|[CONSENSUS][PBFT]addCheckPointMsg,reqHash=6c29f27f...,reqIndex=27,reqV=3,fromIdx=2,wait(ms)=0,Idx=0,weight=2,minRequiredWeight=3
info|2026-02-06 15:33:37.617640|pbft-0x000079c9301ff6c0|[CONSENSUS][PBFT]notify to seal next proposal,nextProposalIndex=28
info|2026-02-06 15:33:37.617966|pbft-0x000079c9301ff6c0|[CONSENSUS][PBFT]handleCheckPointMsg: try to add the checkpoint message into the cache,reqHash=6c29f27f...,reqIndex=27,reqV=3,fromIdx=3,wait(ms)=0,committedIndex=26,consNum=27,committedHash=d92aa2ca...,view=3,toView=3,changeCycle=0,expectedCheckPoint=28,Idx=0,unsealedTxs=0,sealUntil=0,waitResealUntil=0,consensusTimeout=3000,nodeId=0d6a7f52...
info|2026-02-06 15:33:37.618063|pbft-0x000079c9301ff6c0|[CONSENSUS][PBFT]addCheckPointMsg,reqHash=6c29f27f...,reqIndex=27,reqV=3,fromIdx=3,wait(ms)=1,Idx=0,weight=3,minRequiredWeight=3
info|2026-02-06 15:33:37.618157|pbft-0x000079c9301ff6c0|[CONSENSUS][PBFT]notify to seal next proposal,nextProposalIndex=28
info|2026-02-06 15:33:37.618172|pbft-0x000079c9301ff6c0|[CONSENSUS][PBFT]setSignatureList,signatureSize=3,propHash=6c29f27f...,propIndex=27
info|2026-02-06 15:33:37.618183|pbft-0x000079c9301ff6c0|[CONSENSUS][PBFT]checkAndCommitStableCheckPoint,index=27,hash=6c29f27f...,committedIndex=26,consNum=27,committedHash=d92aa2ca...,view=3,toView=3,changeCycle=0,expectedCheckPoint=28,Idx=0,unsealedTxs=0,sealUntil=0,waitResealUntil=0,consensusTimeout=3000,nodeId=0d6a7f52...
info|2026-02-06 15:33:37.618198|pbft-0x000079c9301ff6c0|[CONSENSUS][PBFT]updateStableCheckPointQueue: insert new checkpoint proposal,index=27,hash=6c29f27f...,committedIndex=26,consNum=27,committedHash=d92aa2ca...,view=3,toView=3,changeCycle=0,expectedCheckPoint=28,Idx=0,unsealedTxs=0,sealUntil=0,waitResealUntil=0,consensusTimeout=3000,nodeId=0d6a7f52...
info|2026-02-06 15:33:37.618209|pbft-0x000079c9301ff6c0|[CONSENSUS][PBFT]updateStableCheckPointQueue: commit stable checkpoint,index=27,committedIndex=26
info|2026-02-06 15:33:37.618225|pbft-0x000079c9301ff6c0|[CONSENSUS][PBFT]asyncCommitStableCheckPoint: set signatureList,index=27,hash=6c29f27f...,proofSize=3,blockProofSize=3
info|2026-02-06 15:33:37.618400|blockSubmit-0x000079c942dcb6c0|[SCHEDULER][blk-27][BlockTrace]CommitBlock start
info|2026-02-06 15:33:37.619127|blockSubmit-0x000079c942dcb6c0|[STORAGE-RocksDB]asyncPrepare,number=27
info|2026-02-06 15:33:37.619291|blockSubmit-0x000079c942dcb6c0|[STORAGE-RocksDB]asyncPrepare finished,blockNumber=27,put=7,delete=0,startTS=0,encode(ms)=0,time(ms)=0
info|2026-02-06 15:33:37.619346|blockSubmit-0x000079c942dcb6c0|[LEDGER]storeTransactionsAndReceipts,blockNumber=27
info|2026-02-06 15:33:37.619489|exec-0x000079c94bddd6c0|[STORAGE-RocksDB]asyncPrepare,number=27
info|2026-02-06 15:33:37.619700|ledgerWrite-0x000079c956df36c0|[STORAGE-RocksDB]setRows finished,put=1,dataSize=140,time(ms)=0
info|2026-02-06 15:33:37.619735|exec-0x000079c94bddd6c0|[STORAGE-KeyPage]parallelTraverse,size=415
info|2026-02-06 15:33:37.619750|exec-0x000079c94bddd6c0|[STORAGE-RocksDB]asyncPrepare finished,blockNumber=27,put=6,delete=2,startTS=0,encode(ms)=0,time(ms)=0
info|2026-02-06 15:33:37.619757|exec-0x000079c94bddd6c0|[EXECUTOR:1770362656][blk-27]Prepare success
info|2026-02-06 15:33:37.619791|blockSubmit-0x000079c942dcb6c0|[LEDGER]storeTransactionsAndReceipts finished,blockNumber=27,blockTxsSize=1,unStoredTxs=0,timeCost=0
info|2026-02-06 15:33:37.619884|blockSubmit-0x000079c942dcb6c0|[STORAGE-RocksDB]asyncCommit finished,blockNumber=27,startTS=0,time(ms)=0,callback time(ms)=0,count=15
info|2026-02-06 15:33:37.619906|blockSubmit-0x000079c942dcb6c0|[LEDGER][METRIC]asyncPrewriteBlock,number=27,totalTxs=28,failedTxs=8,incTxs=1,incFailedTxs=0
info|2026-02-06 15:33:37.620039|exec-0x000079c94b5dc6c0|[TOOL]fetchCompatibilityVersion
info|2026-02-06 15:33:37.620204|exec-0x000079c94b5dc6c0|[TOOL]fetchCompatibilityVersion success,version=3.11.0,versionNumber=51052544,minSupportedVersion=3.0.0-rc4,maxSupportedVersion=3.11.0
info|2026-02-06 15:33:37.620255|exec-0x000079c94b5dc6c0|[TOOL]fetchAuthCheckStatus success,value=0
info|2026-02-06 15:33:37.620261|exec-0x000079c94b5dc6c0|[EXECUTOR:1770362656]merge keyPage to cachedStorage,number=27
info|2026-02-06 15:33:37.620392|exec-0x000079c94b5dc6c0|[STORAGE-KeyPage]parallelTraverse,size=415
info|2026-02-06 15:33:37.620413|exec-0x000079c94b5dc6c0|[STORAGE]Successful merged records,count=8
info|2026-02-06 15:33:37.621246|exec-0x000079c94b5dc6c0|[SCHEDULER][blk-27][BlockTrace]CommitBlock success,gas limit=3000000000,timeCost=3
info|2026-02-06 15:33:37.621305|exec-0x000079c94b5dc6c0|[SCHEDULER][BlockTrace]Notify block result success,blockNumber=27
info|2026-02-06 15:33:37.621326|exec-0x000079c94b5dc6c0|[CONSENSUS][PBFT][STORAGE][METRIC]commitStableCheckPoint success,index=27,hash=6c29f27f...,txs=1,timeCost=3,commitPerTx=3
info|2026-02-06 15:33:37.621351|exec-0x000079c94b5dc6c0|[SCHEDULER][blk-27]notify block result success,hash=6c29f27f...,txsSize=1
info|2026-02-06 15:33:37.621393|blockSubmit-0x000079c942dcb6c0|[CONSENSUS][PBFT][METRIC]resetConfig,committedIndex=27,propHash=6c29f27f...,blockCountLimit=1000,leaderPeriod=1,consensusNodesSize=4
info|2026-02-06 15:33:37.621438|exec-0x000079c94b5dc6c0|[STORAGE-RocksDB]asyncCommit finished,blockNumber=27,startTS=0,time(ms)=0,callback time(ms)=2,count=0
info|2026-02-06 15:33:37.621482|blockSubmit-0x000079c942dcb6c0|[CONSENSUS][PBFT][METRIC]^^^^^^^^Report,sealer=2,txs=1,committedIndex=27,consNum=28,committedHash=6c29f27f...,view=3,toView=3,changeCycle=0,expectedCheckPoint=28,Idx=0,unsealedTxs=0,sealUntil=0,waitResealUntil=0,consensusTimeout=3000,nodeId=0d6a7f52...
info|2026-02-06 15:33:37.621514|blockSubmit-0x000079c942dcb6c0|[CONSENSUS][SEALER]asyncNoteLatestBlockNumber,number=27
info|2026-02-06 15:33:37.621521|blockSubmit-0x000079c942dcb6c0|[CONSENSUS][SEALER]asyncNoteLatestBlockHash,_hash=6c29f27f...
info|2026-02-06 15:33:37.621603|submitter-0x000079c9555f06c0|[TXPOOL][METRIC]StatTPS,tps=55,totalTime=18
info|2026-02-06 15:33:37.621619|blockSubmit-0x000079c942dcb6c0|[BLOCK SYNC]#### BlockSyncConfig resetConfig,number=27,consNodeSize=4,observerNodeSize=0,type=CONSENSUS_NODE
info|2026-02-06 15:33:37.621784|submitter-0x000079c9555f06c0|[TXPOOL][METRIC]batchRemove txs success,expectedSize=1,succCount=1,batchId=27,timecost=0,lockT=0,removeT=0,updateLedgerNonceT=0,updateTxPoolNonceT=0
info|2026-02-06 15:33:37.621957|blockSubmit-0x000079c942dcb6c0|[CONSENSUS][PBFT]notify to seal next proposal,nextProposalIndex=28
info|2026-02-06 15:33:37.622028|blockSubmit-0x000079c942dcb6c0|[CONSENSUS][PBFT]removeConsensusedCache finalizeConsensus,view=3,number=27,eraseSize=1,cacheSize=0
info|2026-02-06 15:33:37.622059|blockSubmit-0x000079c942dcb6c0|[CONSENSUS][PBFT][STORAGE]asyncRemoveStabledCheckPoint,index=22
info|2026-02-06 15:33:37.622106|blockSubmit-0x000079c942dcb6c0|[CONSENSUS][PBFT][STORAGE]asyncRemove success,dbName=pbftCommitDB,key=22
info|2026-02-06 15:33:42.043705|pbft-0x000079c9301ff6c0|[CONSENSUS][PBFT]addPrepareCache,reqHash=1337aac3...,reqIndex=28,reqV=3,fromIdx=3,wait(ms)=0,committedIndex=27,consNum=28,committedHash=6c29f27f...,view=3,toView=3,changeCycle=0,expectedCheckPoint=28,Idx=0,unsealedTxs=1,sealUntil=0,waitResealUntil=0,consensusTimeout=3000,nodeId=0d6a7f52...,weight=1
info|2026-02-06 15:33:42.043752|pbft-0x000079c9301ff6c0|[CONSENSUS][PBFT]handlePrePrepareMsg,reqHash=1337aac3...,reqIndex=28,reqV=3,fromIdx=3,wait(ms)=0,committedIndex=27,consNum=28,committedHash=6c29f27f...,view=3,toView=3,changeCycle=0,expectedCheckPoint=28,Idx=0,unsealedTxs=1,sealUntil=0,waitResealUntil=0,consensusTimeout=3000,nodeId=0d6a7f52...,utc=15679761
info|2026-02-06 15:33:42.043824|pbft-0x000079c9301ff6c0|[TXPOOL]begin asyncVerifyBlock,consNum=28,hash=1337aac3...
info|2026-02-06 15:33:42.043920|verifier-0x000079c951de96c0|[TXPOOL]batchVerifyProposal,consNum=28,hash=1337aac3...,txsSize=1,lockT=0,verifyT=0,missedTxs=0
info|2026-02-06 15:33:42.043953|verifier-0x000079c951de96c0|[TXPOOL][METRIC]asyncVerifyBlock finished,consNum=28,hash=1337aac3...,code=0,msg=success,result=true,timecost=0
info|2026-02-06 15:33:42.043985|verifier-0x000079c951de96c0|[CONSENSUS][PBFT]handlePrePrepareMsg,reqHash=1337aac3...,reqIndex=28,reqV=3,fromIdx=3,wait(ms)=0,committedIndex=27,consNum=28,committedHash=6c29f27f...,view=3,toView=3,changeCycle=0,expectedCheckPoint=28,Idx=0,unsealedTxs=1,sealUntil=0,waitResealUntil=0,consensusTimeout=3000,nodeId=0d6a7f52...,utc=15679761
info|2026-02-06 15:33:42.044006|validator-0x000079c9445ce6c0|[CONSENSUS][PBFT]asyncResetTxsFlag,index=28,hash=1337aac3...,flag=true
info|2026-02-06 15:33:42.044034|verifier-0x000079c951de96c0|[CONSENSUS][PBFT]addPrePrepareCache,reqHash=1337aac3...,reqIndex=28,reqV=3,fromIdx=3,wait(ms)=1,sys=false,committedIndex=27,consNum=28,committedHash=6c29f27f...,view=3,toView=3,changeCycle=0,expectedCheckPoint=28,Idx=0,unsealedTxs=1,sealUntil=0,waitResealUntil=0,consensusTimeout=3000,nodeId=0d6a7f52...
info|2026-02-06 15:33:42.044050|verifier-0x000079c951de96c0|[CONSENSUS][PBFT]notify the committed proposal index to the sync module success,index=28
info|2026-02-06 15:33:42.044062|validator-0x000079c9445ce6c0|[TXPOOL]batchMarkTxs,txsSize=1,batchId=28,hash=1337aac3...,sealFlag=true,notFound=0,reSealed=0,succ=1,time=0,markT=0
info|2026-02-06 15:33:42.044074|validator-0x000079c9445ce6c0|[CONSENSUS][PBFT]asyncMarkTxs success,index=28,hash=1337aac3...,flag=true,markT=0,emptyTxBatchHash=false
info|2026-02-06 15:33:42.044117|verifier-0x000079c951de96c0|[CONSENSUS][PBFT]addPrepareCache,reqHash=1337aac3...,reqIndex=28,reqV=3,fromIdx=0,wait(ms)=0,committedIndex=27,consNum=28,committedHash=6c29f27f...,view=3,toView=3,changeCycle=0,expectedCheckPoint=28,Idx=0,unsealedTxs=0,sealUntil=0,waitResealUntil=0,consensusTimeout=3000,nodeId=0d6a7f52...,weight=2
info|2026-02-06 15:33:42.044180|verifier-0x000079c951de96c0|[CONSENSUS][PBFT]broadcast prepare packet,packetSize=228,index=28
info|2026-02-06 15:33:42.044272|verifier-0x000079c951de96c0|[CONSENSUS][PBFT]handlePrePrepareMsg and broadcast prepare packet,reqHash=1337aac3...,reqIndex=28,reqV=3,fromIdx=3,wait(ms)=1,committedIndex=27,consNum=28,committedHash=6c29f27f...,view=3,toView=3,changeCycle=0,expectedCheckPoint=28,Idx=0,unsealedTxs=0,sealUntil=0,waitResealUntil=0,consensusTimeout=3000,nodeId=0d6a7f52...
info|2026-02-06 15:33:42.044344|txsPreStore-0x000079c9505e66c0|[TXPOOL]storeVerifiedBlock fetch block number from LedgerConfig
info|2026-02-06 15:33:42.044389|txsPreStore-0x000079c9505e66c0|[TOOL]LedgerConfigFetcher: fetchBlockNumber success,blockNumber=27
info|2026-02-06 15:33:42.044395|txsPreStore-0x000079c9505e66c0|[TXPOOL]storeVerifiedBlock,consNum=28,hash=1337aac3...,txsSize=1
info|2026-02-06 15:33:42.044411|txsPreStore-0x000079c9505e66c0|[LEDGER]asyncPreStoreBlockTxs: needStoreUnsavedTxs,txsSize=1,unstoredTxs=1,number=28
info|2026-02-06 15:33:42.044555|txsPreStore-0x000079c9505e66c0|[STORAGE-RocksDB]setRows finished,put=1,dataSize=10349,time(ms)=0
info|2026-02-06 15:33:42.044575|txsPreStore-0x000079c9505e66c0|[LEDGER]asyncPreStoreBlockTxs: store uncommitted txs,blockNumber=28,blockTxsSize=1,unStoredTxs=1,msg=success,code=0,timeCost=0
info|2026-02-06 15:33:42.044587|txsPreStore-0x000079c9505e66c0|[TXPOOL]storeVerifiedBlock success,consNum=28,hash=1337aac3...,timecost=0
info|2026-02-06 15:33:42.067791|pbft-0x000079c9301ff6c0|[CONSENSUS][PBFT]addPrepareCache,reqHash=1337aac3...,reqIndex=28,reqV=3,fromIdx=2,wait(ms)=0,committedIndex=27,consNum=28,committedHash=6c29f27f...,view=3,toView=3,changeCycle=0,expectedCheckPoint=28,Idx=0,unsealedTxs=0,sealUntil=0,waitResealUntil=0,consensusTimeout=3000,nodeId=0d6a7f52...,weight=3
info|2026-02-06 15:33:42.067933|pbft-0x000079c9301ff6c0|[CONSENSUS][PBFT]setSignatureList,signatureSize=3,propHash=1337aac3...,propIndex=28
info|2026-02-06 15:33:42.067977|pbft-0x000079c9301ff6c0|[CONSENSUS][PBFT]intoPrecommit,reqHash=1337aac3...,reqIndex=28,reqV=3,fromIdx=0,wait(ms)=24,committedIndex=27,consNum=28,committedHash=6c29f27f...,view=3,toView=3,changeCycle=0,expectedCheckPoint=28,Idx=0,unsealedTxs=0,sealUntil=0,waitResealUntil=0,consensusTimeout=3000,nodeId=0d6a7f52...
info|2026-02-06 15:33:42.068160|pbft-0x000079c9301ff6c0|[CONSENSUS][PBFT]addCommitCache,reqHash=1337aac3...,reqIndex=28,reqV=3,fromIdx=0,wait(ms)=0,committedIndex=27,consNum=28,committedHash=6c29f27f...,view=3,toView=3,changeCycle=0,expectedCheckPoint=28,Idx=0,unsealedTxs=0,sealUntil=0,waitResealUntil=0,consensusTimeout=3000,nodeId=0d6a7f52...,weight=1
info|2026-02-06 15:33:42.068192|pbft-0x000079c9301ff6c0|[CONSENSUS][PBFT]checkAndPreCommit: broadcast commitMsg,Idx=0,hash=1337aac3...,index=28
info|2026-02-06 15:33:42.069139|pbft-0x000079c9301ff6c0|[CONSENSUS][PBFT]addCommitCache,reqHash=1337aac3...,reqIndex=28,reqV=3,fromIdx=2,wait(ms)=1,committedIndex=27,consNum=28,committedHash=6c29f27f...,view=3,toView=3,changeCycle=0,expectedCheckPoint=28,Idx=0,unsealedTxs=0,sealUntil=0,waitResealUntil=0,consensusTimeout=3000,nodeId=0d6a7f52...,weight=2
info|2026-02-06 15:33:42.069316|pbft-0x000079c9301ff6c0|[CONSENSUS][PBFT]addCommitCache,reqHash=1337aac3...,reqIndex=28,reqV=3,fromIdx=3,wait(ms)=1,committedIndex=27,consNum=28,committedHash=6c29f27f...,view=3,toView=3,changeCycle=0,expectedCheckPoint=28,Idx=0,unsealedTxs=0,sealUntil=0,waitResealUntil=0,consensusTimeout=3000,nodeId=0d6a7f52...,weight=3
info|2026-02-06 15:33:42.070157|pbft-0x000079c9301ff6c0|[CONSENSUS][PBFT]checkAndCommit,propHash=1337aac3...,propIndex=28,committedIndex=27,consNum=28,committedHash=6c29f27f...,view=3,toView=3,changeCycle=0,expectedCheckPoint=28,Idx=0,unsealedTxs=0,sealUntil=0,waitResealUntil=0,consensusTimeout=3000,nodeId=0d6a7f52...
info|2026-02-06 15:33:42.070201|pbft-0x000079c9301ff6c0|[CONSENSUS][PBFT]######## CommitProposal,propHash=1337aac3...,propIndex=28,sys=false,committedIndex=27,consNum=28,committedHash=6c29f27f...,view=3,toView=3,changeCycle=0,expectedCheckPoint=28,Idx=0,unsealedTxs=0,sealUntil=0,waitResealUntil=0,consensusTimeout=3000,nodeId=0d6a7f52...
info|2026-02-06 15:33:42.070244|pbft-0x000079c9301ff6c0|[CONSENSUS][SEALER]resetSealingInfo,start=29,end=29,sealingNumber=29,waitUntil=0,unsealedTxs=0
info|2026-02-06 15:33:42.070258|pbft-0x000079c9301ff6c0|[CONSENSUS][PBFT]asyncNotifySealProposal success,startIndex=29,endIndex=29,maxTxsToSeal=1000
info|2026-02-06 15:33:42.070266|pbft-0x000079c9301ff6c0|[CONSENSUS][SEALER]asyncNotifySealProposal,startIndex=29,endIndex=29,maxTxsPerBlock=1000
info|2026-02-06 15:33:42.070274|pbft-0x000079c9301ff6c0|[CONSENSUS][PBFT]notifySealer: notify the new leader to seal block,lockNotifyT=0,idx=0,startIndex=29,endIndex=29,notifyBeginIndex=29,waitSealUntil=0,waitResealUntil=0,maxTxsToSeal=1000,committedIndex=27,consNum=28,committedHash=6c29f27f...,view=3,toView=3,changeCycle=0,expectedCheckPoint=28,Idx=0,unsealedTxs=0,sealUntil=0,waitResealUntil=0,consensusTimeout=3000,nodeId=0d6a7f52...
info|2026-02-06 15:33:42.070294|pbft-0x000079c9301ff6c0|[CONSENSUS][PBFT]notify to seal next proposal,nextProposalIndex=29
info|2026-02-06 15:33:42.071639|pbft-0x000079c9301ff6c0|[CONSENSUS][PBFT]notifySealer return for invalid seal range,lockNotifyT=0,currentEndIndex=29,expectedEndIndex=29,committedIndex=27,consNum=28,committedHash=6c29f27f...,view=3,toView=3,changeCycle=0,expectedCheckPoint=28,Idx=0,unsealedTxs=0,sealUntil=0,waitResealUntil=0,consensusTimeout=3000,nodeId=0d6a7f52...
info|2026-02-06 15:33:42.071772|pbft-0x000079c9301ff6c0|[CONSENSUS][PBFT]notify to seal next proposal,nextProposalIndex=29
info|2026-02-06 15:33:42.071797|pbft-0x000079c9301ff6c0|[CONSENSUS][PBFT]applyStateMachine,index=28,hash=1337aac3...,committedIndex=27,consNum=28,committedHash=6c29f27f...,view=3,toView=3,changeCycle=0,expectedCheckPoint=28,Idx=0,unsealedTxs=0,sealUntil=0,waitResealUntil=0,consensusTimeout=3000,nodeId=0d6a7f52...,unAppliedProposals=0
info|2026-02-06 15:33:42.071885|preExeScheduler-0x000079c8fb0df6c0|[SCHEDULER][METRIC][BlockTrace][blk-28]preExeBlock success,blockHeader.timestamp=1770363222036,metaTxCount=1,timeCost=0
info|2026-02-06 15:33:42.072354|exeScheduler-0x000079c8fa8de6c0|[SCHEDULER][METRIC][blk-28]ExecuteBlock request,gasLimit=3000000000,gasPrice=0x0,verify=false,signatureSize=0,txCount=0,metaTxCount=1,version=3.11.0,waitT=0
info|2026-02-06 15:33:42.072581|exeScheduler-0x000079c8fa8de6c0|[SCHEDULER][blk-28][BlockTrace]ExecuteBlock start,time(ms)=0
info|2026-02-06 15:33:42.072599|exeScheduler-0x000079c8fa8de6c0|[SCHEDULER][serialExecute][blk-28][BlockTrace]serialExecute execute block
info|2026-02-06 15:33:42.072607|exeScheduler-0x000079c8fa8de6c0|[SCHEDULER][serialExecute][blk-28][BlockTrace]serialExecute batch next block
info|2026-02-06 15:33:42.072615|exeScheduler-0x000079c8fa8de6c0|[SCHEDULER][blk-28][BlockTrace]NextBlock request,executorNum=1
info|2026-02-06 15:33:42.073930|exec-0x000079c949dd96c0|[SCHEDULER][blk-28][BlockTrace]NextBlock success,executorNum=1,timeCost=1
info|2026-02-06 15:33:42.073958|exec-0x000079c949dd96c0|[SCHEDULER][serialExecute][blk-28][BlockTrace]serialExecute block begin
info|2026-02-06 15:33:42.074637|Unnamed-0x000079c8f90db6c0|[STORAGE-KeyPage]empty table,table=/apps/600e41f494cbeed1936d5e0a293aee0ab1746c7b_accessAuth,key=61646d696e
info|2026-02-06 15:33:42.074777|Unnamed-0x000079c8f90db6c0|[STORAGE-KeyPage]empty table,table=/apps/600e41f494cbeed1936d5e0a293aee0ab1746c7b,key=0000000000000000000000000000000000000000000000000000000000000004
info|2026-02-06 15:33:42.075174|exec-0x000079c948dd76c0|[STORAGE-KeyPage]hash,size=29,blockVersion=51052544,readLength=17460,writeLength=452,pageCount=2,entrycount=2,entriesHash=148fa42f55ded9672080472a70dcaccb4f286fdae65eafe5b420224b2b08b70e,pagesHash=16427ff6b59c453e5151e96be579fff6e67aafb16522bb39d0086ae9a1261202,totalHash=02cddbd9e0429c5971d1ae4195a5533da952c06b837c14dc642848a28a2ea50c
info|2026-02-06 15:33:42.075216|exec-0x000079c948dd76c0|[EXECUTOR:1770362656][blk-28]GetTableHashes success,hash=02cddbd9e0429c5971d1ae4195a5533da952c06b837c14dc642848a28a2ea50c,time(ms)=1
info|2026-02-06 15:33:42.075250|exec-0x000079c948dd76c0|[SCHEDULER][blk-28][BlockTrace]ExecuteBlock success,hash=ed8bfd74...,stateRoot=02cddbd9e0429c5971d1ae4195a5533da952c06b837c14dc642848a28a2ea50c,receiptRoot=f7b8de86a0b829a19f169cf167c17e552472274debf77b73a7140f4bc9850fe1,txsRoot=33fcde91...,gasUsed=124031,signatureSize=0,timeCost=3,blockVersion=51052544
info|2026-02-06 15:33:42.075260|exec-0x000079c948dd76c0|[CONSENSUS][Core][METRIC]asyncExecuteBlock success,sysBlock=false,number=28,result=ed8bfd74...,txsSize=1,txsRoot=33fcde91...,receiptsRoot=f7b8de86...,stateRoot=02cddbd9...,timeCost=3,execPerTx=3
info|2026-02-06 15:33:42.075288|exec-0x000079c948dd76c0|[CONSENSUS][PBFT]applyStateMachine finished,index=28,beforeExec=1337aac3...,afterExec=ed8bfd74...,committedIndex=27,consNum=28,committedHash=6c29f27f...,view=3,toView=3,changeCycle=0,expectedCheckPoint=28,Idx=0,unsealedTxs=0,sealUntil=0,waitResealUntil=0,consensusTimeout=3000,nodeId=0d6a7f52...,timecost=4
info|2026-02-06 15:33:42.075914|pbftWorker-0x000079c9405c66c0|[CONSENSUS][PBFT][STORAGE]asyncCommitProposal: write the committed proposal into db,index=28
info|2026-02-06 15:33:42.076017|pbftWorker-0x000079c9405c66c0|[CONSENSUS][PBFT][STORAGE]asyncPutProposal: commit success,dbName=pbftCommitDB,key=max_committed_proposal,number=28,timecost=1,dataSize=2
info|2026-02-06 15:33:42.076051|pbftWorker-0x000079c9405c66c0|[CONSENSUS][PBFT][STORAGE]asyncPutProposal: commit success,dbName=pbftCommitDB,key=28,number=28,timecost=0,dataSize=635
info|2026-02-06 15:33:42.076237|pbftWorker-0x000079c9405c66c0|[CONSENSUS][PBFT]addCheckPointMsg,reqHash=ed8bfd74...,reqIndex=28,reqV=3,fromIdx=0,wait(ms)=0,Idx=0,weight=1,minRequiredWeight=3
info|2026-02-06 15:33:42.076260|pbftWorker-0x000079c9405c66c0|[CONSENSUS][PBFT]setCheckPointProposal,propHash=ed8bfd74...,propIndex=28,committedIndex=27,consNum=28,committedHash=6c29f27f...,view=3,toView=3,changeCycle=0,expectedCheckPoint=28,Idx=0,unsealedTxs=0,sealUntil=0,waitResealUntil=0,consensusTimeout=3000,nodeId=0d6a7f52...
info|2026-02-06 15:33:42.076272|pbftWorker-0x000079c9405c66c0|[CONSENSUS][PBFT]PBFTConfig: setExpectedCheckPoint,committedIndex=27,consNum=28,committedHash=6c29f27f...,view=3,toView=3,changeCycle=0,expectedCheckPoint=29,Idx=0,unsealedTxs=0,sealUntil=0,waitResealUntil=0,consensusTimeout=3000,nodeId=0d6a7f52...,expectedCheckPoint=29
info|2026-02-06 15:33:42.076277|pbftWorker-0x000079c9405c66c0|[CONSENSUS][PBFT]notifySealer return for invalid seal range,lockNotifyT=0,currentEndIndex=29,expectedEndIndex=29,committedIndex=27,consNum=28,committedHash=6c29f27f...,view=3,toView=3,changeCycle=0,expectedCheckPoint=29,Idx=0,unsealedTxs=0,sealUntil=0,waitResealUntil=0,consensusTimeout=3000,nodeId=0d6a7f52...
info|2026-02-06 15:33:42.076281|pbftWorker-0x000079c9405c66c0|[CONSENSUS][PBFT]notify to seal next proposal,nextProposalIndex=29
info|2026-02-06 15:33:42.076285|pbftWorker-0x000079c9405c66c0|[CONSENSUS][PBFT]onProposalApplySuccess,index=28,hash=ed8bfd74...,lockT=0,timecost=0
info|2026-02-06 15:33:42.077898|pbft-0x000079c9301ff6c0|[CONSENSUS][PBFT]handleCheckPointMsg: try to add the checkpoint message into the cache,reqHash=ed8bfd74...,reqIndex=28,reqV=3,fromIdx=3,wait(ms)=1,committedIndex=27,consNum=28,committedHash=6c29f27f...,view=3,toView=3,changeCycle=0,expectedCheckPoint=29,Idx=0,unsealedTxs=0,sealUntil=0,waitResealUntil=0,consensusTimeout=3000,nodeId=0d6a7f52...
info|2026-02-06 15:33:42.080468|pbft-0x000079c9301ff6c0|[CONSENSUS][PBFT]addCheckPointMsg,reqHash=ed8bfd74...,reqIndex=28,reqV=3,fromIdx=3,wait(ms)=4,Idx=0,weight=2,minRequiredWeight=3
info|2026-02-06 15:33:42.080518|pbft-0x000079c9301ff6c0|[CONSENSUS][PBFT]notifySealer return for invalid seal range,lockNotifyT=0,currentEndIndex=29,expectedEndIndex=29,committedIndex=27,consNum=28,committedHash=6c29f27f...,view=3,toView=3,changeCycle=0,expectedCheckPoint=29,Idx=0,unsealedTxs=0,sealUntil=0,waitResealUntil=0,consensusTimeout=3000,nodeId=0d6a7f52...
info|2026-02-06 15:33:42.080539|pbft-0x000079c9301ff6c0|[CONSENSUS][PBFT]notify to seal next proposal,nextProposalIndex=29
info|2026-02-06 15:33:42.080779|pbft-0x000079c9301ff6c0|[CONSENSUS][PBFT]handleCheckPointMsg: try to add the checkpoint message into the cache,reqHash=ed8bfd74...,reqIndex=28,reqV=3,fromIdx=2,wait(ms)=4,committedIndex=27,consNum=28,committedHash=6c29f27f...,view=3,toView=3,changeCycle=0,expectedCheckPoint=29,Idx=0,unsealedTxs=0,sealUntil=0,waitResealUntil=0,consensusTimeout=3000,nodeId=0d6a7f52...
info|2026-02-06 15:33:42.080798|pbft-0x000079c9301ff6c0|[CONSENSUS][PBFT]addCheckPointMsg,reqHash=ed8bfd74...,reqIndex=28,reqV=3,fromIdx=2,wait(ms)=4,Idx=0,weight=3,minRequiredWeight=3
info|2026-02-06 15:33:42.080807|pbft-0x000079c9301ff6c0|[CONSENSUS][PBFT]notifySealer return for invalid seal range,lockNotifyT=0,currentEndIndex=29,expectedEndIndex=29,committedIndex=27,consNum=28,committedHash=6c29f27f...,view=3,toView=3,changeCycle=0,expectedCheckPoint=29,Idx=0,unsealedTxs=0,sealUntil=0,waitResealUntil=0,consensusTimeout=3000,nodeId=0d6a7f52...
info|2026-02-06 15:33:42.080818|pbft-0x000079c9301ff6c0|[CONSENSUS][PBFT]notify to seal next proposal,nextProposalIndex=29
info|2026-02-06 15:33:42.080829|pbft-0x000079c9301ff6c0|[CONSENSUS][PBFT]setSignatureList,signatureSize=3,propHash=ed8bfd74...,propIndex=28
info|2026-02-06 15:33:42.080838|pbft-0x000079c9301ff6c0|[CONSENSUS][PBFT]checkAndCommitStableCheckPoint,index=28,hash=ed8bfd74...,committedIndex=27,consNum=28,committedHash=6c29f27f...,view=3,toView=3,changeCycle=0,expectedCheckPoint=29,Idx=0,unsealedTxs=0,sealUntil=0,waitResealUntil=0,consensusTimeout=3000,nodeId=0d6a7f52...
info|2026-02-06 15:33:42.080850|pbft-0x000079c9301ff6c0|[CONSENSUS][PBFT]updateStableCheckPointQueue: insert new checkpoint proposal,index=28,hash=ed8bfd74...,committedIndex=27,consNum=28,committedHash=6c29f27f...,view=3,toView=3,changeCycle=0,expectedCheckPoint=29,Idx=0,unsealedTxs=0,sealUntil=0,waitResealUntil=0,consensusTimeout=3000,nodeId=0d6a7f52...
info|2026-02-06 15:33:42.080860|pbft-0x000079c9301ff6c0|[CONSENSUS][PBFT]updateStableCheckPointQueue: commit stable checkpoint,index=28,committedIndex=27
info|2026-02-06 15:33:42.080891|pbft-0x000079c9301ff6c0|[CONSENSUS][PBFT]asyncCommitStableCheckPoint: set signatureList,index=28,hash=ed8bfd74...,proofSize=3,blockProofSize=3
info|2026-02-06 15:33:42.082976|blockSubmit-0x000079c942dcb6c0|[SCHEDULER][blk-28][BlockTrace]CommitBlock start
info|2026-02-06 15:33:42.082825|pbft-0x000079c9301ff6c0|[CONSENSUS][PBFT]handleCheckPointMsg: try to add the checkpoint message into the cache,reqHash=ed8bfd74...,reqIndex=28,reqV=3,fromIdx=1,wait(ms)=6,committedIndex=27,consNum=28,committedHash=6c29f27f...,view=3,toView=3,changeCycle=0,expectedCheckPoint=29,Idx=0,unsealedTxs=0,sealUntil=0,waitResealUntil=0,consensusTimeout=3000,nodeId=0d6a7f52...
info|2026-02-06 15:33:42.083051|pbft-0x000079c9301ff6c0|[CONSENSUS][PBFT]addCheckPointMsg,reqHash=ed8bfd74...,reqIndex=28,reqV=3,fromIdx=1,wait(ms)=7,Idx=0,weight=4,minRequiredWeight=3
info|2026-02-06 15:33:42.083087|pbft-0x000079c9301ff6c0|[CONSENSUS][PBFT]notifySealer return for invalid seal range,lockNotifyT=0,currentEndIndex=29,expectedEndIndex=29,committedIndex=27,consNum=28,committedHash=6c29f27f...,view=3,toView=3,changeCycle=0,expectedCheckPoint=29,Idx=0,unsealedTxs=0,sealUntil=0,waitResealUntil=0,consensusTimeout=3000,nodeId=0d6a7f52...
info|2026-02-06 15:33:42.083109|pbft-0x000079c9301ff6c0|[CONSENSUS][PBFT]notify to seal next proposal,nextProposalIndex=29
info|2026-02-06 15:33:42.083787|blockSubmit-0x000079c942dcb6c0|[STORAGE-RocksDB]asyncPrepare,number=28
info|2026-02-06 15:33:42.083885|blockSubmit-0x000079c942dcb6c0|[STORAGE-RocksDB]asyncPrepare finished,blockNumber=28,put=7,delete=0,startTS=0,encode(ms)=0,time(ms)=0
info|2026-02-06 15:33:42.083976|blockSubmit-0x000079c942dcb6c0|[LEDGER]storeTransactionsAndReceipts,blockNumber=28
info|2026-02-06 15:33:42.084605|exec-0x000079c9485d66c0|[STORAGE-RocksDB]asyncPrepare,number=28
info|2026-02-06 15:33:42.084768|ledgerWrite-0x000079c9565f26c0|[STORAGE-RocksDB]setRows finished,put=1,dataSize=140,time(ms)=1
info|2026-02-06 15:33:42.085102|exec-0x000079c9485d66c0|[STORAGE-KeyPage]parallelTraverse,size=591
info|2026-02-06 15:33:42.085148|blockSubmit-0x000079c942dcb6c0|[LEDGER]storeTransactionsAndReceipts finished,blockNumber=28,blockTxsSize=1,unStoredTxs=0,timeCost=2
info|2026-02-06 15:33:42.085207|blockSubmit-0x000079c942dcb6c0|[LEDGER][METRIC]asyncPrewriteBlock,number=28,totalTxs=29,failedTxs=8,incTxs=1,incFailedTxs=0
info|2026-02-06 15:33:42.085307|exec-0x000079c9485d66c0|[STORAGE-RocksDB]asyncPrepare finished,blockNumber=28,put=6,delete=3,startTS=0,encode(ms)=0,time(ms)=0
info|2026-02-06 15:33:42.085324|exec-0x000079c9485d66c0|[EXECUTOR:1770362656][blk-28]Prepare success
info|2026-02-06 15:33:42.085586|exec-0x000079c9485d66c0|[STORAGE-RocksDB]asyncCommit finished,blockNumber=28,startTS=0,time(ms)=1,callback time(ms)=0,count=16
info|2026-02-06 15:33:42.085657|exec-0x000079c9485d66c0|[TOOL]fetchCompatibilityVersion
info|2026-02-06 15:33:42.085864|exec-0x000079c9485d66c0|[TOOL]fetchCompatibilityVersion success,version=3.11.0,versionNumber=51052544,minSupportedVersion=3.0.0-rc4,maxSupportedVersion=3.11.0
info|2026-02-06 15:33:42.085918|exec-0x000079c9485d66c0|[TOOL]fetchAuthCheckStatus success,value=0
info|2026-02-06 15:33:42.085936|exec-0x000079c9485d66c0|[EXECUTOR:1770362656]merge keyPage to cachedStorage,number=28
info|2026-02-06 15:33:42.086014|exec-0x000079c9485d66c0|[STORAGE-KeyPage]parallelTraverse,size=591
info|2026-02-06 15:33:42.086076|exec-0x000079c9485d66c0|[STORAGE]Successful merged records,count=9
info|2026-02-06 15:33:42.088740|exec-0x000079c9485d66c0|[SCHEDULER][blk-28][BlockTrace]CommitBlock success,gas limit=3000000000,timeCost=5
info|2026-02-06 15:33:42.088840|exec-0x000079c9485d66c0|[SCHEDULER][BlockTrace]Notify block result success,blockNumber=28
info|2026-02-06 15:33:42.088851|exec-0x000079c9485d66c0|[CONSENSUS][PBFT][STORAGE][METRIC]commitStableCheckPoint success,index=28,hash=ed8bfd74...,txs=1,timeCost=6,commitPerTx=6
info|2026-02-06 15:33:42.088882|exec-0x000079c9485d66c0|[SCHEDULER][blk-28]notify block result success,hash=ed8bfd74...,txsSize=1
info|2026-02-06 15:33:42.089080|exec-0x000079c9485d66c0|[STORAGE-RocksDB]asyncCommit finished,blockNumber=28,startTS=0,time(ms)=0,callback time(ms)=3,count=0
info|2026-02-06 15:33:42.089138|blockSubmit-0x000079c942dcb6c0|[CONSENSUS][PBFT][METRIC]resetConfig,committedIndex=28,propHash=ed8bfd74...,blockCountLimit=1000,leaderPeriod=1,consensusNodesSize=4
info|2026-02-06 15:33:42.089262|blockSubmit-0x000079c942dcb6c0|[CONSENSUS][PBFT][METRIC]^^^^^^^^Report,sealer=3,txs=1,committedIndex=28,consNum=29,committedHash=ed8bfd74...,view=3,toView=3,changeCycle=0,expectedCheckPoint=29,Idx=0,unsealedTxs=0,sealUntil=0,waitResealUntil=0,consensusTimeout=3000,nodeId=0d6a7f52...
info|2026-02-06 15:33:42.089308|blockSubmit-0x000079c942dcb6c0|[CONSENSUS][SEALER]asyncNoteLatestBlockNumber,number=28
info|2026-02-06 15:33:42.089322|blockSubmit-0x000079c942dcb6c0|[CONSENSUS][SEALER]asyncNoteLatestBlockHash,_hash=ed8bfd74...
info|2026-02-06 15:33:42.089365|blockSubmit-0x000079c942dcb6c0|[BLOCK SYNC]#### BlockSyncConfig resetConfig,number=28,consNodeSize=4,observerNodeSize=0,type=CONSENSUS_NODE
info|2026-02-06 15:33:42.090196|blockSubmit-0x000079c942dcb6c0|[CONSENSUS][PBFT]notifySealer return for invalid seal range,lockNotifyT=0,currentEndIndex=29,expectedEndIndex=29,committedIndex=28,consNum=29,committedHash=ed8bfd74...,view=3,toView=3,changeCycle=0,expectedCheckPoint=29,Idx=0,unsealedTxs=0,sealUntil=0,waitResealUntil=0,consensusTimeout=3000,nodeId=0d6a7f52...
info|2026-02-06 15:33:42.090347|blockSubmit-0x000079c942dcb6c0|[CONSENSUS][PBFT]notifySealer return for invalid seal range,lockNotifyT=0,currentEndIndex=29,expectedEndIndex=29,committedIndex=28,consNum=29,committedHash=ed8bfd74...,view=3,toView=3,changeCycle=0,expectedCheckPoint=29,Idx=0,unsealedTxs=0,sealUntil=0,waitResealUntil=0,consensusTimeout=3000,nodeId=0d6a7f52...
info|2026-02-06 15:33:42.090384|blockSubmit-0x000079c942dcb6c0|[CONSENSUS][PBFT]notify to seal next proposal,nextProposalIndex=29
info|2026-02-06 15:33:42.090715|blockSubmit-0x000079c942dcb6c0|[CONSENSUS][PBFT]removeConsensusedCache finalizeConsensus,view=3,number=28,eraseSize=1,cacheSize=0
info|2026-02-06 15:33:42.090921|blockSubmit-0x000079c942dcb6c0|[CONSENSUS][PBFT][STORAGE]asyncRemoveStabledCheckPoint,index=23
info|2026-02-06 15:33:42.091054|blockSubmit-0x000079c942dcb6c0|[CONSENSUS][PBFT][STORAGE]asyncRemove success,dbName=pbftCommitDB,key=23
info|2026-02-06 15:33:42.091729|submitter-0x000079c954def6c0|[TXPOOL][METRIC]StatTPS,tps=17,totalTime=56
info|2026-02-06 15:33:42.092417|submitter-0x000079c954def6c0|[TXPOOL][METRIC]batchRemove txs success,expectedSize=1,succCount=1,batchId=28,timecost=2,lockT=1,removeT=1,updateLedgerNonceT=0,updateTxPoolNonceT=0
info|2026-02-06 15:33:44.091128|pullTxsTimer-0x000079c941dc96c0|[CONSENSUS][PBFT]tryToSyncTxs: try to request unsealing txs from peer,committedIndex=28,consNum=29,committedHash=ed8bfd74...,view=3,toView=3,changeCycle=0,expectedCheckPoint=29,Idx=0,unsealedTxs=0,sealUntil=0,waitResealUntil=0,consensusTimeout=3000,nodeId=0d6a7f52...
info|2026-02-06 15:33:46.481381|ioService-0x000079c92effd6c0|[P2PService][Service][METRIC]heartBeat,connected count=3
info|2026-02-06 15:33:46.483193|timerFactory-0x000079c91cfff6c0|[RPC][WS][SERVICE]connected nodes,count=0
info|2026-02-06 15:33:46.536982|txsSeal-0x000079c950de76c0|[TXPOOL]begin batchFetchTxs,pendingTxs=1,limit=1000
info|2026-02-06 15:33:46.537352|txsSeal-0x000079c950de76c0|[TXPOOL][METRIC]batchFetchTxs success,time=0,txsSize=1,sysTxsSize=0,pendingTxs=1,limit=1000,fetchTxsT=0,lockT=0,invalidBefore=0,invalidNow=0,sealed=0,traverseCount=1
info|2026-02-06 15:33:46.537983|Sealer-0x000079c9315ff6c0|[CONSENSUS][SEALER]++++++++++++++++ Generate proposal,index=29,curNum=28,hash=1d8382cf...,sysTxs=false,txsSize=1,version=51052544
info|2026-02-06 15:33:46.538042|Sealer-0x000079c9315ff6c0|[CONSENSUS][PBFT]asyncSubmitProposal,index=29,hash=1d8382cf...,committedIndex=28,consNum=29,committedHash=ed8bfd74...,view=3,toView=3,changeCycle=0,expectedCheckPoint=29,Idx=0,unsealedTxs=0,sealUntil=0,waitResealUntil=0,consensusTimeout=3000,nodeId=0d6a7f52...
info|2026-02-06 15:33:46.538073|Sealer-0x000079c9315ff6c0|[CONSENSUS][PBFT]++++++++++++++++ Generating seal on,index=29,Idx=0,hash=1d8382cf...,sysProposal=false
info|2026-02-06 15:33:46.538247|Sealer-0x000079c9315ff6c0|[CONSENSUS][PBFT]broadcast pre-prepare packet,packetSize=545,index=29,encode(ms)=0,asyncSend(ms)=0
info|2026-02-06 15:33:46.538275|Sealer-0x000079c9315ff6c0|[CONSENSUS][PBFT]handlePrePrepareMsg,reqHash=1d8382cf...,reqIndex=29,reqV=3,fromIdx=0,wait(ms)=0,committedIndex=28,consNum=29,committedHash=ed8bfd74...,view=3,toView=3,changeCycle=0,expectedCheckPoint=29,Idx=0,unsealedTxs=0,sealUntil=0,waitResealUntil=0,consensusTimeout=3000,nodeId=0d6a7f52...,utc=15684255
info|2026-02-06 15:33:46.538324|Sealer-0x000079c9315ff6c0|[CONSENSUS][PBFT]addPrePrepareCache,reqHash=1d8382cf...,reqIndex=29,reqV=3,fromIdx=0,wait(ms)=0,sys=false,committedIndex=28,consNum=29,committedHash=ed8bfd74...,view=3,toView=3,changeCycle=0,expectedCheckPoint=29,Idx=0,unsealedTxs=0,sealUntil=0,waitResealUntil=0,consensusTimeout=3000,nodeId=0d6a7f52...
info|2026-02-06 15:33:46.538338|Sealer-0x000079c9315ff6c0|[CONSENSUS][PBFT]notify the committed proposal index to the sync module success,index=29
info|2026-02-06 15:33:46.538374|validator-0x000079c943dcd6c0|[CONSENSUS][PBFT]asyncResetTxsFlag,index=29,hash=1d8382cf...,flag=true
info|2026-02-06 15:33:46.538400|validator-0x000079c943dcd6c0|[TXPOOL]batchMarkTxs,txsSize=1,batchId=29,hash=1d8382cf...,sealFlag=true,notFound=0,reSealed=0,succ=1,time=0,markT=0
info|2026-02-06 15:33:46.538418|validator-0x000079c943dcd6c0|[CONSENSUS][PBFT]asyncMarkTxs success,index=29,hash=1d8382cf...,flag=true,markT=0,emptyTxBatchHash=false
info|2026-02-06 15:33:46.538412|Sealer-0x000079c9315ff6c0|[CONSENSUS][PBFT]addPrepareCache,reqHash=1d8382cf...,reqIndex=29,reqV=3,fromIdx=0,wait(ms)=0,committedIndex=28,consNum=29,committedHash=ed8bfd74...,view=3,toView=3,changeCycle=0,expectedCheckPoint=29,Idx=0,unsealedTxs=0,sealUntil=0,waitResealUntil=0,consensusTimeout=3000,nodeId=0d6a7f52...,weight=1
info|2026-02-06 15:33:46.538501|Sealer-0x000079c9315ff6c0|[CONSENSUS][PBFT]broadcast prepare packet,packetSize=226,index=29
info|2026-02-06 15:33:46.538712|Sealer-0x000079c9315ff6c0|[CONSENSUS][PBFT]handlePrePrepareMsg and broadcast prepare packet,reqHash=1d8382cf...,reqIndex=29,reqV=3,fromIdx=0,wait(ms)=0,committedIndex=28,consNum=29,committedHash=ed8bfd74...,view=3,toView=3,changeCycle=0,expectedCheckPoint=29,Idx=0,unsealedTxs=0,sealUntil=0,waitResealUntil=0,consensusTimeout=3000,nodeId=0d6a7f52...
info|2026-02-06 15:33:46.538752|Sealer-0x000079c9315ff6c0|[CONSENSUS][PBFT]handlePrePrepareMsg success,index=29,costT(ms)=1
info|2026-02-06 15:33:46.541566|pbft-0x000079c9301ff6c0|[CONSENSUS][PBFT]addPrepareCache,reqHash=1d8382cf...,reqIndex=29,reqV=3,fromIdx=2,wait(ms)=1,committedIndex=28,consNum=29,committedHash=ed8bfd74...,view=3,toView=3,changeCycle=0,expectedCheckPoint=29,Idx=0,unsealedTxs=0,sealUntil=0,waitResealUntil=0,consensusTimeout=3000,nodeId=0d6a7f52...,weight=2
info|2026-02-06 15:33:46.542200|pbft-0x000079c9301ff6c0|[CONSENSUS][PBFT]addPrepareCache,reqHash=1d8382cf...,reqIndex=29,reqV=3,fromIdx=1,wait(ms)=1,committedIndex=28,consNum=29,committedHash=ed8bfd74...,view=3,toView=3,changeCycle=0,expectedCheckPoint=29,Idx=0,unsealedTxs=0,sealUntil=0,waitResealUntil=0,consensusTimeout=3000,nodeId=0d6a7f52...,weight=3
info|2026-02-06 15:33:46.542341|pbft-0x000079c9301ff6c0|[CONSENSUS][PBFT]setSignatureList,signatureSize=3,propHash=1d8382cf...,propIndex=29
info|2026-02-06 15:33:46.542379|pbft-0x000079c9301ff6c0|[CONSENSUS][PBFT]intoPrecommit,reqHash=1d8382cf...,reqIndex=29,reqV=3,fromIdx=0,wait(ms)=4,committedIndex=28,consNum=29,committedHash=ed8bfd74...,view=3,toView=3,changeCycle=0,expectedCheckPoint=29,Idx=0,unsealedTxs=0,sealUntil=0,waitResealUntil=0,consensusTimeout=3000,nodeId=0d6a7f52...
info|2026-02-06 15:33:46.542769|pbft-0x000079c9301ff6c0|[CONSENSUS][PBFT]addCommitCache,reqHash=1d8382cf...,reqIndex=29,reqV=3,fromIdx=0,wait(ms)=0,committedIndex=28,consNum=29,committedHash=ed8bfd74...,view=3,toView=3,changeCycle=0,expectedCheckPoint=29,Idx=0,unsealedTxs=0,sealUntil=0,waitResealUntil=0,consensusTimeout=3000,nodeId=0d6a7f52...,weight=1
info|2026-02-06 15:33:46.542866|pbft-0x000079c9301ff6c0|[CONSENSUS][PBFT]checkAndPreCommit: broadcast commitMsg,Idx=0,hash=1d8382cf...,index=29
info|2026-02-06 15:33:46.543555|pbft-0x000079c9301ff6c0|[CONSENSUS][PBFT]addPrepareCache,reqHash=1d8382cf...,reqIndex=29,reqV=3,fromIdx=3,wait(ms)=2,committedIndex=28,consNum=29,committedHash=ed8bfd74...,view=3,toView=3,changeCycle=0,expectedCheckPoint=29,Idx=0,unsealedTxs=0,sealUntil=0,waitResealUntil=0,consensusTimeout=3000,nodeId=0d6a7f52...,weight=4
info|2026-02-06 15:33:46.544066|pbft-0x000079c9301ff6c0|[CONSENSUS][PBFT]addCommitCache,reqHash=1d8382cf...,reqIndex=29,reqV=3,fromIdx=2,wait(ms)=1,committedIndex=28,consNum=29,committedHash=ed8bfd74...,view=3,toView=3,changeCycle=0,expectedCheckPoint=29,Idx=0,unsealedTxs=0,sealUntil=0,waitResealUntil=0,consensusTimeout=3000,nodeId=0d6a7f52...,weight=2
info|2026-02-06 15:33:46.544317|pbft-0x000079c9301ff6c0|[CONSENSUS][PBFT]addCommitCache,reqHash=1d8382cf...,reqIndex=29,reqV=3,fromIdx=3,wait(ms)=0,committedIndex=28,consNum=29,committedHash=ed8bfd74...,view=3,toView=3,changeCycle=0,expectedCheckPoint=29,Idx=0,unsealedTxs=0,sealUntil=0,waitResealUntil=0,consensusTimeout=3000,nodeId=0d6a7f52...,weight=3
info|2026-02-06 15:33:46.544343|pbft-0x000079c9301ff6c0|[CONSENSUS][PBFT]checkAndCommit,propHash=1d8382cf...,propIndex=29,committedIndex=28,consNum=29,committedHash=ed8bfd74...,view=3,toView=3,changeCycle=0,expectedCheckPoint=29,Idx=0,unsealedTxs=0,sealUntil=0,waitResealUntil=0,consensusTimeout=3000,nodeId=0d6a7f52...
info|2026-02-06 15:33:46.544366|pbft-0x000079c9301ff6c0|[CONSENSUS][PBFT]######## CommitProposal,propHash=1d8382cf...,propIndex=29,sys=false,committedIndex=28,consNum=29,committedHash=ed8bfd74...,view=3,toView=3,changeCycle=0,expectedCheckPoint=29,Idx=0,unsealedTxs=0,sealUntil=0,waitResealUntil=0,consensusTimeout=3000,nodeId=0d6a7f52...
info|2026-02-06 15:33:46.544388|pbft-0x000079c9301ff6c0|[CONSENSUS][PBFT]notify to seal next proposal,nextProposalIndex=30
info|2026-02-06 15:33:46.544463|pbft-0x000079c9301ff6c0|[CONSENSUS][PBFT]notify to seal next proposal,nextProposalIndex=30
info|2026-02-06 15:33:46.544474|pbft-0x000079c9301ff6c0|[CONSENSUS][PBFT]applyStateMachine,index=29,hash=1d8382cf...,committedIndex=28,consNum=29,committedHash=ed8bfd74...,view=3,toView=3,changeCycle=0,expectedCheckPoint=29,Idx=0,unsealedTxs=0,sealUntil=0,waitResealUntil=0,consensusTimeout=3000,nodeId=0d6a7f52...,unAppliedProposals=0
info|2026-02-06 15:33:46.544701|exeScheduler-0x000079c8fa8de6c0|[SCHEDULER][METRIC][blk-29]ExecuteBlock request,gasLimit=3000000000,gasPrice=0x0,verify=false,signatureSize=0,txCount=0,metaTxCount=1,version=3.11.0,waitT=0
info|2026-02-06 15:33:46.544891|exeScheduler-0x000079c8fa8de6c0|[SCHEDULER][blk-29][BlockTrace]ExecuteBlock start,time(ms)=0
info|2026-02-06 15:33:46.544919|exeScheduler-0x000079c8fa8de6c0|[SCHEDULER][serialExecute][blk-29][BlockTrace]serialExecute execute block
info|2026-02-06 15:33:46.545043|exeScheduler-0x000079c8fa8de6c0|[SCHEDULER][METRIC][BlockTrace][blk-29]preExeBlock success,blockHeader.timestamp=1770363226537,metaTxCount=1,timeCost=1
info|2026-02-06 15:33:46.545068|exeScheduler-0x000079c8fa8de6c0|[SCHEDULER][serialExecute][blk-29][BlockTrace]serialExecute batch next block
info|2026-02-06 15:33:46.545080|exeScheduler-0x000079c8fa8de6c0|[SCHEDULER][blk-29][BlockTrace]NextBlock request,executorNum=1
info|2026-02-06 15:33:46.547635|exec-0x000079c9475d46c0|[SCHEDULER][blk-29][BlockTrace]NextBlock success,executorNum=1,timeCost=2
info|2026-02-06 15:33:46.547738|exec-0x000079c9475d46c0|[SCHEDULER][serialExecute][blk-29][BlockTrace]serialExecute block begin
info|2026-02-06 15:33:46.549857|Unnamed-0x000079c8f88da6c0|[STORAGE-KeyPage]empty table,table=/apps/610857669da60d63f4c9e30713bb86a49251fe2a_accessAuth,key=61646d696e
info|2026-02-06 15:33:46.550577|Unnamed-0x000079c8f88da6c0|[STORAGE-KeyPage]empty table,table=/apps/610857669da60d63f4c9e30713bb86a49251fe2a,key=0000000000000000000000000000000000000000000000000000000000000004
info|2026-02-06 15:33:46.552708|exec-0x000079c9465d26c0|[STORAGE-KeyPage]hash,size=29,blockVersion=51052544,readLength=6732,writeLength=8454,pageCount=2,entrycount=4,entriesHash=9c3ace9a06b64ac5db38487580f7ba75c26ccd67f7cfb46fe4a77da993e76e85,pagesHash=ac24e5b905e996fab4de3a67869c54c8abb6e5a519acda249663ac8f33fbd60d,totalHash=301e2b23035fdc3f6fe67212066beebd69da28c2ee636e4b72c4d126a01cb888
info|2026-02-06 15:33:46.552967|exec-0x000079c9465d26c0|[EXECUTOR:1770362656][blk-29]GetTableHashes success,hash=301e2b23035fdc3f6fe67212066beebd69da28c2ee636e4b72c4d126a01cb888,time(ms)=0
info|2026-02-06 15:33:46.553074|exec-0x000079c9465d26c0|[SCHEDULER][blk-29][BlockTrace]ExecuteBlock success,hash=dae2e6d2...,stateRoot=301e2b23035fdc3f6fe67212066beebd69da28c2ee636e4b72c4d126a01cb888,receiptRoot=7cf7c4060fa208fdca45540ba3645ccec55091bd52bc24ae845c51cdb351141f,txsRoot=8efd937c...,gasUsed=102150,signatureSize=0,timeCost=9,blockVersion=51052544
info|2026-02-06 15:33:46.553113|exec-0x000079c9465d26c0|[CONSENSUS][Core][METRIC]asyncExecuteBlock success,sysBlock=false,number=29,result=dae2e6d2...,txsSize=1,txsRoot=8efd937c...,receiptsRoot=7cf7c406...,stateRoot=301e2b23...,timeCost=9,execPerTx=9
info|2026-02-06 15:33:46.553244|exec-0x000079c9465d26c0|[CONSENSUS][PBFT]applyStateMachine finished,index=29,beforeExec=1d8382cf...,afterExec=dae2e6d2...,committedIndex=28,consNum=29,committedHash=ed8bfd74...,view=3,toView=3,changeCycle=0,expectedCheckPoint=29,Idx=0,unsealedTxs=0,sealUntil=0,waitResealUntil=0,consensusTimeout=3000,nodeId=0d6a7f52...,timecost=9
info|2026-02-06 15:33:46.553485|pbftWorker-0x000079c93fdc56c0|[CONSENSUS][PBFT][STORAGE]asyncCommitProposal: write the committed proposal into db,index=29
info|2026-02-06 15:33:46.554088|pbftWorker-0x000079c93fdc56c0|[CONSENSUS][PBFT][STORAGE]asyncPutProposal: commit success,dbName=pbftCommitDB,key=max_committed_proposal,number=29,timecost=1,dataSize=2
info|2026-02-06 15:33:46.554285|pbftWorker-0x000079c93fdc56c0|[CONSENSUS][PBFT][STORAGE]asyncPutProposal: commit success,dbName=pbftCommitDB,key=29,number=29,timecost=0,dataSize=631
info|2026-02-06 15:33:46.556440|pbftWorker-0x000079c93fdc56c0|[CONSENSUS][PBFT]addCheckPointMsg,reqHash=dae2e6d2...,reqIndex=29,reqV=3,fromIdx=0,wait(ms)=2,Idx=0,weight=1,minRequiredWeight=3
info|2026-02-06 15:33:46.556592|pbftWorker-0x000079c93fdc56c0|[CONSENSUS][PBFT]setCheckPointProposal,propHash=dae2e6d2...,propIndex=29,committedIndex=28,consNum=29,committedHash=ed8bfd74...,view=3,toView=3,changeCycle=0,expectedCheckPoint=29,Idx=0,unsealedTxs=0,sealUntil=0,waitResealUntil=0,consensusTimeout=3000,nodeId=0d6a7f52...
info|2026-02-06 15:33:46.556783|pbftWorker-0x000079c93fdc56c0|[CONSENSUS][PBFT]PBFTConfig: setExpectedCheckPoint,committedIndex=28,consNum=29,committedHash=ed8bfd74...,view=3,toView=3,changeCycle=0,expectedCheckPoint=30,Idx=0,unsealedTxs=0,sealUntil=0,waitResealUntil=0,consensusTimeout=3000,nodeId=0d6a7f52...,expectedCheckPoint=30
info|2026-02-06 15:33:46.556824|pbftWorker-0x000079c93fdc56c0|[CONSENSUS][PBFT]notify to seal next proposal,nextProposalIndex=30
info|2026-02-06 15:33:46.556838|pbftWorker-0x000079c93fdc56c0|[CONSENSUS][PBFT]onProposalApplySuccess,index=29,hash=dae2e6d2...,lockT=0,timecost=1
info|2026-02-06 15:33:46.558535|pbft-0x000079c9301ff6c0|[CONSENSUS][PBFT]handleCheckPointMsg: try to add the checkpoint message into the cache,reqHash=dae2e6d2...,reqIndex=29,reqV=3,fromIdx=1,wait(ms)=1,committedIndex=28,consNum=29,committedHash=ed8bfd74...,view=3,toView=3,changeCycle=0,expectedCheckPoint=30,Idx=0,unsealedTxs=0,sealUntil=0,waitResealUntil=0,consensusTimeout=3000,nodeId=0d6a7f52...
info|2026-02-06 15:33:46.558754|pbft-0x000079c9301ff6c0|[CONSENSUS][PBFT]addCheckPointMsg,reqHash=dae2e6d2...,reqIndex=29,reqV=3,fromIdx=1,wait(ms)=1,Idx=0,weight=2,minRequiredWeight=3
info|2026-02-06 15:33:46.558801|pbft-0x000079c9301ff6c0|[CONSENSUS][PBFT]notify to seal next proposal,nextProposalIndex=30
info|2026-02-06 15:33:46.560175|pbft-0x000079c9301ff6c0|[CONSENSUS][PBFT]handleCheckPointMsg: try to add the checkpoint message into the cache,reqHash=dae2e6d2...,reqIndex=29,reqV=3,fromIdx=3,wait(ms)=1,committedIndex=28,consNum=29,committedHash=ed8bfd74...,view=3,toView=3,changeCycle=0,expectedCheckPoint=30,Idx=0,unsealedTxs=0,sealUntil=0,waitResealUntil=0,consensusTimeout=3000,nodeId=0d6a7f52...
info|2026-02-06 15:33:46.560621|pbft-0x000079c9301ff6c0|[CONSENSUS][PBFT]addCheckPointMsg,reqHash=dae2e6d2...,reqIndex=29,reqV=3,fromIdx=3,wait(ms)=1,Idx=0,weight=3,minRequiredWeight=3
info|2026-02-06 15:33:46.560717|pbft-0x000079c9301ff6c0|[CONSENSUS][PBFT]notify to seal next proposal,nextProposalIndex=30
info|2026-02-06 15:33:46.560736|pbft-0x000079c9301ff6c0|[CONSENSUS][PBFT]setSignatureList,signatureSize=3,propHash=dae2e6d2...,propIndex=29
info|2026-02-06 15:33:46.560749|pbft-0x000079c9301ff6c0|[CONSENSUS][PBFT]checkAndCommitStableCheckPoint,index=29,hash=dae2e6d2...,committedIndex=28,consNum=29,committedHash=ed8bfd74...,view=3,toView=3,changeCycle=0,expectedCheckPoint=30,Idx=0,unsealedTxs=0,sealUntil=0,waitResealUntil=0,consensusTimeout=3000,nodeId=0d6a7f52...
info|2026-02-06 15:33:46.560770|pbft-0x000079c9301ff6c0|[CONSENSUS][PBFT]updateStableCheckPointQueue: insert new checkpoint proposal,index=29,hash=dae2e6d2...,committedIndex=28,consNum=29,committedHash=ed8bfd74...,view=3,toView=3,changeCycle=0,expectedCheckPoint=30,Idx=0,unsealedTxs=0,sealUntil=0,waitResealUntil=0,consensusTimeout=3000,nodeId=0d6a7f52...
info|2026-02-06 15:33:46.560783|pbft-0x000079c9301ff6c0|[CONSENSUS][PBFT]updateStableCheckPointQueue: commit stable checkpoint,index=29,committedIndex=28
info|2026-02-06 15:33:46.560834|pbft-0x000079c9301ff6c0|[CONSENSUS][PBFT]asyncCommitStableCheckPoint: set signatureList,index=29,hash=dae2e6d2...,proofSize=3,blockProofSize=3
info|2026-02-06 15:33:46.561002|blockSubmit-0x000079c942dcb6c0|[SCHEDULER][blk-29][BlockTrace]CommitBlock start
info|2026-02-06 15:33:46.563699|blockSubmit-0x000079c942dcb6c0|[STORAGE-RocksDB]asyncPrepare,number=29
info|2026-02-06 15:33:46.564189|blockSubmit-0x000079c942dcb6c0|[STORAGE-RocksDB]asyncPrepare finished,blockNumber=29,put=7,delete=0,startTS=0,encode(ms)=0,time(ms)=0
info|2026-02-06 15:33:46.564351|blockSubmit-0x000079c942dcb6c0|[LEDGER]storeTransactionsAndReceipts,blockNumber=29
info|2026-02-06 15:33:46.564591|ledgerWrite-0x000079c956df36c0|[STORAGE-RocksDB]setRows finished,put=1,dataSize=140,time(ms)=0
info|2026-02-06 15:33:46.565099|exec-0x000079c945dd16c0|[STORAGE-RocksDB]asyncPrepare,number=29
info|2026-02-06 15:33:46.565250|blockSubmit-0x000079c942dcb6c0|[STORAGE-RocksDB]setRows finished,put=1,dataSize=8458,time(ms)=0
info|2026-02-06 15:33:46.565277|blockSubmit-0x000079c942dcb6c0|[LEDGER]storeTransactionsAndReceipts finished,blockNumber=29,blockTxsSize=1,unStoredTxs=1,timeCost=1
info|2026-02-06 15:33:46.565301|blockSubmit-0x000079c942dcb6c0|[LEDGER][METRIC]asyncPrewriteBlock,number=29,totalTxs=30,failedTxs=8,incTxs=1,incFailedTxs=0
info|2026-02-06 15:33:46.565877|exec-0x000079c945dd16c0|[STORAGE-KeyPage]parallelTraverse,size=8505
info|2026-02-06 15:33:46.566205|exec-0x000079c945dd16c0|[STORAGE-RocksDB]asyncPrepare finished,blockNumber=29,put=8,delete=2,startTS=0,encode(ms)=1,time(ms)=1
info|2026-02-06 15:33:46.566273|exec-0x000079c945dd16c0|[EXECUTOR:1770362656][blk-29]Prepare success
info|2026-02-06 15:33:46.566536|exec-0x000079c945dd16c0|[STORAGE-RocksDB]asyncCommit finished,blockNumber=29,startTS=0,time(ms)=1,callback time(ms)=0,count=17
info|2026-02-06 15:33:46.566619|exec-0x000079c945dd16c0|[TOOL]fetchCompatibilityVersion
info|2026-02-06 15:33:46.566798|exec-0x000079c945dd16c0|[TOOL]fetchCompatibilityVersion success,version=3.11.0,versionNumber=51052544,minSupportedVersion=3.0.0-rc4,maxSupportedVersion=3.11.0
info|2026-02-06 15:33:46.566903|exec-0x000079c945dd16c0|[TOOL]fetchAuthCheckStatus success,value=0
info|2026-02-06 15:33:46.566929|exec-0x000079c945dd16c0|[EXECUTOR:1770362656]merge keyPage to cachedStorage,number=29
info|2026-02-06 15:33:46.567003|exec-0x000079c945dd16c0|[STORAGE-KeyPage]parallelTraverse,size=8505
info|2026-02-06 15:33:46.567020|exec-0x000079c945dd16c0|[STORAGE]Successful merged records,count=10
info|2026-02-06 15:33:46.571065|pbft-0x000079c9301ff6c0|[CONSENSUS][PBFT]handleCheckPointMsg: try to add the checkpoint message into the cache,reqHash=dae2e6d2...,reqIndex=29,reqV=3,fromIdx=2,wait(ms)=2,committedIndex=28,consNum=29,committedHash=ed8bfd74...,view=3,toView=3,changeCycle=0,expectedCheckPoint=30,Idx=0,unsealedTxs=0,sealUntil=0,waitResealUntil=0,consensusTimeout=3000,nodeId=0d6a7f52...
info|2026-02-06 15:33:46.571146|pbft-0x000079c9301ff6c0|[CONSENSUS][PBFT]addCheckPointMsg,reqHash=dae2e6d2...,reqIndex=29,reqV=3,fromIdx=2,wait(ms)=2,Idx=0,weight=4,minRequiredWeight=3
info|2026-02-06 15:33:46.571172|pbft-0x000079c9301ff6c0|[CONSENSUS][PBFT]notify to seal next proposal,nextProposalIndex=30
info|2026-02-06 15:33:46.571737|exec-0x000079c945dd16c0|[SCHEDULER][blk-29][BlockTrace]CommitBlock success,gas limit=3000000000,timeCost=10
info|2026-02-06 15:33:46.571899|exec-0x000079c945dd16c0|[SCHEDULER][BlockTrace]Notify block result success,blockNumber=29
info|2026-02-06 15:33:46.571939|exec-0x000079c945dd16c0|[CONSENSUS][PBFT][STORAGE][METRIC]commitStableCheckPoint success,index=29,hash=dae2e6d2...,txs=1,timeCost=11,commitPerTx=11
info|2026-02-06 15:33:46.571972|exec-0x000079c945dd16c0|[SCHEDULER][blk-29]notify block result success,hash=dae2e6d2...,txsSize=1
info|2026-02-06 15:33:46.572175|exec-0x000079c945dd16c0|[STORAGE-RocksDB]asyncCommit finished,blockNumber=29,startTS=0,time(ms)=0,callback time(ms)=5,count=0
info|2026-02-06 15:33:46.572275|blockSubmit-0x000079c942dcb6c0|[CONSENSUS][PBFT][METRIC]resetConfig,committedIndex=29,propHash=dae2e6d2...,blockCountLimit=1000,leaderPeriod=1,consensusNodesSize=4
info|2026-02-06 15:33:46.572327|submitter-0x000079c9545ee6c0|[TXPOOL][METRIC]StatTPS,tps=27,totalTime=37
info|2026-02-06 15:33:46.572369|blockSubmit-0x000079c942dcb6c0|[CONSENSUS][PBFT][METRIC]^^^^^^^^Report,sealer=0,txs=1,committedIndex=29,consNum=30,committedHash=dae2e6d2...,view=3,toView=3,changeCycle=0,expectedCheckPoint=30,Idx=0,unsealedTxs=0,sealUntil=0,waitResealUntil=0,consensusTimeout=3000,nodeId=0d6a7f52...
info|2026-02-06 15:33:46.572580|blockSubmit-0x000079c942dcb6c0|[CONSENSUS][SEALER]asyncNoteLatestBlockNumber,number=29
info|2026-02-06 15:33:46.572596|blockSubmit-0x000079c942dcb6c0|[CONSENSUS][SEALER]asyncNoteLatestBlockHash,_hash=dae2e6d2...
info|2026-02-06 15:33:46.572622|blockSubmit-0x000079c942dcb6c0|[BLOCK SYNC]#### BlockSyncConfig resetConfig,number=29,consNodeSize=4,observerNodeSize=0,type=CONSENSUS_NODE
info|2026-02-06 15:33:46.572821|submitter-0x000079c9545ee6c0|[TXPOOL][METRIC]batchRemove txs success,expectedSize=1,succCount=1,batchId=29,timecost=0,lockT=0,removeT=0,updateLedgerNonceT=0,updateTxPoolNonceT=0
info|2026-02-06 15:33:46.574297|blockSubmit-0x000079c942dcb6c0|[CONSENSUS][PBFT]notify to seal next proposal,nextProposalIndex=30
info|2026-02-06 15:33:46.575296|blockSubmit-0x000079c942dcb6c0|[CONSENSUS][PBFT]removeConsensusedCache finalizeConsensus,view=3,number=29,eraseSize=1,cacheSize=0
info|2026-02-06 15:33:46.575378|blockSubmit-0x000079c942dcb6c0|[CONSENSUS][PBFT][STORAGE]asyncRemoveStabledCheckPoint,index=24
info|2026-02-06 15:33:46.575452|blockSubmit-0x000079c942dcb6c0|[CONSENSUS][PBFT][STORAGE]asyncRemove success,dbName=pbftCommitDB,key=24
info|2026-02-06 15:33:56.481598|ioService-0x000079c92effd6c0|[P2PService][Service][METRIC]heartBeat,connected count=3
info|2026-02-06 15:33:56.483427|timerFactory-0x000079c91cfff6c0|[RPC][WS][SERVICE]connected nodes,count=0
info|2026-02-06 15:34:06.482151|ioService-0x000079c92effd6c0|[P2PService][Service][METRIC]heartBeat,connected count=3
info|2026-02-06 15:34:06.483729|timerFactory-0x000079c91cfff6c0|[RPC][WS][SERVICE]connected nodes,count=0
info|2026-02-06 15:34:16.474662|objMonitor-0x000079c9103ff6c0|[startMonitor][AliveObjectMonitor],AliveObjectAllocStat=[ type: bcos::gateway::Socket ,created: 13 ,destroyed: 9 ,alive: 4 ] 
info|2026-02-06 15:34:16.482516|ioService-0x000079c92effd6c0|[P2PService][Service][METRIC]heartBeat,connected count=3
info|2026-02-06 15:34:16.484004|timerFactory-0x000079c91cfff6c0|[RPC][WS][SERVICE]connected nodes,count=0
info|2026-02-06 15:34:26.482730|ioService-0x000079c92effd6c0|[P2PService][Service][METRIC]heartBeat,connected count=3
info|2026-02-06 15:34:26.484190|timerFactory-0x000079c91cfff6c0|[RPC][WS][SERVICE]connected nodes,count=0
info|2026-02-06 15:34:36.482896|ioService-0x000079c92effd6c0|[P2PService][Service][METRIC]heartBeat,connected count=3
info|2026-02-06 15:34:36.484516|timerFactory-0x000079c91cfff6c0|[RPC][WS][SERVICE]connected nodes,count=0
info|2026-02-06 15:34:46.483211|ioService-0x000079c92effd6c0|[P2PService][Service][METRIC]heartBeat,connected count=3
info|2026-02-06 15:34:46.484719|timerFactory-0x000079c91cfff6c0|[RPC][WS][SERVICE]connected nodes,count=0
info|2026-02-06 15:34:56.483452|ioService-0x000079c92effd6c0|[P2PService][Service][METRIC]heartBeat,connected count=3
info|2026-02-06 15:34:56.484950|timerFactory-0x000079c91cfff6c0|[RPC][WS][SERVICE]connected nodes,count=0
info|2026-02-06 15:35:06.483583|ioService-0x000079c92effd6c0|[P2PService][Service][METRIC]heartBeat,connected count=3
info|2026-02-06 15:35:06.485134|timerFactory-0x000079c91cfff6c0|[RPC][WS][SERVICE]connected nodes,count=0
info|2026-02-06 15:35:16.474902|objMonitor-0x000079c9103ff6c0|[startMonitor][AliveObjectMonitor],AliveObjectAllocStat=[ type: bcos::gateway::Socket ,created: 13 ,destroyed: 9 ,alive: 4 ] [ type: bcos::gateway::ResponseCallback ,created: 9859 ,destroyed: 9854 ,alive: 5 ] 
info|2026-02-06 15:35:16.483959|ioService-0x000079c92effd6c0|[P2PService][Service][METRIC]heartBeat,connected count=3
info|2026-02-06 15:35:16.485285|timerFactory-0x000079c91cfff6c0|[RPC][WS][SERVICE]connected nodes,count=0
info|2026-02-06 15:35:26.484075|ioService-0x000079c92effd6c0|[P2PService][Service][METRIC]heartBeat,connected count=3
info|2026-02-06 15:35:26.485345|timerFactory-0x000079c91cfff6c0|[RPC][WS][SERVICE]connected nodes,count=0
info|2026-02-06 15:35:36.484254|ioService-0x000079c92effd6c0|[P2PService][Service][METRIC]heartBeat,connected count=3
info|2026-02-06 15:35:36.485421|timerFactory-0x000079c91cfff6c0|[RPC][WS][SERVICE]connected nodes,count=0
info|2026-02-06 15:35:46.484613|ioService-0x000079c92effd6c0|[P2PService][Service][METRIC]heartBeat,connected count=3
info|2026-02-06 15:35:46.485540|timerFactory-0x000079c91cfff6c0|[RPC][WS][SERVICE]connected nodes,count=0
info|2026-02-06 15:35:53.639230|pbft-0x000079c9301ff6c0|[CONSENSUS][PBFT]handlePrePrepareMsg,reqHash=1845492f...,reqIndex=30,reqV=3,fromIdx=1,wait(ms)=1,committedIndex=29,consNum=30,committedHash=dae2e6d2...,view=3,toView=3,changeCycle=0,expectedCheckPoint=30,Idx=0,unsealedTxs=1,sealUntil=0,waitResealUntil=0,consensusTimeout=3000,nodeId=0d6a7f52...,utc=15811356
info|2026-02-06 15:35:53.639422|pbft-0x000079c9301ff6c0|[TXPOOL]begin asyncVerifyBlock,consNum=30,hash=1845492f...
info|2026-02-06 15:35:53.639574|verifier-0x000079c9515e86c0|[TXPOOL]batchVerifyProposal,consNum=30,hash=1845492f...,txsSize=1,lockT=0,verifyT=0,missedTxs=0
info|2026-02-06 15:35:53.639619|pbft-0x000079c9301ff6c0|[CONSENSUS][PBFT]addPrepareCache,reqHash=1845492f...,reqIndex=30,reqV=3,fromIdx=1,wait(ms)=1,committedIndex=29,consNum=30,committedHash=dae2e6d2...,view=3,toView=3,changeCycle=0,expectedCheckPoint=30,Idx=0,unsealedTxs=1,sealUntil=0,waitResealUntil=0,consensusTimeout=3000,nodeId=0d6a7f52...,weight=1
info|2026-02-06 15:35:53.639635|verifier-0x000079c9515e86c0|[TXPOOL][METRIC]asyncVerifyBlock finished,consNum=30,hash=1845492f...,code=0,msg=success,result=true,timecost=0
info|2026-02-06 15:35:53.639692|verifier-0x000079c9515e86c0|[CONSENSUS][PBFT]handlePrePrepareMsg,reqHash=1845492f...,reqIndex=30,reqV=3,fromIdx=1,wait(ms)=1,committedIndex=29,consNum=30,committedHash=dae2e6d2...,view=3,toView=3,changeCycle=0,expectedCheckPoint=30,Idx=0,unsealedTxs=1,sealUntil=0,waitResealUntil=0,consensusTimeout=3000,nodeId=0d6a7f52...,utc=15811357
info|2026-02-06 15:35:53.639712|validator-0x000079c9445ce6c0|[CONSENSUS][PBFT]asyncResetTxsFlag,index=30,hash=1845492f...,flag=true
info|2026-02-06 15:35:53.639732|validator-0x000079c9445ce6c0|[TXPOOL]batchMarkTxs,txsSize=1,batchId=30,hash=1845492f...,sealFlag=true,notFound=0,reSealed=0,succ=1,time=0,markT=0
info|2026-02-06 15:35:53.639741|verifier-0x000079c9515e86c0|[CONSENSUS][PBFT]addPrePrepareCache,reqHash=1845492f...,reqIndex=30,reqV=3,fromIdx=1,wait(ms)=1,sys=false,committedIndex=29,consNum=30,committedHash=dae2e6d2...,view=3,toView=3,changeCycle=0,expectedCheckPoint=30,Idx=0,unsealedTxs=0,sealUntil=0,waitResealUntil=0,consensusTimeout=3000,nodeId=0d6a7f52...
info|2026-02-06 15:35:53.639759|validator-0x000079c9445ce6c0|[CONSENSUS][PBFT]asyncMarkTxs success,index=30,hash=1845492f...,flag=true,markT=0,emptyTxBatchHash=false
info|2026-02-06 15:35:53.639768|verifier-0x000079c9515e86c0|[CONSENSUS][PBFT]notify the committed proposal index to the sync module success,index=30
info|2026-02-06 15:35:53.639873|verifier-0x000079c9515e86c0|[CONSENSUS][PBFT]addPrepareCache,reqHash=1845492f...,reqIndex=30,reqV=3,fromIdx=0,wait(ms)=0,committedIndex=29,consNum=30,committedHash=dae2e6d2...,view=3,toView=3,changeCycle=0,expectedCheckPoint=30,Idx=0,unsealedTxs=0,sealUntil=0,waitResealUntil=0,consensusTimeout=3000,nodeId=0d6a7f52...,weight=2
info|2026-02-06 15:35:53.639962|verifier-0x000079c9515e86c0|[CONSENSUS][PBFT]broadcast prepare packet,packetSize=228,index=30
info|2026-02-06 15:35:53.640176|verifier-0x000079c9515e86c0|[CONSENSUS][PBFT]handlePrePrepareMsg and broadcast prepare packet,reqHash=1845492f...,reqIndex=30,reqV=3,fromIdx=1,wait(ms)=2,committedIndex=29,consNum=30,committedHash=dae2e6d2...,view=3,toView=3,changeCycle=0,expectedCheckPoint=30,Idx=0,unsealedTxs=0,sealUntil=0,waitResealUntil=0,consensusTimeout=3000,nodeId=0d6a7f52...
info|2026-02-06 15:35:53.640312|txsPreStore-0x000079c9505e66c0|[TXPOOL]storeVerifiedBlock fetch block number from LedgerConfig
info|2026-02-06 15:35:53.640410|txsPreStore-0x000079c9505e66c0|[TOOL]LedgerConfigFetcher: fetchBlockNumber success,blockNumber=29
info|2026-02-06 15:35:53.640418|txsPreStore-0x000079c9505e66c0|[TXPOOL]storeVerifiedBlock,consNum=30,hash=1845492f...,txsSize=1
info|2026-02-06 15:35:53.640435|txsPreStore-0x000079c9505e66c0|[LEDGER]asyncPreStoreBlockTxs: needStoreUnsavedTxs,txsSize=1,unstoredTxs=1,number=30
info|2026-02-06 15:35:53.640527|txsPreStore-0x000079c9505e66c0|[STORAGE-RocksDB]setRows finished,put=1,dataSize=682,time(ms)=0
info|2026-02-06 15:35:53.640534|txsPreStore-0x000079c9505e66c0|[LEDGER]asyncPreStoreBlockTxs: store uncommitted txs,blockNumber=30,blockTxsSize=1,unStoredTxs=1,msg=success,code=0,timeCost=0
info|2026-02-06 15:35:53.640540|txsPreStore-0x000079c9505e66c0|[TXPOOL]storeVerifiedBlock success,consNum=30,hash=1845492f...,timecost=0
info|2026-02-06 15:35:53.640708|pbft-0x000079c9301ff6c0|[CONSENSUS][PBFT]addPrepareCache,reqHash=1845492f...,reqIndex=30,reqV=3,fromIdx=3,wait(ms)=0,committedIndex=29,consNum=30,committedHash=dae2e6d2...,view=3,toView=3,changeCycle=0,expectedCheckPoint=30,Idx=0,unsealedTxs=0,sealUntil=0,waitResealUntil=0,consensusTimeout=3000,nodeId=0d6a7f52...,weight=3
info|2026-02-06 15:35:53.640744|pbft-0x000079c9301ff6c0|[CONSENSUS][PBFT]setSignatureList,signatureSize=3,propHash=1845492f...,propIndex=30
info|2026-02-06 15:35:53.640797|pbft-0x000079c9301ff6c0|[CONSENSUS][PBFT]intoPrecommit,reqHash=1845492f...,reqIndex=30,reqV=3,fromIdx=0,wait(ms)=2,committedIndex=29,consNum=30,committedHash=dae2e6d2...,view=3,toView=3,changeCycle=0,expectedCheckPoint=30,Idx=0,unsealedTxs=0,sealUntil=0,waitResealUntil=0,consensusTimeout=3000,nodeId=0d6a7f52...
info|2026-02-06 15:35:53.640863|pbft-0x000079c9301ff6c0|[CONSENSUS][PBFT]addCommitCache,reqHash=1845492f...,reqIndex=30,reqV=3,fromIdx=0,wait(ms)=0,committedIndex=29,consNum=30,committedHash=dae2e6d2...,view=3,toView=3,changeCycle=0,expectedCheckPoint=30,Idx=0,unsealedTxs=0,sealUntil=0,waitResealUntil=0,consensusTimeout=3000,nodeId=0d6a7f52...,weight=1
info|2026-02-06 15:35:53.640903|pbft-0x000079c9301ff6c0|[CONSENSUS][PBFT]checkAndPreCommit: broadcast commitMsg,Idx=0,hash=1845492f...,index=30
info|2026-02-06 15:35:53.641213|pbft-0x000079c9301ff6c0|[CONSENSUS][PBFT]addPrepareCache,reqHash=1845492f...,reqIndex=30,reqV=3,fromIdx=2,wait(ms)=0,committedIndex=29,consNum=30,committedHash=dae2e6d2...,view=3,toView=3,changeCycle=0,expectedCheckPoint=30,Idx=0,unsealedTxs=0,sealUntil=0,waitResealUntil=0,consensusTimeout=3000,nodeId=0d6a7f52...,weight=4
info|2026-02-06 15:35:53.642676|pbft-0x000079c9301ff6c0|[CONSENSUS][PBFT]addCommitCache,reqHash=1845492f...,reqIndex=30,reqV=3,fromIdx=2,wait(ms)=0,committedIndex=29,consNum=30,committedHash=dae2e6d2...,view=3,toView=3,changeCycle=0,expectedCheckPoint=30,Idx=0,unsealedTxs=0,sealUntil=0,waitResealUntil=0,consensusTimeout=3000,nodeId=0d6a7f52...,weight=2
info|2026-02-06 15:35:53.643821|pbft-0x000079c9301ff6c0|[CONSENSUS][PBFT]addCommitCache,reqHash=1845492f...,reqIndex=30,reqV=3,fromIdx=1,wait(ms)=0,committedIndex=29,consNum=30,committedHash=dae2e6d2...,view=3,toView=3,changeCycle=0,expectedCheckPoint=30,Idx=0,unsealedTxs=0,sealUntil=0,waitResealUntil=0,consensusTimeout=3000,nodeId=0d6a7f52...,weight=3
info|2026-02-06 15:35:53.643888|pbft-0x000079c9301ff6c0|[CONSENSUS][PBFT]checkAndCommit,propHash=1845492f...,propIndex=30,committedIndex=29,consNum=30,committedHash=dae2e6d2...,view=3,toView=3,changeCycle=0,expectedCheckPoint=30,Idx=0,unsealedTxs=0,sealUntil=0,waitResealUntil=0,consensusTimeout=3000,nodeId=0d6a7f52...
info|2026-02-06 15:35:53.643911|pbft-0x000079c9301ff6c0|[CONSENSUS][PBFT]######## CommitProposal,propHash=1845492f...,propIndex=30,sys=false,committedIndex=29,consNum=30,committedHash=dae2e6d2...,view=3,toView=3,changeCycle=0,expectedCheckPoint=30,Idx=0,unsealedTxs=0,sealUntil=0,waitResealUntil=0,consensusTimeout=3000,nodeId=0d6a7f52...
info|2026-02-06 15:35:53.643930|pbft-0x000079c9301ff6c0|[CONSENSUS][PBFT]notify to seal next proposal,nextProposalIndex=31
info|2026-02-06 15:35:53.644124|pbft-0x000079c9301ff6c0|[CONSENSUS][PBFT]notify to seal next proposal,nextProposalIndex=31
info|2026-02-06 15:35:53.644200|pbft-0x000079c9301ff6c0|[CONSENSUS][PBFT]applyStateMachine,index=30,hash=1845492f...,committedIndex=29,consNum=30,committedHash=dae2e6d2...,view=3,toView=3,changeCycle=0,expectedCheckPoint=30,Idx=0,unsealedTxs=0,sealUntil=0,waitResealUntil=0,consensusTimeout=3000,nodeId=0d6a7f52...,unAppliedProposals=0
info|2026-02-06 15:35:53.644259|preExeScheduler-0x000079c8fb0df6c0|[SCHEDULER][METRIC][BlockTrace][blk-30]preExeBlock success,blockHeader.timestamp=1770363353614,metaTxCount=1,timeCost=0
info|2026-02-06 15:35:53.644491|exeScheduler-0x000079c8fa8de6c0|[SCHEDULER][METRIC][blk-30]ExecuteBlock request,gasLimit=3000000000,gasPrice=0x0,verify=false,signatureSize=0,txCount=0,metaTxCount=1,version=3.11.0,waitT=0
info|2026-02-06 15:35:53.644646|exeScheduler-0x000079c8fa8de6c0|[SCHEDULER][blk-30][BlockTrace]ExecuteBlock start,time(ms)=0
info|2026-02-06 15:35:53.644662|exeScheduler-0x000079c8fa8de6c0|[SCHEDULER][serialExecute][blk-30][BlockTrace]serialExecute execute block
info|2026-02-06 15:35:53.644671|exeScheduler-0x000079c8fa8de6c0|[SCHEDULER][serialExecute][blk-30][BlockTrace]serialExecute batch next block
info|2026-02-06 15:35:53.644677|exeScheduler-0x000079c8fa8de6c0|[SCHEDULER][blk-30][BlockTrace]NextBlock request,executorNum=1
info|2026-02-06 15:35:53.646137|exec-0x000079c94e5e26c0|[SCHEDULER][blk-30][BlockTrace]NextBlock success,executorNum=1,timeCost=2
info|2026-02-06 15:35:53.646200|exec-0x000079c94e5e26c0|[SCHEDULER][serialExecute][blk-30][BlockTrace]serialExecute block begin
info|2026-02-06 15:35:53.647551|Unnamed-0x000079c8f78d86c0|[TOOL]fetchChainId success,chainId=20200
info|2026-02-06 15:35:53.648438|exec-0x000079c94dde16c0|[STORAGE-KeyPage]hash,size=24,blockVersion=51052544,readLength=6438,writeLength=0,pageCount=0,entrycount=0,entriesHash=0000000000000000000000000000000000000000000000000000000000000000,pagesHash=0000000000000000000000000000000000000000000000000000000000000000,totalHash=0000000000000000000000000000000000000000000000000000000000000000
info|2026-02-06 15:35:53.648487|exec-0x000079c94dde16c0|[EXECUTOR:1770362656][blk-30]GetTableHashes success,hash=0000000000000000000000000000000000000000000000000000000000000000,time(ms)=0
info|2026-02-06 15:35:53.648591|exec-0x000079c94dde16c0|[SCHEDULER][blk-30][BlockTrace]ExecuteBlock success,hash=08a1603a...,stateRoot=0000000000000000000000000000000000000000000000000000000000000000,receiptRoot=b57b72c691df9e3924cb53bebe1c028677c6fbc126b739a6a64c681dadbb18e0,txsRoot=fa242deb...,gasUsed=7883,signatureSize=0,timeCost=4,blockVersion=51052544
info|2026-02-06 15:35:53.648652|exec-0x000079c94dde16c0|[CONSENSUS][Core][METRIC]asyncExecuteBlock success,sysBlock=false,number=30,result=08a1603a...,txsSize=1,txsRoot=fa242deb...,receiptsRoot=b57b72c6...,stateRoot=00000000...,timeCost=4,execPerTx=4
info|2026-02-06 15:35:53.648918|exec-0x000079c94dde16c0|[CONSENSUS][PBFT]applyStateMachine finished,index=30,beforeExec=1845492f...,afterExec=08a1603a...,committedIndex=29,consNum=30,committedHash=dae2e6d2...,view=3,toView=3,changeCycle=0,expectedCheckPoint=30,Idx=0,unsealedTxs=0,sealUntil=0,waitResealUntil=0,consensusTimeout=3000,nodeId=0d6a7f52...,timecost=4
info|2026-02-06 15:35:53.649004|pbftWorker-0x000079c9415c86c0|[CONSENSUS][PBFT][STORAGE]asyncCommitProposal: write the committed proposal into db,index=30
info|2026-02-06 15:35:53.649182|pbftWorker-0x000079c9415c86c0|[CONSENSUS][PBFT][STORAGE]asyncPutProposal: commit success,dbName=pbftCommitDB,key=max_committed_proposal,number=30,timecost=0,dataSize=2
info|2026-02-06 15:35:53.649286|pbftWorker-0x000079c9415c86c0|[CONSENSUS][PBFT][STORAGE]asyncPutProposal: commit success,dbName=pbftCommitDB,key=30,number=30,timecost=0,dataSize=679
info|2026-02-06 15:35:53.650222|pbft-0x000079c9301ff6c0|[CONSENSUS][PBFT]handleCheckPointMsg: try to add the checkpoint message into the cache,reqHash=08a1603a...,reqIndex=30,reqV=3,fromIdx=1,wait(ms)=1,committedIndex=29,consNum=30,committedHash=dae2e6d2...,view=3,toView=3,changeCycle=0,expectedCheckPoint=30,Idx=0,unsealedTxs=0,sealUntil=0,waitResealUntil=0,consensusTimeout=3000,nodeId=0d6a7f52...
info|2026-02-06 15:35:53.650277|pbft-0x000079c9301ff6c0|[CONSENSUS][PBFT]addCheckPointMsg,reqHash=08a1603a...,reqIndex=30,reqV=3,fromIdx=1,wait(ms)=1,Idx=0,weight=1,minRequiredWeight=3
info|2026-02-06 15:35:53.650292|pbft-0x000079c9301ff6c0|[CONSENSUS][PBFT]notify to seal next proposal,nextProposalIndex=31
info|2026-02-06 15:35:53.650393|pbftWorker-0x000079c9415c86c0|[CONSENSUS][PBFT]addCheckPointMsg,reqHash=08a1603a...,reqIndex=30,reqV=3,fromIdx=0,wait(ms)=1,Idx=0,weight=2,minRequiredWeight=3
info|2026-02-06 15:35:53.650463|pbftWorker-0x000079c9415c86c0|[CONSENSUS][PBFT]setCheckPointProposal,propHash=08a1603a...,propIndex=30,committedIndex=29,consNum=30,committedHash=dae2e6d2...,view=3,toView=3,changeCycle=0,expectedCheckPoint=30,Idx=0,unsealedTxs=0,sealUntil=0,waitResealUntil=0,consensusTimeout=3000,nodeId=0d6a7f52...
info|2026-02-06 15:35:53.651618|pbftWorker-0x000079c9415c86c0|[CONSENSUS][PBFT]PBFTConfig: setExpectedCheckPoint,committedIndex=29,consNum=30,committedHash=dae2e6d2...,view=3,toView=3,changeCycle=0,expectedCheckPoint=31,Idx=0,unsealedTxs=0,sealUntil=0,waitResealUntil=0,consensusTimeout=3000,nodeId=0d6a7f52...,expectedCheckPoint=31
info|2026-02-06 15:35:53.651715|pbftWorker-0x000079c9415c86c0|[CONSENSUS][PBFT]notify to seal next proposal,nextProposalIndex=31
info|2026-02-06 15:35:53.651728|pbftWorker-0x000079c9415c86c0|[CONSENSUS][PBFT]onProposalApplySuccess,index=30,hash=08a1603a...,lockT=0,timecost=1
info|2026-02-06 15:35:53.652410|pbft-0x000079c9301ff6c0|[CONSENSUS][PBFT]handleCheckPointMsg: try to add the checkpoint message into the cache,reqHash=08a1603a...,reqIndex=30,reqV=3,fromIdx=2,wait(ms)=2,committedIndex=29,consNum=30,committedHash=dae2e6d2...,view=3,toView=3,changeCycle=0,expectedCheckPoint=31,Idx=0,unsealedTxs=0,sealUntil=0,waitResealUntil=0,consensusTimeout=3000,nodeId=0d6a7f52...
info|2026-02-06 15:35:53.652472|pbft-0x000079c9301ff6c0|[CONSENSUS][PBFT]addCheckPointMsg,reqHash=08a1603a...,reqIndex=30,reqV=3,fromIdx=2,wait(ms)=2,Idx=0,weight=3,minRequiredWeight=3
info|2026-02-06 15:35:53.652491|pbft-0x000079c9301ff6c0|[CONSENSUS][PBFT]notify to seal next proposal,nextProposalIndex=31
info|2026-02-06 15:35:53.652506|pbft-0x000079c9301ff6c0|[CONSENSUS][PBFT]setSignatureList,signatureSize=3,propHash=08a1603a...,propIndex=30
info|2026-02-06 15:35:53.652517|pbft-0x000079c9301ff6c0|[CONSENSUS][PBFT]checkAndCommitStableCheckPoint,index=30,hash=08a1603a...,committedIndex=29,consNum=30,committedHash=dae2e6d2...,view=3,toView=3,changeCycle=0,expectedCheckPoint=31,Idx=0,unsealedTxs=0,sealUntil=0,waitResealUntil=0,consensusTimeout=3000,nodeId=0d6a7f52...
info|2026-02-06 15:35:53.652534|pbft-0x000079c9301ff6c0|[CONSENSUS][PBFT]updateStableCheckPointQueue: insert new checkpoint proposal,index=30,hash=08a1603a...,committedIndex=29,consNum=30,committedHash=dae2e6d2...,view=3,toView=3,changeCycle=0,expectedCheckPoint=31,Idx=0,unsealedTxs=0,sealUntil=0,waitResealUntil=0,consensusTimeout=3000,nodeId=0d6a7f52...
info|2026-02-06 15:35:53.652550|pbft-0x000079c9301ff6c0|[CONSENSUS][PBFT]updateStableCheckPointQueue: commit stable checkpoint,index=30,committedIndex=29
info|2026-02-06 15:35:53.652580|pbft-0x000079c9301ff6c0|[CONSENSUS][PBFT]asyncCommitStableCheckPoint: set signatureList,index=30,hash=08a1603a...,proofSize=3,blockProofSize=3
info|2026-02-06 15:35:53.652757|blockSubmit-0x000079c942dcb6c0|[SCHEDULER][blk-30][BlockTrace]CommitBlock start
info|2026-02-06 15:35:53.653359|pbft-0x000079c9301ff6c0|[CONSENSUS][PBFT]handleCheckPointMsg: try to add the checkpoint message into the cache,reqHash=08a1603a...,reqIndex=30,reqV=3,fromIdx=3,wait(ms)=3,committedIndex=29,consNum=30,committedHash=dae2e6d2...,view=3,toView=3,changeCycle=0,expectedCheckPoint=31,Idx=0,unsealedTxs=0,sealUntil=0,waitResealUntil=0,consensusTimeout=3000,nodeId=0d6a7f52...
info|2026-02-06 15:35:53.653512|pbft-0x000079c9301ff6c0|[CONSENSUS][PBFT]addCheckPointMsg,reqHash=08a1603a...,reqIndex=30,reqV=3,fromIdx=3,wait(ms)=3,Idx=0,weight=4,minRequiredWeight=3
info|2026-02-06 15:35:53.653544|pbft-0x000079c9301ff6c0|[CONSENSUS][PBFT]notify to seal next proposal,nextProposalIndex=31
info|2026-02-06 15:35:53.654257|blockSubmit-0x000079c942dcb6c0|[STORAGE-RocksDB]asyncPrepare,number=30
info|2026-02-06 15:35:53.654400|blockSubmit-0x000079c942dcb6c0|[STORAGE-RocksDB]asyncPrepare finished,blockNumber=30,put=7,delete=0,startTS=0,encode(ms)=0,time(ms)=0
info|2026-02-06 15:35:53.654890|blockSubmit-0x000079c942dcb6c0|[LEDGER]storeTransactionsAndReceipts,blockNumber=30
info|2026-02-06 15:35:53.655218|exec-0x000079c94cddf6c0|[STORAGE-RocksDB]asyncPrepare,number=30
info|2026-02-06 15:35:53.655308|ledgerWrite-0x000079c9565f26c0|[STORAGE-RocksDB]setRows finished,put=1,dataSize=639,time(ms)=0
info|2026-02-06 15:35:53.655419|blockSubmit-0x000079c942dcb6c0|[LEDGER]storeTransactionsAndReceipts finished,blockNumber=30,blockTxsSize=1,unStoredTxs=0,timeCost=1
info|2026-02-06 15:35:53.655451|blockSubmit-0x000079c942dcb6c0|[LEDGER][METRIC]asyncPrewriteBlock,number=30,totalTxs=31,failedTxs=8,incTxs=1,incFailedTxs=0
info|2026-02-06 15:35:53.655625|exec-0x000079c94cddf6c0|[STORAGE-KeyPage]parallelTraverse,size=0
info|2026-02-06 15:35:53.655640|exec-0x000079c94cddf6c0|[STORAGE-RocksDB]asyncPrepare finished,blockNumber=30,put=0,delete=0,startTS=0,encode(ms)=1,time(ms)=1
info|2026-02-06 15:35:53.655662|exec-0x000079c94cddf6c0|[EXECUTOR:1770362656][blk-30]Prepare success
info|2026-02-06 15:35:53.655820|exec-0x000079c94cddf6c0|[STORAGE-RocksDB]asyncCommit finished,blockNumber=30,startTS=0,time(ms)=0,callback time(ms)=0,count=7
info|2026-02-06 15:35:53.655899|exec-0x000079c94d5e06c0|[TOOL]fetchCompatibilityVersion
info|2026-02-06 15:35:53.656059|exec-0x000079c94d5e06c0|[TOOL]fetchCompatibilityVersion success,version=3.11.0,versionNumber=51052544,minSupportedVersion=3.0.0-rc4,maxSupportedVersion=3.11.0
info|2026-02-06 15:35:53.656218|exec-0x000079c94d5e06c0|[TOOL]fetchAuthCheckStatus success,value=0
info|2026-02-06 15:35:53.656269|exec-0x000079c94d5e06c0|[EXECUTOR:1770362656]merge keyPage to cachedStorage,number=30
info|2026-02-06 15:35:53.656359|exec-0x000079c94d5e06c0|[STORAGE-KeyPage]parallelTraverse,size=0
info|2026-02-06 15:35:53.656378|exec-0x000079c94d5e06c0|[STORAGE]Successful merged records,count=0
info|2026-02-06 15:35:53.657663|exec-0x000079c94d5e06c0|[SCHEDULER][blk-30][BlockTrace]CommitBlock success,gas limit=3000000000,timeCost=5
info|2026-02-06 15:35:53.657986|exec-0x000079c94d5e06c0|[SCHEDULER][BlockTrace]Notify block result success,blockNumber=30
info|2026-02-06 15:35:53.658152|exec-0x000079c94d5e06c0|[CONSENSUS][PBFT][STORAGE][METRIC]commitStableCheckPoint success,index=30,hash=08a1603a...,txs=1,timeCost=6,commitPerTx=6
info|2026-02-06 15:35:53.658200|exec-0x000079c94d5e06c0|[SCHEDULER][blk-30]notify block result success,hash=08a1603a...,txsSize=1
info|2026-02-06 15:35:53.658215|blockSubmit-0x000079c942dcb6c0|[CONSENSUS][PBFT][METRIC]resetConfig,committedIndex=30,propHash=08a1603a...,blockCountLimit=1000,leaderPeriod=1,consensusNodesSize=4
info|2026-02-06 15:35:53.658257|blockSubmit-0x000079c942dcb6c0|[CONSENSUS][PBFT][METRIC]^^^^^^^^Report,sealer=1,txs=1,committedIndex=30,consNum=31,committedHash=08a1603a...,view=3,toView=3,changeCycle=0,expectedCheckPoint=31,Idx=0,unsealedTxs=0,sealUntil=0,waitResealUntil=0,consensusTimeout=3000,nodeId=0d6a7f52...
info|2026-02-06 15:35:53.658274|blockSubmit-0x000079c942dcb6c0|[CONSENSUS][SEALER]asyncNoteLatestBlockNumber,number=30
info|2026-02-06 15:35:53.658278|blockSubmit-0x000079c942dcb6c0|[CONSENSUS][SEALER]asyncNoteLatestBlockHash,_hash=08a1603a...
info|2026-02-06 15:35:53.658382|blockSubmit-0x000079c942dcb6c0|[BLOCK SYNC]#### BlockSyncConfig resetConfig,number=30,consNodeSize=4,observerNodeSize=0,type=CONSENSUS_NODE
info|2026-02-06 15:35:53.658790|blockSubmit-0x000079c942dcb6c0|[CONSENSUS][PBFT]notify to seal next proposal,nextProposalIndex=31
info|2026-02-06 15:35:53.658733|submitter-0x000079c953ded6c0|[TXPOOL][METRIC]StatTPS,tps=22,totalTime=45
info|2026-02-06 15:35:53.659709|submitter-0x000079c953ded6c0|[TXPOOL][METRIC]batchRemove txs success,expectedSize=1,succCount=1,batchId=30,timecost=1,lockT=0,removeT=0,updateLedgerNonceT=0,updateTxPoolNonceT=0
info|2026-02-06 15:35:53.659759|blockSubmit-0x000079c942dcb6c0|[CONSENSUS][PBFT]removeConsensusedCache finalizeConsensus,view=3,number=30,eraseSize=1,cacheSize=0
info|2026-02-06 15:35:53.659829|exec-0x000079c94d5e06c0|[STORAGE-RocksDB]asyncCommit finished,blockNumber=30,startTS=0,time(ms)=0,callback time(ms)=4,count=0
info|2026-02-06 15:35:53.659865|blockSubmit-0x000079c942dcb6c0|[CONSENSUS][PBFT][STORAGE]asyncRemoveStabledCheckPoint,index=25
info|2026-02-06 15:35:53.659975|blockSubmit-0x000079c942dcb6c0|[CONSENSUS][PBFT][STORAGE]asyncRemove success,dbName=pbftCommitDB,key=25
info|2026-02-06 15:35:56.485009|ioService-0x000079c92effd6c0|[P2PService][Service][METRIC]heartBeat,connected count=3
info|2026-02-06 15:35:56.485863|timerFactory-0x000079c91cfff6c0|[RPC][WS][SERVICE]connected nodes,count=0
info|2026-02-06 15:36:00.059163|pbft-0x000079c9301ff6c0|[CONSENSUS][PBFT]handlePrePrepareMsg,reqHash=8d798347...,reqIndex=31,reqV=3,fromIdx=2,wait(ms)=1,committedIndex=30,consNum=31,committedHash=08a1603a...,view=3,toView=3,changeCycle=0,expectedCheckPoint=31,Idx=0,unsealedTxs=1,sealUntil=0,waitResealUntil=0,consensusTimeout=3000,nodeId=0d6a7f52...,utc=15817776
info|2026-02-06 15:36:00.059280|pbft-0x000079c9301ff6c0|[TXPOOL]begin asyncVerifyBlock,consNum=31,hash=8d798347...
info|2026-02-06 15:36:00.059394|pbft-0x000079c9301ff6c0|[CONSENSUS][PBFT]addPrepareCache,reqHash=8d798347...,reqIndex=31,reqV=3,fromIdx=2,wait(ms)=0,committedIndex=30,consNum=31,committedHash=08a1603a...,view=3,toView=3,changeCycle=0,expectedCheckPoint=31,Idx=0,unsealedTxs=1,sealUntil=0,waitResealUntil=0,consensusTimeout=3000,nodeId=0d6a7f52...,weight=1
info|2026-02-06 15:36:00.059421|verifier-0x000079c951de96c0|[TXPOOL]batchVerifyProposal,consNum=31,hash=8d798347...,txsSize=1,lockT=0,verifyT=0,missedTxs=0
info|2026-02-06 15:36:00.059445|verifier-0x000079c951de96c0|[TXPOOL][METRIC]asyncVerifyBlock finished,consNum=31,hash=8d798347...,code=0,msg=success,result=true,timecost=0
info|2026-02-06 15:36:00.059467|pbft-0x000079c9301ff6c0|[CONSENSUS][PBFT]addCommitCache,reqHash=8d798347...,reqIndex=31,reqV=3,fromIdx=2,wait(ms)=0,committedIndex=30,consNum=31,committedHash=08a1603a...,view=3,toView=3,changeCycle=0,expectedCheckPoint=31,Idx=0,unsealedTxs=1,sealUntil=0,waitResealUntil=0,consensusTimeout=3000,nodeId=0d6a7f52...,weight=1
info|2026-02-06 15:36:00.059560|pbft-0x000079c9301ff6c0|[CONSENSUS][PBFT]handleCheckPointMsg: try to add the checkpoint message into the cache,reqHash=6687a886...,reqIndex=31,reqV=3,fromIdx=2,wait(ms)=0,committedIndex=30,consNum=31,committedHash=08a1603a...,view=3,toView=3,changeCycle=0,expectedCheckPoint=31,Idx=0,unsealedTxs=1,sealUntil=0,waitResealUntil=0,consensusTimeout=3000,nodeId=0d6a7f52...
info|2026-02-06 15:36:00.059567|pbft-0x000079c9301ff6c0|[CONSENSUS][PBFT]addCheckPointMsg,reqHash=6687a886...,reqIndex=31,reqV=3,fromIdx=2,wait(ms)=0,Idx=0,weight=1,minRequiredWeight=3
info|2026-02-06 15:36:00.059573|pbft-0x000079c9301ff6c0|[CONSENSUS][PBFT]notify to seal next proposal,nextProposalIndex=31
info|2026-02-06 15:36:00.059552|validator-0x000079c943dcd6c0|[CONSENSUS][PBFT]asyncResetTxsFlag,index=31,hash=8d798347...,flag=true
info|2026-02-06 15:36:00.059663|validator-0x000079c943dcd6c0|[TXPOOL]batchMarkTxs,txsSize=1,batchId=31,hash=8d798347...,sealFlag=true,notFound=0,reSealed=0,succ=1,time=0,markT=0
info|2026-02-06 15:36:00.059670|pbft-0x000079c9301ff6c0|[CONSENSUS][PBFT]addPrepareCache,reqHash=8d798347...,reqIndex=31,reqV=3,fromIdx=1,wait(ms)=0,committedIndex=30,consNum=31,committedHash=08a1603a...,view=3,toView=3,changeCycle=0,expectedCheckPoint=31,Idx=0,unsealedTxs=1,sealUntil=0,waitResealUntil=0,consensusTimeout=3000,nodeId=0d6a7f52...,weight=2
info|2026-02-06 15:36:00.059740|validator-0x000079c943dcd6c0|[CONSENSUS][PBFT]asyncMarkTxs success,index=31,hash=8d798347...,flag=true,markT=0,emptyTxBatchHash=false
info|2026-02-06 15:36:00.059770|pbft-0x000079c9301ff6c0|[CONSENSUS][PBFT]handleCheckPointMsg: try to add the checkpoint message into the cache,reqHash=6687a886...,reqIndex=31,reqV=3,fromIdx=1,wait(ms)=0,committedIndex=30,consNum=31,committedHash=08a1603a...,view=3,toView=3,changeCycle=0,expectedCheckPoint=31,Idx=0,unsealedTxs=0,sealUntil=0,waitResealUntil=0,consensusTimeout=3000,nodeId=0d6a7f52...
info|2026-02-06 15:36:00.059784|pbft-0x000079c9301ff6c0|[CONSENSUS][PBFT]addCheckPointMsg,reqHash=6687a886...,reqIndex=31,reqV=3,fromIdx=1,wait(ms)=0,Idx=0,weight=2,minRequiredWeight=3
info|2026-02-06 15:36:00.059789|pbft-0x000079c9301ff6c0|[CONSENSUS][PBFT]notify to seal next proposal,nextProposalIndex=31
info|2026-02-06 15:36:00.059792|pbft-0x000079c9301ff6c0|[CONSENSUS][PBFT]request checkPoint proposal,checkPointIndex=31,checkPointHash=6687a886...,committedIndex=30,consNum=31,committedHash=08a1603a...,view=3,toView=3,changeCycle=0,expectedCheckPoint=31,Idx=0,unsealedTxs=0,sealUntil=0,waitResealUntil=0,consensusTimeout=3000,nodeId=0d6a7f52...
info|2026-02-06 15:36:00.059858|verifier-0x000079c951de96c0|[CONSENSUS][PBFT]handlePrePrepareMsg,reqHash=8d798347...,reqIndex=31,reqV=3,fromIdx=2,wait(ms)=1,committedIndex=30,consNum=31,committedHash=08a1603a...,view=3,toView=3,changeCycle=0,expectedCheckPoint=31,Idx=0,unsealedTxs=0,sealUntil=0,waitResealUntil=0,consensusTimeout=3000,nodeId=0d6a7f52...,utc=15817777
info|2026-02-06 15:36:00.059902|verifier-0x000079c951de96c0|[CONSENSUS][PBFT]handlePrePrepareMsg checkPrePrepareMsg failed,reqHash=8d798347...,reqIndex=31,reqV=3,fromIdx=2,wait(ms)=1,committedIndex=30,consNum=31,committedHash=08a1603a...,view=3,toView=3,changeCycle=0,expectedCheckPoint=31,Idx=0,unsealedTxs=0,sealUntil=0,waitResealUntil=0,consensusTimeout=3000,nodeId=0d6a7f52...,utc=15817777
info|2026-02-06 15:36:00.060051|txsPreStore-0x000079c9505e66c0|[TXPOOL]storeVerifiedBlock fetch block number from LedgerConfig
info|2026-02-06 15:36:00.060244|pbftLogSync-0x000079c93f5c46c0|[CONSENSUS][PBFT]request the missed precommit proposal,peer=21a47ace...,index=31,hash=00000000...
info|2026-02-06 15:36:00.060272|txsPreStore-0x000079c9505e66c0|[TOOL]LedgerConfigFetcher: fetchBlockNumber success,blockNumber=30
info|2026-02-06 15:36:00.060310|txsPreStore-0x000079c9505e66c0|[TXPOOL]storeVerifiedBlock,consNum=31,hash=8d798347...,txsSize=1
info|2026-02-06 15:36:00.060347|txsPreStore-0x000079c9505e66c0|[LEDGER]asyncPreStoreBlockTxs: needStoreUnsavedTxs,txsSize=1,unstoredTxs=1,number=31
info|2026-02-06 15:36:00.060417|txsPreStore-0x000079c9505e66c0|[STORAGE-RocksDB]setRows finished,put=1,dataSize=744,time(ms)=0
info|2026-02-06 15:36:00.060434|txsPreStore-0x000079c9505e66c0|[LEDGER]asyncPreStoreBlockTxs: store uncommitted txs,blockNumber=31,blockTxsSize=1,unStoredTxs=1,msg=success,code=0,timeCost=0
info|2026-02-06 15:36:00.060439|txsPreStore-0x000079c9505e66c0|[TXPOOL]storeVerifiedBlock success,consNum=31,hash=8d798347...,timecost=0
info|2026-02-06 15:36:00.071013|pbft-0x000079c9301ff6c0|[CONSENSUS][PBFT]handleCheckPointMsg: try to add the checkpoint message into the cache,reqHash=6687a886...,reqIndex=31,reqV=3,fromIdx=3,wait(ms)=1,committedIndex=30,consNum=31,committedHash=08a1603a...,view=3,toView=3,changeCycle=0,expectedCheckPoint=31,Idx=0,unsealedTxs=0,sealUntil=0,waitResealUntil=0,consensusTimeout=3000,nodeId=0d6a7f52...
info|2026-02-06 15:36:00.071074|pbft-0x000079c9301ff6c0|[CONSENSUS][PBFT]addCheckPointMsg,reqHash=6687a886...,reqIndex=31,reqV=3,fromIdx=3,wait(ms)=1,Idx=0,weight=3,minRequiredWeight=3
info|2026-02-06 15:36:00.071083|pbft-0x000079c9301ff6c0|[CONSENSUS][PBFT]notify to seal next proposal,nextProposalIndex=31
info|2026-02-06 15:36:00.147105|fisco-bcos-0x000079c8ff9ee6c0|[TXPOOL]begin asyncVerifyBlock,consNum=31,hash=8d798347...
info|2026-02-06 15:36:00.147149|fisco-bcos-0x000079c8ff9ee6c0|[CONSENSUS][PBFT]onRecvCommittedProposalsResponse,from=21a47ace...,proposalSize=1
info|2026-02-06 15:36:00.147176|validator-0x000079c9445ce6c0|[CONSENSUS][PBFT]asyncResetTxsFlag,index=31,hash=8d798347...,flag=true
info|2026-02-06 15:36:00.147203|validator-0x000079c9445ce6c0|[TXPOOL]batchMarkTxs,txsSize=1,batchId=31,hash=8d798347...,sealFlag=true,notFound=0,reSealed=0,succ=1,time=0,markT=0
info|2026-02-06 15:36:00.147215|validator-0x000079c9445ce6c0|[CONSENSUS][PBFT]asyncMarkTxs success,index=31,hash=8d798347...,flag=true,markT=0,emptyTxBatchHash=false
info|2026-02-06 15:36:00.147269|verifier-0x000079c9515e86c0|[TXPOOL]batchVerifyProposal,consNum=31,hash=8d798347...,txsSize=1,lockT=0,verifyT=0,missedTxs=0
info|2026-02-06 15:36:00.147309|verifier-0x000079c9515e86c0|[TXPOOL][METRIC]asyncVerifyBlock finished,consNum=31,hash=8d798347...,code=0,msg=success,result=true,timecost=0
info|2026-02-06 15:36:00.147316|verifier-0x000079c9515e86c0|[CONSENSUS][PBFT]loadAndVerifyProposal success,from=21a47ace...,propHash=8d798347...,propIndex=31
info|2026-02-06 15:36:00.147326|verifier-0x000079c9515e86c0|[CONSENSUS][PBFT]notify the committed proposal index to the sync module success,index=31
info|2026-02-06 15:36:00.147336|verifier-0x000079c9515e86c0|[CONSENSUS][PBFT]######## CommitProposal,propHash=8d798347...,propIndex=31,sys=false,committedIndex=30,consNum=31,committedHash=08a1603a...,view=3,toView=3,changeCycle=0,expectedCheckPoint=31,Idx=0,unsealedTxs=0,sealUntil=0,waitResealUntil=0,consensusTimeout=3000,nodeId=0d6a7f52...
info|2026-02-06 15:36:00.147344|verifier-0x000079c9515e86c0|[CONSENSUS][PBFT]notify to seal next proposal,nextProposalIndex=32
info|2026-02-06 15:36:00.147381|verifier-0x000079c9515e86c0|[CONSENSUS][PBFT]notify to seal next proposal,nextProposalIndex=32
info|2026-02-06 15:36:00.147385|verifier-0x000079c9515e86c0|[CONSENSUS][PBFT]applyStateMachine,index=31,hash=8d798347...,committedIndex=30,consNum=31,committedHash=08a1603a...,view=3,toView=3,changeCycle=0,expectedCheckPoint=31,Idx=0,unsealedTxs=0,sealUntil=0,waitResealUntil=0,consensusTimeout=3000,nodeId=0d6a7f52...,unAppliedProposals=0
info|2026-02-06 15:36:00.147418|verifier-0x000079c9515e86c0|[CONSENSUS][PBFT]setPrecommitCache,reqHash=8d798347...,reqIndex=31,reqV=0,fromIdx=0,wait(ms)=0
info|2026-02-06 15:36:00.147480|txsPreStore-0x000079c9505e66c0|[TXPOOL]storeVerifiedBlock fetch block number from LedgerConfig
info|2026-02-06 15:36:00.147511|exeScheduler-0x000079c8fa8de6c0|[SCHEDULER][METRIC][blk-31]ExecuteBlock request,gasLimit=3000000000,gasPrice=0x0,verify=false,signatureSize=0,txCount=0,metaTxCount=1,version=3.11.0,waitT=0
info|2026-02-06 15:36:00.147564|txsPreStore-0x000079c9505e66c0|[TOOL]LedgerConfigFetcher: fetchBlockNumber success,blockNumber=30
info|2026-02-06 15:36:00.147570|exeScheduler-0x000079c8fa8de6c0|[SCHEDULER][blk-31][BlockTrace]ExecuteBlock start,time(ms)=0
info|2026-02-06 15:36:00.147575|exeScheduler-0x000079c8fa8de6c0|[SCHEDULER][serialExecute][blk-31][BlockTrace]serialExecute execute block
info|2026-02-06 15:36:00.147585|txsPreStore-0x000079c9505e66c0|[TXPOOL]storeVerifiedBlock,consNum=31,hash=8d798347...,txsSize=1
info|2026-02-06 15:36:00.147594|txsPreStore-0x000079c9505e66c0|[LEDGER]asyncPreStoreBlockTxs: needStoreUnsavedTxs,txsSize=1,unstoredTxs=0,number=31
info|2026-02-06 15:36:00.147599|txsPreStore-0x000079c9505e66c0|[TXPOOL]storeVerifiedBlock success,consNum=31,hash=8d798347...,timecost=0
info|2026-02-06 15:36:00.147622|preExeScheduler-0x000079c8fb8e06c0|[SCHEDULER][METRIC][BlockTrace][blk-31]preExeBlock success,blockHeader.timestamp=1770363360030,metaTxCount=1,timeCost=0
info|2026-02-06 15:36:00.147683|exeScheduler-0x000079c8fa8de6c0|[SCHEDULER][serialExecute][blk-31][BlockTrace]serialExecute batch next block
info|2026-02-06 15:36:00.147708|exeScheduler-0x000079c8fa8de6c0|[SCHEDULER][blk-31][BlockTrace]NextBlock request,executorNum=1
info|2026-02-06 15:36:00.148178|exec-0x000079c94a5da6c0|[SCHEDULER][blk-31][BlockTrace]NextBlock success,executorNum=1,timeCost=1
info|2026-02-06 15:36:00.148210|exec-0x000079c94a5da6c0|[SCHEDULER][serialExecute][blk-31][BlockTrace]serialExecute block begin
info|2026-02-06 15:36:00.148778|exec-0x000079c94addb6c0|[STORAGE-KeyPage]hash,size=24,blockVersion=51052544,readLength=7780,writeLength=640,pageCount=1,entrycount=0,entriesHash=0000000000000000000000000000000000000000000000000000000000000000,pagesHash=fff554e5b616da5f3867941a0233f6a2b554dc4d66c4bb25fec6de20f800de3e,totalHash=fff554e5b616da5f3867941a0233f6a2b554dc4d66c4bb25fec6de20f800de3e
info|2026-02-06 15:36:00.148800|exec-0x000079c94addb6c0|[EXECUTOR:1770362656][blk-31]GetTableHashes success,hash=fff554e5b616da5f3867941a0233f6a2b554dc4d66c4bb25fec6de20f800de3e,time(ms)=0
info|2026-02-06 15:36:00.148828|exec-0x000079c94addb6c0|[SCHEDULER][blk-31][BlockTrace]ExecuteBlock success,hash=6687a886...,stateRoot=fff554e5b616da5f3867941a0233f6a2b554dc4d66c4bb25fec6de20f800de3e,receiptRoot=faaabea9ddb6662ab4b76617d16bec569edf3dc8797ea703c59b1c25b230f576,txsRoot=264750ca...,gasUsed=74556,signatureSize=0,timeCost=1,blockVersion=51052544
info|2026-02-06 15:36:00.148894|exec-0x000079c94addb6c0|[CONSENSUS][Core][METRIC]asyncExecuteBlock success,sysBlock=false,number=31,result=6687a886...,txsSize=1,txsRoot=264750ca...,receiptsRoot=faaabea9...,stateRoot=fff554e5...,timeCost=1,execPerTx=1
info|2026-02-06 15:36:00.148946|exec-0x000079c94addb6c0|[CONSENSUS][PBFT]applyStateMachine finished,index=31,beforeExec=8d798347...,afterExec=6687a886...,committedIndex=30,consNum=31,committedHash=08a1603a...,view=3,toView=3,changeCycle=0,expectedCheckPoint=31,Idx=0,unsealedTxs=0,sealUntil=0,waitResealUntil=0,consensusTimeout=3000,nodeId=0d6a7f52...,timecost=1
info|2026-02-06 15:36:00.148965|pbftWorker-0x000079c940dc76c0|[CONSENSUS][PBFT][STORAGE]asyncCommitProposal: write the committed proposal into db,index=31
info|2026-02-06 15:36:00.149015|pbftWorker-0x000079c940dc76c0|[CONSENSUS][PBFT][STORAGE]asyncPutProposal: commit success,dbName=pbftCommitDB,key=max_committed_proposal,number=31,timecost=1,dataSize=2
info|2026-02-06 15:36:00.149059|pbftWorker-0x000079c940dc76c0|[CONSENSUS][PBFT][STORAGE]asyncPutProposal: commit success,dbName=pbftCommitDB,key=31,number=31,timecost=0,dataSize=679
info|2026-02-06 15:36:00.149263|pbftWorker-0x000079c940dc76c0|[CONSENSUS][PBFT]addCheckPointMsg,reqHash=6687a886...,reqIndex=31,reqV=3,fromIdx=0,wait(ms)=0,Idx=0,weight=4,minRequiredWeight=3
info|2026-02-06 15:36:00.149285|pbftWorker-0x000079c940dc76c0|[CONSENSUS][PBFT]setCheckPointProposal,propHash=6687a886...,propIndex=31,committedIndex=30,consNum=31,committedHash=08a1603a...,view=3,toView=3,changeCycle=0,expectedCheckPoint=31,Idx=0,unsealedTxs=0,sealUntil=0,waitResealUntil=0,consensusTimeout=3000,nodeId=0d6a7f52...
info|2026-02-06 15:36:00.149294|pbftWorker-0x000079c940dc76c0|[CONSENSUS][PBFT]PBFTConfig: setExpectedCheckPoint,committedIndex=30,consNum=31,committedHash=08a1603a...,view=3,toView=3,changeCycle=0,expectedCheckPoint=32,Idx=0,unsealedTxs=0,sealUntil=0,waitResealUntil=0,consensusTimeout=3000,nodeId=0d6a7f52...,expectedCheckPoint=32
info|2026-02-06 15:36:00.149303|pbftWorker-0x000079c940dc76c0|[CONSENSUS][PBFT]setSignatureList,signatureSize=4,propHash=6687a886...,propIndex=31
info|2026-02-06 15:36:00.149307|pbftWorker-0x000079c940dc76c0|[CONSENSUS][PBFT]checkAndCommitStableCheckPoint,index=31,hash=6687a886...,committedIndex=30,consNum=31,committedHash=08a1603a...,view=3,toView=3,changeCycle=0,expectedCheckPoint=32,Idx=0,unsealedTxs=0,sealUntil=0,waitResealUntil=0,consensusTimeout=3000,nodeId=0d6a7f52...
info|2026-02-06 15:36:00.149312|pbftWorker-0x000079c940dc76c0|[CONSENSUS][PBFT]updateStableCheckPointQueue: insert new checkpoint proposal,index=31,hash=6687a886...,committedIndex=30,consNum=31,committedHash=08a1603a...,view=3,toView=3,changeCycle=0,expectedCheckPoint=32,Idx=0,unsealedTxs=0,sealUntil=0,waitResealUntil=0,consensusTimeout=3000,nodeId=0d6a7f52...
info|2026-02-06 15:36:00.149318|pbftWorker-0x000079c940dc76c0|[CONSENSUS][PBFT]updateStableCheckPointQueue: commit stable checkpoint,index=31,committedIndex=30
info|2026-02-06 15:36:00.149329|pbftWorker-0x000079c940dc76c0|[CONSENSUS][PBFT]asyncCommitStableCheckPoint: set signatureList,index=31,hash=6687a886...,proofSize=4,blockProofSize=4
info|2026-02-06 15:36:00.149348|pbftWorker-0x000079c940dc76c0|[CONSENSUS][PBFT]notify to seal next proposal,nextProposalIndex=32
info|2026-02-06 15:36:00.149370|pbftWorker-0x000079c940dc76c0|[CONSENSUS][PBFT]onProposalApplySuccess,index=31,hash=6687a886...,lockT=0,timecost=0
info|2026-02-06 15:36:00.149376|blockSubmit-0x000079c942dcb6c0|[SCHEDULER][blk-31][BlockTrace]CommitBlock start
info|2026-02-06 15:36:00.149773|blockSubmit-0x000079c942dcb6c0|[STORAGE-RocksDB]asyncPrepare,number=31
info|2026-02-06 15:36:00.149807|blockSubmit-0x000079c942dcb6c0|[STORAGE-RocksDB]asyncPrepare finished,blockNumber=31,put=7,delete=0,startTS=0,encode(ms)=0,time(ms)=0
info|2026-02-06 15:36:00.149830|blockSubmit-0x000079c942dcb6c0|[LEDGER]storeTransactionsAndReceipts,blockNumber=31
info|2026-02-06 15:36:00.149850|exec-0x000079c94bddd6c0|[STORAGE-RocksDB]asyncPrepare,number=31
info|2026-02-06 15:36:00.149896|ledgerWrite-0x000079c956df36c0|[STORAGE-RocksDB]setRows finished,put=1,dataSize=542,time(ms)=0
info|2026-02-06 15:36:00.149942|exec-0x000079c94bddd6c0|[STORAGE-KeyPage]parallelTraverse,size=1120
info|2026-02-06 15:36:00.149947|blockSubmit-0x000079c942dcb6c0|[LEDGER]storeTransactionsAndReceipts finished,blockNumber=31,blockTxsSize=1,unStoredTxs=0,timeCost=0
info|2026-02-06 15:36:00.149960|blockSubmit-0x000079c942dcb6c0|[LEDGER][METRIC]asyncPrewriteBlock,number=31,totalTxs=32,failedTxs=8,incTxs=1,incFailedTxs=0
info|2026-02-06 15:36:00.149962|exec-0x000079c94bddd6c0|[STORAGE-RocksDB]asyncPrepare finished,blockNumber=31,put=2,delete=0,startTS=0,encode(ms)=0,time(ms)=0
info|2026-02-06 15:36:00.149967|exec-0x000079c94bddd6c0|[EXECUTOR:1770362656][blk-31]Prepare success
info|2026-02-06 15:36:00.150033|exec-0x000079c94bddd6c0|[STORAGE-RocksDB]asyncCommit finished,blockNumber=31,startTS=0,time(ms)=0,callback time(ms)=0,count=9
info|2026-02-06 15:36:00.150052|exec-0x000079c94b5dc6c0|[TOOL]fetchCompatibilityVersion
info|2026-02-06 15:36:00.150104|exec-0x000079c94b5dc6c0|[TOOL]fetchCompatibilityVersion success,version=3.11.0,versionNumber=51052544,minSupportedVersion=3.0.0-rc4,maxSupportedVersion=3.11.0
info|2026-02-06 15:36:00.150142|exec-0x000079c94b5dc6c0|[TOOL]fetchAuthCheckStatus success,value=0
info|2026-02-06 15:36:00.150159|exec-0x000079c94b5dc6c0|[EXECUTOR:1770362656]merge keyPage to cachedStorage,number=31
info|2026-02-06 15:36:00.150181|exec-0x000079c94b5dc6c0|[STORAGE-KeyPage]parallelTraverse,size=1120
info|2026-02-06 15:36:00.150196|exec-0x000079c94b5dc6c0|[STORAGE]Successful merged records,count=2
info|2026-02-06 15:36:00.150607|exec-0x000079c94b5dc6c0|[SCHEDULER][blk-31][BlockTrace]CommitBlock success,gas limit=3000000000,timeCost=1
info|2026-02-06 15:36:00.150656|exec-0x000079c94b5dc6c0|[SCHEDULER][BlockTrace]Notify block result success,blockNumber=31
info|2026-02-06 15:36:00.150673|exec-0x000079c94b5dc6c0|[CONSENSUS][PBFT][STORAGE][METRIC]commitStableCheckPoint success,index=31,hash=6687a886...,txs=1,timeCost=1,commitPerTx=1
info|2026-02-06 15:36:00.150699|exec-0x000079c94b5dc6c0|[SCHEDULER][blk-31]notify block result success,hash=6687a886...,txsSize=1
info|2026-02-06 15:36:00.150709|blockSubmit-0x000079c942dcb6c0|[CONSENSUS][PBFT][METRIC]resetConfig,committedIndex=31,propHash=6687a886...,blockCountLimit=1000,leaderPeriod=1,consensusNodesSize=4
info|2026-02-06 15:36:00.150809|exec-0x000079c94b5dc6c0|[STORAGE-RocksDB]asyncCommit finished,blockNumber=31,startTS=0,time(ms)=0,callback time(ms)=1,count=0
info|2026-02-06 15:36:00.150789|submitter-0x000079c9535ec6c0|[TXPOOL][METRIC]StatTPS,tps=8,totalTime=121
info|2026-02-06 15:36:00.150815|blockSubmit-0x000079c942dcb6c0|[CONSENSUS][PBFT][METRIC]^^^^^^^^Report,sealer=2,txs=1,committedIndex=31,consNum=32,committedHash=6687a886...,view=3,toView=3,changeCycle=0,expectedCheckPoint=32,Idx=0,unsealedTxs=0,sealUntil=0,waitResealUntil=0,consensusTimeout=3000,nodeId=0d6a7f52...
info|2026-02-06 15:36:00.150831|blockSubmit-0x000079c942dcb6c0|[CONSENSUS][SEALER]asyncNoteLatestBlockNumber,number=31
info|2026-02-06 15:36:00.150839|blockSubmit-0x000079c942dcb6c0|[CONSENSUS][SEALER]asyncNoteLatestBlockHash,_hash=6687a886...
info|2026-02-06 15:36:00.150858|blockSubmit-0x000079c942dcb6c0|[BLOCK SYNC]#### BlockSyncConfig resetConfig,number=31,consNodeSize=4,observerNodeSize=0,type=CONSENSUS_NODE
info|2026-02-06 15:36:00.150922|submitter-0x000079c9535ec6c0|[TXPOOL][METRIC]batchRemove txs success,expectedSize=1,succCount=1,batchId=31,timecost=0,lockT=0,removeT=0,updateLedgerNonceT=0,updateTxPoolNonceT=0
info|2026-02-06 15:36:00.151182|blockSubmit-0x000079c942dcb6c0|[CONSENSUS][PBFT]notify to seal next proposal,nextProposalIndex=32
info|2026-02-06 15:36:00.151202|blockSubmit-0x000079c942dcb6c0|[CONSENSUS][PBFT]resetCache: asyncResetTxsFlag exceptionPrePrepare,prePrepare=false,curView=3,propHash=8d798347...,propIndex=31consensusProposal is null,propHash=8d798347...,propIndex=31
info|2026-02-06 15:36:00.151241|blockSubmit-0x000079c942dcb6c0|[CONSENSUS][PBFT]removeConsensusedCache finalizeConsensus,view=3,number=31,eraseSize=1,cacheSize=0
info|2026-02-06 15:36:00.151278|blockSubmit-0x000079c942dcb6c0|[CONSENSUS][PBFT][STORAGE]asyncRemoveStabledCheckPoint,index=26
info|2026-02-06 15:36:00.151304|blockSubmit-0x000079c942dcb6c0|[CONSENSUS][PBFT][STORAGE]asyncRemove success,dbName=pbftCommitDB,key=26
info|2026-02-06 15:36:06.485270|ioService-0x000079c92effd6c0|[P2PService][Service][METRIC]heartBeat,connected count=3
info|2026-02-06 15:36:06.486059|timerFactory-0x000079c91cfff6c0|[RPC][WS][SERVICE]connected nodes,count=0
info|2026-02-06 15:36:12.192655|pbft-0x000079c9301ff6c0|[CONSENSUS][PBFT]handlePrePrepareMsg,reqHash=f0aa4bd4...,reqIndex=32,reqV=3,fromIdx=3,wait(ms)=0,committedIndex=31,consNum=32,committedHash=6687a886...,view=3,toView=3,changeCycle=0,expectedCheckPoint=32,Idx=0,unsealedTxs=2,sealUntil=0,waitResealUntil=0,consensusTimeout=3000,nodeId=0d6a7f52...,utc=15829910
info|2026-02-06 15:36:12.192736|pbft-0x000079c9301ff6c0|[TXPOOL]begin asyncVerifyBlock,consNum=32,hash=f0aa4bd4...
info|2026-02-06 15:36:12.192842|pbft-0x000079c9301ff6c0|[CONSENSUS][PBFT]addPrepareCache,reqHash=f0aa4bd4...,reqIndex=32,reqV=3,fromIdx=3,wait(ms)=0,committedIndex=31,consNum=32,committedHash=6687a886...,view=3,toView=3,changeCycle=0,expectedCheckPoint=32,Idx=0,unsealedTxs=2,sealUntil=0,waitResealUntil=0,consensusTimeout=3000,nodeId=0d6a7f52...,weight=1
info|2026-02-06 15:36:12.192856|verifier-0x000079c951de96c0|[TXPOOL]batchVerifyProposal,consNum=32,hash=f0aa4bd4...,txsSize=2,lockT=0,verifyT=0,missedTxs=0
info|2026-02-06 15:36:12.192867|verifier-0x000079c951de96c0|[TXPOOL][METRIC]asyncVerifyBlock finished,consNum=32,hash=f0aa4bd4...,code=0,msg=success,result=true,timecost=0
info|2026-02-06 15:36:12.192894|verifier-0x000079c951de96c0|[CONSENSUS][PBFT]handlePrePrepareMsg,reqHash=f0aa4bd4...,reqIndex=32,reqV=3,fromIdx=3,wait(ms)=0,committedIndex=31,consNum=32,committedHash=6687a886...,view=3,toView=3,changeCycle=0,expectedCheckPoint=32,Idx=0,unsealedTxs=2,sealUntil=0,waitResealUntil=0,consensusTimeout=3000,nodeId=0d6a7f52...,utc=15829910
info|2026-02-06 15:36:12.192924|verifier-0x000079c951de96c0|[CONSENSUS][PBFT]addPrePrepareCache,reqHash=f0aa4bd4...,reqIndex=32,reqV=3,fromIdx=3,wait(ms)=0,sys=false,committedIndex=31,consNum=32,committedHash=6687a886...,view=3,toView=3,changeCycle=0,expectedCheckPoint=32,Idx=0,unsealedTxs=2,sealUntil=0,waitResealUntil=0,consensusTimeout=3000,nodeId=0d6a7f52...
info|2026-02-06 15:36:12.192934|validator-0x000079c943dcd6c0|[CONSENSUS][PBFT]asyncResetTxsFlag,index=32,hash=f0aa4bd4...,flag=true
info|2026-02-06 15:36:12.192989|verifier-0x000079c951de96c0|[CONSENSUS][PBFT]notify the committed proposal index to the sync module success,index=32
info|2026-02-06 15:36:12.193023|validator-0x000079c943dcd6c0|[TXPOOL]batchMarkTxs,txsSize=2,batchId=32,hash=f0aa4bd4...,sealFlag=true,notFound=0,reSealed=0,succ=2,time=0,markT=0
info|2026-02-06 15:36:12.193033|validator-0x000079c943dcd6c0|[CONSENSUS][PBFT]asyncMarkTxs success,index=32,hash=f0aa4bd4...,flag=true,markT=0,emptyTxBatchHash=false
info|2026-02-06 15:36:12.193059|verifier-0x000079c951de96c0|[CONSENSUS][PBFT]addPrepareCache,reqHash=f0aa4bd4...,reqIndex=32,reqV=3,fromIdx=0,wait(ms)=0,committedIndex=31,consNum=32,committedHash=6687a886...,view=3,toView=3,changeCycle=0,expectedCheckPoint=32,Idx=0,unsealedTxs=0,sealUntil=0,waitResealUntil=0,consensusTimeout=3000,nodeId=0d6a7f52...,weight=2
info|2026-02-06 15:36:12.193111|verifier-0x000079c951de96c0|[CONSENSUS][PBFT]broadcast prepare packet,packetSize=228,index=32
info|2026-02-06 15:36:12.193193|verifier-0x000079c951de96c0|[CONSENSUS][PBFT]handlePrePrepareMsg and broadcast prepare packet,reqHash=f0aa4bd4...,reqIndex=32,reqV=3,fromIdx=3,wait(ms)=1,committedIndex=31,consNum=32,committedHash=6687a886...,view=3,toView=3,changeCycle=0,expectedCheckPoint=32,Idx=0,unsealedTxs=0,sealUntil=0,waitResealUntil=0,consensusTimeout=3000,nodeId=0d6a7f52...
info|2026-02-06 15:36:12.193278|txsPreStore-0x000079c9505e66c0|[TXPOOL]storeVerifiedBlock fetch block number from LedgerConfig
info|2026-02-06 15:36:12.193393|txsPreStore-0x000079c9505e66c0|[TOOL]LedgerConfigFetcher: fetchBlockNumber success,blockNumber=31
info|2026-02-06 15:36:12.193407|txsPreStore-0x000079c9505e66c0|[TXPOOL]storeVerifiedBlock,consNum=32,hash=f0aa4bd4...,txsSize=2
info|2026-02-06 15:36:12.193428|txsPreStore-0x000079c9505e66c0|[LEDGER]asyncPreStoreBlockTxs: needStoreUnsavedTxs,txsSize=2,unstoredTxs=2,number=32
info|2026-02-06 15:36:12.193552|txsPreStore-0x000079c9505e66c0|[STORAGE-RocksDB]setRows finished,put=2,dataSize=1422,time(ms)=0
info|2026-02-06 15:36:12.193676|txsPreStore-0x000079c9505e66c0|[LEDGER]asyncPreStoreBlockTxs: store uncommitted txs,blockNumber=32,blockTxsSize=2,unStoredTxs=2,msg=success,code=0,timeCost=0
info|2026-02-06 15:36:12.193686|txsPreStore-0x000079c9505e66c0|[TXPOOL]storeVerifiedBlock success,consNum=32,hash=f0aa4bd4...,timecost=0
info|2026-02-06 15:36:12.193838|pbft-0x000079c9301ff6c0|[CONSENSUS][PBFT]addPrepareCache,reqHash=f0aa4bd4...,reqIndex=32,reqV=3,fromIdx=2,wait(ms)=0,committedIndex=31,consNum=32,committedHash=6687a886...,view=3,toView=3,changeCycle=0,expectedCheckPoint=32,Idx=0,unsealedTxs=0,sealUntil=0,waitResealUntil=0,consensusTimeout=3000,nodeId=0d6a7f52...,weight=3
info|2026-02-06 15:36:12.193877|pbft-0x000079c9301ff6c0|[CONSENSUS][PBFT]setSignatureList,signatureSize=3,propHash=f0aa4bd4...,propIndex=32
info|2026-02-06 15:36:12.193887|pbft-0x000079c9301ff6c0|[CONSENSUS][PBFT]intoPrecommit,reqHash=f0aa4bd4...,reqIndex=32,reqV=3,fromIdx=0,wait(ms)=1,committedIndex=31,consNum=32,committedHash=6687a886...,view=3,toView=3,changeCycle=0,expectedCheckPoint=32,Idx=0,unsealedTxs=0,sealUntil=0,waitResealUntil=0,consensusTimeout=3000,nodeId=0d6a7f52...
info|2026-02-06 15:36:12.193925|pbft-0x000079c9301ff6c0|[CONSENSUS][PBFT]addCommitCache,reqHash=f0aa4bd4...,reqIndex=32,reqV=3,fromIdx=0,wait(ms)=0,committedIndex=31,consNum=32,committedHash=6687a886...,view=3,toView=3,changeCycle=0,expectedCheckPoint=32,Idx=0,unsealedTxs=0,sealUntil=0,waitResealUntil=0,consensusTimeout=3000,nodeId=0d6a7f52...,weight=1
info|2026-02-06 15:36:12.193931|pbft-0x000079c9301ff6c0|[CONSENSUS][PBFT]checkAndPreCommit: broadcast commitMsg,Idx=0,hash=f0aa4bd4...,index=32
info|2026-02-06 15:36:12.194344|pbft-0x000079c9301ff6c0|[CONSENSUS][PBFT]addCommitCache,reqHash=f0aa4bd4...,reqIndex=32,reqV=3,fromIdx=2,wait(ms)=0,committedIndex=31,consNum=32,committedHash=6687a886...,view=3,toView=3,changeCycle=0,expectedCheckPoint=32,Idx=0,unsealedTxs=0,sealUntil=0,waitResealUntil=0,consensusTimeout=3000,nodeId=0d6a7f52...,weight=2
info|2026-02-06 15:36:12.194587|pbft-0x000079c9301ff6c0|[CONSENSUS][PBFT]addPrepareCache,reqHash=f0aa4bd4...,reqIndex=32,reqV=3,fromIdx=1,wait(ms)=0,committedIndex=31,consNum=32,committedHash=6687a886...,view=3,toView=3,changeCycle=0,expectedCheckPoint=32,Idx=0,unsealedTxs=0,sealUntil=0,waitResealUntil=0,consensusTimeout=3000,nodeId=0d6a7f52...,weight=4
info|2026-02-06 15:36:12.194640|pbft-0x000079c9301ff6c0|[CONSENSUS][PBFT]addCommitCache,reqHash=f0aa4bd4...,reqIndex=32,reqV=3,fromIdx=3,wait(ms)=0,committedIndex=31,consNum=32,committedHash=6687a886...,view=3,toView=3,changeCycle=0,expectedCheckPoint=32,Idx=0,unsealedTxs=0,sealUntil=0,waitResealUntil=0,consensusTimeout=3000,nodeId=0d6a7f52...,weight=3
info|2026-02-06 15:36:12.194648|pbft-0x000079c9301ff6c0|[CONSENSUS][PBFT]checkAndCommit,propHash=f0aa4bd4...,propIndex=32,committedIndex=31,consNum=32,committedHash=6687a886...,view=3,toView=3,changeCycle=0,expectedCheckPoint=32,Idx=0,unsealedTxs=0,sealUntil=0,waitResealUntil=0,consensusTimeout=3000,nodeId=0d6a7f52...
info|2026-02-06 15:36:12.194653|pbft-0x000079c9301ff6c0|[CONSENSUS][PBFT]######## CommitProposal,propHash=f0aa4bd4...,propIndex=32,sys=false,committedIndex=31,consNum=32,committedHash=6687a886...,view=3,toView=3,changeCycle=0,expectedCheckPoint=32,Idx=0,unsealedTxs=0,sealUntil=0,waitResealUntil=0,consensusTimeout=3000,nodeId=0d6a7f52...
info|2026-02-06 15:36:12.194662|pbft-0x000079c9301ff6c0|[CONSENSUS][SEALER]resetSealingInfo,start=33,end=33,sealingNumber=33,waitUntil=0,unsealedTxs=0
info|2026-02-06 15:36:12.194666|pbft-0x000079c9301ff6c0|[CONSENSUS][PBFT]asyncNotifySealProposal success,startIndex=33,endIndex=33,maxTxsToSeal=1000
info|2026-02-06 15:36:12.194671|pbft-0x000079c9301ff6c0|[CONSENSUS][SEALER]asyncNotifySealProposal,startIndex=33,endIndex=33,maxTxsPerBlock=1000
info|2026-02-06 15:36:12.194673|pbft-0x000079c9301ff6c0|[CONSENSUS][PBFT]notifySealer: notify the new leader to seal block,lockNotifyT=0,idx=0,startIndex=33,endIndex=33,notifyBeginIndex=33,waitSealUntil=0,waitResealUntil=0,maxTxsToSeal=1000,committedIndex=31,consNum=32,committedHash=6687a886...,view=3,toView=3,changeCycle=0,expectedCheckPoint=32,Idx=0,unsealedTxs=0,sealUntil=0,waitResealUntil=0,consensusTimeout=3000,nodeId=0d6a7f52...
info|2026-02-06 15:36:12.194679|pbft-0x000079c9301ff6c0|[CONSENSUS][PBFT]notify to seal next proposal,nextProposalIndex=33
info|2026-02-06 15:36:12.194703|pbft-0x000079c9301ff6c0|[CONSENSUS][PBFT]notifySealer return for invalid seal range,lockNotifyT=0,currentEndIndex=33,expectedEndIndex=33,committedIndex=31,consNum=32,committedHash=6687a886...,view=3,toView=3,changeCycle=0,expectedCheckPoint=32,Idx=0,unsealedTxs=0,sealUntil=0,waitResealUntil=0,consensusTimeout=3000,nodeId=0d6a7f52...
info|2026-02-06 15:36:12.194708|pbft-0x000079c9301ff6c0|[CONSENSUS][PBFT]notify to seal next proposal,nextProposalIndex=33
info|2026-02-06 15:36:12.194711|pbft-0x000079c9301ff6c0|[CONSENSUS][PBFT]applyStateMachine,index=32,hash=f0aa4bd4...,committedIndex=31,consNum=32,committedHash=6687a886...,view=3,toView=3,changeCycle=0,expectedCheckPoint=32,Idx=0,unsealedTxs=0,sealUntil=0,waitResealUntil=0,consensusTimeout=3000,nodeId=0d6a7f52...,unAppliedProposals=0
info|2026-02-06 15:36:12.194841|exeScheduler-0x000079c8fa8de6c0|[SCHEDULER][METRIC][blk-32]ExecuteBlock request,gasLimit=3000000000,gasPrice=0x0,verify=false,signatureSize=0,txCount=0,metaTxCount=2,version=3.11.0,waitT=0
info|2026-02-06 15:36:12.194930|exeScheduler-0x000079c8fa8de6c0|[SCHEDULER][blk-32][BlockTrace]ExecuteBlock start,time(ms)=0
info|2026-02-06 15:36:12.194940|exeScheduler-0x000079c8fa8de6c0|[SCHEDULER][serialExecute][blk-32][BlockTrace]serialExecute execute block
info|2026-02-06 15:36:12.195095|preExeScheduler-0x000079c8fb0df6c0|[SCHEDULER][METRIC][BlockTrace][blk-32]preExeBlock success,blockHeader.timestamp=1770363372191,metaTxCount=2,timeCost=1
info|2026-02-06 15:36:12.195332|exeScheduler-0x000079c8fa8de6c0|[SCHEDULER][serialExecute][blk-32][BlockTrace]serialExecute batch next block
info|2026-02-06 15:36:12.195355|exeScheduler-0x000079c8fa8de6c0|[SCHEDULER][blk-32][BlockTrace]NextBlock request,executorNum=1
info|2026-02-06 15:36:12.196008|exec-0x000079c9495d86c0|[SCHEDULER][blk-32][BlockTrace]NextBlock success,executorNum=1,timeCost=1
info|2026-02-06 15:36:12.196024|exec-0x000079c9495d86c0|[SCHEDULER][serialExecute][blk-32][BlockTrace]serialExecute block begin
info|2026-02-06 15:36:12.196897|Unnamed-0x000079c8f70d76c0|[EXECUTOR]EVM_REVERT,to=610857669da60d63f4c9e30713bb86a49251fe2a,gasLeft=3000000000
info|2026-02-06 15:36:12.196929|Unnamed-0x000079c8f70d76c0|[EXECUTOR][blk-32]Revert transaction,contextID=0,seq=1
info|2026-02-06 15:36:12.196933|Unnamed-0x000079c8f70d76c0|[EXECUTOR][blk-32]Revert transaction,contextID=0,seq=1
info|2026-02-06 15:36:12.196981|Unnamed-0x000079c8f70d76c0|[EXECUTOR]EVM_REVERT,to=600e41f494cbeed1936d5e0a293aee0ab1746c7b,gasLeft=3000000000
info|2026-02-06 15:36:12.196984|Unnamed-0x000079c8f70d76c0|[EXECUTOR][blk-32]Revert transaction,contextID=1,seq=0
info|2026-02-06 15:36:12.197257|exec-0x000079c948dd76c0|[STORAGE-KeyPage]hash,size=27,blockVersion=51052544,readLength=12055,writeLength=0,pageCount=0,entrycount=0,entriesHash=0000000000000000000000000000000000000000000000000000000000000000,pagesHash=0000000000000000000000000000000000000000000000000000000000000000,totalHash=0000000000000000000000000000000000000000000000000000000000000000
info|2026-02-06 15:36:12.197294|exec-0x000079c948dd76c0|[EXECUTOR:1770362656][blk-32]GetTableHashes success,hash=0000000000000000000000000000000000000000000000000000000000000000,time(ms)=0
info|2026-02-06 15:36:12.197349|exec-0x000079c948dd76c0|[SCHEDULER][blk-32][BlockTrace]ExecuteBlock success,hash=1e4d10cd...,stateRoot=0000000000000000000000000000000000000000000000000000000000000000,receiptRoot=43a5ad31f63d38e6979d27c7ce6f03df9684ba0b39fa24a5354ec69ce3e4b0d8,txsRoot=b6d69296...,gasUsed=30081,signatureSize=0,timeCost=3,blockVersion=51052544
info|2026-02-06 15:36:12.197366|exec-0x000079c948dd76c0|[CONSENSUS][Core][METRIC]asyncExecuteBlock success,sysBlock=false,number=32,result=1e4d10cd...,txsSize=2,txsRoot=b6d69296...,receiptsRoot=43a5ad31...,stateRoot=00000000...,timeCost=3,execPerTx=1.5
info|2026-02-06 15:36:12.197398|exec-0x000079c948dd76c0|[CONSENSUS][PBFT]applyStateMachine finished,index=32,beforeExec=f0aa4bd4...,afterExec=1e4d10cd...,committedIndex=31,consNum=32,committedHash=6687a886...,view=3,toView=3,changeCycle=0,expectedCheckPoint=32,Idx=0,unsealedTxs=0,sealUntil=0,waitResealUntil=0,consensusTimeout=3000,nodeId=0d6a7f52...,timecost=3
info|2026-02-06 15:36:12.197446|pbftWorker-0x000079c9405c66c0|[CONSENSUS][PBFT][STORAGE]asyncCommitProposal: write the committed proposal into db,index=32
info|2026-02-06 15:36:12.197534|pbftWorker-0x000079c9405c66c0|[CONSENSUS][PBFT][STORAGE]asyncPutProposal: commit success,dbName=pbftCommitDB,key=max_committed_proposal,number=32,timecost=0,dataSize=2
info|2026-02-06 15:36:12.197580|pbftWorker-0x000079c9405c66c0|[CONSENSUS][PBFT][STORAGE]asyncPutProposal: commit success,dbName=pbftCommitDB,key=32,number=32,timecost=0,dataSize=761
info|2026-02-06 15:36:12.197764|pbftWorker-0x000079c9405c66c0|[CONSENSUS][PBFT]addCheckPointMsg,reqHash=1e4d10cd...,reqIndex=32,reqV=3,fromIdx=0,wait(ms)=0,Idx=0,weight=1,minRequiredWeight=3
info|2026-02-06 15:36:12.197786|pbftWorker-0x000079c9405c66c0|[CONSENSUS][PBFT]setCheckPointProposal,propHash=1e4d10cd...,propIndex=32,committedIndex=31,consNum=32,committedHash=6687a886...,view=3,toView=3,changeCycle=0,expectedCheckPoint=32,Idx=0,unsealedTxs=0,sealUntil=0,waitResealUntil=0,consensusTimeout=3000,nodeId=0d6a7f52...
info|2026-02-06 15:36:12.197795|pbftWorker-0x000079c9405c66c0|[CONSENSUS][PBFT]PBFTConfig: setExpectedCheckPoint,committedIndex=31,consNum=32,committedHash=6687a886...,view=3,toView=3,changeCycle=0,expectedCheckPoint=33,Idx=0,unsealedTxs=0,sealUntil=0,waitResealUntil=0,consensusTimeout=3000,nodeId=0d6a7f52...,expectedCheckPoint=33
info|2026-02-06 15:36:12.197801|pbftWorker-0x000079c9405c66c0|[CONSENSUS][PBFT]notifySealer return for invalid seal range,lockNotifyT=0,currentEndIndex=33,expectedEndIndex=33,committedIndex=31,consNum=32,committedHash=6687a886...,view=3,toView=3,changeCycle=0,expectedCheckPoint=33,Idx=0,unsealedTxs=0,sealUntil=0,waitResealUntil=0,consensusTimeout=3000,nodeId=0d6a7f52...
info|2026-02-06 15:36:12.197805|pbftWorker-0x000079c9405c66c0|[CONSENSUS][PBFT]notify to seal next proposal,nextProposalIndex=33
info|2026-02-06 15:36:12.197808|pbftWorker-0x000079c9405c66c0|[CONSENSUS][PBFT]onProposalApplySuccess,index=32,hash=1e4d10cd...,lockT=0,timecost=0
info|2026-02-06 15:36:12.198690|pbft-0x000079c9301ff6c0|[CONSENSUS][PBFT]handleCheckPointMsg: try to add the checkpoint message into the cache,reqHash=1e4d10cd...,reqIndex=32,reqV=3,fromIdx=2,wait(ms)=0,committedIndex=31,consNum=32,committedHash=6687a886...,view=3,toView=3,changeCycle=0,expectedCheckPoint=33,Idx=0,unsealedTxs=0,sealUntil=0,waitResealUntil=0,consensusTimeout=3000,nodeId=0d6a7f52...
info|2026-02-06 15:36:12.198734|pbft-0x000079c9301ff6c0|[CONSENSUS][PBFT]addCheckPointMsg,reqHash=1e4d10cd...,reqIndex=32,reqV=3,fromIdx=2,wait(ms)=0,Idx=0,weight=2,minRequiredWeight=3
info|2026-02-06 15:36:12.198761|pbft-0x000079c9301ff6c0|[CONSENSUS][PBFT]notifySealer return for invalid seal range,lockNotifyT=0,currentEndIndex=33,expectedEndIndex=33,committedIndex=31,consNum=32,committedHash=6687a886...,view=3,toView=3,changeCycle=0,expectedCheckPoint=33,Idx=0,unsealedTxs=0,sealUntil=0,waitResealUntil=0,consensusTimeout=3000,nodeId=0d6a7f52...
info|2026-02-06 15:36:12.198777|pbft-0x000079c9301ff6c0|[CONSENSUS][PBFT]notify to seal next proposal,nextProposalIndex=33
info|2026-02-06 15:36:12.199570|pbft-0x000079c9301ff6c0|[CONSENSUS][PBFT]handleCheckPointMsg: try to add the checkpoint message into the cache,reqHash=1e4d10cd...,reqIndex=32,reqV=3,fromIdx=1,wait(ms)=0,committedIndex=31,consNum=32,committedHash=6687a886...,view=3,toView=3,changeCycle=0,expectedCheckPoint=33,Idx=0,unsealedTxs=0,sealUntil=0,waitResealUntil=0,consensusTimeout=3000,nodeId=0d6a7f52...
info|2026-02-06 15:36:12.199634|pbft-0x000079c9301ff6c0|[CONSENSUS][PBFT]addCheckPointMsg,reqHash=1e4d10cd...,reqIndex=32,reqV=3,fromIdx=1,wait(ms)=0,Idx=0,weight=3,minRequiredWeight=3
info|2026-02-06 15:36:12.199656|pbft-0x000079c9301ff6c0|[CONSENSUS][PBFT]notifySealer return for invalid seal range,lockNotifyT=0,currentEndIndex=33,expectedEndIndex=33,committedIndex=31,consNum=32,committedHash=6687a886...,view=3,toView=3,changeCycle=0,expectedCheckPoint=33,Idx=0,unsealedTxs=0,sealUntil=0,waitResealUntil=0,consensusTimeout=3000,nodeId=0d6a7f52...
info|2026-02-06 15:36:12.199669|pbft-0x000079c9301ff6c0|[CONSENSUS][PBFT]notify to seal next proposal,nextProposalIndex=33
info|2026-02-06 15:36:12.199677|pbft-0x000079c9301ff6c0|[CONSENSUS][PBFT]setSignatureList,signatureSize=3,propHash=1e4d10cd...,propIndex=32
info|2026-02-06 15:36:12.199685|pbft-0x000079c9301ff6c0|[CONSENSUS][PBFT]checkAndCommitStableCheckPoint,index=32,hash=1e4d10cd...,committedIndex=31,consNum=32,committedHash=6687a886...,view=3,toView=3,changeCycle=0,expectedCheckPoint=33,Idx=0,unsealedTxs=0,sealUntil=0,waitResealUntil=0,consensusTimeout=3000,nodeId=0d6a7f52...
info|2026-02-06 15:36:12.199696|pbft-0x000079c9301ff6c0|[CONSENSUS][PBFT]updateStableCheckPointQueue: insert new checkpoint proposal,index=32,hash=1e4d10cd...,committedIndex=31,consNum=32,committedHash=6687a886...,view=3,toView=3,changeCycle=0,expectedCheckPoint=33,Idx=0,unsealedTxs=0,sealUntil=0,waitResealUntil=0,consensusTimeout=3000,nodeId=0d6a7f52...
info|2026-02-06 15:36:12.199706|pbft-0x000079c9301ff6c0|[CONSENSUS][PBFT]updateStableCheckPointQueue: commit stable checkpoint,index=32,committedIndex=31
info|2026-02-06 15:36:12.199732|pbft-0x000079c9301ff6c0|[CONSENSUS][PBFT]asyncCommitStableCheckPoint: set signatureList,index=32,hash=1e4d10cd...,proofSize=3,blockProofSize=3
info|2026-02-06 15:36:12.199973|blockSubmit-0x000079c942dcb6c0|[SCHEDULER][blk-32][BlockTrace]CommitBlock start
info|2026-02-06 15:36:12.200449|blockSubmit-0x000079c942dcb6c0|[STORAGE-RocksDB]asyncPrepare,number=32
info|2026-02-06 15:36:12.200494|blockSubmit-0x000079c942dcb6c0|[STORAGE-RocksDB]asyncPrepare finished,blockNumber=32,put=8,delete=0,startTS=0,encode(ms)=0,time(ms)=0
info|2026-02-06 15:36:12.200525|blockSubmit-0x000079c942dcb6c0|[LEDGER]storeTransactionsAndReceipts,blockNumber=32
info|2026-02-06 15:36:12.200942|exec-0x000079c947dd56c0|[STORAGE-RocksDB]asyncPrepare,number=32
info|2026-02-06 15:36:12.200975|pbft-0x000079c9301ff6c0|[CONSENSUS][PBFT]handleCheckPointMsg: try to add the checkpoint message into the cache,reqHash=1e4d10cd...,reqIndex=32,reqV=3,fromIdx=3,wait(ms)=0,committedIndex=31,consNum=32,committedHash=6687a886...,view=3,toView=3,changeCycle=0,expectedCheckPoint=33,Idx=0,unsealedTxs=0,sealUntil=0,waitResealUntil=0,consensusTimeout=3000,nodeId=0d6a7f52...
info|2026-02-06 15:36:12.201018|pbft-0x000079c9301ff6c0|[CONSENSUS][PBFT]addCheckPointMsg,reqHash=1e4d10cd...,reqIndex=32,reqV=3,fromIdx=3,wait(ms)=1,Idx=0,weight=4,minRequiredWeight=3
info|2026-02-06 15:36:12.201036|pbft-0x000079c9301ff6c0|[CONSENSUS][PBFT]notifySealer return for invalid seal range,lockNotifyT=0,currentEndIndex=33,expectedEndIndex=33,committedIndex=31,consNum=32,committedHash=6687a886...,view=3,toView=3,changeCycle=0,expectedCheckPoint=33,Idx=0,unsealedTxs=0,sealUntil=0,waitResealUntil=0,consensusTimeout=3000,nodeId=0d6a7f52...
info|2026-02-06 15:36:12.201047|pbft-0x000079c9301ff6c0|[CONSENSUS][PBFT]notify to seal next proposal,nextProposalIndex=33
info|2026-02-06 15:36:12.201276|ledgerWrite-0x000079c9565f26c0|[STORAGE-RocksDB]setRows finished,put=2,dataSize=406,time(ms)=0
info|2026-02-06 15:36:12.201327|exec-0x000079c947dd56c0|[STORAGE-KeyPage]parallelTraverse,size=0
info|2026-02-06 15:36:12.201335|exec-0x000079c947dd56c0|[STORAGE-RocksDB]asyncPrepare finished,blockNumber=32,put=0,delete=0,startTS=0,encode(ms)=0,time(ms)=0
info|2026-02-06 15:36:12.201350|exec-0x000079c947dd56c0|[EXECUTOR:1770362656][blk-32]Prepare success
info|2026-02-06 15:36:12.201416|blockSubmit-0x000079c942dcb6c0|[LEDGER]storeTransactionsAndReceipts finished,blockNumber=32,blockTxsSize=2,unStoredTxs=0,timeCost=1
info|2026-02-06 15:36:12.201464|blockSubmit-0x000079c942dcb6c0|[STORAGE-RocksDB]asyncCommit finished,blockNumber=32,startTS=0,time(ms)=0,callback time(ms)=0,count=8
info|2026-02-06 15:36:12.201485|blockSubmit-0x000079c942dcb6c0|[LEDGER][METRIC]asyncPrewriteBlock,number=32,totalTxs=34,failedTxs=10,incTxs=2,incFailedTxs=2
info|2026-02-06 15:36:12.201552|exec-0x000079c9485d66c0|[TOOL]fetchCompatibilityVersion
info|2026-02-06 15:36:12.201637|exec-0x000079c9485d66c0|[TOOL]fetchCompatibilityVersion success,version=3.11.0,versionNumber=51052544,minSupportedVersion=3.0.0-rc4,maxSupportedVersion=3.11.0
info|2026-02-06 15:36:12.201676|exec-0x000079c9485d66c0|[TOOL]fetchAuthCheckStatus success,value=0
info|2026-02-06 15:36:12.201680|exec-0x000079c9485d66c0|[EXECUTOR:1770362656]merge keyPage to cachedStorage,number=32
info|2026-02-06 15:36:12.201700|exec-0x000079c9485d66c0|[STORAGE-KeyPage]parallelTraverse,size=0
info|2026-02-06 15:36:12.201704|exec-0x000079c9485d66c0|[STORAGE]Successful merged records,count=0
info|2026-02-06 15:36:12.203624|exec-0x000079c9485d66c0|[SCHEDULER][blk-32][BlockTrace]CommitBlock success,gas limit=3000000000,timeCost=4
info|2026-02-06 15:36:12.204606|exec-0x000079c9485d66c0|[SCHEDULER][BlockTrace]Notify block result success,blockNumber=32
info|2026-02-06 15:36:12.204650|exec-0x000079c9485d66c0|[CONSENSUS][PBFT][STORAGE][METRIC]commitStableCheckPoint success,index=32,hash=1e4d10cd...,txs=2,timeCost=5,commitPerTx=2.5
info|2026-02-06 15:36:12.204693|exec-0x000079c9485d66c0|[SCHEDULER][blk-32]notify block result success,hash=1e4d10cd...,txsSize=2
info|2026-02-06 15:36:12.204707|blockSubmit-0x000079c942dcb6c0|[CONSENSUS][PBFT][METRIC]resetConfig,committedIndex=32,propHash=1e4d10cd...,blockCountLimit=1000,leaderPeriod=1,consensusNodesSize=4
info|2026-02-06 15:36:12.204753|submitter-0x000079c952deb6c0|[TXPOOL][METRIC]StatTPS,tps=142,totalTime=14
info|2026-02-06 15:36:12.204768|blockSubmit-0x000079c942dcb6c0|[CONSENSUS][PBFT][METRIC]^^^^^^^^Report,sealer=3,txs=2,committedIndex=32,consNum=33,committedHash=1e4d10cd...,view=3,toView=3,changeCycle=0,expectedCheckPoint=33,Idx=0,unsealedTxs=0,sealUntil=0,waitResealUntil=0,consensusTimeout=3000,nodeId=0d6a7f52...
info|2026-02-06 15:36:12.204781|blockSubmit-0x000079c942dcb6c0|[CONSENSUS][SEALER]asyncNoteLatestBlockNumber,number=32
info|2026-02-06 15:36:12.204783|blockSubmit-0x000079c942dcb6c0|[CONSENSUS][SEALER]asyncNoteLatestBlockHash,_hash=1e4d10cd...
info|2026-02-06 15:36:12.204796|blockSubmit-0x000079c942dcb6c0|[BLOCK SYNC]#### BlockSyncConfig resetConfig,number=32,consNodeSize=4,observerNodeSize=0,type=CONSENSUS_NODE
info|2026-02-06 15:36:12.204894|exec-0x000079c9485d66c0|[STORAGE-RocksDB]asyncCommit finished,blockNumber=32,startTS=0,time(ms)=0,callback time(ms)=3,count=0
info|2026-02-06 15:36:12.205014|submitter-0x000079c952deb6c0|[TXPOOL][METRIC]batchRemove txs success,expectedSize=2,succCount=2,batchId=32,timecost=1,lockT=0,removeT=0,updateLedgerNonceT=0,updateTxPoolNonceT=0
info|2026-02-06 15:36:12.205520|blockSubmit-0x000079c942dcb6c0|[CONSENSUS][PBFT]notifySealer return for invalid seal range,lockNotifyT=0,currentEndIndex=33,expectedEndIndex=33,committedIndex=32,consNum=33,committedHash=1e4d10cd...,view=3,toView=3,changeCycle=0,expectedCheckPoint=33,Idx=0,unsealedTxs=0,sealUntil=0,waitResealUntil=0,consensusTimeout=3000,nodeId=0d6a7f52...
info|2026-02-06 15:36:12.205568|blockSubmit-0x000079c942dcb6c0|[CONSENSUS][PBFT]notifySealer return for invalid seal range,lockNotifyT=0,currentEndIndex=33,expectedEndIndex=33,committedIndex=32,consNum=33,committedHash=1e4d10cd...,view=3,toView=3,changeCycle=0,expectedCheckPoint=33,Idx=0,unsealedTxs=0,sealUntil=0,waitResealUntil=0,consensusTimeout=3000,nodeId=0d6a7f52...
info|2026-02-06 15:36:12.205580|blockSubmit-0x000079c942dcb6c0|[CONSENSUS][PBFT]notify to seal next proposal,nextProposalIndex=33
info|2026-02-06 15:36:12.205646|blockSubmit-0x000079c942dcb6c0|[CONSENSUS][PBFT]removeConsensusedCache finalizeConsensus,view=3,number=32,eraseSize=1,cacheSize=0
info|2026-02-06 15:36:12.205669|blockSubmit-0x000079c942dcb6c0|[CONSENSUS][PBFT][STORAGE]asyncRemoveStabledCheckPoint,index=27
info|2026-02-06 15:36:12.205730|blockSubmit-0x000079c942dcb6c0|[CONSENSUS][PBFT][STORAGE]asyncRemove success,dbName=pbftCommitDB,key=27
info|2026-02-06 15:36:14.206084|pullTxsTimer-0x000079c941dc96c0|[CONSENSUS][PBFT]tryToSyncTxs: try to request unsealing txs from peer,committedIndex=32,consNum=33,committedHash=1e4d10cd...,view=3,toView=3,changeCycle=0,expectedCheckPoint=33,Idx=0,unsealedTxs=0,sealUntil=0,waitResealUntil=0,consensusTimeout=3000,nodeId=0d6a7f52...
info|2026-02-06 15:36:16.477981|objMonitor-0x000079c9103ff6c0|[startMonitor][AliveObjectMonitor],AliveObjectAllocStat=[ type: bcos::gateway::Socket ,created: 13 ,destroyed: 9 ,alive: 4 ] 
info|2026-02-06 15:36:16.485726|ioService-0x000079c92effd6c0|[P2PService][Service][METRIC]heartBeat,connected count=3
info|2026-02-06 15:36:16.486127|timerFactory-0x000079c91cfff6c0|[RPC][WS][SERVICE]connected nodes,count=0
info|2026-02-06 15:36:26.485955|ioService-0x000079c92effd6c0|[P2PService][Service][METRIC]heartBeat,connected count=3
info|2026-02-06 15:36:26.486350|timerFactory-0x000079c91cfff6c0|[RPC][WS][SERVICE]connected nodes,count=0
info|2026-02-06 15:36:36.486116|ioService-0x000079c92effd6c0|[P2PService][Service][METRIC]heartBeat,connected count=3
info|2026-02-06 15:36:36.486456|timerFactory-0x000079c91cfff6c0|[RPC][WS][SERVICE]connected nodes,count=0
info|2026-02-06 15:36:46.486452|ioService-0x000079c92effd6c0|[P2PService][Service][METRIC]heartBeat,connected count=3
info|2026-02-06 15:36:46.486533|timerFactory-0x000079c91cfff6c0|[RPC][WS][SERVICE]connected nodes,count=0
info|2026-02-06 15:36:56.486696|timerFactory-0x000079c91cfff6c0|[RPC][WS][SERVICE]connected nodes,count=0
info|2026-02-06 15:36:56.486775|ioService-0x000079c92effd6c0|[P2PService][Service][METRIC]heartBeat,connected count=3
info|2026-02-06 15:37:06.486803|timerFactory-0x000079c91cfff6c0|[RPC][WS][SERVICE]connected nodes,count=0
info|2026-02-06 15:37:06.486976|ioService-0x000079c92effd6c0|[P2PService][Service][METRIC]heartBeat,connected count=3
info|2026-02-06 15:37:16.478160|objMonitor-0x000079c9103ff6c0|[startMonitor][AliveObjectMonitor],AliveObjectAllocStat=[ type: bcos::gateway::Socket ,created: 13 ,destroyed: 9 ,alive: 4 ] 
info|2026-02-06 15:37:16.486876|timerFactory-0x000079c91cfff6c0|[RPC][WS][SERVICE]connected nodes,count=0
info|2026-02-06 15:37:16.487102|ioService-0x000079c92effd6c0|[P2PService][Service][METRIC]heartBeat,connected count=3
info|2026-02-06 15:37:26.487079|timerFactory-0x000079c91cfff6c0|[RPC][WS][SERVICE]connected nodes,count=0
info|2026-02-06 15:37:26.487541|ioService-0x000079c92effd6c0|[P2PService][Service][METRIC]heartBeat,connected count=3
info|2026-02-06 15:37:36.487358|timerFactory-0x000079c91cfff6c0|[RPC][WS][SERVICE]connected nodes,count=0
info|2026-02-06 15:37:36.488090|ioService-0x000079c92effd6c0|[P2PService][Service][METRIC]heartBeat,connected count=3
info|2026-02-06 15:37:46.487633|timerFactory-0x000079c91cfff6c0|[RPC][WS][SERVICE]connected nodes,count=0
info|2026-02-06 15:37:46.488604|ioService-0x000079c92effd6c0|[P2PService][Service][METRIC]heartBeat,connected count=3
info|2026-02-06 15:37:56.487817|timerFactory-0x000079c91cfff6c0|[RPC][WS][SERVICE]connected nodes,count=0
info|2026-02-06 15:37:56.488823|ioService-0x000079c92effd6c0|[P2PService][Service][METRIC]heartBeat,connected count=3
info|2026-02-06 15:38:06.487985|timerFactory-0x000079c91cfff6c0|[RPC][WS][SERVICE]connected nodes,count=0
info|2026-02-06 15:38:06.489045|ioService-0x000079c92effd6c0|[P2PService][Service][METRIC]heartBeat,connected count=3
info|2026-02-06 15:38:16.478637|objMonitor-0x000079c9103ff6c0|[startMonitor][AliveObjectMonitor],AliveObjectAllocStat=[ type: bcos::gateway::Socket ,created: 13 ,destroyed: 9 ,alive: 4 ] 
info|2026-02-06 15:38:16.488121|timerFactory-0x000079c91cfff6c0|[RPC][WS][SERVICE]connected nodes,count=0
info|2026-02-06 15:38:16.489200|ioService-0x000079c92effd6c0|[P2PService][Service][METRIC]heartBeat,connected count=3
info|2026-02-06 15:38:24.088150|txsSeal-0x000079c950de76c0|[TXPOOL]begin batchFetchTxs,pendingTxs=2,limit=1000
info|2026-02-06 15:38:24.088289|txsSeal-0x000079c950de76c0|[TXPOOL][METRIC]batchFetchTxs success,time=0,txsSize=2,sysTxsSize=0,pendingTxs=2,limit=1000,fetchTxsT=0,lockT=0,invalidBefore=0,invalidNow=0,sealed=0,traverseCount=2
info|2026-02-06 15:38:24.089368|Sealer-0x000079c9315ff6c0|[CONSENSUS][SEALER]++++++++++++++++ Generate proposal,index=33,curNum=32,hash=ae6f580f...,sysTxs=false,txsSize=2,version=51052544
info|2026-02-06 15:38:24.089427|Sealer-0x000079c9315ff6c0|[CONSENSUS][PBFT]asyncSubmitProposal,index=33,hash=ae6f580f...,committedIndex=32,consNum=33,committedHash=1e4d10cd...,view=3,toView=3,changeCycle=0,expectedCheckPoint=33,Idx=0,unsealedTxs=0,sealUntil=0,waitResealUntil=0,consensusTimeout=3000,nodeId=0d6a7f52...
info|2026-02-06 15:38:24.089460|Sealer-0x000079c9315ff6c0|[CONSENSUS][PBFT]++++++++++++++++ Generating seal on,index=33,Idx=0,hash=ae6f580f...,sysProposal=false
info|2026-02-06 15:38:24.089667|Sealer-0x000079c9315ff6c0|[CONSENSUS][PBFT]broadcast pre-prepare packet,packetSize=671,index=33,encode(ms)=0,asyncSend(ms)=0
info|2026-02-06 15:38:24.089689|Sealer-0x000079c9315ff6c0|[CONSENSUS][PBFT]handlePrePrepareMsg,reqHash=ae6f580f...,reqIndex=33,reqV=3,fromIdx=0,wait(ms)=0,committedIndex=32,consNum=33,committedHash=1e4d10cd...,view=3,toView=3,changeCycle=0,expectedCheckPoint=33,Idx=0,unsealedTxs=0,sealUntil=0,waitResealUntil=0,consensusTimeout=3000,nodeId=0d6a7f52...,utc=15961807
info|2026-02-06 15:38:24.089768|Sealer-0x000079c9315ff6c0|[CONSENSUS][PBFT]addPrePrepareCache,reqHash=ae6f580f...,reqIndex=33,reqV=3,fromIdx=0,wait(ms)=0,sys=false,committedIndex=32,consNum=33,committedHash=1e4d10cd...,view=3,toView=3,changeCycle=0,expectedCheckPoint=33,Idx=0,unsealedTxs=0,sealUntil=0,waitResealUntil=0,consensusTimeout=3000,nodeId=0d6a7f52...
info|2026-02-06 15:38:24.089794|Sealer-0x000079c9315ff6c0|[CONSENSUS][PBFT]notify the committed proposal index to the sync module success,index=33
info|2026-02-06 15:38:24.089882|validator-0x000079c9445ce6c0|[CONSENSUS][PBFT]asyncResetTxsFlag,index=33,hash=ae6f580f...,flag=true
info|2026-02-06 15:38:24.090075|validator-0x000079c9445ce6c0|[TXPOOL]batchMarkTxs,txsSize=2,batchId=33,hash=ae6f580f...,sealFlag=true,notFound=0,reSealed=0,succ=2,time=0,markT=0
info|2026-02-06 15:38:24.090033|Sealer-0x000079c9315ff6c0|[CONSENSUS][PBFT]addPrepareCache,reqHash=ae6f580f...,reqIndex=33,reqV=3,fromIdx=0,wait(ms)=1,committedIndex=32,consNum=33,committedHash=1e4d10cd...,view=3,toView=3,changeCycle=0,expectedCheckPoint=33,Idx=0,unsealedTxs=0,sealUntil=0,waitResealUntil=0,consensusTimeout=3000,nodeId=0d6a7f52...,weight=1
info|2026-02-06 15:38:24.090112|validator-0x000079c9445ce6c0|[CONSENSUS][PBFT]asyncMarkTxs success,index=33,hash=ae6f580f...,flag=true,markT=0,emptyTxBatchHash=false
info|2026-02-06 15:38:24.090143|Sealer-0x000079c9315ff6c0|[CONSENSUS][PBFT]broadcast prepare packet,packetSize=226,index=33
info|2026-02-06 15:38:24.090270|Sealer-0x000079c9315ff6c0|[CONSENSUS][PBFT]handlePrePrepareMsg and broadcast prepare packet,reqHash=ae6f580f...,reqIndex=33,reqV=3,fromIdx=0,wait(ms)=1,committedIndex=32,consNum=33,committedHash=1e4d10cd...,view=3,toView=3,changeCycle=0,expectedCheckPoint=33,Idx=0,unsealedTxs=0,sealUntil=0,waitResealUntil=0,consensusTimeout=3000,nodeId=0d6a7f52...
info|2026-02-06 15:38:24.090299|Sealer-0x000079c9315ff6c0|[CONSENSUS][PBFT]handlePrePrepareMsg success,index=33,costT(ms)=0
info|2026-02-06 15:38:24.091455|pbft-0x000079c9301ff6c0|[CONSENSUS][PBFT]addPrepareCache,reqHash=ae6f580f...,reqIndex=33,reqV=3,fromIdx=3,wait(ms)=0,committedIndex=32,consNum=33,committedHash=1e4d10cd...,view=3,toView=3,changeCycle=0,expectedCheckPoint=33,Idx=0,unsealedTxs=0,sealUntil=0,waitResealUntil=0,consensusTimeout=3000,nodeId=0d6a7f52...,weight=2
info|2026-02-06 15:38:24.095593|pbft-0x000079c9301ff6c0|[CONSENSUS][PBFT]addCommitCache,reqHash=ae6f580f...,reqIndex=33,reqV=3,fromIdx=3,wait(ms)=1,committedIndex=32,consNum=33,committedHash=1e4d10cd...,view=3,toView=3,changeCycle=0,expectedCheckPoint=33,Idx=0,unsealedTxs=0,sealUntil=0,waitResealUntil=0,consensusTimeout=3000,nodeId=0d6a7f52...,weight=1
info|2026-02-06 15:38:24.133505|pbft-0x000079c9301ff6c0|[CONSENSUS][PBFT]addPrepareCache,reqHash=ae6f580f...,reqIndex=33,reqV=3,fromIdx=1,wait(ms)=1,committedIndex=32,consNum=33,committedHash=1e4d10cd...,view=3,toView=3,changeCycle=0,expectedCheckPoint=33,Idx=0,unsealedTxs=0,sealUntil=0,waitResealUntil=0,consensusTimeout=3000,nodeId=0d6a7f52...,weight=3
info|2026-02-06 15:38:24.133640|pbft-0x000079c9301ff6c0|[CONSENSUS][PBFT]setSignatureList,signatureSize=3,propHash=ae6f580f...,propIndex=33
info|2026-02-06 15:38:24.133678|pbft-0x000079c9301ff6c0|[CONSENSUS][PBFT]intoPrecommit,reqHash=ae6f580f...,reqIndex=33,reqV=3,fromIdx=0,wait(ms)=44,committedIndex=32,consNum=33,committedHash=1e4d10cd...,view=3,toView=3,changeCycle=0,expectedCheckPoint=33,Idx=0,unsealedTxs=0,sealUntil=0,waitResealUntil=0,consensusTimeout=3000,nodeId=0d6a7f52...
info|2026-02-06 15:38:24.133787|pbft-0x000079c9301ff6c0|[CONSENSUS][PBFT]addCommitCache,reqHash=ae6f580f...,reqIndex=33,reqV=3,fromIdx=0,wait(ms)=0,committedIndex=32,consNum=33,committedHash=1e4d10cd...,view=3,toView=3,changeCycle=0,expectedCheckPoint=33,Idx=0,unsealedTxs=0,sealUntil=0,waitResealUntil=0,consensusTimeout=3000,nodeId=0d6a7f52...,weight=2
info|2026-02-06 15:38:24.133809|pbft-0x000079c9301ff6c0|[CONSENSUS][PBFT]checkAndPreCommit: broadcast commitMsg,Idx=0,hash=ae6f580f...,index=33
info|2026-02-06 15:38:24.136193|pbft-0x000079c9301ff6c0|[CONSENSUS][PBFT]addCommitCache,reqHash=ae6f580f...,reqIndex=33,reqV=3,fromIdx=1,wait(ms)=2,committedIndex=32,consNum=33,committedHash=1e4d10cd...,view=3,toView=3,changeCycle=0,expectedCheckPoint=33,Idx=0,unsealedTxs=0,sealUntil=0,waitResealUntil=0,consensusTimeout=3000,nodeId=0d6a7f52...,weight=3
info|2026-02-06 15:38:24.136296|pbft-0x000079c9301ff6c0|[CONSENSUS][PBFT]checkAndCommit,propHash=ae6f580f...,propIndex=33,committedIndex=32,consNum=33,committedHash=1e4d10cd...,view=3,toView=3,changeCycle=0,expectedCheckPoint=33,Idx=0,unsealedTxs=0,sealUntil=0,waitResealUntil=0,consensusTimeout=3000,nodeId=0d6a7f52...
info|2026-02-06 15:38:24.136320|pbft-0x000079c9301ff6c0|[CONSENSUS][PBFT]######## CommitProposal,propHash=ae6f580f...,propIndex=33,sys=false,committedIndex=32,consNum=33,committedHash=1e4d10cd...,view=3,toView=3,changeCycle=0,expectedCheckPoint=33,Idx=0,unsealedTxs=0,sealUntil=0,waitResealUntil=0,consensusTimeout=3000,nodeId=0d6a7f52...
info|2026-02-06 15:38:24.136340|pbft-0x000079c9301ff6c0|[CONSENSUS][PBFT]notify to seal next proposal,nextProposalIndex=34
info|2026-02-06 15:38:24.136491|pbft-0x000079c9301ff6c0|[CONSENSUS][PBFT]notify to seal next proposal,nextProposalIndex=34
info|2026-02-06 15:38:24.136541|pbft-0x000079c9301ff6c0|[CONSENSUS][PBFT]applyStateMachine,index=33,hash=ae6f580f...,committedIndex=32,consNum=33,committedHash=1e4d10cd...,view=3,toView=3,changeCycle=0,expectedCheckPoint=33,Idx=0,unsealedTxs=0,sealUntil=0,waitResealUntil=0,consensusTimeout=3000,nodeId=0d6a7f52...,unAppliedProposals=0
info|2026-02-06 15:38:24.136866|preExeScheduler-0x000079c8fb8e06c0|[SCHEDULER][METRIC][BlockTrace][blk-33]preExeBlock success,blockHeader.timestamp=1770363504089,metaTxCount=2,timeCost=0
info|2026-02-06 15:38:24.137465|exeScheduler-0x000079c8fa8de6c0|[SCHEDULER][METRIC][blk-33]ExecuteBlock request,gasLimit=3000000000,gasPrice=0x0,verify=false,signatureSize=0,txCount=0,metaTxCount=2,version=3.11.0,waitT=0
info|2026-02-06 15:38:24.137749|exeScheduler-0x000079c8fa8de6c0|[SCHEDULER][blk-33][BlockTrace]ExecuteBlock start,time(ms)=0
info|2026-02-06 15:38:24.137798|exeScheduler-0x000079c8fa8de6c0|[SCHEDULER][serialExecute][blk-33][BlockTrace]serialExecute execute block
info|2026-02-06 15:38:24.137809|exeScheduler-0x000079c8fa8de6c0|[SCHEDULER][serialExecute][blk-33][BlockTrace]serialExecute batch next block
info|2026-02-06 15:38:24.137816|exeScheduler-0x000079c8fa8de6c0|[SCHEDULER][blk-33][BlockTrace]NextBlock request,executorNum=1
info|2026-02-06 15:38:24.139557|exec-0x000079c946dd36c0|[SCHEDULER][blk-33][BlockTrace]NextBlock success,executorNum=1,timeCost=2
info|2026-02-06 15:38:24.139702|exec-0x000079c946dd36c0|[SCHEDULER][serialExecute][blk-33][BlockTrace]serialExecute block begin
info|2026-02-06 15:38:24.141352|Unnamed-0x000079c8f60d56c0|[EXECUTOR]EVM_REVERT,to=600e41f494cbeed1936d5e0a293aee0ab1746c7b,gasLeft=3000000000
info|2026-02-06 15:38:24.141447|Unnamed-0x000079c8f60d56c0|[EXECUTOR][blk-33]Revert transaction,contextID=0,seq=0
info|2026-02-06 15:38:24.142045|Unnamed-0x000079c8f60d56c0|[EXECUTOR]EVM_REVERT,to=610857669da60d63f4c9e30713bb86a49251fe2a,gasLeft=3000000000
info|2026-02-06 15:38:24.142119|Unnamed-0x000079c8f60d56c0|[EXECUTOR][blk-33]Revert transaction,contextID=1,seq=1
info|2026-02-06 15:38:24.142130|Unnamed-0x000079c8f60d56c0|[EXECUTOR][blk-33]Revert transaction,contextID=1,seq=1
info|2026-02-06 15:38:24.142916|exec-0x000079c9465d26c0|[STORAGE-KeyPage]hash,size=27,blockVersion=51052544,readLength=11927,writeLength=0,pageCount=0,entrycount=0,entriesHash=0000000000000000000000000000000000000000000000000000000000000000,pagesHash=0000000000000000000000000000000000000000000000000000000000000000,totalHash=0000000000000000000000000000000000000000000000000000000000000000
info|2026-02-06 15:38:24.143047|exec-0x000079c9465d26c0|[EXECUTOR:1770362656][blk-33]GetTableHashes success,hash=0000000000000000000000000000000000000000000000000000000000000000,time(ms)=1
info|2026-02-06 15:38:24.143133|exec-0x000079c9465d26c0|[SCHEDULER][blk-33][BlockTrace]ExecuteBlock success,hash=348fcc59...,stateRoot=0000000000000000000000000000000000000000000000000000000000000000,receiptRoot=2ae0dd9e86339d4ca81eec195ae9daa80dc9dee355d6cedce2ea6bfe652b0a24,txsRoot=08b6b3d9...,gasUsed=25084,signatureSize=0,timeCost=6,blockVersion=51052544
info|2026-02-06 15:38:24.143177|exec-0x000079c9465d26c0|[CONSENSUS][Core][METRIC]asyncExecuteBlock success,sysBlock=false,number=33,result=348fcc59...,txsSize=2,txsRoot=08b6b3d9...,receiptsRoot=2ae0dd9e...,stateRoot=00000000...,timeCost=7,execPerTx=3.5
info|2026-02-06 15:38:24.143273|exec-0x000079c9465d26c0|[CONSENSUS][PBFT]applyStateMachine finished,index=33,beforeExec=ae6f580f...,afterExec=348fcc59...,committedIndex=32,consNum=33,committedHash=1e4d10cd...,view=3,toView=3,changeCycle=0,expectedCheckPoint=33,Idx=0,unsealedTxs=0,sealUntil=0,waitResealUntil=0,consensusTimeout=3000,nodeId=0d6a7f52...,timecost=7
info|2026-02-06 15:38:24.143513|pbftWorker-0x000079c93fdc56c0|[CONSENSUS][PBFT][STORAGE]asyncCommitProposal: write the committed proposal into db,index=33
info|2026-02-06 15:38:24.143991|pbftWorker-0x000079c93fdc56c0|[CONSENSUS][PBFT][STORAGE]asyncPutProposal: commit success,dbName=pbftCommitDB,key=max_committed_proposal,number=33,timecost=1,dataSize=2
info|2026-02-06 15:38:24.144191|pbftWorker-0x000079c93fdc56c0|[CONSENSUS][PBFT][STORAGE]asyncPutProposal: commit success,dbName=pbftCommitDB,key=33,number=33,timecost=0,dataSize=757
info|2026-02-06 15:38:24.144730|pbftWorker-0x000079c93fdc56c0|[CONSENSUS][PBFT]addCheckPointMsg,reqHash=348fcc59...,reqIndex=33,reqV=3,fromIdx=0,wait(ms)=0,Idx=0,weight=1,minRequiredWeight=3
info|2026-02-06 15:38:24.144828|pbftWorker-0x000079c93fdc56c0|[CONSENSUS][PBFT]setCheckPointProposal,propHash=348fcc59...,propIndex=33,committedIndex=32,consNum=33,committedHash=1e4d10cd...,view=3,toView=3,changeCycle=0,expectedCheckPoint=33,Idx=0,unsealedTxs=0,sealUntil=0,waitResealUntil=0,consensusTimeout=3000,nodeId=0d6a7f52...
info|2026-02-06 15:38:24.144862|pbftWorker-0x000079c93fdc56c0|[CONSENSUS][PBFT]PBFTConfig: setExpectedCheckPoint,committedIndex=32,consNum=33,committedHash=1e4d10cd...,view=3,toView=3,changeCycle=0,expectedCheckPoint=34,Idx=0,unsealedTxs=0,sealUntil=0,waitResealUntil=0,consensusTimeout=3000,nodeId=0d6a7f52...,expectedCheckPoint=34
info|2026-02-06 15:38:24.144884|pbftWorker-0x000079c93fdc56c0|[CONSENSUS][PBFT]notify to seal next proposal,nextProposalIndex=34
info|2026-02-06 15:38:24.144897|pbftWorker-0x000079c93fdc56c0|[CONSENSUS][PBFT]onProposalApplySuccess,index=33,hash=348fcc59...,lockT=0,timecost=0
info|2026-02-06 15:38:24.147482|pbft-0x000079c9301ff6c0|[CONSENSUS][PBFT]handleCheckPointMsg: try to add the checkpoint message into the cache,reqHash=348fcc59...,reqIndex=33,reqV=3,fromIdx=1,wait(ms)=2,committedIndex=32,consNum=33,committedHash=1e4d10cd...,view=3,toView=3,changeCycle=0,expectedCheckPoint=34,Idx=0,unsealedTxs=0,sealUntil=0,waitResealUntil=0,consensusTimeout=3000,nodeId=0d6a7f52...
info|2026-02-06 15:38:24.147605|pbft-0x000079c9301ff6c0|[CONSENSUS][PBFT]addCheckPointMsg,reqHash=348fcc59...,reqIndex=33,reqV=3,fromIdx=1,wait(ms)=2,Idx=0,weight=2,minRequiredWeight=3
info|2026-02-06 15:38:24.147628|pbft-0x000079c9301ff6c0|[CONSENSUS][PBFT]notify to seal next proposal,nextProposalIndex=34
info|2026-02-06 15:38:24.147881|pbft-0x000079c9301ff6c0|[CONSENSUS][PBFT]handleCheckPointMsg: try to add the checkpoint message into the cache,reqHash=348fcc59...,reqIndex=33,reqV=3,fromIdx=3,wait(ms)=2,committedIndex=32,consNum=33,committedHash=1e4d10cd...,view=3,toView=3,changeCycle=0,expectedCheckPoint=34,Idx=0,unsealedTxs=0,sealUntil=0,waitResealUntil=0,consensusTimeout=3000,nodeId=0d6a7f52...
info|2026-02-06 15:38:24.147909|pbft-0x000079c9301ff6c0|[CONSENSUS][PBFT]addCheckPointMsg,reqHash=348fcc59...,reqIndex=33,reqV=3,fromIdx=3,wait(ms)=2,Idx=0,weight=3,minRequiredWeight=3
info|2026-02-06 15:38:24.147972|pbft-0x000079c9301ff6c0|[CONSENSUS][PBFT]notify to seal next proposal,nextProposalIndex=34
info|2026-02-06 15:38:24.147985|pbft-0x000079c9301ff6c0|[CONSENSUS][PBFT]setSignatureList,signatureSize=3,propHash=348fcc59...,propIndex=33
info|2026-02-06 15:38:24.148000|pbft-0x000079c9301ff6c0|[CONSENSUS][PBFT]checkAndCommitStableCheckPoint,index=33,hash=348fcc59...,committedIndex=32,consNum=33,committedHash=1e4d10cd...,view=3,toView=3,changeCycle=0,expectedCheckPoint=34,Idx=0,unsealedTxs=0,sealUntil=0,waitResealUntil=0,consensusTimeout=3000,nodeId=0d6a7f52...
info|2026-02-06 15:38:24.148060|pbft-0x000079c9301ff6c0|[CONSENSUS][PBFT]updateStableCheckPointQueue: insert new checkpoint proposal,index=33,hash=348fcc59...,committedIndex=32,consNum=33,committedHash=1e4d10cd...,view=3,toView=3,changeCycle=0,expectedCheckPoint=34,Idx=0,unsealedTxs=0,sealUntil=0,waitResealUntil=0,consensusTimeout=3000,nodeId=0d6a7f52...
info|2026-02-06 15:38:24.148083|pbft-0x000079c9301ff6c0|[CONSENSUS][PBFT]updateStableCheckPointQueue: commit stable checkpoint,index=33,committedIndex=32
info|2026-02-06 15:38:24.148125|pbft-0x000079c9301ff6c0|[CONSENSUS][PBFT]asyncCommitStableCheckPoint: set signatureList,index=33,hash=348fcc59...,proofSize=3,blockProofSize=3
info|2026-02-06 15:38:24.148509|blockSubmit-0x000079c942dcb6c0|[SCHEDULER][blk-33][BlockTrace]CommitBlock start
info|2026-02-06 15:38:24.150154|blockSubmit-0x000079c942dcb6c0|[STORAGE-RocksDB]asyncPrepare,number=33
info|2026-02-06 15:38:24.150280|blockSubmit-0x000079c942dcb6c0|[STORAGE-RocksDB]asyncPrepare finished,blockNumber=33,put=8,delete=0,startTS=0,encode(ms)=0,time(ms)=0
info|2026-02-06 15:38:24.150360|blockSubmit-0x000079c942dcb6c0|[LEDGER]storeTransactionsAndReceipts,blockNumber=33
info|2026-02-06 15:38:24.150963|blockSubmit-0x000079c942dcb6c0|[STORAGE-RocksDB]setRows finished,put=2,dataSize=1426,time(ms)=0
info|2026-02-06 15:38:24.151022|ledgerWrite-0x000079c956df36c0|[STORAGE-RocksDB]setRows finished,put=2,dataSize=405,time(ms)=0
info|2026-02-06 15:38:24.151059|blockSubmit-0x000079c942dcb6c0|[LEDGER]storeTransactionsAndReceipts finished,blockNumber=33,blockTxsSize=2,unStoredTxs=2,timeCost=1
info|2026-02-06 15:38:24.151099|blockSubmit-0x000079c942dcb6c0|[LEDGER][METRIC]asyncPrewriteBlock,number=33,totalTxs=36,failedTxs=12,incTxs=2,incFailedTxs=2
info|2026-02-06 15:38:24.151655|exec-0x000079c9455d06c0|[STORAGE-RocksDB]asyncPrepare,number=33
info|2026-02-06 15:38:24.152050|exec-0x000079c9455d06c0|[STORAGE-KeyPage]parallelTraverse,size=0
info|2026-02-06 15:38:24.152113|exec-0x000079c9455d06c0|[STORAGE-RocksDB]asyncPrepare finished,blockNumber=33,put=0,delete=0,startTS=0,encode(ms)=0,time(ms)=0
info|2026-02-06 15:38:24.152215|exec-0x000079c9455d06c0|[EXECUTOR:1770362656][blk-33]Prepare success
info|2026-02-06 15:38:24.152387|exec-0x000079c9455d06c0|[STORAGE-RocksDB]asyncCommit finished,blockNumber=33,startTS=0,time(ms)=0,callback time(ms)=0,count=8
info|2026-02-06 15:38:24.152515|exec-0x000079c945dd16c0|[TOOL]fetchCompatibilityVersion
info|2026-02-06 15:38:24.152815|exec-0x000079c945dd16c0|[TOOL]fetchCompatibilityVersion success,version=3.11.0,versionNumber=51052544,minSupportedVersion=3.0.0-rc4,maxSupportedVersion=3.11.0
info|2026-02-06 15:38:24.152968|exec-0x000079c945dd16c0|[TOOL]fetchAuthCheckStatus success,value=0
info|2026-02-06 15:38:24.152982|exec-0x000079c945dd16c0|[EXECUTOR:1770362656]merge keyPage to cachedStorage,number=33
info|2026-02-06 15:38:24.153023|exec-0x000079c945dd16c0|[STORAGE-KeyPage]parallelTraverse,size=0
info|2026-02-06 15:38:24.153072|exec-0x000079c945dd16c0|[STORAGE]Successful merged records,count=0
info|2026-02-06 15:38:24.155768|pbft-0x000079c9301ff6c0|[CONSENSUS][PBFT]handleCheckPointMsg: try to add the checkpoint message into the cache,reqHash=348fcc59...,reqIndex=33,reqV=3,fromIdx=2,wait(ms)=6,committedIndex=32,consNum=33,committedHash=1e4d10cd...,view=3,toView=3,changeCycle=0,expectedCheckPoint=34,Idx=0,unsealedTxs=0,sealUntil=0,waitResealUntil=0,consensusTimeout=3000,nodeId=0d6a7f52...
info|2026-02-06 15:38:24.155901|pbft-0x000079c9301ff6c0|[CONSENSUS][PBFT]addCheckPointMsg,reqHash=348fcc59...,reqIndex=33,reqV=3,fromIdx=2,wait(ms)=6,Idx=0,weight=4,minRequiredWeight=3
info|2026-02-06 15:38:24.155931|pbft-0x000079c9301ff6c0|[CONSENSUS][PBFT]notify to seal next proposal,nextProposalIndex=34
info|2026-02-06 15:38:24.158567|exec-0x000079c945dd16c0|[SCHEDULER][blk-33][BlockTrace]CommitBlock success,gas limit=3000000000,timeCost=10
info|2026-02-06 15:38:24.158772|exec-0x000079c945dd16c0|[SCHEDULER][BlockTrace]Notify block result success,blockNumber=33
info|2026-02-06 15:38:24.158802|exec-0x000079c945dd16c0|[CONSENSUS][PBFT][STORAGE][METRIC]commitStableCheckPoint success,index=33,hash=348fcc59...,txs=2,timeCost=10,commitPerTx=5
info|2026-02-06 15:38:24.158837|exec-0x000079c945dd16c0|[SCHEDULER][blk-33]notify block result success,hash=348fcc59...,txsSize=2
info|2026-02-06 15:38:24.159148|submitter-0x000079c9525ea6c0|[TXPOOL][METRIC]StatTPS,tps=27,totalTime=72
info|2026-02-06 15:38:24.159464|blockSubmit-0x000079c942dcb6c0|[CONSENSUS][PBFT][METRIC]resetConfig,committedIndex=33,propHash=348fcc59...,blockCountLimit=1000,leaderPeriod=1,consensusNodesSize=4
info|2026-02-06 15:38:24.159571|exec-0x000079c945dd16c0|[STORAGE-RocksDB]asyncCommit finished,blockNumber=33,startTS=0,time(ms)=0,callback time(ms)=7,count=0
info|2026-02-06 15:38:24.159595|submitter-0x000079c9525ea6c0|[TXPOOL][METRIC]batchRemove txs success,expectedSize=2,succCount=2,batchId=33,timecost=1,lockT=1,removeT=1,updateLedgerNonceT=0,updateTxPoolNonceT=0
info|2026-02-06 15:38:24.159611|blockSubmit-0x000079c942dcb6c0|[CONSENSUS][PBFT][METRIC]^^^^^^^^Report,sealer=0,txs=2,committedIndex=33,consNum=34,committedHash=348fcc59...,view=3,toView=3,changeCycle=0,expectedCheckPoint=34,Idx=0,unsealedTxs=0,sealUntil=0,waitResealUntil=0,consensusTimeout=3000,nodeId=0d6a7f52...
info|2026-02-06 15:38:24.159657|blockSubmit-0x000079c942dcb6c0|[CONSENSUS][SEALER]asyncNoteLatestBlockNumber,number=33
info|2026-02-06 15:38:24.159666|blockSubmit-0x000079c942dcb6c0|[CONSENSUS][SEALER]asyncNoteLatestBlockHash,_hash=348fcc59...
info|2026-02-06 15:38:24.159702|blockSubmit-0x000079c942dcb6c0|[BLOCK SYNC]#### BlockSyncConfig resetConfig,number=33,consNodeSize=4,observerNodeSize=0,type=CONSENSUS_NODE
info|2026-02-06 15:38:24.160795|blockSubmit-0x000079c942dcb6c0|[CONSENSUS][PBFT]notify to seal next proposal,nextProposalIndex=34
info|2026-02-06 15:38:24.160942|blockSubmit-0x000079c942dcb6c0|[CONSENSUS][PBFT]removeConsensusedCache finalizeConsensus,view=3,number=33,eraseSize=1,cacheSize=0
info|2026-02-06 15:38:24.161094|blockSubmit-0x000079c942dcb6c0|[CONSENSUS][PBFT][STORAGE]asyncRemoveStabledCheckPoint,index=28
info|2026-02-06 15:38:24.162011|blockSubmit-0x000079c942dcb6c0|[CONSENSUS][PBFT][STORAGE]asyncRemove success,dbName=pbftCommitDB,key=28
info|2026-02-06 15:38:26.488271|timerFactory-0x000079c91cfff6c0|[RPC][WS][SERVICE]connected nodes,count=0
info|2026-02-06 15:38:26.489413|ioService-0x000079c92effd6c0|[P2PService][Service][METRIC]heartBeat,connected count=3
info|2026-02-06 15:38:36.488447|timerFactory-0x000079c91cfff6c0|[RPC][WS][SERVICE]connected nodes,count=0
info|2026-02-06 15:38:36.489589|ioService-0x000079c92effd6c0|[P2PService][Service][METRIC]heartBeat,connected count=3
info|2026-02-06 15:38:46.488697|timerFactory-0x000079c91cfff6c0|[RPC][WS][SERVICE]connected nodes,count=0
info|2026-02-06 15:38:46.489827|ioService-0x000079c92effd6c0|[P2PService][Service][METRIC]heartBeat,connected count=3
info|2026-02-06 15:38:56.488838|timerFactory-0x000079c91cfff6c0|[RPC][WS][SERVICE]connected nodes,count=0
info|2026-02-06 15:38:56.489984|ioService-0x000079c92effd6c0|[P2PService][Service][METRIC]heartBeat,connected count=3
info|2026-02-06 15:39:06.488973|timerFactory-0x000079c91cfff6c0|[RPC][WS][SERVICE]connected nodes,count=0
info|2026-02-06 15:39:06.490251|ioService-0x000079c92effd6c0|[P2PService][Service][METRIC]heartBeat,connected count=3
info|2026-02-06 15:39:16.478938|objMonitor-0x000079c9103ff6c0|[startMonitor][AliveObjectMonitor],AliveObjectAllocStat=[ type: bcos::gateway::Socket ,created: 13 ,destroyed: 9 ,alive: 4 ] [ type: bcos::gateway::ResponseCallback ,created: 13457 ,destroyed: 13453 ,alive: 4 ] 
info|2026-02-06 15:39:16.489427|timerFactory-0x000079c91cfff6c0|[RPC][WS][SERVICE]connected nodes,count=0
info|2026-02-06 15:39:16.490738|ioService-0x000079c92effd6c0|[P2PService][Service][METRIC]heartBeat,connected count=3
info|2026-02-06 15:39:26.489632|timerFactory-0x000079c91cfff6c0|[RPC][WS][SERVICE]connected nodes,count=0
info|2026-02-06 15:39:26.491178|ioService-0x000079c92effd6c0|[P2PService][Service][METRIC]heartBeat,connected count=3
info|2026-02-06 15:39:36.489805|timerFactory-0x000079c91cfff6c0|[RPC][WS][SERVICE]connected nodes,count=0
info|2026-02-06 15:39:36.491308|ioService-0x000079c92effd6c0|[P2PService][Service][METRIC]heartBeat,connected count=3
info|2026-02-06 15:39:46.489910|timerFactory-0x000079c91cfff6c0|[RPC][WS][SERVICE]connected nodes,count=0
info|2026-02-06 15:39:46.491488|ioService-0x000079c92effd6c0|[P2PService][Service][METRIC]heartBeat,connected count=3
info|2026-02-06 15:39:56.490067|timerFactory-0x000079c91cfff6c0|[RPC][WS][SERVICE]connected nodes,count=0
info|2026-02-06 15:39:56.491706|ioService-0x000079c92effd6c0|[P2PService][Service][METRIC]heartBeat,connected count=3
info|2026-02-06 15:40:06.490310|timerFactory-0x000079c91cfff6c0|[RPC][WS][SERVICE]connected nodes,count=0
info|2026-02-06 15:40:06.492034|ioService-0x000079c92effd6c0|[P2PService][Service][METRIC]heartBeat,connected count=3
info|2026-02-06 15:40:16.479458|objMonitor-0x000079c9103ff6c0|[startMonitor][AliveObjectMonitor],AliveObjectAllocStat=[ type: bcos::gateway::Socket ,created: 13 ,destroyed: 9 ,alive: 4 ] 
info|2026-02-06 15:40:16.490415|timerFactory-0x000079c91cfff6c0|[RPC][WS][SERVICE]connected nodes,count=0
info|2026-02-06 15:40:16.492522|ioService-0x000079c92effd6c0|[P2PService][Service][METRIC]heartBeat,connected count=3
info|2026-02-06 15:40:26.490612|timerFactory-0x000079c91cfff6c0|[RPC][WS][SERVICE]connected nodes,count=0
info|2026-02-06 15:40:26.493040|ioService-0x000079c92effd6c0|[P2PService][Service][METRIC]heartBeat,connected count=3
info|2026-02-06 15:40:36.491003|timerFactory-0x000079c91cfff6c0|[RPC][WS][SERVICE]connected nodes,count=0
info|2026-02-06 15:40:36.497140|ioService-0x000079c92effd6c0|[P2PService][Service][METRIC]heartBeat,connected count=3
info|2026-02-06 15:40:46.491272|timerFactory-0x000079c91cfff6c0|[RPC][WS][SERVICE]connected nodes,count=0
info|2026-02-06 15:40:46.497812|ioService-0x000079c92effd6c0|[P2PService][Service][METRIC]heartBeat,connected count=3
info|2026-02-06 15:40:56.491733|timerFactory-0x000079c91cfff6c0|[RPC][WS][SERVICE]connected nodes,count=0
info|2026-02-06 15:40:56.498328|ioService-0x000079c92effd6c0|[P2PService][Service][METRIC]heartBeat,connected count=3
info|2026-02-06 15:41:06.491982|timerFactory-0x000079c91cfff6c0|[RPC][WS][SERVICE]connected nodes,count=0
info|2026-02-06 15:41:06.498790|ioService-0x000079c92effd6c0|[P2PService][Service][METRIC]heartBeat,connected count=3
info|2026-02-06 15:41:16.480893|objMonitor-0x000079c9103ff6c0|[startMonitor][AliveObjectMonitor],AliveObjectAllocStat=[ type: bcos::gateway::Socket ,created: 13 ,destroyed: 9 ,alive: 4 ] [ type: bcos::gateway::ResponseCallback ,created: 15248 ,destroyed: 15242 ,alive: 6 ] 
info|2026-02-06 15:41:16.492122|timerFactory-0x000079c91cfff6c0|[RPC][WS][SERVICE]connected nodes,count=0
info|2026-02-06 15:41:16.499342|ioService-0x000079c92effd6c0|[P2PService][Service][METRIC]heartBeat,connected count=3
info|2026-02-06 15:41:26.492568|timerFactory-0x000079c91cfff6c0|[RPC][WS][SERVICE]connected nodes,count=0
info|2026-02-06 15:41:26.499685|ioService-0x000079c92effd6c0|[P2PService][Service][METRIC]heartBeat,connected count=3
info|2026-02-06 15:41:36.493195|timerFactory-0x000079c91cfff6c0|[RPC][WS][SERVICE]connected nodes,count=0
info|2026-02-06 15:41:36.500481|ioService-0x000079c92effd6c0|[P2PService][Service][METRIC]heartBeat,connected count=3
info|2026-02-06 15:41:46.493425|timerFactory-0x000079c91cfff6c0|[RPC][WS][SERVICE]connected nodes,count=0
info|2026-02-06 15:41:46.500803|ioService-0x000079c92effd6c0|[P2PService][Service][METRIC]heartBeat,connected count=3
info|2026-02-06 15:41:56.493807|timerFactory-0x000079c91cfff6c0|[RPC][WS][SERVICE]connected nodes,count=0
info|2026-02-06 15:41:56.501251|ioService-0x000079c92effd6c0|[P2PService][Service][METRIC]heartBeat,connected count=3
info|2026-02-06 15:42:06.494147|timerFactory-0x000079c91cfff6c0|[RPC][WS][SERVICE]connected nodes,count=0
info|2026-02-06 15:42:06.501580|ioService-0x000079c92effd6c0|[P2PService][Service][METRIC]heartBeat,connected count=3
info|2026-02-06 15:42:16.481193|objMonitor-0x000079c9103ff6c0|[startMonitor][AliveObjectMonitor],AliveObjectAllocStat=[ type: bcos::gateway::Socket ,created: 13 ,destroyed: 9 ,alive: 4 ] 
info|2026-02-06 15:42:16.494595|timerFactory-0x000079c91cfff6c0|[RPC][WS][SERVICE]connected nodes,count=0
info|2026-02-06 15:42:16.514191|ioService-0x000079c92effd6c0|[P2PService][Service][METRIC]heartBeat,connected count=3
info|2026-02-06 15:42:26.494879|timerFactory-0x000079c91cfff6c0|[RPC][WS][SERVICE]connected nodes,count=0
info|2026-02-06 15:42:26.518184|ioService-0x000079c92effd6c0|[P2PService][Service][METRIC]heartBeat,connected count=3
info|2026-02-06 15:42:33.073237|pbft-0x000079c9301ff6c0|[CONSENSUS][PBFT]handlePrePrepareMsg,reqHash=e0eafd89...,reqIndex=34,reqV=3,fromIdx=1,wait(ms)=0,committedIndex=33,consNum=34,committedHash=348fcc59...,view=3,toView=3,changeCycle=0,expectedCheckPoint=34,Idx=0,unsealedTxs=1,sealUntil=0,waitResealUntil=0,consensusTimeout=3000,nodeId=0d6a7f52...,utc=16210790
info|2026-02-06 15:42:33.073778|pbft-0x000079c9301ff6c0|[TXPOOL]begin asyncVerifyBlock,consNum=34,hash=e0eafd89...
info|2026-02-06 15:42:33.074033|verifier-0x000079c9515e86c0|[TXPOOL]batchVerifyProposal,consNum=34,hash=e0eafd89...,txsSize=1,lockT=0,verifyT=1,missedTxs=0
info|2026-02-06 15:42:33.074135|verifier-0x000079c9515e86c0|[TXPOOL][METRIC]asyncVerifyBlock finished,consNum=34,hash=e0eafd89...,code=0,msg=success,result=true,timecost=1
info|2026-02-06 15:42:33.074194|verifier-0x000079c9515e86c0|[CONSENSUS][PBFT]handlePrePrepareMsg,reqHash=e0eafd89...,reqIndex=34,reqV=3,fromIdx=1,wait(ms)=1,committedIndex=33,consNum=34,committedHash=348fcc59...,view=3,toView=3,changeCycle=0,expectedCheckPoint=34,Idx=0,unsealedTxs=1,sealUntil=0,waitResealUntil=0,consensusTimeout=3000,nodeId=0d6a7f52...,utc=16210791
info|2026-02-06 15:42:33.074278|verifier-0x000079c9515e86c0|[CONSENSUS][PBFT]addPrePrepareCache,reqHash=e0eafd89...,reqIndex=34,reqV=3,fromIdx=1,wait(ms)=1,sys=false,committedIndex=33,consNum=34,committedHash=348fcc59...,view=3,toView=3,changeCycle=0,expectedCheckPoint=34,Idx=0,unsealedTxs=1,sealUntil=0,waitResealUntil=0,consensusTimeout=3000,nodeId=0d6a7f52...
info|2026-02-06 15:42:33.074323|verifier-0x000079c9515e86c0|[CONSENSUS][PBFT]notify the committed proposal index to the sync module success,index=34
info|2026-02-06 15:42:33.074417|validator-0x000079c943dcd6c0|[CONSENSUS][PBFT]asyncResetTxsFlag,index=34,hash=e0eafd89...,flag=true
info|2026-02-06 15:42:33.074552|verifier-0x000079c9515e86c0|[CONSENSUS][PBFT]addPrepareCache,reqHash=e0eafd89...,reqIndex=34,reqV=3,fromIdx=0,wait(ms)=0,committedIndex=33,consNum=34,committedHash=348fcc59...,view=3,toView=3,changeCycle=0,expectedCheckPoint=34,Idx=0,unsealedTxs=1,sealUntil=0,waitResealUntil=0,consensusTimeout=3000,nodeId=0d6a7f52...,weight=1
info|2026-02-06 15:42:33.074568|validator-0x000079c943dcd6c0|[TXPOOL]batchMarkTxs,txsSize=1,batchId=34,hash=e0eafd89...,sealFlag=true,notFound=0,reSealed=0,succ=1,time=0,markT=0
info|2026-02-06 15:42:33.074590|validator-0x000079c943dcd6c0|[CONSENSUS][PBFT]asyncMarkTxs success,index=34,hash=e0eafd89...,flag=true,markT=0,emptyTxBatchHash=false
info|2026-02-06 15:42:33.074671|verifier-0x000079c9515e86c0|[CONSENSUS][PBFT]broadcast prepare packet,packetSize=228,index=34
info|2026-02-06 15:42:33.074852|verifier-0x000079c9515e86c0|[CONSENSUS][PBFT]handlePrePrepareMsg and broadcast prepare packet,reqHash=e0eafd89...,reqIndex=34,reqV=3,fromIdx=1,wait(ms)=1,committedIndex=33,consNum=34,committedHash=348fcc59...,view=3,toView=3,changeCycle=0,expectedCheckPoint=34,Idx=0,unsealedTxs=0,sealUntil=0,waitResealUntil=0,consensusTimeout=3000,nodeId=0d6a7f52...
info|2026-02-06 15:42:33.075808|txsPreStore-0x000079c9505e66c0|[TXPOOL]storeVerifiedBlock fetch block number from LedgerConfig
info|2026-02-06 15:42:33.076103|pbft-0x000079c9301ff6c0|[CONSENSUS][PBFT]addPrepareCache,reqHash=e0eafd89...,reqIndex=34,reqV=3,fromIdx=3,wait(ms)=1,committedIndex=33,consNum=34,committedHash=348fcc59...,view=3,toView=3,changeCycle=0,expectedCheckPoint=34,Idx=0,unsealedTxs=0,sealUntil=0,waitResealUntil=0,consensusTimeout=3000,nodeId=0d6a7f52...,weight=2
info|2026-02-06 15:42:33.076178|txsPreStore-0x000079c9505e66c0|[TOOL]LedgerConfigFetcher: fetchBlockNumber success,blockNumber=33
info|2026-02-06 15:42:33.076196|txsPreStore-0x000079c9505e66c0|[TXPOOL]storeVerifiedBlock,consNum=34,hash=e0eafd89...,txsSize=1
info|2026-02-06 15:42:33.076258|txsPreStore-0x000079c9505e66c0|[LEDGER]asyncPreStoreBlockTxs: needStoreUnsavedTxs,txsSize=1,unstoredTxs=1,number=34
info|2026-02-06 15:42:33.076334|pbft-0x000079c9301ff6c0|[CONSENSUS][PBFT]addPrepareCache,reqHash=e0eafd89...,reqIndex=34,reqV=3,fromIdx=1,wait(ms)=1,committedIndex=33,consNum=34,committedHash=348fcc59...,view=3,toView=3,changeCycle=0,expectedCheckPoint=34,Idx=0,unsealedTxs=0,sealUntil=0,waitResealUntil=0,consensusTimeout=3000,nodeId=0d6a7f52...,weight=3
info|2026-02-06 15:42:33.076399|pbft-0x000079c9301ff6c0|[CONSENSUS][PBFT]setSignatureList,signatureSize=3,propHash=e0eafd89...,propIndex=34
info|2026-02-06 15:42:33.076423|pbft-0x000079c9301ff6c0|[CONSENSUS][PBFT]intoPrecommit,reqHash=e0eafd89...,reqIndex=34,reqV=3,fromIdx=0,wait(ms)=3,committedIndex=33,consNum=34,committedHash=348fcc59...,view=3,toView=3,changeCycle=0,expectedCheckPoint=34,Idx=0,unsealedTxs=0,sealUntil=0,waitResealUntil=0,consensusTimeout=3000,nodeId=0d6a7f52...
info|2026-02-06 15:42:33.076603|txsPreStore-0x000079c9505e66c0|[STORAGE-RocksDB]setRows finished,put=1,dataSize=9372,time(ms)=1
info|2026-02-06 15:42:33.076680|pbft-0x000079c9301ff6c0|[CONSENSUS][PBFT]addCommitCache,reqHash=e0eafd89...,reqIndex=34,reqV=3,fromIdx=0,wait(ms)=0,committedIndex=33,consNum=34,committedHash=348fcc59...,view=3,toView=3,changeCycle=0,expectedCheckPoint=34,Idx=0,unsealedTxs=0,sealUntil=0,waitResealUntil=0,consensusTimeout=3000,nodeId=0d6a7f52...,weight=1
info|2026-02-06 15:42:33.076711|txsPreStore-0x000079c9505e66c0|[LEDGER]asyncPreStoreBlockTxs: store uncommitted txs,blockNumber=34,blockTxsSize=1,unStoredTxs=1,msg=success,code=0,timeCost=0
info|2026-02-06 15:42:33.076722|pbft-0x000079c9301ff6c0|[CONSENSUS][PBFT]checkAndPreCommit: broadcast commitMsg,Idx=0,hash=e0eafd89...,index=34
info|2026-02-06 15:42:33.076725|txsPreStore-0x000079c9505e66c0|[TXPOOL]storeVerifiedBlock success,consNum=34,hash=e0eafd89...,timecost=0
info|2026-02-06 15:42:33.085535|pbft-0x000079c9301ff6c0|[CONSENSUS][PBFT]addCommitCache,reqHash=e0eafd89...,reqIndex=34,reqV=3,fromIdx=1,wait(ms)=1,committedIndex=33,consNum=34,committedHash=348fcc59...,view=3,toView=3,changeCycle=0,expectedCheckPoint=34,Idx=0,unsealedTxs=0,sealUntil=0,waitResealUntil=0,consensusTimeout=3000,nodeId=0d6a7f52...,weight=2
info|2026-02-06 15:42:33.087394|pbft-0x000079c9301ff6c0|[CONSENSUS][PBFT]addCommitCache,reqHash=e0eafd89...,reqIndex=34,reqV=3,fromIdx=3,wait(ms)=1,committedIndex=33,consNum=34,committedHash=348fcc59...,view=3,toView=3,changeCycle=0,expectedCheckPoint=34,Idx=0,unsealedTxs=0,sealUntil=0,waitResealUntil=0,consensusTimeout=3000,nodeId=0d6a7f52...,weight=3
info|2026-02-06 15:42:33.087673|pbft-0x000079c9301ff6c0|[CONSENSUS][PBFT]checkAndCommit,propHash=e0eafd89...,propIndex=34,committedIndex=33,consNum=34,committedHash=348fcc59...,view=3,toView=3,changeCycle=0,expectedCheckPoint=34,Idx=0,unsealedTxs=0,sealUntil=0,waitResealUntil=0,consensusTimeout=3000,nodeId=0d6a7f52...
info|2026-02-06 15:42:33.087737|pbft-0x000079c9301ff6c0|[CONSENSUS][PBFT]######## CommitProposal,propHash=e0eafd89...,propIndex=34,sys=false,committedIndex=33,consNum=34,committedHash=348fcc59...,view=3,toView=3,changeCycle=0,expectedCheckPoint=34,Idx=0,unsealedTxs=0,sealUntil=0,waitResealUntil=0,consensusTimeout=3000,nodeId=0d6a7f52...
info|2026-02-06 15:42:33.087880|pbft-0x000079c9301ff6c0|[CONSENSUS][PBFT]notify to seal next proposal,nextProposalIndex=35
info|2026-02-06 15:42:33.088061|pbft-0x000079c9301ff6c0|[CONSENSUS][PBFT]notify to seal next proposal,nextProposalIndex=35
info|2026-02-06 15:42:33.088188|pbft-0x000079c9301ff6c0|[CONSENSUS][PBFT]applyStateMachine,index=34,hash=e0eafd89...,committedIndex=33,consNum=34,committedHash=348fcc59...,view=3,toView=3,changeCycle=0,expectedCheckPoint=34,Idx=0,unsealedTxs=0,sealUntil=0,waitResealUntil=0,consensusTimeout=3000,nodeId=0d6a7f52...,unAppliedProposals=0
info|2026-02-06 15:42:33.088403|preExeScheduler-0x000079c8fb0df6c0|[SCHEDULER][METRIC][BlockTrace][blk-34]preExeBlock success,blockHeader.timestamp=1770363753072,metaTxCount=1,timeCost=0
info|2026-02-06 15:42:33.088604|exeScheduler-0x000079c8fa8de6c0|[SCHEDULER][METRIC][blk-34]ExecuteBlock request,gasLimit=3000000000,gasPrice=0x0,verify=false,signatureSize=0,txCount=0,metaTxCount=1,version=3.11.0,waitT=0
info|2026-02-06 15:42:33.088900|exeScheduler-0x000079c8fa8de6c0|[SCHEDULER][blk-34][BlockTrace]ExecuteBlock start,time(ms)=0
info|2026-02-06 15:42:33.088944|exeScheduler-0x000079c8fa8de6c0|[SCHEDULER][serialExecute][blk-34][BlockTrace]serialExecute execute block
info|2026-02-06 15:42:33.088957|exeScheduler-0x000079c8fa8de6c0|[SCHEDULER][serialExecute][blk-34][BlockTrace]serialExecute batch next block
info|2026-02-06 15:42:33.088997|exeScheduler-0x000079c8fa8de6c0|[SCHEDULER][blk-34][BlockTrace]NextBlock request,executorNum=1
info|2026-02-06 15:42:33.091730|exec-0x000079c94ede36c0|[SCHEDULER][blk-34][BlockTrace]NextBlock success,executorNum=1,timeCost=3
info|2026-02-06 15:42:33.091819|exec-0x000079c94ede36c0|[SCHEDULER][serialExecute][blk-34][BlockTrace]serialExecute block begin
info|2026-02-06 15:42:33.092707|Unnamed-0x000079c8f68d66c0|[STORAGE-KeyPage]empty table,table=/apps/7a4d7f6e62abb187ce7996587100ff290b3b82c6_accessAuth,key=61646d696e
info|2026-02-06 15:42:33.092992|Unnamed-0x000079c8f68d66c0|[STORAGE-KeyPage]empty table,table=/apps/7a4d7f6e62abb187ce7996587100ff290b3b82c6,key=0000000000000000000000000000000000000000000000000000000000000002
info|2026-02-06 15:42:33.093927|exec-0x000079c94dde16c0|[STORAGE-KeyPage]hash,size=29,blockVersion=51052544,readLength=15232,writeLength=324,pageCount=2,entrycount=2,entriesHash=1ec674d8cb57f887394b7f7cec03bc357e2ac0faf43964cb7243050deea90366,pagesHash=298187d767b56f244d137d947a380344fbcdab535edd8976bb74ada155f925d5,totalHash=3747f30face297a3745802e8963bbf7185e76ba9aae4edbdc937a8acbb5026b3
info|2026-02-06 15:42:33.094040|exec-0x000079c94dde16c0|[EXECUTOR:1770362656][blk-34]GetTableHashes success,hash=3747f30face297a3745802e8963bbf7185e76ba9aae4edbdc937a8acbb5026b3,time(ms)=1
info|2026-02-06 15:42:33.094121|exec-0x000079c94dde16c0|[SCHEDULER][blk-34][BlockTrace]ExecuteBlock success,hash=c284c3f0...,stateRoot=3747f30face297a3745802e8963bbf7185e76ba9aae4edbdc937a8acbb5026b3,receiptRoot=15f8b5897a7d4149255bc275aff8870c11224e4917cc787d812d17af19537bd0,txsRoot=3f5eda6a...,gasUsed=120602,signatureSize=0,timeCost=6,blockVersion=51052544
info|2026-02-06 15:42:33.094145|exec-0x000079c94dde16c0|[CONSENSUS][Core][METRIC]asyncExecuteBlock success,sysBlock=false,number=34,result=c284c3f0...,txsSize=1,txsRoot=3f5eda6a...,receiptsRoot=15f8b589...,stateRoot=3747f30f...,timeCost=6,execPerTx=6
info|2026-02-06 15:42:33.094269|exec-0x000079c94dde16c0|[CONSENSUS][PBFT]applyStateMachine finished,index=34,beforeExec=e0eafd89...,afterExec=c284c3f0...,committedIndex=33,consNum=34,committedHash=348fcc59...,view=3,toView=3,changeCycle=0,expectedCheckPoint=34,Idx=0,unsealedTxs=0,sealUntil=0,waitResealUntil=0,consensusTimeout=3000,nodeId=0d6a7f52...,timecost=6
info|2026-02-06 15:42:33.094516|pbftWorker-0x000079c9415c86c0|[CONSENSUS][PBFT][STORAGE]asyncCommitProposal: write the committed proposal into db,index=34
info|2026-02-06 15:42:33.094687|pbftWorker-0x000079c9415c86c0|[CONSENSUS][PBFT][STORAGE]asyncPutProposal: commit success,dbName=pbftCommitDB,key=max_committed_proposal,number=34,timecost=0,dataSize=2
info|2026-02-06 15:42:33.094767|pbftWorker-0x000079c9415c86c0|[CONSENSUS][PBFT][STORAGE]asyncPutProposal: commit success,dbName=pbftCommitDB,key=34,number=34,timecost=0,dataSize=635
info|2026-02-06 15:42:33.095431|pbftWorker-0x000079c9415c86c0|[CONSENSUS][PBFT]addCheckPointMsg,reqHash=c284c3f0...,reqIndex=34,reqV=3,fromIdx=0,wait(ms)=1,Idx=0,weight=1,minRequiredWeight=3
info|2026-02-06 15:42:33.095536|pbftWorker-0x000079c9415c86c0|[CONSENSUS][PBFT]setCheckPointProposal,propHash=c284c3f0...,propIndex=34,committedIndex=33,consNum=34,committedHash=348fcc59...,view=3,toView=3,changeCycle=0,expectedCheckPoint=34,Idx=0,unsealedTxs=0,sealUntil=0,waitResealUntil=0,consensusTimeout=3000,nodeId=0d6a7f52...
info|2026-02-06 15:42:33.095648|pbftWorker-0x000079c9415c86c0|[CONSENSUS][PBFT]PBFTConfig: setExpectedCheckPoint,committedIndex=33,consNum=34,committedHash=348fcc59...,view=3,toView=3,changeCycle=0,expectedCheckPoint=35,Idx=0,unsealedTxs=0,sealUntil=0,waitResealUntil=0,consensusTimeout=3000,nodeId=0d6a7f52...,expectedCheckPoint=35
info|2026-02-06 15:42:33.095687|pbftWorker-0x000079c9415c86c0|[CONSENSUS][PBFT]notify to seal next proposal,nextProposalIndex=35
info|2026-02-06 15:42:33.096496|pbftWorker-0x000079c9415c86c0|[CONSENSUS][PBFT]onProposalApplySuccess,index=34,hash=c284c3f0...,lockT=0,timecost=1
info|2026-02-06 15:42:33.096919|pbft-0x000079c9301ff6c0|[CONSENSUS][PBFT]handleCheckPointMsg: try to add the checkpoint message into the cache,reqHash=c284c3f0...,reqIndex=34,reqV=3,fromIdx=3,wait(ms)=1,committedIndex=33,consNum=34,committedHash=348fcc59...,view=3,toView=3,changeCycle=0,expectedCheckPoint=35,Idx=0,unsealedTxs=0,sealUntil=0,waitResealUntil=0,consensusTimeout=3000,nodeId=0d6a7f52...
info|2026-02-06 15:42:33.096988|pbft-0x000079c9301ff6c0|[CONSENSUS][PBFT]addCheckPointMsg,reqHash=c284c3f0...,reqIndex=34,reqV=3,fromIdx=3,wait(ms)=1,Idx=0,weight=2,minRequiredWeight=3
info|2026-02-06 15:42:33.097003|pbft-0x000079c9301ff6c0|[CONSENSUS][PBFT]notify to seal next proposal,nextProposalIndex=35
info|2026-02-06 15:42:33.107058|pbft-0x000079c9301ff6c0|[CONSENSUS][PBFT]handleCheckPointMsg: try to add the checkpoint message into the cache,reqHash=c284c3f0...,reqIndex=34,reqV=3,fromIdx=1,wait(ms)=1,committedIndex=33,consNum=34,committedHash=348fcc59...,view=3,toView=3,changeCycle=0,expectedCheckPoint=35,Idx=0,unsealedTxs=0,sealUntil=0,waitResealUntil=0,consensusTimeout=3000,nodeId=0d6a7f52...
info|2026-02-06 15:42:33.107253|pbft-0x000079c9301ff6c0|[CONSENSUS][PBFT]addCheckPointMsg,reqHash=c284c3f0...,reqIndex=34,reqV=3,fromIdx=1,wait(ms)=1,Idx=0,weight=3,minRequiredWeight=3
info|2026-02-06 15:42:33.107423|pbft-0x000079c9301ff6c0|[CONSENSUS][PBFT]notify to seal next proposal,nextProposalIndex=35
info|2026-02-06 15:42:33.107454|pbft-0x000079c9301ff6c0|[CONSENSUS][PBFT]setSignatureList,signatureSize=3,propHash=c284c3f0...,propIndex=34
info|2026-02-06 15:42:33.107475|pbft-0x000079c9301ff6c0|[CONSENSUS][PBFT]checkAndCommitStableCheckPoint,index=34,hash=c284c3f0...,committedIndex=33,consNum=34,committedHash=348fcc59...,view=3,toView=3,changeCycle=0,expectedCheckPoint=35,Idx=0,unsealedTxs=0,sealUntil=0,waitResealUntil=0,consensusTimeout=3000,nodeId=0d6a7f52...
info|2026-02-06 15:42:33.107502|pbft-0x000079c9301ff6c0|[CONSENSUS][PBFT]updateStableCheckPointQueue: insert new checkpoint proposal,index=34,hash=c284c3f0...,committedIndex=33,consNum=34,committedHash=348fcc59...,view=3,toView=3,changeCycle=0,expectedCheckPoint=35,Idx=0,unsealedTxs=0,sealUntil=0,waitResealUntil=0,consensusTimeout=3000,nodeId=0d6a7f52...
info|2026-02-06 15:42:33.107524|pbft-0x000079c9301ff6c0|[CONSENSUS][PBFT]updateStableCheckPointQueue: commit stable checkpoint,index=34,committedIndex=33
info|2026-02-06 15:42:33.107556|pbft-0x000079c9301ff6c0|[CONSENSUS][PBFT]asyncCommitStableCheckPoint: set signatureList,index=34,hash=c284c3f0...,proofSize=3,blockProofSize=3
info|2026-02-06 15:42:33.107793|blockSubmit-0x000079c942dcb6c0|[SCHEDULER][blk-34][BlockTrace]CommitBlock start
info|2026-02-06 15:42:33.108385|blockSubmit-0x000079c942dcb6c0|[STORAGE-RocksDB]asyncPrepare,number=34
info|2026-02-06 15:42:33.108450|blockSubmit-0x000079c942dcb6c0|[STORAGE-RocksDB]asyncPrepare finished,blockNumber=34,put=7,delete=0,startTS=0,encode(ms)=0,time(ms)=0
info|2026-02-06 15:42:33.108478|blockSubmit-0x000079c942dcb6c0|[LEDGER]storeTransactionsAndReceipts,blockNumber=34
info|2026-02-06 15:42:33.108696|exec-0x000079c94cddf6c0|[STORAGE-RocksDB]asyncPrepare,number=34
info|2026-02-06 15:42:33.108825|ledgerWrite-0x000079c9565f26c0|[STORAGE-RocksDB]setRows finished,put=1,dataSize=140,time(ms)=0
info|2026-02-06 15:42:33.109021|blockSubmit-0x000079c942dcb6c0|[LEDGER]storeTransactionsAndReceipts finished,blockNumber=34,blockTxsSize=1,unStoredTxs=0,timeCost=1
info|2026-02-06 15:42:33.109096|exec-0x000079c94cddf6c0|[STORAGE-KeyPage]parallelTraverse,size=415
info|2026-02-06 15:42:33.109109|blockSubmit-0x000079c942dcb6c0|[LEDGER][METRIC]asyncPrewriteBlock,number=34,totalTxs=37,failedTxs=12,incTxs=1,incFailedTxs=0
info|2026-02-06 15:42:33.109121|exec-0x000079c94cddf6c0|[STORAGE-RocksDB]asyncPrepare finished,blockNumber=34,put=6,delete=2,startTS=0,encode(ms)=0,time(ms)=0
info|2026-02-06 15:42:33.109136|exec-0x000079c94cddf6c0|[EXECUTOR:1770362656][blk-34]Prepare success
info|2026-02-06 15:42:33.109320|exec-0x000079c94cddf6c0|[STORAGE-RocksDB]asyncCommit finished,blockNumber=34,startTS=0,time(ms)=0,callback time(ms)=0,count=15
info|2026-02-06 15:42:33.109389|exec-0x000079c94d5e06c0|[TOOL]fetchCompatibilityVersion
info|2026-02-06 15:42:33.109524|exec-0x000079c94d5e06c0|[TOOL]fetchCompatibilityVersion success,version=3.11.0,versionNumber=51052544,minSupportedVersion=3.0.0-rc4,maxSupportedVersion=3.11.0
info|2026-02-06 15:42:33.109562|exec-0x000079c94d5e06c0|[TOOL]fetchAuthCheckStatus success,value=0
info|2026-02-06 15:42:33.109646|exec-0x000079c94d5e06c0|[EXECUTOR:1770362656]merge keyPage to cachedStorage,number=34
info|2026-02-06 15:42:33.109732|exec-0x000079c94d5e06c0|[STORAGE-KeyPage]parallelTraverse,size=415
info|2026-02-06 15:42:33.109742|exec-0x000079c94d5e06c0|[STORAGE]Successful merged records,count=8
info|2026-02-06 15:42:33.110889|exec-0x000079c94d5e06c0|[SCHEDULER][blk-34][BlockTrace]CommitBlock success,gas limit=3000000000,timeCost=3
info|2026-02-06 15:42:33.111021|exec-0x000079c94d5e06c0|[SCHEDULER][BlockTrace]Notify block result success,blockNumber=34
info|2026-02-06 15:42:33.111031|exec-0x000079c94d5e06c0|[CONSENSUS][PBFT][STORAGE][METRIC]commitStableCheckPoint success,index=34,hash=c284c3f0...,txs=1,timeCost=4,commitPerTx=4
info|2026-02-06 15:42:33.111234|exec-0x000079c94d5e06c0|[SCHEDULER][blk-34]notify block result success,hash=c284c3f0...,txsSize=1
info|2026-02-06 15:42:33.111290|submitter-0x000079c955df16c0|[TXPOOL][METRIC]StatTPS,tps=23,totalTime=43
info|2026-02-06 15:42:33.111316|blockSubmit-0x000079c942dcb6c0|[CONSENSUS][PBFT][METRIC]resetConfig,committedIndex=34,propHash=c284c3f0...,blockCountLimit=1000,leaderPeriod=1,consensusNodesSize=4
info|2026-02-06 15:42:33.111385|exec-0x000079c94d5e06c0|[STORAGE-RocksDB]asyncCommit finished,blockNumber=34,startTS=0,time(ms)=0,callback time(ms)=2,count=0
info|2026-02-06 15:42:33.111473|submitter-0x000079c955df16c0|[TXPOOL][METRIC]batchRemove txs success,expectedSize=1,succCount=1,batchId=34,timecost=0,lockT=0,removeT=0,updateLedgerNonceT=0,updateTxPoolNonceT=0
info|2026-02-06 15:42:33.111498|blockSubmit-0x000079c942dcb6c0|[CONSENSUS][PBFT][METRIC]^^^^^^^^Report,sealer=1,txs=1,committedIndex=34,consNum=35,committedHash=c284c3f0...,view=3,toView=3,changeCycle=0,expectedCheckPoint=35,Idx=0,unsealedTxs=0,sealUntil=0,waitResealUntil=0,consensusTimeout=3000,nodeId=0d6a7f52...
info|2026-02-06 15:42:33.111546|blockSubmit-0x000079c942dcb6c0|[CONSENSUS][SEALER]asyncNoteLatestBlockNumber,number=34
info|2026-02-06 15:42:33.111567|blockSubmit-0x000079c942dcb6c0|[CONSENSUS][SEALER]asyncNoteLatestBlockHash,_hash=c284c3f0...
info|2026-02-06 15:42:33.111633|blockSubmit-0x000079c942dcb6c0|[BLOCK SYNC]#### BlockSyncConfig resetConfig,number=34,consNodeSize=4,observerNodeSize=0,type=CONSENSUS_NODE
info|2026-02-06 15:42:33.113865|blockSubmit-0x000079c942dcb6c0|[CONSENSUS][PBFT]notify to seal next proposal,nextProposalIndex=35
info|2026-02-06 15:42:33.114264|blockSubmit-0x000079c942dcb6c0|[CONSENSUS][PBFT]removeConsensusedCache finalizeConsensus,view=3,number=34,eraseSize=1,cacheSize=0
info|2026-02-06 15:42:33.114398|blockSubmit-0x000079c942dcb6c0|[CONSENSUS][PBFT][STORAGE]asyncRemoveStabledCheckPoint,index=29
info|2026-02-06 15:42:33.115790|blockSubmit-0x000079c942dcb6c0|[CONSENSUS][PBFT][STORAGE]asyncRemove success,dbName=pbftCommitDB,key=29
info|2026-02-06 15:42:33.159165|pbftWorker-0x000079c940dc76c0|[CONSENSUS][PBFT]Receive CommittedProposalRequest,fromIndex=34,size=1
info|2026-02-06 15:42:33.159532|pbftWorker-0x000079c940dc76c0|[CONSENSUS][PBFT][STORAGE]asyncGetCommittedProposals success,proposals=1
info|2026-02-06 15:42:36.495135|timerFactory-0x000079c91cfff6c0|[RPC][WS][SERVICE]connected nodes,count=0
info|2026-02-06 15:42:36.518518|ioService-0x000079c92effd6c0|[P2PService][Service][METRIC]heartBeat,connected count=3
info|2026-02-06 15:42:37.492293|pbft-0x000079c9301ff6c0|[CONSENSUS][PBFT]handlePrePrepareMsg,reqHash=0d1eb0a8...,reqIndex=35,reqV=3,fromIdx=2,wait(ms)=0,committedIndex=34,consNum=35,committedHash=c284c3f0...,view=3,toView=3,changeCycle=0,expectedCheckPoint=35,Idx=0,unsealedTxs=1,sealUntil=0,waitResealUntil=0,consensusTimeout=3000,nodeId=0d6a7f52...,utc=16215209
info|2026-02-06 15:42:37.492531|pbft-0x000079c9301ff6c0|[TXPOOL]begin asyncVerifyBlock,consNum=35,hash=0d1eb0a8...
info|2026-02-06 15:42:37.492622|verifier-0x000079c951de96c0|[TXPOOL]batchVerifyProposal,consNum=35,hash=0d1eb0a8...,txsSize=1,lockT=0,verifyT=0,missedTxs=0
info|2026-02-06 15:42:37.492639|verifier-0x000079c951de96c0|[TXPOOL][METRIC]asyncVerifyBlock finished,consNum=35,hash=0d1eb0a8...,code=0,msg=success,result=true,timecost=0
info|2026-02-06 15:42:37.492750|verifier-0x000079c951de96c0|[CONSENSUS][PBFT]handlePrePrepareMsg,reqHash=0d1eb0a8...,reqIndex=35,reqV=3,fromIdx=2,wait(ms)=0,committedIndex=34,consNum=35,committedHash=c284c3f0...,view=3,toView=3,changeCycle=0,expectedCheckPoint=35,Idx=0,unsealedTxs=1,sealUntil=0,waitResealUntil=0,consensusTimeout=3000,nodeId=0d6a7f52...,utc=16215210
info|2026-02-06 15:42:37.492783|verifier-0x000079c951de96c0|[CONSENSUS][PBFT]addPrePrepareCache,reqHash=0d1eb0a8...,reqIndex=35,reqV=3,fromIdx=2,wait(ms)=0,sys=false,committedIndex=34,consNum=35,committedHash=c284c3f0...,view=3,toView=3,changeCycle=0,expectedCheckPoint=35,Idx=0,unsealedTxs=1,sealUntil=0,waitResealUntil=0,consensusTimeout=3000,nodeId=0d6a7f52...
info|2026-02-06 15:42:37.492793|validator-0x000079c9445ce6c0|[CONSENSUS][PBFT]asyncResetTxsFlag,index=35,hash=0d1eb0a8...,flag=true
info|2026-02-06 15:42:37.492823|verifier-0x000079c951de96c0|[CONSENSUS][PBFT]notify the committed proposal index to the sync module success,index=35
info|2026-02-06 15:42:37.492838|validator-0x000079c9445ce6c0|[TXPOOL]batchMarkTxs,txsSize=1,batchId=35,hash=0d1eb0a8...,sealFlag=true,notFound=0,reSealed=0,succ=1,time=0,markT=0
info|2026-02-06 15:42:37.492848|validator-0x000079c9445ce6c0|[CONSENSUS][PBFT]asyncMarkTxs success,index=35,hash=0d1eb0a8...,flag=true,markT=0,emptyTxBatchHash=false
info|2026-02-06 15:42:37.492887|verifier-0x000079c951de96c0|[CONSENSUS][PBFT]addPrepareCache,reqHash=0d1eb0a8...,reqIndex=35,reqV=3,fromIdx=0,wait(ms)=0,committedIndex=34,consNum=35,committedHash=c284c3f0...,view=3,toView=3,changeCycle=0,expectedCheckPoint=35,Idx=0,unsealedTxs=0,sealUntil=0,waitResealUntil=0,consensusTimeout=3000,nodeId=0d6a7f52...,weight=1
info|2026-02-06 15:42:37.492931|verifier-0x000079c951de96c0|[CONSENSUS][PBFT]broadcast prepare packet,packetSize=228,index=35
info|2026-02-06 15:42:37.493018|verifier-0x000079c951de96c0|[CONSENSUS][PBFT]handlePrePrepareMsg and broadcast prepare packet,reqHash=0d1eb0a8...,reqIndex=35,reqV=3,fromIdx=2,wait(ms)=1,committedIndex=34,consNum=35,committedHash=c284c3f0...,view=3,toView=3,changeCycle=0,expectedCheckPoint=35,Idx=0,unsealedTxs=0,sealUntil=0,waitResealUntil=0,consensusTimeout=3000,nodeId=0d6a7f52...
info|2026-02-06 15:42:37.493101|txsPreStore-0x000079c9505e66c0|[TXPOOL]storeVerifiedBlock fetch block number from LedgerConfig
info|2026-02-06 15:42:37.493447|txsPreStore-0x000079c9505e66c0|[TOOL]LedgerConfigFetcher: fetchBlockNumber success,blockNumber=34
info|2026-02-06 15:42:37.493482|pbft-0x000079c9301ff6c0|[CONSENSUS][PBFT]addPrepareCache,reqHash=0d1eb0a8...,reqIndex=35,reqV=3,fromIdx=2,wait(ms)=0,committedIndex=34,consNum=35,committedHash=c284c3f0...,view=3,toView=3,changeCycle=0,expectedCheckPoint=35,Idx=0,unsealedTxs=0,sealUntil=0,waitResealUntil=0,consensusTimeout=3000,nodeId=0d6a7f52...,weight=2
info|2026-02-06 15:42:37.493543|txsPreStore-0x000079c9505e66c0|[TXPOOL]storeVerifiedBlock,consNum=35,hash=0d1eb0a8...,txsSize=1
info|2026-02-06 15:42:37.494517|pbft-0x000079c9301ff6c0|[CONSENSUS][PBFT]addPrepareCache,reqHash=0d1eb0a8...,reqIndex=35,reqV=3,fromIdx=1,wait(ms)=1,committedIndex=34,consNum=35,committedHash=c284c3f0...,view=3,toView=3,changeCycle=0,expectedCheckPoint=35,Idx=0,unsealedTxs=0,sealUntil=0,waitResealUntil=0,consensusTimeout=3000,nodeId=0d6a7f52...,weight=3
info|2026-02-06 15:42:37.494550|pbft-0x000079c9301ff6c0|[CONSENSUS][PBFT]setSignatureList,signatureSize=3,propHash=0d1eb0a8...,propIndex=35
info|2026-02-06 15:42:37.494568|pbft-0x000079c9301ff6c0|[CONSENSUS][PBFT]intoPrecommit,reqHash=0d1eb0a8...,reqIndex=35,reqV=3,fromIdx=0,wait(ms)=2,committedIndex=34,consNum=35,committedHash=c284c3f0...,view=3,toView=3,changeCycle=0,expectedCheckPoint=35,Idx=0,unsealedTxs=0,sealUntil=0,waitResealUntil=0,consensusTimeout=3000,nodeId=0d6a7f52...
info|2026-02-06 15:42:37.494607|pbft-0x000079c9301ff6c0|[CONSENSUS][PBFT]addCommitCache,reqHash=0d1eb0a8...,reqIndex=35,reqV=3,fromIdx=0,wait(ms)=0,committedIndex=34,consNum=35,committedHash=c284c3f0...,view=3,toView=3,changeCycle=0,expectedCheckPoint=35,Idx=0,unsealedTxs=0,sealUntil=0,waitResealUntil=0,consensusTimeout=3000,nodeId=0d6a7f52...,weight=1
info|2026-02-06 15:42:37.494613|pbft-0x000079c9301ff6c0|[CONSENSUS][PBFT]checkAndPreCommit: broadcast commitMsg,Idx=0,hash=0d1eb0a8...,index=35
info|2026-02-06 15:42:37.494494|txsPreStore-0x000079c9505e66c0|[LEDGER]asyncPreStoreBlockTxs: needStoreUnsavedTxs,txsSize=1,unstoredTxs=1,number=35
info|2026-02-06 15:42:37.494826|pbft-0x000079c9301ff6c0|[CONSENSUS][PBFT]addPrepareCache,reqHash=0d1eb0a8...,reqIndex=35,reqV=3,fromIdx=3,wait(ms)=1,committedIndex=34,consNum=35,committedHash=c284c3f0...,view=3,toView=3,changeCycle=0,expectedCheckPoint=35,Idx=0,unsealedTxs=0,sealUntil=0,waitResealUntil=0,consensusTimeout=3000,nodeId=0d6a7f52...,weight=4
info|2026-02-06 15:42:37.495182|txsPreStore-0x000079c9505e66c0|[STORAGE-RocksDB]setRows finished,put=1,dataSize=10350,time(ms)=0
info|2026-02-06 15:42:37.495194|txsPreStore-0x000079c9505e66c0|[LEDGER]asyncPreStoreBlockTxs: store uncommitted txs,blockNumber=35,blockTxsSize=1,unStoredTxs=1,msg=success,code=0,timeCost=1
info|2026-02-06 15:42:37.495199|txsPreStore-0x000079c9505e66c0|[TXPOOL]storeVerifiedBlock success,consNum=35,hash=0d1eb0a8...,timecost=1
info|2026-02-06 15:42:37.495319|pbft-0x000079c9301ff6c0|[CONSENSUS][PBFT]addCommitCache,reqHash=0d1eb0a8...,reqIndex=35,reqV=3,fromIdx=1,wait(ms)=1,committedIndex=34,consNum=35,committedHash=c284c3f0...,view=3,toView=3,changeCycle=0,expectedCheckPoint=35,Idx=0,unsealedTxs=0,sealUntil=0,waitResealUntil=0,consensusTimeout=3000,nodeId=0d6a7f52...,weight=2
info|2026-02-06 15:42:37.495411|pbft-0x000079c9301ff6c0|[CONSENSUS][PBFT]addCommitCache,reqHash=0d1eb0a8...,reqIndex=35,reqV=3,fromIdx=3,wait(ms)=0,committedIndex=34,consNum=35,committedHash=c284c3f0...,view=3,toView=3,changeCycle=0,expectedCheckPoint=35,Idx=0,unsealedTxs=0,sealUntil=0,waitResealUntil=0,consensusTimeout=3000,nodeId=0d6a7f52...,weight=3
info|2026-02-06 15:42:37.495425|pbft-0x000079c9301ff6c0|[CONSENSUS][PBFT]checkAndCommit,propHash=0d1eb0a8...,propIndex=35,committedIndex=34,consNum=35,committedHash=c284c3f0...,view=3,toView=3,changeCycle=0,expectedCheckPoint=35,Idx=0,unsealedTxs=0,sealUntil=0,waitResealUntil=0,consensusTimeout=3000,nodeId=0d6a7f52...
info|2026-02-06 15:42:37.495434|pbft-0x000079c9301ff6c0|[CONSENSUS][PBFT]######## CommitProposal,propHash=0d1eb0a8...,propIndex=35,sys=false,committedIndex=34,consNum=35,committedHash=c284c3f0...,view=3,toView=3,changeCycle=0,expectedCheckPoint=35,Idx=0,unsealedTxs=0,sealUntil=0,waitResealUntil=0,consensusTimeout=3000,nodeId=0d6a7f52...
info|2026-02-06 15:42:37.495443|pbft-0x000079c9301ff6c0|[CONSENSUS][PBFT]notify to seal next proposal,nextProposalIndex=36
info|2026-02-06 15:42:37.495471|pbft-0x000079c9301ff6c0|[CONSENSUS][PBFT]notify to seal next proposal,nextProposalIndex=36
info|2026-02-06 15:42:37.495477|pbft-0x000079c9301ff6c0|[CONSENSUS][PBFT]applyStateMachine,index=35,hash=0d1eb0a8...,committedIndex=34,consNum=35,committedHash=c284c3f0...,view=3,toView=3,changeCycle=0,expectedCheckPoint=35,Idx=0,unsealedTxs=0,sealUntil=0,waitResealUntil=0,consensusTimeout=3000,nodeId=0d6a7f52...,unAppliedProposals=0
info|2026-02-06 15:42:37.495972|preExeScheduler-0x000079c8fb8e06c0|[SCHEDULER][METRIC][BlockTrace][blk-35]preExeBlock success,blockHeader.timestamp=1770363757491,metaTxCount=1,timeCost=0
info|2026-02-06 15:42:37.496066|exeScheduler-0x000079c8fa8de6c0|[SCHEDULER][METRIC][blk-35]ExecuteBlock request,gasLimit=3000000000,gasPrice=0x0,verify=false,signatureSize=0,txCount=0,metaTxCount=1,version=3.11.0,waitT=0
info|2026-02-06 15:42:37.496139|exeScheduler-0x000079c8fa8de6c0|[SCHEDULER][blk-35][BlockTrace]ExecuteBlock start,time(ms)=0
info|2026-02-06 15:42:37.496145|exeScheduler-0x000079c8fa8de6c0|[SCHEDULER][serialExecute][blk-35][BlockTrace]serialExecute execute block
info|2026-02-06 15:42:37.496149|exeScheduler-0x000079c8fa8de6c0|[SCHEDULER][serialExecute][blk-35][BlockTrace]serialExecute batch next block
info|2026-02-06 15:42:37.496154|exeScheduler-0x000079c8fa8de6c0|[SCHEDULER][blk-35][BlockTrace]NextBlock request,executorNum=1
info|2026-02-06 15:42:37.496699|exec-0x000079c94c5de6c0|[SCHEDULER][blk-35][BlockTrace]NextBlock success,executorNum=1,timeCost=0
info|2026-02-06 15:42:37.496727|exec-0x000079c94c5de6c0|[SCHEDULER][serialExecute][blk-35][BlockTrace]serialExecute block begin
info|2026-02-06 15:42:37.497139|Unnamed-0x000079c8f58d46c0|[STORAGE-KeyPage]empty table,table=/apps/4035a74c5f0daead4ae48a9be0415cfaa8a69d34_accessAuth,key=61646d696e
info|2026-02-06 15:42:37.497266|Unnamed-0x000079c8f58d46c0|[STORAGE-KeyPage]empty table,table=/apps/4035a74c5f0daead4ae48a9be0415cfaa8a69d34,key=0000000000000000000000000000000000000000000000000000000000000004
info|2026-02-06 15:42:37.497800|exec-0x000079c94addb6c0|[STORAGE-KeyPage]hash,size=29,blockVersion=51052544,readLength=17460,writeLength=452,pageCount=2,entrycount=2,entriesHash=98775044b0e4d78873dd4cb4a6602202d9d93688f2ccf2abaaa3bdccf4340e0a,pagesHash=781d0829e6259f15d3e3952918cce2b3e9d745e9a7f4884bab43cd0f6afa6b24,totalHash=e06a586d56c1489da03ed99dbeacc0b1300e736155387ae001e070c39ece652e
info|2026-02-06 15:42:37.497833|exec-0x000079c94addb6c0|[EXECUTOR:1770362656][blk-35]GetTableHashes success,hash=e06a586d56c1489da03ed99dbeacc0b1300e736155387ae001e070c39ece652e,time(ms)=0
info|2026-02-06 15:42:37.497859|exec-0x000079c94addb6c0|[SCHEDULER][blk-35][BlockTrace]ExecuteBlock success,hash=45786bd5...,stateRoot=e06a586d56c1489da03ed99dbeacc0b1300e736155387ae001e070c39ece652e,receiptRoot=3b6a4e06a0f87e2ebf1e50f9aecbcef8ef46215c1e71ac90846f89234ddc48f8,txsRoot=9eabe106...,gasUsed=124031,signatureSize=0,timeCost=1,blockVersion=51052544
info|2026-02-06 15:42:37.497867|exec-0x000079c94addb6c0|[CONSENSUS][Core][METRIC]asyncExecuteBlock success,sysBlock=false,number=35,result=45786bd5...,txsSize=1,txsRoot=9eabe106...,receiptsRoot=3b6a4e06...,stateRoot=e06a586d...,timeCost=2,execPerTx=2
info|2026-02-06 15:42:37.497908|exec-0x000079c94addb6c0|[CONSENSUS][PBFT]applyStateMachine finished,index=35,beforeExec=0d1eb0a8...,afterExec=45786bd5...,committedIndex=34,consNum=35,committedHash=c284c3f0...,view=3,toView=3,changeCycle=0,expectedCheckPoint=35,Idx=0,unsealedTxs=0,sealUntil=0,waitResealUntil=0,consensusTimeout=3000,nodeId=0d6a7f52...,timecost=2
info|2026-02-06 15:42:37.497998|pbftWorker-0x000079c9405c66c0|[CONSENSUS][PBFT][STORAGE]asyncCommitProposal: write the committed proposal into db,index=35
info|2026-02-06 15:42:37.498115|pbftWorker-0x000079c9405c66c0|[CONSENSUS][PBFT][STORAGE]asyncPutProposal: commit success,dbName=pbftCommitDB,key=max_committed_proposal,number=35,timecost=0,dataSize=2
info|2026-02-06 15:42:37.498163|pbftWorker-0x000079c9405c66c0|[CONSENSUS][PBFT][STORAGE]asyncPutProposal: commit success,dbName=pbftCommitDB,key=35,number=35,timecost=0,dataSize=635
info|2026-02-06 15:42:37.498377|pbftWorker-0x000079c9405c66c0|[CONSENSUS][PBFT]addCheckPointMsg,reqHash=45786bd5...,reqIndex=35,reqV=3,fromIdx=0,wait(ms)=0,Idx=0,weight=1,minRequiredWeight=3
info|2026-02-06 15:42:37.498400|pbftWorker-0x000079c9405c66c0|[CONSENSUS][PBFT]setCheckPointProposal,propHash=45786bd5...,propIndex=35,committedIndex=34,consNum=35,committedHash=c284c3f0...,view=3,toView=3,changeCycle=0,expectedCheckPoint=35,Idx=0,unsealedTxs=0,sealUntil=0,waitResealUntil=0,consensusTimeout=3000,nodeId=0d6a7f52...
info|2026-02-06 15:42:37.498411|pbftWorker-0x000079c9405c66c0|[CONSENSUS][PBFT]PBFTConfig: setExpectedCheckPoint,committedIndex=34,consNum=35,committedHash=c284c3f0...,view=3,toView=3,changeCycle=0,expectedCheckPoint=36,Idx=0,unsealedTxs=0,sealUntil=0,waitResealUntil=0,consensusTimeout=3000,nodeId=0d6a7f52...,expectedCheckPoint=36
info|2026-02-06 15:42:37.498523|pbftWorker-0x000079c9405c66c0|[CONSENSUS][PBFT]notify to seal next proposal,nextProposalIndex=36
info|2026-02-06 15:42:37.498532|pbftWorker-0x000079c9405c66c0|[CONSENSUS][PBFT]onProposalApplySuccess,index=35,hash=45786bd5...,lockT=0,timecost=0
info|2026-02-06 15:42:37.499133|pbft-0x000079c9301ff6c0|[CONSENSUS][PBFT]handleCheckPointMsg: try to add the checkpoint message into the cache,reqHash=45786bd5...,reqIndex=35,reqV=3,fromIdx=1,wait(ms)=1,committedIndex=34,consNum=35,committedHash=c284c3f0...,view=3,toView=3,changeCycle=0,expectedCheckPoint=36,Idx=0,unsealedTxs=0,sealUntil=0,waitResealUntil=0,consensusTimeout=3000,nodeId=0d6a7f52...
info|2026-02-06 15:42:37.499187|pbft-0x000079c9301ff6c0|[CONSENSUS][PBFT]addCheckPointMsg,reqHash=45786bd5...,reqIndex=35,reqV=3,fromIdx=1,wait(ms)=1,Idx=0,weight=2,minRequiredWeight=3
info|2026-02-06 15:42:37.499200|pbft-0x000079c9301ff6c0|[CONSENSUS][PBFT]notify to seal next proposal,nextProposalIndex=36
info|2026-02-06 15:42:37.499285|pbft-0x000079c9301ff6c0|[CONSENSUS][PBFT]handleCheckPointMsg: try to add the checkpoint message into the cache,reqHash=45786bd5...,reqIndex=35,reqV=3,fromIdx=3,wait(ms)=1,committedIndex=34,consNum=35,committedHash=c284c3f0...,view=3,toView=3,changeCycle=0,expectedCheckPoint=36,Idx=0,unsealedTxs=0,sealUntil=0,waitResealUntil=0,consensusTimeout=3000,nodeId=0d6a7f52...
info|2026-02-06 15:42:37.499306|pbft-0x000079c9301ff6c0|[CONSENSUS][PBFT]addCheckPointMsg,reqHash=45786bd5...,reqIndex=35,reqV=3,fromIdx=3,wait(ms)=1,Idx=0,weight=3,minRequiredWeight=3
info|2026-02-06 15:42:37.499328|pbft-0x000079c9301ff6c0|[CONSENSUS][PBFT]notify to seal next proposal,nextProposalIndex=36
info|2026-02-06 15:42:37.499349|pbft-0x000079c9301ff6c0|[CONSENSUS][PBFT]setSignatureList,signatureSize=3,propHash=45786bd5...,propIndex=35
info|2026-02-06 15:42:37.499355|pbft-0x000079c9301ff6c0|[CONSENSUS][PBFT]checkAndCommitStableCheckPoint,index=35,hash=45786bd5...,committedIndex=34,consNum=35,committedHash=c284c3f0...,view=3,toView=3,changeCycle=0,expectedCheckPoint=36,Idx=0,unsealedTxs=0,sealUntil=0,waitResealUntil=0,consensusTimeout=3000,nodeId=0d6a7f52...
info|2026-02-06 15:42:37.499365|pbft-0x000079c9301ff6c0|[CONSENSUS][PBFT]updateStableCheckPointQueue: insert new checkpoint proposal,index=35,hash=45786bd5...,committedIndex=34,consNum=35,committedHash=c284c3f0...,view=3,toView=3,changeCycle=0,expectedCheckPoint=36,Idx=0,unsealedTxs=0,sealUntil=0,waitResealUntil=0,consensusTimeout=3000,nodeId=0d6a7f52...
info|2026-02-06 15:42:37.499373|pbft-0x000079c9301ff6c0|[CONSENSUS][PBFT]updateStableCheckPointQueue: commit stable checkpoint,index=35,committedIndex=34
info|2026-02-06 15:42:37.499386|pbft-0x000079c9301ff6c0|[CONSENSUS][PBFT]asyncCommitStableCheckPoint: set signatureList,index=35,hash=45786bd5...,proofSize=3,blockProofSize=3
info|2026-02-06 15:42:37.499439|blockSubmit-0x000079c942dcb6c0|[SCHEDULER][blk-35][BlockTrace]CommitBlock start
info|2026-02-06 15:42:37.499716|blockSubmit-0x000079c942dcb6c0|[STORAGE-RocksDB]asyncPrepare,number=35
info|2026-02-06 15:42:37.499803|blockSubmit-0x000079c942dcb6c0|[STORAGE-RocksDB]asyncPrepare finished,blockNumber=35,put=7,delete=0,startTS=0,encode(ms)=0,time(ms)=0
info|2026-02-06 15:42:37.499850|blockSubmit-0x000079c942dcb6c0|[LEDGER]storeTransactionsAndReceipts,blockNumber=35
info|2026-02-06 15:42:37.499867|exec-0x000079c94bddd6c0|[STORAGE-RocksDB]asyncPrepare,number=35
info|2026-02-06 15:42:37.499950|ledgerWrite-0x000079c956df36c0|[STORAGE-RocksDB]setRows finished,put=1,dataSize=140,time(ms)=0
info|2026-02-06 15:42:37.499973|exec-0x000079c94bddd6c0|[STORAGE-KeyPage]parallelTraverse,size=591
info|2026-02-06 15:42:37.499988|exec-0x000079c94bddd6c0|[STORAGE-RocksDB]asyncPrepare finished,blockNumber=35,put=6,delete=3,startTS=0,encode(ms)=0,time(ms)=0
info|2026-02-06 15:42:37.499992|exec-0x000079c94bddd6c0|[EXECUTOR:1770362656][blk-35]Prepare success
info|2026-02-06 15:42:37.500004|blockSubmit-0x000079c942dcb6c0|[LEDGER]storeTransactionsAndReceipts finished,blockNumber=35,blockTxsSize=1,unStoredTxs=0,timeCost=1
info|2026-02-06 15:42:37.500100|blockSubmit-0x000079c942dcb6c0|[STORAGE-RocksDB]asyncCommit finished,blockNumber=35,startTS=0,time(ms)=0,callback time(ms)=0,count=16
info|2026-02-06 15:42:37.500109|blockSubmit-0x000079c942dcb6c0|[LEDGER][METRIC]asyncPrewriteBlock,number=35,totalTxs=38,failedTxs=12,incTxs=1,incFailedTxs=0
info|2026-02-06 15:42:37.500145|pbft-0x000079c9301ff6c0|[CONSENSUS][PBFT]handleCheckPointMsg: try to add the checkpoint message into the cache,reqHash=45786bd5...,reqIndex=35,reqV=3,fromIdx=2,wait(ms)=1,committedIndex=34,consNum=35,committedHash=c284c3f0...,view=3,toView=3,changeCycle=0,expectedCheckPoint=36,Idx=0,unsealedTxs=0,sealUntil=0,waitResealUntil=0,consensusTimeout=3000,nodeId=0d6a7f52...
info|2026-02-06 15:42:37.500166|pbft-0x000079c9301ff6c0|[CONSENSUS][PBFT]addCheckPointMsg,reqHash=45786bd5...,reqIndex=35,reqV=3,fromIdx=2,wait(ms)=1,Idx=0,weight=4,minRequiredWeight=3
info|2026-02-06 15:42:37.500173|pbft-0x000079c9301ff6c0|[CONSENSUS][PBFT]notify to seal next proposal,nextProposalIndex=36
info|2026-02-06 15:42:37.500410|exec-0x000079c94b5dc6c0|[TOOL]fetchCompatibilityVersion
info|2026-02-06 15:42:37.500481|exec-0x000079c94b5dc6c0|[TOOL]fetchCompatibilityVersion success,version=3.11.0,versionNumber=51052544,minSupportedVersion=3.0.0-rc4,maxSupportedVersion=3.11.0
info|2026-02-06 15:42:37.500520|exec-0x000079c94b5dc6c0|[TOOL]fetchAuthCheckStatus success,value=0
info|2026-02-06 15:42:37.500525|exec-0x000079c94b5dc6c0|[EXECUTOR:1770362656]merge keyPage to cachedStorage,number=35
info|2026-02-06 15:42:37.500557|exec-0x000079c94b5dc6c0|[STORAGE-KeyPage]parallelTraverse,size=591
info|2026-02-06 15:42:37.500563|exec-0x000079c94b5dc6c0|[STORAGE]Successful merged records,count=9
info|2026-02-06 15:42:37.501346|exec-0x000079c94b5dc6c0|[SCHEDULER][blk-35][BlockTrace]CommitBlock success,gas limit=3000000000,timeCost=2
info|2026-02-06 15:42:37.501405|exec-0x000079c94b5dc6c0|[SCHEDULER][BlockTrace]Notify block result success,blockNumber=35
info|2026-02-06 15:42:37.501416|exec-0x000079c94b5dc6c0|[CONSENSUS][PBFT][STORAGE][METRIC]commitStableCheckPoint success,index=35,hash=45786bd5...,txs=1,timeCost=2,commitPerTx=2
info|2026-02-06 15:42:37.501450|exec-0x000079c94b5dc6c0|[SCHEDULER][blk-35]notify block result success,hash=45786bd5...,txsSize=1
info|2026-02-06 15:42:37.501478|blockSubmit-0x000079c942dcb6c0|[CONSENSUS][PBFT][METRIC]resetConfig,committedIndex=35,propHash=45786bd5...,blockCountLimit=1000,leaderPeriod=1,consensusNodesSize=4
info|2026-02-06 15:42:37.501500|submitter-0x000079c9555f06c0|[TXPOOL][METRIC]StatTPS,tps=76,totalTime=13
info|2026-02-06 15:42:37.501539|blockSubmit-0x000079c942dcb6c0|[CONSENSUS][PBFT][METRIC]^^^^^^^^Report,sealer=2,txs=1,committedIndex=35,consNum=36,committedHash=45786bd5...,view=3,toView=3,changeCycle=0,expectedCheckPoint=36,Idx=0,unsealedTxs=0,sealUntil=0,waitResealUntil=0,consensusTimeout=3000,nodeId=0d6a7f52...
info|2026-02-06 15:42:37.501552|blockSubmit-0x000079c942dcb6c0|[CONSENSUS][SEALER]asyncNoteLatestBlockNumber,number=35
info|2026-02-06 15:42:37.501555|blockSubmit-0x000079c942dcb6c0|[CONSENSUS][SEALER]asyncNoteLatestBlockHash,_hash=45786bd5...
info|2026-02-06 15:42:37.501568|blockSubmit-0x000079c942dcb6c0|[BLOCK SYNC]#### BlockSyncConfig resetConfig,number=35,consNodeSize=4,observerNodeSize=0,type=CONSENSUS_NODE
info|2026-02-06 15:42:37.501589|exec-0x000079c94b5dc6c0|[STORAGE-RocksDB]asyncCommit finished,blockNumber=35,startTS=0,time(ms)=0,callback time(ms)=2,count=0
info|2026-02-06 15:42:37.501885|submitter-0x000079c9555f06c0|[TXPOOL][METRIC]batchRemove txs success,expectedSize=1,succCount=1,batchId=35,timecost=0,lockT=0,removeT=0,updateLedgerNonceT=0,updateTxPoolNonceT=0
info|2026-02-06 15:42:37.501963|blockSubmit-0x000079c942dcb6c0|[CONSENSUS][PBFT]notify to seal next proposal,nextProposalIndex=36
info|2026-02-06 15:42:37.502007|blockSubmit-0x000079c942dcb6c0|[CONSENSUS][PBFT]removeConsensusedCache finalizeConsensus,view=3,number=35,eraseSize=1,cacheSize=0
info|2026-02-06 15:42:37.502052|blockSubmit-0x000079c942dcb6c0|[CONSENSUS][PBFT][STORAGE]asyncRemoveStabledCheckPoint,index=30
info|2026-02-06 15:42:37.502086|blockSubmit-0x000079c942dcb6c0|[CONSENSUS][PBFT][STORAGE]asyncRemove success,dbName=pbftCommitDB,key=30
info|2026-02-06 15:42:42.235928|pbft-0x000079c9301ff6c0|[CONSENSUS][PBFT]handlePrePrepareMsg,reqHash=4bb597ba...,reqIndex=36,reqV=3,fromIdx=3,wait(ms)=0,committedIndex=35,consNum=36,committedHash=45786bd5...,view=3,toView=3,changeCycle=0,expectedCheckPoint=36,Idx=0,unsealedTxs=1,sealUntil=0,waitResealUntil=0,consensusTimeout=3000,nodeId=0d6a7f52...,utc=16219953
info|2026-02-06 15:42:42.236215|pbft-0x000079c9301ff6c0|[TXPOOL]begin asyncVerifyBlock,consNum=36,hash=4bb597ba...
info|2026-02-06 15:42:42.236344|verifier-0x000079c9515e86c0|[TXPOOL]batchVerifyProposal,consNum=36,hash=4bb597ba...,txsSize=1,lockT=0,verifyT=0,missedTxs=0
info|2026-02-06 15:42:42.236380|verifier-0x000079c9515e86c0|[TXPOOL][METRIC]asyncVerifyBlock finished,consNum=36,hash=4bb597ba...,code=0,msg=success,result=true,timecost=0
info|2026-02-06 15:42:42.236400|verifier-0x000079c9515e86c0|[CONSENSUS][PBFT]handlePrePrepareMsg,reqHash=4bb597ba...,reqIndex=36,reqV=3,fromIdx=3,wait(ms)=1,committedIndex=35,consNum=36,committedHash=45786bd5...,view=3,toView=3,changeCycle=0,expectedCheckPoint=36,Idx=0,unsealedTxs=1,sealUntil=0,waitResealUntil=0,consensusTimeout=3000,nodeId=0d6a7f52...,utc=16219953
info|2026-02-06 15:42:42.236419|verifier-0x000079c9515e86c0|[CONSENSUS][PBFT]addPrePrepareCache,reqHash=4bb597ba...,reqIndex=36,reqV=3,fromIdx=3,wait(ms)=1,sys=false,committedIndex=35,consNum=36,committedHash=45786bd5...,view=3,toView=3,changeCycle=0,expectedCheckPoint=36,Idx=0,unsealedTxs=1,sealUntil=0,waitResealUntil=0,consensusTimeout=3000,nodeId=0d6a7f52...
info|2026-02-06 15:42:42.236426|verifier-0x000079c9515e86c0|[CONSENSUS][PBFT]notify the committed proposal index to the sync module success,index=36
info|2026-02-06 15:42:42.236569|validator-0x000079c943dcd6c0|[CONSENSUS][PBFT]asyncResetTxsFlag,index=36,hash=4bb597ba...,flag=true
info|2026-02-06 15:42:42.236583|validator-0x000079c943dcd6c0|[TXPOOL]batchMarkTxs,txsSize=1,batchId=36,hash=4bb597ba...,sealFlag=true,notFound=0,reSealed=0,succ=1,time=0,markT=0
info|2026-02-06 15:42:42.236600|validator-0x000079c943dcd6c0|[CONSENSUS][PBFT]asyncMarkTxs success,index=36,hash=4bb597ba...,flag=true,markT=0,emptyTxBatchHash=false
info|2026-02-06 15:42:42.236591|verifier-0x000079c9515e86c0|[CONSENSUS][PBFT]addPrepareCache,reqHash=4bb597ba...,reqIndex=36,reqV=3,fromIdx=0,wait(ms)=0,committedIndex=35,consNum=36,committedHash=45786bd5...,view=3,toView=3,changeCycle=0,expectedCheckPoint=36,Idx=0,unsealedTxs=0,sealUntil=0,waitResealUntil=0,consensusTimeout=3000,nodeId=0d6a7f52...,weight=1
info|2026-02-06 15:42:42.236655|verifier-0x000079c9515e86c0|[CONSENSUS][PBFT]broadcast prepare packet,packetSize=228,index=36
info|2026-02-06 15:42:42.237160|verifier-0x000079c9515e86c0|[CONSENSUS][PBFT]handlePrePrepareMsg and broadcast prepare packet,reqHash=4bb597ba...,reqIndex=36,reqV=3,fromIdx=3,wait(ms)=2,committedIndex=35,consNum=36,committedHash=45786bd5...,view=3,toView=3,changeCycle=0,expectedCheckPoint=36,Idx=0,unsealedTxs=0,sealUntil=0,waitResealUntil=0,consensusTimeout=3000,nodeId=0d6a7f52...
info|2026-02-06 15:42:42.237272|txsPreStore-0x000079c9505e66c0|[TXPOOL]storeVerifiedBlock fetch block number from LedgerConfig
info|2026-02-06 15:42:42.237327|txsPreStore-0x000079c9505e66c0|[TOOL]LedgerConfigFetcher: fetchBlockNumber success,blockNumber=35
info|2026-02-06 15:42:42.237319|pbft-0x000079c9301ff6c0|[CONSENSUS][PBFT]addPrepareCache,reqHash=4bb597ba...,reqIndex=36,reqV=3,fromIdx=3,wait(ms)=1,committedIndex=35,consNum=36,committedHash=45786bd5...,view=3,toView=3,changeCycle=0,expectedCheckPoint=36,Idx=0,unsealedTxs=0,sealUntil=0,waitResealUntil=0,consensusTimeout=3000,nodeId=0d6a7f52...,weight=2
info|2026-02-06 15:42:42.237349|txsPreStore-0x000079c9505e66c0|[TXPOOL]storeVerifiedBlock,consNum=36,hash=4bb597ba...,txsSize=1
info|2026-02-06 15:42:42.237378|txsPreStore-0x000079c9505e66c0|[LEDGER]asyncPreStoreBlockTxs: needStoreUnsavedTxs,txsSize=1,unstoredTxs=1,number=36
info|2026-02-06 15:42:42.237423|pbft-0x000079c9301ff6c0|[CONSENSUS][PBFT]addPrepareCache,reqHash=4bb597ba...,reqIndex=36,reqV=3,fromIdx=1,wait(ms)=1,committedIndex=35,consNum=36,committedHash=45786bd5...,view=3,toView=3,changeCycle=0,expectedCheckPoint=36,Idx=0,unsealedTxs=0,sealUntil=0,waitResealUntil=0,consensusTimeout=3000,nodeId=0d6a7f52...,weight=3
info|2026-02-06 15:42:42.237437|txsPreStore-0x000079c9505e66c0|[STORAGE-RocksDB]setRows finished,put=1,dataSize=8457,time(ms)=1
info|2026-02-06 15:42:42.237436|pbft-0x000079c9301ff6c0|[CONSENSUS][PBFT]setSignatureList,signatureSize=3,propHash=4bb597ba...,propIndex=36
info|2026-02-06 15:42:42.237441|txsPreStore-0x000079c9505e66c0|[LEDGER]asyncPreStoreBlockTxs: store uncommitted txs,blockNumber=36,blockTxsSize=1,unStoredTxs=1,msg=success,code=0,timeCost=0
info|2026-02-06 15:42:42.237444|txsPreStore-0x000079c9505e66c0|[TXPOOL]storeVerifiedBlock success,consNum=36,hash=4bb597ba...,timecost=0
info|2026-02-06 15:42:42.237458|pbft-0x000079c9301ff6c0|[CONSENSUS][PBFT]intoPrecommit,reqHash=4bb597ba...,reqIndex=36,reqV=3,fromIdx=0,wait(ms)=2,committedIndex=35,consNum=36,committedHash=45786bd5...,view=3,toView=3,changeCycle=0,expectedCheckPoint=36,Idx=0,unsealedTxs=0,sealUntil=0,waitResealUntil=0,consensusTimeout=3000,nodeId=0d6a7f52...
info|2026-02-06 15:42:42.237507|pbft-0x000079c9301ff6c0|[CONSENSUS][PBFT]addCommitCache,reqHash=4bb597ba...,reqIndex=36,reqV=3,fromIdx=0,wait(ms)=0,committedIndex=35,consNum=36,committedHash=45786bd5...,view=3,toView=3,changeCycle=0,expectedCheckPoint=36,Idx=0,unsealedTxs=0,sealUntil=0,waitResealUntil=0,consensusTimeout=3000,nodeId=0d6a7f52...,weight=1
info|2026-02-06 15:42:42.237521|pbft-0x000079c9301ff6c0|[CONSENSUS][PBFT]checkAndPreCommit: broadcast commitMsg,Idx=0,hash=4bb597ba...,index=36
info|2026-02-06 15:42:42.238074|pbft-0x000079c9301ff6c0|[CONSENSUS][PBFT]addCommitCache,reqHash=4bb597ba...,reqIndex=36,reqV=3,fromIdx=3,wait(ms)=1,committedIndex=35,consNum=36,committedHash=45786bd5...,view=3,toView=3,changeCycle=0,expectedCheckPoint=36,Idx=0,unsealedTxs=0,sealUntil=0,waitResealUntil=0,consensusTimeout=3000,nodeId=0d6a7f52...,weight=2
info|2026-02-06 15:42:42.238320|pbft-0x000079c9301ff6c0|[CONSENSUS][PBFT]addPrepareCache,reqHash=4bb597ba...,reqIndex=36,reqV=3,fromIdx=2,wait(ms)=0,committedIndex=35,consNum=36,committedHash=45786bd5...,view=3,toView=3,changeCycle=0,expectedCheckPoint=36,Idx=0,unsealedTxs=0,sealUntil=0,waitResealUntil=0,consensusTimeout=3000,nodeId=0d6a7f52...,weight=4
info|2026-02-06 15:42:42.238842|pbft-0x000079c9301ff6c0|[CONSENSUS][PBFT]addCommitCache,reqHash=4bb597ba...,reqIndex=36,reqV=3,fromIdx=2,wait(ms)=0,committedIndex=35,consNum=36,committedHash=45786bd5...,view=3,toView=3,changeCycle=0,expectedCheckPoint=36,Idx=0,unsealedTxs=0,sealUntil=0,waitResealUntil=0,consensusTimeout=3000,nodeId=0d6a7f52...,weight=3
info|2026-02-06 15:42:42.238881|pbft-0x000079c9301ff6c0|[CONSENSUS][PBFT]checkAndCommit,propHash=4bb597ba...,propIndex=36,committedIndex=35,consNum=36,committedHash=45786bd5...,view=3,toView=3,changeCycle=0,expectedCheckPoint=36,Idx=0,unsealedTxs=0,sealUntil=0,waitResealUntil=0,consensusTimeout=3000,nodeId=0d6a7f52...
info|2026-02-06 15:42:42.238891|pbft-0x000079c9301ff6c0|[CONSENSUS][PBFT]######## CommitProposal,propHash=4bb597ba...,propIndex=36,sys=false,committedIndex=35,consNum=36,committedHash=45786bd5...,view=3,toView=3,changeCycle=0,expectedCheckPoint=36,Idx=0,unsealedTxs=0,sealUntil=0,waitResealUntil=0,consensusTimeout=3000,nodeId=0d6a7f52...
info|2026-02-06 15:42:42.238901|pbft-0x000079c9301ff6c0|[CONSENSUS][SEALER]resetSealingInfo,start=37,end=37,sealingNumber=37,waitUntil=0,unsealedTxs=0
info|2026-02-06 15:42:42.238905|pbft-0x000079c9301ff6c0|[CONSENSUS][PBFT]asyncNotifySealProposal success,startIndex=37,endIndex=37,maxTxsToSeal=1000
info|2026-02-06 15:42:42.238907|pbft-0x000079c9301ff6c0|[CONSENSUS][SEALER]asyncNotifySealProposal,startIndex=37,endIndex=37,maxTxsPerBlock=1000
info|2026-02-06 15:42:42.238913|pbft-0x000079c9301ff6c0|[CONSENSUS][PBFT]notifySealer: notify the new leader to seal block,lockNotifyT=0,idx=0,startIndex=37,endIndex=37,notifyBeginIndex=37,waitSealUntil=0,waitResealUntil=0,maxTxsToSeal=1000,committedIndex=35,consNum=36,committedHash=45786bd5...,view=3,toView=3,changeCycle=0,expectedCheckPoint=36,Idx=0,unsealedTxs=0,sealUntil=0,waitResealUntil=0,consensusTimeout=3000,nodeId=0d6a7f52...
info|2026-02-06 15:42:42.238920|pbft-0x000079c9301ff6c0|[CONSENSUS][PBFT]notify to seal next proposal,nextProposalIndex=37
info|2026-02-06 15:42:42.238957|pbft-0x000079c9301ff6c0|[CONSENSUS][PBFT]notifySealer return for invalid seal range,lockNotifyT=0,currentEndIndex=37,expectedEndIndex=37,committedIndex=35,consNum=36,committedHash=45786bd5...,view=3,toView=3,changeCycle=0,expectedCheckPoint=36,Idx=0,unsealedTxs=0,sealUntil=0,waitResealUntil=0,consensusTimeout=3000,nodeId=0d6a7f52...
info|2026-02-06 15:42:42.238968|pbft-0x000079c9301ff6c0|[CONSENSUS][PBFT]notify to seal next proposal,nextProposalIndex=37
info|2026-02-06 15:42:42.238971|pbft-0x000079c9301ff6c0|[CONSENSUS][PBFT]applyStateMachine,index=36,hash=4bb597ba...,committedIndex=35,consNum=36,committedHash=45786bd5...,view=3,toView=3,changeCycle=0,expectedCheckPoint=36,Idx=0,unsealedTxs=0,sealUntil=0,waitResealUntil=0,consensusTimeout=3000,nodeId=0d6a7f52...,unAppliedProposals=0
info|2026-02-06 15:42:42.239283|preExeScheduler-0x000079c8fb0df6c0|[SCHEDULER][METRIC][BlockTrace][blk-36]preExeBlock success,blockHeader.timestamp=1770363762235,metaTxCount=1,timeCost=0
info|2026-02-06 15:42:42.239298|exeScheduler-0x000079c8fa8de6c0|[SCHEDULER][METRIC][blk-36]ExecuteBlock request,gasLimit=3000000000,gasPrice=0x0,verify=false,signatureSize=0,txCount=0,metaTxCount=1,version=3.11.0,waitT=0
info|2026-02-06 15:42:42.239369|exeScheduler-0x000079c8fa8de6c0|[SCHEDULER][blk-36][BlockTrace]ExecuteBlock start,time(ms)=0
info|2026-02-06 15:42:42.239392|exeScheduler-0x000079c8fa8de6c0|[SCHEDULER][serialExecute][blk-36][BlockTrace]serialExecute execute block
info|2026-02-06 15:42:42.239396|exeScheduler-0x000079c8fa8de6c0|[SCHEDULER][serialExecute][blk-36][BlockTrace]serialExecute batch next block
info|2026-02-06 15:42:42.239405|exeScheduler-0x000079c8fa8de6c0|[SCHEDULER][blk-36][BlockTrace]NextBlock request,executorNum=1
info|2026-02-06 15:42:42.239926|exec-0x000079c949dd96c0|[SCHEDULER][blk-36][BlockTrace]NextBlock success,executorNum=1,timeCost=0
info|2026-02-06 15:42:42.239965|exec-0x000079c949dd96c0|[SCHEDULER][serialExecute][blk-36][BlockTrace]serialExecute block begin
info|2026-02-06 15:42:42.240259|Unnamed-0x000079c8f50d36c0|[STORAGE-KeyPage]empty table,table=/apps/74d6307a016c7ed2ee8733cb07dfc4533c46c5ab_accessAuth,key=61646d696e
info|2026-02-06 15:42:42.240435|Unnamed-0x000079c8f50d36c0|[STORAGE-KeyPage]empty table,table=/apps/74d6307a016c7ed2ee8733cb07dfc4533c46c5ab,key=0000000000000000000000000000000000000000000000000000000000000004
info|2026-02-06 15:42:42.240702|exec-0x000079c948dd76c0|[STORAGE-KeyPage]hash,size=29,blockVersion=51052544,readLength=14670,writeLength=452,pageCount=2,entrycount=2,entriesHash=108ae63994f2d8ae2a6057cb3a222fef28e6ac3b148c3862920660aaf1e646fe,pagesHash=1dccb9c44685ea3579237698c3c8f7878b4c9ea296bab18aaec07e8820a45fd2,totalHash=0d465ffdd277329b53432153f9ead868a3aa3299823689e83cc61e22d142192c
info|2026-02-06 15:42:42.240731|exec-0x000079c948dd76c0|[EXECUTOR:1770362656][blk-36]GetTableHashes success,hash=0d465ffdd277329b53432153f9ead868a3aa3299823689e83cc61e22d142192c,time(ms)=0
info|2026-02-06 15:42:42.240830|exec-0x000079c948dd76c0|[SCHEDULER][blk-36][BlockTrace]ExecuteBlock success,hash=8534088a...,stateRoot=0d465ffdd277329b53432153f9ead868a3aa3299823689e83cc61e22d142192c,receiptRoot=facb46ab12d554405ec9e0b8ea0893015452459c89c93e154aa9148b04039793,txsRoot=190a30e6...,gasUsed=102150,signatureSize=0,timeCost=1,blockVersion=51052544
info|2026-02-06 15:42:42.240856|exec-0x000079c948dd76c0|[CONSENSUS][Core][METRIC]asyncExecuteBlock success,sysBlock=false,number=36,result=8534088a...,txsSize=1,txsRoot=190a30e6...,receiptsRoot=facb46ab...,stateRoot=0d465ffd...,timeCost=1,execPerTx=1
info|2026-02-06 15:42:42.240907|exec-0x000079c948dd76c0|[CONSENSUS][PBFT]applyStateMachine finished,index=36,beforeExec=4bb597ba...,afterExec=8534088a...,committedIndex=35,consNum=36,committedHash=45786bd5...,view=3,toView=3,changeCycle=0,expectedCheckPoint=36,Idx=0,unsealedTxs=0,sealUntil=0,waitResealUntil=0,consensusTimeout=3000,nodeId=0d6a7f52...,timecost=2
info|2026-02-06 15:42:42.240953|pbftWorker-0x000079c93fdc56c0|[CONSENSUS][PBFT][STORAGE]asyncCommitProposal: write the committed proposal into db,index=36
info|2026-02-06 15:42:42.240996|pbftWorker-0x000079c93fdc56c0|[CONSENSUS][PBFT][STORAGE]asyncPutProposal: commit success,dbName=pbftCommitDB,key=max_committed_proposal,number=36,timecost=0,dataSize=2
info|2026-02-06 15:42:42.241032|pbftWorker-0x000079c93fdc56c0|[CONSENSUS][PBFT][STORAGE]asyncPutProposal: commit success,dbName=pbftCommitDB,key=36,number=36,timecost=0,dataSize=635
info|2026-02-06 15:42:42.241239|pbftWorker-0x000079c93fdc56c0|[CONSENSUS][PBFT]addCheckPointMsg,reqHash=8534088a...,reqIndex=36,reqV=3,fromIdx=0,wait(ms)=0,Idx=0,weight=1,minRequiredWeight=3
info|2026-02-06 15:42:42.241272|pbftWorker-0x000079c93fdc56c0|[CONSENSUS][PBFT]setCheckPointProposal,propHash=8534088a...,propIndex=36,committedIndex=35,consNum=36,committedHash=45786bd5...,view=3,toView=3,changeCycle=0,expectedCheckPoint=36,Idx=0,unsealedTxs=0,sealUntil=0,waitResealUntil=0,consensusTimeout=3000,nodeId=0d6a7f52...
info|2026-02-06 15:42:42.241282|pbftWorker-0x000079c93fdc56c0|[CONSENSUS][PBFT]PBFTConfig: setExpectedCheckPoint,committedIndex=35,consNum=36,committedHash=45786bd5...,view=3,toView=3,changeCycle=0,expectedCheckPoint=37,Idx=0,unsealedTxs=0,sealUntil=0,waitResealUntil=0,consensusTimeout=3000,nodeId=0d6a7f52...,expectedCheckPoint=37
info|2026-02-06 15:42:42.241288|pbftWorker-0x000079c93fdc56c0|[CONSENSUS][PBFT]notifySealer return for invalid seal range,lockNotifyT=0,currentEndIndex=37,expectedEndIndex=37,committedIndex=35,consNum=36,committedHash=45786bd5...,view=3,toView=3,changeCycle=0,expectedCheckPoint=37,Idx=0,unsealedTxs=0,sealUntil=0,waitResealUntil=0,consensusTimeout=3000,nodeId=0d6a7f52...
info|2026-02-06 15:42:42.241294|pbftWorker-0x000079c93fdc56c0|[CONSENSUS][PBFT]notify to seal next proposal,nextProposalIndex=37
info|2026-02-06 15:42:42.241300|pbftWorker-0x000079c93fdc56c0|[CONSENSUS][PBFT]onProposalApplySuccess,index=36,hash=8534088a...,lockT=0,timecost=0
info|2026-02-06 15:42:42.241440|pbft-0x000079c9301ff6c0|[CONSENSUS][PBFT]handleCheckPointMsg: try to add the checkpoint message into the cache,reqHash=8534088a...,reqIndex=36,reqV=3,fromIdx=3,wait(ms)=0,committedIndex=35,consNum=36,committedHash=45786bd5...,view=3,toView=3,changeCycle=0,expectedCheckPoint=37,Idx=0,unsealedTxs=0,sealUntil=0,waitResealUntil=0,consensusTimeout=3000,nodeId=0d6a7f52...
info|2026-02-06 15:42:42.241462|pbft-0x000079c9301ff6c0|[CONSENSUS][PBFT]addCheckPointMsg,reqHash=8534088a...,reqIndex=36,reqV=3,fromIdx=3,wait(ms)=0,Idx=0,weight=2,minRequiredWeight=3
info|2026-02-06 15:42:42.241468|pbft-0x000079c9301ff6c0|[CONSENSUS][PBFT]notifySealer return for invalid seal range,lockNotifyT=0,currentEndIndex=37,expectedEndIndex=37,committedIndex=35,consNum=36,committedHash=45786bd5...,view=3,toView=3,changeCycle=0,expectedCheckPoint=37,Idx=0,unsealedTxs=0,sealUntil=0,waitResealUntil=0,consensusTimeout=3000,nodeId=0d6a7f52...
info|2026-02-06 15:42:42.241473|pbft-0x000079c9301ff6c0|[CONSENSUS][PBFT]notify to seal next proposal,nextProposalIndex=37
info|2026-02-06 15:42:42.242645|pbft-0x000079c9301ff6c0|[CONSENSUS][PBFT]handleCheckPointMsg: try to add the checkpoint message into the cache,reqHash=8534088a...,reqIndex=36,reqV=3,fromIdx=1,wait(ms)=0,committedIndex=35,consNum=36,committedHash=45786bd5...,view=3,toView=3,changeCycle=0,expectedCheckPoint=37,Idx=0,unsealedTxs=0,sealUntil=0,waitResealUntil=0,consensusTimeout=3000,nodeId=0d6a7f52...
info|2026-02-06 15:42:42.242752|pbft-0x000079c9301ff6c0|[CONSENSUS][PBFT]addCheckPointMsg,reqHash=8534088a...,reqIndex=36,reqV=3,fromIdx=1,wait(ms)=0,Idx=0,weight=3,minRequiredWeight=3
info|2026-02-06 15:42:42.242834|pbft-0x000079c9301ff6c0|[CONSENSUS][PBFT]notifySealer return for invalid seal range,lockNotifyT=0,currentEndIndex=37,expectedEndIndex=37,committedIndex=35,consNum=36,committedHash=45786bd5...,view=3,toView=3,changeCycle=0,expectedCheckPoint=37,Idx=0,unsealedTxs=0,sealUntil=0,waitResealUntil=0,consensusTimeout=3000,nodeId=0d6a7f52...
info|2026-02-06 15:42:42.242900|pbft-0x000079c9301ff6c0|[CONSENSUS][PBFT]notify to seal next proposal,nextProposalIndex=37
info|2026-02-06 15:42:42.242908|pbft-0x000079c9301ff6c0|[CONSENSUS][PBFT]setSignatureList,signatureSize=3,propHash=8534088a...,propIndex=36
info|2026-02-06 15:42:42.242914|pbft-0x000079c9301ff6c0|[CONSENSUS][PBFT]checkAndCommitStableCheckPoint,index=36,hash=8534088a...,committedIndex=35,consNum=36,committedHash=45786bd5...,view=3,toView=3,changeCycle=0,expectedCheckPoint=37,Idx=0,unsealedTxs=0,sealUntil=0,waitResealUntil=0,consensusTimeout=3000,nodeId=0d6a7f52...
info|2026-02-06 15:42:42.242921|pbft-0x000079c9301ff6c0|[CONSENSUS][PBFT]updateStableCheckPointQueue: insert new checkpoint proposal,index=36,hash=8534088a...,committedIndex=35,consNum=36,committedHash=45786bd5...,view=3,toView=3,changeCycle=0,expectedCheckPoint=37,Idx=0,unsealedTxs=0,sealUntil=0,waitResealUntil=0,consensusTimeout=3000,nodeId=0d6a7f52...
info|2026-02-06 15:42:42.242926|pbft-0x000079c9301ff6c0|[CONSENSUS][PBFT]updateStableCheckPointQueue: commit stable checkpoint,index=36,committedIndex=35
info|2026-02-06 15:42:42.242937|pbft-0x000079c9301ff6c0|[CONSENSUS][PBFT]asyncCommitStableCheckPoint: set signatureList,index=36,hash=8534088a...,proofSize=3,blockProofSize=3
info|2026-02-06 15:42:42.243017|blockSubmit-0x000079c942dcb6c0|[SCHEDULER][blk-36][BlockTrace]CommitBlock start
info|2026-02-06 15:42:42.243244|blockSubmit-0x000079c942dcb6c0|[STORAGE-RocksDB]asyncPrepare,number=36
info|2026-02-06 15:42:42.243270|blockSubmit-0x000079c942dcb6c0|[STORAGE-RocksDB]asyncPrepare finished,blockNumber=36,put=7,delete=0,startTS=0,encode(ms)=0,time(ms)=0
info|2026-02-06 15:42:42.243291|blockSubmit-0x000079c942dcb6c0|[LEDGER]storeTransactionsAndReceipts,blockNumber=36
info|2026-02-06 15:42:42.243392|exec-0x000079c947dd56c0|[STORAGE-RocksDB]asyncPrepare,number=36
info|2026-02-06 15:42:42.243420|ledgerWrite-0x000079c9565f26c0|[STORAGE-RocksDB]setRows finished,put=1,dataSize=140,time(ms)=1
info|2026-02-06 15:42:42.243469|blockSubmit-0x000079c942dcb6c0|[LEDGER]storeTransactionsAndReceipts finished,blockNumber=36,blockTxsSize=1,unStoredTxs=0,timeCost=0
info|2026-02-06 15:42:42.243494|blockSubmit-0x000079c942dcb6c0|[LEDGER][METRIC]asyncPrewriteBlock,number=36,totalTxs=39,failedTxs=12,incTxs=1,incFailedTxs=0
info|2026-02-06 15:42:42.243517|exec-0x000079c947dd56c0|[STORAGE-KeyPage]parallelTraverse,size=567
info|2026-02-06 15:42:42.243541|exec-0x000079c947dd56c0|[STORAGE-RocksDB]asyncPrepare finished,blockNumber=36,put=6,delete=2,startTS=0,encode(ms)=0,time(ms)=0
info|2026-02-06 15:42:42.243546|exec-0x000079c947dd56c0|[EXECUTOR:1770362656][blk-36]Prepare success
info|2026-02-06 15:42:42.243615|exec-0x000079c947dd56c0|[STORAGE-RocksDB]asyncCommit finished,blockNumber=36,startTS=0,time(ms)=0,callback time(ms)=0,count=15
info|2026-02-06 15:42:42.243636|exec-0x000079c947dd56c0|[TOOL]fetchCompatibilityVersion
info|2026-02-06 15:42:42.243693|exec-0x000079c947dd56c0|[TOOL]fetchCompatibilityVersion success,version=3.11.0,versionNumber=51052544,minSupportedVersion=3.0.0-rc4,maxSupportedVersion=3.11.0
info|2026-02-06 15:42:42.243710|exec-0x000079c947dd56c0|[TOOL]fetchAuthCheckStatus success,value=0
info|2026-02-06 15:42:42.243714|exec-0x000079c947dd56c0|[EXECUTOR:1770362656]merge keyPage to cachedStorage,number=36
info|2026-02-06 15:42:42.243743|exec-0x000079c947dd56c0|[STORAGE-KeyPage]parallelTraverse,size=567
info|2026-02-06 15:42:42.243745|exec-0x000079c947dd56c0|[STORAGE]Successful merged records,count=8
info|2026-02-06 15:42:42.244937|exec-0x000079c947dd56c0|[SCHEDULER][blk-36][BlockTrace]CommitBlock success,gas limit=3000000000,timeCost=1
info|2026-02-06 15:42:42.245007|exec-0x000079c947dd56c0|[SCHEDULER][BlockTrace]Notify block result success,blockNumber=36
info|2026-02-06 15:42:42.245024|exec-0x000079c947dd56c0|[CONSENSUS][PBFT][STORAGE][METRIC]commitStableCheckPoint success,index=36,hash=8534088a...,txs=1,timeCost=2,commitPerTx=2
info|2026-02-06 15:42:42.245053|exec-0x000079c947dd56c0|[SCHEDULER][blk-36]notify block result success,hash=8534088a...,txsSize=1
info|2026-02-06 15:42:42.245134|exec-0x000079c947dd56c0|[STORAGE-RocksDB]asyncCommit finished,blockNumber=36,startTS=0,time(ms)=0,callback time(ms)=1,count=0
info|2026-02-06 15:42:42.245242|blockSubmit-0x000079c942dcb6c0|[CONSENSUS][PBFT][METRIC]resetConfig,committedIndex=36,propHash=8534088a...,blockCountLimit=1000,leaderPeriod=1,consensusNodesSize=4
info|2026-02-06 15:42:42.245281|blockSubmit-0x000079c942dcb6c0|[CONSENSUS][PBFT][METRIC]^^^^^^^^Report,sealer=3,txs=1,committedIndex=36,consNum=37,committedHash=8534088a...,view=3,toView=3,changeCycle=0,expectedCheckPoint=37,Idx=0,unsealedTxs=0,sealUntil=0,waitResealUntil=0,consensusTimeout=3000,nodeId=0d6a7f52...
info|2026-02-06 15:42:42.245301|blockSubmit-0x000079c942dcb6c0|[CONSENSUS][SEALER]asyncNoteLatestBlockNumber,number=36
info|2026-02-06 15:42:42.245305|blockSubmit-0x000079c942dcb6c0|[CONSENSUS][SEALER]asyncNoteLatestBlockHash,_hash=8534088a...
info|2026-02-06 15:42:42.245328|blockSubmit-0x000079c942dcb6c0|[BLOCK SYNC]#### BlockSyncConfig resetConfig,number=36,consNodeSize=4,observerNodeSize=0,type=CONSENSUS_NODE
info|2026-02-06 15:42:42.245500|blockSubmit-0x000079c942dcb6c0|[CONSENSUS][PBFT]notifySealer return for invalid seal range,lockNotifyT=0,currentEndIndex=37,expectedEndIndex=37,committedIndex=36,consNum=37,committedHash=8534088a...,view=3,toView=3,changeCycle=0,expectedCheckPoint=37,Idx=0,unsealedTxs=0,sealUntil=0,waitResealUntil=0,consensusTimeout=3000,nodeId=0d6a7f52...
info|2026-02-06 15:42:42.245514|blockSubmit-0x000079c942dcb6c0|[CONSENSUS][PBFT]notifySealer return for invalid seal range,lockNotifyT=0,currentEndIndex=37,expectedEndIndex=37,committedIndex=36,consNum=37,committedHash=8534088a...,view=3,toView=3,changeCycle=0,expectedCheckPoint=37,Idx=0,unsealedTxs=0,sealUntil=0,waitResealUntil=0,consensusTimeout=3000,nodeId=0d6a7f52...
info|2026-02-06 15:42:42.245521|blockSubmit-0x000079c942dcb6c0|[CONSENSUS][PBFT]notify to seal next proposal,nextProposalIndex=37
info|2026-02-06 15:42:42.245621|blockSubmit-0x000079c942dcb6c0|[CONSENSUS][PBFT]removeConsensusedCache finalizeConsensus,view=3,number=36,eraseSize=1,cacheSize=0
info|2026-02-06 15:42:42.245641|blockSubmit-0x000079c942dcb6c0|[CONSENSUS][PBFT][STORAGE]asyncRemoveStabledCheckPoint,index=31
info|2026-02-06 15:42:42.245683|blockSubmit-0x000079c942dcb6c0|[CONSENSUS][PBFT][STORAGE]asyncRemove success,dbName=pbftCommitDB,key=31
info|2026-02-06 15:42:42.248298|submitter-0x000079c954def6c0|[TXPOOL][METRIC]StatTPS,tps=66,totalTime=15
info|2026-02-06 15:42:42.248513|submitter-0x000079c954def6c0|[TXPOOL][METRIC]batchRemove txs success,expectedSize=1,succCount=1,batchId=36,timecost=3,lockT=3,removeT=3,updateLedgerNonceT=0,updateTxPoolNonceT=0
info|2026-02-06 15:42:44.245981|pullTxsTimer-0x000079c941dc96c0|[CONSENSUS][PBFT]tryToSyncTxs: try to request unsealing txs from peer,committedIndex=36,consNum=37,committedHash=8534088a...,view=3,toView=3,changeCycle=0,expectedCheckPoint=37,Idx=0,unsealedTxs=0,sealUntil=0,waitResealUntil=0,consensusTimeout=3000,nodeId=0d6a7f52...
info|2026-02-06 15:42:46.502368|timerFactory-0x000079c91cfff6c0|[RPC][WS][SERVICE]connected nodes,count=0
info|2026-02-06 15:42:46.519105|ioService-0x000079c92effd6c0|[P2PService][Service][METRIC]heartBeat,connected count=3
info|2026-02-06 15:42:56.502691|timerFactory-0x000079c91cfff6c0|[RPC][WS][SERVICE]connected nodes,count=0
info|2026-02-06 15:42:56.519400|ioService-0x000079c92effd6c0|[P2PService][Service][METRIC]heartBeat,connected count=3
info|2026-02-06 15:43:06.502835|timerFactory-0x000079c91cfff6c0|[RPC][WS][SERVICE]connected nodes,count=0
info|2026-02-06 15:43:06.519576|ioService-0x000079c92effd6c0|[P2PService][Service][METRIC]heartBeat,connected count=3
info|2026-02-06 15:43:14.353580|txsSeal-0x000079c950de76c0|[TXPOOL]begin batchFetchTxs,pendingTxs=1,limit=1000
info|2026-02-06 15:43:14.353796|txsSeal-0x000079c950de76c0|[TXPOOL][METRIC]batchFetchTxs success,time=0,txsSize=1,sysTxsSize=0,pendingTxs=1,limit=1000,fetchTxsT=0,lockT=0,invalidBefore=0,invalidNow=0,sealed=0,traverseCount=1
info|2026-02-06 15:43:14.354402|Sealer-0x000079c9315ff6c0|[CONSENSUS][SEALER]++++++++++++++++ Generate proposal,index=37,curNum=36,hash=0d257497...,sysTxs=false,txsSize=1,version=51052544
info|2026-02-06 15:43:14.354484|Sealer-0x000079c9315ff6c0|[CONSENSUS][PBFT]asyncSubmitProposal,index=37,hash=0d257497...,committedIndex=36,consNum=37,committedHash=8534088a...,view=3,toView=3,changeCycle=0,expectedCheckPoint=37,Idx=0,unsealedTxs=0,sealUntil=0,waitResealUntil=0,consensusTimeout=3000,nodeId=0d6a7f52...
info|2026-02-06 15:43:14.354510|Sealer-0x000079c9315ff6c0|[CONSENSUS][PBFT]++++++++++++++++ Generating seal on,index=37,Idx=0,hash=0d257497...,sysProposal=false
info|2026-02-06 15:43:14.354749|Sealer-0x000079c9315ff6c0|[CONSENSUS][PBFT]broadcast pre-prepare packet,packetSize=589,index=37,encode(ms)=0,asyncSend(ms)=0
info|2026-02-06 15:43:14.354776|Sealer-0x000079c9315ff6c0|[CONSENSUS][PBFT]handlePrePrepareMsg,reqHash=0d257497...,reqIndex=37,reqV=3,fromIdx=0,wait(ms)=0,committedIndex=36,consNum=37,committedHash=8534088a...,view=3,toView=3,changeCycle=0,expectedCheckPoint=37,Idx=0,unsealedTxs=0,sealUntil=0,waitResealUntil=0,consensusTimeout=3000,nodeId=0d6a7f52...,utc=16252072
info|2026-02-06 15:43:14.354841|Sealer-0x000079c9315ff6c0|[CONSENSUS][PBFT]addPrePrepareCache,reqHash=0d257497...,reqIndex=37,reqV=3,fromIdx=0,wait(ms)=0,sys=false,committedIndex=36,consNum=37,committedHash=8534088a...,view=3,toView=3,changeCycle=0,expectedCheckPoint=37,Idx=0,unsealedTxs=0,sealUntil=0,waitResealUntil=0,consensusTimeout=3000,nodeId=0d6a7f52...
info|2026-02-06 15:43:14.354860|Sealer-0x000079c9315ff6c0|[CONSENSUS][PBFT]notify the committed proposal index to the sync module success,index=37
info|2026-02-06 15:43:14.354918|validator-0x000079c9445ce6c0|[CONSENSUS][PBFT]asyncResetTxsFlag,index=37,hash=0d257497...,flag=true
info|2026-02-06 15:43:14.354956|validator-0x000079c9445ce6c0|[TXPOOL]batchMarkTxs,txsSize=1,batchId=37,hash=0d257497...,sealFlag=true,notFound=0,reSealed=0,succ=1,time=0,markT=0
info|2026-02-06 15:43:14.354948|Sealer-0x000079c9315ff6c0|[CONSENSUS][PBFT]addPrepareCache,reqHash=0d257497...,reqIndex=37,reqV=3,fromIdx=0,wait(ms)=0,committedIndex=36,consNum=37,committedHash=8534088a...,view=3,toView=3,changeCycle=0,expectedCheckPoint=37,Idx=0,unsealedTxs=0,sealUntil=0,waitResealUntil=0,consensusTimeout=3000,nodeId=0d6a7f52...,weight=1
info|2026-02-06 15:43:14.355018|validator-0x000079c9445ce6c0|[CONSENSUS][PBFT]asyncMarkTxs success,index=37,hash=0d257497...,flag=true,markT=0,emptyTxBatchHash=false
info|2026-02-06 15:43:14.355048|Sealer-0x000079c9315ff6c0|[CONSENSUS][PBFT]broadcast prepare packet,packetSize=226,index=37
info|2026-02-06 15:43:14.355230|Sealer-0x000079c9315ff6c0|[CONSENSUS][PBFT]handlePrePrepareMsg and broadcast prepare packet,reqHash=0d257497...,reqIndex=37,reqV=3,fromIdx=0,wait(ms)=1,committedIndex=36,consNum=37,committedHash=8534088a...,view=3,toView=3,changeCycle=0,expectedCheckPoint=37,Idx=0,unsealedTxs=0,sealUntil=0,waitResealUntil=0,consensusTimeout=3000,nodeId=0d6a7f52...
info|2026-02-06 15:43:14.355254|Sealer-0x000079c9315ff6c0|[CONSENSUS][PBFT]handlePrePrepareMsg success,index=37,costT(ms)=0
info|2026-02-06 15:43:14.358632|pbft-0x000079c9301ff6c0|[CONSENSUS][PBFT]addPrepareCache,reqHash=0d257497...,reqIndex=37,reqV=3,fromIdx=3,wait(ms)=1,committedIndex=36,consNum=37,committedHash=8534088a...,view=3,toView=3,changeCycle=0,expectedCheckPoint=37,Idx=0,unsealedTxs=0,sealUntil=0,waitResealUntil=0,consensusTimeout=3000,nodeId=0d6a7f52...,weight=2
info|2026-02-06 15:43:14.359215|pbft-0x000079c9301ff6c0|[CONSENSUS][PBFT]addPrepareCache,reqHash=0d257497...,reqIndex=37,reqV=3,fromIdx=2,wait(ms)=2,committedIndex=36,consNum=37,committedHash=8534088a...,view=3,toView=3,changeCycle=0,expectedCheckPoint=37,Idx=0,unsealedTxs=0,sealUntil=0,waitResealUntil=0,consensusTimeout=3000,nodeId=0d6a7f52...,weight=3
info|2026-02-06 15:43:14.359322|pbft-0x000079c9301ff6c0|[CONSENSUS][PBFT]setSignatureList,signatureSize=3,propHash=0d257497...,propIndex=37
info|2026-02-06 15:43:14.359362|pbft-0x000079c9301ff6c0|[CONSENSUS][PBFT]intoPrecommit,reqHash=0d257497...,reqIndex=37,reqV=3,fromIdx=0,wait(ms)=5,committedIndex=36,consNum=37,committedHash=8534088a...,view=3,toView=3,changeCycle=0,expectedCheckPoint=37,Idx=0,unsealedTxs=0,sealUntil=0,waitResealUntil=0,consensusTimeout=3000,nodeId=0d6a7f52...
info|2026-02-06 15:43:14.359512|pbft-0x000079c9301ff6c0|[CONSENSUS][PBFT]addCommitCache,reqHash=0d257497...,reqIndex=37,reqV=3,fromIdx=0,wait(ms)=0,committedIndex=36,consNum=37,committedHash=8534088a...,view=3,toView=3,changeCycle=0,expectedCheckPoint=37,Idx=0,unsealedTxs=0,sealUntil=0,waitResealUntil=0,consensusTimeout=3000,nodeId=0d6a7f52...,weight=1
info|2026-02-06 15:43:14.359557|pbft-0x000079c9301ff6c0|[CONSENSUS][PBFT]checkAndPreCommit: broadcast commitMsg,Idx=0,hash=0d257497...,index=37
info|2026-02-06 15:43:14.360672|pbft-0x000079c9301ff6c0|[CONSENSUS][PBFT]addCommitCache,reqHash=0d257497...,reqIndex=37,reqV=3,fromIdx=2,wait(ms)=0,committedIndex=36,consNum=37,committedHash=8534088a...,view=3,toView=3,changeCycle=0,expectedCheckPoint=37,Idx=0,unsealedTxs=0,sealUntil=0,waitResealUntil=0,consensusTimeout=3000,nodeId=0d6a7f52...,weight=2
info|2026-02-06 15:43:14.361211|pbft-0x000079c9301ff6c0|[CONSENSUS][PBFT]addCommitCache,reqHash=0d257497...,reqIndex=37,reqV=3,fromIdx=3,wait(ms)=1,committedIndex=36,consNum=37,committedHash=8534088a...,view=3,toView=3,changeCycle=0,expectedCheckPoint=37,Idx=0,unsealedTxs=0,sealUntil=0,waitResealUntil=0,consensusTimeout=3000,nodeId=0d6a7f52...,weight=3
info|2026-02-06 15:43:14.361416|pbft-0x000079c9301ff6c0|[CONSENSUS][PBFT]checkAndCommit,propHash=0d257497...,propIndex=37,committedIndex=36,consNum=37,committedHash=8534088a...,view=3,toView=3,changeCycle=0,expectedCheckPoint=37,Idx=0,unsealedTxs=0,sealUntil=0,waitResealUntil=0,consensusTimeout=3000,nodeId=0d6a7f52...
info|2026-02-06 15:43:14.361491|pbft-0x000079c9301ff6c0|[CONSENSUS][PBFT]######## CommitProposal,propHash=0d257497...,propIndex=37,sys=false,committedIndex=36,consNum=37,committedHash=8534088a...,view=3,toView=3,changeCycle=0,expectedCheckPoint=37,Idx=0,unsealedTxs=0,sealUntil=0,waitResealUntil=0,consensusTimeout=3000,nodeId=0d6a7f52...
info|2026-02-06 15:43:14.361510|pbft-0x000079c9301ff6c0|[CONSENSUS][PBFT]notify to seal next proposal,nextProposalIndex=38
info|2026-02-06 15:43:14.361597|pbft-0x000079c9301ff6c0|[CONSENSUS][PBFT]notify to seal next proposal,nextProposalIndex=38
info|2026-02-06 15:43:14.361609|pbft-0x000079c9301ff6c0|[CONSENSUS][PBFT]applyStateMachine,index=37,hash=0d257497...,committedIndex=36,consNum=37,committedHash=8534088a...,view=3,toView=3,changeCycle=0,expectedCheckPoint=37,Idx=0,unsealedTxs=0,sealUntil=0,waitResealUntil=0,consensusTimeout=3000,nodeId=0d6a7f52...,unAppliedProposals=0
info|2026-02-06 15:43:14.361794|preExeScheduler-0x000079c8fb8e06c0|[SCHEDULER][METRIC][BlockTrace][blk-37]preExeBlock success,blockHeader.timestamp=1770363794354,metaTxCount=1,timeCost=0
info|2026-02-06 15:43:14.362117|exeScheduler-0x000079c8fa8de6c0|[SCHEDULER][METRIC][blk-37]ExecuteBlock request,gasLimit=3000000000,gasPrice=0x0,verify=false,signatureSize=0,txCount=0,metaTxCount=1,version=3.11.0,waitT=0
info|2026-02-06 15:43:14.362355|exeScheduler-0x000079c8fa8de6c0|[SCHEDULER][blk-37][BlockTrace]ExecuteBlock start,time(ms)=0
info|2026-02-06 15:43:14.362401|exeScheduler-0x000079c8fa8de6c0|[SCHEDULER][serialExecute][blk-37][BlockTrace]serialExecute execute block
info|2026-02-06 15:43:14.362412|exeScheduler-0x000079c8fa8de6c0|[SCHEDULER][serialExecute][blk-37][BlockTrace]serialExecute batch next block
info|2026-02-06 15:43:14.362736|exeScheduler-0x000079c8fa8de6c0|[SCHEDULER][blk-37][BlockTrace]NextBlock request,executorNum=1
info|2026-02-06 15:43:14.364409|exec-0x000079c9475d46c0|[SCHEDULER][blk-37][BlockTrace]NextBlock success,executorNum=1,timeCost=2
info|2026-02-06 15:43:14.364548|exec-0x000079c9475d46c0|[SCHEDULER][serialExecute][blk-37][BlockTrace]serialExecute block begin
info|2026-02-06 15:43:14.367383|exec-0x000079c9465d26c0|[STORAGE-KeyPage]hash,size=24,blockVersion=51052544,readLength=6438,writeLength=0,pageCount=0,entrycount=0,entriesHash=0000000000000000000000000000000000000000000000000000000000000000,pagesHash=0000000000000000000000000000000000000000000000000000000000000000,totalHash=0000000000000000000000000000000000000000000000000000000000000000
info|2026-02-06 15:43:14.367476|exec-0x000079c9465d26c0|[EXECUTOR:1770362656][blk-37]GetTableHashes success,hash=0000000000000000000000000000000000000000000000000000000000000000,time(ms)=1
info|2026-02-06 15:43:14.367566|exec-0x000079c9465d26c0|[SCHEDULER][blk-37][BlockTrace]ExecuteBlock success,hash=1bf2395b...,stateRoot=0000000000000000000000000000000000000000000000000000000000000000,receiptRoot=c9d756c0db58bf88f88c89ebf379b5eef808d695ea81a0dc8a25b524b05b53f4,txsRoot=4ea3f163...,gasUsed=7883,signatureSize=0,timeCost=5,blockVersion=51052544
info|2026-02-06 15:43:14.367647|exec-0x000079c9465d26c0|[CONSENSUS][Core][METRIC]asyncExecuteBlock success,sysBlock=false,number=37,result=1bf2395b...,txsSize=1,txsRoot=4ea3f163...,receiptsRoot=c9d756c0...,stateRoot=00000000...,timeCost=5,execPerTx=5
info|2026-02-06 15:43:14.367764|exec-0x000079c9465d26c0|[CONSENSUS][PBFT]applyStateMachine finished,index=37,beforeExec=0d257497...,afterExec=1bf2395b...,committedIndex=36,consNum=37,committedHash=8534088a...,view=3,toView=3,changeCycle=0,expectedCheckPoint=37,Idx=0,unsealedTxs=0,sealUntil=0,waitResealUntil=0,consensusTimeout=3000,nodeId=0d6a7f52...,timecost=6
info|2026-02-06 15:43:14.368408|pbftWorker-0x000079c9415c86c0|[CONSENSUS][PBFT][STORAGE]asyncCommitProposal: write the committed proposal into db,index=37
info|2026-02-06 15:43:14.368616|pbftWorker-0x000079c9415c86c0|[CONSENSUS][PBFT][STORAGE]asyncPutProposal: commit success,dbName=pbftCommitDB,key=max_committed_proposal,number=37,timecost=0,dataSize=2
info|2026-02-06 15:43:14.368734|pbftWorker-0x000079c9415c86c0|[CONSENSUS][PBFT][STORAGE]asyncPutProposal: commit success,dbName=pbftCommitDB,key=37,number=37,timecost=0,dataSize=675
info|2026-02-06 15:43:14.368699|pbft-0x000079c9301ff6c0|[CONSENSUS][PBFT]handleCheckPointMsg: try to add the checkpoint message into the cache,reqHash=1bf2395b...,reqIndex=37,reqV=3,fromIdx=3,wait(ms)=0,committedIndex=36,consNum=37,committedHash=8534088a...,view=3,toView=3,changeCycle=0,expectedCheckPoint=37,Idx=0,unsealedTxs=0,sealUntil=0,waitResealUntil=0,consensusTimeout=3000,nodeId=0d6a7f52...
info|2026-02-06 15:43:14.368771|pbft-0x000079c9301ff6c0|[CONSENSUS][PBFT]addCheckPointMsg,reqHash=1bf2395b...,reqIndex=37,reqV=3,fromIdx=3,wait(ms)=0,Idx=0,weight=1,minRequiredWeight=3
info|2026-02-06 15:43:14.368829|pbft-0x000079c9301ff6c0|[CONSENSUS][PBFT]notify to seal next proposal,nextProposalIndex=38
info|2026-02-06 15:43:14.369364|pbftWorker-0x000079c9415c86c0|[CONSENSUS][PBFT]addCheckPointMsg,reqHash=1bf2395b...,reqIndex=37,reqV=3,fromIdx=0,wait(ms)=1,Idx=0,weight=2,minRequiredWeight=3
info|2026-02-06 15:43:14.369462|pbftWorker-0x000079c9415c86c0|[CONSENSUS][PBFT]setCheckPointProposal,propHash=1bf2395b...,propIndex=37,committedIndex=36,consNum=37,committedHash=8534088a...,view=3,toView=3,changeCycle=0,expectedCheckPoint=37,Idx=0,unsealedTxs=0,sealUntil=0,waitResealUntil=0,consensusTimeout=3000,nodeId=0d6a7f52...
info|2026-02-06 15:43:14.369503|pbftWorker-0x000079c9415c86c0|[CONSENSUS][PBFT]PBFTConfig: setExpectedCheckPoint,committedIndex=36,consNum=37,committedHash=8534088a...,view=3,toView=3,changeCycle=0,expectedCheckPoint=38,Idx=0,unsealedTxs=0,sealUntil=0,waitResealUntil=0,consensusTimeout=3000,nodeId=0d6a7f52...,expectedCheckPoint=38
info|2026-02-06 15:43:14.369630|pbftWorker-0x000079c9415c86c0|[CONSENSUS][PBFT]notify to seal next proposal,nextProposalIndex=38
info|2026-02-06 15:43:14.369691|pbftWorker-0x000079c9415c86c0|[CONSENSUS][PBFT]onProposalApplySuccess,index=37,hash=1bf2395b...,lockT=0,timecost=0
info|2026-02-06 15:43:14.370798|pbft-0x000079c9301ff6c0|[CONSENSUS][PBFT]handleCheckPointMsg: try to add the checkpoint message into the cache,reqHash=1bf2395b...,reqIndex=37,reqV=3,fromIdx=2,wait(ms)=0,committedIndex=36,consNum=37,committedHash=8534088a...,view=3,toView=3,changeCycle=0,expectedCheckPoint=38,Idx=0,unsealedTxs=0,sealUntil=0,waitResealUntil=0,consensusTimeout=3000,nodeId=0d6a7f52...
info|2026-02-06 15:43:14.370939|pbft-0x000079c9301ff6c0|[CONSENSUS][PBFT]addCheckPointMsg,reqHash=1bf2395b...,reqIndex=37,reqV=3,fromIdx=2,wait(ms)=0,Idx=0,weight=3,minRequiredWeight=3
info|2026-02-06 15:43:14.370967|pbft-0x000079c9301ff6c0|[CONSENSUS][PBFT]notify to seal next proposal,nextProposalIndex=38
info|2026-02-06 15:43:14.370989|pbft-0x000079c9301ff6c0|[CONSENSUS][PBFT]setSignatureList,signatureSize=3,propHash=1bf2395b...,propIndex=37
info|2026-02-06 15:43:14.371002|pbft-0x000079c9301ff6c0|[CONSENSUS][PBFT]checkAndCommitStableCheckPoint,index=37,hash=1bf2395b...,committedIndex=36,consNum=37,committedHash=8534088a...,view=3,toView=3,changeCycle=0,expectedCheckPoint=38,Idx=0,unsealedTxs=0,sealUntil=0,waitResealUntil=0,consensusTimeout=3000,nodeId=0d6a7f52...
info|2026-02-06 15:43:14.371029|pbft-0x000079c9301ff6c0|[CONSENSUS][PBFT]updateStableCheckPointQueue: insert new checkpoint proposal,index=37,hash=1bf2395b...,committedIndex=36,consNum=37,committedHash=8534088a...,view=3,toView=3,changeCycle=0,expectedCheckPoint=38,Idx=0,unsealedTxs=0,sealUntil=0,waitResealUntil=0,consensusTimeout=3000,nodeId=0d6a7f52...
info|2026-02-06 15:43:14.371050|pbft-0x000079c9301ff6c0|[CONSENSUS][PBFT]updateStableCheckPointQueue: commit stable checkpoint,index=37,committedIndex=36
info|2026-02-06 15:43:14.371134|pbft-0x000079c9301ff6c0|[CONSENSUS][PBFT]asyncCommitStableCheckPoint: set signatureList,index=37,hash=1bf2395b...,proofSize=3,blockProofSize=3
info|2026-02-06 15:43:14.371439|blockSubmit-0x000079c942dcb6c0|[SCHEDULER][blk-37][BlockTrace]CommitBlock start
info|2026-02-06 15:43:14.372313|blockSubmit-0x000079c942dcb6c0|[STORAGE-RocksDB]asyncPrepare,number=37
info|2026-02-06 15:43:14.372814|blockSubmit-0x000079c942dcb6c0|[STORAGE-RocksDB]asyncPrepare finished,blockNumber=37,put=7,delete=0,startTS=0,encode(ms)=1,time(ms)=1
info|2026-02-06 15:43:14.372970|blockSubmit-0x000079c942dcb6c0|[LEDGER]storeTransactionsAndReceipts,blockNumber=37
info|2026-02-06 15:43:14.373113|blockSubmit-0x000079c942dcb6c0|[STORAGE-RocksDB]setRows finished,put=1,dataSize=681,time(ms)=0
info|2026-02-06 15:43:14.373518|exec-0x000079c9455d06c0|[STORAGE-RocksDB]asyncPrepare,number=37
info|2026-02-06 15:43:14.373670|exec-0x000079c9455d06c0|[STORAGE-KeyPage]parallelTraverse,size=0
info|2026-02-06 15:43:14.373681|exec-0x000079c9455d06c0|[STORAGE-RocksDB]asyncPrepare finished,blockNumber=37,put=0,delete=0,startTS=0,encode(ms)=0,time(ms)=0
info|2026-02-06 15:43:14.373724|exec-0x000079c9455d06c0|[EXECUTOR:1770362656][blk-37]Prepare success
info|2026-02-06 15:43:14.373967|ledgerWrite-0x000079c956df36c0|[STORAGE-RocksDB]setRows finished,put=1,dataSize=639,time(ms)=0
info|2026-02-06 15:43:14.374699|blockSubmit-0x000079c942dcb6c0|[LEDGER]storeTransactionsAndReceipts finished,blockNumber=37,blockTxsSize=1,unStoredTxs=1,timeCost=2
info|2026-02-06 15:43:14.374947|blockSubmit-0x000079c942dcb6c0|[STORAGE-RocksDB]asyncCommit finished,blockNumber=37,startTS=0,time(ms)=0,callback time(ms)=0,count=7
info|2026-02-06 15:43:14.375015|blockSubmit-0x000079c942dcb6c0|[LEDGER][METRIC]asyncPrewriteBlock,number=37,totalTxs=40,failedTxs=12,incTxs=1,incFailedTxs=0
info|2026-02-06 15:43:14.375172|exec-0x000079c945dd16c0|[TOOL]fetchCompatibilityVersion
info|2026-02-06 15:43:14.375464|exec-0x000079c945dd16c0|[TOOL]fetchCompatibilityVersion success,version=3.11.0,versionNumber=51052544,minSupportedVersion=3.0.0-rc4,maxSupportedVersion=3.11.0
info|2026-02-06 15:43:14.375558|exec-0x000079c945dd16c0|[TOOL]fetchAuthCheckStatus success,value=0
info|2026-02-06 15:43:14.375645|exec-0x000079c945dd16c0|[EXECUTOR:1770362656]merge keyPage to cachedStorage,number=37
info|2026-02-06 15:43:14.375771|exec-0x000079c945dd16c0|[STORAGE-KeyPage]parallelTraverse,size=0
info|2026-02-06 15:43:14.375783|exec-0x000079c945dd16c0|[STORAGE]Successful merged records,count=0
info|2026-02-06 15:43:14.377616|exec-0x000079c945dd16c0|[SCHEDULER][blk-37][BlockTrace]CommitBlock success,gas limit=3000000000,timeCost=6
info|2026-02-06 15:43:14.377782|exec-0x000079c945dd16c0|[SCHEDULER][BlockTrace]Notify block result success,blockNumber=37
info|2026-02-06 15:43:14.377842|exec-0x000079c945dd16c0|[CONSENSUS][PBFT][STORAGE][METRIC]commitStableCheckPoint success,index=37,hash=1bf2395b...,txs=1,timeCost=6,commitPerTx=6
info|2026-02-06 15:43:14.377914|exec-0x000079c945dd16c0|[SCHEDULER][blk-37]notify block result success,hash=1bf2395b...,txsSize=1
info|2026-02-06 15:43:14.378150|blockSubmit-0x000079c942dcb6c0|[CONSENSUS][PBFT][METRIC]resetConfig,committedIndex=37,propHash=1bf2395b...,blockCountLimit=1000,leaderPeriod=1,consensusNodesSize=4
info|2026-02-06 15:43:14.378260|submitter-0x000079c9545ee6c0|[TXPOOL][METRIC]StatTPS,tps=37,totalTime=27
info|2026-02-06 15:43:14.378410|exec-0x000079c945dd16c0|[STORAGE-RocksDB]asyncCommit finished,blockNumber=37,startTS=0,time(ms)=0,callback time(ms)=4,count=0
info|2026-02-06 15:43:14.378671|blockSubmit-0x000079c942dcb6c0|[CONSENSUS][PBFT][METRIC]^^^^^^^^Report,sealer=0,txs=1,committedIndex=37,consNum=38,committedHash=1bf2395b...,view=3,toView=3,changeCycle=0,expectedCheckPoint=38,Idx=0,unsealedTxs=0,sealUntil=0,waitResealUntil=0,consensusTimeout=3000,nodeId=0d6a7f52...
info|2026-02-06 15:43:14.378729|blockSubmit-0x000079c942dcb6c0|[CONSENSUS][SEALER]asyncNoteLatestBlockNumber,number=37
info|2026-02-06 15:43:14.378811|blockSubmit-0x000079c942dcb6c0|[CONSENSUS][SEALER]asyncNoteLatestBlockHash,_hash=1bf2395b...
info|2026-02-06 15:43:14.378927|blockSubmit-0x000079c942dcb6c0|[BLOCK SYNC]#### BlockSyncConfig resetConfig,number=37,consNodeSize=4,observerNodeSize=0,type=CONSENSUS_NODE
info|2026-02-06 15:43:14.378995|submitter-0x000079c9545ee6c0|[TXPOOL][METRIC]batchRemove txs success,expectedSize=1,succCount=1,batchId=37,timecost=1,lockT=0,removeT=0,updateLedgerNonceT=0,updateTxPoolNonceT=0
info|2026-02-06 15:43:14.379727|blockSubmit-0x000079c942dcb6c0|[CONSENSUS][PBFT]notify to seal next proposal,nextProposalIndex=38
info|2026-02-06 15:43:14.380033|blockSubmit-0x000079c942dcb6c0|[CONSENSUS][PBFT]removeConsensusedCache finalizeConsensus,view=3,number=37,eraseSize=1,cacheSize=0
info|2026-02-06 15:43:14.380277|blockSubmit-0x000079c942dcb6c0|[CONSENSUS][PBFT][STORAGE]asyncRemoveStabledCheckPoint,index=32
info|2026-02-06 15:43:14.380569|blockSubmit-0x000079c942dcb6c0|[CONSENSUS][PBFT][STORAGE]asyncRemove success,dbName=pbftCommitDB,key=32
info|2026-02-06 15:43:14.438973|pbftWorker-0x000079c940dc76c0|[CONSENSUS][PBFT]Receive CommittedProposalRequest,fromIndex=37,size=1
info|2026-02-06 15:43:14.439234|pbftWorker-0x000079c940dc76c0|[CONSENSUS][PBFT][STORAGE]asyncGetCommittedProposals success,proposals=1
info|2026-02-06 15:43:16.481539|objMonitor-0x000079c9103ff6c0|[startMonitor][AliveObjectMonitor],AliveObjectAllocStat=[ type: bcos::gateway::Socket ,created: 13 ,destroyed: 9 ,alive: 4 ] 
info|2026-02-06 15:43:16.503278|timerFactory-0x000079c91cfff6c0|[RPC][WS][SERVICE]connected nodes,count=0
info|2026-02-06 15:43:16.520052|ioService-0x000079c92effd6c0|[P2PService][Service][METRIC]heartBeat,connected count=3
info|2026-02-06 15:43:26.503570|timerFactory-0x000079c91cfff6c0|[RPC][WS][SERVICE]connected nodes,count=0
info|2026-02-06 15:43:26.520355|ioService-0x000079c92effd6c0|[P2PService][Service][METRIC]heartBeat,connected count=3
info|2026-02-06 15:43:36.503956|timerFactory-0x000079c91cfff6c0|[RPC][WS][SERVICE]connected nodes,count=0
info|2026-02-06 15:43:36.520728|ioService-0x000079c92effd6c0|[P2PService][Service][METRIC]heartBeat,connected count=3
info|2026-02-06 15:43:46.504316|timerFactory-0x000079c91cfff6c0|[RPC][WS][SERVICE]connected nodes,count=0
info|2026-02-06 15:43:46.521093|ioService-0x000079c92effd6c0|[P2PService][Service][METRIC]heartBeat,connected count=3
info|2026-02-06 15:43:56.504619|timerFactory-0x000079c91cfff6c0|[RPC][WS][SERVICE]connected nodes,count=0
info|2026-02-06 15:43:56.521428|ioService-0x000079c92effd6c0|[P2PService][Service][METRIC]heartBeat,connected count=3
info|2026-02-06 15:44:06.505004|timerFactory-0x000079c91cfff6c0|[RPC][WS][SERVICE]connected nodes,count=0
info|2026-02-06 15:44:06.522008|ioService-0x000079c92effd6c0|[P2PService][Service][METRIC]heartBeat,connected count=3
info|2026-02-06 15:44:16.481804|objMonitor-0x000079c9103ff6c0|[startMonitor][AliveObjectMonitor],AliveObjectAllocStat=[ type: bcos::gateway::Socket ,created: 13 ,destroyed: 9 ,alive: 4 ] 
info|2026-02-06 15:44:16.505287|timerFactory-0x000079c91cfff6c0|[RPC][WS][SERVICE]connected nodes,count=0
info|2026-02-06 15:44:16.522587|ioService-0x000079c92effd6c0|[P2PService][Service][METRIC]heartBeat,connected count=3
info|2026-02-06 15:44:26.505679|timerFactory-0x000079c91cfff6c0|[RPC][WS][SERVICE]connected nodes,count=0
info|2026-02-06 15:44:26.522862|ioService-0x000079c92effd6c0|[P2PService][Service][METRIC]heartBeat,connected count=3
info|2026-02-06 15:44:36.505826|timerFactory-0x000079c91cfff6c0|[RPC][WS][SERVICE]connected nodes,count=0
info|2026-02-06 15:44:36.523087|ioService-0x000079c92effd6c0|[P2PService][Service][METRIC]heartBeat,connected count=3
info|2026-02-06 15:44:46.506262|timerFactory-0x000079c91cfff6c0|[RPC][WS][SERVICE]connected nodes,count=0
info|2026-02-06 15:44:46.523538|ioService-0x000079c92effd6c0|[P2PService][Service][METRIC]heartBeat,connected count=3
info|2026-02-06 15:44:56.506508|timerFactory-0x000079c91cfff6c0|[RPC][WS][SERVICE]connected nodes,count=0
info|2026-02-06 15:44:56.524009|ioService-0x000079c92effd6c0|[P2PService][Service][METRIC]heartBeat,connected count=3
info|2026-02-06 15:45:06.506626|timerFactory-0x000079c91cfff6c0|[RPC][WS][SERVICE]connected nodes,count=0
info|2026-02-06 15:45:06.524320|ioService-0x000079c92effd6c0|[P2PService][Service][METRIC]heartBeat,connected count=3
info|2026-02-06 15:45:16.482069|objMonitor-0x000079c9103ff6c0|[startMonitor][AliveObjectMonitor],AliveObjectAllocStat=[ type: bcos::gateway::Socket ,created: 13 ,destroyed: 9 ,alive: 4 ] 
info|2026-02-06 15:45:16.506790|timerFactory-0x000079c91cfff6c0|[RPC][WS][SERVICE]connected nodes,count=0
info|2026-02-06 15:45:16.524565|ioService-0x000079c92effd6c0|[P2PService][Service][METRIC]heartBeat,connected count=3
info|2026-02-06 15:45:26.506966|timerFactory-0x000079c91cfff6c0|[RPC][WS][SERVICE]connected nodes,count=0
info|2026-02-06 15:45:26.524984|ioService-0x000079c92effd6c0|[P2PService][Service][METRIC]heartBeat,connected count=3
info|2026-02-06 15:45:36.507136|timerFactory-0x000079c91cfff6c0|[RPC][WS][SERVICE]connected nodes,count=0
info|2026-02-06 15:45:36.525265|ioService-0x000079c92effd6c0|[P2PService][Service][METRIC]heartBeat,connected count=3
info|2026-02-06 15:45:46.507561|timerFactory-0x000079c91cfff6c0|[RPC][WS][SERVICE]connected nodes,count=0
info|2026-02-06 15:45:46.528016|ioService-0x000079c92effd6c0|[P2PService][Service][METRIC]heartBeat,connected count=3
info|2026-02-06 15:45:56.507745|timerFactory-0x000079c91cfff6c0|[RPC][WS][SERVICE]connected nodes,count=0
info|2026-02-06 15:45:56.528305|ioService-0x000079c92effd6c0|[P2PService][Service][METRIC]heartBeat,connected count=3
info|2026-02-06 15:46:06.507907|timerFactory-0x000079c91cfff6c0|[RPC][WS][SERVICE]connected nodes,count=0
info|2026-02-06 15:46:06.528499|ioService-0x000079c92effd6c0|[P2PService][Service][METRIC]heartBeat,connected count=3
info|2026-02-06 15:46:16.482540|objMonitor-0x000079c9103ff6c0|[startMonitor][AliveObjectMonitor],AliveObjectAllocStat=[ type: bcos::gateway::Socket ,created: 13 ,destroyed: 9 ,alive: 4 ] 
info|2026-02-06 15:46:16.508084|timerFactory-0x000079c91cfff6c0|[RPC][WS][SERVICE]connected nodes,count=0
info|2026-02-06 15:46:16.528644|ioService-0x000079c92effd6c0|[P2PService][Service][METRIC]heartBeat,connected count=3
info|2026-02-06 15:46:26.508313|timerFactory-0x000079c91cfff6c0|[RPC][WS][SERVICE]connected nodes,count=0
info|2026-02-06 15:46:26.528952|ioService-0x000079c92effd6c0|[P2PService][Service][METRIC]heartBeat,connected count=3
info|2026-02-06 15:46:36.508593|timerFactory-0x000079c91cfff6c0|[RPC][WS][SERVICE]connected nodes,count=0
info|2026-02-06 15:46:36.529131|ioService-0x000079c92effd6c0|[P2PService][Service][METRIC]heartBeat,connected count=3
info|2026-02-06 15:46:46.508750|timerFactory-0x000079c91cfff6c0|[RPC][WS][SERVICE]connected nodes,count=0
info|2026-02-06 15:46:46.529323|ioService-0x000079c92effd6c0|[P2PService][Service][METRIC]heartBeat,connected count=3
info|2026-02-06 15:46:56.510362|timerFactory-0x000079c91cfff6c0|[RPC][WS][SERVICE]connected nodes,count=0
info|2026-02-06 15:46:56.529783|ioService-0x000079c92effd6c0|[P2PService][Service][METRIC]heartBeat,connected count=3
info|2026-02-06 15:47:06.510654|timerFactory-0x000079c91cfff6c0|[RPC][WS][SERVICE]connected nodes,count=0
info|2026-02-06 15:47:06.530014|ioService-0x000079c92effd6c0|[P2PService][Service][METRIC]heartBeat,connected count=3
info|2026-02-06 15:47:16.483060|objMonitor-0x000079c9103ff6c0|[startMonitor][AliveObjectMonitor],AliveObjectAllocStat=[ type: bcos::gateway::Socket ,created: 13 ,destroyed: 9 ,alive: 4 ] [ type: bcos::gateway::ResponseCallback ,created: 20635 ,destroyed: 20631 ,alive: 4 ] 
info|2026-02-06 15:47:16.510849|timerFactory-0x000079c91cfff6c0|[RPC][WS][SERVICE]connected nodes,count=0
info|2026-02-06 15:47:16.530212|ioService-0x000079c92effd6c0|[P2PService][Service][METRIC]heartBeat,connected count=3
info|2026-02-06 15:47:26.511011|timerFactory-0x000079c91cfff6c0|[RPC][WS][SERVICE]connected nodes,count=0
info|2026-02-06 15:47:26.530533|ioService-0x000079c92effd6c0|[P2PService][Service][METRIC]heartBeat,connected count=3
info|2026-02-06 15:47:36.511231|timerFactory-0x000079c91cfff6c0|[RPC][WS][SERVICE]connected nodes,count=0
info|2026-02-06 15:47:36.530890|ioService-0x000079c92effd6c0|[P2PService][Service][METRIC]heartBeat,connected count=3
info|2026-02-06 15:47:46.511444|timerFactory-0x000079c91cfff6c0|[RPC][WS][SERVICE]connected nodes,count=0
info|2026-02-06 15:47:46.531088|ioService-0x000079c92effd6c0|[P2PService][Service][METRIC]heartBeat,connected count=3
info|2026-02-06 15:47:56.511661|timerFactory-0x000079c91cfff6c0|[RPC][WS][SERVICE]connected nodes,count=0
info|2026-02-06 15:47:56.531355|ioService-0x000079c92effd6c0|[P2PService][Service][METRIC]heartBeat,connected count=3
info|2026-02-06 15:48:06.511909|timerFactory-0x000079c91cfff6c0|[RPC][WS][SERVICE]connected nodes,count=0
info|2026-02-06 15:48:06.531633|ioService-0x000079c92effd6c0|[P2PService][Service][METRIC]heartBeat,connected count=3
info|2026-02-06 15:48:16.483325|objMonitor-0x000079c9103ff6c0|[startMonitor][AliveObjectMonitor],AliveObjectAllocStat=[ type: bcos::gateway::Socket ,created: 13 ,destroyed: 9 ,alive: 4 ] 
info|2026-02-06 15:48:16.512129|timerFactory-0x000079c91cfff6c0|[RPC][WS][SERVICE]connected nodes,count=0
info|2026-02-06 15:48:16.531845|ioService-0x000079c92effd6c0|[P2PService][Service][METRIC]heartBeat,connected count=3
info|2026-02-06 15:48:26.512295|timerFactory-0x000079c91cfff6c0|[RPC][WS][SERVICE]connected nodes,count=0
info|2026-02-06 15:48:26.532126|ioService-0x000079c92effd6c0|[P2PService][Service][METRIC]heartBeat,connected count=3
info|2026-02-06 15:48:36.512580|timerFactory-0x000079c91cfff6c0|[RPC][WS][SERVICE]connected nodes,count=0
info|2026-02-06 15:48:36.532358|ioService-0x000079c92effd6c0|[P2PService][Service][METRIC]heartBeat,connected count=3
info|2026-02-06 15:48:46.512715|timerFactory-0x000079c91cfff6c0|[RPC][WS][SERVICE]connected nodes,count=0
info|2026-02-06 15:48:46.532496|ioService-0x000079c92effd6c0|[P2PService][Service][METRIC]heartBeat,connected count=3
info|2026-02-06 15:48:56.512962|timerFactory-0x000079c91cfff6c0|[RPC][WS][SERVICE]connected nodes,count=0
info|2026-02-06 15:48:56.532745|ioService-0x000079c92effd6c0|[P2PService][Service][METRIC]heartBeat,connected count=3
info|2026-02-06 15:49:06.513112|timerFactory-0x000079c91cfff6c0|[RPC][WS][SERVICE]connected nodes,count=0
info|2026-02-06 15:49:06.533029|ioService-0x000079c92effd6c0|[P2PService][Service][METRIC]heartBeat,connected count=3
info|2026-02-06 15:49:16.483551|objMonitor-0x000079c9103ff6c0|[startMonitor][AliveObjectMonitor],AliveObjectAllocStat=[ type: bcos::gateway::Socket ,created: 13 ,destroyed: 9 ,alive: 4 ] 
info|2026-02-06 15:49:16.513234|timerFactory-0x000079c91cfff6c0|[RPC][WS][SERVICE]connected nodes,count=0
info|2026-02-06 15:49:16.533224|ioService-0x000079c92effd6c0|[P2PService][Service][METRIC]heartBeat,connected count=3
info|2026-02-06 15:49:26.513378|timerFactory-0x000079c91cfff6c0|[RPC][WS][SERVICE]connected nodes,count=0
info|2026-02-06 15:49:26.533561|ioService-0x000079c92effd6c0|[P2PService][Service][METRIC]heartBeat,connected count=3
info|2026-02-06 15:49:36.513542|timerFactory-0x000079c91cfff6c0|[RPC][WS][SERVICE]connected nodes,count=0
info|2026-02-06 15:49:36.533941|ioService-0x000079c92effd6c0|[P2PService][Service][METRIC]heartBeat,connected count=3
info|2026-02-06 15:49:46.513700|timerFactory-0x000079c91cfff6c0|[RPC][WS][SERVICE]connected nodes,count=0
info|2026-02-06 15:49:46.534181|ioService-0x000079c92effd6c0|[P2PService][Service][METRIC]heartBeat,connected count=3
info|2026-02-06 15:49:56.513815|timerFactory-0x000079c91cfff6c0|[RPC][WS][SERVICE]connected nodes,count=0
info|2026-02-06 15:49:56.534411|ioService-0x000079c92effd6c0|[P2PService][Service][METRIC]heartBeat,connected count=3
info|2026-02-06 15:50:06.513901|timerFactory-0x000079c91cfff6c0|[RPC][WS][SERVICE]connected nodes,count=0
info|2026-02-06 15:50:06.534669|ioService-0x000079c92effd6c0|[P2PService][Service][METRIC]heartBeat,connected count=3
info|2026-02-06 15:50:16.483886|objMonitor-0x000079c9103ff6c0|[startMonitor][AliveObjectMonitor],AliveObjectAllocStat=[ type: bcos::gateway::Socket ,created: 13 ,destroyed: 9 ,alive: 4 ] 
info|2026-02-06 15:50:16.514004|timerFactory-0x000079c91cfff6c0|[RPC][WS][SERVICE]connected nodes,count=0
info|2026-02-06 15:50:16.535318|ioService-0x000079c92effd6c0|[P2PService][Service][METRIC]heartBeat,connected count=3
info|2026-02-06 15:50:26.514183|timerFactory-0x000079c91cfff6c0|[RPC][WS][SERVICE]connected nodes,count=0
info|2026-02-06 15:50:26.535522|ioService-0x000079c92effd6c0|[P2PService][Service][METRIC]heartBeat,connected count=3
info|2026-02-06 15:50:36.514367|timerFactory-0x000079c91cfff6c0|[RPC][WS][SERVICE]connected nodes,count=0
info|2026-02-06 15:50:36.535721|ioService-0x000079c92effd6c0|[P2PService][Service][METRIC]heartBeat,connected count=3
info|2026-02-06 15:50:46.514522|timerFactory-0x000079c91cfff6c0|[RPC][WS][SERVICE]connected nodes,count=0
info|2026-02-06 15:50:46.535939|ioService-0x000079c92effd6c0|[P2PService][Service][METRIC]heartBeat,connected count=3
info|2026-02-06 15:50:56.514772|timerFactory-0x000079c91cfff6c0|[RPC][WS][SERVICE]connected nodes,count=0
info|2026-02-06 15:50:56.536106|ioService-0x000079c92effd6c0|[P2PService][Service][METRIC]heartBeat,connected count=3
info|2026-02-06 15:51:06.514902|timerFactory-0x000079c91cfff6c0|[RPC][WS][SERVICE]connected nodes,count=0
info|2026-02-06 15:51:06.536435|ioService-0x000079c92effd6c0|[P2PService][Service][METRIC]heartBeat,connected count=3
info|2026-02-06 15:51:16.484205|objMonitor-0x000079c9103ff6c0|[startMonitor][AliveObjectMonitor],AliveObjectAllocStat=[ type: bcos::gateway::Socket ,created: 13 ,destroyed: 9 ,alive: 4 ] 
info|2026-02-06 15:51:16.515109|timerFactory-0x000079c91cfff6c0|[RPC][WS][SERVICE]connected nodes,count=0
info|2026-02-06 15:51:16.536713|ioService-0x000079c92effd6c0|[P2PService][Service][METRIC]heartBeat,connected count=3
info|2026-02-06 15:51:26.515233|timerFactory-0x000079c91cfff6c0|[RPC][WS][SERVICE]connected nodes,count=0
info|2026-02-06 15:51:26.536986|ioService-0x000079c92effd6c0|[P2PService][Service][METRIC]heartBeat,connected count=3
info|2026-02-06 15:51:36.515452|timerFactory-0x000079c91cfff6c0|[RPC][WS][SERVICE]connected nodes,count=0
info|2026-02-06 15:51:36.537202|ioService-0x000079c92effd6c0|[P2PService][Service][METRIC]heartBeat,connected count=3
info|2026-02-06 15:51:46.515649|timerFactory-0x000079c91cfff6c0|[RPC][WS][SERVICE]connected nodes,count=0
info|2026-02-06 15:51:46.537394|ioService-0x000079c92effd6c0|[P2PService][Service][METRIC]heartBeat,connected count=3
info|2026-02-06 15:51:56.515778|timerFactory-0x000079c91cfff6c0|[RPC][WS][SERVICE]connected nodes,count=0
info|2026-02-06 15:51:56.537722|ioService-0x000079c92effd6c0|[P2PService][Service][METRIC]heartBeat,connected count=3
info|2026-02-06 15:52:06.516013|timerFactory-0x000079c91cfff6c0|[RPC][WS][SERVICE]connected nodes,count=0
info|2026-02-06 15:52:06.538144|ioService-0x000079c92effd6c0|[P2PService][Service][METRIC]heartBeat,connected count=3
info|2026-02-06 15:52:16.484536|objMonitor-0x000079c9103ff6c0|[startMonitor][AliveObjectMonitor],AliveObjectAllocStat=[ type: bcos::gateway::Socket ,created: 13 ,destroyed: 9 ,alive: 4 ] 
info|2026-02-06 15:52:16.516205|timerFactory-0x000079c91cfff6c0|[RPC][WS][SERVICE]connected nodes,count=0
info|2026-02-06 15:52:16.538376|ioService-0x000079c92effd6c0|[P2PService][Service][METRIC]heartBeat,connected count=3
info|2026-02-06 15:52:26.516474|timerFactory-0x000079c91cfff6c0|[RPC][WS][SERVICE]connected nodes,count=0
info|2026-02-06 15:52:26.538797|ioService-0x000079c92effd6c0|[P2PService][Service][METRIC]heartBeat,connected count=3
info|2026-02-06 15:52:36.516745|timerFactory-0x000079c91cfff6c0|[RPC][WS][SERVICE]connected nodes,count=0
info|2026-02-06 15:52:36.539064|ioService-0x000079c92effd6c0|[P2PService][Service][METRIC]heartBeat,connected count=3
info|2026-02-06 15:52:46.516874|timerFactory-0x000079c91cfff6c0|[RPC][WS][SERVICE]connected nodes,count=0
info|2026-02-06 15:52:46.539438|ioService-0x000079c92effd6c0|[P2PService][Service][METRIC]heartBeat,connected count=3
info|2026-02-06 15:52:56.516999|timerFactory-0x000079c91cfff6c0|[RPC][WS][SERVICE]connected nodes,count=0
info|2026-02-06 15:52:56.539653|ioService-0x000079c92effd6c0|[P2PService][Service][METRIC]heartBeat,connected count=3
info|2026-02-06 15:53:06.517125|timerFactory-0x000079c91cfff6c0|[RPC][WS][SERVICE]connected nodes,count=0
info|2026-02-06 15:53:06.539885|ioService-0x000079c92effd6c0|[P2PService][Service][METRIC]heartBeat,connected count=3
info|2026-02-06 15:53:16.484868|objMonitor-0x000079c9103ff6c0|[startMonitor][AliveObjectMonitor],AliveObjectAllocStat=[ type: bcos::gateway::Socket ,created: 13 ,destroyed: 9 ,alive: 4 ] 
info|2026-02-06 15:53:16.517287|timerFactory-0x000079c91cfff6c0|[RPC][WS][SERVICE]connected nodes,count=0
info|2026-02-06 15:53:16.540143|ioService-0x000079c92effd6c0|[P2PService][Service][METRIC]heartBeat,connected count=3
info|2026-02-06 15:53:26.517462|timerFactory-0x000079c91cfff6c0|[RPC][WS][SERVICE]connected nodes,count=0
info|2026-02-06 15:53:26.540481|ioService-0x000079c92effd6c0|[P2PService][Service][METRIC]heartBeat,connected count=3
info|2026-02-06 15:53:36.517648|timerFactory-0x000079c91cfff6c0|[RPC][WS][SERVICE]connected nodes,count=0
info|2026-02-06 15:53:36.540869|ioService-0x000079c92effd6c0|[P2PService][Service][METRIC]heartBeat,connected count=3
info|2026-02-06 15:53:46.517870|timerFactory-0x000079c91cfff6c0|[RPC][WS][SERVICE]connected nodes,count=0
info|2026-02-06 15:53:46.541114|ioService-0x000079c92effd6c0|[P2PService][Service][METRIC]heartBeat,connected count=3
info|2026-02-06 15:53:56.518099|timerFactory-0x000079c91cfff6c0|[RPC][WS][SERVICE]connected nodes,count=0
info|2026-02-06 15:53:56.541376|ioService-0x000079c92effd6c0|[P2PService][Service][METRIC]heartBeat,connected count=3
info|2026-02-06 15:54:06.518279|timerFactory-0x000079c91cfff6c0|[RPC][WS][SERVICE]connected nodes,count=0
info|2026-02-06 15:54:06.541725|ioService-0x000079c92effd6c0|[P2PService][Service][METRIC]heartBeat,connected count=3
info|2026-02-06 15:54:16.485085|objMonitor-0x000079c9103ff6c0|[startMonitor][AliveObjectMonitor],AliveObjectAllocStat=[ type: bcos::gateway::Socket ,created: 13 ,destroyed: 9 ,alive: 4 ] 
info|2026-02-06 15:54:16.518477|timerFactory-0x000079c91cfff6c0|[RPC][WS][SERVICE]connected nodes,count=0
info|2026-02-06 15:54:16.541976|ioService-0x000079c92effd6c0|[P2PService][Service][METRIC]heartBeat,connected count=3
info|2026-02-06 15:54:26.518582|timerFactory-0x000079c91cfff6c0|[RPC][WS][SERVICE]connected nodes,count=0
info|2026-02-06 15:54:26.542109|ioService-0x000079c92effd6c0|[P2PService][Service][METRIC]heartBeat,connected count=3
info|2026-02-06 15:54:36.518695|timerFactory-0x000079c91cfff6c0|[RPC][WS][SERVICE]connected nodes,count=0
info|2026-02-06 15:54:36.542319|ioService-0x000079c92effd6c0|[P2PService][Service][METRIC]heartBeat,connected count=3
info|2026-02-06 15:54:46.518790|timerFactory-0x000079c91cfff6c0|[RPC][WS][SERVICE]connected nodes,count=0
info|2026-02-06 15:54:46.542584|ioService-0x000079c92effd6c0|[P2PService][Service][METRIC]heartBeat,connected count=3
info|2026-02-06 15:54:56.518889|timerFactory-0x000079c91cfff6c0|[RPC][WS][SERVICE]connected nodes,count=0
info|2026-02-06 15:54:56.542823|ioService-0x000079c92effd6c0|[P2PService][Service][METRIC]heartBeat,connected count=3
info|2026-02-06 15:55:06.519033|timerFactory-0x000079c91cfff6c0|[RPC][WS][SERVICE]connected nodes,count=0
info|2026-02-06 15:55:06.543087|ioService-0x000079c92effd6c0|[P2PService][Service][METRIC]heartBeat,connected count=3
info|2026-02-06 15:55:16.485302|objMonitor-0x000079c9103ff6c0|[startMonitor][AliveObjectMonitor],AliveObjectAllocStat=[ type: bcos::gateway::Socket ,created: 13 ,destroyed: 9 ,alive: 4 ] 
info|2026-02-06 15:55:16.519271|timerFactory-0x000079c91cfff6c0|[RPC][WS][SERVICE]connected nodes,count=0
info|2026-02-06 15:55:16.543237|ioService-0x000079c92effd6c0|[P2PService][Service][METRIC]heartBeat,connected count=3
info|2026-02-06 15:55:26.519528|timerFactory-0x000079c91cfff6c0|[RPC][WS][SERVICE]connected nodes,count=0
info|2026-02-06 15:55:26.543366|ioService-0x000079c92effd6c0|[P2PService][Service][METRIC]heartBeat,connected count=3
info|2026-02-06 15:55:36.519677|timerFactory-0x000079c91cfff6c0|[RPC][WS][SERVICE]connected nodes,count=0
info|2026-02-06 15:55:36.543550|ioService-0x000079c92effd6c0|[P2PService][Service][METRIC]heartBeat,connected count=3
info|2026-02-06 15:55:46.519873|timerFactory-0x000079c91cfff6c0|[RPC][WS][SERVICE]connected nodes,count=0
info|2026-02-06 15:55:46.543769|ioService-0x000079c92effd6c0|[P2PService][Service][METRIC]heartBeat,connected count=3
info|2026-02-06 15:55:56.520046|timerFactory-0x000079c91cfff6c0|[RPC][WS][SERVICE]connected nodes,count=0
info|2026-02-06 15:55:56.544008|ioService-0x000079c92effd6c0|[P2PService][Service][METRIC]heartBeat,connected count=3
info|2026-02-06 15:56:06.520192|timerFactory-0x000079c91cfff6c0|[RPC][WS][SERVICE]connected nodes,count=0
info|2026-02-06 15:56:06.544307|ioService-0x000079c92effd6c0|[P2PService][Service][METRIC]heartBeat,connected count=3
info|2026-02-06 15:56:16.485474|objMonitor-0x000079c9103ff6c0|[startMonitor][AliveObjectMonitor],AliveObjectAllocStat=[ type: bcos::gateway::Socket ,created: 13 ,destroyed: 9 ,alive: 4 ] 
info|2026-02-06 15:56:16.520329|timerFactory-0x000079c91cfff6c0|[RPC][WS][SERVICE]connected nodes,count=0
info|2026-02-06 15:56:16.544648|ioService-0x000079c92effd6c0|[P2PService][Service][METRIC]heartBeat,connected count=3
info|2026-02-06 15:56:26.520493|timerFactory-0x000079c91cfff6c0|[RPC][WS][SERVICE]connected nodes,count=0
info|2026-02-06 15:56:26.544955|ioService-0x000079c92effd6c0|[P2PService][Service][METRIC]heartBeat,connected count=3
info|2026-02-06 15:56:36.520789|timerFactory-0x000079c91cfff6c0|[RPC][WS][SERVICE]connected nodes,count=0
info|2026-02-06 15:56:36.545259|ioService-0x000079c92effd6c0|[P2PService][Service][METRIC]heartBeat,connected count=3
info|2026-02-06 15:56:46.520968|timerFactory-0x000079c91cfff6c0|[RPC][WS][SERVICE]connected nodes,count=0
info|2026-02-06 15:56:46.545484|ioService-0x000079c92effd6c0|[P2PService][Service][METRIC]heartBeat,connected count=3
info|2026-02-06 15:56:56.521198|timerFactory-0x000079c91cfff6c0|[RPC][WS][SERVICE]connected nodes,count=0
info|2026-02-06 15:56:56.545721|ioService-0x000079c92effd6c0|[P2PService][Service][METRIC]heartBeat,connected count=3
info|2026-02-06 15:57:06.521388|timerFactory-0x000079c91cfff6c0|[RPC][WS][SERVICE]connected nodes,count=0
info|2026-02-06 15:57:06.545954|ioService-0x000079c92effd6c0|[P2PService][Service][METRIC]heartBeat,connected count=3
info|2026-02-06 15:57:16.485954|objMonitor-0x000079c9103ff6c0|[startMonitor][AliveObjectMonitor],AliveObjectAllocStat=[ type: bcos::gateway::Socket ,created: 13 ,destroyed: 9 ,alive: 4 ] 
info|2026-02-06 15:57:16.521612|timerFactory-0x000079c91cfff6c0|[RPC][WS][SERVICE]connected nodes,count=0
info|2026-02-06 15:57:16.546378|ioService-0x000079c92effd6c0|[P2PService][Service][METRIC]heartBeat,connected count=3
info|2026-02-06 15:57:26.521808|timerFactory-0x000079c91cfff6c0|[RPC][WS][SERVICE]connected nodes,count=0
info|2026-02-06 15:57:26.546831|ioService-0x000079c92effd6c0|[P2PService][Service][METRIC]heartBeat,connected count=3
info|2026-02-06 15:57:36.521939|timerFactory-0x000079c91cfff6c0|[RPC][WS][SERVICE]connected nodes,count=0
info|2026-02-06 15:57:36.547057|ioService-0x000079c92effd6c0|[P2PService][Service][METRIC]heartBeat,connected count=3
info|2026-02-06 15:57:46.522083|timerFactory-0x000079c91cfff6c0|[RPC][WS][SERVICE]connected nodes,count=0
info|2026-02-06 15:57:46.547229|ioService-0x000079c92effd6c0|[P2PService][Service][METRIC]heartBeat,connected count=3
info|2026-02-06 15:57:56.522255|timerFactory-0x000079c91cfff6c0|[RPC][WS][SERVICE]connected nodes,count=0
info|2026-02-06 15:57:56.547385|ioService-0x000079c92effd6c0|[P2PService][Service][METRIC]heartBeat,connected count=3
info|2026-02-06 15:58:06.522869|timerFactory-0x000079c91cfff6c0|[RPC][WS][SERVICE]connected nodes,count=0
info|2026-02-06 15:58:06.548163|ioService-0x000079c92effd6c0|[P2PService][Service][METRIC]heartBeat,connected count=3
info|2026-02-06 15:58:16.486282|objMonitor-0x000079c9103ff6c0|[startMonitor][AliveObjectMonitor],AliveObjectAllocStat=[ type: bcos::gateway::Socket ,created: 13 ,destroyed: 9 ,alive: 4 ] 
info|2026-02-06 15:58:16.523074|timerFactory-0x000079c91cfff6c0|[RPC][WS][SERVICE]connected nodes,count=0
info|2026-02-06 15:58:16.548529|ioService-0x000079c92effd6c0|[P2PService][Service][METRIC]heartBeat,connected count=3
info|2026-02-06 15:58:26.523271|timerFactory-0x000079c91cfff6c0|[RPC][WS][SERVICE]connected nodes,count=0
info|2026-02-06 15:58:26.548811|ioService-0x000079c92effd6c0|[P2PService][Service][METRIC]heartBeat,connected count=3
info|2026-02-06 15:58:36.526654|timerFactory-0x000079c91cfff6c0|[RPC][WS][SERVICE]connected nodes,count=0
info|2026-02-06 15:58:36.549270|ioService-0x000079c92effd6c0|[P2PService][Service][METRIC]heartBeat,connected count=3
info|2026-02-06 15:58:46.526803|timerFactory-0x000079c91cfff6c0|[RPC][WS][SERVICE]connected nodes,count=0
info|2026-02-06 15:58:46.549429|ioService-0x000079c92effd6c0|[P2PService][Service][METRIC]heartBeat,connected count=3
info|2026-02-06 15:58:56.527129|timerFactory-0x000079c91cfff6c0|[RPC][WS][SERVICE]connected nodes,count=0
info|2026-02-06 15:58:56.549568|ioService-0x000079c92effd6c0|[P2PService][Service][METRIC]heartBeat,connected count=3
info|2026-02-06 15:59:06.527289|timerFactory-0x000079c91cfff6c0|[RPC][WS][SERVICE]connected nodes,count=0
info|2026-02-06 15:59:06.549701|ioService-0x000079c92effd6c0|[P2PService][Service][METRIC]heartBeat,connected count=3
info|2026-02-06 15:59:16.486546|objMonitor-0x000079c9103ff6c0|[startMonitor][AliveObjectMonitor],AliveObjectAllocStat=[ type: bcos::gateway::Socket ,created: 13 ,destroyed: 9 ,alive: 4 ] 
info|2026-02-06 15:59:16.527475|timerFactory-0x000079c91cfff6c0|[RPC][WS][SERVICE]connected nodes,count=0
info|2026-02-06 15:59:16.549893|ioService-0x000079c92effd6c0|[P2PService][Service][METRIC]heartBeat,connected count=3
info|2026-02-06 15:59:26.527608|timerFactory-0x000079c91cfff6c0|[RPC][WS][SERVICE]connected nodes,count=0
info|2026-02-06 15:59:26.550072|ioService-0x000079c92effd6c0|[P2PService][Service][METRIC]heartBeat,connected count=3
info|2026-02-06 15:59:36.527774|timerFactory-0x000079c91cfff6c0|[RPC][WS][SERVICE]connected nodes,count=0
info|2026-02-06 15:59:36.550616|ioService-0x000079c92effd6c0|[P2PService][Service][METRIC]heartBeat,connected count=3
info|2026-02-06 15:59:46.528154|timerFactory-0x000079c91cfff6c0|[RPC][WS][SERVICE]connected nodes,count=0
info|2026-02-06 15:59:46.550858|ioService-0x000079c92effd6c0|[P2PService][Service][METRIC]heartBeat,connected count=3
info|2026-02-06 15:59:56.528298|timerFactory-0x000079c91cfff6c0|[RPC][WS][SERVICE]connected nodes,count=0
info|2026-02-06 15:59:56.551096|ioService-0x000079c92effd6c0|[P2PService][Service][METRIC]heartBeat,connected count=3
