info|2026-02-07 00:24:22.010161|fisco-bcos-0x00007834a3715a00|[INITIALIZER]initGlobalConfig
info|2026-02-07 00:24:22.010253|fisco-bcos-0x00007834a3715a00|[NodeConfig][METRIC]loadChainConfig,smCrypto=false,chainId=chain0,groupId=group0,blockLimit=1000
info|2026-02-07 00:24:22.010261|fisco-bcos-0x00007834a3715a00|[NodeConfig]loadWeb3ChainConfig,web3ChainID=20200
info|2026-02-07 00:24:22.010287|fisco-bcos-0x00007834a3715a00|[NodeConfig][parseConsensusNodeList],sectionName=consensus,nodeId=2346c69c46d42278eb237167eb19eb28432b63783cc0fd7cddc90f89c148e755db8941be9b0c5f37cbc21c409a78c154abc75ce0c80818c6fbb76aea6bcd0a9a,weight=1
info|2026-02-07 00:24:22.010300|fisco-bcos-0x00007834a3715a00|[NodeConfig][parseConsensusNodeList],sectionName=consensus,nodeId=21a47acec36f73d8e925a7d5db44793f998e1a42a6d7ee2e3a5cf4037b853452cb76f6cbab8e5b223a128e8ee15790d1f629858b47070b4eb2e1ddb2b0ada297,weight=1
info|2026-02-07 00:24:22.010306|fisco-bcos-0x00007834a3715a00|[NodeConfig][parseConsensusNodeList],sectionName=consensus,nodeId=0d6a7f52cb87ce7fda869e0db309ec9c53723c46f81632c21e4abbf1a9159f14d53f37cc0c4141548da9ec877d6235afd7a501c40d296fc4c5252a8717aa23c2,weight=1
info|2026-02-07 00:24:22.010311|fisco-bcos-0x00007834a3715a00|[NodeConfig][parseConsensusNodeList],sectionName=consensus,nodeId=5b07d12d1512a66493c8fd3456d8c505e6ce05f20061613a4c48a1fa3755bbf9cc2d2f1878c4a6733389f03deb0a3fc0c672e2f4910fde9802d6675929cb3dc5,weight=1
info|2026-02-07 00:24:22.010321|fisco-bcos-0x00007834a3715a00|[NodeConfig][parseConsensusNodeList],totalNodesSize=4
info|2026-02-07 00:24:22.010329|fisco-bcos-0x00007834a3715a00|[NodeConfig]loadLedgerConfig,consensus_type=pbft,block_tx_count_limit=1000,gas_limit=3000000000,leader_period=1,minSealTime=0,compatibilityVersion=3.11.0
info|2026-02-07 00:24:22.010339|fisco-bcos-0x00007834a3715a00|[NodeConfig][METRIC]loadExecutorConfig,isWasm=false,isAuthCheck=false,authAdminAccount=0x1dbd23331f727a66c096de4f3daaec061a3ca614,ismSerialExecute=true
info|2026-02-07 00:24:22.010390|fisco-bcos-0x00007834a3715a00|[NodeConfig]loadCertConfig,ca_path=./conf,sm_ca_cert=./conf/sm_ca.crt,sm_node_cert=./conf/sm_ssl.crt,sm_node_key=./conf/sm_ssl.key,sm_ennode_cert=./conf/sm_enssl.crt,sm_ennode_key=./conf/sm_enssl.key
info|2026-02-07 00:24:22.010403|fisco-bcos-0x00007834a3715a00|[NodeConfig]loadCertConfig,ca_path=./conf,ca_cert=./conf/ca.crt,node_cert=./conf/ssl.crt,node_key=./conf/ssl.key
info|2026-02-07 00:24:22.010417|fisco-bcos-0x00007834a3715a00|[NodeConfig]loadRpcConfig,listenIP=0.0.0.0,listenPort=20201,listenPort=20201,smSsl=false,disableSsl=true,needRetInput=true
info|2026-02-07 00:24:22.010423|fisco-bcos-0x00007834a3715a00|[NodeConfig]loadWeb3RpcConfig,enableWeb3Rpc=false,listenIP=0.0.0.0,listenPort=8543,listenPort=8543
info|2026-02-07 00:24:22.010428|fisco-bcos-0x00007834a3715a00|[NodeConfig]loadGatewayConfig,listenIP=0.0.0.0,listenPort=30301,listenPort=30301,smSsl=false,nodesFile=nodes.json
info|2026-02-07 00:24:22.010437|fisco-bcos-0x00007834a3715a00|[NodeConfig]loadSealerConfig,minSealTime=500
info|2026-02-07 00:24:22.010459|fisco-bcos-0x00007834a3715a00|[NodeConfig]loadTxPoolConfig,txpoolLimit=15000,notifierWorkers=2,verifierWorkers=8,checkBlockLimit=true,txsExpirationTime(ms)=600000
info|2026-02-07 00:24:22.010465|fisco-bcos-0x00007834a3715a00|[NodeConfig]loadSecurityConfig,enable_hsm=false,privateKeyPath=conf/node.pem
info|2026-02-07 00:24:22.010469|fisco-bcos-0x00007834a3715a00|[NodeConfig][METRIC]loadExecutorNormalConfig: config.ini,enableDag=true
info|2026-02-07 00:24:22.010487|fisco-bcos-0x00007834a3715a00|[NodeConfig]loadStorageConfig,storagePath=data,KeyPage=10240,storageType=RocksDB,pdAddrs=127.0.0.1:2379,pdCaPath=,enableArchive=false,enableSeparateBlockAndState=false,archiveListenIP=,archiveListenPort=0,enable_rocksdb_blob=false,enableLRUCacheStorage=true
info|2026-02-07 00:24:22.010510|fisco-bcos-0x00007834a3715a00|[NodeConfig]loadConsensusConfig,checkPointTimeoutInterval=3000,pipeline_size=50
info|2026-02-07 00:24:22.010542|fisco-bcos-0x00007834a3715a00|[NodeConfig]loadSyncConfig,sync_block_by_tree=false,send_txs_by_tree=false,tree_width=3
info|2026-02-07 00:24:22.010566|fisco-bcos-0x00007834a3715a00|[NodeConfig]loadOthersConfig,sendTxTimeout=-1,vmCacheSize=1024
info|2026-02-07 00:24:22.010604|fisco-bcos-0x00007834a3715a00|[NodeConfig][METRIC]loadChainConfig,smCrypto=false,chainId=chain0,groupId=group0,blockLimit=1000
info|2026-02-07 00:24:22.010620|fisco-bcos-0x00007834a3715a00|[NodeConfig]loadWeb3ChainConfig,web3ChainID=20200
info|2026-02-07 00:24:22.010632|fisco-bcos-0x00007834a3715a00|[NodeConfig][parseConsensusNodeList],sectionName=consensus,nodeId=2346c69c46d42278eb237167eb19eb28432b63783cc0fd7cddc90f89c148e755db8941be9b0c5f37cbc21c409a78c154abc75ce0c80818c6fbb76aea6bcd0a9a,weight=1
info|2026-02-07 00:24:22.010650|fisco-bcos-0x00007834a3715a00|[NodeConfig][parseConsensusNodeList],sectionName=consensus,nodeId=21a47acec36f73d8e925a7d5db44793f998e1a42a6d7ee2e3a5cf4037b853452cb76f6cbab8e5b223a128e8ee15790d1f629858b47070b4eb2e1ddb2b0ada297,weight=1
info|2026-02-07 00:24:22.010656|fisco-bcos-0x00007834a3715a00|[NodeConfig][parseConsensusNodeList],sectionName=consensus,nodeId=0d6a7f52cb87ce7fda869e0db309ec9c53723c46f81632c21e4abbf1a9159f14d53f37cc0c4141548da9ec877d6235afd7a501c40d296fc4c5252a8717aa23c2,weight=1
info|2026-02-07 00:24:22.010660|fisco-bcos-0x00007834a3715a00|[NodeConfig][parseConsensusNodeList],sectionName=consensus,nodeId=5b07d12d1512a66493c8fd3456d8c505e6ce05f20061613a4c48a1fa3755bbf9cc2d2f1878c4a6733389f03deb0a3fc0c672e2f4910fde9802d6675929cb3dc5,weight=1
info|2026-02-07 00:24:22.010677|fisco-bcos-0x00007834a3715a00|[NodeConfig][parseConsensusNodeList],totalNodesSize=4
info|2026-02-07 00:24:22.010711|fisco-bcos-0x00007834a3715a00|[NodeConfig]loadLedgerConfig,consensus_type=pbft,block_tx_count_limit=1000,gas_limit=3000000000,leader_period=1,minSealTime=0,compatibilityVersion=3.11.0
info|2026-02-07 00:24:22.010720|fisco-bcos-0x00007834a3715a00|[NodeConfig][METRIC]loadExecutorConfig,isWasm=false,isAuthCheck=false,authAdminAccount=0x1dbd23331f727a66c096de4f3daaec061a3ca614,ismSerialExecute=true
info|2026-02-07 00:24:22.010779|fisco-bcos-0x00007834a3715a00|[NodeConfig]loadCertConfig,ca_path=./conf,sm_ca_cert=./conf/sm_ca.crt,sm_node_cert=./conf/sm_ssl.crt,sm_node_key=./conf/sm_ssl.key,sm_ennode_cert=./conf/sm_enssl.crt,sm_ennode_key=./conf/sm_enssl.key
info|2026-02-07 00:24:22.010799|fisco-bcos-0x00007834a3715a00|[NodeConfig]loadCertConfig,ca_path=./conf,ca_cert=./conf/ca.crt,node_cert=./conf/ssl.crt,node_key=./conf/ssl.key
info|2026-02-07 00:24:22.010808|fisco-bcos-0x00007834a3715a00|[NodeConfig]loadRpcConfig,listenIP=0.0.0.0,listenPort=20201,listenPort=20201,smSsl=false,disableSsl=true,needRetInput=true
info|2026-02-07 00:24:22.010814|fisco-bcos-0x00007834a3715a00|[NodeConfig]loadWeb3RpcConfig,enableWeb3Rpc=false,listenIP=0.0.0.0,listenPort=8543,listenPort=8543
info|2026-02-07 00:24:22.010820|fisco-bcos-0x00007834a3715a00|[NodeConfig]loadGatewayConfig,listenIP=0.0.0.0,listenPort=30301,listenPort=30301,smSsl=false,nodesFile=nodes.json
info|2026-02-07 00:24:22.010826|fisco-bcos-0x00007834a3715a00|[NodeConfig]loadSealerConfig,minSealTime=500
info|2026-02-07 00:24:22.010840|fisco-bcos-0x00007834a3715a00|[NodeConfig]loadTxPoolConfig,txpoolLimit=15000,notifierWorkers=2,verifierWorkers=8,checkBlockLimit=true,txsExpirationTime(ms)=600000
info|2026-02-07 00:24:22.010857|fisco-bcos-0x00007834a3715a00|[NodeConfig]loadSecurityConfig,enable_hsm=false,privateKeyPath=conf/node.pem
info|2026-02-07 00:24:22.010863|fisco-bcos-0x00007834a3715a00|[NodeConfig][METRIC]loadExecutorNormalConfig: config.ini,enableDag=true
info|2026-02-07 00:24:22.010874|fisco-bcos-0x00007834a3715a00|[NodeConfig]loadStorageConfig,storagePath=data,KeyPage=10240,storageType=RocksDB,pdAddrs=127.0.0.1:2379,pdCaPath=,enableArchive=false,enableSeparateBlockAndState=false,archiveListenIP=,archiveListenPort=0,enable_rocksdb_blob=false,enableLRUCacheStorage=true
info|2026-02-07 00:24:22.010892|fisco-bcos-0x00007834a3715a00|[NodeConfig]loadConsensusConfig,checkPointTimeoutInterval=3000,pipeline_size=50
info|2026-02-07 00:24:22.010897|fisco-bcos-0x00007834a3715a00|[NodeConfig]loadSyncConfig,sync_block_by_tree=false,send_txs_by_tree=false,tree_width=3
info|2026-02-07 00:24:22.010905|fisco-bcos-0x00007834a3715a00|[NodeConfig]loadOthersConfig,sendTxTimeout=-1,vmCacheSize=1024
info|2026-02-07 00:24:22.010911|fisco-bcos-0x00007834a3715a00|[INITIALIZER]init crypto suite success
info|2026-02-07 00:24:22.010915|fisco-bcos-0x00007834a3715a00|[INITIALIZER]init blockFactory success
info|2026-02-07 00:24:22.010929|fisco-bcos-0x00007834a3715a00|[INITIALIZER][SecureInitializer]loading privateKey
info|2026-02-07 00:24:22.011016|fisco-bcos-0x00007834a3715a00|[INITIALIZER]loadKeyPair from privateKey,privateKeySize=32,enableStorageSecurity=false
info|2026-02-07 00:24:22.011118|fisco-bcos-0x00007834a3715a00|[INITIALIZER][METRIC]loadKeyPair from privateKeyPath,privateKeyPath=conf/node.pem
info|2026-02-07 00:24:22.011134|fisco-bcos-0x00007834a3715a00|[INITIALIZER][METRIC]loadKeyPair success,publicKey=21a47acec36f73d8e925a7d5db44793f998e1a42a6d7ee2e3a5cf4037b853452cb76f6cbab8e5b223a128e8ee15790d1f629858b47070b4eb2e1ddb2b0ada297
info|2026-02-07 00:24:22.011184|fisco-bcos-0x00007834a3715a00|[NodeConfig]loadNodeServiceConfig,withoutTarsFramework=false
info|2026-02-07 00:24:22.011201|fisco-bcos-0x00007834a3715a00|[NodeConfig]load node service,nodeName=21a47acec36f73d8e925a7d5db44793f998e1a42a6d7ee2e3a5cf4037b853452cb76f6cbab8e5b223a128e8ee15790d1f629858b47070b4eb2e1ddb2b0ada297,withoutTarsFramework=false,schedulerServiceName=chain0.21a47acec36f73d8e925a7d5db44793f998e1a42a6d7ee2e3a5cf4037b853452cb76f6cbab8e5b223a128e8ee15790d1f629858b47070b4eb2e1ddb2b0ada297SchedulerService,executorServiceName=chain0.21a47acec36f73d8e925a7d5db44793f998e1a42a6d7ee2e3a5cf4037b853452cb76f6cbab8e5b223a128e8ee15790d1f629858b47070b4eb2e1ddb2b0ada297ExecutorService
info|2026-02-07 00:24:22.011420|fisco-bcos-0x00007834a3715a00|[Gateway][Config]initP2PConfig ok!,p2p.listen_ip=0.0.0.0,p2p.listen_port=30301,p2p.sm_ssl=false,p2p.enable_rip_protocol=true,p2p.enable_compression=true,p2p.allow_max_msg_size=33554432,p2p.session_recv_buffer_size=67108864,p2p.session_max_read_data_size=40960,p2p.session_max_send_data_size=1048576,p2p.session_max_send_msg_count=10,p2p.thread_count=8,p2p.nodes_path=./,p2p.nodes_file=nodes.json,p2p.readonly=false
info|2026-02-07 00:24:22.011448|fisco-bcos-0x00007834a3715a00|[Gateway][Config][initFlowControlConfig]load flow_control common config items,enable=false,flow_control.stat_reporter_interval=60000,flow_control.enable_connect_debug_info=false,flow_control.time_window_sec=1,flow_control.enable_distributed_ratelimit=false,flow_control.enable_distributed_ratelimit_cache=true,flow_control.distributed_ratelimit_cache_percent=20
info|2026-02-07 00:24:22.011456|fisco-bcos-0x00007834a3715a00|[Gateway][Config][initFlowControlConfig]load flow_control config items,key=flow_control.modules_without_bw_limit,moduleID=1001
info|2026-02-07 00:24:22.011461|fisco-bcos-0x00007834a3715a00|[Gateway][Config][initFlowControlConfig]load flow_control config items,key=flow_control.modules_without_bw_limit,moduleID=1000
info|2026-02-07 00:24:22.011464|fisco-bcos-0x00007834a3715a00|[Gateway][Config][initFlowControlConfig]load flow_control config items,key=flow_control.modules_without_bw_limit,moduleID=2002
info|2026-02-07 00:24:22.011466|fisco-bcos-0x00007834a3715a00|[Gateway][Config][initFlowControlConfig]load flow_control config items,key=flow_control.modules_without_bw_limit,moduleID=2001
info|2026-02-07 00:24:22.011468|fisco-bcos-0x00007834a3715a00|[Gateway][Config]the total_outgoing_bw_limit is not initialized
info|2026-02-07 00:24:22.011471|fisco-bcos-0x00007834a3715a00|[Gateway][Config]load flow_control config items, the conn_outgoing_bw_limit is not initialized
info|2026-02-07 00:24:22.011473|fisco-bcos-0x00007834a3715a00|[Gateway][Config]load flow_control config items, the group_outgoing_bw_limit is not initialized
info|2026-02-07 00:24:22.011475|fisco-bcos-0x00007834a3715a00|[Gateway][Config][initFlowControlConfig]load_flow control outgoing config items,flow_control.outgoing_allow_exceed_max_permit=false,flow_control.modules_without_bw_limit=raft,pbft,cons_txs_sync,txs_sync,flow_control.total_outgoing_bw_limit=-1,flow_control.conn_outgoing_bw_limit=-1,flow_control.group_outgoing_bw_limit=-1,flow_control.conn_outgoing_bw_limit_x.x.x.x=0,flow_control.group_outgoing_bw_limit_xxx=0,flow_control.modules_without_bw_limit size=4
info|2026-02-07 00:24:22.011529|fisco-bcos-0x00007834a3715a00|[Gateway][Config]rateLimiter: false
info|2026-02-07 00:24:22.011531|fisco-bcos-0x00007834a3715a00|[Gateway][Config][initFlowControlConfig]load flow_control config items, the incoming qps rate limit,flow_control.incoming_p2p_basic_msg_type_list=,flow_control.incoming_p2p_basic_msg_type_qps_limit=-1,flow_control.incoming_module_msg_type_qps_limit=-1,flow_control.incoming_module_qps_limit_xxx size=0,enableOutRateLimit=false,enableOutConnRateLimit=false,enableOutGroupRateLimit=false,enableInRateLimit=false
info|2026-02-07 00:24:22.011575|fisco-bcos-0x00007834a3715a00|[Gateway][Config]initCertConfig,ca_path=./conf,ca_cert=./conf/ca.crt,node_cert=./conf/ssl.crt,node_key=./conf/ssl.key,mul_ca_path=./conf/multiCaPath
info|2026-02-07 00:24:22.011603|fisco-bcos-0x00007834a3715a00|[Gateway][Config]initCertConfig,ca=./conf/ca.crt,node_cert=./conf/ssl.crt,node_key=./conf/ssl.key,mul_ca_path=./conf/multiCaPath
info|2026-02-07 00:24:22.011609|fisco-bcos-0x00007834a3715a00|[Gateway][Config]initConfig ok!,configPath=config.ini,listenIP=0.0.0.0,listenPort=30301,smSSL=false,peers=0
info|2026-02-07 00:24:22.011919|fisco-bcos-0x00007834a3715a00|[Gateway][Config]add one connected node,host=127.0.0.1:30300
info|2026-02-07 00:24:22.012179|fisco-bcos-0x00007834a3715a00|[Gateway][Config]add one connected node,host=127.0.0.1:30301
info|2026-02-07 00:24:22.012430|fisco-bcos-0x00007834a3715a00|[Gateway][Config]add one connected node,host=127.0.0.1:30302
info|2026-02-07 00:24:22.012680|fisco-bcos-0x00007834a3715a00|[Gateway][Config]add one connected node,host=127.0.0.1:30303
info|2026-02-07 00:24:22.012697|fisco-bcos-0x00007834a3715a00|[Gateway][Config]loadP2pConnectedNodes ok!,nodePath=./,nodeFileName=nodes.json,nodes=4
info|2026-02-07 00:24:22.012716|fisco-bcos-0x00007834a3715a00|[Gateway][Factory]initCert2PubHexHandler,cert=./conf/ssl.crt,certContent: =0x7834a2cf7650
info|2026-02-07 00:24:22.013181|fisco-bcos-0x00007834a3715a00|[Gateway][Factory][NEW]SSLContext pubHex: 3082010a0282010100d938a7d0e5078fdc3bfe83bfe8c789160de4c9e207ff836ef8d64a0c846f5f628646fe9170bec49eec44aebb3f17334e76b1003dae65d6858a626d60a3ff3dbbff8cf15ca934ca0f7a09b9ae6c17c911bb2f6083cab81540e00a8d9b9393a3341b90dd134f4a2ec21f1d8c55c2df687896873a36661a862226614582077d41811bcb3e6632cbf1767f6189b76054e8186606ee5a2c73bffe1bd6c8fc415f481324f015045231d662173b6f7e814068dffd598ce9a6f4630744bb0aa80f9f74403f4c3da3ca856b40d043885cc1e7beac524853fafb01fb61c3023ab04047e29d50a5d4cd612fc9ae90e7832fde7d1dea0804dc16fff17500517be0bf5d28f4ab0203010001
info|2026-02-07 00:24:22.014250|fisco-bcos-0x00007834a3715a00|[P2PService][Service][Service::Service]local protocol,protocolModuleID=1,version=0,minVersion=0,maxVersion=2
info|2026-02-07 00:24:22.014828|fisco-bcos-0x00007834a3715a00|register SIGUSR1 sig for reload p2p connected nodes config
info|2026-02-07 00:24:22.014864|fisco-bcos-0x00007834a3715a00|[Gateway][Factory][buildService]build service end,enable rip protocol=true,enable compress=true,myself pub id=3082010a0282010100d938a7d0e5078fdc3bfe83bfe8c789160de4c9e207ff836ef8d64a0c846f5f628646fe9170bec49eec44aebb3f17334e76b1003dae65d6858a626d60a3ff3dbbff8cf15ca934ca0f7a09b9ae6c17c911bb2f6083cab81540e00a8d9b9393a3341b90dd134f4a2ec21f1d8c55c2df687896873a36661a862226614582077d41811bcb3e6632cbf1767f6189b76054e8186606ee5a2c73bffe1bd6c8fc415f481324f015045231d662173b6f7e814068dffd598ce9a6f4630744bb0aa80f9f74403f4c3da3ca856b40d043885cc1e7beac524853fafb01fb61c3023ab04047e29d50a5d4cd612fc9ae90e7832fde7d1dea0804dc16fff17500517be0bf5d28f4ab0203010001
info|2026-02-07 00:24:22.015338|fisco-bcos-0x00007834a3715a00|[Gateway][Factory]GatewayFactory::init ok
info|2026-02-07 00:24:22.015375|fisco-bcos-0x00007834a3715a00|[FrontService]FrontServiceFactory::buildFrontService,groupID=group0,nodeID=21a47acec36f73d8e925a7d5db44793f998e1a42a6d7ee2e3a5cf4037b853452cb76f6cbab8e5b223a128e8ee15790d1f629858b47070b4eb2e1ddb2b0ada297
info|2026-02-07 00:24:22.015385|fisco-bcos-0x00007834a3715a00|[FrontService]FrontService,this=0x7834a2c6ff10,minVersion=0,maxVersion=2
info|2026-02-07 00:24:22.015400|fisco-bcos-0x00007834a3715a00|[INITIALIZER]initNode,stateDBPath=data,enableSeparateBlockAndState=false,storageType=RocksDB,consensusStoragePath=data/consensus_log
info|2026-02-07 00:24:22.105186|fisco-bcos-0x00007834a3715a00|[LEDGER][#buildGenesisBlock]
info|2026-02-07 00:24:22.105623|fisco-bcos-0x00007834a3715a00|[NodeConfig][generateGenesisData],genesisData=[chain]
sm_crypto:0
chainID: chain0
grouID: group0
[consensys]
consensus_type: pbft
block_tx_count_limit:1000
leader_period:1
[version]
compatibility_version:3.11.0
[tx]
gaslimit:3000000000
[executor]
iswasm: 0
isAuthCheck:0
authAdminAccount:0x1dbd23331f727a66c096de4f3daaec061a3ca614
isSerialExecute:1
epochSealerNum:4
epochBlockNum:1000
node.0:0d6a7f52cb87ce7fda869e0db309ec9c53723c46f81632c21e4abbf1a9159f14d53f37cc0c4141548da9ec877d6235afd7a501c40d296fc4c5252a8717aa23c2,1
node.1:21a47acec36f73d8e925a7d5db44793f998e1a42a6d7ee2e3a5cf4037b853452cb76f6cbab8e5b223a128e8ee15790d1f629858b47070b4eb2e1ddb2b0ada297,1
node.2:2346c69c46d42278eb237167eb19eb28432b63783cc0fd7cddc90f89c148e755db8941be9b0c5f37cbc21c409a78c154abc75ce0c80818c6fbb76aea6bcd0a9a,1
node.3:5b07d12d1512a66493c8fd3456d8c505e6ce05f20061613a4c48a1fa3755bbf9cc2d2f1878c4a6733389f03deb0a3fc0c672e2f4910fde9802d6675929cb3dc5,1
info|2026-02-07 00:24:22.105667|fisco-bcos-0x00007834a3715a00|[LEDGER][#buildGenesisBlock] success, block exists
info|2026-02-07 00:24:22.106174|fisco-bcos-0x00007834a3715a00|[TXPOOL]create transaction validator
info|2026-02-07 00:24:22.106359|fisco-bcos-0x00007834a3715a00|[TXPOOL]create transaction config
info|2026-02-07 00:24:22.106386|fisco-bcos-0x00007834a3715a00|[TXPOOL]create transaction storage
info|2026-02-07 00:24:22.106870|fisco-bcos-0x00007834a3715a00|[TXPOOL]init MemoryStorage of txpool,txNotifierWorkerNum=2,txsExpirationTime=600000,poolLimit=15000,cpuCores=20
info|2026-02-07 00:24:22.106924|fisco-bcos-0x00007834a3715a00|[TXPOOL]create sync config
info|2026-02-07 00:24:22.106932|fisco-bcos-0x00007834a3715a00|[TXPOOL]create sync engine
info|2026-02-07 00:24:22.107518|fisco-bcos-0x00007834a3715a00|[TXPOOL]create txpool,submitWorkerNum=8,notifyWorkerNum=2
info|2026-02-07 00:24:22.108542|fisco-bcos-0x00007834a3715a00|[TXPOOL]create TxPool,submitterNum=8
info|2026-02-07 00:24:22.108723|fisco-bcos-0x00007834a3715a00|[TARS_EXECUTOR_MANAGER]Initialize ,executorServiceName=chain0.21a47acec36f73d8e925a7d5db44793f998e1a42a6d7ee2e3a5cf4037b853452cb76f6cbab8e5b223a128e8ee15790d1f629858b47070b4eb2e1ddb2b0ada297ExecutorService.ExecutorServiceObj
info|2026-02-07 00:24:22.108880|fisco-bcos-0x00007834a3715a00|[INITIALIZER]initNode: enableLRUCacheStorage, size: 33554432
info|2026-02-07 00:24:22.108920|fisco-bcos-0x00007834a3715a00|[INITIALIZER]create Executor,nodeArchType=0
info|2026-02-07 00:24:22.111128|fisco-bcos-0x00007834a3715a00|[CONSENSUS][PBFT]create PBFTCodec
info|2026-02-07 00:24:22.111184|fisco-bcos-0x00007834a3715a00|[CONSENSUS][PBFT]create PBFT validator
info|2026-02-07 00:24:22.111519|fisco-bcos-0x00007834a3715a00|[CONSENSUS][PBFT]create pbftStorage
info|2026-02-07 00:24:22.111667|fisco-bcos-0x00007834a3715a00|[CONSENSUS][PBFT][STORAGE]createKVTable success,table=pbftCommitDB
info|2026-02-07 00:24:22.111856|fisco-bcos-0x00007834a3715a00|[CONSENSUS][PBFT]create pbftConfig
info|2026-02-07 00:24:22.112074|fisco-bcos-0x00007834a3715a00|[CONSENSUS][PBFT]create PBFTEngine
info|2026-02-07 00:24:22.113333|fisco-bcos-0x00007834a3715a00|[CONSENSUS][PBFT]create PBFT
info|2026-02-07 00:24:22.114336|fisco-bcos-0x00007834a3715a00|[INITIALIZER]PBFTInitializer::initChainNodeInfo,nodeType=None,nodeCryptoType=0,nodeName=21a47acec36f73d8e925a7d5db44793f998e1a42a6d7ee2e3a5cf4037b853452cb76f6cbab8e5b223a128e8ee15790d1f629858b47070b4eb2e1ddb2b0ada297,compatibilityVersion=51052544
info|2026-02-07 00:24:22.114433|fisco-bcos-0x00007834a3715a00|[Gateway][Router]insertNode,groupID=group0,minVersion=0,maxVersion=2,nodeID=21a47acec36f73d8e925a7d5db44793f998e1a42a6d7ee2e3a5cf4037b853452cb76f6cbab8e5b223a128e8ee15790d1f629858b47070b4eb2e1ddb2b0ada297,nodeType=None
info|2026-02-07 00:24:22.114450|fisco-bcos-0x00007834a3715a00|[INITIALIZER]registerNode,group=group0,node=21a47acec36f73d8e925a7d5db44793f998e1a42a6d7ee2e3a5cf4037b853452cb76f6cbab8e5b223a128e8ee15790d1f629858b47070b4eb2e1ddb2b0ada297,type=None
info|2026-02-07 00:24:22.114468|fisco-bcos-0x00007834a3715a00|[TXPOOL]fetch LedgerConfig information
info|2026-02-07 00:24:22.114568|fisco-bcos-0x00007834a3715a00|[TOOL]LedgerConfigFetcher: fetchBlockNumber success,blockNumber=130
info|2026-02-07 00:24:22.114651|fisco-bcos-0x00007834a3715a00|[TOOL]LedgerConfigFetcher: fetchBlockHash success,blockNumber=130,hash=285b0eda...
info|2026-02-07 00:24:22.114785|fisco-bcos-0x00007834a3715a00|[TOOL]fetchBlockTxCountLimit success,value=1000
info|2026-02-07 00:24:22.114835|fisco-bcos-0x00007834a3715a00|[TXPOOL]fetch LedgerConfig success
info|2026-02-07 00:24:22.114844|fisco-bcos-0x00007834a3715a00|[TXPOOL]fetch history nonces information,startNumber=0,fetchedSize=131
info|2026-02-07 00:24:22.119732|fisco-bcos-0x00007834a3715a00|[TXPOOL]fetch history nonces success
info|2026-02-07 00:24:22.119846|fisco-bcos-0x00007834a3715a00|[TXPOOL]init txs validator,checkBlockLimit=true
info|2026-02-07 00:24:22.120626|fisco-bcos-0x00007834a3715a00|[TXPOOL]init txs validator success
info|2026-02-07 00:24:22.120698|fisco-bcos-0x00007834a3715a00|[TXPOOL]init sync config
info|2026-02-07 00:24:22.120777|fisco-bcos-0x00007834a3715a00|[TXPOOL]init sync config success
info|2026-02-07 00:24:22.120853|fisco-bcos-0x00007834a3715a00|[BLOCK SYNC]start fetch the ledger config for block sync module
info|2026-02-07 00:24:22.121586|fisco-bcos-0x00007834a3715a00|[TOOL]LedgerConfigFetcher: fetchBlockNumber success,blockNumber=130
info|2026-02-07 00:24:22.122200|fisco-bcos-0x00007834a3715a00|[TOOL]LedgerConfigFetcher: fetchBlockHash success,blockNumber=130,hash=285b0eda...
info|2026-02-07 00:24:22.122413|fisco-bcos-0x00007834a3715a00|[TOOL]fetchCompatibilityVersion
info|2026-02-07 00:24:22.122675|fisco-bcos-0x00007834a3715a00|[TOOL]fetchCompatibilityVersion success,version=3.11.0,versionNumber=51052544,minSupportedVersion=3.0.0-rc4,maxSupportedVersion=3.11.0
info|2026-02-07 00:24:22.124110|fisco-bcos-0x00007834a3715a00|[TOOL]fetchSystemConfig failed, use default value,code=3008,msg=Entry: feature_dmc2serial does not exists!,key=feature_dmc2serial,defaultValue=0
info|2026-02-07 00:24:22.124225|fisco-bcos-0x00007834a3715a00|[TOOL]fetchSystemConfig failed, use default value,code=3008,msg=Entry: feature_sharding does not exists!,key=feature_sharding,defaultValue=0
info|2026-02-07 00:24:22.124258|fisco-bcos-0x00007834a3715a00|[TOOL]fetchSystemConfig failed, use default value,code=3008,msg=Entry: feature_rpbft does not exists!,key=feature_rpbft,defaultValue=0
info|2026-02-07 00:24:22.124335|fisco-bcos-0x00007834a3715a00|[TOOL]fetchSystemConfig failed, use default value,code=3008,msg=Entry: feature_paillier does not exists!,key=feature_paillier,defaultValue=0
info|2026-02-07 00:24:22.124421|fisco-bcos-0x00007834a3715a00|[TOOL]fetchSystemConfig failed, use default value,code=3008,msg=Entry: feature_balance does not exists!,key=feature_balance,defaultValue=0
info|2026-02-07 00:24:22.124459|fisco-bcos-0x00007834a3715a00|[TOOL]fetchSystemConfig failed, use default value,code=3008,msg=Entry: feature_balance_precompiled does not exists!,key=feature_balance_precompiled,defaultValue=0
info|2026-02-07 00:24:22.124545|fisco-bcos-0x00007834a3715a00|[TOOL]fetchSystemConfig failed, use default value,code=3008,msg=Entry: feature_balance_policy1 does not exists!,key=feature_balance_policy1,defaultValue=0
info|2026-02-07 00:24:22.124583|fisco-bcos-0x00007834a3715a00|[TOOL]fetchSystemConfig failed, use default value,code=3008,msg=Entry: feature_paillier_add_raw does not exists!,key=feature_paillier_add_raw,defaultValue=0
info|2026-02-07 00:24:22.124681|fisco-bcos-0x00007834a3715a00|[TOOL]fetchSystemConfig failed, use default value,code=3008,msg=Entry: feature_evm_cancun does not exists!,key=feature_evm_cancun,defaultValue=0
info|2026-02-07 00:24:22.124801|fisco-bcos-0x00007834a3715a00|[TOOL]fetchConsensusNodeList success,size=4
info|2026-02-07 00:24:22.124841|fisco-bcos-0x00007834a3715a00|[TOOL]fetchObserverNodeList success,size=0
info|2026-02-07 00:24:22.124869|fisco-bcos-0x00007834a3715a00|[TOOL]fetchCandidateSealerList success,size=0
info|2026-02-07 00:24:22.124898|fisco-bcos-0x00007834a3715a00|[TOOL]fetchGenesisHash success,genesisHash=25d20f1c...
info|2026-02-07 00:24:22.124906|fisco-bcos-0x00007834a3715a00|[BLOCK SYNC]fetch the ledger config for block sync module success,number=130,latestHash=285b0eda...,genesisHash=25d20f1c7ba5c73a1e512bbabf583992a464d04d9c35a44e10d8c6c8f07c9983
info|2026-02-07 00:24:22.124935|fisco-bcos-0x00007834a3715a00|[BLOCK SYNC]#### BlockSyncConfig resetConfig,number=130,consNodeSize=4,observerNodeSize=0,type=CONSENSUS_NODE
info|2026-02-07 00:24:22.125087|fisco-bcos-0x00007834a3715a00|[BLOCK SYNC]init block sync success
info|2026-02-07 00:24:22.125113|fisco-bcos-0x00007834a3715a00|[CONSENSUS][PBFT]asyncResetTxPool when startup
info|2026-02-07 00:24:22.125178|fisco-bcos-0x00007834a3715a00|[TXPOOL]asyncResetTxPool,txsSize=0
info|2026-02-07 00:24:22.125230|fisco-bcos-0x00007834a3715a00|[CONSENSUS][PBFT]fetchAndUpdateLedgerConfig
info|2026-02-07 00:24:22.125272|fisco-bcos-0x00007834a3715a00|[TOOL]LedgerConfigFetcher: fetchBlockNumber success,blockNumber=130
info|2026-02-07 00:24:22.125299|fisco-bcos-0x00007834a3715a00|[TOOL]LedgerConfigFetcher: fetchBlockHash success,blockNumber=130,hash=285b0eda...
info|2026-02-07 00:24:22.125309|fisco-bcos-0x00007834a3715a00|[TOOL]fetchCompatibilityVersion
info|2026-02-07 00:24:22.125366|fisco-bcos-0x00007834a3715a00|[TOOL]fetchCompatibilityVersion success,version=3.11.0,versionNumber=51052544,minSupportedVersion=3.0.0-rc4,maxSupportedVersion=3.11.0
info|2026-02-07 00:24:22.126029|fisco-bcos-0x00007834a3715a00|[TOOL]fetchSystemConfig failed, use default value,code=3008,msg=Entry: feature_dmc2serial does not exists!,key=feature_dmc2serial,defaultValue=0
info|2026-02-07 00:24:22.126121|fisco-bcos-0x00007834a3715a00|[TOOL]fetchSystemConfig failed, use default value,code=3008,msg=Entry: feature_sharding does not exists!,key=feature_sharding,defaultValue=0
info|2026-02-07 00:24:22.126152|fisco-bcos-0x00007834a3715a00|[TOOL]fetchSystemConfig failed, use default value,code=3008,msg=Entry: feature_rpbft does not exists!,key=feature_rpbft,defaultValue=0
info|2026-02-07 00:24:22.126178|fisco-bcos-0x00007834a3715a00|[TOOL]fetchSystemConfig failed, use default value,code=3008,msg=Entry: feature_paillier does not exists!,key=feature_paillier,defaultValue=0
info|2026-02-07 00:24:22.126204|fisco-bcos-0x00007834a3715a00|[TOOL]fetchSystemConfig failed, use default value,code=3008,msg=Entry: feature_balance does not exists!,key=feature_balance,defaultValue=0
info|2026-02-07 00:24:22.126229|fisco-bcos-0x00007834a3715a00|[TOOL]fetchSystemConfig failed, use default value,code=3008,msg=Entry: feature_balance_precompiled does not exists!,key=feature_balance_precompiled,defaultValue=0
info|2026-02-07 00:24:22.126256|fisco-bcos-0x00007834a3715a00|[TOOL]fetchSystemConfig failed, use default value,code=3008,msg=Entry: feature_balance_policy1 does not exists!,key=feature_balance_policy1,defaultValue=0
info|2026-02-07 00:24:22.126280|fisco-bcos-0x00007834a3715a00|[TOOL]fetchSystemConfig failed, use default value,code=3008,msg=Entry: feature_paillier_add_raw does not exists!,key=feature_paillier_add_raw,defaultValue=0
info|2026-02-07 00:24:22.126575|fisco-bcos-0x00007834a3715a00|[TOOL]fetchSystemConfig failed, use default value,code=3008,msg=Entry: feature_evm_cancun does not exists!,key=feature_evm_cancun,defaultValue=0
info|2026-02-07 00:24:22.126820|fisco-bcos-0x00007834a3715a00|[TOOL]fetchConsensusNodeList success,size=4
info|2026-02-07 00:24:22.126873|fisco-bcos-0x00007834a3715a00|[TOOL]fetchObserverNodeList success,size=0
info|2026-02-07 00:24:22.126908|fisco-bcos-0x00007834a3715a00|[TOOL]fetchCandidateSealerList success,size=0
info|2026-02-07 00:24:22.126949|fisco-bcos-0x00007834a3715a00|[TOOL]fetchBlockTxCountLimit success,value=1000
info|2026-02-07 00:24:22.126979|fisco-bcos-0x00007834a3715a00|[TOOL]fetchGenesisHash success,genesisHash=25d20f1c...
info|2026-02-07 00:24:22.127009|fisco-bcos-0x00007834a3715a00|[TOOL]fetchConsensusLeaderPeriod success,value=1
info|2026-02-07 00:24:22.127038|fisco-bcos-0x00007834a3715a00|[TOOL]fetchAuthCheckStatus success,value=0
info|2026-02-07 00:24:22.127074|fisco-bcos-0x00007834a3715a00|[TOOL]fetchSystemConfig failed, use default value,code=3008,msg=Entry: feature_rpbft_epoch_sealer_num does not exists!,key=feature_rpbft_epoch_sealer_num,defaultValue=4
info|2026-02-07 00:24:22.127083|fisco-bcos-0x00007834a3715a00|[TOOL]fetchEpochSealerNum success,value=4
info|2026-02-07 00:24:22.127105|fisco-bcos-0x00007834a3715a00|[TOOL]fetchSystemConfig failed, use default value,code=3008,msg=Entry: feature_rpbft_epoch_block_num does not exists!,key=feature_rpbft_epoch_block_num,defaultValue=1000
info|2026-02-07 00:24:22.127111|fisco-bcos-0x00007834a3715a00|[TOOL]fetchEpochBlockNum success,value=1000
info|2026-02-07 00:24:22.127134|fisco-bcos-0x00007834a3715a00|[TOOL]fetchSystemConfig failed, use default value,code=3008,msg=Entry: feature_rpbft_notify_rotate does not exists!,key=feature_rpbft_notify_rotate,defaultValue=0
info|2026-02-07 00:24:22.127139|fisco-bcos-0x00007834a3715a00|[TOOL]fetchNotifyRotateFlagInfo success,value=0
info|2026-02-07 00:24:22.127144|fisco-bcos-0x00007834a3715a00|[CONSENSUS][PBFT]fetchAndUpdateLedgerConfig success,blockNumber=130,hash=285b0eda...,maxTxsPerBlock=1000,consensusNodeList=4
info|2026-02-07 00:24:22.127170|fisco-bcos-0x00007834a3715a00|[CONSENSUS][PBFT][METRIC]resetConfig,committedIndex=130,propHash=285b0eda...,blockCountLimit=1000,leaderPeriod=1,consensusNodesSize=4
info|2026-02-07 00:24:22.127188|fisco-bcos-0x00007834a3715a00|[CONSENSUS][PBFT]PBFTConfig: resetExpectedCheckPoint,committedIndex=130,consNum=131,committedHash=285b0eda...,view=0,toView=0,changeCycle=0,expectedCheckPoint=0,Idx=0,unsealedTxs=0,sealUntil=0,waitResealUntil=0,consensusTimeout=3000,nodeId=21a47ace...,expectedCheckPoint=0
info|2026-02-07 00:24:22.127215|fisco-bcos-0x00007834a3715a00|[CONSENSUS][Core][METRIC]updateConsensusNodeList,nodeNum=4,nodeIndex=1,committedIndex=130,0d6a7f52...=1,21a47ace...=1,2346c69c...=1,5b07d12d...=1
info|2026-02-07 00:24:22.127228|fisco-bcos-0x00007834a3715a00|[CONSENSUS][PBFT]notifyResetSealing,committedIndex=130,consNum=131,committedHash=285b0eda...,view=0,toView=0,changeCycle=0,expectedCheckPoint=131,Idx=1,unsealedTxs=0,sealUntil=0,waitResealUntil=0,consensusTimeout=3000,nodeId=21a47ace...
info|2026-02-07 00:24:22.127242|fisco-bcos-0x00007834a3715a00|[CONSENSUS][SEALER]resetSealing,startNum=0,endNum=0,sealingNum=-1,pendingTxs=0,unsealedTxs=0
info|2026-02-07 00:24:22.127260|fisco-bcos-0x00007834a3715a00|[CONSENSUS][PBFT]reNotifySealer,expectedStart=131,highWaterMark=181,leader=3,committedIndex=130,consNum=131,committedHash=285b0eda...,view=0,toView=0,changeCycle=0,expectedCheckPoint=131,Idx=1,unsealedTxs=0,sealUntil=0,waitResealUntil=0,consensusTimeout=3000,nodeId=21a47ace...
info|2026-02-07 00:24:22.127271|fisco-bcos-0x00007834a3715a00|[CONSENSUS][PBFT]notifyResetSealing success,committedIndex=130,consNum=131,committedHash=285b0eda...,view=0,toView=0,changeCycle=0,expectedCheckPoint=131,Idx=1,unsealedTxs=0,sealUntil=0,waitResealUntil=0,consensusTimeout=3000,nodeId=21a47ace...
info|2026-02-07 00:24:22.127305|fisco-bcos-0x00007834a3715a00|[CONSENSUS][PBFT][METRIC]^^^^^^^^Report,committedIndex=130,consNum=131,committedHash=285b0eda...,view=0,toView=0,changeCycle=0,expectedCheckPoint=131,Idx=1,unsealedTxs=0,sealUntil=0,waitResealUntil=0,consensusTimeout=3000,nodeId=21a47ace...
info|2026-02-07 00:24:22.127329|fisco-bcos-0x00007834a3715a00|[CONSENSUS][PBFT]updateValidatorConfig,consensusNodeListUpdated=true,observerNodeListUpdated=false,consensusNodeSize=4,observerNodeSize=0
info|2026-02-07 00:24:22.127336|fisco-bcos-0x00007834a3715a00|[CONSENSUS][SEALER]asyncNoteLatestBlockNumber,number=130
info|2026-02-07 00:24:22.127345|fisco-bcos-0x00007834a3715a00|[CONSENSUS][SEALER]asyncNoteLatestBlockHash,_hash=285b0eda...
info|2026-02-07 00:24:22.127352|fisco-bcos-0x00007834a3715a00|[CONSENSUS][PBFT]init PBFT success
info|2026-02-07 00:24:22.127513|fisco-bcos-0x00007834a3715a00|[FRONTSERVICE]registerModuleMessageDispatcher for the consensus module success
info|2026-02-07 00:24:22.127526|fisco-bcos-0x00007834a3715a00|[FRONTSERVICE]registerModuleMessageDispatcher for the txsSync module success
info|2026-02-07 00:24:22.127530|fisco-bcos-0x00007834a3715a00|[FRONTSERVICE]registerModuleMessageDispatcher for the BlockSync module success
info|2026-02-07 00:24:22.127535|fisco-bcos-0x00007834a3715a00|[FRONTSERVICE]registerGroupNodeInfoNotification success
info|2026-02-07 00:24:22.128173|fisco-bcos-0x00007834a3715a00|[RPC][initConfig]rpc work in disable ssl model,listenIP=0.0.0.0,listenPort=20201,threadCount=4,asServer=true
info|2026-02-07 00:24:22.128221|fisco-bcos-0x00007834a3715a00|[DEFAULT][WS][SERVICE],[NEWOBJ][WsService]=0x7834a2ce5710
info|2026-02-07 00:24:22.128409|fisco-bcos-0x00007834a3715a00|[DEFAULT][WS][INITIALIZER][initWsService]start websocket service as server
info|2026-02-07 00:24:22.128514|fisco-bcos-0x00007834a3715a00|[DEFAULT][HTTP][SERVER][buildHttpServer],listenIP=0.0.0.0,listenPort=20201
info|2026-02-07 00:24:22.128537|fisco-bcos-0x00007834a3715a00|[DEFAULT][WS][INITIALIZER][initWsService]initializer for websocket service,listenIP=0.0.0.0,listenPort=20201,disableSsl=true,server=true,client=false,maxMsgSize=33554432,msgTimeOut=-1,connected peers=0
info|2026-02-07 00:24:22.129128|fisco-bcos-0x00007834a3715a00|[RPC][JSONRPC][initMethod],method=getLogs
info|2026-02-07 00:24:22.129196|fisco-bcos-0x00007834a3715a00|[RPC][JSONRPC][initMethod],method=getSystemConfigByKey
info|2026-02-07 00:24:22.129205|fisco-bcos-0x00007834a3715a00|[RPC][JSONRPC][initMethod],method=getPeers
info|2026-02-07 00:24:22.129211|fisco-bcos-0x00007834a3715a00|[RPC][JSONRPC][initMethod],method=getNodeListByType
info|2026-02-07 00:24:22.129228|fisco-bcos-0x00007834a3715a00|[RPC][JSONRPC][initMethod],method=getObserverList
info|2026-02-07 00:24:22.129233|fisco-bcos-0x00007834a3715a00|[RPC][JSONRPC][initMethod],method=getBlockHashByNumber
info|2026-02-07 00:24:22.129238|fisco-bcos-0x00007834a3715a00|[RPC][JSONRPC][initMethod],method=getBlockNumber
info|2026-02-07 00:24:22.129243|fisco-bcos-0x00007834a3715a00|[RPC][JSONRPC][initMethod],method=getSealerList
info|2026-02-07 00:24:22.129248|fisco-bcos-0x00007834a3715a00|[RPC][JSONRPC][initMethod],method=getTransactionReceipt
info|2026-02-07 00:24:22.129255|fisco-bcos-0x00007834a3715a00|[RPC][JSONRPC][initMethod],method=sendTransaction
info|2026-02-07 00:24:22.129260|fisco-bcos-0x00007834a3715a00|[RPC][JSONRPC][initMethod],method=call
info|2026-02-07 00:24:22.129264|fisco-bcos-0x00007834a3715a00|[RPC][JSONRPC][initMethod],method=getABI
info|2026-02-07 00:24:22.129282|fisco-bcos-0x00007834a3715a00|[RPC][JSONRPC][initMethod],method=newBlockFilter
info|2026-02-07 00:24:22.129286|fisco-bcos-0x00007834a3715a00|[RPC][JSONRPC][initMethod],method=getCode
info|2026-02-07 00:24:22.129291|fisco-bcos-0x00007834a3715a00|[RPC][JSONRPC][initMethod],method=uninstallFilter
info|2026-02-07 00:24:22.129295|fisco-bcos-0x00007834a3715a00|[RPC][JSONRPC][initMethod],method=getPendingTxSize
info|2026-02-07 00:24:22.129300|fisco-bcos-0x00007834a3715a00|[RPC][JSONRPC][initMethod],method=getSyncStatus
info|2026-02-07 00:24:22.129553|fisco-bcos-0x00007834a3715a00|[RPC][JSONRPC][initMethod],method=getTransaction
info|2026-02-07 00:24:22.129571|fisco-bcos-0x00007834a3715a00|[RPC][JSONRPC][initMethod],method=getConsensusStatus
info|2026-02-07 00:24:22.129590|fisco-bcos-0x00007834a3715a00|[RPC][JSONRPC][initMethod],method=getGroupPeers
info|2026-02-07 00:24:22.129600|fisco-bcos-0x00007834a3715a00|[RPC][JSONRPC][initMethod],method=newFilter
info|2026-02-07 00:24:22.129607|fisco-bcos-0x00007834a3715a00|[RPC][JSONRPC][initMethod],method=getGroupList
info|2026-02-07 00:24:22.129614|fisco-bcos-0x00007834a3715a00|[RPC][JSONRPC][initMethod],method=getBlockByHash
info|2026-02-07 00:24:22.129621|fisco-bcos-0x00007834a3715a00|[RPC][JSONRPC][initMethod],method=getPbftView
info|2026-02-07 00:24:22.129628|fisco-bcos-0x00007834a3715a00|[RPC][JSONRPC][initMethod],method=newPendingTransactionFilter
info|2026-02-07 00:24:22.129636|fisco-bcos-0x00007834a3715a00|[RPC][JSONRPC][initMethod],method=getFilterLogs
info|2026-02-07 00:24:22.129649|fisco-bcos-0x00007834a3715a00|[RPC][JSONRPC][initMethod],method=getFilterChanges
info|2026-02-07 00:24:22.129657|fisco-bcos-0x00007834a3715a00|[RPC][JSONRPC][initMethod],method=getGroupInfoList
info|2026-02-07 00:24:22.129664|fisco-bcos-0x00007834a3715a00|[RPC][JSONRPC][initMethod],method=getBlockByNumber
info|2026-02-07 00:24:22.129686|fisco-bcos-0x00007834a3715a00|[RPC][JSONRPC][initMethod],method=getTotalTransactionCount
info|2026-02-07 00:24:22.129701|fisco-bcos-0x00007834a3715a00|[RPC][JSONRPC][initMethod],method=getGroupInfo
info|2026-02-07 00:24:22.129710|fisco-bcos-0x00007834a3715a00|[RPC][JSONRPC][initMethod],method=getGroupNodeInfo
info|2026-02-07 00:24:22.129716|fisco-bcos-0x00007834a3715a00|[RPC][JSONRPC][initMethod],size=32
info|2026-02-07 00:24:22.129743|fisco-bcos-0x00007834a3715a00|[RPC]create event sub obj
info|2026-02-07 00:24:22.129780|fisco-bcos-0x00007834a3715a00|[GROUP]initNodeInfo,group=group0,nodeName=localNode
info|2026-02-07 00:24:22.130015|fisco-bcos-0x00007834a3715a00|[GROUP]initNodeInfo success,group=group0,nodeName=localNode,number=130
info|2026-02-07 00:24:22.130252|fisco-bcos-0x00007834a3715a00|[INITIALIZER][METRIC],binaryVersion=3.11.0,buildTime=20240827 04:30:34,buildType=Release,platform=Linux/g++,gitBranch=HEAD,commitHash=3fea676716990b2ed453b4f079915daafff451f9
info|2026-02-07 00:24:22.130571|fisco-bcos-0x00007834a3715a00|[INITIALIZER]Start the txpool
info|2026-02-07 00:24:22.130648|fisco-bcos-0x00007834a3715a00|[TXPOOL]Start the txpool.
info|2026-02-07 00:24:22.130828|fisco-bcos-0x00007834a3715a00|[BLOCK SYNC]enableAsMaster:true
info|2026-02-07 00:24:22.130869|fisco-bcos-0x00007834a3715a00|[Gateway][Router]insertNode,groupID=group0,minVersion=0,maxVersion=2,nodeID=21a47acec36f73d8e925a7d5db44793f998e1a42a6d7ee2e3a5cf4037b853452cb76f6cbab8e5b223a128e8ee15790d1f629858b47070b4eb2e1ddb2b0ada297,nodeType=CONSENSUS_NODE
info|2026-02-07 00:24:22.130889|fisco-bcos-0x00007834a3715a00|[INITIALIZER]registerNode,group=group0,node=21a47acec36f73d8e925a7d5db44793f998e1a42a6d7ee2e3a5cf4037b853452cb76f6cbab8e5b223a128e8ee15790d1f629858b47070b4eb2e1ddb2b0ada297,type=CONSENSUS_NODE
info|2026-02-07 00:24:22.130903|fisco-bcos-0x00007834a3715a00|[BLOCK SYNC]start fetch the ledger config for block sync module
info|2026-02-07 00:24:22.131012|fisco-bcos-0x00007834a3715a00|[TOOL]LedgerConfigFetcher: fetchBlockNumber success,blockNumber=130
info|2026-02-07 00:24:22.131174|fisco-bcos-0x00007834a3715a00|[TOOL]LedgerConfigFetcher: fetchBlockHash success,blockNumber=130,hash=285b0eda...
info|2026-02-07 00:24:22.131284|fisco-bcos-0x00007834a3715a00|[TOOL]fetchCompatibilityVersion
info|2026-02-07 00:24:22.131450|fisco-bcos-0x00007834a3715a00|[TOOL]fetchCompatibilityVersion success,version=3.11.0,versionNumber=51052544,minSupportedVersion=3.0.0-rc4,maxSupportedVersion=3.11.0
info|2026-02-07 00:24:22.132885|fisco-bcos-0x00007834a3715a00|[TOOL]fetchSystemConfig failed, use default value,code=3008,msg=Entry: feature_dmc2serial does not exists!,key=feature_dmc2serial,defaultValue=0
info|2026-02-07 00:24:22.133174|fisco-bcos-0x00007834a3715a00|[TOOL]fetchSystemConfig failed, use default value,code=3008,msg=Entry: feature_sharding does not exists!,key=feature_sharding,defaultValue=0
info|2026-02-07 00:24:22.133377|fisco-bcos-0x00007834a3715a00|[TOOL]fetchSystemConfig failed, use default value,code=3008,msg=Entry: feature_rpbft does not exists!,key=feature_rpbft,defaultValue=0
info|2026-02-07 00:24:22.133574|fisco-bcos-0x00007834a3715a00|[TOOL]fetchSystemConfig failed, use default value,code=3008,msg=Entry: feature_paillier does not exists!,key=feature_paillier,defaultValue=0
info|2026-02-07 00:24:22.133771|fisco-bcos-0x00007834a3715a00|[TOOL]fetchSystemConfig failed, use default value,code=3008,msg=Entry: feature_balance does not exists!,key=feature_balance,defaultValue=0
info|2026-02-07 00:24:22.133963|fisco-bcos-0x00007834a3715a00|[TOOL]fetchSystemConfig failed, use default value,code=3008,msg=Entry: feature_balance_precompiled does not exists!,key=feature_balance_precompiled,defaultValue=0
info|2026-02-07 00:24:22.134224|fisco-bcos-0x00007834a3715a00|[TOOL]fetchSystemConfig failed, use default value,code=3008,msg=Entry: feature_balance_policy1 does not exists!,key=feature_balance_policy1,defaultValue=0
info|2026-02-07 00:24:22.134416|fisco-bcos-0x00007834a3715a00|[TOOL]fetchSystemConfig failed, use default value,code=3008,msg=Entry: feature_paillier_add_raw does not exists!,key=feature_paillier_add_raw,defaultValue=0
info|2026-02-07 00:24:22.134608|fisco-bcos-0x00007834a3715a00|[TOOL]fetchSystemConfig failed, use default value,code=3008,msg=Entry: feature_evm_cancun does not exists!,key=feature_evm_cancun,defaultValue=0
info|2026-02-07 00:24:22.135138|fisco-bcos-0x00007834a3715a00|[TOOL]fetchConsensusNodeList success,size=4
info|2026-02-07 00:24:22.135284|fisco-bcos-0x00007834a3715a00|[TOOL]fetchObserverNodeList success,size=0
info|2026-02-07 00:24:22.135319|fisco-bcos-0x00007834a3715a00|[TOOL]fetchCandidateSealerList success,size=0
info|2026-02-07 00:24:22.135352|fisco-bcos-0x00007834a3715a00|[TOOL]fetchGenesisHash success,genesisHash=25d20f1c...
info|2026-02-07 00:24:22.135370|fisco-bcos-0x00007834a3715a00|[BLOCK SYNC]fetch the ledger config for block sync module success,number=130,latestHash=285b0eda...,genesisHash=25d20f1c7ba5c73a1e512bbabf583992a464d04d9c35a44e10d8c6c8f07c9983
info|2026-02-07 00:24:22.135393|fisco-bcos-0x00007834a3715a00|[BLOCK SYNC]init block sync success
info|2026-02-07 00:24:22.135417|fisco-bcos-0x00007834a3715a00|[CONSENSUS][PBFT]enableAsMasterNode: clearAllCache for the node switch into backup node
info|2026-02-07 00:24:22.135492|fisco-bcos-0x00007834a3715a00|[CONSENSUS][PBFT]enableAsMasterNode: true
info|2026-02-07 00:24:22.135512|fisco-bcos-0x00007834a3715a00|[INITIALIZER]Election versionInfoNotification success,version=51052544
info|2026-02-07 00:24:22.135521|fisco-bcos-0x00007834a3715a00|[CONSENSUS][PBFT]enableAsMasterNode: init and start the consensus module
info|2026-02-07 00:24:22.135528|fisco-bcos-0x00007834a3715a00|[CONSENSUS][PBFT]asyncResetTxPool when startup
info|2026-02-07 00:24:22.135596|fisco-bcos-0x00007834a3715a00|[TXPOOL]asyncResetTxPool,txsSize=0
info|2026-02-07 00:24:22.135643|fisco-bcos-0x00007834a3715a00|[CONSENSUS][PBFT]fetchAndUpdateLedgerConfig
info|2026-02-07 00:24:22.135681|fisco-bcos-0x00007834a3715a00|[TOOL]LedgerConfigFetcher: fetchBlockNumber success,blockNumber=130
info|2026-02-07 00:24:22.135707|fisco-bcos-0x00007834a3715a00|[TOOL]LedgerConfigFetcher: fetchBlockHash success,blockNumber=130,hash=285b0eda...
info|2026-02-07 00:24:22.135718|fisco-bcos-0x00007834a3715a00|[TOOL]fetchCompatibilityVersion
info|2026-02-07 00:24:22.135772|fisco-bcos-0x00007834a3715a00|[TOOL]fetchCompatibilityVersion success,version=3.11.0,versionNumber=51052544,minSupportedVersion=3.0.0-rc4,maxSupportedVersion=3.11.0
info|2026-02-07 00:24:22.136368|fisco-bcos-0x00007834a3715a00|[TOOL]fetchSystemConfig failed, use default value,code=3008,msg=Entry: feature_dmc2serial does not exists!,key=feature_dmc2serial,defaultValue=0
info|2026-02-07 00:24:22.136488|fisco-bcos-0x00007834a3715a00|[TOOL]fetchSystemConfig failed, use default value,code=3008,msg=Entry: feature_sharding does not exists!,key=feature_sharding,defaultValue=0
info|2026-02-07 00:24:22.136523|fisco-bcos-0x00007834a3715a00|[TOOL]fetchSystemConfig failed, use default value,code=3008,msg=Entry: feature_rpbft does not exists!,key=feature_rpbft,defaultValue=0
info|2026-02-07 00:24:22.136549|fisco-bcos-0x00007834a3715a00|[TOOL]fetchSystemConfig failed, use default value,code=3008,msg=Entry: feature_paillier does not exists!,key=feature_paillier,defaultValue=0
info|2026-02-07 00:24:22.136575|fisco-bcos-0x00007834a3715a00|[TOOL]fetchSystemConfig failed, use default value,code=3008,msg=Entry: feature_balance does not exists!,key=feature_balance,defaultValue=0
info|2026-02-07 00:24:22.137197|fisco-bcos-0x00007834a3715a00|[TOOL]fetchSystemConfig failed, use default value,code=3008,msg=Entry: feature_balance_precompiled does not exists!,key=feature_balance_precompiled,defaultValue=0
info|2026-02-07 00:24:22.137347|fisco-bcos-0x00007834a3715a00|[TOOL]fetchSystemConfig failed, use default value,code=3008,msg=Entry: feature_balance_policy1 does not exists!,key=feature_balance_policy1,defaultValue=0
info|2026-02-07 00:24:22.137396|fisco-bcos-0x00007834a3715a00|[TOOL]fetchSystemConfig failed, use default value,code=3008,msg=Entry: feature_paillier_add_raw does not exists!,key=feature_paillier_add_raw,defaultValue=0
info|2026-02-07 00:24:22.137448|fisco-bcos-0x00007834a3715a00|[TOOL]fetchSystemConfig failed, use default value,code=3008,msg=Entry: feature_evm_cancun does not exists!,key=feature_evm_cancun,defaultValue=0
info|2026-02-07 00:24:22.137865|fisco-bcos-0x00007834a3715a00|[TOOL]fetchConsensusNodeList success,size=4
info|2026-02-07 00:24:22.138014|fisco-bcos-0x00007834a3715a00|[TOOL]fetchObserverNodeList success,size=0
info|2026-02-07 00:24:22.138049|fisco-bcos-0x00007834a3715a00|[TOOL]fetchCandidateSealerList success,size=0
info|2026-02-07 00:24:22.138090|fisco-bcos-0x00007834a3715a00|[TOOL]fetchBlockTxCountLimit success,value=1000
info|2026-02-07 00:24:22.138119|fisco-bcos-0x00007834a3715a00|[TOOL]fetchGenesisHash success,genesisHash=25d20f1c...
info|2026-02-07 00:24:22.138164|fisco-bcos-0x00007834a3715a00|[TOOL]fetchConsensusLeaderPeriod success,value=1
info|2026-02-07 00:24:22.138199|fisco-bcos-0x00007834a3715a00|[TOOL]fetchAuthCheckStatus success,value=0
info|2026-02-07 00:24:22.138244|fisco-bcos-0x00007834a3715a00|[TOOL]fetchSystemConfig failed, use default value,code=3008,msg=Entry: feature_rpbft_epoch_sealer_num does not exists!,key=feature_rpbft_epoch_sealer_num,defaultValue=4
info|2026-02-07 00:24:22.138265|fisco-bcos-0x00007834a3715a00|[TOOL]fetchEpochSealerNum success,value=4
info|2026-02-07 00:24:22.138301|fisco-bcos-0x00007834a3715a00|[TOOL]fetchSystemConfig failed, use default value,code=3008,msg=Entry: feature_rpbft_epoch_block_num does not exists!,key=feature_rpbft_epoch_block_num,defaultValue=1000
info|2026-02-07 00:24:22.138314|fisco-bcos-0x00007834a3715a00|[TOOL]fetchEpochBlockNum success,value=1000
info|2026-02-07 00:24:22.138342|fisco-bcos-0x00007834a3715a00|[TOOL]fetchSystemConfig failed, use default value,code=3008,msg=Entry: feature_rpbft_notify_rotate does not exists!,key=feature_rpbft_notify_rotate,defaultValue=0
info|2026-02-07 00:24:22.138349|fisco-bcos-0x00007834a3715a00|[TOOL]fetchNotifyRotateFlagInfo success,value=0
info|2026-02-07 00:24:22.138356|fisco-bcos-0x00007834a3715a00|[CONSENSUS][PBFT]fetchAndUpdateLedgerConfig success,blockNumber=130,hash=285b0eda...,maxTxsPerBlock=1000,consensusNodeList=4
info|2026-02-07 00:24:22.138369|fisco-bcos-0x00007834a3715a00|[CONSENSUS][PBFT]init PBFT success
info|2026-02-07 00:24:22.138376|fisco-bcos-0x00007834a3715a00|[CONSENSUS][PBFT]fetch PBFT state
info|2026-02-07 00:24:22.138441|fisco-bcos-0x00007834a3715a00|[CONSENSUS][PBFT][STORAGE]asyncGetLatestCommittedProposalIndex,latestCommittedProposalIndex=130
info|2026-02-07 00:24:22.138459|fisco-bcos-0x00007834a3715a00|[CONSENSUS][PBFT][STORAGE]no need to fetch committed proposal,maxCommittedProposal=130,stableCheckPoint=130
info|2026-02-07 00:24:22.138482|fisco-bcos-0x00007834a3715a00|[CONSENSUS][PBFT]restart the consensus module
info|2026-02-07 00:24:22.138496|fisco-bcos-0x00007834a3715a00|[INITIALIZER]Election versionInfoNotification success,version=51052544
info|2026-02-07 00:24:22.138576|fisco-bcos-0x00007834a3715a00|[CONSENSUS][PBFT]notify the committed proposal index to the sync module success,index=130
info|2026-02-07 00:24:22.138925|fisco-bcos-0x00007834a3715a00|[CONSENSUS][PBFT]broadcastViewChangeReq,reqHash=285b0eda...,reqIndex=130,reqV=1,fromIdx=1,wait(ms)=0,packetSize=162
info|2026-02-07 00:24:22.138976|fisco-bcos-0x00007834a3715a00|[CONSENSUS][PBFT]addViewChangeReq,reqHash=285b0eda...,reqIndex=130,reqV=1,fromIdx=1,wait(ms)=0,weight=1,maxCommittedIndex=130,maxPrecommitIndex=0 preparedProposalInfo: ,committedIndex=130,consNum=131,committedHash=285b0eda...,view=0,toView=1,changeCycle=0,expectedCheckPoint=131,Idx=1,unsealedTxs=0,sealUntil=0,waitResealUntil=0,consensusTimeout=3000,nodeId=21a47ace...
info|2026-02-07 00:24:22.139012|fisco-bcos-0x00007834a3715a00|[CONSENSUS][SEALER]start the sealer
info|2026-02-07 00:24:22.140301|fisco-bcos-0x00007834a3715a00|[BLOCK SYNC]Start BlockSync
info|2026-02-07 00:24:22.140379|fisco-bcos-0x00007834a3715a00|[CONSENSUS][Core]Start the consensusEngine
info|2026-02-07 00:24:22.141273|fisco-bcos-0x00007834a3715a00|[CONSENSUS][PBFT]notify the committed proposal index to the sync module success,index=130
info|2026-02-07 00:24:22.141662|fisco-bcos-0x00007834a3715a00|[CONSENSUS][PBFT]broadcastViewChangeReq,reqHash=285b0eda...,reqIndex=130,reqV=2,fromIdx=1,wait(ms)=0,packetSize=162
info|2026-02-07 00:24:22.141815|fisco-bcos-0x00007834a3715a00|[CONSENSUS][PBFT]addViewChangeReq,reqHash=285b0eda...,reqIndex=130,reqV=2,fromIdx=1,wait(ms)=0,weight=1,maxCommittedIndex=130,maxPrecommitIndex=0 preparedProposalInfo: ,committedIndex=130,consNum=131,committedHash=285b0eda...,view=0,toView=2,changeCycle=0,expectedCheckPoint=131,Idx=1,unsealedTxs=0,sealUntil=0,waitResealUntil=0,consensusTimeout=3000,nodeId=21a47ace...
info|2026-02-07 00:24:22.141872|fisco-bcos-0x00007834a3715a00|[CONSENSUS][PBFT]Start the PBFT module.
info|2026-02-07 00:24:22.141890|fisco-bcos-0x00007834a3715a00|[FRONTSERVICE]Start the front service
info|2026-02-07 00:24:22.141910|fisco-bcos-0x00007834a3715a00|[FrontService][start]asyncGetGroupNodeInfo callback,node size=1
info|2026-02-07 00:24:22.142015|fisco-bcos-0x00007834a3715a00|[FrontService]protocolNegotiate success,nodeID=21a47acec36f73d8e925a7d5db44793f998e1a42a6d7ee2e3a5cf4037b853452cb76f6cbab8e5b223a128e8ee15790d1f629858b47070b4eb2e1ddb2b0ada297,groupID=group0,minVersion=0,maxVersion=2,supportedMinVersion=0,supportedMaxVersion=2,version=2
info|2026-02-07 00:24:22.142040|fisco-bcos-0x00007834a3715a00|[FrontService]onReceiveGroupNodeInfo,groupID=group0,nodeIDs.size()=1
info|2026-02-07 00:24:22.142579|fisco-bcos-0x00007834a3715a00|[FrontService]start,nodeID=21a47acec36f73d8e925a7d5db44793f998e1a42a6d7ee2e3a5cf4037b853452cb76f6cbab8e5b223a128e8ee15790d1f629858b47070b4eb2e1ddb2b0ada297,groupID=group0
info|2026-02-07 00:24:22.142850|fisco-bcos-0x00007834a3715a00|[FrontService]register module,count=13
info|2026-02-07 00:24:22.143021|fisco-bcos-0x00007834736f96c0|SyncConfig: setConnectedNodeList,size=1
info|2026-02-07 00:24:22.143178|fisco-bcos-0x00007834a3715a00|[FrontService]register module,moduleID=4005
info|2026-02-07 00:24:22.143261|fisco-bcos-0x00007834a3715a00|[FrontService]register module,moduleID=4006
info|2026-02-07 00:24:22.143272|fisco-bcos-0x00007834a3715a00|[FrontService]register module,moduleID=4001
info|2026-02-07 00:24:22.143279|fisco-bcos-0x00007834a3715a00|[FrontService]register module,moduleID=4000
info|2026-02-07 00:24:22.143290|fisco-bcos-0x00007834a3715a00|[FrontService]register module,moduleID=6000
info|2026-02-07 00:24:22.143296|fisco-bcos-0x00007834a3715a00|[FrontService]register module,moduleID=5000
info|2026-02-07 00:24:22.143301|fisco-bcos-0x00007834a3715a00|[FrontService]register module,moduleID=4002
info|2026-02-07 00:24:22.143306|fisco-bcos-0x00007834a3715a00|[FrontService]register module,moduleID=2000
info|2026-02-07 00:24:22.143310|fisco-bcos-0x00007834a3715a00|[FrontService]register module,moduleID=4004
info|2026-02-07 00:24:22.143318|fisco-bcos-0x00007834a3715a00|[FrontService]register module,moduleID=2002
info|2026-02-07 00:24:22.143323|fisco-bcos-0x00007834a3715a00|[FrontService]register module,moduleID=4003
info|2026-02-07 00:24:22.143329|fisco-bcos-0x00007834a3715a00|[FrontService]register module,moduleID=2001
info|2026-02-07 00:24:22.143334|fisco-bcos-0x00007834a3715a00|[FrontService]register module,moduleID=1000
info|2026-02-07 00:24:22.143598|fisco-bcos-0x00007834736f96c0|SyncConfig: setConnectedNodeList,size=1
info|2026-02-07 00:24:22.143693|fisco-bcos-0x00007834736f96c0|[FRONTSERVICE]notifyGroupNodeInfo,connectedNodeSize=1
info|2026-02-07 00:24:22.143476|fisco-bcos-0x0000783475dff6c0|[TIMESYNC]updateTimeInfo: update median time offset,updatedMedianTimeOffset=0,peer=21a47ace...,peerTime=1770395062140,peerOffset=-3,utcTime=1770395062143
info|2026-02-07 00:24:22.143809|fisco-bcos-0x00007834a3715a00|[NETWORK][Host]P2P StartAccept,Host=0.0.0.0:30301
info|2026-02-07 00:24:22.149677|ioService-0x0000783468bff6c0|[NETWORK][Host]P2P Recv Connect, From=127.0.0.1:36874
info|2026-02-07 00:24:22.149750|fisco-bcos-0x00007834a3715a00|[NETWORK][Host]Connecting to node,endpoint=127.0.0.1:30300
info|2026-02-07 00:24:22.150014|ioService-0x0000783468bff6c0|[NETWORK][Host]P2P StartAccept,Host=0.0.0.0:30301
info|2026-02-07 00:24:22.150180|fisco-bcos-0x00007834a3715a00|[NETWORK][Host]Connecting to node,endpoint=127.0.0.1:30301
info|2026-02-07 00:24:22.150382|fisco-bcos-0x00007834a3715a00|[NETWORK][Host]Connecting to node,endpoint=127.0.0.1:30302
info|2026-02-07 00:24:22.150497|fisco-bcos-0x00007834a3715a00|[NETWORK][Host]Connecting to node,endpoint=127.0.0.1:30303
info|2026-02-07 00:24:22.150677|fisco-bcos-0x00007834a3715a00|[P2PService][Service][METRIC]heartBeat,connected count=0
info|2026-02-07 00:24:22.150907|fisco-bcos-0x00007834a3715a00|[Gateway][Gateway]start end.
info|2026-02-07 00:24:22.151451|ioService-0x0000783468bff6c0|[NETWORK][Host]P2P Recv Connect, From=127.0.0.1:36880
info|2026-02-07 00:24:22.151611|fisco-bcos-0x00007834a3715a00|[EVENT][SUB][start]start event sub successfully
info|2026-02-07 00:24:22.151668|fisco-bcos-0x00007834a3715a00|[startThread]start the timer thread
info|2026-02-07 00:24:22.151791|ioService-0x0000783468bff6c0|[NETWORK][Host]P2P StartAccept,Host=0.0.0.0:30301
info|2026-02-07 00:24:22.152617|timerFactory-0x000078345bdff6c0|[startThread]the timer thread start,threadName=timerFactory
info|2026-02-07 00:24:22.152787|ioService-0x0000783468bff6c0|[NETWORK][Host]P2P Recv Connect, From=127.0.0.1:36888
info|2026-02-07 00:24:22.152974|ioService-0x0000783468bff6c0|[NETWORK][Host]P2P StartAccept,Host=0.0.0.0:30301
info|2026-02-07 00:24:22.157636|ioService-0x00007834697ff6c0|[ASIO][ASIO]asyncResolveConnect,endpoint=127.0.0.1:30300
info|2026-02-07 00:24:22.157884|ioService-0x00007834697ff6c0|[ASIO][ASIO]asyncResolveConnect,endpoint=127.0.0.1:30301
info|2026-02-07 00:24:22.158069|ioService-0x00007834697ff6c0|[ASIO][ASIO]asyncResolveConnect,endpoint=127.0.0.1:30302
info|2026-02-07 00:24:22.158299|ioService-0x00007834697ff6c0|[ASIO][ASIO]asyncResolveConnect,endpoint=127.0.0.1:30303
info|2026-02-07 00:24:22.159027|ioService-0x0000783468bff6c0|[NETWORK][Host]P2P Recv Connect, From=127.0.0.1:36904
info|2026-02-07 00:24:22.159155|ioService-0x0000783468bff6c0|[NETWORK][Host]P2P StartAccept,Host=0.0.0.0:30301
info|2026-02-07 00:24:22.159426|fisco-bcos-0x00007834a3715a00|[DEFAULT][HTTP][SERVER][startListen],listenIP=0.0.0.0,listenPort=20201
info|2026-02-07 00:24:22.159687|fisco-bcos-0x00007834a3715a00|[DEFAULT][HTTP][SERVER][startListen],ip=0.0.0.0,port=20201
info|2026-02-07 00:24:22.159791|fisco-bcos-0x00007834a3715a00|[RPC][WS][SERVICE]connected nodes,count=0
info|2026-02-07 00:24:22.159811|fisco-bcos-0x00007834a3715a00|[RPC][WS][SERVICE][start]start websocket service successfully,model=16,max msg size=33554432
info|2026-02-07 00:24:22.159824|fisco-bcos-0x00007834a3715a00|[RPC]start rpc successfully
info|2026-02-07 00:24:22.162459|ioService-0x00007834653fe6c0|[Gateway][Factory][NEW]SSLContext pubHex: 3082010a0282010100a9ba081864ed1c68f5b81b4fa31a3cb4c81583e0e7c5eec4d7249ecd7d2c8f901393580ca25747abc4e01775b9ff41392cf15074a577cc078f4b07f3152faa0dfe540c63b8de93fbc3afe02564592e274c9c1a76bb0cc8c4692d9404f8e0b7b5440bd66d6e70c33a6d35aca5767a88332fd7853571427789bb25413b734abc293a58791b28aece40a8f74238c2f8b0d32bbbb5f020cfd72ad86d4fb6f1904605a5f43f0f58ed4c826346ad1b71ddac3a15040d6cd21f31f9044b82e690f91329d956b39005f4ab421029ebe499a3fe7179586deded25784665d8949c4db5defd0cbbaf2f27221f3d59e7314f4374086dceea8903a6aedc17d8ca5c7ec4b03fef0203010001
info|2026-02-07 00:24:22.162500|ioService-0x00007834653fe6c0|[NETWORK][Host]Get ca basic failed
info|2026-02-07 00:24:22.162614|ioService-0x00007834653fe6c0|[Gateway][Factory][NEW]SSLContext pubHex: 3082010a0282010100b85dd5fdfbc4aa99dcef8477a2e1c08c304a63432923826f81b3d0d7d13e79a6ec265462b2f59e76106f8bad7efb849227798aaf7c20a2197e9a95a8ffbbc07f5ccb44d04e995013b9afd04bb77fb7dbfa0f13bd2d404980eae43fc147332e1542ee2d2e973596187bb8ad4dc63b0165052688b1f7fc4a2a8ccb020a55db8ee7b9a45bb901b1c03d94727648a8ec10bfbc854175981345d56f4c783b0211d91f0775e508d8b379b56935777d255f59b63fadc24b43862671f5cbe0d00fcfff7138124c8293f91740a0e0732346eeee748a42f65ddb81da461fce3e76ea6ff452913b80eb5b1dba016f7d4d94f66337cc6bea7a066b8277637aef12c2eba11da10203010001
info|2026-02-07 00:24:22.162622|ioService-0x00007834653fe6c0|[Gateway][Factory][NEW]SSLContext pubHex: B85DD5FDFBC4AA99DCEF8477A2E1C08C304A63432923826F81B3D0D7D13E79A6EC265462B2F59E76106F8BAD7EFB849227798AAF7C20A2197E9A95A8FFBBC07F5CCB44D04E995013B9AFD04BB77FB7DBFA0F13BD2D404980EAE43FC147332E1542EE2D2E973596187BB8AD4DC63B0165052688B1F7FC4A2A8CCB020A55DB8EE7B9A45BB901B1C03D94727648A8EC10BFBC854175981345D56F4C783B0211D91F0775E508D8B379B56935777D255F59B63FADC24B43862671F5CBE0D00FCFFF7138124C8293F91740A0E0732346EEEE748A42F65DDB81DA461FCE3E76EA6FF452913B80EB5B1DBA016F7D4D94F66337CC6BEA7A066B8277637AEF12C2EBA11DA1
info|2026-02-07 00:24:22.165249|ioService-0x0000783467bfd6c0|[Gateway][Factory][NEW]SSLContext pubHex: 3082010a0282010100a9ba081864ed1c68f5b81b4fa31a3cb4c81583e0e7c5eec4d7249ecd7d2c8f901393580ca25747abc4e01775b9ff41392cf15074a577cc078f4b07f3152faa0dfe540c63b8de93fbc3afe02564592e274c9c1a76bb0cc8c4692d9404f8e0b7b5440bd66d6e70c33a6d35aca5767a88332fd7853571427789bb25413b734abc293a58791b28aece40a8f74238c2f8b0d32bbbb5f020cfd72ad86d4fb6f1904605a5f43f0f58ed4c826346ad1b71ddac3a15040d6cd21f31f9044b82e690f91329d956b39005f4ab421029ebe499a3fe7179586deded25784665d8949c4db5defd0cbbaf2f27221f3d59e7314f4374086dceea8903a6aedc17d8ca5c7ec4b03fef0203010001
info|2026-02-07 00:24:22.165319|ioService-0x0000783467bfd6c0|[NETWORK][Host]Get ca basic failed
info|2026-02-07 00:24:22.165390|ioService-0x0000783467bfd6c0|[Gateway][Factory][NEW]SSLContext pubHex: 3082010a0282010100a492268b412bea3e8f972dff0dc52c521cd06884f53d90f3889c7014f7cb635c38a07b81af9630f2b04238a726b029af6b4b924e132710d2894b7175f12a5e323a7119afd27786b01965d49b9c885ff3768f40b9d57817bc1305124f40ced3b1ac99666773a3a64cce079e95acbc31d42f416aad362594008547aae561213b022db32ed9d1bd67df5c020bc44dcc073982b4566fd04048555b1ea84279063d5b1047e9f42776ef03677d2dd1454433fdb3feced3f41b92efdfeda545d56c1c9ba349584c9095f3ad9e31c2db11cbe3007ee7817f5846f87eb01c296d81b36dbbc765b4c7af74aface1276dd4fd91963729e495694b6af5c0d6111c49115a2c3f0203010001
info|2026-02-07 00:24:22.165406|ioService-0x0000783467bfd6c0|[Gateway][Factory][NEW]SSLContext pubHex: A492268B412BEA3E8F972DFF0DC52C521CD06884F53D90F3889C7014F7CB635C38A07B81AF9630F2B04238A726B029AF6B4B924E132710D2894B7175F12A5E323A7119AFD27786B01965D49B9C885FF3768F40B9D57817BC1305124F40CED3B1AC99666773A3A64CCE079E95ACBC31D42F416AAD362594008547AAE561213B022DB32ED9D1BD67DF5C020BC44DCC073982B4566FD04048555B1EA84279063D5B1047E9F42776EF03677D2DD1454433FDB3FECED3F41B92EFDFEDA545D56C1C9BA349584C9095F3AD9E31C2DB11CBE3007EE7817F5846F87EB01C296D81B36DBBC765B4C7AF74AFACE1276DD4FD91963729E495694B6AF5C0D6111C49115A2C3F
info|2026-02-07 00:24:22.166385|ioService-0x0000783466bfb6c0|[Gateway][Factory][NEW]SSLContext pubHex: 3082010a0282010100a9ba081864ed1c68f5b81b4fa31a3cb4c81583e0e7c5eec4d7249ecd7d2c8f901393580ca25747abc4e01775b9ff41392cf15074a577cc078f4b07f3152faa0dfe540c63b8de93fbc3afe02564592e274c9c1a76bb0cc8c4692d9404f8e0b7b5440bd66d6e70c33a6d35aca5767a88332fd7853571427789bb25413b734abc293a58791b28aece40a8f74238c2f8b0d32bbbb5f020cfd72ad86d4fb6f1904605a5f43f0f58ed4c826346ad1b71ddac3a15040d6cd21f31f9044b82e690f91329d956b39005f4ab421029ebe499a3fe7179586deded25784665d8949c4db5defd0cbbaf2f27221f3d59e7314f4374086dceea8903a6aedc17d8ca5c7ec4b03fef0203010001
info|2026-02-07 00:24:22.166450|ioService-0x00007834683fe6c0|[Gateway][Factory][NEW]SSLContext pubHex: 3082010a0282010100a9ba081864ed1c68f5b81b4fa31a3cb4c81583e0e7c5eec4d7249ecd7d2c8f901393580ca25747abc4e01775b9ff41392cf15074a577cc078f4b07f3152faa0dfe540c63b8de93fbc3afe02564592e274c9c1a76bb0cc8c4692d9404f8e0b7b5440bd66d6e70c33a6d35aca5767a88332fd7853571427789bb25413b734abc293a58791b28aece40a8f74238c2f8b0d32bbbb5f020cfd72ad86d4fb6f1904605a5f43f0f58ed4c826346ad1b71ddac3a15040d6cd21f31f9044b82e690f91329d956b39005f4ab421029ebe499a3fe7179586deded25784665d8949c4db5defd0cbbaf2f27221f3d59e7314f4374086dceea8903a6aedc17d8ca5c7ec4b03fef0203010001
info|2026-02-07 00:24:22.166492|ioService-0x0000783466bfb6c0|[NETWORK][Host]Get ca basic failed
info|2026-02-07 00:24:22.166625|ioService-0x00007834673fc6c0|[Gateway][Factory][NEW]SSLContext pubHex: 3082010a0282010100a9ba081864ed1c68f5b81b4fa31a3cb4c81583e0e7c5eec4d7249ecd7d2c8f901393580ca25747abc4e01775b9ff41392cf15074a577cc078f4b07f3152faa0dfe540c63b8de93fbc3afe02564592e274c9c1a76bb0cc8c4692d9404f8e0b7b5440bd66d6e70c33a6d35aca5767a88332fd7853571427789bb25413b734abc293a58791b28aece40a8f74238c2f8b0d32bbbb5f020cfd72ad86d4fb6f1904605a5f43f0f58ed4c826346ad1b71ddac3a15040d6cd21f31f9044b82e690f91329d956b39005f4ab421029ebe499a3fe7179586deded25784665d8949c4db5defd0cbbaf2f27221f3d59e7314f4374086dceea8903a6aedc17d8ca5c7ec4b03fef0203010001
info|2026-02-07 00:24:22.166676|ioService-0x00007834683fe6c0|[NETWORK][Host]Get ca basic failed
info|2026-02-07 00:24:22.166694|ioService-0x0000783466bfb6c0|[Gateway][Factory][NEW]SSLContext pubHex: 3082010a0282010100d938a7d0e5078fdc3bfe83bfe8c789160de4c9e207ff836ef8d64a0c846f5f628646fe9170bec49eec44aebb3f17334e76b1003dae65d6858a626d60a3ff3dbbff8cf15ca934ca0f7a09b9ae6c17c911bb2f6083cab81540e00a8d9b9393a3341b90dd134f4a2ec21f1d8c55c2df687896873a36661a862226614582077d41811bcb3e6632cbf1767f6189b76054e8186606ee5a2c73bffe1bd6c8fc415f481324f015045231d662173b6f7e814068dffd598ce9a6f4630744bb0aa80f9f74403f4c3da3ca856b40d043885cc1e7beac524853fafb01fb61c3023ab04047e29d50a5d4cd612fc9ae90e7832fde7d1dea0804dc16fff17500517be0bf5d28f4ab0203010001
info|2026-02-07 00:24:22.166756|ioService-0x0000783466bfb6c0|[Gateway][Factory][NEW]SSLContext pubHex: D938A7D0E5078FDC3BFE83BFE8C789160DE4C9E207FF836EF8D64A0C846F5F628646FE9170BEC49EEC44AEBB3F17334E76B1003DAE65D6858A626D60A3FF3DBBFF8CF15CA934CA0F7A09B9AE6C17C911BB2F6083CAB81540E00A8D9B9393A3341B90DD134F4A2EC21F1D8C55C2DF687896873A36661A862226614582077D41811BCB3E6632CBF1767F6189B76054E8186606EE5A2C73BFFE1BD6C8FC415F481324F015045231D662173B6F7E814068DFFD598CE9A6F4630744BB0AA80F9F74403F4C3DA3CA856B40D043885CC1E7BEAC524853FAFB01FB61C3023AB04047E29D50A5D4CD612FC9AE90E7832FDE7D1DEA0804DC16FFF17500517BE0BF5D28F4AB
info|2026-02-07 00:24:22.166867|ioService-0x00007834683fe6c0|[Gateway][Factory][NEW]SSLContext pubHex: 3082010a0282010100b85dd5fdfbc4aa99dcef8477a2e1c08c304a63432923826f81b3d0d7d13e79a6ec265462b2f59e76106f8bad7efb849227798aaf7c20a2197e9a95a8ffbbc07f5ccb44d04e995013b9afd04bb77fb7dbfa0f13bd2d404980eae43fc147332e1542ee2d2e973596187bb8ad4dc63b0165052688b1f7fc4a2a8ccb020a55db8ee7b9a45bb901b1c03d94727648a8ec10bfbc854175981345d56f4c783b0211d91f0775e508d8b379b56935777d255f59b63fadc24b43862671f5cbe0d00fcfff7138124c8293f91740a0e0732346eeee748a42f65ddb81da461fce3e76ea6ff452913b80eb5b1dba016f7d4d94f66337cc6bea7a066b8277637aef12c2eba11da10203010001
info|2026-02-07 00:24:22.166893|ioService-0x00007834673fc6c0|[NETWORK][Host]Get ca basic failed
info|2026-02-07 00:24:22.166965|ioService-0x00007834673fc6c0|[Gateway][Factory][NEW]SSLContext pubHex: 3082010a02820101009d9833c7e1dbf7d476b1fd7227e247b488323cbd272862d096a4010035236b7d36e2aede87e4f36adfd2e2e44f2945e9a4170901f5865f04cb779a1c1e1fc2f3e56fc6ea80a2665d5da60fce851ccd94bb60aced8e256a551ebb6edcf78febb8eb8bbb3c4fab73bacd5675925d72c787a8d8e179c70b24c484ae98ea7cc956a196c0c8266073d549963e44bfee479261b4c7a5497320d8a89de71743baf1516450118e57b4b07227de0429adf0d02305ad79d40958f48b3c7d6802814fc5c25be7c54c85463c993254d08401e1c7c1cc5586b265a1616617cc2ba7f29e928ff792e4ff33ada9b1bb7ee5a43130da18ba109a9e2186dfa6c2dc1d823e9066e1590203010001
info|2026-02-07 00:24:22.166999|ioService-0x00007834683fe6c0|[Gateway][Factory][NEW]SSLContext pubHex: B85DD5FDFBC4AA99DCEF8477A2E1C08C304A63432923826F81B3D0D7D13E79A6EC265462B2F59E76106F8BAD7EFB849227798AAF7C20A2197E9A95A8FFBBC07F5CCB44D04E995013B9AFD04BB77FB7DBFA0F13BD2D404980EAE43FC147332E1542EE2D2E973596187BB8AD4DC63B0165052688B1F7FC4A2A8CCB020A55DB8EE7B9A45BB901B1C03D94727648A8EC10BFBC854175981345D56F4C783B0211D91F0775E508D8B379B56935777D255F59B63FADC24B43862671F5CBE0D00FCFFF7138124C8293F91740A0E0732346EEEE748A42F65DDB81DA461FCE3E76EA6FF452913B80EB5B1DBA016F7D4D94F66337CC6BEA7A066B8277637AEF12C2EBA11DA1
info|2026-02-07 00:24:22.167611|ioService-0x00007834673fc6c0|[Gateway][Factory][NEW]SSLContext pubHex: 9D9833C7E1DBF7D476B1FD7227E247B488323CBD272862D096A4010035236B7D36E2AEDE87E4F36ADFD2E2E44F2945E9A4170901F5865F04CB779A1C1E1FC2F3E56FC6EA80A2665D5DA60FCE851CCD94BB60ACED8E256A551EBB6EDCF78FEBB8EB8BBB3C4FAB73BACD5675925D72C787A8D8E179C70B24C484AE98EA7CC956A196C0C8266073D549963E44BFEE479261B4C7A5497320D8A89DE71743BAF1516450118E57B4B07227DE0429ADF0D02305AD79D40958F48B3C7D6802814FC5C25BE7C54C85463C993254D08401E1C7C1CC5586B265A1616617CC2BA7F29E928FF792E4FF33ADA9B1BB7EE5A43130DA18BA109A9E2186DFA6C2DC1D823E9066E159
info|2026-02-07 00:24:22.168191|ioService-0x00007834673fc6c0|[NETWORK][Host]obtainP2pInfo ,node_info=3082010a02820101009d9833c7e1dbf7d476b1fd7227e247b488323cbd272862d096a4010035236b7d36e2aede87e4f36adfd2e2e44f2945e9a4170901f5865f04cb779a1c1e1fc2f3e56fc6ea80a2665d5da60fce851ccd94bb60aced8e256a551ebb6edcf78febb8eb8bbb3c4fab73bacd5675925d72c787a8d8e179c70b24c484ae98ea7cc956a196c0c8266073d549963e44bfee479261b4c7a5497320d8a89de71743baf1516450118e57b4b07227de0429adf0d02305ad79d40958f48b3c7d6802814fc5c25be7c54c85463c993254d08401e1c7c1cc5586b265a1616617cc2ba7f29e928ff792e4ff33ada9b1bb7ee5a43130da18ba109a9e2186dfa6c2dc1d823e9066e1590203010001#9D9833C7E1DBF7D476B1FD7227E247B488323CBD272862D096A4010035236B7D36E2AEDE87E4F36ADFD2E2E44F2945E9A4170901F5865F04CB779A1C1E1FC2F3E56FC6EA80A2665D5DA60FCE851CCD94BB60ACED8E256A551EBB6EDCF78FEBB8EB8BBB3C4FAB73BACD5675925D72C787A8D8E179C70B24C484AE98EA7CC956A196C0C8266073D549963E44BFEE479261B4C7A5497320D8A89DE71743BAF1516450118E57B4B07227DE0429ADF0D02305AD79D40958F48B3C7D6802814FC5C25BE7C54C85463C993254D08401E1C7C1CC5586B265A1616617CC2BA7F29E928FF792E4FF33ADA9B1BB7EE5A43130DA18BA109A9E2186DFA6C2DC1D823E9066E159#/CN=FISCO-BCOS-e9f43089/O=FISCO-BCOS-e9f43089/OU=chain#/CN=FISCO-BCOS-e9f43089/O=fisco-bcos/OU=agency,p2pid=3082010a02820101009d9833c7e1dbf7d476b1fd7227e247b488323cbd272862d096a4010035236b7d36e2aede87e4f36adfd2e2e44f2945e9a4170901f5865f04cb779a1c1e1fc2f3e56fc6ea80a2665d5da60fce851ccd94bb60aced8e256a551ebb6edcf78febb8eb8bbb3c4fab73bacd5675925d72c787a8d8e179c70b24c484ae98ea7cc956a196c0c8266073d549963e44bfee479261b4c7a5497320d8a89de71743baf1516450118e57b4b07227de0429adf0d02305ad79d40958f48b3c7d6802814fc5c25be7c54c85463c993254d08401e1c7c1cc5586b265a1616617cc2ba7f29e928ff792e4ff33ada9b1bb7ee5a43130da18ba109a9e2186dfa6c2dc1d823e9066e1590203010001
info|2026-02-07 00:24:22.168209|ioService-0x00007834673fc6c0|[NETWORK][Host]handshakeServer succ,remote endpoint=127.0.0.1:36880,nodeid=3082010a02820101009d9833c7e1dbf7d476b1fd7227e247b488323cbd272862d096a4010035236b7d36e2aede87e4f36adfd2e2e44f2945e9a4170901f5865f04cb779a1c1e1fc2f3e56fc6ea80a2665d5da60fce851ccd94bb60aced8e256a551ebb6edcf78febb8eb8bbb3c4fab73bacd5675925d72c787a8d8e179c70b24c484ae98ea7cc956a196c0c8266073d549963e44bfee479261b4c7a5497320d8a89de71743baf1516450118e57b4b07227de0429adf0d02305ad79d40958f48b3c7d6802814fc5c25be7c54c85463c993254d08401e1c7c1cc5586b265a1616617cc2ba7f29e928ff792e4ff33ada9b1bb7ee5a43130da18ba109a9e2186dfa6c2dc1d823e9066e1590203010001
info|2026-02-07 00:24:22.168795|ioService-0x00007834673fc6c0|[SESSION][Session][Session::Session] this=0x78346545c1d0,recvBufferSize=67108864
info|2026-02-07 00:24:22.168979|ioService-0x00007834673fc6c0|[SessionFactory]create new session,sessionRecvBufferSize=67108864,allowMaxMsgSize=33554432,maxReadDataSize=40960,maxSendDataSize=1048576,maxSendMsgCountS=10,enableCompress=true
info|2026-02-07 00:24:22.169219|ioService-0x00007834673fc6c0|[NETWORK][Host]startPeerSession, Remote=127.0.0.1:36880,local endpoint=127.0.0.1:30301,p2pid=3082010a02820101009d9833c7e1dbf7d476b1fd7227e247b488323cbd272862d096a4010035236b7d36e2aede87e4f36adfd2e2e44f2945e9a4170901f5865f04cb779a1c1e1fc2f3e56fc6ea80a2665d5da60fce851ccd94bb60aced8e256a551ebb6edcf78febb8eb8bbb3c4fab73bacd5675925d72c787a8d8e179c70b24c484ae98ea7cc956a196c0c8266073d549963e44bfee479261b4c7a5497320d8a89de71743baf1516450118e57b4b07227de0429adf0d02305ad79d40958f48b3c7d6802814fc5c25be7c54c85463c993254d08401e1c7c1cc5586b265a1616617cc2ba7f29e928ff792e4ff33ada9b1bb7ee5a43130da18ba109a9e2186dfa6c2dc1d823e9066e1590203010001
info|2026-02-07 00:24:22.169248|ioService-0x0000783467bfd6c0|[NETWORK][Host]obtainP2pInfo ,node_info=3082010a0282010100a492268b412bea3e8f972dff0dc52c521cd06884f53d90f3889c7014f7cb635c38a07b81af9630f2b04238a726b029af6b4b924e132710d2894b7175f12a5e323a7119afd27786b01965d49b9c885ff3768f40b9d57817bc1305124f40ced3b1ac99666773a3a64cce079e95acbc31d42f416aad362594008547aae561213b022db32ed9d1bd67df5c020bc44dcc073982b4566fd04048555b1ea84279063d5b1047e9f42776ef03677d2dd1454433fdb3feced3f41b92efdfeda545d56c1c9ba349584c9095f3ad9e31c2db11cbe3007ee7817f5846f87eb01c296d81b36dbbc765b4c7af74aface1276dd4fd91963729e495694b6af5c0d6111c49115a2c3f0203010001#A492268B412BEA3E8F972DFF0DC52C521CD06884F53D90F3889C7014F7CB635C38A07B81AF9630F2B04238A726B029AF6B4B924E132710D2894B7175F12A5E323A7119AFD27786B01965D49B9C885FF3768F40B9D57817BC1305124F40CED3B1AC99666773A3A64CCE079E95ACBC31D42F416AAD362594008547AAE561213B022DB32ED9D1BD67DF5C020BC44DCC073982B4566FD04048555B1EA84279063D5B1047E9F42776EF03677D2DD1454433FDB3FECED3F41B92EFDFEDA545D56C1C9BA349584C9095F3AD9E31C2DB11CBE3007EE7817F5846F87EB01C296D81B36DBBC765B4C7AF74AFACE1276DD4FD91963729E495694B6AF5C0D6111C49115A2C3F#/CN=FISCO-BCOS-e9f43089/O=FISCO-BCOS-e9f43089/OU=chain#/CN=FISCO-BCOS-e9f43089/O=fisco-bcos/OU=agency,p2pid=3082010a0282010100a492268b412bea3e8f972dff0dc52c521cd06884f53d90f3889c7014f7cb635c38a07b81af9630f2b04238a726b029af6b4b924e132710d2894b7175f12a5e323a7119afd27786b01965d49b9c885ff3768f40b9d57817bc1305124f40ced3b1ac99666773a3a64cce079e95acbc31d42f416aad362594008547aae561213b022db32ed9d1bd67df5c020bc44dcc073982b4566fd04048555b1ea84279063d5b1047e9f42776ef03677d2dd1454433fdb3feced3f41b92efdfeda545d56c1c9ba349584c9095f3ad9e31c2db11cbe3007ee7817f5846f87eb01c296d81b36dbbc765b4c7af74aface1276dd4fd91963729e495694b6af5c0d6111c49115a2c3f0203010001
info|2026-02-07 00:24:22.169265|ioService-0x0000783467bfd6c0|[NETWORK][Host]handshakeClient succ,local endpoint=127.0.0.1:51222
info|2026-02-07 00:24:22.169371|ioService-0x00007834645ff6c0|[Gateway][Factory][NEW]SSLContext pubHex: 3082010a0282010100a9ba081864ed1c68f5b81b4fa31a3cb4c81583e0e7c5eec4d7249ecd7d2c8f901393580ca25747abc4e01775b9ff41392cf15074a577cc078f4b07f3152faa0dfe540c63b8de93fbc3afe02564592e274c9c1a76bb0cc8c4692d9404f8e0b7b5440bd66d6e70c33a6d35aca5767a88332fd7853571427789bb25413b734abc293a58791b28aece40a8f74238c2f8b0d32bbbb5f020cfd72ad86d4fb6f1904605a5f43f0f58ed4c826346ad1b71ddac3a15040d6cd21f31f9044b82e690f91329d956b39005f4ab421029ebe499a3fe7179586deded25784665d8949c4db5defd0cbbaf2f27221f3d59e7314f4374086dceea8903a6aedc17d8ca5c7ec4b03fef0203010001
info|2026-02-07 00:24:22.169393|ioService-0x00007834645ff6c0|[NETWORK][Host]Get ca basic failed
info|2026-02-07 00:24:22.169456|ioService-0x00007834645ff6c0|[Gateway][Factory][NEW]SSLContext pubHex: 3082010a0282010100a492268b412bea3e8f972dff0dc52c521cd06884f53d90f3889c7014f7cb635c38a07b81af9630f2b04238a726b029af6b4b924e132710d2894b7175f12a5e323a7119afd27786b01965d49b9c885ff3768f40b9d57817bc1305124f40ced3b1ac99666773a3a64cce079e95acbc31d42f416aad362594008547aae561213b022db32ed9d1bd67df5c020bc44dcc073982b4566fd04048555b1ea84279063d5b1047e9f42776ef03677d2dd1454433fdb3feced3f41b92efdfeda545d56c1c9ba349584c9095f3ad9e31c2db11cbe3007ee7817f5846f87eb01c296d81b36dbbc765b4c7af74aface1276dd4fd91963729e495694b6af5c0d6111c49115a2c3f0203010001
info|2026-02-07 00:24:22.169464|ioService-0x00007834645ff6c0|[Gateway][Factory][NEW]SSLContext pubHex: A492268B412BEA3E8F972DFF0DC52C521CD06884F53D90F3889C7014F7CB635C38A07B81AF9630F2B04238A726B029AF6B4B924E132710D2894B7175F12A5E323A7119AFD27786B01965D49B9C885FF3768F40B9D57817BC1305124F40CED3B1AC99666773A3A64CCE079E95ACBC31D42F416AAD362594008547AAE561213B022DB32ED9D1BD67DF5C020BC44DCC073982B4566FD04048555B1EA84279063D5B1047E9F42776EF03677D2DD1454433FDB3FECED3F41B92EFDFEDA545D56C1C9BA349584C9095F3AD9E31C2DB11CBE3007EE7817F5846F87EB01C296D81B36DBBC765B4C7AF74AFACE1276DD4FD91963729E495694B6AF5C0D6111C49115A2C3F
info|2026-02-07 00:24:22.169689|ioService-0x00007834683fe6c0|[NETWORK][Host]obtainP2pInfo ,node_info=3082010a0282010100b85dd5fdfbc4aa99dcef8477a2e1c08c304a63432923826f81b3d0d7d13e79a6ec265462b2f59e76106f8bad7efb849227798aaf7c20a2197e9a95a8ffbbc07f5ccb44d04e995013b9afd04bb77fb7dbfa0f13bd2d404980eae43fc147332e1542ee2d2e973596187bb8ad4dc63b0165052688b1f7fc4a2a8ccb020a55db8ee7b9a45bb901b1c03d94727648a8ec10bfbc854175981345d56f4c783b0211d91f0775e508d8b379b56935777d255f59b63fadc24b43862671f5cbe0d00fcfff7138124c8293f91740a0e0732346eeee748a42f65ddb81da461fce3e76ea6ff452913b80eb5b1dba016f7d4d94f66337cc6bea7a066b8277637aef12c2eba11da10203010001#B85DD5FDFBC4AA99DCEF8477A2E1C08C304A63432923826F81B3D0D7D13E79A6EC265462B2F59E76106F8BAD7EFB849227798AAF7C20A2197E9A95A8FFBBC07F5CCB44D04E995013B9AFD04BB77FB7DBFA0F13BD2D404980EAE43FC147332E1542EE2D2E973596187BB8AD4DC63B0165052688B1F7FC4A2A8CCB020A55DB8EE7B9A45BB901B1C03D94727648A8EC10BFBC854175981345D56F4C783B0211D91F0775E508D8B379B56935777D255F59B63FADC24B43862671F5CBE0D00FCFFF7138124C8293F91740A0E0732346EEEE748A42F65DDB81DA461FCE3E76EA6FF452913B80EB5B1DBA016F7D4D94F66337CC6BEA7A066B8277637AEF12C2EBA11DA1#/CN=FISCO-BCOS-e9f43089/O=FISCO-BCOS-e9f43089/OU=chain#/CN=FISCO-BCOS-e9f43089/O=fisco-bcos/OU=agency,p2pid=3082010a0282010100b85dd5fdfbc4aa99dcef8477a2e1c08c304a63432923826f81b3d0d7d13e79a6ec265462b2f59e76106f8bad7efb849227798aaf7c20a2197e9a95a8ffbbc07f5ccb44d04e995013b9afd04bb77fb7dbfa0f13bd2d404980eae43fc147332e1542ee2d2e973596187bb8ad4dc63b0165052688b1f7fc4a2a8ccb020a55db8ee7b9a45bb901b1c03d94727648a8ec10bfbc854175981345d56f4c783b0211d91f0775e508d8b379b56935777d255f59b63fadc24b43862671f5cbe0d00fcfff7138124c8293f91740a0e0732346eeee748a42f65ddb81da461fce3e76ea6ff452913b80eb5b1dba016f7d4d94f66337cc6bea7a066b8277637aef12c2eba11da10203010001
info|2026-02-07 00:24:22.169708|ioService-0x00007834683fe6c0|[NETWORK][Host]handshakeServer succ,remote endpoint=127.0.0.1:36874,nodeid=3082010a0282010100b85dd5fdfbc4aa99dcef8477a2e1c08c304a63432923826f81b3d0d7d13e79a6ec265462b2f59e76106f8bad7efb849227798aaf7c20a2197e9a95a8ffbbc07f5ccb44d04e995013b9afd04bb77fb7dbfa0f13bd2d404980eae43fc147332e1542ee2d2e973596187bb8ad4dc63b0165052688b1f7fc4a2a8ccb020a55db8ee7b9a45bb901b1c03d94727648a8ec10bfbc854175981345d56f4c783b0211d91f0775e508d8b379b56935777d255f59b63fadc24b43862671f5cbe0d00fcfff7138124c8293f91740a0e0732346eeee748a42f65ddb81da461fce3e76ea6ff452913b80eb5b1dba016f7d4d94f66337cc6bea7a066b8277637aef12c2eba11da10203010001
info|2026-02-07 00:24:22.170377|ioService-0x0000783465dff6c0|[Gateway][Factory][NEW]SSLContext pubHex: 3082010a0282010100a9ba081864ed1c68f5b81b4fa31a3cb4c81583e0e7c5eec4d7249ecd7d2c8f901393580ca25747abc4e01775b9ff41392cf15074a577cc078f4b07f3152faa0dfe540c63b8de93fbc3afe02564592e274c9c1a76bb0cc8c4692d9404f8e0b7b5440bd66d6e70c33a6d35aca5767a88332fd7853571427789bb25413b734abc293a58791b28aece40a8f74238c2f8b0d32bbbb5f020cfd72ad86d4fb6f1904605a5f43f0f58ed4c826346ad1b71ddac3a15040d6cd21f31f9044b82e690f91329d956b39005f4ab421029ebe499a3fe7179586deded25784665d8949c4db5defd0cbbaf2f27221f3d59e7314f4374086dceea8903a6aedc17d8ca5c7ec4b03fef0203010001
info|2026-02-07 00:24:22.170429|ioService-0x0000783465dff6c0|[NETWORK][Host]Get ca basic failed
info|2026-02-07 00:24:22.170589|ioService-0x0000783465dff6c0|[Gateway][Factory][NEW]SSLContext pubHex: 3082010a02820101009d9833c7e1dbf7d476b1fd7227e247b488323cbd272862d096a4010035236b7d36e2aede87e4f36adfd2e2e44f2945e9a4170901f5865f04cb779a1c1e1fc2f3e56fc6ea80a2665d5da60fce851ccd94bb60aced8e256a551ebb6edcf78febb8eb8bbb3c4fab73bacd5675925d72c787a8d8e179c70b24c484ae98ea7cc956a196c0c8266073d549963e44bfee479261b4c7a5497320d8a89de71743baf1516450118e57b4b07227de0429adf0d02305ad79d40958f48b3c7d6802814fc5c25be7c54c85463c993254d08401e1c7c1cc5586b265a1616617cc2ba7f29e928ff792e4ff33ada9b1bb7ee5a43130da18ba109a9e2186dfa6c2dc1d823e9066e1590203010001
info|2026-02-07 00:24:22.170660|ioService-0x0000783465dff6c0|[Gateway][Factory][NEW]SSLContext pubHex: 9D9833C7E1DBF7D476B1FD7227E247B488323CBD272862D096A4010035236B7D36E2AEDE87E4F36ADFD2E2E44F2945E9A4170901F5865F04CB779A1C1E1FC2F3E56FC6EA80A2665D5DA60FCE851CCD94BB60ACED8E256A551EBB6EDCF78FEBB8EB8BBB3C4FAB73BACD5675925D72C787A8D8E179C70B24C484AE98EA7CC956A196C0C8266073D549963E44BFEE479261B4C7A5497320D8A89DE71743BAF1516450118E57B4B07227DE0429ADF0D02305AD79D40958F48B3C7D6802814FC5C25BE7C54C85463C993254D08401E1C7C1CC5586B265A1616617CC2BA7F29E928FF792E4FF33ADA9B1BB7EE5A43130DA18BA109A9E2186DFA6C2DC1D823E9066E159
info|2026-02-07 00:24:22.170676|ioService-0x00007834683fe6c0|[SESSION][Session][Session::Session] this=0x783463664010,recvBufferSize=67108864
info|2026-02-07 00:24:22.170845|ioService-0x00007834683fe6c0|[SessionFactory]create new session,sessionRecvBufferSize=67108864,allowMaxMsgSize=33554432,maxReadDataSize=40960,maxSendDataSize=1048576,maxSendMsgCountS=10,enableCompress=true
info|2026-02-07 00:24:22.170998|ioService-0x00007834683fe6c0|[NETWORK][Host]startPeerSession, Remote=127.0.0.1:36874,local endpoint=127.0.0.1:30301,p2pid=3082010a0282010100b85dd5fdfbc4aa99dcef8477a2e1c08c304a63432923826f81b3d0d7d13e79a6ec265462b2f59e76106f8bad7efb849227798aaf7c20a2197e9a95a8ffbbc07f5ccb44d04e995013b9afd04bb77fb7dbfa0f13bd2d404980eae43fc147332e1542ee2d2e973596187bb8ad4dc63b0165052688b1f7fc4a2a8ccb020a55db8ee7b9a45bb901b1c03d94727648a8ec10bfbc854175981345d56f4c783b0211d91f0775e508d8b379b56935777d255f59b63fadc24b43862671f5cbe0d00fcfff7138124c8293f91740a0e0732346eeee748a42f65ddb81da461fce3e76ea6ff452913b80eb5b1dba016f7d4d94f66337cc6bea7a066b8277637aef12c2eba11da10203010001
info|2026-02-07 00:24:22.171130|fisco-bcos-0x00007834775fe6c0|[P2PService][Service]onConnect,p2pid=3082010a0282010100b85dd5fdfbc4aa99dcef8477a2e1c08c304a63432923826f81b3d0d7d13e79a6ec265462b2f59e76106f8bad7efb849227798aaf7c20a2197e9a95a8ffbbc07f5ccb44d04e995013b9afd04bb77fb7dbfa0f13bd2d404980eae43fc147332e1542ee2d2e973596187bb8ad4dc63b0165052688b1f7fc4a2a8ccb020a55db8ee7b9a45bb901b1c03d94727648a8ec10bfbc854175981345d56f4c783b0211d91f0775e508d8b379b56935777d255f59b63fadc24b43862671f5cbe0d00fcfff7138124c8293f91740a0e0732346eeee748a42f65ddb81da461fce3e76ea6ff452913b80eb5b1dba016f7d4d94f66337cc6bea7a066b8277637aef12c2eba11da10203010001,endpoint=127.0.0.1
info|2026-02-07 00:24:22.171198|fisco-bcos-0x00007834775fe6c0|[P2PService][P2PSession][P2PSession::P2PSession] this=0x7834766141d0
info|2026-02-07 00:24:22.171229|fisco-bcos-0x00007834775fe6c0|[SESSION][Session][start] start session ,this=0x783463664010
info|2026-02-07 00:24:22.171272|fisco-bcos-0x00007834775fe6c0|[P2PService][Service]asyncSendProtocol,payload=5,seq=5
info|2026-02-07 00:24:22.171292|fisco-bcos-0x00007834775fe6c0|[P2PService][Router][updateDstNodeEntry]insert new entry into the routerTable,distance=1,dst=3082010a0282010100b85dd5fdfbc4aa99dcef8477a2e1c08c304a63432923826f81b3d0d7d13e79a6ec265462b2f59e76106f8bad7efb849227798aaf7c20a2197e9a95a8ffbbc07f5ccb44d04e995013b9afd04bb77fb7dbfa0f13bd2d404980eae43fc147332e1542ee2d2e973596187bb8ad4dc63b0165052688b1f7fc4a2a8ccb020a55db8ee7b9a45bb901b1c03d94727648a8ec10bfbc854175981345d56f4c783b0211d91f0775e508d8b379b56935777d255f59b63fadc24b43862671f5cbe0d00fcfff7138124c8293f91740a0e0732346eeee748a42f65ddb81da461fce3e76ea6ff452913b80eb5b1dba016f7d4d94f66337cc6bea7a066b8277637aef12c2eba11da10203010001,nextHop=,size=1
info|2026-02-07 00:24:22.171343|fisco-bcos-0x00007834775fe6c0|[P2PService][Service2][onNewSession]update routerTable,dst=3082010a0282010100b85dd5fdfbc4aa99dcef8477a2e1c08c304a63432923826f81b3d0d7d13e79a6ec265462b2f59e76106f8bad7efb849227798aaf7c20a2197e9a95a8ffbbc07f5ccb44d04e995013b9afd04bb77fb7dbfa0f13bd2d404980eae43fc147332e1542ee2d2e973596187bb8ad4dc63b0165052688b1f7fc4a2a8ccb020a55db8ee7b9a45bb901b1c03d94727648a8ec10bfbc854175981345d56f4c783b0211d91f0775e508d8b379b56935777d255f59b63fadc24b43862671f5cbe0d00fcfff7138124c8293f91740a0e0732346eeee748a42f65ddb81da461fce3e76ea6ff452913b80eb5b1dba016f7d4d94f66337cc6bea7a066b8277637aef12c2eba11da10203010001
info|2026-02-07 00:24:22.171350|fisco-bcos-0x00007834775fe6c0|[P2PService][Service]Connection established,p2pid=3082010a0282010100b85dd5fdfbc4aa99dcef8477a2e1c08c304a63432923826f81b3d0d7d13e79a6ec265462b2f59e76106f8bad7efb849227798aaf7c20a2197e9a95a8ffbbc07f5ccb44d04e995013b9afd04bb77fb7dbfa0f13bd2d404980eae43fc147332e1542ee2d2e973596187bb8ad4dc63b0165052688b1f7fc4a2a8ccb020a55db8ee7b9a45bb901b1c03d94727648a8ec10bfbc854175981345d56f4c783b0211d91f0775e508d8b379b56935777d255f59b63fadc24b43862671f5cbe0d00fcfff7138124c8293f91740a0e0732346eeee748a42f65ddb81da461fce3e76ea6ff452913b80eb5b1dba016f7d4d94f66337cc6bea7a066b8277637aef12c2eba11da10203010001,endpoint=127.0.0.1:36874
info|2026-02-07 00:24:22.171644|fisco-bcos-0x0000783475dff6c0|[P2PService][Service]onConnect,p2pid=3082010a02820101009d9833c7e1dbf7d476b1fd7227e247b488323cbd272862d096a4010035236b7d36e2aede87e4f36adfd2e2e44f2945e9a4170901f5865f04cb779a1c1e1fc2f3e56fc6ea80a2665d5da60fce851ccd94bb60aced8e256a551ebb6edcf78febb8eb8bbb3c4fab73bacd5675925d72c787a8d8e179c70b24c484ae98ea7cc956a196c0c8266073d549963e44bfee479261b4c7a5497320d8a89de71743baf1516450118e57b4b07227de0429adf0d02305ad79d40958f48b3c7d6802814fc5c25be7c54c85463c993254d08401e1c7c1cc5586b265a1616617cc2ba7f29e928ff792e4ff33ada9b1bb7ee5a43130da18ba109a9e2186dfa6c2dc1d823e9066e1590203010001,endpoint=127.0.0.1
info|2026-02-07 00:24:22.171679|fisco-bcos-0x0000783475dff6c0|[P2PService][P2PSession][P2PSession::P2PSession] this=0x78346fc141d0
info|2026-02-07 00:24:22.171762|fisco-bcos-0x0000783475dff6c0|[SESSION][Session][start] start session ,this=0x78346545c1d0
info|2026-02-07 00:24:22.171859|fisco-bcos-0x0000783475dff6c0|[P2PService][Service]asyncSendProtocol,payload=5,seq=7
info|2026-02-07 00:24:22.171878|fisco-bcos-0x0000783475dff6c0|[P2PService][Router][updateDstNodeEntry]insert new entry into the routerTable,distance=1,dst=3082010a02820101009d9833c7e1dbf7d476b1fd7227e247b488323cbd272862d096a4010035236b7d36e2aede87e4f36adfd2e2e44f2945e9a4170901f5865f04cb779a1c1e1fc2f3e56fc6ea80a2665d5da60fce851ccd94bb60aced8e256a551ebb6edcf78febb8eb8bbb3c4fab73bacd5675925d72c787a8d8e179c70b24c484ae98ea7cc956a196c0c8266073d549963e44bfee479261b4c7a5497320d8a89de71743baf1516450118e57b4b07227de0429adf0d02305ad79d40958f48b3c7d6802814fc5c25be7c54c85463c993254d08401e1c7c1cc5586b265a1616617cc2ba7f29e928ff792e4ff33ada9b1bb7ee5a43130da18ba109a9e2186dfa6c2dc1d823e9066e1590203010001,nextHop=,size=2
info|2026-02-07 00:24:22.171923|fisco-bcos-0x0000783475dff6c0|[P2PService][Service2][onNewSession]update routerTable,dst=3082010a02820101009d9833c7e1dbf7d476b1fd7227e247b488323cbd272862d096a4010035236b7d36e2aede87e4f36adfd2e2e44f2945e9a4170901f5865f04cb779a1c1e1fc2f3e56fc6ea80a2665d5da60fce851ccd94bb60aced8e256a551ebb6edcf78febb8eb8bbb3c4fab73bacd5675925d72c787a8d8e179c70b24c484ae98ea7cc956a196c0c8266073d549963e44bfee479261b4c7a5497320d8a89de71743baf1516450118e57b4b07227de0429adf0d02305ad79d40958f48b3c7d6802814fc5c25be7c54c85463c993254d08401e1c7c1cc5586b265a1616617cc2ba7f29e928ff792e4ff33ada9b1bb7ee5a43130da18ba109a9e2186dfa6c2dc1d823e9066e1590203010001
info|2026-02-07 00:24:22.171928|fisco-bcos-0x0000783475dff6c0|[P2PService][Service]Connection established,p2pid=3082010a02820101009d9833c7e1dbf7d476b1fd7227e247b488323cbd272862d096a4010035236b7d36e2aede87e4f36adfd2e2e44f2945e9a4170901f5865f04cb779a1c1e1fc2f3e56fc6ea80a2665d5da60fce851ccd94bb60aced8e256a551ebb6edcf78febb8eb8bbb3c4fab73bacd5675925d72c787a8d8e179c70b24c484ae98ea7cc956a196c0c8266073d549963e44bfee479261b4c7a5497320d8a89de71743baf1516450118e57b4b07227de0429adf0d02305ad79d40958f48b3c7d6802814fc5c25be7c54c85463c993254d08401e1c7c1cc5586b265a1616617cc2ba7f29e928ff792e4ff33ada9b1bb7ee5a43130da18ba109a9e2186dfa6c2dc1d823e9066e1590203010001,endpoint=127.0.0.1:36880
info|2026-02-07 00:24:22.171630|ioService-0x0000783467bfd6c0|[SESSION][Session][Session::Session] this=0x78345cc881d0,recvBufferSize=67108864
info|2026-02-07 00:24:22.172524|ioService-0x00007834645ff6c0|[NETWORK][Host]obtainP2pInfo ,node_info=3082010a0282010100a492268b412bea3e8f972dff0dc52c521cd06884f53d90f3889c7014f7cb635c38a07b81af9630f2b04238a726b029af6b4b924e132710d2894b7175f12a5e323a7119afd27786b01965d49b9c885ff3768f40b9d57817bc1305124f40ced3b1ac99666773a3a64cce079e95acbc31d42f416aad362594008547aae561213b022db32ed9d1bd67df5c020bc44dcc073982b4566fd04048555b1ea84279063d5b1047e9f42776ef03677d2dd1454433fdb3feced3f41b92efdfeda545d56c1c9ba349584c9095f3ad9e31c2db11cbe3007ee7817f5846f87eb01c296d81b36dbbc765b4c7af74aface1276dd4fd91963729e495694b6af5c0d6111c49115a2c3f0203010001#A492268B412BEA3E8F972DFF0DC52C521CD06884F53D90F3889C7014F7CB635C38A07B81AF9630F2B04238A726B029AF6B4B924E132710D2894B7175F12A5E323A7119AFD27786B01965D49B9C885FF3768F40B9D57817BC1305124F40CED3B1AC99666773A3A64CCE079E95ACBC31D42F416AAD362594008547AAE561213B022DB32ED9D1BD67DF5C020BC44DCC073982B4566FD04048555B1EA84279063D5B1047E9F42776EF03677D2DD1454433FDB3FECED3F41B92EFDFEDA545D56C1C9BA349584C9095F3AD9E31C2DB11CBE3007EE7817F5846F87EB01C296D81B36DBBC765B4C7AF74AFACE1276DD4FD91963729E495694B6AF5C0D6111C49115A2C3F#/CN=FISCO-BCOS-e9f43089/O=FISCO-BCOS-e9f43089/OU=chain#/CN=FISCO-BCOS-e9f43089/O=fisco-bcos/OU=agency,p2pid=3082010a0282010100a492268b412bea3e8f972dff0dc52c521cd06884f53d90f3889c7014f7cb635c38a07b81af9630f2b04238a726b029af6b4b924e132710d2894b7175f12a5e323a7119afd27786b01965d49b9c885ff3768f40b9d57817bc1305124f40ced3b1ac99666773a3a64cce079e95acbc31d42f416aad362594008547aae561213b022db32ed9d1bd67df5c020bc44dcc073982b4566fd04048555b1ea84279063d5b1047e9f42776ef03677d2dd1454433fdb3feced3f41b92efdfeda545d56c1c9ba349584c9095f3ad9e31c2db11cbe3007ee7817f5846f87eb01c296d81b36dbbc765b4c7af74aface1276dd4fd91963729e495694b6af5c0d6111c49115a2c3f0203010001
info|2026-02-07 00:24:22.172545|ioService-0x00007834645ff6c0|[NETWORK][Host]handshakeServer succ,remote endpoint=127.0.0.1:36888,nodeid=3082010a0282010100a492268b412bea3e8f972dff0dc52c521cd06884f53d90f3889c7014f7cb635c38a07b81af9630f2b04238a726b029af6b4b924e132710d2894b7175f12a5e323a7119afd27786b01965d49b9c885ff3768f40b9d57817bc1305124f40ced3b1ac99666773a3a64cce079e95acbc31d42f416aad362594008547aae561213b022db32ed9d1bd67df5c020bc44dcc073982b4566fd04048555b1ea84279063d5b1047e9f42776ef03677d2dd1454433fdb3feced3f41b92efdfeda545d56c1c9ba349584c9095f3ad9e31c2db11cbe3007ee7817f5846f87eb01c296d81b36dbbc765b4c7af74aface1276dd4fd91963729e495694b6af5c0d6111c49115a2c3f0203010001
info|2026-02-07 00:24:22.172375|fisco-bcos-0x00007834736f96c0|[P2PService][Service]onReceiveProtocol: protocolNegotiate success,peer=3082010a02820101009d9833c7e1dbf7d476b1fd7227e247b488323cbd272862d096a4010035236b7d36e2aede87e4f36adfd2e2e44f2945e9a4170901f5865f04cb779a1c1e1fc2f3e56fc6ea80a2665d5da60fce851ccd94bb60aced8e256a551ebb6edcf78febb8eb8bbb3c4fab73bacd5675925d72c787a8d8e179c70b24c484ae98ea7cc956a196c0c8266073d549963e44bfee479261b4c7a5497320d8a89de71743baf1516450118e57b4b07227de0429adf0d02305ad79d40958f48b3c7d6802814fc5c25be7c54c85463c993254d08401e1c7c1cc5586b265a1616617cc2ba7f29e928ff792e4ff33ada9b1bb7ee5a43130da18ba109a9e2186dfa6c2dc1d823e9066e1590203010001,minVersion=0,maxVersion=2,supportMinVersion=0,supportMaxVersion=2,negotiatedVersion=2
info|2026-02-07 00:24:22.172593|fisco-bcos-0x00007834736f96c0|[P2PService][Service2][onReceiveRouterSeq]receive router seq and request router table,peer=3082010a02820101009d9833c7e1dbf7d476b1fd7227e247b488323cbd272862d096a4010035236b7d36e2aede87e4f36adfd2e2e44f2945e9a4170901f5865f04cb779a1c1e1fc2f3e56fc6ea80a2665d5da60fce851ccd94bb60aced8e256a551ebb6edcf78febb8eb8bbb3c4fab73bacd5675925d72c787a8d8e179c70b24c484ae98ea7cc956a196c0c8266073d549963e44bfee479261b4c7a5497320d8a89de71743baf1516450118e57b4b07227de0429adf0d02305ad79d40958f48b3c7d6802814fc5c25be7c54c85463c993254d08401e1c7c1cc5586b265a1616617cc2ba7f29e928ff792e4ff33ada9b1bb7ee5a43130da18ba109a9e2186dfa6c2dc1d823e9066e1590203010001,seq=2
info|2026-02-07 00:24:22.172757|ioService-0x00007834635ff6c0|[Gateway][Factory][NEW]SSLContext pubHex: 3082010a0282010100a9ba081864ed1c68f5b81b4fa31a3cb4c81583e0e7c5eec4d7249ecd7d2c8f901393580ca25747abc4e01775b9ff41392cf15074a577cc078f4b07f3152faa0dfe540c63b8de93fbc3afe02564592e274c9c1a76bb0cc8c4692d9404f8e0b7b5440bd66d6e70c33a6d35aca5767a88332fd7853571427789bb25413b734abc293a58791b28aece40a8f74238c2f8b0d32bbbb5f020cfd72ad86d4fb6f1904605a5f43f0f58ed4c826346ad1b71ddac3a15040d6cd21f31f9044b82e690f91329d956b39005f4ab421029ebe499a3fe7179586deded25784665d8949c4db5defd0cbbaf2f27221f3d59e7314f4374086dceea8903a6aedc17d8ca5c7ec4b03fef0203010001
info|2026-02-07 00:24:22.172812|ioService-0x00007834635ff6c0|[NETWORK][Host]Get ca basic failed
info|2026-02-07 00:24:22.172886|ioService-0x00007834635ff6c0|[Gateway][Factory][NEW]SSLContext pubHex: 3082010a0282010100d938a7d0e5078fdc3bfe83bfe8c789160de4c9e207ff836ef8d64a0c846f5f628646fe9170bec49eec44aebb3f17334e76b1003dae65d6858a626d60a3ff3dbbff8cf15ca934ca0f7a09b9ae6c17c911bb2f6083cab81540e00a8d9b9393a3341b90dd134f4a2ec21f1d8c55c2df687896873a36661a862226614582077d41811bcb3e6632cbf1767f6189b76054e8186606ee5a2c73bffe1bd6c8fc415f481324f015045231d662173b6f7e814068dffd598ce9a6f4630744bb0aa80f9f74403f4c3da3ca856b40d043885cc1e7beac524853fafb01fb61c3023ab04047e29d50a5d4cd612fc9ae90e7832fde7d1dea0804dc16fff17500517be0bf5d28f4ab0203010001
info|2026-02-07 00:24:22.172907|ioService-0x00007834635ff6c0|[Gateway][Factory][NEW]SSLContext pubHex: D938A7D0E5078FDC3BFE83BFE8C789160DE4C9E207FF836EF8D64A0C846F5F628646FE9170BEC49EEC44AEBB3F17334E76B1003DAE65D6858A626D60A3FF3DBBFF8CF15CA934CA0F7A09B9AE6C17C911BB2F6083CAB81540E00A8D9B9393A3341B90DD134F4A2EC21F1D8C55C2DF687896873A36661A862226614582077D41811BCB3E6632CBF1767F6189B76054E8186606EE5A2C73BFFE1BD6C8FC415F481324F015045231D662173B6F7E814068DFFD598CE9A6F4630744BB0AA80F9F74403F4C3DA3CA856B40D043885CC1E7BEAC524853FAFB01FB61C3023AB04047E29D50A5D4CD612FC9AE90E7832FDE7D1DEA0804DC16FFF17500517BE0BF5D28F4AB
info|2026-02-07 00:24:22.172967|ioService-0x0000783467bfd6c0|[SessionFactory]create new session,sessionRecvBufferSize=67108864,allowMaxMsgSize=33554432,maxReadDataSize=40960,maxSendDataSize=1048576,maxSendMsgCountS=10,enableCompress=true
info|2026-02-07 00:24:22.173104|ioService-0x0000783467bfd6c0|[NETWORK][Host]startPeerSession, Remote=127.0.0.1:30300,local endpoint=127.0.0.1:51222,p2pid=3082010a0282010100a492268b412bea3e8f972dff0dc52c521cd06884f53d90f3889c7014f7cb635c38a07b81af9630f2b04238a726b029af6b4b924e132710d2894b7175f12a5e323a7119afd27786b01965d49b9c885ff3768f40b9d57817bc1305124f40ced3b1ac99666773a3a64cce079e95acbc31d42f416aad362594008547aae561213b022db32ed9d1bd67df5c020bc44dcc073982b4566fd04048555b1ea84279063d5b1047e9f42776ef03677d2dd1454433fdb3feced3f41b92efdfeda545d56c1c9ba349584c9095f3ad9e31c2db11cbe3007ee7817f5846f87eb01c296d81b36dbbc765b4c7af74aface1276dd4fd91963729e495694b6af5c0d6111c49115a2c3f0203010001
info|2026-02-07 00:24:22.173261|fisco-bcos-0x00007834791c06c0|[P2PService][Service]onConnect,p2pid=3082010a0282010100a492268b412bea3e8f972dff0dc52c521cd06884f53d90f3889c7014f7cb635c38a07b81af9630f2b04238a726b029af6b4b924e132710d2894b7175f12a5e323a7119afd27786b01965d49b9c885ff3768f40b9d57817bc1305124f40ced3b1ac99666773a3a64cce079e95acbc31d42f416aad362594008547aae561213b022db32ed9d1bd67df5c020bc44dcc073982b4566fd04048555b1ea84279063d5b1047e9f42776ef03677d2dd1454433fdb3feced3f41b92efdfeda545d56c1c9ba349584c9095f3ad9e31c2db11cbe3007ee7817f5846f87eb01c296d81b36dbbc765b4c7af74aface1276dd4fd91963729e495694b6af5c0d6111c49115a2c3f0203010001,endpoint=127.0.0.1
info|2026-02-07 00:24:22.173462|ioService-0x00007834635ff6c0|[NETWORK][Host]obtainP2pInfo ,node_info=3082010a0282010100d938a7d0e5078fdc3bfe83bfe8c789160de4c9e207ff836ef8d64a0c846f5f628646fe9170bec49eec44aebb3f17334e76b1003dae65d6858a626d60a3ff3dbbff8cf15ca934ca0f7a09b9ae6c17c911bb2f6083cab81540e00a8d9b9393a3341b90dd134f4a2ec21f1d8c55c2df687896873a36661a862226614582077d41811bcb3e6632cbf1767f6189b76054e8186606ee5a2c73bffe1bd6c8fc415f481324f015045231d662173b6f7e814068dffd598ce9a6f4630744bb0aa80f9f74403f4c3da3ca856b40d043885cc1e7beac524853fafb01fb61c3023ab04047e29d50a5d4cd612fc9ae90e7832fde7d1dea0804dc16fff17500517be0bf5d28f4ab0203010001#D938A7D0E5078FDC3BFE83BFE8C789160DE4C9E207FF836EF8D64A0C846F5F628646FE9170BEC49EEC44AEBB3F17334E76B1003DAE65D6858A626D60A3FF3DBBFF8CF15CA934CA0F7A09B9AE6C17C911BB2F6083CAB81540E00A8D9B9393A3341B90DD134F4A2EC21F1D8C55C2DF687896873A36661A862226614582077D41811BCB3E6632CBF1767F6189B76054E8186606EE5A2C73BFFE1BD6C8FC415F481324F015045231D662173B6F7E814068DFFD598CE9A6F4630744BB0AA80F9F74403F4C3DA3CA856B40D043885CC1E7BEAC524853FAFB01FB61C3023AB04047E29D50A5D4CD612FC9AE90E7832FDE7D1DEA0804DC16FFF17500517BE0BF5D28F4AB#/CN=FISCO-BCOS-e9f43089/O=FISCO-BCOS-e9f43089/OU=chain#/CN=FISCO-BCOS-e9f43089/O=fisco-bcos/OU=agency,p2pid=3082010a0282010100d938a7d0e5078fdc3bfe83bfe8c789160de4c9e207ff836ef8d64a0c846f5f628646fe9170bec49eec44aebb3f17334e76b1003dae65d6858a626d60a3ff3dbbff8cf15ca934ca0f7a09b9ae6c17c911bb2f6083cab81540e00a8d9b9393a3341b90dd134f4a2ec21f1d8c55c2df687896873a36661a862226614582077d41811bcb3e6632cbf1767f6189b76054e8186606ee5a2c73bffe1bd6c8fc415f481324f015045231d662173b6f7e814068dffd598ce9a6f4630744bb0aa80f9f74403f4c3da3ca856b40d043885cc1e7beac524853fafb01fb61c3023ab04047e29d50a5d4cd612fc9ae90e7832fde7d1dea0804dc16fff17500517be0bf5d28f4ab0203010001
info|2026-02-07 00:24:22.173485|ioService-0x00007834635ff6c0|[NETWORK][Host]handshakeServer succ,remote endpoint=127.0.0.1:36904,nodeid=3082010a0282010100d938a7d0e5078fdc3bfe83bfe8c789160de4c9e207ff836ef8d64a0c846f5f628646fe9170bec49eec44aebb3f17334e76b1003dae65d6858a626d60a3ff3dbbff8cf15ca934ca0f7a09b9ae6c17c911bb2f6083cab81540e00a8d9b9393a3341b90dd134f4a2ec21f1d8c55c2df687896873a36661a862226614582077d41811bcb3e6632cbf1767f6189b76054e8186606ee5a2c73bffe1bd6c8fc415f481324f015045231d662173b6f7e814068dffd598ce9a6f4630744bb0aa80f9f74403f4c3da3ca856b40d043885cc1e7beac524853fafb01fb61c3023ab04047e29d50a5d4cd612fc9ae90e7832fde7d1dea0804dc16fff17500517be0bf5d28f4ab0203010001
info|2026-02-07 00:24:22.173433|fisco-bcos-0x00007834721ff6c0|[P2PService][Service2][onReceiveRouterTableRequest],peer=3082010a02820101009d9833c7e1dbf7d476b1fd7227e247b488323cbd272862d096a4010035236b7d36e2aede87e4f36adfd2e2e44f2945e9a4170901f5865f04cb779a1c1e1fc2f3e56fc6ea80a2665d5da60fce851ccd94bb60aced8e256a551ebb6edcf78febb8eb8bbb3c4fab73bacd5675925d72c787a8d8e179c70b24c484ae98ea7cc956a196c0c8266073d549963e44bfee479261b4c7a5497320d8a89de71743baf1516450118e57b4b07227de0429adf0d02305ad79d40958f48b3c7d6802814fc5c25be7c54c85463c993254d08401e1c7c1cc5586b265a1616617cc2ba7f29e928ff792e4ff33ada9b1bb7ee5a43130da18ba109a9e2186dfa6c2dc1d823e9066e1590203010001,entrySize=2
info|2026-02-07 00:24:22.173941|fisco-bcos-0x00007834791c06c0|[P2PService][P2PSession][P2PSession::P2PSession] this=0x783474e111d0
info|2026-02-07 00:24:22.174002|ioService-0x00007834645ff6c0|[SESSION][Session][Session::Session] this=0x78345e25b1d0,recvBufferSize=67108864
info|2026-02-07 00:24:22.174018|ioService-0x0000783466bfb6c0|[NETWORK][Host]obtainP2pInfo ,node_info=3082010a0282010100d938a7d0e5078fdc3bfe83bfe8c789160de4c9e207ff836ef8d64a0c846f5f628646fe9170bec49eec44aebb3f17334e76b1003dae65d6858a626d60a3ff3dbbff8cf15ca934ca0f7a09b9ae6c17c911bb2f6083cab81540e00a8d9b9393a3341b90dd134f4a2ec21f1d8c55c2df687896873a36661a862226614582077d41811bcb3e6632cbf1767f6189b76054e8186606ee5a2c73bffe1bd6c8fc415f481324f015045231d662173b6f7e814068dffd598ce9a6f4630744bb0aa80f9f74403f4c3da3ca856b40d043885cc1e7beac524853fafb01fb61c3023ab04047e29d50a5d4cd612fc9ae90e7832fde7d1dea0804dc16fff17500517be0bf5d28f4ab0203010001#D938A7D0E5078FDC3BFE83BFE8C789160DE4C9E207FF836EF8D64A0C846F5F628646FE9170BEC49EEC44AEBB3F17334E76B1003DAE65D6858A626D60A3FF3DBBFF8CF15CA934CA0F7A09B9AE6C17C911BB2F6083CAB81540E00A8D9B9393A3341B90DD134F4A2EC21F1D8C55C2DF687896873A36661A862226614582077D41811BCB3E6632CBF1767F6189B76054E8186606EE5A2C73BFFE1BD6C8FC415F481324F015045231D662173B6F7E814068DFFD598CE9A6F4630744BB0AA80F9F74403F4C3DA3CA856B40D043885CC1E7BEAC524853FAFB01FB61C3023AB04047E29D50A5D4CD612FC9AE90E7832FDE7D1DEA0804DC16FFF17500517BE0BF5D28F4AB#/CN=FISCO-BCOS-e9f43089/O=FISCO-BCOS-e9f43089/OU=chain#/CN=FISCO-BCOS-e9f43089/O=fisco-bcos/OU=agency,p2pid=3082010a0282010100d938a7d0e5078fdc3bfe83bfe8c789160de4c9e207ff836ef8d64a0c846f5f628646fe9170bec49eec44aebb3f17334e76b1003dae65d6858a626d60a3ff3dbbff8cf15ca934ca0f7a09b9ae6c17c911bb2f6083cab81540e00a8d9b9393a3341b90dd134f4a2ec21f1d8c55c2df687896873a36661a862226614582077d41811bcb3e6632cbf1767f6189b76054e8186606ee5a2c73bffe1bd6c8fc415f481324f015045231d662173b6f7e814068dffd598ce9a6f4630744bb0aa80f9f74403f4c3da3ca856b40d043885cc1e7beac524853fafb01fb61c3023ab04047e29d50a5d4cd612fc9ae90e7832fde7d1dea0804dc16fff17500517be0bf5d28f4ab0203010001
info|2026-02-07 00:24:22.174030|ioService-0x0000783466bfb6c0|[NETWORK][Host]handshakeClient succ,local endpoint=127.0.0.1:36904
info|2026-02-07 00:24:22.174063|fisco-bcos-0x00007834791c06c0|[SESSION][Session][start] start session ,this=0x78345cc881d0
info|2026-02-07 00:24:22.174104|fisco-bcos-0x00007834791c06c0|[P2PService][Service]asyncSendProtocol,payload=5,seq=11
info|2026-02-07 00:24:22.174117|fisco-bcos-0x00007834791c06c0|[P2PService][Service]updateStaticNodes,nodeid=3082010a0282010100a492268b412bea3e8f972dff0dc52c521cd06884f53d90f3889c7014f7cb635c38a07b81af9630f2b04238a726b029af6b4b924e132710d2894b7175f12a5e323a7119afd27786b01965d49b9c885ff3768f40b9d57817bc1305124f40ced3b1ac99666773a3a64cce079e95acbc31d42f416aad362594008547aae561213b022db32ed9d1bd67df5c020bc44dcc073982b4566fd04048555b1ea84279063d5b1047e9f42776ef03677d2dd1454433fdb3feced3f41b92efdfeda545d56c1c9ba349584c9095f3ad9e31c2db11cbe3007ee7817f5846f87eb01c296d81b36dbbc765b4c7af74aface1276dd4fd91963729e495694b6af5c0d6111c49115a2c3f0203010001,endpoint=127.0.0.1:30300
info|2026-02-07 00:24:22.174128|fisco-bcos-0x00007834791c06c0|[P2PService][Router][updateDstNodeEntry]insert new entry into the routerTable,distance=1,dst=3082010a0282010100a492268b412bea3e8f972dff0dc52c521cd06884f53d90f3889c7014f7cb635c38a07b81af9630f2b04238a726b029af6b4b924e132710d2894b7175f12a5e323a7119afd27786b01965d49b9c885ff3768f40b9d57817bc1305124f40ced3b1ac99666773a3a64cce079e95acbc31d42f416aad362594008547aae561213b022db32ed9d1bd67df5c020bc44dcc073982b4566fd04048555b1ea84279063d5b1047e9f42776ef03677d2dd1454433fdb3feced3f41b92efdfeda545d56c1c9ba349584c9095f3ad9e31c2db11cbe3007ee7817f5846f87eb01c296d81b36dbbc765b4c7af74aface1276dd4fd91963729e495694b6af5c0d6111c49115a2c3f0203010001,nextHop=,size=3
info|2026-02-07 00:24:22.174177|ioService-0x00007834645ff6c0|[SessionFactory]create new session,sessionRecvBufferSize=67108864,allowMaxMsgSize=33554432,maxReadDataSize=40960,maxSendDataSize=1048576,maxSendMsgCountS=10,enableCompress=true
info|2026-02-07 00:24:22.174307|ioService-0x00007834645ff6c0|[NETWORK][Host]startPeerSession, Remote=127.0.0.1:36888,local endpoint=127.0.0.1:30301,p2pid=3082010a0282010100a492268b412bea3e8f972dff0dc52c521cd06884f53d90f3889c7014f7cb635c38a07b81af9630f2b04238a726b029af6b4b924e132710d2894b7175f12a5e323a7119afd27786b01965d49b9c885ff3768f40b9d57817bc1305124f40ced3b1ac99666773a3a64cce079e95acbc31d42f416aad362594008547aae561213b022db32ed9d1bd67df5c020bc44dcc073982b4566fd04048555b1ea84279063d5b1047e9f42776ef03677d2dd1454433fdb3feced3f41b92efdfeda545d56c1c9ba349584c9095f3ad9e31c2db11cbe3007ee7817f5846f87eb01c296d81b36dbbc765b4c7af74aface1276dd4fd91963729e495694b6af5c0d6111c49115a2c3f0203010001
info|2026-02-07 00:24:22.174348|fisco-bcos-0x00007834791c06c0|[P2PService][Service2][onNewSession]update routerTable,dst=3082010a0282010100a492268b412bea3e8f972dff0dc52c521cd06884f53d90f3889c7014f7cb635c38a07b81af9630f2b04238a726b029af6b4b924e132710d2894b7175f12a5e323a7119afd27786b01965d49b9c885ff3768f40b9d57817bc1305124f40ced3b1ac99666773a3a64cce079e95acbc31d42f416aad362594008547aae561213b022db32ed9d1bd67df5c020bc44dcc073982b4566fd04048555b1ea84279063d5b1047e9f42776ef03677d2dd1454433fdb3feced3f41b92efdfeda545d56c1c9ba349584c9095f3ad9e31c2db11cbe3007ee7817f5846f87eb01c296d81b36dbbc765b4c7af74aface1276dd4fd91963729e495694b6af5c0d6111c49115a2c3f0203010001
info|2026-02-07 00:24:22.174361|fisco-bcos-0x00007834791c06c0|[P2PService][Service]Connection established,p2pid=3082010a0282010100a492268b412bea3e8f972dff0dc52c521cd06884f53d90f3889c7014f7cb635c38a07b81af9630f2b04238a726b029af6b4b924e132710d2894b7175f12a5e323a7119afd27786b01965d49b9c885ff3768f40b9d57817bc1305124f40ced3b1ac99666773a3a64cce079e95acbc31d42f416aad362594008547aae561213b022db32ed9d1bd67df5c020bc44dcc073982b4566fd04048555b1ea84279063d5b1047e9f42776ef03677d2dd1454433fdb3feced3f41b92efdfeda545d56c1c9ba349584c9095f3ad9e31c2db11cbe3007ee7817f5846f87eb01c296d81b36dbbc765b4c7af74aface1276dd4fd91963729e495694b6af5c0d6111c49115a2c3f0203010001,endpoint=127.0.0.1:30300
info|2026-02-07 00:24:22.174388|ioService-0x00007834635ff6c0|[SESSION][Session][Session::Session] this=0x78345a85c1d0,recvBufferSize=67108864
info|2026-02-07 00:24:22.174488|ioService-0x0000783466bfb6c0|[SESSION][Session][Session::Session] this=0x78344a6881d0,recvBufferSize=67108864
info|2026-02-07 00:24:22.174676|ioService-0x0000783466bfb6c0|[SessionFactory]create new session,sessionRecvBufferSize=67108864,allowMaxMsgSize=33554432,maxReadDataSize=40960,maxSendDataSize=1048576,maxSendMsgCountS=10,enableCompress=true
info|2026-02-07 00:24:22.174778|ioService-0x0000783466bfb6c0|[NETWORK][Host]startPeerSession, Remote=127.0.0.1:30301,local endpoint=127.0.0.1:36904,p2pid=3082010a0282010100d938a7d0e5078fdc3bfe83bfe8c789160de4c9e207ff836ef8d64a0c846f5f628646fe9170bec49eec44aebb3f17334e76b1003dae65d6858a626d60a3ff3dbbff8cf15ca934ca0f7a09b9ae6c17c911bb2f6083cab81540e00a8d9b9393a3341b90dd134f4a2ec21f1d8c55c2df687896873a36661a862226614582077d41811bcb3e6632cbf1767f6189b76054e8186606ee5a2c73bffe1bd6c8fc415f481324f015045231d662173b6f7e814068dffd598ce9a6f4630744bb0aa80f9f74403f4c3da3ca856b40d043885cc1e7beac524853fafb01fb61c3023ab04047e29d50a5d4cd612fc9ae90e7832fde7d1dea0804dc16fff17500517be0bf5d28f4ab0203010001
info|2026-02-07 00:24:22.174794|ioService-0x00007834635ff6c0|[SessionFactory]create new session,sessionRecvBufferSize=67108864,allowMaxMsgSize=33554432,maxReadDataSize=40960,maxSendDataSize=1048576,maxSendMsgCountS=10,enableCompress=true
info|2026-02-07 00:24:22.174923|fisco-bcos-0x00007834736f96c0|[P2PService][Service]onConnect,p2pid=3082010a0282010100d938a7d0e5078fdc3bfe83bfe8c789160de4c9e207ff836ef8d64a0c846f5f628646fe9170bec49eec44aebb3f17334e76b1003dae65d6858a626d60a3ff3dbbff8cf15ca934ca0f7a09b9ae6c17c911bb2f6083cab81540e00a8d9b9393a3341b90dd134f4a2ec21f1d8c55c2df687896873a36661a862226614582077d41811bcb3e6632cbf1767f6189b76054e8186606ee5a2c73bffe1bd6c8fc415f481324f015045231d662173b6f7e814068dffd598ce9a6f4630744bb0aa80f9f74403f4c3da3ca856b40d043885cc1e7beac524853fafb01fb61c3023ab04047e29d50a5d4cd612fc9ae90e7832fde7d1dea0804dc16fff17500517be0bf5d28f4ab0203010001,endpoint=127.0.0.1
info|2026-02-07 00:24:22.174942|fisco-bcos-0x00007834736f96c0|[SESSION][Session][Session::~Session] this=0x78345a85c1d0
info|2026-02-07 00:24:22.174907|fisco-bcos-0x0000783479dc36c0|[P2PService][Service]onConnect,p2pid=3082010a0282010100d938a7d0e5078fdc3bfe83bfe8c789160de4c9e207ff836ef8d64a0c846f5f628646fe9170bec49eec44aebb3f17334e76b1003dae65d6858a626d60a3ff3dbbff8cf15ca934ca0f7a09b9ae6c17c911bb2f6083cab81540e00a8d9b9393a3341b90dd134f4a2ec21f1d8c55c2df687896873a36661a862226614582077d41811bcb3e6632cbf1767f6189b76054e8186606ee5a2c73bffe1bd6c8fc415f481324f015045231d662173b6f7e814068dffd598ce9a6f4630744bb0aa80f9f74403f4c3da3ca856b40d043885cc1e7beac524853fafb01fb61c3023ab04047e29d50a5d4cd612fc9ae90e7832fde7d1dea0804dc16fff17500517be0bf5d28f4ab0203010001,endpoint=127.0.0.1
info|2026-02-07 00:24:22.175000|ioService-0x0000783467bfd6c0|[SESSION][Session]doRead error,endpoint=127.0.0.1:30300,message=stream truncated
info|2026-02-07 00:24:22.175026|ioService-0x0000783467bfd6c0|[SESSION][Session]drop, call and erase all callback in this session!,this=0x78345cc881d0,endpoint=127.0.0.1:30300
info|2026-02-07 00:24:22.175129|fisco-bcos-0x00007834789be6c0|[P2PService][Service2][onReceiveRouterTableRequest],peer=3082010a02820101009d9833c7e1dbf7d476b1fd7227e247b488323cbd272862d096a4010035236b7d36e2aede87e4f36adfd2e2e44f2945e9a4170901f5865f04cb779a1c1e1fc2f3e56fc6ea80a2665d5da60fce851ccd94bb60aced8e256a551ebb6edcf78febb8eb8bbb3c4fab73bacd5675925d72c787a8d8e179c70b24c484ae98ea7cc956a196c0c8266073d549963e44bfee479261b4c7a5497320d8a89de71743baf1516450118e57b4b07227de0429adf0d02305ad79d40958f48b3c7d6802814fc5c25be7c54c85463c993254d08401e1c7c1cc5586b265a1616617cc2ba7f29e928ff792e4ff33ada9b1bb7ee5a43130da18ba109a9e2186dfa6c2dc1d823e9066e1590203010001,entrySize=3
info|2026-02-07 00:24:22.175566|fisco-bcos-0x0000783479dc36c0|[P2PService][Service]updateStaticNodes,nodeid=3082010a0282010100d938a7d0e5078fdc3bfe83bfe8c789160de4c9e207ff836ef8d64a0c846f5f628646fe9170bec49eec44aebb3f17334e76b1003dae65d6858a626d60a3ff3dbbff8cf15ca934ca0f7a09b9ae6c17c911bb2f6083cab81540e00a8d9b9393a3341b90dd134f4a2ec21f1d8c55c2df687896873a36661a862226614582077d41811bcb3e6632cbf1767f6189b76054e8186606ee5a2c73bffe1bd6c8fc415f481324f015045231d662173b6f7e814068dffd598ce9a6f4630744bb0aa80f9f74403f4c3da3ca856b40d043885cc1e7beac524853fafb01fb61c3023ab04047e29d50a5d4cd612fc9ae90e7832fde7d1dea0804dc16fff17500517be0bf5d28f4ab0203010001,endpoint=127.0.0.1:30301
info|2026-02-07 00:24:22.175721|fisco-bcos-0x00007834745fa6c0|[P2PService][Service]onConnect,p2pid=3082010a0282010100a492268b412bea3e8f972dff0dc52c521cd06884f53d90f3889c7014f7cb635c38a07b81af9630f2b04238a726b029af6b4b924e132710d2894b7175f12a5e323a7119afd27786b01965d49b9c885ff3768f40b9d57817bc1305124f40ced3b1ac99666773a3a64cce079e95acbc31d42f416aad362594008547aae561213b022db32ed9d1bd67df5c020bc44dcc073982b4566fd04048555b1ea84279063d5b1047e9f42776ef03677d2dd1454433fdb3feced3f41b92efdfeda545d56c1c9ba349584c9095f3ad9e31c2db11cbe3007ee7817f5846f87eb01c296d81b36dbbc765b4c7af74aface1276dd4fd91963729e495694b6af5c0d6111c49115a2c3f0203010001,endpoint=127.0.0.1
info|2026-02-07 00:24:22.175838|fisco-bcos-0x0000783473afa6c0|[P2PService][Service2][onReceiveRouterSeq]receive router seq and request router table,peer=3082010a02820101009d9833c7e1dbf7d476b1fd7227e247b488323cbd272862d096a4010035236b7d36e2aede87e4f36adfd2e2e44f2945e9a4170901f5865f04cb779a1c1e1fc2f3e56fc6ea80a2665d5da60fce851ccd94bb60aced8e256a551ebb6edcf78febb8eb8bbb3c4fab73bacd5675925d72c787a8d8e179c70b24c484ae98ea7cc956a196c0c8266073d549963e44bfee479261b4c7a5497320d8a89de71743baf1516450118e57b4b07227de0429adf0d02305ad79d40958f48b3c7d6802814fc5c25be7c54c85463c993254d08401e1c7c1cc5586b265a1616617cc2ba7f29e928ff792e4ff33ada9b1bb7ee5a43130da18ba109a9e2186dfa6c2dc1d823e9066e1590203010001,seq=3
warning|2026-02-07 00:24:22.176047|fisco-bcos-0x00007834795c16c0|[P2PService][Service2][onMessage],code=3,msg=Disconnect
info|2026-02-07 00:24:22.176090|fisco-bcos-0x00007834795c16c0|[P2PService][Service]disconnect error P2PSession,p2pid=3082010a0282010100a492268b412bea3e8f972dff0dc52c521cd06884f53d90f3889c7014f7cb635c38a07b81af9630f2b04238a726b029af6b4b924e132710d2894b7175f12a5e323a7119afd27786b01965d49b9c885ff3768f40b9d57817bc1305124f40ced3b1ac99666773a3a64cce079e95acbc31d42f416aad362594008547aae561213b022db32ed9d1bd67df5c020bc44dcc073982b4566fd04048555b1ea84279063d5b1047e9f42776ef03677d2dd1454433fdb3feced3f41b92efdfeda545d56c1c9ba349584c9095f3ad9e31c2db11cbe3007ee7817f5846f87eb01c296d81b36dbbc765b4c7af74aface1276dd4fd91963729e495694b6af5c0d6111c49115a2c3f0203010001,endpoint=127.0.0.1:30300,code=3,message=Disconnect
info|2026-02-07 00:24:22.176110|ioService-0x0000783467bfd6c0|[SESSION][Session][drop] closing remote 127.0.0.1:30300,reason=Low-level TCP communication error.,endpoint=127.0.0.1:30300
info|2026-02-07 00:24:22.176279|ioService-0x0000783467bfd6c0|[SESSION][Session][drop] shutdown failed ,failedValue=9,message=Bad file descriptor
info|2026-02-07 00:24:22.176311|fisco-bcos-0x00007834745fa6c0|[P2PService][Service]Disconnect duplicate peer,p2pid=3082010a0282010100a492268b412bea3e8f972dff0dc52c521cd06884f53d90f3889c7014f7cb635c38a07b81af9630f2b04238a726b029af6b4b924e132710d2894b7175f12a5e323a7119afd27786b01965d49b9c885ff3768f40b9d57817bc1305124f40ced3b1ac99666773a3a64cce079e95acbc31d42f416aad362594008547aae561213b022db32ed9d1bd67df5c020bc44dcc073982b4566fd04048555b1ea84279063d5b1047e9f42776ef03677d2dd1454433fdb3feced3f41b92efdfeda545d56c1c9ba349584c9095f3ad9e31c2db11cbe3007ee7817f5846f87eb01c296d81b36dbbc765b4c7af74aface1276dd4fd91963729e495694b6af5c0d6111c49115a2c3f0203010001
info|2026-02-07 00:24:22.176335|fisco-bcos-0x00007834745fa6c0|[SESSION][Session][Session::~Session] this=0x78345e25b1d0
info|2026-02-07 00:24:22.176350|ioService-0x00007834653fe6c0|[NETWORK][Host]obtainP2pInfo ,node_info=3082010a0282010100b85dd5fdfbc4aa99dcef8477a2e1c08c304a63432923826f81b3d0d7d13e79a6ec265462b2f59e76106f8bad7efb849227798aaf7c20a2197e9a95a8ffbbc07f5ccb44d04e995013b9afd04bb77fb7dbfa0f13bd2d404980eae43fc147332e1542ee2d2e973596187bb8ad4dc63b0165052688b1f7fc4a2a8ccb020a55db8ee7b9a45bb901b1c03d94727648a8ec10bfbc854175981345d56f4c783b0211d91f0775e508d8b379b56935777d255f59b63fadc24b43862671f5cbe0d00fcfff7138124c8293f91740a0e0732346eeee748a42f65ddb81da461fce3e76ea6ff452913b80eb5b1dba016f7d4d94f66337cc6bea7a066b8277637aef12c2eba11da10203010001#B85DD5FDFBC4AA99DCEF8477A2E1C08C304A63432923826F81B3D0D7D13E79A6EC265462B2F59E76106F8BAD7EFB849227798AAF7C20A2197E9A95A8FFBBC07F5CCB44D04E995013B9AFD04BB77FB7DBFA0F13BD2D404980EAE43FC147332E1542EE2D2E973596187BB8AD4DC63B0165052688B1F7FC4A2A8CCB020A55DB8EE7B9A45BB901B1C03D94727648A8EC10BFBC854175981345D56F4C783B0211D91F0775E508D8B379B56935777D255F59B63FADC24B43862671F5CBE0D00FCFFF7138124C8293F91740A0E0732346EEEE748A42F65DDB81DA461FCE3E76EA6FF452913B80EB5B1DBA016F7D4D94F66337CC6BEA7A066B8277637AEF12C2EBA11DA1#/CN=FISCO-BCOS-e9f43089/O=FISCO-BCOS-e9f43089/OU=chain#/CN=FISCO-BCOS-e9f43089/O=fisco-bcos/OU=agency,p2pid=3082010a0282010100b85dd5fdfbc4aa99dcef8477a2e1c08c304a63432923826f81b3d0d7d13e79a6ec265462b2f59e76106f8bad7efb849227798aaf7c20a2197e9a95a8ffbbc07f5ccb44d04e995013b9afd04bb77fb7dbfa0f13bd2d404980eae43fc147332e1542ee2d2e973596187bb8ad4dc63b0165052688b1f7fc4a2a8ccb020a55db8ee7b9a45bb901b1c03d94727648a8ec10bfbc854175981345d56f4c783b0211d91f0775e508d8b379b56935777d255f59b63fadc24b43862671f5cbe0d00fcfff7138124c8293f91740a0e0732346eeee748a42f65ddb81da461fce3e76ea6ff452913b80eb5b1dba016f7d4d94f66337cc6bea7a066b8277637aef12c2eba11da10203010001
info|2026-02-07 00:24:22.176369|ioService-0x00007834653fe6c0|[NETWORK][Host]handshakeClient succ,local endpoint=127.0.0.1:43532
info|2026-02-07 00:24:22.176636|fisco-bcos-0x00007834795c16c0|[Gateway][GatewayNodeManager]onRemoveNodeIDs,p2pid=3082010a0282010100a492268b412bea3e8f972dff0dc52c521cd06884f53d90f3889c7014f7cb635c38a07b81af9630f2b04238a726b029af6b4b924e132710d2894b7175f12a5e323a7119afd27786b01965d49b9c885ff3768f40b9d57817bc1305124f40ced3b1ac99666773a3a64cce079e95acbc31d42f416aad362594008547aae561213b022db32ed9d1bd67df5c020bc44dcc073982b4566fd04048555b1ea84279063d5b1047e9f42776ef03677d2dd1454433fdb3feced3f41b92efdfeda545d56c1c9ba349584c9095f3ad9e31c2db11cbe3007ee7817f5846f87eb01c296d81b36dbbc765b4c7af74aface1276dd4fd91963729e495694b6af5c0d6111c49115a2c3f0203010001
info|2026-02-07 00:24:22.176674|fisco-bcos-0x00007834795c16c0|[Gateway][Router]PeersRouterTable: removeP2PID,p2pID=3082010a0282010100a492268b412bea3e8f972dff0dc52c521cd06884f53d90f3889c7014f7cb635c38a07b81af9630f2b04238a726b029af6b4b924e132710d2894b7175f12a5e323a7119afd27786b01965d49b9c885ff3768f40b9d57817bc1305124f40ced3b1ac99666773a3a64cce079e95acbc31d42f416aad362594008547aae561213b022db32ed9d1bd67df5c020bc44dcc073982b4566fd04048555b1ea84279063d5b1047e9f42776ef03677d2dd1454433fdb3feced3f41b92efdfeda545d56c1c9ba349584c9095f3ad9e31c2db11cbe3007ee7817f5846f87eb01c296d81b36dbbc765b4c7af74aface1276dd4fd91963729e495694b6af5c0d6111c49115a2c3f0203010001
info|2026-02-07 00:24:22.176703|fisco-bcos-0x00007834795c16c0|[Gateway][GatewayNodeManager]syncLatestNodeIDList,groupID=group0,nodeCount=1
info|2026-02-07 00:24:22.176730|fisco-bcos-0x00007834795c16c0|[FrontService]protocolNegotiate success,nodeID=21a47acec36f73d8e925a7d5db44793f998e1a42a6d7ee2e3a5cf4037b853452cb76f6cbab8e5b223a128e8ee15790d1f629858b47070b4eb2e1ddb2b0ada297,groupID=group0,minVersion=0,maxVersion=2,supportedMinVersion=0,supportedMaxVersion=2,version=2
info|2026-02-07 00:24:22.176074|fisco-bcos-0x0000783479dc36c0|[SESSION][Session][Session::~Session] this=0x78344a6881d0
info|2026-02-07 00:24:22.176785|ioService-0x00007834653fe6c0|[SESSION][Session][Session::Session] this=0x783462c87390,recvBufferSize=67108864
info|2026-02-07 00:24:22.176766|ioService-0x00007834635ff6c0|[NETWORK][Host]startPeerSession, Remote=0.0.0.0:0,local endpoint=0.0.0.0:0,p2pid=3082010a0282010100d938a7d0e5078fdc3bfe83bfe8c789160de4c9e207ff836ef8d64a0c846f5f628646fe9170bec49eec44aebb3f17334e76b1003dae65d6858a626d60a3ff3dbbff8cf15ca934ca0f7a09b9ae6c17c911bb2f6083cab81540e00a8d9b9393a3341b90dd134f4a2ec21f1d8c55c2df687896873a36661a862226614582077d41811bcb3e6632cbf1767f6189b76054e8186606ee5a2c73bffe1bd6c8fc415f481324f015045231d662173b6f7e814068dffd598ce9a6f4630744bb0aa80f9f74403f4c3da3ca856b40d043885cc1e7beac524853fafb01fb61c3023ab04047e29d50a5d4cd612fc9ae90e7832fde7d1dea0804dc16fff17500517be0bf5d28f4ab0203010001
info|2026-02-07 00:24:22.176900|ioService-0x00007834653fe6c0|[SessionFactory]create new session,sessionRecvBufferSize=67108864,allowMaxMsgSize=33554432,maxReadDataSize=40960,maxSendDataSize=1048576,maxSendMsgCountS=10,enableCompress=true
info|2026-02-07 00:24:22.176979|ioService-0x00007834653fe6c0|[NETWORK][Host]startPeerSession, Remote=127.0.0.1:30303,local endpoint=127.0.0.1:43532,p2pid=3082010a0282010100b85dd5fdfbc4aa99dcef8477a2e1c08c304a63432923826f81b3d0d7d13e79a6ec265462b2f59e76106f8bad7efb849227798aaf7c20a2197e9a95a8ffbbc07f5ccb44d04e995013b9afd04bb77fb7dbfa0f13bd2d404980eae43fc147332e1542ee2d2e973596187bb8ad4dc63b0165052688b1f7fc4a2a8ccb020a55db8ee7b9a45bb901b1c03d94727648a8ec10bfbc854175981345d56f4c783b0211d91f0775e508d8b379b56935777d255f59b63fadc24b43862671f5cbe0d00fcfff7138124c8293f91740a0e0732346eeee748a42f65ddb81da461fce3e76ea6ff452913b80eb5b1dba016f7d4d94f66337cc6bea7a066b8277637aef12c2eba11da10203010001
info|2026-02-07 00:24:22.177057|fisco-bcos-0x00007834799c26c0|[P2PService][Service]onConnect,p2pid=3082010a0282010100b85dd5fdfbc4aa99dcef8477a2e1c08c304a63432923826f81b3d0d7d13e79a6ec265462b2f59e76106f8bad7efb849227798aaf7c20a2197e9a95a8ffbbc07f5ccb44d04e995013b9afd04bb77fb7dbfa0f13bd2d404980eae43fc147332e1542ee2d2e973596187bb8ad4dc63b0165052688b1f7fc4a2a8ccb020a55db8ee7b9a45bb901b1c03d94727648a8ec10bfbc854175981345d56f4c783b0211d91f0775e508d8b379b56935777d255f59b63fadc24b43862671f5cbe0d00fcfff7138124c8293f91740a0e0732346eeee748a42f65ddb81da461fce3e76ea6ff452913b80eb5b1dba016f7d4d94f66337cc6bea7a066b8277637aef12c2eba11da10203010001,endpoint=127.0.0.1
info|2026-02-07 00:24:22.177114|fisco-bcos-0x00007834799c26c0|[P2PService][Service]Disconnect duplicate peer,p2pid=3082010a0282010100b85dd5fdfbc4aa99dcef8477a2e1c08c304a63432923826f81b3d0d7d13e79a6ec265462b2f59e76106f8bad7efb849227798aaf7c20a2197e9a95a8ffbbc07f5ccb44d04e995013b9afd04bb77fb7dbfa0f13bd2d404980eae43fc147332e1542ee2d2e973596187bb8ad4dc63b0165052688b1f7fc4a2a8ccb020a55db8ee7b9a45bb901b1c03d94727648a8ec10bfbc854175981345d56f4c783b0211d91f0775e508d8b379b56935777d255f59b63fadc24b43862671f5cbe0d00fcfff7138124c8293f91740a0e0732346eeee748a42f65ddb81da461fce3e76ea6ff452913b80eb5b1dba016f7d4d94f66337cc6bea7a066b8277637aef12c2eba11da10203010001
info|2026-02-07 00:24:22.177122|fisco-bcos-0x00007834799c26c0|[P2PService][Service]updateStaticNodes,nodeid=3082010a0282010100b85dd5fdfbc4aa99dcef8477a2e1c08c304a63432923826f81b3d0d7d13e79a6ec265462b2f59e76106f8bad7efb849227798aaf7c20a2197e9a95a8ffbbc07f5ccb44d04e995013b9afd04bb77fb7dbfa0f13bd2d404980eae43fc147332e1542ee2d2e973596187bb8ad4dc63b0165052688b1f7fc4a2a8ccb020a55db8ee7b9a45bb901b1c03d94727648a8ec10bfbc854175981345d56f4c783b0211d91f0775e508d8b379b56935777d255f59b63fadc24b43862671f5cbe0d00fcfff7138124c8293f91740a0e0732346eeee748a42f65ddb81da461fce3e76ea6ff452913b80eb5b1dba016f7d4d94f66337cc6bea7a066b8277637aef12c2eba11da10203010001,endpoint=127.0.0.1:30303
info|2026-02-07 00:24:22.177134|fisco-bcos-0x00007834799c26c0|[SESSION][Session][Session::~Session] this=0x783462c87390
info|2026-02-07 00:24:22.177232|fisco-bcos-0x00007834795c16c0|[FrontService]onReceiveGroupNodeInfo,groupID=group0,nodeIDs.size()=1
info|2026-02-07 00:24:22.177261|fisco-bcos-0x00007834795c16c0|[P2PService][Router][erase]make the router unreachable,dst=3082010a0282010100a492268b412bea3e8f972dff0dc52c521cd06884f53d90f3889c7014f7cb635c38a07b81af9630f2b04238a726b029af6b4b924e132710d2894b7175f12a5e323a7119afd27786b01965d49b9c885ff3768f40b9d57817bc1305124f40ced3b1ac99666773a3a64cce079e95acbc31d42f416aad362594008547aae561213b022db32ed9d1bd67df5c020bc44dcc073982b4566fd04048555b1ea84279063d5b1047e9f42776ef03677d2dd1454433fdb3feced3f41b92efdfeda545d56c1c9ba349584c9095f3ad9e31c2db11cbe3007ee7817f5846f87eb01c296d81b36dbbc765b4c7af74aface1276dd4fd91963729e495694b6af5c0d6111c49115a2c3f0203010001,distance=10,size=3
info|2026-02-07 00:24:22.177275|fisco-bcos-0x00007834795c16c0|[Gateway][GatewayNodeManager]onRemoveNodeIDs,p2pid=3082010a0282010100a492268b412bea3e8f972dff0dc52c521cd06884f53d90f3889c7014f7cb635c38a07b81af9630f2b04238a726b029af6b4b924e132710d2894b7175f12a5e323a7119afd27786b01965d49b9c885ff3768f40b9d57817bc1305124f40ced3b1ac99666773a3a64cce079e95acbc31d42f416aad362594008547aae561213b022db32ed9d1bd67df5c020bc44dcc073982b4566fd04048555b1ea84279063d5b1047e9f42776ef03677d2dd1454433fdb3feced3f41b92efdfeda545d56c1c9ba349584c9095f3ad9e31c2db11cbe3007ee7817f5846f87eb01c296d81b36dbbc765b4c7af74aface1276dd4fd91963729e495694b6af5c0d6111c49115a2c3f0203010001
info|2026-02-07 00:24:22.177279|fisco-bcos-0x00007834795c16c0|[Gateway][Router]PeersRouterTable: removeP2PID,p2pID=3082010a0282010100a492268b412bea3e8f972dff0dc52c521cd06884f53d90f3889c7014f7cb635c38a07b81af9630f2b04238a726b029af6b4b924e132710d2894b7175f12a5e323a7119afd27786b01965d49b9c885ff3768f40b9d57817bc1305124f40ced3b1ac99666773a3a64cce079e95acbc31d42f416aad362594008547aae561213b022db32ed9d1bd67df5c020bc44dcc073982b4566fd04048555b1ea84279063d5b1047e9f42776ef03677d2dd1454433fdb3feced3f41b92efdfeda545d56c1c9ba349584c9095f3ad9e31c2db11cbe3007ee7817f5846f87eb01c296d81b36dbbc765b4c7af74aface1276dd4fd91963729e495694b6af5c0d6111c49115a2c3f0203010001
info|2026-02-07 00:24:22.177294|fisco-bcos-0x00007834795c16c0|[Gateway][GatewayNodeManager]syncLatestNodeIDList,groupID=group0,nodeCount=1
info|2026-02-07 00:24:22.177309|fisco-bcos-0x00007834795c16c0|[FrontService]protocolNegotiate success,nodeID=21a47acec36f73d8e925a7d5db44793f998e1a42a6d7ee2e3a5cf4037b853452cb76f6cbab8e5b223a128e8ee15790d1f629858b47070b4eb2e1ddb2b0ada297,groupID=group0,minVersion=0,maxVersion=2,supportedMinVersion=0,supportedMaxVersion=2,version=2
info|2026-02-07 00:24:22.177349|fisco-bcos-0x00007834795c16c0|[FrontService]onReceiveGroupNodeInfo,groupID=group0,nodeIDs.size()=1
info|2026-02-07 00:24:22.177392|fisco-bcos-0x00007834795c16c0|[P2PService][Service2][onEraseSession],dst=3082010a0282010100a492268b412bea3e8f972dff0dc52c521cd06884f53d90f3889c7014f7cb635c38a07b81af9630f2b04238a726b029af6b4b924e132710d2894b7175f12a5e323a7119afd27786b01965d49b9c885ff3768f40b9d57817bc1305124f40ced3b1ac99666773a3a64cce079e95acbc31d42f416aad362594008547aae561213b022db32ed9d1bd67df5c020bc44dcc073982b4566fd04048555b1ea84279063d5b1047e9f42776ef03677d2dd1454433fdb3feced3f41b92efdfeda545d56c1c9ba349584c9095f3ad9e31c2db11cbe3007ee7817f5846f87eb01c296d81b36dbbc765b4c7af74aface1276dd4fd91963729e495694b6af5c0d6111c49115a2c3f0203010001
info|2026-02-07 00:24:22.177397|fisco-bcos-0x00007834795c16c0|[P2PService][Service]onDisconnect,code=3,what=Dynamic exception type: bcos::gateway::NetworkException
std::exception::what: Disconnect
info|2026-02-07 00:24:22.177487|fisco-bcos-0x0000783478dbf6c0|SyncConfig: setConnectedNodeList,size=1
info|2026-02-07 00:24:22.177560|fisco-bcos-0x00007834795c16c0|[P2PService][P2PSession][P2PSession::~P2PSession] this=0x783474e111d0
info|2026-02-07 00:24:22.177585|fisco-bcos-0x00007834795c16c0|[SESSION][Session][Session::~Session] this=0x78345cc881d0
info|2026-02-07 00:24:22.177656|fisco-bcos-0x0000783478dbf6c0|SyncConfig: setConnectedNodeList,size=1
info|2026-02-07 00:24:22.177670|fisco-bcos-0x0000783478dbf6c0|[FRONTSERVICE]notifyGroupNodeInfo,connectedNodeSize=1
info|2026-02-07 00:24:22.177809|fisco-bcos-0x00007834779ff6c0|SyncConfig: setConnectedNodeList,size=1
info|2026-02-07 00:24:22.177874|fisco-bcos-0x00007834779ff6c0|SyncConfig: setConnectedNodeList,size=1
info|2026-02-07 00:24:22.177883|fisco-bcos-0x00007834779ff6c0|[FRONTSERVICE]notifyGroupNodeInfo,connectedNodeSize=1
info|2026-02-07 00:24:22.178356|fisco-bcos-0x00007834775fe6c0|[P2PService][Service2][onReceiveRouterSeq]receive router seq and request router table,peer=3082010a02820101009d9833c7e1dbf7d476b1fd7227e247b488323cbd272862d096a4010035236b7d36e2aede87e4f36adfd2e2e44f2945e9a4170901f5865f04cb779a1c1e1fc2f3e56fc6ea80a2665d5da60fce851ccd94bb60aced8e256a551ebb6edcf78febb8eb8bbb3c4fab73bacd5675925d72c787a8d8e179c70b24c484ae98ea7cc956a196c0c8266073d549963e44bfee479261b4c7a5497320d8a89de71743baf1516450118e57b4b07227de0429adf0d02305ad79d40958f48b3c7d6802814fc5c25be7c54c85463c993254d08401e1c7c1cc5586b265a1616617cc2ba7f29e928ff792e4ff33ada9b1bb7ee5a43130da18ba109a9e2186dfa6c2dc1d823e9066e1590203010001,seq=4
info|2026-02-07 00:24:22.178422|fisco-bcos-0x00007834775fe6c0|[P2PService][Service2][onReceiveRouterSeq]receive router seq and request router table,peer=3082010a02820101009d9833c7e1dbf7d476b1fd7227e247b488323cbd272862d096a4010035236b7d36e2aede87e4f36adfd2e2e44f2945e9a4170901f5865f04cb779a1c1e1fc2f3e56fc6ea80a2665d5da60fce851ccd94bb60aced8e256a551ebb6edcf78febb8eb8bbb3c4fab73bacd5675925d72c787a8d8e179c70b24c484ae98ea7cc956a196c0c8266073d549963e44bfee479261b4c7a5497320d8a89de71743baf1516450118e57b4b07227de0429adf0d02305ad79d40958f48b3c7d6802814fc5c25be7c54c85463c993254d08401e1c7c1cc5586b265a1616617cc2ba7f29e928ff792e4ff33ada9b1bb7ee5a43130da18ba109a9e2186dfa6c2dc1d823e9066e1590203010001,seq=5
info|2026-02-07 00:24:22.179218|fisco-bcos-0x00007834765ff6c0|[P2PService][Service2][onReceivePeersRouterTable],peer=3082010a02820101009d9833c7e1dbf7d476b1fd7227e247b488323cbd272862d096a4010035236b7d36e2aede87e4f36adfd2e2e44f2945e9a4170901f5865f04cb779a1c1e1fc2f3e56fc6ea80a2665d5da60fce851ccd94bb60aced8e256a551ebb6edcf78febb8eb8bbb3c4fab73bacd5675925d72c787a8d8e179c70b24c484ae98ea7cc956a196c0c8266073d549963e44bfee479261b4c7a5497320d8a89de71743baf1516450118e57b4b07227de0429adf0d02305ad79d40958f48b3c7d6802814fc5c25be7c54c85463c993254d08401e1c7c1cc5586b265a1616617cc2ba7f29e928ff792e4ff33ada9b1bb7ee5a43130da18ba109a9e2186dfa6c2dc1d823e9066e1590203010001,entrySize=2
info|2026-02-07 00:24:22.179387|fisco-bcos-0x00007834765ff6c0|[P2PService][Router][updateDstNodeEntry]discover smaller distance, update entry,distance=2,oldDistance=10,dst=3082010a0282010100a492268b412bea3e8f972dff0dc52c521cd06884f53d90f3889c7014f7cb635c38a07b81af9630f2b04238a726b029af6b4b924e132710d2894b7175f12a5e323a7119afd27786b01965d49b9c885ff3768f40b9d57817bc1305124f40ced3b1ac99666773a3a64cce079e95acbc31d42f416aad362594008547aae561213b022db32ed9d1bd67df5c020bc44dcc073982b4566fd04048555b1ea84279063d5b1047e9f42776ef03677d2dd1454433fdb3feced3f41b92efdfeda545d56c1c9ba349584c9095f3ad9e31c2db11cbe3007ee7817f5846f87eb01c296d81b36dbbc765b4c7af74aface1276dd4fd91963729e495694b6af5c0d6111c49115a2c3f0203010001,nextHop=,size=3
info|2026-02-07 00:24:22.179489|fisco-bcos-0x00007834765ff6c0|[P2PService][Service2][joinRouterTable]create router entry,dst=3082010a02820101009d9833c7e1dbf7d476b1fd7227e247b488323cbd272862d096a4010035236b7d36e2aede87e4f36adfd2e2e44f2945e9a4170901f5865f04cb779a1c1e1fc2f3e56fc6ea80a2665d5da60fce851ccd94bb60aced8e256a551ebb6edcf78febb8eb8bbb3c4fab73bacd5675925d72c787a8d8e179c70b24c484ae98ea7cc956a196c0c8266073d549963e44bfee479261b4c7a5497320d8a89de71743baf1516450118e57b4b07227de0429adf0d02305ad79d40958f48b3c7d6802814fc5c25be7c54c85463c993254d08401e1c7c1cc5586b265a1616617cc2ba7f29e928ff792e4ff33ada9b1bb7ee5a43130da18ba109a9e2186dfa6c2dc1d823e9066e1590203010001
info|2026-02-07 00:24:22.181262|fisco-bcos-0x0000783473afa6c0|[P2PService][Service2][onReceivePeersRouterTable],peer=3082010a02820101009d9833c7e1dbf7d476b1fd7227e247b488323cbd272862d096a4010035236b7d36e2aede87e4f36adfd2e2e44f2945e9a4170901f5865f04cb779a1c1e1fc2f3e56fc6ea80a2665d5da60fce851ccd94bb60aced8e256a551ebb6edcf78febb8eb8bbb3c4fab73bacd5675925d72c787a8d8e179c70b24c484ae98ea7cc956a196c0c8266073d549963e44bfee479261b4c7a5497320d8a89de71743baf1516450118e57b4b07227de0429adf0d02305ad79d40958f48b3c7d6802814fc5c25be7c54c85463c993254d08401e1c7c1cc5586b265a1616617cc2ba7f29e928ff792e4ff33ada9b1bb7ee5a43130da18ba109a9e2186dfa6c2dc1d823e9066e1590203010001,entrySize=3
info|2026-02-07 00:24:22.181284|fisco-bcos-0x0000783473afa6c0|[P2PService][Service2][joinRouterTable]create router entry,dst=3082010a02820101009d9833c7e1dbf7d476b1fd7227e247b488323cbd272862d096a4010035236b7d36e2aede87e4f36adfd2e2e44f2945e9a4170901f5865f04cb779a1c1e1fc2f3e56fc6ea80a2665d5da60fce851ccd94bb60aced8e256a551ebb6edcf78febb8eb8bbb3c4fab73bacd5675925d72c787a8d8e179c70b24c484ae98ea7cc956a196c0c8266073d549963e44bfee479261b4c7a5497320d8a89de71743baf1516450118e57b4b07227de0429adf0d02305ad79d40958f48b3c7d6802814fc5c25be7c54c85463c993254d08401e1c7c1cc5586b265a1616617cc2ba7f29e928ff792e4ff33ada9b1bb7ee5a43130da18ba109a9e2186dfa6c2dc1d823e9066e1590203010001
info|2026-02-07 00:24:22.181837|ioService-0x0000783465dff6c0|[NETWORK][Host]obtainP2pInfo ,node_info=3082010a02820101009d9833c7e1dbf7d476b1fd7227e247b488323cbd272862d096a4010035236b7d36e2aede87e4f36adfd2e2e44f2945e9a4170901f5865f04cb779a1c1e1fc2f3e56fc6ea80a2665d5da60fce851ccd94bb60aced8e256a551ebb6edcf78febb8eb8bbb3c4fab73bacd5675925d72c787a8d8e179c70b24c484ae98ea7cc956a196c0c8266073d549963e44bfee479261b4c7a5497320d8a89de71743baf1516450118e57b4b07227de0429adf0d02305ad79d40958f48b3c7d6802814fc5c25be7c54c85463c993254d08401e1c7c1cc5586b265a1616617cc2ba7f29e928ff792e4ff33ada9b1bb7ee5a43130da18ba109a9e2186dfa6c2dc1d823e9066e1590203010001#9D9833C7E1DBF7D476B1FD7227E247B488323CBD272862D096A4010035236B7D36E2AEDE87E4F36ADFD2E2E44F2945E9A4170901F5865F04CB779A1C1E1FC2F3E56FC6EA80A2665D5DA60FCE851CCD94BB60ACED8E256A551EBB6EDCF78FEBB8EB8BBB3C4FAB73BACD5675925D72C787A8D8E179C70B24C484AE98EA7CC956A196C0C8266073D549963E44BFEE479261B4C7A5497320D8A89DE71743BAF1516450118E57B4B07227DE0429ADF0D02305AD79D40958F48B3C7D6802814FC5C25BE7C54C85463C993254D08401E1C7C1CC5586B265A1616617CC2BA7F29E928FF792E4FF33ADA9B1BB7EE5A43130DA18BA109A9E2186DFA6C2DC1D823E9066E159#/CN=FISCO-BCOS-e9f43089/O=FISCO-BCOS-e9f43089/OU=chain#/CN=FISCO-BCOS-e9f43089/O=fisco-bcos/OU=agency,p2pid=3082010a02820101009d9833c7e1dbf7d476b1fd7227e247b488323cbd272862d096a4010035236b7d36e2aede87e4f36adfd2e2e44f2945e9a4170901f5865f04cb779a1c1e1fc2f3e56fc6ea80a2665d5da60fce851ccd94bb60aced8e256a551ebb6edcf78febb8eb8bbb3c4fab73bacd5675925d72c787a8d8e179c70b24c484ae98ea7cc956a196c0c8266073d549963e44bfee479261b4c7a5497320d8a89de71743baf1516450118e57b4b07227de0429adf0d02305ad79d40958f48b3c7d6802814fc5c25be7c54c85463c993254d08401e1c7c1cc5586b265a1616617cc2ba7f29e928ff792e4ff33ada9b1bb7ee5a43130da18ba109a9e2186dfa6c2dc1d823e9066e1590203010001
info|2026-02-07 00:24:22.181857|ioService-0x0000783465dff6c0|[NETWORK][Host]handshakeClient succ,local endpoint=127.0.0.1:46098
info|2026-02-07 00:24:22.182316|ioService-0x0000783465dff6c0|[SESSION][Session][Session::Session] this=0x783449e881d0,recvBufferSize=67108864
info|2026-02-07 00:24:22.182421|ioService-0x0000783465dff6c0|[SessionFactory]create new session,sessionRecvBufferSize=67108864,allowMaxMsgSize=33554432,maxReadDataSize=40960,maxSendDataSize=1048576,maxSendMsgCountS=10,enableCompress=true
info|2026-02-07 00:24:22.182496|fisco-bcos-0x00007834721ff6c0|[P2PService][Service]onConnect,p2pid=3082010a02820101009d9833c7e1dbf7d476b1fd7227e247b488323cbd272862d096a4010035236b7d36e2aede87e4f36adfd2e2e44f2945e9a4170901f5865f04cb779a1c1e1fc2f3e56fc6ea80a2665d5da60fce851ccd94bb60aced8e256a551ebb6edcf78febb8eb8bbb3c4fab73bacd5675925d72c787a8d8e179c70b24c484ae98ea7cc956a196c0c8266073d549963e44bfee479261b4c7a5497320d8a89de71743baf1516450118e57b4b07227de0429adf0d02305ad79d40958f48b3c7d6802814fc5c25be7c54c85463c993254d08401e1c7c1cc5586b265a1616617cc2ba7f29e928ff792e4ff33ada9b1bb7ee5a43130da18ba109a9e2186dfa6c2dc1d823e9066e1590203010001,endpoint=127.0.0.1
info|2026-02-07 00:24:22.182509|fisco-bcos-0x00007834721ff6c0|[P2PService][Service]Disconnect duplicate peer,p2pid=3082010a02820101009d9833c7e1dbf7d476b1fd7227e247b488323cbd272862d096a4010035236b7d36e2aede87e4f36adfd2e2e44f2945e9a4170901f5865f04cb779a1c1e1fc2f3e56fc6ea80a2665d5da60fce851ccd94bb60aced8e256a551ebb6edcf78febb8eb8bbb3c4fab73bacd5675925d72c787a8d8e179c70b24c484ae98ea7cc956a196c0c8266073d549963e44bfee479261b4c7a5497320d8a89de71743baf1516450118e57b4b07227de0429adf0d02305ad79d40958f48b3c7d6802814fc5c25be7c54c85463c993254d08401e1c7c1cc5586b265a1616617cc2ba7f29e928ff792e4ff33ada9b1bb7ee5a43130da18ba109a9e2186dfa6c2dc1d823e9066e1590203010001
info|2026-02-07 00:24:22.182514|fisco-bcos-0x00007834721ff6c0|[P2PService][Service]updateStaticNodes,nodeid=3082010a02820101009d9833c7e1dbf7d476b1fd7227e247b488323cbd272862d096a4010035236b7d36e2aede87e4f36adfd2e2e44f2945e9a4170901f5865f04cb779a1c1e1fc2f3e56fc6ea80a2665d5da60fce851ccd94bb60aced8e256a551ebb6edcf78febb8eb8bbb3c4fab73bacd5675925d72c787a8d8e179c70b24c484ae98ea7cc956a196c0c8266073d549963e44bfee479261b4c7a5497320d8a89de71743baf1516450118e57b4b07227de0429adf0d02305ad79d40958f48b3c7d6802814fc5c25be7c54c85463c993254d08401e1c7c1cc5586b265a1616617cc2ba7f29e928ff792e4ff33ada9b1bb7ee5a43130da18ba109a9e2186dfa6c2dc1d823e9066e1590203010001,endpoint=127.0.0.1:30302
info|2026-02-07 00:24:22.182528|fisco-bcos-0x00007834721ff6c0|[SESSION][Session][Session::~Session] this=0x783449e881d0
info|2026-02-07 00:24:22.182628|ioService-0x0000783465dff6c0|[NETWORK][Host]startPeerSession, Remote=0.0.0.0:0,local endpoint=0.0.0.0:0,p2pid=3082010a02820101009d9833c7e1dbf7d476b1fd7227e247b488323cbd272862d096a4010035236b7d36e2aede87e4f36adfd2e2e44f2945e9a4170901f5865f04cb779a1c1e1fc2f3e56fc6ea80a2665d5da60fce851ccd94bb60aced8e256a551ebb6edcf78febb8eb8bbb3c4fab73bacd5675925d72c787a8d8e179c70b24c484ae98ea7cc956a196c0c8266073d549963e44bfee479261b4c7a5497320d8a89de71743baf1516450118e57b4b07227de0429adf0d02305ad79d40958f48b3c7d6802814fc5c25be7c54c85463c993254d08401e1c7c1cc5586b265a1616617cc2ba7f29e928ff792e4ff33ada9b1bb7ee5a43130da18ba109a9e2186dfa6c2dc1d823e9066e1590203010001
info|2026-02-07 00:24:22.183529|ioService-0x00007834455fb6c0|[P2PService][Service2][onReceiveRouterTableRequest],peer=3082010a02820101009d9833c7e1dbf7d476b1fd7227e247b488323cbd272862d096a4010035236b7d36e2aede87e4f36adfd2e2e44f2945e9a4170901f5865f04cb779a1c1e1fc2f3e56fc6ea80a2665d5da60fce851ccd94bb60aced8e256a551ebb6edcf78febb8eb8bbb3c4fab73bacd5675925d72c787a8d8e179c70b24c484ae98ea7cc956a196c0c8266073d549963e44bfee479261b4c7a5497320d8a89de71743baf1516450118e57b4b07227de0429adf0d02305ad79d40958f48b3c7d6802814fc5c25be7c54c85463c993254d08401e1c7c1cc5586b265a1616617cc2ba7f29e928ff792e4ff33ada9b1bb7ee5a43130da18ba109a9e2186dfa6c2dc1d823e9066e1590203010001,entrySize=3
info|2026-02-07 00:24:22.184071|ioService-0x0000783445dfc6c0|[P2PService][Service2][onReceivePeersRouterTable],peer=3082010a02820101009d9833c7e1dbf7d476b1fd7227e247b488323cbd272862d096a4010035236b7d36e2aede87e4f36adfd2e2e44f2945e9a4170901f5865f04cb779a1c1e1fc2f3e56fc6ea80a2665d5da60fce851ccd94bb60aced8e256a551ebb6edcf78febb8eb8bbb3c4fab73bacd5675925d72c787a8d8e179c70b24c484ae98ea7cc956a196c0c8266073d549963e44bfee479261b4c7a5497320d8a89de71743baf1516450118e57b4b07227de0429adf0d02305ad79d40958f48b3c7d6802814fc5c25be7c54c85463c993254d08401e1c7c1cc5586b265a1616617cc2ba7f29e928ff792e4ff33ada9b1bb7ee5a43130da18ba109a9e2186dfa6c2dc1d823e9066e1590203010001,entrySize=3
info|2026-02-07 00:24:22.184110|ioService-0x0000783445dfc6c0|[P2PService][Service2][joinRouterTable]create router entry,dst=3082010a02820101009d9833c7e1dbf7d476b1fd7227e247b488323cbd272862d096a4010035236b7d36e2aede87e4f36adfd2e2e44f2945e9a4170901f5865f04cb779a1c1e1fc2f3e56fc6ea80a2665d5da60fce851ccd94bb60aced8e256a551ebb6edcf78febb8eb8bbb3c4fab73bacd5675925d72c787a8d8e179c70b24c484ae98ea7cc956a196c0c8266073d549963e44bfee479261b4c7a5497320d8a89de71743baf1516450118e57b4b07227de0429adf0d02305ad79d40958f48b3c7d6802814fc5c25be7c54c85463c993254d08401e1c7c1cc5586b265a1616617cc2ba7f29e928ff792e4ff33ada9b1bb7ee5a43130da18ba109a9e2186dfa6c2dc1d823e9066e1590203010001
info|2026-02-07 00:24:22.184134|fisco-bcos-0x0000783479dc36c0|[P2PService][Service2][onReceiveRouterTableRequest],peer=3082010a02820101009d9833c7e1dbf7d476b1fd7227e247b488323cbd272862d096a4010035236b7d36e2aede87e4f36adfd2e2e44f2945e9a4170901f5865f04cb779a1c1e1fc2f3e56fc6ea80a2665d5da60fce851ccd94bb60aced8e256a551ebb6edcf78febb8eb8bbb3c4fab73bacd5675925d72c787a8d8e179c70b24c484ae98ea7cc956a196c0c8266073d549963e44bfee479261b4c7a5497320d8a89de71743baf1516450118e57b4b07227de0429adf0d02305ad79d40958f48b3c7d6802814fc5c25be7c54c85463c993254d08401e1c7c1cc5586b265a1616617cc2ba7f29e928ff792e4ff33ada9b1bb7ee5a43130da18ba109a9e2186dfa6c2dc1d823e9066e1590203010001,entrySize=3
info|2026-02-07 00:24:22.184092|fisco-bcos-0x00007834795c16c0|[P2PService][Service2][onReceivePeersRouterTable],peer=3082010a02820101009d9833c7e1dbf7d476b1fd7227e247b488323cbd272862d096a4010035236b7d36e2aede87e4f36adfd2e2e44f2945e9a4170901f5865f04cb779a1c1e1fc2f3e56fc6ea80a2665d5da60fce851ccd94bb60aced8e256a551ebb6edcf78febb8eb8bbb3c4fab73bacd5675925d72c787a8d8e179c70b24c484ae98ea7cc956a196c0c8266073d549963e44bfee479261b4c7a5497320d8a89de71743baf1516450118e57b4b07227de0429adf0d02305ad79d40958f48b3c7d6802814fc5c25be7c54c85463c993254d08401e1c7c1cc5586b265a1616617cc2ba7f29e928ff792e4ff33ada9b1bb7ee5a43130da18ba109a9e2186dfa6c2dc1d823e9066e1590203010001,entrySize=3
info|2026-02-07 00:24:22.184281|fisco-bcos-0x00007834795c16c0|[P2PService][Service2][joinRouterTable]create router entry,dst=3082010a02820101009d9833c7e1dbf7d476b1fd7227e247b488323cbd272862d096a4010035236b7d36e2aede87e4f36adfd2e2e44f2945e9a4170901f5865f04cb779a1c1e1fc2f3e56fc6ea80a2665d5da60fce851ccd94bb60aced8e256a551ebb6edcf78febb8eb8bbb3c4fab73bacd5675925d72c787a8d8e179c70b24c484ae98ea7cc956a196c0c8266073d549963e44bfee479261b4c7a5497320d8a89de71743baf1516450118e57b4b07227de0429adf0d02305ad79d40958f48b3c7d6802814fc5c25be7c54c85463c993254d08401e1c7c1cc5586b265a1616617cc2ba7f29e928ff792e4ff33ada9b1bb7ee5a43130da18ba109a9e2186dfa6c2dc1d823e9066e1590203010001
info|2026-02-07 00:24:22.184750|ioService-0x00007834683fe6c0|[SESSION][Session]doRead error,endpoint=127.0.0.1:36874,message=stream truncated
info|2026-02-07 00:24:22.184839|ioService-0x00007834683fe6c0|[SESSION][Session]drop, call and erase all callback in this session!,this=0x783463664010,endpoint=127.0.0.1:36874
info|2026-02-07 00:24:22.184895|ioService-0x00007834683fe6c0|[SESSION][Session][drop] closing remote 0.0.0.0:0,reason=Low-level TCP communication error.,endpoint=127.0.0.1:36874
warning|2026-02-07 00:24:22.184910|fisco-bcos-0x00007834736f96c0|[P2PService][Service2][onMessage],code=3,msg=Disconnect
info|2026-02-07 00:24:22.184929|fisco-bcos-0x00007834736f96c0|[P2PService][Service]disconnect error P2PSession,p2pid=3082010a0282010100b85dd5fdfbc4aa99dcef8477a2e1c08c304a63432923826f81b3d0d7d13e79a6ec265462b2f59e76106f8bad7efb849227798aaf7c20a2197e9a95a8ffbbc07f5ccb44d04e995013b9afd04bb77fb7dbfa0f13bd2d404980eae43fc147332e1542ee2d2e973596187bb8ad4dc63b0165052688b1f7fc4a2a8ccb020a55db8ee7b9a45bb901b1c03d94727648a8ec10bfbc854175981345d56f4c783b0211d91f0775e508d8b379b56935777d255f59b63fadc24b43862671f5cbe0d00fcfff7138124c8293f91740a0e0732346eeee748a42f65ddb81da461fce3e76ea6ff452913b80eb5b1dba016f7d4d94f66337cc6bea7a066b8277637aef12c2eba11da10203010001,endpoint=127.0.0.1:36874,code=3,message=Disconnect
info|2026-02-07 00:24:22.184941|fisco-bcos-0x00007834736f96c0|[Gateway][GatewayNodeManager]onRemoveNodeIDs,p2pid=3082010a0282010100b85dd5fdfbc4aa99dcef8477a2e1c08c304a63432923826f81b3d0d7d13e79a6ec265462b2f59e76106f8bad7efb849227798aaf7c20a2197e9a95a8ffbbc07f5ccb44d04e995013b9afd04bb77fb7dbfa0f13bd2d404980eae43fc147332e1542ee2d2e973596187bb8ad4dc63b0165052688b1f7fc4a2a8ccb020a55db8ee7b9a45bb901b1c03d94727648a8ec10bfbc854175981345d56f4c783b0211d91f0775e508d8b379b56935777d255f59b63fadc24b43862671f5cbe0d00fcfff7138124c8293f91740a0e0732346eeee748a42f65ddb81da461fce3e76ea6ff452913b80eb5b1dba016f7d4d94f66337cc6bea7a066b8277637aef12c2eba11da10203010001
info|2026-02-07 00:24:22.184953|fisco-bcos-0x00007834736f96c0|[Gateway][Router]PeersRouterTable: removeP2PID,p2pID=3082010a0282010100b85dd5fdfbc4aa99dcef8477a2e1c08c304a63432923826f81b3d0d7d13e79a6ec265462b2f59e76106f8bad7efb849227798aaf7c20a2197e9a95a8ffbbc07f5ccb44d04e995013b9afd04bb77fb7dbfa0f13bd2d404980eae43fc147332e1542ee2d2e973596187bb8ad4dc63b0165052688b1f7fc4a2a8ccb020a55db8ee7b9a45bb901b1c03d94727648a8ec10bfbc854175981345d56f4c783b0211d91f0775e508d8b379b56935777d255f59b63fadc24b43862671f5cbe0d00fcfff7138124c8293f91740a0e0732346eeee748a42f65ddb81da461fce3e76ea6ff452913b80eb5b1dba016f7d4d94f66337cc6bea7a066b8277637aef12c2eba11da10203010001
info|2026-02-07 00:24:22.184964|fisco-bcos-0x00007834736f96c0|[Gateway][GatewayNodeManager]syncLatestNodeIDList,groupID=group0,nodeCount=1
info|2026-02-07 00:24:22.184969|fisco-bcos-0x00007834736f96c0|[FrontService]protocolNegotiate success,nodeID=21a47acec36f73d8e925a7d5db44793f998e1a42a6d7ee2e3a5cf4037b853452cb76f6cbab8e5b223a128e8ee15790d1f629858b47070b4eb2e1ddb2b0ada297,groupID=group0,minVersion=0,maxVersion=2,supportedMinVersion=0,supportedMaxVersion=2,version=2
info|2026-02-07 00:24:22.184977|fisco-bcos-0x00007834736f96c0|[FrontService]onReceiveGroupNodeInfo,groupID=group0,nodeIDs.size()=1
info|2026-02-07 00:24:22.184980|ioService-0x00007834683fe6c0|[SESSION][Session][drop] shutdown failed ,failedValue=9,message=Bad file descriptor
info|2026-02-07 00:24:22.185098|fisco-bcos-0x00007834736f96c0|[P2PService][Router][erase]make the router unreachable,dst=3082010a0282010100b85dd5fdfbc4aa99dcef8477a2e1c08c304a63432923826f81b3d0d7d13e79a6ec265462b2f59e76106f8bad7efb849227798aaf7c20a2197e9a95a8ffbbc07f5ccb44d04e995013b9afd04bb77fb7dbfa0f13bd2d404980eae43fc147332e1542ee2d2e973596187bb8ad4dc63b0165052688b1f7fc4a2a8ccb020a55db8ee7b9a45bb901b1c03d94727648a8ec10bfbc854175981345d56f4c783b0211d91f0775e508d8b379b56935777d255f59b63fadc24b43862671f5cbe0d00fcfff7138124c8293f91740a0e0732346eeee748a42f65ddb81da461fce3e76ea6ff452913b80eb5b1dba016f7d4d94f66337cc6bea7a066b8277637aef12c2eba11da10203010001,distance=10,size=3
info|2026-02-07 00:24:22.185127|fisco-bcos-0x00007834736f96c0|[Gateway][GatewayNodeManager]onRemoveNodeIDs,p2pid=3082010a0282010100b85dd5fdfbc4aa99dcef8477a2e1c08c304a63432923826f81b3d0d7d13e79a6ec265462b2f59e76106f8bad7efb849227798aaf7c20a2197e9a95a8ffbbc07f5ccb44d04e995013b9afd04bb77fb7dbfa0f13bd2d404980eae43fc147332e1542ee2d2e973596187bb8ad4dc63b0165052688b1f7fc4a2a8ccb020a55db8ee7b9a45bb901b1c03d94727648a8ec10bfbc854175981345d56f4c783b0211d91f0775e508d8b379b56935777d255f59b63fadc24b43862671f5cbe0d00fcfff7138124c8293f91740a0e0732346eeee748a42f65ddb81da461fce3e76ea6ff452913b80eb5b1dba016f7d4d94f66337cc6bea7a066b8277637aef12c2eba11da10203010001
info|2026-02-07 00:24:22.185135|fisco-bcos-0x00007834736f96c0|[Gateway][Router]PeersRouterTable: removeP2PID,p2pID=3082010a0282010100b85dd5fdfbc4aa99dcef8477a2e1c08c304a63432923826f81b3d0d7d13e79a6ec265462b2f59e76106f8bad7efb849227798aaf7c20a2197e9a95a8ffbbc07f5ccb44d04e995013b9afd04bb77fb7dbfa0f13bd2d404980eae43fc147332e1542ee2d2e973596187bb8ad4dc63b0165052688b1f7fc4a2a8ccb020a55db8ee7b9a45bb901b1c03d94727648a8ec10bfbc854175981345d56f4c783b0211d91f0775e508d8b379b56935777d255f59b63fadc24b43862671f5cbe0d00fcfff7138124c8293f91740a0e0732346eeee748a42f65ddb81da461fce3e76ea6ff452913b80eb5b1dba016f7d4d94f66337cc6bea7a066b8277637aef12c2eba11da10203010001
info|2026-02-07 00:24:22.185146|fisco-bcos-0x00007834736f96c0|[Gateway][GatewayNodeManager]syncLatestNodeIDList,groupID=group0,nodeCount=1
info|2026-02-07 00:24:22.185154|fisco-bcos-0x00007834736f96c0|[FrontService]protocolNegotiate success,nodeID=21a47acec36f73d8e925a7d5db44793f998e1a42a6d7ee2e3a5cf4037b853452cb76f6cbab8e5b223a128e8ee15790d1f629858b47070b4eb2e1ddb2b0ada297,groupID=group0,minVersion=0,maxVersion=2,supportedMinVersion=0,supportedMaxVersion=2,version=2
info|2026-02-07 00:24:22.185177|fisco-bcos-0x00007834736f96c0|[FrontService]onReceiveGroupNodeInfo,groupID=group0,nodeIDs.size()=1
info|2026-02-07 00:24:22.185222|fisco-bcos-0x0000783478dbf6c0|SyncConfig: setConnectedNodeList,size=1
info|2026-02-07 00:24:22.185263|fisco-bcos-0x0000783478dbf6c0|SyncConfig: setConnectedNodeList,size=1
info|2026-02-07 00:24:22.185276|fisco-bcos-0x0000783478dbf6c0|[FRONTSERVICE]notifyGroupNodeInfo,connectedNodeSize=1
info|2026-02-07 00:24:22.185304|fisco-bcos-0x00007834789be6c0|SyncConfig: setConnectedNodeList,size=1
info|2026-02-07 00:24:22.185323|fisco-bcos-0x00007834789be6c0|SyncConfig: setConnectedNodeList,size=1
info|2026-02-07 00:24:22.185328|fisco-bcos-0x00007834789be6c0|[FRONTSERVICE]notifyGroupNodeInfo,connectedNodeSize=1
info|2026-02-07 00:24:22.185611|fisco-bcos-0x00007834736f96c0|[P2PService][Service2][onEraseSession],dst=3082010a0282010100b85dd5fdfbc4aa99dcef8477a2e1c08c304a63432923826f81b3d0d7d13e79a6ec265462b2f59e76106f8bad7efb849227798aaf7c20a2197e9a95a8ffbbc07f5ccb44d04e995013b9afd04bb77fb7dbfa0f13bd2d404980eae43fc147332e1542ee2d2e973596187bb8ad4dc63b0165052688b1f7fc4a2a8ccb020a55db8ee7b9a45bb901b1c03d94727648a8ec10bfbc854175981345d56f4c783b0211d91f0775e508d8b379b56935777d255f59b63fadc24b43862671f5cbe0d00fcfff7138124c8293f91740a0e0732346eeee748a42f65ddb81da461fce3e76ea6ff452913b80eb5b1dba016f7d4d94f66337cc6bea7a066b8277637aef12c2eba11da10203010001
info|2026-02-07 00:24:22.185639|fisco-bcos-0x00007834736f96c0|[P2PService][Service]onDisconnect,code=3,what=Dynamic exception type: bcos::gateway::NetworkException
std::exception::what: Disconnect
info|2026-02-07 00:24:22.185656|fisco-bcos-0x00007834736f96c0|[P2PService][P2PSession][P2PSession::~P2PSession] this=0x7834766141d0
info|2026-02-07 00:24:22.185681|fisco-bcos-0x00007834736f96c0|[SESSION][Session][Session::~Session] this=0x783463664010
info|2026-02-07 00:24:22.228160|fisco-bcos-0x0000783478dbf6c0|[P2PService][Service2][onReceiveRouterTableRequest],peer=3082010a02820101009d9833c7e1dbf7d476b1fd7227e247b488323cbd272862d096a4010035236b7d36e2aede87e4f36adfd2e2e44f2945e9a4170901f5865f04cb779a1c1e1fc2f3e56fc6ea80a2665d5da60fce851ccd94bb60aced8e256a551ebb6edcf78febb8eb8bbb3c4fab73bacd5675925d72c787a8d8e179c70b24c484ae98ea7cc956a196c0c8266073d549963e44bfee479261b4c7a5497320d8a89de71743baf1516450118e57b4b07227de0429adf0d02305ad79d40958f48b3c7d6802814fc5c25be7c54c85463c993254d08401e1c7c1cc5586b265a1616617cc2ba7f29e928ff792e4ff33ada9b1bb7ee5a43130da18ba109a9e2186dfa6c2dc1d823e9066e1590203010001,entrySize=3
info|2026-02-07 00:24:23.152006|ioService-0x00007834455fb6c0|[Gateway][GatewayNodeManager]onReceiveNodeStatus,from=3082010a0282010100a492268b412bea3e8f972dff0dc52c521cd06884f53d90f3889c7014f7cb635c38a07b81af9630f2b04238a726b029af6b4b924e132710d2894b7175f12a5e323a7119afd27786b01965d49b9c885ff3768f40b9d57817bc1305124f40ced3b1ac99666773a3a64cce079e95acbc31d42f416aad362594008547aae561213b022db32ed9d1bd67df5c020bc44dcc073982b4566fd04048555b1ea84279063d5b1047e9f42776ef03677d2dd1454433fdb3feced3f41b92efdfeda545d56c1c9ba349584c9095f3ad9e31c2db11cbe3007ee7817f5846f87eb01c296d81b36dbbc765b4c7af74aface1276dd4fd91963729e495694b6af5c0d6111c49115a2c3f0203010001,seq=3,uuid=3082010a0282010100a492268b412bea3e8f972dff0dc52c521cd06884f53d90f3889c7014f7cb635c38a07b81af9630f2b04238a726b029af6b4b924e132710d2894b7175f12a5e323a7119afd27786b01965d49b9c885ff3768f40b9d57817bc1305124f40ced3b1ac99666773a3a64cce079e95acbc31d42f416aad362594008547aae561213b022db32ed9d1bd67df5c020bc44dcc073982b4566fd04048555b1ea84279063d5b1047e9f42776ef03677d2dd1454433fdb3feced3f41b92efdfeda545d56c1c9ba349584c9095f3ad9e31c2db11cbe3007ee7817f5846f87eb01c296d81b36dbbc765b4c7af74aface1276dd4fd91963729e495694b6af5c0d6111c49115a2c3f0203010001
info|2026-02-07 00:24:23.152064|ioService-0x00007834455fb6c0|[Gateway][Router]updatePeerStatus,gatewayUUID=3082010a0282010100a492268b412bea3e8f972dff0dc52c521cd06884f53d90f3889c7014f7cb635c38a07b81af9630f2b04238a726b029af6b4b924e132710d2894b7175f12a5e323a7119afd27786b01965d49b9c885ff3768f40b9d57817bc1305124f40ced3b1ac99666773a3a64cce079e95acbc31d42f416aad362594008547aae561213b022db32ed9d1bd67df5c020bc44dcc073982b4566fd04048555b1ea84279063d5b1047e9f42776ef03677d2dd1454433fdb3feced3f41b92efdfeda545d56c1c9ba349584c9095f3ad9e31c2db11cbe3007ee7817f5846f87eb01c296d81b36dbbc765b4c7af74aface1276dd4fd91963729e495694b6af5c0d6111c49115a2c3f0203010001,nodeList=1
info|2026-02-07 00:24:23.152079|ioService-0x00007834455fb6c0|[Gateway][Router]batchInsertNodeList,group=group0,nodeIDs=1,protocols=1
info|2026-02-07 00:24:23.152113|ioService-0x00007834455fb6c0|[Gateway][Router]GatewayStatus: update,group=group0,type=0,p2pID=3082010a0282010100a492268b412bea3e8f972dff0dc52c521cd06884f53d90f3889c7014f7cb635c38a07b81af9630f2b04238a726b029af6b4b924e132710d2894b7175f12a5e323a7119afd27786b01965d49b9c885ff3768f40b9d57817bc1305124f40ced3b1ac99666773a3a64cce079e95acbc31d42f416aad362594008547aae561213b022db32ed9d1bd67df5c020bc44dcc073982b4566fd04048555b1ea84279063d5b1047e9f42776ef03677d2dd1454433fdb3feced3f41b92efdfeda545d56c1c9ba349584c9095f3ad9e31c2db11cbe3007ee7817f5846f87eb01c296d81b36dbbc765b4c7af74aface1276dd4fd91963729e495694b6af5c0d6111c49115a2c3f0203010001
info|2026-02-07 00:24:23.152136|ioService-0x00007834455fb6c0|[Gateway][GatewayNodeManager]syncLatestNodeIDList,groupID=group0,nodeCount=2
info|2026-02-07 00:24:23.152146|ioService-0x00007834455fb6c0|[FrontService]protocolNegotiate success,nodeID=21a47acec36f73d8e925a7d5db44793f998e1a42a6d7ee2e3a5cf4037b853452cb76f6cbab8e5b223a128e8ee15790d1f629858b47070b4eb2e1ddb2b0ada297,groupID=group0,minVersion=0,maxVersion=2,supportedMinVersion=0,supportedMaxVersion=2,version=2
info|2026-02-07 00:24:23.152721|ioService-0x00007834455fb6c0|[FrontService]protocolNegotiate success,nodeID=2346c69c46d42278eb237167eb19eb28432b63783cc0fd7cddc90f89c148e755db8941be9b0c5f37cbc21c409a78c154abc75ce0c80818c6fbb76aea6bcd0a9a,groupID=group0,minVersion=0,maxVersion=2,supportedMinVersion=0,supportedMaxVersion=2,version=2
info|2026-02-07 00:24:23.152784|ioService-0x00007834455fb6c0|[FrontService]onReceiveGroupNodeInfo,groupID=group0,nodeIDs.size()=2
info|2026-02-07 00:24:23.152853|ioService-0x00007834455fb6c0|[Gateway][GatewayNodeManager]generateNodeStatus,groupType=0,groupID=group0,nodeListSize=1,nodeTypeListSize=1,seq=3
info|2026-02-07 00:24:23.152905|ioService-0x00007834455fb6c0|[Gateway][GatewayNodeManager]generateNodeStatus,nodeListSize=1
info|2026-02-07 00:24:23.152942|fisco-bcos-0x00007834789be6c0|SyncConfig: setConnectedNodeList,size=2
info|2026-02-07 00:24:23.153015|fisco-bcos-0x00007834789be6c0|SyncConfig: setConnectedNodeList,size=2
info|2026-02-07 00:24:23.153023|fisco-bcos-0x00007834789be6c0|[FRONTSERVICE]notifyGroupNodeInfo,connectedNodeSize=2
info|2026-02-07 00:24:23.154927|fisco-bcos-0x00007834759fe6c0|[Gateway][GatewayNodeManager]onReceiveNodeStatus,from=3082010a02820101009d9833c7e1dbf7d476b1fd7227e247b488323cbd272862d096a4010035236b7d36e2aede87e4f36adfd2e2e44f2945e9a4170901f5865f04cb779a1c1e1fc2f3e56fc6ea80a2665d5da60fce851ccd94bb60aced8e256a551ebb6edcf78febb8eb8bbb3c4fab73bacd5675925d72c787a8d8e179c70b24c484ae98ea7cc956a196c0c8266073d549963e44bfee479261b4c7a5497320d8a89de71743baf1516450118e57b4b07227de0429adf0d02305ad79d40958f48b3c7d6802814fc5c25be7c54c85463c993254d08401e1c7c1cc5586b265a1616617cc2ba7f29e928ff792e4ff33ada9b1bb7ee5a43130da18ba109a9e2186dfa6c2dc1d823e9066e1590203010001,seq=3,uuid=3082010a02820101009d9833c7e1dbf7d476b1fd7227e247b488323cbd272862d096a4010035236b7d36e2aede87e4f36adfd2e2e44f2945e9a4170901f5865f04cb779a1c1e1fc2f3e56fc6ea80a2665d5da60fce851ccd94bb60aced8e256a551ebb6edcf78febb8eb8bbb3c4fab73bacd5675925d72c787a8d8e179c70b24c484ae98ea7cc956a196c0c8266073d549963e44bfee479261b4c7a5497320d8a89de71743baf1516450118e57b4b07227de0429adf0d02305ad79d40958f48b3c7d6802814fc5c25be7c54c85463c993254d08401e1c7c1cc5586b265a1616617cc2ba7f29e928ff792e4ff33ada9b1bb7ee5a43130da18ba109a9e2186dfa6c2dc1d823e9066e1590203010001
info|2026-02-07 00:24:23.154994|fisco-bcos-0x00007834759fe6c0|[Gateway][Router]updatePeerStatus,gatewayUUID=3082010a02820101009d9833c7e1dbf7d476b1fd7227e247b488323cbd272862d096a4010035236b7d36e2aede87e4f36adfd2e2e44f2945e9a4170901f5865f04cb779a1c1e1fc2f3e56fc6ea80a2665d5da60fce851ccd94bb60aced8e256a551ebb6edcf78febb8eb8bbb3c4fab73bacd5675925d72c787a8d8e179c70b24c484ae98ea7cc956a196c0c8266073d549963e44bfee479261b4c7a5497320d8a89de71743baf1516450118e57b4b07227de0429adf0d02305ad79d40958f48b3c7d6802814fc5c25be7c54c85463c993254d08401e1c7c1cc5586b265a1616617cc2ba7f29e928ff792e4ff33ada9b1bb7ee5a43130da18ba109a9e2186dfa6c2dc1d823e9066e1590203010001,nodeList=1
info|2026-02-07 00:24:23.155012|fisco-bcos-0x00007834759fe6c0|[Gateway][Router]batchInsertNodeList,group=group0,nodeIDs=1,protocols=1
info|2026-02-07 00:24:23.155037|fisco-bcos-0x00007834759fe6c0|[Gateway][Router]GatewayStatus: update,group=group0,type=0,p2pID=3082010a02820101009d9833c7e1dbf7d476b1fd7227e247b488323cbd272862d096a4010035236b7d36e2aede87e4f36adfd2e2e44f2945e9a4170901f5865f04cb779a1c1e1fc2f3e56fc6ea80a2665d5da60fce851ccd94bb60aced8e256a551ebb6edcf78febb8eb8bbb3c4fab73bacd5675925d72c787a8d8e179c70b24c484ae98ea7cc956a196c0c8266073d549963e44bfee479261b4c7a5497320d8a89de71743baf1516450118e57b4b07227de0429adf0d02305ad79d40958f48b3c7d6802814fc5c25be7c54c85463c993254d08401e1c7c1cc5586b265a1616617cc2ba7f29e928ff792e4ff33ada9b1bb7ee5a43130da18ba109a9e2186dfa6c2dc1d823e9066e1590203010001
info|2026-02-07 00:24:23.155060|fisco-bcos-0x00007834759fe6c0|[Gateway][GatewayNodeManager]syncLatestNodeIDList,groupID=group0,nodeCount=3
info|2026-02-07 00:24:23.155068|fisco-bcos-0x00007834759fe6c0|[FrontService]protocolNegotiate success,nodeID=21a47acec36f73d8e925a7d5db44793f998e1a42a6d7ee2e3a5cf4037b853452cb76f6cbab8e5b223a128e8ee15790d1f629858b47070b4eb2e1ddb2b0ada297,groupID=group0,minVersion=0,maxVersion=2,supportedMinVersion=0,supportedMaxVersion=2,version=2
info|2026-02-07 00:24:23.155085|fisco-bcos-0x00007834759fe6c0|[FrontService]protocolNegotiate success,nodeID=0d6a7f52cb87ce7fda869e0db309ec9c53723c46f81632c21e4abbf1a9159f14d53f37cc0c4141548da9ec877d6235afd7a501c40d296fc4c5252a8717aa23c2,groupID=group0,minVersion=0,maxVersion=2,supportedMinVersion=0,supportedMaxVersion=2,version=2
info|2026-02-07 00:24:23.155092|fisco-bcos-0x00007834759fe6c0|[FrontService]protocolNegotiate success,nodeID=2346c69c46d42278eb237167eb19eb28432b63783cc0fd7cddc90f89c148e755db8941be9b0c5f37cbc21c409a78c154abc75ce0c80818c6fbb76aea6bcd0a9a,groupID=group0,minVersion=0,maxVersion=2,supportedMinVersion=0,supportedMaxVersion=2,version=2
info|2026-02-07 00:24:23.155106|fisco-bcos-0x00007834759fe6c0|[FrontService]onReceiveGroupNodeInfo,groupID=group0,nodeIDs.size()=3
info|2026-02-07 00:24:23.155264|fisco-bcos-0x00007834789be6c0|SyncConfig: setConnectedNodeList,size=3
info|2026-02-07 00:24:23.155414|fisco-bcos-0x00007834789be6c0|SyncConfig: setConnectedNodeList,size=3
info|2026-02-07 00:24:23.155473|fisco-bcos-0x00007834789be6c0|[FRONTSERVICE]notifyGroupNodeInfo,connectedNodeSize=3
info|2026-02-07 00:24:23.193269|fisco-bcos-0x0000783472fff6c0|[Gateway][GatewayNodeManager]generateNodeStatus,groupType=0,groupID=group0,nodeListSize=1,nodeTypeListSize=1,seq=3
info|2026-02-07 00:24:23.193382|fisco-bcos-0x0000783472fff6c0|[Gateway][GatewayNodeManager]generateNodeStatus,nodeListSize=1
info|2026-02-07 00:24:23.341725|ioService-0x0000783444dfa6c0|[TIMESYNC]updateTimeInfo: update median time offset,updatedMedianTimeOffset=0,peer=2346c69c...,peerTime=1770395063339,peerOffset=-2,utcTime=1770395063341
info|2026-02-07 00:24:23.345153|ioService-0x0000783443bff6c0|[TIMESYNC]updateTimeInfo: update median time offset,updatedMedianTimeOffset=0,peer=0d6a7f52...,peerTime=1770395063343,peerOffset=-2,utcTime=1770395063345
info|2026-02-07 00:24:24.150300|amopDispatcher-0x00007834a09fd6c0|[AMOP][AMOP][onReceiveTopicSeqMessage][try to request latest AMOP information],nodeID=3082010a0282010100a492268b412bea3e8f972dff0dc52c521cd06884f53d90f3889c7014f7cb635c38a07b81af9630f2b04238a726b029af6b4b924e132710d2894b7175f12a5e323a7119afd27786b01965d49b9c885ff3768f40b9d57817bc1305124f40ced3b1ac99666773a3a64cce079e95acbc31d42f416aad362594008547aae561213b022db32ed9d1bd67df5c020bc44dcc073982b4566fd04048555b1ea84279063d5b1047e9f42776ef03677d2dd1454433fdb3feced3f41b92efdfeda545d56c1c9ba349584c9095f3ad9e31c2db11cbe3007ee7817f5846f87eb01c296d81b36dbbc765b4c7af74aface1276dd4fd91963729e495694b6af5c0d6111c49115a2c3f0203010001,topicSeq=1
info|2026-02-07 00:24:24.152833|amopDispatcher-0x00007834a09fd6c0|[AMOP][AMOP][onReceiveTopicSeqMessage][try to request latest AMOP information],nodeID=3082010a02820101009d9833c7e1dbf7d476b1fd7227e247b488323cbd272862d096a4010035236b7d36e2aede87e4f36adfd2e2e44f2945e9a4170901f5865f04cb779a1c1e1fc2f3e56fc6ea80a2665d5da60fce851ccd94bb60aced8e256a551ebb6edcf78febb8eb8bbb3c4fab73bacd5675925d72c787a8d8e179c70b24c484ae98ea7cc956a196c0c8266073d549963e44bfee479261b4c7a5497320d8a89de71743baf1516450118e57b4b07227de0429adf0d02305ad79d40958f48b3c7d6802814fc5c25be7c54c85463c993254d08401e1c7c1cc5586b265a1616617cc2ba7f29e928ff792e4ff33ada9b1bb7ee5a43130da18ba109a9e2186dfa6c2dc1d823e9066e1590203010001,topicSeq=1
info|2026-02-07 00:24:24.153371|amopDispatcher-0x00007834a09fd6c0|[AMOP][AMOP][onReceiveTopicSeqMessage][try to request latest AMOP information],nodeID=3082010a0282010100b85dd5fdfbc4aa99dcef8477a2e1c08c304a63432923826f81b3d0d7d13e79a6ec265462b2f59e76106f8bad7efb849227798aaf7c20a2197e9a95a8ffbbc07f5ccb44d04e995013b9afd04bb77fb7dbfa0f13bd2d404980eae43fc147332e1542ee2d2e973596187bb8ad4dc63b0165052688b1f7fc4a2a8ccb020a55db8ee7b9a45bb901b1c03d94727648a8ec10bfbc854175981345d56f4c783b0211d91f0775e508d8b379b56935777d255f59b63fadc24b43862671f5cbe0d00fcfff7138124c8293f91740a0e0732346eeee748a42f65ddb81da461fce3e76ea6ff452913b80eb5b1dba016f7d4d94f66337cc6bea7a066b8277637aef12c2eba11da10203010001,topicSeq=1
info|2026-02-07 00:24:24.154802|amopDispatcher-0x00007834a09fd6c0|[AMOP][TOPIC][parseTopicItemsJson],topicSeq=1,topicItems size=0,json={"topicItems":[],"topicSeq":1}
info|2026-02-07 00:24:24.154903|amopDispatcher-0x00007834a09fd6c0|[AMOP][TOPIC][updateSeqAndTopicsByNodeID],nodeID=3082010a0282010100a492268b412bea3e8f972dff0dc52c521cd06884f53d90f3889c7014f7cb635c38a07b81af9630f2b04238a726b029af6b4b924e132710d2894b7175f12a5e323a7119afd27786b01965d49b9c885ff3768f40b9d57817bc1305124f40ced3b1ac99666773a3a64cce079e95acbc31d42f416aad362594008547aae561213b022db32ed9d1bd67df5c020bc44dcc073982b4566fd04048555b1ea84279063d5b1047e9f42776ef03677d2dd1454433fdb3feced3f41b92efdfeda545d56c1c9ba349584c9095f3ad9e31c2db11cbe3007ee7817f5846f87eb01c296d81b36dbbc765b4c7af74aface1276dd4fd91963729e495694b6af5c0d6111c49115a2c3f0203010001,topicSeq=1,topicItems size=0
info|2026-02-07 00:24:24.195811|amopDispatcher-0x00007834a09fd6c0|[AMOP][AMOP][onReceiveRequestTopicMessage],nodeID=3082010a02820101009d9833c7e1dbf7d476b1fd7227e247b488323cbd272862d096a4010035236b7d36e2aede87e4f36adfd2e2e44f2945e9a4170901f5865f04cb779a1c1e1fc2f3e56fc6ea80a2665d5da60fce851ccd94bb60aced8e256a551ebb6edcf78febb8eb8bbb3c4fab73bacd5675925d72c787a8d8e179c70b24c484ae98ea7cc956a196c0c8266073d549963e44bfee479261b4c7a5497320d8a89de71743baf1516450118e57b4b07227de0429adf0d02305ad79d40958f48b3c7d6802814fc5c25be7c54c85463c993254d08401e1c7c1cc5586b265a1616617cc2ba7f29e928ff792e4ff33ada9b1bb7ee5a43130da18ba109a9e2186dfa6c2dc1d823e9066e1590203010001,topicJson={"topicItems":[],"topicSeq":1}
info|2026-02-07 00:24:24.195995|amopDispatcher-0x00007834a09fd6c0|[AMOP][TOPIC][parseTopicItemsJson],topicSeq=1,topicItems size=0,json={"topicItems":[],"topicSeq":1}
info|2026-02-07 00:24:24.196018|amopDispatcher-0x00007834a09fd6c0|[AMOP][TOPIC][updateSeqAndTopicsByNodeID],nodeID=3082010a02820101009d9833c7e1dbf7d476b1fd7227e247b488323cbd272862d096a4010035236b7d36e2aede87e4f36adfd2e2e44f2945e9a4170901f5865f04cb779a1c1e1fc2f3e56fc6ea80a2665d5da60fce851ccd94bb60aced8e256a551ebb6edcf78febb8eb8bbb3c4fab73bacd5675925d72c787a8d8e179c70b24c484ae98ea7cc956a196c0c8266073d549963e44bfee479261b4c7a5497320d8a89de71743baf1516450118e57b4b07227de0429adf0d02305ad79d40958f48b3c7d6802814fc5c25be7c54c85463c993254d08401e1c7c1cc5586b265a1616617cc2ba7f29e928ff792e4ff33ada9b1bb7ee5a43130da18ba109a9e2186dfa6c2dc1d823e9066e1590203010001,topicSeq=1,topicItems size=0
info|2026-02-07 00:24:24.197415|amopDispatcher-0x00007834a09fd6c0|[AMOP][AMOP][onReceiveRequestTopicMessage],nodeID=3082010a0282010100a492268b412bea3e8f972dff0dc52c521cd06884f53d90f3889c7014f7cb635c38a07b81af9630f2b04238a726b029af6b4b924e132710d2894b7175f12a5e323a7119afd27786b01965d49b9c885ff3768f40b9d57817bc1305124f40ced3b1ac99666773a3a64cce079e95acbc31d42f416aad362594008547aae561213b022db32ed9d1bd67df5c020bc44dcc073982b4566fd04048555b1ea84279063d5b1047e9f42776ef03677d2dd1454433fdb3feced3f41b92efdfeda545d56c1c9ba349584c9095f3ad9e31c2db11cbe3007ee7817f5846f87eb01c296d81b36dbbc765b4c7af74aface1276dd4fd91963729e495694b6af5c0d6111c49115a2c3f0203010001,topicJson={"topicItems":[],"topicSeq":1}
info|2026-02-07 00:24:25.258997|pbft-0x000078346c9f96c0|[CONSENSUS][PBFT]addViewChangeReq,reqHash=285b0eda...,reqIndex=130,reqV=3,fromIdx=2,wait(ms)=1,weight=1,maxCommittedIndex=130,maxPrecommitIndex=0 preparedProposalInfo: ,committedIndex=130,consNum=131,committedHash=285b0eda...,view=0,toView=2,changeCycle=0,expectedCheckPoint=131,Idx=1,unsealedTxs=0,sealUntil=0,waitResealUntil=0,consensusTimeout=3000,nodeId=21a47ace...
info|2026-02-07 00:24:25.259911|pbftTimer-0x000078347fdcf6c0|[CONSENSUS][PBFT]notify to seal next proposal,nextProposalIndex=131
info|2026-02-07 00:24:25.260107|pbftTimer-0x000078347fdcf6c0|[CONSENSUS][PBFT]notify the committed proposal index to the sync module success,index=130
info|2026-02-07 00:24:25.260754|pbftTimer-0x000078347fdcf6c0|[CONSENSUS][PBFT]broadcastViewChangeReq,reqHash=285b0eda...,reqIndex=130,reqV=3,fromIdx=1,wait(ms)=0,packetSize=162
info|2026-02-07 00:24:25.260834|pbftTimer-0x000078347fdcf6c0|[CONSENSUS][PBFT]addViewChangeReq,reqHash=285b0eda...,reqIndex=130,reqV=3,fromIdx=1,wait(ms)=0,weight=2,maxCommittedIndex=130,maxPrecommitIndex=0 preparedProposalInfo: ,committedIndex=130,consNum=131,committedHash=285b0eda...,view=0,toView=3,changeCycle=1,expectedCheckPoint=131,Idx=1,unsealedTxs=0,sealUntil=0,waitResealUntil=0,consensusTimeout=3000,nodeId=21a47ace...
warning|2026-02-07 00:24:25.260865|pbftTimer-0x000078347fdcf6c0|[CONSENSUS][PBFT]After onTimeout,committedIndex=130,consNum=131,committedHash=285b0eda...,view=0,toView=3,changeCycle=1,expectedCheckPoint=131,Idx=1,unsealedTxs=0,sealUntil=0,waitResealUntil=0,consensusTimeout=3000,nodeId=21a47ace...,lockT=0,timecost=1
info|2026-02-07 00:24:25.261282|pbft-0x000078346c9f96c0|[CONSENSUS][PBFT]addViewChangeReq,reqHash=285b0eda...,reqIndex=130,reqV=3,fromIdx=0,wait(ms)=1,weight=3,maxCommittedIndex=130,maxPrecommitIndex=0 preparedProposalInfo: ,committedIndex=130,consNum=131,committedHash=285b0eda...,view=0,toView=3,changeCycle=1,expectedCheckPoint=131,Idx=1,unsealedTxs=0,sealUntil=0,waitResealUntil=0,consensusTimeout=3000,nodeId=21a47ace...
info|2026-02-07 00:24:25.271444|pbft-0x000078346c9f96c0|[CONSENSUS][PBFT]handleNewViewMsg: receive newViewChangeMsg,reqHash=285b0eda...,reqIndex=130,reqV=3,fromIdx=2,wait(ms)=0,committedIndex=130,consNum=131,committedHash=285b0eda...,view=0,toView=3,changeCycle=1,expectedCheckPoint=131,Idx=1,unsealedTxs=0,sealUntil=0,waitResealUntil=0,consensusTimeout=3000,nodeId=21a47ace...
info|2026-02-07 00:24:25.272222|pbft-0x000078346c9f96c0|[CONSENSUS][PBFT]handleNewViewMsg success,reqHash=285b0eda...,reqIndex=130,reqV=3,fromIdx=2,wait(ms)=1,committedIndex=130,consNum=131,committedHash=285b0eda...,view=0,toView=3,changeCycle=1,expectedCheckPoint=131,Idx=1,unsealedTxs=0,sealUntil=0,waitResealUntil=0,consensusTimeout=3000,nodeId=21a47ace...
info|2026-02-07 00:24:25.272332|pbft-0x000078346c9f96c0|[CONSENSUS][PBFT]resetNewViewState,m_view=0,_view=3
info|2026-02-07 00:24:25.272442|pbft-0x000078346c9f96c0|[CONSENSUS][PBFT]resetCacheAfterViewChange,view=3,number=130,cacheSize=0
info|2026-02-07 00:24:25.272603|pbft-0x000078346c9f96c0|[CONSENSUS][PBFT]reachNewView,committedIndex=130,consNum=131,committedHash=285b0eda...,view=3,toView=3,changeCycle=0,expectedCheckPoint=131,Idx=1,unsealedTxs=0,sealUntil=0,waitResealUntil=0,consensusTimeout=3000,nodeId=21a47ace...
info|2026-02-07 00:24:25.272643|pbft-0x000078346c9f96c0|[CONSENSUS][PBFT]notify to seal next proposal,nextProposalIndex=131
info|2026-02-07 00:24:25.272657|pbft-0x000078346c9f96c0|[CONSENSUS][PBFT]notifyResetSealing,committedIndex=130,consNum=131,committedHash=285b0eda...,view=3,toView=3,changeCycle=0,expectedCheckPoint=131,Idx=1,unsealedTxs=0,sealUntil=0,waitResealUntil=0,consensusTimeout=3000,nodeId=21a47ace...
info|2026-02-07 00:24:25.272711|pbft-0x000078346c9f96c0|[CONSENSUS][SEALER]resetSealing,startNum=0,endNum=0,sealingNum=1,pendingTxs=0,unsealedTxs=0
info|2026-02-07 00:24:25.272735|pbft-0x000078346c9f96c0|[CONSENSUS][PBFT]notifyResetSealing success,committedIndex=130,consNum=131,committedHash=285b0eda...,view=3,toView=3,changeCycle=0,expectedCheckPoint=131,Idx=1,unsealedTxs=0,sealUntil=0,waitResealUntil=0,consensusTimeout=3000,nodeId=21a47ace...
info|2026-02-07 00:24:25.272749|pbft-0x000078346c9f96c0|[CONSENSUS][PBFT]reNotifySealer,expectedStart=131,highWaterMark=181,leader=2,committedIndex=130,consNum=131,committedHash=285b0eda...,view=3,toView=3,changeCycle=0,expectedCheckPoint=131,Idx=1,unsealedTxs=0,sealUntil=0,waitResealUntil=0,consensusTimeout=3000,nodeId=21a47ace...
info|2026-02-07 00:24:25.391201|pbft-0x000078346c9f96c0|[CONSENSUS][PBFT]addRecoverReqCache,weight=1,reqHash=00000000...,reqIndex=130,reqV=3,fromIdx=2,wait(ms)=1,committedIndex=130,consNum=131,committedHash=285b0eda...,view=3,toView=3,changeCycle=0,expectedCheckPoint=131,Idx=1,unsealedTxs=0,sealUntil=0,waitResealUntil=0,consensusTimeout=3000,nodeId=21a47ace...
info|2026-02-07 00:24:26.270134|amopDispatcher-0x00007834a09fd6c0|[AMOP][AMOP][onReceiveTopicSeqMessage][try to request latest AMOP information],nodeID=3082010a0282010100b85dd5fdfbc4aa99dcef8477a2e1c08c304a63432923826f81b3d0d7d13e79a6ec265462b2f59e76106f8bad7efb849227798aaf7c20a2197e9a95a8ffbbc07f5ccb44d04e995013b9afd04bb77fb7dbfa0f13bd2d404980eae43fc147332e1542ee2d2e973596187bb8ad4dc63b0165052688b1f7fc4a2a8ccb020a55db8ee7b9a45bb901b1c03d94727648a8ec10bfbc854175981345d56f4c783b0211d91f0775e508d8b379b56935777d255f59b63fadc24b43862671f5cbe0d00fcfff7138124c8293f91740a0e0732346eeee748a42f65ddb81da461fce3e76ea6ff452913b80eb5b1dba016f7d4d94f66337cc6bea7a066b8277637aef12c2eba11da10203010001,topicSeq=1
info|2026-02-07 00:24:28.284021|amopDispatcher-0x00007834a09fd6c0|[AMOP][AMOP][onReceiveTopicSeqMessage][try to request latest AMOP information],nodeID=3082010a0282010100b85dd5fdfbc4aa99dcef8477a2e1c08c304a63432923826f81b3d0d7d13e79a6ec265462b2f59e76106f8bad7efb849227798aaf7c20a2197e9a95a8ffbbc07f5ccb44d04e995013b9afd04bb77fb7dbfa0f13bd2d404980eae43fc147332e1542ee2d2e973596187bb8ad4dc63b0165052688b1f7fc4a2a8ccb020a55db8ee7b9a45bb901b1c03d94727648a8ec10bfbc854175981345d56f4c783b0211d91f0775e508d8b379b56935777d255f59b63fadc24b43862671f5cbe0d00fcfff7138124c8293f91740a0e0732346eeee748a42f65ddb81da461fce3e76ea6ff452913b80eb5b1dba016f7d4d94f66337cc6bea7a066b8277637aef12c2eba11da10203010001,topicSeq=1
info|2026-02-07 00:24:30.270934|amopDispatcher-0x00007834a09fd6c0|[AMOP][AMOP][onReceiveTopicSeqMessage][try to request latest AMOP information],nodeID=3082010a0282010100b85dd5fdfbc4aa99dcef8477a2e1c08c304a63432923826f81b3d0d7d13e79a6ec265462b2f59e76106f8bad7efb849227798aaf7c20a2197e9a95a8ffbbc07f5ccb44d04e995013b9afd04bb77fb7dbfa0f13bd2d404980eae43fc147332e1542ee2d2e973596187bb8ad4dc63b0165052688b1f7fc4a2a8ccb020a55db8ee7b9a45bb901b1c03d94727648a8ec10bfbc854175981345d56f4c783b0211d91f0775e508d8b379b56935777d255f59b63fadc24b43862671f5cbe0d00fcfff7138124c8293f91740a0e0732346eeee748a42f65ddb81da461fce3e76ea6ff452913b80eb5b1dba016f7d4d94f66337cc6bea7a066b8277637aef12c2eba11da10203010001,topicSeq=1
info|2026-02-07 00:24:32.150111|ioService-0x0000783468bff6c0|[NETWORK][Host]P2P Recv Connect, From=127.0.0.1:59868
info|2026-02-07 00:24:32.150346|ioService-0x0000783468bff6c0|[NETWORK][Host]P2P StartAccept,Host=0.0.0.0:30301
info|2026-02-07 00:24:32.150991|ioService-0x0000783468bff6c0|[NETWORK][Host]P2P Recv Connect, From=127.0.0.1:59882
info|2026-02-07 00:24:32.151112|ioService-0x000078346adff6c0|[NETWORK][Host]Connecting to node,endpoint=127.0.0.1:30300
info|2026-02-07 00:24:32.151236|ioService-0x0000783468bff6c0|[NETWORK][Host]P2P StartAccept,Host=0.0.0.0:30301
info|2026-02-07 00:24:32.151422|ioService-0x000078346adff6c0|[NETWORK][Host]Connecting to node,endpoint=127.0.0.1:30303
info|2026-02-07 00:24:32.151569|ioService-0x000078346adff6c0|[P2PService][Service][METRIC]heartBeat,connected count=1
info|2026-02-07 00:24:32.152134|ioService-0x00007834697ff6c0|[ASIO][ASIO]asyncResolveConnect,endpoint=127.0.0.1:30300
info|2026-02-07 00:24:32.152313|ioService-0x00007834697ff6c0|[ASIO][ASIO]asyncResolveConnect,endpoint=127.0.0.1:30303
info|2026-02-07 00:24:32.156517|ioService-0x00007834617fd6c0|[Gateway][Factory][NEW]SSLContext pubHex: 3082010a0282010100a9ba081864ed1c68f5b81b4fa31a3cb4c81583e0e7c5eec4d7249ecd7d2c8f901393580ca25747abc4e01775b9ff41392cf15074a577cc078f4b07f3152faa0dfe540c63b8de93fbc3afe02564592e274c9c1a76bb0cc8c4692d9404f8e0b7b5440bd66d6e70c33a6d35aca5767a88332fd7853571427789bb25413b734abc293a58791b28aece40a8f74238c2f8b0d32bbbb5f020cfd72ad86d4fb6f1904605a5f43f0f58ed4c826346ad1b71ddac3a15040d6cd21f31f9044b82e690f91329d956b39005f4ab421029ebe499a3fe7179586deded25784665d8949c4db5defd0cbbaf2f27221f3d59e7314f4374086dceea8903a6aedc17d8ca5c7ec4b03fef0203010001
info|2026-02-07 00:24:32.156602|ioService-0x00007834617fd6c0|[NETWORK][Host]Get ca basic failed
info|2026-02-07 00:24:32.156683|ioService-0x00007834617fd6c0|[Gateway][Factory][NEW]SSLContext pubHex: 3082010a0282010100a492268b412bea3e8f972dff0dc52c521cd06884f53d90f3889c7014f7cb635c38a07b81af9630f2b04238a726b029af6b4b924e132710d2894b7175f12a5e323a7119afd27786b01965d49b9c885ff3768f40b9d57817bc1305124f40ced3b1ac99666773a3a64cce079e95acbc31d42f416aad362594008547aae561213b022db32ed9d1bd67df5c020bc44dcc073982b4566fd04048555b1ea84279063d5b1047e9f42776ef03677d2dd1454433fdb3feced3f41b92efdfeda545d56c1c9ba349584c9095f3ad9e31c2db11cbe3007ee7817f5846f87eb01c296d81b36dbbc765b4c7af74aface1276dd4fd91963729e495694b6af5c0d6111c49115a2c3f0203010001
info|2026-02-07 00:24:32.156691|ioService-0x00007834617fd6c0|[Gateway][Factory][NEW]SSLContext pubHex: A492268B412BEA3E8F972DFF0DC52C521CD06884F53D90F3889C7014F7CB635C38A07B81AF9630F2B04238A726B029AF6B4B924E132710D2894B7175F12A5E323A7119AFD27786B01965D49B9C885FF3768F40B9D57817BC1305124F40CED3B1AC99666773A3A64CCE079E95ACBC31D42F416AAD362594008547AAE561213B022DB32ED9D1BD67DF5C020BC44DCC073982B4566FD04048555B1EA84279063D5B1047E9F42776EF03677D2DD1454433FDB3FECED3F41B92EFDFEDA545D56C1C9BA349584C9095F3AD9E31C2DB11CBE3007EE7817F5846F87EB01C296D81B36DBBC765B4C7AF74AFACE1276DD4FD91963729E495694B6AF5C0D6111C49115A2C3F
info|2026-02-07 00:24:32.156843|ioService-0x0000783462bfe6c0|[Gateway][Factory][NEW]SSLContext pubHex: 3082010a0282010100a9ba081864ed1c68f5b81b4fa31a3cb4c81583e0e7c5eec4d7249ecd7d2c8f901393580ca25747abc4e01775b9ff41392cf15074a577cc078f4b07f3152faa0dfe540c63b8de93fbc3afe02564592e274c9c1a76bb0cc8c4692d9404f8e0b7b5440bd66d6e70c33a6d35aca5767a88332fd7853571427789bb25413b734abc293a58791b28aece40a8f74238c2f8b0d32bbbb5f020cfd72ad86d4fb6f1904605a5f43f0f58ed4c826346ad1b71ddac3a15040d6cd21f31f9044b82e690f91329d956b39005f4ab421029ebe499a3fe7179586deded25784665d8949c4db5defd0cbbaf2f27221f3d59e7314f4374086dceea8903a6aedc17d8ca5c7ec4b03fef0203010001
info|2026-02-07 00:24:32.156888|ioService-0x00007834607fb6c0|[Gateway][Factory][NEW]SSLContext pubHex: 3082010a0282010100a9ba081864ed1c68f5b81b4fa31a3cb4c81583e0e7c5eec4d7249ecd7d2c8f901393580ca25747abc4e01775b9ff41392cf15074a577cc078f4b07f3152faa0dfe540c63b8de93fbc3afe02564592e274c9c1a76bb0cc8c4692d9404f8e0b7b5440bd66d6e70c33a6d35aca5767a88332fd7853571427789bb25413b734abc293a58791b28aece40a8f74238c2f8b0d32bbbb5f020cfd72ad86d4fb6f1904605a5f43f0f58ed4c826346ad1b71ddac3a15040d6cd21f31f9044b82e690f91329d956b39005f4ab421029ebe499a3fe7179586deded25784665d8949c4db5defd0cbbaf2f27221f3d59e7314f4374086dceea8903a6aedc17d8ca5c7ec4b03fef0203010001
info|2026-02-07 00:24:32.156963|ioService-0x00007834607fb6c0|[NETWORK][Host]Get ca basic failed
info|2026-02-07 00:24:32.157011|ioService-0x0000783462bfe6c0|[NETWORK][Host]Get ca basic failed
info|2026-02-07 00:24:32.157165|ioService-0x00007834607fb6c0|[Gateway][Factory][NEW]SSLContext pubHex: 3082010a0282010100b85dd5fdfbc4aa99dcef8477a2e1c08c304a63432923826f81b3d0d7d13e79a6ec265462b2f59e76106f8bad7efb849227798aaf7c20a2197e9a95a8ffbbc07f5ccb44d04e995013b9afd04bb77fb7dbfa0f13bd2d404980eae43fc147332e1542ee2d2e973596187bb8ad4dc63b0165052688b1f7fc4a2a8ccb020a55db8ee7b9a45bb901b1c03d94727648a8ec10bfbc854175981345d56f4c783b0211d91f0775e508d8b379b56935777d255f59b63fadc24b43862671f5cbe0d00fcfff7138124c8293f91740a0e0732346eeee748a42f65ddb81da461fce3e76ea6ff452913b80eb5b1dba016f7d4d94f66337cc6bea7a066b8277637aef12c2eba11da10203010001
info|2026-02-07 00:24:32.157180|ioService-0x00007834607fb6c0|[Gateway][Factory][NEW]SSLContext pubHex: B85DD5FDFBC4AA99DCEF8477A2E1C08C304A63432923826F81B3D0D7D13E79A6EC265462B2F59E76106F8BAD7EFB849227798AAF7C20A2197E9A95A8FFBBC07F5CCB44D04E995013B9AFD04BB77FB7DBFA0F13BD2D404980EAE43FC147332E1542EE2D2E973596187BB8AD4DC63B0165052688B1F7FC4A2A8CCB020A55DB8EE7B9A45BB901B1C03D94727648A8EC10BFBC854175981345D56F4C783B0211D91F0775E508D8B379B56935777D255F59B63FADC24B43862671F5CBE0D00FCFFF7138124C8293F91740A0E0732346EEEE748A42F65DDB81DA461FCE3E76EA6FF452913B80EB5B1DBA016F7D4D94F66337CC6BEA7A066B8277637AEF12C2EBA11DA1
info|2026-02-07 00:24:32.157248|ioService-0x0000783461ffe6c0|[Gateway][Factory][NEW]SSLContext pubHex: 3082010a0282010100a9ba081864ed1c68f5b81b4fa31a3cb4c81583e0e7c5eec4d7249ecd7d2c8f901393580ca25747abc4e01775b9ff41392cf15074a577cc078f4b07f3152faa0dfe540c63b8de93fbc3afe02564592e274c9c1a76bb0cc8c4692d9404f8e0b7b5440bd66d6e70c33a6d35aca5767a88332fd7853571427789bb25413b734abc293a58791b28aece40a8f74238c2f8b0d32bbbb5f020cfd72ad86d4fb6f1904605a5f43f0f58ed4c826346ad1b71ddac3a15040d6cd21f31f9044b82e690f91329d956b39005f4ab421029ebe499a3fe7179586deded25784665d8949c4db5defd0cbbaf2f27221f3d59e7314f4374086dceea8903a6aedc17d8ca5c7ec4b03fef0203010001
info|2026-02-07 00:24:32.157321|ioService-0x0000783462bfe6c0|[Gateway][Factory][NEW]SSLContext pubHex: 3082010a0282010100a492268b412bea3e8f972dff0dc52c521cd06884f53d90f3889c7014f7cb635c38a07b81af9630f2b04238a726b029af6b4b924e132710d2894b7175f12a5e323a7119afd27786b01965d49b9c885ff3768f40b9d57817bc1305124f40ced3b1ac99666773a3a64cce079e95acbc31d42f416aad362594008547aae561213b022db32ed9d1bd67df5c020bc44dcc073982b4566fd04048555b1ea84279063d5b1047e9f42776ef03677d2dd1454433fdb3feced3f41b92efdfeda545d56c1c9ba349584c9095f3ad9e31c2db11cbe3007ee7817f5846f87eb01c296d81b36dbbc765b4c7af74aface1276dd4fd91963729e495694b6af5c0d6111c49115a2c3f0203010001
info|2026-02-07 00:24:32.157406|ioService-0x0000783461ffe6c0|[NETWORK][Host]Get ca basic failed
info|2026-02-07 00:24:32.157500|ioService-0x0000783462bfe6c0|[Gateway][Factory][NEW]SSLContext pubHex: A492268B412BEA3E8F972DFF0DC52C521CD06884F53D90F3889C7014F7CB635C38A07B81AF9630F2B04238A726B029AF6B4B924E132710D2894B7175F12A5E323A7119AFD27786B01965D49B9C885FF3768F40B9D57817BC1305124F40CED3B1AC99666773A3A64CCE079E95ACBC31D42F416AAD362594008547AAE561213B022DB32ED9D1BD67DF5C020BC44DCC073982B4566FD04048555B1EA84279063D5B1047E9F42776EF03677D2DD1454433FDB3FECED3F41B92EFDFEDA545D56C1C9BA349584C9095F3AD9E31C2DB11CBE3007EE7817F5846F87EB01C296D81B36DBBC765B4C7AF74AFACE1276DD4FD91963729E495694B6AF5C0D6111C49115A2C3F
info|2026-02-07 00:24:32.157595|ioService-0x0000783461ffe6c0|[Gateway][Factory][NEW]SSLContext pubHex: 3082010a0282010100b85dd5fdfbc4aa99dcef8477a2e1c08c304a63432923826f81b3d0d7d13e79a6ec265462b2f59e76106f8bad7efb849227798aaf7c20a2197e9a95a8ffbbc07f5ccb44d04e995013b9afd04bb77fb7dbfa0f13bd2d404980eae43fc147332e1542ee2d2e973596187bb8ad4dc63b0165052688b1f7fc4a2a8ccb020a55db8ee7b9a45bb901b1c03d94727648a8ec10bfbc854175981345d56f4c783b0211d91f0775e508d8b379b56935777d255f59b63fadc24b43862671f5cbe0d00fcfff7138124c8293f91740a0e0732346eeee748a42f65ddb81da461fce3e76ea6ff452913b80eb5b1dba016f7d4d94f66337cc6bea7a066b8277637aef12c2eba11da10203010001
info|2026-02-07 00:24:32.157619|ioService-0x0000783461ffe6c0|[Gateway][Factory][NEW]SSLContext pubHex: B85DD5FDFBC4AA99DCEF8477A2E1C08C304A63432923826F81B3D0D7D13E79A6EC265462B2F59E76106F8BAD7EFB849227798AAF7C20A2197E9A95A8FFBBC07F5CCB44D04E995013B9AFD04BB77FB7DBFA0F13BD2D404980EAE43FC147332E1542EE2D2E973596187BB8AD4DC63B0165052688B1F7FC4A2A8CCB020A55DB8EE7B9A45BB901B1C03D94727648A8EC10BFBC854175981345D56F4C783B0211D91F0775E508D8B379B56935777D255F59B63FADC24B43862671F5CBE0D00FCFFF7138124C8293F91740A0E0732346EEEE748A42F65DDB81DA461FCE3E76EA6FF452913B80EB5B1DBA016F7D4D94F66337CC6BEA7A066B8277637AEF12C2EBA11DA1
info|2026-02-07 00:24:32.158320|ioService-0x0000783461ffe6c0|[NETWORK][Host]obtainP2pInfo ,node_info=3082010a0282010100b85dd5fdfbc4aa99dcef8477a2e1c08c304a63432923826f81b3d0d7d13e79a6ec265462b2f59e76106f8bad7efb849227798aaf7c20a2197e9a95a8ffbbc07f5ccb44d04e995013b9afd04bb77fb7dbfa0f13bd2d404980eae43fc147332e1542ee2d2e973596187bb8ad4dc63b0165052688b1f7fc4a2a8ccb020a55db8ee7b9a45bb901b1c03d94727648a8ec10bfbc854175981345d56f4c783b0211d91f0775e508d8b379b56935777d255f59b63fadc24b43862671f5cbe0d00fcfff7138124c8293f91740a0e0732346eeee748a42f65ddb81da461fce3e76ea6ff452913b80eb5b1dba016f7d4d94f66337cc6bea7a066b8277637aef12c2eba11da10203010001#B85DD5FDFBC4AA99DCEF8477A2E1C08C304A63432923826F81B3D0D7D13E79A6EC265462B2F59E76106F8BAD7EFB849227798AAF7C20A2197E9A95A8FFBBC07F5CCB44D04E995013B9AFD04BB77FB7DBFA0F13BD2D404980EAE43FC147332E1542EE2D2E973596187BB8AD4DC63B0165052688B1F7FC4A2A8CCB020A55DB8EE7B9A45BB901B1C03D94727648A8EC10BFBC854175981345D56F4C783B0211D91F0775E508D8B379B56935777D255F59B63FADC24B43862671F5CBE0D00FCFFF7138124C8293F91740A0E0732346EEEE748A42F65DDB81DA461FCE3E76EA6FF452913B80EB5B1DBA016F7D4D94F66337CC6BEA7A066B8277637AEF12C2EBA11DA1#/CN=FISCO-BCOS-e9f43089/O=FISCO-BCOS-e9f43089/OU=chain#/CN=FISCO-BCOS-e9f43089/O=fisco-bcos/OU=agency,p2pid=3082010a0282010100b85dd5fdfbc4aa99dcef8477a2e1c08c304a63432923826f81b3d0d7d13e79a6ec265462b2f59e76106f8bad7efb849227798aaf7c20a2197e9a95a8ffbbc07f5ccb44d04e995013b9afd04bb77fb7dbfa0f13bd2d404980eae43fc147332e1542ee2d2e973596187bb8ad4dc63b0165052688b1f7fc4a2a8ccb020a55db8ee7b9a45bb901b1c03d94727648a8ec10bfbc854175981345d56f4c783b0211d91f0775e508d8b379b56935777d255f59b63fadc24b43862671f5cbe0d00fcfff7138124c8293f91740a0e0732346eeee748a42f65ddb81da461fce3e76ea6ff452913b80eb5b1dba016f7d4d94f66337cc6bea7a066b8277637aef12c2eba11da10203010001
info|2026-02-07 00:24:32.158376|ioService-0x0000783461ffe6c0|[NETWORK][Host]handshakeServer succ,remote endpoint=127.0.0.1:59882,nodeid=3082010a0282010100b85dd5fdfbc4aa99dcef8477a2e1c08c304a63432923826f81b3d0d7d13e79a6ec265462b2f59e76106f8bad7efb849227798aaf7c20a2197e9a95a8ffbbc07f5ccb44d04e995013b9afd04bb77fb7dbfa0f13bd2d404980eae43fc147332e1542ee2d2e973596187bb8ad4dc63b0165052688b1f7fc4a2a8ccb020a55db8ee7b9a45bb901b1c03d94727648a8ec10bfbc854175981345d56f4c783b0211d91f0775e508d8b379b56935777d255f59b63fadc24b43862671f5cbe0d00fcfff7138124c8293f91740a0e0732346eeee748a42f65ddb81da461fce3e76ea6ff452913b80eb5b1dba016f7d4d94f66337cc6bea7a066b8277637aef12c2eba11da10203010001
info|2026-02-07 00:24:32.158554|ioService-0x0000783462bfe6c0|[NETWORK][Host]obtainP2pInfo ,node_info=3082010a0282010100a492268b412bea3e8f972dff0dc52c521cd06884f53d90f3889c7014f7cb635c38a07b81af9630f2b04238a726b029af6b4b924e132710d2894b7175f12a5e323a7119afd27786b01965d49b9c885ff3768f40b9d57817bc1305124f40ced3b1ac99666773a3a64cce079e95acbc31d42f416aad362594008547aae561213b022db32ed9d1bd67df5c020bc44dcc073982b4566fd04048555b1ea84279063d5b1047e9f42776ef03677d2dd1454433fdb3feced3f41b92efdfeda545d56c1c9ba349584c9095f3ad9e31c2db11cbe3007ee7817f5846f87eb01c296d81b36dbbc765b4c7af74aface1276dd4fd91963729e495694b6af5c0d6111c49115a2c3f0203010001#A492268B412BEA3E8F972DFF0DC52C521CD06884F53D90F3889C7014F7CB635C38A07B81AF9630F2B04238A726B029AF6B4B924E132710D2894B7175F12A5E323A7119AFD27786B01965D49B9C885FF3768F40B9D57817BC1305124F40CED3B1AC99666773A3A64CCE079E95ACBC31D42F416AAD362594008547AAE561213B022DB32ED9D1BD67DF5C020BC44DCC073982B4566FD04048555B1EA84279063D5B1047E9F42776EF03677D2DD1454433FDB3FECED3F41B92EFDFEDA545D56C1C9BA349584C9095F3AD9E31C2DB11CBE3007EE7817F5846F87EB01C296D81B36DBBC765B4C7AF74AFACE1276DD4FD91963729E495694B6AF5C0D6111C49115A2C3F#/CN=FISCO-BCOS-e9f43089/O=FISCO-BCOS-e9f43089/OU=chain#/CN=FISCO-BCOS-e9f43089/O=fisco-bcos/OU=agency,p2pid=3082010a0282010100a492268b412bea3e8f972dff0dc52c521cd06884f53d90f3889c7014f7cb635c38a07b81af9630f2b04238a726b029af6b4b924e132710d2894b7175f12a5e323a7119afd27786b01965d49b9c885ff3768f40b9d57817bc1305124f40ced3b1ac99666773a3a64cce079e95acbc31d42f416aad362594008547aae561213b022db32ed9d1bd67df5c020bc44dcc073982b4566fd04048555b1ea84279063d5b1047e9f42776ef03677d2dd1454433fdb3feced3f41b92efdfeda545d56c1c9ba349584c9095f3ad9e31c2db11cbe3007ee7817f5846f87eb01c296d81b36dbbc765b4c7af74aface1276dd4fd91963729e495694b6af5c0d6111c49115a2c3f0203010001
info|2026-02-07 00:24:32.158598|ioService-0x0000783462bfe6c0|[NETWORK][Host]handshakeServer succ,remote endpoint=127.0.0.1:59868,nodeid=3082010a0282010100a492268b412bea3e8f972dff0dc52c521cd06884f53d90f3889c7014f7cb635c38a07b81af9630f2b04238a726b029af6b4b924e132710d2894b7175f12a5e323a7119afd27786b01965d49b9c885ff3768f40b9d57817bc1305124f40ced3b1ac99666773a3a64cce079e95acbc31d42f416aad362594008547aae561213b022db32ed9d1bd67df5c020bc44dcc073982b4566fd04048555b1ea84279063d5b1047e9f42776ef03677d2dd1454433fdb3feced3f41b92efdfeda545d56c1c9ba349584c9095f3ad9e31c2db11cbe3007ee7817f5846f87eb01c296d81b36dbbc765b4c7af74aface1276dd4fd91963729e495694b6af5c0d6111c49115a2c3f0203010001
info|2026-02-07 00:24:32.159543|ioService-0x0000783462bfe6c0|[SESSION][Session][Session::Session] this=0x78344965d1d0,recvBufferSize=67108864
info|2026-02-07 00:24:32.159662|ioService-0x0000783461ffe6c0|[SESSION][Session][Session::Session] this=0x78344fe5d1d0,recvBufferSize=67108864
info|2026-02-07 00:24:32.159847|ioService-0x0000783462bfe6c0|[SessionFactory]create new session,sessionRecvBufferSize=67108864,allowMaxMsgSize=33554432,maxReadDataSize=40960,maxSendDataSize=1048576,maxSendMsgCountS=10,enableCompress=true
info|2026-02-07 00:24:32.159940|ioService-0x0000783461ffe6c0|[SessionFactory]create new session,sessionRecvBufferSize=67108864,allowMaxMsgSize=33554432,maxReadDataSize=40960,maxSendDataSize=1048576,maxSendMsgCountS=10,enableCompress=true
info|2026-02-07 00:24:32.160339|ioService-0x0000783461ffe6c0|[NETWORK][Host]startPeerSession, Remote=127.0.0.1:59882,local endpoint=127.0.0.1:30301,p2pid=3082010a0282010100b85dd5fdfbc4aa99dcef8477a2e1c08c304a63432923826f81b3d0d7d13e79a6ec265462b2f59e76106f8bad7efb849227798aaf7c20a2197e9a95a8ffbbc07f5ccb44d04e995013b9afd04bb77fb7dbfa0f13bd2d404980eae43fc147332e1542ee2d2e973596187bb8ad4dc63b0165052688b1f7fc4a2a8ccb020a55db8ee7b9a45bb901b1c03d94727648a8ec10bfbc854175981345d56f4c783b0211d91f0775e508d8b379b56935777d255f59b63fadc24b43862671f5cbe0d00fcfff7138124c8293f91740a0e0732346eeee748a42f65ddb81da461fce3e76ea6ff452913b80eb5b1dba016f7d4d94f66337cc6bea7a066b8277637aef12c2eba11da10203010001
info|2026-02-07 00:24:32.160545|ioService-0x0000783462bfe6c0|[NETWORK][Host]startPeerSession, Remote=127.0.0.1:59868,local endpoint=127.0.0.1:30301,p2pid=3082010a0282010100a492268b412bea3e8f972dff0dc52c521cd06884f53d90f3889c7014f7cb635c38a07b81af9630f2b04238a726b029af6b4b924e132710d2894b7175f12a5e323a7119afd27786b01965d49b9c885ff3768f40b9d57817bc1305124f40ced3b1ac99666773a3a64cce079e95acbc31d42f416aad362594008547aae561213b022db32ed9d1bd67df5c020bc44dcc073982b4566fd04048555b1ea84279063d5b1047e9f42776ef03677d2dd1454433fdb3feced3f41b92efdfeda545d56c1c9ba349584c9095f3ad9e31c2db11cbe3007ee7817f5846f87eb01c296d81b36dbbc765b4c7af74aface1276dd4fd91963729e495694b6af5c0d6111c49115a2c3f0203010001
info|2026-02-07 00:24:32.160600|fisco-bcos-0x00007834789be6c0|[P2PService][Service]onConnect,p2pid=3082010a0282010100b85dd5fdfbc4aa99dcef8477a2e1c08c304a63432923826f81b3d0d7d13e79a6ec265462b2f59e76106f8bad7efb849227798aaf7c20a2197e9a95a8ffbbc07f5ccb44d04e995013b9afd04bb77fb7dbfa0f13bd2d404980eae43fc147332e1542ee2d2e973596187bb8ad4dc63b0165052688b1f7fc4a2a8ccb020a55db8ee7b9a45bb901b1c03d94727648a8ec10bfbc854175981345d56f4c783b0211d91f0775e508d8b379b56935777d255f59b63fadc24b43862671f5cbe0d00fcfff7138124c8293f91740a0e0732346eeee748a42f65ddb81da461fce3e76ea6ff452913b80eb5b1dba016f7d4d94f66337cc6bea7a066b8277637aef12c2eba11da10203010001,endpoint=127.0.0.1
info|2026-02-07 00:24:32.160649|fisco-bcos-0x00007834779ff6c0|[P2PService][Service]onConnect,p2pid=3082010a0282010100a492268b412bea3e8f972dff0dc52c521cd06884f53d90f3889c7014f7cb635c38a07b81af9630f2b04238a726b029af6b4b924e132710d2894b7175f12a5e323a7119afd27786b01965d49b9c885ff3768f40b9d57817bc1305124f40ced3b1ac99666773a3a64cce079e95acbc31d42f416aad362594008547aae561213b022db32ed9d1bd67df5c020bc44dcc073982b4566fd04048555b1ea84279063d5b1047e9f42776ef03677d2dd1454433fdb3feced3f41b92efdfeda545d56c1c9ba349584c9095f3ad9e31c2db11cbe3007ee7817f5846f87eb01c296d81b36dbbc765b4c7af74aface1276dd4fd91963729e495694b6af5c0d6111c49115a2c3f0203010001,endpoint=127.0.0.1
info|2026-02-07 00:24:32.160881|fisco-bcos-0x00007834789be6c0|[P2PService][P2PSession][P2PSession::P2PSession] this=0x7834706141d0
info|2026-02-07 00:24:32.160970|fisco-bcos-0x00007834789be6c0|[SESSION][Session][start] start session ,this=0x78344fe5d1d0
info|2026-02-07 00:24:32.161050|fisco-bcos-0x00007834789be6c0|[P2PService][Service]asyncSendProtocol,payload=5,seq=142
info|2026-02-07 00:24:32.161136|fisco-bcos-0x00007834789be6c0|[P2PService][Router][updateDstNodeEntry]discover smaller distance, update entry,distance=1,oldDistance=10,dst=3082010a0282010100b85dd5fdfbc4aa99dcef8477a2e1c08c304a63432923826f81b3d0d7d13e79a6ec265462b2f59e76106f8bad7efb849227798aaf7c20a2197e9a95a8ffbbc07f5ccb44d04e995013b9afd04bb77fb7dbfa0f13bd2d404980eae43fc147332e1542ee2d2e973596187bb8ad4dc63b0165052688b1f7fc4a2a8ccb020a55db8ee7b9a45bb901b1c03d94727648a8ec10bfbc854175981345d56f4c783b0211d91f0775e508d8b379b56935777d255f59b63fadc24b43862671f5cbe0d00fcfff7138124c8293f91740a0e0732346eeee748a42f65ddb81da461fce3e76ea6ff452913b80eb5b1dba016f7d4d94f66337cc6bea7a066b8277637aef12c2eba11da10203010001,nextHop=,size=3
info|2026-02-07 00:24:32.161340|fisco-bcos-0x00007834789be6c0|[P2PService][Service2][onNewSession]update routerTable,dst=3082010a0282010100b85dd5fdfbc4aa99dcef8477a2e1c08c304a63432923826f81b3d0d7d13e79a6ec265462b2f59e76106f8bad7efb849227798aaf7c20a2197e9a95a8ffbbc07f5ccb44d04e995013b9afd04bb77fb7dbfa0f13bd2d404980eae43fc147332e1542ee2d2e973596187bb8ad4dc63b0165052688b1f7fc4a2a8ccb020a55db8ee7b9a45bb901b1c03d94727648a8ec10bfbc854175981345d56f4c783b0211d91f0775e508d8b379b56935777d255f59b63fadc24b43862671f5cbe0d00fcfff7138124c8293f91740a0e0732346eeee748a42f65ddb81da461fce3e76ea6ff452913b80eb5b1dba016f7d4d94f66337cc6bea7a066b8277637aef12c2eba11da10203010001
info|2026-02-07 00:24:32.161356|fisco-bcos-0x00007834789be6c0|[P2PService][Service]Connection established,p2pid=3082010a0282010100b85dd5fdfbc4aa99dcef8477a2e1c08c304a63432923826f81b3d0d7d13e79a6ec265462b2f59e76106f8bad7efb849227798aaf7c20a2197e9a95a8ffbbc07f5ccb44d04e995013b9afd04bb77fb7dbfa0f13bd2d404980eae43fc147332e1542ee2d2e973596187bb8ad4dc63b0165052688b1f7fc4a2a8ccb020a55db8ee7b9a45bb901b1c03d94727648a8ec10bfbc854175981345d56f4c783b0211d91f0775e508d8b379b56935777d255f59b63fadc24b43862671f5cbe0d00fcfff7138124c8293f91740a0e0732346eeee748a42f65ddb81da461fce3e76ea6ff452913b80eb5b1dba016f7d4d94f66337cc6bea7a066b8277637aef12c2eba11da10203010001,endpoint=127.0.0.1:59882
info|2026-02-07 00:24:32.161487|fisco-bcos-0x00007834779ff6c0|[P2PService][P2PSession][P2PSession::P2PSession] this=0x783476a1b1d0
info|2026-02-07 00:24:32.161519|fisco-bcos-0x00007834779ff6c0|[SESSION][Session][start] start session ,this=0x78344965d1d0
info|2026-02-07 00:24:32.161607|fisco-bcos-0x00007834779ff6c0|[P2PService][Service]asyncSendProtocol,payload=5,seq=144
info|2026-02-07 00:24:32.161629|fisco-bcos-0x00007834779ff6c0|[P2PService][Router][updateDstNodeEntry]discover smaller distance, update entry,distance=1,oldDistance=2,dst=3082010a0282010100a492268b412bea3e8f972dff0dc52c521cd06884f53d90f3889c7014f7cb635c38a07b81af9630f2b04238a726b029af6b4b924e132710d2894b7175f12a5e323a7119afd27786b01965d49b9c885ff3768f40b9d57817bc1305124f40ced3b1ac99666773a3a64cce079e95acbc31d42f416aad362594008547aae561213b022db32ed9d1bd67df5c020bc44dcc073982b4566fd04048555b1ea84279063d5b1047e9f42776ef03677d2dd1454433fdb3feced3f41b92efdfeda545d56c1c9ba349584c9095f3ad9e31c2db11cbe3007ee7817f5846f87eb01c296d81b36dbbc765b4c7af74aface1276dd4fd91963729e495694b6af5c0d6111c49115a2c3f0203010001,nextHop=,size=3
info|2026-02-07 00:24:32.161835|ioService-0x00007834617fd6c0|[NETWORK][Host]obtainP2pInfo ,node_info=3082010a0282010100a492268b412bea3e8f972dff0dc52c521cd06884f53d90f3889c7014f7cb635c38a07b81af9630f2b04238a726b029af6b4b924e132710d2894b7175f12a5e323a7119afd27786b01965d49b9c885ff3768f40b9d57817bc1305124f40ced3b1ac99666773a3a64cce079e95acbc31d42f416aad362594008547aae561213b022db32ed9d1bd67df5c020bc44dcc073982b4566fd04048555b1ea84279063d5b1047e9f42776ef03677d2dd1454433fdb3feced3f41b92efdfeda545d56c1c9ba349584c9095f3ad9e31c2db11cbe3007ee7817f5846f87eb01c296d81b36dbbc765b4c7af74aface1276dd4fd91963729e495694b6af5c0d6111c49115a2c3f0203010001#A492268B412BEA3E8F972DFF0DC52C521CD06884F53D90F3889C7014F7CB635C38A07B81AF9630F2B04238A726B029AF6B4B924E132710D2894B7175F12A5E323A7119AFD27786B01965D49B9C885FF3768F40B9D57817BC1305124F40CED3B1AC99666773A3A64CCE079E95ACBC31D42F416AAD362594008547AAE561213B022DB32ED9D1BD67DF5C020BC44DCC073982B4566FD04048555B1EA84279063D5B1047E9F42776EF03677D2DD1454433FDB3FECED3F41B92EFDFEDA545D56C1C9BA349584C9095F3AD9E31C2DB11CBE3007EE7817F5846F87EB01C296D81B36DBBC765B4C7AF74AFACE1276DD4FD91963729E495694B6AF5C0D6111C49115A2C3F#/CN=FISCO-BCOS-e9f43089/O=FISCO-BCOS-e9f43089/OU=chain#/CN=FISCO-BCOS-e9f43089/O=fisco-bcos/OU=agency,p2pid=3082010a0282010100a492268b412bea3e8f972dff0dc52c521cd06884f53d90f3889c7014f7cb635c38a07b81af9630f2b04238a726b029af6b4b924e132710d2894b7175f12a5e323a7119afd27786b01965d49b9c885ff3768f40b9d57817bc1305124f40ced3b1ac99666773a3a64cce079e95acbc31d42f416aad362594008547aae561213b022db32ed9d1bd67df5c020bc44dcc073982b4566fd04048555b1ea84279063d5b1047e9f42776ef03677d2dd1454433fdb3feced3f41b92efdfeda545d56c1c9ba349584c9095f3ad9e31c2db11cbe3007ee7817f5846f87eb01c296d81b36dbbc765b4c7af74aface1276dd4fd91963729e495694b6af5c0d6111c49115a2c3f0203010001
info|2026-02-07 00:24:32.161864|ioService-0x00007834617fd6c0|[NETWORK][Host]handshakeClient succ,local endpoint=127.0.0.1:51400
info|2026-02-07 00:24:32.162026|fisco-bcos-0x00007834779ff6c0|[P2PService][Service2][onNewSession]update routerTable,dst=3082010a0282010100a492268b412bea3e8f972dff0dc52c521cd06884f53d90f3889c7014f7cb635c38a07b81af9630f2b04238a726b029af6b4b924e132710d2894b7175f12a5e323a7119afd27786b01965d49b9c885ff3768f40b9d57817bc1305124f40ced3b1ac99666773a3a64cce079e95acbc31d42f416aad362594008547aae561213b022db32ed9d1bd67df5c020bc44dcc073982b4566fd04048555b1ea84279063d5b1047e9f42776ef03677d2dd1454433fdb3feced3f41b92efdfeda545d56c1c9ba349584c9095f3ad9e31c2db11cbe3007ee7817f5846f87eb01c296d81b36dbbc765b4c7af74aface1276dd4fd91963729e495694b6af5c0d6111c49115a2c3f0203010001
info|2026-02-07 00:24:32.162049|fisco-bcos-0x00007834779ff6c0|[P2PService][Service]Connection established,p2pid=3082010a0282010100a492268b412bea3e8f972dff0dc52c521cd06884f53d90f3889c7014f7cb635c38a07b81af9630f2b04238a726b029af6b4b924e132710d2894b7175f12a5e323a7119afd27786b01965d49b9c885ff3768f40b9d57817bc1305124f40ced3b1ac99666773a3a64cce079e95acbc31d42f416aad362594008547aae561213b022db32ed9d1bd67df5c020bc44dcc073982b4566fd04048555b1ea84279063d5b1047e9f42776ef03677d2dd1454433fdb3feced3f41b92efdfeda545d56c1c9ba349584c9095f3ad9e31c2db11cbe3007ee7817f5846f87eb01c296d81b36dbbc765b4c7af74aface1276dd4fd91963729e495694b6af5c0d6111c49115a2c3f0203010001,endpoint=127.0.0.1:59868
info|2026-02-07 00:24:32.162261|fisco-bcos-0x00007834779ff6c0|[P2PService][Service]onReceiveProtocol: protocolNegotiate success,peer=3082010a0282010100b85dd5fdfbc4aa99dcef8477a2e1c08c304a63432923826f81b3d0d7d13e79a6ec265462b2f59e76106f8bad7efb849227798aaf7c20a2197e9a95a8ffbbc07f5ccb44d04e995013b9afd04bb77fb7dbfa0f13bd2d404980eae43fc147332e1542ee2d2e973596187bb8ad4dc63b0165052688b1f7fc4a2a8ccb020a55db8ee7b9a45bb901b1c03d94727648a8ec10bfbc854175981345d56f4c783b0211d91f0775e508d8b379b56935777d255f59b63fadc24b43862671f5cbe0d00fcfff7138124c8293f91740a0e0732346eeee748a42f65ddb81da461fce3e76ea6ff452913b80eb5b1dba016f7d4d94f66337cc6bea7a066b8277637aef12c2eba11da10203010001,minVersion=0,maxVersion=2,supportMinVersion=0,supportMaxVersion=2,negotiatedVersion=2
info|2026-02-07 00:24:32.162358|fisco-bcos-0x00007834779ff6c0|[P2PService][Service2][onReceiveRouterSeq]receive router seq and request router table,peer=3082010a0282010100b85dd5fdfbc4aa99dcef8477a2e1c08c304a63432923826f81b3d0d7d13e79a6ec265462b2f59e76106f8bad7efb849227798aaf7c20a2197e9a95a8ffbbc07f5ccb44d04e995013b9afd04bb77fb7dbfa0f13bd2d404980eae43fc147332e1542ee2d2e973596187bb8ad4dc63b0165052688b1f7fc4a2a8ccb020a55db8ee7b9a45bb901b1c03d94727648a8ec10bfbc854175981345d56f4c783b0211d91f0775e508d8b379b56935777d255f59b63fadc24b43862671f5cbe0d00fcfff7138124c8293f91740a0e0732346eeee748a42f65ddb81da461fce3e76ea6ff452913b80eb5b1dba016f7d4d94f66337cc6bea7a066b8277637aef12c2eba11da10203010001,seq=7
info|2026-02-07 00:24:32.162769|fisco-bcos-0x00007834789be6c0|[P2PService][Service2][onReceiveRouterTableRequest],peer=3082010a02820101009d9833c7e1dbf7d476b1fd7227e247b488323cbd272862d096a4010035236b7d36e2aede87e4f36adfd2e2e44f2945e9a4170901f5865f04cb779a1c1e1fc2f3e56fc6ea80a2665d5da60fce851ccd94bb60aced8e256a551ebb6edcf78febb8eb8bbb3c4fab73bacd5675925d72c787a8d8e179c70b24c484ae98ea7cc956a196c0c8266073d549963e44bfee479261b4c7a5497320d8a89de71743baf1516450118e57b4b07227de0429adf0d02305ad79d40958f48b3c7d6802814fc5c25be7c54c85463c993254d08401e1c7c1cc5586b265a1616617cc2ba7f29e928ff792e4ff33ada9b1bb7ee5a43130da18ba109a9e2186dfa6c2dc1d823e9066e1590203010001,entrySize=3
info|2026-02-07 00:24:32.162866|fisco-bcos-0x00007834749fb6c0|[P2PService][Service2][onReceiveRouterTableRequest],peer=3082010a0282010100b85dd5fdfbc4aa99dcef8477a2e1c08c304a63432923826f81b3d0d7d13e79a6ec265462b2f59e76106f8bad7efb849227798aaf7c20a2197e9a95a8ffbbc07f5ccb44d04e995013b9afd04bb77fb7dbfa0f13bd2d404980eae43fc147332e1542ee2d2e973596187bb8ad4dc63b0165052688b1f7fc4a2a8ccb020a55db8ee7b9a45bb901b1c03d94727648a8ec10bfbc854175981345d56f4c783b0211d91f0775e508d8b379b56935777d255f59b63fadc24b43862671f5cbe0d00fcfff7138124c8293f91740a0e0732346eeee748a42f65ddb81da461fce3e76ea6ff452913b80eb5b1dba016f7d4d94f66337cc6bea7a066b8277637aef12c2eba11da10203010001,entrySize=3
info|2026-02-07 00:24:32.163490|ioService-0x00007834607fb6c0|[NETWORK][Host]obtainP2pInfo ,node_info=3082010a0282010100b85dd5fdfbc4aa99dcef8477a2e1c08c304a63432923826f81b3d0d7d13e79a6ec265462b2f59e76106f8bad7efb849227798aaf7c20a2197e9a95a8ffbbc07f5ccb44d04e995013b9afd04bb77fb7dbfa0f13bd2d404980eae43fc147332e1542ee2d2e973596187bb8ad4dc63b0165052688b1f7fc4a2a8ccb020a55db8ee7b9a45bb901b1c03d94727648a8ec10bfbc854175981345d56f4c783b0211d91f0775e508d8b379b56935777d255f59b63fadc24b43862671f5cbe0d00fcfff7138124c8293f91740a0e0732346eeee748a42f65ddb81da461fce3e76ea6ff452913b80eb5b1dba016f7d4d94f66337cc6bea7a066b8277637aef12c2eba11da10203010001#B85DD5FDFBC4AA99DCEF8477A2E1C08C304A63432923826F81B3D0D7D13E79A6EC265462B2F59E76106F8BAD7EFB849227798AAF7C20A2197E9A95A8FFBBC07F5CCB44D04E995013B9AFD04BB77FB7DBFA0F13BD2D404980EAE43FC147332E1542EE2D2E973596187BB8AD4DC63B0165052688B1F7FC4A2A8CCB020A55DB8EE7B9A45BB901B1C03D94727648A8EC10BFBC854175981345D56F4C783B0211D91F0775E508D8B379B56935777D255F59B63FADC24B43862671F5CBE0D00FCFFF7138124C8293F91740A0E0732346EEEE748A42F65DDB81DA461FCE3E76EA6FF452913B80EB5B1DBA016F7D4D94F66337CC6BEA7A066B8277637AEF12C2EBA11DA1#/CN=FISCO-BCOS-e9f43089/O=FISCO-BCOS-e9f43089/OU=chain#/CN=FISCO-BCOS-e9f43089/O=fisco-bcos/OU=agency,p2pid=3082010a0282010100b85dd5fdfbc4aa99dcef8477a2e1c08c304a63432923826f81b3d0d7d13e79a6ec265462b2f59e76106f8bad7efb849227798aaf7c20a2197e9a95a8ffbbc07f5ccb44d04e995013b9afd04bb77fb7dbfa0f13bd2d404980eae43fc147332e1542ee2d2e973596187bb8ad4dc63b0165052688b1f7fc4a2a8ccb020a55db8ee7b9a45bb901b1c03d94727648a8ec10bfbc854175981345d56f4c783b0211d91f0775e508d8b379b56935777d255f59b63fadc24b43862671f5cbe0d00fcfff7138124c8293f91740a0e0732346eeee748a42f65ddb81da461fce3e76ea6ff452913b80eb5b1dba016f7d4d94f66337cc6bea7a066b8277637aef12c2eba11da10203010001
info|2026-02-07 00:24:32.163522|ioService-0x00007834607fb6c0|[NETWORK][Host]handshakeClient succ,local endpoint=127.0.0.1:40766
info|2026-02-07 00:24:32.163646|ioService-0x00007834617fd6c0|[SESSION][Session][Session::Session] this=0x78344b6881d0,recvBufferSize=67108864
info|2026-02-07 00:24:32.163819|fisco-bcos-0x0000783473afa6c0|[P2PService][Service2][onReceiveRouterTableRequest],peer=3082010a02820101009d9833c7e1dbf7d476b1fd7227e247b488323cbd272862d096a4010035236b7d36e2aede87e4f36adfd2e2e44f2945e9a4170901f5865f04cb779a1c1e1fc2f3e56fc6ea80a2665d5da60fce851ccd94bb60aced8e256a551ebb6edcf78febb8eb8bbb3c4fab73bacd5675925d72c787a8d8e179c70b24c484ae98ea7cc956a196c0c8266073d549963e44bfee479261b4c7a5497320d8a89de71743baf1516450118e57b4b07227de0429adf0d02305ad79d40958f48b3c7d6802814fc5c25be7c54c85463c993254d08401e1c7c1cc5586b265a1616617cc2ba7f29e928ff792e4ff33ada9b1bb7ee5a43130da18ba109a9e2186dfa6c2dc1d823e9066e1590203010001,entrySize=3
info|2026-02-07 00:24:32.164179|fisco-bcos-0x0000783474dfc6c0|[P2PService][Service2][onReceiveRouterTableRequest],peer=3082010a0282010100b85dd5fdfbc4aa99dcef8477a2e1c08c304a63432923826f81b3d0d7d13e79a6ec265462b2f59e76106f8bad7efb849227798aaf7c20a2197e9a95a8ffbbc07f5ccb44d04e995013b9afd04bb77fb7dbfa0f13bd2d404980eae43fc147332e1542ee2d2e973596187bb8ad4dc63b0165052688b1f7fc4a2a8ccb020a55db8ee7b9a45bb901b1c03d94727648a8ec10bfbc854175981345d56f4c783b0211d91f0775e508d8b379b56935777d255f59b63fadc24b43862671f5cbe0d00fcfff7138124c8293f91740a0e0732346eeee748a42f65ddb81da461fce3e76ea6ff452913b80eb5b1dba016f7d4d94f66337cc6bea7a066b8277637aef12c2eba11da10203010001,entrySize=3
info|2026-02-07 00:24:32.164469|ioService-0x00007834455fb6c0|[P2PService][Service]onReceiveProtocol: protocolNegotiate success,peer=3082010a0282010100a492268b412bea3e8f972dff0dc52c521cd06884f53d90f3889c7014f7cb635c38a07b81af9630f2b04238a726b029af6b4b924e132710d2894b7175f12a5e323a7119afd27786b01965d49b9c885ff3768f40b9d57817bc1305124f40ced3b1ac99666773a3a64cce079e95acbc31d42f416aad362594008547aae561213b022db32ed9d1bd67df5c020bc44dcc073982b4566fd04048555b1ea84279063d5b1047e9f42776ef03677d2dd1454433fdb3feced3f41b92efdfeda545d56c1c9ba349584c9095f3ad9e31c2db11cbe3007ee7817f5846f87eb01c296d81b36dbbc765b4c7af74aface1276dd4fd91963729e495694b6af5c0d6111c49115a2c3f0203010001,minVersion=0,maxVersion=2,supportMinVersion=0,supportMaxVersion=2,negotiatedVersion=2
info|2026-02-07 00:24:32.165113|ioService-0x00007834617fd6c0|[SessionFactory]create new session,sessionRecvBufferSize=67108864,allowMaxMsgSize=33554432,maxReadDataSize=40960,maxSendDataSize=1048576,maxSendMsgCountS=10,enableCompress=true
info|2026-02-07 00:24:32.165432|ioService-0x00007834617fd6c0|[NETWORK][Host]startPeerSession, Remote=127.0.0.1:30300,local endpoint=127.0.0.1:51400,p2pid=3082010a0282010100a492268b412bea3e8f972dff0dc52c521cd06884f53d90f3889c7014f7cb635c38a07b81af9630f2b04238a726b029af6b4b924e132710d2894b7175f12a5e323a7119afd27786b01965d49b9c885ff3768f40b9d57817bc1305124f40ced3b1ac99666773a3a64cce079e95acbc31d42f416aad362594008547aae561213b022db32ed9d1bd67df5c020bc44dcc073982b4566fd04048555b1ea84279063d5b1047e9f42776ef03677d2dd1454433fdb3feced3f41b92efdfeda545d56c1c9ba349584c9095f3ad9e31c2db11cbe3007ee7817f5846f87eb01c296d81b36dbbc765b4c7af74aface1276dd4fd91963729e495694b6af5c0d6111c49115a2c3f0203010001
info|2026-02-07 00:24:32.165470|fisco-bcos-0x00007834795c16c0|[P2PService][Service]onConnect,p2pid=3082010a0282010100a492268b412bea3e8f972dff0dc52c521cd06884f53d90f3889c7014f7cb635c38a07b81af9630f2b04238a726b029af6b4b924e132710d2894b7175f12a5e323a7119afd27786b01965d49b9c885ff3768f40b9d57817bc1305124f40ced3b1ac99666773a3a64cce079e95acbc31d42f416aad362594008547aae561213b022db32ed9d1bd67df5c020bc44dcc073982b4566fd04048555b1ea84279063d5b1047e9f42776ef03677d2dd1454433fdb3feced3f41b92efdfeda545d56c1c9ba349584c9095f3ad9e31c2db11cbe3007ee7817f5846f87eb01c296d81b36dbbc765b4c7af74aface1276dd4fd91963729e495694b6af5c0d6111c49115a2c3f0203010001,endpoint=127.0.0.1
info|2026-02-07 00:24:32.165500|fisco-bcos-0x00007834795c16c0|[P2PService][Service]Disconnect duplicate peer,p2pid=3082010a0282010100a492268b412bea3e8f972dff0dc52c521cd06884f53d90f3889c7014f7cb635c38a07b81af9630f2b04238a726b029af6b4b924e132710d2894b7175f12a5e323a7119afd27786b01965d49b9c885ff3768f40b9d57817bc1305124f40ced3b1ac99666773a3a64cce079e95acbc31d42f416aad362594008547aae561213b022db32ed9d1bd67df5c020bc44dcc073982b4566fd04048555b1ea84279063d5b1047e9f42776ef03677d2dd1454433fdb3feced3f41b92efdfeda545d56c1c9ba349584c9095f3ad9e31c2db11cbe3007ee7817f5846f87eb01c296d81b36dbbc765b4c7af74aface1276dd4fd91963729e495694b6af5c0d6111c49115a2c3f0203010001
info|2026-02-07 00:24:32.165637|fisco-bcos-0x00007834795c16c0|[P2PService][Service]updateStaticNodes,nodeid=3082010a0282010100a492268b412bea3e8f972dff0dc52c521cd06884f53d90f3889c7014f7cb635c38a07b81af9630f2b04238a726b029af6b4b924e132710d2894b7175f12a5e323a7119afd27786b01965d49b9c885ff3768f40b9d57817bc1305124f40ced3b1ac99666773a3a64cce079e95acbc31d42f416aad362594008547aae561213b022db32ed9d1bd67df5c020bc44dcc073982b4566fd04048555b1ea84279063d5b1047e9f42776ef03677d2dd1454433fdb3feced3f41b92efdfeda545d56c1c9ba349584c9095f3ad9e31c2db11cbe3007ee7817f5846f87eb01c296d81b36dbbc765b4c7af74aface1276dd4fd91963729e495694b6af5c0d6111c49115a2c3f0203010001,endpoint=127.0.0.1:30300
info|2026-02-07 00:24:32.165658|fisco-bcos-0x00007834795c16c0|[SESSION][Session][Session::~Session] this=0x78344b6881d0
info|2026-02-07 00:24:32.165757|fisco-bcos-0x00007834799c26c0|[P2PService][Service2][onReceivePeersRouterTable],peer=3082010a0282010100b85dd5fdfbc4aa99dcef8477a2e1c08c304a63432923826f81b3d0d7d13e79a6ec265462b2f59e76106f8bad7efb849227798aaf7c20a2197e9a95a8ffbbc07f5ccb44d04e995013b9afd04bb77fb7dbfa0f13bd2d404980eae43fc147332e1542ee2d2e973596187bb8ad4dc63b0165052688b1f7fc4a2a8ccb020a55db8ee7b9a45bb901b1c03d94727648a8ec10bfbc854175981345d56f4c783b0211d91f0775e508d8b379b56935777d255f59b63fadc24b43862671f5cbe0d00fcfff7138124c8293f91740a0e0732346eeee748a42f65ddb81da461fce3e76ea6ff452913b80eb5b1dba016f7d4d94f66337cc6bea7a066b8277637aef12c2eba11da10203010001,entrySize=3
info|2026-02-07 00:24:32.165886|fisco-bcos-0x00007834799c26c0|[P2PService][Service2][joinRouterTable]create router entry,dst=3082010a0282010100b85dd5fdfbc4aa99dcef8477a2e1c08c304a63432923826f81b3d0d7d13e79a6ec265462b2f59e76106f8bad7efb849227798aaf7c20a2197e9a95a8ffbbc07f5ccb44d04e995013b9afd04bb77fb7dbfa0f13bd2d404980eae43fc147332e1542ee2d2e973596187bb8ad4dc63b0165052688b1f7fc4a2a8ccb020a55db8ee7b9a45bb901b1c03d94727648a8ec10bfbc854175981345d56f4c783b0211d91f0775e508d8b379b56935777d255f59b63fadc24b43862671f5cbe0d00fcfff7138124c8293f91740a0e0732346eeee748a42f65ddb81da461fce3e76ea6ff452913b80eb5b1dba016f7d4d94f66337cc6bea7a066b8277637aef12c2eba11da10203010001
info|2026-02-07 00:24:32.166052|ioService-0x00007834607fb6c0|[SESSION][Session][Session::Session] this=0x78345e0861d0,recvBufferSize=67108864
info|2026-02-07 00:24:32.166297|ioService-0x00007834607fb6c0|[SessionFactory]create new session,sessionRecvBufferSize=67108864,allowMaxMsgSize=33554432,maxReadDataSize=40960,maxSendDataSize=1048576,maxSendMsgCountS=10,enableCompress=true
info|2026-02-07 00:24:32.166489|ioService-0x00007834607fb6c0|[NETWORK][Host]startPeerSession, Remote=127.0.0.1:30303,local endpoint=127.0.0.1:40766,p2pid=3082010a0282010100b85dd5fdfbc4aa99dcef8477a2e1c08c304a63432923826f81b3d0d7d13e79a6ec265462b2f59e76106f8bad7efb849227798aaf7c20a2197e9a95a8ffbbc07f5ccb44d04e995013b9afd04bb77fb7dbfa0f13bd2d404980eae43fc147332e1542ee2d2e973596187bb8ad4dc63b0165052688b1f7fc4a2a8ccb020a55db8ee7b9a45bb901b1c03d94727648a8ec10bfbc854175981345d56f4c783b0211d91f0775e508d8b379b56935777d255f59b63fadc24b43862671f5cbe0d00fcfff7138124c8293f91740a0e0732346eeee748a42f65ddb81da461fce3e76ea6ff452913b80eb5b1dba016f7d4d94f66337cc6bea7a066b8277637aef12c2eba11da10203010001
info|2026-02-07 00:24:32.166653|fisco-bcos-0x00007834779ff6c0|[P2PService][Service]onConnect,p2pid=3082010a0282010100b85dd5fdfbc4aa99dcef8477a2e1c08c304a63432923826f81b3d0d7d13e79a6ec265462b2f59e76106f8bad7efb849227798aaf7c20a2197e9a95a8ffbbc07f5ccb44d04e995013b9afd04bb77fb7dbfa0f13bd2d404980eae43fc147332e1542ee2d2e973596187bb8ad4dc63b0165052688b1f7fc4a2a8ccb020a55db8ee7b9a45bb901b1c03d94727648a8ec10bfbc854175981345d56f4c783b0211d91f0775e508d8b379b56935777d255f59b63fadc24b43862671f5cbe0d00fcfff7138124c8293f91740a0e0732346eeee748a42f65ddb81da461fce3e76ea6ff452913b80eb5b1dba016f7d4d94f66337cc6bea7a066b8277637aef12c2eba11da10203010001,endpoint=127.0.0.1
info|2026-02-07 00:24:32.166753|fisco-bcos-0x00007834779ff6c0|[P2PService][Service]Disconnect duplicate peer,p2pid=3082010a0282010100b85dd5fdfbc4aa99dcef8477a2e1c08c304a63432923826f81b3d0d7d13e79a6ec265462b2f59e76106f8bad7efb849227798aaf7c20a2197e9a95a8ffbbc07f5ccb44d04e995013b9afd04bb77fb7dbfa0f13bd2d404980eae43fc147332e1542ee2d2e973596187bb8ad4dc63b0165052688b1f7fc4a2a8ccb020a55db8ee7b9a45bb901b1c03d94727648a8ec10bfbc854175981345d56f4c783b0211d91f0775e508d8b379b56935777d255f59b63fadc24b43862671f5cbe0d00fcfff7138124c8293f91740a0e0732346eeee748a42f65ddb81da461fce3e76ea6ff452913b80eb5b1dba016f7d4d94f66337cc6bea7a066b8277637aef12c2eba11da10203010001
info|2026-02-07 00:24:32.166777|fisco-bcos-0x00007834779ff6c0|[P2PService][Service]updateStaticNodes,nodeid=3082010a0282010100b85dd5fdfbc4aa99dcef8477a2e1c08c304a63432923826f81b3d0d7d13e79a6ec265462b2f59e76106f8bad7efb849227798aaf7c20a2197e9a95a8ffbbc07f5ccb44d04e995013b9afd04bb77fb7dbfa0f13bd2d404980eae43fc147332e1542ee2d2e973596187bb8ad4dc63b0165052688b1f7fc4a2a8ccb020a55db8ee7b9a45bb901b1c03d94727648a8ec10bfbc854175981345d56f4c783b0211d91f0775e508d8b379b56935777d255f59b63fadc24b43862671f5cbe0d00fcfff7138124c8293f91740a0e0732346eeee748a42f65ddb81da461fce3e76ea6ff452913b80eb5b1dba016f7d4d94f66337cc6bea7a066b8277637aef12c2eba11da10203010001,endpoint=127.0.0.1:30303
info|2026-02-07 00:24:32.166810|fisco-bcos-0x00007834779ff6c0|[SESSION][Session][Session::~Session] this=0x78345e0861d0
info|2026-02-07 00:24:32.207214|fisco-bcos-0x0000783472fff6c0|[P2PService][Service2][onReceiveRouterSeq]receive router seq and request router table,peer=3082010a0282010100a492268b412bea3e8f972dff0dc52c521cd06884f53d90f3889c7014f7cb635c38a07b81af9630f2b04238a726b029af6b4b924e132710d2894b7175f12a5e323a7119afd27786b01965d49b9c885ff3768f40b9d57817bc1305124f40ced3b1ac99666773a3a64cce079e95acbc31d42f416aad362594008547aae561213b022db32ed9d1bd67df5c020bc44dcc073982b4566fd04048555b1ea84279063d5b1047e9f42776ef03677d2dd1454433fdb3feced3f41b92efdfeda545d56c1c9ba349584c9095f3ad9e31c2db11cbe3007ee7817f5846f87eb01c296d81b36dbbc765b4c7af74aface1276dd4fd91963729e495694b6af5c0d6111c49115a2c3f0203010001,seq=7
info|2026-02-07 00:24:32.207354|ioService-0x0000783443bff6c0|[P2PService][Service2][onReceiveRouterTableRequest],peer=3082010a0282010100a492268b412bea3e8f972dff0dc52c521cd06884f53d90f3889c7014f7cb635c38a07b81af9630f2b04238a726b029af6b4b924e132710d2894b7175f12a5e323a7119afd27786b01965d49b9c885ff3768f40b9d57817bc1305124f40ced3b1ac99666773a3a64cce079e95acbc31d42f416aad362594008547aae561213b022db32ed9d1bd67df5c020bc44dcc073982b4566fd04048555b1ea84279063d5b1047e9f42776ef03677d2dd1454433fdb3feced3f41b92efdfeda545d56c1c9ba349584c9095f3ad9e31c2db11cbe3007ee7817f5846f87eb01c296d81b36dbbc765b4c7af74aface1276dd4fd91963729e495694b6af5c0d6111c49115a2c3f0203010001,entrySize=3
info|2026-02-07 00:24:32.208157|fisco-bcos-0x0000783473afa6c0|[P2PService][Service2][onReceivePeersRouterTable],peer=3082010a0282010100a492268b412bea3e8f972dff0dc52c521cd06884f53d90f3889c7014f7cb635c38a07b81af9630f2b04238a726b029af6b4b924e132710d2894b7175f12a5e323a7119afd27786b01965d49b9c885ff3768f40b9d57817bc1305124f40ced3b1ac99666773a3a64cce079e95acbc31d42f416aad362594008547aae561213b022db32ed9d1bd67df5c020bc44dcc073982b4566fd04048555b1ea84279063d5b1047e9f42776ef03677d2dd1454433fdb3feced3f41b92efdfeda545d56c1c9ba349584c9095f3ad9e31c2db11cbe3007ee7817f5846f87eb01c296d81b36dbbc765b4c7af74aface1276dd4fd91963729e495694b6af5c0d6111c49115a2c3f0203010001,entrySize=3
info|2026-02-07 00:24:32.208192|fisco-bcos-0x0000783473afa6c0|[P2PService][Service2][joinRouterTable]create router entry,dst=3082010a0282010100a492268b412bea3e8f972dff0dc52c521cd06884f53d90f3889c7014f7cb635c38a07b81af9630f2b04238a726b029af6b4b924e132710d2894b7175f12a5e323a7119afd27786b01965d49b9c885ff3768f40b9d57817bc1305124f40ced3b1ac99666773a3a64cce079e95acbc31d42f416aad362594008547aae561213b022db32ed9d1bd67df5c020bc44dcc073982b4566fd04048555b1ea84279063d5b1047e9f42776ef03677d2dd1454433fdb3feced3f41b92efdfeda545d56c1c9ba349584c9095f3ad9e31c2db11cbe3007ee7817f5846f87eb01c296d81b36dbbc765b4c7af74aface1276dd4fd91963729e495694b6af5c0d6111c49115a2c3f0203010001
info|2026-02-07 00:24:32.270280|amopDispatcher-0x00007834a09fd6c0|[AMOP][AMOP][onReceiveTopicSeqMessage][try to request latest AMOP information],nodeID=3082010a0282010100b85dd5fdfbc4aa99dcef8477a2e1c08c304a63432923826f81b3d0d7d13e79a6ec265462b2f59e76106f8bad7efb849227798aaf7c20a2197e9a95a8ffbbc07f5ccb44d04e995013b9afd04bb77fb7dbfa0f13bd2d404980eae43fc147332e1542ee2d2e973596187bb8ad4dc63b0165052688b1f7fc4a2a8ccb020a55db8ee7b9a45bb901b1c03d94727648a8ec10bfbc854175981345d56f4c783b0211d91f0775e508d8b379b56935777d255f59b63fadc24b43862671f5cbe0d00fcfff7138124c8293f91740a0e0732346eeee748a42f65ddb81da461fce3e76ea6ff452913b80eb5b1dba016f7d4d94f66337cc6bea7a066b8277637aef12c2eba11da10203010001,topicSeq=1
info|2026-02-07 00:24:32.271449|fisco-bcos-0x00007834759fe6c0|[Gateway][GatewayNodeManager]onReceiveNodeStatus,from=3082010a0282010100b85dd5fdfbc4aa99dcef8477a2e1c08c304a63432923826f81b3d0d7d13e79a6ec265462b2f59e76106f8bad7efb849227798aaf7c20a2197e9a95a8ffbbc07f5ccb44d04e995013b9afd04bb77fb7dbfa0f13bd2d404980eae43fc147332e1542ee2d2e973596187bb8ad4dc63b0165052688b1f7fc4a2a8ccb020a55db8ee7b9a45bb901b1c03d94727648a8ec10bfbc854175981345d56f4c783b0211d91f0775e508d8b379b56935777d255f59b63fadc24b43862671f5cbe0d00fcfff7138124c8293f91740a0e0732346eeee748a42f65ddb81da461fce3e76ea6ff452913b80eb5b1dba016f7d4d94f66337cc6bea7a066b8277637aef12c2eba11da10203010001,seq=3,uuid=3082010a0282010100b85dd5fdfbc4aa99dcef8477a2e1c08c304a63432923826f81b3d0d7d13e79a6ec265462b2f59e76106f8bad7efb849227798aaf7c20a2197e9a95a8ffbbc07f5ccb44d04e995013b9afd04bb77fb7dbfa0f13bd2d404980eae43fc147332e1542ee2d2e973596187bb8ad4dc63b0165052688b1f7fc4a2a8ccb020a55db8ee7b9a45bb901b1c03d94727648a8ec10bfbc854175981345d56f4c783b0211d91f0775e508d8b379b56935777d255f59b63fadc24b43862671f5cbe0d00fcfff7138124c8293f91740a0e0732346eeee748a42f65ddb81da461fce3e76ea6ff452913b80eb5b1dba016f7d4d94f66337cc6bea7a066b8277637aef12c2eba11da10203010001
info|2026-02-07 00:24:32.271477|fisco-bcos-0x00007834759fe6c0|[Gateway][Router]updatePeerStatus,gatewayUUID=3082010a0282010100b85dd5fdfbc4aa99dcef8477a2e1c08c304a63432923826f81b3d0d7d13e79a6ec265462b2f59e76106f8bad7efb849227798aaf7c20a2197e9a95a8ffbbc07f5ccb44d04e995013b9afd04bb77fb7dbfa0f13bd2d404980eae43fc147332e1542ee2d2e973596187bb8ad4dc63b0165052688b1f7fc4a2a8ccb020a55db8ee7b9a45bb901b1c03d94727648a8ec10bfbc854175981345d56f4c783b0211d91f0775e508d8b379b56935777d255f59b63fadc24b43862671f5cbe0d00fcfff7138124c8293f91740a0e0732346eeee748a42f65ddb81da461fce3e76ea6ff452913b80eb5b1dba016f7d4d94f66337cc6bea7a066b8277637aef12c2eba11da10203010001,nodeList=1
info|2026-02-07 00:24:32.271570|fisco-bcos-0x00007834759fe6c0|[Gateway][Router]batchInsertNodeList,group=group0,nodeIDs=1,protocols=1
info|2026-02-07 00:24:32.271584|fisco-bcos-0x00007834759fe6c0|[Gateway][Router]GatewayStatus: update,group=group0,type=0,p2pID=3082010a0282010100b85dd5fdfbc4aa99dcef8477a2e1c08c304a63432923826f81b3d0d7d13e79a6ec265462b2f59e76106f8bad7efb849227798aaf7c20a2197e9a95a8ffbbc07f5ccb44d04e995013b9afd04bb77fb7dbfa0f13bd2d404980eae43fc147332e1542ee2d2e973596187bb8ad4dc63b0165052688b1f7fc4a2a8ccb020a55db8ee7b9a45bb901b1c03d94727648a8ec10bfbc854175981345d56f4c783b0211d91f0775e508d8b379b56935777d255f59b63fadc24b43862671f5cbe0d00fcfff7138124c8293f91740a0e0732346eeee748a42f65ddb81da461fce3e76ea6ff452913b80eb5b1dba016f7d4d94f66337cc6bea7a066b8277637aef12c2eba11da10203010001
info|2026-02-07 00:24:32.271595|fisco-bcos-0x00007834759fe6c0|[Gateway][GatewayNodeManager]syncLatestNodeIDList,groupID=group0,nodeCount=4
info|2026-02-07 00:24:32.271601|fisco-bcos-0x00007834759fe6c0|[FrontService]protocolNegotiate success,nodeID=21a47acec36f73d8e925a7d5db44793f998e1a42a6d7ee2e3a5cf4037b853452cb76f6cbab8e5b223a128e8ee15790d1f629858b47070b4eb2e1ddb2b0ada297,groupID=group0,minVersion=0,maxVersion=2,supportedMinVersion=0,supportedMaxVersion=2,version=2
info|2026-02-07 00:24:32.271606|fisco-bcos-0x00007834759fe6c0|[FrontService]protocolNegotiate success,nodeID=0d6a7f52cb87ce7fda869e0db309ec9c53723c46f81632c21e4abbf1a9159f14d53f37cc0c4141548da9ec877d6235afd7a501c40d296fc4c5252a8717aa23c2,groupID=group0,minVersion=0,maxVersion=2,supportedMinVersion=0,supportedMaxVersion=2,version=2
info|2026-02-07 00:24:32.271609|fisco-bcos-0x00007834759fe6c0|[FrontService]protocolNegotiate success,nodeID=2346c69c46d42278eb237167eb19eb28432b63783cc0fd7cddc90f89c148e755db8941be9b0c5f37cbc21c409a78c154abc75ce0c80818c6fbb76aea6bcd0a9a,groupID=group0,minVersion=0,maxVersion=2,supportedMinVersion=0,supportedMaxVersion=2,version=2
info|2026-02-07 00:24:32.271612|fisco-bcos-0x00007834759fe6c0|[FrontService]protocolNegotiate success,nodeID=5b07d12d1512a66493c8fd3456d8c505e6ce05f20061613a4c48a1fa3755bbf9cc2d2f1878c4a6733389f03deb0a3fc0c672e2f4910fde9802d6675929cb3dc5,groupID=group0,minVersion=0,maxVersion=2,supportedMinVersion=0,supportedMaxVersion=2,version=2
info|2026-02-07 00:24:32.271616|fisco-bcos-0x00007834759fe6c0|[FrontService]onReceiveGroupNodeInfo,groupID=group0,nodeIDs.size()=4
info|2026-02-07 00:24:32.271648|fisco-bcos-0x0000783479dc36c0|SyncConfig: setConnectedNodeList,size=4
info|2026-02-07 00:24:32.271824|amopDispatcher-0x00007834a09fd6c0|[AMOP][TOPIC][parseTopicItemsJson],topicSeq=1,topicItems size=0,json={"topicItems":[],"topicSeq":1}
info|2026-02-07 00:24:32.271842|amopDispatcher-0x00007834a09fd6c0|[AMOP][TOPIC][updateSeqAndTopicsByNodeID],nodeID=3082010a0282010100b85dd5fdfbc4aa99dcef8477a2e1c08c304a63432923826f81b3d0d7d13e79a6ec265462b2f59e76106f8bad7efb849227798aaf7c20a2197e9a95a8ffbbc07f5ccb44d04e995013b9afd04bb77fb7dbfa0f13bd2d404980eae43fc147332e1542ee2d2e973596187bb8ad4dc63b0165052688b1f7fc4a2a8ccb020a55db8ee7b9a45bb901b1c03d94727648a8ec10bfbc854175981345d56f4c783b0211d91f0775e508d8b379b56935777d255f59b63fadc24b43862671f5cbe0d00fcfff7138124c8293f91740a0e0732346eeee748a42f65ddb81da461fce3e76ea6ff452913b80eb5b1dba016f7d4d94f66337cc6bea7a066b8277637aef12c2eba11da10203010001,topicSeq=1,topicItems size=0
info|2026-02-07 00:24:32.271962|fisco-bcos-0x0000783479dc36c0|SyncConfig: setConnectedNodeList,size=4
info|2026-02-07 00:24:32.271978|fisco-bcos-0x0000783479dc36c0|[FRONTSERVICE]notifyGroupNodeInfo,connectedNodeSize=4
info|2026-02-07 00:24:32.272471|fisco-bcos-0x00007834789be6c0|[Gateway][GatewayNodeManager]generateNodeStatus,groupType=0,groupID=group0,nodeListSize=1,nodeTypeListSize=1,seq=3
info|2026-02-07 00:24:32.272521|fisco-bcos-0x00007834789be6c0|[Gateway][GatewayNodeManager]generateNodeStatus,nodeListSize=1
info|2026-02-07 00:24:32.274498|amopDispatcher-0x00007834a09fd6c0|[AMOP][AMOP][onReceiveRequestTopicMessage],nodeID=3082010a0282010100b85dd5fdfbc4aa99dcef8477a2e1c08c304a63432923826f81b3d0d7d13e79a6ec265462b2f59e76106f8bad7efb849227798aaf7c20a2197e9a95a8ffbbc07f5ccb44d04e995013b9afd04bb77fb7dbfa0f13bd2d404980eae43fc147332e1542ee2d2e973596187bb8ad4dc63b0165052688b1f7fc4a2a8ccb020a55db8ee7b9a45bb901b1c03d94727648a8ec10bfbc854175981345d56f4c783b0211d91f0775e508d8b379b56935777d255f59b63fadc24b43862671f5cbe0d00fcfff7138124c8293f91740a0e0732346eeee748a42f65ddb81da461fce3e76ea6ff452913b80eb5b1dba016f7d4d94f66337cc6bea7a066b8277637aef12c2eba11da10203010001,topicJson={"topicItems":[],"topicSeq":1}
info|2026-02-07 00:24:32.296645|ioService-0x0000783445dfc6c0|[TIMESYNC]updateTimeInfo: update median time offset,updatedMedianTimeOffset=0,peer=5b07d12d...,peerTime=1770395072296,peerOffset=0,utcTime=1770395072296
info|2026-02-07 00:24:42.151855|ioService-0x000078346adff6c0|[P2PService][Service][METRIC]heartBeat,connected count=3
info|2026-02-07 00:24:42.278559|timerFactory-0x000078345bdff6c0|[RPC][WS][SERVICE]connected nodes,count=0
info|2026-02-07 00:24:52.152089|ioService-0x000078346adff6c0|[P2PService][Service][METRIC]heartBeat,connected count=3
info|2026-02-07 00:24:52.278896|timerFactory-0x000078345bdff6c0|[RPC][WS][SERVICE]connected nodes,count=0
info|2026-02-07 00:25:02.152315|ioService-0x000078346adff6c0|[P2PService][Service][METRIC]heartBeat,connected count=3
info|2026-02-07 00:25:02.404820|timerFactory-0x000078345bdff6c0|[RPC][WS][SERVICE]connected nodes,count=0
info|2026-02-07 00:25:12.152505|ioService-0x000078346adff6c0|[P2PService][Service][METRIC]heartBeat,connected count=3
info|2026-02-07 00:25:12.405010|timerFactory-0x000078345bdff6c0|[RPC][WS][SERVICE]connected nodes,count=0
info|2026-02-07 00:25:22.152587|ioService-0x000078346adff6c0|[P2PService][Service][METRIC]heartBeat,connected count=3
info|2026-02-07 00:25:22.404639|objMonitor-0x000078344c3fc6c0|[startMonitor][AliveObjectMonitor],AliveObjectAllocStat=[ type: bcos::gateway::Socket ,created: 13 ,destroyed: 9 ,alive: 4 ] 
info|2026-02-07 00:25:22.405338|timerFactory-0x000078345bdff6c0|[RPC][WS][SERVICE]connected nodes,count=0
info|2026-02-07 00:25:32.152786|ioService-0x000078346adff6c0|[P2PService][Service][METRIC]heartBeat,connected count=3
info|2026-02-07 00:25:32.512054|timerFactory-0x000078345bdff6c0|[RPC][WS][SERVICE]connected nodes,count=0
info|2026-02-07 00:25:42.152999|ioService-0x000078346adff6c0|[P2PService][Service][METRIC]heartBeat,connected count=3
info|2026-02-07 00:25:42.512527|timerFactory-0x000078345bdff6c0|[RPC][WS][SERVICE]connected nodes,count=0
info|2026-02-07 00:25:52.153299|ioService-0x000078346adff6c0|[P2PService][Service][METRIC]heartBeat,connected count=3
info|2026-02-07 00:25:52.512819|timerFactory-0x000078345bdff6c0|[RPC][WS][SERVICE]connected nodes,count=0
info|2026-02-07 00:26:02.153814|ioService-0x000078346adff6c0|[P2PService][Service][METRIC]heartBeat,connected count=3
info|2026-02-07 00:26:02.618684|timerFactory-0x000078345bdff6c0|[RPC][WS][SERVICE]connected nodes,count=0
info|2026-02-07 00:26:12.154104|ioService-0x000078346adff6c0|[P2PService][Service][METRIC]heartBeat,connected count=3
info|2026-02-07 00:26:12.618996|timerFactory-0x000078345bdff6c0|[RPC][WS][SERVICE]connected nodes,count=0
info|2026-02-07 00:26:22.154264|ioService-0x000078346adff6c0|[P2PService][Service][METRIC]heartBeat,connected count=3
info|2026-02-07 00:26:22.616893|objMonitor-0x000078344c3fc6c0|[startMonitor][AliveObjectMonitor],AliveObjectAllocStat=[ type: bcos::gateway::Socket ,created: 13 ,destroyed: 9 ,alive: 4 ] 
info|2026-02-07 00:26:22.619175|timerFactory-0x000078345bdff6c0|[RPC][WS][SERVICE]connected nodes,count=0
info|2026-02-07 00:26:32.154463|ioService-0x000078346adff6c0|[P2PService][Service][METRIC]heartBeat,connected count=3
info|2026-02-07 00:26:32.726678|timerFactory-0x000078345bdff6c0|[RPC][WS][SERVICE]connected nodes,count=0
info|2026-02-07 00:26:42.154842|ioService-0x000078346adff6c0|[P2PService][Service][METRIC]heartBeat,connected count=3
info|2026-02-07 00:26:42.726815|timerFactory-0x000078345bdff6c0|[RPC][WS][SERVICE]connected nodes,count=0
info|2026-02-07 00:26:52.155106|ioService-0x000078346adff6c0|[P2PService][Service][METRIC]heartBeat,connected count=3
info|2026-02-07 00:26:52.727112|timerFactory-0x000078345bdff6c0|[RPC][WS][SERVICE]connected nodes,count=0
info|2026-02-07 00:27:02.155368|ioService-0x000078346adff6c0|[P2PService][Service][METRIC]heartBeat,connected count=3
info|2026-02-07 00:27:02.839832|timerFactory-0x000078345bdff6c0|[RPC][WS][SERVICE]connected nodes,count=0
info|2026-02-07 00:27:12.155524|ioService-0x000078346adff6c0|[P2PService][Service][METRIC]heartBeat,connected count=3
info|2026-02-07 00:27:12.840032|timerFactory-0x000078345bdff6c0|[RPC][WS][SERVICE]connected nodes,count=0
info|2026-02-07 00:27:22.155718|ioService-0x000078346adff6c0|[P2PService][Service][METRIC]heartBeat,connected count=3
info|2026-02-07 00:27:22.837537|objMonitor-0x000078344c3fc6c0|[startMonitor][AliveObjectMonitor],AliveObjectAllocStat=[ type: bcos::gateway::Socket ,created: 13 ,destroyed: 9 ,alive: 4 ] 
info|2026-02-07 00:27:22.840146|timerFactory-0x000078345bdff6c0|[RPC][WS][SERVICE]connected nodes,count=0
info|2026-02-07 00:27:32.155844|ioService-0x000078346adff6c0|[P2PService][Service][METRIC]heartBeat,connected count=3
info|2026-02-07 00:27:32.948842|timerFactory-0x000078345bdff6c0|[RPC][WS][SERVICE]connected nodes,count=0
info|2026-02-07 00:27:41.455687|ioService-0x0000783462bfe6c0|[SESSION][Session]doRead error,endpoint=127.0.0.1:59868,message=stream truncated
info|2026-02-07 00:27:41.455723|ioService-0x0000783462bfe6c0|[SESSION][Session]drop, call and erase all callback in this session!,this=0x78344965d1d0,endpoint=127.0.0.1:59868
info|2026-02-07 00:27:41.455766|ioService-0x0000783462bfe6c0|[SESSION][Session][drop] closing remote 127.0.0.1:59868,reason=Low-level TCP communication error.,endpoint=127.0.0.1:59868
warning|2026-02-07 00:27:41.455851|ioService-0x0000783444dfa6c0|[P2PService][Service2][onMessage],code=3,msg=Disconnect
info|2026-02-07 00:27:41.455864|ioService-0x0000783462bfe6c0|[SESSION][Session][drop] shutdown failed ,failedValue=9,message=Bad file descriptor
info|2026-02-07 00:27:41.455880|ioService-0x0000783444dfa6c0|[P2PService][Service]disconnect error P2PSession,p2pid=3082010a0282010100a492268b412bea3e8f972dff0dc52c521cd06884f53d90f3889c7014f7cb635c38a07b81af9630f2b04238a726b029af6b4b924e132710d2894b7175f12a5e323a7119afd27786b01965d49b9c885ff3768f40b9d57817bc1305124f40ced3b1ac99666773a3a64cce079e95acbc31d42f416aad362594008547aae561213b022db32ed9d1bd67df5c020bc44dcc073982b4566fd04048555b1ea84279063d5b1047e9f42776ef03677d2dd1454433fdb3feced3f41b92efdfeda545d56c1c9ba349584c9095f3ad9e31c2db11cbe3007ee7817f5846f87eb01c296d81b36dbbc765b4c7af74aface1276dd4fd91963729e495694b6af5c0d6111c49115a2c3f0203010001,endpoint=127.0.0.1:59868,code=3,message=Disconnect
info|2026-02-07 00:27:41.455888|ioService-0x0000783444dfa6c0|[Gateway][GatewayNodeManager]onRemoveNodeIDs,p2pid=3082010a0282010100a492268b412bea3e8f972dff0dc52c521cd06884f53d90f3889c7014f7cb635c38a07b81af9630f2b04238a726b029af6b4b924e132710d2894b7175f12a5e323a7119afd27786b01965d49b9c885ff3768f40b9d57817bc1305124f40ced3b1ac99666773a3a64cce079e95acbc31d42f416aad362594008547aae561213b022db32ed9d1bd67df5c020bc44dcc073982b4566fd04048555b1ea84279063d5b1047e9f42776ef03677d2dd1454433fdb3feced3f41b92efdfeda545d56c1c9ba349584c9095f3ad9e31c2db11cbe3007ee7817f5846f87eb01c296d81b36dbbc765b4c7af74aface1276dd4fd91963729e495694b6af5c0d6111c49115a2c3f0203010001
info|2026-02-07 00:27:41.455898|ioService-0x0000783444dfa6c0|[Gateway][Router]PeersRouterTable: removeP2PID,p2pID=3082010a0282010100a492268b412bea3e8f972dff0dc52c521cd06884f53d90f3889c7014f7cb635c38a07b81af9630f2b04238a726b029af6b4b924e132710d2894b7175f12a5e323a7119afd27786b01965d49b9c885ff3768f40b9d57817bc1305124f40ced3b1ac99666773a3a64cce079e95acbc31d42f416aad362594008547aae561213b022db32ed9d1bd67df5c020bc44dcc073982b4566fd04048555b1ea84279063d5b1047e9f42776ef03677d2dd1454433fdb3feced3f41b92efdfeda545d56c1c9ba349584c9095f3ad9e31c2db11cbe3007ee7817f5846f87eb01c296d81b36dbbc765b4c7af74aface1276dd4fd91963729e495694b6af5c0d6111c49115a2c3f0203010001
info|2026-02-07 00:27:41.455911|ioService-0x0000783444dfa6c0|[Gateway][Router]GatewayStatus: removeP2PNode,p2pID=3082010a0282010100a492268b412bea3e8f972dff0dc52c521cd06884f53d90f3889c7014f7cb635c38a07b81af9630f2b04238a726b029af6b4b924e132710d2894b7175f12a5e323a7119afd27786b01965d49b9c885ff3768f40b9d57817bc1305124f40ced3b1ac99666773a3a64cce079e95acbc31d42f416aad362594008547aae561213b022db32ed9d1bd67df5c020bc44dcc073982b4566fd04048555b1ea84279063d5b1047e9f42776ef03677d2dd1454433fdb3feced3f41b92efdfeda545d56c1c9ba349584c9095f3ad9e31c2db11cbe3007ee7817f5846f87eb01c296d81b36dbbc765b4c7af74aface1276dd4fd91963729e495694b6af5c0d6111c49115a2c3f0203010001
info|2026-02-07 00:27:41.455914|ioService-0x0000783444dfa6c0|[Gateway][Router]GatewayStatus: removeP2PNode,p2pID=3082010a0282010100a492268b412bea3e8f972dff0dc52c521cd06884f53d90f3889c7014f7cb635c38a07b81af9630f2b04238a726b029af6b4b924e132710d2894b7175f12a5e323a7119afd27786b01965d49b9c885ff3768f40b9d57817bc1305124f40ced3b1ac99666773a3a64cce079e95acbc31d42f416aad362594008547aae561213b022db32ed9d1bd67df5c020bc44dcc073982b4566fd04048555b1ea84279063d5b1047e9f42776ef03677d2dd1454433fdb3feced3f41b92efdfeda545d56c1c9ba349584c9095f3ad9e31c2db11cbe3007ee7817f5846f87eb01c296d81b36dbbc765b4c7af74aface1276dd4fd91963729e495694b6af5c0d6111c49115a2c3f0203010001
info|2026-02-07 00:27:41.455917|ioService-0x0000783444dfa6c0|[Gateway][Router]GatewayStatus: removeP2PNode,p2pID=3082010a0282010100a492268b412bea3e8f972dff0dc52c521cd06884f53d90f3889c7014f7cb635c38a07b81af9630f2b04238a726b029af6b4b924e132710d2894b7175f12a5e323a7119afd27786b01965d49b9c885ff3768f40b9d57817bc1305124f40ced3b1ac99666773a3a64cce079e95acbc31d42f416aad362594008547aae561213b022db32ed9d1bd67df5c020bc44dcc073982b4566fd04048555b1ea84279063d5b1047e9f42776ef03677d2dd1454433fdb3feced3f41b92efdfeda545d56c1c9ba349584c9095f3ad9e31c2db11cbe3007ee7817f5846f87eb01c296d81b36dbbc765b4c7af74aface1276dd4fd91963729e495694b6af5c0d6111c49115a2c3f0203010001
info|2026-02-07 00:27:41.455925|ioService-0x0000783444dfa6c0|[Gateway][GatewayNodeManager]syncLatestNodeIDList,groupID=group0,nodeCount=3
info|2026-02-07 00:27:41.455930|ioService-0x0000783444dfa6c0|[FrontService]protocolNegotiate success,nodeID=21a47acec36f73d8e925a7d5db44793f998e1a42a6d7ee2e3a5cf4037b853452cb76f6cbab8e5b223a128e8ee15790d1f629858b47070b4eb2e1ddb2b0ada297,groupID=group0,minVersion=0,maxVersion=2,supportedMinVersion=0,supportedMaxVersion=2,version=2
info|2026-02-07 00:27:41.455940|ioService-0x0000783444dfa6c0|[FrontService]protocolNegotiate success,nodeID=0d6a7f52cb87ce7fda869e0db309ec9c53723c46f81632c21e4abbf1a9159f14d53f37cc0c4141548da9ec877d6235afd7a501c40d296fc4c5252a8717aa23c2,groupID=group0,minVersion=0,maxVersion=2,supportedMinVersion=0,supportedMaxVersion=2,version=2
info|2026-02-07 00:27:41.455942|ioService-0x0000783444dfa6c0|[FrontService]protocolNegotiate success,nodeID=5b07d12d1512a66493c8fd3456d8c505e6ce05f20061613a4c48a1fa3755bbf9cc2d2f1878c4a6733389f03deb0a3fc0c672e2f4910fde9802d6675929cb3dc5,groupID=group0,minVersion=0,maxVersion=2,supportedMinVersion=0,supportedMaxVersion=2,version=2
info|2026-02-07 00:27:41.455946|ioService-0x0000783444dfa6c0|[FrontService]onReceiveGroupNodeInfo,groupID=group0,nodeIDs.size()=3
info|2026-02-07 00:27:41.455978|ioService-0x0000783444dfa6c0|[P2PService][Router][erase]make the router unreachable,dst=3082010a0282010100a492268b412bea3e8f972dff0dc52c521cd06884f53d90f3889c7014f7cb635c38a07b81af9630f2b04238a726b029af6b4b924e132710d2894b7175f12a5e323a7119afd27786b01965d49b9c885ff3768f40b9d57817bc1305124f40ced3b1ac99666773a3a64cce079e95acbc31d42f416aad362594008547aae561213b022db32ed9d1bd67df5c020bc44dcc073982b4566fd04048555b1ea84279063d5b1047e9f42776ef03677d2dd1454433fdb3feced3f41b92efdfeda545d56c1c9ba349584c9095f3ad9e31c2db11cbe3007ee7817f5846f87eb01c296d81b36dbbc765b4c7af74aface1276dd4fd91963729e495694b6af5c0d6111c49115a2c3f0203010001,distance=10,size=3
info|2026-02-07 00:27:41.456022|fisco-bcos-0x000078343f9fb6c0|SyncConfig: setConnectedNodeList,size=3
info|2026-02-07 00:27:41.456046|ioService-0x0000783444dfa6c0|[Gateway][GatewayNodeManager]onRemoveNodeIDs,p2pid=3082010a0282010100a492268b412bea3e8f972dff0dc52c521cd06884f53d90f3889c7014f7cb635c38a07b81af9630f2b04238a726b029af6b4b924e132710d2894b7175f12a5e323a7119afd27786b01965d49b9c885ff3768f40b9d57817bc1305124f40ced3b1ac99666773a3a64cce079e95acbc31d42f416aad362594008547aae561213b022db32ed9d1bd67df5c020bc44dcc073982b4566fd04048555b1ea84279063d5b1047e9f42776ef03677d2dd1454433fdb3feced3f41b92efdfeda545d56c1c9ba349584c9095f3ad9e31c2db11cbe3007ee7817f5846f87eb01c296d81b36dbbc765b4c7af74aface1276dd4fd91963729e495694b6af5c0d6111c49115a2c3f0203010001
info|2026-02-07 00:27:41.456050|ioService-0x0000783444dfa6c0|[Gateway][Router]PeersRouterTable: removeP2PID,p2pID=3082010a0282010100a492268b412bea3e8f972dff0dc52c521cd06884f53d90f3889c7014f7cb635c38a07b81af9630f2b04238a726b029af6b4b924e132710d2894b7175f12a5e323a7119afd27786b01965d49b9c885ff3768f40b9d57817bc1305124f40ced3b1ac99666773a3a64cce079e95acbc31d42f416aad362594008547aae561213b022db32ed9d1bd67df5c020bc44dcc073982b4566fd04048555b1ea84279063d5b1047e9f42776ef03677d2dd1454433fdb3feced3f41b92efdfeda545d56c1c9ba349584c9095f3ad9e31c2db11cbe3007ee7817f5846f87eb01c296d81b36dbbc765b4c7af74aface1276dd4fd91963729e495694b6af5c0d6111c49115a2c3f0203010001
info|2026-02-07 00:27:41.456054|ioService-0x0000783444dfa6c0|[Gateway][Router]GatewayStatus: removeP2PNode,p2pID=3082010a0282010100a492268b412bea3e8f972dff0dc52c521cd06884f53d90f3889c7014f7cb635c38a07b81af9630f2b04238a726b029af6b4b924e132710d2894b7175f12a5e323a7119afd27786b01965d49b9c885ff3768f40b9d57817bc1305124f40ced3b1ac99666773a3a64cce079e95acbc31d42f416aad362594008547aae561213b022db32ed9d1bd67df5c020bc44dcc073982b4566fd04048555b1ea84279063d5b1047e9f42776ef03677d2dd1454433fdb3feced3f41b92efdfeda545d56c1c9ba349584c9095f3ad9e31c2db11cbe3007ee7817f5846f87eb01c296d81b36dbbc765b4c7af74aface1276dd4fd91963729e495694b6af5c0d6111c49115a2c3f0203010001
info|2026-02-07 00:27:41.456058|ioService-0x0000783444dfa6c0|[Gateway][Router]GatewayStatus: removeP2PNode,p2pID=3082010a0282010100a492268b412bea3e8f972dff0dc52c521cd06884f53d90f3889c7014f7cb635c38a07b81af9630f2b04238a726b029af6b4b924e132710d2894b7175f12a5e323a7119afd27786b01965d49b9c885ff3768f40b9d57817bc1305124f40ced3b1ac99666773a3a64cce079e95acbc31d42f416aad362594008547aae561213b022db32ed9d1bd67df5c020bc44dcc073982b4566fd04048555b1ea84279063d5b1047e9f42776ef03677d2dd1454433fdb3feced3f41b92efdfeda545d56c1c9ba349584c9095f3ad9e31c2db11cbe3007ee7817f5846f87eb01c296d81b36dbbc765b4c7af74aface1276dd4fd91963729e495694b6af5c0d6111c49115a2c3f0203010001
info|2026-02-07 00:27:41.456061|ioService-0x0000783444dfa6c0|[Gateway][Router]GatewayStatus: removeP2PNode,p2pID=3082010a0282010100a492268b412bea3e8f972dff0dc52c521cd06884f53d90f3889c7014f7cb635c38a07b81af9630f2b04238a726b029af6b4b924e132710d2894b7175f12a5e323a7119afd27786b01965d49b9c885ff3768f40b9d57817bc1305124f40ced3b1ac99666773a3a64cce079e95acbc31d42f416aad362594008547aae561213b022db32ed9d1bd67df5c020bc44dcc073982b4566fd04048555b1ea84279063d5b1047e9f42776ef03677d2dd1454433fdb3feced3f41b92efdfeda545d56c1c9ba349584c9095f3ad9e31c2db11cbe3007ee7817f5846f87eb01c296d81b36dbbc765b4c7af74aface1276dd4fd91963729e495694b6af5c0d6111c49115a2c3f0203010001
info|2026-02-07 00:27:41.456072|ioService-0x0000783444dfa6c0|[Gateway][GatewayNodeManager]syncLatestNodeIDList,groupID=group0,nodeCount=3
info|2026-02-07 00:27:41.456076|ioService-0x0000783444dfa6c0|[FrontService]protocolNegotiate success,nodeID=21a47acec36f73d8e925a7d5db44793f998e1a42a6d7ee2e3a5cf4037b853452cb76f6cbab8e5b223a128e8ee15790d1f629858b47070b4eb2e1ddb2b0ada297,groupID=group0,minVersion=0,maxVersion=2,supportedMinVersion=0,supportedMaxVersion=2,version=2
info|2026-02-07 00:27:41.456080|ioService-0x0000783444dfa6c0|[FrontService]protocolNegotiate success,nodeID=0d6a7f52cb87ce7fda869e0db309ec9c53723c46f81632c21e4abbf1a9159f14d53f37cc0c4141548da9ec877d6235afd7a501c40d296fc4c5252a8717aa23c2,groupID=group0,minVersion=0,maxVersion=2,supportedMinVersion=0,supportedMaxVersion=2,version=2
info|2026-02-07 00:27:41.456083|ioService-0x0000783444dfa6c0|[FrontService]protocolNegotiate success,nodeID=5b07d12d1512a66493c8fd3456d8c505e6ce05f20061613a4c48a1fa3755bbf9cc2d2f1878c4a6733389f03deb0a3fc0c672e2f4910fde9802d6675929cb3dc5,groupID=group0,minVersion=0,maxVersion=2,supportedMinVersion=0,supportedMaxVersion=2,version=2
info|2026-02-07 00:27:41.456085|ioService-0x0000783444dfa6c0|[FrontService]onReceiveGroupNodeInfo,groupID=group0,nodeIDs.size()=3
info|2026-02-07 00:27:41.456148|ioService-0x0000783444dfa6c0|[P2PService][Service2][onEraseSession],dst=3082010a0282010100a492268b412bea3e8f972dff0dc52c521cd06884f53d90f3889c7014f7cb635c38a07b81af9630f2b04238a726b029af6b4b924e132710d2894b7175f12a5e323a7119afd27786b01965d49b9c885ff3768f40b9d57817bc1305124f40ced3b1ac99666773a3a64cce079e95acbc31d42f416aad362594008547aae561213b022db32ed9d1bd67df5c020bc44dcc073982b4566fd04048555b1ea84279063d5b1047e9f42776ef03677d2dd1454433fdb3feced3f41b92efdfeda545d56c1c9ba349584c9095f3ad9e31c2db11cbe3007ee7817f5846f87eb01c296d81b36dbbc765b4c7af74aface1276dd4fd91963729e495694b6af5c0d6111c49115a2c3f0203010001
info|2026-02-07 00:27:41.456155|ioService-0x0000783444dfa6c0|[P2PService][Service]onDisconnect,code=3,what=Dynamic exception type: bcos::gateway::NetworkException
std::exception::what: Disconnect
info|2026-02-07 00:27:41.456168|ioService-0x0000783444dfa6c0|[P2PService][P2PSession][P2PSession::~P2PSession] this=0x783476a1b1d0
info|2026-02-07 00:27:41.456187|ioService-0x0000783444dfa6c0|[SESSION][Session][Session::~Session] this=0x78344965d1d0
info|2026-02-07 00:27:41.456238|fisco-bcos-0x000078343f9fb6c0|SyncConfig: setConnectedNodeList,size=3
info|2026-02-07 00:27:41.456258|fisco-bcos-0x000078343f9fb6c0|[FRONTSERVICE]notifyGroupNodeInfo,connectedNodeSize=3
info|2026-02-07 00:27:41.456319|fisco-bcos-0x00007834759fe6c0|SyncConfig: setConnectedNodeList,size=3
info|2026-02-07 00:27:41.456372|fisco-bcos-0x00007834759fe6c0|SyncConfig: setConnectedNodeList,size=3
info|2026-02-07 00:27:41.456377|fisco-bcos-0x00007834759fe6c0|[FRONTSERVICE]notifyGroupNodeInfo,connectedNodeSize=3
info|2026-02-07 00:27:41.456842|fisco-bcos-0x00007834759fe6c0|[P2PService][Service2][onReceiveRouterTableRequest],peer=3082010a0282010100b85dd5fdfbc4aa99dcef8477a2e1c08c304a63432923826f81b3d0d7d13e79a6ec265462b2f59e76106f8bad7efb849227798aaf7c20a2197e9a95a8ffbbc07f5ccb44d04e995013b9afd04bb77fb7dbfa0f13bd2d404980eae43fc147332e1542ee2d2e973596187bb8ad4dc63b0165052688b1f7fc4a2a8ccb020a55db8ee7b9a45bb901b1c03d94727648a8ec10bfbc854175981345d56f4c783b0211d91f0775e508d8b379b56935777d255f59b63fadc24b43862671f5cbe0d00fcfff7138124c8293f91740a0e0732346eeee748a42f65ddb81da461fce3e76ea6ff452913b80eb5b1dba016f7d4d94f66337cc6bea7a066b8277637aef12c2eba11da10203010001,entrySize=3
info|2026-02-07 00:27:41.457255|fisco-bcos-0x00007834745fa6c0|[P2PService][Service2][onReceiveRouterSeq]receive router seq and request router table,peer=3082010a0282010100b85dd5fdfbc4aa99dcef8477a2e1c08c304a63432923826f81b3d0d7d13e79a6ec265462b2f59e76106f8bad7efb849227798aaf7c20a2197e9a95a8ffbbc07f5ccb44d04e995013b9afd04bb77fb7dbfa0f13bd2d404980eae43fc147332e1542ee2d2e973596187bb8ad4dc63b0165052688b1f7fc4a2a8ccb020a55db8ee7b9a45bb901b1c03d94727648a8ec10bfbc854175981345d56f4c783b0211d91f0775e508d8b379b56935777d255f59b63fadc24b43862671f5cbe0d00fcfff7138124c8293f91740a0e0732346eeee748a42f65ddb81da461fce3e76ea6ff452913b80eb5b1dba016f7d4d94f66337cc6bea7a066b8277637aef12c2eba11da10203010001,seq=8
info|2026-02-07 00:27:41.457339|fisco-bcos-0x00007834791c06c0|[P2PService][Service2][onReceiveRouterSeq]receive router seq and request router table,peer=3082010a02820101009d9833c7e1dbf7d476b1fd7227e247b488323cbd272862d096a4010035236b7d36e2aede87e4f36adfd2e2e44f2945e9a4170901f5865f04cb779a1c1e1fc2f3e56fc6ea80a2665d5da60fce851ccd94bb60aced8e256a551ebb6edcf78febb8eb8bbb3c4fab73bacd5675925d72c787a8d8e179c70b24c484ae98ea7cc956a196c0c8266073d549963e44bfee479261b4c7a5497320d8a89de71743baf1516450118e57b4b07227de0429adf0d02305ad79d40958f48b3c7d6802814fc5c25be7c54c85463c993254d08401e1c7c1cc5586b265a1616617cc2ba7f29e928ff792e4ff33ada9b1bb7ee5a43130da18ba109a9e2186dfa6c2dc1d823e9066e1590203010001,seq=6
info|2026-02-07 00:27:41.457784|fisco-bcos-0x000078343eb786c0|[P2PService][Service2][onReceiveRouterTableRequest],peer=3082010a02820101009d9833c7e1dbf7d476b1fd7227e247b488323cbd272862d096a4010035236b7d36e2aede87e4f36adfd2e2e44f2945e9a4170901f5865f04cb779a1c1e1fc2f3e56fc6ea80a2665d5da60fce851ccd94bb60aced8e256a551ebb6edcf78febb8eb8bbb3c4fab73bacd5675925d72c787a8d8e179c70b24c484ae98ea7cc956a196c0c8266073d549963e44bfee479261b4c7a5497320d8a89de71743baf1516450118e57b4b07227de0429adf0d02305ad79d40958f48b3c7d6802814fc5c25be7c54c85463c993254d08401e1c7c1cc5586b265a1616617cc2ba7f29e928ff792e4ff33ada9b1bb7ee5a43130da18ba109a9e2186dfa6c2dc1d823e9066e1590203010001,entrySize=3
info|2026-02-07 00:27:41.480555|fisco-bcos-0x00007834765ff6c0|[P2PService][Service2][onReceivePeersRouterTable],peer=3082010a02820101009d9833c7e1dbf7d476b1fd7227e247b488323cbd272862d096a4010035236b7d36e2aede87e4f36adfd2e2e44f2945e9a4170901f5865f04cb779a1c1e1fc2f3e56fc6ea80a2665d5da60fce851ccd94bb60aced8e256a551ebb6edcf78febb8eb8bbb3c4fab73bacd5675925d72c787a8d8e179c70b24c484ae98ea7cc956a196c0c8266073d549963e44bfee479261b4c7a5497320d8a89de71743baf1516450118e57b4b07227de0429adf0d02305ad79d40958f48b3c7d6802814fc5c25be7c54c85463c993254d08401e1c7c1cc5586b265a1616617cc2ba7f29e928ff792e4ff33ada9b1bb7ee5a43130da18ba109a9e2186dfa6c2dc1d823e9066e1590203010001,entrySize=3
info|2026-02-07 00:27:41.480624|fisco-bcos-0x00007834765ff6c0|[P2PService][Service2][joinRouterTable]create router entry,dst=3082010a02820101009d9833c7e1dbf7d476b1fd7227e247b488323cbd272862d096a4010035236b7d36e2aede87e4f36adfd2e2e44f2945e9a4170901f5865f04cb779a1c1e1fc2f3e56fc6ea80a2665d5da60fce851ccd94bb60aced8e256a551ebb6edcf78febb8eb8bbb3c4fab73bacd5675925d72c787a8d8e179c70b24c484ae98ea7cc956a196c0c8266073d549963e44bfee479261b4c7a5497320d8a89de71743baf1516450118e57b4b07227de0429adf0d02305ad79d40958f48b3c7d6802814fc5c25be7c54c85463c993254d08401e1c7c1cc5586b265a1616617cc2ba7f29e928ff792e4ff33ada9b1bb7ee5a43130da18ba109a9e2186dfa6c2dc1d823e9066e1590203010001
info|2026-02-07 00:27:41.480716|ioService-0x0000783445dfc6c0|[P2PService][Service2][onReceivePeersRouterTable],peer=3082010a0282010100b85dd5fdfbc4aa99dcef8477a2e1c08c304a63432923826f81b3d0d7d13e79a6ec265462b2f59e76106f8bad7efb849227798aaf7c20a2197e9a95a8ffbbc07f5ccb44d04e995013b9afd04bb77fb7dbfa0f13bd2d404980eae43fc147332e1542ee2d2e973596187bb8ad4dc63b0165052688b1f7fc4a2a8ccb020a55db8ee7b9a45bb901b1c03d94727648a8ec10bfbc854175981345d56f4c783b0211d91f0775e508d8b379b56935777d255f59b63fadc24b43862671f5cbe0d00fcfff7138124c8293f91740a0e0732346eeee748a42f65ddb81da461fce3e76ea6ff452913b80eb5b1dba016f7d4d94f66337cc6bea7a066b8277637aef12c2eba11da10203010001,entrySize=3
info|2026-02-07 00:27:41.480760|ioService-0x0000783445dfc6c0|[P2PService][Service2][joinRouterTable]create router entry,dst=3082010a0282010100b85dd5fdfbc4aa99dcef8477a2e1c08c304a63432923826f81b3d0d7d13e79a6ec265462b2f59e76106f8bad7efb849227798aaf7c20a2197e9a95a8ffbbc07f5ccb44d04e995013b9afd04bb77fb7dbfa0f13bd2d404980eae43fc147332e1542ee2d2e973596187bb8ad4dc63b0165052688b1f7fc4a2a8ccb020a55db8ee7b9a45bb901b1c03d94727648a8ec10bfbc854175981345d56f4c783b0211d91f0775e508d8b379b56935777d255f59b63fadc24b43862671f5cbe0d00fcfff7138124c8293f91740a0e0732346eeee748a42f65ddb81da461fce3e76ea6ff452913b80eb5b1dba016f7d4d94f66337cc6bea7a066b8277637aef12c2eba11da10203010001
info|2026-02-07 00:27:42.156351|ioService-0x000078346adff6c0|[NETWORK][Host]Connecting to node,endpoint=127.0.0.1:30300
info|2026-02-07 00:27:42.156538|ioService-0x000078346adff6c0|[P2PService][Service][METRIC]heartBeat,connected count=2
info|2026-02-07 00:27:42.157011|ioService-0x00007834697ff6c0|[ASIO][ASIO]asyncResolveConnect,endpoint=127.0.0.1:30300
error|2026-02-07 00:27:42.157121|ioService-0x000078345fffa6c0|[NETWORK][Host]TCP Connection refused by node,endpoint=127.0.0.1:30300,message=Connection refused
warning|2026-02-07 00:27:42.157369|fisco-bcos-0x00007834791c06c0|[P2PService][Service]onConnect,code=5,p2pid=,nodeName=,endpoint=unknown,message=Connect failed
info|2026-02-07 00:27:42.466084|timerFactory-0x000078345bdff6c0|[RPC][WS][SERVICE]connected nodes,count=0
info|2026-02-07 00:27:42.466121|fisco-bcos-0x00007834a3715a00|[DEFAULT][HTTP][SERVER][stop]http server
info|2026-02-07 00:27:42.466135|fisco-bcos-0x00007834a3715a00|[stopThread]stop the timer thread
info|2026-02-07 00:27:42.466150|timerFactory-0x000078345bdff6c0|[startThread]the timer thread stop
info|2026-02-07 00:27:42.486516|fisco-bcos-0x00007834a3715a00|[EVENT][SUB][stop]stop event sub successfully
info|2026-02-07 00:27:42.486548|fisco-bcos-0x00007834a3715a00|[RPC][RPC][RPC][stop]stop rpc successfully
info|2026-02-07 00:27:42.487783|fisco-bcos-0x00007834a3715a00|[P2PService][P2PSession][P2PSession::~P2PSession] this=0x7834706141d0
info|2026-02-07 00:27:42.487811|fisco-bcos-0x00007834a3715a00|[SESSION][Session][Session::~Session] this=0x78344fe5d1d0
info|2026-02-07 00:27:42.488027|fisco-bcos-0x00007834a3715a00|[P2PService][P2PSession][P2PSession::~P2PSession] this=0x78346fc141d0
info|2026-02-07 00:27:42.488053|fisco-bcos-0x00007834a3715a00|[SESSION][Session][Session::~Session] this=0x78346545c1d0
info|2026-02-07 00:27:42.488385|fisco-bcos-0x00007834a3715a00|[Gateway][Gateway]stop end.
info|2026-02-07 00:27:42.488397|fisco-bcos-0x00007834a3715a00|[FRONTSERVICE]Stop the front service
info|2026-02-07 00:27:42.488663|fisco-bcos-0x00007834a3715a00|[FrontService]FrontService stop,nodeID=21a47acec36f73d8e925a7d5db44793f998e1a42a6d7ee2e3a5cf4037b853452cb76f6cbab8e5b223a128e8ee15790d1f629858b47070b4eb2e1ddb2b0ada297,groupID=group0
info|2026-02-07 00:27:42.488698|fisco-bcos-0x00007834a3715a00|[CONSENSUS][SEALER]stop the sealer
info|2026-02-07 00:27:42.489944|fisco-bcos-0x00007834a3715a00|[BLOCK SYNC]Stop BlockSync
info|2026-02-07 00:27:42.683017|fisco-bcos-0x00007834a3715a00|[CONSENSUS][Core]Stop consensusEngine
info|2026-02-07 00:27:42.690727|fisco-bcos-0x00007834a3715a00|[CONSENSUS][Core]ConsensusEngine stopped
info|2026-02-07 00:27:42.691774|fisco-bcos-0x00007834a3715a00|[CONSENSUS][PBFT]stop the PBFTEngine
info|2026-02-07 00:27:42.691799|fisco-bcos-0x00007834a3715a00|[CONSENSUS][PBFT]Stop the PBFT module.
info|2026-02-07 00:27:42.691840|fisco-bcos-0x00007834a3715a00|[STORAGE-RocksDB]rocksdb stopped
info|2026-02-07 00:27:42.691856|fisco-bcos-0x00007834a3715a00|[INITIALIZER]Stop the txpool
info|2026-02-07 00:27:42.692803|fisco-bcos-0x00007834a3715a00|[SYNC]stop TransactionSync
info|2026-02-07 00:27:42.693819|fisco-bcos-0x00007834a3715a00|[TXPOOL]Stop the txpool.
info|2026-02-07 00:27:42.693841|fisco-bcos-0x00007834a3715a00|[SCHEDULER]Try to stop SchedulerManager
info|2026-02-07 00:27:42.694063|fisco-bcos-0x00007834a3715a00|[STORAGE-RocksDB]rocksdb stopped
info|2026-02-07 00:27:42.694094|fisco-bcos-0x00007834a3715a00|[SCHEDULER]scheduler has stopped.
info|2026-02-07 00:27:42.694255|fisco-bcos-0x00007834a3715a00|[FRONTSERVICE]The front service has already been stopped
info|2026-02-07 00:27:42.694276|fisco-bcos-0x00007834a3715a00|[CONSENSUS][SEALER]the sealer has already been stopped
info|2026-02-07 00:27:42.694281|fisco-bcos-0x00007834a3715a00|[BLOCK SYNC]BlockSync has already been stopped
info|2026-02-07 00:27:42.694288|fisco-bcos-0x00007834a3715a00|[CONSENSUS][PBFT]The PBFT module has already been stopped!
info|2026-02-07 00:27:42.694297|fisco-bcos-0x00007834a3715a00|[STORAGE-RocksDB]rocksdb stopped
info|2026-02-07 00:27:42.694300|fisco-bcos-0x00007834a3715a00|[INITIALIZER]The txpool has already been stopped
info|2026-02-07 00:27:42.694303|fisco-bcos-0x00007834a3715a00|[SCHEDULER]scheduler has just stopped.
info|2026-02-07 00:27:42.694307|fisco-bcos-0x00007834a3715a00|[CONSENSUS][SEALER]the sealer has already been stopped
info|2026-02-07 00:27:42.694308|fisco-bcos-0x00007834a3715a00|[BLOCK SYNC]BlockSync has already been stopped
info|2026-02-07 00:27:42.694310|fisco-bcos-0x00007834a3715a00|[CONSENSUS][PBFT]The PBFT module has already been stopped!
info|2026-02-07 00:27:42.694313|fisco-bcos-0x00007834a3715a00|[STORAGE-RocksDB]rocksdb stopped
info|2026-02-07 00:27:42.694316|fisco-bcos-0x00007834a3715a00|[INITIALIZER]The txpool has already been stopped
info|2026-02-07 00:27:42.694318|fisco-bcos-0x00007834a3715a00|[FRONTSERVICE]The front service has already been stopped
