info|2026-02-06 23:23:48.152858|fisco-bcos-0x000074b5c6b16a00|[INITIALIZER]initGlobalConfig
info|2026-02-06 23:23:48.154636|fisco-bcos-0x000074b5c6b16a00|[NodeConfig][METRIC]loadChainConfig,smCrypto=false,chainId=chain0,groupId=group0,blockLimit=1000
info|2026-02-06 23:23:48.154650|fisco-bcos-0x000074b5c6b16a00|[NodeConfig]loadWeb3ChainConfig,web3ChainID=20200
info|2026-02-06 23:23:48.154892|fisco-bcos-0x000074b5c6b16a00|[NodeConfig][parseConsensusNodeList],sectionName=consensus,nodeId=2346c69c46d42278eb237167eb19eb28432b63783cc0fd7cddc90f89c148e755db8941be9b0c5f37cbc21c409a78c154abc75ce0c80818c6fbb76aea6bcd0a9a,weight=1
info|2026-02-06 23:23:48.155237|fisco-bcos-0x000074b5c6b16a00|[NodeConfig][parseConsensusNodeList],sectionName=consensus,nodeId=21a47acec36f73d8e925a7d5db44793f998e1a42a6d7ee2e3a5cf4037b853452cb76f6cbab8e5b223a128e8ee15790d1f629858b47070b4eb2e1ddb2b0ada297,weight=1
info|2026-02-06 23:23:48.155249|fisco-bcos-0x000074b5c6b16a00|[NodeConfig][parseConsensusNodeList],sectionName=consensus,nodeId=0d6a7f52cb87ce7fda869e0db309ec9c53723c46f81632c21e4abbf1a9159f14d53f37cc0c4141548da9ec877d6235afd7a501c40d296fc4c5252a8717aa23c2,weight=1
info|2026-02-06 23:23:48.155254|fisco-bcos-0x000074b5c6b16a00|[NodeConfig][parseConsensusNodeList],sectionName=consensus,nodeId=5b07d12d1512a66493c8fd3456d8c505e6ce05f20061613a4c48a1fa3755bbf9cc2d2f1878c4a6733389f03deb0a3fc0c672e2f4910fde9802d6675929cb3dc5,weight=1
info|2026-02-06 23:23:48.155264|fisco-bcos-0x000074b5c6b16a00|[NodeConfig][parseConsensusNodeList],totalNodesSize=4
info|2026-02-06 23:23:48.155271|fisco-bcos-0x000074b5c6b16a00|[NodeConfig]loadLedgerConfig,consensus_type=pbft,block_tx_count_limit=1000,gas_limit=3000000000,leader_period=1,minSealTime=0,compatibilityVersion=3.11.0
info|2026-02-06 23:23:48.155558|fisco-bcos-0x000074b5c6b16a00|[NodeConfig][METRIC]loadExecutorConfig,isWasm=false,isAuthCheck=false,authAdminAccount=0x1dbd23331f727a66c096de4f3daaec061a3ca614,ismSerialExecute=true
info|2026-02-06 23:23:48.155643|fisco-bcos-0x000074b5c6b16a00|[NodeConfig]loadCertConfig,ca_path=./conf,sm_ca_cert=./conf/sm_ca.crt,sm_node_cert=./conf/sm_ssl.crt,sm_node_key=./conf/sm_ssl.key,sm_ennode_cert=./conf/sm_enssl.crt,sm_ennode_key=./conf/sm_enssl.key
info|2026-02-06 23:23:48.155670|fisco-bcos-0x000074b5c6b16a00|[NodeConfig]loadCertConfig,ca_path=./conf,ca_cert=./conf/ca.crt,node_cert=./conf/ssl.crt,node_key=./conf/ssl.key
info|2026-02-06 23:23:48.156103|fisco-bcos-0x000074b5c6b16a00|[NodeConfig]loadRpcConfig,listenIP=0.0.0.0,listenPort=20201,listenPort=20201,smSsl=false,disableSsl=true,needRetInput=true
info|2026-02-06 23:23:48.156141|fisco-bcos-0x000074b5c6b16a00|[NodeConfig]loadWeb3RpcConfig,enableWeb3Rpc=false,listenIP=0.0.0.0,listenPort=8543,listenPort=8543
info|2026-02-06 23:23:48.156149|fisco-bcos-0x000074b5c6b16a00|[NodeConfig]loadGatewayConfig,listenIP=0.0.0.0,listenPort=30301,listenPort=30301,smSsl=false,nodesFile=nodes.json
info|2026-02-06 23:23:48.156157|fisco-bcos-0x000074b5c6b16a00|[NodeConfig]loadSealerConfig,minSealTime=500
info|2026-02-06 23:23:48.156188|fisco-bcos-0x000074b5c6b16a00|[NodeConfig]loadTxPoolConfig,txpoolLimit=15000,notifierWorkers=2,verifierWorkers=8,checkBlockLimit=true,txsExpirationTime(ms)=600000
info|2026-02-06 23:23:48.156192|fisco-bcos-0x000074b5c6b16a00|[NodeConfig]loadSecurityConfig,enable_hsm=false,privateKeyPath=conf/node.pem
info|2026-02-06 23:23:48.156196|fisco-bcos-0x000074b5c6b16a00|[NodeConfig][METRIC]loadExecutorNormalConfig: config.ini,enableDag=true
info|2026-02-06 23:23:48.156212|fisco-bcos-0x000074b5c6b16a00|[NodeConfig]loadStorageConfig,storagePath=data,KeyPage=10240,storageType=RocksDB,pdAddrs=127.0.0.1:2379,pdCaPath=,enableArchive=false,enableSeparateBlockAndState=false,archiveListenIP=,archiveListenPort=0,enable_rocksdb_blob=false,enableLRUCacheStorage=true
info|2026-02-06 23:23:48.156219|fisco-bcos-0x000074b5c6b16a00|[NodeConfig]loadConsensusConfig,checkPointTimeoutInterval=3000,pipeline_size=50
info|2026-02-06 23:23:48.156236|fisco-bcos-0x000074b5c6b16a00|[NodeConfig]loadSyncConfig,sync_block_by_tree=false,send_txs_by_tree=false,tree_width=3
info|2026-02-06 23:23:48.156246|fisco-bcos-0x000074b5c6b16a00|[NodeConfig]loadOthersConfig,sendTxTimeout=-1,vmCacheSize=1024
info|2026-02-06 23:23:48.156537|fisco-bcos-0x000074b5c6b16a00|[NodeConfig][METRIC]loadChainConfig,smCrypto=false,chainId=chain0,groupId=group0,blockLimit=1000
info|2026-02-06 23:23:48.156560|fisco-bcos-0x000074b5c6b16a00|[NodeConfig]loadWeb3ChainConfig,web3ChainID=20200
info|2026-02-06 23:23:48.156574|fisco-bcos-0x000074b5c6b16a00|[NodeConfig][parseConsensusNodeList],sectionName=consensus,nodeId=2346c69c46d42278eb237167eb19eb28432b63783cc0fd7cddc90f89c148e755db8941be9b0c5f37cbc21c409a78c154abc75ce0c80818c6fbb76aea6bcd0a9a,weight=1
info|2026-02-06 23:23:48.156587|fisco-bcos-0x000074b5c6b16a00|[NodeConfig][parseConsensusNodeList],sectionName=consensus,nodeId=21a47acec36f73d8e925a7d5db44793f998e1a42a6d7ee2e3a5cf4037b853452cb76f6cbab8e5b223a128e8ee15790d1f629858b47070b4eb2e1ddb2b0ada297,weight=1
info|2026-02-06 23:23:48.156605|fisco-bcos-0x000074b5c6b16a00|[NodeConfig][parseConsensusNodeList],sectionName=consensus,nodeId=0d6a7f52cb87ce7fda869e0db309ec9c53723c46f81632c21e4abbf1a9159f14d53f37cc0c4141548da9ec877d6235afd7a501c40d296fc4c5252a8717aa23c2,weight=1
info|2026-02-06 23:23:48.156612|fisco-bcos-0x000074b5c6b16a00|[NodeConfig][parseConsensusNodeList],sectionName=consensus,nodeId=5b07d12d1512a66493c8fd3456d8c505e6ce05f20061613a4c48a1fa3755bbf9cc2d2f1878c4a6733389f03deb0a3fc0c672e2f4910fde9802d6675929cb3dc5,weight=1
info|2026-02-06 23:23:48.156662|fisco-bcos-0x000074b5c6b16a00|[NodeConfig][parseConsensusNodeList],totalNodesSize=4
info|2026-02-06 23:23:48.156670|fisco-bcos-0x000074b5c6b16a00|[NodeConfig]loadLedgerConfig,consensus_type=pbft,block_tx_count_limit=1000,gas_limit=3000000000,leader_period=1,minSealTime=0,compatibilityVersion=3.11.0
info|2026-02-06 23:23:48.156679|fisco-bcos-0x000074b5c6b16a00|[NodeConfig][METRIC]loadExecutorConfig,isWasm=false,isAuthCheck=false,authAdminAccount=0x1dbd23331f727a66c096de4f3daaec061a3ca614,ismSerialExecute=true
info|2026-02-06 23:23:48.156735|fisco-bcos-0x000074b5c6b16a00|[NodeConfig]loadCertConfig,ca_path=./conf,sm_ca_cert=./conf/sm_ca.crt,sm_node_cert=./conf/sm_ssl.crt,sm_node_key=./conf/sm_ssl.key,sm_ennode_cert=./conf/sm_enssl.crt,sm_ennode_key=./conf/sm_enssl.key
info|2026-02-06 23:23:48.156752|fisco-bcos-0x000074b5c6b16a00|[NodeConfig]loadCertConfig,ca_path=./conf,ca_cert=./conf/ca.crt,node_cert=./conf/ssl.crt,node_key=./conf/ssl.key
info|2026-02-06 23:23:48.156762|fisco-bcos-0x000074b5c6b16a00|[NodeConfig]loadRpcConfig,listenIP=0.0.0.0,listenPort=20201,listenPort=20201,smSsl=false,disableSsl=true,needRetInput=true
info|2026-02-06 23:23:48.156782|fisco-bcos-0x000074b5c6b16a00|[NodeConfig]loadWeb3RpcConfig,enableWeb3Rpc=false,listenIP=0.0.0.0,listenPort=8543,listenPort=8543
info|2026-02-06 23:23:48.156789|fisco-bcos-0x000074b5c6b16a00|[NodeConfig]loadGatewayConfig,listenIP=0.0.0.0,listenPort=30301,listenPort=30301,smSsl=false,nodesFile=nodes.json
info|2026-02-06 23:23:48.156806|fisco-bcos-0x000074b5c6b16a00|[NodeConfig]loadSealerConfig,minSealTime=500
info|2026-02-06 23:23:48.156823|fisco-bcos-0x000074b5c6b16a00|[NodeConfig]loadTxPoolConfig,txpoolLimit=15000,notifierWorkers=2,verifierWorkers=8,checkBlockLimit=true,txsExpirationTime(ms)=600000
info|2026-02-06 23:23:48.156841|fisco-bcos-0x000074b5c6b16a00|[NodeConfig]loadSecurityConfig,enable_hsm=false,privateKeyPath=conf/node.pem
info|2026-02-06 23:23:48.156847|fisco-bcos-0x000074b5c6b16a00|[NodeConfig][METRIC]loadExecutorNormalConfig: config.ini,enableDag=true
info|2026-02-06 23:23:48.156860|fisco-bcos-0x000074b5c6b16a00|[NodeConfig]loadStorageConfig,storagePath=data,KeyPage=10240,storageType=RocksDB,pdAddrs=127.0.0.1:2379,pdCaPath=,enableArchive=false,enableSeparateBlockAndState=false,archiveListenIP=,archiveListenPort=0,enable_rocksdb_blob=false,enableLRUCacheStorage=true
info|2026-02-06 23:23:48.156877|fisco-bcos-0x000074b5c6b16a00|[NodeConfig]loadConsensusConfig,checkPointTimeoutInterval=3000,pipeline_size=50
info|2026-02-06 23:23:48.156884|fisco-bcos-0x000074b5c6b16a00|[NodeConfig]loadSyncConfig,sync_block_by_tree=false,send_txs_by_tree=false,tree_width=3
info|2026-02-06 23:23:48.156892|fisco-bcos-0x000074b5c6b16a00|[NodeConfig]loadOthersConfig,sendTxTimeout=-1,vmCacheSize=1024
info|2026-02-06 23:23:48.156898|fisco-bcos-0x000074b5c6b16a00|[INITIALIZER]init crypto suite success
info|2026-02-06 23:23:48.156902|fisco-bcos-0x000074b5c6b16a00|[INITIALIZER]init blockFactory success
info|2026-02-06 23:23:48.157305|fisco-bcos-0x000074b5c6b16a00|[INITIALIZER][SecureInitializer]loading privateKey
info|2026-02-06 23:23:48.158637|fisco-bcos-0x000074b5c6b16a00|[INITIALIZER]loadKeyPair from privateKey,privateKeySize=32,enableStorageSecurity=false
info|2026-02-06 23:23:48.161520|fisco-bcos-0x000074b5c6b16a00|[INITIALIZER][METRIC]loadKeyPair from privateKeyPath,privateKeyPath=conf/node.pem
info|2026-02-06 23:23:48.161547|fisco-bcos-0x000074b5c6b16a00|[INITIALIZER][METRIC]loadKeyPair success,publicKey=21a47acec36f73d8e925a7d5db44793f998e1a42a6d7ee2e3a5cf4037b853452cb76f6cbab8e5b223a128e8ee15790d1f629858b47070b4eb2e1ddb2b0ada297
info|2026-02-06 23:23:48.161609|fisco-bcos-0x000074b5c6b16a00|[NodeConfig]loadNodeServiceConfig,withoutTarsFramework=false
info|2026-02-06 23:23:48.161614|fisco-bcos-0x000074b5c6b16a00|[NodeConfig]load node service,nodeName=21a47acec36f73d8e925a7d5db44793f998e1a42a6d7ee2e3a5cf4037b853452cb76f6cbab8e5b223a128e8ee15790d1f629858b47070b4eb2e1ddb2b0ada297,withoutTarsFramework=false,schedulerServiceName=chain0.21a47acec36f73d8e925a7d5db44793f998e1a42a6d7ee2e3a5cf4037b853452cb76f6cbab8e5b223a128e8ee15790d1f629858b47070b4eb2e1ddb2b0ada297SchedulerService,executorServiceName=chain0.21a47acec36f73d8e925a7d5db44793f998e1a42a6d7ee2e3a5cf4037b853452cb76f6cbab8e5b223a128e8ee15790d1f629858b47070b4eb2e1ddb2b0ada297ExecutorService
info|2026-02-06 23:23:48.162212|fisco-bcos-0x000074b5c6b16a00|[Gateway][Config]initP2PConfig ok!,p2p.listen_ip=0.0.0.0,p2p.listen_port=30301,p2p.sm_ssl=false,p2p.enable_rip_protocol=true,p2p.enable_compression=true,p2p.allow_max_msg_size=33554432,p2p.session_recv_buffer_size=67108864,p2p.session_max_read_data_size=40960,p2p.session_max_send_data_size=1048576,p2p.session_max_send_msg_count=10,p2p.thread_count=8,p2p.nodes_path=./,p2p.nodes_file=nodes.json,p2p.readonly=false
info|2026-02-06 23:23:48.162246|fisco-bcos-0x000074b5c6b16a00|[Gateway][Config][initFlowControlConfig]load flow_control common config items,enable=false,flow_control.stat_reporter_interval=60000,flow_control.enable_connect_debug_info=false,flow_control.time_window_sec=1,flow_control.enable_distributed_ratelimit=false,flow_control.enable_distributed_ratelimit_cache=true,flow_control.distributed_ratelimit_cache_percent=20
info|2026-02-06 23:23:48.162257|fisco-bcos-0x000074b5c6b16a00|[Gateway][Config][initFlowControlConfig]load flow_control config items,key=flow_control.modules_without_bw_limit,moduleID=1001
info|2026-02-06 23:23:48.162263|fisco-bcos-0x000074b5c6b16a00|[Gateway][Config][initFlowControlConfig]load flow_control config items,key=flow_control.modules_without_bw_limit,moduleID=1000
info|2026-02-06 23:23:48.162266|fisco-bcos-0x000074b5c6b16a00|[Gateway][Config][initFlowControlConfig]load flow_control config items,key=flow_control.modules_without_bw_limit,moduleID=2002
info|2026-02-06 23:23:48.162269|fisco-bcos-0x000074b5c6b16a00|[Gateway][Config][initFlowControlConfig]load flow_control config items,key=flow_control.modules_without_bw_limit,moduleID=2001
info|2026-02-06 23:23:48.162271|fisco-bcos-0x000074b5c6b16a00|[Gateway][Config]the total_outgoing_bw_limit is not initialized
info|2026-02-06 23:23:48.162274|fisco-bcos-0x000074b5c6b16a00|[Gateway][Config]load flow_control config items, the conn_outgoing_bw_limit is not initialized
info|2026-02-06 23:23:48.162276|fisco-bcos-0x000074b5c6b16a00|[Gateway][Config]load flow_control config items, the group_outgoing_bw_limit is not initialized
info|2026-02-06 23:23:48.162277|fisco-bcos-0x000074b5c6b16a00|[Gateway][Config][initFlowControlConfig]load_flow control outgoing config items,flow_control.outgoing_allow_exceed_max_permit=false,flow_control.modules_without_bw_limit=raft,pbft,cons_txs_sync,txs_sync,flow_control.total_outgoing_bw_limit=-1,flow_control.conn_outgoing_bw_limit=-1,flow_control.group_outgoing_bw_limit=-1,flow_control.conn_outgoing_bw_limit_x.x.x.x=0,flow_control.group_outgoing_bw_limit_xxx=0,flow_control.modules_without_bw_limit size=4
info|2026-02-06 23:23:48.162282|fisco-bcos-0x000074b5c6b16a00|[Gateway][Config]rateLimiter: false
info|2026-02-06 23:23:48.162283|fisco-bcos-0x000074b5c6b16a00|[Gateway][Config][initFlowControlConfig]load flow_control config items, the incoming qps rate limit,flow_control.incoming_p2p_basic_msg_type_list=,flow_control.incoming_p2p_basic_msg_type_qps_limit=-1,flow_control.incoming_module_msg_type_qps_limit=-1,flow_control.incoming_module_qps_limit_xxx size=0,enableOutRateLimit=false,enableOutConnRateLimit=false,enableOutGroupRateLimit=false,enableInRateLimit=false
info|2026-02-06 23:23:48.162615|fisco-bcos-0x000074b5c6b16a00|[Gateway][Config]initCertConfig,ca_path=./conf,ca_cert=./conf/ca.crt,node_cert=./conf/ssl.crt,node_key=./conf/ssl.key,mul_ca_path=./conf/multiCaPath
info|2026-02-06 23:23:48.163244|fisco-bcos-0x000074b5c6b16a00|[Gateway][Config]initCertConfig,ca=./conf/ca.crt,node_cert=./conf/ssl.crt,node_key=./conf/ssl.key,mul_ca_path=./conf/multiCaPath
info|2026-02-06 23:23:48.163271|fisco-bcos-0x000074b5c6b16a00|[Gateway][Config]initConfig ok!,configPath=config.ini,listenIP=0.0.0.0,listenPort=30301,smSSL=false,peers=0
info|2026-02-06 23:23:48.165172|fisco-bcos-0x000074b5c6b16a00|[Gateway][Config]add one connected node,host=127.0.0.1:30300
info|2026-02-06 23:23:48.165428|fisco-bcos-0x000074b5c6b16a00|[Gateway][Config]add one connected node,host=127.0.0.1:30301
info|2026-02-06 23:23:48.165669|fisco-bcos-0x000074b5c6b16a00|[Gateway][Config]add one connected node,host=127.0.0.1:30302
info|2026-02-06 23:23:48.165906|fisco-bcos-0x000074b5c6b16a00|[Gateway][Config]add one connected node,host=127.0.0.1:30303
info|2026-02-06 23:23:48.165922|fisco-bcos-0x000074b5c6b16a00|[Gateway][Config]loadP2pConnectedNodes ok!,nodePath=./,nodeFileName=nodes.json,nodes=4
info|2026-02-06 23:23:48.165950|fisco-bcos-0x000074b5c6b16a00|[Gateway][Factory]initCert2PubHexHandler,cert=./conf/ssl.crt,certContent: =0x74b5c60f7490
info|2026-02-06 23:23:48.168755|fisco-bcos-0x000074b5c6b16a00|[Gateway][Factory][NEW]SSLContext pubHex: 3082010a0282010100d938a7d0e5078fdc3bfe83bfe8c789160de4c9e207ff836ef8d64a0c846f5f628646fe9170bec49eec44aebb3f17334e76b1003dae65d6858a626d60a3ff3dbbff8cf15ca934ca0f7a09b9ae6c17c911bb2f6083cab81540e00a8d9b9393a3341b90dd134f4a2ec21f1d8c55c2df687896873a36661a862226614582077d41811bcb3e6632cbf1767f6189b76054e8186606ee5a2c73bffe1bd6c8fc415f481324f015045231d662173b6f7e814068dffd598ce9a6f4630744bb0aa80f9f74403f4c3da3ca856b40d043885cc1e7beac524853fafb01fb61c3023ab04047e29d50a5d4cd612fc9ae90e7832fde7d1dea0804dc16fff17500517be0bf5d28f4ab0203010001
info|2026-02-06 23:23:48.172025|fisco-bcos-0x000074b5c6b16a00|[P2PService][Service][Service::Service]local protocol,protocolModuleID=1,version=0,minVersion=0,maxVersion=2
info|2026-02-06 23:23:48.172174|fisco-bcos-0x000074b5c6b16a00|register SIGUSR1 sig for reload p2p connected nodes config
info|2026-02-06 23:23:48.172204|fisco-bcos-0x000074b5c6b16a00|[Gateway][Factory][buildService]build service end,enable rip protocol=true,enable compress=true,myself pub id=3082010a0282010100d938a7d0e5078fdc3bfe83bfe8c789160de4c9e207ff836ef8d64a0c846f5f628646fe9170bec49eec44aebb3f17334e76b1003dae65d6858a626d60a3ff3dbbff8cf15ca934ca0f7a09b9ae6c17c911bb2f6083cab81540e00a8d9b9393a3341b90dd134f4a2ec21f1d8c55c2df687896873a36661a862226614582077d41811bcb3e6632cbf1767f6189b76054e8186606ee5a2c73bffe1bd6c8fc415f481324f015045231d662173b6f7e814068dffd598ce9a6f4630744bb0aa80f9f74403f4c3da3ca856b40d043885cc1e7beac524853fafb01fb61c3023ab04047e29d50a5d4cd612fc9ae90e7832fde7d1dea0804dc16fff17500517be0bf5d28f4ab0203010001
info|2026-02-06 23:23:48.172582|fisco-bcos-0x000074b5c6b16a00|[Gateway][Factory]GatewayFactory::init ok
info|2026-02-06 23:23:48.172607|fisco-bcos-0x000074b5c6b16a00|[FrontService]FrontServiceFactory::buildFrontService,groupID=group0,nodeID=21a47acec36f73d8e925a7d5db44793f998e1a42a6d7ee2e3a5cf4037b853452cb76f6cbab8e5b223a128e8ee15790d1f629858b47070b4eb2e1ddb2b0ada297
info|2026-02-06 23:23:48.172614|fisco-bcos-0x000074b5c6b16a00|[FrontService]FrontService,this=0x74b5c606ff10,minVersion=0,maxVersion=2
info|2026-02-06 23:23:48.172624|fisco-bcos-0x000074b5c6b16a00|[INITIALIZER]initNode,stateDBPath=data,enableSeparateBlockAndState=false,storageType=RocksDB,consensusStoragePath=data/consensus_log
info|2026-02-06 23:23:48.289068|fisco-bcos-0x000074b5c6b16a00|[LEDGER][#buildGenesisBlock]
info|2026-02-06 23:23:48.291349|fisco-bcos-0x000074b5c6b16a00|[NodeConfig][generateGenesisData],genesisData=[chain]
sm_crypto:0
chainID: chain0
grouID: group0
[consensys]
consensus_type: pbft
block_tx_count_limit:1000
leader_period:1
[version]
compatibility_version:3.11.0
[tx]
gaslimit:3000000000
[executor]
iswasm: 0
isAuthCheck:0
authAdminAccount:0x1dbd23331f727a66c096de4f3daaec061a3ca614
isSerialExecute:1
epochSealerNum:4
epochBlockNum:1000
node.0:0d6a7f52cb87ce7fda869e0db309ec9c53723c46f81632c21e4abbf1a9159f14d53f37cc0c4141548da9ec877d6235afd7a501c40d296fc4c5252a8717aa23c2,1
node.1:21a47acec36f73d8e925a7d5db44793f998e1a42a6d7ee2e3a5cf4037b853452cb76f6cbab8e5b223a128e8ee15790d1f629858b47070b4eb2e1ddb2b0ada297,1
node.2:2346c69c46d42278eb237167eb19eb28432b63783cc0fd7cddc90f89c148e755db8941be9b0c5f37cbc21c409a78c154abc75ce0c80818c6fbb76aea6bcd0a9a,1
node.3:5b07d12d1512a66493c8fd3456d8c505e6ce05f20061613a4c48a1fa3755bbf9cc2d2f1878c4a6733389f03deb0a3fc0c672e2f4910fde9802d6675929cb3dc5,1
info|2026-02-06 23:23:48.291382|fisco-bcos-0x000074b5c6b16a00|[LEDGER][#buildGenesisBlock] success, block exists
info|2026-02-06 23:23:48.293952|fisco-bcos-0x000074b5c6b16a00|[TXPOOL]create transaction validator
info|2026-02-06 23:23:48.294661|fisco-bcos-0x000074b5c6b16a00|[TXPOOL]create transaction config
info|2026-02-06 23:23:48.294697|fisco-bcos-0x000074b5c6b16a00|[TXPOOL]create transaction storage
info|2026-02-06 23:23:48.295179|fisco-bcos-0x000074b5c6b16a00|[TXPOOL]init MemoryStorage of txpool,txNotifierWorkerNum=2,txsExpirationTime=600000,poolLimit=15000,cpuCores=20
info|2026-02-06 23:23:48.295225|fisco-bcos-0x000074b5c6b16a00|[TXPOOL]create sync config
info|2026-02-06 23:23:48.295232|fisco-bcos-0x000074b5c6b16a00|[TXPOOL]create sync engine
info|2026-02-06 23:23:48.296087|fisco-bcos-0x000074b5c6b16a00|[TXPOOL]create txpool,submitWorkerNum=8,notifyWorkerNum=2
info|2026-02-06 23:23:48.298468|fisco-bcos-0x000074b5c6b16a00|[TXPOOL]create TxPool,submitterNum=8
info|2026-02-06 23:23:48.298804|fisco-bcos-0x000074b5c6b16a00|[TARS_EXECUTOR_MANAGER]Initialize ,executorServiceName=chain0.21a47acec36f73d8e925a7d5db44793f998e1a42a6d7ee2e3a5cf4037b853452cb76f6cbab8e5b223a128e8ee15790d1f629858b47070b4eb2e1ddb2b0ada297ExecutorService.ExecutorServiceObj
info|2026-02-06 23:23:48.298958|fisco-bcos-0x000074b5c6b16a00|[INITIALIZER]initNode: enableLRUCacheStorage, size: 33554432
info|2026-02-06 23:23:48.299055|fisco-bcos-0x000074b5c6b16a00|[INITIALIZER]create Executor,nodeArchType=0
info|2026-02-06 23:23:48.303926|fisco-bcos-0x000074b5c6b16a00|[CONSENSUS][PBFT]create PBFTCodec
info|2026-02-06 23:23:48.303989|fisco-bcos-0x000074b5c6b16a00|[CONSENSUS][PBFT]create PBFT validator
info|2026-02-06 23:23:48.304377|fisco-bcos-0x000074b5c6b16a00|[CONSENSUS][PBFT]create pbftStorage
info|2026-02-06 23:23:48.305546|fisco-bcos-0x000074b5c6b16a00|[CONSENSUS][PBFT][STORAGE]createKVTable success,table=pbftCommitDB
info|2026-02-06 23:23:48.306380|fisco-bcos-0x000074b5c6b16a00|[CONSENSUS][PBFT]create pbftConfig
info|2026-02-06 23:23:48.306771|fisco-bcos-0x000074b5c6b16a00|[CONSENSUS][PBFT]create PBFTEngine
info|2026-02-06 23:23:48.307670|fisco-bcos-0x000074b5c6b16a00|[CONSENSUS][PBFT]create PBFT
info|2026-02-06 23:23:48.308392|fisco-bcos-0x000074b5c6b16a00|[INITIALIZER]PBFTInitializer::initChainNodeInfo,nodeType=None,nodeCryptoType=0,nodeName=21a47acec36f73d8e925a7d5db44793f998e1a42a6d7ee2e3a5cf4037b853452cb76f6cbab8e5b223a128e8ee15790d1f629858b47070b4eb2e1ddb2b0ada297,compatibilityVersion=51052544
info|2026-02-06 23:23:48.308460|fisco-bcos-0x000074b5c6b16a00|[Gateway][Router]insertNode,groupID=group0,minVersion=0,maxVersion=2,nodeID=21a47acec36f73d8e925a7d5db44793f998e1a42a6d7ee2e3a5cf4037b853452cb76f6cbab8e5b223a128e8ee15790d1f629858b47070b4eb2e1ddb2b0ada297,nodeType=None
info|2026-02-06 23:23:48.308476|fisco-bcos-0x000074b5c6b16a00|[INITIALIZER]registerNode,group=group0,node=21a47acec36f73d8e925a7d5db44793f998e1a42a6d7ee2e3a5cf4037b853452cb76f6cbab8e5b223a128e8ee15790d1f629858b47070b4eb2e1ddb2b0ada297,type=None
info|2026-02-06 23:23:48.308498|fisco-bcos-0x000074b5c6b16a00|[TXPOOL]fetch LedgerConfig information
info|2026-02-06 23:23:48.308598|fisco-bcos-0x000074b5c6b16a00|[TOOL]LedgerConfigFetcher: fetchBlockNumber success,blockNumber=112
info|2026-02-06 23:23:48.308642|fisco-bcos-0x000074b5c6b16a00|[TOOL]LedgerConfigFetcher: fetchBlockHash success,blockNumber=112,hash=0499cceb...
info|2026-02-06 23:23:48.308703|fisco-bcos-0x000074b5c6b16a00|[TOOL]fetchBlockTxCountLimit success,value=1000
info|2026-02-06 23:23:48.308743|fisco-bcos-0x000074b5c6b16a00|[TXPOOL]fetch LedgerConfig success
info|2026-02-06 23:23:48.308751|fisco-bcos-0x000074b5c6b16a00|[TXPOOL]fetch history nonces information,startNumber=0,fetchedSize=113
info|2026-02-06 23:23:48.313076|fisco-bcos-0x000074b5c6b16a00|[TXPOOL]fetch history nonces success
info|2026-02-06 23:23:48.313127|fisco-bcos-0x000074b5c6b16a00|[TXPOOL]init txs validator,checkBlockLimit=true
info|2026-02-06 23:23:48.313869|fisco-bcos-0x000074b5c6b16a00|[TXPOOL]init txs validator success
info|2026-02-06 23:23:48.314146|fisco-bcos-0x000074b5c6b16a00|[TXPOOL]init sync config
info|2026-02-06 23:23:48.314854|fisco-bcos-0x000074b5c6b16a00|[TXPOOL]init sync config success
info|2026-02-06 23:23:48.314964|fisco-bcos-0x000074b5c6b16a00|[BLOCK SYNC]start fetch the ledger config for block sync module
info|2026-02-06 23:23:48.315052|fisco-bcos-0x000074b5c6b16a00|[TOOL]LedgerConfigFetcher: fetchBlockNumber success,blockNumber=112
info|2026-02-06 23:23:48.315144|fisco-bcos-0x000074b5c6b16a00|[TOOL]LedgerConfigFetcher: fetchBlockHash success,blockNumber=112,hash=0499cceb...
info|2026-02-06 23:23:48.315164|fisco-bcos-0x000074b5c6b16a00|[TOOL]fetchCompatibilityVersion
info|2026-02-06 23:23:48.315257|fisco-bcos-0x000074b5c6b16a00|[TOOL]fetchCompatibilityVersion success,version=3.11.0,versionNumber=51052544,minSupportedVersion=3.0.0-rc4,maxSupportedVersion=3.11.0
info|2026-02-06 23:23:48.316607|fisco-bcos-0x000074b5c6b16a00|[TOOL]fetchSystemConfig failed, use default value,code=3008,msg=Entry: feature_dmc2serial does not exists!,key=feature_dmc2serial,defaultValue=0
info|2026-02-06 23:23:48.316758|fisco-bcos-0x000074b5c6b16a00|[TOOL]fetchSystemConfig failed, use default value,code=3008,msg=Entry: feature_sharding does not exists!,key=feature_sharding,defaultValue=0
info|2026-02-06 23:23:48.316796|fisco-bcos-0x000074b5c6b16a00|[TOOL]fetchSystemConfig failed, use default value,code=3008,msg=Entry: feature_rpbft does not exists!,key=feature_rpbft,defaultValue=0
info|2026-02-06 23:23:48.316823|fisco-bcos-0x000074b5c6b16a00|[TOOL]fetchSystemConfig failed, use default value,code=3008,msg=Entry: feature_paillier does not exists!,key=feature_paillier,defaultValue=0
info|2026-02-06 23:23:48.317144|fisco-bcos-0x000074b5c6b16a00|[TOOL]fetchSystemConfig failed, use default value,code=3008,msg=Entry: feature_balance does not exists!,key=feature_balance,defaultValue=0
info|2026-02-06 23:23:48.317288|fisco-bcos-0x000074b5c6b16a00|[TOOL]fetchSystemConfig failed, use default value,code=3008,msg=Entry: feature_balance_precompiled does not exists!,key=feature_balance_precompiled,defaultValue=0
info|2026-02-06 23:23:48.317337|fisco-bcos-0x000074b5c6b16a00|[TOOL]fetchSystemConfig failed, use default value,code=3008,msg=Entry: feature_balance_policy1 does not exists!,key=feature_balance_policy1,defaultValue=0
info|2026-02-06 23:23:48.317362|fisco-bcos-0x000074b5c6b16a00|[TOOL]fetchSystemConfig failed, use default value,code=3008,msg=Entry: feature_paillier_add_raw does not exists!,key=feature_paillier_add_raw,defaultValue=0
info|2026-02-06 23:23:48.317392|fisco-bcos-0x000074b5c6b16a00|[TOOL]fetchSystemConfig failed, use default value,code=3008,msg=Entry: feature_evm_cancun does not exists!,key=feature_evm_cancun,defaultValue=0
info|2026-02-06 23:23:48.317467|fisco-bcos-0x000074b5c6b16a00|[TOOL]fetchConsensusNodeList success,size=4
info|2026-02-06 23:23:48.317809|fisco-bcos-0x000074b5c6b16a00|[TOOL]fetchObserverNodeList success,size=0
info|2026-02-06 23:23:48.318040|fisco-bcos-0x000074b5c6b16a00|[TOOL]fetchCandidateSealerList success,size=0
info|2026-02-06 23:23:48.318170|fisco-bcos-0x000074b5c6b16a00|[TOOL]fetchGenesisHash success,genesisHash=25d20f1c...
info|2026-02-06 23:23:48.318308|fisco-bcos-0x000074b5c6b16a00|[BLOCK SYNC]fetch the ledger config for block sync module success,number=112,latestHash=0499cceb...,genesisHash=25d20f1c7ba5c73a1e512bbabf583992a464d04d9c35a44e10d8c6c8f07c9983
info|2026-02-06 23:23:48.318394|fisco-bcos-0x000074b5c6b16a00|[BLOCK SYNC]#### BlockSyncConfig resetConfig,number=112,consNodeSize=4,observerNodeSize=0,type=CONSENSUS_NODE
info|2026-02-06 23:23:48.318431|fisco-bcos-0x000074b5c6b16a00|[BLOCK SYNC]init block sync success
info|2026-02-06 23:23:48.318453|fisco-bcos-0x000074b5c6b16a00|[CONSENSUS][PBFT]asyncResetTxPool when startup
info|2026-02-06 23:23:48.318523|fisco-bcos-0x000074b5c6b16a00|[TXPOOL]asyncResetTxPool,txsSize=0
info|2026-02-06 23:23:48.318532|fisco-bcos-0x000074b5c6b16a00|[CONSENSUS][PBFT]fetchAndUpdateLedgerConfig
info|2026-02-06 23:23:48.318635|fisco-bcos-0x000074b5c6b16a00|[TOOL]LedgerConfigFetcher: fetchBlockNumber success,blockNumber=112
info|2026-02-06 23:23:48.318670|fisco-bcos-0x000074b5c6b16a00|[TOOL]LedgerConfigFetcher: fetchBlockHash success,blockNumber=112,hash=0499cceb...
info|2026-02-06 23:23:48.318680|fisco-bcos-0x000074b5c6b16a00|[TOOL]fetchCompatibilityVersion
info|2026-02-06 23:23:48.318758|fisco-bcos-0x000074b5c6b16a00|[TOOL]fetchCompatibilityVersion success,version=3.11.0,versionNumber=51052544,minSupportedVersion=3.0.0-rc4,maxSupportedVersion=3.11.0
info|2026-02-06 23:23:48.319966|fisco-bcos-0x000074b5c6b16a00|[TOOL]fetchSystemConfig failed, use default value,code=3008,msg=Entry: feature_dmc2serial does not exists!,key=feature_dmc2serial,defaultValue=0
info|2026-02-06 23:23:48.320152|fisco-bcos-0x000074b5c6b16a00|[TOOL]fetchSystemConfig failed, use default value,code=3008,msg=Entry: feature_sharding does not exists!,key=feature_sharding,defaultValue=0
info|2026-02-06 23:23:48.320205|fisco-bcos-0x000074b5c6b16a00|[TOOL]fetchSystemConfig failed, use default value,code=3008,msg=Entry: feature_rpbft does not exists!,key=feature_rpbft,defaultValue=0
info|2026-02-06 23:23:48.320241|fisco-bcos-0x000074b5c6b16a00|[TOOL]fetchSystemConfig failed, use default value,code=3008,msg=Entry: feature_paillier does not exists!,key=feature_paillier,defaultValue=0
info|2026-02-06 23:23:48.320278|fisco-bcos-0x000074b5c6b16a00|[TOOL]fetchSystemConfig failed, use default value,code=3008,msg=Entry: feature_balance does not exists!,key=feature_balance,defaultValue=0
info|2026-02-06 23:23:48.320321|fisco-bcos-0x000074b5c6b16a00|[TOOL]fetchSystemConfig failed, use default value,code=3008,msg=Entry: feature_balance_precompiled does not exists!,key=feature_balance_precompiled,defaultValue=0
info|2026-02-06 23:23:48.320465|fisco-bcos-0x000074b5c6b16a00|[TOOL]fetchSystemConfig failed, use default value,code=3008,msg=Entry: feature_balance_policy1 does not exists!,key=feature_balance_policy1,defaultValue=0
info|2026-02-06 23:23:48.320530|fisco-bcos-0x000074b5c6b16a00|[TOOL]fetchSystemConfig failed, use default value,code=3008,msg=Entry: feature_paillier_add_raw does not exists!,key=feature_paillier_add_raw,defaultValue=0
info|2026-02-06 23:23:48.320582|fisco-bcos-0x000074b5c6b16a00|[TOOL]fetchSystemConfig failed, use default value,code=3008,msg=Entry: feature_evm_cancun does not exists!,key=feature_evm_cancun,defaultValue=0
info|2026-02-06 23:23:48.320658|fisco-bcos-0x000074b5c6b16a00|[TOOL]fetchConsensusNodeList success,size=4
info|2026-02-06 23:23:48.320809|fisco-bcos-0x000074b5c6b16a00|[TOOL]fetchObserverNodeList success,size=0
info|2026-02-06 23:23:48.320941|fisco-bcos-0x000074b5c6b16a00|[TOOL]fetchCandidateSealerList success,size=0
info|2026-02-06 23:23:48.321049|fisco-bcos-0x000074b5c6b16a00|[TOOL]fetchBlockTxCountLimit success,value=1000
info|2026-02-06 23:23:48.321072|fisco-bcos-0x000074b5c6b16a00|[TOOL]fetchGenesisHash success,genesisHash=25d20f1c...
info|2026-02-06 23:23:48.321103|fisco-bcos-0x000074b5c6b16a00|[TOOL]fetchConsensusLeaderPeriod success,value=1
info|2026-02-06 23:23:48.321134|fisco-bcos-0x000074b5c6b16a00|[TOOL]fetchAuthCheckStatus success,value=0
info|2026-02-06 23:23:48.321185|fisco-bcos-0x000074b5c6b16a00|[TOOL]fetchSystemConfig failed, use default value,code=3008,msg=Entry: feature_rpbft_epoch_sealer_num does not exists!,key=feature_rpbft_epoch_sealer_num,defaultValue=4
info|2026-02-06 23:23:48.321195|fisco-bcos-0x000074b5c6b16a00|[TOOL]fetchEpochSealerNum success,value=4
info|2026-02-06 23:23:48.321220|fisco-bcos-0x000074b5c6b16a00|[TOOL]fetchSystemConfig failed, use default value,code=3008,msg=Entry: feature_rpbft_epoch_block_num does not exists!,key=feature_rpbft_epoch_block_num,defaultValue=1000
info|2026-02-06 23:23:48.321227|fisco-bcos-0x000074b5c6b16a00|[TOOL]fetchEpochBlockNum success,value=1000
info|2026-02-06 23:23:48.321266|fisco-bcos-0x000074b5c6b16a00|[TOOL]fetchSystemConfig failed, use default value,code=3008,msg=Entry: feature_rpbft_notify_rotate does not exists!,key=feature_rpbft_notify_rotate,defaultValue=0
info|2026-02-06 23:23:48.321280|fisco-bcos-0x000074b5c6b16a00|[TOOL]fetchNotifyRotateFlagInfo success,value=0
info|2026-02-06 23:23:48.321293|fisco-bcos-0x000074b5c6b16a00|[CONSENSUS][PBFT]fetchAndUpdateLedgerConfig success,blockNumber=112,hash=0499cceb...,maxTxsPerBlock=1000,consensusNodeList=4
info|2026-02-06 23:23:48.321304|fisco-bcos-0x000074b5c6b16a00|[CONSENSUS][PBFT][METRIC]resetConfig,committedIndex=112,propHash=0499cceb...,blockCountLimit=1000,leaderPeriod=1,consensusNodesSize=4
info|2026-02-06 23:23:48.321323|fisco-bcos-0x000074b5c6b16a00|[CONSENSUS][PBFT]PBFTConfig: resetExpectedCheckPoint,committedIndex=112,consNum=113,committedHash=0499cceb...,view=0,toView=0,changeCycle=0,expectedCheckPoint=0,Idx=0,unsealedTxs=0,sealUntil=0,waitResealUntil=0,consensusTimeout=3000,nodeId=21a47ace...,expectedCheckPoint=0
info|2026-02-06 23:23:48.321367|fisco-bcos-0x000074b5c6b16a00|[CONSENSUS][Core][METRIC]updateConsensusNodeList,nodeNum=4,nodeIndex=1,committedIndex=112,0d6a7f52...=1,21a47ace...=1,2346c69c...=1,5b07d12d...=1
info|2026-02-06 23:23:48.321395|fisco-bcos-0x000074b5c6b16a00|[CONSENSUS][PBFT]notifyResetSealing,committedIndex=112,consNum=113,committedHash=0499cceb...,view=0,toView=0,changeCycle=0,expectedCheckPoint=113,Idx=1,unsealedTxs=0,sealUntil=0,waitResealUntil=0,consensusTimeout=3000,nodeId=21a47ace...
info|2026-02-06 23:23:48.321422|fisco-bcos-0x000074b5c6b16a00|[CONSENSUS][SEALER]resetSealing,startNum=0,endNum=0,sealingNum=-1,pendingTxs=0,unsealedTxs=0
info|2026-02-06 23:23:48.321457|fisco-bcos-0x000074b5c6b16a00|[CONSENSUS][SEALER]resetSealingInfo,start=113,end=113,sealingNumber=113,waitUntil=0,unsealedTxs=0
info|2026-02-06 23:23:48.321470|fisco-bcos-0x000074b5c6b16a00|[CONSENSUS][PBFT]asyncNotifySealProposal success,startIndex=113,endIndex=113,maxTxsToSeal=1000
info|2026-02-06 23:23:48.321479|fisco-bcos-0x000074b5c6b16a00|[CONSENSUS][SEALER]asyncNotifySealProposal,startIndex=113,endIndex=113,maxTxsPerBlock=1000
info|2026-02-06 23:23:48.321487|fisco-bcos-0x000074b5c6b16a00|[CONSENSUS][PBFT]notifySealer: notify the new leader to seal block,lockNotifyT=0,idx=1,startIndex=113,endIndex=113,notifyBeginIndex=113,waitSealUntil=0,waitResealUntil=0,maxTxsToSeal=1000,committedIndex=112,consNum=113,committedHash=0499cceb...,view=0,toView=0,changeCycle=0,expectedCheckPoint=113,Idx=1,unsealedTxs=0,sealUntil=0,waitResealUntil=0,consensusTimeout=3000,nodeId=21a47ace...
info|2026-02-06 23:23:48.321510|fisco-bcos-0x000074b5c6b16a00|[CONSENSUS][PBFT]reNotifySealer,expectedStart=113,highWaterMark=163,leader=1,committedIndex=112,consNum=113,committedHash=0499cceb...,view=0,toView=0,changeCycle=0,expectedCheckPoint=113,Idx=1,unsealedTxs=0,sealUntil=0,waitResealUntil=0,consensusTimeout=3000,nodeId=21a47ace...
info|2026-02-06 23:23:48.321533|fisco-bcos-0x000074b5c6b16a00|[CONSENSUS][PBFT]notifyResetSealing success,committedIndex=112,consNum=113,committedHash=0499cceb...,view=0,toView=0,changeCycle=0,expectedCheckPoint=113,Idx=1,unsealedTxs=0,sealUntil=0,waitResealUntil=0,consensusTimeout=3000,nodeId=21a47ace...
info|2026-02-06 23:23:48.321584|fisco-bcos-0x000074b5c6b16a00|[CONSENSUS][PBFT][METRIC]^^^^^^^^Report,committedIndex=112,consNum=113,committedHash=0499cceb...,view=0,toView=0,changeCycle=0,expectedCheckPoint=113,Idx=1,unsealedTxs=0,sealUntil=0,waitResealUntil=0,consensusTimeout=3000,nodeId=21a47ace...
info|2026-02-06 23:23:48.321614|fisco-bcos-0x000074b5c6b16a00|[CONSENSUS][PBFT]updateValidatorConfig,consensusNodeListUpdated=true,observerNodeListUpdated=false,consensusNodeSize=4,observerNodeSize=0
info|2026-02-06 23:23:48.321626|fisco-bcos-0x000074b5c6b16a00|[CONSENSUS][SEALER]asyncNoteLatestBlockNumber,number=112
info|2026-02-06 23:23:48.321635|fisco-bcos-0x000074b5c6b16a00|[CONSENSUS][SEALER]asyncNoteLatestBlockHash,_hash=0499cceb...
info|2026-02-06 23:23:48.321647|fisco-bcos-0x000074b5c6b16a00|[CONSENSUS][PBFT]init PBFT success
info|2026-02-06 23:23:48.321821|fisco-bcos-0x000074b5c6b16a00|[FRONTSERVICE]registerModuleMessageDispatcher for the consensus module success
info|2026-02-06 23:23:48.321865|fisco-bcos-0x000074b5c6b16a00|[FRONTSERVICE]registerModuleMessageDispatcher for the txsSync module success
info|2026-02-06 23:23:48.321877|fisco-bcos-0x000074b5c6b16a00|[FRONTSERVICE]registerModuleMessageDispatcher for the BlockSync module success
info|2026-02-06 23:23:48.321885|fisco-bcos-0x000074b5c6b16a00|[FRONTSERVICE]registerGroupNodeInfoNotification success
info|2026-02-06 23:23:48.322814|fisco-bcos-0x000074b5c6b16a00|[RPC][initConfig]rpc work in disable ssl model,listenIP=0.0.0.0,listenPort=20201,threadCount=4,asServer=true
info|2026-02-06 23:23:48.322897|fisco-bcos-0x000074b5c6b16a00|[DEFAULT][WS][SERVICE],[NEWOBJ][WsService]=0x74b5c60e5710
info|2026-02-06 23:23:48.325783|fisco-bcos-0x000074b5c6b16a00|[DEFAULT][WS][INITIALIZER][initWsService]start websocket service as server
info|2026-02-06 23:23:48.325835|fisco-bcos-0x000074b5c6b16a00|[DEFAULT][HTTP][SERVER][buildHttpServer],listenIP=0.0.0.0,listenPort=20201
info|2026-02-06 23:23:48.325843|fisco-bcos-0x000074b5c6b16a00|[DEFAULT][WS][INITIALIZER][initWsService]initializer for websocket service,listenIP=0.0.0.0,listenPort=20201,disableSsl=true,server=true,client=false,maxMsgSize=33554432,msgTimeOut=-1,connected peers=0
info|2026-02-06 23:23:48.327062|fisco-bcos-0x000074b5c6b16a00|[RPC][JSONRPC][initMethod],method=getLogs
info|2026-02-06 23:23:48.327099|fisco-bcos-0x000074b5c6b16a00|[RPC][JSONRPC][initMethod],method=getSystemConfigByKey
info|2026-02-06 23:23:48.327103|fisco-bcos-0x000074b5c6b16a00|[RPC][JSONRPC][initMethod],method=getPeers
info|2026-02-06 23:23:48.327105|fisco-bcos-0x000074b5c6b16a00|[RPC][JSONRPC][initMethod],method=getNodeListByType
info|2026-02-06 23:23:48.327108|fisco-bcos-0x000074b5c6b16a00|[RPC][JSONRPC][initMethod],method=getObserverList
info|2026-02-06 23:23:48.327109|fisco-bcos-0x000074b5c6b16a00|[RPC][JSONRPC][initMethod],method=getBlockHashByNumber
info|2026-02-06 23:23:48.327111|fisco-bcos-0x000074b5c6b16a00|[RPC][JSONRPC][initMethod],method=getBlockNumber
info|2026-02-06 23:23:48.327113|fisco-bcos-0x000074b5c6b16a00|[RPC][JSONRPC][initMethod],method=getSealerList
info|2026-02-06 23:23:48.327114|fisco-bcos-0x000074b5c6b16a00|[RPC][JSONRPC][initMethod],method=getTransactionReceipt
info|2026-02-06 23:23:48.327117|fisco-bcos-0x000074b5c6b16a00|[RPC][JSONRPC][initMethod],method=sendTransaction
info|2026-02-06 23:23:48.327118|fisco-bcos-0x000074b5c6b16a00|[RPC][JSONRPC][initMethod],method=call
info|2026-02-06 23:23:48.327120|fisco-bcos-0x000074b5c6b16a00|[RPC][JSONRPC][initMethod],method=getABI
info|2026-02-06 23:23:48.327131|fisco-bcos-0x000074b5c6b16a00|[RPC][JSONRPC][initMethod],method=newBlockFilter
info|2026-02-06 23:23:48.327133|fisco-bcos-0x000074b5c6b16a00|[RPC][JSONRPC][initMethod],method=getCode
info|2026-02-06 23:23:48.327139|fisco-bcos-0x000074b5c6b16a00|[RPC][JSONRPC][initMethod],method=uninstallFilter
info|2026-02-06 23:23:48.327141|fisco-bcos-0x000074b5c6b16a00|[RPC][JSONRPC][initMethod],method=getPendingTxSize
info|2026-02-06 23:23:48.327143|fisco-bcos-0x000074b5c6b16a00|[RPC][JSONRPC][initMethod],method=getSyncStatus
info|2026-02-06 23:23:48.327144|fisco-bcos-0x000074b5c6b16a00|[RPC][JSONRPC][initMethod],method=getTransaction
info|2026-02-06 23:23:48.327147|fisco-bcos-0x000074b5c6b16a00|[RPC][JSONRPC][initMethod],method=getConsensusStatus
info|2026-02-06 23:23:48.327150|fisco-bcos-0x000074b5c6b16a00|[RPC][JSONRPC][initMethod],method=getGroupPeers
info|2026-02-06 23:23:48.327152|fisco-bcos-0x000074b5c6b16a00|[RPC][JSONRPC][initMethod],method=newFilter
info|2026-02-06 23:23:48.327154|fisco-bcos-0x000074b5c6b16a00|[RPC][JSONRPC][initMethod],method=getGroupList
info|2026-02-06 23:23:48.327156|fisco-bcos-0x000074b5c6b16a00|[RPC][JSONRPC][initMethod],method=getBlockByHash
info|2026-02-06 23:23:48.327157|fisco-bcos-0x000074b5c6b16a00|[RPC][JSONRPC][initMethod],method=getPbftView
info|2026-02-06 23:23:48.327160|fisco-bcos-0x000074b5c6b16a00|[RPC][JSONRPC][initMethod],method=newPendingTransactionFilter
info|2026-02-06 23:23:48.327163|fisco-bcos-0x000074b5c6b16a00|[RPC][JSONRPC][initMethod],method=getFilterLogs
info|2026-02-06 23:23:48.327165|fisco-bcos-0x000074b5c6b16a00|[RPC][JSONRPC][initMethod],method=getFilterChanges
info|2026-02-06 23:23:48.327171|fisco-bcos-0x000074b5c6b16a00|[RPC][JSONRPC][initMethod],method=getGroupInfoList
info|2026-02-06 23:23:48.327175|fisco-bcos-0x000074b5c6b16a00|[RPC][JSONRPC][initMethod],method=getBlockByNumber
info|2026-02-06 23:23:48.327181|fisco-bcos-0x000074b5c6b16a00|[RPC][JSONRPC][initMethod],method=getTotalTransactionCount
info|2026-02-06 23:23:48.327187|fisco-bcos-0x000074b5c6b16a00|[RPC][JSONRPC][initMethod],method=getGroupInfo
info|2026-02-06 23:23:48.327190|fisco-bcos-0x000074b5c6b16a00|[RPC][JSONRPC][initMethod],method=getGroupNodeInfo
info|2026-02-06 23:23:48.327194|fisco-bcos-0x000074b5c6b16a00|[RPC][JSONRPC][initMethod],size=32
info|2026-02-06 23:23:48.327213|fisco-bcos-0x000074b5c6b16a00|[RPC]create event sub obj
info|2026-02-06 23:23:48.327234|fisco-bcos-0x000074b5c6b16a00|[GROUP]initNodeInfo,group=group0,nodeName=localNode
info|2026-02-06 23:23:48.327337|fisco-bcos-0x000074b5c6b16a00|[GROUP]initNodeInfo success,group=group0,nodeName=localNode,number=112
info|2026-02-06 23:23:48.327462|fisco-bcos-0x000074b5c6b16a00|[INITIALIZER][METRIC],binaryVersion=3.11.0,buildTime=20240827 04:30:34,buildType=Release,platform=Linux/g++,gitBranch=HEAD,commitHash=3fea676716990b2ed453b4f079915daafff451f9
info|2026-02-06 23:23:48.328188|fisco-bcos-0x000074b5c6b16a00|[INITIALIZER]Start the txpool
info|2026-02-06 23:23:48.328275|fisco-bcos-0x000074b5c6b16a00|[TXPOOL]Start the txpool.
info|2026-02-06 23:23:48.328285|fisco-bcos-0x000074b5c6b16a00|[BLOCK SYNC]enableAsMaster:true
info|2026-02-06 23:23:48.328306|fisco-bcos-0x000074b5c6b16a00|[Gateway][Router]insertNode,groupID=group0,minVersion=0,maxVersion=2,nodeID=21a47acec36f73d8e925a7d5db44793f998e1a42a6d7ee2e3a5cf4037b853452cb76f6cbab8e5b223a128e8ee15790d1f629858b47070b4eb2e1ddb2b0ada297,nodeType=CONSENSUS_NODE
info|2026-02-06 23:23:48.328333|fisco-bcos-0x000074b5c6b16a00|[INITIALIZER]registerNode,group=group0,node=21a47acec36f73d8e925a7d5db44793f998e1a42a6d7ee2e3a5cf4037b853452cb76f6cbab8e5b223a128e8ee15790d1f629858b47070b4eb2e1ddb2b0ada297,type=CONSENSUS_NODE
info|2026-02-06 23:23:48.328341|fisco-bcos-0x000074b5c6b16a00|[BLOCK SYNC]start fetch the ledger config for block sync module
info|2026-02-06 23:23:48.328423|fisco-bcos-0x000074b5c6b16a00|[TOOL]LedgerConfigFetcher: fetchBlockNumber success,blockNumber=112
info|2026-02-06 23:23:48.328451|fisco-bcos-0x000074b5c6b16a00|[TOOL]LedgerConfigFetcher: fetchBlockHash success,blockNumber=112,hash=0499cceb...
info|2026-02-06 23:23:48.328463|fisco-bcos-0x000074b5c6b16a00|[TOOL]fetchCompatibilityVersion
info|2026-02-06 23:23:48.328525|fisco-bcos-0x000074b5c6b16a00|[TOOL]fetchCompatibilityVersion success,version=3.11.0,versionNumber=51052544,minSupportedVersion=3.0.0-rc4,maxSupportedVersion=3.11.0
info|2026-02-06 23:23:48.329209|fisco-bcos-0x000074b5c6b16a00|[TOOL]fetchSystemConfig failed, use default value,code=3008,msg=Entry: feature_dmc2serial does not exists!,key=feature_dmc2serial,defaultValue=0
info|2026-02-06 23:23:48.329302|fisco-bcos-0x000074b5c6b16a00|[TOOL]fetchSystemConfig failed, use default value,code=3008,msg=Entry: feature_sharding does not exists!,key=feature_sharding,defaultValue=0
info|2026-02-06 23:23:48.329338|fisco-bcos-0x000074b5c6b16a00|[TOOL]fetchSystemConfig failed, use default value,code=3008,msg=Entry: feature_rpbft does not exists!,key=feature_rpbft,defaultValue=0
info|2026-02-06 23:23:48.329367|fisco-bcos-0x000074b5c6b16a00|[TOOL]fetchSystemConfig failed, use default value,code=3008,msg=Entry: feature_paillier does not exists!,key=feature_paillier,defaultValue=0
info|2026-02-06 23:23:48.329449|fisco-bcos-0x000074b5c6b16a00|[TOOL]fetchSystemConfig failed, use default value,code=3008,msg=Entry: feature_balance does not exists!,key=feature_balance,defaultValue=0
info|2026-02-06 23:23:48.329532|fisco-bcos-0x000074b5c6b16a00|[TOOL]fetchSystemConfig failed, use default value,code=3008,msg=Entry: feature_balance_precompiled does not exists!,key=feature_balance_precompiled,defaultValue=0
info|2026-02-06 23:23:48.329578|fisco-bcos-0x000074b5c6b16a00|[TOOL]fetchSystemConfig failed, use default value,code=3008,msg=Entry: feature_balance_policy1 does not exists!,key=feature_balance_policy1,defaultValue=0
info|2026-02-06 23:23:48.329667|fisco-bcos-0x000074b5c6b16a00|[TOOL]fetchSystemConfig failed, use default value,code=3008,msg=Entry: feature_paillier_add_raw does not exists!,key=feature_paillier_add_raw,defaultValue=0
info|2026-02-06 23:23:48.329753|fisco-bcos-0x000074b5c6b16a00|[TOOL]fetchSystemConfig failed, use default value,code=3008,msg=Entry: feature_evm_cancun does not exists!,key=feature_evm_cancun,defaultValue=0
info|2026-02-06 23:23:48.329888|fisco-bcos-0x000074b5c6b16a00|[TOOL]fetchConsensusNodeList success,size=4
info|2026-02-06 23:23:48.329975|fisco-bcos-0x000074b5c6b16a00|[TOOL]fetchObserverNodeList success,size=0
info|2026-02-06 23:23:48.330005|fisco-bcos-0x000074b5c6b16a00|[TOOL]fetchCandidateSealerList success,size=0
info|2026-02-06 23:23:48.330026|fisco-bcos-0x000074b5c6b16a00|[TOOL]fetchGenesisHash success,genesisHash=25d20f1c...
info|2026-02-06 23:23:48.330033|fisco-bcos-0x000074b5c6b16a00|[BLOCK SYNC]fetch the ledger config for block sync module success,number=112,latestHash=0499cceb...,genesisHash=25d20f1c7ba5c73a1e512bbabf583992a464d04d9c35a44e10d8c6c8f07c9983
info|2026-02-06 23:23:48.330045|fisco-bcos-0x000074b5c6b16a00|[BLOCK SYNC]init block sync success
info|2026-02-06 23:23:48.330056|fisco-bcos-0x000074b5c6b16a00|[CONSENSUS][PBFT]enableAsMasterNode: clearAllCache for the node switch into backup node
info|2026-02-06 23:23:48.330075|fisco-bcos-0x000074b5c6b16a00|[CONSENSUS][PBFT]enableAsMasterNode: true
info|2026-02-06 23:23:48.330101|fisco-bcos-0x000074b5c6b16a00|[INITIALIZER]Election versionInfoNotification success,version=51052544
info|2026-02-06 23:23:48.330109|fisco-bcos-0x000074b5c6b16a00|[CONSENSUS][PBFT]enableAsMasterNode: init and start the consensus module
info|2026-02-06 23:23:48.330116|fisco-bcos-0x000074b5c6b16a00|[CONSENSUS][PBFT]asyncResetTxPool when startup
info|2026-02-06 23:23:48.330170|fisco-bcos-0x000074b5c6b16a00|[TXPOOL]asyncResetTxPool,txsSize=0
info|2026-02-06 23:23:48.330217|fisco-bcos-0x000074b5c6b16a00|[CONSENSUS][PBFT]fetchAndUpdateLedgerConfig
info|2026-02-06 23:23:48.330253|fisco-bcos-0x000074b5c6b16a00|[TOOL]LedgerConfigFetcher: fetchBlockNumber success,blockNumber=112
info|2026-02-06 23:23:48.330277|fisco-bcos-0x000074b5c6b16a00|[TOOL]LedgerConfigFetcher: fetchBlockHash success,blockNumber=112,hash=0499cceb...
info|2026-02-06 23:23:48.330284|fisco-bcos-0x000074b5c6b16a00|[TOOL]fetchCompatibilityVersion
info|2026-02-06 23:23:48.330331|fisco-bcos-0x000074b5c6b16a00|[TOOL]fetchCompatibilityVersion success,version=3.11.0,versionNumber=51052544,minSupportedVersion=3.0.0-rc4,maxSupportedVersion=3.11.0
info|2026-02-06 23:23:48.330853|fisco-bcos-0x000074b5c6b16a00|[TOOL]fetchSystemConfig failed, use default value,code=3008,msg=Entry: feature_dmc2serial does not exists!,key=feature_dmc2serial,defaultValue=0
info|2026-02-06 23:23:48.330940|fisco-bcos-0x000074b5c6b16a00|[TOOL]fetchSystemConfig failed, use default value,code=3008,msg=Entry: feature_sharding does not exists!,key=feature_sharding,defaultValue=0
info|2026-02-06 23:23:48.331025|fisco-bcos-0x000074b5c6b16a00|[TOOL]fetchSystemConfig failed, use default value,code=3008,msg=Entry: feature_rpbft does not exists!,key=feature_rpbft,defaultValue=0
info|2026-02-06 23:23:48.331110|fisco-bcos-0x000074b5c6b16a00|[TOOL]fetchSystemConfig failed, use default value,code=3008,msg=Entry: feature_paillier does not exists!,key=feature_paillier,defaultValue=0
info|2026-02-06 23:23:48.331194|fisco-bcos-0x000074b5c6b16a00|[TOOL]fetchSystemConfig failed, use default value,code=3008,msg=Entry: feature_balance does not exists!,key=feature_balance,defaultValue=0
info|2026-02-06 23:23:48.331238|fisco-bcos-0x000074b5c6b16a00|[TOOL]fetchSystemConfig failed, use default value,code=3008,msg=Entry: feature_balance_precompiled does not exists!,key=feature_balance_precompiled,defaultValue=0
info|2026-02-06 23:23:48.331277|fisco-bcos-0x000074b5c6b16a00|[TOOL]fetchSystemConfig failed, use default value,code=3008,msg=Entry: feature_balance_policy1 does not exists!,key=feature_balance_policy1,defaultValue=0
info|2026-02-06 23:23:48.331302|fisco-bcos-0x000074b5c6b16a00|[TOOL]fetchSystemConfig failed, use default value,code=3008,msg=Entry: feature_paillier_add_raw does not exists!,key=feature_paillier_add_raw,defaultValue=0
info|2026-02-06 23:23:48.331330|fisco-bcos-0x000074b5c6b16a00|[TOOL]fetchSystemConfig failed, use default value,code=3008,msg=Entry: feature_evm_cancun does not exists!,key=feature_evm_cancun,defaultValue=0
info|2026-02-06 23:23:48.331425|fisco-bcos-0x000074b5c6b16a00|[TOOL]fetchConsensusNodeList success,size=4
info|2026-02-06 23:23:48.331493|fisco-bcos-0x000074b5c6b16a00|[TOOL]fetchObserverNodeList success,size=0
info|2026-02-06 23:23:48.331580|fisco-bcos-0x000074b5c6b16a00|[TOOL]fetchCandidateSealerList success,size=0
info|2026-02-06 23:23:48.331621|fisco-bcos-0x000074b5c6b16a00|[TOOL]fetchBlockTxCountLimit success,value=1000
info|2026-02-06 23:23:48.332155|fisco-bcos-0x000074b5c6b16a00|[TOOL]fetchGenesisHash success,genesisHash=25d20f1c...
info|2026-02-06 23:23:48.332218|fisco-bcos-0x000074b5c6b16a00|[TOOL]fetchConsensusLeaderPeriod success,value=1
info|2026-02-06 23:23:48.332250|fisco-bcos-0x000074b5c6b16a00|[TOOL]fetchAuthCheckStatus success,value=0
info|2026-02-06 23:23:48.332285|fisco-bcos-0x000074b5c6b16a00|[TOOL]fetchSystemConfig failed, use default value,code=3008,msg=Entry: feature_rpbft_epoch_sealer_num does not exists!,key=feature_rpbft_epoch_sealer_num,defaultValue=4
info|2026-02-06 23:23:48.332307|fisco-bcos-0x000074b5c6b16a00|[TOOL]fetchEpochSealerNum success,value=4
info|2026-02-06 23:23:48.332332|fisco-bcos-0x000074b5c6b16a00|[TOOL]fetchSystemConfig failed, use default value,code=3008,msg=Entry: feature_rpbft_epoch_block_num does not exists!,key=feature_rpbft_epoch_block_num,defaultValue=1000
info|2026-02-06 23:23:48.332346|fisco-bcos-0x000074b5c6b16a00|[TOOL]fetchEpochBlockNum success,value=1000
info|2026-02-06 23:23:48.332785|fisco-bcos-0x000074b5c6b16a00|[TOOL]fetchSystemConfig failed, use default value,code=3008,msg=Entry: feature_rpbft_notify_rotate does not exists!,key=feature_rpbft_notify_rotate,defaultValue=0
info|2026-02-06 23:23:48.332802|fisco-bcos-0x000074b5c6b16a00|[TOOL]fetchNotifyRotateFlagInfo success,value=0
info|2026-02-06 23:23:48.332812|fisco-bcos-0x000074b5c6b16a00|[CONSENSUS][PBFT]fetchAndUpdateLedgerConfig success,blockNumber=112,hash=0499cceb...,maxTxsPerBlock=1000,consensusNodeList=4
info|2026-02-06 23:23:48.332835|fisco-bcos-0x000074b5c6b16a00|[CONSENSUS][PBFT]init PBFT success
info|2026-02-06 23:23:48.332842|fisco-bcos-0x000074b5c6b16a00|[CONSENSUS][PBFT]fetch PBFT state
info|2026-02-06 23:23:48.333153|fisco-bcos-0x000074b5c6b16a00|[CONSENSUS][PBFT][STORAGE]asyncGetLatestCommittedProposalIndex,latestCommittedProposalIndex=112
info|2026-02-06 23:23:48.333206|fisco-bcos-0x000074b5c6b16a00|[CONSENSUS][PBFT][STORAGE]no need to fetch committed proposal,maxCommittedProposal=112,stableCheckPoint=112
info|2026-02-06 23:23:48.333226|fisco-bcos-0x000074b5c6b16a00|[CONSENSUS][PBFT]restart the consensus module
info|2026-02-06 23:23:48.333238|fisco-bcos-0x000074b5c6b16a00|[INITIALIZER]Election versionInfoNotification success,version=51052544
info|2026-02-06 23:23:48.333292|fisco-bcos-0x000074b5c6b16a00|[CONSENSUS][PBFT]notify the committed proposal index to the sync module success,index=112
info|2026-02-06 23:23:48.333837|fisco-bcos-0x000074b5c6b16a00|[CONSENSUS][PBFT]broadcastViewChangeReq,reqHash=0499cceb...,reqIndex=112,reqV=1,fromIdx=1,wait(ms)=0,packetSize=160
info|2026-02-06 23:23:48.333889|fisco-bcos-0x000074b5c6b16a00|[CONSENSUS][PBFT]addViewChangeReq,reqHash=0499cceb...,reqIndex=112,reqV=1,fromIdx=1,wait(ms)=0,weight=1,maxCommittedIndex=112,maxPrecommitIndex=0 preparedProposalInfo: ,committedIndex=112,consNum=113,committedHash=0499cceb...,view=0,toView=1,changeCycle=0,expectedCheckPoint=113,Idx=1,unsealedTxs=0,sealUntil=0,waitResealUntil=0,consensusTimeout=3000,nodeId=21a47ace...
info|2026-02-06 23:23:48.333918|fisco-bcos-0x000074b5c6b16a00|[CONSENSUS][SEALER]start the sealer
info|2026-02-06 23:23:48.334895|fisco-bcos-0x000074b5c6b16a00|[BLOCK SYNC]Start BlockSync
info|2026-02-06 23:23:48.334935|fisco-bcos-0x000074b5c6b16a00|[CONSENSUS][Core]Start the consensusEngine
info|2026-02-06 23:23:48.335678|fisco-bcos-0x000074b5c6b16a00|[CONSENSUS][PBFT]notify the committed proposal index to the sync module success,index=112
info|2026-02-06 23:23:48.335950|fisco-bcos-0x000074b5c6b16a00|[CONSENSUS][PBFT]broadcastViewChangeReq,reqHash=0499cceb...,reqIndex=112,reqV=2,fromIdx=1,wait(ms)=0,packetSize=160
info|2026-02-06 23:23:48.336022|fisco-bcos-0x000074b5c6b16a00|[CONSENSUS][PBFT]addViewChangeReq,reqHash=0499cceb...,reqIndex=112,reqV=2,fromIdx=1,wait(ms)=1,weight=1,maxCommittedIndex=112,maxPrecommitIndex=0 preparedProposalInfo: ,committedIndex=112,consNum=113,committedHash=0499cceb...,view=0,toView=2,changeCycle=0,expectedCheckPoint=113,Idx=1,unsealedTxs=0,sealUntil=0,waitResealUntil=0,consensusTimeout=3000,nodeId=21a47ace...
info|2026-02-06 23:23:48.336063|fisco-bcos-0x000074b5c6b16a00|[CONSENSUS][PBFT]Start the PBFT module.
info|2026-02-06 23:23:48.336072|fisco-bcos-0x000074b5c6b16a00|[FRONTSERVICE]Start the front service
info|2026-02-06 23:23:48.336129|fisco-bcos-0x000074b5c6b16a00|[FrontService][start]asyncGetGroupNodeInfo callback,node size=1
info|2026-02-06 23:23:48.336144|fisco-bcos-0x000074b5c6b16a00|[FrontService]protocolNegotiate success,nodeID=21a47acec36f73d8e925a7d5db44793f998e1a42a6d7ee2e3a5cf4037b853452cb76f6cbab8e5b223a128e8ee15790d1f629858b47070b4eb2e1ddb2b0ada297,groupID=group0,minVersion=0,maxVersion=2,supportedMinVersion=0,supportedMaxVersion=2,version=2
info|2026-02-06 23:23:48.336157|fisco-bcos-0x000074b5c6b16a00|[FrontService]onReceiveGroupNodeInfo,groupID=group0,nodeIDs.size()=1
info|2026-02-06 23:23:48.336336|fisco-bcos-0x000074b5c6b16a00|[FrontService]start,nodeID=21a47acec36f73d8e925a7d5db44793f998e1a42a6d7ee2e3a5cf4037b853452cb76f6cbab8e5b223a128e8ee15790d1f629858b47070b4eb2e1ddb2b0ada297,groupID=group0
info|2026-02-06 23:23:48.336355|fisco-bcos-0x000074b5c6b16a00|[FrontService]register module,count=13
info|2026-02-06 23:23:48.336361|fisco-bcos-0x000074b5c6b16a00|[FrontService]register module,moduleID=4005
info|2026-02-06 23:23:48.336366|fisco-bcos-0x000074b5c6b16a00|[FrontService]register module,moduleID=4006
info|2026-02-06 23:23:48.336369|fisco-bcos-0x000074b5c6b16a00|[FrontService]register module,moduleID=4001
info|2026-02-06 23:23:48.336372|fisco-bcos-0x000074b5c6b16a00|[FrontService]register module,moduleID=4000
info|2026-02-06 23:23:48.336382|fisco-bcos-0x000074b5c6b16a00|[FrontService]register module,moduleID=6000
info|2026-02-06 23:23:48.336389|fisco-bcos-0x000074b5c6b16a00|[FrontService]register module,moduleID=5000
info|2026-02-06 23:23:48.336392|fisco-bcos-0x000074b5c6b16a00|[FrontService]register module,moduleID=4002
info|2026-02-06 23:23:48.336411|fisco-bcos-0x000074b5c6b16a00|[FrontService]register module,moduleID=2000
info|2026-02-06 23:23:48.336420|fisco-bcos-0x000074b5c6b16a00|[FrontService]register module,moduleID=4004
info|2026-02-06 23:23:48.336423|fisco-bcos-0x000074b5c6b16a00|[FrontService]register module,moduleID=2002
info|2026-02-06 23:23:48.336427|fisco-bcos-0x000074b5c6b16a00|[FrontService]register module,moduleID=4003
info|2026-02-06 23:23:48.336430|fisco-bcos-0x000074b5c6b16a00|[FrontService]register module,moduleID=2001
info|2026-02-06 23:23:48.336440|fisco-bcos-0x000074b5c6b16a00|[FrontService]register module,moduleID=1000
info|2026-02-06 23:23:48.336559|fisco-bcos-0x000074b5c6b16a00|[NETWORK][Host]P2P StartAccept,Host=0.0.0.0:30301
info|2026-02-06 23:23:48.336783|fisco-bcos-0x000074b59b7ca6c0|SyncConfig: setConnectedNodeList,size=1
info|2026-02-06 23:23:48.336887|fisco-bcos-0x000074b59b7ca6c0|SyncConfig: setConnectedNodeList,size=1
info|2026-02-06 23:23:48.336905|fisco-bcos-0x000074b59b7ca6c0|[FRONTSERVICE]notifyGroupNodeInfo,connectedNodeSize=1
info|2026-02-06 23:23:48.337040|fisco-bcos-0x000074b59abc76c0|[TIMESYNC]updateTimeInfo: update median time offset,updatedMedianTimeOffset=0,peer=21a47ace...,peerTime=1770391428334,peerOffset=-2,utcTime=1770391428337
info|2026-02-06 23:23:48.346520|fisco-bcos-0x000074b5c6b16a00|[NETWORK][Host]Connecting to node,endpoint=127.0.0.1:30300
info|2026-02-06 23:23:48.346901|fisco-bcos-0x000074b5c6b16a00|[NETWORK][Host]Connecting to node,endpoint=127.0.0.1:30301
info|2026-02-06 23:23:48.347090|fisco-bcos-0x000074b5c6b16a00|[NETWORK][Host]Connecting to node,endpoint=127.0.0.1:30302
info|2026-02-06 23:23:48.347181|fisco-bcos-0x000074b5c6b16a00|[NETWORK][Host]Connecting to node,endpoint=127.0.0.1:30303
info|2026-02-06 23:23:48.347360|fisco-bcos-0x000074b5c6b16a00|[P2PService][Service][METRIC]heartBeat,connected count=0
info|2026-02-06 23:23:48.347478|fisco-bcos-0x000074b5c6b16a00|[Gateway][Gateway]start end.
info|2026-02-06 23:23:48.347773|fisco-bcos-0x000074b5c6b16a00|[EVENT][SUB][start]start event sub successfully
info|2026-02-06 23:23:48.347897|fisco-bcos-0x000074b5c6b16a00|[startThread]start the timer thread
info|2026-02-06 23:23:48.356166|timerFactory-0x000074b5801ff6c0|[startThread]the timer thread start,threadName=timerFactory
info|2026-02-06 23:23:48.356447|fisco-bcos-0x000074b5c6b16a00|[DEFAULT][HTTP][SERVER][startListen],listenIP=0.0.0.0,listenPort=20201
info|2026-02-06 23:23:48.356635|fisco-bcos-0x000074b5c6b16a00|[DEFAULT][HTTP][SERVER][startListen],ip=0.0.0.0,port=20201
info|2026-02-06 23:23:48.356621|ioService-0x000074b58dbfe6c0|[NETWORK][Host]P2P Recv Connect, From=127.0.0.1:50670
info|2026-02-06 23:23:48.356686|fisco-bcos-0x000074b5c6b16a00|[RPC][WS][SERVICE]connected nodes,count=0
info|2026-02-06 23:23:48.356697|fisco-bcos-0x000074b5c6b16a00|[RPC][WS][SERVICE][start]start websocket service successfully,model=16,max msg size=33554432
info|2026-02-06 23:23:48.356709|fisco-bcos-0x000074b5c6b16a00|[RPC]start rpc successfully
info|2026-02-06 23:23:48.356997|ioService-0x000074b58e3ff6c0|[ASIO][ASIO]asyncResolveConnect,endpoint=127.0.0.1:30300
info|2026-02-06 23:23:48.357251|ioService-0x000074b58e3ff6c0|[ASIO][ASIO]asyncResolveConnect,endpoint=127.0.0.1:30301
info|2026-02-06 23:23:48.357374|ioService-0x000074b58dbfe6c0|[NETWORK][Host]P2P StartAccept,Host=0.0.0.0:30301
info|2026-02-06 23:23:48.357886|ioService-0x000074b58dbfe6c0|[NETWORK][Host]P2P Recv Connect, From=127.0.0.1:50684
info|2026-02-06 23:23:48.358008|ioService-0x000074b58dbfe6c0|[NETWORK][Host]P2P StartAccept,Host=0.0.0.0:30301
info|2026-02-06 23:23:48.358183|ioService-0x000074b58dbfe6c0|[NETWORK][Host]P2P Recv Connect, From=127.0.0.1:50690
info|2026-02-06 23:23:48.358285|ioService-0x000074b58dbfe6c0|[NETWORK][Host]P2P StartAccept,Host=0.0.0.0:30301
info|2026-02-06 23:23:48.358725|ioService-0x000074b58dbfe6c0|[NETWORK][Host]P2P Recv Connect, From=127.0.0.1:50692
info|2026-02-06 23:23:48.358853|ioService-0x000074b58dbfe6c0|[NETWORK][Host]P2P StartAccept,Host=0.0.0.0:30301
info|2026-02-06 23:23:48.360722|ioService-0x000074b58e3ff6c0|[ASIO][ASIO]asyncResolveConnect,endpoint=127.0.0.1:30302
info|2026-02-06 23:23:48.360869|ioService-0x000074b58e3ff6c0|[ASIO][ASIO]asyncResolveConnect,endpoint=127.0.0.1:30303
info|2026-02-06 23:23:48.361500|ioService-0x000074b58c7ff6c0|[Gateway][Factory][NEW]SSLContext pubHex: 3082010a0282010100a9ba081864ed1c68f5b81b4fa31a3cb4c81583e0e7c5eec4d7249ecd7d2c8f901393580ca25747abc4e01775b9ff41392cf15074a577cc078f4b07f3152faa0dfe540c63b8de93fbc3afe02564592e274c9c1a76bb0cc8c4692d9404f8e0b7b5440bd66d6e70c33a6d35aca5767a88332fd7853571427789bb25413b734abc293a58791b28aece40a8f74238c2f8b0d32bbbb5f020cfd72ad86d4fb6f1904605a5f43f0f58ed4c826346ad1b71ddac3a15040d6cd21f31f9044b82e690f91329d956b39005f4ab421029ebe499a3fe7179586deded25784665d8949c4db5defd0cbbaf2f27221f3d59e7314f4374086dceea8903a6aedc17d8ca5c7ec4b03fef0203010001
info|2026-02-06 23:23:48.361547|ioService-0x000074b58c7ff6c0|[NETWORK][Host]Get ca basic failed
info|2026-02-06 23:23:48.361692|ioService-0x000074b58c7ff6c0|[Gateway][Factory][NEW]SSLContext pubHex: 3082010a0282010100a492268b412bea3e8f972dff0dc52c521cd06884f53d90f3889c7014f7cb635c38a07b81af9630f2b04238a726b029af6b4b924e132710d2894b7175f12a5e323a7119afd27786b01965d49b9c885ff3768f40b9d57817bc1305124f40ced3b1ac99666773a3a64cce079e95acbc31d42f416aad362594008547aae561213b022db32ed9d1bd67df5c020bc44dcc073982b4566fd04048555b1ea84279063d5b1047e9f42776ef03677d2dd1454433fdb3feced3f41b92efdfeda545d56c1c9ba349584c9095f3ad9e31c2db11cbe3007ee7817f5846f87eb01c296d81b36dbbc765b4c7af74aface1276dd4fd91963729e495694b6af5c0d6111c49115a2c3f0203010001
info|2026-02-06 23:23:48.361704|ioService-0x000074b58c7ff6c0|[Gateway][Factory][NEW]SSLContext pubHex: A492268B412BEA3E8F972DFF0DC52C521CD06884F53D90F3889C7014F7CB635C38A07B81AF9630F2B04238A726B029AF6B4B924E132710D2894B7175F12A5E323A7119AFD27786B01965D49B9C885FF3768F40B9D57817BC1305124F40CED3B1AC99666773A3A64CCE079E95ACBC31D42F416AAD362594008547AAE561213B022DB32ED9D1BD67DF5C020BC44DCC073982B4566FD04048555B1EA84279063D5B1047E9F42776EF03677D2DD1454433FDB3FECED3F41B92EFDFEDA545D56C1C9BA349584C9095F3AD9E31C2DB11CBE3007EE7817F5846F87EB01C296D81B36DBBC765B4C7AF74AFACE1276DD4FD91963729E495694B6AF5C0D6111C49115A2C3F
info|2026-02-06 23:23:48.364410|ioService-0x000074b5899fd6c0|[Gateway][Factory][NEW]SSLContext pubHex: 3082010a0282010100a9ba081864ed1c68f5b81b4fa31a3cb4c81583e0e7c5eec4d7249ecd7d2c8f901393580ca25747abc4e01775b9ff41392cf15074a577cc078f4b07f3152faa0dfe540c63b8de93fbc3afe02564592e274c9c1a76bb0cc8c4692d9404f8e0b7b5440bd66d6e70c33a6d35aca5767a88332fd7853571427789bb25413b734abc293a58791b28aece40a8f74238c2f8b0d32bbbb5f020cfd72ad86d4fb6f1904605a5f43f0f58ed4c826346ad1b71ddac3a15040d6cd21f31f9044b82e690f91329d956b39005f4ab421029ebe499a3fe7179586deded25784665d8949c4db5defd0cbbaf2f27221f3d59e7314f4374086dceea8903a6aedc17d8ca5c7ec4b03fef0203010001
info|2026-02-06 23:23:48.364472|ioService-0x000074b5899fd6c0|[NETWORK][Host]Get ca basic failed
info|2026-02-06 23:23:48.364447|ioService-0x000074b58bffe6c0|[Gateway][Factory][NEW]SSLContext pubHex: 3082010a0282010100a9ba081864ed1c68f5b81b4fa31a3cb4c81583e0e7c5eec4d7249ecd7d2c8f901393580ca25747abc4e01775b9ff41392cf15074a577cc078f4b07f3152faa0dfe540c63b8de93fbc3afe02564592e274c9c1a76bb0cc8c4692d9404f8e0b7b5440bd66d6e70c33a6d35aca5767a88332fd7853571427789bb25413b734abc293a58791b28aece40a8f74238c2f8b0d32bbbb5f020cfd72ad86d4fb6f1904605a5f43f0f58ed4c826346ad1b71ddac3a15040d6cd21f31f9044b82e690f91329d956b39005f4ab421029ebe499a3fe7179586deded25784665d8949c4db5defd0cbbaf2f27221f3d59e7314f4374086dceea8903a6aedc17d8ca5c7ec4b03fef0203010001
info|2026-02-06 23:23:48.364493|ioService-0x000074b58bffe6c0|[NETWORK][Host]Get ca basic failed
info|2026-02-06 23:23:48.364521|ioService-0x000074b5899fd6c0|[Gateway][Factory][NEW]SSLContext pubHex: 3082010a0282010100b85dd5fdfbc4aa99dcef8477a2e1c08c304a63432923826f81b3d0d7d13e79a6ec265462b2f59e76106f8bad7efb849227798aaf7c20a2197e9a95a8ffbbc07f5ccb44d04e995013b9afd04bb77fb7dbfa0f13bd2d404980eae43fc147332e1542ee2d2e973596187bb8ad4dc63b0165052688b1f7fc4a2a8ccb020a55db8ee7b9a45bb901b1c03d94727648a8ec10bfbc854175981345d56f4c783b0211d91f0775e508d8b379b56935777d255f59b63fadc24b43862671f5cbe0d00fcfff7138124c8293f91740a0e0732346eeee748a42f65ddb81da461fce3e76ea6ff452913b80eb5b1dba016f7d4d94f66337cc6bea7a066b8277637aef12c2eba11da10203010001
info|2026-02-06 23:23:48.364528|ioService-0x000074b5899fd6c0|[Gateway][Factory][NEW]SSLContext pubHex: B85DD5FDFBC4AA99DCEF8477A2E1C08C304A63432923826F81B3D0D7D13E79A6EC265462B2F59E76106F8BAD7EFB849227798AAF7C20A2197E9A95A8FFBBC07F5CCB44D04E995013B9AFD04BB77FB7DBFA0F13BD2D404980EAE43FC147332E1542EE2D2E973596187BB8AD4DC63B0165052688B1F7FC4A2A8CCB020A55DB8EE7B9A45BB901B1C03D94727648A8EC10BFBC854175981345D56F4C783B0211D91F0775E508D8B379B56935777D255F59B63FADC24B43862671F5CBE0D00FCFFF7138124C8293F91740A0E0732346EEEE748A42F65DDB81DA461FCE3E76EA6FF452913B80EB5B1DBA016F7D4D94F66337CC6BEA7A066B8277637AEF12C2EBA11DA1
info|2026-02-06 23:23:48.364611|ioService-0x000074b58bffe6c0|[Gateway][Factory][NEW]SSLContext pubHex: 3082010a0282010100d938a7d0e5078fdc3bfe83bfe8c789160de4c9e207ff836ef8d64a0c846f5f628646fe9170bec49eec44aebb3f17334e76b1003dae65d6858a626d60a3ff3dbbff8cf15ca934ca0f7a09b9ae6c17c911bb2f6083cab81540e00a8d9b9393a3341b90dd134f4a2ec21f1d8c55c2df687896873a36661a862226614582077d41811bcb3e6632cbf1767f6189b76054e8186606ee5a2c73bffe1bd6c8fc415f481324f015045231d662173b6f7e814068dffd598ce9a6f4630744bb0aa80f9f74403f4c3da3ca856b40d043885cc1e7beac524853fafb01fb61c3023ab04047e29d50a5d4cd612fc9ae90e7832fde7d1dea0804dc16fff17500517be0bf5d28f4ab0203010001
info|2026-02-06 23:23:48.364625|ioService-0x000074b58bffe6c0|[Gateway][Factory][NEW]SSLContext pubHex: D938A7D0E5078FDC3BFE83BFE8C789160DE4C9E207FF836EF8D64A0C846F5F628646FE9170BEC49EEC44AEBB3F17334E76B1003DAE65D6858A626D60A3FF3DBBFF8CF15CA934CA0F7A09B9AE6C17C911BB2F6083CAB81540E00A8D9B9393A3341B90DD134F4A2EC21F1D8C55C2DF687896873A36661A862226614582077D41811BCB3E6632CBF1767F6189B76054E8186606EE5A2C73BFFE1BD6C8FC415F481324F015045231D662173B6F7E814068DFFD598CE9A6F4630744BB0AA80F9F74403F4C3DA3CA856B40D043885CC1E7BEAC524853FAFB01FB61C3023AB04047E29D50A5D4CD612FC9AE90E7832FDE7D1DEA0804DC16FFF17500517BE0BF5D28F4AB
info|2026-02-06 23:23:48.365046|ioService-0x000074b5899fd6c0|[NETWORK][Host]obtainP2pInfo ,node_info=3082010a0282010100b85dd5fdfbc4aa99dcef8477a2e1c08c304a63432923826f81b3d0d7d13e79a6ec265462b2f59e76106f8bad7efb849227798aaf7c20a2197e9a95a8ffbbc07f5ccb44d04e995013b9afd04bb77fb7dbfa0f13bd2d404980eae43fc147332e1542ee2d2e973596187bb8ad4dc63b0165052688b1f7fc4a2a8ccb020a55db8ee7b9a45bb901b1c03d94727648a8ec10bfbc854175981345d56f4c783b0211d91f0775e508d8b379b56935777d255f59b63fadc24b43862671f5cbe0d00fcfff7138124c8293f91740a0e0732346eeee748a42f65ddb81da461fce3e76ea6ff452913b80eb5b1dba016f7d4d94f66337cc6bea7a066b8277637aef12c2eba11da10203010001#B85DD5FDFBC4AA99DCEF8477A2E1C08C304A63432923826F81B3D0D7D13E79A6EC265462B2F59E76106F8BAD7EFB849227798AAF7C20A2197E9A95A8FFBBC07F5CCB44D04E995013B9AFD04BB77FB7DBFA0F13BD2D404980EAE43FC147332E1542EE2D2E973596187BB8AD4DC63B0165052688B1F7FC4A2A8CCB020A55DB8EE7B9A45BB901B1C03D94727648A8EC10BFBC854175981345D56F4C783B0211D91F0775E508D8B379B56935777D255F59B63FADC24B43862671F5CBE0D00FCFFF7138124C8293F91740A0E0732346EEEE748A42F65DDB81DA461FCE3E76EA6FF452913B80EB5B1DBA016F7D4D94F66337CC6BEA7A066B8277637AEF12C2EBA11DA1#/CN=FISCO-BCOS-e9f43089/O=FISCO-BCOS-e9f43089/OU=chain#/CN=FISCO-BCOS-e9f43089/O=fisco-bcos/OU=agency,p2pid=3082010a0282010100b85dd5fdfbc4aa99dcef8477a2e1c08c304a63432923826f81b3d0d7d13e79a6ec265462b2f59e76106f8bad7efb849227798aaf7c20a2197e9a95a8ffbbc07f5ccb44d04e995013b9afd04bb77fb7dbfa0f13bd2d404980eae43fc147332e1542ee2d2e973596187bb8ad4dc63b0165052688b1f7fc4a2a8ccb020a55db8ee7b9a45bb901b1c03d94727648a8ec10bfbc854175981345d56f4c783b0211d91f0775e508d8b379b56935777d255f59b63fadc24b43862671f5cbe0d00fcfff7138124c8293f91740a0e0732346eeee748a42f65ddb81da461fce3e76ea6ff452913b80eb5b1dba016f7d4d94f66337cc6bea7a066b8277637aef12c2eba11da10203010001
info|2026-02-06 23:23:48.365066|ioService-0x000074b5899fd6c0|[NETWORK][Host]handshakeServer succ,remote endpoint=127.0.0.1:50690,nodeid=3082010a0282010100b85dd5fdfbc4aa99dcef8477a2e1c08c304a63432923826f81b3d0d7d13e79a6ec265462b2f59e76106f8bad7efb849227798aaf7c20a2197e9a95a8ffbbc07f5ccb44d04e995013b9afd04bb77fb7dbfa0f13bd2d404980eae43fc147332e1542ee2d2e973596187bb8ad4dc63b0165052688b1f7fc4a2a8ccb020a55db8ee7b9a45bb901b1c03d94727648a8ec10bfbc854175981345d56f4c783b0211d91f0775e508d8b379b56935777d255f59b63fadc24b43862671f5cbe0d00fcfff7138124c8293f91740a0e0732346eeee748a42f65ddb81da461fce3e76ea6ff452913b80eb5b1dba016f7d4d94f66337cc6bea7a066b8277637aef12c2eba11da10203010001
info|2026-02-06 23:23:48.368545|ioService-0x000074b588bff6c0|[Gateway][Factory][NEW]SSLContext pubHex: 3082010a0282010100a9ba081864ed1c68f5b81b4fa31a3cb4c81583e0e7c5eec4d7249ecd7d2c8f901393580ca25747abc4e01775b9ff41392cf15074a577cc078f4b07f3152faa0dfe540c63b8de93fbc3afe02564592e274c9c1a76bb0cc8c4692d9404f8e0b7b5440bd66d6e70c33a6d35aca5767a88332fd7853571427789bb25413b734abc293a58791b28aece40a8f74238c2f8b0d32bbbb5f020cfd72ad86d4fb6f1904605a5f43f0f58ed4c826346ad1b71ddac3a15040d6cd21f31f9044b82e690f91329d956b39005f4ab421029ebe499a3fe7179586deded25784665d8949c4db5defd0cbbaf2f27221f3d59e7314f4374086dceea8903a6aedc17d8ca5c7ec4b03fef0203010001
info|2026-02-06 23:23:48.368566|ioService-0x000074b588bff6c0|[NETWORK][Host]Get ca basic failed
info|2026-02-06 23:23:48.368617|ioService-0x000074b588bff6c0|[Gateway][Factory][NEW]SSLContext pubHex: 3082010a0282010100d938a7d0e5078fdc3bfe83bfe8c789160de4c9e207ff836ef8d64a0c846f5f628646fe9170bec49eec44aebb3f17334e76b1003dae65d6858a626d60a3ff3dbbff8cf15ca934ca0f7a09b9ae6c17c911bb2f6083cab81540e00a8d9b9393a3341b90dd134f4a2ec21f1d8c55c2df687896873a36661a862226614582077d41811bcb3e6632cbf1767f6189b76054e8186606ee5a2c73bffe1bd6c8fc415f481324f015045231d662173b6f7e814068dffd598ce9a6f4630744bb0aa80f9f74403f4c3da3ca856b40d043885cc1e7beac524853fafb01fb61c3023ab04047e29d50a5d4cd612fc9ae90e7832fde7d1dea0804dc16fff17500517be0bf5d28f4ab0203010001
info|2026-02-06 23:23:48.368626|ioService-0x000074b588bff6c0|[Gateway][Factory][NEW]SSLContext pubHex: D938A7D0E5078FDC3BFE83BFE8C789160DE4C9E207FF836EF8D64A0C846F5F628646FE9170BEC49EEC44AEBB3F17334E76B1003DAE65D6858A626D60A3FF3DBBFF8CF15CA934CA0F7A09B9AE6C17C911BB2F6083CAB81540E00A8D9B9393A3341B90DD134F4A2EC21F1D8C55C2DF687896873A36661A862226614582077D41811BCB3E6632CBF1767F6189B76054E8186606EE5A2C73BFFE1BD6C8FC415F481324F015045231D662173B6F7E814068DFFD598CE9A6F4630744BB0AA80F9F74403F4C3DA3CA856B40D043885CC1E7BEAC524853FAFB01FB61C3023AB04047E29D50A5D4CD612FC9AE90E7832FDE7D1DEA0804DC16FFF17500517BE0BF5D28F4AB
info|2026-02-06 23:23:48.368800|ioService-0x000074b58a1fe6c0|[Gateway][Factory][NEW]SSLContext pubHex: 3082010a0282010100a9ba081864ed1c68f5b81b4fa31a3cb4c81583e0e7c5eec4d7249ecd7d2c8f901393580ca25747abc4e01775b9ff41392cf15074a577cc078f4b07f3152faa0dfe540c63b8de93fbc3afe02564592e274c9c1a76bb0cc8c4692d9404f8e0b7b5440bd66d6e70c33a6d35aca5767a88332fd7853571427789bb25413b734abc293a58791b28aece40a8f74238c2f8b0d32bbbb5f020cfd72ad86d4fb6f1904605a5f43f0f58ed4c826346ad1b71ddac3a15040d6cd21f31f9044b82e690f91329d956b39005f4ab421029ebe499a3fe7179586deded25784665d8949c4db5defd0cbbaf2f27221f3d59e7314f4374086dceea8903a6aedc17d8ca5c7ec4b03fef0203010001
info|2026-02-06 23:23:48.368841|ioService-0x000074b58a1fe6c0|[NETWORK][Host]Get ca basic failed
info|2026-02-06 23:23:48.368894|ioService-0x000074b58a1fe6c0|[Gateway][Factory][NEW]SSLContext pubHex: 3082010a02820101009d9833c7e1dbf7d476b1fd7227e247b488323cbd272862d096a4010035236b7d36e2aede87e4f36adfd2e2e44f2945e9a4170901f5865f04cb779a1c1e1fc2f3e56fc6ea80a2665d5da60fce851ccd94bb60aced8e256a551ebb6edcf78febb8eb8bbb3c4fab73bacd5675925d72c787a8d8e179c70b24c484ae98ea7cc956a196c0c8266073d549963e44bfee479261b4c7a5497320d8a89de71743baf1516450118e57b4b07227de0429adf0d02305ad79d40958f48b3c7d6802814fc5c25be7c54c85463c993254d08401e1c7c1cc5586b265a1616617cc2ba7f29e928ff792e4ff33ada9b1bb7ee5a43130da18ba109a9e2186dfa6c2dc1d823e9066e1590203010001
info|2026-02-06 23:23:48.368954|ioService-0x000074b58a1fe6c0|[Gateway][Factory][NEW]SSLContext pubHex: 9D9833C7E1DBF7D476B1FD7227E247B488323CBD272862D096A4010035236B7D36E2AEDE87E4F36ADFD2E2E44F2945E9A4170901F5865F04CB779A1C1E1FC2F3E56FC6EA80A2665D5DA60FCE851CCD94BB60ACED8E256A551EBB6EDCF78FEBB8EB8BBB3C4FAB73BACD5675925D72C787A8D8E179C70B24C484AE98EA7CC956A196C0C8266073D549963E44BFEE479261B4C7A5497320D8A89DE71743BAF1516450118E57B4B07227DE0429ADF0D02305AD79D40958F48B3C7D6802814FC5C25BE7C54C85463C993254D08401E1C7C1CC5586B265A1616617CC2BA7F29E928FF792E4FF33ADA9B1BB7EE5A43130DA18BA109A9E2186DFA6C2DC1D823E9066E159
info|2026-02-06 23:23:48.369014|ioService-0x000074b588bff6c0|[NETWORK][Host]obtainP2pInfo ,node_info=3082010a0282010100d938a7d0e5078fdc3bfe83bfe8c789160de4c9e207ff836ef8d64a0c846f5f628646fe9170bec49eec44aebb3f17334e76b1003dae65d6858a626d60a3ff3dbbff8cf15ca934ca0f7a09b9ae6c17c911bb2f6083cab81540e00a8d9b9393a3341b90dd134f4a2ec21f1d8c55c2df687896873a36661a862226614582077d41811bcb3e6632cbf1767f6189b76054e8186606ee5a2c73bffe1bd6c8fc415f481324f015045231d662173b6f7e814068dffd598ce9a6f4630744bb0aa80f9f74403f4c3da3ca856b40d043885cc1e7beac524853fafb01fb61c3023ab04047e29d50a5d4cd612fc9ae90e7832fde7d1dea0804dc16fff17500517be0bf5d28f4ab0203010001#D938A7D0E5078FDC3BFE83BFE8C789160DE4C9E207FF836EF8D64A0C846F5F628646FE9170BEC49EEC44AEBB3F17334E76B1003DAE65D6858A626D60A3FF3DBBFF8CF15CA934CA0F7A09B9AE6C17C911BB2F6083CAB81540E00A8D9B9393A3341B90DD134F4A2EC21F1D8C55C2DF687896873A36661A862226614582077D41811BCB3E6632CBF1767F6189B76054E8186606EE5A2C73BFFE1BD6C8FC415F481324F015045231D662173B6F7E814068DFFD598CE9A6F4630744BB0AA80F9F74403F4C3DA3CA856B40D043885CC1E7BEAC524853FAFB01FB61C3023AB04047E29D50A5D4CD612FC9AE90E7832FDE7D1DEA0804DC16FFF17500517BE0BF5D28F4AB#/CN=FISCO-BCOS-e9f43089/O=FISCO-BCOS-e9f43089/OU=chain#/CN=FISCO-BCOS-e9f43089/O=fisco-bcos/OU=agency,p2pid=3082010a0282010100d938a7d0e5078fdc3bfe83bfe8c789160de4c9e207ff836ef8d64a0c846f5f628646fe9170bec49eec44aebb3f17334e76b1003dae65d6858a626d60a3ff3dbbff8cf15ca934ca0f7a09b9ae6c17c911bb2f6083cab81540e00a8d9b9393a3341b90dd134f4a2ec21f1d8c55c2df687896873a36661a862226614582077d41811bcb3e6632cbf1767f6189b76054e8186606ee5a2c73bffe1bd6c8fc415f481324f015045231d662173b6f7e814068dffd598ce9a6f4630744bb0aa80f9f74403f4c3da3ca856b40d043885cc1e7beac524853fafb01fb61c3023ab04047e29d50a5d4cd612fc9ae90e7832fde7d1dea0804dc16fff17500517be0bf5d28f4ab0203010001
info|2026-02-06 23:23:48.369027|ioService-0x000074b588bff6c0|[NETWORK][Host]handshakeServer succ,remote endpoint=127.0.0.1:50692,nodeid=3082010a0282010100d938a7d0e5078fdc3bfe83bfe8c789160de4c9e207ff836ef8d64a0c846f5f628646fe9170bec49eec44aebb3f17334e76b1003dae65d6858a626d60a3ff3dbbff8cf15ca934ca0f7a09b9ae6c17c911bb2f6083cab81540e00a8d9b9393a3341b90dd134f4a2ec21f1d8c55c2df687896873a36661a862226614582077d41811bcb3e6632cbf1767f6189b76054e8186606ee5a2c73bffe1bd6c8fc415f481324f015045231d662173b6f7e814068dffd598ce9a6f4630744bb0aa80f9f74403f4c3da3ca856b40d043885cc1e7beac524853fafb01fb61c3023ab04047e29d50a5d4cd612fc9ae90e7832fde7d1dea0804dc16fff17500517be0bf5d28f4ab0203010001
info|2026-02-06 23:23:48.369116|ioService-0x000074b58bffe6c0|[NETWORK][Host]obtainP2pInfo ,node_info=3082010a0282010100d938a7d0e5078fdc3bfe83bfe8c789160de4c9e207ff836ef8d64a0c846f5f628646fe9170bec49eec44aebb3f17334e76b1003dae65d6858a626d60a3ff3dbbff8cf15ca934ca0f7a09b9ae6c17c911bb2f6083cab81540e00a8d9b9393a3341b90dd134f4a2ec21f1d8c55c2df687896873a36661a862226614582077d41811bcb3e6632cbf1767f6189b76054e8186606ee5a2c73bffe1bd6c8fc415f481324f015045231d662173b6f7e814068dffd598ce9a6f4630744bb0aa80f9f74403f4c3da3ca856b40d043885cc1e7beac524853fafb01fb61c3023ab04047e29d50a5d4cd612fc9ae90e7832fde7d1dea0804dc16fff17500517be0bf5d28f4ab0203010001#D938A7D0E5078FDC3BFE83BFE8C789160DE4C9E207FF836EF8D64A0C846F5F628646FE9170BEC49EEC44AEBB3F17334E76B1003DAE65D6858A626D60A3FF3DBBFF8CF15CA934CA0F7A09B9AE6C17C911BB2F6083CAB81540E00A8D9B9393A3341B90DD134F4A2EC21F1D8C55C2DF687896873A36661A862226614582077D41811BCB3E6632CBF1767F6189B76054E8186606EE5A2C73BFFE1BD6C8FC415F481324F015045231D662173B6F7E814068DFFD598CE9A6F4630744BB0AA80F9F74403F4C3DA3CA856B40D043885CC1E7BEAC524853FAFB01FB61C3023AB04047E29D50A5D4CD612FC9AE90E7832FDE7D1DEA0804DC16FFF17500517BE0BF5D28F4AB#/CN=FISCO-BCOS-e9f43089/O=FISCO-BCOS-e9f43089/OU=chain#/CN=FISCO-BCOS-e9f43089/O=fisco-bcos/OU=agency,p2pid=3082010a0282010100d938a7d0e5078fdc3bfe83bfe8c789160de4c9e207ff836ef8d64a0c846f5f628646fe9170bec49eec44aebb3f17334e76b1003dae65d6858a626d60a3ff3dbbff8cf15ca934ca0f7a09b9ae6c17c911bb2f6083cab81540e00a8d9b9393a3341b90dd134f4a2ec21f1d8c55c2df687896873a36661a862226614582077d41811bcb3e6632cbf1767f6189b76054e8186606ee5a2c73bffe1bd6c8fc415f481324f015045231d662173b6f7e814068dffd598ce9a6f4630744bb0aa80f9f74403f4c3da3ca856b40d043885cc1e7beac524853fafb01fb61c3023ab04047e29d50a5d4cd612fc9ae90e7832fde7d1dea0804dc16fff17500517be0bf5d28f4ab0203010001
info|2026-02-06 23:23:48.369133|ioService-0x000074b58bffe6c0|[NETWORK][Host]handshakeClient succ,local endpoint=127.0.0.1:50692
info|2026-02-06 23:23:48.369572|ioService-0x000074b58a1fe6c0|[NETWORK][Host]obtainP2pInfo ,node_info=3082010a02820101009d9833c7e1dbf7d476b1fd7227e247b488323cbd272862d096a4010035236b7d36e2aede87e4f36adfd2e2e44f2945e9a4170901f5865f04cb779a1c1e1fc2f3e56fc6ea80a2665d5da60fce851ccd94bb60aced8e256a551ebb6edcf78febb8eb8bbb3c4fab73bacd5675925d72c787a8d8e179c70b24c484ae98ea7cc956a196c0c8266073d549963e44bfee479261b4c7a5497320d8a89de71743baf1516450118e57b4b07227de0429adf0d02305ad79d40958f48b3c7d6802814fc5c25be7c54c85463c993254d08401e1c7c1cc5586b265a1616617cc2ba7f29e928ff792e4ff33ada9b1bb7ee5a43130da18ba109a9e2186dfa6c2dc1d823e9066e1590203010001#9D9833C7E1DBF7D476B1FD7227E247B488323CBD272862D096A4010035236B7D36E2AEDE87E4F36ADFD2E2E44F2945E9A4170901F5865F04CB779A1C1E1FC2F3E56FC6EA80A2665D5DA60FCE851CCD94BB60ACED8E256A551EBB6EDCF78FEBB8EB8BBB3C4FAB73BACD5675925D72C787A8D8E179C70B24C484AE98EA7CC956A196C0C8266073D549963E44BFEE479261B4C7A5497320D8A89DE71743BAF1516450118E57B4B07227DE0429ADF0D02305AD79D40958F48B3C7D6802814FC5C25BE7C54C85463C993254D08401E1C7C1CC5586B265A1616617CC2BA7F29E928FF792E4FF33ADA9B1BB7EE5A43130DA18BA109A9E2186DFA6C2DC1D823E9066E159#/CN=FISCO-BCOS-e9f43089/O=FISCO-BCOS-e9f43089/OU=chain#/CN=FISCO-BCOS-e9f43089/O=fisco-bcos/OU=agency,p2pid=3082010a02820101009d9833c7e1dbf7d476b1fd7227e247b488323cbd272862d096a4010035236b7d36e2aede87e4f36adfd2e2e44f2945e9a4170901f5865f04cb779a1c1e1fc2f3e56fc6ea80a2665d5da60fce851ccd94bb60aced8e256a551ebb6edcf78febb8eb8bbb3c4fab73bacd5675925d72c787a8d8e179c70b24c484ae98ea7cc956a196c0c8266073d549963e44bfee479261b4c7a5497320d8a89de71743baf1516450118e57b4b07227de0429adf0d02305ad79d40958f48b3c7d6802814fc5c25be7c54c85463c993254d08401e1c7c1cc5586b265a1616617cc2ba7f29e928ff792e4ff33ada9b1bb7ee5a43130da18ba109a9e2186dfa6c2dc1d823e9066e1590203010001
info|2026-02-06 23:23:48.369597|ioService-0x000074b588bff6c0|[SESSION][Session][Session::Session] this=0x74b57825b1d0,recvBufferSize=67108864
info|2026-02-06 23:23:48.369609|ioService-0x000074b58a1fe6c0|[NETWORK][Host]handshakeServer succ,remote endpoint=127.0.0.1:50684,nodeid=3082010a02820101009d9833c7e1dbf7d476b1fd7227e247b488323cbd272862d096a4010035236b7d36e2aede87e4f36adfd2e2e44f2945e9a4170901f5865f04cb779a1c1e1fc2f3e56fc6ea80a2665d5da60fce851ccd94bb60aced8e256a551ebb6edcf78febb8eb8bbb3c4fab73bacd5675925d72c787a8d8e179c70b24c484ae98ea7cc956a196c0c8266073d549963e44bfee479261b4c7a5497320d8a89de71743baf1516450118e57b4b07227de0429adf0d02305ad79d40958f48b3c7d6802814fc5c25be7c54c85463c993254d08401e1c7c1cc5586b265a1616617cc2ba7f29e928ff792e4ff33ada9b1bb7ee5a43130da18ba109a9e2186dfa6c2dc1d823e9066e1590203010001
info|2026-02-06 23:23:48.369629|ioService-0x000074b58a9ff6c0|[Gateway][Factory][NEW]SSLContext pubHex: 3082010a0282010100a9ba081864ed1c68f5b81b4fa31a3cb4c81583e0e7c5eec4d7249ecd7d2c8f901393580ca25747abc4e01775b9ff41392cf15074a577cc078f4b07f3152faa0dfe540c63b8de93fbc3afe02564592e274c9c1a76bb0cc8c4692d9404f8e0b7b5440bd66d6e70c33a6d35aca5767a88332fd7853571427789bb25413b734abc293a58791b28aece40a8f74238c2f8b0d32bbbb5f020cfd72ad86d4fb6f1904605a5f43f0f58ed4c826346ad1b71ddac3a15040d6cd21f31f9044b82e690f91329d956b39005f4ab421029ebe499a3fe7179586deded25784665d8949c4db5defd0cbbaf2f27221f3d59e7314f4374086dceea8903a6aedc17d8ca5c7ec4b03fef0203010001
info|2026-02-06 23:23:48.369645|ioService-0x000074b58a9ff6c0|[NETWORK][Host]Get ca basic failed
info|2026-02-06 23:23:48.369692|ioService-0x000074b58a9ff6c0|[Gateway][Factory][NEW]SSLContext pubHex: 3082010a0282010100b85dd5fdfbc4aa99dcef8477a2e1c08c304a63432923826f81b3d0d7d13e79a6ec265462b2f59e76106f8bad7efb849227798aaf7c20a2197e9a95a8ffbbc07f5ccb44d04e995013b9afd04bb77fb7dbfa0f13bd2d404980eae43fc147332e1542ee2d2e973596187bb8ad4dc63b0165052688b1f7fc4a2a8ccb020a55db8ee7b9a45bb901b1c03d94727648a8ec10bfbc854175981345d56f4c783b0211d91f0775e508d8b379b56935777d255f59b63fadc24b43862671f5cbe0d00fcfff7138124c8293f91740a0e0732346eeee748a42f65ddb81da461fce3e76ea6ff452913b80eb5b1dba016f7d4d94f66337cc6bea7a066b8277637aef12c2eba11da10203010001
info|2026-02-06 23:23:48.369698|ioService-0x000074b58a9ff6c0|[Gateway][Factory][NEW]SSLContext pubHex: B85DD5FDFBC4AA99DCEF8477A2E1C08C304A63432923826F81B3D0D7D13E79A6EC265462B2F59E76106F8BAD7EFB849227798AAF7C20A2197E9A95A8FFBBC07F5CCB44D04E995013B9AFD04BB77FB7DBFA0F13BD2D404980EAE43FC147332E1542EE2D2E973596187BB8AD4DC63B0165052688B1F7FC4A2A8CCB020A55DB8EE7B9A45BB901B1C03D94727648A8EC10BFBC854175981345D56F4C783B0211D91F0775E508D8B379B56935777D255F59B63FADC24B43862671F5CBE0D00FCFFF7138124C8293F91740A0E0732346EEEE748A42F65DDB81DA461FCE3E76EA6FF452913B80EB5B1DBA016F7D4D94F66337CC6BEA7A066B8277637AEF12C2EBA11DA1
info|2026-02-06 23:23:48.369772|ioService-0x000074b588bff6c0|[SessionFactory]create new session,sessionRecvBufferSize=67108864,allowMaxMsgSize=33554432,maxReadDataSize=40960,maxSendDataSize=1048576,maxSendMsgCountS=10,enableCompress=true
info|2026-02-06 23:23:48.370048|ioService-0x000074b588bff6c0|[NETWORK][Host]startPeerSession, Remote=127.0.0.1:50692,local endpoint=127.0.0.1:30301,p2pid=3082010a0282010100d938a7d0e5078fdc3bfe83bfe8c789160de4c9e207ff836ef8d64a0c846f5f628646fe9170bec49eec44aebb3f17334e76b1003dae65d6858a626d60a3ff3dbbff8cf15ca934ca0f7a09b9ae6c17c911bb2f6083cab81540e00a8d9b9393a3341b90dd134f4a2ec21f1d8c55c2df687896873a36661a862226614582077d41811bcb3e6632cbf1767f6189b76054e8186606ee5a2c73bffe1bd6c8fc415f481324f015045231d662173b6f7e814068dffd598ce9a6f4630744bb0aa80f9f74403f4c3da3ca856b40d043885cc1e7beac524853fafb01fb61c3023ab04047e29d50a5d4cd612fc9ae90e7832fde7d1dea0804dc16fff17500517be0bf5d28f4ab0203010001
info|2026-02-06 23:23:48.370084|ioService-0x000074b58a1fe6c0|[SESSION][Session][Session::Session] this=0x74b57a65c1d0,recvBufferSize=67108864
info|2026-02-06 23:23:48.370294|ioService-0x000074b58a1fe6c0|[SessionFactory]create new session,sessionRecvBufferSize=67108864,allowMaxMsgSize=33554432,maxReadDataSize=40960,maxSendDataSize=1048576,maxSendMsgCountS=10,enableCompress=true
info|2026-02-06 23:23:48.370248|fisco-bcos-0x000074b59a3c56c0|[P2PService][Service]onConnect,p2pid=3082010a0282010100d938a7d0e5078fdc3bfe83bfe8c789160de4c9e207ff836ef8d64a0c846f5f628646fe9170bec49eec44aebb3f17334e76b1003dae65d6858a626d60a3ff3dbbff8cf15ca934ca0f7a09b9ae6c17c911bb2f6083cab81540e00a8d9b9393a3341b90dd134f4a2ec21f1d8c55c2df687896873a36661a862226614582077d41811bcb3e6632cbf1767f6189b76054e8186606ee5a2c73bffe1bd6c8fc415f481324f015045231d662173b6f7e814068dffd598ce9a6f4630744bb0aa80f9f74403f4c3da3ca856b40d043885cc1e7beac524853fafb01fb61c3023ab04047e29d50a5d4cd612fc9ae90e7832fde7d1dea0804dc16fff17500517be0bf5d28f4ab0203010001,endpoint=127.0.0.1
info|2026-02-06 23:23:48.370314|ioService-0x000074b58bffe6c0|[SESSION][Session][Session::Session] this=0x74b57f887390,recvBufferSize=67108864
info|2026-02-06 23:23:48.370328|fisco-bcos-0x000074b59a3c56c0|[SESSION][Session][Session::~Session] this=0x74b57825b1d0
info|2026-02-06 23:23:48.370453|ioService-0x000074b58a1fe6c0|[NETWORK][Host]startPeerSession, Remote=127.0.0.1:50684,local endpoint=127.0.0.1:30301,p2pid=3082010a02820101009d9833c7e1dbf7d476b1fd7227e247b488323cbd272862d096a4010035236b7d36e2aede87e4f36adfd2e2e44f2945e9a4170901f5865f04cb779a1c1e1fc2f3e56fc6ea80a2665d5da60fce851ccd94bb60aced8e256a551ebb6edcf78febb8eb8bbb3c4fab73bacd5675925d72c787a8d8e179c70b24c484ae98ea7cc956a196c0c8266073d549963e44bfee479261b4c7a5497320d8a89de71743baf1516450118e57b4b07227de0429adf0d02305ad79d40958f48b3c7d6802814fc5c25be7c54c85463c993254d08401e1c7c1cc5586b265a1616617cc2ba7f29e928ff792e4ff33ada9b1bb7ee5a43130da18ba109a9e2186dfa6c2dc1d823e9066e1590203010001
info|2026-02-06 23:23:48.370722|ioService-0x000074b58bffe6c0|[SessionFactory]create new session,sessionRecvBufferSize=67108864,allowMaxMsgSize=33554432,maxReadDataSize=40960,maxSendDataSize=1048576,maxSendMsgCountS=10,enableCompress=true
info|2026-02-06 23:23:48.370654|fisco-bcos-0x000074b59a7c66c0|[P2PService][Service]onConnect,p2pid=3082010a02820101009d9833c7e1dbf7d476b1fd7227e247b488323cbd272862d096a4010035236b7d36e2aede87e4f36adfd2e2e44f2945e9a4170901f5865f04cb779a1c1e1fc2f3e56fc6ea80a2665d5da60fce851ccd94bb60aced8e256a551ebb6edcf78febb8eb8bbb3c4fab73bacd5675925d72c787a8d8e179c70b24c484ae98ea7cc956a196c0c8266073d549963e44bfee479261b4c7a5497320d8a89de71743baf1516450118e57b4b07227de0429adf0d02305ad79d40958f48b3c7d6802814fc5c25be7c54c85463c993254d08401e1c7c1cc5586b265a1616617cc2ba7f29e928ff792e4ff33ada9b1bb7ee5a43130da18ba109a9e2186dfa6c2dc1d823e9066e1590203010001,endpoint=127.0.0.1
info|2026-02-06 23:23:48.370784|fisco-bcos-0x000074b59a7c66c0|[P2PService][P2PSession][P2PSession::P2PSession] this=0x74b5972141d0
info|2026-02-06 23:23:48.370826|fisco-bcos-0x000074b59a7c66c0|[SESSION][Session][start] start session ,this=0x74b57a65c1d0
info|2026-02-06 23:23:48.370852|ioService-0x000074b58bffe6c0|[NETWORK][Host]startPeerSession, Remote=127.0.0.1:30301,local endpoint=127.0.0.1:50692,p2pid=3082010a0282010100d938a7d0e5078fdc3bfe83bfe8c789160de4c9e207ff836ef8d64a0c846f5f628646fe9170bec49eec44aebb3f17334e76b1003dae65d6858a626d60a3ff3dbbff8cf15ca934ca0f7a09b9ae6c17c911bb2f6083cab81540e00a8d9b9393a3341b90dd134f4a2ec21f1d8c55c2df687896873a36661a862226614582077d41811bcb3e6632cbf1767f6189b76054e8186606ee5a2c73bffe1bd6c8fc415f481324f015045231d662173b6f7e814068dffd598ce9a6f4630744bb0aa80f9f74403f4c3da3ca856b40d043885cc1e7beac524853fafb01fb61c3023ab04047e29d50a5d4cd612fc9ae90e7832fde7d1dea0804dc16fff17500517be0bf5d28f4ab0203010001
info|2026-02-06 23:23:48.371175|fisco-bcos-0x000074b59bfcc6c0|[P2PService][Service]onConnect,p2pid=3082010a0282010100d938a7d0e5078fdc3bfe83bfe8c789160de4c9e207ff836ef8d64a0c846f5f628646fe9170bec49eec44aebb3f17334e76b1003dae65d6858a626d60a3ff3dbbff8cf15ca934ca0f7a09b9ae6c17c911bb2f6083cab81540e00a8d9b9393a3341b90dd134f4a2ec21f1d8c55c2df687896873a36661a862226614582077d41811bcb3e6632cbf1767f6189b76054e8186606ee5a2c73bffe1bd6c8fc415f481324f015045231d662173b6f7e814068dffd598ce9a6f4630744bb0aa80f9f74403f4c3da3ca856b40d043885cc1e7beac524853fafb01fb61c3023ab04047e29d50a5d4cd612fc9ae90e7832fde7d1dea0804dc16fff17500517be0bf5d28f4ab0203010001,endpoint=127.0.0.1
info|2026-02-06 23:23:48.371245|fisco-bcos-0x000074b59a7c66c0|[P2PService][Service]asyncSendProtocol,payload=5,seq=5
info|2026-02-06 23:23:48.371372|fisco-bcos-0x000074b59a7c66c0|[P2PService][Router][updateDstNodeEntry]insert new entry into the routerTable,distance=1,dst=3082010a02820101009d9833c7e1dbf7d476b1fd7227e247b488323cbd272862d096a4010035236b7d36e2aede87e4f36adfd2e2e44f2945e9a4170901f5865f04cb779a1c1e1fc2f3e56fc6ea80a2665d5da60fce851ccd94bb60aced8e256a551ebb6edcf78febb8eb8bbb3c4fab73bacd5675925d72c787a8d8e179c70b24c484ae98ea7cc956a196c0c8266073d549963e44bfee479261b4c7a5497320d8a89de71743baf1516450118e57b4b07227de0429adf0d02305ad79d40958f48b3c7d6802814fc5c25be7c54c85463c993254d08401e1c7c1cc5586b265a1616617cc2ba7f29e928ff792e4ff33ada9b1bb7ee5a43130da18ba109a9e2186dfa6c2dc1d823e9066e1590203010001,nextHop=,size=1
info|2026-02-06 23:23:48.371506|fisco-bcos-0x000074b59a7c66c0|[P2PService][Service2][onNewSession]update routerTable,dst=3082010a02820101009d9833c7e1dbf7d476b1fd7227e247b488323cbd272862d096a4010035236b7d36e2aede87e4f36adfd2e2e44f2945e9a4170901f5865f04cb779a1c1e1fc2f3e56fc6ea80a2665d5da60fce851ccd94bb60aced8e256a551ebb6edcf78febb8eb8bbb3c4fab73bacd5675925d72c787a8d8e179c70b24c484ae98ea7cc956a196c0c8266073d549963e44bfee479261b4c7a5497320d8a89de71743baf1516450118e57b4b07227de0429adf0d02305ad79d40958f48b3c7d6802814fc5c25be7c54c85463c993254d08401e1c7c1cc5586b265a1616617cc2ba7f29e928ff792e4ff33ada9b1bb7ee5a43130da18ba109a9e2186dfa6c2dc1d823e9066e1590203010001
info|2026-02-06 23:23:48.371518|fisco-bcos-0x000074b59a7c66c0|[P2PService][Service]Connection established,p2pid=3082010a02820101009d9833c7e1dbf7d476b1fd7227e247b488323cbd272862d096a4010035236b7d36e2aede87e4f36adfd2e2e44f2945e9a4170901f5865f04cb779a1c1e1fc2f3e56fc6ea80a2665d5da60fce851ccd94bb60aced8e256a551ebb6edcf78febb8eb8bbb3c4fab73bacd5675925d72c787a8d8e179c70b24c484ae98ea7cc956a196c0c8266073d549963e44bfee479261b4c7a5497320d8a89de71743baf1516450118e57b4b07227de0429adf0d02305ad79d40958f48b3c7d6802814fc5c25be7c54c85463c993254d08401e1c7c1cc5586b265a1616617cc2ba7f29e928ff792e4ff33ada9b1bb7ee5a43130da18ba109a9e2186dfa6c2dc1d823e9066e1590203010001,endpoint=127.0.0.1:50684
info|2026-02-06 23:23:48.371541|fisco-bcos-0x000074b59bfcc6c0|[P2PService][Service]updateStaticNodes,nodeid=3082010a0282010100d938a7d0e5078fdc3bfe83bfe8c789160de4c9e207ff836ef8d64a0c846f5f628646fe9170bec49eec44aebb3f17334e76b1003dae65d6858a626d60a3ff3dbbff8cf15ca934ca0f7a09b9ae6c17c911bb2f6083cab81540e00a8d9b9393a3341b90dd134f4a2ec21f1d8c55c2df687896873a36661a862226614582077d41811bcb3e6632cbf1767f6189b76054e8186606ee5a2c73bffe1bd6c8fc415f481324f015045231d662173b6f7e814068dffd598ce9a6f4630744bb0aa80f9f74403f4c3da3ca856b40d043885cc1e7beac524853fafb01fb61c3023ab04047e29d50a5d4cd612fc9ae90e7832fde7d1dea0804dc16fff17500517be0bf5d28f4ab0203010001,endpoint=127.0.0.1:30301
info|2026-02-06 23:23:48.371399|ioService-0x000074b58c7ff6c0|[NETWORK][Host]obtainP2pInfo ,node_info=3082010a0282010100a492268b412bea3e8f972dff0dc52c521cd06884f53d90f3889c7014f7cb635c38a07b81af9630f2b04238a726b029af6b4b924e132710d2894b7175f12a5e323a7119afd27786b01965d49b9c885ff3768f40b9d57817bc1305124f40ced3b1ac99666773a3a64cce079e95acbc31d42f416aad362594008547aae561213b022db32ed9d1bd67df5c020bc44dcc073982b4566fd04048555b1ea84279063d5b1047e9f42776ef03677d2dd1454433fdb3feced3f41b92efdfeda545d56c1c9ba349584c9095f3ad9e31c2db11cbe3007ee7817f5846f87eb01c296d81b36dbbc765b4c7af74aface1276dd4fd91963729e495694b6af5c0d6111c49115a2c3f0203010001#A492268B412BEA3E8F972DFF0DC52C521CD06884F53D90F3889C7014F7CB635C38A07B81AF9630F2B04238A726B029AF6B4B924E132710D2894B7175F12A5E323A7119AFD27786B01965D49B9C885FF3768F40B9D57817BC1305124F40CED3B1AC99666773A3A64CCE079E95ACBC31D42F416AAD362594008547AAE561213B022DB32ED9D1BD67DF5C020BC44DCC073982B4566FD04048555B1EA84279063D5B1047E9F42776EF03677D2DD1454433FDB3FECED3F41B92EFDFEDA545D56C1C9BA349584C9095F3AD9E31C2DB11CBE3007EE7817F5846F87EB01C296D81B36DBBC765B4C7AF74AFACE1276DD4FD91963729E495694B6AF5C0D6111C49115A2C3F#/CN=FISCO-BCOS-e9f43089/O=FISCO-BCOS-e9f43089/OU=chain#/CN=FISCO-BCOS-e9f43089/O=fisco-bcos/OU=agency,p2pid=3082010a0282010100a492268b412bea3e8f972dff0dc52c521cd06884f53d90f3889c7014f7cb635c38a07b81af9630f2b04238a726b029af6b4b924e132710d2894b7175f12a5e323a7119afd27786b01965d49b9c885ff3768f40b9d57817bc1305124f40ced3b1ac99666773a3a64cce079e95acbc31d42f416aad362594008547aae561213b022db32ed9d1bd67df5c020bc44dcc073982b4566fd04048555b1ea84279063d5b1047e9f42776ef03677d2dd1454433fdb3feced3f41b92efdfeda545d56c1c9ba349584c9095f3ad9e31c2db11cbe3007ee7817f5846f87eb01c296d81b36dbbc765b4c7af74aface1276dd4fd91963729e495694b6af5c0d6111c49115a2c3f0203010001
info|2026-02-06 23:23:48.371550|ioService-0x000074b5899fd6c0|[SESSION][Session][Session::Session] this=0x74b57985c1d0,recvBufferSize=67108864
info|2026-02-06 23:23:48.371572|fisco-bcos-0x000074b59bfcc6c0|[SESSION][Session][Session::~Session] this=0x74b57f887390
info|2026-02-06 23:23:48.371566|ioService-0x000074b58c7ff6c0|[NETWORK][Host]handshakeClient succ,local endpoint=127.0.0.1:56854
info|2026-02-06 23:23:48.371686|ioService-0x000074b5899fd6c0|[SessionFactory]create new session,sessionRecvBufferSize=67108864,allowMaxMsgSize=33554432,maxReadDataSize=40960,maxSendDataSize=1048576,maxSendMsgCountS=10,enableCompress=true
info|2026-02-06 23:23:48.371871|ioService-0x000074b5899fd6c0|[NETWORK][Host]startPeerSession, Remote=127.0.0.1:50690,local endpoint=127.0.0.1:30301,p2pid=3082010a0282010100b85dd5fdfbc4aa99dcef8477a2e1c08c304a63432923826f81b3d0d7d13e79a6ec265462b2f59e76106f8bad7efb849227798aaf7c20a2197e9a95a8ffbbc07f5ccb44d04e995013b9afd04bb77fb7dbfa0f13bd2d404980eae43fc147332e1542ee2d2e973596187bb8ad4dc63b0165052688b1f7fc4a2a8ccb020a55db8ee7b9a45bb901b1c03d94727648a8ec10bfbc854175981345d56f4c783b0211d91f0775e508d8b379b56935777d255f59b63fadc24b43862671f5cbe0d00fcfff7138124c8293f91740a0e0732346eeee748a42f65ddb81da461fce3e76ea6ff452913b80eb5b1dba016f7d4d94f66337cc6bea7a066b8277637aef12c2eba11da10203010001
info|2026-02-06 23:23:48.371973|fisco-bcos-0x000074b59a7c66c0|[P2PService][Service]onConnect,p2pid=3082010a0282010100b85dd5fdfbc4aa99dcef8477a2e1c08c304a63432923826f81b3d0d7d13e79a6ec265462b2f59e76106f8bad7efb849227798aaf7c20a2197e9a95a8ffbbc07f5ccb44d04e995013b9afd04bb77fb7dbfa0f13bd2d404980eae43fc147332e1542ee2d2e973596187bb8ad4dc63b0165052688b1f7fc4a2a8ccb020a55db8ee7b9a45bb901b1c03d94727648a8ec10bfbc854175981345d56f4c783b0211d91f0775e508d8b379b56935777d255f59b63fadc24b43862671f5cbe0d00fcfff7138124c8293f91740a0e0732346eeee748a42f65ddb81da461fce3e76ea6ff452913b80eb5b1dba016f7d4d94f66337cc6bea7a066b8277637aef12c2eba11da10203010001,endpoint=127.0.0.1
info|2026-02-06 23:23:48.372120|fisco-bcos-0x000074b59a7c66c0|[P2PService][P2PSession][P2PSession::P2PSession] this=0x74b597214390
info|2026-02-06 23:23:48.372168|fisco-bcos-0x000074b59a7c66c0|[SESSION][Session][start] start session ,this=0x74b57985c1d0
info|2026-02-06 23:23:48.372251|fisco-bcos-0x000074b59a7c66c0|[P2PService][Service]asyncSendProtocol,payload=5,seq=7
info|2026-02-06 23:23:48.372309|fisco-bcos-0x000074b59a7c66c0|[P2PService][Router][updateDstNodeEntry]insert new entry into the routerTable,distance=1,dst=3082010a0282010100b85dd5fdfbc4aa99dcef8477a2e1c08c304a63432923826f81b3d0d7d13e79a6ec265462b2f59e76106f8bad7efb849227798aaf7c20a2197e9a95a8ffbbc07f5ccb44d04e995013b9afd04bb77fb7dbfa0f13bd2d404980eae43fc147332e1542ee2d2e973596187bb8ad4dc63b0165052688b1f7fc4a2a8ccb020a55db8ee7b9a45bb901b1c03d94727648a8ec10bfbc854175981345d56f4c783b0211d91f0775e508d8b379b56935777d255f59b63fadc24b43862671f5cbe0d00fcfff7138124c8293f91740a0e0732346eeee748a42f65ddb81da461fce3e76ea6ff452913b80eb5b1dba016f7d4d94f66337cc6bea7a066b8277637aef12c2eba11da10203010001,nextHop=,size=2
info|2026-02-06 23:23:48.372395|fisco-bcos-0x000074b59a7c66c0|[P2PService][Service2][onNewSession]update routerTable,dst=3082010a0282010100b85dd5fdfbc4aa99dcef8477a2e1c08c304a63432923826f81b3d0d7d13e79a6ec265462b2f59e76106f8bad7efb849227798aaf7c20a2197e9a95a8ffbbc07f5ccb44d04e995013b9afd04bb77fb7dbfa0f13bd2d404980eae43fc147332e1542ee2d2e973596187bb8ad4dc63b0165052688b1f7fc4a2a8ccb020a55db8ee7b9a45bb901b1c03d94727648a8ec10bfbc854175981345d56f4c783b0211d91f0775e508d8b379b56935777d255f59b63fadc24b43862671f5cbe0d00fcfff7138124c8293f91740a0e0732346eeee748a42f65ddb81da461fce3e76ea6ff452913b80eb5b1dba016f7d4d94f66337cc6bea7a066b8277637aef12c2eba11da10203010001
info|2026-02-06 23:23:48.372435|fisco-bcos-0x000074b59a7c66c0|[P2PService][Service]Connection established,p2pid=3082010a0282010100b85dd5fdfbc4aa99dcef8477a2e1c08c304a63432923826f81b3d0d7d13e79a6ec265462b2f59e76106f8bad7efb849227798aaf7c20a2197e9a95a8ffbbc07f5ccb44d04e995013b9afd04bb77fb7dbfa0f13bd2d404980eae43fc147332e1542ee2d2e973596187bb8ad4dc63b0165052688b1f7fc4a2a8ccb020a55db8ee7b9a45bb901b1c03d94727648a8ec10bfbc854175981345d56f4c783b0211d91f0775e508d8b379b56935777d255f59b63fadc24b43862671f5cbe0d00fcfff7138124c8293f91740a0e0732346eeee748a42f65ddb81da461fce3e76ea6ff452913b80eb5b1dba016f7d4d94f66337cc6bea7a066b8277637aef12c2eba11da10203010001,endpoint=127.0.0.1:50690
info|2026-02-06 23:23:48.372585|fisco-bcos-0x000074b58fbfe6c0|[P2PService][Service2][onReceiveRouterSeq]receive router seq and request router table,peer=3082010a0282010100b85dd5fdfbc4aa99dcef8477a2e1c08c304a63432923826f81b3d0d7d13e79a6ec265462b2f59e76106f8bad7efb849227798aaf7c20a2197e9a95a8ffbbc07f5ccb44d04e995013b9afd04bb77fb7dbfa0f13bd2d404980eae43fc147332e1542ee2d2e973596187bb8ad4dc63b0165052688b1f7fc4a2a8ccb020a55db8ee7b9a45bb901b1c03d94727648a8ec10bfbc854175981345d56f4c783b0211d91f0775e508d8b379b56935777d255f59b63fadc24b43862671f5cbe0d00fcfff7138124c8293f91740a0e0732346eeee748a42f65ddb81da461fce3e76ea6ff452913b80eb5b1dba016f7d4d94f66337cc6bea7a066b8277637aef12c2eba11da10203010001,seq=5
info|2026-02-06 23:23:48.372660|fisco-bcos-0x000074b59a7c66c0|[P2PService][Service2][onReceiveRouterSeq]receive router seq and request router table,peer=3082010a0282010100b85dd5fdfbc4aa99dcef8477a2e1c08c304a63432923826f81b3d0d7d13e79a6ec265462b2f59e76106f8bad7efb849227798aaf7c20a2197e9a95a8ffbbc07f5ccb44d04e995013b9afd04bb77fb7dbfa0f13bd2d404980eae43fc147332e1542ee2d2e973596187bb8ad4dc63b0165052688b1f7fc4a2a8ccb020a55db8ee7b9a45bb901b1c03d94727648a8ec10bfbc854175981345d56f4c783b0211d91f0775e508d8b379b56935777d255f59b63fadc24b43862671f5cbe0d00fcfff7138124c8293f91740a0e0732346eeee748a42f65ddb81da461fce3e76ea6ff452913b80eb5b1dba016f7d4d94f66337cc6bea7a066b8277637aef12c2eba11da10203010001,seq=6
info|2026-02-06 23:23:48.372706|ioService-0x000074b58c7ff6c0|[SESSION][Session][Session::Session] this=0x74b580687390,recvBufferSize=67108864
info|2026-02-06 23:23:48.372836|ioService-0x000074b58d3fd6c0|[Gateway][Factory][NEW]SSLContext pubHex: 3082010a0282010100a9ba081864ed1c68f5b81b4fa31a3cb4c81583e0e7c5eec4d7249ecd7d2c8f901393580ca25747abc4e01775b9ff41392cf15074a577cc078f4b07f3152faa0dfe540c63b8de93fbc3afe02564592e274c9c1a76bb0cc8c4692d9404f8e0b7b5440bd66d6e70c33a6d35aca5767a88332fd7853571427789bb25413b734abc293a58791b28aece40a8f74238c2f8b0d32bbbb5f020cfd72ad86d4fb6f1904605a5f43f0f58ed4c826346ad1b71ddac3a15040d6cd21f31f9044b82e690f91329d956b39005f4ab421029ebe499a3fe7179586deded25784665d8949c4db5defd0cbbaf2f27221f3d59e7314f4374086dceea8903a6aedc17d8ca5c7ec4b03fef0203010001
info|2026-02-06 23:23:48.372894|ioService-0x000074b58c7ff6c0|[SessionFactory]create new session,sessionRecvBufferSize=67108864,allowMaxMsgSize=33554432,maxReadDataSize=40960,maxSendDataSize=1048576,maxSendMsgCountS=10,enableCompress=true
info|2026-02-06 23:23:48.373022|ioService-0x000074b58d3fd6c0|[NETWORK][Host]Get ca basic failed
info|2026-02-06 23:23:48.372795|fisco-bcos-0x000074b599bff6c0|[P2PService][Service2][onReceiveRouterTableRequest],peer=3082010a0282010100b85dd5fdfbc4aa99dcef8477a2e1c08c304a63432923826f81b3d0d7d13e79a6ec265462b2f59e76106f8bad7efb849227798aaf7c20a2197e9a95a8ffbbc07f5ccb44d04e995013b9afd04bb77fb7dbfa0f13bd2d404980eae43fc147332e1542ee2d2e973596187bb8ad4dc63b0165052688b1f7fc4a2a8ccb020a55db8ee7b9a45bb901b1c03d94727648a8ec10bfbc854175981345d56f4c783b0211d91f0775e508d8b379b56935777d255f59b63fadc24b43862671f5cbe0d00fcfff7138124c8293f91740a0e0732346eeee748a42f65ddb81da461fce3e76ea6ff452913b80eb5b1dba016f7d4d94f66337cc6bea7a066b8277637aef12c2eba11da10203010001,entrySize=2
info|2026-02-06 23:23:48.373134|fisco-bcos-0x000074b59bbcb6c0|[P2PService][Service]onReceiveProtocol: protocolNegotiate success,peer=3082010a0282010100b85dd5fdfbc4aa99dcef8477a2e1c08c304a63432923826f81b3d0d7d13e79a6ec265462b2f59e76106f8bad7efb849227798aaf7c20a2197e9a95a8ffbbc07f5ccb44d04e995013b9afd04bb77fb7dbfa0f13bd2d404980eae43fc147332e1542ee2d2e973596187bb8ad4dc63b0165052688b1f7fc4a2a8ccb020a55db8ee7b9a45bb901b1c03d94727648a8ec10bfbc854175981345d56f4c783b0211d91f0775e508d8b379b56935777d255f59b63fadc24b43862671f5cbe0d00fcfff7138124c8293f91740a0e0732346eeee748a42f65ddb81da461fce3e76ea6ff452913b80eb5b1dba016f7d4d94f66337cc6bea7a066b8277637aef12c2eba11da10203010001,minVersion=0,maxVersion=2,supportMinVersion=0,supportMaxVersion=2,negotiatedVersion=2
info|2026-02-06 23:23:48.373187|ioService-0x000074b58c7ff6c0|[NETWORK][Host]startPeerSession, Remote=127.0.0.1:30300,local endpoint=127.0.0.1:56854,p2pid=3082010a0282010100a492268b412bea3e8f972dff0dc52c521cd06884f53d90f3889c7014f7cb635c38a07b81af9630f2b04238a726b029af6b4b924e132710d2894b7175f12a5e323a7119afd27786b01965d49b9c885ff3768f40b9d57817bc1305124f40ced3b1ac99666773a3a64cce079e95acbc31d42f416aad362594008547aae561213b022db32ed9d1bd67df5c020bc44dcc073982b4566fd04048555b1ea84279063d5b1047e9f42776ef03677d2dd1454433fdb3feced3f41b92efdfeda545d56c1c9ba349584c9095f3ad9e31c2db11cbe3007ee7817f5846f87eb01c296d81b36dbbc765b4c7af74aface1276dd4fd91963729e495694b6af5c0d6111c49115a2c3f0203010001
info|2026-02-06 23:23:48.373304|fisco-bcos-0x000074b59a7c66c0|[P2PService][Service]onConnect,p2pid=3082010a0282010100a492268b412bea3e8f972dff0dc52c521cd06884f53d90f3889c7014f7cb635c38a07b81af9630f2b04238a726b029af6b4b924e132710d2894b7175f12a5e323a7119afd27786b01965d49b9c885ff3768f40b9d57817bc1305124f40ced3b1ac99666773a3a64cce079e95acbc31d42f416aad362594008547aae561213b022db32ed9d1bd67df5c020bc44dcc073982b4566fd04048555b1ea84279063d5b1047e9f42776ef03677d2dd1454433fdb3feced3f41b92efdfeda545d56c1c9ba349584c9095f3ad9e31c2db11cbe3007ee7817f5846f87eb01c296d81b36dbbc765b4c7af74aface1276dd4fd91963729e495694b6af5c0d6111c49115a2c3f0203010001,endpoint=127.0.0.1
info|2026-02-06 23:23:48.373332|fisco-bcos-0x000074b59a7c66c0|[P2PService][P2PSession][P2PSession::P2PSession] this=0x74b597214550
info|2026-02-06 23:23:48.373363|fisco-bcos-0x000074b59a7c66c0|[SESSION][Session][start] start session ,this=0x74b580687390
info|2026-02-06 23:23:48.373376|fisco-bcos-0x000074b59a7c66c0|[P2PService][Service]asyncSendProtocol,payload=5,seq=12
info|2026-02-06 23:23:48.373383|fisco-bcos-0x000074b59a7c66c0|[P2PService][Service]updateStaticNodes,nodeid=3082010a0282010100a492268b412bea3e8f972dff0dc52c521cd06884f53d90f3889c7014f7cb635c38a07b81af9630f2b04238a726b029af6b4b924e132710d2894b7175f12a5e323a7119afd27786b01965d49b9c885ff3768f40b9d57817bc1305124f40ced3b1ac99666773a3a64cce079e95acbc31d42f416aad362594008547aae561213b022db32ed9d1bd67df5c020bc44dcc073982b4566fd04048555b1ea84279063d5b1047e9f42776ef03677d2dd1454433fdb3feced3f41b92efdfeda545d56c1c9ba349584c9095f3ad9e31c2db11cbe3007ee7817f5846f87eb01c296d81b36dbbc765b4c7af74aface1276dd4fd91963729e495694b6af5c0d6111c49115a2c3f0203010001,endpoint=127.0.0.1:30300
info|2026-02-06 23:23:48.373388|fisco-bcos-0x000074b59a7c66c0|[P2PService][Router][updateDstNodeEntry]insert new entry into the routerTable,distance=1,dst=3082010a0282010100a492268b412bea3e8f972dff0dc52c521cd06884f53d90f3889c7014f7cb635c38a07b81af9630f2b04238a726b029af6b4b924e132710d2894b7175f12a5e323a7119afd27786b01965d49b9c885ff3768f40b9d57817bc1305124f40ced3b1ac99666773a3a64cce079e95acbc31d42f416aad362594008547aae561213b022db32ed9d1bd67df5c020bc44dcc073982b4566fd04048555b1ea84279063d5b1047e9f42776ef03677d2dd1454433fdb3feced3f41b92efdfeda545d56c1c9ba349584c9095f3ad9e31c2db11cbe3007ee7817f5846f87eb01c296d81b36dbbc765b4c7af74aface1276dd4fd91963729e495694b6af5c0d6111c49115a2c3f0203010001,nextHop=,size=3
info|2026-02-06 23:23:48.373475|fisco-bcos-0x000074b59a7c66c0|[P2PService][Service2][onNewSession]update routerTable,dst=3082010a0282010100a492268b412bea3e8f972dff0dc52c521cd06884f53d90f3889c7014f7cb635c38a07b81af9630f2b04238a726b029af6b4b924e132710d2894b7175f12a5e323a7119afd27786b01965d49b9c885ff3768f40b9d57817bc1305124f40ced3b1ac99666773a3a64cce079e95acbc31d42f416aad362594008547aae561213b022db32ed9d1bd67df5c020bc44dcc073982b4566fd04048555b1ea84279063d5b1047e9f42776ef03677d2dd1454433fdb3feced3f41b92efdfeda545d56c1c9ba349584c9095f3ad9e31c2db11cbe3007ee7817f5846f87eb01c296d81b36dbbc765b4c7af74aface1276dd4fd91963729e495694b6af5c0d6111c49115a2c3f0203010001
info|2026-02-06 23:23:48.373491|fisco-bcos-0x000074b59a7c66c0|[P2PService][Service]Connection established,p2pid=3082010a0282010100a492268b412bea3e8f972dff0dc52c521cd06884f53d90f3889c7014f7cb635c38a07b81af9630f2b04238a726b029af6b4b924e132710d2894b7175f12a5e323a7119afd27786b01965d49b9c885ff3768f40b9d57817bc1305124f40ced3b1ac99666773a3a64cce079e95acbc31d42f416aad362594008547aae561213b022db32ed9d1bd67df5c020bc44dcc073982b4566fd04048555b1ea84279063d5b1047e9f42776ef03677d2dd1454433fdb3feced3f41b92efdfeda545d56c1c9ba349584c9095f3ad9e31c2db11cbe3007ee7817f5846f87eb01c296d81b36dbbc765b4c7af74aface1276dd4fd91963729e495694b6af5c0d6111c49115a2c3f0203010001,endpoint=127.0.0.1:30300
info|2026-02-06 23:23:48.373523|fisco-bcos-0x000074b59a7c66c0|[P2PService][Service2][onReceivePeersRouterTable],peer=3082010a0282010100b85dd5fdfbc4aa99dcef8477a2e1c08c304a63432923826f81b3d0d7d13e79a6ec265462b2f59e76106f8bad7efb849227798aaf7c20a2197e9a95a8ffbbc07f5ccb44d04e995013b9afd04bb77fb7dbfa0f13bd2d404980eae43fc147332e1542ee2d2e973596187bb8ad4dc63b0165052688b1f7fc4a2a8ccb020a55db8ee7b9a45bb901b1c03d94727648a8ec10bfbc854175981345d56f4c783b0211d91f0775e508d8b379b56935777d255f59b63fadc24b43862671f5cbe0d00fcfff7138124c8293f91740a0e0732346eeee748a42f65ddb81da461fce3e76ea6ff452913b80eb5b1dba016f7d4d94f66337cc6bea7a066b8277637aef12c2eba11da10203010001,entrySize=3
info|2026-02-06 23:23:48.373532|fisco-bcos-0x000074b59a7c66c0|[P2PService][Service2][joinRouterTable]create router entry,dst=3082010a0282010100b85dd5fdfbc4aa99dcef8477a2e1c08c304a63432923826f81b3d0d7d13e79a6ec265462b2f59e76106f8bad7efb849227798aaf7c20a2197e9a95a8ffbbc07f5ccb44d04e995013b9afd04bb77fb7dbfa0f13bd2d404980eae43fc147332e1542ee2d2e973596187bb8ad4dc63b0165052688b1f7fc4a2a8ccb020a55db8ee7b9a45bb901b1c03d94727648a8ec10bfbc854175981345d56f4c783b0211d91f0775e508d8b379b56935777d255f59b63fadc24b43862671f5cbe0d00fcfff7138124c8293f91740a0e0732346eeee748a42f65ddb81da461fce3e76ea6ff452913b80eb5b1dba016f7d4d94f66337cc6bea7a066b8277637aef12c2eba11da10203010001
info|2026-02-06 23:23:48.373734|fisco-bcos-0x000074b58fbfe6c0|[P2PService][Service2][onReceivePeersRouterTable],peer=3082010a0282010100b85dd5fdfbc4aa99dcef8477a2e1c08c304a63432923826f81b3d0d7d13e79a6ec265462b2f59e76106f8bad7efb849227798aaf7c20a2197e9a95a8ffbbc07f5ccb44d04e995013b9afd04bb77fb7dbfa0f13bd2d404980eae43fc147332e1542ee2d2e973596187bb8ad4dc63b0165052688b1f7fc4a2a8ccb020a55db8ee7b9a45bb901b1c03d94727648a8ec10bfbc854175981345d56f4c783b0211d91f0775e508d8b379b56935777d255f59b63fadc24b43862671f5cbe0d00fcfff7138124c8293f91740a0e0732346eeee748a42f65ddb81da461fce3e76ea6ff452913b80eb5b1dba016f7d4d94f66337cc6bea7a066b8277637aef12c2eba11da10203010001,entrySize=3
info|2026-02-06 23:23:48.373951|fisco-bcos-0x000074b59abc76c0|[P2PService][Service]onReceiveProtocol: protocolNegotiate success,peer=3082010a0282010100a492268b412bea3e8f972dff0dc52c521cd06884f53d90f3889c7014f7cb635c38a07b81af9630f2b04238a726b029af6b4b924e132710d2894b7175f12a5e323a7119afd27786b01965d49b9c885ff3768f40b9d57817bc1305124f40ced3b1ac99666773a3a64cce079e95acbc31d42f416aad362594008547aae561213b022db32ed9d1bd67df5c020bc44dcc073982b4566fd04048555b1ea84279063d5b1047e9f42776ef03677d2dd1454433fdb3feced3f41b92efdfeda545d56c1c9ba349584c9095f3ad9e31c2db11cbe3007ee7817f5846f87eb01c296d81b36dbbc765b4c7af74aface1276dd4fd91963729e495694b6af5c0d6111c49115a2c3f0203010001,minVersion=0,maxVersion=2,supportMinVersion=0,supportMaxVersion=2,negotiatedVersion=2
info|2026-02-06 23:23:48.374043|fisco-bcos-0x000074b590ffd6c0|[P2PService][Service2][onReceiveRouterSeq]receive router seq and request router table,peer=3082010a0282010100a492268b412bea3e8f972dff0dc52c521cd06884f53d90f3889c7014f7cb635c38a07b81af9630f2b04238a726b029af6b4b924e132710d2894b7175f12a5e323a7119afd27786b01965d49b9c885ff3768f40b9d57817bc1305124f40ced3b1ac99666773a3a64cce079e95acbc31d42f416aad362594008547aae561213b022db32ed9d1bd67df5c020bc44dcc073982b4566fd04048555b1ea84279063d5b1047e9f42776ef03677d2dd1454433fdb3feced3f41b92efdfeda545d56c1c9ba349584c9095f3ad9e31c2db11cbe3007ee7817f5846f87eb01c296d81b36dbbc765b4c7af74aface1276dd4fd91963729e495694b6af5c0d6111c49115a2c3f0203010001,seq=8
info|2026-02-06 23:23:48.374118|fisco-bcos-0x000074b58f7fd6c0|[P2PService][Service2][onReceiveRouterTableRequest],peer=3082010a0282010100a492268b412bea3e8f972dff0dc52c521cd06884f53d90f3889c7014f7cb635c38a07b81af9630f2b04238a726b029af6b4b924e132710d2894b7175f12a5e323a7119afd27786b01965d49b9c885ff3768f40b9d57817bc1305124f40ced3b1ac99666773a3a64cce079e95acbc31d42f416aad362594008547aae561213b022db32ed9d1bd67df5c020bc44dcc073982b4566fd04048555b1ea84279063d5b1047e9f42776ef03677d2dd1454433fdb3feced3f41b92efdfeda545d56c1c9ba349584c9095f3ad9e31c2db11cbe3007ee7817f5846f87eb01c296d81b36dbbc765b4c7af74aface1276dd4fd91963729e495694b6af5c0d6111c49115a2c3f0203010001,entrySize=3
info|2026-02-06 23:23:48.374174|ioService-0x000074b58b5fd6c0|[Gateway][Factory][NEW]SSLContext pubHex: 3082010a0282010100a9ba081864ed1c68f5b81b4fa31a3cb4c81583e0e7c5eec4d7249ecd7d2c8f901393580ca25747abc4e01775b9ff41392cf15074a577cc078f4b07f3152faa0dfe540c63b8de93fbc3afe02564592e274c9c1a76bb0cc8c4692d9404f8e0b7b5440bd66d6e70c33a6d35aca5767a88332fd7853571427789bb25413b734abc293a58791b28aece40a8f74238c2f8b0d32bbbb5f020cfd72ad86d4fb6f1904605a5f43f0f58ed4c826346ad1b71ddac3a15040d6cd21f31f9044b82e690f91329d956b39005f4ab421029ebe499a3fe7179586deded25784665d8949c4db5defd0cbbaf2f27221f3d59e7314f4374086dceea8903a6aedc17d8ca5c7ec4b03fef0203010001
info|2026-02-06 23:23:48.374187|ioService-0x000074b58b5fd6c0|[NETWORK][Host]Get ca basic failed
info|2026-02-06 23:23:48.374222|ioService-0x000074b58a9ff6c0|[NETWORK][Host]obtainP2pInfo ,node_info=3082010a0282010100b85dd5fdfbc4aa99dcef8477a2e1c08c304a63432923826f81b3d0d7d13e79a6ec265462b2f59e76106f8bad7efb849227798aaf7c20a2197e9a95a8ffbbc07f5ccb44d04e995013b9afd04bb77fb7dbfa0f13bd2d404980eae43fc147332e1542ee2d2e973596187bb8ad4dc63b0165052688b1f7fc4a2a8ccb020a55db8ee7b9a45bb901b1c03d94727648a8ec10bfbc854175981345d56f4c783b0211d91f0775e508d8b379b56935777d255f59b63fadc24b43862671f5cbe0d00fcfff7138124c8293f91740a0e0732346eeee748a42f65ddb81da461fce3e76ea6ff452913b80eb5b1dba016f7d4d94f66337cc6bea7a066b8277637aef12c2eba11da10203010001#B85DD5FDFBC4AA99DCEF8477A2E1C08C304A63432923826F81B3D0D7D13E79A6EC265462B2F59E76106F8BAD7EFB849227798AAF7C20A2197E9A95A8FFBBC07F5CCB44D04E995013B9AFD04BB77FB7DBFA0F13BD2D404980EAE43FC147332E1542EE2D2E973596187BB8AD4DC63B0165052688B1F7FC4A2A8CCB020A55DB8EE7B9A45BB901B1C03D94727648A8EC10BFBC854175981345D56F4C783B0211D91F0775E508D8B379B56935777D255F59B63FADC24B43862671F5CBE0D00FCFFF7138124C8293F91740A0E0732346EEEE748A42F65DDB81DA461FCE3E76EA6FF452913B80EB5B1DBA016F7D4D94F66337CC6BEA7A066B8277637AEF12C2EBA11DA1#/CN=FISCO-BCOS-e9f43089/O=FISCO-BCOS-e9f43089/OU=chain#/CN=FISCO-BCOS-e9f43089/O=fisco-bcos/OU=agency,p2pid=3082010a0282010100b85dd5fdfbc4aa99dcef8477a2e1c08c304a63432923826f81b3d0d7d13e79a6ec265462b2f59e76106f8bad7efb849227798aaf7c20a2197e9a95a8ffbbc07f5ccb44d04e995013b9afd04bb77fb7dbfa0f13bd2d404980eae43fc147332e1542ee2d2e973596187bb8ad4dc63b0165052688b1f7fc4a2a8ccb020a55db8ee7b9a45bb901b1c03d94727648a8ec10bfbc854175981345d56f4c783b0211d91f0775e508d8b379b56935777d255f59b63fadc24b43862671f5cbe0d00fcfff7138124c8293f91740a0e0732346eeee748a42f65ddb81da461fce3e76ea6ff452913b80eb5b1dba016f7d4d94f66337cc6bea7a066b8277637aef12c2eba11da10203010001
info|2026-02-06 23:23:48.374257|ioService-0x000074b58a9ff6c0|[NETWORK][Host]handshakeClient succ,local endpoint=127.0.0.1:48268
info|2026-02-06 23:23:48.374260|fisco-bcos-0x000074b58fbfe6c0|[P2PService][Service2][joinRouterTable]create router entry,dst=3082010a0282010100b85dd5fdfbc4aa99dcef8477a2e1c08c304a63432923826f81b3d0d7d13e79a6ec265462b2f59e76106f8bad7efb849227798aaf7c20a2197e9a95a8ffbbc07f5ccb44d04e995013b9afd04bb77fb7dbfa0f13bd2d404980eae43fc147332e1542ee2d2e973596187bb8ad4dc63b0165052688b1f7fc4a2a8ccb020a55db8ee7b9a45bb901b1c03d94727648a8ec10bfbc854175981345d56f4c783b0211d91f0775e508d8b379b56935777d255f59b63fadc24b43862671f5cbe0d00fcfff7138124c8293f91740a0e0732346eeee748a42f65ddb81da461fce3e76ea6ff452913b80eb5b1dba016f7d4d94f66337cc6bea7a066b8277637aef12c2eba11da10203010001
info|2026-02-06 23:23:48.374376|ioService-0x000074b58d3fd6c0|[Gateway][Factory][NEW]SSLContext pubHex: 3082010a0282010100a492268b412bea3e8f972dff0dc52c521cd06884f53d90f3889c7014f7cb635c38a07b81af9630f2b04238a726b029af6b4b924e132710d2894b7175f12a5e323a7119afd27786b01965d49b9c885ff3768f40b9d57817bc1305124f40ced3b1ac99666773a3a64cce079e95acbc31d42f416aad362594008547aae561213b022db32ed9d1bd67df5c020bc44dcc073982b4566fd04048555b1ea84279063d5b1047e9f42776ef03677d2dd1454433fdb3feced3f41b92efdfeda545d56c1c9ba349584c9095f3ad9e31c2db11cbe3007ee7817f5846f87eb01c296d81b36dbbc765b4c7af74aface1276dd4fd91963729e495694b6af5c0d6111c49115a2c3f0203010001
info|2026-02-06 23:23:48.374401|ioService-0x000074b58d3fd6c0|[Gateway][Factory][NEW]SSLContext pubHex: A492268B412BEA3E8F972DFF0DC52C521CD06884F53D90F3889C7014F7CB635C38A07B81AF9630F2B04238A726B029AF6B4B924E132710D2894B7175F12A5E323A7119AFD27786B01965D49B9C885FF3768F40B9D57817BC1305124F40CED3B1AC99666773A3A64CCE079E95ACBC31D42F416AAD362594008547AAE561213B022DB32ED9D1BD67DF5C020BC44DCC073982B4566FD04048555B1EA84279063D5B1047E9F42776EF03677D2DD1454433FDB3FECED3F41B92EFDFEDA545D56C1C9BA349584C9095F3AD9E31C2DB11CBE3007EE7817F5846F87EB01C296D81B36DBBC765B4C7AF74AFACE1276DD4FD91963729E495694B6AF5C0D6111C49115A2C3F
info|2026-02-06 23:23:48.374701|ioService-0x000074b58b5fd6c0|[Gateway][Factory][NEW]SSLContext pubHex: 3082010a02820101009d9833c7e1dbf7d476b1fd7227e247b488323cbd272862d096a4010035236b7d36e2aede87e4f36adfd2e2e44f2945e9a4170901f5865f04cb779a1c1e1fc2f3e56fc6ea80a2665d5da60fce851ccd94bb60aced8e256a551ebb6edcf78febb8eb8bbb3c4fab73bacd5675925d72c787a8d8e179c70b24c484ae98ea7cc956a196c0c8266073d549963e44bfee479261b4c7a5497320d8a89de71743baf1516450118e57b4b07227de0429adf0d02305ad79d40958f48b3c7d6802814fc5c25be7c54c85463c993254d08401e1c7c1cc5586b265a1616617cc2ba7f29e928ff792e4ff33ada9b1bb7ee5a43130da18ba109a9e2186dfa6c2dc1d823e9066e1590203010001
info|2026-02-06 23:23:48.374709|fisco-bcos-0x000074b58f7fd6c0|[P2PService][Service2][onReceivePeersRouterTable],peer=3082010a0282010100a492268b412bea3e8f972dff0dc52c521cd06884f53d90f3889c7014f7cb635c38a07b81af9630f2b04238a726b029af6b4b924e132710d2894b7175f12a5e323a7119afd27786b01965d49b9c885ff3768f40b9d57817bc1305124f40ced3b1ac99666773a3a64cce079e95acbc31d42f416aad362594008547aae561213b022db32ed9d1bd67df5c020bc44dcc073982b4566fd04048555b1ea84279063d5b1047e9f42776ef03677d2dd1454433fdb3feced3f41b92efdfeda545d56c1c9ba349584c9095f3ad9e31c2db11cbe3007ee7817f5846f87eb01c296d81b36dbbc765b4c7af74aface1276dd4fd91963729e495694b6af5c0d6111c49115a2c3f0203010001,entrySize=3
info|2026-02-06 23:23:48.374723|ioService-0x000074b58b5fd6c0|[Gateway][Factory][NEW]SSLContext pubHex: 9D9833C7E1DBF7D476B1FD7227E247B488323CBD272862D096A4010035236B7D36E2AEDE87E4F36ADFD2E2E44F2945E9A4170901F5865F04CB779A1C1E1FC2F3E56FC6EA80A2665D5DA60FCE851CCD94BB60ACED8E256A551EBB6EDCF78FEBB8EB8BBB3C4FAB73BACD5675925D72C787A8D8E179C70B24C484AE98EA7CC956A196C0C8266073D549963E44BFEE479261B4C7A5497320D8A89DE71743BAF1516450118E57B4B07227DE0429ADF0D02305AD79D40958F48B3C7D6802814FC5C25BE7C54C85463C993254D08401E1C7C1CC5586B265A1616617CC2BA7F29E928FF792E4FF33ADA9B1BB7EE5A43130DA18BA109A9E2186DFA6C2DC1D823E9066E159
info|2026-02-06 23:23:48.374748|fisco-bcos-0x000074b58f7fd6c0|[P2PService][Service2][joinRouterTable]create router entry,dst=3082010a0282010100a492268b412bea3e8f972dff0dc52c521cd06884f53d90f3889c7014f7cb635c38a07b81af9630f2b04238a726b029af6b4b924e132710d2894b7175f12a5e323a7119afd27786b01965d49b9c885ff3768f40b9d57817bc1305124f40ced3b1ac99666773a3a64cce079e95acbc31d42f416aad362594008547aae561213b022db32ed9d1bd67df5c020bc44dcc073982b4566fd04048555b1ea84279063d5b1047e9f42776ef03677d2dd1454433fdb3feced3f41b92efdfeda545d56c1c9ba349584c9095f3ad9e31c2db11cbe3007ee7817f5846f87eb01c296d81b36dbbc765b4c7af74aface1276dd4fd91963729e495694b6af5c0d6111c49115a2c3f0203010001
info|2026-02-06 23:23:48.375346|fisco-bcos-0x000074b5991ff6c0|[P2PService][Service2][onReceiveRouterSeq]receive router seq and request router table,peer=3082010a02820101009d9833c7e1dbf7d476b1fd7227e247b488323cbd272862d096a4010035236b7d36e2aede87e4f36adfd2e2e44f2945e9a4170901f5865f04cb779a1c1e1fc2f3e56fc6ea80a2665d5da60fce851ccd94bb60aced8e256a551ebb6edcf78febb8eb8bbb3c4fab73bacd5675925d72c787a8d8e179c70b24c484ae98ea7cc956a196c0c8266073d549963e44bfee479261b4c7a5497320d8a89de71743baf1516450118e57b4b07227de0429adf0d02305ad79d40958f48b3c7d6802814fc5c25be7c54c85463c993254d08401e1c7c1cc5586b265a1616617cc2ba7f29e928ff792e4ff33ada9b1bb7ee5a43130da18ba109a9e2186dfa6c2dc1d823e9066e1590203010001,seq=6
info|2026-02-06 23:23:48.375267|fisco-bcos-0x000074b598bfe6c0|[P2PService][Service]onReceiveProtocol: protocolNegotiate success,peer=3082010a02820101009d9833c7e1dbf7d476b1fd7227e247b488323cbd272862d096a4010035236b7d36e2aede87e4f36adfd2e2e44f2945e9a4170901f5865f04cb779a1c1e1fc2f3e56fc6ea80a2665d5da60fce851ccd94bb60aced8e256a551ebb6edcf78febb8eb8bbb3c4fab73bacd5675925d72c787a8d8e179c70b24c484ae98ea7cc956a196c0c8266073d549963e44bfee479261b4c7a5497320d8a89de71743baf1516450118e57b4b07227de0429adf0d02305ad79d40958f48b3c7d6802814fc5c25be7c54c85463c993254d08401e1c7c1cc5586b265a1616617cc2ba7f29e928ff792e4ff33ada9b1bb7ee5a43130da18ba109a9e2186dfa6c2dc1d823e9066e1590203010001,minVersion=0,maxVersion=2,supportMinVersion=0,supportMaxVersion=2,negotiatedVersion=2
info|2026-02-06 23:23:48.375594|fisco-bcos-0x000074b598bfe6c0|[P2PService][Service2][onReceiveRouterTableRequest],peer=3082010a02820101009d9833c7e1dbf7d476b1fd7227e247b488323cbd272862d096a4010035236b7d36e2aede87e4f36adfd2e2e44f2945e9a4170901f5865f04cb779a1c1e1fc2f3e56fc6ea80a2665d5da60fce851ccd94bb60aced8e256a551ebb6edcf78febb8eb8bbb3c4fab73bacd5675925d72c787a8d8e179c70b24c484ae98ea7cc956a196c0c8266073d549963e44bfee479261b4c7a5497320d8a89de71743baf1516450118e57b4b07227de0429adf0d02305ad79d40958f48b3c7d6802814fc5c25be7c54c85463c993254d08401e1c7c1cc5586b265a1616617cc2ba7f29e928ff792e4ff33ada9b1bb7ee5a43130da18ba109a9e2186dfa6c2dc1d823e9066e1590203010001,entrySize=3
info|2026-02-06 23:23:48.375945|ioService-0x000074b58a9ff6c0|[SESSION][Session][Session::Session] this=0x74b57bc851d0,recvBufferSize=67108864
info|2026-02-06 23:23:48.376077|ioService-0x000074b58a9ff6c0|[SessionFactory]create new session,sessionRecvBufferSize=67108864,allowMaxMsgSize=33554432,maxReadDataSize=40960,maxSendDataSize=1048576,maxSendMsgCountS=10,enableCompress=true
info|2026-02-06 23:23:48.376107|ioService-0x000074b58d3fd6c0|[NETWORK][Host]obtainP2pInfo ,node_info=3082010a0282010100a492268b412bea3e8f972dff0dc52c521cd06884f53d90f3889c7014f7cb635c38a07b81af9630f2b04238a726b029af6b4b924e132710d2894b7175f12a5e323a7119afd27786b01965d49b9c885ff3768f40b9d57817bc1305124f40ced3b1ac99666773a3a64cce079e95acbc31d42f416aad362594008547aae561213b022db32ed9d1bd67df5c020bc44dcc073982b4566fd04048555b1ea84279063d5b1047e9f42776ef03677d2dd1454433fdb3feced3f41b92efdfeda545d56c1c9ba349584c9095f3ad9e31c2db11cbe3007ee7817f5846f87eb01c296d81b36dbbc765b4c7af74aface1276dd4fd91963729e495694b6af5c0d6111c49115a2c3f0203010001#A492268B412BEA3E8F972DFF0DC52C521CD06884F53D90F3889C7014F7CB635C38A07B81AF9630F2B04238A726B029AF6B4B924E132710D2894B7175F12A5E323A7119AFD27786B01965D49B9C885FF3768F40B9D57817BC1305124F40CED3B1AC99666773A3A64CCE079E95ACBC31D42F416AAD362594008547AAE561213B022DB32ED9D1BD67DF5C020BC44DCC073982B4566FD04048555B1EA84279063D5B1047E9F42776EF03677D2DD1454433FDB3FECED3F41B92EFDFEDA545D56C1C9BA349584C9095F3AD9E31C2DB11CBE3007EE7817F5846F87EB01C296D81B36DBBC765B4C7AF74AFACE1276DD4FD91963729E495694B6AF5C0D6111C49115A2C3F#/CN=FISCO-BCOS-e9f43089/O=FISCO-BCOS-e9f43089/OU=chain#/CN=FISCO-BCOS-e9f43089/O=fisco-bcos/OU=agency,p2pid=3082010a0282010100a492268b412bea3e8f972dff0dc52c521cd06884f53d90f3889c7014f7cb635c38a07b81af9630f2b04238a726b029af6b4b924e132710d2894b7175f12a5e323a7119afd27786b01965d49b9c885ff3768f40b9d57817bc1305124f40ced3b1ac99666773a3a64cce079e95acbc31d42f416aad362594008547aae561213b022db32ed9d1bd67df5c020bc44dcc073982b4566fd04048555b1ea84279063d5b1047e9f42776ef03677d2dd1454433fdb3feced3f41b92efdfeda545d56c1c9ba349584c9095f3ad9e31c2db11cbe3007ee7817f5846f87eb01c296d81b36dbbc765b4c7af74aface1276dd4fd91963729e495694b6af5c0d6111c49115a2c3f0203010001
info|2026-02-06 23:23:48.376135|ioService-0x000074b58d3fd6c0|[NETWORK][Host]handshakeServer succ,remote endpoint=127.0.0.1:50670,nodeid=3082010a0282010100a492268b412bea3e8f972dff0dc52c521cd06884f53d90f3889c7014f7cb635c38a07b81af9630f2b04238a726b029af6b4b924e132710d2894b7175f12a5e323a7119afd27786b01965d49b9c885ff3768f40b9d57817bc1305124f40ced3b1ac99666773a3a64cce079e95acbc31d42f416aad362594008547aae561213b022db32ed9d1bd67df5c020bc44dcc073982b4566fd04048555b1ea84279063d5b1047e9f42776ef03677d2dd1454433fdb3feced3f41b92efdfeda545d56c1c9ba349584c9095f3ad9e31c2db11cbe3007ee7817f5846f87eb01c296d81b36dbbc765b4c7af74aface1276dd4fd91963729e495694b6af5c0d6111c49115a2c3f0203010001
info|2026-02-06 23:23:48.376150|ioService-0x000074b58a9ff6c0|[NETWORK][Host]startPeerSession, Remote=127.0.0.1:30303,local endpoint=127.0.0.1:48268,p2pid=3082010a0282010100b85dd5fdfbc4aa99dcef8477a2e1c08c304a63432923826f81b3d0d7d13e79a6ec265462b2f59e76106f8bad7efb849227798aaf7c20a2197e9a95a8ffbbc07f5ccb44d04e995013b9afd04bb77fb7dbfa0f13bd2d404980eae43fc147332e1542ee2d2e973596187bb8ad4dc63b0165052688b1f7fc4a2a8ccb020a55db8ee7b9a45bb901b1c03d94727648a8ec10bfbc854175981345d56f4c783b0211d91f0775e508d8b379b56935777d255f59b63fadc24b43862671f5cbe0d00fcfff7138124c8293f91740a0e0732346eeee748a42f65ddb81da461fce3e76ea6ff452913b80eb5b1dba016f7d4d94f66337cc6bea7a066b8277637aef12c2eba11da10203010001
info|2026-02-06 23:23:48.376258|fisco-bcos-0x000074b58f7fd6c0|[P2PService][Service2][onReceivePeersRouterTable],peer=3082010a02820101009d9833c7e1dbf7d476b1fd7227e247b488323cbd272862d096a4010035236b7d36e2aede87e4f36adfd2e2e44f2945e9a4170901f5865f04cb779a1c1e1fc2f3e56fc6ea80a2665d5da60fce851ccd94bb60aced8e256a551ebb6edcf78febb8eb8bbb3c4fab73bacd5675925d72c787a8d8e179c70b24c484ae98ea7cc956a196c0c8266073d549963e44bfee479261b4c7a5497320d8a89de71743baf1516450118e57b4b07227de0429adf0d02305ad79d40958f48b3c7d6802814fc5c25be7c54c85463c993254d08401e1c7c1cc5586b265a1616617cc2ba7f29e928ff792e4ff33ada9b1bb7ee5a43130da18ba109a9e2186dfa6c2dc1d823e9066e1590203010001,entrySize=3
info|2026-02-06 23:23:48.376362|fisco-bcos-0x000074b58f7fd6c0|[P2PService][Service2][joinRouterTable]create router entry,dst=3082010a02820101009d9833c7e1dbf7d476b1fd7227e247b488323cbd272862d096a4010035236b7d36e2aede87e4f36adfd2e2e44f2945e9a4170901f5865f04cb779a1c1e1fc2f3e56fc6ea80a2665d5da60fce851ccd94bb60aced8e256a551ebb6edcf78febb8eb8bbb3c4fab73bacd5675925d72c787a8d8e179c70b24c484ae98ea7cc956a196c0c8266073d549963e44bfee479261b4c7a5497320d8a89de71743baf1516450118e57b4b07227de0429adf0d02305ad79d40958f48b3c7d6802814fc5c25be7c54c85463c993254d08401e1c7c1cc5586b265a1616617cc2ba7f29e928ff792e4ff33ada9b1bb7ee5a43130da18ba109a9e2186dfa6c2dc1d823e9066e1590203010001
info|2026-02-06 23:23:48.376538|fisco-bcos-0x000074b597bff6c0|[P2PService][Service]onConnect,p2pid=3082010a0282010100b85dd5fdfbc4aa99dcef8477a2e1c08c304a63432923826f81b3d0d7d13e79a6ec265462b2f59e76106f8bad7efb849227798aaf7c20a2197e9a95a8ffbbc07f5ccb44d04e995013b9afd04bb77fb7dbfa0f13bd2d404980eae43fc147332e1542ee2d2e973596187bb8ad4dc63b0165052688b1f7fc4a2a8ccb020a55db8ee7b9a45bb901b1c03d94727648a8ec10bfbc854175981345d56f4c783b0211d91f0775e508d8b379b56935777d255f59b63fadc24b43862671f5cbe0d00fcfff7138124c8293f91740a0e0732346eeee748a42f65ddb81da461fce3e76ea6ff452913b80eb5b1dba016f7d4d94f66337cc6bea7a066b8277637aef12c2eba11da10203010001,endpoint=127.0.0.1
info|2026-02-06 23:23:48.376600|fisco-bcos-0x000074b597bff6c0|[P2PService][Service]Disconnect duplicate peer,p2pid=3082010a0282010100b85dd5fdfbc4aa99dcef8477a2e1c08c304a63432923826f81b3d0d7d13e79a6ec265462b2f59e76106f8bad7efb849227798aaf7c20a2197e9a95a8ffbbc07f5ccb44d04e995013b9afd04bb77fb7dbfa0f13bd2d404980eae43fc147332e1542ee2d2e973596187bb8ad4dc63b0165052688b1f7fc4a2a8ccb020a55db8ee7b9a45bb901b1c03d94727648a8ec10bfbc854175981345d56f4c783b0211d91f0775e508d8b379b56935777d255f59b63fadc24b43862671f5cbe0d00fcfff7138124c8293f91740a0e0732346eeee748a42f65ddb81da461fce3e76ea6ff452913b80eb5b1dba016f7d4d94f66337cc6bea7a066b8277637aef12c2eba11da10203010001
info|2026-02-06 23:23:48.376605|fisco-bcos-0x000074b597bff6c0|[P2PService][Service]updateStaticNodes,nodeid=3082010a0282010100b85dd5fdfbc4aa99dcef8477a2e1c08c304a63432923826f81b3d0d7d13e79a6ec265462b2f59e76106f8bad7efb849227798aaf7c20a2197e9a95a8ffbbc07f5ccb44d04e995013b9afd04bb77fb7dbfa0f13bd2d404980eae43fc147332e1542ee2d2e973596187bb8ad4dc63b0165052688b1f7fc4a2a8ccb020a55db8ee7b9a45bb901b1c03d94727648a8ec10bfbc854175981345d56f4c783b0211d91f0775e508d8b379b56935777d255f59b63fadc24b43862671f5cbe0d00fcfff7138124c8293f91740a0e0732346eeee748a42f65ddb81da461fce3e76ea6ff452913b80eb5b1dba016f7d4d94f66337cc6bea7a066b8277637aef12c2eba11da10203010001,endpoint=127.0.0.1:30303
info|2026-02-06 23:23:48.376614|fisco-bcos-0x000074b597bff6c0|[SESSION][Session][Session::~Session] this=0x74b57bc851d0
info|2026-02-06 23:23:48.376804|ioService-0x000074b58d3fd6c0|[SESSION][Session][Session::Session] this=0x74b581264010,recvBufferSize=67108864
info|2026-02-06 23:23:48.376890|ioService-0x000074b58d3fd6c0|[SessionFactory]create new session,sessionRecvBufferSize=67108864,allowMaxMsgSize=33554432,maxReadDataSize=40960,maxSendDataSize=1048576,maxSendMsgCountS=10,enableCompress=true
info|2026-02-06 23:23:48.377029|ioService-0x000074b58d3fd6c0|[NETWORK][Host]startPeerSession, Remote=127.0.0.1:50670,local endpoint=127.0.0.1:30301,p2pid=3082010a0282010100a492268b412bea3e8f972dff0dc52c521cd06884f53d90f3889c7014f7cb635c38a07b81af9630f2b04238a726b029af6b4b924e132710d2894b7175f12a5e323a7119afd27786b01965d49b9c885ff3768f40b9d57817bc1305124f40ced3b1ac99666773a3a64cce079e95acbc31d42f416aad362594008547aae561213b022db32ed9d1bd67df5c020bc44dcc073982b4566fd04048555b1ea84279063d5b1047e9f42776ef03677d2dd1454433fdb3feced3f41b92efdfeda545d56c1c9ba349584c9095f3ad9e31c2db11cbe3007ee7817f5846f87eb01c296d81b36dbbc765b4c7af74aface1276dd4fd91963729e495694b6af5c0d6111c49115a2c3f0203010001
info|2026-02-06 23:23:48.377053|fisco-bcos-0x000074b597bff6c0|[P2PService][Service]onConnect,p2pid=3082010a0282010100a492268b412bea3e8f972dff0dc52c521cd06884f53d90f3889c7014f7cb635c38a07b81af9630f2b04238a726b029af6b4b924e132710d2894b7175f12a5e323a7119afd27786b01965d49b9c885ff3768f40b9d57817bc1305124f40ced3b1ac99666773a3a64cce079e95acbc31d42f416aad362594008547aae561213b022db32ed9d1bd67df5c020bc44dcc073982b4566fd04048555b1ea84279063d5b1047e9f42776ef03677d2dd1454433fdb3feced3f41b92efdfeda545d56c1c9ba349584c9095f3ad9e31c2db11cbe3007ee7817f5846f87eb01c296d81b36dbbc765b4c7af74aface1276dd4fd91963729e495694b6af5c0d6111c49115a2c3f0203010001,endpoint=127.0.0.1
info|2026-02-06 23:23:48.377081|fisco-bcos-0x000074b597bff6c0|[P2PService][Service]Disconnect duplicate peer,p2pid=3082010a0282010100a492268b412bea3e8f972dff0dc52c521cd06884f53d90f3889c7014f7cb635c38a07b81af9630f2b04238a726b029af6b4b924e132710d2894b7175f12a5e323a7119afd27786b01965d49b9c885ff3768f40b9d57817bc1305124f40ced3b1ac99666773a3a64cce079e95acbc31d42f416aad362594008547aae561213b022db32ed9d1bd67df5c020bc44dcc073982b4566fd04048555b1ea84279063d5b1047e9f42776ef03677d2dd1454433fdb3feced3f41b92efdfeda545d56c1c9ba349584c9095f3ad9e31c2db11cbe3007ee7817f5846f87eb01c296d81b36dbbc765b4c7af74aface1276dd4fd91963729e495694b6af5c0d6111c49115a2c3f0203010001
info|2026-02-06 23:23:48.377087|fisco-bcos-0x000074b597bff6c0|[SESSION][Session][Session::~Session] this=0x74b581264010
info|2026-02-06 23:23:48.377141|ioService-0x000074b58b5fd6c0|[NETWORK][Host]obtainP2pInfo ,node_info=3082010a02820101009d9833c7e1dbf7d476b1fd7227e247b488323cbd272862d096a4010035236b7d36e2aede87e4f36adfd2e2e44f2945e9a4170901f5865f04cb779a1c1e1fc2f3e56fc6ea80a2665d5da60fce851ccd94bb60aced8e256a551ebb6edcf78febb8eb8bbb3c4fab73bacd5675925d72c787a8d8e179c70b24c484ae98ea7cc956a196c0c8266073d549963e44bfee479261b4c7a5497320d8a89de71743baf1516450118e57b4b07227de0429adf0d02305ad79d40958f48b3c7d6802814fc5c25be7c54c85463c993254d08401e1c7c1cc5586b265a1616617cc2ba7f29e928ff792e4ff33ada9b1bb7ee5a43130da18ba109a9e2186dfa6c2dc1d823e9066e1590203010001#9D9833C7E1DBF7D476B1FD7227E247B488323CBD272862D096A4010035236B7D36E2AEDE87E4F36ADFD2E2E44F2945E9A4170901F5865F04CB779A1C1E1FC2F3E56FC6EA80A2665D5DA60FCE851CCD94BB60ACED8E256A551EBB6EDCF78FEBB8EB8BBB3C4FAB73BACD5675925D72C787A8D8E179C70B24C484AE98EA7CC956A196C0C8266073D549963E44BFEE479261B4C7A5497320D8A89DE71743BAF1516450118E57B4B07227DE0429ADF0D02305AD79D40958F48B3C7D6802814FC5C25BE7C54C85463C993254D08401E1C7C1CC5586B265A1616617CC2BA7F29E928FF792E4FF33ADA9B1BB7EE5A43130DA18BA109A9E2186DFA6C2DC1D823E9066E159#/CN=FISCO-BCOS-e9f43089/O=FISCO-BCOS-e9f43089/OU=chain#/CN=FISCO-BCOS-e9f43089/O=fisco-bcos/OU=agency,p2pid=3082010a02820101009d9833c7e1dbf7d476b1fd7227e247b488323cbd272862d096a4010035236b7d36e2aede87e4f36adfd2e2e44f2945e9a4170901f5865f04cb779a1c1e1fc2f3e56fc6ea80a2665d5da60fce851ccd94bb60aced8e256a551ebb6edcf78febb8eb8bbb3c4fab73bacd5675925d72c787a8d8e179c70b24c484ae98ea7cc956a196c0c8266073d549963e44bfee479261b4c7a5497320d8a89de71743baf1516450118e57b4b07227de0429adf0d02305ad79d40958f48b3c7d6802814fc5c25be7c54c85463c993254d08401e1c7c1cc5586b265a1616617cc2ba7f29e928ff792e4ff33ada9b1bb7ee5a43130da18ba109a9e2186dfa6c2dc1d823e9066e1590203010001
info|2026-02-06 23:23:48.377151|ioService-0x000074b58b5fd6c0|[NETWORK][Host]handshakeClient succ,local endpoint=127.0.0.1:45576
info|2026-02-06 23:23:48.377534|ioService-0x000074b58b5fd6c0|[SESSION][Session][Session::Session] this=0x74b57e2861d0,recvBufferSize=67108864
info|2026-02-06 23:23:48.377613|ioService-0x000074b58b5fd6c0|[SessionFactory]create new session,sessionRecvBufferSize=67108864,allowMaxMsgSize=33554432,maxReadDataSize=40960,maxSendDataSize=1048576,maxSendMsgCountS=10,enableCompress=true
info|2026-02-06 23:23:48.377691|ioService-0x000074b58b5fd6c0|[NETWORK][Host]startPeerSession, Remote=127.0.0.1:30302,local endpoint=127.0.0.1:45576,p2pid=3082010a02820101009d9833c7e1dbf7d476b1fd7227e247b488323cbd272862d096a4010035236b7d36e2aede87e4f36adfd2e2e44f2945e9a4170901f5865f04cb779a1c1e1fc2f3e56fc6ea80a2665d5da60fce851ccd94bb60aced8e256a551ebb6edcf78febb8eb8bbb3c4fab73bacd5675925d72c787a8d8e179c70b24c484ae98ea7cc956a196c0c8266073d549963e44bfee479261b4c7a5497320d8a89de71743baf1516450118e57b4b07227de0429adf0d02305ad79d40958f48b3c7d6802814fc5c25be7c54c85463c993254d08401e1c7c1cc5586b265a1616617cc2ba7f29e928ff792e4ff33ada9b1bb7ee5a43130da18ba109a9e2186dfa6c2dc1d823e9066e1590203010001
info|2026-02-06 23:23:48.377743|fisco-bcos-0x000074b599bff6c0|[P2PService][Service]onConnect,p2pid=3082010a02820101009d9833c7e1dbf7d476b1fd7227e247b488323cbd272862d096a4010035236b7d36e2aede87e4f36adfd2e2e44f2945e9a4170901f5865f04cb779a1c1e1fc2f3e56fc6ea80a2665d5da60fce851ccd94bb60aced8e256a551ebb6edcf78febb8eb8bbb3c4fab73bacd5675925d72c787a8d8e179c70b24c484ae98ea7cc956a196c0c8266073d549963e44bfee479261b4c7a5497320d8a89de71743baf1516450118e57b4b07227de0429adf0d02305ad79d40958f48b3c7d6802814fc5c25be7c54c85463c993254d08401e1c7c1cc5586b265a1616617cc2ba7f29e928ff792e4ff33ada9b1bb7ee5a43130da18ba109a9e2186dfa6c2dc1d823e9066e1590203010001,endpoint=127.0.0.1
info|2026-02-06 23:23:48.377751|fisco-bcos-0x000074b599bff6c0|[P2PService][Service]Disconnect duplicate peer,p2pid=3082010a02820101009d9833c7e1dbf7d476b1fd7227e247b488323cbd272862d096a4010035236b7d36e2aede87e4f36adfd2e2e44f2945e9a4170901f5865f04cb779a1c1e1fc2f3e56fc6ea80a2665d5da60fce851ccd94bb60aced8e256a551ebb6edcf78febb8eb8bbb3c4fab73bacd5675925d72c787a8d8e179c70b24c484ae98ea7cc956a196c0c8266073d549963e44bfee479261b4c7a5497320d8a89de71743baf1516450118e57b4b07227de0429adf0d02305ad79d40958f48b3c7d6802814fc5c25be7c54c85463c993254d08401e1c7c1cc5586b265a1616617cc2ba7f29e928ff792e4ff33ada9b1bb7ee5a43130da18ba109a9e2186dfa6c2dc1d823e9066e1590203010001
info|2026-02-06 23:23:48.377754|fisco-bcos-0x000074b599bff6c0|[P2PService][Service]updateStaticNodes,nodeid=3082010a02820101009d9833c7e1dbf7d476b1fd7227e247b488323cbd272862d096a4010035236b7d36e2aede87e4f36adfd2e2e44f2945e9a4170901f5865f04cb779a1c1e1fc2f3e56fc6ea80a2665d5da60fce851ccd94bb60aced8e256a551ebb6edcf78febb8eb8bbb3c4fab73bacd5675925d72c787a8d8e179c70b24c484ae98ea7cc956a196c0c8266073d549963e44bfee479261b4c7a5497320d8a89de71743baf1516450118e57b4b07227de0429adf0d02305ad79d40958f48b3c7d6802814fc5c25be7c54c85463c993254d08401e1c7c1cc5586b265a1616617cc2ba7f29e928ff792e4ff33ada9b1bb7ee5a43130da18ba109a9e2186dfa6c2dc1d823e9066e1590203010001,endpoint=127.0.0.1:30302
info|2026-02-06 23:23:48.377762|fisco-bcos-0x000074b599bff6c0|[SESSION][Session][Session::~Session] this=0x74b57e2861d0
info|2026-02-06 23:23:48.417364|fisco-bcos-0x000074b599bff6c0|[P2PService][Service2][onReceiveRouterTableRequest],peer=3082010a0282010100b85dd5fdfbc4aa99dcef8477a2e1c08c304a63432923826f81b3d0d7d13e79a6ec265462b2f59e76106f8bad7efb849227798aaf7c20a2197e9a95a8ffbbc07f5ccb44d04e995013b9afd04bb77fb7dbfa0f13bd2d404980eae43fc147332e1542ee2d2e973596187bb8ad4dc63b0165052688b1f7fc4a2a8ccb020a55db8ee7b9a45bb901b1c03d94727648a8ec10bfbc854175981345d56f4c783b0211d91f0775e508d8b379b56935777d255f59b63fadc24b43862671f5cbe0d00fcfff7138124c8293f91740a0e0732346eeee748a42f65ddb81da461fce3e76ea6ff452913b80eb5b1dba016f7d4d94f66337cc6bea7a066b8277637aef12c2eba11da10203010001,entrySize=3
info|2026-02-06 23:23:49.347994|fisco-bcos-0x000074b5be67e6c0|[Gateway][GatewayNodeManager]onReceiveNodeStatus,from=3082010a0282010100a492268b412bea3e8f972dff0dc52c521cd06884f53d90f3889c7014f7cb635c38a07b81af9630f2b04238a726b029af6b4b924e132710d2894b7175f12a5e323a7119afd27786b01965d49b9c885ff3768f40b9d57817bc1305124f40ced3b1ac99666773a3a64cce079e95acbc31d42f416aad362594008547aae561213b022db32ed9d1bd67df5c020bc44dcc073982b4566fd04048555b1ea84279063d5b1047e9f42776ef03677d2dd1454433fdb3feced3f41b92efdfeda545d56c1c9ba349584c9095f3ad9e31c2db11cbe3007ee7817f5846f87eb01c296d81b36dbbc765b4c7af74aface1276dd4fd91963729e495694b6af5c0d6111c49115a2c3f0203010001,seq=3,uuid=3082010a0282010100a492268b412bea3e8f972dff0dc52c521cd06884f53d90f3889c7014f7cb635c38a07b81af9630f2b04238a726b029af6b4b924e132710d2894b7175f12a5e323a7119afd27786b01965d49b9c885ff3768f40b9d57817bc1305124f40ced3b1ac99666773a3a64cce079e95acbc31d42f416aad362594008547aae561213b022db32ed9d1bd67df5c020bc44dcc073982b4566fd04048555b1ea84279063d5b1047e9f42776ef03677d2dd1454433fdb3feced3f41b92efdfeda545d56c1c9ba349584c9095f3ad9e31c2db11cbe3007ee7817f5846f87eb01c296d81b36dbbc765b4c7af74aface1276dd4fd91963729e495694b6af5c0d6111c49115a2c3f0203010001
info|2026-02-06 23:23:49.348088|fisco-bcos-0x000074b5be67e6c0|[Gateway][Router]updatePeerStatus,gatewayUUID=3082010a0282010100a492268b412bea3e8f972dff0dc52c521cd06884f53d90f3889c7014f7cb635c38a07b81af9630f2b04238a726b029af6b4b924e132710d2894b7175f12a5e323a7119afd27786b01965d49b9c885ff3768f40b9d57817bc1305124f40ced3b1ac99666773a3a64cce079e95acbc31d42f416aad362594008547aae561213b022db32ed9d1bd67df5c020bc44dcc073982b4566fd04048555b1ea84279063d5b1047e9f42776ef03677d2dd1454433fdb3feced3f41b92efdfeda545d56c1c9ba349584c9095f3ad9e31c2db11cbe3007ee7817f5846f87eb01c296d81b36dbbc765b4c7af74aface1276dd4fd91963729e495694b6af5c0d6111c49115a2c3f0203010001,nodeList=1
info|2026-02-06 23:23:49.348107|fisco-bcos-0x000074b5be67e6c0|[Gateway][Router]batchInsertNodeList,group=group0,nodeIDs=1,protocols=1
info|2026-02-06 23:23:49.348122|fisco-bcos-0x000074b5be67e6c0|[Gateway][Router]GatewayStatus: update,group=group0,type=0,p2pID=3082010a0282010100a492268b412bea3e8f972dff0dc52c521cd06884f53d90f3889c7014f7cb635c38a07b81af9630f2b04238a726b029af6b4b924e132710d2894b7175f12a5e323a7119afd27786b01965d49b9c885ff3768f40b9d57817bc1305124f40ced3b1ac99666773a3a64cce079e95acbc31d42f416aad362594008547aae561213b022db32ed9d1bd67df5c020bc44dcc073982b4566fd04048555b1ea84279063d5b1047e9f42776ef03677d2dd1454433fdb3feced3f41b92efdfeda545d56c1c9ba349584c9095f3ad9e31c2db11cbe3007ee7817f5846f87eb01c296d81b36dbbc765b4c7af74aface1276dd4fd91963729e495694b6af5c0d6111c49115a2c3f0203010001
info|2026-02-06 23:23:49.348160|fisco-bcos-0x000074b5be67e6c0|[Gateway][GatewayNodeManager]syncLatestNodeIDList,groupID=group0,nodeCount=2
info|2026-02-06 23:23:49.348173|fisco-bcos-0x000074b5be67e6c0|[FrontService]protocolNegotiate success,nodeID=21a47acec36f73d8e925a7d5db44793f998e1a42a6d7ee2e3a5cf4037b853452cb76f6cbab8e5b223a128e8ee15790d1f629858b47070b4eb2e1ddb2b0ada297,groupID=group0,minVersion=0,maxVersion=2,supportedMinVersion=0,supportedMaxVersion=2,version=2
info|2026-02-06 23:23:49.348192|fisco-bcos-0x000074b5be67e6c0|[FrontService]protocolNegotiate success,nodeID=2346c69c46d42278eb237167eb19eb28432b63783cc0fd7cddc90f89c148e755db8941be9b0c5f37cbc21c409a78c154abc75ce0c80818c6fbb76aea6bcd0a9a,groupID=group0,minVersion=0,maxVersion=2,supportedMinVersion=0,supportedMaxVersion=2,version=2
info|2026-02-06 23:23:49.348200|fisco-bcos-0x000074b5be67e6c0|[FrontService]onReceiveGroupNodeInfo,groupID=group0,nodeIDs.size()=2
info|2026-02-06 23:23:49.348309|fisco-bcos-0x000074b598bfe6c0|SyncConfig: setConnectedNodeList,size=2
info|2026-02-06 23:23:49.348406|fisco-bcos-0x000074b598bfe6c0|SyncConfig: setConnectedNodeList,size=2
info|2026-02-06 23:23:49.348425|fisco-bcos-0x000074b598bfe6c0|[FRONTSERVICE]notifyGroupNodeInfo,connectedNodeSize=2
info|2026-02-06 23:23:49.349229|fisco-bcos-0x000074b590ffd6c0|[Gateway][GatewayNodeManager]generateNodeStatus,groupType=0,groupID=group0,nodeListSize=1,nodeTypeListSize=1,seq=3
info|2026-02-06 23:23:49.349276|fisco-bcos-0x000074b590ffd6c0|[Gateway][GatewayNodeManager]generateNodeStatus,nodeListSize=1
info|2026-02-06 23:23:49.349728|fisco-bcos-0x000074b5913fe6c0|[Gateway][GatewayNodeManager]generateNodeStatus,groupType=0,groupID=group0,nodeListSize=1,nodeTypeListSize=1,seq=3
info|2026-02-06 23:23:49.349751|fisco-bcos-0x000074b5913fe6c0|[Gateway][GatewayNodeManager]generateNodeStatus,nodeListSize=1
info|2026-02-06 23:23:49.349783|fisco-bcos-0x000074b59bbcb6c0|[Gateway][GatewayNodeManager]generateNodeStatus,groupType=0,groupID=group0,nodeListSize=1,nodeTypeListSize=1,seq=3
info|2026-02-06 23:23:49.349802|fisco-bcos-0x000074b59bbcb6c0|[Gateway][GatewayNodeManager]generateNodeStatus,nodeListSize=1
info|2026-02-06 23:23:49.350069|fisco-bcos-0x000074b59bbcb6c0|[Gateway][GatewayNodeManager]onReceiveNodeStatus,from=3082010a0282010100b85dd5fdfbc4aa99dcef8477a2e1c08c304a63432923826f81b3d0d7d13e79a6ec265462b2f59e76106f8bad7efb849227798aaf7c20a2197e9a95a8ffbbc07f5ccb44d04e995013b9afd04bb77fb7dbfa0f13bd2d404980eae43fc147332e1542ee2d2e973596187bb8ad4dc63b0165052688b1f7fc4a2a8ccb020a55db8ee7b9a45bb901b1c03d94727648a8ec10bfbc854175981345d56f4c783b0211d91f0775e508d8b379b56935777d255f59b63fadc24b43862671f5cbe0d00fcfff7138124c8293f91740a0e0732346eeee748a42f65ddb81da461fce3e76ea6ff452913b80eb5b1dba016f7d4d94f66337cc6bea7a066b8277637aef12c2eba11da10203010001,seq=3,uuid=3082010a0282010100b85dd5fdfbc4aa99dcef8477a2e1c08c304a63432923826f81b3d0d7d13e79a6ec265462b2f59e76106f8bad7efb849227798aaf7c20a2197e9a95a8ffbbc07f5ccb44d04e995013b9afd04bb77fb7dbfa0f13bd2d404980eae43fc147332e1542ee2d2e973596187bb8ad4dc63b0165052688b1f7fc4a2a8ccb020a55db8ee7b9a45bb901b1c03d94727648a8ec10bfbc854175981345d56f4c783b0211d91f0775e508d8b379b56935777d255f59b63fadc24b43862671f5cbe0d00fcfff7138124c8293f91740a0e0732346eeee748a42f65ddb81da461fce3e76ea6ff452913b80eb5b1dba016f7d4d94f66337cc6bea7a066b8277637aef12c2eba11da10203010001
info|2026-02-06 23:23:49.350129|fisco-bcos-0x000074b59bbcb6c0|[Gateway][Router]updatePeerStatus,gatewayUUID=3082010a0282010100b85dd5fdfbc4aa99dcef8477a2e1c08c304a63432923826f81b3d0d7d13e79a6ec265462b2f59e76106f8bad7efb849227798aaf7c20a2197e9a95a8ffbbc07f5ccb44d04e995013b9afd04bb77fb7dbfa0f13bd2d404980eae43fc147332e1542ee2d2e973596187bb8ad4dc63b0165052688b1f7fc4a2a8ccb020a55db8ee7b9a45bb901b1c03d94727648a8ec10bfbc854175981345d56f4c783b0211d91f0775e508d8b379b56935777d255f59b63fadc24b43862671f5cbe0d00fcfff7138124c8293f91740a0e0732346eeee748a42f65ddb81da461fce3e76ea6ff452913b80eb5b1dba016f7d4d94f66337cc6bea7a066b8277637aef12c2eba11da10203010001,nodeList=1
info|2026-02-06 23:23:49.350142|fisco-bcos-0x000074b59bbcb6c0|[Gateway][Router]batchInsertNodeList,group=group0,nodeIDs=1,protocols=1
info|2026-02-06 23:23:49.350152|fisco-bcos-0x000074b59bbcb6c0|[Gateway][Router]GatewayStatus: update,group=group0,type=0,p2pID=3082010a0282010100b85dd5fdfbc4aa99dcef8477a2e1c08c304a63432923826f81b3d0d7d13e79a6ec265462b2f59e76106f8bad7efb849227798aaf7c20a2197e9a95a8ffbbc07f5ccb44d04e995013b9afd04bb77fb7dbfa0f13bd2d404980eae43fc147332e1542ee2d2e973596187bb8ad4dc63b0165052688b1f7fc4a2a8ccb020a55db8ee7b9a45bb901b1c03d94727648a8ec10bfbc854175981345d56f4c783b0211d91f0775e508d8b379b56935777d255f59b63fadc24b43862671f5cbe0d00fcfff7138124c8293f91740a0e0732346eeee748a42f65ddb81da461fce3e76ea6ff452913b80eb5b1dba016f7d4d94f66337cc6bea7a066b8277637aef12c2eba11da10203010001
info|2026-02-06 23:23:49.350162|fisco-bcos-0x000074b59bbcb6c0|[Gateway][GatewayNodeManager]syncLatestNodeIDList,groupID=group0,nodeCount=3
info|2026-02-06 23:23:49.350170|fisco-bcos-0x000074b59bbcb6c0|[FrontService]protocolNegotiate success,nodeID=21a47acec36f73d8e925a7d5db44793f998e1a42a6d7ee2e3a5cf4037b853452cb76f6cbab8e5b223a128e8ee15790d1f629858b47070b4eb2e1ddb2b0ada297,groupID=group0,minVersion=0,maxVersion=2,supportedMinVersion=0,supportedMaxVersion=2,version=2
info|2026-02-06 23:23:49.350186|fisco-bcos-0x000074b59bbcb6c0|[FrontService]protocolNegotiate success,nodeID=2346c69c46d42278eb237167eb19eb28432b63783cc0fd7cddc90f89c148e755db8941be9b0c5f37cbc21c409a78c154abc75ce0c80818c6fbb76aea6bcd0a9a,groupID=group0,minVersion=0,maxVersion=2,supportedMinVersion=0,supportedMaxVersion=2,version=2
info|2026-02-06 23:23:49.350193|fisco-bcos-0x000074b59bbcb6c0|[FrontService]protocolNegotiate success,nodeID=5b07d12d1512a66493c8fd3456d8c505e6ce05f20061613a4c48a1fa3755bbf9cc2d2f1878c4a6733389f03deb0a3fc0c672e2f4910fde9802d6675929cb3dc5,groupID=group0,minVersion=0,maxVersion=2,supportedMinVersion=0,supportedMaxVersion=2,version=2
info|2026-02-06 23:23:49.350198|fisco-bcos-0x000074b59bbcb6c0|[FrontService]onReceiveGroupNodeInfo,groupID=group0,nodeIDs.size()=3
info|2026-02-06 23:23:49.350271|fisco-bcos-0x000074b59bbcb6c0|SyncConfig: setConnectedNodeList,size=3
info|2026-02-06 23:23:49.350357|fisco-bcos-0x000074b59bbcb6c0|SyncConfig: setConnectedNodeList,size=3
info|2026-02-06 23:23:49.350365|fisco-bcos-0x000074b59bbcb6c0|[FRONTSERVICE]notifyGroupNodeInfo,connectedNodeSize=3
info|2026-02-06 23:23:49.393480|fisco-bcos-0x000074b59afc86c0|[Gateway][GatewayNodeManager]onReceiveNodeStatus,from=3082010a02820101009d9833c7e1dbf7d476b1fd7227e247b488323cbd272862d096a4010035236b7d36e2aede87e4f36adfd2e2e44f2945e9a4170901f5865f04cb779a1c1e1fc2f3e56fc6ea80a2665d5da60fce851ccd94bb60aced8e256a551ebb6edcf78febb8eb8bbb3c4fab73bacd5675925d72c787a8d8e179c70b24c484ae98ea7cc956a196c0c8266073d549963e44bfee479261b4c7a5497320d8a89de71743baf1516450118e57b4b07227de0429adf0d02305ad79d40958f48b3c7d6802814fc5c25be7c54c85463c993254d08401e1c7c1cc5586b265a1616617cc2ba7f29e928ff792e4ff33ada9b1bb7ee5a43130da18ba109a9e2186dfa6c2dc1d823e9066e1590203010001,seq=3,uuid=3082010a02820101009d9833c7e1dbf7d476b1fd7227e247b488323cbd272862d096a4010035236b7d36e2aede87e4f36adfd2e2e44f2945e9a4170901f5865f04cb779a1c1e1fc2f3e56fc6ea80a2665d5da60fce851ccd94bb60aced8e256a551ebb6edcf78febb8eb8bbb3c4fab73bacd5675925d72c787a8d8e179c70b24c484ae98ea7cc956a196c0c8266073d549963e44bfee479261b4c7a5497320d8a89de71743baf1516450118e57b4b07227de0429adf0d02305ad79d40958f48b3c7d6802814fc5c25be7c54c85463c993254d08401e1c7c1cc5586b265a1616617cc2ba7f29e928ff792e4ff33ada9b1bb7ee5a43130da18ba109a9e2186dfa6c2dc1d823e9066e1590203010001
info|2026-02-06 23:23:49.394198|fisco-bcos-0x000074b59afc86c0|[Gateway][Router]updatePeerStatus,gatewayUUID=3082010a02820101009d9833c7e1dbf7d476b1fd7227e247b488323cbd272862d096a4010035236b7d36e2aede87e4f36adfd2e2e44f2945e9a4170901f5865f04cb779a1c1e1fc2f3e56fc6ea80a2665d5da60fce851ccd94bb60aced8e256a551ebb6edcf78febb8eb8bbb3c4fab73bacd5675925d72c787a8d8e179c70b24c484ae98ea7cc956a196c0c8266073d549963e44bfee479261b4c7a5497320d8a89de71743baf1516450118e57b4b07227de0429adf0d02305ad79d40958f48b3c7d6802814fc5c25be7c54c85463c993254d08401e1c7c1cc5586b265a1616617cc2ba7f29e928ff792e4ff33ada9b1bb7ee5a43130da18ba109a9e2186dfa6c2dc1d823e9066e1590203010001,nodeList=1
info|2026-02-06 23:23:49.394208|fisco-bcos-0x000074b59afc86c0|[Gateway][Router]batchInsertNodeList,group=group0,nodeIDs=1,protocols=1
info|2026-02-06 23:23:49.394218|fisco-bcos-0x000074b59afc86c0|[Gateway][Router]GatewayStatus: update,group=group0,type=0,p2pID=3082010a02820101009d9833c7e1dbf7d476b1fd7227e247b488323cbd272862d096a4010035236b7d36e2aede87e4f36adfd2e2e44f2945e9a4170901f5865f04cb779a1c1e1fc2f3e56fc6ea80a2665d5da60fce851ccd94bb60aced8e256a551ebb6edcf78febb8eb8bbb3c4fab73bacd5675925d72c787a8d8e179c70b24c484ae98ea7cc956a196c0c8266073d549963e44bfee479261b4c7a5497320d8a89de71743baf1516450118e57b4b07227de0429adf0d02305ad79d40958f48b3c7d6802814fc5c25be7c54c85463c993254d08401e1c7c1cc5586b265a1616617cc2ba7f29e928ff792e4ff33ada9b1bb7ee5a43130da18ba109a9e2186dfa6c2dc1d823e9066e1590203010001
info|2026-02-06 23:23:49.394228|fisco-bcos-0x000074b59afc86c0|[Gateway][GatewayNodeManager]syncLatestNodeIDList,groupID=group0,nodeCount=4
info|2026-02-06 23:23:49.394231|fisco-bcos-0x000074b59afc86c0|[FrontService]protocolNegotiate success,nodeID=21a47acec36f73d8e925a7d5db44793f998e1a42a6d7ee2e3a5cf4037b853452cb76f6cbab8e5b223a128e8ee15790d1f629858b47070b4eb2e1ddb2b0ada297,groupID=group0,minVersion=0,maxVersion=2,supportedMinVersion=0,supportedMaxVersion=2,version=2
info|2026-02-06 23:23:49.394237|fisco-bcos-0x000074b59afc86c0|[FrontService]protocolNegotiate success,nodeID=0d6a7f52cb87ce7fda869e0db309ec9c53723c46f81632c21e4abbf1a9159f14d53f37cc0c4141548da9ec877d6235afd7a501c40d296fc4c5252a8717aa23c2,groupID=group0,minVersion=0,maxVersion=2,supportedMinVersion=0,supportedMaxVersion=2,version=2
info|2026-02-06 23:23:49.394239|fisco-bcos-0x000074b59afc86c0|[FrontService]protocolNegotiate success,nodeID=2346c69c46d42278eb237167eb19eb28432b63783cc0fd7cddc90f89c148e755db8941be9b0c5f37cbc21c409a78c154abc75ce0c80818c6fbb76aea6bcd0a9a,groupID=group0,minVersion=0,maxVersion=2,supportedMinVersion=0,supportedMaxVersion=2,version=2
info|2026-02-06 23:23:49.394243|fisco-bcos-0x000074b59afc86c0|[FrontService]protocolNegotiate success,nodeID=5b07d12d1512a66493c8fd3456d8c505e6ce05f20061613a4c48a1fa3755bbf9cc2d2f1878c4a6733389f03deb0a3fc0c672e2f4910fde9802d6675929cb3dc5,groupID=group0,minVersion=0,maxVersion=2,supportedMinVersion=0,supportedMaxVersion=2,version=2
info|2026-02-06 23:23:49.394246|fisco-bcos-0x000074b59afc86c0|[FrontService]onReceiveGroupNodeInfo,groupID=group0,nodeIDs.size()=4
info|2026-02-06 23:23:49.394262|fisco-bcos-0x000074b58fbfe6c0|SyncConfig: setConnectedNodeList,size=4
info|2026-02-06 23:23:49.394320|fisco-bcos-0x000074b58fbfe6c0|SyncConfig: setConnectedNodeList,size=4
info|2026-02-06 23:23:49.394325|fisco-bcos-0x000074b58fbfe6c0|[FRONTSERVICE]notifyGroupNodeInfo,connectedNodeSize=4
info|2026-02-06 23:23:49.541532|fisco-bcos-0x000074b59a3c56c0|[TIMESYNC]updateTimeInfo: update median time offset,updatedMedianTimeOffset=0,peer=0d6a7f52...,peerTime=1770391429539,peerOffset=-2,utcTime=1770391429541
info|2026-02-06 23:23:49.543119|fisco-bcos-0x000074b59a3c56c0|[TIMESYNC]updateTimeInfo: update median time offset,updatedMedianTimeOffset=0,peer=5b07d12d...,peerTime=1770391429540,peerOffset=-3,utcTime=1770391429543
info|2026-02-06 23:23:49.544241|fisco-bcos-0x000074b597bff6c0|[TIMESYNC]updateTimeInfo: update median time offset,updatedMedianTimeOffset=0,peer=2346c69c...,peerTime=1770391429540,peerOffset=-4,utcTime=1770391429544
info|2026-02-06 23:23:50.345086|amopDispatcher-0x000074b5c3dfd6c0|[AMOP][AMOP][onReceiveTopicSeqMessage][try to request latest AMOP information],nodeID=3082010a0282010100a492268b412bea3e8f972dff0dc52c521cd06884f53d90f3889c7014f7cb635c38a07b81af9630f2b04238a726b029af6b4b924e132710d2894b7175f12a5e323a7119afd27786b01965d49b9c885ff3768f40b9d57817bc1305124f40ced3b1ac99666773a3a64cce079e95acbc31d42f416aad362594008547aae561213b022db32ed9d1bd67df5c020bc44dcc073982b4566fd04048555b1ea84279063d5b1047e9f42776ef03677d2dd1454433fdb3feced3f41b92efdfeda545d56c1c9ba349584c9095f3ad9e31c2db11cbe3007ee7817f5846f87eb01c296d81b36dbbc765b4c7af74aface1276dd4fd91963729e495694b6af5c0d6111c49115a2c3f0203010001,topicSeq=1
info|2026-02-06 23:23:50.346016|amopDispatcher-0x000074b5c3dfd6c0|[AMOP][TOPIC][parseTopicItemsJson],topicSeq=1,topicItems size=0,json={"topicItems":[],"topicSeq":1}
info|2026-02-06 23:23:50.346040|amopDispatcher-0x000074b5c3dfd6c0|[AMOP][TOPIC][updateSeqAndTopicsByNodeID],nodeID=3082010a0282010100a492268b412bea3e8f972dff0dc52c521cd06884f53d90f3889c7014f7cb635c38a07b81af9630f2b04238a726b029af6b4b924e132710d2894b7175f12a5e323a7119afd27786b01965d49b9c885ff3768f40b9d57817bc1305124f40ced3b1ac99666773a3a64cce079e95acbc31d42f416aad362594008547aae561213b022db32ed9d1bd67df5c020bc44dcc073982b4566fd04048555b1ea84279063d5b1047e9f42776ef03677d2dd1454433fdb3feced3f41b92efdfeda545d56c1c9ba349584c9095f3ad9e31c2db11cbe3007ee7817f5846f87eb01c296d81b36dbbc765b4c7af74aface1276dd4fd91963729e495694b6af5c0d6111c49115a2c3f0203010001,topicSeq=1,topicItems size=0
info|2026-02-06 23:23:50.346046|amopDispatcher-0x000074b5c3dfd6c0|[AMOP][AMOP][onReceiveTopicSeqMessage][try to request latest AMOP information],nodeID=3082010a0282010100b85dd5fdfbc4aa99dcef8477a2e1c08c304a63432923826f81b3d0d7d13e79a6ec265462b2f59e76106f8bad7efb849227798aaf7c20a2197e9a95a8ffbbc07f5ccb44d04e995013b9afd04bb77fb7dbfa0f13bd2d404980eae43fc147332e1542ee2d2e973596187bb8ad4dc63b0165052688b1f7fc4a2a8ccb020a55db8ee7b9a45bb901b1c03d94727648a8ec10bfbc854175981345d56f4c783b0211d91f0775e508d8b379b56935777d255f59b63fadc24b43862671f5cbe0d00fcfff7138124c8293f91740a0e0732346eeee748a42f65ddb81da461fce3e76ea6ff452913b80eb5b1dba016f7d4d94f66337cc6bea7a066b8277637aef12c2eba11da10203010001,topicSeq=1
info|2026-02-06 23:23:50.346774|amopDispatcher-0x000074b5c3dfd6c0|[AMOP][TOPIC][parseTopicItemsJson],topicSeq=1,topicItems size=0,json={"topicItems":[],"topicSeq":1}
info|2026-02-06 23:23:50.346794|amopDispatcher-0x000074b5c3dfd6c0|[AMOP][TOPIC][updateSeqAndTopicsByNodeID],nodeID=3082010a0282010100b85dd5fdfbc4aa99dcef8477a2e1c08c304a63432923826f81b3d0d7d13e79a6ec265462b2f59e76106f8bad7efb849227798aaf7c20a2197e9a95a8ffbbc07f5ccb44d04e995013b9afd04bb77fb7dbfa0f13bd2d404980eae43fc147332e1542ee2d2e973596187bb8ad4dc63b0165052688b1f7fc4a2a8ccb020a55db8ee7b9a45bb901b1c03d94727648a8ec10bfbc854175981345d56f4c783b0211d91f0775e508d8b379b56935777d255f59b63fadc24b43862671f5cbe0d00fcfff7138124c8293f91740a0e0732346eeee748a42f65ddb81da461fce3e76ea6ff452913b80eb5b1dba016f7d4d94f66337cc6bea7a066b8277637aef12c2eba11da10203010001,topicSeq=1,topicItems size=0
info|2026-02-06 23:23:50.349602|amopDispatcher-0x000074b5c3dfd6c0|[AMOP][AMOP][onReceiveRequestTopicMessage],nodeID=3082010a0282010100b85dd5fdfbc4aa99dcef8477a2e1c08c304a63432923826f81b3d0d7d13e79a6ec265462b2f59e76106f8bad7efb849227798aaf7c20a2197e9a95a8ffbbc07f5ccb44d04e995013b9afd04bb77fb7dbfa0f13bd2d404980eae43fc147332e1542ee2d2e973596187bb8ad4dc63b0165052688b1f7fc4a2a8ccb020a55db8ee7b9a45bb901b1c03d94727648a8ec10bfbc854175981345d56f4c783b0211d91f0775e508d8b379b56935777d255f59b63fadc24b43862671f5cbe0d00fcfff7138124c8293f91740a0e0732346eeee748a42f65ddb81da461fce3e76ea6ff452913b80eb5b1dba016f7d4d94f66337cc6bea7a066b8277637aef12c2eba11da10203010001,topicJson={"topicItems":[],"topicSeq":1}
info|2026-02-06 23:23:50.350190|amopDispatcher-0x000074b5c3dfd6c0|[AMOP][AMOP][onReceiveTopicSeqMessage][try to request latest AMOP information],nodeID=3082010a02820101009d9833c7e1dbf7d476b1fd7227e247b488323cbd272862d096a4010035236b7d36e2aede87e4f36adfd2e2e44f2945e9a4170901f5865f04cb779a1c1e1fc2f3e56fc6ea80a2665d5da60fce851ccd94bb60aced8e256a551ebb6edcf78febb8eb8bbb3c4fab73bacd5675925d72c787a8d8e179c70b24c484ae98ea7cc956a196c0c8266073d549963e44bfee479261b4c7a5497320d8a89de71743baf1516450118e57b4b07227de0429adf0d02305ad79d40958f48b3c7d6802814fc5c25be7c54c85463c993254d08401e1c7c1cc5586b265a1616617cc2ba7f29e928ff792e4ff33ada9b1bb7ee5a43130da18ba109a9e2186dfa6c2dc1d823e9066e1590203010001,topicSeq=1
info|2026-02-06 23:23:50.350638|amopDispatcher-0x000074b5c3dfd6c0|[AMOP][AMOP][onReceiveRequestTopicMessage],nodeID=3082010a02820101009d9833c7e1dbf7d476b1fd7227e247b488323cbd272862d096a4010035236b7d36e2aede87e4f36adfd2e2e44f2945e9a4170901f5865f04cb779a1c1e1fc2f3e56fc6ea80a2665d5da60fce851ccd94bb60aced8e256a551ebb6edcf78febb8eb8bbb3c4fab73bacd5675925d72c787a8d8e179c70b24c484ae98ea7cc956a196c0c8266073d549963e44bfee479261b4c7a5497320d8a89de71743baf1516450118e57b4b07227de0429adf0d02305ad79d40958f48b3c7d6802814fc5c25be7c54c85463c993254d08401e1c7c1cc5586b265a1616617cc2ba7f29e928ff792e4ff33ada9b1bb7ee5a43130da18ba109a9e2186dfa6c2dc1d823e9066e1590203010001,topicJson={"topicItems":[],"topicSeq":1}
info|2026-02-06 23:23:50.359573|amopDispatcher-0x000074b5c3dfd6c0|[AMOP][TOPIC][parseTopicItemsJson],topicSeq=1,topicItems size=0,json={"topicItems":[],"topicSeq":1}
info|2026-02-06 23:23:50.359624|amopDispatcher-0x000074b5c3dfd6c0|[AMOP][TOPIC][updateSeqAndTopicsByNodeID],nodeID=3082010a02820101009d9833c7e1dbf7d476b1fd7227e247b488323cbd272862d096a4010035236b7d36e2aede87e4f36adfd2e2e44f2945e9a4170901f5865f04cb779a1c1e1fc2f3e56fc6ea80a2665d5da60fce851ccd94bb60aced8e256a551ebb6edcf78febb8eb8bbb3c4fab73bacd5675925d72c787a8d8e179c70b24c484ae98ea7cc956a196c0c8266073d549963e44bfee479261b4c7a5497320d8a89de71743baf1516450118e57b4b07227de0429adf0d02305ad79d40958f48b3c7d6802814fc5c25be7c54c85463c993254d08401e1c7c1cc5586b265a1616617cc2ba7f29e928ff792e4ff33ada9b1bb7ee5a43130da18ba109a9e2186dfa6c2dc1d823e9066e1590203010001,topicSeq=1,topicItems size=0
info|2026-02-06 23:23:50.390551|amopDispatcher-0x000074b5c3dfd6c0|[AMOP][AMOP][onReceiveRequestTopicMessage],nodeID=3082010a0282010100a492268b412bea3e8f972dff0dc52c521cd06884f53d90f3889c7014f7cb635c38a07b81af9630f2b04238a726b029af6b4b924e132710d2894b7175f12a5e323a7119afd27786b01965d49b9c885ff3768f40b9d57817bc1305124f40ced3b1ac99666773a3a64cce079e95acbc31d42f416aad362594008547aae561213b022db32ed9d1bd67df5c020bc44dcc073982b4566fd04048555b1ea84279063d5b1047e9f42776ef03677d2dd1454433fdb3feced3f41b92efdfeda545d56c1c9ba349584c9095f3ad9e31c2db11cbe3007ee7817f5846f87eb01c296d81b36dbbc765b4c7af74aface1276dd4fd91963729e495694b6af5c0d6111c49115a2c3f0203010001,topicJson={"topicItems":[],"topicSeq":1}
info|2026-02-06 23:23:51.335971|pbftTimer-0x000074b5a1fd86c0|[CONSENSUS][SEALER]resetSealingInfo,start=113,end=113,sealingNumber=113,waitUntil=0,unsealedTxs=0
info|2026-02-06 23:23:51.336061|pbftTimer-0x000074b5a1fd86c0|[CONSENSUS][PBFT]asyncNotifySealProposal success,startIndex=113,endIndex=113,maxTxsToSeal=1000
info|2026-02-06 23:23:51.336074|pbftTimer-0x000074b5a1fd86c0|[CONSENSUS][SEALER]asyncNotifySealProposal,startIndex=113,endIndex=113,maxTxsPerBlock=1000
info|2026-02-06 23:23:51.336083|pbftTimer-0x000074b5a1fd86c0|[CONSENSUS][PBFT]notifySealer: notify the new leader to seal block,lockNotifyT=0,idx=1,startIndex=113,endIndex=113,notifyBeginIndex=113,waitSealUntil=0,waitResealUntil=0,maxTxsToSeal=1000,committedIndex=112,consNum=113,committedHash=0499cceb...,view=0,toView=2,changeCycle=0,expectedCheckPoint=113,Idx=1,unsealedTxs=0,sealUntil=0,waitResealUntil=0,consensusTimeout=3000,nodeId=21a47ace...
info|2026-02-06 23:23:51.336126|pbftTimer-0x000074b5a1fd86c0|[CONSENSUS][PBFT]notify to seal next proposal,nextProposalIndex=113
info|2026-02-06 23:23:51.336145|pbftTimer-0x000074b5a1fd86c0|[CONSENSUS][PBFT]notify the committed proposal index to the sync module success,index=112
info|2026-02-06 23:23:51.336337|pbftTimer-0x000074b5a1fd86c0|[CONSENSUS][PBFT]broadcastViewChangeReq,reqHash=0499cceb...,reqIndex=112,reqV=3,fromIdx=1,wait(ms)=0,packetSize=160
info|2026-02-06 23:23:51.336354|pbftTimer-0x000074b5a1fd86c0|[CONSENSUS][PBFT]addViewChangeReq,reqHash=0499cceb...,reqIndex=112,reqV=3,fromIdx=1,wait(ms)=0,weight=1,maxCommittedIndex=112,maxPrecommitIndex=0 preparedProposalInfo: ,committedIndex=112,consNum=113,committedHash=0499cceb...,view=0,toView=3,changeCycle=1,expectedCheckPoint=113,Idx=1,unsealedTxs=0,sealUntil=0,waitResealUntil=0,consensusTimeout=3000,nodeId=21a47ace...
warning|2026-02-06 23:23:51.336374|pbftTimer-0x000074b5a1fd86c0|[CONSENSUS][PBFT]After onTimeout,committedIndex=112,consNum=113,committedHash=0499cceb...,view=0,toView=3,changeCycle=1,expectedCheckPoint=113,Idx=1,unsealedTxs=0,sealUntil=0,waitResealUntil=0,consensusTimeout=3000,nodeId=21a47ace...,lockT=0,timecost=1
info|2026-02-06 23:23:51.343942|pbft-0x000074b5929f96c0|[CONSENSUS][PBFT]addViewChangeReq,reqHash=0499cceb...,reqIndex=112,reqV=3,fromIdx=2,wait(ms)=7,weight=2,maxCommittedIndex=112,maxPrecommitIndex=0 preparedProposalInfo: ,committedIndex=112,consNum=113,committedHash=0499cceb...,view=0,toView=3,changeCycle=1,expectedCheckPoint=113,Idx=1,unsealedTxs=0,sealUntil=0,waitResealUntil=0,consensusTimeout=3000,nodeId=21a47ace...
info|2026-02-06 23:23:51.344220|pbft-0x000074b5929f96c0|[CONSENSUS][PBFT]addViewChangeReq,reqHash=0499cceb...,reqIndex=112,reqV=3,fromIdx=0,wait(ms)=7,weight=3,maxCommittedIndex=112,maxPrecommitIndex=0 preparedProposalInfo: ,committedIndex=112,consNum=113,committedHash=0499cceb...,view=0,toView=3,changeCycle=1,expectedCheckPoint=113,Idx=1,unsealedTxs=0,sealUntil=0,waitResealUntil=0,consensusTimeout=3000,nodeId=21a47ace...
info|2026-02-06 23:23:51.344368|pbft-0x000074b5929f96c0|[CONSENSUS][PBFT]addViewChangeReq,reqHash=0499cceb...,reqIndex=112,reqV=3,fromIdx=3,wait(ms)=5,weight=4,maxCommittedIndex=112,maxPrecommitIndex=0 preparedProposalInfo: ,committedIndex=112,consNum=113,committedHash=0499cceb...,view=0,toView=3,changeCycle=1,expectedCheckPoint=113,Idx=1,unsealedTxs=0,sealUntil=0,waitResealUntil=0,consensusTimeout=3000,nodeId=21a47ace...
info|2026-02-06 23:23:51.349059|pbft-0x000074b5929f96c0|[CONSENSUS][PBFT]handleNewViewMsg: receive newViewChangeMsg,reqHash=0499cceb...,reqIndex=112,reqV=3,fromIdx=0,wait(ms)=1,committedIndex=112,consNum=113,committedHash=0499cceb...,view=0,toView=3,changeCycle=1,expectedCheckPoint=113,Idx=1,unsealedTxs=0,sealUntil=0,waitResealUntil=0,consensusTimeout=3000,nodeId=21a47ace...
info|2026-02-06 23:23:51.349528|pbft-0x000074b5929f96c0|[CONSENSUS][PBFT]handleNewViewMsg success,reqHash=0499cceb...,reqIndex=112,reqV=3,fromIdx=0,wait(ms)=1,committedIndex=112,consNum=113,committedHash=0499cceb...,view=0,toView=3,changeCycle=1,expectedCheckPoint=113,Idx=1,unsealedTxs=0,sealUntil=0,waitResealUntil=0,consensusTimeout=3000,nodeId=21a47ace...
info|2026-02-06 23:23:51.349586|pbft-0x000074b5929f96c0|[CONSENSUS][PBFT]resetNewViewState,m_view=0,_view=3
info|2026-02-06 23:23:51.349644|pbft-0x000074b5929f96c0|[CONSENSUS][PBFT]resetCacheAfterViewChange,view=3,number=112,cacheSize=0
info|2026-02-06 23:23:51.349717|pbft-0x000074b5929f96c0|[CONSENSUS][PBFT]reachNewView,committedIndex=112,consNum=113,committedHash=0499cceb...,view=3,toView=3,changeCycle=0,expectedCheckPoint=113,Idx=1,unsealedTxs=0,sealUntil=0,waitResealUntil=0,consensusTimeout=3000,nodeId=21a47ace...
info|2026-02-06 23:23:51.349769|pbft-0x000074b5929f96c0|[CONSENSUS][PBFT]notify to seal next proposal,nextProposalIndex=113
info|2026-02-06 23:23:51.349776|pbft-0x000074b5929f96c0|[CONSENSUS][PBFT]notifyResetSealing,committedIndex=112,consNum=113,committedHash=0499cceb...,view=3,toView=3,changeCycle=0,expectedCheckPoint=113,Idx=1,unsealedTxs=0,sealUntil=0,waitResealUntil=0,consensusTimeout=3000,nodeId=21a47ace...
info|2026-02-06 23:23:51.349796|pbft-0x000074b5929f96c0|[CONSENSUS][SEALER]resetSealing,startNum=113,endNum=113,sealingNum=113,pendingTxs=0,unsealedTxs=0
info|2026-02-06 23:23:51.349809|pbft-0x000074b5929f96c0|[CONSENSUS][PBFT]notifyResetSealing success,committedIndex=112,consNum=113,committedHash=0499cceb...,view=3,toView=3,changeCycle=0,expectedCheckPoint=113,Idx=1,unsealedTxs=0,sealUntil=0,waitResealUntil=0,consensusTimeout=3000,nodeId=21a47ace...
info|2026-02-06 23:23:51.349825|pbft-0x000074b5929f96c0|[CONSENSUS][PBFT]reNotifySealer,expectedStart=113,highWaterMark=163,leader=0,committedIndex=112,consNum=113,committedHash=0499cceb...,view=3,toView=3,changeCycle=0,expectedCheckPoint=113,Idx=1,unsealedTxs=0,sealUntil=0,waitResealUntil=0,consensusTimeout=3000,nodeId=21a47ace...
info|2026-02-06 23:23:58.347720|ioService-0x000074b5903ff6c0|[P2PService][Service][METRIC]heartBeat,connected count=3
info|2026-02-06 23:24:08.347902|ioService-0x000074b5903ff6c0|[P2PService][Service][METRIC]heartBeat,connected count=3
info|2026-02-06 23:24:08.356818|timerFactory-0x000074b5801ff6c0|[RPC][WS][SERVICE]connected nodes,count=0
info|2026-02-06 23:24:18.403969|ioService-0x000074b5903ff6c0|[P2PService][Service][METRIC]heartBeat,connected count=3
info|2026-02-06 23:24:18.412859|timerFactory-0x000074b5801ff6c0|[RPC][WS][SERVICE]connected nodes,count=0
info|2026-02-06 23:24:28.404200|ioService-0x000074b5903ff6c0|[P2PService][Service][METRIC]heartBeat,connected count=3
info|2026-02-06 23:24:28.412999|timerFactory-0x000074b5801ff6c0|[RPC][WS][SERVICE]connected nodes,count=0
info|2026-02-06 23:24:38.404369|ioService-0x000074b5903ff6c0|[P2PService][Service][METRIC]heartBeat,connected count=3
info|2026-02-06 23:24:38.413123|timerFactory-0x000074b5801ff6c0|[RPC][WS][SERVICE]connected nodes,count=0
info|2026-02-06 23:24:48.459257|ioService-0x000074b5903ff6c0|[P2PService][Service][METRIC]heartBeat,connected count=3
info|2026-02-06 23:24:48.467693|objMonitor-0x000074b5705ff6c0|[startMonitor][AliveObjectMonitor],AliveObjectAllocStat=[ type: bcos::gateway::Socket ,created: 9 ,destroyed: 5 ,alive: 4 ] 
info|2026-02-06 23:24:48.467870|timerFactory-0x000074b5801ff6c0|[RPC][WS][SERVICE]connected nodes,count=0
info|2026-02-06 23:24:58.459384|ioService-0x000074b5903ff6c0|[P2PService][Service][METRIC]heartBeat,connected count=3
info|2026-02-06 23:24:58.467995|timerFactory-0x000074b5801ff6c0|[RPC][WS][SERVICE]connected nodes,count=0
info|2026-02-06 23:25:08.459790|ioService-0x000074b5903ff6c0|[P2PService][Service][METRIC]heartBeat,connected count=3
info|2026-02-06 23:25:08.468138|timerFactory-0x000074b5801ff6c0|[RPC][WS][SERVICE]connected nodes,count=0
info|2026-02-06 23:25:18.535791|ioService-0x000074b5903ff6c0|[P2PService][Service][METRIC]heartBeat,connected count=3
info|2026-02-06 23:25:18.544070|timerFactory-0x000074b5801ff6c0|[RPC][WS][SERVICE]connected nodes,count=0
info|2026-02-06 23:25:28.535968|ioService-0x000074b5903ff6c0|[P2PService][Service][METRIC]heartBeat,connected count=3
info|2026-02-06 23:25:28.544329|timerFactory-0x000074b5801ff6c0|[RPC][WS][SERVICE]connected nodes,count=0
info|2026-02-06 23:25:38.536616|ioService-0x000074b5903ff6c0|[P2PService][Service][METRIC]heartBeat,connected count=3
info|2026-02-06 23:25:38.544436|timerFactory-0x000074b5801ff6c0|[RPC][WS][SERVICE]connected nodes,count=0
info|2026-02-06 23:25:48.629206|ioService-0x000074b5903ff6c0|[P2PService][Service][METRIC]heartBeat,connected count=3
info|2026-02-06 23:25:48.635877|objMonitor-0x000074b5705ff6c0|[startMonitor][AliveObjectMonitor],AliveObjectAllocStat=[ type: bcos::gateway::Socket ,created: 9 ,destroyed: 5 ,alive: 4 ] 
info|2026-02-06 23:25:48.636977|timerFactory-0x000074b5801ff6c0|[RPC][WS][SERVICE]connected nodes,count=0
info|2026-02-06 23:25:58.629324|ioService-0x000074b5903ff6c0|[P2PService][Service][METRIC]heartBeat,connected count=3
info|2026-02-06 23:25:58.637144|timerFactory-0x000074b5801ff6c0|[RPC][WS][SERVICE]connected nodes,count=0
info|2026-02-06 23:26:08.629764|ioService-0x000074b5903ff6c0|[P2PService][Service][METRIC]heartBeat,connected count=3
info|2026-02-06 23:26:08.637201|timerFactory-0x000074b5801ff6c0|[RPC][WS][SERVICE]connected nodes,count=0
info|2026-02-06 23:26:18.681687|ioService-0x000074b5903ff6c0|[P2PService][Service][METRIC]heartBeat,connected count=3
info|2026-02-06 23:26:18.688909|timerFactory-0x000074b5801ff6c0|[RPC][WS][SERVICE]connected nodes,count=0
info|2026-02-06 23:26:28.681918|ioService-0x000074b5903ff6c0|[P2PService][Service][METRIC]heartBeat,connected count=3
info|2026-02-06 23:26:28.689211|timerFactory-0x000074b5801ff6c0|[RPC][WS][SERVICE]connected nodes,count=0
info|2026-02-06 23:26:38.682228|ioService-0x000074b5903ff6c0|[P2PService][Service][METRIC]heartBeat,connected count=3
info|2026-02-06 23:26:38.689359|timerFactory-0x000074b5801ff6c0|[RPC][WS][SERVICE]connected nodes,count=0
info|2026-02-06 23:26:48.747539|ioService-0x000074b5903ff6c0|[P2PService][Service][METRIC]heartBeat,connected count=3
info|2026-02-06 23:26:48.752505|objMonitor-0x000074b5705ff6c0|[startMonitor][AliveObjectMonitor],AliveObjectAllocStat=[ type: bcos::gateway::Socket ,created: 9 ,destroyed: 5 ,alive: 4 ] 
info|2026-02-06 23:26:48.754469|timerFactory-0x000074b5801ff6c0|[RPC][WS][SERVICE]connected nodes,count=0
info|2026-02-06 23:26:58.747762|ioService-0x000074b5903ff6c0|[P2PService][Service][METRIC]heartBeat,connected count=3
info|2026-02-06 23:26:58.754585|timerFactory-0x000074b5801ff6c0|[RPC][WS][SERVICE]connected nodes,count=0
info|2026-02-06 23:27:08.748210|ioService-0x000074b5903ff6c0|[P2PService][Service][METRIC]heartBeat,connected count=3
info|2026-02-06 23:27:08.754764|timerFactory-0x000074b5801ff6c0|[RPC][WS][SERVICE]connected nodes,count=0
info|2026-02-06 23:27:18.748468|ioService-0x000074b5903ff6c0|[P2PService][Service][METRIC]heartBeat,connected count=3
info|2026-02-06 23:27:18.754987|timerFactory-0x000074b5801ff6c0|[RPC][WS][SERVICE]connected nodes,count=0
info|2026-02-06 23:27:28.748681|ioService-0x000074b5903ff6c0|[P2PService][Service][METRIC]heartBeat,connected count=3
info|2026-02-06 23:27:28.755138|timerFactory-0x000074b5801ff6c0|[RPC][WS][SERVICE]connected nodes,count=0
info|2026-02-06 23:27:38.749035|ioService-0x000074b5903ff6c0|[P2PService][Service][METRIC]heartBeat,connected count=3
info|2026-02-06 23:27:38.755253|timerFactory-0x000074b5801ff6c0|[RPC][WS][SERVICE]connected nodes,count=0
info|2026-02-06 23:27:48.810157|objMonitor-0x000074b5705ff6c0|[startMonitor][AliveObjectMonitor],AliveObjectAllocStat=[ type: bcos::gateway::Socket ,created: 9 ,destroyed: 5 ,alive: 4 ] 
info|2026-02-06 23:27:48.821706|ioService-0x000074b5903ff6c0|[P2PService][Service][METRIC]heartBeat,connected count=3
info|2026-02-06 23:27:48.827385|timerFactory-0x000074b5801ff6c0|[RPC][WS][SERVICE]connected nodes,count=0
info|2026-02-06 23:27:58.821877|ioService-0x000074b5903ff6c0|[P2PService][Service][METRIC]heartBeat,connected count=3
info|2026-02-06 23:27:58.827531|timerFactory-0x000074b5801ff6c0|[RPC][WS][SERVICE]connected nodes,count=0
info|2026-02-06 23:28:08.821951|ioService-0x000074b5903ff6c0|[P2PService][Service][METRIC]heartBeat,connected count=3
info|2026-02-06 23:28:08.827587|timerFactory-0x000074b5801ff6c0|[RPC][WS][SERVICE]connected nodes,count=0
info|2026-02-06 23:28:18.886606|ioService-0x000074b5903ff6c0|[P2PService][Service][METRIC]heartBeat,connected count=3
info|2026-02-06 23:28:18.891990|timerFactory-0x000074b5801ff6c0|[RPC][WS][SERVICE]connected nodes,count=0
info|2026-02-06 23:28:28.886714|ioService-0x000074b5903ff6c0|[P2PService][Service][METRIC]heartBeat,connected count=3
info|2026-02-06 23:28:28.892052|timerFactory-0x000074b5801ff6c0|[RPC][WS][SERVICE]connected nodes,count=0
info|2026-02-06 23:28:38.887095|ioService-0x000074b5903ff6c0|[P2PService][Service][METRIC]heartBeat,connected count=3
info|2026-02-06 23:28:38.892135|timerFactory-0x000074b5801ff6c0|[RPC][WS][SERVICE]connected nodes,count=0
info|2026-02-06 23:28:48.946284|objMonitor-0x000074b5705ff6c0|[startMonitor][AliveObjectMonitor],AliveObjectAllocStat=[ type: bcos::gateway::Socket ,created: 9 ,destroyed: 5 ,alive: 4 ] 
info|2026-02-06 23:28:48.957911|ioService-0x000074b5903ff6c0|[P2PService][Service][METRIC]heartBeat,connected count=3
info|2026-02-06 23:28:48.962779|timerFactory-0x000074b5801ff6c0|[RPC][WS][SERVICE]connected nodes,count=0
info|2026-02-06 23:28:58.958071|ioService-0x000074b5903ff6c0|[P2PService][Service][METRIC]heartBeat,connected count=3
info|2026-02-06 23:28:58.962913|timerFactory-0x000074b5801ff6c0|[RPC][WS][SERVICE]connected nodes,count=0
info|2026-02-06 23:29:08.958292|ioService-0x000074b5903ff6c0|[P2PService][Service][METRIC]heartBeat,connected count=3
info|2026-02-06 23:29:08.963065|timerFactory-0x000074b5801ff6c0|[RPC][WS][SERVICE]connected nodes,count=0
info|2026-02-06 23:29:19.041458|ioService-0x000074b5903ff6c0|[P2PService][Service][METRIC]heartBeat,connected count=3
info|2026-02-06 23:29:19.046189|timerFactory-0x000074b5801ff6c0|[RPC][WS][SERVICE]connected nodes,count=0
info|2026-02-06 23:29:29.041679|ioService-0x000074b5903ff6c0|[P2PService][Service][METRIC]heartBeat,connected count=3
info|2026-02-06 23:29:29.046341|timerFactory-0x000074b5801ff6c0|[RPC][WS][SERVICE]connected nodes,count=0
info|2026-02-06 23:29:39.042338|ioService-0x000074b5903ff6c0|[P2PService][Service][METRIC]heartBeat,connected count=3
info|2026-02-06 23:29:39.046501|timerFactory-0x000074b5801ff6c0|[RPC][WS][SERVICE]connected nodes,count=0
info|2026-02-06 23:29:49.092385|objMonitor-0x000074b5705ff6c0|[startMonitor][AliveObjectMonitor],AliveObjectAllocStat=[ type: bcos::gateway::Socket ,created: 9 ,destroyed: 5 ,alive: 4 ] 
info|2026-02-06 23:29:49.104697|ioService-0x000074b5903ff6c0|[P2PService][Service][METRIC]heartBeat,connected count=3
info|2026-02-06 23:29:49.108627|timerFactory-0x000074b5801ff6c0|[RPC][WS][SERVICE]connected nodes,count=0
info|2026-02-06 23:29:59.105080|ioService-0x000074b5903ff6c0|[P2PService][Service][METRIC]heartBeat,connected count=3
info|2026-02-06 23:29:59.108734|timerFactory-0x000074b5801ff6c0|[RPC][WS][SERVICE]connected nodes,count=0
info|2026-02-06 23:30:09.105209|ioService-0x000074b5903ff6c0|[P2PService][Service][METRIC]heartBeat,connected count=3
info|2026-02-06 23:30:09.108959|timerFactory-0x000074b5801ff6c0|[RPC][WS][SERVICE]connected nodes,count=0
info|2026-02-06 23:30:19.194949|ioService-0x000074b5903ff6c0|[P2PService][Service][METRIC]heartBeat,connected count=3
info|2026-02-06 23:30:19.198652|timerFactory-0x000074b5801ff6c0|[RPC][WS][SERVICE]connected nodes,count=0
info|2026-02-06 23:30:29.195253|ioService-0x000074b5903ff6c0|[P2PService][Service][METRIC]heartBeat,connected count=3
info|2026-02-06 23:30:29.198762|timerFactory-0x000074b5801ff6c0|[RPC][WS][SERVICE]connected nodes,count=0
info|2026-02-06 23:30:39.196174|ioService-0x000074b5903ff6c0|[P2PService][Service][METRIC]heartBeat,connected count=3
info|2026-02-06 23:30:39.199025|timerFactory-0x000074b5801ff6c0|[RPC][WS][SERVICE]connected nodes,count=0
info|2026-02-06 23:30:49.164599|objMonitor-0x000074b5705ff6c0|[startMonitor][AliveObjectMonitor],AliveObjectAllocStat=[ type: bcos::gateway::Socket ,created: 9 ,destroyed: 5 ,alive: 4 ] 
info|2026-02-06 23:30:49.197005|ioService-0x000074b5903ff6c0|[P2PService][Service][METRIC]heartBeat,connected count=3
info|2026-02-06 23:30:49.199392|timerFactory-0x000074b5801ff6c0|[RPC][WS][SERVICE]connected nodes,count=0
info|2026-02-06 23:30:59.197367|ioService-0x000074b5903ff6c0|[P2PService][Service][METRIC]heartBeat,connected count=3
info|2026-02-06 23:30:59.199563|timerFactory-0x000074b5801ff6c0|[RPC][WS][SERVICE]connected nodes,count=0
info|2026-02-06 23:31:09.197656|ioService-0x000074b5903ff6c0|[P2PService][Service][METRIC]heartBeat,connected count=3
info|2026-02-06 23:31:09.199908|timerFactory-0x000074b5801ff6c0|[RPC][WS][SERVICE]connected nodes,count=0
info|2026-02-06 23:31:19.258941|ioService-0x000074b5903ff6c0|[P2PService][Service][METRIC]heartBeat,connected count=3
info|2026-02-06 23:31:19.261280|timerFactory-0x000074b5801ff6c0|[RPC][WS][SERVICE]connected nodes,count=0
info|2026-02-06 23:31:29.259181|ioService-0x000074b5903ff6c0|[P2PService][Service][METRIC]heartBeat,connected count=3
info|2026-02-06 23:31:29.261935|timerFactory-0x000074b5801ff6c0|[RPC][WS][SERVICE]connected nodes,count=0
info|2026-02-06 23:31:39.259506|ioService-0x000074b5903ff6c0|[P2PService][Service][METRIC]heartBeat,connected count=3
info|2026-02-06 23:31:39.262221|timerFactory-0x000074b5801ff6c0|[RPC][WS][SERVICE]connected nodes,count=0
info|2026-02-06 23:31:49.302396|objMonitor-0x000074b5705ff6c0|[startMonitor][AliveObjectMonitor],AliveObjectAllocStat=[ type: bcos::gateway::Socket ,created: 9 ,destroyed: 5 ,alive: 4 ] 
info|2026-02-06 23:31:49.336269|ioService-0x000074b5903ff6c0|[P2PService][Service][METRIC]heartBeat,connected count=3
info|2026-02-06 23:31:49.338973|timerFactory-0x000074b5801ff6c0|[RPC][WS][SERVICE]connected nodes,count=0
info|2026-02-06 23:31:59.336435|ioService-0x000074b5903ff6c0|[P2PService][Service][METRIC]heartBeat,connected count=3
info|2026-02-06 23:31:59.339508|timerFactory-0x000074b5801ff6c0|[RPC][WS][SERVICE]connected nodes,count=0
info|2026-02-06 23:32:09.336660|ioService-0x000074b5903ff6c0|[P2PService][Service][METRIC]heartBeat,connected count=3
info|2026-02-06 23:32:09.339703|timerFactory-0x000074b5801ff6c0|[RPC][WS][SERVICE]connected nodes,count=0
info|2026-02-06 23:32:19.410495|ioService-0x000074b5903ff6c0|[P2PService][Service][METRIC]heartBeat,connected count=3
info|2026-02-06 23:32:19.413483|timerFactory-0x000074b5801ff6c0|[RPC][WS][SERVICE]connected nodes,count=0
info|2026-02-06 23:32:29.410704|ioService-0x000074b5903ff6c0|[P2PService][Service][METRIC]heartBeat,connected count=3
info|2026-02-06 23:32:29.413602|timerFactory-0x000074b5801ff6c0|[RPC][WS][SERVICE]connected nodes,count=0
info|2026-02-06 23:32:39.410798|ioService-0x000074b5903ff6c0|[P2PService][Service][METRIC]heartBeat,connected count=3
info|2026-02-06 23:32:39.413708|timerFactory-0x000074b5801ff6c0|[RPC][WS][SERVICE]connected nodes,count=0
info|2026-02-06 23:32:49.452369|objMonitor-0x000074b5705ff6c0|[startMonitor][AliveObjectMonitor],AliveObjectAllocStat=[ type: bcos::gateway::Socket ,created: 9 ,destroyed: 5 ,alive: 4 ] 
info|2026-02-06 23:32:49.487134|ioService-0x000074b5903ff6c0|[P2PService][Service][METRIC]heartBeat,connected count=3
info|2026-02-06 23:32:49.489977|timerFactory-0x000074b5801ff6c0|[RPC][WS][SERVICE]connected nodes,count=0
info|2026-02-06 23:32:59.487287|ioService-0x000074b5903ff6c0|[P2PService][Service][METRIC]heartBeat,connected count=3
info|2026-02-06 23:32:59.490894|timerFactory-0x000074b5801ff6c0|[RPC][WS][SERVICE]connected nodes,count=0
info|2026-02-06 23:33:09.487351|ioService-0x000074b5903ff6c0|[P2PService][Service][METRIC]heartBeat,connected count=3
info|2026-02-06 23:33:09.490987|timerFactory-0x000074b5801ff6c0|[RPC][WS][SERVICE]connected nodes,count=0
info|2026-02-06 23:33:19.563846|ioService-0x000074b5903ff6c0|[P2PService][Service][METRIC]heartBeat,connected count=3
info|2026-02-06 23:33:19.567201|timerFactory-0x000074b5801ff6c0|[RPC][WS][SERVICE]connected nodes,count=0
info|2026-02-06 23:33:29.564510|ioService-0x000074b5903ff6c0|[P2PService][Service][METRIC]heartBeat,connected count=3
info|2026-02-06 23:33:29.567281|timerFactory-0x000074b5801ff6c0|[RPC][WS][SERVICE]connected nodes,count=0
info|2026-02-06 23:33:39.564634|ioService-0x000074b5903ff6c0|[P2PService][Service][METRIC]heartBeat,connected count=3
info|2026-02-06 23:33:39.567396|timerFactory-0x000074b5801ff6c0|[RPC][WS][SERVICE]connected nodes,count=0
info|2026-02-06 23:33:49.596796|objMonitor-0x000074b5705ff6c0|[startMonitor][AliveObjectMonitor],AliveObjectAllocStat=[ type: bcos::gateway::Socket ,created: 9 ,destroyed: 5 ,alive: 4 ] 
info|2026-02-06 23:33:49.633211|ioService-0x000074b5903ff6c0|[P2PService][Service][METRIC]heartBeat,connected count=3
info|2026-02-06 23:33:49.635749|timerFactory-0x000074b5801ff6c0|[RPC][WS][SERVICE]connected nodes,count=0
info|2026-02-06 23:33:59.633444|ioService-0x000074b5903ff6c0|[P2PService][Service][METRIC]heartBeat,connected count=3
info|2026-02-06 23:33:59.635928|timerFactory-0x000074b5801ff6c0|[RPC][WS][SERVICE]connected nodes,count=0
info|2026-02-06 23:34:09.633605|ioService-0x000074b5903ff6c0|[P2PService][Service][METRIC]heartBeat,connected count=3
info|2026-02-06 23:34:09.636014|timerFactory-0x000074b5801ff6c0|[RPC][WS][SERVICE]connected nodes,count=0
info|2026-02-06 23:34:19.695407|ioService-0x000074b5903ff6c0|[P2PService][Service][METRIC]heartBeat,connected count=3
info|2026-02-06 23:34:19.698096|timerFactory-0x000074b5801ff6c0|[RPC][WS][SERVICE]connected nodes,count=0
info|2026-02-06 23:34:29.695556|ioService-0x000074b5903ff6c0|[P2PService][Service][METRIC]heartBeat,connected count=3
info|2026-02-06 23:34:29.698721|timerFactory-0x000074b5801ff6c0|[RPC][WS][SERVICE]connected nodes,count=0
info|2026-02-06 23:34:39.695787|ioService-0x000074b5903ff6c0|[P2PService][Service][METRIC]heartBeat,connected count=3
info|2026-02-06 23:34:39.699278|timerFactory-0x000074b5801ff6c0|[RPC][WS][SERVICE]connected nodes,count=0
info|2026-02-06 23:34:49.755171|objMonitor-0x000074b5705ff6c0|[startMonitor][AliveObjectMonitor],AliveObjectAllocStat=[ type: bcos::gateway::Socket ,created: 9 ,destroyed: 5 ,alive: 4 ] 
info|2026-02-06 23:34:49.788134|ioService-0x000074b5903ff6c0|[P2PService][Service][METRIC]heartBeat,connected count=3
info|2026-02-06 23:34:49.790866|timerFactory-0x000074b5801ff6c0|[RPC][WS][SERVICE]connected nodes,count=0
info|2026-02-06 23:34:59.788368|ioService-0x000074b5903ff6c0|[P2PService][Service][METRIC]heartBeat,connected count=3
info|2026-02-06 23:34:59.791002|timerFactory-0x000074b5801ff6c0|[RPC][WS][SERVICE]connected nodes,count=0
info|2026-02-06 23:35:09.788510|ioService-0x000074b5903ff6c0|[P2PService][Service][METRIC]heartBeat,connected count=3
info|2026-02-06 23:35:09.791059|timerFactory-0x000074b5801ff6c0|[RPC][WS][SERVICE]connected nodes,count=0
info|2026-02-06 23:35:19.845994|ioService-0x000074b5903ff6c0|[P2PService][Service][METRIC]heartBeat,connected count=3
info|2026-02-06 23:35:19.848439|timerFactory-0x000074b5801ff6c0|[RPC][WS][SERVICE]connected nodes,count=0
info|2026-02-06 23:35:29.846115|ioService-0x000074b5903ff6c0|[P2PService][Service][METRIC]heartBeat,connected count=3
info|2026-02-06 23:35:29.848632|timerFactory-0x000074b5801ff6c0|[RPC][WS][SERVICE]connected nodes,count=0
info|2026-02-06 23:35:39.846237|ioService-0x000074b5903ff6c0|[P2PService][Service][METRIC]heartBeat,connected count=3
info|2026-02-06 23:35:39.848950|timerFactory-0x000074b5801ff6c0|[RPC][WS][SERVICE]connected nodes,count=0
info|2026-02-06 23:35:49.887778|objMonitor-0x000074b5705ff6c0|[startMonitor][AliveObjectMonitor],AliveObjectAllocStat=[ type: bcos::gateway::Socket ,created: 9 ,destroyed: 5 ,alive: 4 ] 
info|2026-02-06 23:35:49.921403|ioService-0x000074b5903ff6c0|[P2PService][Service][METRIC]heartBeat,connected count=3
info|2026-02-06 23:35:49.924069|timerFactory-0x000074b5801ff6c0|[RPC][WS][SERVICE]connected nodes,count=0
info|2026-02-06 23:35:59.921577|ioService-0x000074b5903ff6c0|[P2PService][Service][METRIC]heartBeat,connected count=3
info|2026-02-06 23:35:59.924201|timerFactory-0x000074b5801ff6c0|[RPC][WS][SERVICE]connected nodes,count=0
info|2026-02-06 23:36:09.921736|ioService-0x000074b5903ff6c0|[P2PService][Service][METRIC]heartBeat,connected count=3
info|2026-02-06 23:36:09.924336|timerFactory-0x000074b5801ff6c0|[RPC][WS][SERVICE]connected nodes,count=0
info|2026-02-06 23:36:20.009428|ioService-0x000074b5903ff6c0|[P2PService][Service][METRIC]heartBeat,connected count=3
info|2026-02-06 23:36:20.011839|timerFactory-0x000074b5801ff6c0|[RPC][WS][SERVICE]connected nodes,count=0
info|2026-02-06 23:36:30.009611|ioService-0x000074b5903ff6c0|[P2PService][Service][METRIC]heartBeat,connected count=3
info|2026-02-06 23:36:30.011974|timerFactory-0x000074b5801ff6c0|[RPC][WS][SERVICE]connected nodes,count=0
info|2026-02-06 23:36:40.009821|ioService-0x000074b5903ff6c0|[P2PService][Service][METRIC]heartBeat,connected count=3
info|2026-02-06 23:36:40.012070|timerFactory-0x000074b5801ff6c0|[RPC][WS][SERVICE]connected nodes,count=0
info|2026-02-06 23:36:50.035530|objMonitor-0x000074b5705ff6c0|[startMonitor][AliveObjectMonitor],AliveObjectAllocStat=[ type: bcos::gateway::Socket ,created: 9 ,destroyed: 5 ,alive: 4 ] 
info|2026-02-06 23:36:50.070156|ioService-0x000074b5903ff6c0|[P2PService][Service][METRIC]heartBeat,connected count=3
info|2026-02-06 23:36:50.072375|timerFactory-0x000074b5801ff6c0|[RPC][WS][SERVICE]connected nodes,count=0
info|2026-02-06 23:37:00.070343|ioService-0x000074b5903ff6c0|[P2PService][Service][METRIC]heartBeat,connected count=3
info|2026-02-06 23:37:00.072479|timerFactory-0x000074b5801ff6c0|[RPC][WS][SERVICE]connected nodes,count=0
info|2026-02-06 23:37:10.070572|ioService-0x000074b5903ff6c0|[P2PService][Service][METRIC]heartBeat,connected count=3
info|2026-02-06 23:37:10.072613|timerFactory-0x000074b5801ff6c0|[RPC][WS][SERVICE]connected nodes,count=0
info|2026-02-06 23:37:20.170937|ioService-0x000074b5903ff6c0|[P2PService][Service][METRIC]heartBeat,connected count=3
info|2026-02-06 23:37:20.172878|timerFactory-0x000074b5801ff6c0|[RPC][WS][SERVICE]connected nodes,count=0
info|2026-02-06 23:37:30.171076|ioService-0x000074b5903ff6c0|[P2PService][Service][METRIC]heartBeat,connected count=3
info|2026-02-06 23:37:30.173090|timerFactory-0x000074b5801ff6c0|[RPC][WS][SERVICE]connected nodes,count=0
info|2026-02-06 23:37:40.171170|ioService-0x000074b5903ff6c0|[P2PService][Service][METRIC]heartBeat,connected count=3
info|2026-02-06 23:37:40.173184|timerFactory-0x000074b5801ff6c0|[RPC][WS][SERVICE]connected nodes,count=0
info|2026-02-06 23:37:50.204531|objMonitor-0x000074b5705ff6c0|[startMonitor][AliveObjectMonitor],AliveObjectAllocStat=[ type: bcos::gateway::Socket ,created: 9 ,destroyed: 5 ,alive: 4 ] 
info|2026-02-06 23:37:50.239993|ioService-0x000074b5903ff6c0|[P2PService][Service][METRIC]heartBeat,connected count=3
info|2026-02-06 23:37:50.241989|timerFactory-0x000074b5801ff6c0|[RPC][WS][SERVICE]connected nodes,count=0
info|2026-02-06 23:38:00.240094|ioService-0x000074b5903ff6c0|[P2PService][Service][METRIC]heartBeat,connected count=3
info|2026-02-06 23:38:00.242051|timerFactory-0x000074b5801ff6c0|[RPC][WS][SERVICE]connected nodes,count=0
info|2026-02-06 23:38:10.240177|ioService-0x000074b5903ff6c0|[P2PService][Service][METRIC]heartBeat,connected count=3
info|2026-02-06 23:38:10.242153|timerFactory-0x000074b5801ff6c0|[RPC][WS][SERVICE]connected nodes,count=0
info|2026-02-06 23:38:10.289377|pbft-0x000074b5929f96c0|[CONSENSUS][PBFT]handlePrePrepareMsg,reqHash=805759a5...,reqIndex=113,reqV=3,fromIdx=0,wait(ms)=0,committedIndex=112,consNum=113,committedHash=0499cceb...,view=3,toView=3,changeCycle=0,expectedCheckPoint=113,Idx=1,unsealedTxs=1,sealUntil=0,waitResealUntil=0,consensusTimeout=3000,nodeId=21a47ace...,utc=1610579
info|2026-02-06 23:38:10.289478|pbft-0x000074b5929f96c0|[TXPOOL]begin asyncVerifyBlock,consNum=113,hash=805759a5...
info|2026-02-06 23:38:10.289909|verifier-0x000074b5b17f76c0|[TXPOOL]batchVerifyProposal,consNum=113,hash=805759a5...,txsSize=1,lockT=0,verifyT=0,missedTxs=0
info|2026-02-06 23:38:10.289963|verifier-0x000074b5b17f76c0|[TXPOOL][METRIC]asyncVerifyBlock finished,consNum=113,hash=805759a5...,code=0,msg=success,result=true,timecost=0
info|2026-02-06 23:38:10.289996|verifier-0x000074b5b17f76c0|[CONSENSUS][PBFT]handlePrePrepareMsg,reqHash=805759a5...,reqIndex=113,reqV=3,fromIdx=0,wait(ms)=1,committedIndex=112,consNum=113,committedHash=0499cceb...,view=3,toView=3,changeCycle=0,expectedCheckPoint=113,Idx=1,unsealedTxs=1,sealUntil=0,waitResealUntil=0,consensusTimeout=3000,nodeId=21a47ace...,utc=1610580
info|2026-02-06 23:38:10.290043|verifier-0x000074b5b17f76c0|[CONSENSUS][PBFT]addPrePrepareCache,reqHash=805759a5...,reqIndex=113,reqV=3,fromIdx=0,wait(ms)=1,sys=false,committedIndex=112,consNum=113,committedHash=0499cceb...,view=3,toView=3,changeCycle=0,expectedCheckPoint=113,Idx=1,unsealedTxs=1,sealUntil=0,waitResealUntil=0,consensusTimeout=3000,nodeId=21a47ace...
info|2026-02-06 23:38:10.290062|verifier-0x000074b5b17f76c0|[CONSENSUS][PBFT]notify the committed proposal index to the sync module success,index=113
info|2026-02-06 23:38:10.290126|verifier-0x000074b5b17f76c0|[CONSENSUS][PBFT]addPrepareCache,reqHash=805759a5...,reqIndex=113,reqV=3,fromIdx=1,wait(ms)=0,committedIndex=112,consNum=113,committedHash=0499cceb...,view=3,toView=3,changeCycle=0,expectedCheckPoint=113,Idx=1,unsealedTxs=1,sealUntil=0,waitResealUntil=0,consensusTimeout=3000,nodeId=21a47ace...,weight=1
info|2026-02-06 23:38:10.290189|verifier-0x000074b5b17f76c0|[CONSENSUS][PBFT]broadcast prepare packet,packetSize=228,index=113
info|2026-02-06 23:38:10.290109|validator-0x000074b5a3fdc6c0|[CONSENSUS][PBFT]asyncResetTxsFlag,index=113,hash=805759a5...,flag=true
info|2026-02-06 23:38:10.290268|verifier-0x000074b5b17f76c0|[CONSENSUS][PBFT]handlePrePrepareMsg and broadcast prepare packet,reqHash=805759a5...,reqIndex=113,reqV=3,fromIdx=0,wait(ms)=1,committedIndex=112,consNum=113,committedHash=0499cceb...,view=3,toView=3,changeCycle=0,expectedCheckPoint=113,Idx=1,unsealedTxs=1,sealUntil=0,waitResealUntil=0,consensusTimeout=3000,nodeId=21a47ace...
info|2026-02-06 23:38:10.290251|validator-0x000074b5a3fdc6c0|[TXPOOL]batchMarkTxs,txsSize=1,batchId=113,hash=805759a5...,sealFlag=true,notFound=0,reSealed=0,succ=1,time=0,markT=0
info|2026-02-06 23:38:10.290294|validator-0x000074b5a3fdc6c0|[CONSENSUS][PBFT]asyncMarkTxs success,index=113,hash=805759a5...,flag=true,markT=0,emptyTxBatchHash=false
info|2026-02-06 23:38:10.290392|txsPreStore-0x000074b5afff46c0|[TXPOOL]storeVerifiedBlock fetch block number from LedgerConfig
info|2026-02-06 23:38:10.290683|txsPreStore-0x000074b5afff46c0|[TOOL]LedgerConfigFetcher: fetchBlockNumber success,blockNumber=112
info|2026-02-06 23:38:10.290714|txsPreStore-0x000074b5afff46c0|[TXPOOL]storeVerifiedBlock,consNum=113,hash=805759a5...,txsSize=1
info|2026-02-06 23:38:10.290749|txsPreStore-0x000074b5afff46c0|[LEDGER]asyncPreStoreBlockTxs: needStoreUnsavedTxs,txsSize=1,unstoredTxs=1,number=113
info|2026-02-06 23:38:10.290762|pbft-0x000074b5929f96c0|[CONSENSUS][PBFT]addPrepareCache,reqHash=805759a5...,reqIndex=113,reqV=3,fromIdx=0,wait(ms)=0,committedIndex=112,consNum=113,committedHash=0499cceb...,view=3,toView=3,changeCycle=0,expectedCheckPoint=113,Idx=1,unsealedTxs=0,sealUntil=0,waitResealUntil=0,consensusTimeout=3000,nodeId=21a47ace...,weight=2
info|2026-02-06 23:38:10.291568|txsPreStore-0x000074b5afff46c0|[STORAGE-RocksDB]setRows finished,put=1,dataSize=9644,time(ms)=1
info|2026-02-06 23:38:10.291582|txsPreStore-0x000074b5afff46c0|[LEDGER]asyncPreStoreBlockTxs: store uncommitted txs,blockNumber=113,blockTxsSize=1,unStoredTxs=1,msg=success,code=0,timeCost=1
info|2026-02-06 23:38:10.291588|txsPreStore-0x000074b5afff46c0|[TXPOOL]storeVerifiedBlock success,consNum=113,hash=805759a5...,timecost=1
info|2026-02-06 23:38:10.292889|pbft-0x000074b5929f96c0|[CONSENSUS][PBFT]addPrepareCache,reqHash=805759a5...,reqIndex=113,reqV=3,fromIdx=3,wait(ms)=1,committedIndex=112,consNum=113,committedHash=0499cceb...,view=3,toView=3,changeCycle=0,expectedCheckPoint=113,Idx=1,unsealedTxs=0,sealUntil=0,waitResealUntil=0,consensusTimeout=3000,nodeId=21a47ace...,weight=3
info|2026-02-06 23:38:10.292996|pbft-0x000074b5929f96c0|[CONSENSUS][PBFT]setSignatureList,signatureSize=3,propHash=805759a5...,propIndex=113
info|2026-02-06 23:38:10.293038|pbft-0x000074b5929f96c0|[CONSENSUS][PBFT]intoPrecommit,reqHash=805759a5...,reqIndex=113,reqV=3,fromIdx=1,wait(ms)=4,committedIndex=112,consNum=113,committedHash=0499cceb...,view=3,toView=3,changeCycle=0,expectedCheckPoint=113,Idx=1,unsealedTxs=0,sealUntil=0,waitResealUntil=0,consensusTimeout=3000,nodeId=21a47ace...
info|2026-02-06 23:38:10.293110|pbft-0x000074b5929f96c0|[CONSENSUS][PBFT]addCommitCache,reqHash=805759a5...,reqIndex=113,reqV=3,fromIdx=1,wait(ms)=0,committedIndex=112,consNum=113,committedHash=0499cceb...,view=3,toView=3,changeCycle=0,expectedCheckPoint=113,Idx=1,unsealedTxs=0,sealUntil=0,waitResealUntil=0,consensusTimeout=3000,nodeId=21a47ace...,weight=1
info|2026-02-06 23:38:10.293197|pbft-0x000074b5929f96c0|[CONSENSUS][PBFT]checkAndPreCommit: broadcast commitMsg,Idx=1,hash=805759a5...,index=113
info|2026-02-06 23:38:10.293425|pbft-0x000074b5929f96c0|[CONSENSUS][PBFT]addCommitCache,reqHash=805759a5...,reqIndex=113,reqV=3,fromIdx=0,wait(ms)=0,committedIndex=112,consNum=113,committedHash=0499cceb...,view=3,toView=3,changeCycle=0,expectedCheckPoint=113,Idx=1,unsealedTxs=0,sealUntil=0,waitResealUntil=0,consensusTimeout=3000,nodeId=21a47ace...,weight=2
info|2026-02-06 23:38:10.296317|pbft-0x000074b5929f96c0|[CONSENSUS][PBFT]addCommitCache,reqHash=805759a5...,reqIndex=113,reqV=3,fromIdx=3,wait(ms)=1,committedIndex=112,consNum=113,committedHash=0499cceb...,view=3,toView=3,changeCycle=0,expectedCheckPoint=113,Idx=1,unsealedTxs=0,sealUntil=0,waitResealUntil=0,consensusTimeout=3000,nodeId=21a47ace...,weight=3
info|2026-02-06 23:38:10.296353|pbft-0x000074b5929f96c0|[CONSENSUS][PBFT]checkAndCommit,propHash=805759a5...,propIndex=113,committedIndex=112,consNum=113,committedHash=0499cceb...,view=3,toView=3,changeCycle=0,expectedCheckPoint=113,Idx=1,unsealedTxs=0,sealUntil=0,waitResealUntil=0,consensusTimeout=3000,nodeId=21a47ace...
info|2026-02-06 23:38:10.296363|pbft-0x000074b5929f96c0|[CONSENSUS][PBFT]######## CommitProposal,propHash=805759a5...,propIndex=113,sys=false,committedIndex=112,consNum=113,committedHash=0499cceb...,view=3,toView=3,changeCycle=0,expectedCheckPoint=113,Idx=1,unsealedTxs=0,sealUntil=0,waitResealUntil=0,consensusTimeout=3000,nodeId=21a47ace...
info|2026-02-06 23:38:10.296372|pbft-0x000074b5929f96c0|[CONSENSUS][SEALER]resetSealingInfo,start=114,end=114,sealingNumber=114,waitUntil=0,unsealedTxs=0
info|2026-02-06 23:38:10.296376|pbft-0x000074b5929f96c0|[CONSENSUS][PBFT]asyncNotifySealProposal success,startIndex=114,endIndex=114,maxTxsToSeal=1000
info|2026-02-06 23:38:10.296383|pbft-0x000074b5929f96c0|[CONSENSUS][SEALER]asyncNotifySealProposal,startIndex=114,endIndex=114,maxTxsPerBlock=1000
info|2026-02-06 23:38:10.296387|pbft-0x000074b5929f96c0|[CONSENSUS][PBFT]notifySealer: notify the new leader to seal block,lockNotifyT=0,idx=1,startIndex=114,endIndex=114,notifyBeginIndex=114,waitSealUntil=0,waitResealUntil=0,maxTxsToSeal=1000,committedIndex=112,consNum=113,committedHash=0499cceb...,view=3,toView=3,changeCycle=0,expectedCheckPoint=113,Idx=1,unsealedTxs=0,sealUntil=0,waitResealUntil=0,consensusTimeout=3000,nodeId=21a47ace...
info|2026-02-06 23:38:10.296394|pbft-0x000074b5929f96c0|[CONSENSUS][PBFT]notify to seal next proposal,nextProposalIndex=114
info|2026-02-06 23:38:10.298787|pbft-0x000074b5929f96c0|[SCHEDULER]fetch gas limit from storage before execute block,requestBlockNumber=-1
info|2026-02-06 23:38:10.298876|pbft-0x000074b5929f96c0|[CONSENSUS][PBFT]notifySealer return for invalid seal range,lockNotifyT=0,currentEndIndex=114,expectedEndIndex=114,committedIndex=112,consNum=113,committedHash=0499cceb...,view=3,toView=3,changeCycle=0,expectedCheckPoint=113,Idx=1,unsealedTxs=0,sealUntil=0,waitResealUntil=0,consensusTimeout=3000,nodeId=21a47ace...
info|2026-02-06 23:38:10.298898|pbft-0x000074b5929f96c0|[CONSENSUS][PBFT]notify to seal next proposal,nextProposalIndex=114
info|2026-02-06 23:38:10.298903|pbft-0x000074b5929f96c0|[CONSENSUS][PBFT]applyStateMachine,index=113,hash=805759a5...,committedIndex=112,consNum=113,committedHash=0499cceb...,view=3,toView=3,changeCycle=0,expectedCheckPoint=113,Idx=1,unsealedTxs=0,sealUntil=0,waitResealUntil=0,consensusTimeout=3000,nodeId=21a47ace...,unAppliedProposals=0
info|2026-02-06 23:38:10.299331|exeScheduler-0x000074b5608706c0|[SCHEDULER][METRIC][blk-113]ExecuteBlock request,gasLimit=3000000000,gasPrice=0x0,verify=false,signatureSize=0,txCount=0,metaTxCount=1,version=3.11.0,waitT=0
info|2026-02-06 23:38:10.299751|exeScheduler-0x000074b5608706c0|[SCHEDULER][blk-113][BlockTrace]ExecuteBlock start,time(ms)=0
info|2026-02-06 23:38:10.299774|exeScheduler-0x000074b5608706c0|[SCHEDULER][serialExecute][blk-113][BlockTrace]serialExecute execute block
info|2026-02-06 23:38:10.300120|preExeScheduler-0x000074b5618726c0|[SCHEDULER][METRIC][BlockTrace][blk-113]preExeBlock success,blockHeader.timestamp=1770392290288,metaTxCount=1,timeCost=1
info|2026-02-06 23:38:10.300187|exeScheduler-0x000074b5608706c0|[SCHEDULER][serialExecute][blk-113][BlockTrace]serialExecute batch next block
info|2026-02-06 23:38:10.300215|exeScheduler-0x000074b5608706c0|[SCHEDULER][blk-113][BlockTrace]NextBlock request,executorNum=1
info|2026-02-06 23:38:10.300287|exeScheduler-0x000074b5608706c0|Build CacheStorage: enableLRUCacheStorage, size: 33554432
info|2026-02-06 23:38:10.301292|exeScheduler-0x000074b5608706c0|[TOOL]fetchCompatibilityVersion
info|2026-02-06 23:38:10.301355|exeScheduler-0x000074b5608706c0|[TOOL]fetchCompatibilityVersion success,version=3.11.0,versionNumber=51052544,minSupportedVersion=3.0.0-rc4,maxSupportedVersion=3.11.0
info|2026-02-06 23:38:10.301368|exeScheduler-0x000074b5608706c0|[TOOL]LedgerConfigFetcher: fetchBlockNumber success,blockNumber=112
info|2026-02-06 23:38:10.301380|exeScheduler-0x000074b5608706c0|[TOOL]LedgerConfigFetcher: fetchBlockHash success,blockNumber=112,hash=0499cceb...
info|2026-02-06 23:38:10.303260|exeScheduler-0x000074b5608706c0|[TOOL]fetchAuthCheckStatus success,value=0
info|2026-02-06 23:38:10.306972|exec-0x000074b5ae7f16c0|[SCHEDULER][blk-113][BlockTrace]NextBlock success,executorNum=1,timeCost=6
info|2026-02-06 23:38:10.307002|exec-0x000074b5ae7f16c0|[SCHEDULER][serialExecute][blk-113][BlockTrace]serialExecute block begin
info|2026-02-06 23:38:10.308734|Unnamed-0x000074b56006f6c0|[STORAGE-KeyPage]empty table,table=/apps/09e29b2f7c9a536da142041f2d50c6269cf67d1b_accessAuth,key=61646d696e
info|2026-02-06 23:38:10.309438|Unnamed-0x000074b56006f6c0|[STORAGE-KeyPage]empty table,table=/apps/09e29b2f7c9a536da142041f2d50c6269cf67d1b,key=0000000000000000000000000000000000000000000000000000000000000002
info|2026-02-06 23:38:10.310382|exec-0x000074b5ad7ef6c0|[STORAGE-KeyPage]hash,size=29,blockVersion=51052544,readLength=15701,writeLength=324,pageCount=2,entrycount=2,entriesHash=2e3d360eb4a6b36e672de7a77d9f67cd1cab204e9e55ebf62ef4f39bedd4e44d,pagesHash=6538b51de3039dfed757de877fc2ac1ba85b75bb8531d8aba5dea0d801b7db04,totalHash=4b05831357a52e90b07a3920025dcbd6b4f055f51b64335d8b2a5343ec633f49
info|2026-02-06 23:38:10.310421|exec-0x000074b5ad7ef6c0|[EXECUTOR:1770391428][blk-113]GetTableHashes success,hash=4b05831357a52e90b07a3920025dcbd6b4f055f51b64335d8b2a5343ec633f49,time(ms)=1
info|2026-02-06 23:38:10.310501|exec-0x000074b5ad7ef6c0|[SCHEDULER][blk-113][BlockTrace]ExecuteBlock success,hash=df3dbaec...,stateRoot=4b05831357a52e90b07a3920025dcbd6b4f055f51b64335d8b2a5343ec633f49,receiptRoot=eb5a09db67761a668bf2350249b3fff6113a98c871fc0f8b9b24237da78d241c,txsRoot=3d986c44...,gasUsed=122115,signatureSize=0,timeCost=11,blockVersion=51052544
info|2026-02-06 23:38:10.310510|exec-0x000074b5ad7ef6c0|[CONSENSUS][Core][METRIC]asyncExecuteBlock success,sysBlock=false,number=113,result=df3dbaec...,txsSize=1,txsRoot=3d986c44...,receiptsRoot=eb5a09db...,stateRoot=4b058313...,timeCost=11,execPerTx=11
info|2026-02-06 23:38:10.310536|exec-0x000074b5ad7ef6c0|[CONSENSUS][PBFT]applyStateMachine finished,index=113,beforeExec=805759a5...,afterExec=df3dbaec...,committedIndex=112,consNum=113,committedHash=0499cceb...,view=3,toView=3,changeCycle=0,expectedCheckPoint=113,Idx=1,unsealedTxs=0,sealUntil=0,waitResealUntil=0,consensusTimeout=3000,nodeId=21a47ace...,timecost=12
info|2026-02-06 23:38:10.310637|pbftWorker-0x000074b5a0fd66c0|[CONSENSUS][PBFT][STORAGE]asyncCommitProposal: write the committed proposal into db,index=113
info|2026-02-06 23:38:10.310916|pbftWorker-0x000074b5a0fd66c0|[CONSENSUS][PBFT][STORAGE]asyncPutProposal: commit success,dbName=pbftCommitDB,key=max_committed_proposal,number=113,timecost=0,dataSize=3
info|2026-02-06 23:38:10.310990|pbftWorker-0x000074b5a0fd66c0|[CONSENSUS][PBFT][STORAGE]asyncPutProposal: commit success,dbName=pbftCommitDB,key=113,number=113,timecost=0,dataSize=631
info|2026-02-06 23:38:10.311157|pbftWorker-0x000074b5a0fd66c0|[CONSENSUS][PBFT]addCheckPointMsg,reqHash=df3dbaec...,reqIndex=113,reqV=3,fromIdx=1,wait(ms)=1,Idx=1,weight=1,minRequiredWeight=3
info|2026-02-06 23:38:10.311170|pbftWorker-0x000074b5a0fd66c0|[CONSENSUS][PBFT]setCheckPointProposal,propHash=df3dbaec...,propIndex=113,committedIndex=112,consNum=113,committedHash=0499cceb...,view=3,toView=3,changeCycle=0,expectedCheckPoint=113,Idx=1,unsealedTxs=0,sealUntil=0,waitResealUntil=0,consensusTimeout=3000,nodeId=21a47ace...
info|2026-02-06 23:38:10.311178|pbftWorker-0x000074b5a0fd66c0|[CONSENSUS][PBFT]PBFTConfig: setExpectedCheckPoint,committedIndex=112,consNum=113,committedHash=0499cceb...,view=3,toView=3,changeCycle=0,expectedCheckPoint=114,Idx=1,unsealedTxs=0,sealUntil=0,waitResealUntil=0,consensusTimeout=3000,nodeId=21a47ace...,expectedCheckPoint=114
info|2026-02-06 23:38:10.311183|pbftWorker-0x000074b5a0fd66c0|[CONSENSUS][PBFT]notifySealer return for invalid seal range,lockNotifyT=0,currentEndIndex=114,expectedEndIndex=114,committedIndex=112,consNum=113,committedHash=0499cceb...,view=3,toView=3,changeCycle=0,expectedCheckPoint=114,Idx=1,unsealedTxs=0,sealUntil=0,waitResealUntil=0,consensusTimeout=3000,nodeId=21a47ace...
info|2026-02-06 23:38:10.311187|pbftWorker-0x000074b5a0fd66c0|[CONSENSUS][PBFT]notify to seal next proposal,nextProposalIndex=114
info|2026-02-06 23:38:10.311191|pbftWorker-0x000074b5a0fd66c0|[CONSENSUS][PBFT]onProposalApplySuccess,index=113,hash=df3dbaec...,lockT=0,timecost=0
info|2026-02-06 23:38:10.312065|pbft-0x000074b5929f96c0|[CONSENSUS][PBFT]handleCheckPointMsg: try to add the checkpoint message into the cache,reqHash=df3dbaec...,reqIndex=113,reqV=3,fromIdx=3,wait(ms)=1,committedIndex=112,consNum=113,committedHash=0499cceb...,view=3,toView=3,changeCycle=0,expectedCheckPoint=114,Idx=1,unsealedTxs=0,sealUntil=0,waitResealUntil=0,consensusTimeout=3000,nodeId=21a47ace...
info|2026-02-06 23:38:10.312104|pbft-0x000074b5929f96c0|[CONSENSUS][PBFT]addCheckPointMsg,reqHash=df3dbaec...,reqIndex=113,reqV=3,fromIdx=3,wait(ms)=1,Idx=1,weight=2,minRequiredWeight=3
info|2026-02-06 23:38:10.312112|pbft-0x000074b5929f96c0|[CONSENSUS][PBFT]notifySealer return for invalid seal range,lockNotifyT=0,currentEndIndex=114,expectedEndIndex=114,committedIndex=112,consNum=113,committedHash=0499cceb...,view=3,toView=3,changeCycle=0,expectedCheckPoint=114,Idx=1,unsealedTxs=0,sealUntil=0,waitResealUntil=0,consensusTimeout=3000,nodeId=21a47ace...
info|2026-02-06 23:38:10.312118|pbft-0x000074b5929f96c0|[CONSENSUS][PBFT]notify to seal next proposal,nextProposalIndex=114
info|2026-02-06 23:38:10.312202|pbft-0x000074b5929f96c0|[CONSENSUS][PBFT]handleCheckPointMsg: try to add the checkpoint message into the cache,reqHash=df3dbaec...,reqIndex=113,reqV=3,fromIdx=0,wait(ms)=1,committedIndex=112,consNum=113,committedHash=0499cceb...,view=3,toView=3,changeCycle=0,expectedCheckPoint=114,Idx=1,unsealedTxs=0,sealUntil=0,waitResealUntil=0,consensusTimeout=3000,nodeId=21a47ace...
info|2026-02-06 23:38:10.312222|pbft-0x000074b5929f96c0|[CONSENSUS][PBFT]addCheckPointMsg,reqHash=df3dbaec...,reqIndex=113,reqV=3,fromIdx=0,wait(ms)=1,Idx=1,weight=3,minRequiredWeight=3
info|2026-02-06 23:38:10.312229|pbft-0x000074b5929f96c0|[CONSENSUS][PBFT]notifySealer return for invalid seal range,lockNotifyT=0,currentEndIndex=114,expectedEndIndex=114,committedIndex=112,consNum=113,committedHash=0499cceb...,view=3,toView=3,changeCycle=0,expectedCheckPoint=114,Idx=1,unsealedTxs=0,sealUntil=0,waitResealUntil=0,consensusTimeout=3000,nodeId=21a47ace...
info|2026-02-06 23:38:10.312235|pbft-0x000074b5929f96c0|[CONSENSUS][PBFT]notify to seal next proposal,nextProposalIndex=114
info|2026-02-06 23:38:10.312239|pbft-0x000074b5929f96c0|[CONSENSUS][PBFT]setSignatureList,signatureSize=3,propHash=df3dbaec...,propIndex=113
info|2026-02-06 23:38:10.312242|pbft-0x000074b5929f96c0|[CONSENSUS][PBFT]checkAndCommitStableCheckPoint,index=113,hash=df3dbaec...,committedIndex=112,consNum=113,committedHash=0499cceb...,view=3,toView=3,changeCycle=0,expectedCheckPoint=114,Idx=1,unsealedTxs=0,sealUntil=0,waitResealUntil=0,consensusTimeout=3000,nodeId=21a47ace...
info|2026-02-06 23:38:10.312248|pbft-0x000074b5929f96c0|[CONSENSUS][PBFT]updateStableCheckPointQueue: insert new checkpoint proposal,index=113,hash=df3dbaec...,committedIndex=112,consNum=113,committedHash=0499cceb...,view=3,toView=3,changeCycle=0,expectedCheckPoint=114,Idx=1,unsealedTxs=0,sealUntil=0,waitResealUntil=0,consensusTimeout=3000,nodeId=21a47ace...
info|2026-02-06 23:38:10.312269|pbft-0x000074b5929f96c0|[CONSENSUS][PBFT]updateStableCheckPointQueue: commit stable checkpoint,index=113,committedIndex=112
info|2026-02-06 23:38:10.312291|pbft-0x000074b5929f96c0|[CONSENSUS][PBFT]asyncCommitStableCheckPoint: set signatureList,index=113,hash=df3dbaec...,proofSize=3,blockProofSize=3
info|2026-02-06 23:38:10.312378|blockSubmit-0x000074b5a27d96c0|[SCHEDULER][blk-113][BlockTrace]CommitBlock start
info|2026-02-06 23:38:10.313294|blockSubmit-0x000074b5a27d96c0|[STORAGE-RocksDB]asyncPrepare,number=113
info|2026-02-06 23:38:10.313401|blockSubmit-0x000074b5a27d96c0|[STORAGE-RocksDB]asyncPrepare finished,blockNumber=113,put=7,delete=0,startTS=0,encode(ms)=0,time(ms)=0
info|2026-02-06 23:38:10.313424|blockSubmit-0x000074b5a27d96c0|[LEDGER]storeTransactionsAndReceipts,blockNumber=113
info|2026-02-06 23:38:10.313481|exec-0x000074b5acfee6c0|[STORAGE-RocksDB]asyncPrepare,number=113
info|2026-02-06 23:38:10.313857|exec-0x000074b5acfee6c0|[STORAGE-KeyPage]parallelTraverse,size=415
info|2026-02-06 23:38:10.313907|exec-0x000074b5acfee6c0|[STORAGE-RocksDB]asyncPrepare finished,blockNumber=113,put=6,delete=2,startTS=0,encode(ms)=1,time(ms)=1
info|2026-02-06 23:38:10.313927|exec-0x000074b5acfee6c0|[EXECUTOR:1770391428][blk-113]Prepare success
info|2026-02-06 23:38:10.314032|ledgerWrite-0x000074b5b65f66c0|[STORAGE-RocksDB]setRows finished,put=1,dataSize=140,time(ms)=1
info|2026-02-06 23:38:10.314106|blockSubmit-0x000074b5a27d96c0|[LEDGER]storeTransactionsAndReceipts finished,blockNumber=113,blockTxsSize=1,unStoredTxs=0,timeCost=1
info|2026-02-06 23:38:10.314181|blockSubmit-0x000074b5a27d96c0|[STORAGE-RocksDB]asyncCommit finished,blockNumber=113,startTS=0,time(ms)=0,callback time(ms)=0,count=15
info|2026-02-06 23:38:10.314199|blockSubmit-0x000074b5a27d96c0|[LEDGER][METRIC]asyncPrewriteBlock,number=113,totalTxs=137,failedTxs=44,incTxs=1,incFailedTxs=0
info|2026-02-06 23:38:10.314254|exec-0x000074b5ac7ed6c0|[TOOL]fetchCompatibilityVersion
info|2026-02-06 23:38:10.314457|exec-0x000074b5ac7ed6c0|[TOOL]fetchCompatibilityVersion success,version=3.11.0,versionNumber=51052544,minSupportedVersion=3.0.0-rc4,maxSupportedVersion=3.11.0
info|2026-02-06 23:38:10.314520|exec-0x000074b5ac7ed6c0|[TOOL]fetchAuthCheckStatus success,value=0
info|2026-02-06 23:38:10.314537|exec-0x000074b5ac7ed6c0|[EXECUTOR:1770391428]merge keyPage to cachedStorage,number=113
info|2026-02-06 23:38:10.314651|exec-0x000074b5ac7ed6c0|[STORAGE-KeyPage]parallelTraverse,size=415
info|2026-02-06 23:38:10.314669|exec-0x000074b5ac7ed6c0|[STORAGE]Successful merged records,count=8
info|2026-02-06 23:38:10.315450|exec-0x000074b5ac7ed6c0|[SCHEDULER][blk-113][BlockTrace]CommitBlock success,gas limit=3000000000,timeCost=3
info|2026-02-06 23:38:10.315503|exec-0x000074b5ac7ed6c0|[SCHEDULER][BlockTrace]Notify block result success,blockNumber=113
info|2026-02-06 23:38:10.315523|exec-0x000074b5ac7ed6c0|[CONSENSUS][PBFT][STORAGE][METRIC]commitStableCheckPoint success,index=113,hash=df3dbaec...,txs=1,timeCost=3,commitPerTx=3
info|2026-02-06 23:38:10.315553|exec-0x000074b5ac7ed6c0|[SCHEDULER][blk-113]notify block result success,hash=df3dbaec...,txsSize=1
info|2026-02-06 23:38:10.315630|submitter-0x000074b5b57ff6c0|[TXPOOL][METRIC]StatTPS,tps=34,totalTime=29
info|2026-02-06 23:38:10.315660|exec-0x000074b5ac7ed6c0|[STORAGE-RocksDB]asyncCommit finished,blockNumber=113,startTS=0,time(ms)=0,callback time(ms)=1,count=0
info|2026-02-06 23:38:10.315684|blockSubmit-0x000074b5a27d96c0|[CONSENSUS][PBFT][METRIC]resetConfig,committedIndex=113,propHash=df3dbaec...,blockCountLimit=1000,leaderPeriod=1,consensusNodesSize=4
info|2026-02-06 23:38:10.315791|blockSubmit-0x000074b5a27d96c0|[CONSENSUS][PBFT][METRIC]^^^^^^^^Report,sealer=0,txs=1,committedIndex=113,consNum=114,committedHash=df3dbaec...,view=3,toView=3,changeCycle=0,expectedCheckPoint=114,Idx=1,unsealedTxs=0,sealUntil=0,waitResealUntil=0,consensusTimeout=3000,nodeId=21a47ace...
info|2026-02-06 23:38:10.315827|blockSubmit-0x000074b5a27d96c0|[CONSENSUS][SEALER]asyncNoteLatestBlockNumber,number=113
info|2026-02-06 23:38:10.315839|blockSubmit-0x000074b5a27d96c0|[CONSENSUS][SEALER]asyncNoteLatestBlockHash,_hash=df3dbaec...
info|2026-02-06 23:38:10.315866|blockSubmit-0x000074b5a27d96c0|[Gateway][Router]insertNode: the node has already existed,groupID=group0,nodeID=21a47acec36f73d8e925a7d5db44793f998e1a42a6d7ee2e3a5cf4037b853452cb76f6cbab8e5b223a128e8ee15790d1f629858b47070b4eb2e1ddb2b0ada297,nodeType=CONSENSUS_NODE
info|2026-02-06 23:38:10.315884|blockSubmit-0x000074b5a27d96c0|[INITIALIZER]registerNode,group=group0,node=21a47acec36f73d8e925a7d5db44793f998e1a42a6d7ee2e3a5cf4037b853452cb76f6cbab8e5b223a128e8ee15790d1f629858b47070b4eb2e1ddb2b0ada297,type=CONSENSUS_NODE
info|2026-02-06 23:38:10.315891|blockSubmit-0x000074b5a27d96c0|[BLOCK SYNC]#### BlockSyncConfig resetConfig,number=113,consNodeSize=4,observerNodeSize=0,type=CONSENSUS_NODE
info|2026-02-06 23:38:10.316059|blockSubmit-0x000074b5a27d96c0|[CONSENSUS][PBFT]notifySealer return for invalid seal range,lockNotifyT=0,currentEndIndex=114,expectedEndIndex=114,committedIndex=113,consNum=114,committedHash=df3dbaec...,view=3,toView=3,changeCycle=0,expectedCheckPoint=114,Idx=1,unsealedTxs=0,sealUntil=0,waitResealUntil=0,consensusTimeout=3000,nodeId=21a47ace...
info|2026-02-06 23:38:10.316073|blockSubmit-0x000074b5a27d96c0|[CONSENSUS][PBFT]notifySealer return for invalid seal range,lockNotifyT=0,currentEndIndex=114,expectedEndIndex=114,committedIndex=113,consNum=114,committedHash=df3dbaec...,view=3,toView=3,changeCycle=0,expectedCheckPoint=114,Idx=1,unsealedTxs=0,sealUntil=0,waitResealUntil=0,consensusTimeout=3000,nodeId=21a47ace...
info|2026-02-06 23:38:10.316082|blockSubmit-0x000074b5a27d96c0|[CONSENSUS][PBFT]notify to seal next proposal,nextProposalIndex=114
info|2026-02-06 23:38:10.316111|blockSubmit-0x000074b5a27d96c0|[CONSENSUS][PBFT]removeConsensusedCache finalizeConsensus,view=3,number=113,eraseSize=1,cacheSize=0
info|2026-02-06 23:38:10.316129|blockSubmit-0x000074b5a27d96c0|[CONSENSUS][PBFT][STORAGE]asyncRemoveStabledCheckPoint,index=108
info|2026-02-06 23:38:10.316157|blockSubmit-0x000074b5a27d96c0|[CONSENSUS][PBFT][STORAGE]asyncRemove success,dbName=pbftCommitDB,key=108
info|2026-02-06 23:38:10.315871|submitter-0x000074b5b57ff6c0|[TXPOOL][METRIC]batchRemove txs success,expectedSize=1,succCount=1,batchId=113,timecost=1,lockT=0,removeT=0,updateLedgerNonceT=0,updateTxPoolNonceT=0
info|2026-02-06 23:38:10.338213|pbftWorker-0x000074b5a07d56c0|[CONSENSUS][PBFT]Receive CommittedProposalRequest,fromIndex=113,size=1
info|2026-02-06 23:38:10.338727|pbftWorker-0x000074b5a07d56c0|[CONSENSUS][PBFT][STORAGE]asyncGetCommittedProposals success,proposals=1
info|2026-02-06 23:38:12.316301|pullTxsTimer-0x000074b5a17d76c0|[CONSENSUS][PBFT]tryToSyncTxs: try to request unsealing txs from peer,committedIndex=113,consNum=114,committedHash=df3dbaec...,view=3,toView=3,changeCycle=0,expectedCheckPoint=114,Idx=1,unsealedTxs=0,sealUntil=0,waitResealUntil=0,consensusTimeout=3000,nodeId=21a47ace...
info|2026-02-06 23:38:13.297847|txsSeal-0x000074b5b07f56c0|[TXPOOL]begin batchFetchTxs,pendingTxs=1,limit=1000
info|2026-02-06 23:38:13.297916|txsSeal-0x000074b5b07f56c0|[TXPOOL][METRIC]batchFetchTxs success,time=0,txsSize=1,sysTxsSize=0,pendingTxs=1,limit=1000,fetchTxsT=0,lockT=0,invalidBefore=0,invalidNow=0,sealed=0,traverseCount=1
info|2026-02-06 23:38:13.298887|Sealer-0x000074b5939fb6c0|[CONSENSUS][SEALER]++++++++++++++++ Generate proposal,index=114,curNum=113,hash=954be3e1...,sysTxs=false,txsSize=1,version=51052544
info|2026-02-06 23:38:13.298934|Sealer-0x000074b5939fb6c0|[CONSENSUS][PBFT]asyncSubmitProposal,index=114,hash=954be3e1...,committedIndex=113,consNum=114,committedHash=df3dbaec...,view=3,toView=3,changeCycle=0,expectedCheckPoint=114,Idx=1,unsealedTxs=0,sealUntil=0,waitResealUntil=0,consensusTimeout=3000,nodeId=21a47ace...
info|2026-02-06 23:38:13.298955|Sealer-0x000074b5939fb6c0|[CONSENSUS][PBFT]++++++++++++++++ Generating seal on,index=114,Idx=1,hash=954be3e1...,sysProposal=false
info|2026-02-06 23:38:13.299072|Sealer-0x000074b5939fb6c0|[CONSENSUS][PBFT]broadcast pre-prepare packet,packetSize=551,index=114,encode(ms)=0,asyncSend(ms)=1
info|2026-02-06 23:38:13.299090|Sealer-0x000074b5939fb6c0|[CONSENSUS][PBFT]handlePrePrepareMsg,reqHash=954be3e1...,reqIndex=114,reqV=3,fromIdx=1,wait(ms)=1,committedIndex=113,consNum=114,committedHash=df3dbaec...,view=3,toView=3,changeCycle=0,expectedCheckPoint=114,Idx=1,unsealedTxs=0,sealUntil=0,waitResealUntil=0,consensusTimeout=3000,nodeId=21a47ace...,utc=1613589
info|2026-02-06 23:38:13.299126|Sealer-0x000074b5939fb6c0|[CONSENSUS][PBFT]addPrePrepareCache,reqHash=954be3e1...,reqIndex=114,reqV=3,fromIdx=1,wait(ms)=1,sys=false,committedIndex=113,consNum=114,committedHash=df3dbaec...,view=3,toView=3,changeCycle=0,expectedCheckPoint=114,Idx=1,unsealedTxs=0,sealUntil=0,waitResealUntil=0,consensusTimeout=3000,nodeId=21a47ace...
info|2026-02-06 23:38:13.299136|Sealer-0x000074b5939fb6c0|[CONSENSUS][PBFT]notify the committed proposal index to the sync module success,index=114
info|2026-02-06 23:38:13.299224|validator-0x000074b5a37db6c0|[CONSENSUS][PBFT]asyncResetTxsFlag,index=114,hash=954be3e1...,flag=true
info|2026-02-06 23:38:13.299294|validator-0x000074b5a37db6c0|[TXPOOL]batchMarkTxs,txsSize=1,batchId=114,hash=954be3e1...,sealFlag=true,notFound=0,reSealed=0,succ=1,time=0,markT=0
info|2026-02-06 23:38:13.299315|validator-0x000074b5a37db6c0|[CONSENSUS][PBFT]asyncMarkTxs success,index=114,hash=954be3e1...,flag=true,markT=0,emptyTxBatchHash=false
info|2026-02-06 23:38:13.299378|Sealer-0x000074b5939fb6c0|[CONSENSUS][PBFT]addPrepareCache,reqHash=954be3e1...,reqIndex=114,reqV=3,fromIdx=1,wait(ms)=0,committedIndex=113,consNum=114,committedHash=df3dbaec...,view=3,toView=3,changeCycle=0,expectedCheckPoint=114,Idx=1,unsealedTxs=0,sealUntil=0,waitResealUntil=0,consensusTimeout=3000,nodeId=21a47ace...,weight=1
info|2026-02-06 23:38:13.299435|Sealer-0x000074b5939fb6c0|[CONSENSUS][PBFT]broadcast prepare packet,packetSize=230,index=114
info|2026-02-06 23:38:13.299515|Sealer-0x000074b5939fb6c0|[CONSENSUS][PBFT]handlePrePrepareMsg and broadcast prepare packet,reqHash=954be3e1...,reqIndex=114,reqV=3,fromIdx=1,wait(ms)=1,committedIndex=113,consNum=114,committedHash=df3dbaec...,view=3,toView=3,changeCycle=0,expectedCheckPoint=114,Idx=1,unsealedTxs=0,sealUntil=0,waitResealUntil=0,consensusTimeout=3000,nodeId=21a47ace...
info|2026-02-06 23:38:13.299530|Sealer-0x000074b5939fb6c0|[CONSENSUS][PBFT]handlePrePrepareMsg success,index=114,costT(ms)=0
info|2026-02-06 23:38:13.301392|pbft-0x000074b5929f96c0|[CONSENSUS][PBFT]addPrepareCache,reqHash=954be3e1...,reqIndex=114,reqV=3,fromIdx=2,wait(ms)=1,committedIndex=113,consNum=114,committedHash=df3dbaec...,view=3,toView=3,changeCycle=0,expectedCheckPoint=114,Idx=1,unsealedTxs=0,sealUntil=0,waitResealUntil=0,consensusTimeout=3000,nodeId=21a47ace...,weight=2
info|2026-02-06 23:38:13.301506|pbft-0x000074b5929f96c0|[CONSENSUS][PBFT]addPrepareCache,reqHash=954be3e1...,reqIndex=114,reqV=3,fromIdx=0,wait(ms)=1,committedIndex=113,consNum=114,committedHash=df3dbaec...,view=3,toView=3,changeCycle=0,expectedCheckPoint=114,Idx=1,unsealedTxs=0,sealUntil=0,waitResealUntil=0,consensusTimeout=3000,nodeId=21a47ace...,weight=3
info|2026-02-06 23:38:13.301520|pbft-0x000074b5929f96c0|[CONSENSUS][PBFT]setSignatureList,signatureSize=3,propHash=954be3e1...,propIndex=114
info|2026-02-06 23:38:13.301527|pbft-0x000074b5929f96c0|[CONSENSUS][PBFT]intoPrecommit,reqHash=954be3e1...,reqIndex=114,reqV=3,fromIdx=1,wait(ms)=3,committedIndex=113,consNum=114,committedHash=df3dbaec...,view=3,toView=3,changeCycle=0,expectedCheckPoint=114,Idx=1,unsealedTxs=0,sealUntil=0,waitResealUntil=0,consensusTimeout=3000,nodeId=21a47ace...
info|2026-02-06 23:38:13.301562|pbft-0x000074b5929f96c0|[CONSENSUS][PBFT]addCommitCache,reqHash=954be3e1...,reqIndex=114,reqV=3,fromIdx=1,wait(ms)=0,committedIndex=113,consNum=114,committedHash=df3dbaec...,view=3,toView=3,changeCycle=0,expectedCheckPoint=114,Idx=1,unsealedTxs=0,sealUntil=0,waitResealUntil=0,consensusTimeout=3000,nodeId=21a47ace...,weight=1
info|2026-02-06 23:38:13.301566|pbft-0x000074b5929f96c0|[CONSENSUS][PBFT]checkAndPreCommit: broadcast commitMsg,Idx=1,hash=954be3e1...,index=114
info|2026-02-06 23:38:13.302303|pbft-0x000074b5929f96c0|[CONSENSUS][PBFT]addCommitCache,reqHash=954be3e1...,reqIndex=114,reqV=3,fromIdx=2,wait(ms)=0,committedIndex=113,consNum=114,committedHash=df3dbaec...,view=3,toView=3,changeCycle=0,expectedCheckPoint=114,Idx=1,unsealedTxs=0,sealUntil=0,waitResealUntil=0,consensusTimeout=3000,nodeId=21a47ace...,weight=2
info|2026-02-06 23:38:13.302937|pbft-0x000074b5929f96c0|[CONSENSUS][PBFT]addPrepareCache,reqHash=954be3e1...,reqIndex=114,reqV=3,fromIdx=3,wait(ms)=0,committedIndex=113,consNum=114,committedHash=df3dbaec...,view=3,toView=3,changeCycle=0,expectedCheckPoint=114,Idx=1,unsealedTxs=0,sealUntil=0,waitResealUntil=0,consensusTimeout=3000,nodeId=21a47ace...,weight=4
info|2026-02-06 23:38:13.302992|pbft-0x000074b5929f96c0|[CONSENSUS][PBFT]addCommitCache,reqHash=954be3e1...,reqIndex=114,reqV=3,fromIdx=3,wait(ms)=0,committedIndex=113,consNum=114,committedHash=df3dbaec...,view=3,toView=3,changeCycle=0,expectedCheckPoint=114,Idx=1,unsealedTxs=0,sealUntil=0,waitResealUntil=0,consensusTimeout=3000,nodeId=21a47ace...,weight=3
info|2026-02-06 23:38:13.303012|pbft-0x000074b5929f96c0|[CONSENSUS][PBFT]checkAndCommit,propHash=954be3e1...,propIndex=114,committedIndex=113,consNum=114,committedHash=df3dbaec...,view=3,toView=3,changeCycle=0,expectedCheckPoint=114,Idx=1,unsealedTxs=0,sealUntil=0,waitResealUntil=0,consensusTimeout=3000,nodeId=21a47ace...
info|2026-02-06 23:38:13.303021|pbft-0x000074b5929f96c0|[CONSENSUS][PBFT]######## CommitProposal,propHash=954be3e1...,propIndex=114,sys=false,committedIndex=113,consNum=114,committedHash=df3dbaec...,view=3,toView=3,changeCycle=0,expectedCheckPoint=114,Idx=1,unsealedTxs=0,sealUntil=0,waitResealUntil=0,consensusTimeout=3000,nodeId=21a47ace...
info|2026-02-06 23:38:13.303029|pbft-0x000074b5929f96c0|[CONSENSUS][PBFT]notify to seal next proposal,nextProposalIndex=115
info|2026-02-06 23:38:13.303060|pbft-0x000074b5929f96c0|[CONSENSUS][PBFT]notify to seal next proposal,nextProposalIndex=115
info|2026-02-06 23:38:13.303065|pbft-0x000074b5929f96c0|[CONSENSUS][PBFT]applyStateMachine,index=114,hash=954be3e1...,committedIndex=113,consNum=114,committedHash=df3dbaec...,view=3,toView=3,changeCycle=0,expectedCheckPoint=114,Idx=1,unsealedTxs=0,sealUntil=0,waitResealUntil=0,consensusTimeout=3000,nodeId=21a47ace...,unAppliedProposals=0
info|2026-02-06 23:38:13.303575|exeScheduler-0x000074b5608706c0|[SCHEDULER][METRIC][blk-114]ExecuteBlock request,gasLimit=3000000000,gasPrice=0x0,verify=false,signatureSize=0,txCount=0,metaTxCount=1,version=3.11.0,waitT=2993
info|2026-02-06 23:38:13.303636|exeScheduler-0x000074b5608706c0|[SCHEDULER][blk-114][BlockTrace]ExecuteBlock start,time(ms)=0
info|2026-02-06 23:38:13.303655|exeScheduler-0x000074b5608706c0|[SCHEDULER][serialExecute][blk-114][BlockTrace]serialExecute execute block
info|2026-02-06 23:38:13.303731|exeScheduler-0x000074b5608706c0|[SCHEDULER][METRIC][BlockTrace][blk-114]preExeBlock success,blockHeader.timestamp=1770392293298,metaTxCount=1,timeCost=0
info|2026-02-06 23:38:13.303750|exeScheduler-0x000074b5608706c0|[SCHEDULER][serialExecute][blk-114][BlockTrace]serialExecute batch next block
info|2026-02-06 23:38:13.303756|exeScheduler-0x000074b5608706c0|[SCHEDULER][blk-114][BlockTrace]NextBlock request,executorNum=1
info|2026-02-06 23:38:13.304168|exec-0x000074b5abfec6c0|[SCHEDULER][blk-114][BlockTrace]NextBlock success,executorNum=1,timeCost=1
info|2026-02-06 23:38:13.304194|exec-0x000074b5abfec6c0|[SCHEDULER][serialExecute][blk-114][BlockTrace]serialExecute block begin
info|2026-02-06 23:38:13.304495|Unnamed-0x000074b55f86e6c0|[STORAGE-KeyPage]empty table,table=/apps/6b9d16dc3b4b7a7113add5c38757e1ba95751017_accessAuth,key=61646d696e
info|2026-02-06 23:38:13.304620|Unnamed-0x000074b55f86e6c0|[STORAGE-KeyPage]empty table,table=/apps/6b9d16dc3b4b7a7113add5c38757e1ba95751017,key=0000000000000000000000000000000000000000000000000000000000000004
info|2026-02-06 23:38:13.304915|exec-0x000074b5aafea6c0|[STORAGE-KeyPage]hash,size=29,blockVersion=51052544,readLength=18342,writeLength=452,pageCount=2,entrycount=2,entriesHash=12639b195cafdf71bfe5141c6eee214f08bf2fc2620e66ffe43dbd9aa0e21a44,pagesHash=1c530086c2f0375905a9df8873d6b029c35b6315a1993ffb4879325fd3cbffd9,totalHash=0e309b9f9e5fe828ba4ccb941d389166cbe44cd7c3975904ac448fc57329e59d
info|2026-02-06 23:38:13.304951|exec-0x000074b5aafea6c0|[EXECUTOR:1770391428][blk-114]GetTableHashes success,hash=0e309b9f9e5fe828ba4ccb941d389166cbe44cd7c3975904ac448fc57329e59d,time(ms)=0
info|2026-02-06 23:38:13.304979|exec-0x000074b5aafea6c0|[SCHEDULER][blk-114][BlockTrace]ExecuteBlock success,hash=c0efaaf3...,stateRoot=0e309b9f9e5fe828ba4ccb941d389166cbe44cd7c3975904ac448fc57329e59d,receiptRoot=cc16b8ba46b431eb37d971fe7a6c0342cefcf3c0683efccf30ee010a8888b849,txsRoot=751573c1...,gasUsed=128597,signatureSize=0,timeCost=1,blockVersion=51052544
info|2026-02-06 23:38:13.304989|exec-0x000074b5aafea6c0|[CONSENSUS][Core][METRIC]asyncExecuteBlock success,sysBlock=false,number=114,result=c0efaaf3...,txsSize=1,txsRoot=751573c1...,receiptsRoot=cc16b8ba...,stateRoot=0e309b9f...,timeCost=1,execPerTx=1
info|2026-02-06 23:38:13.305022|exec-0x000074b5aafea6c0|[CONSENSUS][PBFT]applyStateMachine finished,index=114,beforeExec=954be3e1...,afterExec=c0efaaf3...,committedIndex=113,consNum=114,committedHash=df3dbaec...,view=3,toView=3,changeCycle=0,expectedCheckPoint=114,Idx=1,unsealedTxs=0,sealUntil=0,waitResealUntil=0,consensusTimeout=3000,nodeId=21a47ace...,timecost=2
info|2026-02-06 23:38:13.305237|pbftWorker-0x000074b59ffd46c0|[CONSENSUS][PBFT][STORAGE]asyncCommitProposal: write the committed proposal into db,index=114
info|2026-02-06 23:38:13.305382|pbftWorker-0x000074b59ffd46c0|[CONSENSUS][PBFT][STORAGE]asyncPutProposal: commit success,dbName=pbftCommitDB,key=max_committed_proposal,number=114,timecost=0,dataSize=3
info|2026-02-06 23:38:13.305636|pbftWorker-0x000074b59ffd46c0|[CONSENSUS][PBFT][STORAGE]asyncPutProposal: commit success,dbName=pbftCommitDB,key=114,number=114,timecost=0,dataSize=635
info|2026-02-06 23:38:13.306183|pbftWorker-0x000074b59ffd46c0|[CONSENSUS][PBFT]addCheckPointMsg,reqHash=c0efaaf3...,reqIndex=114,reqV=3,fromIdx=1,wait(ms)=1,Idx=1,weight=1,minRequiredWeight=3
info|2026-02-06 23:38:13.306211|pbftWorker-0x000074b59ffd46c0|[CONSENSUS][PBFT]setCheckPointProposal,propHash=c0efaaf3...,propIndex=114,committedIndex=113,consNum=114,committedHash=df3dbaec...,view=3,toView=3,changeCycle=0,expectedCheckPoint=114,Idx=1,unsealedTxs=0,sealUntil=0,waitResealUntil=0,consensusTimeout=3000,nodeId=21a47ace...
info|2026-02-06 23:38:13.306223|pbftWorker-0x000074b59ffd46c0|[CONSENSUS][PBFT]PBFTConfig: setExpectedCheckPoint,committedIndex=113,consNum=114,committedHash=df3dbaec...,view=3,toView=3,changeCycle=0,expectedCheckPoint=115,Idx=1,unsealedTxs=0,sealUntil=0,waitResealUntil=0,consensusTimeout=3000,nodeId=21a47ace...,expectedCheckPoint=115
info|2026-02-06 23:38:13.306228|pbftWorker-0x000074b59ffd46c0|[CONSENSUS][PBFT]notify to seal next proposal,nextProposalIndex=115
info|2026-02-06 23:38:13.306233|pbftWorker-0x000074b59ffd46c0|[CONSENSUS][PBFT]onProposalApplySuccess,index=114,hash=c0efaaf3...,lockT=0,timecost=0
info|2026-02-06 23:38:13.307208|pbft-0x000074b5929f96c0|[CONSENSUS][PBFT]handleCheckPointMsg: try to add the checkpoint message into the cache,reqHash=c0efaaf3...,reqIndex=114,reqV=3,fromIdx=0,wait(ms)=1,committedIndex=113,consNum=114,committedHash=df3dbaec...,view=3,toView=3,changeCycle=0,expectedCheckPoint=115,Idx=1,unsealedTxs=0,sealUntil=0,waitResealUntil=0,consensusTimeout=3000,nodeId=21a47ace...
info|2026-02-06 23:38:13.307231|pbft-0x000074b5929f96c0|[CONSENSUS][PBFT]addCheckPointMsg,reqHash=c0efaaf3...,reqIndex=114,reqV=3,fromIdx=0,wait(ms)=1,Idx=1,weight=2,minRequiredWeight=3
info|2026-02-06 23:38:13.307236|pbft-0x000074b5929f96c0|[CONSENSUS][PBFT]notify to seal next proposal,nextProposalIndex=115
info|2026-02-06 23:38:13.307322|pbft-0x000074b5929f96c0|[CONSENSUS][PBFT]handleCheckPointMsg: try to add the checkpoint message into the cache,reqHash=c0efaaf3...,reqIndex=114,reqV=3,fromIdx=3,wait(ms)=0,committedIndex=113,consNum=114,committedHash=df3dbaec...,view=3,toView=3,changeCycle=0,expectedCheckPoint=115,Idx=1,unsealedTxs=0,sealUntil=0,waitResealUntil=0,consensusTimeout=3000,nodeId=21a47ace...
info|2026-02-06 23:38:13.307327|pbft-0x000074b5929f96c0|[CONSENSUS][PBFT]addCheckPointMsg,reqHash=c0efaaf3...,reqIndex=114,reqV=3,fromIdx=3,wait(ms)=0,Idx=1,weight=3,minRequiredWeight=3
info|2026-02-06 23:38:13.307330|pbft-0x000074b5929f96c0|[CONSENSUS][PBFT]notify to seal next proposal,nextProposalIndex=115
info|2026-02-06 23:38:13.307334|pbft-0x000074b5929f96c0|[CONSENSUS][PBFT]setSignatureList,signatureSize=3,propHash=c0efaaf3...,propIndex=114
info|2026-02-06 23:38:13.307337|pbft-0x000074b5929f96c0|[CONSENSUS][PBFT]checkAndCommitStableCheckPoint,index=114,hash=c0efaaf3...,committedIndex=113,consNum=114,committedHash=df3dbaec...,view=3,toView=3,changeCycle=0,expectedCheckPoint=115,Idx=1,unsealedTxs=0,sealUntil=0,waitResealUntil=0,consensusTimeout=3000,nodeId=21a47ace...
info|2026-02-06 23:38:13.307343|pbft-0x000074b5929f96c0|[CONSENSUS][PBFT]updateStableCheckPointQueue: insert new checkpoint proposal,index=114,hash=c0efaaf3...,committedIndex=113,consNum=114,committedHash=df3dbaec...,view=3,toView=3,changeCycle=0,expectedCheckPoint=115,Idx=1,unsealedTxs=0,sealUntil=0,waitResealUntil=0,consensusTimeout=3000,nodeId=21a47ace...
info|2026-02-06 23:38:13.307347|pbft-0x000074b5929f96c0|[CONSENSUS][PBFT]updateStableCheckPointQueue: commit stable checkpoint,index=114,committedIndex=113
info|2026-02-06 23:38:13.307359|pbft-0x000074b5929f96c0|[CONSENSUS][PBFT]asyncCommitStableCheckPoint: set signatureList,index=114,hash=c0efaaf3...,proofSize=3,blockProofSize=3
info|2026-02-06 23:38:13.307451|blockSubmit-0x000074b5a27d96c0|[SCHEDULER][blk-114][BlockTrace]CommitBlock start
info|2026-02-06 23:38:13.307627|blockSubmit-0x000074b5a27d96c0|[STORAGE-RocksDB]asyncPrepare,number=114
info|2026-02-06 23:38:13.307678|blockSubmit-0x000074b5a27d96c0|[STORAGE-RocksDB]asyncPrepare finished,blockNumber=114,put=7,delete=0,startTS=0,encode(ms)=0,time(ms)=0
info|2026-02-06 23:38:13.307689|blockSubmit-0x000074b5a27d96c0|[LEDGER]storeTransactionsAndReceipts,blockNumber=114
info|2026-02-06 23:38:13.307748|blockSubmit-0x000074b5a27d96c0|[STORAGE-RocksDB]setRows finished,put=1,dataSize=10903,time(ms)=0
info|2026-02-06 23:38:13.308114|exec-0x000074b5aa7e96c0|[STORAGE-RocksDB]asyncPrepare,number=114
info|2026-02-06 23:38:13.308145|pbft-0x000074b5929f96c0|[CONSENSUS][PBFT]handleCheckPointMsg: try to add the checkpoint message into the cache,reqHash=c0efaaf3...,reqIndex=114,reqV=3,fromIdx=2,wait(ms)=1,committedIndex=113,consNum=114,committedHash=df3dbaec...,view=3,toView=3,changeCycle=0,expectedCheckPoint=115,Idx=1,unsealedTxs=0,sealUntil=0,waitResealUntil=0,consensusTimeout=3000,nodeId=21a47ace...
info|2026-02-06 23:38:13.308166|pbft-0x000074b5929f96c0|[CONSENSUS][PBFT]addCheckPointMsg,reqHash=c0efaaf3...,reqIndex=114,reqV=3,fromIdx=2,wait(ms)=1,Idx=1,weight=4,minRequiredWeight=3
info|2026-02-06 23:38:13.308171|pbft-0x000074b5929f96c0|[CONSENSUS][PBFT]notify to seal next proposal,nextProposalIndex=115
info|2026-02-06 23:38:13.308360|exec-0x000074b5aa7e96c0|[STORAGE-KeyPage]parallelTraverse,size=591
info|2026-02-06 23:38:13.308387|exec-0x000074b5aa7e96c0|[STORAGE-RocksDB]asyncPrepare finished,blockNumber=114,put=6,delete=3,startTS=0,encode(ms)=0,time(ms)=0
info|2026-02-06 23:38:13.308391|exec-0x000074b5aa7e96c0|[EXECUTOR:1770391428][blk-114]Prepare success
info|2026-02-06 23:38:13.308445|ledgerWrite-0x000074b5b8dfb6c0|[STORAGE-RocksDB]setRows finished,put=1,dataSize=140,time(ms)=0
info|2026-02-06 23:38:13.308525|blockSubmit-0x000074b5a27d96c0|[LEDGER]storeTransactionsAndReceipts finished,blockNumber=114,blockTxsSize=1,unStoredTxs=1,timeCost=1
info|2026-02-06 23:38:13.308591|blockSubmit-0x000074b5a27d96c0|[STORAGE-RocksDB]asyncCommit finished,blockNumber=114,startTS=0,time(ms)=0,callback time(ms)=0,count=16
info|2026-02-06 23:38:13.308609|blockSubmit-0x000074b5a27d96c0|[LEDGER][METRIC]asyncPrewriteBlock,number=114,totalTxs=138,failedTxs=44,incTxs=1,incFailedTxs=0
info|2026-02-06 23:38:13.308685|exec-0x000074b5a9fe86c0|[TOOL]fetchCompatibilityVersion
info|2026-02-06 23:38:13.308780|exec-0x000074b5a9fe86c0|[TOOL]fetchCompatibilityVersion success,version=3.11.0,versionNumber=51052544,minSupportedVersion=3.0.0-rc4,maxSupportedVersion=3.11.0
info|2026-02-06 23:38:13.308845|exec-0x000074b5a9fe86c0|[TOOL]fetchAuthCheckStatus success,value=0
info|2026-02-06 23:38:13.308849|exec-0x000074b5a9fe86c0|[EXECUTOR:1770391428]merge keyPage to cachedStorage,number=114
info|2026-02-06 23:38:13.308934|exec-0x000074b5a9fe86c0|[STORAGE-KeyPage]parallelTraverse,size=591
info|2026-02-06 23:38:13.308952|exec-0x000074b5a9fe86c0|[STORAGE]Successful merged records,count=9
info|2026-02-06 23:38:13.309679|exec-0x000074b5a9fe86c0|[SCHEDULER][blk-114][BlockTrace]CommitBlock success,gas limit=3000000000,timeCost=2
info|2026-02-06 23:38:13.309728|exec-0x000074b5a9fe86c0|[SCHEDULER][BlockTrace]Notify block result success,blockNumber=114
info|2026-02-06 23:38:13.309734|exec-0x000074b5a9fe86c0|[CONSENSUS][PBFT][STORAGE][METRIC]commitStableCheckPoint success,index=114,hash=c0efaaf3...,txs=1,timeCost=2,commitPerTx=2
info|2026-02-06 23:38:13.309747|exec-0x000074b5a9fe86c0|[SCHEDULER][blk-114]notify block result success,hash=c0efaaf3...,txsSize=1
info|2026-02-06 23:38:13.309811|exec-0x000074b5a9fe86c0|[STORAGE-RocksDB]asyncCommit finished,blockNumber=114,startTS=0,time(ms)=0,callback time(ms)=2,count=0
info|2026-02-06 23:38:13.310111|blockSubmit-0x000074b5a27d96c0|[CONSENSUS][PBFT][METRIC]resetConfig,committedIndex=114,propHash=c0efaaf3...,blockCountLimit=1000,leaderPeriod=1,consensusNodesSize=4
info|2026-02-06 23:38:13.310061|submitter-0x000074b5b4ffe6c0|[TXPOOL][METRIC]StatTPS,tps=76,totalTime=13
info|2026-02-06 23:38:13.310151|blockSubmit-0x000074b5a27d96c0|[CONSENSUS][PBFT][METRIC]^^^^^^^^Report,sealer=1,txs=1,committedIndex=114,consNum=115,committedHash=c0efaaf3...,view=3,toView=3,changeCycle=0,expectedCheckPoint=115,Idx=1,unsealedTxs=0,sealUntil=0,waitResealUntil=0,consensusTimeout=3000,nodeId=21a47ace...
info|2026-02-06 23:38:13.310162|blockSubmit-0x000074b5a27d96c0|[CONSENSUS][SEALER]asyncNoteLatestBlockNumber,number=114
info|2026-02-06 23:38:13.310168|blockSubmit-0x000074b5a27d96c0|[CONSENSUS][SEALER]asyncNoteLatestBlockHash,_hash=c0efaaf3...
info|2026-02-06 23:38:13.310178|blockSubmit-0x000074b5a27d96c0|[BLOCK SYNC]#### BlockSyncConfig resetConfig,number=114,consNodeSize=4,observerNodeSize=0,type=CONSENSUS_NODE
info|2026-02-06 23:38:13.310295|blockSubmit-0x000074b5a27d96c0|[CONSENSUS][PBFT]notify to seal next proposal,nextProposalIndex=115
info|2026-02-06 23:38:13.310328|blockSubmit-0x000074b5a27d96c0|[CONSENSUS][PBFT]removeConsensusedCache finalizeConsensus,view=3,number=114,eraseSize=1,cacheSize=0
info|2026-02-06 23:38:13.310341|blockSubmit-0x000074b5a27d96c0|[CONSENSUS][PBFT][STORAGE]asyncRemoveStabledCheckPoint,index=109
info|2026-02-06 23:38:13.310365|blockSubmit-0x000074b5a27d96c0|[CONSENSUS][PBFT][STORAGE]asyncRemove success,dbName=pbftCommitDB,key=109
info|2026-02-06 23:38:13.311507|submitter-0x000074b5b4ffe6c0|[TXPOOL][METRIC]batchRemove txs success,expectedSize=1,succCount=1,batchId=114,timecost=2,lockT=0,removeT=1,updateLedgerNonceT=0,updateTxPoolNonceT=0
info|2026-02-06 23:38:16.215343|pbft-0x000074b5929f96c0|[CONSENSUS][PBFT]handlePrePrepareMsg,reqHash=9e1876d1...,reqIndex=115,reqV=3,fromIdx=2,wait(ms)=0,committedIndex=114,consNum=115,committedHash=c0efaaf3...,view=3,toView=3,changeCycle=0,expectedCheckPoint=115,Idx=1,unsealedTxs=1,sealUntil=0,waitResealUntil=0,consensusTimeout=3000,nodeId=21a47ace...,utc=1616436
info|2026-02-06 23:38:16.215446|pbft-0x000074b5929f96c0|[TXPOOL]begin asyncVerifyBlock,consNum=115,hash=9e1876d1...
info|2026-02-06 23:38:16.215600|verifier-0x000074b5b0ff66c0|[TXPOOL]batchVerifyProposal,consNum=115,hash=9e1876d1...,txsSize=1,lockT=0,verifyT=0,missedTxs=0
info|2026-02-06 23:38:16.215648|verifier-0x000074b5b0ff66c0|[TXPOOL][METRIC]asyncVerifyBlock finished,consNum=115,hash=9e1876d1...,code=0,msg=success,result=true,timecost=0
info|2026-02-06 23:38:16.215677|verifier-0x000074b5b0ff66c0|[CONSENSUS][PBFT]handlePrePrepareMsg,reqHash=9e1876d1...,reqIndex=115,reqV=3,fromIdx=2,wait(ms)=0,committedIndex=114,consNum=115,committedHash=c0efaaf3...,view=3,toView=3,changeCycle=0,expectedCheckPoint=115,Idx=1,unsealedTxs=1,sealUntil=0,waitResealUntil=0,consensusTimeout=3000,nodeId=21a47ace...,utc=1616436
info|2026-02-06 23:38:16.215707|validator-0x000074b5a3fdc6c0|[CONSENSUS][PBFT]asyncResetTxsFlag,index=115,hash=9e1876d1...,flag=true
info|2026-02-06 23:38:16.215721|validator-0x000074b5a3fdc6c0|[TXPOOL]batchMarkTxs,txsSize=1,batchId=115,hash=9e1876d1...,sealFlag=true,notFound=0,reSealed=0,succ=1,time=0,markT=0
info|2026-02-06 23:38:16.215715|verifier-0x000074b5b0ff66c0|[CONSENSUS][PBFT]addPrePrepareCache,reqHash=9e1876d1...,reqIndex=115,reqV=3,fromIdx=2,wait(ms)=0,sys=false,committedIndex=114,consNum=115,committedHash=c0efaaf3...,view=3,toView=3,changeCycle=0,expectedCheckPoint=115,Idx=1,unsealedTxs=1,sealUntil=0,waitResealUntil=0,consensusTimeout=3000,nodeId=21a47ace...
info|2026-02-06 23:38:16.215730|verifier-0x000074b5b0ff66c0|[CONSENSUS][PBFT]notify the committed proposal index to the sync module success,index=115
info|2026-02-06 23:38:16.215735|validator-0x000074b5a3fdc6c0|[CONSENSUS][PBFT]asyncMarkTxs success,index=115,hash=9e1876d1...,flag=true,markT=0,emptyTxBatchHash=false
info|2026-02-06 23:38:16.215800|verifier-0x000074b5b0ff66c0|[CONSENSUS][PBFT]addPrepareCache,reqHash=9e1876d1...,reqIndex=115,reqV=3,fromIdx=1,wait(ms)=0,committedIndex=114,consNum=115,committedHash=c0efaaf3...,view=3,toView=3,changeCycle=0,expectedCheckPoint=115,Idx=1,unsealedTxs=0,sealUntil=0,waitResealUntil=0,consensusTimeout=3000,nodeId=21a47ace...,weight=1
info|2026-02-06 23:38:16.215844|verifier-0x000074b5b0ff66c0|[CONSENSUS][PBFT]broadcast prepare packet,packetSize=230,index=115
info|2026-02-06 23:38:16.215896|verifier-0x000074b5b0ff66c0|[CONSENSUS][PBFT]handlePrePrepareMsg and broadcast prepare packet,reqHash=9e1876d1...,reqIndex=115,reqV=3,fromIdx=2,wait(ms)=0,committedIndex=114,consNum=115,committedHash=c0efaaf3...,view=3,toView=3,changeCycle=0,expectedCheckPoint=115,Idx=1,unsealedTxs=0,sealUntil=0,waitResealUntil=0,consensusTimeout=3000,nodeId=21a47ace...
info|2026-02-06 23:38:16.216210|txsPreStore-0x000074b5afff46c0|[TXPOOL]storeVerifiedBlock fetch block number from LedgerConfig
info|2026-02-06 23:38:16.216283|txsPreStore-0x000074b5afff46c0|[TOOL]LedgerConfigFetcher: fetchBlockNumber success,blockNumber=114
info|2026-02-06 23:38:16.216294|txsPreStore-0x000074b5afff46c0|[TXPOOL]storeVerifiedBlock,consNum=115,hash=9e1876d1...,txsSize=1
info|2026-02-06 23:38:16.216351|txsPreStore-0x000074b5afff46c0|[LEDGER]asyncPreStoreBlockTxs: needStoreUnsavedTxs,txsSize=1,unstoredTxs=1,number=115
info|2026-02-06 23:38:16.216369|pbft-0x000074b5929f96c0|[CONSENSUS][PBFT]addPrepareCache,reqHash=9e1876d1...,reqIndex=115,reqV=3,fromIdx=3,wait(ms)=1,committedIndex=114,consNum=115,committedHash=c0efaaf3...,view=3,toView=3,changeCycle=0,expectedCheckPoint=115,Idx=1,unsealedTxs=0,sealUntil=0,waitResealUntil=0,consensusTimeout=3000,nodeId=21a47ace...,weight=2
info|2026-02-06 23:38:16.216475|txsPreStore-0x000074b5afff46c0|[STORAGE-RocksDB]setRows finished,put=1,dataSize=5684,time(ms)=0
info|2026-02-06 23:38:16.216499|txsPreStore-0x000074b5afff46c0|[LEDGER]asyncPreStoreBlockTxs: store uncommitted txs,blockNumber=115,blockTxsSize=1,unStoredTxs=1,msg=success,code=0,timeCost=0
info|2026-02-06 23:38:16.216517|txsPreStore-0x000074b5afff46c0|[TXPOOL]storeVerifiedBlock success,consNum=115,hash=9e1876d1...,timecost=0
info|2026-02-06 23:38:16.216545|pbft-0x000074b5929f96c0|[CONSENSUS][PBFT]addPrepareCache,reqHash=9e1876d1...,reqIndex=115,reqV=3,fromIdx=2,wait(ms)=0,committedIndex=114,consNum=115,committedHash=c0efaaf3...,view=3,toView=3,changeCycle=0,expectedCheckPoint=115,Idx=1,unsealedTxs=0,sealUntil=0,waitResealUntil=0,consensusTimeout=3000,nodeId=21a47ace...,weight=3
info|2026-02-06 23:38:16.216630|pbft-0x000074b5929f96c0|[CONSENSUS][PBFT]setSignatureList,signatureSize=3,propHash=9e1876d1...,propIndex=115
info|2026-02-06 23:38:16.216658|pbft-0x000074b5929f96c0|[CONSENSUS][PBFT]intoPrecommit,reqHash=9e1876d1...,reqIndex=115,reqV=3,fromIdx=1,wait(ms)=1,committedIndex=114,consNum=115,committedHash=c0efaaf3...,view=3,toView=3,changeCycle=0,expectedCheckPoint=115,Idx=1,unsealedTxs=0,sealUntil=0,waitResealUntil=0,consensusTimeout=3000,nodeId=21a47ace...
info|2026-02-06 23:38:16.216825|pbft-0x000074b5929f96c0|[CONSENSUS][PBFT]addCommitCache,reqHash=9e1876d1...,reqIndex=115,reqV=3,fromIdx=1,wait(ms)=0,committedIndex=114,consNum=115,committedHash=c0efaaf3...,view=3,toView=3,changeCycle=0,expectedCheckPoint=115,Idx=1,unsealedTxs=0,sealUntil=0,waitResealUntil=0,consensusTimeout=3000,nodeId=21a47ace...,weight=1
info|2026-02-06 23:38:16.216902|pbft-0x000074b5929f96c0|[CONSENSUS][PBFT]checkAndPreCommit: broadcast commitMsg,Idx=1,hash=9e1876d1...,index=115
info|2026-02-06 23:38:16.217495|pbft-0x000074b5929f96c0|[CONSENSUS][PBFT]addCommitCache,reqHash=9e1876d1...,reqIndex=115,reqV=3,fromIdx=3,wait(ms)=0,committedIndex=114,consNum=115,committedHash=c0efaaf3...,view=3,toView=3,changeCycle=0,expectedCheckPoint=115,Idx=1,unsealedTxs=0,sealUntil=0,waitResealUntil=0,consensusTimeout=3000,nodeId=21a47ace...,weight=2
info|2026-02-06 23:38:16.218069|pbft-0x000074b5929f96c0|[CONSENSUS][PBFT]addPrepareCache,reqHash=9e1876d1...,reqIndex=115,reqV=3,fromIdx=0,wait(ms)=1,committedIndex=114,consNum=115,committedHash=c0efaaf3...,view=3,toView=3,changeCycle=0,expectedCheckPoint=115,Idx=1,unsealedTxs=0,sealUntil=0,waitResealUntil=0,consensusTimeout=3000,nodeId=21a47ace...,weight=4
info|2026-02-06 23:38:16.218290|pbft-0x000074b5929f96c0|[CONSENSUS][PBFT]addCommitCache,reqHash=9e1876d1...,reqIndex=115,reqV=3,fromIdx=2,wait(ms)=1,committedIndex=114,consNum=115,committedHash=c0efaaf3...,view=3,toView=3,changeCycle=0,expectedCheckPoint=115,Idx=1,unsealedTxs=0,sealUntil=0,waitResealUntil=0,consensusTimeout=3000,nodeId=21a47ace...,weight=3
info|2026-02-06 23:38:16.218363|pbft-0x000074b5929f96c0|[CONSENSUS][PBFT]checkAndCommit,propHash=9e1876d1...,propIndex=115,committedIndex=114,consNum=115,committedHash=c0efaaf3...,view=3,toView=3,changeCycle=0,expectedCheckPoint=115,Idx=1,unsealedTxs=0,sealUntil=0,waitResealUntil=0,consensusTimeout=3000,nodeId=21a47ace...
info|2026-02-06 23:38:16.218391|pbft-0x000074b5929f96c0|[CONSENSUS][PBFT]######## CommitProposal,propHash=9e1876d1...,propIndex=115,sys=false,committedIndex=114,consNum=115,committedHash=c0efaaf3...,view=3,toView=3,changeCycle=0,expectedCheckPoint=115,Idx=1,unsealedTxs=0,sealUntil=0,waitResealUntil=0,consensusTimeout=3000,nodeId=21a47ace...
info|2026-02-06 23:38:16.218410|pbft-0x000074b5929f96c0|[CONSENSUS][PBFT]notify to seal next proposal,nextProposalIndex=116
info|2026-02-06 23:38:16.218499|pbft-0x000074b5929f96c0|[CONSENSUS][PBFT]notify to seal next proposal,nextProposalIndex=116
info|2026-02-06 23:38:16.218562|pbft-0x000074b5929f96c0|[CONSENSUS][PBFT]applyStateMachine,index=115,hash=9e1876d1...,committedIndex=114,consNum=115,committedHash=c0efaaf3...,view=3,toView=3,changeCycle=0,expectedCheckPoint=115,Idx=1,unsealedTxs=0,sealUntil=0,waitResealUntil=0,consensusTimeout=3000,nodeId=21a47ace...,unAppliedProposals=0
info|2026-02-06 23:38:16.218671|preExeScheduler-0x000074b5618726c0|[SCHEDULER][METRIC][BlockTrace][blk-115]preExeBlock success,blockHeader.timestamp=1770392296214,metaTxCount=1,timeCost=0
info|2026-02-06 23:38:16.218995|exeScheduler-0x000074b5608706c0|[SCHEDULER][METRIC][blk-115]ExecuteBlock request,gasLimit=3000000000,gasPrice=0x0,verify=false,signatureSize=0,txCount=0,metaTxCount=1,version=3.11.0,waitT=2914
info|2026-02-06 23:38:16.219046|exeScheduler-0x000074b5608706c0|[SCHEDULER][blk-115][BlockTrace]ExecuteBlock start,time(ms)=0
info|2026-02-06 23:38:16.219054|exeScheduler-0x000074b5608706c0|[SCHEDULER][serialExecute][blk-115][BlockTrace]serialExecute execute block
info|2026-02-06 23:38:16.219059|exeScheduler-0x000074b5608706c0|[SCHEDULER][serialExecute][blk-115][BlockTrace]serialExecute batch next block
info|2026-02-06 23:38:16.219064|exeScheduler-0x000074b5608706c0|[SCHEDULER][blk-115][BlockTrace]NextBlock request,executorNum=1
info|2026-02-06 23:38:16.219584|exec-0x000074b5a97e76c0|[SCHEDULER][blk-115][BlockTrace]NextBlock success,executorNum=1,timeCost=0
info|2026-02-06 23:38:16.219620|exec-0x000074b5a97e76c0|[SCHEDULER][serialExecute][blk-115][BlockTrace]serialExecute block begin
info|2026-02-06 23:38:16.220761|Unnamed-0x000074b55f06d6c0|[STORAGE-KeyPage]empty table,table=/apps/ae28fc1efcbb68212b8e94d58bf63ed5ee00ee59_accessAuth,key=61646d696e
info|2026-02-06 23:38:16.220891|Unnamed-0x000074b55f06d6c0|[STORAGE-KeyPage]empty table,table=/apps/ae28fc1efcbb68212b8e94d58bf63ed5ee00ee59,key=0000000000000000000000000000000000000000000000000000000000000000
info|2026-02-06 23:38:16.221325|exec-0x000074b5a87e56c0|[STORAGE-KeyPage]hash,size=29,blockVersion=51052544,readLength=10494,writeLength=388,pageCount=2,entrycount=2,entriesHash=228756d8769484f7b5a7b77680a5015027dc031b44a409844e58ee9826873a6c,pagesHash=65875eab966ccc39291ace0b5d7637ee829981ec4a03425e5f88ccc0b32b4b00,totalHash=47000873e0f848ce9cbd797dddd336bea54582f70ea74bda11d0225895ac716c
info|2026-02-06 23:38:16.221381|exec-0x000074b5a87e56c0|[EXECUTOR:1770391428][blk-115]GetTableHashes success,hash=47000873e0f848ce9cbd797dddd336bea54582f70ea74bda11d0225895ac716c,time(ms)=0
info|2026-02-06 23:38:16.221432|exec-0x000074b5a87e56c0|[SCHEDULER][blk-115][BlockTrace]ExecuteBlock success,hash=814f411a...,stateRoot=47000873e0f848ce9cbd797dddd336bea54582f70ea74bda11d0225895ac716c,receiptRoot=670984531c96c6936b3288dd8e29ed03b3540bc9e44b22ec58de287e70aa3c7a,txsRoot=545a2e71...,gasUsed=67112,signatureSize=0,timeCost=2,blockVersion=51052544
info|2026-02-06 23:38:16.221445|exec-0x000074b5a87e56c0|[CONSENSUS][Core][METRIC]asyncExecuteBlock success,sysBlock=false,number=115,result=814f411a...,txsSize=1,txsRoot=545a2e71...,receiptsRoot=67098453...,stateRoot=47000873...,timeCost=3,execPerTx=3
info|2026-02-06 23:38:16.221472|exec-0x000074b5a87e56c0|[CONSENSUS][PBFT]applyStateMachine finished,index=115,beforeExec=9e1876d1...,afterExec=814f411a...,committedIndex=114,consNum=115,committedHash=c0efaaf3...,view=3,toView=3,changeCycle=0,expectedCheckPoint=115,Idx=1,unsealedTxs=0,sealUntil=0,waitResealUntil=0,consensusTimeout=3000,nodeId=21a47ace...,timecost=3
info|2026-02-06 23:38:16.222041|pbftWorker-0x000074b59f7d36c0|[CONSENSUS][PBFT][STORAGE]asyncCommitProposal: write the committed proposal into db,index=115
info|2026-02-06 23:38:16.222144|pbftWorker-0x000074b59f7d36c0|[CONSENSUS][PBFT][STORAGE]asyncPutProposal: commit success,dbName=pbftCommitDB,key=max_committed_proposal,number=115,timecost=0,dataSize=3
info|2026-02-06 23:38:16.222181|pbftWorker-0x000074b59f7d36c0|[CONSENSUS][PBFT][STORAGE]asyncPutProposal: commit success,dbName=pbftCommitDB,key=115,number=115,timecost=0,dataSize=635
info|2026-02-06 23:38:16.222470|pbftWorker-0x000074b59f7d36c0|[CONSENSUS][PBFT]addCheckPointMsg,reqHash=814f411a...,reqIndex=115,reqV=3,fromIdx=1,wait(ms)=0,Idx=1,weight=1,minRequiredWeight=3
info|2026-02-06 23:38:16.222493|pbftWorker-0x000074b59f7d36c0|[CONSENSUS][PBFT]setCheckPointProposal,propHash=814f411a...,propIndex=115,committedIndex=114,consNum=115,committedHash=c0efaaf3...,view=3,toView=3,changeCycle=0,expectedCheckPoint=115,Idx=1,unsealedTxs=0,sealUntil=0,waitResealUntil=0,consensusTimeout=3000,nodeId=21a47ace...
info|2026-02-06 23:38:16.222507|pbftWorker-0x000074b59f7d36c0|[CONSENSUS][PBFT]PBFTConfig: setExpectedCheckPoint,committedIndex=114,consNum=115,committedHash=c0efaaf3...,view=3,toView=3,changeCycle=0,expectedCheckPoint=116,Idx=1,unsealedTxs=0,sealUntil=0,waitResealUntil=0,consensusTimeout=3000,nodeId=21a47ace...,expectedCheckPoint=116
info|2026-02-06 23:38:16.222514|pbftWorker-0x000074b59f7d36c0|[CONSENSUS][PBFT]notify to seal next proposal,nextProposalIndex=116
info|2026-02-06 23:38:16.222517|pbftWorker-0x000074b59f7d36c0|[CONSENSUS][PBFT]onProposalApplySuccess,index=115,hash=814f411a...,lockT=0,timecost=0
info|2026-02-06 23:38:16.223204|pbft-0x000074b5929f96c0|[CONSENSUS][PBFT]handleCheckPointMsg: try to add the checkpoint message into the cache,reqHash=814f411a...,reqIndex=115,reqV=3,fromIdx=2,wait(ms)=1,committedIndex=114,consNum=115,committedHash=c0efaaf3...,view=3,toView=3,changeCycle=0,expectedCheckPoint=116,Idx=1,unsealedTxs=0,sealUntil=0,waitResealUntil=0,consensusTimeout=3000,nodeId=21a47ace...
info|2026-02-06 23:38:16.223240|pbft-0x000074b5929f96c0|[CONSENSUS][PBFT]addCheckPointMsg,reqHash=814f411a...,reqIndex=115,reqV=3,fromIdx=2,wait(ms)=1,Idx=1,weight=2,minRequiredWeight=3
info|2026-02-06 23:38:16.223252|pbft-0x000074b5929f96c0|[CONSENSUS][PBFT]notify to seal next proposal,nextProposalIndex=116
info|2026-02-06 23:38:16.223903|pbft-0x000074b5929f96c0|[CONSENSUS][PBFT]handleCheckPointMsg: try to add the checkpoint message into the cache,reqHash=814f411a...,reqIndex=115,reqV=3,fromIdx=3,wait(ms)=0,committedIndex=114,consNum=115,committedHash=c0efaaf3...,view=3,toView=3,changeCycle=0,expectedCheckPoint=116,Idx=1,unsealedTxs=0,sealUntil=0,waitResealUntil=0,consensusTimeout=3000,nodeId=21a47ace...
info|2026-02-06 23:38:16.223942|pbft-0x000074b5929f96c0|[CONSENSUS][PBFT]addCheckPointMsg,reqHash=814f411a...,reqIndex=115,reqV=3,fromIdx=3,wait(ms)=0,Idx=1,weight=3,minRequiredWeight=3
info|2026-02-06 23:38:16.223950|pbft-0x000074b5929f96c0|[CONSENSUS][PBFT]notify to seal next proposal,nextProposalIndex=116
info|2026-02-06 23:38:16.223956|pbft-0x000074b5929f96c0|[CONSENSUS][PBFT]setSignatureList,signatureSize=3,propHash=814f411a...,propIndex=115
info|2026-02-06 23:38:16.223960|pbft-0x000074b5929f96c0|[CONSENSUS][PBFT]checkAndCommitStableCheckPoint,index=115,hash=814f411a...,committedIndex=114,consNum=115,committedHash=c0efaaf3...,view=3,toView=3,changeCycle=0,expectedCheckPoint=116,Idx=1,unsealedTxs=0,sealUntil=0,waitResealUntil=0,consensusTimeout=3000,nodeId=21a47ace...
info|2026-02-06 23:38:16.223970|pbft-0x000074b5929f96c0|[CONSENSUS][PBFT]updateStableCheckPointQueue: insert new checkpoint proposal,index=115,hash=814f411a...,committedIndex=114,consNum=115,committedHash=c0efaaf3...,view=3,toView=3,changeCycle=0,expectedCheckPoint=116,Idx=1,unsealedTxs=0,sealUntil=0,waitResealUntil=0,consensusTimeout=3000,nodeId=21a47ace...
info|2026-02-06 23:38:16.223976|pbft-0x000074b5929f96c0|[CONSENSUS][PBFT]updateStableCheckPointQueue: commit stable checkpoint,index=115,committedIndex=114
info|2026-02-06 23:38:16.223990|pbft-0x000074b5929f96c0|[CONSENSUS][PBFT]asyncCommitStableCheckPoint: set signatureList,index=115,hash=814f411a...,proofSize=3,blockProofSize=3
info|2026-02-06 23:38:16.224086|blockSubmit-0x000074b5a27d96c0|[SCHEDULER][blk-115][BlockTrace]CommitBlock start
info|2026-02-06 23:38:16.224467|blockSubmit-0x000074b5a27d96c0|[STORAGE-RocksDB]asyncPrepare,number=115
info|2026-02-06 23:38:16.224492|blockSubmit-0x000074b5a27d96c0|[STORAGE-RocksDB]asyncPrepare finished,blockNumber=115,put=7,delete=0,startTS=0,encode(ms)=0,time(ms)=0
info|2026-02-06 23:38:16.224508|blockSubmit-0x000074b5a27d96c0|[LEDGER]storeTransactionsAndReceipts,blockNumber=115
info|2026-02-06 23:38:16.224566|ledgerWrite-0x000074b5b65f66c0|[STORAGE-RocksDB]setRows finished,put=1,dataSize=139,time(ms)=0
info|2026-02-06 23:38:16.224586|blockSubmit-0x000074b5a27d96c0|[LEDGER]storeTransactionsAndReceipts finished,blockNumber=115,blockTxsSize=1,unStoredTxs=0,timeCost=0
info|2026-02-06 23:38:16.224596|blockSubmit-0x000074b5a27d96c0|[LEDGER][METRIC]asyncPrewriteBlock,number=115,totalTxs=139,failedTxs=44,incTxs=1,incFailedTxs=0
info|2026-02-06 23:38:16.224753|exec-0x000074b5a7fe46c0|[STORAGE-RocksDB]asyncPrepare,number=115
info|2026-02-06 23:38:16.224758|pbft-0x000074b5929f96c0|[CONSENSUS][PBFT]handleCheckPointMsg: try to add the checkpoint message into the cache,reqHash=814f411a...,reqIndex=115,reqV=3,fromIdx=0,wait(ms)=0,committedIndex=114,consNum=115,committedHash=c0efaaf3...,view=3,toView=3,changeCycle=0,expectedCheckPoint=116,Idx=1,unsealedTxs=0,sealUntil=0,waitResealUntil=0,consensusTimeout=3000,nodeId=21a47ace...
info|2026-02-06 23:38:16.224789|pbft-0x000074b5929f96c0|[CONSENSUS][PBFT]addCheckPointMsg,reqHash=814f411a...,reqIndex=115,reqV=3,fromIdx=0,wait(ms)=0,Idx=1,weight=4,minRequiredWeight=3
info|2026-02-06 23:38:16.224796|pbft-0x000074b5929f96c0|[CONSENSUS][PBFT]notify to seal next proposal,nextProposalIndex=116
info|2026-02-06 23:38:16.225006|exec-0x000074b5a7fe46c0|[STORAGE-KeyPage]parallelTraverse,size=491
info|2026-02-06 23:38:16.225036|exec-0x000074b5a7fe46c0|[STORAGE-RocksDB]asyncPrepare finished,blockNumber=115,put=6,delete=3,startTS=0,encode(ms)=1,time(ms)=1
info|2026-02-06 23:38:16.225042|exec-0x000074b5a7fe46c0|[EXECUTOR:1770391428][blk-115]Prepare success
info|2026-02-06 23:38:16.225157|exec-0x000074b5a7fe46c0|[STORAGE-RocksDB]asyncCommit finished,blockNumber=115,startTS=0,time(ms)=0,callback time(ms)=0,count=16
info|2026-02-06 23:38:16.225184|exec-0x000074b5a7fe46c0|[TOOL]fetchCompatibilityVersion
info|2026-02-06 23:38:16.225240|exec-0x000074b5a7fe46c0|[TOOL]fetchCompatibilityVersion success,version=3.11.0,versionNumber=51052544,minSupportedVersion=3.0.0-rc4,maxSupportedVersion=3.11.0
info|2026-02-06 23:38:16.225260|exec-0x000074b5a7fe46c0|[TOOL]fetchAuthCheckStatus success,value=0
info|2026-02-06 23:38:16.225266|exec-0x000074b5a7fe46c0|[EXECUTOR:1770391428]merge keyPage to cachedStorage,number=115
info|2026-02-06 23:38:16.225298|exec-0x000074b5a7fe46c0|[STORAGE-KeyPage]parallelTraverse,size=491
info|2026-02-06 23:38:16.225305|exec-0x000074b5a7fe46c0|[STORAGE]Successful merged records,count=9
info|2026-02-06 23:38:16.229207|exec-0x000074b5a7fe46c0|[SCHEDULER][blk-115][BlockTrace]CommitBlock success,gas limit=3000000000,timeCost=5
info|2026-02-06 23:38:16.229274|exec-0x000074b5a7fe46c0|[SCHEDULER][BlockTrace]Notify block result success,blockNumber=115
info|2026-02-06 23:38:16.229279|exec-0x000074b5a7fe46c0|[CONSENSUS][PBFT][STORAGE][METRIC]commitStableCheckPoint success,index=115,hash=814f411a...,txs=1,timeCost=5,commitPerTx=5
info|2026-02-06 23:38:16.229305|exec-0x000074b5a7fe46c0|[SCHEDULER][blk-115]notify block result success,hash=814f411a...,txsSize=1
info|2026-02-06 23:38:16.229356|submitter-0x000074b5b47fd6c0|[TXPOOL][METRIC]StatTPS,tps=58,totalTime=17
info|2026-02-06 23:38:16.229387|blockSubmit-0x000074b5a27d96c0|[CONSENSUS][PBFT][METRIC]resetConfig,committedIndex=115,propHash=814f411a...,blockCountLimit=1000,leaderPeriod=1,consensusNodesSize=4
info|2026-02-06 23:38:16.229403|exec-0x000074b5a7fe46c0|[STORAGE-RocksDB]asyncCommit finished,blockNumber=115,startTS=0,time(ms)=0,callback time(ms)=4,count=0
info|2026-02-06 23:38:16.229436|blockSubmit-0x000074b5a27d96c0|[CONSENSUS][PBFT][METRIC]^^^^^^^^Report,sealer=2,txs=1,committedIndex=115,consNum=116,committedHash=814f411a...,view=3,toView=3,changeCycle=0,expectedCheckPoint=116,Idx=1,unsealedTxs=0,sealUntil=0,waitResealUntil=0,consensusTimeout=3000,nodeId=21a47ace...
info|2026-02-06 23:38:16.229474|blockSubmit-0x000074b5a27d96c0|[CONSENSUS][SEALER]asyncNoteLatestBlockNumber,number=115
info|2026-02-06 23:38:16.229479|blockSubmit-0x000074b5a27d96c0|[CONSENSUS][SEALER]asyncNoteLatestBlockHash,_hash=814f411a...
info|2026-02-06 23:38:16.229492|blockSubmit-0x000074b5a27d96c0|[BLOCK SYNC]#### BlockSyncConfig resetConfig,number=115,consNodeSize=4,observerNodeSize=0,type=CONSENSUS_NODE
info|2026-02-06 23:38:16.229554|submitter-0x000074b5b47fd6c0|[TXPOOL][METRIC]batchRemove txs success,expectedSize=1,succCount=1,batchId=115,timecost=0,lockT=0,removeT=0,updateLedgerNonceT=0,updateTxPoolNonceT=0
info|2026-02-06 23:38:16.229687|blockSubmit-0x000074b5a27d96c0|[CONSENSUS][PBFT]notify to seal next proposal,nextProposalIndex=116
info|2026-02-06 23:38:16.229739|blockSubmit-0x000074b5a27d96c0|[CONSENSUS][PBFT]removeConsensusedCache finalizeConsensus,view=3,number=115,eraseSize=1,cacheSize=0
info|2026-02-06 23:38:16.229767|blockSubmit-0x000074b5a27d96c0|[CONSENSUS][PBFT][STORAGE]asyncRemoveStabledCheckPoint,index=110
info|2026-02-06 23:38:16.229799|blockSubmit-0x000074b5a27d96c0|[CONSENSUS][PBFT][STORAGE]asyncRemove success,dbName=pbftCommitDB,key=110
info|2026-02-06 23:38:20.309391|ioService-0x000074b5903ff6c0|[P2PService][Service][METRIC]heartBeat,connected count=3
info|2026-02-06 23:38:20.311287|timerFactory-0x000074b5801ff6c0|[RPC][WS][SERVICE]connected nodes,count=0
info|2026-02-06 23:38:30.309539|ioService-0x000074b5903ff6c0|[P2PService][Service][METRIC]heartBeat,connected count=3
info|2026-02-06 23:38:30.311369|timerFactory-0x000074b5801ff6c0|[RPC][WS][SERVICE]connected nodes,count=0
info|2026-02-06 23:38:40.309703|ioService-0x000074b5903ff6c0|[P2PService][Service][METRIC]heartBeat,connected count=3
info|2026-02-06 23:38:40.311476|timerFactory-0x000074b5801ff6c0|[RPC][WS][SERVICE]connected nodes,count=0
info|2026-02-06 23:38:50.333476|objMonitor-0x000074b5705ff6c0|[startMonitor][AliveObjectMonitor],AliveObjectAllocStat=[ type: bcos::gateway::Socket ,created: 9 ,destroyed: 5 ,alive: 4 ] 
info|2026-02-06 23:38:50.369624|ioService-0x000074b5903ff6c0|[P2PService][Service][METRIC]heartBeat,connected count=3
info|2026-02-06 23:38:50.371340|timerFactory-0x000074b5801ff6c0|[RPC][WS][SERVICE]connected nodes,count=0
info|2026-02-06 23:39:00.369877|ioService-0x000074b5903ff6c0|[P2PService][Service][METRIC]heartBeat,connected count=3
info|2026-02-06 23:39:00.371466|timerFactory-0x000074b5801ff6c0|[RPC][WS][SERVICE]connected nodes,count=0
info|2026-02-06 23:39:10.370066|ioService-0x000074b5903ff6c0|[P2PService][Service][METRIC]heartBeat,connected count=3
info|2026-02-06 23:39:10.371586|timerFactory-0x000074b5801ff6c0|[RPC][WS][SERVICE]connected nodes,count=0
info|2026-02-06 23:39:20.454778|ioService-0x000074b5903ff6c0|[P2PService][Service][METRIC]heartBeat,connected count=3
info|2026-02-06 23:39:20.456139|timerFactory-0x000074b5801ff6c0|[RPC][WS][SERVICE]connected nodes,count=0
info|2026-02-06 23:39:30.455061|ioService-0x000074b5903ff6c0|[P2PService][Service][METRIC]heartBeat,connected count=3
info|2026-02-06 23:39:30.456245|timerFactory-0x000074b5801ff6c0|[RPC][WS][SERVICE]connected nodes,count=0
info|2026-02-06 23:39:40.455197|ioService-0x000074b5903ff6c0|[P2PService][Service][METRIC]heartBeat,connected count=3
info|2026-02-06 23:39:40.456601|timerFactory-0x000074b5801ff6c0|[RPC][WS][SERVICE]connected nodes,count=0
info|2026-02-06 23:39:50.508818|objMonitor-0x000074b5705ff6c0|[startMonitor][AliveObjectMonitor],AliveObjectAllocStat=[ type: bcos::gateway::Socket ,created: 9 ,destroyed: 5 ,alive: 4 ] 
info|2026-02-06 23:39:50.545995|ioService-0x000074b5903ff6c0|[P2PService][Service][METRIC]heartBeat,connected count=3
info|2026-02-06 23:39:50.547429|timerFactory-0x000074b5801ff6c0|[RPC][WS][SERVICE]connected nodes,count=0
info|2026-02-06 23:40:00.546329|ioService-0x000074b5903ff6c0|[P2PService][Service][METRIC]heartBeat,connected count=3
info|2026-02-06 23:40:00.547587|timerFactory-0x000074b5801ff6c0|[RPC][WS][SERVICE]connected nodes,count=0
info|2026-02-06 23:40:10.546462|ioService-0x000074b5903ff6c0|[P2PService][Service][METRIC]heartBeat,connected count=3
info|2026-02-06 23:40:10.548115|timerFactory-0x000074b5801ff6c0|[RPC][WS][SERVICE]connected nodes,count=0
info|2026-02-06 23:40:20.632253|ioService-0x000074b5903ff6c0|[P2PService][Service][METRIC]heartBeat,connected count=3
info|2026-02-06 23:40:20.633825|timerFactory-0x000074b5801ff6c0|[RPC][WS][SERVICE]connected nodes,count=0
info|2026-02-06 23:40:30.633014|ioService-0x000074b5903ff6c0|[P2PService][Service][METRIC]heartBeat,connected count=3
info|2026-02-06 23:40:30.634147|timerFactory-0x000074b5801ff6c0|[RPC][WS][SERVICE]connected nodes,count=0
info|2026-02-06 23:40:40.633342|ioService-0x000074b5903ff6c0|[P2PService][Service][METRIC]heartBeat,connected count=3
info|2026-02-06 23:40:40.634357|timerFactory-0x000074b5801ff6c0|[RPC][WS][SERVICE]connected nodes,count=0
info|2026-02-06 23:40:50.686752|objMonitor-0x000074b5705ff6c0|[startMonitor][AliveObjectMonitor],AliveObjectAllocStat=[ type: bcos::gateway::Socket ,created: 9 ,destroyed: 5 ,alive: 4 ] 
info|2026-02-06 23:40:50.725554|ioService-0x000074b5903ff6c0|[P2PService][Service][METRIC]heartBeat,connected count=3
info|2026-02-06 23:40:50.726530|timerFactory-0x000074b5801ff6c0|[RPC][WS][SERVICE]connected nodes,count=0
info|2026-02-06 23:41:00.725829|ioService-0x000074b5903ff6c0|[P2PService][Service][METRIC]heartBeat,connected count=3
info|2026-02-06 23:41:00.726650|timerFactory-0x000074b5801ff6c0|[RPC][WS][SERVICE]connected nodes,count=0
info|2026-02-06 23:41:10.725992|ioService-0x000074b5903ff6c0|[P2PService][Service][METRIC]heartBeat,connected count=3
info|2026-02-06 23:41:10.726760|timerFactory-0x000074b5801ff6c0|[RPC][WS][SERVICE]connected nodes,count=0
info|2026-02-06 23:41:20.819570|ioService-0x000074b5903ff6c0|[P2PService][Service][METRIC]heartBeat,connected count=3
info|2026-02-06 23:41:20.820309|timerFactory-0x000074b5801ff6c0|[RPC][WS][SERVICE]connected nodes,count=0
info|2026-02-06 23:41:30.819783|ioService-0x000074b5903ff6c0|[P2PService][Service][METRIC]heartBeat,connected count=3
info|2026-02-06 23:41:30.821398|timerFactory-0x000074b5801ff6c0|[RPC][WS][SERVICE]connected nodes,count=0
info|2026-02-06 23:41:40.820955|ioService-0x000074b5903ff6c0|[P2PService][Service][METRIC]heartBeat,connected count=3
info|2026-02-06 23:41:40.821771|timerFactory-0x000074b5801ff6c0|[RPC][WS][SERVICE]connected nodes,count=0
info|2026-02-06 23:41:50.866427|objMonitor-0x000074b5705ff6c0|[startMonitor][AliveObjectMonitor],AliveObjectAllocStat=[ type: bcos::gateway::Socket ,created: 9 ,destroyed: 5 ,alive: 4 ] 
info|2026-02-06 23:41:50.907248|ioService-0x000074b5903ff6c0|[P2PService][Service][METRIC]heartBeat,connected count=3
info|2026-02-06 23:41:50.908050|timerFactory-0x000074b5801ff6c0|[RPC][WS][SERVICE]connected nodes,count=0
info|2026-02-06 23:42:00.907421|ioService-0x000074b5903ff6c0|[P2PService][Service][METRIC]heartBeat,connected count=3
info|2026-02-06 23:42:00.909405|timerFactory-0x000074b5801ff6c0|[RPC][WS][SERVICE]connected nodes,count=0
info|2026-02-06 23:42:10.907662|ioService-0x000074b5903ff6c0|[P2PService][Service][METRIC]heartBeat,connected count=3
info|2026-02-06 23:42:10.909532|timerFactory-0x000074b5801ff6c0|[RPC][WS][SERVICE]connected nodes,count=0
info|2026-02-06 23:42:20.987381|ioService-0x000074b5903ff6c0|[P2PService][Service][METRIC]heartBeat,connected count=3
info|2026-02-06 23:42:20.989044|timerFactory-0x000074b5801ff6c0|[RPC][WS][SERVICE]connected nodes,count=0
info|2026-02-06 23:42:30.987768|ioService-0x000074b5903ff6c0|[P2PService][Service][METRIC]heartBeat,connected count=3
info|2026-02-06 23:42:30.989250|timerFactory-0x000074b5801ff6c0|[RPC][WS][SERVICE]connected nodes,count=0
info|2026-02-06 23:42:40.988196|ioService-0x000074b5903ff6c0|[P2PService][Service][METRIC]heartBeat,connected count=3
info|2026-02-06 23:42:40.989354|timerFactory-0x000074b5801ff6c0|[RPC][WS][SERVICE]connected nodes,count=0
info|2026-02-06 23:42:51.003765|objMonitor-0x000074b5705ff6c0|[startMonitor][AliveObjectMonitor],AliveObjectAllocStat=[ type: bcos::gateway::Socket ,created: 9 ,destroyed: 5 ,alive: 4 ] [ type: bcos::gateway::ResponseCallback ,created: 17038 ,destroyed: 17034 ,alive: 4 ] 
info|2026-02-06 23:42:51.046276|ioService-0x000074b5903ff6c0|[P2PService][Service][METRIC]heartBeat,connected count=3
info|2026-02-06 23:42:51.047361|timerFactory-0x000074b5801ff6c0|[RPC][WS][SERVICE]connected nodes,count=0
info|2026-02-06 23:43:01.046444|ioService-0x000074b5903ff6c0|[P2PService][Service][METRIC]heartBeat,connected count=3
info|2026-02-06 23:43:01.047577|timerFactory-0x000074b5801ff6c0|[RPC][WS][SERVICE]connected nodes,count=0
info|2026-02-06 23:43:11.046735|ioService-0x000074b5903ff6c0|[P2PService][Service][METRIC]heartBeat,connected count=3
info|2026-02-06 23:43:11.047704|timerFactory-0x000074b5801ff6c0|[RPC][WS][SERVICE]connected nodes,count=0
info|2026-02-06 23:43:21.128497|ioService-0x000074b5903ff6c0|[P2PService][Service][METRIC]heartBeat,connected count=3
info|2026-02-06 23:43:21.129545|timerFactory-0x000074b5801ff6c0|[RPC][WS][SERVICE]connected nodes,count=0
info|2026-02-06 23:43:31.128765|ioService-0x000074b5903ff6c0|[P2PService][Service][METRIC]heartBeat,connected count=3
info|2026-02-06 23:43:31.130027|timerFactory-0x000074b5801ff6c0|[RPC][WS][SERVICE]connected nodes,count=0
info|2026-02-06 23:43:41.129150|ioService-0x000074b5903ff6c0|[P2PService][Service][METRIC]heartBeat,connected count=3
info|2026-02-06 23:43:41.130409|timerFactory-0x000074b5801ff6c0|[RPC][WS][SERVICE]connected nodes,count=0
info|2026-02-06 23:43:51.177617|objMonitor-0x000074b5705ff6c0|[startMonitor][AliveObjectMonitor],AliveObjectAllocStat=[ type: bcos::gateway::Socket ,created: 9 ,destroyed: 5 ,alive: 4 ] 
info|2026-02-06 23:43:51.221670|ioService-0x000074b5903ff6c0|[P2PService][Service][METRIC]heartBeat,connected count=3
info|2026-02-06 23:43:51.223134|timerFactory-0x000074b5801ff6c0|[RPC][WS][SERVICE]connected nodes,count=0
info|2026-02-06 23:44:01.222370|ioService-0x000074b5903ff6c0|[P2PService][Service][METRIC]heartBeat,connected count=3
info|2026-02-06 23:44:01.223315|timerFactory-0x000074b5801ff6c0|[RPC][WS][SERVICE]connected nodes,count=0
info|2026-02-06 23:44:11.222659|ioService-0x000074b5903ff6c0|[P2PService][Service][METRIC]heartBeat,connected count=3
info|2026-02-06 23:44:11.223544|timerFactory-0x000074b5801ff6c0|[RPC][WS][SERVICE]connected nodes,count=0
info|2026-02-06 23:44:21.318126|ioService-0x000074b5903ff6c0|[P2PService][Service][METRIC]heartBeat,connected count=3
info|2026-02-06 23:44:21.318952|timerFactory-0x000074b5801ff6c0|[RPC][WS][SERVICE]connected nodes,count=0
info|2026-02-06 23:44:31.318348|ioService-0x000074b5903ff6c0|[P2PService][Service][METRIC]heartBeat,connected count=3
info|2026-02-06 23:44:31.319213|timerFactory-0x000074b5801ff6c0|[RPC][WS][SERVICE]connected nodes,count=0
info|2026-02-06 23:44:41.318942|ioService-0x000074b5903ff6c0|[P2PService][Service][METRIC]heartBeat,connected count=3
info|2026-02-06 23:44:41.319335|timerFactory-0x000074b5801ff6c0|[RPC][WS][SERVICE]connected nodes,count=0
info|2026-02-06 23:44:51.373099|objMonitor-0x000074b5705ff6c0|[startMonitor][AliveObjectMonitor],AliveObjectAllocStat=[ type: bcos::gateway::Socket ,created: 9 ,destroyed: 5 ,alive: 4 ] 
info|2026-02-06 23:44:51.419299|ioService-0x000074b5903ff6c0|[P2PService][Service][METRIC]heartBeat,connected count=3
info|2026-02-06 23:44:51.419581|timerFactory-0x000074b5801ff6c0|[RPC][WS][SERVICE]connected nodes,count=0
info|2026-02-06 23:45:01.419519|ioService-0x000074b5903ff6c0|[P2PService][Service][METRIC]heartBeat,connected count=3
info|2026-02-06 23:45:01.420509|timerFactory-0x000074b5801ff6c0|[RPC][WS][SERVICE]connected nodes,count=0
info|2026-02-06 23:45:11.419718|ioService-0x000074b5903ff6c0|[P2PService][Service][METRIC]heartBeat,connected count=3
info|2026-02-06 23:45:11.420675|timerFactory-0x000074b5801ff6c0|[RPC][WS][SERVICE]connected nodes,count=0
info|2026-02-06 23:45:21.419964|ioService-0x000074b5903ff6c0|[P2PService][Service][METRIC]heartBeat,connected count=3
info|2026-02-06 23:45:21.421370|timerFactory-0x000074b5801ff6c0|[RPC][WS][SERVICE]connected nodes,count=0
info|2026-02-06 23:45:31.420344|ioService-0x000074b5903ff6c0|[P2PService][Service][METRIC]heartBeat,connected count=3
info|2026-02-06 23:45:31.421568|timerFactory-0x000074b5801ff6c0|[RPC][WS][SERVICE]connected nodes,count=0
info|2026-02-06 23:45:41.420583|ioService-0x000074b5903ff6c0|[P2PService][Service][METRIC]heartBeat,connected count=3
info|2026-02-06 23:45:41.421741|timerFactory-0x000074b5801ff6c0|[RPC][WS][SERVICE]connected nodes,count=0
info|2026-02-06 23:45:51.420421|objMonitor-0x000074b5705ff6c0|[startMonitor][AliveObjectMonitor],AliveObjectAllocStat=[ type: bcos::gateway::Socket ,created: 9 ,destroyed: 5 ,alive: 4 ] 
info|2026-02-06 23:45:51.504458|ioService-0x000074b5903ff6c0|[P2PService][Service][METRIC]heartBeat,connected count=3
info|2026-02-06 23:45:51.505817|timerFactory-0x000074b5801ff6c0|[RPC][WS][SERVICE]connected nodes,count=0
info|2026-02-06 23:46:01.504720|ioService-0x000074b5903ff6c0|[P2PService][Service][METRIC]heartBeat,connected count=3
info|2026-02-06 23:46:01.505972|timerFactory-0x000074b5801ff6c0|[RPC][WS][SERVICE]connected nodes,count=0
info|2026-02-06 23:46:11.504878|ioService-0x000074b5903ff6c0|[P2PService][Service][METRIC]heartBeat,connected count=3
info|2026-02-06 23:46:11.506117|timerFactory-0x000074b5801ff6c0|[RPC][WS][SERVICE]connected nodes,count=0
info|2026-02-06 23:46:21.593402|ioService-0x000074b5903ff6c0|[P2PService][Service][METRIC]heartBeat,connected count=3
info|2026-02-06 23:46:21.596682|timerFactory-0x000074b5801ff6c0|[RPC][WS][SERVICE]connected nodes,count=0
info|2026-02-06 23:46:31.593924|ioService-0x000074b5903ff6c0|[P2PService][Service][METRIC]heartBeat,connected count=3
info|2026-02-06 23:46:31.597078|timerFactory-0x000074b5801ff6c0|[RPC][WS][SERVICE]connected nodes,count=0
info|2026-02-06 23:46:41.594150|ioService-0x000074b5903ff6c0|[P2PService][Service][METRIC]heartBeat,connected count=3
info|2026-02-06 23:46:41.597421|timerFactory-0x000074b5801ff6c0|[RPC][WS][SERVICE]connected nodes,count=0
info|2026-02-06 23:46:51.573219|objMonitor-0x000074b5705ff6c0|[startMonitor][AliveObjectMonitor],AliveObjectAllocStat=[ type: bcos::gateway::Socket ,created: 9 ,destroyed: 5 ,alive: 4 ] 
info|2026-02-06 23:46:51.659766|ioService-0x000074b5903ff6c0|[P2PService][Service][METRIC]heartBeat,connected count=3
info|2026-02-06 23:46:51.662463|timerFactory-0x000074b5801ff6c0|[RPC][WS][SERVICE]connected nodes,count=0
info|2026-02-06 23:47:01.660348|ioService-0x000074b5903ff6c0|[P2PService][Service][METRIC]heartBeat,connected count=3
info|2026-02-06 23:47:01.662595|timerFactory-0x000074b5801ff6c0|[RPC][WS][SERVICE]connected nodes,count=0
info|2026-02-06 23:47:11.660551|ioService-0x000074b5903ff6c0|[P2PService][Service][METRIC]heartBeat,connected count=3
info|2026-02-06 23:47:11.662714|timerFactory-0x000074b5801ff6c0|[RPC][WS][SERVICE]connected nodes,count=0
info|2026-02-06 23:47:21.745542|ioService-0x000074b5903ff6c0|[P2PService][Service][METRIC]heartBeat,connected count=3
info|2026-02-06 23:47:21.747603|timerFactory-0x000074b5801ff6c0|[RPC][WS][SERVICE]connected nodes,count=0
info|2026-02-06 23:47:31.745803|ioService-0x000074b5903ff6c0|[P2PService][Service][METRIC]heartBeat,connected count=3
info|2026-02-06 23:47:31.747716|timerFactory-0x000074b5801ff6c0|[RPC][WS][SERVICE]connected nodes,count=0
info|2026-02-06 23:47:41.745965|ioService-0x000074b5903ff6c0|[P2PService][Service][METRIC]heartBeat,connected count=3
info|2026-02-06 23:47:41.748110|timerFactory-0x000074b5801ff6c0|[RPC][WS][SERVICE]connected nodes,count=0
info|2026-02-06 23:47:51.644093|objMonitor-0x000074b5705ff6c0|[startMonitor][AliveObjectMonitor],AliveObjectAllocStat=[ type: bcos::gateway::Socket ,created: 9 ,destroyed: 5 ,alive: 4 ] 
info|2026-02-06 23:47:51.746117|ioService-0x000074b5903ff6c0|[P2PService][Service][METRIC]heartBeat,connected count=3
info|2026-02-06 23:47:51.748364|timerFactory-0x000074b5801ff6c0|[RPC][WS][SERVICE]connected nodes,count=0
info|2026-02-06 23:48:01.746418|ioService-0x000074b5903ff6c0|[P2PService][Service][METRIC]heartBeat,connected count=3
info|2026-02-06 23:48:01.748543|timerFactory-0x000074b5801ff6c0|[RPC][WS][SERVICE]connected nodes,count=0
info|2026-02-06 23:48:11.746712|ioService-0x000074b5903ff6c0|[P2PService][Service][METRIC]heartBeat,connected count=3
info|2026-02-06 23:48:11.748641|timerFactory-0x000074b5801ff6c0|[RPC][WS][SERVICE]connected nodes,count=0
info|2026-02-06 23:48:21.813811|ioService-0x000074b5903ff6c0|[P2PService][Service][METRIC]heartBeat,connected count=3
info|2026-02-06 23:48:21.815941|timerFactory-0x000074b5801ff6c0|[RPC][WS][SERVICE]connected nodes,count=0
info|2026-02-06 23:48:31.813948|ioService-0x000074b5903ff6c0|[P2PService][Service][METRIC]heartBeat,connected count=3
info|2026-02-06 23:48:31.816039|timerFactory-0x000074b5801ff6c0|[RPC][WS][SERVICE]connected nodes,count=0
info|2026-02-06 23:48:41.814197|ioService-0x000074b5903ff6c0|[P2PService][Service][METRIC]heartBeat,connected count=3
info|2026-02-06 23:48:41.816122|timerFactory-0x000074b5801ff6c0|[RPC][WS][SERVICE]connected nodes,count=0
info|2026-02-06 23:48:51.777402|objMonitor-0x000074b5705ff6c0|[startMonitor][AliveObjectMonitor],AliveObjectAllocStat=[ type: bcos::gateway::Socket ,created: 9 ,destroyed: 5 ,alive: 4 ] 
info|2026-02-06 23:48:51.880659|ioService-0x000074b5903ff6c0|[P2PService][Service][METRIC]heartBeat,connected count=3
info|2026-02-06 23:48:51.882452|timerFactory-0x000074b5801ff6c0|[RPC][WS][SERVICE]connected nodes,count=0
info|2026-02-06 23:49:01.880886|ioService-0x000074b5903ff6c0|[P2PService][Service][METRIC]heartBeat,connected count=3
info|2026-02-06 23:49:01.882621|timerFactory-0x000074b5801ff6c0|[RPC][WS][SERVICE]connected nodes,count=0
info|2026-02-06 23:49:11.882517|ioService-0x000074b5903ff6c0|[P2PService][Service][METRIC]heartBeat,connected count=3
info|2026-02-06 23:49:11.882732|timerFactory-0x000074b5801ff6c0|[RPC][WS][SERVICE]connected nodes,count=0
info|2026-02-06 23:49:21.952456|ioService-0x000074b5903ff6c0|[P2PService][Service][METRIC]heartBeat,connected count=3
info|2026-02-06 23:49:21.952506|timerFactory-0x000074b5801ff6c0|[RPC][WS][SERVICE]connected nodes,count=0
info|2026-02-06 23:49:31.952584|ioService-0x000074b5903ff6c0|[P2PService][Service][METRIC]heartBeat,connected count=3
info|2026-02-06 23:49:31.952653|timerFactory-0x000074b5801ff6c0|[RPC][WS][SERVICE]connected nodes,count=0
info|2026-02-06 23:49:41.952697|ioService-0x000074b5903ff6c0|[P2PService][Service][METRIC]heartBeat,connected count=3
info|2026-02-06 23:49:41.952721|timerFactory-0x000074b5801ff6c0|[RPC][WS][SERVICE]connected nodes,count=0
info|2026-02-06 23:49:51.921281|objMonitor-0x000074b5705ff6c0|[startMonitor][AliveObjectMonitor],AliveObjectAllocStat=[ type: bcos::gateway::Socket ,created: 9 ,destroyed: 5 ,alive: 4 ] 
info|2026-02-06 23:49:52.026844|timerFactory-0x000074b5801ff6c0|[RPC][WS][SERVICE]connected nodes,count=0
info|2026-02-06 23:49:52.026865|ioService-0x000074b5903ff6c0|[P2PService][Service][METRIC]heartBeat,connected count=3
info|2026-02-06 23:50:02.026990|timerFactory-0x000074b5801ff6c0|[RPC][WS][SERVICE]connected nodes,count=0
info|2026-02-06 23:50:02.027042|ioService-0x000074b5903ff6c0|[P2PService][Service][METRIC]heartBeat,connected count=3
info|2026-02-06 23:50:12.027095|timerFactory-0x000074b5801ff6c0|[RPC][WS][SERVICE]connected nodes,count=0
info|2026-02-06 23:50:12.027127|ioService-0x000074b5903ff6c0|[P2PService][Service][METRIC]heartBeat,connected count=3
info|2026-02-06 23:50:22.107123|timerFactory-0x000074b5801ff6c0|[RPC][WS][SERVICE]connected nodes,count=0
info|2026-02-06 23:50:22.107231|ioService-0x000074b5903ff6c0|[P2PService][Service][METRIC]heartBeat,connected count=3
info|2026-02-06 23:50:32.107187|timerFactory-0x000074b5801ff6c0|[RPC][WS][SERVICE]connected nodes,count=0
info|2026-02-06 23:50:32.107333|ioService-0x000074b5903ff6c0|[P2PService][Service][METRIC]heartBeat,connected count=3
info|2026-02-06 23:50:42.107274|timerFactory-0x000074b5801ff6c0|[RPC][WS][SERVICE]connected nodes,count=0
info|2026-02-06 23:50:42.107527|ioService-0x000074b5903ff6c0|[P2PService][Service][METRIC]heartBeat,connected count=3
info|2026-02-06 23:50:52.089011|objMonitor-0x000074b5705ff6c0|[startMonitor][AliveObjectMonitor],AliveObjectAllocStat=[ type: bcos::gateway::Socket ,created: 9 ,destroyed: 5 ,alive: 4 ] 
info|2026-02-06 23:50:52.195485|timerFactory-0x000074b5801ff6c0|[RPC][WS][SERVICE]connected nodes,count=0
info|2026-02-06 23:50:52.199790|ioService-0x000074b5903ff6c0|[P2PService][Service][METRIC]heartBeat,connected count=3
info|2026-02-06 23:51:02.195728|timerFactory-0x000074b5801ff6c0|[RPC][WS][SERVICE]connected nodes,count=0
info|2026-02-06 23:51:02.199977|ioService-0x000074b5903ff6c0|[P2PService][Service][METRIC]heartBeat,connected count=3
info|2026-02-06 23:51:12.195865|timerFactory-0x000074b5801ff6c0|[RPC][WS][SERVICE]connected nodes,count=0
info|2026-02-06 23:51:12.200104|ioService-0x000074b5903ff6c0|[P2PService][Service][METRIC]heartBeat,connected count=3
info|2026-02-06 23:51:22.278845|timerFactory-0x000074b5801ff6c0|[RPC][WS][SERVICE]connected nodes,count=0
info|2026-02-06 23:51:22.283145|ioService-0x000074b5903ff6c0|[P2PService][Service][METRIC]heartBeat,connected count=3
info|2026-02-06 23:51:32.278951|timerFactory-0x000074b5801ff6c0|[RPC][WS][SERVICE]connected nodes,count=0
info|2026-02-06 23:51:32.283303|ioService-0x000074b5903ff6c0|[P2PService][Service][METRIC]heartBeat,connected count=3
info|2026-02-06 23:51:42.279023|timerFactory-0x000074b5801ff6c0|[RPC][WS][SERVICE]connected nodes,count=0
info|2026-02-06 23:51:42.283410|ioService-0x000074b5903ff6c0|[P2PService][Service][METRIC]heartBeat,connected count=3
info|2026-02-06 23:51:52.270741|objMonitor-0x000074b5705ff6c0|[startMonitor][AliveObjectMonitor],AliveObjectAllocStat=[ type: bcos::gateway::Socket ,created: 9 ,destroyed: 5 ,alive: 4 ] 
info|2026-02-06 23:51:52.377858|timerFactory-0x000074b5801ff6c0|[RPC][WS][SERVICE]connected nodes,count=0
info|2026-02-06 23:51:52.382222|ioService-0x000074b5903ff6c0|[P2PService][Service][METRIC]heartBeat,connected count=3
info|2026-02-06 23:52:02.377957|timerFactory-0x000074b5801ff6c0|[RPC][WS][SERVICE]connected nodes,count=0
info|2026-02-06 23:52:02.382356|ioService-0x000074b5903ff6c0|[P2PService][Service][METRIC]heartBeat,connected count=3
info|2026-02-06 23:52:12.379126|timerFactory-0x000074b5801ff6c0|[RPC][WS][SERVICE]connected nodes,count=0
info|2026-02-06 23:52:12.382518|ioService-0x000074b5903ff6c0|[P2PService][Service][METRIC]heartBeat,connected count=3
info|2026-02-06 23:52:22.460762|timerFactory-0x000074b5801ff6c0|[RPC][WS][SERVICE]connected nodes,count=0
info|2026-02-06 23:52:22.464102|ioService-0x000074b5903ff6c0|[P2PService][Service][METRIC]heartBeat,connected count=3
info|2026-02-06 23:52:32.460818|timerFactory-0x000074b5801ff6c0|[RPC][WS][SERVICE]connected nodes,count=0
info|2026-02-06 23:52:32.464348|ioService-0x000074b5903ff6c0|[P2PService][Service][METRIC]heartBeat,connected count=3
info|2026-02-06 23:52:42.461060|timerFactory-0x000074b5801ff6c0|[RPC][WS][SERVICE]connected nodes,count=0
info|2026-02-06 23:52:42.464591|ioService-0x000074b5903ff6c0|[P2PService][Service][METRIC]heartBeat,connected count=3
info|2026-02-06 23:52:52.435329|objMonitor-0x000074b5705ff6c0|[startMonitor][AliveObjectMonitor],AliveObjectAllocStat=[ type: bcos::gateway::Socket ,created: 9 ,destroyed: 5 ,alive: 4 ] 
info|2026-02-06 23:52:52.544251|timerFactory-0x000074b5801ff6c0|[RPC][WS][SERVICE]connected nodes,count=0
info|2026-02-06 23:52:52.547971|ioService-0x000074b5903ff6c0|[P2PService][Service][METRIC]heartBeat,connected count=3
info|2026-02-06 23:53:02.544515|timerFactory-0x000074b5801ff6c0|[RPC][WS][SERVICE]connected nodes,count=0
info|2026-02-06 23:53:02.548099|ioService-0x000074b5903ff6c0|[P2PService][Service][METRIC]heartBeat,connected count=3
info|2026-02-06 23:53:12.544667|timerFactory-0x000074b5801ff6c0|[RPC][WS][SERVICE]connected nodes,count=0
info|2026-02-06 23:53:12.548441|ioService-0x000074b5903ff6c0|[P2PService][Service][METRIC]heartBeat,connected count=3
info|2026-02-06 23:53:22.631046|timerFactory-0x000074b5801ff6c0|[RPC][WS][SERVICE]connected nodes,count=0
info|2026-02-06 23:53:22.634545|ioService-0x000074b5903ff6c0|[P2PService][Service][METRIC]heartBeat,connected count=3
info|2026-02-06 23:53:32.631248|timerFactory-0x000074b5801ff6c0|[RPC][WS][SERVICE]connected nodes,count=0
info|2026-02-06 23:53:32.634864|ioService-0x000074b5903ff6c0|[P2PService][Service][METRIC]heartBeat,connected count=3
info|2026-02-06 23:53:42.631854|timerFactory-0x000074b5801ff6c0|[RPC][WS][SERVICE]connected nodes,count=0
info|2026-02-06 23:53:42.635078|ioService-0x000074b5903ff6c0|[P2PService][Service][METRIC]heartBeat,connected count=3
info|2026-02-06 23:53:52.619357|objMonitor-0x000074b5705ff6c0|[startMonitor][AliveObjectMonitor],AliveObjectAllocStat=[ type: bcos::gateway::Socket ,created: 9 ,destroyed: 5 ,alive: 4 ] 
info|2026-02-06 23:53:52.729949|timerFactory-0x000074b5801ff6c0|[RPC][WS][SERVICE]connected nodes,count=0
info|2026-02-06 23:53:52.733114|ioService-0x000074b5903ff6c0|[P2PService][Service][METRIC]heartBeat,connected count=3
info|2026-02-06 23:54:02.730128|timerFactory-0x000074b5801ff6c0|[RPC][WS][SERVICE]connected nodes,count=0
info|2026-02-06 23:54:02.733593|ioService-0x000074b5903ff6c0|[P2PService][Service][METRIC]heartBeat,connected count=3
info|2026-02-06 23:54:12.730418|timerFactory-0x000074b5801ff6c0|[RPC][WS][SERVICE]connected nodes,count=0
info|2026-02-06 23:54:12.733945|ioService-0x000074b5903ff6c0|[P2PService][Service][METRIC]heartBeat,connected count=3
info|2026-02-06 23:54:22.821415|timerFactory-0x000074b5801ff6c0|[RPC][WS][SERVICE]connected nodes,count=0
info|2026-02-06 23:54:22.824941|ioService-0x000074b5903ff6c0|[P2PService][Service][METRIC]heartBeat,connected count=3
info|2026-02-06 23:54:32.821501|timerFactory-0x000074b5801ff6c0|[RPC][WS][SERVICE]connected nodes,count=0
info|2026-02-06 23:54:32.825187|ioService-0x000074b5903ff6c0|[P2PService][Service][METRIC]heartBeat,connected count=3
info|2026-02-06 23:54:42.821580|timerFactory-0x000074b5801ff6c0|[RPC][WS][SERVICE]connected nodes,count=0
info|2026-02-06 23:54:42.825307|ioService-0x000074b5903ff6c0|[P2PService][Service][METRIC]heartBeat,connected count=3
info|2026-02-06 23:54:52.782088|objMonitor-0x000074b5705ff6c0|[startMonitor][AliveObjectMonitor],AliveObjectAllocStat=[ type: bcos::gateway::Socket ,created: 9 ,destroyed: 5 ,alive: 4 ] 
info|2026-02-06 23:54:52.893412|timerFactory-0x000074b5801ff6c0|[RPC][WS][SERVICE]connected nodes,count=0
info|2026-02-06 23:54:52.897198|ioService-0x000074b5903ff6c0|[P2PService][Service][METRIC]heartBeat,connected count=3
info|2026-02-06 23:55:02.893519|timerFactory-0x000074b5801ff6c0|[RPC][WS][SERVICE]connected nodes,count=0
info|2026-02-06 23:55:02.897292|ioService-0x000074b5903ff6c0|[P2PService][Service][METRIC]heartBeat,connected count=3
info|2026-02-06 23:55:12.893604|timerFactory-0x000074b5801ff6c0|[RPC][WS][SERVICE]connected nodes,count=0
info|2026-02-06 23:55:12.897383|ioService-0x000074b5903ff6c0|[P2PService][Service][METRIC]heartBeat,connected count=3
info|2026-02-06 23:55:22.992827|timerFactory-0x000074b5801ff6c0|[RPC][WS][SERVICE]connected nodes,count=0
info|2026-02-06 23:55:22.998875|ioService-0x000074b5903ff6c0|[P2PService][Service][METRIC]heartBeat,connected count=3
info|2026-02-06 23:55:32.992968|timerFactory-0x000074b5801ff6c0|[RPC][WS][SERVICE]connected nodes,count=0
info|2026-02-06 23:55:32.998981|ioService-0x000074b5903ff6c0|[P2PService][Service][METRIC]heartBeat,connected count=3
info|2026-02-06 23:55:42.993047|timerFactory-0x000074b5801ff6c0|[RPC][WS][SERVICE]connected nodes,count=0
info|2026-02-06 23:55:42.999082|ioService-0x000074b5903ff6c0|[P2PService][Service][METRIC]heartBeat,connected count=3
info|2026-02-06 23:55:52.973698|objMonitor-0x000074b5705ff6c0|[startMonitor][AliveObjectMonitor],AliveObjectAllocStat=[ type: bcos::gateway::Socket ,created: 9 ,destroyed: 5 ,alive: 4 ] [ type: bcos::gateway::ResponseCallback ,created: 28699 ,destroyed: 28694 ,alive: 5 ] 
info|2026-02-06 23:55:53.085502|timerFactory-0x000074b5801ff6c0|[RPC][WS][SERVICE]connected nodes,count=0
info|2026-02-06 23:55:53.091513|ioService-0x000074b5903ff6c0|[P2PService][Service][METRIC]heartBeat,connected count=3
info|2026-02-06 23:56:03.085592|timerFactory-0x000074b5801ff6c0|[RPC][WS][SERVICE]connected nodes,count=0
info|2026-02-06 23:56:03.091723|ioService-0x000074b5903ff6c0|[P2PService][Service][METRIC]heartBeat,connected count=3
info|2026-02-06 23:56:13.085669|timerFactory-0x000074b5801ff6c0|[RPC][WS][SERVICE]connected nodes,count=0
info|2026-02-06 23:56:13.091824|ioService-0x000074b5903ff6c0|[P2PService][Service][METRIC]heartBeat,connected count=3
info|2026-02-06 23:56:23.168697|timerFactory-0x000074b5801ff6c0|[RPC][WS][SERVICE]connected nodes,count=0
info|2026-02-06 23:56:23.174998|ioService-0x000074b5903ff6c0|[P2PService][Service][METRIC]heartBeat,connected count=3
info|2026-02-06 23:56:33.168896|timerFactory-0x000074b5801ff6c0|[RPC][WS][SERVICE]connected nodes,count=0
info|2026-02-06 23:56:33.175181|ioService-0x000074b5903ff6c0|[P2PService][Service][METRIC]heartBeat,connected count=3
info|2026-02-06 23:56:43.169119|timerFactory-0x000074b5801ff6c0|[RPC][WS][SERVICE]connected nodes,count=0
info|2026-02-06 23:56:43.175353|ioService-0x000074b5903ff6c0|[P2PService][Service][METRIC]heartBeat,connected count=3
info|2026-02-06 23:56:53.128096|objMonitor-0x000074b5705ff6c0|[startMonitor][AliveObjectMonitor],AliveObjectAllocStat=[ type: bcos::gateway::Socket ,created: 9 ,destroyed: 5 ,alive: 4 ] 
info|2026-02-06 23:56:53.240338|timerFactory-0x000074b5801ff6c0|[RPC][WS][SERVICE]connected nodes,count=0
info|2026-02-06 23:56:53.246782|ioService-0x000074b5903ff6c0|[P2PService][Service][METRIC]heartBeat,connected count=3
info|2026-02-06 23:57:03.240546|timerFactory-0x000074b5801ff6c0|[RPC][WS][SERVICE]connected nodes,count=0
info|2026-02-06 23:57:03.247002|ioService-0x000074b5903ff6c0|[P2PService][Service][METRIC]heartBeat,connected count=3
info|2026-02-06 23:57:13.240663|timerFactory-0x000074b5801ff6c0|[RPC][WS][SERVICE]connected nodes,count=0
info|2026-02-06 23:57:13.247166|ioService-0x000074b5903ff6c0|[P2PService][Service][METRIC]heartBeat,connected count=3
info|2026-02-06 23:57:23.332992|timerFactory-0x000074b5801ff6c0|[RPC][WS][SERVICE]connected nodes,count=0
info|2026-02-06 23:57:23.339477|ioService-0x000074b5903ff6c0|[P2PService][Service][METRIC]heartBeat,connected count=3
info|2026-02-06 23:57:33.333261|timerFactory-0x000074b5801ff6c0|[RPC][WS][SERVICE]connected nodes,count=0
info|2026-02-06 23:57:33.339685|ioService-0x000074b5903ff6c0|[P2PService][Service][METRIC]heartBeat,connected count=3
info|2026-02-06 23:57:43.333391|timerFactory-0x000074b5801ff6c0|[RPC][WS][SERVICE]connected nodes,count=0
info|2026-02-06 23:57:43.339885|ioService-0x000074b5903ff6c0|[P2PService][Service][METRIC]heartBeat,connected count=3
info|2026-02-06 23:57:53.326315|objMonitor-0x000074b5705ff6c0|[startMonitor][AliveObjectMonitor],AliveObjectAllocStat=[ type: bcos::gateway::Socket ,created: 9 ,destroyed: 5 ,alive: 4 ] 
info|2026-02-06 23:57:53.438347|timerFactory-0x000074b5801ff6c0|[RPC][WS][SERVICE]connected nodes,count=0
info|2026-02-06 23:57:53.445099|ioService-0x000074b5903ff6c0|[P2PService][Service][METRIC]heartBeat,connected count=3
info|2026-02-06 23:58:03.438635|timerFactory-0x000074b5801ff6c0|[RPC][WS][SERVICE]connected nodes,count=0
info|2026-02-06 23:58:03.445369|ioService-0x000074b5903ff6c0|[P2PService][Service][METRIC]heartBeat,connected count=3
info|2026-02-06 23:58:13.438729|timerFactory-0x000074b5801ff6c0|[RPC][WS][SERVICE]connected nodes,count=0
info|2026-02-06 23:58:13.445625|ioService-0x000074b5903ff6c0|[P2PService][Service][METRIC]heartBeat,connected count=3
info|2026-02-06 23:58:23.528366|timerFactory-0x000074b5801ff6c0|[RPC][WS][SERVICE]connected nodes,count=0
info|2026-02-06 23:58:23.534173|ioService-0x000074b5903ff6c0|[P2PService][Service][METRIC]heartBeat,connected count=3
info|2026-02-06 23:58:33.528516|timerFactory-0x000074b5801ff6c0|[RPC][WS][SERVICE]connected nodes,count=0
info|2026-02-06 23:58:33.534317|ioService-0x000074b5903ff6c0|[P2PService][Service][METRIC]heartBeat,connected count=3
info|2026-02-06 23:58:43.528825|timerFactory-0x000074b5801ff6c0|[RPC][WS][SERVICE]connected nodes,count=0
info|2026-02-06 23:58:43.534581|ioService-0x000074b5903ff6c0|[P2PService][Service][METRIC]heartBeat,connected count=3
info|2026-02-06 23:58:44.766663|pbft-0x000074b5929f96c0|[CONSENSUS][PBFT]handlePrePrepareMsg,reqHash=eb80a722...,reqIndex=116,reqV=3,fromIdx=3,wait(ms)=0,committedIndex=115,consNum=116,committedHash=814f411a...,view=3,toView=3,changeCycle=0,expectedCheckPoint=116,Idx=1,unsealedTxs=1,sealUntil=0,waitResealUntil=0,consensusTimeout=3000,nodeId=21a47ace...,utc=2841853
info|2026-02-06 23:58:44.766890|pbft-0x000074b5929f96c0|[TXPOOL]begin asyncVerifyBlock,consNum=116,hash=eb80a722...
info|2026-02-06 23:58:44.767051|verifier-0x000074b5b17f76c0|[TXPOOL]batchVerifyProposal,consNum=116,hash=eb80a722...,txsSize=1,lockT=0,verifyT=1,missedTxs=0
info|2026-02-06 23:58:44.767118|pbft-0x000074b5929f96c0|[CONSENSUS][PBFT]addPrepareCache,reqHash=eb80a722...,reqIndex=116,reqV=3,fromIdx=3,wait(ms)=1,committedIndex=115,consNum=116,committedHash=814f411a...,view=3,toView=3,changeCycle=0,expectedCheckPoint=116,Idx=1,unsealedTxs=1,sealUntil=0,waitResealUntil=0,consensusTimeout=3000,nodeId=21a47ace...,weight=1
info|2026-02-06 23:58:44.767168|verifier-0x000074b5b17f76c0|[TXPOOL][METRIC]asyncVerifyBlock finished,consNum=116,hash=eb80a722...,code=0,msg=success,result=true,timecost=1
info|2026-02-06 23:58:44.767249|verifier-0x000074b5b17f76c0|[CONSENSUS][PBFT]handlePrePrepareMsg,reqHash=eb80a722...,reqIndex=116,reqV=3,fromIdx=3,wait(ms)=1,committedIndex=115,consNum=116,committedHash=814f411a...,view=3,toView=3,changeCycle=0,expectedCheckPoint=116,Idx=1,unsealedTxs=1,sealUntil=0,waitResealUntil=0,consensusTimeout=3000,nodeId=21a47ace...,utc=2841853
info|2026-02-06 23:58:44.767318|verifier-0x000074b5b17f76c0|[CONSENSUS][PBFT]addPrePrepareCache,reqHash=eb80a722...,reqIndex=116,reqV=3,fromIdx=3,wait(ms)=1,sys=false,committedIndex=115,consNum=116,committedHash=814f411a...,view=3,toView=3,changeCycle=0,expectedCheckPoint=116,Idx=1,unsealedTxs=1,sealUntil=0,waitResealUntil=0,consensusTimeout=3000,nodeId=21a47ace...
info|2026-02-06 23:58:44.767339|validator-0x000074b5a37db6c0|[CONSENSUS][PBFT]asyncResetTxsFlag,index=116,hash=eb80a722...,flag=true
info|2026-02-06 23:58:44.767363|verifier-0x000074b5b17f76c0|[CONSENSUS][PBFT]notify the committed proposal index to the sync module success,index=116
info|2026-02-06 23:58:44.767389|validator-0x000074b5a37db6c0|[TXPOOL]batchMarkTxs,txsSize=1,batchId=116,hash=eb80a722...,sealFlag=true,notFound=0,reSealed=0,succ=1,time=0,markT=0
info|2026-02-06 23:58:44.767409|validator-0x000074b5a37db6c0|[CONSENSUS][PBFT]asyncMarkTxs success,index=116,hash=eb80a722...,flag=true,markT=0,emptyTxBatchHash=false
info|2026-02-06 23:58:44.767494|verifier-0x000074b5b17f76c0|[CONSENSUS][PBFT]addPrepareCache,reqHash=eb80a722...,reqIndex=116,reqV=3,fromIdx=1,wait(ms)=0,committedIndex=115,consNum=116,committedHash=814f411a...,view=3,toView=3,changeCycle=0,expectedCheckPoint=116,Idx=1,unsealedTxs=0,sealUntil=0,waitResealUntil=0,consensusTimeout=3000,nodeId=21a47ace...,weight=2
info|2026-02-06 23:58:44.767625|verifier-0x000074b5b17f76c0|[CONSENSUS][PBFT]broadcast prepare packet,packetSize=230,index=116
info|2026-02-06 23:58:44.767811|verifier-0x000074b5b17f76c0|[CONSENSUS][PBFT]handlePrePrepareMsg and broadcast prepare packet,reqHash=eb80a722...,reqIndex=116,reqV=3,fromIdx=3,wait(ms)=1,committedIndex=115,consNum=116,committedHash=814f411a...,view=3,toView=3,changeCycle=0,expectedCheckPoint=116,Idx=1,unsealedTxs=0,sealUntil=0,waitResealUntil=0,consensusTimeout=3000,nodeId=21a47ace...
info|2026-02-06 23:58:44.768035|txsPreStore-0x000074b5afff46c0|[TXPOOL]storeVerifiedBlock fetch block number from LedgerConfig
info|2026-02-06 23:58:44.768227|txsPreStore-0x000074b5afff46c0|[TOOL]LedgerConfigFetcher: fetchBlockNumber success,blockNumber=115
info|2026-02-06 23:58:44.768258|txsPreStore-0x000074b5afff46c0|[TXPOOL]storeVerifiedBlock,consNum=116,hash=eb80a722...,txsSize=1
info|2026-02-06 23:58:44.768317|txsPreStore-0x000074b5afff46c0|[LEDGER]asyncPreStoreBlockTxs: needStoreUnsavedTxs,txsSize=1,unstoredTxs=1,number=116
info|2026-02-06 23:58:44.768673|txsPreStore-0x000074b5afff46c0|[STORAGE-RocksDB]setRows finished,put=1,dataSize=9644,time(ms)=1
info|2026-02-06 23:58:44.768720|txsPreStore-0x000074b5afff46c0|[LEDGER]asyncPreStoreBlockTxs: store uncommitted txs,blockNumber=116,blockTxsSize=1,unStoredTxs=1,msg=success,code=0,timeCost=0
info|2026-02-06 23:58:44.768799|txsPreStore-0x000074b5afff46c0|[TXPOOL]storeVerifiedBlock success,consNum=116,hash=eb80a722...,timecost=0
info|2026-02-06 23:58:44.769096|pbft-0x000074b5929f96c0|[CONSENSUS][PBFT]addPrepareCache,reqHash=eb80a722...,reqIndex=116,reqV=3,fromIdx=0,wait(ms)=1,committedIndex=115,consNum=116,committedHash=814f411a...,view=3,toView=3,changeCycle=0,expectedCheckPoint=116,Idx=1,unsealedTxs=0,sealUntil=0,waitResealUntil=0,consensusTimeout=3000,nodeId=21a47ace...,weight=3
info|2026-02-06 23:58:44.769171|pbft-0x000074b5929f96c0|[CONSENSUS][PBFT]setSignatureList,signatureSize=3,propHash=eb80a722...,propIndex=116
info|2026-02-06 23:58:44.769202|pbft-0x000074b5929f96c0|[CONSENSUS][PBFT]intoPrecommit,reqHash=eb80a722...,reqIndex=116,reqV=3,fromIdx=1,wait(ms)=3,committedIndex=115,consNum=116,committedHash=814f411a...,view=3,toView=3,changeCycle=0,expectedCheckPoint=116,Idx=1,unsealedTxs=0,sealUntil=0,waitResealUntil=0,consensusTimeout=3000,nodeId=21a47ace...
info|2026-02-06 23:58:44.769280|pbft-0x000074b5929f96c0|[CONSENSUS][PBFT]addCommitCache,reqHash=eb80a722...,reqIndex=116,reqV=3,fromIdx=1,wait(ms)=0,committedIndex=115,consNum=116,committedHash=814f411a...,view=3,toView=3,changeCycle=0,expectedCheckPoint=116,Idx=1,unsealedTxs=0,sealUntil=0,waitResealUntil=0,consensusTimeout=3000,nodeId=21a47ace...,weight=1
info|2026-02-06 23:58:44.769299|pbft-0x000074b5929f96c0|[CONSENSUS][PBFT]checkAndPreCommit: broadcast commitMsg,Idx=1,hash=eb80a722...,index=116
info|2026-02-06 23:58:44.769658|pbft-0x000074b5929f96c0|[CONSENSUS][PBFT]addPrepareCache,reqHash=eb80a722...,reqIndex=116,reqV=3,fromIdx=2,wait(ms)=0,committedIndex=115,consNum=116,committedHash=814f411a...,view=3,toView=3,changeCycle=0,expectedCheckPoint=116,Idx=1,unsealedTxs=0,sealUntil=0,waitResealUntil=0,consensusTimeout=3000,nodeId=21a47ace...,weight=4
info|2026-02-06 23:58:44.770087|pbft-0x000074b5929f96c0|[CONSENSUS][PBFT]addCommitCache,reqHash=eb80a722...,reqIndex=116,reqV=3,fromIdx=3,wait(ms)=1,committedIndex=115,consNum=116,committedHash=814f411a...,view=3,toView=3,changeCycle=0,expectedCheckPoint=116,Idx=1,unsealedTxs=0,sealUntil=0,waitResealUntil=0,consensusTimeout=3000,nodeId=21a47ace...,weight=2
info|2026-02-06 23:58:44.770817|pbft-0x000074b5929f96c0|[CONSENSUS][PBFT]addCommitCache,reqHash=eb80a722...,reqIndex=116,reqV=3,fromIdx=0,wait(ms)=0,committedIndex=115,consNum=116,committedHash=814f411a...,view=3,toView=3,changeCycle=0,expectedCheckPoint=116,Idx=1,unsealedTxs=0,sealUntil=0,waitResealUntil=0,consensusTimeout=3000,nodeId=21a47ace...,weight=3
info|2026-02-06 23:58:44.770914|pbft-0x000074b5929f96c0|[CONSENSUS][PBFT]checkAndCommit,propHash=eb80a722...,propIndex=116,committedIndex=115,consNum=116,committedHash=814f411a...,view=3,toView=3,changeCycle=0,expectedCheckPoint=116,Idx=1,unsealedTxs=0,sealUntil=0,waitResealUntil=0,consensusTimeout=3000,nodeId=21a47ace...
info|2026-02-06 23:58:44.770942|pbft-0x000074b5929f96c0|[CONSENSUS][PBFT]######## CommitProposal,propHash=eb80a722...,propIndex=116,sys=false,committedIndex=115,consNum=116,committedHash=814f411a...,view=3,toView=3,changeCycle=0,expectedCheckPoint=116,Idx=1,unsealedTxs=0,sealUntil=0,waitResealUntil=0,consensusTimeout=3000,nodeId=21a47ace...
info|2026-02-06 23:58:44.770961|pbft-0x000074b5929f96c0|[CONSENSUS][PBFT]notify to seal next proposal,nextProposalIndex=117
info|2026-02-06 23:58:44.771087|pbft-0x000074b5929f96c0|[CONSENSUS][PBFT]notify to seal next proposal,nextProposalIndex=117
info|2026-02-06 23:58:44.771133|pbft-0x000074b5929f96c0|[CONSENSUS][PBFT]applyStateMachine,index=116,hash=eb80a722...,committedIndex=115,consNum=116,committedHash=814f411a...,view=3,toView=3,changeCycle=0,expectedCheckPoint=116,Idx=1,unsealedTxs=0,sealUntil=0,waitResealUntil=0,consensusTimeout=3000,nodeId=21a47ace...,unAppliedProposals=0
info|2026-02-06 23:58:44.771376|exeScheduler-0x000074b5608706c0|[SCHEDULER][METRIC][blk-116]ExecuteBlock request,gasLimit=3000000000,gasPrice=0x0,verify=false,signatureSize=0,txCount=0,metaTxCount=1,version=3.11.0,waitT=0
info|2026-02-06 23:58:44.771502|exeScheduler-0x000074b5608706c0|[SCHEDULER][blk-116][BlockTrace]ExecuteBlock start,time(ms)=0
info|2026-02-06 23:58:44.771540|exeScheduler-0x000074b5608706c0|[SCHEDULER][serialExecute][blk-116][BlockTrace]serialExecute execute block
info|2026-02-06 23:58:44.771846|preExeScheduler-0x000074b5610716c0|[SCHEDULER][METRIC][BlockTrace][blk-116]preExeBlock success,blockHeader.timestamp=1770393524727,metaTxCount=1,timeCost=0
info|2026-02-06 23:58:44.771975|exeScheduler-0x000074b5608706c0|[SCHEDULER][serialExecute][blk-116][BlockTrace]serialExecute batch next block
info|2026-02-06 23:58:44.772093|exeScheduler-0x000074b5608706c0|[SCHEDULER][blk-116][BlockTrace]NextBlock request,executorNum=1
info|2026-02-06 23:58:44.773398|exec-0x000074b5a77e36c0|[SCHEDULER][blk-116][BlockTrace]NextBlock success,executorNum=1,timeCost=1
info|2026-02-06 23:58:44.773459|exec-0x000074b5a77e36c0|[SCHEDULER][serialExecute][blk-116][BlockTrace]serialExecute block begin
info|2026-02-06 23:58:44.774961|Unnamed-0x000074b55e86c6c0|[STORAGE-KeyPage]empty table,table=/apps/ea8112c4d32ad5ebab9f390873e62361868d4935_accessAuth,key=61646d696e
info|2026-02-06 23:58:44.776140|Unnamed-0x000074b55e86c6c0|[STORAGE-KeyPage]empty table,table=/apps/ea8112c4d32ad5ebab9f390873e62361868d4935,key=0000000000000000000000000000000000000000000000000000000000000002
info|2026-02-06 23:58:44.776709|pbft-0x000074b5929f96c0|[CONSENSUS][PBFT]handleCheckPointMsg: try to add the checkpoint message into the cache,reqHash=39bb4037...,reqIndex=116,reqV=3,fromIdx=3,wait(ms)=1,committedIndex=115,consNum=116,committedHash=814f411a...,view=3,toView=3,changeCycle=0,expectedCheckPoint=116,Idx=1,unsealedTxs=0,sealUntil=0,waitResealUntil=0,consensusTimeout=3000,nodeId=21a47ace...
info|2026-02-06 23:58:44.776793|pbft-0x000074b5929f96c0|[CONSENSUS][PBFT]addCheckPointMsg,reqHash=39bb4037...,reqIndex=116,reqV=3,fromIdx=3,wait(ms)=1,Idx=1,weight=1,minRequiredWeight=3
info|2026-02-06 23:58:44.776812|pbft-0x000074b5929f96c0|[CONSENSUS][PBFT]notify to seal next proposal,nextProposalIndex=117
info|2026-02-06 23:58:44.776982|exec-0x000074b5a5fe06c0|[STORAGE-KeyPage]hash,size=29,blockVersion=51052544,readLength=15701,writeLength=324,pageCount=2,entrycount=2,entriesHash=7da464f36edd13520d812a8182e85d76318fcf688ec15c6080e20c4656ee0dbb,pagesHash=fd4434e3a1927ec3004f0262d3e01ad93d127d6d89cc3cec318a4d4023da5ce0,totalHash=80e05010cf4f6d910dce28e3510847af0c9db205070d608cb16841067534515b
info|2026-02-06 23:58:44.777085|exec-0x000074b5a5fe06c0|[EXECUTOR:1770391428][blk-116]GetTableHashes success,hash=80e05010cf4f6d910dce28e3510847af0c9db205070d608cb16841067534515b,time(ms)=1
info|2026-02-06 23:58:44.777192|exec-0x000074b5a5fe06c0|[SCHEDULER][blk-116][BlockTrace]ExecuteBlock success,hash=39bb4037...,stateRoot=80e05010cf4f6d910dce28e3510847af0c9db205070d608cb16841067534515b,receiptRoot=fdd4ac225dc2deec07037c8d424b27be45c0d869566f1c6ec7ddac10397d1493,txsRoot=7c9ebbb4...,gasUsed=122115,signatureSize=0,timeCost=6,blockVersion=51052544
info|2026-02-06 23:58:44.777245|exec-0x000074b5a5fe06c0|[CONSENSUS][Core][METRIC]asyncExecuteBlock success,sysBlock=false,number=116,result=39bb4037...,txsSize=1,txsRoot=7c9ebbb4...,receiptsRoot=fdd4ac22...,stateRoot=80e05010...,timeCost=6,execPerTx=6
info|2026-02-06 23:58:44.777347|exec-0x000074b5a5fe06c0|[CONSENSUS][PBFT]applyStateMachine finished,index=116,beforeExec=eb80a722...,afterExec=39bb4037...,committedIndex=115,consNum=116,committedHash=814f411a...,view=3,toView=3,changeCycle=0,expectedCheckPoint=116,Idx=1,unsealedTxs=0,sealUntil=0,waitResealUntil=0,consensusTimeout=3000,nodeId=21a47ace...,timecost=6
info|2026-02-06 23:58:44.777405|pbftWorker-0x000074b5a0fd66c0|[CONSENSUS][PBFT][STORAGE]asyncCommitProposal: write the committed proposal into db,index=116
info|2026-02-06 23:58:44.777521|pbftWorker-0x000074b5a0fd66c0|[CONSENSUS][PBFT][STORAGE]asyncPutProposal: commit success,dbName=pbftCommitDB,key=max_committed_proposal,number=116,timecost=0,dataSize=3
info|2026-02-06 23:58:44.777558|pbftWorker-0x000074b5a0fd66c0|[CONSENSUS][PBFT][STORAGE]asyncPutProposal: commit success,dbName=pbftCommitDB,key=116,number=116,timecost=0,dataSize=635
info|2026-02-06 23:58:44.777960|pbftWorker-0x000074b5a0fd66c0|[CONSENSUS][PBFT]addCheckPointMsg,reqHash=39bb4037...,reqIndex=116,reqV=3,fromIdx=1,wait(ms)=0,Idx=1,weight=2,minRequiredWeight=3
info|2026-02-06 23:58:44.778012|pbftWorker-0x000074b5a0fd66c0|[CONSENSUS][PBFT]setCheckPointProposal,propHash=39bb4037...,propIndex=116,committedIndex=115,consNum=116,committedHash=814f411a...,view=3,toView=3,changeCycle=0,expectedCheckPoint=116,Idx=1,unsealedTxs=0,sealUntil=0,waitResealUntil=0,consensusTimeout=3000,nodeId=21a47ace...
info|2026-02-06 23:58:44.778033|pbftWorker-0x000074b5a0fd66c0|[CONSENSUS][PBFT]PBFTConfig: setExpectedCheckPoint,committedIndex=115,consNum=116,committedHash=814f411a...,view=3,toView=3,changeCycle=0,expectedCheckPoint=117,Idx=1,unsealedTxs=0,sealUntil=0,waitResealUntil=0,consensusTimeout=3000,nodeId=21a47ace...,expectedCheckPoint=117
info|2026-02-06 23:58:44.778044|pbftWorker-0x000074b5a0fd66c0|[CONSENSUS][PBFT]notify to seal next proposal,nextProposalIndex=117
info|2026-02-06 23:58:44.778050|pbftWorker-0x000074b5a0fd66c0|[CONSENSUS][PBFT]onProposalApplySuccess,index=116,hash=39bb4037...,lockT=0,timecost=1
info|2026-02-06 23:58:44.781203|pbft-0x000074b5929f96c0|[CONSENSUS][PBFT]handleCheckPointMsg: try to add the checkpoint message into the cache,reqHash=39bb4037...,reqIndex=116,reqV=3,fromIdx=0,wait(ms)=1,committedIndex=115,consNum=116,committedHash=814f411a...,view=3,toView=3,changeCycle=0,expectedCheckPoint=117,Idx=1,unsealedTxs=0,sealUntil=0,waitResealUntil=0,consensusTimeout=3000,nodeId=21a47ace...
info|2026-02-06 23:58:44.781273|pbft-0x000074b5929f96c0|[CONSENSUS][PBFT]addCheckPointMsg,reqHash=39bb4037...,reqIndex=116,reqV=3,fromIdx=0,wait(ms)=1,Idx=1,weight=3,minRequiredWeight=3
info|2026-02-06 23:58:44.781289|pbft-0x000074b5929f96c0|[CONSENSUS][PBFT]notify to seal next proposal,nextProposalIndex=117
info|2026-02-06 23:58:44.781298|pbft-0x000074b5929f96c0|[CONSENSUS][PBFT]setSignatureList,signatureSize=3,propHash=39bb4037...,propIndex=116
info|2026-02-06 23:58:44.781305|pbft-0x000074b5929f96c0|[CONSENSUS][PBFT]checkAndCommitStableCheckPoint,index=116,hash=39bb4037...,committedIndex=115,consNum=116,committedHash=814f411a...,view=3,toView=3,changeCycle=0,expectedCheckPoint=117,Idx=1,unsealedTxs=0,sealUntil=0,waitResealUntil=0,consensusTimeout=3000,nodeId=21a47ace...
info|2026-02-06 23:58:44.781321|pbft-0x000074b5929f96c0|[CONSENSUS][PBFT]updateStableCheckPointQueue: insert new checkpoint proposal,index=116,hash=39bb4037...,committedIndex=115,consNum=116,committedHash=814f411a...,view=3,toView=3,changeCycle=0,expectedCheckPoint=117,Idx=1,unsealedTxs=0,sealUntil=0,waitResealUntil=0,consensusTimeout=3000,nodeId=21a47ace...
info|2026-02-06 23:58:44.781330|pbft-0x000074b5929f96c0|[CONSENSUS][PBFT]updateStableCheckPointQueue: commit stable checkpoint,index=116,committedIndex=115
info|2026-02-06 23:58:44.781347|pbft-0x000074b5929f96c0|[CONSENSUS][PBFT]asyncCommitStableCheckPoint: set signatureList,index=116,hash=39bb4037...,proofSize=3,blockProofSize=3
info|2026-02-06 23:58:44.781480|blockSubmit-0x000074b5a27d96c0|[SCHEDULER][blk-116][BlockTrace]CommitBlock start
info|2026-02-06 23:58:44.782069|blockSubmit-0x000074b5a27d96c0|[STORAGE-RocksDB]asyncPrepare,number=116
info|2026-02-06 23:58:44.782157|blockSubmit-0x000074b5a27d96c0|[STORAGE-RocksDB]asyncPrepare finished,blockNumber=116,put=7,delete=0,startTS=0,encode(ms)=0,time(ms)=0
info|2026-02-06 23:58:44.782191|blockSubmit-0x000074b5a27d96c0|[LEDGER]storeTransactionsAndReceipts,blockNumber=116
info|2026-02-06 23:58:44.782360|ledgerWrite-0x000074b5b8dfb6c0|[STORAGE-RocksDB]setRows finished,put=1,dataSize=140,time(ms)=0
info|2026-02-06 23:58:44.782341|exec-0x000074b5a57df6c0|[STORAGE-RocksDB]asyncPrepare,number=116
info|2026-02-06 23:58:44.782510|blockSubmit-0x000074b5a27d96c0|[LEDGER]storeTransactionsAndReceipts finished,blockNumber=116,blockTxsSize=1,unStoredTxs=0,timeCost=0
info|2026-02-06 23:58:44.782551|blockSubmit-0x000074b5a27d96c0|[LEDGER][METRIC]asyncPrewriteBlock,number=116,totalTxs=140,failedTxs=44,incTxs=1,incFailedTxs=0
info|2026-02-06 23:58:44.782879|exec-0x000074b5a57df6c0|[STORAGE-KeyPage]parallelTraverse,size=415
info|2026-02-06 23:58:44.782967|exec-0x000074b5a57df6c0|[STORAGE-RocksDB]asyncPrepare finished,blockNumber=116,put=6,delete=2,startTS=0,encode(ms)=1,time(ms)=1
info|2026-02-06 23:58:44.782980|exec-0x000074b5a57df6c0|[EXECUTOR:1770391428][blk-116]Prepare success
info|2026-02-06 23:58:44.783098|exec-0x000074b5a57df6c0|[STORAGE-RocksDB]asyncCommit finished,blockNumber=116,startTS=0,time(ms)=0,callback time(ms)=0,count=15
info|2026-02-06 23:58:44.783157|exec-0x000074b5a57df6c0|[TOOL]fetchCompatibilityVersion
info|2026-02-06 23:58:44.783286|exec-0x000074b5a57df6c0|[TOOL]fetchCompatibilityVersion success,version=3.11.0,versionNumber=51052544,minSupportedVersion=3.0.0-rc4,maxSupportedVersion=3.11.0
info|2026-02-06 23:58:44.783380|exec-0x000074b5a57df6c0|[TOOL]fetchAuthCheckStatus success,value=0
info|2026-02-06 23:58:44.783396|exec-0x000074b5a57df6c0|[EXECUTOR:1770391428]merge keyPage to cachedStorage,number=116
info|2026-02-06 23:58:44.783457|exec-0x000074b5a57df6c0|[STORAGE-KeyPage]parallelTraverse,size=415
info|2026-02-06 23:58:44.783469|exec-0x000074b5a57df6c0|[STORAGE]Successful merged records,count=8
info|2026-02-06 23:58:44.786566|exec-0x000074b5a57df6c0|[SCHEDULER][blk-116][BlockTrace]CommitBlock success,gas limit=3000000000,timeCost=5
info|2026-02-06 23:58:44.786715|exec-0x000074b5a57df6c0|[SCHEDULER][BlockTrace]Notify block result success,blockNumber=116
info|2026-02-06 23:58:44.786775|exec-0x000074b5a57df6c0|[CONSENSUS][PBFT][STORAGE][METRIC]commitStableCheckPoint success,index=116,hash=39bb4037...,txs=1,timeCost=5,commitPerTx=5
info|2026-02-06 23:58:44.786879|exec-0x000074b5a57df6c0|[SCHEDULER][blk-116]notify block result success,hash=39bb4037...,txsSize=1
info|2026-02-06 23:58:44.786935|blockSubmit-0x000074b5a27d96c0|[CONSENSUS][PBFT][METRIC]resetConfig,committedIndex=116,propHash=39bb4037...,blockCountLimit=1000,leaderPeriod=1,consensusNodesSize=4
info|2026-02-06 23:58:44.787094|blockSubmit-0x000074b5a27d96c0|[CONSENSUS][PBFT][METRIC]^^^^^^^^Report,sealer=3,txs=1,committedIndex=116,consNum=117,committedHash=39bb4037...,view=3,toView=3,changeCycle=0,expectedCheckPoint=117,Idx=1,unsealedTxs=0,sealUntil=0,waitResealUntil=0,consensusTimeout=3000,nodeId=21a47ace...
info|2026-02-06 23:58:44.787166|submitter-0x000074b5b3ffc6c0|[TXPOOL][METRIC]StatTPS,tps=16,totalTime=62
info|2026-02-06 23:58:44.787315|blockSubmit-0x000074b5a27d96c0|[CONSENSUS][SEALER]asyncNoteLatestBlockNumber,number=116
info|2026-02-06 23:58:44.787405|blockSubmit-0x000074b5a27d96c0|[CONSENSUS][SEALER]asyncNoteLatestBlockHash,_hash=39bb4037...
info|2026-02-06 23:58:44.787457|exec-0x000074b5a57df6c0|[STORAGE-RocksDB]asyncCommit finished,blockNumber=116,startTS=0,time(ms)=0,callback time(ms)=4,count=0
info|2026-02-06 23:58:44.787602|submitter-0x000074b5b3ffc6c0|[TXPOOL][METRIC]batchRemove txs success,expectedSize=1,succCount=1,batchId=116,timecost=1,lockT=1,removeT=1,updateLedgerNonceT=0,updateTxPoolNonceT=0
info|2026-02-06 23:58:44.787689|blockSubmit-0x000074b5a27d96c0|[BLOCK SYNC]#### BlockSyncConfig resetConfig,number=116,consNodeSize=4,observerNodeSize=0,type=CONSENSUS_NODE
info|2026-02-06 23:58:44.788236|blockSubmit-0x000074b5a27d96c0|[CONSENSUS][PBFT]notify to seal next proposal,nextProposalIndex=117
info|2026-02-06 23:58:44.788826|blockSubmit-0x000074b5a27d96c0|[CONSENSUS][PBFT]removeConsensusedCache finalizeConsensus,view=3,number=116,eraseSize=1,cacheSize=0
info|2026-02-06 23:58:44.789049|blockSubmit-0x000074b5a27d96c0|[CONSENSUS][PBFT][STORAGE]asyncRemoveStabledCheckPoint,index=111
info|2026-02-06 23:58:44.789136|blockSubmit-0x000074b5a27d96c0|[CONSENSUS][PBFT][STORAGE]asyncRemove success,dbName=pbftCommitDB,key=111
info|2026-02-06 23:58:47.829095|pbft-0x000074b5929f96c0|[CONSENSUS][PBFT]handlePrePrepareMsg,reqHash=94d653ca...,reqIndex=117,reqV=3,fromIdx=0,wait(ms)=0,committedIndex=116,consNum=117,committedHash=39bb4037...,view=3,toView=3,changeCycle=0,expectedCheckPoint=117,Idx=1,unsealedTxs=1,sealUntil=0,waitResealUntil=0,consensusTimeout=3000,nodeId=21a47ace...,utc=2844915
info|2026-02-06 23:58:47.829196|pbft-0x000074b5929f96c0|[TXPOOL]begin asyncVerifyBlock,consNum=117,hash=94d653ca...
info|2026-02-06 23:58:47.829303|verifier-0x000074b5b0ff66c0|[TXPOOL]batchVerifyProposal,consNum=117,hash=94d653ca...,txsSize=1,lockT=0,verifyT=0,missedTxs=0
info|2026-02-06 23:58:47.829332|verifier-0x000074b5b0ff66c0|[TXPOOL][METRIC]asyncVerifyBlock finished,consNum=117,hash=94d653ca...,code=0,msg=success,result=true,timecost=0
info|2026-02-06 23:58:47.829366|verifier-0x000074b5b0ff66c0|[CONSENSUS][PBFT]handlePrePrepareMsg,reqHash=94d653ca...,reqIndex=117,reqV=3,fromIdx=0,wait(ms)=0,committedIndex=116,consNum=117,committedHash=39bb4037...,view=3,toView=3,changeCycle=0,expectedCheckPoint=117,Idx=1,unsealedTxs=1,sealUntil=0,waitResealUntil=0,consensusTimeout=3000,nodeId=21a47ace...,utc=2844915
info|2026-02-06 23:58:47.829384|verifier-0x000074b5b0ff66c0|[CONSENSUS][PBFT]addPrePrepareCache,reqHash=94d653ca...,reqIndex=117,reqV=3,fromIdx=0,wait(ms)=0,sys=false,committedIndex=116,consNum=117,committedHash=39bb4037...,view=3,toView=3,changeCycle=0,expectedCheckPoint=117,Idx=1,unsealedTxs=1,sealUntil=0,waitResealUntil=0,consensusTimeout=3000,nodeId=21a47ace...
info|2026-02-06 23:58:47.829391|verifier-0x000074b5b0ff66c0|[CONSENSUS][PBFT]notify the committed proposal index to the sync module success,index=117
info|2026-02-06 23:58:47.829447|validator-0x000074b5a3fdc6c0|[CONSENSUS][PBFT]asyncResetTxsFlag,index=117,hash=94d653ca...,flag=true
info|2026-02-06 23:58:47.829467|verifier-0x000074b5b0ff66c0|[CONSENSUS][PBFT]addPrepareCache,reqHash=94d653ca...,reqIndex=117,reqV=3,fromIdx=1,wait(ms)=0,committedIndex=116,consNum=117,committedHash=39bb4037...,view=3,toView=3,changeCycle=0,expectedCheckPoint=117,Idx=1,unsealedTxs=1,sealUntil=0,waitResealUntil=0,consensusTimeout=3000,nodeId=21a47ace...,weight=1
info|2026-02-06 23:58:47.829498|validator-0x000074b5a3fdc6c0|[TXPOOL]batchMarkTxs,txsSize=1,batchId=117,hash=94d653ca...,sealFlag=true,notFound=0,reSealed=0,succ=1,time=0,markT=0
info|2026-02-06 23:58:47.829529|validator-0x000074b5a3fdc6c0|[CONSENSUS][PBFT]asyncMarkTxs success,index=117,hash=94d653ca...,flag=true,markT=0,emptyTxBatchHash=false
info|2026-02-06 23:58:47.829567|verifier-0x000074b5b0ff66c0|[CONSENSUS][PBFT]broadcast prepare packet,packetSize=228,index=117
info|2026-02-06 23:58:47.829674|verifier-0x000074b5b0ff66c0|[CONSENSUS][PBFT]handlePrePrepareMsg and broadcast prepare packet,reqHash=94d653ca...,reqIndex=117,reqV=3,fromIdx=0,wait(ms)=0,committedIndex=116,consNum=117,committedHash=39bb4037...,view=3,toView=3,changeCycle=0,expectedCheckPoint=117,Idx=1,unsealedTxs=0,sealUntil=0,waitResealUntil=0,consensusTimeout=3000,nodeId=21a47ace...
info|2026-02-06 23:58:47.829850|txsPreStore-0x000074b5afff46c0|[TXPOOL]storeVerifiedBlock fetch block number from LedgerConfig
info|2026-02-06 23:58:47.829942|txsPreStore-0x000074b5afff46c0|[TOOL]LedgerConfigFetcher: fetchBlockNumber success,blockNumber=116
info|2026-02-06 23:58:47.829960|txsPreStore-0x000074b5afff46c0|[TXPOOL]storeVerifiedBlock,consNum=117,hash=94d653ca...,txsSize=1
info|2026-02-06 23:58:47.829981|txsPreStore-0x000074b5afff46c0|[LEDGER]asyncPreStoreBlockTxs: needStoreUnsavedTxs,txsSize=1,unstoredTxs=1,number=117
info|2026-02-06 23:58:47.830589|txsPreStore-0x000074b5afff46c0|[STORAGE-RocksDB]setRows finished,put=1,dataSize=10903,time(ms)=0
info|2026-02-06 23:58:47.830655|pbft-0x000074b5929f96c0|[CONSENSUS][PBFT]addPrepareCache,reqHash=94d653ca...,reqIndex=117,reqV=3,fromIdx=0,wait(ms)=1,committedIndex=116,consNum=117,committedHash=39bb4037...,view=3,toView=3,changeCycle=0,expectedCheckPoint=117,Idx=1,unsealedTxs=0,sealUntil=0,waitResealUntil=0,consensusTimeout=3000,nodeId=21a47ace...,weight=2
info|2026-02-06 23:58:47.830741|txsPreStore-0x000074b5afff46c0|[LEDGER]asyncPreStoreBlockTxs: store uncommitted txs,blockNumber=117,blockTxsSize=1,unStoredTxs=1,msg=success,code=0,timeCost=1
info|2026-02-06 23:58:47.830755|txsPreStore-0x000074b5afff46c0|[TXPOOL]storeVerifiedBlock success,consNum=117,hash=94d653ca...,timecost=1
info|2026-02-06 23:58:47.830823|pbft-0x000074b5929f96c0|[CONSENSUS][PBFT]addPrepareCache,reqHash=94d653ca...,reqIndex=117,reqV=3,fromIdx=3,wait(ms)=0,committedIndex=116,consNum=117,committedHash=39bb4037...,view=3,toView=3,changeCycle=0,expectedCheckPoint=117,Idx=1,unsealedTxs=0,sealUntil=0,waitResealUntil=0,consensusTimeout=3000,nodeId=21a47ace...,weight=3
info|2026-02-06 23:58:47.830860|pbft-0x000074b5929f96c0|[CONSENSUS][PBFT]setSignatureList,signatureSize=3,propHash=94d653ca...,propIndex=117
info|2026-02-06 23:58:47.830873|pbft-0x000074b5929f96c0|[CONSENSUS][PBFT]intoPrecommit,reqHash=94d653ca...,reqIndex=117,reqV=3,fromIdx=1,wait(ms)=1,committedIndex=116,consNum=117,committedHash=39bb4037...,view=3,toView=3,changeCycle=0,expectedCheckPoint=117,Idx=1,unsealedTxs=0,sealUntil=0,waitResealUntil=0,consensusTimeout=3000,nodeId=21a47ace...
info|2026-02-06 23:58:47.830921|pbft-0x000074b5929f96c0|[CONSENSUS][PBFT]addCommitCache,reqHash=94d653ca...,reqIndex=117,reqV=3,fromIdx=1,wait(ms)=0,committedIndex=116,consNum=117,committedHash=39bb4037...,view=3,toView=3,changeCycle=0,expectedCheckPoint=117,Idx=1,unsealedTxs=0,sealUntil=0,waitResealUntil=0,consensusTimeout=3000,nodeId=21a47ace...,weight=1
info|2026-02-06 23:58:47.830928|pbft-0x000074b5929f96c0|[CONSENSUS][PBFT]checkAndPreCommit: broadcast commitMsg,Idx=1,hash=94d653ca...,index=117
info|2026-02-06 23:58:47.831689|pbft-0x000074b5929f96c0|[CONSENSUS][PBFT]addCommitCache,reqHash=94d653ca...,reqIndex=117,reqV=3,fromIdx=0,wait(ms)=0,committedIndex=116,consNum=117,committedHash=39bb4037...,view=3,toView=3,changeCycle=0,expectedCheckPoint=117,Idx=1,unsealedTxs=0,sealUntil=0,waitResealUntil=0,consensusTimeout=3000,nodeId=21a47ace...,weight=2
info|2026-02-06 23:58:47.836027|pbft-0x000074b5929f96c0|[CONSENSUS][PBFT]addPrepareCache,reqHash=94d653ca...,reqIndex=117,reqV=3,fromIdx=2,wait(ms)=1,committedIndex=116,consNum=117,committedHash=39bb4037...,view=3,toView=3,changeCycle=0,expectedCheckPoint=117,Idx=1,unsealedTxs=0,sealUntil=0,waitResealUntil=0,consensusTimeout=3000,nodeId=21a47ace...,weight=4
info|2026-02-06 23:58:47.836201|pbft-0x000074b5929f96c0|[CONSENSUS][PBFT]addCommitCache,reqHash=94d653ca...,reqIndex=117,reqV=3,fromIdx=3,wait(ms)=1,committedIndex=116,consNum=117,committedHash=39bb4037...,view=3,toView=3,changeCycle=0,expectedCheckPoint=117,Idx=1,unsealedTxs=0,sealUntil=0,waitResealUntil=0,consensusTimeout=3000,nodeId=21a47ace...,weight=3
info|2026-02-06 23:58:47.836254|pbft-0x000074b5929f96c0|[CONSENSUS][PBFT]checkAndCommit,propHash=94d653ca...,propIndex=117,committedIndex=116,consNum=117,committedHash=39bb4037...,view=3,toView=3,changeCycle=0,expectedCheckPoint=117,Idx=1,unsealedTxs=0,sealUntil=0,waitResealUntil=0,consensusTimeout=3000,nodeId=21a47ace...
info|2026-02-06 23:58:47.836273|pbft-0x000074b5929f96c0|[CONSENSUS][PBFT]######## CommitProposal,propHash=94d653ca...,propIndex=117,sys=false,committedIndex=116,consNum=117,committedHash=39bb4037...,view=3,toView=3,changeCycle=0,expectedCheckPoint=117,Idx=1,unsealedTxs=0,sealUntil=0,waitResealUntil=0,consensusTimeout=3000,nodeId=21a47ace...
info|2026-02-06 23:58:47.836327|pbft-0x000074b5929f96c0|[CONSENSUS][SEALER]resetSealingInfo,start=118,end=118,sealingNumber=118,waitUntil=0,unsealedTxs=0
info|2026-02-06 23:58:47.836337|pbft-0x000074b5929f96c0|[CONSENSUS][PBFT]asyncNotifySealProposal success,startIndex=118,endIndex=118,maxTxsToSeal=1000
info|2026-02-06 23:58:47.836343|pbft-0x000074b5929f96c0|[CONSENSUS][SEALER]asyncNotifySealProposal,startIndex=118,endIndex=118,maxTxsPerBlock=1000
info|2026-02-06 23:58:47.836351|pbft-0x000074b5929f96c0|[CONSENSUS][PBFT]notifySealer: notify the new leader to seal block,lockNotifyT=0,idx=1,startIndex=118,endIndex=118,notifyBeginIndex=118,waitSealUntil=0,waitResealUntil=0,maxTxsToSeal=1000,committedIndex=116,consNum=117,committedHash=39bb4037...,view=3,toView=3,changeCycle=0,expectedCheckPoint=117,Idx=1,unsealedTxs=0,sealUntil=0,waitResealUntil=0,consensusTimeout=3000,nodeId=21a47ace...
info|2026-02-06 23:58:47.836370|pbft-0x000074b5929f96c0|[CONSENSUS][PBFT]notify to seal next proposal,nextProposalIndex=118
info|2026-02-06 23:58:47.836455|pbft-0x000074b5929f96c0|[CONSENSUS][PBFT]notifySealer return for invalid seal range,lockNotifyT=0,currentEndIndex=118,expectedEndIndex=118,committedIndex=116,consNum=117,committedHash=39bb4037...,view=3,toView=3,changeCycle=0,expectedCheckPoint=117,Idx=1,unsealedTxs=0,sealUntil=0,waitResealUntil=0,consensusTimeout=3000,nodeId=21a47ace...
info|2026-02-06 23:58:47.836478|pbft-0x000074b5929f96c0|[CONSENSUS][PBFT]notify to seal next proposal,nextProposalIndex=118
info|2026-02-06 23:58:47.836487|pbft-0x000074b5929f96c0|[CONSENSUS][PBFT]applyStateMachine,index=117,hash=94d653ca...,committedIndex=116,consNum=117,committedHash=39bb4037...,view=3,toView=3,changeCycle=0,expectedCheckPoint=117,Idx=1,unsealedTxs=0,sealUntil=0,waitResealUntil=0,consensusTimeout=3000,nodeId=21a47ace...,unAppliedProposals=0
info|2026-02-06 23:58:47.836803|exeScheduler-0x000074b5608706c0|[SCHEDULER][METRIC][blk-117]ExecuteBlock request,gasLimit=3000000000,gasPrice=0x0,verify=false,signatureSize=0,txCount=0,metaTxCount=1,version=3.11.0,waitT=0
info|2026-02-06 23:58:47.836931|exeScheduler-0x000074b5608706c0|[SCHEDULER][blk-117][BlockTrace]ExecuteBlock start,time(ms)=0
info|2026-02-06 23:58:47.836949|exeScheduler-0x000074b5608706c0|[SCHEDULER][serialExecute][blk-117][BlockTrace]serialExecute execute block
info|2026-02-06 23:58:47.837116|preExeScheduler-0x000074b5618726c0|[SCHEDULER][METRIC][BlockTrace][blk-117]preExeBlock success,blockHeader.timestamp=1770393527828,metaTxCount=1,timeCost=1
info|2026-02-06 23:58:47.837310|exeScheduler-0x000074b5608706c0|[SCHEDULER][serialExecute][blk-117][BlockTrace]serialExecute batch next block
info|2026-02-06 23:58:47.837402|exeScheduler-0x000074b5608706c0|[SCHEDULER][blk-117][BlockTrace]NextBlock request,executorNum=1
info|2026-02-06 23:58:47.838670|exec-0x000074b5adff06c0|[SCHEDULER][blk-117][BlockTrace]NextBlock success,executorNum=1,timeCost=1
info|2026-02-06 23:58:47.838705|exec-0x000074b5adff06c0|[SCHEDULER][serialExecute][blk-117][BlockTrace]serialExecute block begin
info|2026-02-06 23:58:47.839505|Unnamed-0x000074b55e06b6c0|[STORAGE-KeyPage]empty table,table=/apps/ea8163a500e346222a9f92a012307b8ba666695f_accessAuth,key=61646d696e
info|2026-02-06 23:58:47.839793|Unnamed-0x000074b55e06b6c0|[STORAGE-KeyPage]empty table,table=/apps/ea8163a500e346222a9f92a012307b8ba666695f,key=0000000000000000000000000000000000000000000000000000000000000004
info|2026-02-06 23:58:47.840336|exec-0x000074b5ad7ef6c0|[STORAGE-KeyPage]hash,size=29,blockVersion=51052544,readLength=18342,writeLength=452,pageCount=2,entrycount=2,entriesHash=92f1abfb7a0ffb2c92feb7fd50d5bba66e77ddf65eb991b167955bdab3d593a8,pagesHash=21cac4f910c037e675d7b14dd613ba3c36bbd78eb2c6dc31f2805cb74d8d93a5,totalHash=b33b6f026acfcccae72906b086c6019a58cc0a78ec7f4d809515076dfe58000d
info|2026-02-06 23:58:47.840382|exec-0x000074b5ad7ef6c0|[EXECUTOR:1770391428][blk-117]GetTableHashes success,hash=b33b6f026acfcccae72906b086c6019a58cc0a78ec7f4d809515076dfe58000d,time(ms)=0
info|2026-02-06 23:58:47.840728|exec-0x000074b5ad7ef6c0|[SCHEDULER][blk-117][BlockTrace]ExecuteBlock success,hash=89e2d292...,stateRoot=b33b6f026acfcccae72906b086c6019a58cc0a78ec7f4d809515076dfe58000d,receiptRoot=f6ea6c600d8f020bae0f43c4b0f4364a11151afd169f75ca695c1f24e11ba925,txsRoot=2b3f3c4e...,gasUsed=128597,signatureSize=0,timeCost=4,blockVersion=51052544
info|2026-02-06 23:58:47.840768|exec-0x000074b5ad7ef6c0|[CONSENSUS][Core][METRIC]asyncExecuteBlock success,sysBlock=false,number=117,result=89e2d292...,txsSize=1,txsRoot=2b3f3c4e...,receiptsRoot=f6ea6c60...,stateRoot=b33b6f02...,timeCost=4,execPerTx=4
info|2026-02-06 23:58:47.840810|exec-0x000074b5ad7ef6c0|[CONSENSUS][PBFT]applyStateMachine finished,index=117,beforeExec=94d653ca...,afterExec=89e2d292...,committedIndex=116,consNum=117,committedHash=39bb4037...,view=3,toView=3,changeCycle=0,expectedCheckPoint=117,Idx=1,unsealedTxs=0,sealUntil=0,waitResealUntil=0,consensusTimeout=3000,nodeId=21a47ace...,timecost=4
info|2026-02-06 23:58:47.840840|pbftWorker-0x000074b5a07d56c0|[CONSENSUS][PBFT][STORAGE]asyncCommitProposal: write the committed proposal into db,index=117
info|2026-02-06 23:58:47.840966|pbftWorker-0x000074b5a07d56c0|[CONSENSUS][PBFT][STORAGE]asyncPutProposal: commit success,dbName=pbftCommitDB,key=max_committed_proposal,number=117,timecost=1,dataSize=3
info|2026-02-06 23:58:47.841192|pbftWorker-0x000074b5a07d56c0|[CONSENSUS][PBFT][STORAGE]asyncPutProposal: commit success,dbName=pbftCommitDB,key=117,number=117,timecost=0,dataSize=631
info|2026-02-06 23:58:47.841875|pbftWorker-0x000074b5a07d56c0|[CONSENSUS][PBFT]addCheckPointMsg,reqHash=89e2d292...,reqIndex=117,reqV=3,fromIdx=1,wait(ms)=0,Idx=1,weight=1,minRequiredWeight=3
info|2026-02-06 23:58:47.841932|pbftWorker-0x000074b5a07d56c0|[CONSENSUS][PBFT]setCheckPointProposal,propHash=89e2d292...,propIndex=117,committedIndex=116,consNum=117,committedHash=39bb4037...,view=3,toView=3,changeCycle=0,expectedCheckPoint=117,Idx=1,unsealedTxs=0,sealUntil=0,waitResealUntil=0,consensusTimeout=3000,nodeId=21a47ace...
info|2026-02-06 23:58:47.842058|pbftWorker-0x000074b5a07d56c0|[CONSENSUS][PBFT]PBFTConfig: setExpectedCheckPoint,committedIndex=116,consNum=117,committedHash=39bb4037...,view=3,toView=3,changeCycle=0,expectedCheckPoint=118,Idx=1,unsealedTxs=0,sealUntil=0,waitResealUntil=0,consensusTimeout=3000,nodeId=21a47ace...,expectedCheckPoint=118
info|2026-02-06 23:58:47.842080|pbftWorker-0x000074b5a07d56c0|[CONSENSUS][PBFT]notifySealer return for invalid seal range,lockNotifyT=0,currentEndIndex=118,expectedEndIndex=118,committedIndex=116,consNum=117,committedHash=39bb4037...,view=3,toView=3,changeCycle=0,expectedCheckPoint=118,Idx=1,unsealedTxs=0,sealUntil=0,waitResealUntil=0,consensusTimeout=3000,nodeId=21a47ace...
info|2026-02-06 23:58:47.842089|pbftWorker-0x000074b5a07d56c0|[CONSENSUS][PBFT]notify to seal next proposal,nextProposalIndex=118
info|2026-02-06 23:58:47.842100|pbftWorker-0x000074b5a07d56c0|[CONSENSUS][PBFT]onProposalApplySuccess,index=117,hash=89e2d292...,lockT=0,timecost=1
info|2026-02-06 23:58:47.842465|pbft-0x000074b5929f96c0|[CONSENSUS][PBFT]handleCheckPointMsg: try to add the checkpoint message into the cache,reqHash=89e2d292...,reqIndex=117,reqV=3,fromIdx=2,wait(ms)=0,committedIndex=116,consNum=117,committedHash=39bb4037...,view=3,toView=3,changeCycle=0,expectedCheckPoint=118,Idx=1,unsealedTxs=0,sealUntil=0,waitResealUntil=0,consensusTimeout=3000,nodeId=21a47ace...
info|2026-02-06 23:58:47.842497|pbft-0x000074b5929f96c0|[CONSENSUS][PBFT]addCheckPointMsg,reqHash=89e2d292...,reqIndex=117,reqV=3,fromIdx=2,wait(ms)=0,Idx=1,weight=2,minRequiredWeight=3
info|2026-02-06 23:58:47.842507|pbft-0x000074b5929f96c0|[CONSENSUS][PBFT]notifySealer return for invalid seal range,lockNotifyT=0,currentEndIndex=118,expectedEndIndex=118,committedIndex=116,consNum=117,committedHash=39bb4037...,view=3,toView=3,changeCycle=0,expectedCheckPoint=118,Idx=1,unsealedTxs=0,sealUntil=0,waitResealUntil=0,consensusTimeout=3000,nodeId=21a47ace...
info|2026-02-06 23:58:47.842516|pbft-0x000074b5929f96c0|[CONSENSUS][PBFT]notify to seal next proposal,nextProposalIndex=118
info|2026-02-06 23:58:47.842668|pbft-0x000074b5929f96c0|[CONSENSUS][PBFT]handleCheckPointMsg: try to add the checkpoint message into the cache,reqHash=89e2d292...,reqIndex=117,reqV=3,fromIdx=3,wait(ms)=0,committedIndex=116,consNum=117,committedHash=39bb4037...,view=3,toView=3,changeCycle=0,expectedCheckPoint=118,Idx=1,unsealedTxs=0,sealUntil=0,waitResealUntil=0,consensusTimeout=3000,nodeId=21a47ace...
info|2026-02-06 23:58:47.842680|pbft-0x000074b5929f96c0|[CONSENSUS][PBFT]addCheckPointMsg,reqHash=89e2d292...,reqIndex=117,reqV=3,fromIdx=3,wait(ms)=0,Idx=1,weight=3,minRequiredWeight=3
info|2026-02-06 23:58:47.842685|pbft-0x000074b5929f96c0|[CONSENSUS][PBFT]notifySealer return for invalid seal range,lockNotifyT=0,currentEndIndex=118,expectedEndIndex=118,committedIndex=116,consNum=117,committedHash=39bb4037...,view=3,toView=3,changeCycle=0,expectedCheckPoint=118,Idx=1,unsealedTxs=0,sealUntil=0,waitResealUntil=0,consensusTimeout=3000,nodeId=21a47ace...
info|2026-02-06 23:58:47.842694|pbft-0x000074b5929f96c0|[CONSENSUS][PBFT]notify to seal next proposal,nextProposalIndex=118
info|2026-02-06 23:58:47.842699|pbft-0x000074b5929f96c0|[CONSENSUS][PBFT]setSignatureList,signatureSize=3,propHash=89e2d292...,propIndex=117
info|2026-02-06 23:58:47.842706|pbft-0x000074b5929f96c0|[CONSENSUS][PBFT]checkAndCommitStableCheckPoint,index=117,hash=89e2d292...,committedIndex=116,consNum=117,committedHash=39bb4037...,view=3,toView=3,changeCycle=0,expectedCheckPoint=118,Idx=1,unsealedTxs=0,sealUntil=0,waitResealUntil=0,consensusTimeout=3000,nodeId=21a47ace...
info|2026-02-06 23:58:47.842714|pbft-0x000074b5929f96c0|[CONSENSUS][PBFT]updateStableCheckPointQueue: insert new checkpoint proposal,index=117,hash=89e2d292...,committedIndex=116,consNum=117,committedHash=39bb4037...,view=3,toView=3,changeCycle=0,expectedCheckPoint=118,Idx=1,unsealedTxs=0,sealUntil=0,waitResealUntil=0,consensusTimeout=3000,nodeId=21a47ace...
info|2026-02-06 23:58:47.842722|pbft-0x000074b5929f96c0|[CONSENSUS][PBFT]updateStableCheckPointQueue: commit stable checkpoint,index=117,committedIndex=116
info|2026-02-06 23:58:47.842739|pbft-0x000074b5929f96c0|[CONSENSUS][PBFT]asyncCommitStableCheckPoint: set signatureList,index=117,hash=89e2d292...,proofSize=3,blockProofSize=3
info|2026-02-06 23:58:47.842896|pbft-0x000074b5929f96c0|[CONSENSUS][PBFT]handleCheckPointMsg: try to add the checkpoint message into the cache,reqHash=89e2d292...,reqIndex=117,reqV=3,fromIdx=0,wait(ms)=0,committedIndex=116,consNum=117,committedHash=39bb4037...,view=3,toView=3,changeCycle=0,expectedCheckPoint=118,Idx=1,unsealedTxs=0,sealUntil=0,waitResealUntil=0,consensusTimeout=3000,nodeId=21a47ace...
info|2026-02-06 23:58:47.842906|pbft-0x000074b5929f96c0|[CONSENSUS][PBFT]addCheckPointMsg,reqHash=89e2d292...,reqIndex=117,reqV=3,fromIdx=0,wait(ms)=0,Idx=1,weight=4,minRequiredWeight=3
info|2026-02-06 23:58:47.842912|pbft-0x000074b5929f96c0|[CONSENSUS][PBFT]notifySealer return for invalid seal range,lockNotifyT=0,currentEndIndex=118,expectedEndIndex=118,committedIndex=116,consNum=117,committedHash=39bb4037...,view=3,toView=3,changeCycle=0,expectedCheckPoint=118,Idx=1,unsealedTxs=0,sealUntil=0,waitResealUntil=0,consensusTimeout=3000,nodeId=21a47ace...
info|2026-02-06 23:58:47.842918|pbft-0x000074b5929f96c0|[CONSENSUS][PBFT]notify to seal next proposal,nextProposalIndex=118
info|2026-02-06 23:58:47.843619|blockSubmit-0x000074b5a27d96c0|[SCHEDULER][blk-117][BlockTrace]CommitBlock start
info|2026-02-06 23:58:47.844039|blockSubmit-0x000074b5a27d96c0|[STORAGE-RocksDB]asyncPrepare,number=117
info|2026-02-06 23:58:47.844298|blockSubmit-0x000074b5a27d96c0|[STORAGE-RocksDB]asyncPrepare finished,blockNumber=117,put=7,delete=0,startTS=0,encode(ms)=0,time(ms)=0
info|2026-02-06 23:58:47.844382|blockSubmit-0x000074b5a27d96c0|[LEDGER]storeTransactionsAndReceipts,blockNumber=117
info|2026-02-06 23:58:47.844544|ledgerWrite-0x000074b5b65f66c0|[STORAGE-RocksDB]setRows finished,put=1,dataSize=140,time(ms)=0
info|2026-02-06 23:58:47.844561|exec-0x000074b5acfee6c0|[STORAGE-RocksDB]asyncPrepare,number=117
info|2026-02-06 23:58:47.844644|exec-0x000074b5acfee6c0|[STORAGE-KeyPage]parallelTraverse,size=591
info|2026-02-06 23:58:47.844654|exec-0x000074b5acfee6c0|[STORAGE-RocksDB]asyncPrepare finished,blockNumber=117,put=6,delete=3,startTS=0,encode(ms)=0,time(ms)=0
info|2026-02-06 23:58:47.844661|exec-0x000074b5acfee6c0|[EXECUTOR:1770391428][blk-117]Prepare success
info|2026-02-06 23:58:47.844691|blockSubmit-0x000074b5a27d96c0|[LEDGER]storeTransactionsAndReceipts finished,blockNumber=117,blockTxsSize=1,unStoredTxs=0,timeCost=0
info|2026-02-06 23:58:47.844981|blockSubmit-0x000074b5a27d96c0|[STORAGE-RocksDB]asyncCommit finished,blockNumber=117,startTS=0,time(ms)=0,callback time(ms)=0,count=16
info|2026-02-06 23:58:47.845023|exec-0x000074b5ac7ed6c0|[TOOL]fetchCompatibilityVersion
info|2026-02-06 23:58:47.845087|blockSubmit-0x000074b5a27d96c0|[LEDGER][METRIC]asyncPrewriteBlock,number=117,totalTxs=141,failedTxs=44,incTxs=1,incFailedTxs=0
info|2026-02-06 23:58:47.845128|exec-0x000074b5ac7ed6c0|[TOOL]fetchCompatibilityVersion success,version=3.11.0,versionNumber=51052544,minSupportedVersion=3.0.0-rc4,maxSupportedVersion=3.11.0
info|2026-02-06 23:58:47.845162|exec-0x000074b5ac7ed6c0|[TOOL]fetchAuthCheckStatus success,value=0
info|2026-02-06 23:58:47.845169|exec-0x000074b5ac7ed6c0|[EXECUTOR:1770391428]merge keyPage to cachedStorage,number=117
info|2026-02-06 23:58:47.845226|exec-0x000074b5ac7ed6c0|[STORAGE-KeyPage]parallelTraverse,size=591
info|2026-02-06 23:58:47.845230|exec-0x000074b5ac7ed6c0|[STORAGE]Successful merged records,count=9
info|2026-02-06 23:58:47.846118|exec-0x000074b5ac7ed6c0|[SCHEDULER][blk-117][BlockTrace]CommitBlock success,gas limit=3000000000,timeCost=3
info|2026-02-06 23:58:47.846171|exec-0x000074b5ac7ed6c0|[SCHEDULER][BlockTrace]Notify block result success,blockNumber=117
info|2026-02-06 23:58:47.846182|exec-0x000074b5ac7ed6c0|[CONSENSUS][PBFT][STORAGE][METRIC]commitStableCheckPoint success,index=117,hash=89e2d292...,txs=1,timeCost=3,commitPerTx=3
info|2026-02-06 23:58:47.846216|exec-0x000074b5ac7ed6c0|[SCHEDULER][blk-117]notify block result success,hash=89e2d292...,txsSize=1
info|2026-02-06 23:58:47.846501|exec-0x000074b5ac7ed6c0|[STORAGE-RocksDB]asyncCommit finished,blockNumber=117,startTS=0,time(ms)=0,callback time(ms)=1,count=0
info|2026-02-06 23:58:47.846981|blockSubmit-0x000074b5a27d96c0|[CONSENSUS][PBFT][METRIC]resetConfig,committedIndex=117,propHash=89e2d292...,blockCountLimit=1000,leaderPeriod=1,consensusNodesSize=4
info|2026-02-06 23:58:47.847068|blockSubmit-0x000074b5a27d96c0|[CONSENSUS][PBFT][METRIC]^^^^^^^^Report,sealer=0,txs=1,committedIndex=117,consNum=118,committedHash=89e2d292...,view=3,toView=3,changeCycle=0,expectedCheckPoint=118,Idx=1,unsealedTxs=0,sealUntil=0,waitResealUntil=0,consensusTimeout=3000,nodeId=21a47ace...
info|2026-02-06 23:58:47.847091|blockSubmit-0x000074b5a27d96c0|[CONSENSUS][SEALER]asyncNoteLatestBlockNumber,number=117
info|2026-02-06 23:58:47.847097|blockSubmit-0x000074b5a27d96c0|[CONSENSUS][SEALER]asyncNoteLatestBlockHash,_hash=89e2d292...
info|2026-02-06 23:58:47.847118|blockSubmit-0x000074b5a27d96c0|[BLOCK SYNC]#### BlockSyncConfig resetConfig,number=117,consNodeSize=4,observerNodeSize=0,type=CONSENSUS_NODE
info|2026-02-06 23:58:47.847513|submitter-0x000074b5b37fb6c0|[TXPOOL][METRIC]StatTPS,tps=47,totalTime=21
info|2026-02-06 23:58:47.847586|blockSubmit-0x000074b5a27d96c0|[CONSENSUS][PBFT]notifySealer return for invalid seal range,lockNotifyT=0,currentEndIndex=118,expectedEndIndex=118,committedIndex=117,consNum=118,committedHash=89e2d292...,view=3,toView=3,changeCycle=0,expectedCheckPoint=118,Idx=1,unsealedTxs=0,sealUntil=0,waitResealUntil=0,consensusTimeout=3000,nodeId=21a47ace...
info|2026-02-06 23:58:47.847623|blockSubmit-0x000074b5a27d96c0|[CONSENSUS][PBFT]notifySealer return for invalid seal range,lockNotifyT=0,currentEndIndex=118,expectedEndIndex=118,committedIndex=117,consNum=118,committedHash=89e2d292...,view=3,toView=3,changeCycle=0,expectedCheckPoint=118,Idx=1,unsealedTxs=0,sealUntil=0,waitResealUntil=0,consensusTimeout=3000,nodeId=21a47ace...
info|2026-02-06 23:58:47.847639|blockSubmit-0x000074b5a27d96c0|[CONSENSUS][PBFT]notify to seal next proposal,nextProposalIndex=118
info|2026-02-06 23:58:47.847745|blockSubmit-0x000074b5a27d96c0|[CONSENSUS][PBFT]removeConsensusedCache finalizeConsensus,view=3,number=117,eraseSize=1,cacheSize=0
info|2026-02-06 23:58:47.847840|blockSubmit-0x000074b5a27d96c0|[CONSENSUS][PBFT][STORAGE]asyncRemoveStabledCheckPoint,index=112
info|2026-02-06 23:58:47.847933|blockSubmit-0x000074b5a27d96c0|[CONSENSUS][PBFT][STORAGE]asyncRemove success,dbName=pbftCommitDB,key=112
info|2026-02-06 23:58:47.848012|submitter-0x000074b5b37fb6c0|[TXPOOL][METRIC]batchRemove txs success,expectedSize=1,succCount=1,batchId=117,timecost=2,lockT=1,removeT=1,updateLedgerNonceT=0,updateTxPoolNonceT=0
info|2026-02-06 23:58:49.940751|pullTxsTimer-0x000074b5a17d76c0|[CONSENSUS][PBFT]tryToSyncTxs: try to request unsealing txs from peer,committedIndex=117,consNum=118,committedHash=89e2d292...,view=3,toView=3,changeCycle=0,expectedCheckPoint=118,Idx=1,unsealedTxs=0,sealUntil=0,waitResealUntil=0,consensusTimeout=3000,nodeId=21a47ace...
info|2026-02-06 23:58:50.908197|txsSeal-0x000074b5b07f56c0|[TXPOOL]begin batchFetchTxs,pendingTxs=1,limit=1000
info|2026-02-06 23:58:50.908273|txsSeal-0x000074b5b07f56c0|[TXPOOL][METRIC]batchFetchTxs success,time=0,txsSize=1,sysTxsSize=0,pendingTxs=1,limit=1000,fetchTxsT=0,lockT=0,invalidBefore=0,invalidNow=0,sealed=0,traverseCount=1
info|2026-02-06 23:58:50.909351|Sealer-0x000074b5939fb6c0|[CONSENSUS][SEALER]++++++++++++++++ Generate proposal,index=118,curNum=117,hash=f67ab178...,sysTxs=false,txsSize=1,version=51052544
info|2026-02-06 23:58:50.909380|Sealer-0x000074b5939fb6c0|[CONSENSUS][PBFT]asyncSubmitProposal,index=118,hash=f67ab178...,committedIndex=117,consNum=118,committedHash=89e2d292...,view=3,toView=3,changeCycle=0,expectedCheckPoint=118,Idx=1,unsealedTxs=0,sealUntil=0,waitResealUntil=0,consensusTimeout=3000,nodeId=21a47ace...
info|2026-02-06 23:58:50.909413|Sealer-0x000074b5939fb6c0|[CONSENSUS][PBFT]++++++++++++++++ Generating seal on,index=118,Idx=1,hash=f67ab178...,sysProposal=false
info|2026-02-06 23:58:50.909553|Sealer-0x000074b5939fb6c0|[CONSENSUS][PBFT]broadcast pre-prepare packet,packetSize=551,index=118,encode(ms)=0,asyncSend(ms)=0
info|2026-02-06 23:58:50.909576|Sealer-0x000074b5939fb6c0|[CONSENSUS][PBFT]handlePrePrepareMsg,reqHash=f67ab178...,reqIndex=118,reqV=3,fromIdx=1,wait(ms)=0,committedIndex=117,consNum=118,committedHash=89e2d292...,view=3,toView=3,changeCycle=0,expectedCheckPoint=118,Idx=1,unsealedTxs=0,sealUntil=0,waitResealUntil=0,consensusTimeout=3000,nodeId=21a47ace...,utc=2847903
info|2026-02-06 23:58:50.909616|Sealer-0x000074b5939fb6c0|[CONSENSUS][PBFT]addPrePrepareCache,reqHash=f67ab178...,reqIndex=118,reqV=3,fromIdx=1,wait(ms)=0,sys=false,committedIndex=117,consNum=118,committedHash=89e2d292...,view=3,toView=3,changeCycle=0,expectedCheckPoint=118,Idx=1,unsealedTxs=0,sealUntil=0,waitResealUntil=0,consensusTimeout=3000,nodeId=21a47ace...
info|2026-02-06 23:58:50.909627|validator-0x000074b5a37db6c0|[CONSENSUS][PBFT]asyncResetTxsFlag,index=118,hash=f67ab178...,flag=true
info|2026-02-06 23:58:50.909640|Sealer-0x000074b5939fb6c0|[CONSENSUS][PBFT]notify the committed proposal index to the sync module success,index=118
info|2026-02-06 23:58:50.909643|validator-0x000074b5a37db6c0|[TXPOOL]batchMarkTxs,txsSize=1,batchId=118,hash=f67ab178...,sealFlag=true,notFound=0,reSealed=0,succ=1,time=0,markT=0
info|2026-02-06 23:58:50.909651|validator-0x000074b5a37db6c0|[CONSENSUS][PBFT]asyncMarkTxs success,index=118,hash=f67ab178...,flag=true,markT=0,emptyTxBatchHash=false
info|2026-02-06 23:58:50.909697|Sealer-0x000074b5939fb6c0|[CONSENSUS][PBFT]addPrepareCache,reqHash=f67ab178...,reqIndex=118,reqV=3,fromIdx=1,wait(ms)=0,committedIndex=117,consNum=118,committedHash=89e2d292...,view=3,toView=3,changeCycle=0,expectedCheckPoint=118,Idx=1,unsealedTxs=0,sealUntil=0,waitResealUntil=0,consensusTimeout=3000,nodeId=21a47ace...,weight=1
info|2026-02-06 23:58:50.909893|Sealer-0x000074b5939fb6c0|[CONSENSUS][PBFT]broadcast prepare packet,packetSize=230,index=118
info|2026-02-06 23:58:50.909999|Sealer-0x000074b5939fb6c0|[CONSENSUS][PBFT]handlePrePrepareMsg and broadcast prepare packet,reqHash=f67ab178...,reqIndex=118,reqV=3,fromIdx=1,wait(ms)=1,committedIndex=117,consNum=118,committedHash=89e2d292...,view=3,toView=3,changeCycle=0,expectedCheckPoint=118,Idx=1,unsealedTxs=0,sealUntil=0,waitResealUntil=0,consensusTimeout=3000,nodeId=21a47ace...
info|2026-02-06 23:58:50.910029|Sealer-0x000074b5939fb6c0|[CONSENSUS][PBFT]handlePrePrepareMsg success,index=118,costT(ms)=0
info|2026-02-06 23:58:50.911463|pbft-0x000074b5929f96c0|[CONSENSUS][PBFT]addPrepareCache,reqHash=f67ab178...,reqIndex=118,reqV=3,fromIdx=3,wait(ms)=0,committedIndex=117,consNum=118,committedHash=89e2d292...,view=3,toView=3,changeCycle=0,expectedCheckPoint=118,Idx=1,unsealedTxs=0,sealUntil=0,waitResealUntil=0,consensusTimeout=3000,nodeId=21a47ace...,weight=2
info|2026-02-06 23:58:50.911583|pbft-0x000074b5929f96c0|[CONSENSUS][PBFT]addPrepareCache,reqHash=f67ab178...,reqIndex=118,reqV=3,fromIdx=0,wait(ms)=0,committedIndex=117,consNum=118,committedHash=89e2d292...,view=3,toView=3,changeCycle=0,expectedCheckPoint=118,Idx=1,unsealedTxs=0,sealUntil=0,waitResealUntil=0,consensusTimeout=3000,nodeId=21a47ace...,weight=3
info|2026-02-06 23:58:50.911607|pbft-0x000074b5929f96c0|[CONSENSUS][PBFT]setSignatureList,signatureSize=3,propHash=f67ab178...,propIndex=118
info|2026-02-06 23:58:50.911617|pbft-0x000074b5929f96c0|[CONSENSUS][PBFT]intoPrecommit,reqHash=f67ab178...,reqIndex=118,reqV=3,fromIdx=1,wait(ms)=2,committedIndex=117,consNum=118,committedHash=89e2d292...,view=3,toView=3,changeCycle=0,expectedCheckPoint=118,Idx=1,unsealedTxs=0,sealUntil=0,waitResealUntil=0,consensusTimeout=3000,nodeId=21a47ace...
info|2026-02-06 23:58:50.911658|pbft-0x000074b5929f96c0|[CONSENSUS][PBFT]addCommitCache,reqHash=f67ab178...,reqIndex=118,reqV=3,fromIdx=1,wait(ms)=0,committedIndex=117,consNum=118,committedHash=89e2d292...,view=3,toView=3,changeCycle=0,expectedCheckPoint=118,Idx=1,unsealedTxs=0,sealUntil=0,waitResealUntil=0,consensusTimeout=3000,nodeId=21a47ace...,weight=1
info|2026-02-06 23:58:50.911663|pbft-0x000074b5929f96c0|[CONSENSUS][PBFT]checkAndPreCommit: broadcast commitMsg,Idx=1,hash=f67ab178...,index=118
info|2026-02-06 23:58:50.912043|pbft-0x000074b5929f96c0|[CONSENSUS][PBFT]addCommitCache,reqHash=f67ab178...,reqIndex=118,reqV=3,fromIdx=3,wait(ms)=1,committedIndex=117,consNum=118,committedHash=89e2d292...,view=3,toView=3,changeCycle=0,expectedCheckPoint=118,Idx=1,unsealedTxs=0,sealUntil=0,waitResealUntil=0,consensusTimeout=3000,nodeId=21a47ace...,weight=2
info|2026-02-06 23:58:50.912118|pbft-0x000074b5929f96c0|[CONSENSUS][PBFT]addCommitCache,reqHash=f67ab178...,reqIndex=118,reqV=3,fromIdx=0,wait(ms)=0,committedIndex=117,consNum=118,committedHash=89e2d292...,view=3,toView=3,changeCycle=0,expectedCheckPoint=118,Idx=1,unsealedTxs=0,sealUntil=0,waitResealUntil=0,consensusTimeout=3000,nodeId=21a47ace...,weight=3
info|2026-02-06 23:58:50.912128|pbft-0x000074b5929f96c0|[CONSENSUS][PBFT]checkAndCommit,propHash=f67ab178...,propIndex=118,committedIndex=117,consNum=118,committedHash=89e2d292...,view=3,toView=3,changeCycle=0,expectedCheckPoint=118,Idx=1,unsealedTxs=0,sealUntil=0,waitResealUntil=0,consensusTimeout=3000,nodeId=21a47ace...
info|2026-02-06 23:58:50.912134|pbft-0x000074b5929f96c0|[CONSENSUS][PBFT]######## CommitProposal,propHash=f67ab178...,propIndex=118,sys=false,committedIndex=117,consNum=118,committedHash=89e2d292...,view=3,toView=3,changeCycle=0,expectedCheckPoint=118,Idx=1,unsealedTxs=0,sealUntil=0,waitResealUntil=0,consensusTimeout=3000,nodeId=21a47ace...
info|2026-02-06 23:58:50.912143|pbft-0x000074b5929f96c0|[CONSENSUS][PBFT]notify to seal next proposal,nextProposalIndex=119
info|2026-02-06 23:58:50.912180|pbft-0x000074b5929f96c0|[CONSENSUS][PBFT]notify to seal next proposal,nextProposalIndex=119
info|2026-02-06 23:58:50.912185|pbft-0x000074b5929f96c0|[CONSENSUS][PBFT]applyStateMachine,index=118,hash=f67ab178...,committedIndex=117,consNum=118,committedHash=89e2d292...,view=3,toView=3,changeCycle=0,expectedCheckPoint=118,Idx=1,unsealedTxs=0,sealUntil=0,waitResealUntil=0,consensusTimeout=3000,nodeId=21a47ace...,unAppliedProposals=0
info|2026-02-06 23:58:50.912287|preExeScheduler-0x000074b5610716c0|[SCHEDULER][METRIC][BlockTrace][blk-118]preExeBlock success,blockHeader.timestamp=1770393530909,metaTxCount=1,timeCost=0
info|2026-02-06 23:58:50.912329|exeScheduler-0x000074b5608706c0|[SCHEDULER][METRIC][blk-118]ExecuteBlock request,gasLimit=3000000000,gasPrice=0x0,verify=false,signatureSize=0,txCount=0,metaTxCount=1,version=3.11.0,waitT=0
info|2026-02-06 23:58:50.912379|exeScheduler-0x000074b5608706c0|[SCHEDULER][blk-118][BlockTrace]ExecuteBlock start,time(ms)=0
info|2026-02-06 23:58:50.912398|exeScheduler-0x000074b5608706c0|[SCHEDULER][serialExecute][blk-118][BlockTrace]serialExecute execute block
info|2026-02-06 23:58:50.912403|exeScheduler-0x000074b5608706c0|[SCHEDULER][serialExecute][blk-118][BlockTrace]serialExecute batch next block
info|2026-02-06 23:58:50.912406|exeScheduler-0x000074b5608706c0|[SCHEDULER][blk-118][BlockTrace]NextBlock request,executorNum=1
info|2026-02-06 23:58:50.912867|exec-0x000074b5ab7eb6c0|[SCHEDULER][blk-118][BlockTrace]NextBlock success,executorNum=1,timeCost=0
info|2026-02-06 23:58:50.912895|exec-0x000074b5ab7eb6c0|[SCHEDULER][serialExecute][blk-118][BlockTrace]serialExecute block begin
info|2026-02-06 23:58:50.913234|Unnamed-0x000074b55d86a6c0|[STORAGE-KeyPage]empty table,table=/apps/f74a2277090f690aac0339d95b8d9216257aaf68_accessAuth,key=61646d696e
info|2026-02-06 23:58:50.913456|Unnamed-0x000074b55d86a6c0|[STORAGE-KeyPage]empty table,table=/apps/f74a2277090f690aac0339d95b8d9216257aaf68,key=0000000000000000000000000000000000000000000000000000000000000000
info|2026-02-06 23:58:50.913621|exec-0x000074b5aafea6c0|[STORAGE-KeyPage]hash,size=29,blockVersion=51052544,readLength=10494,writeLength=388,pageCount=2,entrycount=2,entriesHash=06686da81706cb9949da1ce7f42d162669f66a4928ad028beb01dd3cfdd3532c,pagesHash=a3981bd3c8573f945d80884de62bb49c8934d09329e20cd308ebe329093a39af,totalHash=a5f0767bdf51f40d145a94aa1206a2bae0c2bada014f0e58e3ea3e15f4e96a83
info|2026-02-06 23:58:50.913655|exec-0x000074b5aafea6c0|[EXECUTOR:1770391428][blk-118]GetTableHashes success,hash=a5f0767bdf51f40d145a94aa1206a2bae0c2bada014f0e58e3ea3e15f4e96a83,time(ms)=0
info|2026-02-06 23:58:50.913678|exec-0x000074b5aafea6c0|[SCHEDULER][blk-118][BlockTrace]ExecuteBlock success,hash=fa912f2f...,stateRoot=a5f0767bdf51f40d145a94aa1206a2bae0c2bada014f0e58e3ea3e15f4e96a83,receiptRoot=5e9b551468833624543c683a4648f762ae5896e2b2742b6f1a8d9661d22456a3,txsRoot=0d9a754e...,gasUsed=67112,signatureSize=0,timeCost=1,blockVersion=51052544
info|2026-02-06 23:58:50.913736|exec-0x000074b5aafea6c0|[CONSENSUS][Core][METRIC]asyncExecuteBlock success,sysBlock=false,number=118,result=fa912f2f...,txsSize=1,txsRoot=0d9a754e...,receiptsRoot=5e9b5514...,stateRoot=a5f0767b...,timeCost=1,execPerTx=1
info|2026-02-06 23:58:50.913785|exec-0x000074b5aafea6c0|[CONSENSUS][PBFT]applyStateMachine finished,index=118,beforeExec=f67ab178...,afterExec=fa912f2f...,committedIndex=117,consNum=118,committedHash=89e2d292...,view=3,toView=3,changeCycle=0,expectedCheckPoint=118,Idx=1,unsealedTxs=0,sealUntil=0,waitResealUntil=0,consensusTimeout=3000,nodeId=21a47ace...,timecost=1
info|2026-02-06 23:58:50.913818|pbftWorker-0x000074b59ffd46c0|[CONSENSUS][PBFT][STORAGE]asyncCommitProposal: write the committed proposal into db,index=118
info|2026-02-06 23:58:50.913875|pbftWorker-0x000074b59ffd46c0|[CONSENSUS][PBFT][STORAGE]asyncPutProposal: commit success,dbName=pbftCommitDB,key=max_committed_proposal,number=118,timecost=1,dataSize=3
info|2026-02-06 23:58:50.914118|pbftWorker-0x000074b59ffd46c0|[CONSENSUS][PBFT][STORAGE]asyncPutProposal: commit success,dbName=pbftCommitDB,key=118,number=118,timecost=0,dataSize=635
info|2026-02-06 23:58:50.914177|pbft-0x000074b5929f96c0|[CONSENSUS][PBFT]handleCheckPointMsg: try to add the checkpoint message into the cache,reqHash=fa912f2f...,reqIndex=118,reqV=3,fromIdx=3,wait(ms)=1,committedIndex=117,consNum=118,committedHash=89e2d292...,view=3,toView=3,changeCycle=0,expectedCheckPoint=118,Idx=1,unsealedTxs=0,sealUntil=0,waitResealUntil=0,consensusTimeout=3000,nodeId=21a47ace...
info|2026-02-06 23:58:50.914215|pbft-0x000074b5929f96c0|[CONSENSUS][PBFT]addCheckPointMsg,reqHash=fa912f2f...,reqIndex=118,reqV=3,fromIdx=3,wait(ms)=1,Idx=1,weight=1,minRequiredWeight=3
info|2026-02-06 23:58:50.914224|pbft-0x000074b5929f96c0|[CONSENSUS][PBFT]notify to seal next proposal,nextProposalIndex=119
info|2026-02-06 23:58:50.914277|pbftWorker-0x000074b59ffd46c0|[CONSENSUS][PBFT]addCheckPointMsg,reqHash=fa912f2f...,reqIndex=118,reqV=3,fromIdx=1,wait(ms)=0,Idx=1,weight=2,minRequiredWeight=3
info|2026-02-06 23:58:50.914298|pbftWorker-0x000074b59ffd46c0|[CONSENSUS][PBFT]setCheckPointProposal,propHash=fa912f2f...,propIndex=118,committedIndex=117,consNum=118,committedHash=89e2d292...,view=3,toView=3,changeCycle=0,expectedCheckPoint=118,Idx=1,unsealedTxs=0,sealUntil=0,waitResealUntil=0,consensusTimeout=3000,nodeId=21a47ace...
info|2026-02-06 23:58:50.914308|pbftWorker-0x000074b59ffd46c0|[CONSENSUS][PBFT]PBFTConfig: setExpectedCheckPoint,committedIndex=117,consNum=118,committedHash=89e2d292...,view=3,toView=3,changeCycle=0,expectedCheckPoint=119,Idx=1,unsealedTxs=0,sealUntil=0,waitResealUntil=0,consensusTimeout=3000,nodeId=21a47ace...,expectedCheckPoint=119
info|2026-02-06 23:58:50.914313|pbftWorker-0x000074b59ffd46c0|[CONSENSUS][PBFT]notify to seal next proposal,nextProposalIndex=119
info|2026-02-06 23:58:50.914317|pbftWorker-0x000074b59ffd46c0|[CONSENSUS][PBFT]onProposalApplySuccess,index=118,hash=fa912f2f...,lockT=0,timecost=0
info|2026-02-06 23:58:50.914884|pbft-0x000074b5929f96c0|[CONSENSUS][PBFT]handleCheckPointMsg: try to add the checkpoint message into the cache,reqHash=fa912f2f...,reqIndex=118,reqV=3,fromIdx=0,wait(ms)=0,committedIndex=117,consNum=118,committedHash=89e2d292...,view=3,toView=3,changeCycle=0,expectedCheckPoint=119,Idx=1,unsealedTxs=0,sealUntil=0,waitResealUntil=0,consensusTimeout=3000,nodeId=21a47ace...
info|2026-02-06 23:58:50.914916|pbft-0x000074b5929f96c0|[CONSENSUS][PBFT]addCheckPointMsg,reqHash=fa912f2f...,reqIndex=118,reqV=3,fromIdx=0,wait(ms)=0,Idx=1,weight=3,minRequiredWeight=3
info|2026-02-06 23:58:50.914925|pbft-0x000074b5929f96c0|[CONSENSUS][PBFT]notify to seal next proposal,nextProposalIndex=119
info|2026-02-06 23:58:50.914973|pbft-0x000074b5929f96c0|[CONSENSUS][PBFT]setSignatureList,signatureSize=3,propHash=fa912f2f...,propIndex=118
info|2026-02-06 23:58:50.914992|pbft-0x000074b5929f96c0|[CONSENSUS][PBFT]checkAndCommitStableCheckPoint,index=118,hash=fa912f2f...,committedIndex=117,consNum=118,committedHash=89e2d292...,view=3,toView=3,changeCycle=0,expectedCheckPoint=119,Idx=1,unsealedTxs=0,sealUntil=0,waitResealUntil=0,consensusTimeout=3000,nodeId=21a47ace...
info|2026-02-06 23:58:50.915000|pbft-0x000074b5929f96c0|[CONSENSUS][PBFT]updateStableCheckPointQueue: insert new checkpoint proposal,index=118,hash=fa912f2f...,committedIndex=117,consNum=118,committedHash=89e2d292...,view=3,toView=3,changeCycle=0,expectedCheckPoint=119,Idx=1,unsealedTxs=0,sealUntil=0,waitResealUntil=0,consensusTimeout=3000,nodeId=21a47ace...
info|2026-02-06 23:58:50.915005|pbft-0x000074b5929f96c0|[CONSENSUS][PBFT]updateStableCheckPointQueue: commit stable checkpoint,index=118,committedIndex=117
info|2026-02-06 23:58:50.915017|pbft-0x000074b5929f96c0|[CONSENSUS][PBFT]asyncCommitStableCheckPoint: set signatureList,index=118,hash=fa912f2f...,proofSize=3,blockProofSize=3
info|2026-02-06 23:58:50.915066|blockSubmit-0x000074b5a27d96c0|[SCHEDULER][blk-118][BlockTrace]CommitBlock start
info|2026-02-06 23:58:50.915304|blockSubmit-0x000074b5a27d96c0|[STORAGE-RocksDB]asyncPrepare,number=118
info|2026-02-06 23:58:50.915478|blockSubmit-0x000074b5a27d96c0|[STORAGE-RocksDB]asyncPrepare finished,blockNumber=118,put=7,delete=0,startTS=0,encode(ms)=0,time(ms)=0
info|2026-02-06 23:58:50.915513|blockSubmit-0x000074b5a27d96c0|[LEDGER]storeTransactionsAndReceipts,blockNumber=118
info|2026-02-06 23:58:50.915565|exec-0x000074b5aa7e96c0|[STORAGE-RocksDB]asyncPrepare,number=118
info|2026-02-06 23:58:50.915612|blockSubmit-0x000074b5a27d96c0|[STORAGE-RocksDB]setRows finished,put=1,dataSize=5683,time(ms)=0
info|2026-02-06 23:58:50.915671|ledgerWrite-0x000074b5b8dfb6c0|[STORAGE-RocksDB]setRows finished,put=1,dataSize=139,time(ms)=0
info|2026-02-06 23:58:50.915692|exec-0x000074b5aa7e96c0|[STORAGE-KeyPage]parallelTraverse,size=491
info|2026-02-06 23:58:50.915726|exec-0x000074b5aa7e96c0|[STORAGE-RocksDB]asyncPrepare finished,blockNumber=118,put=6,delete=3,startTS=0,encode(ms)=0,time(ms)=0
info|2026-02-06 23:58:50.915745|blockSubmit-0x000074b5a27d96c0|[LEDGER]storeTransactionsAndReceipts finished,blockNumber=118,blockTxsSize=1,unStoredTxs=1,timeCost=0
info|2026-02-06 23:58:50.915756|blockSubmit-0x000074b5a27d96c0|[LEDGER][METRIC]asyncPrewriteBlock,number=118,totalTxs=142,failedTxs=44,incTxs=1,incFailedTxs=0
info|2026-02-06 23:58:50.915777|exec-0x000074b5aa7e96c0|[EXECUTOR:1770391428][blk-118]Prepare success
info|2026-02-06 23:58:50.915889|exec-0x000074b5aa7e96c0|[STORAGE-RocksDB]asyncCommit finished,blockNumber=118,startTS=0,time(ms)=0,callback time(ms)=0,count=16
info|2026-02-06 23:58:50.915918|exec-0x000074b5aa7e96c0|[TOOL]fetchCompatibilityVersion
info|2026-02-06 23:58:50.915973|exec-0x000074b5aa7e96c0|[TOOL]fetchCompatibilityVersion success,version=3.11.0,versionNumber=51052544,minSupportedVersion=3.0.0-rc4,maxSupportedVersion=3.11.0
info|2026-02-06 23:58:50.916011|exec-0x000074b5aa7e96c0|[TOOL]fetchAuthCheckStatus success,value=0
info|2026-02-06 23:58:50.916028|exec-0x000074b5aa7e96c0|[EXECUTOR:1770391428]merge keyPage to cachedStorage,number=118
info|2026-02-06 23:58:50.916058|exec-0x000074b5aa7e96c0|[STORAGE-KeyPage]parallelTraverse,size=491
info|2026-02-06 23:58:50.916061|exec-0x000074b5aa7e96c0|[STORAGE]Successful merged records,count=9
info|2026-02-06 23:58:50.918348|exec-0x000074b5aa7e96c0|[SCHEDULER][blk-118][BlockTrace]CommitBlock success,gas limit=3000000000,timeCost=3
info|2026-02-06 23:58:50.918408|exec-0x000074b5aa7e96c0|[SCHEDULER][BlockTrace]Notify block result success,blockNumber=118
info|2026-02-06 23:58:50.918413|exec-0x000074b5aa7e96c0|[CONSENSUS][PBFT][STORAGE][METRIC]commitStableCheckPoint success,index=118,hash=fa912f2f...,txs=1,timeCost=3,commitPerTx=3
info|2026-02-06 23:58:50.918434|exec-0x000074b5aa7e96c0|[SCHEDULER][blk-118]notify block result success,hash=fa912f2f...,txsSize=1
info|2026-02-06 23:58:50.918452|blockSubmit-0x000074b5a27d96c0|[CONSENSUS][PBFT][METRIC]resetConfig,committedIndex=118,propHash=fa912f2f...,blockCountLimit=1000,leaderPeriod=1,consensusNodesSize=4
info|2026-02-06 23:58:50.918505|exec-0x000074b5aa7e96c0|[STORAGE-RocksDB]asyncCommit finished,blockNumber=118,startTS=0,time(ms)=0,callback time(ms)=3,count=0
info|2026-02-06 23:58:50.918490|blockSubmit-0x000074b5a27d96c0|[CONSENSUS][PBFT][METRIC]^^^^^^^^Report,sealer=1,txs=1,committedIndex=118,consNum=119,committedHash=fa912f2f...,view=3,toView=3,changeCycle=0,expectedCheckPoint=119,Idx=1,unsealedTxs=0,sealUntil=0,waitResealUntil=0,consensusTimeout=3000,nodeId=21a47ace...
info|2026-02-06 23:58:50.918521|blockSubmit-0x000074b5a27d96c0|[CONSENSUS][SEALER]asyncNoteLatestBlockNumber,number=118
info|2026-02-06 23:58:50.918528|blockSubmit-0x000074b5a27d96c0|[CONSENSUS][SEALER]asyncNoteLatestBlockHash,_hash=fa912f2f...
info|2026-02-06 23:58:50.918541|blockSubmit-0x000074b5a27d96c0|[BLOCK SYNC]#### BlockSyncConfig resetConfig,number=118,consNodeSize=4,observerNodeSize=0,type=CONSENSUS_NODE
info|2026-02-06 23:58:50.918628|submitter-0x000074b5b2ffa6c0|[TXPOOL][METRIC]StatTPS,tps=90,totalTime=11
info|2026-02-06 23:58:50.919413|submitter-0x000074b5b2ffa6c0|[TXPOOL][METRIC]batchRemove txs success,expectedSize=1,succCount=1,batchId=118,timecost=1,lockT=0,removeT=0,updateLedgerNonceT=0,updateTxPoolNonceT=0
info|2026-02-06 23:58:50.919447|blockSubmit-0x000074b5a27d96c0|[CONSENSUS][PBFT]notify to seal next proposal,nextProposalIndex=119
info|2026-02-06 23:58:50.919484|blockSubmit-0x000074b5a27d96c0|[CONSENSUS][PBFT]removeConsensusedCache finalizeConsensus,view=3,number=118,eraseSize=1,cacheSize=0
info|2026-02-06 23:58:50.919540|blockSubmit-0x000074b5a27d96c0|[CONSENSUS][PBFT][STORAGE]asyncRemoveStabledCheckPoint,index=113
info|2026-02-06 23:58:50.919581|blockSubmit-0x000074b5a27d96c0|[CONSENSUS][PBFT][STORAGE]asyncRemove success,dbName=pbftCommitDB,key=113
info|2026-02-06 23:58:50.942468|pbftWorker-0x000074b59f7d36c0|[CONSENSUS][PBFT]Receive CommittedProposalRequest,fromIndex=118,size=1
info|2026-02-06 23:58:50.942936|pbftWorker-0x000074b59f7d36c0|[CONSENSUS][PBFT][STORAGE]asyncGetCommittedProposals success,proposals=1
info|2026-02-06 23:58:53.507739|objMonitor-0x000074b5705ff6c0|[startMonitor][AliveObjectMonitor],AliveObjectAllocStat=[ type: bcos::gateway::Socket ,created: 9 ,destroyed: 5 ,alive: 4 ] 
info|2026-02-06 23:58:53.621962|timerFactory-0x000074b5801ff6c0|[RPC][WS][SERVICE]connected nodes,count=0
info|2026-02-06 23:58:53.627604|ioService-0x000074b5903ff6c0|[P2PService][Service][METRIC]heartBeat,connected count=3
info|2026-02-06 23:59:03.622067|timerFactory-0x000074b5801ff6c0|[RPC][WS][SERVICE]connected nodes,count=0
info|2026-02-06 23:59:03.629869|ioService-0x000074b5903ff6c0|[P2PService][Service][METRIC]heartBeat,connected count=3
info|2026-02-06 23:59:13.622305|timerFactory-0x000074b5801ff6c0|[RPC][WS][SERVICE]connected nodes,count=0
info|2026-02-06 23:59:13.630003|ioService-0x000074b5903ff6c0|[P2PService][Service][METRIC]heartBeat,connected count=3
info|2026-02-06 23:59:23.695252|timerFactory-0x000074b5801ff6c0|[RPC][WS][SERVICE]connected nodes,count=0
info|2026-02-06 23:59:23.703004|ioService-0x000074b5903ff6c0|[P2PService][Service][METRIC]heartBeat,connected count=3
info|2026-02-06 23:59:33.695484|timerFactory-0x000074b5801ff6c0|[RPC][WS][SERVICE]connected nodes,count=0
info|2026-02-06 23:59:33.703334|ioService-0x000074b5903ff6c0|[P2PService][Service][METRIC]heartBeat,connected count=3
info|2026-02-06 23:59:43.695655|timerFactory-0x000074b5801ff6c0|[RPC][WS][SERVICE]connected nodes,count=0
info|2026-02-06 23:59:43.703517|ioService-0x000074b5903ff6c0|[P2PService][Service][METRIC]heartBeat,connected count=3
info|2026-02-06 23:59:53.666753|objMonitor-0x000074b5705ff6c0|[startMonitor][AliveObjectMonitor],AliveObjectAllocStat=[ type: bcos::gateway::Socket ,created: 9 ,destroyed: 5 ,alive: 4 ] 
info|2026-02-06 23:59:53.785336|timerFactory-0x000074b5801ff6c0|[RPC][WS][SERVICE]connected nodes,count=0
info|2026-02-06 23:59:53.789139|ioService-0x000074b5903ff6c0|[P2PService][Service][METRIC]heartBeat,connected count=3
