info|2026-02-06 17:00:04.845901|ioService-0x0000774f211ff6c0|[P2PService][Service][METRIC]heartBeat,connected count=3
info|2026-02-06 17:00:04.853895|timerFactory-0x0000774f127ff6c0|[RPC][WS][SERVICE]connected nodes,count=0
info|2026-02-06 17:00:04.868476|timerFactory-0x0000774f031ff6c0|[RPC][WS][SERVICE]connected nodes,count=0
info|2026-02-06 17:00:14.846287|ioService-0x0000774f211ff6c0|[P2PService][Service][METRIC]heartBeat,connected count=3
info|2026-02-06 17:00:14.854032|timerFactory-0x0000774f127ff6c0|[RPC][WS][SERVICE]connected nodes,count=0
info|2026-02-06 17:00:14.866007|objMonitor-0x0000774ef25ff6c0|[startMonitor][AliveObjectMonitor],AliveObjectAllocStat=[ type: bcos::gateway::Socket ,created: 9 ,destroyed: 5 ,alive: 4 ] 
info|2026-02-06 17:00:14.868987|timerFactory-0x0000774f031ff6c0|[RPC][WS][SERVICE]connected nodes,count=0
info|2026-02-06 17:00:24.846576|ioService-0x0000774f211ff6c0|[P2PService][Service][METRIC]heartBeat,connected count=3
info|2026-02-06 17:00:24.854178|timerFactory-0x0000774f127ff6c0|[RPC][WS][SERVICE]connected nodes,count=0
info|2026-02-06 17:00:24.869191|timerFactory-0x0000774f031ff6c0|[RPC][WS][SERVICE]connected nodes,count=0
info|2026-02-06 17:00:34.846775|ioService-0x0000774f211ff6c0|[P2PService][Service][METRIC]heartBeat,connected count=3
info|2026-02-06 17:00:34.854313|timerFactory-0x0000774f127ff6c0|[RPC][WS][SERVICE]connected nodes,count=0
info|2026-02-06 17:00:34.869349|timerFactory-0x0000774f031ff6c0|[RPC][WS][SERVICE]connected nodes,count=0
info|2026-02-06 17:00:44.846956|ioService-0x0000774f211ff6c0|[P2PService][Service][METRIC]heartBeat,connected count=3
info|2026-02-06 17:00:44.854559|timerFactory-0x0000774f127ff6c0|[RPC][WS][SERVICE]connected nodes,count=0
info|2026-02-06 17:00:44.869512|timerFactory-0x0000774f031ff6c0|[RPC][WS][SERVICE]connected nodes,count=0
info|2026-02-06 17:00:54.847211|ioService-0x0000774f211ff6c0|[P2PService][Service][METRIC]heartBeat,connected count=3
info|2026-02-06 17:00:54.854769|timerFactory-0x0000774f127ff6c0|[RPC][WS][SERVICE]connected nodes,count=0
info|2026-02-06 17:00:54.869660|timerFactory-0x0000774f031ff6c0|[RPC][WS][SERVICE]connected nodes,count=0
info|2026-02-06 17:01:04.847414|ioService-0x0000774f211ff6c0|[P2PService][Service][METRIC]heartBeat,connected count=3
info|2026-02-06 17:01:04.855115|timerFactory-0x0000774f127ff6c0|[RPC][WS][SERVICE]connected nodes,count=0
info|2026-02-06 17:01:04.869753|timerFactory-0x0000774f031ff6c0|[RPC][WS][SERVICE]connected nodes,count=0
info|2026-02-06 17:01:14.847602|ioService-0x0000774f211ff6c0|[P2PService][Service][METRIC]heartBeat,connected count=3
info|2026-02-06 17:01:14.855234|timerFactory-0x0000774f127ff6c0|[RPC][WS][SERVICE]connected nodes,count=0
info|2026-02-06 17:01:14.866243|objMonitor-0x0000774ef25ff6c0|[startMonitor][AliveObjectMonitor],AliveObjectAllocStat=[ type: bcos::gateway::Socket ,created: 9 ,destroyed: 5 ,alive: 4 ] 
info|2026-02-06 17:01:14.869881|timerFactory-0x0000774f031ff6c0|[RPC][WS][SERVICE]connected nodes,count=0
info|2026-02-06 17:01:24.847793|ioService-0x0000774f211ff6c0|[P2PService][Service][METRIC]heartBeat,connected count=3
info|2026-02-06 17:01:24.855483|timerFactory-0x0000774f127ff6c0|[RPC][WS][SERVICE]connected nodes,count=0
info|2026-02-06 17:01:24.870013|timerFactory-0x0000774f031ff6c0|[RPC][WS][SERVICE]connected nodes,count=0
info|2026-02-06 17:01:34.847993|ioService-0x0000774f211ff6c0|[P2PService][Service][METRIC]heartBeat,connected count=3
info|2026-02-06 17:01:34.855658|timerFactory-0x0000774f127ff6c0|[RPC][WS][SERVICE]connected nodes,count=0
info|2026-02-06 17:01:34.870160|timerFactory-0x0000774f031ff6c0|[RPC][WS][SERVICE]connected nodes,count=0
info|2026-02-06 17:01:44.848179|ioService-0x0000774f211ff6c0|[P2PService][Service][METRIC]heartBeat,connected count=3
info|2026-02-06 17:01:44.855783|timerFactory-0x0000774f127ff6c0|[RPC][WS][SERVICE]connected nodes,count=0
info|2026-02-06 17:01:44.870467|timerFactory-0x0000774f031ff6c0|[RPC][WS][SERVICE]connected nodes,count=0
info|2026-02-06 17:01:54.848398|ioService-0x0000774f211ff6c0|[P2PService][Service][METRIC]heartBeat,connected count=3
info|2026-02-06 17:01:54.855970|timerFactory-0x0000774f127ff6c0|[RPC][WS][SERVICE]connected nodes,count=0
info|2026-02-06 17:01:54.870668|timerFactory-0x0000774f031ff6c0|[RPC][WS][SERVICE]connected nodes,count=0
info|2026-02-06 17:02:04.848736|ioService-0x0000774f211ff6c0|[P2PService][Service][METRIC]heartBeat,connected count=3
info|2026-02-06 17:02:04.856076|timerFactory-0x0000774f127ff6c0|[RPC][WS][SERVICE]connected nodes,count=0
info|2026-02-06 17:02:04.870815|timerFactory-0x0000774f031ff6c0|[RPC][WS][SERVICE]connected nodes,count=0
info|2026-02-06 17:02:14.848890|ioService-0x0000774f211ff6c0|[P2PService][Service][METRIC]heartBeat,connected count=3
info|2026-02-06 17:02:14.856177|timerFactory-0x0000774f127ff6c0|[RPC][WS][SERVICE]connected nodes,count=0
info|2026-02-06 17:02:14.866565|objMonitor-0x0000774ef25ff6c0|[startMonitor][AliveObjectMonitor],AliveObjectAllocStat=[ type: bcos::gateway::Socket ,created: 9 ,destroyed: 5 ,alive: 4 ] 
info|2026-02-06 17:02:14.870998|timerFactory-0x0000774f031ff6c0|[RPC][WS][SERVICE]connected nodes,count=0
info|2026-02-06 17:02:24.849252|ioService-0x0000774f211ff6c0|[P2PService][Service][METRIC]heartBeat,connected count=3
info|2026-02-06 17:02:24.856365|timerFactory-0x0000774f127ff6c0|[RPC][WS][SERVICE]connected nodes,count=0
info|2026-02-06 17:02:24.871129|timerFactory-0x0000774f031ff6c0|[RPC][WS][SERVICE]connected nodes,count=0
info|2026-02-06 17:02:34.849510|ioService-0x0000774f211ff6c0|[P2PService][Service][METRIC]heartBeat,connected count=3
info|2026-02-06 17:02:34.856506|timerFactory-0x0000774f127ff6c0|[RPC][WS][SERVICE]connected nodes,count=0
info|2026-02-06 17:02:34.871257|timerFactory-0x0000774f031ff6c0|[RPC][WS][SERVICE]connected nodes,count=0
info|2026-02-06 17:02:44.849629|ioService-0x0000774f211ff6c0|[P2PService][Service][METRIC]heartBeat,connected count=3
info|2026-02-06 17:02:44.856596|timerFactory-0x0000774f127ff6c0|[RPC][WS][SERVICE]connected nodes,count=0
info|2026-02-06 17:02:44.871358|timerFactory-0x0000774f031ff6c0|[RPC][WS][SERVICE]connected nodes,count=0
info|2026-02-06 17:02:54.849751|ioService-0x0000774f211ff6c0|[P2PService][Service][METRIC]heartBeat,connected count=3
info|2026-02-06 17:02:54.856711|timerFactory-0x0000774f127ff6c0|[RPC][WS][SERVICE]connected nodes,count=0
info|2026-02-06 17:02:54.871481|timerFactory-0x0000774f031ff6c0|[RPC][WS][SERVICE]connected nodes,count=0
info|2026-02-06 17:03:04.849935|ioService-0x0000774f211ff6c0|[P2PService][Service][METRIC]heartBeat,connected count=3
info|2026-02-06 17:03:04.856911|timerFactory-0x0000774f127ff6c0|[RPC][WS][SERVICE]connected nodes,count=0
info|2026-02-06 17:03:04.871626|timerFactory-0x0000774f031ff6c0|[RPC][WS][SERVICE]connected nodes,count=0
info|2026-02-06 17:03:14.850296|ioService-0x0000774f211ff6c0|[P2PService][Service][METRIC]heartBeat,connected count=3
info|2026-02-06 17:03:14.857160|timerFactory-0x0000774f127ff6c0|[RPC][WS][SERVICE]connected nodes,count=0
info|2026-02-06 17:03:14.866761|objMonitor-0x0000774ef25ff6c0|[startMonitor][AliveObjectMonitor],AliveObjectAllocStat=[ type: bcos::gateway::Socket ,created: 9 ,destroyed: 5 ,alive: 4 ] 
info|2026-02-06 17:03:14.871743|timerFactory-0x0000774f031ff6c0|[RPC][WS][SERVICE]connected nodes,count=0
info|2026-02-06 17:03:24.850553|ioService-0x0000774f211ff6c0|[P2PService][Service][METRIC]heartBeat,connected count=3
info|2026-02-06 17:03:24.857313|timerFactory-0x0000774f127ff6c0|[RPC][WS][SERVICE]connected nodes,count=0
info|2026-02-06 17:03:24.871878|timerFactory-0x0000774f031ff6c0|[RPC][WS][SERVICE]connected nodes,count=0
info|2026-02-06 17:03:34.850749|ioService-0x0000774f211ff6c0|[P2PService][Service][METRIC]heartBeat,connected count=3
info|2026-02-06 17:03:34.857433|timerFactory-0x0000774f127ff6c0|[RPC][WS][SERVICE]connected nodes,count=0
info|2026-02-06 17:03:34.872229|timerFactory-0x0000774f031ff6c0|[RPC][WS][SERVICE]connected nodes,count=0
info|2026-02-06 17:03:44.850913|ioService-0x0000774f211ff6c0|[P2PService][Service][METRIC]heartBeat,connected count=3
info|2026-02-06 17:03:44.857678|timerFactory-0x0000774f127ff6c0|[RPC][WS][SERVICE]connected nodes,count=0
info|2026-02-06 17:03:44.872414|timerFactory-0x0000774f031ff6c0|[RPC][WS][SERVICE]connected nodes,count=0
info|2026-02-06 17:03:54.851261|ioService-0x0000774f211ff6c0|[P2PService][Service][METRIC]heartBeat,connected count=3
info|2026-02-06 17:03:54.857886|timerFactory-0x0000774f127ff6c0|[RPC][WS][SERVICE]connected nodes,count=0
info|2026-02-06 17:03:54.873062|timerFactory-0x0000774f031ff6c0|[RPC][WS][SERVICE]connected nodes,count=0
info|2026-02-06 17:04:04.851545|ioService-0x0000774f211ff6c0|[P2PService][Service][METRIC]heartBeat,connected count=3
info|2026-02-06 17:04:04.858348|timerFactory-0x0000774f127ff6c0|[RPC][WS][SERVICE]connected nodes,count=0
info|2026-02-06 17:04:04.873222|timerFactory-0x0000774f031ff6c0|[RPC][WS][SERVICE]connected nodes,count=0
info|2026-02-06 17:04:14.851774|ioService-0x0000774f211ff6c0|[P2PService][Service][METRIC]heartBeat,connected count=3
info|2026-02-06 17:04:14.858520|timerFactory-0x0000774f127ff6c0|[RPC][WS][SERVICE]connected nodes,count=0
info|2026-02-06 17:04:14.866967|objMonitor-0x0000774ef25ff6c0|[startMonitor][AliveObjectMonitor],AliveObjectAllocStat=[ type: bcos::gateway::Socket ,created: 9 ,destroyed: 5 ,alive: 4 ] 
info|2026-02-06 17:04:14.873405|timerFactory-0x0000774f031ff6c0|[RPC][WS][SERVICE]connected nodes,count=0
info|2026-02-06 17:04:24.852163|ioService-0x0000774f211ff6c0|[P2PService][Service][METRIC]heartBeat,connected count=3
info|2026-02-06 17:04:24.858715|timerFactory-0x0000774f127ff6c0|[RPC][WS][SERVICE]connected nodes,count=0
info|2026-02-06 17:04:24.873674|timerFactory-0x0000774f031ff6c0|[RPC][WS][SERVICE]connected nodes,count=0
info|2026-02-06 17:04:34.852430|ioService-0x0000774f211ff6c0|[P2PService][Service][METRIC]heartBeat,connected count=3
info|2026-02-06 17:04:34.858870|timerFactory-0x0000774f127ff6c0|[RPC][WS][SERVICE]connected nodes,count=0
info|2026-02-06 17:04:34.873898|timerFactory-0x0000774f031ff6c0|[RPC][WS][SERVICE]connected nodes,count=0
info|2026-02-06 17:04:44.852642|ioService-0x0000774f211ff6c0|[P2PService][Service][METRIC]heartBeat,connected count=3
info|2026-02-06 17:04:44.860004|timerFactory-0x0000774f127ff6c0|[RPC][WS][SERVICE]connected nodes,count=0
info|2026-02-06 17:04:44.874189|timerFactory-0x0000774f031ff6c0|[RPC][WS][SERVICE]connected nodes,count=0
info|2026-02-06 17:04:54.852889|ioService-0x0000774f211ff6c0|[P2PService][Service][METRIC]heartBeat,connected count=3
info|2026-02-06 17:04:54.860148|timerFactory-0x0000774f127ff6c0|[RPC][WS][SERVICE]connected nodes,count=0
info|2026-02-06 17:04:54.874317|timerFactory-0x0000774f031ff6c0|[RPC][WS][SERVICE]connected nodes,count=0
info|2026-02-06 17:05:04.853134|ioService-0x0000774f211ff6c0|[P2PService][Service][METRIC]heartBeat,connected count=3
info|2026-02-06 17:05:04.860427|timerFactory-0x0000774f127ff6c0|[RPC][WS][SERVICE]connected nodes,count=0
info|2026-02-06 17:05:04.874544|timerFactory-0x0000774f031ff6c0|[RPC][WS][SERVICE]connected nodes,count=0
info|2026-02-06 17:05:14.853331|ioService-0x0000774f211ff6c0|[P2PService][Service][METRIC]heartBeat,connected count=3
info|2026-02-06 17:05:14.860575|timerFactory-0x0000774f127ff6c0|[RPC][WS][SERVICE]connected nodes,count=0
info|2026-02-06 17:05:14.867187|objMonitor-0x0000774ef25ff6c0|[startMonitor][AliveObjectMonitor],AliveObjectAllocStat=[ type: bcos::gateway::Socket ,created: 9 ,destroyed: 5 ,alive: 4 ] 
info|2026-02-06 17:05:14.877016|timerFactory-0x0000774f031ff6c0|[RPC][WS][SERVICE]connected nodes,count=0
info|2026-02-06 17:05:24.853594|ioService-0x0000774f211ff6c0|[P2PService][Service][METRIC]heartBeat,connected count=3
info|2026-02-06 17:05:24.860714|timerFactory-0x0000774f127ff6c0|[RPC][WS][SERVICE]connected nodes,count=0
info|2026-02-06 17:05:24.877170|timerFactory-0x0000774f031ff6c0|[RPC][WS][SERVICE]connected nodes,count=0
info|2026-02-06 17:05:34.853726|ioService-0x0000774f211ff6c0|[P2PService][Service][METRIC]heartBeat,connected count=3
info|2026-02-06 17:05:34.860839|timerFactory-0x0000774f127ff6c0|[RPC][WS][SERVICE]connected nodes,count=0
info|2026-02-06 17:05:34.877331|timerFactory-0x0000774f031ff6c0|[RPC][WS][SERVICE]connected nodes,count=0
info|2026-02-06 17:05:44.854015|ioService-0x0000774f211ff6c0|[P2PService][Service][METRIC]heartBeat,connected count=3
info|2026-02-06 17:05:44.860918|timerFactory-0x0000774f127ff6c0|[RPC][WS][SERVICE]connected nodes,count=0
info|2026-02-06 17:05:44.877585|timerFactory-0x0000774f031ff6c0|[RPC][WS][SERVICE]connected nodes,count=0
info|2026-02-06 17:05:54.854239|ioService-0x0000774f211ff6c0|[P2PService][Service][METRIC]heartBeat,connected count=3
info|2026-02-06 17:05:54.861041|timerFactory-0x0000774f127ff6c0|[RPC][WS][SERVICE]connected nodes,count=0
info|2026-02-06 17:05:54.877810|timerFactory-0x0000774f031ff6c0|[RPC][WS][SERVICE]connected nodes,count=0
info|2026-02-06 17:06:04.854796|ioService-0x0000774f211ff6c0|[P2PService][Service][METRIC]heartBeat,connected count=3
info|2026-02-06 17:06:04.861184|timerFactory-0x0000774f127ff6c0|[RPC][WS][SERVICE]connected nodes,count=0
info|2026-02-06 17:06:04.878086|timerFactory-0x0000774f031ff6c0|[RPC][WS][SERVICE]connected nodes,count=0
info|2026-02-06 17:06:14.855240|ioService-0x0000774f211ff6c0|[P2PService][Service][METRIC]heartBeat,connected count=3
info|2026-02-06 17:06:14.861502|timerFactory-0x0000774f127ff6c0|[RPC][WS][SERVICE]connected nodes,count=0
info|2026-02-06 17:06:14.867701|objMonitor-0x0000774ef25ff6c0|[startMonitor][AliveObjectMonitor],AliveObjectAllocStat=[ type: bcos::gateway::Socket ,created: 9 ,destroyed: 5 ,alive: 4 ] [ type: bcos::gateway::ResponseCallback ,created: 8060 ,destroyed: 8054 ,alive: 6 ] 
info|2026-02-06 17:06:14.878204|timerFactory-0x0000774f031ff6c0|[RPC][WS][SERVICE]connected nodes,count=0
info|2026-02-06 17:06:24.855532|ioService-0x0000774f211ff6c0|[P2PService][Service][METRIC]heartBeat,connected count=3
info|2026-02-06 17:06:24.861638|timerFactory-0x0000774f127ff6c0|[RPC][WS][SERVICE]connected nodes,count=0
info|2026-02-06 17:06:24.878360|timerFactory-0x0000774f031ff6c0|[RPC][WS][SERVICE]connected nodes,count=0
info|2026-02-06 17:06:34.856000|ioService-0x0000774f211ff6c0|[P2PService][Service][METRIC]heartBeat,connected count=3
info|2026-02-06 17:06:34.861792|timerFactory-0x0000774f127ff6c0|[RPC][WS][SERVICE]connected nodes,count=0
info|2026-02-06 17:06:34.878717|timerFactory-0x0000774f031ff6c0|[RPC][WS][SERVICE]connected nodes,count=0
info|2026-02-06 17:06:44.856236|ioService-0x0000774f211ff6c0|[P2PService][Service][METRIC]heartBeat,connected count=3
info|2026-02-06 17:06:44.862027|timerFactory-0x0000774f127ff6c0|[RPC][WS][SERVICE]connected nodes,count=0
info|2026-02-06 17:06:44.878943|timerFactory-0x0000774f031ff6c0|[RPC][WS][SERVICE]connected nodes,count=0
info|2026-02-06 17:06:54.856380|ioService-0x0000774f211ff6c0|[P2PService][Service][METRIC]heartBeat,connected count=3
info|2026-02-06 17:06:54.862126|timerFactory-0x0000774f127ff6c0|[RPC][WS][SERVICE]connected nodes,count=0
info|2026-02-06 17:06:54.879311|timerFactory-0x0000774f031ff6c0|[RPC][WS][SERVICE]connected nodes,count=0
info|2026-02-06 17:07:04.856570|ioService-0x0000774f211ff6c0|[P2PService][Service][METRIC]heartBeat,connected count=3
info|2026-02-06 17:07:04.862533|timerFactory-0x0000774f127ff6c0|[RPC][WS][SERVICE]connected nodes,count=0
info|2026-02-06 17:07:04.879721|timerFactory-0x0000774f031ff6c0|[RPC][WS][SERVICE]connected nodes,count=0
info|2026-02-06 17:07:14.856721|ioService-0x0000774f211ff6c0|[P2PService][Service][METRIC]heartBeat,connected count=3
info|2026-02-06 17:07:14.862698|timerFactory-0x0000774f127ff6c0|[RPC][WS][SERVICE]connected nodes,count=0
info|2026-02-06 17:07:14.867899|objMonitor-0x0000774ef25ff6c0|[startMonitor][AliveObjectMonitor],AliveObjectAllocStat=[ type: bcos::gateway::Socket ,created: 9 ,destroyed: 5 ,alive: 4 ] 
info|2026-02-06 17:07:14.879914|timerFactory-0x0000774f031ff6c0|[RPC][WS][SERVICE]connected nodes,count=0
info|2026-02-06 17:07:24.856946|ioService-0x0000774f211ff6c0|[P2PService][Service][METRIC]heartBeat,connected count=3
info|2026-02-06 17:07:24.862860|timerFactory-0x0000774f127ff6c0|[RPC][WS][SERVICE]connected nodes,count=0
info|2026-02-06 17:07:24.880239|timerFactory-0x0000774f031ff6c0|[RPC][WS][SERVICE]connected nodes,count=0
info|2026-02-06 17:07:34.857218|ioService-0x0000774f211ff6c0|[P2PService][Service][METRIC]heartBeat,connected count=3
info|2026-02-06 17:07:34.863015|timerFactory-0x0000774f127ff6c0|[RPC][WS][SERVICE]connected nodes,count=0
info|2026-02-06 17:07:34.880426|timerFactory-0x0000774f031ff6c0|[RPC][WS][SERVICE]connected nodes,count=0
info|2026-02-06 17:07:44.857418|ioService-0x0000774f211ff6c0|[P2PService][Service][METRIC]heartBeat,connected count=3
info|2026-02-06 17:07:44.863155|timerFactory-0x0000774f127ff6c0|[RPC][WS][SERVICE]connected nodes,count=0
info|2026-02-06 17:07:44.880616|timerFactory-0x0000774f031ff6c0|[RPC][WS][SERVICE]connected nodes,count=0
info|2026-02-06 17:07:54.857810|ioService-0x0000774f211ff6c0|[P2PService][Service][METRIC]heartBeat,connected count=3
info|2026-02-06 17:07:54.863279|timerFactory-0x0000774f127ff6c0|[RPC][WS][SERVICE]connected nodes,count=0
info|2026-02-06 17:07:54.880760|timerFactory-0x0000774f031ff6c0|[RPC][WS][SERVICE]connected nodes,count=0
info|2026-02-06 17:08:04.858042|ioService-0x0000774f211ff6c0|[P2PService][Service][METRIC]heartBeat,connected count=3
info|2026-02-06 17:08:04.863851|timerFactory-0x0000774f127ff6c0|[RPC][WS][SERVICE]connected nodes,count=0
info|2026-02-06 17:08:04.881103|timerFactory-0x0000774f031ff6c0|[RPC][WS][SERVICE]connected nodes,count=0
info|2026-02-06 17:08:14.858219|ioService-0x0000774f211ff6c0|[P2PService][Service][METRIC]heartBeat,connected count=3
info|2026-02-06 17:08:14.864024|timerFactory-0x0000774f127ff6c0|[RPC][WS][SERVICE]connected nodes,count=0
info|2026-02-06 17:08:14.868088|objMonitor-0x0000774ef25ff6c0|[startMonitor][AliveObjectMonitor],AliveObjectAllocStat=[ type: bcos::gateway::Socket ,created: 9 ,destroyed: 5 ,alive: 4 ] 
info|2026-02-06 17:08:14.881322|timerFactory-0x0000774f031ff6c0|[RPC][WS][SERVICE]connected nodes,count=0
info|2026-02-06 17:08:24.858557|ioService-0x0000774f211ff6c0|[P2PService][Service][METRIC]heartBeat,connected count=3
info|2026-02-06 17:08:24.864318|timerFactory-0x0000774f127ff6c0|[RPC][WS][SERVICE]connected nodes,count=0
info|2026-02-06 17:08:24.881504|timerFactory-0x0000774f031ff6c0|[RPC][WS][SERVICE]connected nodes,count=0
info|2026-02-06 17:08:34.858789|ioService-0x0000774f211ff6c0|[P2PService][Service][METRIC]heartBeat,connected count=3
info|2026-02-06 17:08:34.864522|timerFactory-0x0000774f127ff6c0|[RPC][WS][SERVICE]connected nodes,count=0
info|2026-02-06 17:08:34.881640|timerFactory-0x0000774f031ff6c0|[RPC][WS][SERVICE]connected nodes,count=0
info|2026-02-06 17:08:44.859010|ioService-0x0000774f211ff6c0|[P2PService][Service][METRIC]heartBeat,connected count=3
info|2026-02-06 17:08:44.864640|timerFactory-0x0000774f127ff6c0|[RPC][WS][SERVICE]connected nodes,count=0
info|2026-02-06 17:08:44.881815|timerFactory-0x0000774f031ff6c0|[RPC][WS][SERVICE]connected nodes,count=0
info|2026-02-06 17:08:54.859157|ioService-0x0000774f211ff6c0|[P2PService][Service][METRIC]heartBeat,connected count=3
info|2026-02-06 17:08:54.864759|timerFactory-0x0000774f127ff6c0|[RPC][WS][SERVICE]connected nodes,count=0
info|2026-02-06 17:08:54.882017|timerFactory-0x0000774f031ff6c0|[RPC][WS][SERVICE]connected nodes,count=0
info|2026-02-06 17:09:04.859377|ioService-0x0000774f211ff6c0|[P2PService][Service][METRIC]heartBeat,connected count=3
info|2026-02-06 17:09:04.864903|timerFactory-0x0000774f127ff6c0|[RPC][WS][SERVICE]connected nodes,count=0
info|2026-02-06 17:09:04.882102|timerFactory-0x0000774f031ff6c0|[RPC][WS][SERVICE]connected nodes,count=0
info|2026-02-06 17:09:14.859521|ioService-0x0000774f211ff6c0|[P2PService][Service][METRIC]heartBeat,connected count=3
info|2026-02-06 17:09:14.865004|timerFactory-0x0000774f127ff6c0|[RPC][WS][SERVICE]connected nodes,count=0
info|2026-02-06 17:09:14.868327|objMonitor-0x0000774ef25ff6c0|[startMonitor][AliveObjectMonitor],AliveObjectAllocStat=[ type: bcos::gateway::Socket ,created: 9 ,destroyed: 5 ,alive: 4 ] 
info|2026-02-06 17:09:14.882186|timerFactory-0x0000774f031ff6c0|[RPC][WS][SERVICE]connected nodes,count=0
info|2026-02-06 17:09:24.859840|ioService-0x0000774f211ff6c0|[P2PService][Service][METRIC]heartBeat,connected count=3
info|2026-02-06 17:09:24.865128|timerFactory-0x0000774f127ff6c0|[RPC][WS][SERVICE]connected nodes,count=0
info|2026-02-06 17:09:24.882375|timerFactory-0x0000774f031ff6c0|[RPC][WS][SERVICE]connected nodes,count=0
info|2026-02-06 17:09:34.860135|ioService-0x0000774f211ff6c0|[P2PService][Service][METRIC]heartBeat,connected count=3
info|2026-02-06 17:09:34.865278|timerFactory-0x0000774f127ff6c0|[RPC][WS][SERVICE]connected nodes,count=0
info|2026-02-06 17:09:34.882776|timerFactory-0x0000774f031ff6c0|[RPC][WS][SERVICE]connected nodes,count=0
info|2026-02-06 17:09:44.860334|ioService-0x0000774f211ff6c0|[P2PService][Service][METRIC]heartBeat,connected count=3
info|2026-02-06 17:09:44.865401|timerFactory-0x0000774f127ff6c0|[RPC][WS][SERVICE]connected nodes,count=0
info|2026-02-06 17:09:44.882977|timerFactory-0x0000774f031ff6c0|[RPC][WS][SERVICE]connected nodes,count=0
info|2026-02-06 17:09:54.860651|ioService-0x0000774f211ff6c0|[P2PService][Service][METRIC]heartBeat,connected count=3
info|2026-02-06 17:09:54.865614|timerFactory-0x0000774f127ff6c0|[RPC][WS][SERVICE]connected nodes,count=0
info|2026-02-06 17:09:54.883121|timerFactory-0x0000774f031ff6c0|[RPC][WS][SERVICE]connected nodes,count=0
info|2026-02-06 17:10:04.860930|ioService-0x0000774f211ff6c0|[P2PService][Service][METRIC]heartBeat,connected count=3
info|2026-02-06 17:10:04.865843|timerFactory-0x0000774f127ff6c0|[RPC][WS][SERVICE]connected nodes,count=0
info|2026-02-06 17:10:04.883509|timerFactory-0x0000774f031ff6c0|[RPC][WS][SERVICE]connected nodes,count=0
info|2026-02-06 17:10:14.861195|ioService-0x0000774f211ff6c0|[P2PService][Service][METRIC]heartBeat,connected count=3
info|2026-02-06 17:10:14.865981|timerFactory-0x0000774f127ff6c0|[RPC][WS][SERVICE]connected nodes,count=0
info|2026-02-06 17:10:14.868586|objMonitor-0x0000774ef25ff6c0|[startMonitor][AliveObjectMonitor],AliveObjectAllocStat=[ type: bcos::gateway::Socket ,created: 9 ,destroyed: 5 ,alive: 4 ] 
info|2026-02-06 17:10:14.883721|timerFactory-0x0000774f031ff6c0|[RPC][WS][SERVICE]connected nodes,count=0
info|2026-02-06 17:10:24.861470|ioService-0x0000774f211ff6c0|[P2PService][Service][METRIC]heartBeat,connected count=3
info|2026-02-06 17:10:24.866146|timerFactory-0x0000774f127ff6c0|[RPC][WS][SERVICE]connected nodes,count=0
info|2026-02-06 17:10:24.883990|timerFactory-0x0000774f031ff6c0|[RPC][WS][SERVICE]connected nodes,count=0
info|2026-02-06 17:10:34.861901|ioService-0x0000774f211ff6c0|[P2PService][Service][METRIC]heartBeat,connected count=3
info|2026-02-06 17:10:34.866342|timerFactory-0x0000774f127ff6c0|[RPC][WS][SERVICE]connected nodes,count=0
info|2026-02-06 17:10:34.884255|timerFactory-0x0000774f031ff6c0|[RPC][WS][SERVICE]connected nodes,count=0
info|2026-02-06 17:10:44.862026|ioService-0x0000774f211ff6c0|[P2PService][Service][METRIC]heartBeat,connected count=3
info|2026-02-06 17:10:44.866418|timerFactory-0x0000774f127ff6c0|[RPC][WS][SERVICE]connected nodes,count=0
info|2026-02-06 17:10:44.884342|timerFactory-0x0000774f031ff6c0|[RPC][WS][SERVICE]connected nodes,count=0
info|2026-02-06 17:10:54.862131|ioService-0x0000774f211ff6c0|[P2PService][Service][METRIC]heartBeat,connected count=3
info|2026-02-06 17:10:54.866521|timerFactory-0x0000774f127ff6c0|[RPC][WS][SERVICE]connected nodes,count=0
info|2026-02-06 17:10:54.884452|timerFactory-0x0000774f031ff6c0|[RPC][WS][SERVICE]connected nodes,count=0
info|2026-02-06 17:11:04.862345|ioService-0x0000774f211ff6c0|[P2PService][Service][METRIC]heartBeat,connected count=3
info|2026-02-06 17:11:04.866783|timerFactory-0x0000774f127ff6c0|[RPC][WS][SERVICE]connected nodes,count=0
info|2026-02-06 17:11:04.884814|timerFactory-0x0000774f031ff6c0|[RPC][WS][SERVICE]connected nodes,count=0
info|2026-02-06 17:11:14.862600|ioService-0x0000774f211ff6c0|[P2PService][Service][METRIC]heartBeat,connected count=3
info|2026-02-06 17:11:14.867790|timerFactory-0x0000774f127ff6c0|[RPC][WS][SERVICE]connected nodes,count=0
info|2026-02-06 17:11:14.868067|objMonitor-0x0000774ef25ff6c0|[startMonitor][AliveObjectMonitor],AliveObjectAllocStat=[ type: bcos::gateway::Socket ,created: 9 ,destroyed: 5 ,alive: 4 ] 
info|2026-02-06 17:11:14.885813|timerFactory-0x0000774f031ff6c0|[RPC][WS][SERVICE]connected nodes,count=0
info|2026-02-06 17:11:24.862794|ioService-0x0000774f211ff6c0|[P2PService][Service][METRIC]heartBeat,connected count=3
info|2026-02-06 17:11:24.867955|timerFactory-0x0000774f127ff6c0|[RPC][WS][SERVICE]connected nodes,count=0
info|2026-02-06 17:11:24.886001|timerFactory-0x0000774f031ff6c0|[RPC][WS][SERVICE]connected nodes,count=0
info|2026-02-06 17:11:34.862930|ioService-0x0000774f211ff6c0|[P2PService][Service][METRIC]heartBeat,connected count=3
info|2026-02-06 17:11:34.868079|timerFactory-0x0000774f127ff6c0|[RPC][WS][SERVICE]connected nodes,count=0
info|2026-02-06 17:11:34.886094|timerFactory-0x0000774f031ff6c0|[RPC][WS][SERVICE]connected nodes,count=0
info|2026-02-06 17:11:44.863147|ioService-0x0000774f211ff6c0|[P2PService][Service][METRIC]heartBeat,connected count=3
info|2026-02-06 17:11:44.868174|timerFactory-0x0000774f127ff6c0|[RPC][WS][SERVICE]connected nodes,count=0
info|2026-02-06 17:11:44.886212|timerFactory-0x0000774f031ff6c0|[RPC][WS][SERVICE]connected nodes,count=0
info|2026-02-06 17:11:54.863389|ioService-0x0000774f211ff6c0|[P2PService][Service][METRIC]heartBeat,connected count=3
info|2026-02-06 17:11:54.868284|timerFactory-0x0000774f127ff6c0|[RPC][WS][SERVICE]connected nodes,count=0
info|2026-02-06 17:11:54.886349|timerFactory-0x0000774f031ff6c0|[RPC][WS][SERVICE]connected nodes,count=0
info|2026-02-06 17:12:04.863611|ioService-0x0000774f211ff6c0|[P2PService][Service][METRIC]heartBeat,connected count=3
info|2026-02-06 17:12:04.868432|timerFactory-0x0000774f127ff6c0|[RPC][WS][SERVICE]connected nodes,count=0
info|2026-02-06 17:12:04.886509|timerFactory-0x0000774f031ff6c0|[RPC][WS][SERVICE]connected nodes,count=0
info|2026-02-06 17:12:14.864014|ioService-0x0000774f211ff6c0|[P2PService][Service][METRIC]heartBeat,connected count=3
info|2026-02-06 17:12:14.866678|objMonitor-0x0000774ef25ff6c0|[startMonitor][AliveObjectMonitor],AliveObjectAllocStat=[ type: bcos::gateway::Socket ,created: 9 ,destroyed: 5 ,alive: 4 ] [ type: bcos::gateway::ResponseCallback ,created: 13439 ,destroyed: 13434 ,alive: 5 ] 
info|2026-02-06 17:12:14.868634|timerFactory-0x0000774f127ff6c0|[RPC][WS][SERVICE]connected nodes,count=0
info|2026-02-06 17:12:14.886732|timerFactory-0x0000774f031ff6c0|[RPC][WS][SERVICE]connected nodes,count=0
info|2026-02-06 17:12:24.864179|ioService-0x0000774f211ff6c0|[P2PService][Service][METRIC]heartBeat,connected count=3
info|2026-02-06 17:12:24.868738|timerFactory-0x0000774f127ff6c0|[RPC][WS][SERVICE]connected nodes,count=0
info|2026-02-06 17:12:24.886969|timerFactory-0x0000774f031ff6c0|[RPC][WS][SERVICE]connected nodes,count=0
info|2026-02-06 17:12:34.864299|ioService-0x0000774f211ff6c0|[P2PService][Service][METRIC]heartBeat,connected count=3
info|2026-02-06 17:12:34.868880|timerFactory-0x0000774f127ff6c0|[RPC][WS][SERVICE]connected nodes,count=0
info|2026-02-06 17:12:34.887115|timerFactory-0x0000774f031ff6c0|[RPC][WS][SERVICE]connected nodes,count=0
info|2026-02-06 17:12:44.864545|ioService-0x0000774f211ff6c0|[P2PService][Service][METRIC]heartBeat,connected count=3
info|2026-02-06 17:12:44.869006|timerFactory-0x0000774f127ff6c0|[RPC][WS][SERVICE]connected nodes,count=0
info|2026-02-06 17:12:44.887228|timerFactory-0x0000774f031ff6c0|[RPC][WS][SERVICE]connected nodes,count=0
info|2026-02-06 17:12:54.864935|ioService-0x0000774f211ff6c0|[P2PService][Service][METRIC]heartBeat,connected count=3
info|2026-02-06 17:12:54.869117|timerFactory-0x0000774f127ff6c0|[RPC][WS][SERVICE]connected nodes,count=0
info|2026-02-06 17:12:54.887385|timerFactory-0x0000774f031ff6c0|[RPC][WS][SERVICE]connected nodes,count=0
info|2026-02-06 17:13:04.865114|ioService-0x0000774f211ff6c0|[P2PService][Service][METRIC]heartBeat,connected count=3
info|2026-02-06 17:13:04.869240|timerFactory-0x0000774f127ff6c0|[RPC][WS][SERVICE]connected nodes,count=0
info|2026-02-06 17:13:04.887629|timerFactory-0x0000774f031ff6c0|[RPC][WS][SERVICE]connected nodes,count=0
info|2026-02-06 17:13:14.864956|objMonitor-0x0000774ef25ff6c0|[startMonitor][AliveObjectMonitor],AliveObjectAllocStat=[ type: bcos::gateway::Socket ,created: 9 ,destroyed: 5 ,alive: 4 ] 
info|2026-02-06 17:13:14.865412|ioService-0x0000774f211ff6c0|[P2PService][Service][METRIC]heartBeat,connected count=3
info|2026-02-06 17:13:14.869333|timerFactory-0x0000774f127ff6c0|[RPC][WS][SERVICE]connected nodes,count=0
info|2026-02-06 17:13:14.887787|timerFactory-0x0000774f031ff6c0|[RPC][WS][SERVICE]connected nodes,count=0
info|2026-02-06 17:13:24.865764|ioService-0x0000774f211ff6c0|[P2PService][Service][METRIC]heartBeat,connected count=3
info|2026-02-06 17:13:24.869465|timerFactory-0x0000774f127ff6c0|[RPC][WS][SERVICE]connected nodes,count=0
info|2026-02-06 17:13:24.887976|timerFactory-0x0000774f031ff6c0|[RPC][WS][SERVICE]connected nodes,count=0
info|2026-02-06 17:13:34.865914|ioService-0x0000774f211ff6c0|[P2PService][Service][METRIC]heartBeat,connected count=3
info|2026-02-06 17:13:34.869739|timerFactory-0x0000774f127ff6c0|[RPC][WS][SERVICE]connected nodes,count=0
info|2026-02-06 17:13:34.888213|timerFactory-0x0000774f031ff6c0|[RPC][WS][SERVICE]connected nodes,count=0
info|2026-02-06 17:13:44.866150|ioService-0x0000774f211ff6c0|[P2PService][Service][METRIC]heartBeat,connected count=3
info|2026-02-06 17:13:44.869885|timerFactory-0x0000774f127ff6c0|[RPC][WS][SERVICE]connected nodes,count=0
info|2026-02-06 17:13:44.888376|timerFactory-0x0000774f031ff6c0|[RPC][WS][SERVICE]connected nodes,count=0
info|2026-02-06 17:13:54.866316|ioService-0x0000774f211ff6c0|[P2PService][Service][METRIC]heartBeat,connected count=3
info|2026-02-06 17:13:54.870042|timerFactory-0x0000774f127ff6c0|[RPC][WS][SERVICE]connected nodes,count=0
info|2026-02-06 17:13:54.888689|timerFactory-0x0000774f031ff6c0|[RPC][WS][SERVICE]connected nodes,count=0
info|2026-02-06 17:14:04.866456|ioService-0x0000774f211ff6c0|[P2PService][Service][METRIC]heartBeat,connected count=3
info|2026-02-06 17:14:04.870200|timerFactory-0x0000774f127ff6c0|[RPC][WS][SERVICE]connected nodes,count=0
info|2026-02-06 17:14:04.888957|timerFactory-0x0000774f031ff6c0|[RPC][WS][SERVICE]connected nodes,count=0
info|2026-02-06 17:14:14.862615|objMonitor-0x0000774ef25ff6c0|[startMonitor][AliveObjectMonitor],AliveObjectAllocStat=[ type: bcos::gateway::Socket ,created: 9 ,destroyed: 5 ,alive: 4 ] 
info|2026-02-06 17:14:14.866778|ioService-0x0000774f211ff6c0|[P2PService][Service][METRIC]heartBeat,connected count=3
info|2026-02-06 17:14:14.870350|timerFactory-0x0000774f127ff6c0|[RPC][WS][SERVICE]connected nodes,count=0
info|2026-02-06 17:14:14.889109|timerFactory-0x0000774f031ff6c0|[RPC][WS][SERVICE]connected nodes,count=0
info|2026-02-06 17:14:24.866913|ioService-0x0000774f211ff6c0|[P2PService][Service][METRIC]heartBeat,connected count=3
info|2026-02-06 17:14:24.870480|timerFactory-0x0000774f127ff6c0|[RPC][WS][SERVICE]connected nodes,count=0
info|2026-02-06 17:14:24.889204|timerFactory-0x0000774f031ff6c0|[RPC][WS][SERVICE]connected nodes,count=0
info|2026-02-06 17:14:34.867035|ioService-0x0000774f211ff6c0|[P2PService][Service][METRIC]heartBeat,connected count=3
info|2026-02-06 17:14:34.870609|timerFactory-0x0000774f127ff6c0|[RPC][WS][SERVICE]connected nodes,count=0
info|2026-02-06 17:14:34.889664|timerFactory-0x0000774f031ff6c0|[RPC][WS][SERVICE]connected nodes,count=0
info|2026-02-06 17:14:44.867190|ioService-0x0000774f211ff6c0|[P2PService][Service][METRIC]heartBeat,connected count=3
info|2026-02-06 17:14:44.870691|timerFactory-0x0000774f127ff6c0|[RPC][WS][SERVICE]connected nodes,count=0
info|2026-02-06 17:14:44.889793|timerFactory-0x0000774f031ff6c0|[RPC][WS][SERVICE]connected nodes,count=0
info|2026-02-06 17:14:54.867297|ioService-0x0000774f211ff6c0|[P2PService][Service][METRIC]heartBeat,connected count=3
info|2026-02-06 17:14:54.870918|timerFactory-0x0000774f127ff6c0|[RPC][WS][SERVICE]connected nodes,count=0
info|2026-02-06 17:14:54.890056|timerFactory-0x0000774f031ff6c0|[RPC][WS][SERVICE]connected nodes,count=0
info|2026-02-06 17:15:04.867619|ioService-0x0000774f211ff6c0|[P2PService][Service][METRIC]heartBeat,connected count=3
info|2026-02-06 17:15:04.871162|timerFactory-0x0000774f127ff6c0|[RPC][WS][SERVICE]connected nodes,count=0
info|2026-02-06 17:15:04.890165|timerFactory-0x0000774f031ff6c0|[RPC][WS][SERVICE]connected nodes,count=0
info|2026-02-06 17:15:14.860741|objMonitor-0x0000774ef25ff6c0|[startMonitor][AliveObjectMonitor],AliveObjectAllocStat=[ type: bcos::gateway::Socket ,created: 9 ,destroyed: 5 ,alive: 4 ] 
info|2026-02-06 17:15:14.867922|ioService-0x0000774f211ff6c0|[P2PService][Service][METRIC]heartBeat,connected count=3
info|2026-02-06 17:15:14.871262|timerFactory-0x0000774f127ff6c0|[RPC][WS][SERVICE]connected nodes,count=0
info|2026-02-06 17:15:14.890421|timerFactory-0x0000774f031ff6c0|[RPC][WS][SERVICE]connected nodes,count=0
info|2026-02-06 17:15:24.868325|ioService-0x0000774f211ff6c0|[P2PService][Service][METRIC]heartBeat,connected count=3
info|2026-02-06 17:15:24.871466|timerFactory-0x0000774f127ff6c0|[RPC][WS][SERVICE]connected nodes,count=0
info|2026-02-06 17:15:24.890599|timerFactory-0x0000774f031ff6c0|[RPC][WS][SERVICE]connected nodes,count=0
info|2026-02-06 17:15:34.868549|ioService-0x0000774f211ff6c0|[P2PService][Service][METRIC]heartBeat,connected count=3
info|2026-02-06 17:15:34.871597|timerFactory-0x0000774f127ff6c0|[RPC][WS][SERVICE]connected nodes,count=0
info|2026-02-06 17:15:34.892639|timerFactory-0x0000774f031ff6c0|[RPC][WS][SERVICE]connected nodes,count=0
info|2026-02-06 17:15:44.868759|ioService-0x0000774f211ff6c0|[P2PService][Service][METRIC]heartBeat,connected count=3
info|2026-02-06 17:15:44.871685|timerFactory-0x0000774f127ff6c0|[RPC][WS][SERVICE]connected nodes,count=0
info|2026-02-06 17:15:44.892774|timerFactory-0x0000774f031ff6c0|[RPC][WS][SERVICE]connected nodes,count=0
info|2026-02-06 17:15:54.869024|ioService-0x0000774f211ff6c0|[P2PService][Service][METRIC]heartBeat,connected count=3
info|2026-02-06 17:15:54.871810|timerFactory-0x0000774f127ff6c0|[RPC][WS][SERVICE]connected nodes,count=0
info|2026-02-06 17:15:54.892990|timerFactory-0x0000774f031ff6c0|[RPC][WS][SERVICE]connected nodes,count=0
info|2026-02-06 17:16:04.869260|ioService-0x0000774f211ff6c0|[P2PService][Service][METRIC]heartBeat,connected count=3
info|2026-02-06 17:16:04.872010|timerFactory-0x0000774f127ff6c0|[RPC][WS][SERVICE]connected nodes,count=0
info|2026-02-06 17:16:04.893197|timerFactory-0x0000774f031ff6c0|[RPC][WS][SERVICE]connected nodes,count=0
info|2026-02-06 17:16:14.858071|objMonitor-0x0000774ef25ff6c0|[startMonitor][AliveObjectMonitor],AliveObjectAllocStat=[ type: bcos::gateway::Socket ,created: 9 ,destroyed: 5 ,alive: 4 ] 
info|2026-02-06 17:16:14.869501|ioService-0x0000774f211ff6c0|[P2PService][Service][METRIC]heartBeat,connected count=3
info|2026-02-06 17:16:14.872211|timerFactory-0x0000774f127ff6c0|[RPC][WS][SERVICE]connected nodes,count=0
info|2026-02-06 17:16:14.893415|timerFactory-0x0000774f031ff6c0|[RPC][WS][SERVICE]connected nodes,count=0
info|2026-02-06 17:16:24.869686|ioService-0x0000774f211ff6c0|[P2PService][Service][METRIC]heartBeat,connected count=3
info|2026-02-06 17:16:24.872385|timerFactory-0x0000774f127ff6c0|[RPC][WS][SERVICE]connected nodes,count=0
info|2026-02-06 17:16:24.893989|timerFactory-0x0000774f031ff6c0|[RPC][WS][SERVICE]connected nodes,count=0
info|2026-02-06 17:16:34.869838|ioService-0x0000774f211ff6c0|[P2PService][Service][METRIC]heartBeat,connected count=3
info|2026-02-06 17:16:34.872487|timerFactory-0x0000774f127ff6c0|[RPC][WS][SERVICE]connected nodes,count=0
info|2026-02-06 17:16:34.894101|timerFactory-0x0000774f031ff6c0|[RPC][WS][SERVICE]connected nodes,count=0
info|2026-02-06 17:16:44.870105|ioService-0x0000774f211ff6c0|[P2PService][Service][METRIC]heartBeat,connected count=3
info|2026-02-06 17:16:44.872635|timerFactory-0x0000774f127ff6c0|[RPC][WS][SERVICE]connected nodes,count=0
info|2026-02-06 17:16:44.894298|timerFactory-0x0000774f031ff6c0|[RPC][WS][SERVICE]connected nodes,count=0
info|2026-02-06 17:16:54.870416|ioService-0x0000774f211ff6c0|[P2PService][Service][METRIC]heartBeat,connected count=3
info|2026-02-06 17:16:54.872733|timerFactory-0x0000774f127ff6c0|[RPC][WS][SERVICE]connected nodes,count=0
info|2026-02-06 17:16:54.894436|timerFactory-0x0000774f031ff6c0|[RPC][WS][SERVICE]connected nodes,count=0
info|2026-02-06 17:17:04.870743|ioService-0x0000774f211ff6c0|[P2PService][Service][METRIC]heartBeat,connected count=3
info|2026-02-06 17:17:04.873120|timerFactory-0x0000774f127ff6c0|[RPC][WS][SERVICE]connected nodes,count=0
info|2026-02-06 17:17:04.894596|timerFactory-0x0000774f031ff6c0|[RPC][WS][SERVICE]connected nodes,count=0
info|2026-02-06 17:17:14.855882|objMonitor-0x0000774ef25ff6c0|[startMonitor][AliveObjectMonitor],AliveObjectAllocStat=[ type: bcos::gateway::Socket ,created: 9 ,destroyed: 5 ,alive: 4 ] 
info|2026-02-06 17:17:14.871071|ioService-0x0000774f211ff6c0|[P2PService][Service][METRIC]heartBeat,connected count=3
info|2026-02-06 17:17:14.873283|timerFactory-0x0000774f127ff6c0|[RPC][WS][SERVICE]connected nodes,count=0
info|2026-02-06 17:17:14.894803|timerFactory-0x0000774f031ff6c0|[RPC][WS][SERVICE]connected nodes,count=0
info|2026-02-06 17:17:24.871259|ioService-0x0000774f211ff6c0|[P2PService][Service][METRIC]heartBeat,connected count=3
info|2026-02-06 17:17:24.873486|timerFactory-0x0000774f127ff6c0|[RPC][WS][SERVICE]connected nodes,count=0
info|2026-02-06 17:17:24.894909|timerFactory-0x0000774f031ff6c0|[RPC][WS][SERVICE]connected nodes,count=0
info|2026-02-06 17:17:34.871607|ioService-0x0000774f211ff6c0|[P2PService][Service][METRIC]heartBeat,connected count=3
info|2026-02-06 17:17:34.873689|timerFactory-0x0000774f127ff6c0|[RPC][WS][SERVICE]connected nodes,count=0
info|2026-02-06 17:17:34.895035|timerFactory-0x0000774f031ff6c0|[RPC][WS][SERVICE]connected nodes,count=0
info|2026-02-06 17:17:44.871814|ioService-0x0000774f211ff6c0|[P2PService][Service][METRIC]heartBeat,connected count=3
info|2026-02-06 17:17:44.873814|timerFactory-0x0000774f127ff6c0|[RPC][WS][SERVICE]connected nodes,count=0
info|2026-02-06 17:17:44.895173|timerFactory-0x0000774f031ff6c0|[RPC][WS][SERVICE]connected nodes,count=0
info|2026-02-06 17:17:54.872009|ioService-0x0000774f211ff6c0|[P2PService][Service][METRIC]heartBeat,connected count=3
info|2026-02-06 17:17:54.874016|timerFactory-0x0000774f127ff6c0|[RPC][WS][SERVICE]connected nodes,count=0
info|2026-02-06 17:17:54.895320|timerFactory-0x0000774f031ff6c0|[RPC][WS][SERVICE]connected nodes,count=0
info|2026-02-06 17:18:04.872210|ioService-0x0000774f211ff6c0|[P2PService][Service][METRIC]heartBeat,connected count=3
info|2026-02-06 17:18:04.874210|timerFactory-0x0000774f127ff6c0|[RPC][WS][SERVICE]connected nodes,count=0
info|2026-02-06 17:18:04.895475|timerFactory-0x0000774f031ff6c0|[RPC][WS][SERVICE]connected nodes,count=0
info|2026-02-06 17:18:14.853824|objMonitor-0x0000774ef25ff6c0|[startMonitor][AliveObjectMonitor],AliveObjectAllocStat=[ type: bcos::gateway::Socket ,created: 9 ,destroyed: 5 ,alive: 4 ] 
info|2026-02-06 17:18:14.872830|ioService-0x0000774f211ff6c0|[P2PService][Service][METRIC]heartBeat,connected count=3
info|2026-02-06 17:18:14.874350|timerFactory-0x0000774f127ff6c0|[RPC][WS][SERVICE]connected nodes,count=0
info|2026-02-06 17:18:14.895571|timerFactory-0x0000774f031ff6c0|[RPC][WS][SERVICE]connected nodes,count=0
info|2026-02-06 17:18:24.874136|ioService-0x0000774f211ff6c0|[P2PService][Service][METRIC]heartBeat,connected count=3
info|2026-02-06 17:18:24.874419|timerFactory-0x0000774f127ff6c0|[RPC][WS][SERVICE]connected nodes,count=0
info|2026-02-06 17:18:24.895708|timerFactory-0x0000774f031ff6c0|[RPC][WS][SERVICE]connected nodes,count=0
info|2026-02-06 17:18:34.874426|ioService-0x0000774f211ff6c0|[P2PService][Service][METRIC]heartBeat,connected count=3
info|2026-02-06 17:18:34.874534|timerFactory-0x0000774f127ff6c0|[RPC][WS][SERVICE]connected nodes,count=0
info|2026-02-06 17:18:34.895842|timerFactory-0x0000774f031ff6c0|[RPC][WS][SERVICE]connected nodes,count=0
info|2026-02-06 17:18:44.874561|ioService-0x0000774f211ff6c0|[P2PService][Service][METRIC]heartBeat,connected count=3
info|2026-02-06 17:18:44.874663|timerFactory-0x0000774f127ff6c0|[RPC][WS][SERVICE]connected nodes,count=0
info|2026-02-06 17:18:44.895959|timerFactory-0x0000774f031ff6c0|[RPC][WS][SERVICE]connected nodes,count=0
info|2026-02-06 17:18:54.875089|timerFactory-0x0000774f127ff6c0|[RPC][WS][SERVICE]connected nodes,count=0
info|2026-02-06 17:18:54.875142|ioService-0x0000774f211ff6c0|[P2PService][Service][METRIC]heartBeat,connected count=3
info|2026-02-06 17:18:54.896125|timerFactory-0x0000774f031ff6c0|[RPC][WS][SERVICE]connected nodes,count=0
info|2026-02-06 17:19:04.875462|timerFactory-0x0000774f127ff6c0|[RPC][WS][SERVICE]connected nodes,count=0
info|2026-02-06 17:19:04.875567|ioService-0x0000774f211ff6c0|[P2PService][Service][METRIC]heartBeat,connected count=3
info|2026-02-06 17:19:04.896304|timerFactory-0x0000774f031ff6c0|[RPC][WS][SERVICE]connected nodes,count=0
info|2026-02-06 17:19:14.849818|objMonitor-0x0000774ef25ff6c0|[startMonitor][AliveObjectMonitor],AliveObjectAllocStat=[ type: bcos::gateway::Socket ,created: 9 ,destroyed: 5 ,alive: 4 ] 
info|2026-02-06 17:19:14.875887|timerFactory-0x0000774f127ff6c0|[RPC][WS][SERVICE]connected nodes,count=0
info|2026-02-06 17:19:14.876076|ioService-0x0000774f211ff6c0|[P2PService][Service][METRIC]heartBeat,connected count=3
info|2026-02-06 17:19:14.896622|timerFactory-0x0000774f031ff6c0|[RPC][WS][SERVICE]connected nodes,count=0
info|2026-02-06 17:19:24.876139|timerFactory-0x0000774f127ff6c0|[RPC][WS][SERVICE]connected nodes,count=0
info|2026-02-06 17:19:24.876178|ioService-0x0000774f211ff6c0|[P2PService][Service][METRIC]heartBeat,connected count=3
info|2026-02-06 17:19:24.896939|timerFactory-0x0000774f031ff6c0|[RPC][WS][SERVICE]connected nodes,count=0
info|2026-02-06 17:19:34.876346|timerFactory-0x0000774f127ff6c0|[RPC][WS][SERVICE]connected nodes,count=0
info|2026-02-06 17:19:34.876426|ioService-0x0000774f211ff6c0|[P2PService][Service][METRIC]heartBeat,connected count=3
info|2026-02-06 17:19:34.897143|timerFactory-0x0000774f031ff6c0|[RPC][WS][SERVICE]connected nodes,count=0
info|2026-02-06 17:19:44.876503|timerFactory-0x0000774f127ff6c0|[RPC][WS][SERVICE]connected nodes,count=0
info|2026-02-06 17:19:44.876711|ioService-0x0000774f211ff6c0|[P2PService][Service][METRIC]heartBeat,connected count=3
info|2026-02-06 17:19:44.897369|timerFactory-0x0000774f031ff6c0|[RPC][WS][SERVICE]connected nodes,count=0
info|2026-02-06 17:19:54.876621|timerFactory-0x0000774f127ff6c0|[RPC][WS][SERVICE]connected nodes,count=0
info|2026-02-06 17:19:54.876926|ioService-0x0000774f211ff6c0|[P2PService][Service][METRIC]heartBeat,connected count=3
info|2026-02-06 17:19:54.897552|timerFactory-0x0000774f031ff6c0|[RPC][WS][SERVICE]connected nodes,count=0
info|2026-02-06 17:20:04.876796|timerFactory-0x0000774f127ff6c0|[RPC][WS][SERVICE]connected nodes,count=0
info|2026-02-06 17:20:04.877118|ioService-0x0000774f211ff6c0|[P2PService][Service][METRIC]heartBeat,connected count=3
info|2026-02-06 17:20:04.897686|timerFactory-0x0000774f031ff6c0|[RPC][WS][SERVICE]connected nodes,count=0
info|2026-02-06 17:20:14.846032|objMonitor-0x0000774ef25ff6c0|[startMonitor][AliveObjectMonitor],AliveObjectAllocStat=[ type: bcos::gateway::Socket ,created: 9 ,destroyed: 5 ,alive: 4 ] 
info|2026-02-06 17:20:14.876921|timerFactory-0x0000774f127ff6c0|[RPC][WS][SERVICE]connected nodes,count=0
info|2026-02-06 17:20:14.877257|ioService-0x0000774f211ff6c0|[P2PService][Service][METRIC]heartBeat,connected count=3
info|2026-02-06 17:20:14.897840|timerFactory-0x0000774f031ff6c0|[RPC][WS][SERVICE]connected nodes,count=0
info|2026-02-06 17:20:24.877032|timerFactory-0x0000774f127ff6c0|[RPC][WS][SERVICE]connected nodes,count=0
info|2026-02-06 17:20:24.877378|ioService-0x0000774f211ff6c0|[P2PService][Service][METRIC]heartBeat,connected count=3
info|2026-02-06 17:20:24.897954|timerFactory-0x0000774f031ff6c0|[RPC][WS][SERVICE]connected nodes,count=0
info|2026-02-06 17:20:34.877123|timerFactory-0x0000774f127ff6c0|[RPC][WS][SERVICE]connected nodes,count=0
info|2026-02-06 17:20:34.877460|ioService-0x0000774f211ff6c0|[P2PService][Service][METRIC]heartBeat,connected count=3
info|2026-02-06 17:20:34.898148|timerFactory-0x0000774f031ff6c0|[RPC][WS][SERVICE]connected nodes,count=0
info|2026-02-06 17:20:44.877225|timerFactory-0x0000774f127ff6c0|[RPC][WS][SERVICE]connected nodes,count=0
info|2026-02-06 17:20:44.877587|ioService-0x0000774f211ff6c0|[P2PService][Service][METRIC]heartBeat,connected count=3
info|2026-02-06 17:20:44.898290|timerFactory-0x0000774f031ff6c0|[RPC][WS][SERVICE]connected nodes,count=0
info|2026-02-06 17:20:54.877351|timerFactory-0x0000774f127ff6c0|[RPC][WS][SERVICE]connected nodes,count=0
info|2026-02-06 17:20:54.877691|ioService-0x0000774f211ff6c0|[P2PService][Service][METRIC]heartBeat,connected count=3
info|2026-02-06 17:20:54.898420|timerFactory-0x0000774f031ff6c0|[RPC][WS][SERVICE]connected nodes,count=0
info|2026-02-06 17:21:04.877480|timerFactory-0x0000774f127ff6c0|[RPC][WS][SERVICE]connected nodes,count=0
info|2026-02-06 17:21:04.877859|ioService-0x0000774f211ff6c0|[P2PService][Service][METRIC]heartBeat,connected count=3
info|2026-02-06 17:21:04.898523|timerFactory-0x0000774f031ff6c0|[RPC][WS][SERVICE]connected nodes,count=0
info|2026-02-06 17:21:14.842429|objMonitor-0x0000774ef25ff6c0|[startMonitor][AliveObjectMonitor],AliveObjectAllocStat=[ type: bcos::gateway::Socket ,created: 9 ,destroyed: 5 ,alive: 4 ] 
info|2026-02-06 17:21:14.877603|timerFactory-0x0000774f127ff6c0|[RPC][WS][SERVICE]connected nodes,count=0
info|2026-02-06 17:21:14.878350|ioService-0x0000774f211ff6c0|[P2PService][Service][METRIC]heartBeat,connected count=3
info|2026-02-06 17:21:14.899055|timerFactory-0x0000774f031ff6c0|[RPC][WS][SERVICE]connected nodes,count=0
info|2026-02-06 17:21:24.877778|timerFactory-0x0000774f127ff6c0|[RPC][WS][SERVICE]connected nodes,count=0
info|2026-02-06 17:21:24.878642|ioService-0x0000774f211ff6c0|[P2PService][Service][METRIC]heartBeat,connected count=3
info|2026-02-06 17:21:24.899301|timerFactory-0x0000774f031ff6c0|[RPC][WS][SERVICE]connected nodes,count=0
info|2026-02-06 17:21:34.877933|timerFactory-0x0000774f127ff6c0|[RPC][WS][SERVICE]connected nodes,count=0
info|2026-02-06 17:21:34.878817|ioService-0x0000774f211ff6c0|[P2PService][Service][METRIC]heartBeat,connected count=3
info|2026-02-06 17:21:34.899482|timerFactory-0x0000774f031ff6c0|[RPC][WS][SERVICE]connected nodes,count=0
info|2026-02-06 17:21:44.879224|ioService-0x0000774f211ff6c0|[P2PService][Service][METRIC]heartBeat,connected count=3
info|2026-02-06 17:21:44.879676|timerFactory-0x0000774f127ff6c0|[RPC][WS][SERVICE]connected nodes,count=0
info|2026-02-06 17:21:44.899710|timerFactory-0x0000774f031ff6c0|[RPC][WS][SERVICE]connected nodes,count=0
info|2026-02-06 17:21:54.879345|ioService-0x0000774f211ff6c0|[P2PService][Service][METRIC]heartBeat,connected count=3
info|2026-02-06 17:21:54.879871|timerFactory-0x0000774f127ff6c0|[RPC][WS][SERVICE]connected nodes,count=0
info|2026-02-06 17:21:54.899929|timerFactory-0x0000774f031ff6c0|[RPC][WS][SERVICE]connected nodes,count=0
info|2026-02-06 17:22:04.879532|ioService-0x0000774f211ff6c0|[P2PService][Service][METRIC]heartBeat,connected count=3
info|2026-02-06 17:22:04.880005|timerFactory-0x0000774f127ff6c0|[RPC][WS][SERVICE]connected nodes,count=0
info|2026-02-06 17:22:04.900103|timerFactory-0x0000774f031ff6c0|[RPC][WS][SERVICE]connected nodes,count=0
info|2026-02-06 17:22:14.839181|objMonitor-0x0000774ef25ff6c0|[startMonitor][AliveObjectMonitor],AliveObjectAllocStat=[ type: bcos::gateway::Socket ,created: 9 ,destroyed: 5 ,alive: 4 ] [ type: bcos::gateway::ResponseCallback ,created: 22406 ,destroyed: 22402 ,alive: 4 ] 
info|2026-02-06 17:22:14.879730|ioService-0x0000774f211ff6c0|[P2PService][Service][METRIC]heartBeat,connected count=3
info|2026-02-06 17:22:14.880118|timerFactory-0x0000774f127ff6c0|[RPC][WS][SERVICE]connected nodes,count=0
info|2026-02-06 17:22:14.900505|timerFactory-0x0000774f031ff6c0|[RPC][WS][SERVICE]connected nodes,count=0
info|2026-02-06 17:22:24.879951|ioService-0x0000774f211ff6c0|[P2PService][Service][METRIC]heartBeat,connected count=3
info|2026-02-06 17:22:24.880256|timerFactory-0x0000774f127ff6c0|[RPC][WS][SERVICE]connected nodes,count=0
info|2026-02-06 17:22:24.900668|timerFactory-0x0000774f031ff6c0|[RPC][WS][SERVICE]connected nodes,count=0
info|2026-02-06 17:22:34.880106|ioService-0x0000774f211ff6c0|[P2PService][Service][METRIC]heartBeat,connected count=3
info|2026-02-06 17:22:34.880338|timerFactory-0x0000774f127ff6c0|[RPC][WS][SERVICE]connected nodes,count=0
info|2026-02-06 17:22:34.900747|timerFactory-0x0000774f031ff6c0|[RPC][WS][SERVICE]connected nodes,count=0
info|2026-02-06 17:22:44.880619|ioService-0x0000774f211ff6c0|[P2PService][Service][METRIC]heartBeat,connected count=3
info|2026-02-06 17:22:44.880693|timerFactory-0x0000774f127ff6c0|[RPC][WS][SERVICE]connected nodes,count=0
info|2026-02-06 17:22:44.900838|timerFactory-0x0000774f031ff6c0|[RPC][WS][SERVICE]connected nodes,count=0
info|2026-02-06 17:22:54.880810|ioService-0x0000774f211ff6c0|[P2PService][Service][METRIC]heartBeat,connected count=3
info|2026-02-06 17:22:54.880827|timerFactory-0x0000774f127ff6c0|[RPC][WS][SERVICE]connected nodes,count=0
info|2026-02-06 17:22:54.901100|timerFactory-0x0000774f031ff6c0|[RPC][WS][SERVICE]connected nodes,count=0
info|2026-02-06 17:23:04.881260|timerFactory-0x0000774f127ff6c0|[RPC][WS][SERVICE]connected nodes,count=0
info|2026-02-06 17:23:04.881335|ioService-0x0000774f211ff6c0|[P2PService][Service][METRIC]heartBeat,connected count=3
info|2026-02-06 17:23:04.901370|timerFactory-0x0000774f031ff6c0|[RPC][WS][SERVICE]connected nodes,count=0
info|2026-02-06 17:23:14.835084|objMonitor-0x0000774ef25ff6c0|[startMonitor][AliveObjectMonitor],AliveObjectAllocStat=[ type: bcos::gateway::Socket ,created: 9 ,destroyed: 5 ,alive: 4 ] [ type: bcos::gateway::ResponseCallback ,created: 23303 ,destroyed: 23297 ,alive: 6 ] 
info|2026-02-06 17:23:14.881410|timerFactory-0x0000774f127ff6c0|[RPC][WS][SERVICE]connected nodes,count=0
info|2026-02-06 17:23:14.881562|ioService-0x0000774f211ff6c0|[P2PService][Service][METRIC]heartBeat,connected count=3
info|2026-02-06 17:23:14.901494|timerFactory-0x0000774f031ff6c0|[RPC][WS][SERVICE]connected nodes,count=0
info|2026-02-06 17:23:24.881512|timerFactory-0x0000774f127ff6c0|[RPC][WS][SERVICE]connected nodes,count=0
info|2026-02-06 17:23:24.881676|ioService-0x0000774f211ff6c0|[P2PService][Service][METRIC]heartBeat,connected count=3
info|2026-02-06 17:23:24.901704|timerFactory-0x0000774f031ff6c0|[RPC][WS][SERVICE]connected nodes,count=0
info|2026-02-06 17:23:34.881648|timerFactory-0x0000774f127ff6c0|[RPC][WS][SERVICE]connected nodes,count=0
info|2026-02-06 17:23:34.881989|ioService-0x0000774f211ff6c0|[P2PService][Service][METRIC]heartBeat,connected count=3
info|2026-02-06 17:23:34.902036|timerFactory-0x0000774f031ff6c0|[RPC][WS][SERVICE]connected nodes,count=0
info|2026-02-06 17:23:44.881786|timerFactory-0x0000774f127ff6c0|[RPC][WS][SERVICE]connected nodes,count=0
info|2026-02-06 17:23:44.882126|ioService-0x0000774f211ff6c0|[P2PService][Service][METRIC]heartBeat,connected count=3
info|2026-02-06 17:23:44.902165|timerFactory-0x0000774f031ff6c0|[RPC][WS][SERVICE]connected nodes,count=0
info|2026-02-06 17:23:54.881929|timerFactory-0x0000774f127ff6c0|[RPC][WS][SERVICE]connected nodes,count=0
info|2026-02-06 17:23:54.882329|ioService-0x0000774f211ff6c0|[P2PService][Service][METRIC]heartBeat,connected count=3
info|2026-02-06 17:23:54.902356|timerFactory-0x0000774f031ff6c0|[RPC][WS][SERVICE]connected nodes,count=0
info|2026-02-06 17:24:04.882144|timerFactory-0x0000774f127ff6c0|[RPC][WS][SERVICE]connected nodes,count=0
info|2026-02-06 17:24:04.882574|ioService-0x0000774f211ff6c0|[P2PService][Service][METRIC]heartBeat,connected count=3
info|2026-02-06 17:24:04.902690|timerFactory-0x0000774f031ff6c0|[RPC][WS][SERVICE]connected nodes,count=0
info|2026-02-06 17:24:14.831251|objMonitor-0x0000774ef25ff6c0|[startMonitor][AliveObjectMonitor],AliveObjectAllocStat=[ type: bcos::gateway::Socket ,created: 9 ,destroyed: 5 ,alive: 4 ] 
info|2026-02-06 17:24:14.882298|timerFactory-0x0000774f127ff6c0|[RPC][WS][SERVICE]connected nodes,count=0
info|2026-02-06 17:24:14.882787|ioService-0x0000774f211ff6c0|[P2PService][Service][METRIC]heartBeat,connected count=3
info|2026-02-06 17:24:14.902822|timerFactory-0x0000774f031ff6c0|[RPC][WS][SERVICE]connected nodes,count=0
info|2026-02-06 17:24:24.882403|timerFactory-0x0000774f127ff6c0|[RPC][WS][SERVICE]connected nodes,count=0
info|2026-02-06 17:24:24.883011|ioService-0x0000774f211ff6c0|[P2PService][Service][METRIC]heartBeat,connected count=3
info|2026-02-06 17:24:24.903011|timerFactory-0x0000774f031ff6c0|[RPC][WS][SERVICE]connected nodes,count=0
info|2026-02-06 17:24:34.882537|timerFactory-0x0000774f127ff6c0|[RPC][WS][SERVICE]connected nodes,count=0
info|2026-02-06 17:24:34.883306|ioService-0x0000774f211ff6c0|[P2PService][Service][METRIC]heartBeat,connected count=3
info|2026-02-06 17:24:34.903267|timerFactory-0x0000774f031ff6c0|[RPC][WS][SERVICE]connected nodes,count=0
info|2026-02-06 17:24:44.883438|ioService-0x0000774f211ff6c0|[P2PService][Service][METRIC]heartBeat,connected count=3
info|2026-02-06 17:24:44.883547|timerFactory-0x0000774f127ff6c0|[RPC][WS][SERVICE]connected nodes,count=0
info|2026-02-06 17:24:44.903519|timerFactory-0x0000774f031ff6c0|[RPC][WS][SERVICE]connected nodes,count=0
info|2026-02-06 17:24:54.883742|timerFactory-0x0000774f127ff6c0|[RPC][WS][SERVICE]connected nodes,count=0
info|2026-02-06 17:24:54.883687|ioService-0x0000774f211ff6c0|[P2PService][Service][METRIC]heartBeat,connected count=3
info|2026-02-06 17:24:54.903722|timerFactory-0x0000774f031ff6c0|[RPC][WS][SERVICE]connected nodes,count=0
info|2026-02-06 17:25:04.883874|timerFactory-0x0000774f127ff6c0|[RPC][WS][SERVICE]connected nodes,count=0
info|2026-02-06 17:25:04.883904|ioService-0x0000774f211ff6c0|[P2PService][Service][METRIC]heartBeat,connected count=3
info|2026-02-06 17:25:04.903814|timerFactory-0x0000774f031ff6c0|[RPC][WS][SERVICE]connected nodes,count=0
info|2026-02-06 17:25:14.827559|objMonitor-0x0000774ef25ff6c0|[startMonitor][AliveObjectMonitor],AliveObjectAllocStat=[ type: bcos::gateway::Socket ,created: 9 ,destroyed: 5 ,alive: 4 ] 
info|2026-02-06 17:25:14.883944|timerFactory-0x0000774f127ff6c0|[RPC][WS][SERVICE]connected nodes,count=0
info|2026-02-06 17:25:14.883975|ioService-0x0000774f211ff6c0|[P2PService][Service][METRIC]heartBeat,connected count=3
info|2026-02-06 17:25:14.903928|timerFactory-0x0000774f031ff6c0|[RPC][WS][SERVICE]connected nodes,count=0
info|2026-02-06 17:25:24.884127|timerFactory-0x0000774f127ff6c0|[RPC][WS][SERVICE]connected nodes,count=0
info|2026-02-06 17:25:24.884139|ioService-0x0000774f211ff6c0|[P2PService][Service][METRIC]heartBeat,connected count=3
info|2026-02-06 17:25:24.904052|timerFactory-0x0000774f031ff6c0|[RPC][WS][SERVICE]connected nodes,count=0
info|2026-02-06 17:25:34.884211|timerFactory-0x0000774f127ff6c0|[RPC][WS][SERVICE]connected nodes,count=0
info|2026-02-06 17:25:34.884247|ioService-0x0000774f211ff6c0|[P2PService][Service][METRIC]heartBeat,connected count=3
info|2026-02-06 17:25:34.904382|timerFactory-0x0000774f031ff6c0|[RPC][WS][SERVICE]connected nodes,count=0
info|2026-02-06 17:25:44.884467|timerFactory-0x0000774f127ff6c0|[RPC][WS][SERVICE]connected nodes,count=0
info|2026-02-06 17:25:44.884795|ioService-0x0000774f211ff6c0|[P2PService][Service][METRIC]heartBeat,connected count=3
info|2026-02-06 17:25:44.904542|timerFactory-0x0000774f031ff6c0|[RPC][WS][SERVICE]connected nodes,count=0
info|2026-02-06 17:25:54.884549|timerFactory-0x0000774f127ff6c0|[RPC][WS][SERVICE]connected nodes,count=0
info|2026-02-06 17:25:54.884969|ioService-0x0000774f211ff6c0|[P2PService][Service][METRIC]heartBeat,connected count=3
info|2026-02-06 17:25:54.904637|timerFactory-0x0000774f031ff6c0|[RPC][WS][SERVICE]connected nodes,count=0
info|2026-02-06 17:26:04.884625|timerFactory-0x0000774f127ff6c0|[RPC][WS][SERVICE]connected nodes,count=0
info|2026-02-06 17:26:04.885140|ioService-0x0000774f211ff6c0|[P2PService][Service][METRIC]heartBeat,connected count=3
info|2026-02-06 17:26:04.904788|timerFactory-0x0000774f031ff6c0|[RPC][WS][SERVICE]connected nodes,count=0
info|2026-02-06 17:26:14.823786|objMonitor-0x0000774ef25ff6c0|[startMonitor][AliveObjectMonitor],AliveObjectAllocStat=[ type: bcos::gateway::Socket ,created: 9 ,destroyed: 5 ,alive: 4 ] 
info|2026-02-06 17:26:14.884696|timerFactory-0x0000774f127ff6c0|[RPC][WS][SERVICE]connected nodes,count=0
info|2026-02-06 17:26:14.885231|ioService-0x0000774f211ff6c0|[P2PService][Service][METRIC]heartBeat,connected count=3
info|2026-02-06 17:26:14.904857|timerFactory-0x0000774f031ff6c0|[RPC][WS][SERVICE]connected nodes,count=0
info|2026-02-06 17:26:24.885166|timerFactory-0x0000774f127ff6c0|[RPC][WS][SERVICE]connected nodes,count=0
info|2026-02-06 17:26:24.887250|ioService-0x0000774f211ff6c0|[P2PService][Service][METRIC]heartBeat,connected count=3
info|2026-02-06 17:26:24.904971|timerFactory-0x0000774f031ff6c0|[RPC][WS][SERVICE]connected nodes,count=0
info|2026-02-06 17:26:34.885414|timerFactory-0x0000774f127ff6c0|[RPC][WS][SERVICE]connected nodes,count=0
info|2026-02-06 17:26:34.887388|ioService-0x0000774f211ff6c0|[P2PService][Service][METRIC]heartBeat,connected count=3
info|2026-02-06 17:26:34.905136|timerFactory-0x0000774f031ff6c0|[RPC][WS][SERVICE]connected nodes,count=0
info|2026-02-06 17:26:44.885597|timerFactory-0x0000774f127ff6c0|[RPC][WS][SERVICE]connected nodes,count=0
info|2026-02-06 17:26:44.887583|ioService-0x0000774f211ff6c0|[P2PService][Service][METRIC]heartBeat,connected count=3
info|2026-02-06 17:26:44.905390|timerFactory-0x0000774f031ff6c0|[RPC][WS][SERVICE]connected nodes,count=0
info|2026-02-06 17:26:54.885714|timerFactory-0x0000774f127ff6c0|[RPC][WS][SERVICE]connected nodes,count=0
info|2026-02-06 17:26:54.887732|ioService-0x0000774f211ff6c0|[P2PService][Service][METRIC]heartBeat,connected count=3
info|2026-02-06 17:26:54.905498|timerFactory-0x0000774f031ff6c0|[RPC][WS][SERVICE]connected nodes,count=0
info|2026-02-06 17:27:04.886049|timerFactory-0x0000774f127ff6c0|[RPC][WS][SERVICE]connected nodes,count=0
info|2026-02-06 17:27:04.888207|ioService-0x0000774f211ff6c0|[P2PService][Service][METRIC]heartBeat,connected count=3
info|2026-02-06 17:27:04.905618|timerFactory-0x0000774f031ff6c0|[RPC][WS][SERVICE]connected nodes,count=0
info|2026-02-06 17:27:14.819102|objMonitor-0x0000774ef25ff6c0|[startMonitor][AliveObjectMonitor],AliveObjectAllocStat=[ type: bcos::gateway::Socket ,created: 9 ,destroyed: 5 ,alive: 4 ] 
info|2026-02-06 17:27:14.886202|timerFactory-0x0000774f127ff6c0|[RPC][WS][SERVICE]connected nodes,count=0
info|2026-02-06 17:27:14.888382|ioService-0x0000774f211ff6c0|[P2PService][Service][METRIC]heartBeat,connected count=3
info|2026-02-06 17:27:14.905703|timerFactory-0x0000774f031ff6c0|[RPC][WS][SERVICE]connected nodes,count=0
info|2026-02-06 17:27:24.886322|timerFactory-0x0000774f127ff6c0|[RPC][WS][SERVICE]connected nodes,count=0
info|2026-02-06 17:27:24.889085|ioService-0x0000774f211ff6c0|[P2PService][Service][METRIC]heartBeat,connected count=3
info|2026-02-06 17:27:24.909433|timerFactory-0x0000774f031ff6c0|[RPC][WS][SERVICE]connected nodes,count=0
info|2026-02-06 17:27:25.257736|ioService-0x0000774f1dffe6c0|[SESSION][Session]doRead error,endpoint=127.0.0.1:57504,message=stream truncated
info|2026-02-06 17:27:25.257819|ioService-0x0000774f1dffe6c0|[SESSION][Session]drop, call and erase all callback in this session!,this=0x774f17e63010,endpoint=127.0.0.1:57504
info|2026-02-06 17:27:25.257911|ioService-0x0000774f1dffe6c0|[SESSION][Session][drop] closing remote 127.0.0.1:57504,reason=Low-level TCP communication error.,endpoint=127.0.0.1:57504
warning|2026-02-06 17:27:25.258088|fisco-bcos-0x0000774ee74e56c0|[P2PService][Service2][onMessage],code=3,msg=Disconnect
info|2026-02-06 17:27:25.258307|fisco-bcos-0x0000774ee74e56c0|[P2PService][Service]disconnect error P2PSession,p2pid=3082010a0282010100a492268b412bea3e8f972dff0dc52c521cd06884f53d90f3889c7014f7cb635c38a07b81af9630f2b04238a726b029af6b4b924e132710d2894b7175f12a5e323a7119afd27786b01965d49b9c885ff3768f40b9d57817bc1305124f40ced3b1ac99666773a3a64cce079e95acbc31d42f416aad362594008547aae561213b022db32ed9d1bd67df5c020bc44dcc073982b4566fd04048555b1ea84279063d5b1047e9f42776ef03677d2dd1454433fdb3feced3f41b92efdfeda545d56c1c9ba349584c9095f3ad9e31c2db11cbe3007ee7817f5846f87eb01c296d81b36dbbc765b4c7af74aface1276dd4fd91963729e495694b6af5c0d6111c49115a2c3f0203010001,endpoint=127.0.0.1:57504,code=3,message=Disconnect
info|2026-02-06 17:27:25.258385|fisco-bcos-0x0000774ee74e56c0|[Gateway][GatewayNodeManager]onRemoveNodeIDs,p2pid=3082010a0282010100a492268b412bea3e8f972dff0dc52c521cd06884f53d90f3889c7014f7cb635c38a07b81af9630f2b04238a726b029af6b4b924e132710d2894b7175f12a5e323a7119afd27786b01965d49b9c885ff3768f40b9d57817bc1305124f40ced3b1ac99666773a3a64cce079e95acbc31d42f416aad362594008547aae561213b022db32ed9d1bd67df5c020bc44dcc073982b4566fd04048555b1ea84279063d5b1047e9f42776ef03677d2dd1454433fdb3feced3f41b92efdfeda545d56c1c9ba349584c9095f3ad9e31c2db11cbe3007ee7817f5846f87eb01c296d81b36dbbc765b4c7af74aface1276dd4fd91963729e495694b6af5c0d6111c49115a2c3f0203010001
info|2026-02-06 17:27:25.258428|ioService-0x0000774f1dffe6c0|[SESSION][Session][drop] shutdown failed ,failedValue=9,message=Bad file descriptor
info|2026-02-06 17:27:25.258533|fisco-bcos-0x0000774ee74e56c0|[Gateway][Router]PeersRouterTable: removeP2PID,p2pID=3082010a0282010100a492268b412bea3e8f972dff0dc52c521cd06884f53d90f3889c7014f7cb635c38a07b81af9630f2b04238a726b029af6b4b924e132710d2894b7175f12a5e323a7119afd27786b01965d49b9c885ff3768f40b9d57817bc1305124f40ced3b1ac99666773a3a64cce079e95acbc31d42f416aad362594008547aae561213b022db32ed9d1bd67df5c020bc44dcc073982b4566fd04048555b1ea84279063d5b1047e9f42776ef03677d2dd1454433fdb3feced3f41b92efdfeda545d56c1c9ba349584c9095f3ad9e31c2db11cbe3007ee7817f5846f87eb01c296d81b36dbbc765b4c7af74aface1276dd4fd91963729e495694b6af5c0d6111c49115a2c3f0203010001
info|2026-02-06 17:27:25.258671|fisco-bcos-0x0000774ee74e56c0|[Gateway][Router]GatewayStatus: removeP2PNode,p2pID=3082010a0282010100a492268b412bea3e8f972dff0dc52c521cd06884f53d90f3889c7014f7cb635c38a07b81af9630f2b04238a726b029af6b4b924e132710d2894b7175f12a5e323a7119afd27786b01965d49b9c885ff3768f40b9d57817bc1305124f40ced3b1ac99666773a3a64cce079e95acbc31d42f416aad362594008547aae561213b022db32ed9d1bd67df5c020bc44dcc073982b4566fd04048555b1ea84279063d5b1047e9f42776ef03677d2dd1454433fdb3feced3f41b92efdfeda545d56c1c9ba349584c9095f3ad9e31c2db11cbe3007ee7817f5846f87eb01c296d81b36dbbc765b4c7af74aface1276dd4fd91963729e495694b6af5c0d6111c49115a2c3f0203010001
info|2026-02-06 17:27:25.258714|fisco-bcos-0x0000774ee74e56c0|[Gateway][Router]GatewayStatus: removeP2PNode,p2pID=3082010a0282010100a492268b412bea3e8f972dff0dc52c521cd06884f53d90f3889c7014f7cb635c38a07b81af9630f2b04238a726b029af6b4b924e132710d2894b7175f12a5e323a7119afd27786b01965d49b9c885ff3768f40b9d57817bc1305124f40ced3b1ac99666773a3a64cce079e95acbc31d42f416aad362594008547aae561213b022db32ed9d1bd67df5c020bc44dcc073982b4566fd04048555b1ea84279063d5b1047e9f42776ef03677d2dd1454433fdb3feced3f41b92efdfeda545d56c1c9ba349584c9095f3ad9e31c2db11cbe3007ee7817f5846f87eb01c296d81b36dbbc765b4c7af74aface1276dd4fd91963729e495694b6af5c0d6111c49115a2c3f0203010001
info|2026-02-06 17:27:25.258745|fisco-bcos-0x0000774ee74e56c0|[Gateway][Router]GatewayStatus: removeP2PNode,p2pID=3082010a0282010100a492268b412bea3e8f972dff0dc52c521cd06884f53d90f3889c7014f7cb635c38a07b81af9630f2b04238a726b029af6b4b924e132710d2894b7175f12a5e323a7119afd27786b01965d49b9c885ff3768f40b9d57817bc1305124f40ced3b1ac99666773a3a64cce079e95acbc31d42f416aad362594008547aae561213b022db32ed9d1bd67df5c020bc44dcc073982b4566fd04048555b1ea84279063d5b1047e9f42776ef03677d2dd1454433fdb3feced3f41b92efdfeda545d56c1c9ba349584c9095f3ad9e31c2db11cbe3007ee7817f5846f87eb01c296d81b36dbbc765b4c7af74aface1276dd4fd91963729e495694b6af5c0d6111c49115a2c3f0203010001
info|2026-02-06 17:27:25.258841|fisco-bcos-0x0000774ee74e56c0|[Gateway][GatewayNodeManager]syncLatestNodeIDList,groupID=group0,nodeCount=3
info|2026-02-06 17:27:25.258885|fisco-bcos-0x0000774ee74e56c0|[FrontService]protocolNegotiate success,nodeID=5b07d12d1512a66493c8fd3456d8c505e6ce05f20061613a4c48a1fa3755bbf9cc2d2f1878c4a6733389f03deb0a3fc0c672e2f4910fde9802d6675929cb3dc5,groupID=group0,minVersion=0,maxVersion=2,supportedMinVersion=0,supportedMaxVersion=2,version=2
info|2026-02-06 17:27:25.258898|fisco-bcos-0x0000774ee74e56c0|[FrontService]protocolNegotiate success,nodeID=0d6a7f52cb87ce7fda869e0db309ec9c53723c46f81632c21e4abbf1a9159f14d53f37cc0c4141548da9ec877d6235afd7a501c40d296fc4c5252a8717aa23c2,groupID=group0,minVersion=0,maxVersion=2,supportedMinVersion=0,supportedMaxVersion=2,version=2
info|2026-02-06 17:27:25.258911|fisco-bcos-0x0000774ee74e56c0|[FrontService]protocolNegotiate success,nodeID=21a47acec36f73d8e925a7d5db44793f998e1a42a6d7ee2e3a5cf4037b853452cb76f6cbab8e5b223a128e8ee15790d1f629858b47070b4eb2e1ddb2b0ada297,groupID=group0,minVersion=0,maxVersion=2,supportedMinVersion=0,supportedMaxVersion=2,version=2
info|2026-02-06 17:27:25.258923|fisco-bcos-0x0000774ee74e56c0|[FrontService]onReceiveGroupNodeInfo,groupID=group0,nodeIDs.size()=3
info|2026-02-06 17:27:25.259060|fisco-bcos-0x0000774ee74e56c0|[P2PService][Router][erase]make the router unreachable,dst=3082010a0282010100a492268b412bea3e8f972dff0dc52c521cd06884f53d90f3889c7014f7cb635c38a07b81af9630f2b04238a726b029af6b4b924e132710d2894b7175f12a5e323a7119afd27786b01965d49b9c885ff3768f40b9d57817bc1305124f40ced3b1ac99666773a3a64cce079e95acbc31d42f416aad362594008547aae561213b022db32ed9d1bd67df5c020bc44dcc073982b4566fd04048555b1ea84279063d5b1047e9f42776ef03677d2dd1454433fdb3feced3f41b92efdfeda545d56c1c9ba349584c9095f3ad9e31c2db11cbe3007ee7817f5846f87eb01c296d81b36dbbc765b4c7af74aface1276dd4fd91963729e495694b6af5c0d6111c49115a2c3f0203010001,distance=10,size=3
info|2026-02-06 17:27:25.259423|fisco-bcos-0x0000774ee74e56c0|[Gateway][GatewayNodeManager]onRemoveNodeIDs,p2pid=3082010a0282010100a492268b412bea3e8f972dff0dc52c521cd06884f53d90f3889c7014f7cb635c38a07b81af9630f2b04238a726b029af6b4b924e132710d2894b7175f12a5e323a7119afd27786b01965d49b9c885ff3768f40b9d57817bc1305124f40ced3b1ac99666773a3a64cce079e95acbc31d42f416aad362594008547aae561213b022db32ed9d1bd67df5c020bc44dcc073982b4566fd04048555b1ea84279063d5b1047e9f42776ef03677d2dd1454433fdb3feced3f41b92efdfeda545d56c1c9ba349584c9095f3ad9e31c2db11cbe3007ee7817f5846f87eb01c296d81b36dbbc765b4c7af74aface1276dd4fd91963729e495694b6af5c0d6111c49115a2c3f0203010001
info|2026-02-06 17:27:25.259440|fisco-bcos-0x0000774ee74e56c0|[Gateway][Router]PeersRouterTable: removeP2PID,p2pID=3082010a0282010100a492268b412bea3e8f972dff0dc52c521cd06884f53d90f3889c7014f7cb635c38a07b81af9630f2b04238a726b029af6b4b924e132710d2894b7175f12a5e323a7119afd27786b01965d49b9c885ff3768f40b9d57817bc1305124f40ced3b1ac99666773a3a64cce079e95acbc31d42f416aad362594008547aae561213b022db32ed9d1bd67df5c020bc44dcc073982b4566fd04048555b1ea84279063d5b1047e9f42776ef03677d2dd1454433fdb3feced3f41b92efdfeda545d56c1c9ba349584c9095f3ad9e31c2db11cbe3007ee7817f5846f87eb01c296d81b36dbbc765b4c7af74aface1276dd4fd91963729e495694b6af5c0d6111c49115a2c3f0203010001
info|2026-02-06 17:27:25.259450|fisco-bcos-0x0000774ee74e56c0|[Gateway][Router]GatewayStatus: removeP2PNode,p2pID=3082010a0282010100a492268b412bea3e8f972dff0dc52c521cd06884f53d90f3889c7014f7cb635c38a07b81af9630f2b04238a726b029af6b4b924e132710d2894b7175f12a5e323a7119afd27786b01965d49b9c885ff3768f40b9d57817bc1305124f40ced3b1ac99666773a3a64cce079e95acbc31d42f416aad362594008547aae561213b022db32ed9d1bd67df5c020bc44dcc073982b4566fd04048555b1ea84279063d5b1047e9f42776ef03677d2dd1454433fdb3feced3f41b92efdfeda545d56c1c9ba349584c9095f3ad9e31c2db11cbe3007ee7817f5846f87eb01c296d81b36dbbc765b4c7af74aface1276dd4fd91963729e495694b6af5c0d6111c49115a2c3f0203010001
info|2026-02-06 17:27:25.259470|fisco-bcos-0x0000774ee74e56c0|[Gateway][Router]GatewayStatus: removeP2PNode,p2pID=3082010a0282010100a492268b412bea3e8f972dff0dc52c521cd06884f53d90f3889c7014f7cb635c38a07b81af9630f2b04238a726b029af6b4b924e132710d2894b7175f12a5e323a7119afd27786b01965d49b9c885ff3768f40b9d57817bc1305124f40ced3b1ac99666773a3a64cce079e95acbc31d42f416aad362594008547aae561213b022db32ed9d1bd67df5c020bc44dcc073982b4566fd04048555b1ea84279063d5b1047e9f42776ef03677d2dd1454433fdb3feced3f41b92efdfeda545d56c1c9ba349584c9095f3ad9e31c2db11cbe3007ee7817f5846f87eb01c296d81b36dbbc765b4c7af74aface1276dd4fd91963729e495694b6af5c0d6111c49115a2c3f0203010001
info|2026-02-06 17:27:25.259476|fisco-bcos-0x0000774ee74e56c0|[Gateway][Router]GatewayStatus: removeP2PNode,p2pID=3082010a0282010100a492268b412bea3e8f972dff0dc52c521cd06884f53d90f3889c7014f7cb635c38a07b81af9630f2b04238a726b029af6b4b924e132710d2894b7175f12a5e323a7119afd27786b01965d49b9c885ff3768f40b9d57817bc1305124f40ced3b1ac99666773a3a64cce079e95acbc31d42f416aad362594008547aae561213b022db32ed9d1bd67df5c020bc44dcc073982b4566fd04048555b1ea84279063d5b1047e9f42776ef03677d2dd1454433fdb3feced3f41b92efdfeda545d56c1c9ba349584c9095f3ad9e31c2db11cbe3007ee7817f5846f87eb01c296d81b36dbbc765b4c7af74aface1276dd4fd91963729e495694b6af5c0d6111c49115a2c3f0203010001
info|2026-02-06 17:27:25.259489|fisco-bcos-0x0000774ee74e56c0|[Gateway][GatewayNodeManager]syncLatestNodeIDList,groupID=group0,nodeCount=3
info|2026-02-06 17:27:25.259499|fisco-bcos-0x0000774ee74e56c0|[FrontService]protocolNegotiate success,nodeID=5b07d12d1512a66493c8fd3456d8c505e6ce05f20061613a4c48a1fa3755bbf9cc2d2f1878c4a6733389f03deb0a3fc0c672e2f4910fde9802d6675929cb3dc5,groupID=group0,minVersion=0,maxVersion=2,supportedMinVersion=0,supportedMaxVersion=2,version=2
info|2026-02-06 17:27:25.259522|fisco-bcos-0x0000774ee74e56c0|[FrontService]protocolNegotiate success,nodeID=0d6a7f52cb87ce7fda869e0db309ec9c53723c46f81632c21e4abbf1a9159f14d53f37cc0c4141548da9ec877d6235afd7a501c40d296fc4c5252a8717aa23c2,groupID=group0,minVersion=0,maxVersion=2,supportedMinVersion=0,supportedMaxVersion=2,version=2
info|2026-02-06 17:27:25.259533|fisco-bcos-0x0000774ee74e56c0|[FrontService]protocolNegotiate success,nodeID=21a47acec36f73d8e925a7d5db44793f998e1a42a6d7ee2e3a5cf4037b853452cb76f6cbab8e5b223a128e8ee15790d1f629858b47070b4eb2e1ddb2b0ada297,groupID=group0,minVersion=0,maxVersion=2,supportedMinVersion=0,supportedMaxVersion=2,version=2
info|2026-02-06 17:27:25.259539|fisco-bcos-0x0000774ee74e56c0|[FrontService]onReceiveGroupNodeInfo,groupID=group0,nodeIDs.size()=3
info|2026-02-06 17:27:25.259406|fisco-bcos-0x0000774eeadf16c0|SyncConfig: setConnectedNodeList,size=3
info|2026-02-06 17:27:25.266700|fisco-bcos-0x0000774eea3f06c0|[P2PService][Service2][onReceiveRouterSeq]receive router seq and request router table,peer=3082010a0282010100d938a7d0e5078fdc3bfe83bfe8c789160de4c9e207ff836ef8d64a0c846f5f628646fe9170bec49eec44aebb3f17334e76b1003dae65d6858a626d60a3ff3dbbff8cf15ca934ca0f7a09b9ae6c17c911bb2f6083cab81540e00a8d9b9393a3341b90dd134f4a2ec21f1d8c55c2df687896873a36661a862226614582077d41811bcb3e6632cbf1767f6189b76054e8186606ee5a2c73bffe1bd6c8fc415f481324f015045231d662173b6f7e814068dffd598ce9a6f4630744bb0aa80f9f74403f4c3da3ca856b40d043885cc1e7beac524853fafb01fb61c3023ab04047e29d50a5d4cd612fc9ae90e7832fde7d1dea0804dc16fff17500517be0bf5d28f4ab0203010001,seq=6
info|2026-02-06 17:27:25.269700|fisco-bcos-0x0000774ee74e56c0|[P2PService][Service2][onEraseSession],dst=3082010a0282010100a492268b412bea3e8f972dff0dc52c521cd06884f53d90f3889c7014f7cb635c38a07b81af9630f2b04238a726b029af6b4b924e132710d2894b7175f12a5e323a7119afd27786b01965d49b9c885ff3768f40b9d57817bc1305124f40ced3b1ac99666773a3a64cce079e95acbc31d42f416aad362594008547aae561213b022db32ed9d1bd67df5c020bc44dcc073982b4566fd04048555b1ea84279063d5b1047e9f42776ef03677d2dd1454433fdb3feced3f41b92efdfeda545d56c1c9ba349584c9095f3ad9e31c2db11cbe3007ee7817f5846f87eb01c296d81b36dbbc765b4c7af74aface1276dd4fd91963729e495694b6af5c0d6111c49115a2c3f0203010001
info|2026-02-06 17:27:25.269732|fisco-bcos-0x0000774ee74e56c0|[P2PService][Service]onDisconnect,code=3,what=Dynamic exception type: bcos::gateway::NetworkException
std::exception::what: Disconnect
info|2026-02-06 17:27:25.269769|fisco-bcos-0x0000774ee74e56c0|[P2PService][P2PSession][P2PSession::~P2PSession] this=0x774f2d4121d0
info|2026-02-06 17:27:25.269841|fisco-bcos-0x0000774ee74e56c0|[SESSION][Session][Session::~Session] this=0x774f17e63010
info|2026-02-06 17:27:25.270038|fisco-bcos-0x0000774eeadf16c0|SyncConfig: setConnectedNodeList,size=3
info|2026-02-06 17:27:25.270072|fisco-bcos-0x0000774eeadf16c0|[FRONTSERVICE]notifyGroupNodeInfo,connectedNodeSize=3
info|2026-02-06 17:27:25.270420|fisco-bcos-0x0000774ee93ec6c0|[P2PService][Service2][onReceiveRouterTableRequest],peer=3082010a0282010100d938a7d0e5078fdc3bfe83bfe8c789160de4c9e207ff836ef8d64a0c846f5f628646fe9170bec49eec44aebb3f17334e76b1003dae65d6858a626d60a3ff3dbbff8cf15ca934ca0f7a09b9ae6c17c911bb2f6083cab81540e00a8d9b9393a3341b90dd134f4a2ec21f1d8c55c2df687896873a36661a862226614582077d41811bcb3e6632cbf1767f6189b76054e8186606ee5a2c73bffe1bd6c8fc415f481324f015045231d662173b6f7e814068dffd598ce9a6f4630744bb0aa80f9f74403f4c3da3ca856b40d043885cc1e7beac524853fafb01fb61c3023ab04047e29d50a5d4cd612fc9ae90e7832fde7d1dea0804dc16fff17500517be0bf5d28f4ab0203010001,entrySize=3
info|2026-02-06 17:27:25.271016|ioService-0x0000774eef5fe6c0|[P2PService][Service2][onReceiveRouterTableRequest],peer=3082010a02820101009d9833c7e1dbf7d476b1fd7227e247b488323cbd272862d096a4010035236b7d36e2aede87e4f36adfd2e2e44f2945e9a4170901f5865f04cb779a1c1e1fc2f3e56fc6ea80a2665d5da60fce851ccd94bb60aced8e256a551ebb6edcf78febb8eb8bbb3c4fab73bacd5675925d72c787a8d8e179c70b24c484ae98ea7cc956a196c0c8266073d549963e44bfee479261b4c7a5497320d8a89de71743baf1516450118e57b4b07227de0429adf0d02305ad79d40958f48b3c7d6802814fc5c25be7c54c85463c993254d08401e1c7c1cc5586b265a1616617cc2ba7f29e928ff792e4ff33ada9b1bb7ee5a43130da18ba109a9e2186dfa6c2dc1d823e9066e1590203010001,entrySize=3
info|2026-02-06 17:27:25.271204|ioService-0x0000774ee60e06c0|SyncConfig: setConnectedNodeList,size=3
info|2026-02-06 17:27:25.271455|ioService-0x0000774ee60e06c0|SyncConfig: setConnectedNodeList,size=3
info|2026-02-06 17:27:25.271485|ioService-0x0000774ee60e06c0|[FRONTSERVICE]notifyGroupNodeInfo,connectedNodeSize=3
info|2026-02-06 17:27:25.272781|fisco-bcos-0x0000774eeadf16c0|[P2PService][Service2][onReceivePeersRouterTable],peer=3082010a0282010100d938a7d0e5078fdc3bfe83bfe8c789160de4c9e207ff836ef8d64a0c846f5f628646fe9170bec49eec44aebb3f17334e76b1003dae65d6858a626d60a3ff3dbbff8cf15ca934ca0f7a09b9ae6c17c911bb2f6083cab81540e00a8d9b9393a3341b90dd134f4a2ec21f1d8c55c2df687896873a36661a862226614582077d41811bcb3e6632cbf1767f6189b76054e8186606ee5a2c73bffe1bd6c8fc415f481324f015045231d662173b6f7e814068dffd598ce9a6f4630744bb0aa80f9f74403f4c3da3ca856b40d043885cc1e7beac524853fafb01fb61c3023ab04047e29d50a5d4cd612fc9ae90e7832fde7d1dea0804dc16fff17500517be0bf5d28f4ab0203010001,entrySize=3
info|2026-02-06 17:27:25.272805|fisco-bcos-0x0000774eeadf16c0|[P2PService][Service2][joinRouterTable]create router entry,dst=3082010a0282010100d938a7d0e5078fdc3bfe83bfe8c789160de4c9e207ff836ef8d64a0c846f5f628646fe9170bec49eec44aebb3f17334e76b1003dae65d6858a626d60a3ff3dbbff8cf15ca934ca0f7a09b9ae6c17c911bb2f6083cab81540e00a8d9b9393a3341b90dd134f4a2ec21f1d8c55c2df687896873a36661a862226614582077d41811bcb3e6632cbf1767f6189b76054e8186606ee5a2c73bffe1bd6c8fc415f481324f015045231d662173b6f7e814068dffd598ce9a6f4630744bb0aa80f9f74403f4c3da3ca856b40d043885cc1e7beac524853fafb01fb61c3023ab04047e29d50a5d4cd612fc9ae90e7832fde7d1dea0804dc16fff17500517be0bf5d28f4ab0203010001
info|2026-02-06 17:27:25.273925|fisco-bcos-0x0000774eeadf16c0|[P2PService][Service2][onReceiveRouterSeq]receive router seq and request router table,peer=3082010a02820101009d9833c7e1dbf7d476b1fd7227e247b488323cbd272862d096a4010035236b7d36e2aede87e4f36adfd2e2e44f2945e9a4170901f5865f04cb779a1c1e1fc2f3e56fc6ea80a2665d5da60fce851ccd94bb60aced8e256a551ebb6edcf78febb8eb8bbb3c4fab73bacd5675925d72c787a8d8e179c70b24c484ae98ea7cc956a196c0c8266073d549963e44bfee479261b4c7a5497320d8a89de71743baf1516450118e57b4b07227de0429adf0d02305ad79d40958f48b3c7d6802814fc5c25be7c54c85463c993254d08401e1c7c1cc5586b265a1616617cc2ba7f29e928ff792e4ff33ada9b1bb7ee5a43130da18ba109a9e2186dfa6c2dc1d823e9066e1590203010001,seq=5
info|2026-02-06 17:27:25.312549|fisco-bcos-0x0000774f2ddff6c0|[P2PService][Service2][onReceivePeersRouterTable],peer=3082010a02820101009d9833c7e1dbf7d476b1fd7227e247b488323cbd272862d096a4010035236b7d36e2aede87e4f36adfd2e2e44f2945e9a4170901f5865f04cb779a1c1e1fc2f3e56fc6ea80a2665d5da60fce851ccd94bb60aced8e256a551ebb6edcf78febb8eb8bbb3c4fab73bacd5675925d72c787a8d8e179c70b24c484ae98ea7cc956a196c0c8266073d549963e44bfee479261b4c7a5497320d8a89de71743baf1516450118e57b4b07227de0429adf0d02305ad79d40958f48b3c7d6802814fc5c25be7c54c85463c993254d08401e1c7c1cc5586b265a1616617cc2ba7f29e928ff792e4ff33ada9b1bb7ee5a43130da18ba109a9e2186dfa6c2dc1d823e9066e1590203010001,entrySize=3
info|2026-02-06 17:27:25.312583|fisco-bcos-0x0000774f2ddff6c0|[P2PService][Service2][joinRouterTable]create router entry,dst=3082010a02820101009d9833c7e1dbf7d476b1fd7227e247b488323cbd272862d096a4010035236b7d36e2aede87e4f36adfd2e2e44f2945e9a4170901f5865f04cb779a1c1e1fc2f3e56fc6ea80a2665d5da60fce851ccd94bb60aced8e256a551ebb6edcf78febb8eb8bbb3c4fab73bacd5675925d72c787a8d8e179c70b24c484ae98ea7cc956a196c0c8266073d549963e44bfee479261b4c7a5497320d8a89de71743baf1516450118e57b4b07227de0429adf0d02305ad79d40958f48b3c7d6802814fc5c25be7c54c85463c993254d08401e1c7c1cc5586b265a1616617cc2ba7f29e928ff792e4ff33ada9b1bb7ee5a43130da18ba109a9e2186dfa6c2dc1d823e9066e1590203010001
info|2026-02-06 17:27:26.279518|ioService-0x0000774f1b3fb6c0|[SESSION][Session]doRead error,endpoint=127.0.0.1:57516,message=stream truncated
info|2026-02-06 17:27:26.279570|ioService-0x0000774f1b3fb6c0|[SESSION][Session]drop, call and erase all callback in this session!,this=0x774f0285c010,endpoint=127.0.0.1:57516
info|2026-02-06 17:27:26.279642|ioService-0x0000774f1b3fb6c0|[SESSION][Session][drop] closing remote 127.0.0.1:57516,reason=Low-level TCP communication error.,endpoint=127.0.0.1:57516
warning|2026-02-06 17:27:26.279871|fisco-bcos-0x0000774eebdf56c0|[P2PService][Service2][onMessage],code=3,msg=Disconnect
info|2026-02-06 17:27:26.279912|fisco-bcos-0x0000774eebdf56c0|[P2PService][Service]disconnect error P2PSession,p2pid=3082010a0282010100d938a7d0e5078fdc3bfe83bfe8c789160de4c9e207ff836ef8d64a0c846f5f628646fe9170bec49eec44aebb3f17334e76b1003dae65d6858a626d60a3ff3dbbff8cf15ca934ca0f7a09b9ae6c17c911bb2f6083cab81540e00a8d9b9393a3341b90dd134f4a2ec21f1d8c55c2df687896873a36661a862226614582077d41811bcb3e6632cbf1767f6189b76054e8186606ee5a2c73bffe1bd6c8fc415f481324f015045231d662173b6f7e814068dffd598ce9a6f4630744bb0aa80f9f74403f4c3da3ca856b40d043885cc1e7beac524853fafb01fb61c3023ab04047e29d50a5d4cd612fc9ae90e7832fde7d1dea0804dc16fff17500517be0bf5d28f4ab0203010001,endpoint=127.0.0.1:57516,code=3,message=Disconnect
info|2026-02-06 17:27:26.279922|fisco-bcos-0x0000774eebdf56c0|[Gateway][GatewayNodeManager]onRemoveNodeIDs,p2pid=3082010a0282010100d938a7d0e5078fdc3bfe83bfe8c789160de4c9e207ff836ef8d64a0c846f5f628646fe9170bec49eec44aebb3f17334e76b1003dae65d6858a626d60a3ff3dbbff8cf15ca934ca0f7a09b9ae6c17c911bb2f6083cab81540e00a8d9b9393a3341b90dd134f4a2ec21f1d8c55c2df687896873a36661a862226614582077d41811bcb3e6632cbf1767f6189b76054e8186606ee5a2c73bffe1bd6c8fc415f481324f015045231d662173b6f7e814068dffd598ce9a6f4630744bb0aa80f9f74403f4c3da3ca856b40d043885cc1e7beac524853fafb01fb61c3023ab04047e29d50a5d4cd612fc9ae90e7832fde7d1dea0804dc16fff17500517be0bf5d28f4ab0203010001
info|2026-02-06 17:27:26.279929|fisco-bcos-0x0000774eebdf56c0|[Gateway][Router]PeersRouterTable: removeP2PID,p2pID=3082010a0282010100d938a7d0e5078fdc3bfe83bfe8c789160de4c9e207ff836ef8d64a0c846f5f628646fe9170bec49eec44aebb3f17334e76b1003dae65d6858a626d60a3ff3dbbff8cf15ca934ca0f7a09b9ae6c17c911bb2f6083cab81540e00a8d9b9393a3341b90dd134f4a2ec21f1d8c55c2df687896873a36661a862226614582077d41811bcb3e6632cbf1767f6189b76054e8186606ee5a2c73bffe1bd6c8fc415f481324f015045231d662173b6f7e814068dffd598ce9a6f4630744bb0aa80f9f74403f4c3da3ca856b40d043885cc1e7beac524853fafb01fb61c3023ab04047e29d50a5d4cd612fc9ae90e7832fde7d1dea0804dc16fff17500517be0bf5d28f4ab0203010001
info|2026-02-06 17:27:26.279949|fisco-bcos-0x0000774eebdf56c0|[Gateway][Router]GatewayStatus: removeP2PNode,p2pID=3082010a0282010100d938a7d0e5078fdc3bfe83bfe8c789160de4c9e207ff836ef8d64a0c846f5f628646fe9170bec49eec44aebb3f17334e76b1003dae65d6858a626d60a3ff3dbbff8cf15ca934ca0f7a09b9ae6c17c911bb2f6083cab81540e00a8d9b9393a3341b90dd134f4a2ec21f1d8c55c2df687896873a36661a862226614582077d41811bcb3e6632cbf1767f6189b76054e8186606ee5a2c73bffe1bd6c8fc415f481324f015045231d662173b6f7e814068dffd598ce9a6f4630744bb0aa80f9f74403f4c3da3ca856b40d043885cc1e7beac524853fafb01fb61c3023ab04047e29d50a5d4cd612fc9ae90e7832fde7d1dea0804dc16fff17500517be0bf5d28f4ab0203010001
info|2026-02-06 17:27:26.279958|fisco-bcos-0x0000774eebdf56c0|[Gateway][Router]GatewayStatus: removeP2PNode,p2pID=3082010a0282010100d938a7d0e5078fdc3bfe83bfe8c789160de4c9e207ff836ef8d64a0c846f5f628646fe9170bec49eec44aebb3f17334e76b1003dae65d6858a626d60a3ff3dbbff8cf15ca934ca0f7a09b9ae6c17c911bb2f6083cab81540e00a8d9b9393a3341b90dd134f4a2ec21f1d8c55c2df687896873a36661a862226614582077d41811bcb3e6632cbf1767f6189b76054e8186606ee5a2c73bffe1bd6c8fc415f481324f015045231d662173b6f7e814068dffd598ce9a6f4630744bb0aa80f9f74403f4c3da3ca856b40d043885cc1e7beac524853fafb01fb61c3023ab04047e29d50a5d4cd612fc9ae90e7832fde7d1dea0804dc16fff17500517be0bf5d28f4ab0203010001
info|2026-02-06 17:27:26.279963|fisco-bcos-0x0000774eebdf56c0|[Gateway][Router]GatewayStatus: removeP2PNode,p2pID=3082010a0282010100d938a7d0e5078fdc3bfe83bfe8c789160de4c9e207ff836ef8d64a0c846f5f628646fe9170bec49eec44aebb3f17334e76b1003dae65d6858a626d60a3ff3dbbff8cf15ca934ca0f7a09b9ae6c17c911bb2f6083cab81540e00a8d9b9393a3341b90dd134f4a2ec21f1d8c55c2df687896873a36661a862226614582077d41811bcb3e6632cbf1767f6189b76054e8186606ee5a2c73bffe1bd6c8fc415f481324f015045231d662173b6f7e814068dffd598ce9a6f4630744bb0aa80f9f74403f4c3da3ca856b40d043885cc1e7beac524853fafb01fb61c3023ab04047e29d50a5d4cd612fc9ae90e7832fde7d1dea0804dc16fff17500517be0bf5d28f4ab0203010001
info|2026-02-06 17:27:26.279973|fisco-bcos-0x0000774eebdf56c0|[Gateway][GatewayNodeManager]syncLatestNodeIDList,groupID=group0,nodeCount=2
info|2026-02-06 17:27:26.279981|fisco-bcos-0x0000774eebdf56c0|[FrontService]protocolNegotiate success,nodeID=5b07d12d1512a66493c8fd3456d8c505e6ce05f20061613a4c48a1fa3755bbf9cc2d2f1878c4a6733389f03deb0a3fc0c672e2f4910fde9802d6675929cb3dc5,groupID=group0,minVersion=0,maxVersion=2,supportedMinVersion=0,supportedMaxVersion=2,version=2
info|2026-02-06 17:27:26.279987|fisco-bcos-0x0000774eebdf56c0|[FrontService]protocolNegotiate success,nodeID=0d6a7f52cb87ce7fda869e0db309ec9c53723c46f81632c21e4abbf1a9159f14d53f37cc0c4141548da9ec877d6235afd7a501c40d296fc4c5252a8717aa23c2,groupID=group0,minVersion=0,maxVersion=2,supportedMinVersion=0,supportedMaxVersion=2,version=2
info|2026-02-06 17:27:26.279994|fisco-bcos-0x0000774eebdf56c0|[FrontService]onReceiveGroupNodeInfo,groupID=group0,nodeIDs.size()=2
info|2026-02-06 17:27:26.280012|ioService-0x0000774f1b3fb6c0|[SESSION][Session][drop] shutdown failed ,failedValue=9,message=Bad file descriptor
info|2026-02-06 17:27:26.280053|fisco-bcos-0x0000774eebdf56c0|[P2PService][Router][erase]make the router unreachable,dst=3082010a0282010100d938a7d0e5078fdc3bfe83bfe8c789160de4c9e207ff836ef8d64a0c846f5f628646fe9170bec49eec44aebb3f17334e76b1003dae65d6858a626d60a3ff3dbbff8cf15ca934ca0f7a09b9ae6c17c911bb2f6083cab81540e00a8d9b9393a3341b90dd134f4a2ec21f1d8c55c2df687896873a36661a862226614582077d41811bcb3e6632cbf1767f6189b76054e8186606ee5a2c73bffe1bd6c8fc415f481324f015045231d662173b6f7e814068dffd598ce9a6f4630744bb0aa80f9f74403f4c3da3ca856b40d043885cc1e7beac524853fafb01fb61c3023ab04047e29d50a5d4cd612fc9ae90e7832fde7d1dea0804dc16fff17500517be0bf5d28f4ab0203010001,distance=10,size=3
info|2026-02-06 17:27:26.280065|fisco-bcos-0x0000774eebdf56c0|[Gateway][GatewayNodeManager]onRemoveNodeIDs,p2pid=3082010a0282010100d938a7d0e5078fdc3bfe83bfe8c789160de4c9e207ff836ef8d64a0c846f5f628646fe9170bec49eec44aebb3f17334e76b1003dae65d6858a626d60a3ff3dbbff8cf15ca934ca0f7a09b9ae6c17c911bb2f6083cab81540e00a8d9b9393a3341b90dd134f4a2ec21f1d8c55c2df687896873a36661a862226614582077d41811bcb3e6632cbf1767f6189b76054e8186606ee5a2c73bffe1bd6c8fc415f481324f015045231d662173b6f7e814068dffd598ce9a6f4630744bb0aa80f9f74403f4c3da3ca856b40d043885cc1e7beac524853fafb01fb61c3023ab04047e29d50a5d4cd612fc9ae90e7832fde7d1dea0804dc16fff17500517be0bf5d28f4ab0203010001
info|2026-02-06 17:27:26.280070|fisco-bcos-0x0000774eebdf56c0|[Gateway][Router]PeersRouterTable: removeP2PID,p2pID=3082010a0282010100d938a7d0e5078fdc3bfe83bfe8c789160de4c9e207ff836ef8d64a0c846f5f628646fe9170bec49eec44aebb3f17334e76b1003dae65d6858a626d60a3ff3dbbff8cf15ca934ca0f7a09b9ae6c17c911bb2f6083cab81540e00a8d9b9393a3341b90dd134f4a2ec21f1d8c55c2df687896873a36661a862226614582077d41811bcb3e6632cbf1767f6189b76054e8186606ee5a2c73bffe1bd6c8fc415f481324f015045231d662173b6f7e814068dffd598ce9a6f4630744bb0aa80f9f74403f4c3da3ca856b40d043885cc1e7beac524853fafb01fb61c3023ab04047e29d50a5d4cd612fc9ae90e7832fde7d1dea0804dc16fff17500517be0bf5d28f4ab0203010001
info|2026-02-06 17:27:26.280076|fisco-bcos-0x0000774eebdf56c0|[Gateway][Router]GatewayStatus: removeP2PNode,p2pID=3082010a0282010100d938a7d0e5078fdc3bfe83bfe8c789160de4c9e207ff836ef8d64a0c846f5f628646fe9170bec49eec44aebb3f17334e76b1003dae65d6858a626d60a3ff3dbbff8cf15ca934ca0f7a09b9ae6c17c911bb2f6083cab81540e00a8d9b9393a3341b90dd134f4a2ec21f1d8c55c2df687896873a36661a862226614582077d41811bcb3e6632cbf1767f6189b76054e8186606ee5a2c73bffe1bd6c8fc415f481324f015045231d662173b6f7e814068dffd598ce9a6f4630744bb0aa80f9f74403f4c3da3ca856b40d043885cc1e7beac524853fafb01fb61c3023ab04047e29d50a5d4cd612fc9ae90e7832fde7d1dea0804dc16fff17500517be0bf5d28f4ab0203010001
info|2026-02-06 17:27:26.280080|fisco-bcos-0x0000774eebdf56c0|[Gateway][Router]GatewayStatus: removeP2PNode,p2pID=3082010a0282010100d938a7d0e5078fdc3bfe83bfe8c789160de4c9e207ff836ef8d64a0c846f5f628646fe9170bec49eec44aebb3f17334e76b1003dae65d6858a626d60a3ff3dbbff8cf15ca934ca0f7a09b9ae6c17c911bb2f6083cab81540e00a8d9b9393a3341b90dd134f4a2ec21f1d8c55c2df687896873a36661a862226614582077d41811bcb3e6632cbf1767f6189b76054e8186606ee5a2c73bffe1bd6c8fc415f481324f015045231d662173b6f7e814068dffd598ce9a6f4630744bb0aa80f9f74403f4c3da3ca856b40d043885cc1e7beac524853fafb01fb61c3023ab04047e29d50a5d4cd612fc9ae90e7832fde7d1dea0804dc16fff17500517be0bf5d28f4ab0203010001
info|2026-02-06 17:27:26.280086|fisco-bcos-0x0000774eebdf56c0|[Gateway][Router]GatewayStatus: removeP2PNode,p2pID=3082010a0282010100d938a7d0e5078fdc3bfe83bfe8c789160de4c9e207ff836ef8d64a0c846f5f628646fe9170bec49eec44aebb3f17334e76b1003dae65d6858a626d60a3ff3dbbff8cf15ca934ca0f7a09b9ae6c17c911bb2f6083cab81540e00a8d9b9393a3341b90dd134f4a2ec21f1d8c55c2df687896873a36661a862226614582077d41811bcb3e6632cbf1767f6189b76054e8186606ee5a2c73bffe1bd6c8fc415f481324f015045231d662173b6f7e814068dffd598ce9a6f4630744bb0aa80f9f74403f4c3da3ca856b40d043885cc1e7beac524853fafb01fb61c3023ab04047e29d50a5d4cd612fc9ae90e7832fde7d1dea0804dc16fff17500517be0bf5d28f4ab0203010001
info|2026-02-06 17:27:26.280189|fisco-bcos-0x0000774eebdf56c0|[Gateway][GatewayNodeManager]syncLatestNodeIDList,groupID=group0,nodeCount=2
info|2026-02-06 17:27:26.280143|fisco-bcos-0x0000774ee9fef6c0|SyncConfig: setConnectedNodeList,size=2
info|2026-02-06 17:27:26.280231|fisco-bcos-0x0000774eebdf56c0|[FrontService]protocolNegotiate success,nodeID=5b07d12d1512a66493c8fd3456d8c505e6ce05f20061613a4c48a1fa3755bbf9cc2d2f1878c4a6733389f03deb0a3fc0c672e2f4910fde9802d6675929cb3dc5,groupID=group0,minVersion=0,maxVersion=2,supportedMinVersion=0,supportedMaxVersion=2,version=2
info|2026-02-06 17:27:26.280240|fisco-bcos-0x0000774eebdf56c0|[FrontService]protocolNegotiate success,nodeID=0d6a7f52cb87ce7fda869e0db309ec9c53723c46f81632c21e4abbf1a9159f14d53f37cc0c4141548da9ec877d6235afd7a501c40d296fc4c5252a8717aa23c2,groupID=group0,minVersion=0,maxVersion=2,supportedMinVersion=0,supportedMaxVersion=2,version=2
info|2026-02-06 17:27:26.280249|fisco-bcos-0x0000774eebdf56c0|[FrontService]onReceiveGroupNodeInfo,groupID=group0,nodeIDs.size()=2
info|2026-02-06 17:27:26.280380|fisco-bcos-0x0000774eebdf56c0|[P2PService][Service2][onEraseSession],dst=3082010a0282010100d938a7d0e5078fdc3bfe83bfe8c789160de4c9e207ff836ef8d64a0c846f5f628646fe9170bec49eec44aebb3f17334e76b1003dae65d6858a626d60a3ff3dbbff8cf15ca934ca0f7a09b9ae6c17c911bb2f6083cab81540e00a8d9b9393a3341b90dd134f4a2ec21f1d8c55c2df687896873a36661a862226614582077d41811bcb3e6632cbf1767f6189b76054e8186606ee5a2c73bffe1bd6c8fc415f481324f015045231d662173b6f7e814068dffd598ce9a6f4630744bb0aa80f9f74403f4c3da3ca856b40d043885cc1e7beac524853fafb01fb61c3023ab04047e29d50a5d4cd612fc9ae90e7832fde7d1dea0804dc16fff17500517be0bf5d28f4ab0203010001
info|2026-02-06 17:27:26.280405|fisco-bcos-0x0000774eebdf56c0|[P2PService][Service]onDisconnect,code=3,what=Dynamic exception type: bcos::gateway::NetworkException
std::exception::what: Disconnect
info|2026-02-06 17:27:26.280456|fisco-bcos-0x0000774eebdf56c0|[P2PService][P2PSession][P2PSession::~P2PSession] this=0x774f264141d0
info|2026-02-06 17:27:26.280488|fisco-bcos-0x0000774eebdf56c0|[SESSION][Session][Session::~Session] this=0x774f0285c010
info|2026-02-06 17:27:26.280622|fisco-bcos-0x0000774ee9fef6c0|SyncConfig: setConnectedNodeList,size=2
info|2026-02-06 17:27:26.280664|fisco-bcos-0x0000774ee9fef6c0|[FRONTSERVICE]notifyGroupNodeInfo,connectedNodeSize=2
info|2026-02-06 17:27:26.280760|fisco-bcos-0x0000774f2a5fc6c0|SyncConfig: setConnectedNodeList,size=2
info|2026-02-06 17:27:26.280834|fisco-bcos-0x0000774f2a5fc6c0|SyncConfig: setConnectedNodeList,size=2
info|2026-02-06 17:27:26.280842|fisco-bcos-0x0000774f2a5fc6c0|[FRONTSERVICE]notifyGroupNodeInfo,connectedNodeSize=2
info|2026-02-06 17:27:26.282149|fisco-bcos-0x0000774f2cbff6c0|[P2PService][Service2][onReceiveRouterTableRequest],peer=3082010a02820101009d9833c7e1dbf7d476b1fd7227e247b488323cbd272862d096a4010035236b7d36e2aede87e4f36adfd2e2e44f2945e9a4170901f5865f04cb779a1c1e1fc2f3e56fc6ea80a2665d5da60fce851ccd94bb60aced8e256a551ebb6edcf78febb8eb8bbb3c4fab73bacd5675925d72c787a8d8e179c70b24c484ae98ea7cc956a196c0c8266073d549963e44bfee479261b4c7a5497320d8a89de71743baf1516450118e57b4b07227de0429adf0d02305ad79d40958f48b3c7d6802814fc5c25be7c54c85463c993254d08401e1c7c1cc5586b265a1616617cc2ba7f29e928ff792e4ff33ada9b1bb7ee5a43130da18ba109a9e2186dfa6c2dc1d823e9066e1590203010001,entrySize=3
info|2026-02-06 17:27:26.283065|fisco-bcos-0x0000774eea3f06c0|[P2PService][Service2][onReceiveRouterSeq]receive router seq and request router table,peer=3082010a02820101009d9833c7e1dbf7d476b1fd7227e247b488323cbd272862d096a4010035236b7d36e2aede87e4f36adfd2e2e44f2945e9a4170901f5865f04cb779a1c1e1fc2f3e56fc6ea80a2665d5da60fce851ccd94bb60aced8e256a551ebb6edcf78febb8eb8bbb3c4fab73bacd5675925d72c787a8d8e179c70b24c484ae98ea7cc956a196c0c8266073d549963e44bfee479261b4c7a5497320d8a89de71743baf1516450118e57b4b07227de0429adf0d02305ad79d40958f48b3c7d6802814fc5c25be7c54c85463c993254d08401e1c7c1cc5586b265a1616617cc2ba7f29e928ff792e4ff33ada9b1bb7ee5a43130da18ba109a9e2186dfa6c2dc1d823e9066e1590203010001,seq=6
info|2026-02-06 17:27:26.316346|ioService-0x0000774eee5fc6c0|[P2PService][Service2][onReceivePeersRouterTable],peer=3082010a02820101009d9833c7e1dbf7d476b1fd7227e247b488323cbd272862d096a4010035236b7d36e2aede87e4f36adfd2e2e44f2945e9a4170901f5865f04cb779a1c1e1fc2f3e56fc6ea80a2665d5da60fce851ccd94bb60aced8e256a551ebb6edcf78febb8eb8bbb3c4fab73bacd5675925d72c787a8d8e179c70b24c484ae98ea7cc956a196c0c8266073d549963e44bfee479261b4c7a5497320d8a89de71743baf1516450118e57b4b07227de0429adf0d02305ad79d40958f48b3c7d6802814fc5c25be7c54c85463c993254d08401e1c7c1cc5586b265a1616617cc2ba7f29e928ff792e4ff33ada9b1bb7ee5a43130da18ba109a9e2186dfa6c2dc1d823e9066e1590203010001,entrySize=3
info|2026-02-06 17:27:26.316452|ioService-0x0000774eee5fc6c0|[P2PService][Service2][joinRouterTable]create router entry,dst=3082010a02820101009d9833c7e1dbf7d476b1fd7227e247b488323cbd272862d096a4010035236b7d36e2aede87e4f36adfd2e2e44f2945e9a4170901f5865f04cb779a1c1e1fc2f3e56fc6ea80a2665d5da60fce851ccd94bb60aced8e256a551ebb6edcf78febb8eb8bbb3c4fab73bacd5675925d72c787a8d8e179c70b24c484ae98ea7cc956a196c0c8266073d549963e44bfee479261b4c7a5497320d8a89de71743baf1516450118e57b4b07227de0429adf0d02305ad79d40958f48b3c7d6802814fc5c25be7c54c85463c993254d08401e1c7c1cc5586b265a1616617cc2ba7f29e928ff792e4ff33ada9b1bb7ee5a43130da18ba109a9e2186dfa6c2dc1d823e9066e1590203010001
info|2026-02-06 17:27:27.273746|ioService-0x0000774f1abfa6c0|[SESSION][Session]doRead error,endpoint=127.0.0.1:57530,message=stream truncated
info|2026-02-06 17:27:27.273784|ioService-0x0000774f1abfa6c0|[SESSION][Session]drop, call and erase all callback in this session!,this=0x774f0ea5c010,endpoint=127.0.0.1:57530
info|2026-02-06 17:27:27.273819|ioService-0x0000774f1abfa6c0|[SESSION][Session][drop] closing remote 127.0.0.1:57530,reason=Low-level TCP communication error.,endpoint=127.0.0.1:57530
warning|2026-02-06 17:27:27.273911|fisco-bcos-0x0000774ee74e56c0|[P2PService][Service2][onMessage],code=3,msg=Disconnect
info|2026-02-06 17:27:27.273924|ioService-0x0000774f1abfa6c0|[SESSION][Session][drop] shutdown failed ,failedValue=9,message=Bad file descriptor
info|2026-02-06 17:27:27.273941|fisco-bcos-0x0000774ee74e56c0|[P2PService][Service]disconnect error P2PSession,p2pid=3082010a02820101009d9833c7e1dbf7d476b1fd7227e247b488323cbd272862d096a4010035236b7d36e2aede87e4f36adfd2e2e44f2945e9a4170901f5865f04cb779a1c1e1fc2f3e56fc6ea80a2665d5da60fce851ccd94bb60aced8e256a551ebb6edcf78febb8eb8bbb3c4fab73bacd5675925d72c787a8d8e179c70b24c484ae98ea7cc956a196c0c8266073d549963e44bfee479261b4c7a5497320d8a89de71743baf1516450118e57b4b07227de0429adf0d02305ad79d40958f48b3c7d6802814fc5c25be7c54c85463c993254d08401e1c7c1cc5586b265a1616617cc2ba7f29e928ff792e4ff33ada9b1bb7ee5a43130da18ba109a9e2186dfa6c2dc1d823e9066e1590203010001,endpoint=127.0.0.1:57530,code=3,message=Disconnect
info|2026-02-06 17:27:27.273948|fisco-bcos-0x0000774ee74e56c0|[Gateway][GatewayNodeManager]onRemoveNodeIDs,p2pid=3082010a02820101009d9833c7e1dbf7d476b1fd7227e247b488323cbd272862d096a4010035236b7d36e2aede87e4f36adfd2e2e44f2945e9a4170901f5865f04cb779a1c1e1fc2f3e56fc6ea80a2665d5da60fce851ccd94bb60aced8e256a551ebb6edcf78febb8eb8bbb3c4fab73bacd5675925d72c787a8d8e179c70b24c484ae98ea7cc956a196c0c8266073d549963e44bfee479261b4c7a5497320d8a89de71743baf1516450118e57b4b07227de0429adf0d02305ad79d40958f48b3c7d6802814fc5c25be7c54c85463c993254d08401e1c7c1cc5586b265a1616617cc2ba7f29e928ff792e4ff33ada9b1bb7ee5a43130da18ba109a9e2186dfa6c2dc1d823e9066e1590203010001
info|2026-02-06 17:27:27.273957|fisco-bcos-0x0000774ee74e56c0|[Gateway][Router]PeersRouterTable: removeP2PID,p2pID=3082010a02820101009d9833c7e1dbf7d476b1fd7227e247b488323cbd272862d096a4010035236b7d36e2aede87e4f36adfd2e2e44f2945e9a4170901f5865f04cb779a1c1e1fc2f3e56fc6ea80a2665d5da60fce851ccd94bb60aced8e256a551ebb6edcf78febb8eb8bbb3c4fab73bacd5675925d72c787a8d8e179c70b24c484ae98ea7cc956a196c0c8266073d549963e44bfee479261b4c7a5497320d8a89de71743baf1516450118e57b4b07227de0429adf0d02305ad79d40958f48b3c7d6802814fc5c25be7c54c85463c993254d08401e1c7c1cc5586b265a1616617cc2ba7f29e928ff792e4ff33ada9b1bb7ee5a43130da18ba109a9e2186dfa6c2dc1d823e9066e1590203010001
info|2026-02-06 17:27:27.273968|fisco-bcos-0x0000774ee74e56c0|[Gateway][Router]GatewayStatus: removeP2PNode,p2pID=3082010a02820101009d9833c7e1dbf7d476b1fd7227e247b488323cbd272862d096a4010035236b7d36e2aede87e4f36adfd2e2e44f2945e9a4170901f5865f04cb779a1c1e1fc2f3e56fc6ea80a2665d5da60fce851ccd94bb60aced8e256a551ebb6edcf78febb8eb8bbb3c4fab73bacd5675925d72c787a8d8e179c70b24c484ae98ea7cc956a196c0c8266073d549963e44bfee479261b4c7a5497320d8a89de71743baf1516450118e57b4b07227de0429adf0d02305ad79d40958f48b3c7d6802814fc5c25be7c54c85463c993254d08401e1c7c1cc5586b265a1616617cc2ba7f29e928ff792e4ff33ada9b1bb7ee5a43130da18ba109a9e2186dfa6c2dc1d823e9066e1590203010001
info|2026-02-06 17:27:27.273971|fisco-bcos-0x0000774ee74e56c0|[Gateway][Router]GatewayStatus: removeP2PNode,p2pID=3082010a02820101009d9833c7e1dbf7d476b1fd7227e247b488323cbd272862d096a4010035236b7d36e2aede87e4f36adfd2e2e44f2945e9a4170901f5865f04cb779a1c1e1fc2f3e56fc6ea80a2665d5da60fce851ccd94bb60aced8e256a551ebb6edcf78febb8eb8bbb3c4fab73bacd5675925d72c787a8d8e179c70b24c484ae98ea7cc956a196c0c8266073d549963e44bfee479261b4c7a5497320d8a89de71743baf1516450118e57b4b07227de0429adf0d02305ad79d40958f48b3c7d6802814fc5c25be7c54c85463c993254d08401e1c7c1cc5586b265a1616617cc2ba7f29e928ff792e4ff33ada9b1bb7ee5a43130da18ba109a9e2186dfa6c2dc1d823e9066e1590203010001
info|2026-02-06 17:27:27.273973|fisco-bcos-0x0000774ee74e56c0|[Gateway][Router]GatewayStatus: removeP2PNode,p2pID=3082010a02820101009d9833c7e1dbf7d476b1fd7227e247b488323cbd272862d096a4010035236b7d36e2aede87e4f36adfd2e2e44f2945e9a4170901f5865f04cb779a1c1e1fc2f3e56fc6ea80a2665d5da60fce851ccd94bb60aced8e256a551ebb6edcf78febb8eb8bbb3c4fab73bacd5675925d72c787a8d8e179c70b24c484ae98ea7cc956a196c0c8266073d549963e44bfee479261b4c7a5497320d8a89de71743baf1516450118e57b4b07227de0429adf0d02305ad79d40958f48b3c7d6802814fc5c25be7c54c85463c993254d08401e1c7c1cc5586b265a1616617cc2ba7f29e928ff792e4ff33ada9b1bb7ee5a43130da18ba109a9e2186dfa6c2dc1d823e9066e1590203010001
info|2026-02-06 17:27:27.273979|fisco-bcos-0x0000774ee74e56c0|[Gateway][GatewayNodeManager]syncLatestNodeIDList,groupID=group0,nodeCount=1
info|2026-02-06 17:27:27.273983|fisco-bcos-0x0000774ee74e56c0|[FrontService]protocolNegotiate success,nodeID=5b07d12d1512a66493c8fd3456d8c505e6ce05f20061613a4c48a1fa3755bbf9cc2d2f1878c4a6733389f03deb0a3fc0c672e2f4910fde9802d6675929cb3dc5,groupID=group0,minVersion=0,maxVersion=2,supportedMinVersion=0,supportedMaxVersion=2,version=2
info|2026-02-06 17:27:27.273988|fisco-bcos-0x0000774ee74e56c0|[FrontService]onReceiveGroupNodeInfo,groupID=group0,nodeIDs.size()=1
info|2026-02-06 17:27:27.274022|fisco-bcos-0x0000774ee74e56c0|[P2PService][Router][erase]make the router unreachable,dst=3082010a02820101009d9833c7e1dbf7d476b1fd7227e247b488323cbd272862d096a4010035236b7d36e2aede87e4f36adfd2e2e44f2945e9a4170901f5865f04cb779a1c1e1fc2f3e56fc6ea80a2665d5da60fce851ccd94bb60aced8e256a551ebb6edcf78febb8eb8bbb3c4fab73bacd5675925d72c787a8d8e179c70b24c484ae98ea7cc956a196c0c8266073d549963e44bfee479261b4c7a5497320d8a89de71743baf1516450118e57b4b07227de0429adf0d02305ad79d40958f48b3c7d6802814fc5c25be7c54c85463c993254d08401e1c7c1cc5586b265a1616617cc2ba7f29e928ff792e4ff33ada9b1bb7ee5a43130da18ba109a9e2186dfa6c2dc1d823e9066e1590203010001,distance=10,size=3
info|2026-02-06 17:27:27.274042|fisco-bcos-0x0000774ee74e56c0|[Gateway][GatewayNodeManager]onRemoveNodeIDs,p2pid=3082010a02820101009d9833c7e1dbf7d476b1fd7227e247b488323cbd272862d096a4010035236b7d36e2aede87e4f36adfd2e2e44f2945e9a4170901f5865f04cb779a1c1e1fc2f3e56fc6ea80a2665d5da60fce851ccd94bb60aced8e256a551ebb6edcf78febb8eb8bbb3c4fab73bacd5675925d72c787a8d8e179c70b24c484ae98ea7cc956a196c0c8266073d549963e44bfee479261b4c7a5497320d8a89de71743baf1516450118e57b4b07227de0429adf0d02305ad79d40958f48b3c7d6802814fc5c25be7c54c85463c993254d08401e1c7c1cc5586b265a1616617cc2ba7f29e928ff792e4ff33ada9b1bb7ee5a43130da18ba109a9e2186dfa6c2dc1d823e9066e1590203010001
info|2026-02-06 17:27:27.274036|fisco-bcos-0x0000774ee9fef6c0|SyncConfig: setConnectedNodeList,size=1
info|2026-02-06 17:27:27.274046|fisco-bcos-0x0000774ee74e56c0|[Gateway][Router]PeersRouterTable: removeP2PID,p2pID=3082010a02820101009d9833c7e1dbf7d476b1fd7227e247b488323cbd272862d096a4010035236b7d36e2aede87e4f36adfd2e2e44f2945e9a4170901f5865f04cb779a1c1e1fc2f3e56fc6ea80a2665d5da60fce851ccd94bb60aced8e256a551ebb6edcf78febb8eb8bbb3c4fab73bacd5675925d72c787a8d8e179c70b24c484ae98ea7cc956a196c0c8266073d549963e44bfee479261b4c7a5497320d8a89de71743baf1516450118e57b4b07227de0429adf0d02305ad79d40958f48b3c7d6802814fc5c25be7c54c85463c993254d08401e1c7c1cc5586b265a1616617cc2ba7f29e928ff792e4ff33ada9b1bb7ee5a43130da18ba109a9e2186dfa6c2dc1d823e9066e1590203010001
info|2026-02-06 17:27:27.274051|fisco-bcos-0x0000774ee74e56c0|[Gateway][Router]GatewayStatus: removeP2PNode,p2pID=3082010a02820101009d9833c7e1dbf7d476b1fd7227e247b488323cbd272862d096a4010035236b7d36e2aede87e4f36adfd2e2e44f2945e9a4170901f5865f04cb779a1c1e1fc2f3e56fc6ea80a2665d5da60fce851ccd94bb60aced8e256a551ebb6edcf78febb8eb8bbb3c4fab73bacd5675925d72c787a8d8e179c70b24c484ae98ea7cc956a196c0c8266073d549963e44bfee479261b4c7a5497320d8a89de71743baf1516450118e57b4b07227de0429adf0d02305ad79d40958f48b3c7d6802814fc5c25be7c54c85463c993254d08401e1c7c1cc5586b265a1616617cc2ba7f29e928ff792e4ff33ada9b1bb7ee5a43130da18ba109a9e2186dfa6c2dc1d823e9066e1590203010001
info|2026-02-06 17:27:27.274054|fisco-bcos-0x0000774ee74e56c0|[Gateway][Router]GatewayStatus: removeP2PNode,p2pID=3082010a02820101009d9833c7e1dbf7d476b1fd7227e247b488323cbd272862d096a4010035236b7d36e2aede87e4f36adfd2e2e44f2945e9a4170901f5865f04cb779a1c1e1fc2f3e56fc6ea80a2665d5da60fce851ccd94bb60aced8e256a551ebb6edcf78febb8eb8bbb3c4fab73bacd5675925d72c787a8d8e179c70b24c484ae98ea7cc956a196c0c8266073d549963e44bfee479261b4c7a5497320d8a89de71743baf1516450118e57b4b07227de0429adf0d02305ad79d40958f48b3c7d6802814fc5c25be7c54c85463c993254d08401e1c7c1cc5586b265a1616617cc2ba7f29e928ff792e4ff33ada9b1bb7ee5a43130da18ba109a9e2186dfa6c2dc1d823e9066e1590203010001
info|2026-02-06 17:27:27.274056|fisco-bcos-0x0000774ee74e56c0|[Gateway][Router]GatewayStatus: removeP2PNode,p2pID=3082010a02820101009d9833c7e1dbf7d476b1fd7227e247b488323cbd272862d096a4010035236b7d36e2aede87e4f36adfd2e2e44f2945e9a4170901f5865f04cb779a1c1e1fc2f3e56fc6ea80a2665d5da60fce851ccd94bb60aced8e256a551ebb6edcf78febb8eb8bbb3c4fab73bacd5675925d72c787a8d8e179c70b24c484ae98ea7cc956a196c0c8266073d549963e44bfee479261b4c7a5497320d8a89de71743baf1516450118e57b4b07227de0429adf0d02305ad79d40958f48b3c7d6802814fc5c25be7c54c85463c993254d08401e1c7c1cc5586b265a1616617cc2ba7f29e928ff792e4ff33ada9b1bb7ee5a43130da18ba109a9e2186dfa6c2dc1d823e9066e1590203010001
info|2026-02-06 17:27:27.274059|fisco-bcos-0x0000774ee74e56c0|[Gateway][GatewayNodeManager]syncLatestNodeIDList,groupID=group0,nodeCount=1
info|2026-02-06 17:27:27.274062|fisco-bcos-0x0000774ee74e56c0|[FrontService]protocolNegotiate success,nodeID=5b07d12d1512a66493c8fd3456d8c505e6ce05f20061613a4c48a1fa3755bbf9cc2d2f1878c4a6733389f03deb0a3fc0c672e2f4910fde9802d6675929cb3dc5,groupID=group0,minVersion=0,maxVersion=2,supportedMinVersion=0,supportedMaxVersion=2,version=2
info|2026-02-06 17:27:27.274065|fisco-bcos-0x0000774ee9fef6c0|SyncConfig: setConnectedNodeList,size=1
info|2026-02-06 17:27:27.274072|fisco-bcos-0x0000774ee74e56c0|[FrontService]onReceiveGroupNodeInfo,groupID=group0,nodeIDs.size()=1
info|2026-02-06 17:27:27.274081|fisco-bcos-0x0000774ee9fef6c0|[FRONTSERVICE]notifyGroupNodeInfo,connectedNodeSize=1
info|2026-02-06 17:27:27.274105|fisco-bcos-0x0000774ee74e56c0|[P2PService][Service2][onEraseSession],dst=3082010a02820101009d9833c7e1dbf7d476b1fd7227e247b488323cbd272862d096a4010035236b7d36e2aede87e4f36adfd2e2e44f2945e9a4170901f5865f04cb779a1c1e1fc2f3e56fc6ea80a2665d5da60fce851ccd94bb60aced8e256a551ebb6edcf78febb8eb8bbb3c4fab73bacd5675925d72c787a8d8e179c70b24c484ae98ea7cc956a196c0c8266073d549963e44bfee479261b4c7a5497320d8a89de71743baf1516450118e57b4b07227de0429adf0d02305ad79d40958f48b3c7d6802814fc5c25be7c54c85463c993254d08401e1c7c1cc5586b265a1616617cc2ba7f29e928ff792e4ff33ada9b1bb7ee5a43130da18ba109a9e2186dfa6c2dc1d823e9066e1590203010001
info|2026-02-06 17:27:27.274109|fisco-bcos-0x0000774ee74e56c0|[P2PService][Service]onDisconnect,code=3,what=Dynamic exception type: bcos::gateway::NetworkException
std::exception::what: Disconnect
info|2026-02-06 17:27:27.274121|fisco-bcos-0x0000774ee74e56c0|[P2PService][P2PSession][P2PSession::~P2PSession] this=0x774f208131d0
info|2026-02-06 17:27:27.274141|fisco-bcos-0x0000774ee74e56c0|[SESSION][Session][Session::~Session] this=0x774f0ea5c010
info|2026-02-06 17:27:27.274196|ioService-0x0000774ee84e96c0|SyncConfig: setConnectedNodeList,size=1
info|2026-02-06 17:27:27.274236|ioService-0x0000774ee84e96c0|SyncConfig: setConnectedNodeList,size=1
info|2026-02-06 17:27:27.274241|ioService-0x0000774ee84e96c0|[FRONTSERVICE]notifyGroupNodeInfo,connectedNodeSize=1
info|2026-02-06 17:27:28.305769|fisco-bcos-0x0000774f5a09da00|[DEFAULT][HTTP][SERVER][stop]http server
info|2026-02-06 17:27:28.305862|fisco-bcos-0x0000774f5a09da00|[stopThread]stop the timer thread
info|2026-02-06 17:27:28.305929|timerFactory-0x0000774f127ff6c0|[startThread]the timer thread stop
info|2026-02-06 17:27:28.307308|fisco-bcos-0x0000774f5a09da00|[EVENT][SUB][stop]stop event sub successfully
info|2026-02-06 17:27:28.309894|fisco-bcos-0x0000774f5a09da00|[DEFAULT][HTTP][SERVER][stop]http server
info|2026-02-06 17:27:28.309990|fisco-bcos-0x0000774f5a09da00|[stopThread]stop the timer thread
info|2026-02-06 17:27:28.309970|timerFactory-0x0000774f031ff6c0|[RPC][WS][SERVICE]connected nodes,count=0
info|2026-02-06 17:27:28.310025|timerFactory-0x0000774f031ff6c0|[startThread]the timer thread stop
info|2026-02-06 17:27:28.310350|fisco-bcos-0x0000774f5a09da00|[RPC][RPC][RPC][stop]stop rpc successfully
info|2026-02-06 17:27:28.312480|fisco-bcos-0x0000774f5a09da00|[Gateway][Gateway]stop end.
info|2026-02-06 17:27:28.312540|fisco-bcos-0x0000774f5a09da00|[FRONTSERVICE]Stop the front service
info|2026-02-06 17:27:28.312769|fisco-bcos-0x0000774f5a09da00|[FrontService]FrontService stop,nodeID=5b07d12d1512a66493c8fd3456d8c505e6ce05f20061613a4c48a1fa3755bbf9cc2d2f1878c4a6733389f03deb0a3fc0c672e2f4910fde9802d6675929cb3dc5,groupID=group0
info|2026-02-06 17:27:28.312814|fisco-bcos-0x0000774f5a09da00|[CONSENSUS][SEALER]stop the sealer
info|2026-02-06 17:27:28.317448|fisco-bcos-0x0000774f5a09da00|[BLOCK SYNC]Stop BlockSync
info|2026-02-06 17:27:28.326316|fisco-bcos-0x0000774f5a09da00|[CONSENSUS][Core]Stop consensusEngine
info|2026-02-06 17:27:28.329076|fisco-bcos-0x0000774f5a09da00|[CONSENSUS][Core]ConsensusEngine stopped
info|2026-02-06 17:27:28.331623|fisco-bcos-0x0000774f5a09da00|[CONSENSUS][PBFT]stop the PBFTEngine
info|2026-02-06 17:27:28.331665|fisco-bcos-0x0000774f5a09da00|[CONSENSUS][PBFT]Stop the PBFT module.
info|2026-02-06 17:27:28.331712|fisco-bcos-0x0000774f5a09da00|[STORAGE-RocksDB]rocksdb stopped
info|2026-02-06 17:27:28.331735|fisco-bcos-0x0000774f5a09da00|[INITIALIZER]Stop the txpool
info|2026-02-06 17:27:28.337435|fisco-bcos-0x0000774f5a09da00|[SYNC]stop TransactionSync
info|2026-02-06 17:27:28.338083|fisco-bcos-0x0000774f5a09da00|[TXPOOL]Stop the txpool.
info|2026-02-06 17:27:28.338147|fisco-bcos-0x0000774f5a09da00|[SCHEDULER]Try to stop SchedulerManager
info|2026-02-06 17:27:28.338491|fisco-bcos-0x0000774f5a09da00|[STORAGE-RocksDB]rocksdb stopped
info|2026-02-06 17:27:28.338529|fisco-bcos-0x0000774f5a09da00|[SCHEDULER]scheduler has stopped.
info|2026-02-06 17:27:28.338946|fisco-bcos-0x0000774f5a09da00|[FRONTSERVICE]The front service has already been stopped
info|2026-02-06 17:27:28.338984|fisco-bcos-0x0000774f5a09da00|[CONSENSUS][SEALER]the sealer has already been stopped
info|2026-02-06 17:27:28.338992|fisco-bcos-0x0000774f5a09da00|[BLOCK SYNC]BlockSync has already been stopped
info|2026-02-06 17:27:28.338998|fisco-bcos-0x0000774f5a09da00|[CONSENSUS][PBFT]The PBFT module has already been stopped!
info|2026-02-06 17:27:28.339016|fisco-bcos-0x0000774f5a09da00|[STORAGE-RocksDB]rocksdb stopped
info|2026-02-06 17:27:28.339020|fisco-bcos-0x0000774f5a09da00|[INITIALIZER]The txpool has already been stopped
info|2026-02-06 17:27:28.339028|fisco-bcos-0x0000774f5a09da00|[SCHEDULER]scheduler has just stopped.
info|2026-02-06 17:27:28.339037|fisco-bcos-0x0000774f5a09da00|[CONSENSUS][SEALER]the sealer has already been stopped
info|2026-02-06 17:27:28.339046|fisco-bcos-0x0000774f5a09da00|[BLOCK SYNC]BlockSync has already been stopped
info|2026-02-06 17:27:28.339048|fisco-bcos-0x0000774f5a09da00|[CONSENSUS][PBFT]The PBFT module has already been stopped!
info|2026-02-06 17:27:28.339056|fisco-bcos-0x0000774f5a09da00|[STORAGE-RocksDB]rocksdb stopped
info|2026-02-06 17:27:28.339061|fisco-bcos-0x0000774f5a09da00|[INITIALIZER]The txpool has already been stopped
info|2026-02-06 17:27:28.339069|fisco-bcos-0x0000774f5a09da00|[FRONTSERVICE]The front service has already been stopped
