info|2026-02-06 15:24:16.311043|fisco-bcos-0x0000765ef1f2aa00|[INITIALIZER]initGlobalConfig
info|2026-02-06 15:24:16.311143|fisco-bcos-0x0000765ef1f2aa00|[NodeConfig][METRIC]loadChainConfig,smCrypto=false,chainId=chain0,groupId=group0,blockLimit=1000
info|2026-02-06 15:24:16.311153|fisco-bcos-0x0000765ef1f2aa00|[NodeConfig]loadWeb3ChainConfig,web3ChainID=20200
info|2026-02-06 15:24:16.311203|fisco-bcos-0x0000765ef1f2aa00|[NodeConfig][parseConsensusNodeList],sectionName=consensus,nodeId=2346c69c46d42278eb237167eb19eb28432b63783cc0fd7cddc90f89c148e755db8941be9b0c5f37cbc21c409a78c154abc75ce0c80818c6fbb76aea6bcd0a9a,weight=1
info|2026-02-06 15:24:16.311216|fisco-bcos-0x0000765ef1f2aa00|[NodeConfig][parseConsensusNodeList],sectionName=consensus,nodeId=21a47acec36f73d8e925a7d5db44793f998e1a42a6d7ee2e3a5cf4037b853452cb76f6cbab8e5b223a128e8ee15790d1f629858b47070b4eb2e1ddb2b0ada297,weight=1
info|2026-02-06 15:24:16.311223|fisco-bcos-0x0000765ef1f2aa00|[NodeConfig][parseConsensusNodeList],sectionName=consensus,nodeId=0d6a7f52cb87ce7fda869e0db309ec9c53723c46f81632c21e4abbf1a9159f14d53f37cc0c4141548da9ec877d6235afd7a501c40d296fc4c5252a8717aa23c2,weight=1
info|2026-02-06 15:24:16.311229|fisco-bcos-0x0000765ef1f2aa00|[NodeConfig][parseConsensusNodeList],sectionName=consensus,nodeId=5b07d12d1512a66493c8fd3456d8c505e6ce05f20061613a4c48a1fa3755bbf9cc2d2f1878c4a6733389f03deb0a3fc0c672e2f4910fde9802d6675929cb3dc5,weight=1
info|2026-02-06 15:24:16.311237|fisco-bcos-0x0000765ef1f2aa00|[NodeConfig][parseConsensusNodeList],totalNodesSize=4
info|2026-02-06 15:24:16.311245|fisco-bcos-0x0000765ef1f2aa00|[NodeConfig]loadLedgerConfig,consensus_type=pbft,block_tx_count_limit=1000,gas_limit=3000000000,leader_period=1,minSealTime=0,compatibilityVersion=3.11.0
info|2026-02-06 15:24:16.311258|fisco-bcos-0x0000765ef1f2aa00|[NodeConfig][METRIC]loadExecutorConfig,isWasm=false,isAuthCheck=false,authAdminAccount=0x1dbd23331f727a66c096de4f3daaec061a3ca614,ismSerialExecute=true
info|2026-02-06 15:24:16.311344|fisco-bcos-0x0000765ef1f2aa00|[NodeConfig]loadCertConfig,ca_path=./conf,sm_ca_cert=./conf/sm_ca.crt,sm_node_cert=./conf/sm_ssl.crt,sm_node_key=./conf/sm_ssl.key,sm_ennode_cert=./conf/sm_enssl.crt,sm_ennode_key=./conf/sm_enssl.key
info|2026-02-06 15:24:16.311362|fisco-bcos-0x0000765ef1f2aa00|[NodeConfig]loadCertConfig,ca_path=./conf,ca_cert=./conf/ca.crt,node_cert=./conf/ssl.crt,node_key=./conf/ssl.key
info|2026-02-06 15:24:16.311378|fisco-bcos-0x0000765ef1f2aa00|[NodeConfig]loadRpcConfig,listenIP=0.0.0.0,listenPort=20203,listenPort=20203,smSsl=false,disableSsl=true,needRetInput=true
info|2026-02-06 15:24:16.311387|fisco-bcos-0x0000765ef1f2aa00|[NodeConfig]loadWeb3RpcConfig,enableWeb3Rpc=true,listenIP=0.0.0.0,listenPort=8545,listenPort=8545
info|2026-02-06 15:24:16.311393|fisco-bcos-0x0000765ef1f2aa00|[NodeConfig]loadGatewayConfig,listenIP=0.0.0.0,listenPort=30303,listenPort=30303,smSsl=false,nodesFile=nodes.json
info|2026-02-06 15:24:16.311400|fisco-bcos-0x0000765ef1f2aa00|[NodeConfig]loadSealerConfig,minSealTime=500
info|2026-02-06 15:24:16.311429|fisco-bcos-0x0000765ef1f2aa00|[NodeConfig]loadTxPoolConfig,txpoolLimit=15000,notifierWorkers=2,verifierWorkers=8,checkBlockLimit=true,txsExpirationTime(ms)=600000
info|2026-02-06 15:24:16.311434|fisco-bcos-0x0000765ef1f2aa00|[NodeConfig]loadSecurityConfig,enable_hsm=false,privateKeyPath=conf/node.pem
info|2026-02-06 15:24:16.311438|fisco-bcos-0x0000765ef1f2aa00|[NodeConfig][METRIC]loadExecutorNormalConfig: config.ini,enableDag=true
info|2026-02-06 15:24:16.311455|fisco-bcos-0x0000765ef1f2aa00|[NodeConfig]loadStorageConfig,storagePath=data,KeyPage=10240,storageType=RocksDB,pdAddrs=127.0.0.1:2379,pdCaPath=,enableArchive=false,enableSeparateBlockAndState=false,archiveListenIP=,archiveListenPort=0,enable_rocksdb_blob=false,enableLRUCacheStorage=true
info|2026-02-06 15:24:16.311463|fisco-bcos-0x0000765ef1f2aa00|[NodeConfig]loadConsensusConfig,checkPointTimeoutInterval=3000,pipeline_size=50
info|2026-02-06 15:24:16.311486|fisco-bcos-0x0000765ef1f2aa00|[NodeConfig]loadSyncConfig,sync_block_by_tree=false,send_txs_by_tree=false,tree_width=3
info|2026-02-06 15:24:16.311497|fisco-bcos-0x0000765ef1f2aa00|[NodeConfig]loadOthersConfig,sendTxTimeout=-1,vmCacheSize=1024
info|2026-02-06 15:24:16.311548|fisco-bcos-0x0000765ef1f2aa00|[NodeConfig][METRIC]loadChainConfig,smCrypto=false,chainId=chain0,groupId=group0,blockLimit=1000
info|2026-02-06 15:24:16.311554|fisco-bcos-0x0000765ef1f2aa00|[NodeConfig]loadWeb3ChainConfig,web3ChainID=20200
info|2026-02-06 15:24:16.311565|fisco-bcos-0x0000765ef1f2aa00|[NodeConfig][parseConsensusNodeList],sectionName=consensus,nodeId=2346c69c46d42278eb237167eb19eb28432b63783cc0fd7cddc90f89c148e755db8941be9b0c5f37cbc21c409a78c154abc75ce0c80818c6fbb76aea6bcd0a9a,weight=1
info|2026-02-06 15:24:16.311575|fisco-bcos-0x0000765ef1f2aa00|[NodeConfig][parseConsensusNodeList],sectionName=consensus,nodeId=21a47acec36f73d8e925a7d5db44793f998e1a42a6d7ee2e3a5cf4037b853452cb76f6cbab8e5b223a128e8ee15790d1f629858b47070b4eb2e1ddb2b0ada297,weight=1
info|2026-02-06 15:24:16.311582|fisco-bcos-0x0000765ef1f2aa00|[NodeConfig][parseConsensusNodeList],sectionName=consensus,nodeId=0d6a7f52cb87ce7fda869e0db309ec9c53723c46f81632c21e4abbf1a9159f14d53f37cc0c4141548da9ec877d6235afd7a501c40d296fc4c5252a8717aa23c2,weight=1
info|2026-02-06 15:24:16.311588|fisco-bcos-0x0000765ef1f2aa00|[NodeConfig][parseConsensusNodeList],sectionName=consensus,nodeId=5b07d12d1512a66493c8fd3456d8c505e6ce05f20061613a4c48a1fa3755bbf9cc2d2f1878c4a6733389f03deb0a3fc0c672e2f4910fde9802d6675929cb3dc5,weight=1
info|2026-02-06 15:24:16.311593|fisco-bcos-0x0000765ef1f2aa00|[NodeConfig][parseConsensusNodeList],totalNodesSize=4
info|2026-02-06 15:24:16.311600|fisco-bcos-0x0000765ef1f2aa00|[NodeConfig]loadLedgerConfig,consensus_type=pbft,block_tx_count_limit=1000,gas_limit=3000000000,leader_period=1,minSealTime=0,compatibilityVersion=3.11.0
info|2026-02-06 15:24:16.311608|fisco-bcos-0x0000765ef1f2aa00|[NodeConfig][METRIC]loadExecutorConfig,isWasm=false,isAuthCheck=false,authAdminAccount=0x1dbd23331f727a66c096de4f3daaec061a3ca614,ismSerialExecute=true
info|2026-02-06 15:24:16.311670|fisco-bcos-0x0000765ef1f2aa00|[NodeConfig]loadCertConfig,ca_path=./conf,sm_ca_cert=./conf/sm_ca.crt,sm_node_cert=./conf/sm_ssl.crt,sm_node_key=./conf/sm_ssl.key,sm_ennode_cert=./conf/sm_enssl.crt,sm_ennode_key=./conf/sm_enssl.key
info|2026-02-06 15:24:16.311701|fisco-bcos-0x0000765ef1f2aa00|[NodeConfig]loadCertConfig,ca_path=./conf,ca_cert=./conf/ca.crt,node_cert=./conf/ssl.crt,node_key=./conf/ssl.key
info|2026-02-06 15:24:16.311713|fisco-bcos-0x0000765ef1f2aa00|[NodeConfig]loadRpcConfig,listenIP=0.0.0.0,listenPort=20203,listenPort=20203,smSsl=false,disableSsl=true,needRetInput=true
info|2026-02-06 15:24:16.311720|fisco-bcos-0x0000765ef1f2aa00|[NodeConfig]loadWeb3RpcConfig,enableWeb3Rpc=true,listenIP=0.0.0.0,listenPort=8545,listenPort=8545
info|2026-02-06 15:24:16.311726|fisco-bcos-0x0000765ef1f2aa00|[NodeConfig]loadGatewayConfig,listenIP=0.0.0.0,listenPort=30303,listenPort=30303,smSsl=false,nodesFile=nodes.json
info|2026-02-06 15:24:16.311731|fisco-bcos-0x0000765ef1f2aa00|[NodeConfig]loadSealerConfig,minSealTime=500
info|2026-02-06 15:24:16.311745|fisco-bcos-0x0000765ef1f2aa00|[NodeConfig]loadTxPoolConfig,txpoolLimit=15000,notifierWorkers=2,verifierWorkers=8,checkBlockLimit=true,txsExpirationTime(ms)=600000
info|2026-02-06 15:24:16.311750|fisco-bcos-0x0000765ef1f2aa00|[NodeConfig]loadSecurityConfig,enable_hsm=false,privateKeyPath=conf/node.pem
info|2026-02-06 15:24:16.311756|fisco-bcos-0x0000765ef1f2aa00|[NodeConfig][METRIC]loadExecutorNormalConfig: config.ini,enableDag=true
info|2026-02-06 15:24:16.311770|fisco-bcos-0x0000765ef1f2aa00|[NodeConfig]loadStorageConfig,storagePath=data,KeyPage=10240,storageType=RocksDB,pdAddrs=127.0.0.1:2379,pdCaPath=,enableArchive=false,enableSeparateBlockAndState=false,archiveListenIP=,archiveListenPort=0,enable_rocksdb_blob=false,enableLRUCacheStorage=true
info|2026-02-06 15:24:16.311779|fisco-bcos-0x0000765ef1f2aa00|[NodeConfig]loadConsensusConfig,checkPointTimeoutInterval=3000,pipeline_size=50
info|2026-02-06 15:24:16.311791|fisco-bcos-0x0000765ef1f2aa00|[NodeConfig]loadSyncConfig,sync_block_by_tree=false,send_txs_by_tree=false,tree_width=3
info|2026-02-06 15:24:16.311823|fisco-bcos-0x0000765ef1f2aa00|[NodeConfig]loadOthersConfig,sendTxTimeout=-1,vmCacheSize=1024
info|2026-02-06 15:24:16.312189|fisco-bcos-0x0000765ef1f2aa00|[INITIALIZER]init crypto suite success
info|2026-02-06 15:24:16.312199|fisco-bcos-0x0000765ef1f2aa00|[INITIALIZER]init blockFactory success
info|2026-02-06 15:24:16.312228|fisco-bcos-0x0000765ef1f2aa00|[INITIALIZER][SecureInitializer]loading privateKey
info|2026-02-06 15:24:16.312341|fisco-bcos-0x0000765ef1f2aa00|[INITIALIZER]loadKeyPair from privateKey,privateKeySize=32,enableStorageSecurity=false
info|2026-02-06 15:24:16.312491|fisco-bcos-0x0000765ef1f2aa00|[INITIALIZER][METRIC]loadKeyPair from privateKeyPath,privateKeyPath=conf/node.pem
info|2026-02-06 15:24:16.312514|fisco-bcos-0x0000765ef1f2aa00|[INITIALIZER][METRIC]loadKeyPair success,publicKey=5b07d12d1512a66493c8fd3456d8c505e6ce05f20061613a4c48a1fa3755bbf9cc2d2f1878c4a6733389f03deb0a3fc0c672e2f4910fde9802d6675929cb3dc5
info|2026-02-06 15:24:16.312582|fisco-bcos-0x0000765ef1f2aa00|[NodeConfig]loadNodeServiceConfig,withoutTarsFramework=false
info|2026-02-06 15:24:16.312588|fisco-bcos-0x0000765ef1f2aa00|[NodeConfig]load node service,nodeName=5b07d12d1512a66493c8fd3456d8c505e6ce05f20061613a4c48a1fa3755bbf9cc2d2f1878c4a6733389f03deb0a3fc0c672e2f4910fde9802d6675929cb3dc5,withoutTarsFramework=false,schedulerServiceName=chain0.5b07d12d1512a66493c8fd3456d8c505e6ce05f20061613a4c48a1fa3755bbf9cc2d2f1878c4a6733389f03deb0a3fc0c672e2f4910fde9802d6675929cb3dc5SchedulerService,executorServiceName=chain0.5b07d12d1512a66493c8fd3456d8c505e6ce05f20061613a4c48a1fa3755bbf9cc2d2f1878c4a6733389f03deb0a3fc0c672e2f4910fde9802d6675929cb3dc5ExecutorService
info|2026-02-06 15:24:16.312895|fisco-bcos-0x0000765ef1f2aa00|[Gateway][Config]initP2PConfig ok!,p2p.listen_ip=0.0.0.0,p2p.listen_port=30303,p2p.sm_ssl=false,p2p.enable_rip_protocol=true,p2p.enable_compression=true,p2p.allow_max_msg_size=33554432,p2p.session_recv_buffer_size=67108864,p2p.session_max_read_data_size=40960,p2p.session_max_send_data_size=1048576,p2p.session_max_send_msg_count=10,p2p.thread_count=8,p2p.nodes_path=./,p2p.nodes_file=nodes.json,p2p.readonly=false
info|2026-02-06 15:24:16.312933|fisco-bcos-0x0000765ef1f2aa00|[Gateway][Config][initFlowControlConfig]load flow_control common config items,enable=false,flow_control.stat_reporter_interval=60000,flow_control.enable_connect_debug_info=false,flow_control.time_window_sec=1,flow_control.enable_distributed_ratelimit=false,flow_control.enable_distributed_ratelimit_cache=true,flow_control.distributed_ratelimit_cache_percent=20
info|2026-02-06 15:24:16.312944|fisco-bcos-0x0000765ef1f2aa00|[Gateway][Config][initFlowControlConfig]load flow_control config items,key=flow_control.modules_without_bw_limit,moduleID=1001
info|2026-02-06 15:24:16.312953|fisco-bcos-0x0000765ef1f2aa00|[Gateway][Config][initFlowControlConfig]load flow_control config items,key=flow_control.modules_without_bw_limit,moduleID=1000
info|2026-02-06 15:24:16.312956|fisco-bcos-0x0000765ef1f2aa00|[Gateway][Config][initFlowControlConfig]load flow_control config items,key=flow_control.modules_without_bw_limit,moduleID=2002
info|2026-02-06 15:24:16.312960|fisco-bcos-0x0000765ef1f2aa00|[Gateway][Config][initFlowControlConfig]load flow_control config items,key=flow_control.modules_without_bw_limit,moduleID=2001
info|2026-02-06 15:24:16.312962|fisco-bcos-0x0000765ef1f2aa00|[Gateway][Config]the total_outgoing_bw_limit is not initialized
info|2026-02-06 15:24:16.312966|fisco-bcos-0x0000765ef1f2aa00|[Gateway][Config]load flow_control config items, the conn_outgoing_bw_limit is not initialized
info|2026-02-06 15:24:16.312993|fisco-bcos-0x0000765ef1f2aa00|[Gateway][Config]load flow_control config items, the group_outgoing_bw_limit is not initialized
info|2026-02-06 15:24:16.312996|fisco-bcos-0x0000765ef1f2aa00|[Gateway][Config][initFlowControlConfig]load_flow control outgoing config items,flow_control.outgoing_allow_exceed_max_permit=false,flow_control.modules_without_bw_limit=raft,pbft,cons_txs_sync,txs_sync,flow_control.total_outgoing_bw_limit=-1,flow_control.conn_outgoing_bw_limit=-1,flow_control.group_outgoing_bw_limit=-1,flow_control.conn_outgoing_bw_limit_x.x.x.x=0,flow_control.group_outgoing_bw_limit_xxx=0,flow_control.modules_without_bw_limit size=4
info|2026-02-06 15:24:16.313002|fisco-bcos-0x0000765ef1f2aa00|[Gateway][Config]rateLimiter: false
info|2026-02-06 15:24:16.313004|fisco-bcos-0x0000765ef1f2aa00|[Gateway][Config][initFlowControlConfig]load flow_control config items, the incoming qps rate limit,flow_control.incoming_p2p_basic_msg_type_list=,flow_control.incoming_p2p_basic_msg_type_qps_limit=-1,flow_control.incoming_module_msg_type_qps_limit=-1,flow_control.incoming_module_qps_limit_xxx size=0,enableOutRateLimit=false,enableOutConnRateLimit=false,enableOutGroupRateLimit=false,enableInRateLimit=false
info|2026-02-06 15:24:16.313013|fisco-bcos-0x0000765ef1f2aa00|[Gateway][Config]initCertConfig,ca_path=./conf,ca_cert=./conf/ca.crt,node_cert=./conf/ssl.crt,node_key=./conf/ssl.key,mul_ca_path=./conf/multiCaPath
info|2026-02-06 15:24:16.313051|fisco-bcos-0x0000765ef1f2aa00|[Gateway][Config]initCertConfig,ca=./conf/ca.crt,node_cert=./conf/ssl.crt,node_key=./conf/ssl.key,mul_ca_path=./conf/multiCaPath
info|2026-02-06 15:24:16.313181|fisco-bcos-0x0000765ef1f2aa00|[Gateway][Config]initConfig ok!,configPath=config.ini,listenIP=0.0.0.0,listenPort=30303,smSSL=false,peers=0
info|2026-02-06 15:24:16.314732|fisco-bcos-0x0000765ef1f2aa00|[Gateway][Config]add one connected node,host=127.0.0.1:30300
info|2026-02-06 15:24:16.315187|fisco-bcos-0x0000765ef1f2aa00|[Gateway][Config]add one connected node,host=127.0.0.1:30301
info|2026-02-06 15:24:16.315561|fisco-bcos-0x0000765ef1f2aa00|[Gateway][Config]add one connected node,host=127.0.0.1:30302
info|2026-02-06 15:24:16.315889|fisco-bcos-0x0000765ef1f2aa00|[Gateway][Config]add one connected node,host=127.0.0.1:30303
info|2026-02-06 15:24:16.315911|fisco-bcos-0x0000765ef1f2aa00|[Gateway][Config]loadP2pConnectedNodes ok!,nodePath=./,nodeFileName=nodes.json,nodes=4
info|2026-02-06 15:24:16.315952|fisco-bcos-0x0000765ef1f2aa00|[Gateway][Factory]initCert2PubHexHandler,cert=./conf/ssl.crt,certContent: =0x765ef151b1b0
info|2026-02-06 15:24:16.316720|fisco-bcos-0x0000765ef1f2aa00|[Gateway][Factory][NEW]SSLContext pubHex: 3082010a0282010100b85dd5fdfbc4aa99dcef8477a2e1c08c304a63432923826f81b3d0d7d13e79a6ec265462b2f59e76106f8bad7efb849227798aaf7c20a2197e9a95a8ffbbc07f5ccb44d04e995013b9afd04bb77fb7dbfa0f13bd2d404980eae43fc147332e1542ee2d2e973596187bb8ad4dc63b0165052688b1f7fc4a2a8ccb020a55db8ee7b9a45bb901b1c03d94727648a8ec10bfbc854175981345d56f4c783b0211d91f0775e508d8b379b56935777d255f59b63fadc24b43862671f5cbe0d00fcfff7138124c8293f91740a0e0732346eeee748a42f65ddb81da461fce3e76ea6ff452913b80eb5b1dba016f7d4d94f66337cc6bea7a066b8277637aef12c2eba11da10203010001
info|2026-02-06 15:24:16.317722|fisco-bcos-0x0000765ef1f2aa00|[P2PService][Service][Service::Service]local protocol,protocolModuleID=1,version=0,minVersion=0,maxVersion=2
info|2026-02-06 15:24:16.317880|fisco-bcos-0x0000765ef1f2aa00|register SIGUSR1 sig for reload p2p connected nodes config
info|2026-02-06 15:24:16.317903|fisco-bcos-0x0000765ef1f2aa00|[Gateway][Factory][buildService]build service end,enable rip protocol=true,enable compress=true,myself pub id=3082010a0282010100b85dd5fdfbc4aa99dcef8477a2e1c08c304a63432923826f81b3d0d7d13e79a6ec265462b2f59e76106f8bad7efb849227798aaf7c20a2197e9a95a8ffbbc07f5ccb44d04e995013b9afd04bb77fb7dbfa0f13bd2d404980eae43fc147332e1542ee2d2e973596187bb8ad4dc63b0165052688b1f7fc4a2a8ccb020a55db8ee7b9a45bb901b1c03d94727648a8ec10bfbc854175981345d56f4c783b0211d91f0775e508d8b379b56935777d255f59b63fadc24b43862671f5cbe0d00fcfff7138124c8293f91740a0e0732346eeee748a42f65ddb81da461fce3e76ea6ff452913b80eb5b1dba016f7d4d94f66337cc6bea7a066b8277637aef12c2eba11da10203010001
info|2026-02-06 15:24:16.318302|fisco-bcos-0x0000765ef1f2aa00|[Gateway][Factory]GatewayFactory::init ok
info|2026-02-06 15:24:16.318330|fisco-bcos-0x0000765ef1f2aa00|[FrontService]FrontServiceFactory::buildFrontService,groupID=group0,nodeID=5b07d12d1512a66493c8fd3456d8c505e6ce05f20061613a4c48a1fa3755bbf9cc2d2f1878c4a6733389f03deb0a3fc0c672e2f4910fde9802d6675929cb3dc5
info|2026-02-06 15:24:16.318338|fisco-bcos-0x0000765ef1f2aa00|[FrontService]FrontService,this=0x765ef146ff10,minVersion=0,maxVersion=2
info|2026-02-06 15:24:16.318352|fisco-bcos-0x0000765ef1f2aa00|[INITIALIZER]initNode,stateDBPath=data,enableSeparateBlockAndState=false,storageType=RocksDB,consensusStoragePath=data/consensus_log
info|2026-02-06 15:24:16.401963|fisco-bcos-0x0000765ef1f2aa00|[LEDGER][#buildGenesisBlock]
info|2026-02-06 15:24:16.402451|fisco-bcos-0x0000765ef1f2aa00|[NodeConfig][generateGenesisData],genesisData=[chain]
sm_crypto:0
chainID: chain0
grouID: group0
[consensys]
consensus_type: pbft
block_tx_count_limit:1000
leader_period:1
[version]
compatibility_version:3.11.0
[tx]
gaslimit:3000000000
[executor]
iswasm: 0
isAuthCheck:0
authAdminAccount:0x1dbd23331f727a66c096de4f3daaec061a3ca614
isSerialExecute:1
epochSealerNum:4
epochBlockNum:1000
node.0:0d6a7f52cb87ce7fda869e0db309ec9c53723c46f81632c21e4abbf1a9159f14d53f37cc0c4141548da9ec877d6235afd7a501c40d296fc4c5252a8717aa23c2,1
node.1:21a47acec36f73d8e925a7d5db44793f998e1a42a6d7ee2e3a5cf4037b853452cb76f6cbab8e5b223a128e8ee15790d1f629858b47070b4eb2e1ddb2b0ada297,1
node.2:2346c69c46d42278eb237167eb19eb28432b63783cc0fd7cddc90f89c148e755db8941be9b0c5f37cbc21c409a78c154abc75ce0c80818c6fbb76aea6bcd0a9a,1
node.3:5b07d12d1512a66493c8fd3456d8c505e6ce05f20061613a4c48a1fa3755bbf9cc2d2f1878c4a6733389f03deb0a3fc0c672e2f4910fde9802d6675929cb3dc5,1
info|2026-02-06 15:24:16.402506|fisco-bcos-0x0000765ef1f2aa00|[LEDGER][#buildGenesisBlock] success, block exists
info|2026-02-06 15:24:16.403109|fisco-bcos-0x0000765ef1f2aa00|[TXPOOL]create transaction validator
info|2026-02-06 15:24:16.403247|fisco-bcos-0x0000765ef1f2aa00|[TXPOOL]create transaction config
info|2026-02-06 15:24:16.403255|fisco-bcos-0x0000765ef1f2aa00|[TXPOOL]create transaction storage
info|2026-02-06 15:24:16.404040|fisco-bcos-0x0000765ef1f2aa00|[TXPOOL]init MemoryStorage of txpool,txNotifierWorkerNum=2,txsExpirationTime=600000,poolLimit=15000,cpuCores=20
info|2026-02-06 15:24:16.404122|fisco-bcos-0x0000765ef1f2aa00|[TXPOOL]create sync config
info|2026-02-06 15:24:16.404132|fisco-bcos-0x0000765ef1f2aa00|[TXPOOL]create sync engine
info|2026-02-06 15:24:16.404914|fisco-bcos-0x0000765ef1f2aa00|[TXPOOL]create txpool,submitWorkerNum=8,notifyWorkerNum=2
info|2026-02-06 15:24:16.406546|fisco-bcos-0x0000765ef1f2aa00|[TXPOOL]create TxPool,submitterNum=8
info|2026-02-06 15:24:16.406742|fisco-bcos-0x0000765ef1f2aa00|[TARS_EXECUTOR_MANAGER]Initialize ,executorServiceName=chain0.5b07d12d1512a66493c8fd3456d8c505e6ce05f20061613a4c48a1fa3755bbf9cc2d2f1878c4a6733389f03deb0a3fc0c672e2f4910fde9802d6675929cb3dc5ExecutorService.ExecutorServiceObj
info|2026-02-06 15:24:16.406922|fisco-bcos-0x0000765ef1f2aa00|[INITIALIZER]initNode: enableLRUCacheStorage, size: 33554432
info|2026-02-06 15:24:16.406933|fisco-bcos-0x0000765ef1f2aa00|[INITIALIZER]create Executor,nodeArchType=0
info|2026-02-06 15:24:16.409091|fisco-bcos-0x0000765ef1f2aa00|[CONSENSUS][PBFT]create PBFTCodec
info|2026-02-06 15:24:16.409117|fisco-bcos-0x0000765ef1f2aa00|[CONSENSUS][PBFT]create PBFT validator
info|2026-02-06 15:24:16.409279|fisco-bcos-0x0000765ef1f2aa00|[CONSENSUS][PBFT]create pbftStorage
info|2026-02-06 15:24:16.409342|fisco-bcos-0x0000765ef1f2aa00|[CONSENSUS][PBFT][STORAGE]createKVTable success,table=pbftCommitDB
info|2026-02-06 15:24:16.409406|fisco-bcos-0x0000765ef1f2aa00|[CONSENSUS][PBFT]create pbftConfig
info|2026-02-06 15:24:16.409557|fisco-bcos-0x0000765ef1f2aa00|[CONSENSUS][PBFT]create PBFTEngine
info|2026-02-06 15:24:16.410248|fisco-bcos-0x0000765ef1f2aa00|[CONSENSUS][PBFT]create PBFT
info|2026-02-06 15:24:16.411292|fisco-bcos-0x0000765ef1f2aa00|[INITIALIZER]PBFTInitializer::initChainNodeInfo,nodeType=None,nodeCryptoType=0,nodeName=5b07d12d1512a66493c8fd3456d8c505e6ce05f20061613a4c48a1fa3755bbf9cc2d2f1878c4a6733389f03deb0a3fc0c672e2f4910fde9802d6675929cb3dc5,compatibilityVersion=51052544
info|2026-02-06 15:24:16.411356|fisco-bcos-0x0000765ef1f2aa00|[Gateway][Router]insertNode,groupID=group0,minVersion=0,maxVersion=2,nodeID=5b07d12d1512a66493c8fd3456d8c505e6ce05f20061613a4c48a1fa3755bbf9cc2d2f1878c4a6733389f03deb0a3fc0c672e2f4910fde9802d6675929cb3dc5,nodeType=None
info|2026-02-06 15:24:16.411369|fisco-bcos-0x0000765ef1f2aa00|[INITIALIZER]registerNode,group=group0,node=5b07d12d1512a66493c8fd3456d8c505e6ce05f20061613a4c48a1fa3755bbf9cc2d2f1878c4a6733389f03deb0a3fc0c672e2f4910fde9802d6675929cb3dc5,type=None
info|2026-02-06 15:24:16.411379|fisco-bcos-0x0000765ef1f2aa00|[TXPOOL]fetch LedgerConfig information
info|2026-02-06 15:24:16.411455|fisco-bcos-0x0000765ef1f2aa00|[TOOL]LedgerConfigFetcher: fetchBlockNumber success,blockNumber=25
info|2026-02-06 15:24:16.411518|fisco-bcos-0x0000765ef1f2aa00|[TOOL]LedgerConfigFetcher: fetchBlockHash success,blockNumber=25,hash=4c5ef02f...
info|2026-02-06 15:24:16.411582|fisco-bcos-0x0000765ef1f2aa00|[TOOL]fetchBlockTxCountLimit success,value=1000
info|2026-02-06 15:24:16.411621|fisco-bcos-0x0000765ef1f2aa00|[TXPOOL]fetch LedgerConfig success
info|2026-02-06 15:24:16.411629|fisco-bcos-0x0000765ef1f2aa00|[TXPOOL]fetch history nonces information,startNumber=0,fetchedSize=26
info|2026-02-06 15:24:16.412828|fisco-bcos-0x0000765ef1f2aa00|[TXPOOL]fetch history nonces success
info|2026-02-06 15:24:16.412894|fisco-bcos-0x0000765ef1f2aa00|[TXPOOL]init txs validator,checkBlockLimit=true
info|2026-02-06 15:24:16.413023|fisco-bcos-0x0000765ef1f2aa00|[TXPOOL]init txs validator success
info|2026-02-06 15:24:16.413069|fisco-bcos-0x0000765ef1f2aa00|[TXPOOL]init sync config
info|2026-02-06 15:24:16.413084|fisco-bcos-0x0000765ef1f2aa00|[TXPOOL]init sync config success
info|2026-02-06 15:24:16.413107|fisco-bcos-0x0000765ef1f2aa00|[BLOCK SYNC]start fetch the ledger config for block sync module
info|2026-02-06 15:24:16.413167|fisco-bcos-0x0000765ef1f2aa00|[TOOL]LedgerConfigFetcher: fetchBlockNumber success,blockNumber=25
info|2026-02-06 15:24:16.413234|fisco-bcos-0x0000765ef1f2aa00|[TOOL]LedgerConfigFetcher: fetchBlockHash success,blockNumber=25,hash=4c5ef02f...
info|2026-02-06 15:24:16.413247|fisco-bcos-0x0000765ef1f2aa00|[TOOL]fetchCompatibilityVersion
info|2026-02-06 15:24:16.413302|fisco-bcos-0x0000765ef1f2aa00|[TOOL]fetchCompatibilityVersion success,version=3.11.0,versionNumber=51052544,minSupportedVersion=3.0.0-rc4,maxSupportedVersion=3.11.0
info|2026-02-06 15:24:16.413948|fisco-bcos-0x0000765ef1f2aa00|[TOOL]fetchSystemConfig failed, use default value,code=3008,msg=Entry: feature_dmc2serial does not exists!,key=feature_dmc2serial,defaultValue=0
info|2026-02-06 15:24:16.414037|fisco-bcos-0x0000765ef1f2aa00|[TOOL]fetchSystemConfig failed, use default value,code=3008,msg=Entry: feature_sharding does not exists!,key=feature_sharding,defaultValue=0
info|2026-02-06 15:24:16.414119|fisco-bcos-0x0000765ef1f2aa00|[TOOL]fetchSystemConfig failed, use default value,code=3008,msg=Entry: feature_rpbft does not exists!,key=feature_rpbft,defaultValue=0
info|2026-02-06 15:24:16.414174|fisco-bcos-0x0000765ef1f2aa00|[TOOL]fetchSystemConfig failed, use default value,code=3008,msg=Entry: feature_paillier does not exists!,key=feature_paillier,defaultValue=0
info|2026-02-06 15:24:16.414200|fisco-bcos-0x0000765ef1f2aa00|[TOOL]fetchSystemConfig failed, use default value,code=3008,msg=Entry: feature_balance does not exists!,key=feature_balance,defaultValue=0
info|2026-02-06 15:24:16.414223|fisco-bcos-0x0000765ef1f2aa00|[TOOL]fetchSystemConfig failed, use default value,code=3008,msg=Entry: feature_balance_precompiled does not exists!,key=feature_balance_precompiled,defaultValue=0
info|2026-02-06 15:24:16.414245|fisco-bcos-0x0000765ef1f2aa00|[TOOL]fetchSystemConfig failed, use default value,code=3008,msg=Entry: feature_balance_policy1 does not exists!,key=feature_balance_policy1,defaultValue=0
info|2026-02-06 15:24:16.414267|fisco-bcos-0x0000765ef1f2aa00|[TOOL]fetchSystemConfig failed, use default value,code=3008,msg=Entry: feature_paillier_add_raw does not exists!,key=feature_paillier_add_raw,defaultValue=0
info|2026-02-06 15:24:16.414290|fisco-bcos-0x0000765ef1f2aa00|[TOOL]fetchSystemConfig failed, use default value,code=3008,msg=Entry: feature_evm_cancun does not exists!,key=feature_evm_cancun,defaultValue=0
info|2026-02-06 15:24:16.414350|fisco-bcos-0x0000765ef1f2aa00|[TOOL]fetchConsensusNodeList success,size=4
info|2026-02-06 15:24:16.414407|fisco-bcos-0x0000765ef1f2aa00|[TOOL]fetchObserverNodeList success,size=0
info|2026-02-06 15:24:16.415207|fisco-bcos-0x0000765ef1f2aa00|[TOOL]fetchCandidateSealerList success,size=0
info|2026-02-06 15:24:16.415480|fisco-bcos-0x0000765ef1f2aa00|[TOOL]fetchGenesisHash success,genesisHash=25d20f1c...
info|2026-02-06 15:24:16.415508|fisco-bcos-0x0000765ef1f2aa00|[BLOCK SYNC]fetch the ledger config for block sync module success,number=25,latestHash=4c5ef02f...,genesisHash=25d20f1c7ba5c73a1e512bbabf583992a464d04d9c35a44e10d8c6c8f07c9983
info|2026-02-06 15:24:16.415542|fisco-bcos-0x0000765ef1f2aa00|[BLOCK SYNC]#### BlockSyncConfig resetConfig,number=25,consNodeSize=4,observerNodeSize=0,type=CONSENSUS_NODE
info|2026-02-06 15:24:16.415570|fisco-bcos-0x0000765ef1f2aa00|[BLOCK SYNC]init block sync success
info|2026-02-06 15:24:16.416041|fisco-bcos-0x0000765ef1f2aa00|[CONSENSUS][PBFT]asyncResetTxPool when startup
info|2026-02-06 15:24:16.417016|fisco-bcos-0x0000765ef1f2aa00|[TXPOOL]asyncResetTxPool,txsSize=0
info|2026-02-06 15:24:16.417088|fisco-bcos-0x0000765ef1f2aa00|[CONSENSUS][PBFT]fetchAndUpdateLedgerConfig
info|2026-02-06 15:24:16.417173|fisco-bcos-0x0000765ef1f2aa00|[TOOL]LedgerConfigFetcher: fetchBlockNumber success,blockNumber=25
info|2026-02-06 15:24:16.417272|fisco-bcos-0x0000765ef1f2aa00|[TOOL]LedgerConfigFetcher: fetchBlockHash success,blockNumber=25,hash=4c5ef02f...
info|2026-02-06 15:24:16.417287|fisco-bcos-0x0000765ef1f2aa00|[TOOL]fetchCompatibilityVersion
info|2026-02-06 15:24:16.417444|fisco-bcos-0x0000765ef1f2aa00|[TOOL]fetchCompatibilityVersion success,version=3.11.0,versionNumber=51052544,minSupportedVersion=3.0.0-rc4,maxSupportedVersion=3.11.0
info|2026-02-06 15:24:16.418328|fisco-bcos-0x0000765ef1f2aa00|[TOOL]fetchSystemConfig failed, use default value,code=3008,msg=Entry: feature_dmc2serial does not exists!,key=feature_dmc2serial,defaultValue=0
info|2026-02-06 15:24:16.419032|fisco-bcos-0x0000765ef1f2aa00|[TOOL]fetchSystemConfig failed, use default value,code=3008,msg=Entry: feature_sharding does not exists!,key=feature_sharding,defaultValue=0
info|2026-02-06 15:24:16.419660|fisco-bcos-0x0000765ef1f2aa00|[TOOL]fetchSystemConfig failed, use default value,code=3008,msg=Entry: feature_rpbft does not exists!,key=feature_rpbft,defaultValue=0
info|2026-02-06 15:24:16.419934|fisco-bcos-0x0000765ef1f2aa00|[TOOL]fetchSystemConfig failed, use default value,code=3008,msg=Entry: feature_paillier does not exists!,key=feature_paillier,defaultValue=0
info|2026-02-06 15:24:16.420089|fisco-bcos-0x0000765ef1f2aa00|[TOOL]fetchSystemConfig failed, use default value,code=3008,msg=Entry: feature_balance does not exists!,key=feature_balance,defaultValue=0
info|2026-02-06 15:24:16.420140|fisco-bcos-0x0000765ef1f2aa00|[TOOL]fetchSystemConfig failed, use default value,code=3008,msg=Entry: feature_balance_precompiled does not exists!,key=feature_balance_precompiled,defaultValue=0
info|2026-02-06 15:24:16.420181|fisco-bcos-0x0000765ef1f2aa00|[TOOL]fetchSystemConfig failed, use default value,code=3008,msg=Entry: feature_balance_policy1 does not exists!,key=feature_balance_policy1,defaultValue=0
info|2026-02-06 15:24:16.420237|fisco-bcos-0x0000765ef1f2aa00|[TOOL]fetchSystemConfig failed, use default value,code=3008,msg=Entry: feature_paillier_add_raw does not exists!,key=feature_paillier_add_raw,defaultValue=0
info|2026-02-06 15:24:16.420541|fisco-bcos-0x0000765ef1f2aa00|[TOOL]fetchSystemConfig failed, use default value,code=3008,msg=Entry: feature_evm_cancun does not exists!,key=feature_evm_cancun,defaultValue=0
info|2026-02-06 15:24:16.420798|fisco-bcos-0x0000765ef1f2aa00|[TOOL]fetchConsensusNodeList success,size=4
info|2026-02-06 15:24:16.420894|fisco-bcos-0x0000765ef1f2aa00|[TOOL]fetchObserverNodeList success,size=0
info|2026-02-06 15:24:16.421310|fisco-bcos-0x0000765ef1f2aa00|[TOOL]fetchCandidateSealerList success,size=0
info|2026-02-06 15:24:16.421575|fisco-bcos-0x0000765ef1f2aa00|[TOOL]fetchBlockTxCountLimit success,value=1000
info|2026-02-06 15:24:16.421635|fisco-bcos-0x0000765ef1f2aa00|[TOOL]fetchGenesisHash success,genesisHash=25d20f1c...
info|2026-02-06 15:24:16.421764|fisco-bcos-0x0000765ef1f2aa00|[TOOL]fetchConsensusLeaderPeriod success,value=1
info|2026-02-06 15:24:16.422039|fisco-bcos-0x0000765ef1f2aa00|[TOOL]fetchAuthCheckStatus success,value=0
info|2026-02-06 15:24:16.422254|fisco-bcos-0x0000765ef1f2aa00|[TOOL]fetchSystemConfig failed, use default value,code=3008,msg=Entry: feature_rpbft_epoch_sealer_num does not exists!,key=feature_rpbft_epoch_sealer_num,defaultValue=4
info|2026-02-06 15:24:16.422376|fisco-bcos-0x0000765ef1f2aa00|[TOOL]fetchEpochSealerNum success,value=4
info|2026-02-06 15:24:16.422568|fisco-bcos-0x0000765ef1f2aa00|[TOOL]fetchSystemConfig failed, use default value,code=3008,msg=Entry: feature_rpbft_epoch_block_num does not exists!,key=feature_rpbft_epoch_block_num,defaultValue=1000
info|2026-02-06 15:24:16.422676|fisco-bcos-0x0000765ef1f2aa00|[TOOL]fetchEpochBlockNum success,value=1000
info|2026-02-06 15:24:16.423004|fisco-bcos-0x0000765ef1f2aa00|[TOOL]fetchSystemConfig failed, use default value,code=3008,msg=Entry: feature_rpbft_notify_rotate does not exists!,key=feature_rpbft_notify_rotate,defaultValue=0
info|2026-02-06 15:24:16.423096|fisco-bcos-0x0000765ef1f2aa00|[TOOL]fetchNotifyRotateFlagInfo success,value=0
info|2026-02-06 15:24:16.423106|fisco-bcos-0x0000765ef1f2aa00|[CONSENSUS][PBFT]fetchAndUpdateLedgerConfig success,blockNumber=25,hash=4c5ef02f...,maxTxsPerBlock=1000,consensusNodeList=4
info|2026-02-06 15:24:16.423120|fisco-bcos-0x0000765ef1f2aa00|[CONSENSUS][PBFT][METRIC]resetConfig,committedIndex=25,propHash=4c5ef02f...,blockCountLimit=1000,leaderPeriod=1,consensusNodesSize=4
info|2026-02-06 15:24:16.423141|fisco-bcos-0x0000765ef1f2aa00|[CONSENSUS][PBFT]PBFTConfig: resetExpectedCheckPoint,committedIndex=25,consNum=26,committedHash=4c5ef02f...,view=0,toView=0,changeCycle=0,expectedCheckPoint=0,Idx=0,unsealedTxs=0,sealUntil=0,waitResealUntil=0,consensusTimeout=3000,nodeId=5b07d12d...,expectedCheckPoint=0
info|2026-02-06 15:24:16.423175|fisco-bcos-0x0000765ef1f2aa00|[CONSENSUS][Core][METRIC]updateConsensusNodeList,nodeNum=4,nodeIndex=3,committedIndex=25,0d6a7f52...=1,21a47ace...=1,2346c69c...=1,5b07d12d...=1
info|2026-02-06 15:24:16.423189|fisco-bcos-0x0000765ef1f2aa00|[CONSENSUS][PBFT]notifyResetSealing,committedIndex=25,consNum=26,committedHash=4c5ef02f...,view=0,toView=0,changeCycle=0,expectedCheckPoint=26,Idx=3,unsealedTxs=0,sealUntil=0,waitResealUntil=0,consensusTimeout=3000,nodeId=5b07d12d...
info|2026-02-06 15:24:16.423202|fisco-bcos-0x0000765ef1f2aa00|[CONSENSUS][SEALER]resetSealing,startNum=0,endNum=0,sealingNum=-1,pendingTxs=0,unsealedTxs=0
info|2026-02-06 15:24:16.423220|fisco-bcos-0x0000765ef1f2aa00|[CONSENSUS][PBFT]reNotifySealer,expectedStart=26,highWaterMark=76,leader=2,committedIndex=25,consNum=26,committedHash=4c5ef02f...,view=0,toView=0,changeCycle=0,expectedCheckPoint=26,Idx=3,unsealedTxs=0,sealUntil=0,waitResealUntil=0,consensusTimeout=3000,nodeId=5b07d12d...
info|2026-02-06 15:24:16.423233|fisco-bcos-0x0000765ef1f2aa00|[CONSENSUS][PBFT]notifyResetSealing success,committedIndex=25,consNum=26,committedHash=4c5ef02f...,view=0,toView=0,changeCycle=0,expectedCheckPoint=26,Idx=3,unsealedTxs=0,sealUntil=0,waitResealUntil=0,consensusTimeout=3000,nodeId=5b07d12d...
info|2026-02-06 15:24:16.423278|fisco-bcos-0x0000765ef1f2aa00|[CONSENSUS][PBFT][METRIC]^^^^^^^^Report,committedIndex=25,consNum=26,committedHash=4c5ef02f...,view=0,toView=0,changeCycle=0,expectedCheckPoint=26,Idx=3,unsealedTxs=0,sealUntil=0,waitResealUntil=0,consensusTimeout=3000,nodeId=5b07d12d...
info|2026-02-06 15:24:16.423301|fisco-bcos-0x0000765ef1f2aa00|[CONSENSUS][PBFT]updateValidatorConfig,consensusNodeListUpdated=true,observerNodeListUpdated=false,consensusNodeSize=4,observerNodeSize=0
info|2026-02-06 15:24:16.423315|fisco-bcos-0x0000765ef1f2aa00|[CONSENSUS][SEALER]asyncNoteLatestBlockNumber,number=25
info|2026-02-06 15:24:16.423668|fisco-bcos-0x0000765ef1f2aa00|[CONSENSUS][SEALER]asyncNoteLatestBlockHash,_hash=4c5ef02f...
info|2026-02-06 15:24:16.423711|fisco-bcos-0x0000765ef1f2aa00|[CONSENSUS][PBFT]init PBFT success
info|2026-02-06 15:24:16.424020|fisco-bcos-0x0000765ef1f2aa00|[FRONTSERVICE]registerModuleMessageDispatcher for the consensus module success
info|2026-02-06 15:24:16.424080|fisco-bcos-0x0000765ef1f2aa00|[FRONTSERVICE]registerModuleMessageDispatcher for the txsSync module success
info|2026-02-06 15:24:16.424088|fisco-bcos-0x0000765ef1f2aa00|[FRONTSERVICE]registerModuleMessageDispatcher for the BlockSync module success
info|2026-02-06 15:24:16.424095|fisco-bcos-0x0000765ef1f2aa00|[FRONTSERVICE]registerGroupNodeInfoNotification success
info|2026-02-06 15:24:16.425740|fisco-bcos-0x0000765ef1f2aa00|[RPC][initConfig]rpc work in disable ssl model,listenIP=0.0.0.0,listenPort=20203,threadCount=4,asServer=true
info|2026-02-06 15:24:16.425817|fisco-bcos-0x0000765ef1f2aa00|[DEFAULT][WS][SERVICE],[NEWOBJ][WsService]=0x765ef14e5710
info|2026-02-06 15:24:16.425953|fisco-bcos-0x0000765ef1f2aa00|[DEFAULT][WS][INITIALIZER][initWsService]start websocket service as server
info|2026-02-06 15:24:16.426045|fisco-bcos-0x0000765ef1f2aa00|[DEFAULT][HTTP][SERVER][buildHttpServer],listenIP=0.0.0.0,listenPort=20203
info|2026-02-06 15:24:16.426059|fisco-bcos-0x0000765ef1f2aa00|[DEFAULT][WS][INITIALIZER][initWsService]initializer for websocket service,listenIP=0.0.0.0,listenPort=20203,disableSsl=true,server=true,client=false,maxMsgSize=33554432,msgTimeOut=-1,connected peers=0
info|2026-02-06 15:24:16.426696|fisco-bcos-0x0000765ef1f2aa00|[RPC][JSONRPC][initMethod],method=getLogs
info|2026-02-06 15:24:16.426766|fisco-bcos-0x0000765ef1f2aa00|[RPC][JSONRPC][initMethod],method=getSystemConfigByKey
info|2026-02-06 15:24:16.426775|fisco-bcos-0x0000765ef1f2aa00|[RPC][JSONRPC][initMethod],method=getPeers
info|2026-02-06 15:24:16.426779|fisco-bcos-0x0000765ef1f2aa00|[RPC][JSONRPC][initMethod],method=getNodeListByType
info|2026-02-06 15:24:16.426783|fisco-bcos-0x0000765ef1f2aa00|[RPC][JSONRPC][initMethod],method=getObserverList
info|2026-02-06 15:24:16.426788|fisco-bcos-0x0000765ef1f2aa00|[RPC][JSONRPC][initMethod],method=getBlockHashByNumber
info|2026-02-06 15:24:16.426792|fisco-bcos-0x0000765ef1f2aa00|[RPC][JSONRPC][initMethod],method=getBlockNumber
info|2026-02-06 15:24:16.426795|fisco-bcos-0x0000765ef1f2aa00|[RPC][JSONRPC][initMethod],method=getSealerList
info|2026-02-06 15:24:16.426799|fisco-bcos-0x0000765ef1f2aa00|[RPC][JSONRPC][initMethod],method=getTransactionReceipt
info|2026-02-06 15:24:16.426807|fisco-bcos-0x0000765ef1f2aa00|[RPC][JSONRPC][initMethod],method=sendTransaction
info|2026-02-06 15:24:16.426820|fisco-bcos-0x0000765ef1f2aa00|[RPC][JSONRPC][initMethod],method=call
info|2026-02-06 15:24:16.426824|fisco-bcos-0x0000765ef1f2aa00|[RPC][JSONRPC][initMethod],method=getABI
info|2026-02-06 15:24:16.426831|fisco-bcos-0x0000765ef1f2aa00|[RPC][JSONRPC][initMethod],method=newBlockFilter
info|2026-02-06 15:24:16.426836|fisco-bcos-0x0000765ef1f2aa00|[RPC][JSONRPC][initMethod],method=getCode
info|2026-02-06 15:24:16.426842|fisco-bcos-0x0000765ef1f2aa00|[RPC][JSONRPC][initMethod],method=uninstallFilter
info|2026-02-06 15:24:16.426847|fisco-bcos-0x0000765ef1f2aa00|[RPC][JSONRPC][initMethod],method=getPendingTxSize
info|2026-02-06 15:24:16.426851|fisco-bcos-0x0000765ef1f2aa00|[RPC][JSONRPC][initMethod],method=getSyncStatus
info|2026-02-06 15:24:16.426855|fisco-bcos-0x0000765ef1f2aa00|[RPC][JSONRPC][initMethod],method=getTransaction
info|2026-02-06 15:24:16.426860|fisco-bcos-0x0000765ef1f2aa00|[RPC][JSONRPC][initMethod],method=getConsensusStatus
info|2026-02-06 15:24:16.426863|fisco-bcos-0x0000765ef1f2aa00|[RPC][JSONRPC][initMethod],method=getGroupPeers
info|2026-02-06 15:24:16.427285|fisco-bcos-0x0000765ef1f2aa00|[RPC][JSONRPC][initMethod],method=newFilter
info|2026-02-06 15:24:16.427292|fisco-bcos-0x0000765ef1f2aa00|[RPC][JSONRPC][initMethod],method=getGroupList
info|2026-02-06 15:24:16.427296|fisco-bcos-0x0000765ef1f2aa00|[RPC][JSONRPC][initMethod],method=getBlockByHash
info|2026-02-06 15:24:16.427300|fisco-bcos-0x0000765ef1f2aa00|[RPC][JSONRPC][initMethod],method=getPbftView
info|2026-02-06 15:24:16.427306|fisco-bcos-0x0000765ef1f2aa00|[RPC][JSONRPC][initMethod],method=newPendingTransactionFilter
info|2026-02-06 15:24:16.427352|fisco-bcos-0x0000765ef1f2aa00|[RPC][JSONRPC][initMethod],method=getFilterLogs
info|2026-02-06 15:24:16.427357|fisco-bcos-0x0000765ef1f2aa00|[RPC][JSONRPC][initMethod],method=getFilterChanges
info|2026-02-06 15:24:16.427361|fisco-bcos-0x0000765ef1f2aa00|[RPC][JSONRPC][initMethod],method=getGroupInfoList
info|2026-02-06 15:24:16.427365|fisco-bcos-0x0000765ef1f2aa00|[RPC][JSONRPC][initMethod],method=getBlockByNumber
info|2026-02-06 15:24:16.427369|fisco-bcos-0x0000765ef1f2aa00|[RPC][JSONRPC][initMethod],method=getTotalTransactionCount
info|2026-02-06 15:24:16.427374|fisco-bcos-0x0000765ef1f2aa00|[RPC][JSONRPC][initMethod],method=getGroupInfo
info|2026-02-06 15:24:16.427378|fisco-bcos-0x0000765ef1f2aa00|[RPC][JSONRPC][initMethod],method=getGroupNodeInfo
info|2026-02-06 15:24:16.427382|fisco-bcos-0x0000765ef1f2aa00|[RPC][JSONRPC][initMethod],size=32
info|2026-02-06 15:24:16.427406|fisco-bcos-0x0000765ef1f2aa00|[RPC]create event sub obj
info|2026-02-06 15:24:16.427419|fisco-bcos-0x0000765ef1f2aa00|[RPC][initWeb3RpcServiceConfig],listenIP=0.0.0.0,listenPort=8545,threadCount=8,asServer=true
info|2026-02-06 15:24:16.427432|fisco-bcos-0x0000765ef1f2aa00|[DEFAULT][WS][SERVICE],[NEWOBJ][WsService]=0x765ef14e5e10
info|2026-02-06 15:24:16.427536|fisco-bcos-0x0000765ef1f2aa00|[DEFAULT][WS][INITIALIZER][initWsService]start websocket service as server
info|2026-02-06 15:24:16.427582|fisco-bcos-0x0000765ef1f2aa00|[DEFAULT][HTTP][SERVER][buildHttpServer],listenIP=0.0.0.0,listenPort=8545
info|2026-02-06 15:24:16.427595|fisco-bcos-0x0000765ef1f2aa00|[DEFAULT][WS][INITIALIZER][initWsService]initializer for websocket service,listenIP=0.0.0.0,listenPort=8545,disableSsl=true,server=true,client=false,maxMsgSize=33554432,msgTimeOut=-1,connected peers=0
info|2026-02-06 15:24:16.428183|fisco-bcos-0x0000765ef1f2aa00|[RPC][WEB3][initHandler],method=net_listening
info|2026-02-06 15:24:16.428262|fisco-bcos-0x0000765ef1f2aa00|[RPC][WEB3][initHandler],method=eth_uninstallFilter
info|2026-02-06 15:24:16.428272|fisco-bcos-0x0000765ef1f2aa00|[RPC][WEB3][initHandler],method=eth_newPendingTransactionFilter
info|2026-02-06 15:24:16.428276|fisco-bcos-0x0000765ef1f2aa00|[RPC][WEB3][initHandler],method=eth_newBlockFilter
info|2026-02-06 15:24:16.428280|fisco-bcos-0x0000765ef1f2aa00|[RPC][WEB3][initHandler],method=eth_newFilter
info|2026-02-06 15:24:16.428284|fisco-bcos-0x0000765ef1f2aa00|[RPC][WEB3][initHandler],method=eth_getUncleByBlockNumberAndIndex
info|2026-02-06 15:24:16.428289|fisco-bcos-0x0000765ef1f2aa00|[RPC][WEB3][initHandler],method=web3_clientVersion
info|2026-02-06 15:24:16.428293|fisco-bcos-0x0000765ef1f2aa00|[RPC][WEB3][initHandler],method=eth_getBlockTransactionCountByHash
info|2026-02-06 15:24:16.428296|fisco-bcos-0x0000765ef1f2aa00|[RPC][WEB3][initHandler],method=eth_getTransactionByBlockHashAndIndex
info|2026-02-06 15:24:16.428301|fisco-bcos-0x0000765ef1f2aa00|[RPC][WEB3][initHandler],method=eth_getFilterLogs
info|2026-02-06 15:24:16.428312|fisco-bcos-0x0000765ef1f2aa00|[RPC][WEB3][initHandler],method=eth_accounts
info|2026-02-06 15:24:16.428319|fisco-bcos-0x0000765ef1f2aa00|[RPC][WEB3][initHandler],method=eth_chainId
info|2026-02-06 15:24:16.428322|fisco-bcos-0x0000765ef1f2aa00|[RPC][WEB3][initHandler],method=eth_getLogs
info|2026-02-06 15:24:16.428326|fisco-bcos-0x0000765ef1f2aa00|[RPC][WEB3][initHandler],method=eth_getBlockByHash
info|2026-02-06 15:24:16.428330|fisco-bcos-0x0000765ef1f2aa00|[RPC][WEB3][initHandler],method=eth_gasPrice
info|2026-02-06 15:24:16.428366|fisco-bcos-0x0000765ef1f2aa00|[RPC][WEB3][initHandler],method=net_peerCount
info|2026-02-06 15:24:16.428375|fisco-bcos-0x0000765ef1f2aa00|[RPC][WEB3][initHandler],method=eth_coinbase
info|2026-02-06 15:24:16.428386|fisco-bcos-0x0000765ef1f2aa00|[RPC][WEB3][initHandler],method=eth_hashrate
info|2026-02-06 15:24:16.428398|fisco-bcos-0x0000765ef1f2aa00|[RPC][WEB3][initHandler],method=eth_getTransactionCount
info|2026-02-06 15:24:16.428402|fisco-bcos-0x0000765ef1f2aa00|[RPC][WEB3][initHandler],method=web3_sha3
info|2026-02-06 15:24:16.428406|fisco-bcos-0x0000765ef1f2aa00|[RPC][WEB3][initHandler],method=eth_getStorageAt
info|2026-02-06 15:24:16.428448|fisco-bcos-0x0000765ef1f2aa00|[RPC][WEB3][initHandler],method=eth_sign
info|2026-02-06 15:24:16.428455|fisco-bcos-0x0000765ef1f2aa00|[RPC][WEB3][initHandler],method=eth_getTransactionReceipt
info|2026-02-06 15:24:16.428690|fisco-bcos-0x0000765ef1f2aa00|[RPC][WEB3][initHandler],method=eth_mining
info|2026-02-06 15:24:16.428699|fisco-bcos-0x0000765ef1f2aa00|[RPC][WEB3][initHandler],method=eth_estimateGas
info|2026-02-06 15:24:16.428726|fisco-bcos-0x0000765ef1f2aa00|[RPC][WEB3][initHandler],method=eth_syncing
info|2026-02-06 15:24:16.428737|fisco-bcos-0x0000765ef1f2aa00|[RPC][WEB3][initHandler],method=net_version
info|2026-02-06 15:24:16.428746|fisco-bcos-0x0000765ef1f2aa00|[RPC][WEB3][initHandler],method=eth_sendTransaction
info|2026-02-06 15:24:16.428753|fisco-bcos-0x0000765ef1f2aa00|[RPC][WEB3][initHandler],method=eth_signTransaction
info|2026-02-06 15:24:16.428757|fisco-bcos-0x0000765ef1f2aa00|[RPC][WEB3][initHandler],method=eth_protocolVersion
info|2026-02-06 15:24:16.428762|fisco-bcos-0x0000765ef1f2aa00|[RPC][WEB3][initHandler],method=eth_getBlockTransactionCountByNumber
info|2026-02-06 15:24:16.428774|fisco-bcos-0x0000765ef1f2aa00|[RPC][WEB3][initHandler],method=eth_getUncleCountByBlockHash
info|2026-02-06 15:24:16.428781|fisco-bcos-0x0000765ef1f2aa00|[RPC][WEB3][initHandler],method=eth_getUncleCountByBlockNumber
info|2026-02-06 15:24:16.428786|fisco-bcos-0x0000765ef1f2aa00|[RPC][WEB3][initHandler],method=eth_getCode
info|2026-02-06 15:24:16.428791|fisco-bcos-0x0000765ef1f2aa00|[RPC][WEB3][initHandler],method=eth_getBlockByNumber
info|2026-02-06 15:24:16.428859|fisco-bcos-0x0000765ef1f2aa00|[RPC][WEB3][initHandler],method=eth_getFilterChanges
info|2026-02-06 15:24:16.428869|fisco-bcos-0x0000765ef1f2aa00|[RPC][WEB3][initHandler],method=eth_sendRawTransaction
info|2026-02-06 15:24:16.428874|fisco-bcos-0x0000765ef1f2aa00|[RPC][WEB3][initHandler],method=eth_blockNumber
info|2026-02-06 15:24:16.428879|fisco-bcos-0x0000765ef1f2aa00|[RPC][WEB3][initHandler],method=eth_call
info|2026-02-06 15:24:16.428883|fisco-bcos-0x0000765ef1f2aa00|[RPC][WEB3][initHandler],method=eth_getBalance
info|2026-02-06 15:24:16.428888|fisco-bcos-0x0000765ef1f2aa00|[RPC][WEB3][initHandler],method=eth_getTransactionByHash
info|2026-02-06 15:24:16.428893|fisco-bcos-0x0000765ef1f2aa00|[RPC][WEB3][initHandler],method=eth_getUncleByBlockHashAndIndex
info|2026-02-06 15:24:16.428897|fisco-bcos-0x0000765ef1f2aa00|[RPC][WEB3][initHandler],method=eth_getTransactionByBlockNumberAndIndex
info|2026-02-06 15:24:16.428902|fisco-bcos-0x0000765ef1f2aa00|[RPC][WEB3][initHandler],size=43
info|2026-02-06 15:24:16.428929|fisco-bcos-0x0000765ef1f2aa00|[GROUP]initNodeInfo,group=group0,nodeName=localNode
info|2026-02-06 15:24:16.429043|fisco-bcos-0x0000765ef1f2aa00|[GROUP]initNodeInfo success,group=group0,nodeName=localNode,number=25
info|2026-02-06 15:24:16.429115|fisco-bcos-0x0000765ef1f2aa00|[INITIALIZER][METRIC],binaryVersion=3.11.0,buildTime=20240827 04:30:34,buildType=Release,platform=Linux/g++,gitBranch=HEAD,commitHash=3fea676716990b2ed453b4f079915daafff451f9
info|2026-02-06 15:24:16.429233|fisco-bcos-0x0000765ef1f2aa00|[INITIALIZER]Start the txpool
info|2026-02-06 15:24:16.429312|fisco-bcos-0x0000765ef1f2aa00|[TXPOOL]Start the txpool.
info|2026-02-06 15:24:16.429322|fisco-bcos-0x0000765ef1f2aa00|[BLOCK SYNC]enableAsMaster:true
info|2026-02-06 15:24:16.429339|fisco-bcos-0x0000765ef1f2aa00|[Gateway][Router]insertNode,groupID=group0,minVersion=0,maxVersion=2,nodeID=5b07d12d1512a66493c8fd3456d8c505e6ce05f20061613a4c48a1fa3755bbf9cc2d2f1878c4a6733389f03deb0a3fc0c672e2f4910fde9802d6675929cb3dc5,nodeType=CONSENSUS_NODE
info|2026-02-06 15:24:16.429351|fisco-bcos-0x0000765ef1f2aa00|[INITIALIZER]registerNode,group=group0,node=5b07d12d1512a66493c8fd3456d8c505e6ce05f20061613a4c48a1fa3755bbf9cc2d2f1878c4a6733389f03deb0a3fc0c672e2f4910fde9802d6675929cb3dc5,type=CONSENSUS_NODE
info|2026-02-06 15:24:16.429362|fisco-bcos-0x0000765ef1f2aa00|[BLOCK SYNC]start fetch the ledger config for block sync module
info|2026-02-06 15:24:16.429399|fisco-bcos-0x0000765ef1f2aa00|[TOOL]LedgerConfigFetcher: fetchBlockNumber success,blockNumber=25
info|2026-02-06 15:24:16.429430|fisco-bcos-0x0000765ef1f2aa00|[TOOL]LedgerConfigFetcher: fetchBlockHash success,blockNumber=25,hash=4c5ef02f...
info|2026-02-06 15:24:16.429482|fisco-bcos-0x0000765ef1f2aa00|[TOOL]fetchCompatibilityVersion
info|2026-02-06 15:24:16.429567|fisco-bcos-0x0000765ef1f2aa00|[TOOL]fetchCompatibilityVersion success,version=3.11.0,versionNumber=51052544,minSupportedVersion=3.0.0-rc4,maxSupportedVersion=3.11.0
info|2026-02-06 15:24:16.430152|fisco-bcos-0x0000765ef1f2aa00|[TOOL]fetchSystemConfig failed, use default value,code=3008,msg=Entry: feature_dmc2serial does not exists!,key=feature_dmc2serial,defaultValue=0
info|2026-02-06 15:24:16.430246|fisco-bcos-0x0000765ef1f2aa00|[TOOL]fetchSystemConfig failed, use default value,code=3008,msg=Entry: feature_sharding does not exists!,key=feature_sharding,defaultValue=0
info|2026-02-06 15:24:16.430343|fisco-bcos-0x0000765ef1f2aa00|[TOOL]fetchSystemConfig failed, use default value,code=3008,msg=Entry: feature_rpbft does not exists!,key=feature_rpbft,defaultValue=0
info|2026-02-06 15:24:16.430474|fisco-bcos-0x0000765ef1f2aa00|[TOOL]fetchSystemConfig failed, use default value,code=3008,msg=Entry: feature_paillier does not exists!,key=feature_paillier,defaultValue=0
info|2026-02-06 15:24:16.430515|fisco-bcos-0x0000765ef1f2aa00|[TOOL]fetchSystemConfig failed, use default value,code=3008,msg=Entry: feature_balance does not exists!,key=feature_balance,defaultValue=0
info|2026-02-06 15:24:16.430547|fisco-bcos-0x0000765ef1f2aa00|[TOOL]fetchSystemConfig failed, use default value,code=3008,msg=Entry: feature_balance_precompiled does not exists!,key=feature_balance_precompiled,defaultValue=0
info|2026-02-06 15:24:16.430639|fisco-bcos-0x0000765ef1f2aa00|[TOOL]fetchSystemConfig failed, use default value,code=3008,msg=Entry: feature_balance_policy1 does not exists!,key=feature_balance_policy1,defaultValue=0
info|2026-02-06 15:24:16.430732|fisco-bcos-0x0000765ef1f2aa00|[TOOL]fetchSystemConfig failed, use default value,code=3008,msg=Entry: feature_paillier_add_raw does not exists!,key=feature_paillier_add_raw,defaultValue=0
info|2026-02-06 15:24:16.430767|fisco-bcos-0x0000765ef1f2aa00|[TOOL]fetchSystemConfig failed, use default value,code=3008,msg=Entry: feature_evm_cancun does not exists!,key=feature_evm_cancun,defaultValue=0
info|2026-02-06 15:24:16.430881|fisco-bcos-0x0000765ef1f2aa00|[TOOL]fetchConsensusNodeList success,size=4
info|2026-02-06 15:24:16.430980|fisco-bcos-0x0000765ef1f2aa00|[TOOL]fetchObserverNodeList success,size=0
info|2026-02-06 15:24:16.431014|fisco-bcos-0x0000765ef1f2aa00|[TOOL]fetchCandidateSealerList success,size=0
info|2026-02-06 15:24:16.431038|fisco-bcos-0x0000765ef1f2aa00|[TOOL]fetchGenesisHash success,genesisHash=25d20f1c...
info|2026-02-06 15:24:16.431045|fisco-bcos-0x0000765ef1f2aa00|[BLOCK SYNC]fetch the ledger config for block sync module success,number=25,latestHash=4c5ef02f...,genesisHash=25d20f1c7ba5c73a1e512bbabf583992a464d04d9c35a44e10d8c6c8f07c9983
info|2026-02-06 15:24:16.431058|fisco-bcos-0x0000765ef1f2aa00|[BLOCK SYNC]init block sync success
info|2026-02-06 15:24:16.431070|fisco-bcos-0x0000765ef1f2aa00|[CONSENSUS][PBFT]enableAsMasterNode: clearAllCache for the node switch into backup node
info|2026-02-06 15:24:16.431077|fisco-bcos-0x0000765ef1f2aa00|[CONSENSUS][PBFT]enableAsMasterNode: true
info|2026-02-06 15:24:16.431090|fisco-bcos-0x0000765ef1f2aa00|[INITIALIZER]Election versionInfoNotification success,version=51052544
info|2026-02-06 15:24:16.431096|fisco-bcos-0x0000765ef1f2aa00|[CONSENSUS][PBFT]enableAsMasterNode: init and start the consensus module
info|2026-02-06 15:24:16.431105|fisco-bcos-0x0000765ef1f2aa00|[CONSENSUS][PBFT]asyncResetTxPool when startup
info|2026-02-06 15:24:16.431484|fisco-bcos-0x0000765ef1f2aa00|[TXPOOL]asyncResetTxPool,txsSize=0
info|2026-02-06 15:24:16.431563|fisco-bcos-0x0000765ef1f2aa00|[CONSENSUS][PBFT]fetchAndUpdateLedgerConfig
info|2026-02-06 15:24:16.431632|fisco-bcos-0x0000765ef1f2aa00|[TOOL]LedgerConfigFetcher: fetchBlockNumber success,blockNumber=25
info|2026-02-06 15:24:16.432292|fisco-bcos-0x0000765ef1f2aa00|[TOOL]LedgerConfigFetcher: fetchBlockHash success,blockNumber=25,hash=4c5ef02f...
info|2026-02-06 15:24:16.432363|fisco-bcos-0x0000765ef1f2aa00|[TOOL]fetchCompatibilityVersion
info|2026-02-06 15:24:16.432450|fisco-bcos-0x0000765ef1f2aa00|[TOOL]fetchCompatibilityVersion success,version=3.11.0,versionNumber=51052544,minSupportedVersion=3.0.0-rc4,maxSupportedVersion=3.11.0
info|2026-02-06 15:24:16.433025|fisco-bcos-0x0000765ef1f2aa00|[TOOL]fetchSystemConfig failed, use default value,code=3008,msg=Entry: feature_dmc2serial does not exists!,key=feature_dmc2serial,defaultValue=0
info|2026-02-06 15:24:16.433145|fisco-bcos-0x0000765ef1f2aa00|[TOOL]fetchSystemConfig failed, use default value,code=3008,msg=Entry: feature_sharding does not exists!,key=feature_sharding,defaultValue=0
info|2026-02-06 15:24:16.433180|fisco-bcos-0x0000765ef1f2aa00|[TOOL]fetchSystemConfig failed, use default value,code=3008,msg=Entry: feature_rpbft does not exists!,key=feature_rpbft,defaultValue=0
info|2026-02-06 15:24:16.433961|fisco-bcos-0x0000765ef1f2aa00|[TOOL]fetchSystemConfig failed, use default value,code=3008,msg=Entry: feature_paillier does not exists!,key=feature_paillier,defaultValue=0
info|2026-02-06 15:24:16.434302|fisco-bcos-0x0000765ef1f2aa00|[TOOL]fetchSystemConfig failed, use default value,code=3008,msg=Entry: feature_balance does not exists!,key=feature_balance,defaultValue=0
info|2026-02-06 15:24:16.434933|fisco-bcos-0x0000765ef1f2aa00|[TOOL]fetchSystemConfig failed, use default value,code=3008,msg=Entry: feature_balance_precompiled does not exists!,key=feature_balance_precompiled,defaultValue=0
info|2026-02-06 15:24:16.435138|fisco-bcos-0x0000765ef1f2aa00|[TOOL]fetchSystemConfig failed, use default value,code=3008,msg=Entry: feature_balance_policy1 does not exists!,key=feature_balance_policy1,defaultValue=0
info|2026-02-06 15:24:16.435215|fisco-bcos-0x0000765ef1f2aa00|[TOOL]fetchSystemConfig failed, use default value,code=3008,msg=Entry: feature_paillier_add_raw does not exists!,key=feature_paillier_add_raw,defaultValue=0
info|2026-02-06 15:24:16.435283|fisco-bcos-0x0000765ef1f2aa00|[TOOL]fetchSystemConfig failed, use default value,code=3008,msg=Entry: feature_evm_cancun does not exists!,key=feature_evm_cancun,defaultValue=0
info|2026-02-06 15:24:16.435384|fisco-bcos-0x0000765ef1f2aa00|[TOOL]fetchConsensusNodeList success,size=4
info|2026-02-06 15:24:16.435649|fisco-bcos-0x0000765ef1f2aa00|[TOOL]fetchObserverNodeList success,size=0
info|2026-02-06 15:24:16.435747|fisco-bcos-0x0000765ef1f2aa00|[TOOL]fetchCandidateSealerList success,size=0
info|2026-02-06 15:24:16.435941|fisco-bcos-0x0000765ef1f2aa00|[TOOL]fetchBlockTxCountLimit success,value=1000
info|2026-02-06 15:24:16.436105|fisco-bcos-0x0000765ef1f2aa00|[TOOL]fetchGenesisHash success,genesisHash=25d20f1c...
info|2026-02-06 15:24:16.436449|fisco-bcos-0x0000765ef1f2aa00|[TOOL]fetchConsensusLeaderPeriod success,value=1
info|2026-02-06 15:24:16.436549|fisco-bcos-0x0000765ef1f2aa00|[TOOL]fetchAuthCheckStatus success,value=0
info|2026-02-06 15:24:16.436593|fisco-bcos-0x0000765ef1f2aa00|[TOOL]fetchSystemConfig failed, use default value,code=3008,msg=Entry: feature_rpbft_epoch_sealer_num does not exists!,key=feature_rpbft_epoch_sealer_num,defaultValue=4
info|2026-02-06 15:24:16.436615|fisco-bcos-0x0000765ef1f2aa00|[TOOL]fetchEpochSealerNum success,value=4
info|2026-02-06 15:24:16.436643|fisco-bcos-0x0000765ef1f2aa00|[TOOL]fetchSystemConfig failed, use default value,code=3008,msg=Entry: feature_rpbft_epoch_block_num does not exists!,key=feature_rpbft_epoch_block_num,defaultValue=1000
info|2026-02-06 15:24:16.436836|fisco-bcos-0x0000765ef1f2aa00|[TOOL]fetchEpochBlockNum success,value=1000
info|2026-02-06 15:24:16.437076|fisco-bcos-0x0000765ef1f2aa00|[TOOL]fetchSystemConfig failed, use default value,code=3008,msg=Entry: feature_rpbft_notify_rotate does not exists!,key=feature_rpbft_notify_rotate,defaultValue=0
info|2026-02-06 15:24:16.437095|fisco-bcos-0x0000765ef1f2aa00|[TOOL]fetchNotifyRotateFlagInfo success,value=0
info|2026-02-06 15:24:16.437106|fisco-bcos-0x0000765ef1f2aa00|[CONSENSUS][PBFT]fetchAndUpdateLedgerConfig success,blockNumber=25,hash=4c5ef02f...,maxTxsPerBlock=1000,consensusNodeList=4
info|2026-02-06 15:24:16.437119|fisco-bcos-0x0000765ef1f2aa00|[CONSENSUS][PBFT]init PBFT success
info|2026-02-06 15:24:16.437124|fisco-bcos-0x0000765ef1f2aa00|[CONSENSUS][PBFT]fetch PBFT state
info|2026-02-06 15:24:16.437194|fisco-bcos-0x0000765ef1f2aa00|[CONSENSUS][PBFT][STORAGE]asyncGetLatestCommittedProposalIndex,latestCommittedProposalIndex=25
info|2026-02-06 15:24:16.437203|fisco-bcos-0x0000765ef1f2aa00|[CONSENSUS][PBFT][STORAGE]no need to fetch committed proposal,maxCommittedProposal=25,stableCheckPoint=25
info|2026-02-06 15:24:16.437223|fisco-bcos-0x0000765ef1f2aa00|[CONSENSUS][PBFT]restart the consensus module
info|2026-02-06 15:24:16.437238|fisco-bcos-0x0000765ef1f2aa00|[INITIALIZER]Election versionInfoNotification success,version=51052544
info|2026-02-06 15:24:16.437309|fisco-bcos-0x0000765ef1f2aa00|[CONSENSUS][PBFT]notify the committed proposal index to the sync module success,index=25
info|2026-02-06 15:24:16.437479|fisco-bcos-0x0000765ef1f2aa00|[CONSENSUS][PBFT]broadcastViewChangeReq,reqHash=4c5ef02f...,reqIndex=25,reqV=1,fromIdx=3,wait(ms)=0,packetSize=160
info|2026-02-06 15:24:16.437507|fisco-bcos-0x0000765ef1f2aa00|[CONSENSUS][PBFT]addViewChangeReq,reqHash=4c5ef02f...,reqIndex=25,reqV=1,fromIdx=3,wait(ms)=0,weight=1,maxCommittedIndex=25,maxPrecommitIndex=0 preparedProposalInfo: ,committedIndex=25,consNum=26,committedHash=4c5ef02f...,view=0,toView=1,changeCycle=0,expectedCheckPoint=26,Idx=3,unsealedTxs=0,sealUntil=0,waitResealUntil=0,consensusTimeout=3000,nodeId=5b07d12d...
info|2026-02-06 15:24:16.437535|fisco-bcos-0x0000765ef1f2aa00|[CONSENSUS][SEALER]start the sealer
info|2026-02-06 15:24:16.438749|fisco-bcos-0x0000765ef1f2aa00|[BLOCK SYNC]Start BlockSync
info|2026-02-06 15:24:16.438848|fisco-bcos-0x0000765ef1f2aa00|[CONSENSUS][Core]Start the consensusEngine
info|2026-02-06 15:24:16.439462|fisco-bcos-0x0000765ef1f2aa00|[CONSENSUS][PBFT]notify the committed proposal index to the sync module success,index=25
info|2026-02-06 15:24:16.439611|fisco-bcos-0x0000765ef1f2aa00|[CONSENSUS][PBFT]broadcastViewChangeReq,reqHash=4c5ef02f...,reqIndex=25,reqV=2,fromIdx=3,wait(ms)=0,packetSize=160
info|2026-02-06 15:24:16.439640|fisco-bcos-0x0000765ef1f2aa00|[CONSENSUS][PBFT]addViewChangeReq,reqHash=4c5ef02f...,reqIndex=25,reqV=2,fromIdx=3,wait(ms)=0,weight=1,maxCommittedIndex=25,maxPrecommitIndex=0 preparedProposalInfo: ,committedIndex=25,consNum=26,committedHash=4c5ef02f...,view=0,toView=2,changeCycle=0,expectedCheckPoint=26,Idx=3,unsealedTxs=0,sealUntil=0,waitResealUntil=0,consensusTimeout=3000,nodeId=5b07d12d...
info|2026-02-06 15:24:16.439662|fisco-bcos-0x0000765ef1f2aa00|[CONSENSUS][PBFT]Start the PBFT module.
info|2026-02-06 15:24:16.439669|fisco-bcos-0x0000765ef1f2aa00|[FRONTSERVICE]Start the front service
info|2026-02-06 15:24:16.439678|fisco-bcos-0x0000765ef1f2aa00|[FrontService][start]asyncGetGroupNodeInfo callback,node size=1
info|2026-02-06 15:24:16.439685|fisco-bcos-0x0000765ef1f2aa00|[FrontService]protocolNegotiate success,nodeID=5b07d12d1512a66493c8fd3456d8c505e6ce05f20061613a4c48a1fa3755bbf9cc2d2f1878c4a6733389f03deb0a3fc0c672e2f4910fde9802d6675929cb3dc5,groupID=group0,minVersion=0,maxVersion=2,supportedMinVersion=0,supportedMaxVersion=2,version=2
info|2026-02-06 15:24:16.439697|fisco-bcos-0x0000765ef1f2aa00|[FrontService]onReceiveGroupNodeInfo,groupID=group0,nodeIDs.size()=1
info|2026-02-06 15:24:16.440318|fisco-bcos-0x0000765ef1f2aa00|[FrontService]start,nodeID=5b07d12d1512a66493c8fd3456d8c505e6ce05f20061613a4c48a1fa3755bbf9cc2d2f1878c4a6733389f03deb0a3fc0c672e2f4910fde9802d6675929cb3dc5,groupID=group0
info|2026-02-06 15:24:16.440425|fisco-bcos-0x0000765ec57fe6c0|SyncConfig: setConnectedNodeList,size=1
info|2026-02-06 15:24:16.440554|fisco-bcos-0x0000765ef1f2aa00|[FrontService]register module,count=13
info|2026-02-06 15:24:16.440570|fisco-bcos-0x0000765ec57fe6c0|SyncConfig: setConnectedNodeList,size=1
info|2026-02-06 15:24:16.440579|fisco-bcos-0x0000765ef1f2aa00|[FrontService]register module,moduleID=4005
info|2026-02-06 15:24:16.440583|fisco-bcos-0x0000765ec57fe6c0|[FRONTSERVICE]notifyGroupNodeInfo,connectedNodeSize=1
info|2026-02-06 15:24:16.440588|fisco-bcos-0x0000765ef1f2aa00|[FrontService]register module,moduleID=4006
info|2026-02-06 15:24:16.440600|fisco-bcos-0x0000765ef1f2aa00|[FrontService]register module,moduleID=4001
info|2026-02-06 15:24:16.440603|fisco-bcos-0x0000765ef1f2aa00|[FrontService]register module,moduleID=4000
info|2026-02-06 15:24:16.440606|fisco-bcos-0x0000765ef1f2aa00|[FrontService]register module,moduleID=6000
info|2026-02-06 15:24:16.440609|fisco-bcos-0x0000765ef1f2aa00|[FrontService]register module,moduleID=5000
info|2026-02-06 15:24:16.440614|fisco-bcos-0x0000765ef1f2aa00|[FrontService]register module,moduleID=4002
info|2026-02-06 15:24:16.440618|fisco-bcos-0x0000765ef1f2aa00|[FrontService]register module,moduleID=2000
info|2026-02-06 15:24:16.440621|fisco-bcos-0x0000765ef1f2aa00|[FrontService]register module,moduleID=4004
info|2026-02-06 15:24:16.440624|fisco-bcos-0x0000765ef1f2aa00|[FrontService]register module,moduleID=2002
info|2026-02-06 15:24:16.440627|fisco-bcos-0x0000765ef1f2aa00|[FrontService]register module,moduleID=4003
info|2026-02-06 15:24:16.440630|fisco-bcos-0x0000765ef1f2aa00|[FrontService]register module,moduleID=2001
info|2026-02-06 15:24:16.440664|fisco-bcos-0x0000765ef1f2aa00|[FrontService]register module,moduleID=1000
info|2026-02-06 15:24:16.441017|fisco-bcos-0x0000765ef1f2aa00|[NETWORK][Host]P2P StartAccept,Host=0.0.0.0:30303
info|2026-02-06 15:24:16.440945|fisco-bcos-0x0000765ec5dff6c0|[TIMESYNC]updateTimeInfo: update median time offset,updatedMedianTimeOffset=0,peer=5b07d12d...,peerTime=1770362656438,peerOffset=-2,utcTime=1770362656441
info|2026-02-06 15:24:16.446711|ioService-0x0000765eb91fb6c0|[NETWORK][Host]P2P Recv Connect, From=127.0.0.1:58954
info|2026-02-06 15:24:16.446961|ioService-0x0000765eb91fb6c0|[NETWORK][Host]P2P StartAccept,Host=0.0.0.0:30303
info|2026-02-06 15:24:16.449881|fisco-bcos-0x0000765ef1f2aa00|[NETWORK][Host]Connecting to node,endpoint=127.0.0.1:30300
info|2026-02-06 15:24:16.450189|fisco-bcos-0x0000765ef1f2aa00|[NETWORK][Host]Connecting to node,endpoint=127.0.0.1:30301
info|2026-02-06 15:24:16.450306|fisco-bcos-0x0000765ef1f2aa00|[NETWORK][Host]Connecting to node,endpoint=127.0.0.1:30302
info|2026-02-06 15:24:16.450383|fisco-bcos-0x0000765ef1f2aa00|[NETWORK][Host]Connecting to node,endpoint=127.0.0.1:30303
info|2026-02-06 15:24:16.450496|fisco-bcos-0x0000765ef1f2aa00|[P2PService][Service][METRIC]heartBeat,connected count=0
info|2026-02-06 15:24:16.450555|fisco-bcos-0x0000765ef1f2aa00|[Gateway][Gateway]start end.
info|2026-02-06 15:24:16.450892|fisco-bcos-0x0000765ef1f2aa00|[EVENT][SUB][start]start event sub successfully
info|2026-02-06 15:24:16.451036|fisco-bcos-0x0000765ef1f2aa00|[startThread]start the timer thread
info|2026-02-06 15:24:16.451490|ioService-0x0000765eb99fc6c0|[ASIO][ASIO]asyncResolveConnect,endpoint=127.0.0.1:30300
info|2026-02-06 15:24:16.461343|timerFactory-0x0000765eaa3fe6c0|[startThread]the timer thread start,threadName=timerFactory
info|2026-02-06 15:24:16.461437|ioService-0x0000765eb99fc6c0|[ASIO][ASIO]asyncResolveConnect,endpoint=127.0.0.1:30301
info|2026-02-06 15:24:16.461672|ioService-0x0000765eb99fc6c0|[ASIO][ASIO]asyncResolveConnect,endpoint=127.0.0.1:30302
info|2026-02-06 15:24:16.461815|ioService-0x0000765eb99fc6c0|[ASIO][ASIO]asyncResolveConnect,endpoint=127.0.0.1:30303
info|2026-02-06 15:24:16.461863|ioService-0x0000765eb91fb6c0|[NETWORK][Host]P2P Recv Connect, From=127.0.0.1:58966
info|2026-02-06 15:24:16.461950|ioService-0x0000765eb91fb6c0|[NETWORK][Host]P2P StartAccept,Host=0.0.0.0:30303
info|2026-02-06 15:24:16.462700|ioService-0x0000765eb87fa6c0|[Gateway][Factory][NEW]SSLContext pubHex: 3082010a0282010100a9ba081864ed1c68f5b81b4fa31a3cb4c81583e0e7c5eec4d7249ecd7d2c8f901393580ca25747abc4e01775b9ff41392cf15074a577cc078f4b07f3152faa0dfe540c63b8de93fbc3afe02564592e274c9c1a76bb0cc8c4692d9404f8e0b7b5440bd66d6e70c33a6d35aca5767a88332fd7853571427789bb25413b734abc293a58791b28aece40a8f74238c2f8b0d32bbbb5f020cfd72ad86d4fb6f1904605a5f43f0f58ed4c826346ad1b71ddac3a15040d6cd21f31f9044b82e690f91329d956b39005f4ab421029ebe499a3fe7179586deded25784665d8949c4db5defd0cbbaf2f27221f3d59e7314f4374086dceea8903a6aedc17d8ca5c7ec4b03fef0203010001
info|2026-02-06 15:24:16.462819|ioService-0x0000765eb87fa6c0|[NETWORK][Host]Get ca basic failed
info|2026-02-06 15:24:16.462916|fisco-bcos-0x0000765ef1f2aa00|[DEFAULT][HTTP][SERVER][startListen],listenIP=0.0.0.0,listenPort=20203
info|2026-02-06 15:24:16.463532|fisco-bcos-0x0000765ef1f2aa00|[DEFAULT][HTTP][SERVER][startListen],ip=0.0.0.0,port=20203
info|2026-02-06 15:24:16.463726|fisco-bcos-0x0000765ef1f2aa00|[RPC][WS][SERVICE]connected nodes,count=0
info|2026-02-06 15:24:16.463834|fisco-bcos-0x0000765ef1f2aa00|[RPC][WS][SERVICE][start]start websocket service successfully,model=16,max msg size=33554432
info|2026-02-06 15:24:16.463860|fisco-bcos-0x0000765ef1f2aa00|[startThread]start the timer thread
info|2026-02-06 15:24:16.465162|timerFactory-0x0000765e95bff6c0|[startThread]the timer thread start,threadName=timerFactory
info|2026-02-06 15:24:16.465589|ioService-0x0000765eb41ff6c0|[Gateway][Factory][NEW]SSLContext pubHex: 3082010a0282010100a9ba081864ed1c68f5b81b4fa31a3cb4c81583e0e7c5eec4d7249ecd7d2c8f901393580ca25747abc4e01775b9ff41392cf15074a577cc078f4b07f3152faa0dfe540c63b8de93fbc3afe02564592e274c9c1a76bb0cc8c4692d9404f8e0b7b5440bd66d6e70c33a6d35aca5767a88332fd7853571427789bb25413b734abc293a58791b28aece40a8f74238c2f8b0d32bbbb5f020cfd72ad86d4fb6f1904605a5f43f0f58ed4c826346ad1b71ddac3a15040d6cd21f31f9044b82e690f91329d956b39005f4ab421029ebe499a3fe7179586deded25784665d8949c4db5defd0cbbaf2f27221f3d59e7314f4374086dceea8903a6aedc17d8ca5c7ec4b03fef0203010001
info|2026-02-06 15:24:16.465618|ioService-0x0000765eb41ff6c0|[NETWORK][Host]Get ca basic failed
info|2026-02-06 15:24:16.465753|ioService-0x0000765eb41ff6c0|[Gateway][Factory][NEW]SSLContext pubHex: 3082010a0282010100b85dd5fdfbc4aa99dcef8477a2e1c08c304a63432923826f81b3d0d7d13e79a6ec265462b2f59e76106f8bad7efb849227798aaf7c20a2197e9a95a8ffbbc07f5ccb44d04e995013b9afd04bb77fb7dbfa0f13bd2d404980eae43fc147332e1542ee2d2e973596187bb8ad4dc63b0165052688b1f7fc4a2a8ccb020a55db8ee7b9a45bb901b1c03d94727648a8ec10bfbc854175981345d56f4c783b0211d91f0775e508d8b379b56935777d255f59b63fadc24b43862671f5cbe0d00fcfff7138124c8293f91740a0e0732346eeee748a42f65ddb81da461fce3e76ea6ff452913b80eb5b1dba016f7d4d94f66337cc6bea7a066b8277637aef12c2eba11da10203010001
info|2026-02-06 15:24:16.465766|ioService-0x0000765eb41ff6c0|[Gateway][Factory][NEW]SSLContext pubHex: B85DD5FDFBC4AA99DCEF8477A2E1C08C304A63432923826F81B3D0D7D13E79A6EC265462B2F59E76106F8BAD7EFB849227798AAF7C20A2197E9A95A8FFBBC07F5CCB44D04E995013B9AFD04BB77FB7DBFA0F13BD2D404980EAE43FC147332E1542EE2D2E973596187BB8AD4DC63B0165052688B1F7FC4A2A8CCB020A55DB8EE7B9A45BB901B1C03D94727648A8EC10BFBC854175981345D56F4C783B0211D91F0775E508D8B379B56935777D255F59B63FADC24B43862671F5CBE0D00FCFFF7138124C8293F91740A0E0732346EEEE748A42F65DDB81DA461FCE3E76EA6FF452913B80EB5B1DBA016F7D4D94F66337CC6BEA7A066B8277637AEF12C2EBA11DA1
info|2026-02-06 15:24:16.466034|ioService-0x0000765eb6bff6c0|[Gateway][Factory][NEW]SSLContext pubHex: 3082010a0282010100a9ba081864ed1c68f5b81b4fa31a3cb4c81583e0e7c5eec4d7249ecd7d2c8f901393580ca25747abc4e01775b9ff41392cf15074a577cc078f4b07f3152faa0dfe540c63b8de93fbc3afe02564592e274c9c1a76bb0cc8c4692d9404f8e0b7b5440bd66d6e70c33a6d35aca5767a88332fd7853571427789bb25413b734abc293a58791b28aece40a8f74238c2f8b0d32bbbb5f020cfd72ad86d4fb6f1904605a5f43f0f58ed4c826346ad1b71ddac3a15040d6cd21f31f9044b82e690f91329d956b39005f4ab421029ebe499a3fe7179586deded25784665d8949c4db5defd0cbbaf2f27221f3d59e7314f4374086dceea8903a6aedc17d8ca5c7ec4b03fef0203010001
info|2026-02-06 15:24:16.466154|ioService-0x0000765eb6bff6c0|[NETWORK][Host]Get ca basic failed
info|2026-02-06 15:24:16.466138|ioService-0x0000765eb87fa6c0|[Gateway][Factory][NEW]SSLContext pubHex: 3082010a0282010100a492268b412bea3e8f972dff0dc52c521cd06884f53d90f3889c7014f7cb635c38a07b81af9630f2b04238a726b029af6b4b924e132710d2894b7175f12a5e323a7119afd27786b01965d49b9c885ff3768f40b9d57817bc1305124f40ced3b1ac99666773a3a64cce079e95acbc31d42f416aad362594008547aae561213b022db32ed9d1bd67df5c020bc44dcc073982b4566fd04048555b1ea84279063d5b1047e9f42776ef03677d2dd1454433fdb3feced3f41b92efdfeda545d56c1c9ba349584c9095f3ad9e31c2db11cbe3007ee7817f5846f87eb01c296d81b36dbbc765b4c7af74aface1276dd4fd91963729e495694b6af5c0d6111c49115a2c3f0203010001
info|2026-02-06 15:24:16.466183|ioService-0x0000765eb87fa6c0|[Gateway][Factory][NEW]SSLContext pubHex: A492268B412BEA3E8F972DFF0DC52C521CD06884F53D90F3889C7014F7CB635C38A07B81AF9630F2B04238A726B029AF6B4B924E132710D2894B7175F12A5E323A7119AFD27786B01965D49B9C885FF3768F40B9D57817BC1305124F40CED3B1AC99666773A3A64CCE079E95ACBC31D42F416AAD362594008547AAE561213B022DB32ED9D1BD67DF5C020BC44DCC073982B4566FD04048555B1EA84279063D5B1047E9F42776EF03677D2DD1454433FDB3FECED3F41B92EFDFEDA545D56C1C9BA349584C9095F3AD9E31C2DB11CBE3007EE7817F5846F87EB01C296D81B36DBBC765B4C7AF74AFACE1276DD4FD91963729E495694B6AF5C0D6111C49115A2C3F
info|2026-02-06 15:24:16.466332|ioService-0x0000765eb6bff6c0|[Gateway][Factory][NEW]SSLContext pubHex: 3082010a0282010100a492268b412bea3e8f972dff0dc52c521cd06884f53d90f3889c7014f7cb635c38a07b81af9630f2b04238a726b029af6b4b924e132710d2894b7175f12a5e323a7119afd27786b01965d49b9c885ff3768f40b9d57817bc1305124f40ced3b1ac99666773a3a64cce079e95acbc31d42f416aad362594008547aae561213b022db32ed9d1bd67df5c020bc44dcc073982b4566fd04048555b1ea84279063d5b1047e9f42776ef03677d2dd1454433fdb3feced3f41b92efdfeda545d56c1c9ba349584c9095f3ad9e31c2db11cbe3007ee7817f5846f87eb01c296d81b36dbbc765b4c7af74aface1276dd4fd91963729e495694b6af5c0d6111c49115a2c3f0203010001
info|2026-02-06 15:24:16.466354|ioService-0x0000765eb6bff6c0|[Gateway][Factory][NEW]SSLContext pubHex: A492268B412BEA3E8F972DFF0DC52C521CD06884F53D90F3889C7014F7CB635C38A07B81AF9630F2B04238A726B029AF6B4B924E132710D2894B7175F12A5E323A7119AFD27786B01965D49B9C885FF3768F40B9D57817BC1305124F40CED3B1AC99666773A3A64CCE079E95ACBC31D42F416AAD362594008547AAE561213B022DB32ED9D1BD67DF5C020BC44DCC073982B4566FD04048555B1EA84279063D5B1047E9F42776EF03677D2DD1454433FDB3FECED3F41B92EFDFEDA545D56C1C9BA349584C9095F3AD9E31C2DB11CBE3007EE7817F5846F87EB01C296D81B36DBBC765B4C7AF74AFACE1276DD4FD91963729E495694B6AF5C0D6111C49115A2C3F
info|2026-02-06 15:24:16.466576|ioService-0x0000765eb91fb6c0|[NETWORK][Host]P2P Recv Connect, From=127.0.0.1:58974
info|2026-02-06 15:24:16.466692|ioService-0x0000765eb91fb6c0|[NETWORK][Host]P2P StartAccept,Host=0.0.0.0:30303
info|2026-02-06 15:24:16.466813|ioService-0x0000765eb91fb6c0|[NETWORK][Host]P2P Recv Connect, From=127.0.0.1:58988
info|2026-02-06 15:24:16.466918|ioService-0x0000765eb91fb6c0|[NETWORK][Host]P2P StartAccept,Host=0.0.0.0:30303
info|2026-02-06 15:24:16.467006|ioService-0x0000765eb87fa6c0|[NETWORK][Host]obtainP2pInfo ,node_info=3082010a0282010100a492268b412bea3e8f972dff0dc52c521cd06884f53d90f3889c7014f7cb635c38a07b81af9630f2b04238a726b029af6b4b924e132710d2894b7175f12a5e323a7119afd27786b01965d49b9c885ff3768f40b9d57817bc1305124f40ced3b1ac99666773a3a64cce079e95acbc31d42f416aad362594008547aae561213b022db32ed9d1bd67df5c020bc44dcc073982b4566fd04048555b1ea84279063d5b1047e9f42776ef03677d2dd1454433fdb3feced3f41b92efdfeda545d56c1c9ba349584c9095f3ad9e31c2db11cbe3007ee7817f5846f87eb01c296d81b36dbbc765b4c7af74aface1276dd4fd91963729e495694b6af5c0d6111c49115a2c3f0203010001#A492268B412BEA3E8F972DFF0DC52C521CD06884F53D90F3889C7014F7CB635C38A07B81AF9630F2B04238A726B029AF6B4B924E132710D2894B7175F12A5E323A7119AFD27786B01965D49B9C885FF3768F40B9D57817BC1305124F40CED3B1AC99666773A3A64CCE079E95ACBC31D42F416AAD362594008547AAE561213B022DB32ED9D1BD67DF5C020BC44DCC073982B4566FD04048555B1EA84279063D5B1047E9F42776EF03677D2DD1454433FDB3FECED3F41B92EFDFEDA545D56C1C9BA349584C9095F3AD9E31C2DB11CBE3007EE7817F5846F87EB01C296D81B36DBBC765B4C7AF74AFACE1276DD4FD91963729E495694B6AF5C0D6111C49115A2C3F#/CN=FISCO-BCOS-e9f43089/O=FISCO-BCOS-e9f43089/OU=chain#/CN=FISCO-BCOS-e9f43089/O=fisco-bcos/OU=agency,p2pid=3082010a0282010100a492268b412bea3e8f972dff0dc52c521cd06884f53d90f3889c7014f7cb635c38a07b81af9630f2b04238a726b029af6b4b924e132710d2894b7175f12a5e323a7119afd27786b01965d49b9c885ff3768f40b9d57817bc1305124f40ced3b1ac99666773a3a64cce079e95acbc31d42f416aad362594008547aae561213b022db32ed9d1bd67df5c020bc44dcc073982b4566fd04048555b1ea84279063d5b1047e9f42776ef03677d2dd1454433fdb3feced3f41b92efdfeda545d56c1c9ba349584c9095f3ad9e31c2db11cbe3007ee7817f5846f87eb01c296d81b36dbbc765b4c7af74aface1276dd4fd91963729e495694b6af5c0d6111c49115a2c3f0203010001
info|2026-02-06 15:24:16.467051|ioService-0x0000765eb87fa6c0|[NETWORK][Host]handshakeServer succ,remote endpoint=127.0.0.1:58954,nodeid=3082010a0282010100a492268b412bea3e8f972dff0dc52c521cd06884f53d90f3889c7014f7cb635c38a07b81af9630f2b04238a726b029af6b4b924e132710d2894b7175f12a5e323a7119afd27786b01965d49b9c885ff3768f40b9d57817bc1305124f40ced3b1ac99666773a3a64cce079e95acbc31d42f416aad362594008547aae561213b022db32ed9d1bd67df5c020bc44dcc073982b4566fd04048555b1ea84279063d5b1047e9f42776ef03677d2dd1454433fdb3feced3f41b92efdfeda545d56c1c9ba349584c9095f3ad9e31c2db11cbe3007ee7817f5846f87eb01c296d81b36dbbc765b4c7af74aface1276dd4fd91963729e495694b6af5c0d6111c49115a2c3f0203010001
info|2026-02-06 15:24:16.467150|fisco-bcos-0x0000765ef1f2aa00|[DEFAULT][HTTP][SERVER][startListen],listenIP=0.0.0.0,listenPort=8545
info|2026-02-06 15:24:16.467271|fisco-bcos-0x0000765ef1f2aa00|[DEFAULT][HTTP][SERVER][startListen],ip=0.0.0.0,port=8545
info|2026-02-06 15:24:16.467312|fisco-bcos-0x0000765ef1f2aa00|[RPC][WS][SERVICE]connected nodes,count=0
info|2026-02-06 15:24:16.467319|fisco-bcos-0x0000765ef1f2aa00|[RPC][WS][SERVICE][start]start websocket service successfully,model=16,max msg size=33554432
info|2026-02-06 15:24:16.467326|fisco-bcos-0x0000765ef1f2aa00|[RPC]start rpc successfully
info|2026-02-06 15:24:16.468209|ioService-0x0000765eb87fa6c0|[SESSION][Session][Session::Session] this=0x765eb5e64010,recvBufferSize=67108864
info|2026-02-06 15:24:16.468454|ioService-0x0000765eb87fa6c0|[SessionFactory]create new session,sessionRecvBufferSize=67108864,allowMaxMsgSize=33554432,maxReadDataSize=40960,maxSendDataSize=1048576,maxSendMsgCountS=10,enableCompress=true
info|2026-02-06 15:24:16.468600|ioService-0x0000765eb79ff6c0|[Gateway][Factory][NEW]SSLContext pubHex: 3082010a0282010100a9ba081864ed1c68f5b81b4fa31a3cb4c81583e0e7c5eec4d7249ecd7d2c8f901393580ca25747abc4e01775b9ff41392cf15074a577cc078f4b07f3152faa0dfe540c63b8de93fbc3afe02564592e274c9c1a76bb0cc8c4692d9404f8e0b7b5440bd66d6e70c33a6d35aca5767a88332fd7853571427789bb25413b734abc293a58791b28aece40a8f74238c2f8b0d32bbbb5f020cfd72ad86d4fb6f1904605a5f43f0f58ed4c826346ad1b71ddac3a15040d6cd21f31f9044b82e690f91329d956b39005f4ab421029ebe499a3fe7179586deded25784665d8949c4db5defd0cbbaf2f27221f3d59e7314f4374086dceea8903a6aedc17d8ca5c7ec4b03fef0203010001
info|2026-02-06 15:24:16.468617|ioService-0x0000765eb79ff6c0|[NETWORK][Host]Get ca basic failed
info|2026-02-06 15:24:16.468670|ioService-0x0000765eb4fff6c0|[Gateway][Factory][NEW]SSLContext pubHex: 3082010a0282010100a9ba081864ed1c68f5b81b4fa31a3cb4c81583e0e7c5eec4d7249ecd7d2c8f901393580ca25747abc4e01775b9ff41392cf15074a577cc078f4b07f3152faa0dfe540c63b8de93fbc3afe02564592e274c9c1a76bb0cc8c4692d9404f8e0b7b5440bd66d6e70c33a6d35aca5767a88332fd7853571427789bb25413b734abc293a58791b28aece40a8f74238c2f8b0d32bbbb5f020cfd72ad86d4fb6f1904605a5f43f0f58ed4c826346ad1b71ddac3a15040d6cd21f31f9044b82e690f91329d956b39005f4ab421029ebe499a3fe7179586deded25784665d8949c4db5defd0cbbaf2f27221f3d59e7314f4374086dceea8903a6aedc17d8ca5c7ec4b03fef0203010001
info|2026-02-06 15:24:16.468739|ioService-0x0000765eb4fff6c0|[NETWORK][Host]Get ca basic failed
info|2026-02-06 15:24:16.468732|ioService-0x0000765eb79ff6c0|[Gateway][Factory][NEW]SSLContext pubHex: 3082010a0282010100b85dd5fdfbc4aa99dcef8477a2e1c08c304a63432923826f81b3d0d7d13e79a6ec265462b2f59e76106f8bad7efb849227798aaf7c20a2197e9a95a8ffbbc07f5ccb44d04e995013b9afd04bb77fb7dbfa0f13bd2d404980eae43fc147332e1542ee2d2e973596187bb8ad4dc63b0165052688b1f7fc4a2a8ccb020a55db8ee7b9a45bb901b1c03d94727648a8ec10bfbc854175981345d56f4c783b0211d91f0775e508d8b379b56935777d255f59b63fadc24b43862671f5cbe0d00fcfff7138124c8293f91740a0e0732346eeee748a42f65ddb81da461fce3e76ea6ff452913b80eb5b1dba016f7d4d94f66337cc6bea7a066b8277637aef12c2eba11da10203010001
info|2026-02-06 15:24:16.468757|ioService-0x0000765eb79ff6c0|[Gateway][Factory][NEW]SSLContext pubHex: B85DD5FDFBC4AA99DCEF8477A2E1C08C304A63432923826F81B3D0D7D13E79A6EC265462B2F59E76106F8BAD7EFB849227798AAF7C20A2197E9A95A8FFBBC07F5CCB44D04E995013B9AFD04BB77FB7DBFA0F13BD2D404980EAE43FC147332E1542EE2D2E973596187BB8AD4DC63B0165052688B1F7FC4A2A8CCB020A55DB8EE7B9A45BB901B1C03D94727648A8EC10BFBC854175981345D56F4C783B0211D91F0775E508D8B379B56935777D255F59B63FADC24B43862671F5CBE0D00FCFFF7138124C8293F91740A0E0732346EEEE748A42F65DDB81DA461FCE3E76EA6FF452913B80EB5B1DBA016F7D4D94F66337CC6BEA7A066B8277637AEF12C2EBA11DA1
info|2026-02-06 15:24:16.468800|ioService-0x0000765eb4fff6c0|[Gateway][Factory][NEW]SSLContext pubHex: 3082010a02820101009d9833c7e1dbf7d476b1fd7227e247b488323cbd272862d096a4010035236b7d36e2aede87e4f36adfd2e2e44f2945e9a4170901f5865f04cb779a1c1e1fc2f3e56fc6ea80a2665d5da60fce851ccd94bb60aced8e256a551ebb6edcf78febb8eb8bbb3c4fab73bacd5675925d72c787a8d8e179c70b24c484ae98ea7cc956a196c0c8266073d549963e44bfee479261b4c7a5497320d8a89de71743baf1516450118e57b4b07227de0429adf0d02305ad79d40958f48b3c7d6802814fc5c25be7c54c85463c993254d08401e1c7c1cc5586b265a1616617cc2ba7f29e928ff792e4ff33ada9b1bb7ee5a43130da18ba109a9e2186dfa6c2dc1d823e9066e1590203010001
info|2026-02-06 15:24:16.468808|ioService-0x0000765eb4fff6c0|[Gateway][Factory][NEW]SSLContext pubHex: 9D9833C7E1DBF7D476B1FD7227E247B488323CBD272862D096A4010035236B7D36E2AEDE87E4F36ADFD2E2E44F2945E9A4170901F5865F04CB779A1C1E1FC2F3E56FC6EA80A2665D5DA60FCE851CCD94BB60ACED8E256A551EBB6EDCF78FEBB8EB8BBB3C4FAB73BACD5675925D72C787A8D8E179C70B24C484AE98EA7CC956A196C0C8266073D549963E44BFEE479261B4C7A5497320D8A89DE71743BAF1516450118E57B4B07227DE0429ADF0D02305AD79D40958F48B3C7D6802814FC5C25BE7C54C85463C993254D08401E1C7C1CC5586B265A1616617CC2BA7F29E928FF792E4FF33ADA9B1BB7EE5A43130DA18BA109A9E2186DFA6C2DC1D823E9066E159
info|2026-02-06 15:24:16.468775|ioService-0x0000765eb87fa6c0|[NETWORK][Host]startPeerSession, Remote=127.0.0.1:58954,local endpoint=127.0.0.1:30303,p2pid=3082010a0282010100a492268b412bea3e8f972dff0dc52c521cd06884f53d90f3889c7014f7cb635c38a07b81af9630f2b04238a726b029af6b4b924e132710d2894b7175f12a5e323a7119afd27786b01965d49b9c885ff3768f40b9d57817bc1305124f40ced3b1ac99666773a3a64cce079e95acbc31d42f416aad362594008547aae561213b022db32ed9d1bd67df5c020bc44dcc073982b4566fd04048555b1ea84279063d5b1047e9f42776ef03677d2dd1454433fdb3feced3f41b92efdfeda545d56c1c9ba349584c9095f3ad9e31c2db11cbe3007ee7817f5846f87eb01c296d81b36dbbc765b4c7af74aface1276dd4fd91963729e495694b6af5c0d6111c49115a2c3f0203010001
info|2026-02-06 15:24:16.468993|fisco-bcos-0x0000765ebd1fe6c0|[P2PService][Service]onConnect,p2pid=3082010a0282010100a492268b412bea3e8f972dff0dc52c521cd06884f53d90f3889c7014f7cb635c38a07b81af9630f2b04238a726b029af6b4b924e132710d2894b7175f12a5e323a7119afd27786b01965d49b9c885ff3768f40b9d57817bc1305124f40ced3b1ac99666773a3a64cce079e95acbc31d42f416aad362594008547aae561213b022db32ed9d1bd67df5c020bc44dcc073982b4566fd04048555b1ea84279063d5b1047e9f42776ef03677d2dd1454433fdb3feced3f41b92efdfeda545d56c1c9ba349584c9095f3ad9e31c2db11cbe3007ee7817f5846f87eb01c296d81b36dbbc765b4c7af74aface1276dd4fd91963729e495694b6af5c0d6111c49115a2c3f0203010001,endpoint=127.0.0.1
info|2026-02-06 15:24:16.469048|fisco-bcos-0x0000765ebd1fe6c0|[P2PService][P2PSession][P2PSession::P2PSession] this=0x765eae4131d0
info|2026-02-06 15:24:16.469111|fisco-bcos-0x0000765ebd1fe6c0|[SESSION][Session][start] start session ,this=0x765eb5e64010
info|2026-02-06 15:24:16.469155|fisco-bcos-0x0000765ebd1fe6c0|[P2PService][Service]asyncSendProtocol,payload=5,seq=5
info|2026-02-06 15:24:16.469195|fisco-bcos-0x0000765ebd1fe6c0|[P2PService][Router][updateDstNodeEntry]insert new entry into the routerTable,distance=1,dst=3082010a0282010100a492268b412bea3e8f972dff0dc52c521cd06884f53d90f3889c7014f7cb635c38a07b81af9630f2b04238a726b029af6b4b924e132710d2894b7175f12a5e323a7119afd27786b01965d49b9c885ff3768f40b9d57817bc1305124f40ced3b1ac99666773a3a64cce079e95acbc31d42f416aad362594008547aae561213b022db32ed9d1bd67df5c020bc44dcc073982b4566fd04048555b1ea84279063d5b1047e9f42776ef03677d2dd1454433fdb3feced3f41b92efdfeda545d56c1c9ba349584c9095f3ad9e31c2db11cbe3007ee7817f5846f87eb01c296d81b36dbbc765b4c7af74aface1276dd4fd91963729e495694b6af5c0d6111c49115a2c3f0203010001,nextHop=,size=1
info|2026-02-06 15:24:16.469293|fisco-bcos-0x0000765ebd1fe6c0|[P2PService][Service2][onNewSession]update routerTable,dst=3082010a0282010100a492268b412bea3e8f972dff0dc52c521cd06884f53d90f3889c7014f7cb635c38a07b81af9630f2b04238a726b029af6b4b924e132710d2894b7175f12a5e323a7119afd27786b01965d49b9c885ff3768f40b9d57817bc1305124f40ced3b1ac99666773a3a64cce079e95acbc31d42f416aad362594008547aae561213b022db32ed9d1bd67df5c020bc44dcc073982b4566fd04048555b1ea84279063d5b1047e9f42776ef03677d2dd1454433fdb3feced3f41b92efdfeda545d56c1c9ba349584c9095f3ad9e31c2db11cbe3007ee7817f5846f87eb01c296d81b36dbbc765b4c7af74aface1276dd4fd91963729e495694b6af5c0d6111c49115a2c3f0203010001
info|2026-02-06 15:24:16.469315|fisco-bcos-0x0000765ebd1fe6c0|[P2PService][Service]Connection established,p2pid=3082010a0282010100a492268b412bea3e8f972dff0dc52c521cd06884f53d90f3889c7014f7cb635c38a07b81af9630f2b04238a726b029af6b4b924e132710d2894b7175f12a5e323a7119afd27786b01965d49b9c885ff3768f40b9d57817bc1305124f40ced3b1ac99666773a3a64cce079e95acbc31d42f416aad362594008547aae561213b022db32ed9d1bd67df5c020bc44dcc073982b4566fd04048555b1ea84279063d5b1047e9f42776ef03677d2dd1454433fdb3feced3f41b92efdfeda545d56c1c9ba349584c9095f3ad9e31c2db11cbe3007ee7817f5846f87eb01c296d81b36dbbc765b4c7af74aface1276dd4fd91963729e495694b6af5c0d6111c49115a2c3f0203010001,endpoint=127.0.0.1:58954
info|2026-02-06 15:24:16.469299|ioService-0x0000765eb79ff6c0|[NETWORK][Host]obtainP2pInfo ,node_info=3082010a0282010100b85dd5fdfbc4aa99dcef8477a2e1c08c304a63432923826f81b3d0d7d13e79a6ec265462b2f59e76106f8bad7efb849227798aaf7c20a2197e9a95a8ffbbc07f5ccb44d04e995013b9afd04bb77fb7dbfa0f13bd2d404980eae43fc147332e1542ee2d2e973596187bb8ad4dc63b0165052688b1f7fc4a2a8ccb020a55db8ee7b9a45bb901b1c03d94727648a8ec10bfbc854175981345d56f4c783b0211d91f0775e508d8b379b56935777d255f59b63fadc24b43862671f5cbe0d00fcfff7138124c8293f91740a0e0732346eeee748a42f65ddb81da461fce3e76ea6ff452913b80eb5b1dba016f7d4d94f66337cc6bea7a066b8277637aef12c2eba11da10203010001#B85DD5FDFBC4AA99DCEF8477A2E1C08C304A63432923826F81B3D0D7D13E79A6EC265462B2F59E76106F8BAD7EFB849227798AAF7C20A2197E9A95A8FFBBC07F5CCB44D04E995013B9AFD04BB77FB7DBFA0F13BD2D404980EAE43FC147332E1542EE2D2E973596187BB8AD4DC63B0165052688B1F7FC4A2A8CCB020A55DB8EE7B9A45BB901B1C03D94727648A8EC10BFBC854175981345D56F4C783B0211D91F0775E508D8B379B56935777D255F59B63FADC24B43862671F5CBE0D00FCFFF7138124C8293F91740A0E0732346EEEE748A42F65DDB81DA461FCE3E76EA6FF452913B80EB5B1DBA016F7D4D94F66337CC6BEA7A066B8277637AEF12C2EBA11DA1#/CN=FISCO-BCOS-e9f43089/O=FISCO-BCOS-e9f43089/OU=chain#/CN=FISCO-BCOS-e9f43089/O=fisco-bcos/OU=agency,p2pid=3082010a0282010100b85dd5fdfbc4aa99dcef8477a2e1c08c304a63432923826f81b3d0d7d13e79a6ec265462b2f59e76106f8bad7efb849227798aaf7c20a2197e9a95a8ffbbc07f5ccb44d04e995013b9afd04bb77fb7dbfa0f13bd2d404980eae43fc147332e1542ee2d2e973596187bb8ad4dc63b0165052688b1f7fc4a2a8ccb020a55db8ee7b9a45bb901b1c03d94727648a8ec10bfbc854175981345d56f4c783b0211d91f0775e508d8b379b56935777d255f59b63fadc24b43862671f5cbe0d00fcfff7138124c8293f91740a0e0732346eeee748a42f65ddb81da461fce3e76ea6ff452913b80eb5b1dba016f7d4d94f66337cc6bea7a066b8277637aef12c2eba11da10203010001
info|2026-02-06 15:24:16.469323|ioService-0x0000765eb79ff6c0|[NETWORK][Host]handshakeServer succ,remote endpoint=127.0.0.1:58966,nodeid=3082010a0282010100b85dd5fdfbc4aa99dcef8477a2e1c08c304a63432923826f81b3d0d7d13e79a6ec265462b2f59e76106f8bad7efb849227798aaf7c20a2197e9a95a8ffbbc07f5ccb44d04e995013b9afd04bb77fb7dbfa0f13bd2d404980eae43fc147332e1542ee2d2e973596187bb8ad4dc63b0165052688b1f7fc4a2a8ccb020a55db8ee7b9a45bb901b1c03d94727648a8ec10bfbc854175981345d56f4c783b0211d91f0775e508d8b379b56935777d255f59b63fadc24b43862671f5cbe0d00fcfff7138124c8293f91740a0e0732346eeee748a42f65ddb81da461fce3e76ea6ff452913b80eb5b1dba016f7d4d94f66337cc6bea7a066b8277637aef12c2eba11da10203010001
info|2026-02-06 15:24:16.469454|ioService-0x0000765eb41ff6c0|[NETWORK][Host]obtainP2pInfo ,node_info=3082010a0282010100b85dd5fdfbc4aa99dcef8477a2e1c08c304a63432923826f81b3d0d7d13e79a6ec265462b2f59e76106f8bad7efb849227798aaf7c20a2197e9a95a8ffbbc07f5ccb44d04e995013b9afd04bb77fb7dbfa0f13bd2d404980eae43fc147332e1542ee2d2e973596187bb8ad4dc63b0165052688b1f7fc4a2a8ccb020a55db8ee7b9a45bb901b1c03d94727648a8ec10bfbc854175981345d56f4c783b0211d91f0775e508d8b379b56935777d255f59b63fadc24b43862671f5cbe0d00fcfff7138124c8293f91740a0e0732346eeee748a42f65ddb81da461fce3e76ea6ff452913b80eb5b1dba016f7d4d94f66337cc6bea7a066b8277637aef12c2eba11da10203010001#B85DD5FDFBC4AA99DCEF8477A2E1C08C304A63432923826F81B3D0D7D13E79A6EC265462B2F59E76106F8BAD7EFB849227798AAF7C20A2197E9A95A8FFBBC07F5CCB44D04E995013B9AFD04BB77FB7DBFA0F13BD2D404980EAE43FC147332E1542EE2D2E973596187BB8AD4DC63B0165052688B1F7FC4A2A8CCB020A55DB8EE7B9A45BB901B1C03D94727648A8EC10BFBC854175981345D56F4C783B0211D91F0775E508D8B379B56935777D255F59B63FADC24B43862671F5CBE0D00FCFFF7138124C8293F91740A0E0732346EEEE748A42F65DDB81DA461FCE3E76EA6FF452913B80EB5B1DBA016F7D4D94F66337CC6BEA7A066B8277637AEF12C2EBA11DA1#/CN=FISCO-BCOS-e9f43089/O=FISCO-BCOS-e9f43089/OU=chain#/CN=FISCO-BCOS-e9f43089/O=fisco-bcos/OU=agency,p2pid=3082010a0282010100b85dd5fdfbc4aa99dcef8477a2e1c08c304a63432923826f81b3d0d7d13e79a6ec265462b2f59e76106f8bad7efb849227798aaf7c20a2197e9a95a8ffbbc07f5ccb44d04e995013b9afd04bb77fb7dbfa0f13bd2d404980eae43fc147332e1542ee2d2e973596187bb8ad4dc63b0165052688b1f7fc4a2a8ccb020a55db8ee7b9a45bb901b1c03d94727648a8ec10bfbc854175981345d56f4c783b0211d91f0775e508d8b379b56935777d255f59b63fadc24b43862671f5cbe0d00fcfff7138124c8293f91740a0e0732346eeee748a42f65ddb81da461fce3e76ea6ff452913b80eb5b1dba016f7d4d94f66337cc6bea7a066b8277637aef12c2eba11da10203010001
info|2026-02-06 15:24:16.469566|ioService-0x0000765eb41ff6c0|[NETWORK][Host]handshakeClient succ,local endpoint=127.0.0.1:58966
info|2026-02-06 15:24:16.469893|ioService-0x0000765eb79ff6c0|[SESSION][Session][Session::Session] this=0x765eb5c5d1d0,recvBufferSize=67108864
info|2026-02-06 15:24:16.470022|ioService-0x0000765eb79ff6c0|[SessionFactory]create new session,sessionRecvBufferSize=67108864,allowMaxMsgSize=33554432,maxReadDataSize=40960,maxSendDataSize=1048576,maxSendMsgCountS=10,enableCompress=true
info|2026-02-06 15:24:16.470133|ioService-0x0000765eb79ff6c0|[NETWORK][Host]startPeerSession, Remote=127.0.0.1:58966,local endpoint=127.0.0.1:30303,p2pid=3082010a0282010100b85dd5fdfbc4aa99dcef8477a2e1c08c304a63432923826f81b3d0d7d13e79a6ec265462b2f59e76106f8bad7efb849227798aaf7c20a2197e9a95a8ffbbc07f5ccb44d04e995013b9afd04bb77fb7dbfa0f13bd2d404980eae43fc147332e1542ee2d2e973596187bb8ad4dc63b0165052688b1f7fc4a2a8ccb020a55db8ee7b9a45bb901b1c03d94727648a8ec10bfbc854175981345d56f4c783b0211d91f0775e508d8b379b56935777d255f59b63fadc24b43862671f5cbe0d00fcfff7138124c8293f91740a0e0732346eeee748a42f65ddb81da461fce3e76ea6ff452913b80eb5b1dba016f7d4d94f66337cc6bea7a066b8277637aef12c2eba11da10203010001
info|2026-02-06 15:24:16.470173|fisco-bcos-0x0000765ebd1fe6c0|[P2PService][Service]onConnect,p2pid=3082010a0282010100b85dd5fdfbc4aa99dcef8477a2e1c08c304a63432923826f81b3d0d7d13e79a6ec265462b2f59e76106f8bad7efb849227798aaf7c20a2197e9a95a8ffbbc07f5ccb44d04e995013b9afd04bb77fb7dbfa0f13bd2d404980eae43fc147332e1542ee2d2e973596187bb8ad4dc63b0165052688b1f7fc4a2a8ccb020a55db8ee7b9a45bb901b1c03d94727648a8ec10bfbc854175981345d56f4c783b0211d91f0775e508d8b379b56935777d255f59b63fadc24b43862671f5cbe0d00fcfff7138124c8293f91740a0e0732346eeee748a42f65ddb81da461fce3e76ea6ff452913b80eb5b1dba016f7d4d94f66337cc6bea7a066b8277637aef12c2eba11da10203010001,endpoint=127.0.0.1
info|2026-02-06 15:24:16.470194|fisco-bcos-0x0000765ebd1fe6c0|[SESSION][Session][Session::~Session] this=0x765eb5c5d1d0
info|2026-02-06 15:24:16.470474|ioService-0x0000765eb41ff6c0|[SESSION][Session][Session::Session] this=0x765ea8087390,recvBufferSize=67108864
info|2026-02-06 15:24:16.470693|ioService-0x0000765eb41ff6c0|[SessionFactory]create new session,sessionRecvBufferSize=67108864,allowMaxMsgSize=33554432,maxReadDataSize=40960,maxSendDataSize=1048576,maxSendMsgCountS=10,enableCompress=true
info|2026-02-06 15:24:16.471118|fisco-bcos-0x0000765ebbdfe6c0|[P2PService][Service]onConnect,p2pid=3082010a0282010100b85dd5fdfbc4aa99dcef8477a2e1c08c304a63432923826f81b3d0d7d13e79a6ec265462b2f59e76106f8bad7efb849227798aaf7c20a2197e9a95a8ffbbc07f5ccb44d04e995013b9afd04bb77fb7dbfa0f13bd2d404980eae43fc147332e1542ee2d2e973596187bb8ad4dc63b0165052688b1f7fc4a2a8ccb020a55db8ee7b9a45bb901b1c03d94727648a8ec10bfbc854175981345d56f4c783b0211d91f0775e508d8b379b56935777d255f59b63fadc24b43862671f5cbe0d00fcfff7138124c8293f91740a0e0732346eeee748a42f65ddb81da461fce3e76ea6ff452913b80eb5b1dba016f7d4d94f66337cc6bea7a066b8277637aef12c2eba11da10203010001,endpoint=127.0.0.1
info|2026-02-06 15:24:16.471180|fisco-bcos-0x0000765ebbdfe6c0|[P2PService][Service]updateStaticNodes,nodeid=3082010a0282010100b85dd5fdfbc4aa99dcef8477a2e1c08c304a63432923826f81b3d0d7d13e79a6ec265462b2f59e76106f8bad7efb849227798aaf7c20a2197e9a95a8ffbbc07f5ccb44d04e995013b9afd04bb77fb7dbfa0f13bd2d404980eae43fc147332e1542ee2d2e973596187bb8ad4dc63b0165052688b1f7fc4a2a8ccb020a55db8ee7b9a45bb901b1c03d94727648a8ec10bfbc854175981345d56f4c783b0211d91f0775e508d8b379b56935777d255f59b63fadc24b43862671f5cbe0d00fcfff7138124c8293f91740a0e0732346eeee748a42f65ddb81da461fce3e76ea6ff452913b80eb5b1dba016f7d4d94f66337cc6bea7a066b8277637aef12c2eba11da10203010001,endpoint=127.0.0.1:30303
info|2026-02-06 15:24:16.471193|fisco-bcos-0x0000765ebbdfe6c0|[SESSION][Session][Session::~Session] this=0x765ea8087390
info|2026-02-06 15:24:16.471460|ioService-0x0000765eb41ff6c0|[NETWORK][Host]startPeerSession, Remote=0.0.0.0:0,local endpoint=0.0.0.0:0,p2pid=3082010a0282010100b85dd5fdfbc4aa99dcef8477a2e1c08c304a63432923826f81b3d0d7d13e79a6ec265462b2f59e76106f8bad7efb849227798aaf7c20a2197e9a95a8ffbbc07f5ccb44d04e995013b9afd04bb77fb7dbfa0f13bd2d404980eae43fc147332e1542ee2d2e973596187bb8ad4dc63b0165052688b1f7fc4a2a8ccb020a55db8ee7b9a45bb901b1c03d94727648a8ec10bfbc854175981345d56f4c783b0211d91f0775e508d8b379b56935777d255f59b63fadc24b43862671f5cbe0d00fcfff7138124c8293f91740a0e0732346eeee748a42f65ddb81da461fce3e76ea6ff452913b80eb5b1dba016f7d4d94f66337cc6bea7a066b8277637aef12c2eba11da10203010001
info|2026-02-06 15:24:16.471484|ioService-0x0000765eb4fff6c0|[NETWORK][Host]obtainP2pInfo ,node_info=3082010a02820101009d9833c7e1dbf7d476b1fd7227e247b488323cbd272862d096a4010035236b7d36e2aede87e4f36adfd2e2e44f2945e9a4170901f5865f04cb779a1c1e1fc2f3e56fc6ea80a2665d5da60fce851ccd94bb60aced8e256a551ebb6edcf78febb8eb8bbb3c4fab73bacd5675925d72c787a8d8e179c70b24c484ae98ea7cc956a196c0c8266073d549963e44bfee479261b4c7a5497320d8a89de71743baf1516450118e57b4b07227de0429adf0d02305ad79d40958f48b3c7d6802814fc5c25be7c54c85463c993254d08401e1c7c1cc5586b265a1616617cc2ba7f29e928ff792e4ff33ada9b1bb7ee5a43130da18ba109a9e2186dfa6c2dc1d823e9066e1590203010001#9D9833C7E1DBF7D476B1FD7227E247B488323CBD272862D096A4010035236B7D36E2AEDE87E4F36ADFD2E2E44F2945E9A4170901F5865F04CB779A1C1E1FC2F3E56FC6EA80A2665D5DA60FCE851CCD94BB60ACED8E256A551EBB6EDCF78FEBB8EB8BBB3C4FAB73BACD5675925D72C787A8D8E179C70B24C484AE98EA7CC956A196C0C8266073D549963E44BFEE479261B4C7A5497320D8A89DE71743BAF1516450118E57B4B07227DE0429ADF0D02305AD79D40958F48B3C7D6802814FC5C25BE7C54C85463C993254D08401E1C7C1CC5586B265A1616617CC2BA7F29E928FF792E4FF33ADA9B1BB7EE5A43130DA18BA109A9E2186DFA6C2DC1D823E9066E159#/CN=FISCO-BCOS-e9f43089/O=FISCO-BCOS-e9f43089/OU=chain#/CN=FISCO-BCOS-e9f43089/O=fisco-bcos/OU=agency,p2pid=3082010a02820101009d9833c7e1dbf7d476b1fd7227e247b488323cbd272862d096a4010035236b7d36e2aede87e4f36adfd2e2e44f2945e9a4170901f5865f04cb779a1c1e1fc2f3e56fc6ea80a2665d5da60fce851ccd94bb60aced8e256a551ebb6edcf78febb8eb8bbb3c4fab73bacd5675925d72c787a8d8e179c70b24c484ae98ea7cc956a196c0c8266073d549963e44bfee479261b4c7a5497320d8a89de71743baf1516450118e57b4b07227de0429adf0d02305ad79d40958f48b3c7d6802814fc5c25be7c54c85463c993254d08401e1c7c1cc5586b265a1616617cc2ba7f29e928ff792e4ff33ada9b1bb7ee5a43130da18ba109a9e2186dfa6c2dc1d823e9066e1590203010001
info|2026-02-06 15:24:16.471507|ioService-0x0000765eb4fff6c0|[NETWORK][Host]handshakeClient succ,local endpoint=127.0.0.1:35572
info|2026-02-06 15:24:16.471624|ioService-0x0000765eb37fe6c0|[Gateway][Factory][NEW]SSLContext pubHex: 3082010a0282010100a9ba081864ed1c68f5b81b4fa31a3cb4c81583e0e7c5eec4d7249ecd7d2c8f901393580ca25747abc4e01775b9ff41392cf15074a577cc078f4b07f3152faa0dfe540c63b8de93fbc3afe02564592e274c9c1a76bb0cc8c4692d9404f8e0b7b5440bd66d6e70c33a6d35aca5767a88332fd7853571427789bb25413b734abc293a58791b28aece40a8f74238c2f8b0d32bbbb5f020cfd72ad86d4fb6f1904605a5f43f0f58ed4c826346ad1b71ddac3a15040d6cd21f31f9044b82e690f91329d956b39005f4ab421029ebe499a3fe7179586deded25784665d8949c4db5defd0cbbaf2f27221f3d59e7314f4374086dceea8903a6aedc17d8ca5c7ec4b03fef0203010001
info|2026-02-06 15:24:16.471640|ioService-0x0000765eb37fe6c0|[NETWORK][Host]Get ca basic failed
info|2026-02-06 15:24:16.471684|ioService-0x0000765eb37fe6c0|[Gateway][Factory][NEW]SSLContext pubHex: 3082010a02820101009d9833c7e1dbf7d476b1fd7227e247b488323cbd272862d096a4010035236b7d36e2aede87e4f36adfd2e2e44f2945e9a4170901f5865f04cb779a1c1e1fc2f3e56fc6ea80a2665d5da60fce851ccd94bb60aced8e256a551ebb6edcf78febb8eb8bbb3c4fab73bacd5675925d72c787a8d8e179c70b24c484ae98ea7cc956a196c0c8266073d549963e44bfee479261b4c7a5497320d8a89de71743baf1516450118e57b4b07227de0429adf0d02305ad79d40958f48b3c7d6802814fc5c25be7c54c85463c993254d08401e1c7c1cc5586b265a1616617cc2ba7f29e928ff792e4ff33ada9b1bb7ee5a43130da18ba109a9e2186dfa6c2dc1d823e9066e1590203010001
info|2026-02-06 15:24:16.471689|ioService-0x0000765eb37fe6c0|[Gateway][Factory][NEW]SSLContext pubHex: 9D9833C7E1DBF7D476B1FD7227E247B488323CBD272862D096A4010035236B7D36E2AEDE87E4F36ADFD2E2E44F2945E9A4170901F5865F04CB779A1C1E1FC2F3E56FC6EA80A2665D5DA60FCE851CCD94BB60ACED8E256A551EBB6EDCF78FEBB8EB8BBB3C4FAB73BACD5675925D72C787A8D8E179C70B24C484AE98EA7CC956A196C0C8266073D549963E44BFEE479261B4C7A5497320D8A89DE71743BAF1516450118E57B4B07227DE0429ADF0D02305AD79D40958F48B3C7D6802814FC5C25BE7C54C85463C993254D08401E1C7C1CC5586B265A1616617CC2BA7F29E928FF792E4FF33ADA9B1BB7EE5A43130DA18BA109A9E2186DFA6C2DC1D823E9066E159
info|2026-02-06 15:24:16.471844|ioService-0x0000765eb6bff6c0|[NETWORK][Host]obtainP2pInfo ,node_info=3082010a0282010100a492268b412bea3e8f972dff0dc52c521cd06884f53d90f3889c7014f7cb635c38a07b81af9630f2b04238a726b029af6b4b924e132710d2894b7175f12a5e323a7119afd27786b01965d49b9c885ff3768f40b9d57817bc1305124f40ced3b1ac99666773a3a64cce079e95acbc31d42f416aad362594008547aae561213b022db32ed9d1bd67df5c020bc44dcc073982b4566fd04048555b1ea84279063d5b1047e9f42776ef03677d2dd1454433fdb3feced3f41b92efdfeda545d56c1c9ba349584c9095f3ad9e31c2db11cbe3007ee7817f5846f87eb01c296d81b36dbbc765b4c7af74aface1276dd4fd91963729e495694b6af5c0d6111c49115a2c3f0203010001#A492268B412BEA3E8F972DFF0DC52C521CD06884F53D90F3889C7014F7CB635C38A07B81AF9630F2B04238A726B029AF6B4B924E132710D2894B7175F12A5E323A7119AFD27786B01965D49B9C885FF3768F40B9D57817BC1305124F40CED3B1AC99666773A3A64CCE079E95ACBC31D42F416AAD362594008547AAE561213B022DB32ED9D1BD67DF5C020BC44DCC073982B4566FD04048555B1EA84279063D5B1047E9F42776EF03677D2DD1454433FDB3FECED3F41B92EFDFEDA545D56C1C9BA349584C9095F3AD9E31C2DB11CBE3007EE7817F5846F87EB01C296D81B36DBBC765B4C7AF74AFACE1276DD4FD91963729E495694B6AF5C0D6111C49115A2C3F#/CN=FISCO-BCOS-e9f43089/O=FISCO-BCOS-e9f43089/OU=chain#/CN=FISCO-BCOS-e9f43089/O=fisco-bcos/OU=agency,p2pid=3082010a0282010100a492268b412bea3e8f972dff0dc52c521cd06884f53d90f3889c7014f7cb635c38a07b81af9630f2b04238a726b029af6b4b924e132710d2894b7175f12a5e323a7119afd27786b01965d49b9c885ff3768f40b9d57817bc1305124f40ced3b1ac99666773a3a64cce079e95acbc31d42f416aad362594008547aae561213b022db32ed9d1bd67df5c020bc44dcc073982b4566fd04048555b1ea84279063d5b1047e9f42776ef03677d2dd1454433fdb3feced3f41b92efdfeda545d56c1c9ba349584c9095f3ad9e31c2db11cbe3007ee7817f5846f87eb01c296d81b36dbbc765b4c7af74aface1276dd4fd91963729e495694b6af5c0d6111c49115a2c3f0203010001
info|2026-02-06 15:24:16.471862|ioService-0x0000765eb6bff6c0|[NETWORK][Host]handshakeClient succ,local endpoint=127.0.0.1:57260
info|2026-02-06 15:24:16.471982|ioService-0x0000765eb37fe6c0|[NETWORK][Host]obtainP2pInfo ,node_info=3082010a02820101009d9833c7e1dbf7d476b1fd7227e247b488323cbd272862d096a4010035236b7d36e2aede87e4f36adfd2e2e44f2945e9a4170901f5865f04cb779a1c1e1fc2f3e56fc6ea80a2665d5da60fce851ccd94bb60aced8e256a551ebb6edcf78febb8eb8bbb3c4fab73bacd5675925d72c787a8d8e179c70b24c484ae98ea7cc956a196c0c8266073d549963e44bfee479261b4c7a5497320d8a89de71743baf1516450118e57b4b07227de0429adf0d02305ad79d40958f48b3c7d6802814fc5c25be7c54c85463c993254d08401e1c7c1cc5586b265a1616617cc2ba7f29e928ff792e4ff33ada9b1bb7ee5a43130da18ba109a9e2186dfa6c2dc1d823e9066e1590203010001#9D9833C7E1DBF7D476B1FD7227E247B488323CBD272862D096A4010035236B7D36E2AEDE87E4F36ADFD2E2E44F2945E9A4170901F5865F04CB779A1C1E1FC2F3E56FC6EA80A2665D5DA60FCE851CCD94BB60ACED8E256A551EBB6EDCF78FEBB8EB8BBB3C4FAB73BACD5675925D72C787A8D8E179C70B24C484AE98EA7CC956A196C0C8266073D549963E44BFEE479261B4C7A5497320D8A89DE71743BAF1516450118E57B4B07227DE0429ADF0D02305AD79D40958F48B3C7D6802814FC5C25BE7C54C85463C993254D08401E1C7C1CC5586B265A1616617CC2BA7F29E928FF792E4FF33ADA9B1BB7EE5A43130DA18BA109A9E2186DFA6C2DC1D823E9066E159#/CN=FISCO-BCOS-e9f43089/O=FISCO-BCOS-e9f43089/OU=chain#/CN=FISCO-BCOS-e9f43089/O=fisco-bcos/OU=agency,p2pid=3082010a02820101009d9833c7e1dbf7d476b1fd7227e247b488323cbd272862d096a4010035236b7d36e2aede87e4f36adfd2e2e44f2945e9a4170901f5865f04cb779a1c1e1fc2f3e56fc6ea80a2665d5da60fce851ccd94bb60aced8e256a551ebb6edcf78febb8eb8bbb3c4fab73bacd5675925d72c787a8d8e179c70b24c484ae98ea7cc956a196c0c8266073d549963e44bfee479261b4c7a5497320d8a89de71743baf1516450118e57b4b07227de0429adf0d02305ad79d40958f48b3c7d6802814fc5c25be7c54c85463c993254d08401e1c7c1cc5586b265a1616617cc2ba7f29e928ff792e4ff33ada9b1bb7ee5a43130da18ba109a9e2186dfa6c2dc1d823e9066e1590203010001
info|2026-02-06 15:24:16.471989|ioService-0x0000765eb37fe6c0|[NETWORK][Host]handshakeServer succ,remote endpoint=127.0.0.1:58974,nodeid=3082010a02820101009d9833c7e1dbf7d476b1fd7227e247b488323cbd272862d096a4010035236b7d36e2aede87e4f36adfd2e2e44f2945e9a4170901f5865f04cb779a1c1e1fc2f3e56fc6ea80a2665d5da60fce851ccd94bb60aced8e256a551ebb6edcf78febb8eb8bbb3c4fab73bacd5675925d72c787a8d8e179c70b24c484ae98ea7cc956a196c0c8266073d549963e44bfee479261b4c7a5497320d8a89de71743baf1516450118e57b4b07227de0429adf0d02305ad79d40958f48b3c7d6802814fc5c25be7c54c85463c993254d08401e1c7c1cc5586b265a1616617cc2ba7f29e928ff792e4ff33ada9b1bb7ee5a43130da18ba109a9e2186dfa6c2dc1d823e9066e1590203010001
info|2026-02-06 15:24:16.472468|ioService-0x0000765eb37fe6c0|[SESSION][Session][Session::Session] this=0x765ea8e5d1d0,recvBufferSize=67108864
info|2026-02-06 15:24:16.472627|ioService-0x0000765eb37fe6c0|[SessionFactory]create new session,sessionRecvBufferSize=67108864,allowMaxMsgSize=33554432,maxReadDataSize=40960,maxSendDataSize=1048576,maxSendMsgCountS=10,enableCompress=true
info|2026-02-06 15:24:16.472641|ioService-0x0000765eb4fff6c0|[SESSION][Session][Session::Session] this=0x765e9b8861d0,recvBufferSize=67108864
info|2026-02-06 15:24:16.472793|ioService-0x0000765eb37fe6c0|[NETWORK][Host]startPeerSession, Remote=127.0.0.1:58974,local endpoint=127.0.0.1:30303,p2pid=3082010a02820101009d9833c7e1dbf7d476b1fd7227e247b488323cbd272862d096a4010035236b7d36e2aede87e4f36adfd2e2e44f2945e9a4170901f5865f04cb779a1c1e1fc2f3e56fc6ea80a2665d5da60fce851ccd94bb60aced8e256a551ebb6edcf78febb8eb8bbb3c4fab73bacd5675925d72c787a8d8e179c70b24c484ae98ea7cc956a196c0c8266073d549963e44bfee479261b4c7a5497320d8a89de71743baf1516450118e57b4b07227de0429adf0d02305ad79d40958f48b3c7d6802814fc5c25be7c54c85463c993254d08401e1c7c1cc5586b265a1616617cc2ba7f29e928ff792e4ff33ada9b1bb7ee5a43130da18ba109a9e2186dfa6c2dc1d823e9066e1590203010001
info|2026-02-06 15:24:16.472774|ioService-0x0000765eb6bff6c0|[SESSION][Session][Session::Session] this=0x765e9f4881d0,recvBufferSize=67108864
info|2026-02-06 15:24:16.472898|ioService-0x0000765eb4fff6c0|[SessionFactory]create new session,sessionRecvBufferSize=67108864,allowMaxMsgSize=33554432,maxReadDataSize=40960,maxSendDataSize=1048576,maxSendMsgCountS=10,enableCompress=true
info|2026-02-06 15:24:16.473059|fisco-bcos-0x0000765ec67ff6c0|[P2PService][Service]onConnect,p2pid=3082010a02820101009d9833c7e1dbf7d476b1fd7227e247b488323cbd272862d096a4010035236b7d36e2aede87e4f36adfd2e2e44f2945e9a4170901f5865f04cb779a1c1e1fc2f3e56fc6ea80a2665d5da60fce851ccd94bb60aced8e256a551ebb6edcf78febb8eb8bbb3c4fab73bacd5675925d72c787a8d8e179c70b24c484ae98ea7cc956a196c0c8266073d549963e44bfee479261b4c7a5497320d8a89de71743baf1516450118e57b4b07227de0429adf0d02305ad79d40958f48b3c7d6802814fc5c25be7c54c85463c993254d08401e1c7c1cc5586b265a1616617cc2ba7f29e928ff792e4ff33ada9b1bb7ee5a43130da18ba109a9e2186dfa6c2dc1d823e9066e1590203010001,endpoint=127.0.0.1
info|2026-02-06 15:24:16.473158|ioService-0x0000765e869fe6c0|[P2PService][Service]onConnect,p2pid=3082010a02820101009d9833c7e1dbf7d476b1fd7227e247b488323cbd272862d096a4010035236b7d36e2aede87e4f36adfd2e2e44f2945e9a4170901f5865f04cb779a1c1e1fc2f3e56fc6ea80a2665d5da60fce851ccd94bb60aced8e256a551ebb6edcf78febb8eb8bbb3c4fab73bacd5675925d72c787a8d8e179c70b24c484ae98ea7cc956a196c0c8266073d549963e44bfee479261b4c7a5497320d8a89de71743baf1516450118e57b4b07227de0429adf0d02305ad79d40958f48b3c7d6802814fc5c25be7c54c85463c993254d08401e1c7c1cc5586b265a1616617cc2ba7f29e928ff792e4ff33ada9b1bb7ee5a43130da18ba109a9e2186dfa6c2dc1d823e9066e1590203010001,endpoint=127.0.0.1
info|2026-02-06 15:24:16.473233|fisco-bcos-0x0000765ec67ff6c0|[P2PService][P2PSession][P2PSession::P2PSession] this=0x765ec48201d0
info|2026-02-06 15:24:16.473215|ioService-0x0000765eb6bff6c0|[SessionFactory]create new session,sessionRecvBufferSize=67108864,allowMaxMsgSize=33554432,maxReadDataSize=40960,maxSendDataSize=1048576,maxSendMsgCountS=10,enableCompress=true
info|2026-02-06 15:24:16.473283|ioService-0x0000765eb4fff6c0|[NETWORK][Host]startPeerSession, Remote=127.0.0.1:30302,local endpoint=127.0.0.1:35572,p2pid=3082010a02820101009d9833c7e1dbf7d476b1fd7227e247b488323cbd272862d096a4010035236b7d36e2aede87e4f36adfd2e2e44f2945e9a4170901f5865f04cb779a1c1e1fc2f3e56fc6ea80a2665d5da60fce851ccd94bb60aced8e256a551ebb6edcf78febb8eb8bbb3c4fab73bacd5675925d72c787a8d8e179c70b24c484ae98ea7cc956a196c0c8266073d549963e44bfee479261b4c7a5497320d8a89de71743baf1516450118e57b4b07227de0429adf0d02305ad79d40958f48b3c7d6802814fc5c25be7c54c85463c993254d08401e1c7c1cc5586b265a1616617cc2ba7f29e928ff792e4ff33ada9b1bb7ee5a43130da18ba109a9e2186dfa6c2dc1d823e9066e1590203010001
info|2026-02-06 15:24:16.473303|fisco-bcos-0x0000765ec5dff6c0|[P2PService][Service]onReceiveProtocol: protocolNegotiate success,peer=3082010a0282010100a492268b412bea3e8f972dff0dc52c521cd06884f53d90f3889c7014f7cb635c38a07b81af9630f2b04238a726b029af6b4b924e132710d2894b7175f12a5e323a7119afd27786b01965d49b9c885ff3768f40b9d57817bc1305124f40ced3b1ac99666773a3a64cce079e95acbc31d42f416aad362594008547aae561213b022db32ed9d1bd67df5c020bc44dcc073982b4566fd04048555b1ea84279063d5b1047e9f42776ef03677d2dd1454433fdb3feced3f41b92efdfeda545d56c1c9ba349584c9095f3ad9e31c2db11cbe3007ee7817f5846f87eb01c296d81b36dbbc765b4c7af74aface1276dd4fd91963729e495694b6af5c0d6111c49115a2c3f0203010001,minVersion=0,maxVersion=2,supportMinVersion=0,supportMaxVersion=2,negotiatedVersion=2
info|2026-02-06 15:24:16.473411|fisco-bcos-0x0000765e865fd6c0|[P2PService][Service2][onReceiveRouterSeq]receive router seq and request router table,peer=3082010a0282010100a492268b412bea3e8f972dff0dc52c521cd06884f53d90f3889c7014f7cb635c38a07b81af9630f2b04238a726b029af6b4b924e132710d2894b7175f12a5e323a7119afd27786b01965d49b9c885ff3768f40b9d57817bc1305124f40ced3b1ac99666773a3a64cce079e95acbc31d42f416aad362594008547aae561213b022db32ed9d1bd67df5c020bc44dcc073982b4566fd04048555b1ea84279063d5b1047e9f42776ef03677d2dd1454433fdb3feced3f41b92efdfeda545d56c1c9ba349584c9095f3ad9e31c2db11cbe3007ee7817f5846f87eb01c296d81b36dbbc765b4c7af74aface1276dd4fd91963729e495694b6af5c0d6111c49115a2c3f0203010001,seq=2
info|2026-02-06 15:24:16.473467|fisco-bcos-0x0000765ebbdfe6c0|[P2PService][Service]onConnect,p2pid=3082010a0282010100a492268b412bea3e8f972dff0dc52c521cd06884f53d90f3889c7014f7cb635c38a07b81af9630f2b04238a726b029af6b4b924e132710d2894b7175f12a5e323a7119afd27786b01965d49b9c885ff3768f40b9d57817bc1305124f40ced3b1ac99666773a3a64cce079e95acbc31d42f416aad362594008547aae561213b022db32ed9d1bd67df5c020bc44dcc073982b4566fd04048555b1ea84279063d5b1047e9f42776ef03677d2dd1454433fdb3feced3f41b92efdfeda545d56c1c9ba349584c9095f3ad9e31c2db11cbe3007ee7817f5846f87eb01c296d81b36dbbc765b4c7af74aface1276dd4fd91963729e495694b6af5c0d6111c49115a2c3f0203010001,endpoint=127.0.0.1
info|2026-02-06 15:24:16.473455|ioService-0x0000765eb6bff6c0|[NETWORK][Host]startPeerSession, Remote=127.0.0.1:30300,local endpoint=127.0.0.1:57260,p2pid=3082010a0282010100a492268b412bea3e8f972dff0dc52c521cd06884f53d90f3889c7014f7cb635c38a07b81af9630f2b04238a726b029af6b4b924e132710d2894b7175f12a5e323a7119afd27786b01965d49b9c885ff3768f40b9d57817bc1305124f40ced3b1ac99666773a3a64cce079e95acbc31d42f416aad362594008547aae561213b022db32ed9d1bd67df5c020bc44dcc073982b4566fd04048555b1ea84279063d5b1047e9f42776ef03677d2dd1454433fdb3feced3f41b92efdfeda545d56c1c9ba349584c9095f3ad9e31c2db11cbe3007ee7817f5846f87eb01c296d81b36dbbc765b4c7af74aface1276dd4fd91963729e495694b6af5c0d6111c49115a2c3f0203010001
info|2026-02-06 15:24:16.473689|fisco-bcos-0x0000765ec67ff6c0|[SESSION][Session][start] start session ,this=0x765ea8e5d1d0
info|2026-02-06 15:24:16.473721|fisco-bcos-0x0000765ec67ff6c0|[P2PService][Service]asyncSendProtocol,payload=5,seq=8
info|2026-02-06 15:24:16.473759|fisco-bcos-0x0000765ec67ff6c0|[P2PService][Router][updateDstNodeEntry]insert new entry into the routerTable,distance=1,dst=3082010a02820101009d9833c7e1dbf7d476b1fd7227e247b488323cbd272862d096a4010035236b7d36e2aede87e4f36adfd2e2e44f2945e9a4170901f5865f04cb779a1c1e1fc2f3e56fc6ea80a2665d5da60fce851ccd94bb60aced8e256a551ebb6edcf78febb8eb8bbb3c4fab73bacd5675925d72c787a8d8e179c70b24c484ae98ea7cc956a196c0c8266073d549963e44bfee479261b4c7a5497320d8a89de71743baf1516450118e57b4b07227de0429adf0d02305ad79d40958f48b3c7d6802814fc5c25be7c54c85463c993254d08401e1c7c1cc5586b265a1616617cc2ba7f29e928ff792e4ff33ada9b1bb7ee5a43130da18ba109a9e2186dfa6c2dc1d823e9066e1590203010001,nextHop=,size=2
info|2026-02-06 15:24:16.473835|ioService-0x0000765eb2dfd6c0|[Gateway][Factory][NEW]SSLContext pubHex: 3082010a0282010100a9ba081864ed1c68f5b81b4fa31a3cb4c81583e0e7c5eec4d7249ecd7d2c8f901393580ca25747abc4e01775b9ff41392cf15074a577cc078f4b07f3152faa0dfe540c63b8de93fbc3afe02564592e274c9c1a76bb0cc8c4692d9404f8e0b7b5440bd66d6e70c33a6d35aca5767a88332fd7853571427789bb25413b734abc293a58791b28aece40a8f74238c2f8b0d32bbbb5f020cfd72ad86d4fb6f1904605a5f43f0f58ed4c826346ad1b71ddac3a15040d6cd21f31f9044b82e690f91329d956b39005f4ab421029ebe499a3fe7179586deded25784665d8949c4db5defd0cbbaf2f27221f3d59e7314f4374086dceea8903a6aedc17d8ca5c7ec4b03fef0203010001
info|2026-02-06 15:24:16.473864|ioService-0x0000765eb2dfd6c0|[NETWORK][Host]Get ca basic failed
info|2026-02-06 15:24:16.473907|ioService-0x0000765eb2dfd6c0|[Gateway][Factory][NEW]SSLContext pubHex: 3082010a0282010100d938a7d0e5078fdc3bfe83bfe8c789160de4c9e207ff836ef8d64a0c846f5f628646fe9170bec49eec44aebb3f17334e76b1003dae65d6858a626d60a3ff3dbbff8cf15ca934ca0f7a09b9ae6c17c911bb2f6083cab81540e00a8d9b9393a3341b90dd134f4a2ec21f1d8c55c2df687896873a36661a862226614582077d41811bcb3e6632cbf1767f6189b76054e8186606ee5a2c73bffe1bd6c8fc415f481324f015045231d662173b6f7e814068dffd598ce9a6f4630744bb0aa80f9f74403f4c3da3ca856b40d043885cc1e7beac524853fafb01fb61c3023ab04047e29d50a5d4cd612fc9ae90e7832fde7d1dea0804dc16fff17500517be0bf5d28f4ab0203010001
info|2026-02-06 15:24:16.473911|ioService-0x0000765eb2dfd6c0|[Gateway][Factory][NEW]SSLContext pubHex: D938A7D0E5078FDC3BFE83BFE8C789160DE4C9E207FF836EF8D64A0C846F5F628646FE9170BEC49EEC44AEBB3F17334E76B1003DAE65D6858A626D60A3FF3DBBFF8CF15CA934CA0F7A09B9AE6C17C911BB2F6083CAB81540E00A8D9B9393A3341B90DD134F4A2EC21F1D8C55C2DF687896873A36661A862226614582077D41811BCB3E6632CBF1767F6189B76054E8186606EE5A2C73BFFE1BD6C8FC415F481324F015045231D662173B6F7E814068DFFD598CE9A6F4630744BB0AA80F9F74403F4C3DA3CA856B40D043885CC1E7BEAC524853FAFB01FB61C3023AB04047E29D50A5D4CD612FC9AE90E7832FDE7D1DEA0804DC16FFF17500517BE0BF5D28F4AB
info|2026-02-06 15:24:16.473960|fisco-bcos-0x0000765ec67ff6c0|[P2PService][Service2][onNewSession]update routerTable,dst=3082010a02820101009d9833c7e1dbf7d476b1fd7227e247b488323cbd272862d096a4010035236b7d36e2aede87e4f36adfd2e2e44f2945e9a4170901f5865f04cb779a1c1e1fc2f3e56fc6ea80a2665d5da60fce851ccd94bb60aced8e256a551ebb6edcf78febb8eb8bbb3c4fab73bacd5675925d72c787a8d8e179c70b24c484ae98ea7cc956a196c0c8266073d549963e44bfee479261b4c7a5497320d8a89de71743baf1516450118e57b4b07227de0429adf0d02305ad79d40958f48b3c7d6802814fc5c25be7c54c85463c993254d08401e1c7c1cc5586b265a1616617cc2ba7f29e928ff792e4ff33ada9b1bb7ee5a43130da18ba109a9e2186dfa6c2dc1d823e9066e1590203010001
info|2026-02-06 15:24:16.473977|fisco-bcos-0x0000765ec67ff6c0|[P2PService][Service]Connection established,p2pid=3082010a02820101009d9833c7e1dbf7d476b1fd7227e247b488323cbd272862d096a4010035236b7d36e2aede87e4f36adfd2e2e44f2945e9a4170901f5865f04cb779a1c1e1fc2f3e56fc6ea80a2665d5da60fce851ccd94bb60aced8e256a551ebb6edcf78febb8eb8bbb3c4fab73bacd5675925d72c787a8d8e179c70b24c484ae98ea7cc956a196c0c8266073d549963e44bfee479261b4c7a5497320d8a89de71743baf1516450118e57b4b07227de0429adf0d02305ad79d40958f48b3c7d6802814fc5c25be7c54c85463c993254d08401e1c7c1cc5586b265a1616617cc2ba7f29e928ff792e4ff33ada9b1bb7ee5a43130da18ba109a9e2186dfa6c2dc1d823e9066e1590203010001,endpoint=127.0.0.1:58974
info|2026-02-06 15:24:16.474006|ioService-0x0000765e869fe6c0|[P2PService][Service]Disconnect duplicate peer,p2pid=3082010a02820101009d9833c7e1dbf7d476b1fd7227e247b488323cbd272862d096a4010035236b7d36e2aede87e4f36adfd2e2e44f2945e9a4170901f5865f04cb779a1c1e1fc2f3e56fc6ea80a2665d5da60fce851ccd94bb60aced8e256a551ebb6edcf78febb8eb8bbb3c4fab73bacd5675925d72c787a8d8e179c70b24c484ae98ea7cc956a196c0c8266073d549963e44bfee479261b4c7a5497320d8a89de71743baf1516450118e57b4b07227de0429adf0d02305ad79d40958f48b3c7d6802814fc5c25be7c54c85463c993254d08401e1c7c1cc5586b265a1616617cc2ba7f29e928ff792e4ff33ada9b1bb7ee5a43130da18ba109a9e2186dfa6c2dc1d823e9066e1590203010001
info|2026-02-06 15:24:16.474028|ioService-0x0000765e869fe6c0|[P2PService][Service]updateStaticNodes,nodeid=3082010a02820101009d9833c7e1dbf7d476b1fd7227e247b488323cbd272862d096a4010035236b7d36e2aede87e4f36adfd2e2e44f2945e9a4170901f5865f04cb779a1c1e1fc2f3e56fc6ea80a2665d5da60fce851ccd94bb60aced8e256a551ebb6edcf78febb8eb8bbb3c4fab73bacd5675925d72c787a8d8e179c70b24c484ae98ea7cc956a196c0c8266073d549963e44bfee479261b4c7a5497320d8a89de71743baf1516450118e57b4b07227de0429adf0d02305ad79d40958f48b3c7d6802814fc5c25be7c54c85463c993254d08401e1c7c1cc5586b265a1616617cc2ba7f29e928ff792e4ff33ada9b1bb7ee5a43130da18ba109a9e2186dfa6c2dc1d823e9066e1590203010001,endpoint=127.0.0.1:30302
info|2026-02-06 15:24:16.474099|ioService-0x0000765e869fe6c0|[SESSION][Session][Session::~Session] this=0x765e9b8861d0
info|2026-02-06 15:24:16.474181|fisco-bcos-0x0000765ebbdfe6c0|[P2PService][Service]Disconnect duplicate peer,p2pid=3082010a0282010100a492268b412bea3e8f972dff0dc52c521cd06884f53d90f3889c7014f7cb635c38a07b81af9630f2b04238a726b029af6b4b924e132710d2894b7175f12a5e323a7119afd27786b01965d49b9c885ff3768f40b9d57817bc1305124f40ced3b1ac99666773a3a64cce079e95acbc31d42f416aad362594008547aae561213b022db32ed9d1bd67df5c020bc44dcc073982b4566fd04048555b1ea84279063d5b1047e9f42776ef03677d2dd1454433fdb3feced3f41b92efdfeda545d56c1c9ba349584c9095f3ad9e31c2db11cbe3007ee7817f5846f87eb01c296d81b36dbbc765b4c7af74aface1276dd4fd91963729e495694b6af5c0d6111c49115a2c3f0203010001
info|2026-02-06 15:24:16.474343|ioService-0x0000765e871ff6c0|[P2PService][Service2][onReceiveRouterTableRequest],peer=3082010a0282010100a492268b412bea3e8f972dff0dc52c521cd06884f53d90f3889c7014f7cb635c38a07b81af9630f2b04238a726b029af6b4b924e132710d2894b7175f12a5e323a7119afd27786b01965d49b9c885ff3768f40b9d57817bc1305124f40ced3b1ac99666773a3a64cce079e95acbc31d42f416aad362594008547aae561213b022db32ed9d1bd67df5c020bc44dcc073982b4566fd04048555b1ea84279063d5b1047e9f42776ef03677d2dd1454433fdb3feced3f41b92efdfeda545d56c1c9ba349584c9095f3ad9e31c2db11cbe3007ee7817f5846f87eb01c296d81b36dbbc765b4c7af74aface1276dd4fd91963729e495694b6af5c0d6111c49115a2c3f0203010001,entrySize=2
info|2026-02-06 15:24:16.474419|fisco-bcos-0x0000765ebbdfe6c0|[P2PService][Service]updateStaticNodes,nodeid=3082010a0282010100a492268b412bea3e8f972dff0dc52c521cd06884f53d90f3889c7014f7cb635c38a07b81af9630f2b04238a726b029af6b4b924e132710d2894b7175f12a5e323a7119afd27786b01965d49b9c885ff3768f40b9d57817bc1305124f40ced3b1ac99666773a3a64cce079e95acbc31d42f416aad362594008547aae561213b022db32ed9d1bd67df5c020bc44dcc073982b4566fd04048555b1ea84279063d5b1047e9f42776ef03677d2dd1454433fdb3feced3f41b92efdfeda545d56c1c9ba349584c9095f3ad9e31c2db11cbe3007ee7817f5846f87eb01c296d81b36dbbc765b4c7af74aface1276dd4fd91963729e495694b6af5c0d6111c49115a2c3f0203010001,endpoint=127.0.0.1:30300
info|2026-02-06 15:24:16.474716|fisco-bcos-0x0000765ebbdfe6c0|[SESSION][Session][Session::~Session] this=0x765e9f4881d0
info|2026-02-06 15:24:16.474908|ioService-0x0000765eb37fe6c0|[SESSION][Session]doRead error,endpoint=127.0.0.1:58974,message=stream truncated
info|2026-02-06 15:24:16.474929|ioService-0x0000765eb37fe6c0|[SESSION][Session]drop, call and erase all callback in this session!,this=0x765ea8e5d1d0,endpoint=127.0.0.1:58974
info|2026-02-06 15:24:16.474972|ioService-0x0000765eb37fe6c0|[SESSION][Session][drop] closing remote 0.0.0.0:0,reason=Low-level TCP communication error.,endpoint=127.0.0.1:58974
info|2026-02-06 15:24:16.475025|ioService-0x0000765eb37fe6c0|[SESSION][Session][drop] shutdown failed ,failedValue=9,message=Bad file descriptor
warning|2026-02-06 15:24:16.475076|ioService-0x0000765e871ff6c0|[P2PService][Service2][onMessage],code=3,msg=Disconnect
info|2026-02-06 15:24:16.475089|ioService-0x0000765e871ff6c0|[P2PService][Service]disconnect error P2PSession,p2pid=3082010a02820101009d9833c7e1dbf7d476b1fd7227e247b488323cbd272862d096a4010035236b7d36e2aede87e4f36adfd2e2e44f2945e9a4170901f5865f04cb779a1c1e1fc2f3e56fc6ea80a2665d5da60fce851ccd94bb60aced8e256a551ebb6edcf78febb8eb8bbb3c4fab73bacd5675925d72c787a8d8e179c70b24c484ae98ea7cc956a196c0c8266073d549963e44bfee479261b4c7a5497320d8a89de71743baf1516450118e57b4b07227de0429adf0d02305ad79d40958f48b3c7d6802814fc5c25be7c54c85463c993254d08401e1c7c1cc5586b265a1616617cc2ba7f29e928ff792e4ff33ada9b1bb7ee5a43130da18ba109a9e2186dfa6c2dc1d823e9066e1590203010001,endpoint=127.0.0.1:58974,code=3,message=Disconnect
info|2026-02-06 15:24:16.475095|ioService-0x0000765e871ff6c0|[Gateway][GatewayNodeManager]onRemoveNodeIDs,p2pid=3082010a02820101009d9833c7e1dbf7d476b1fd7227e247b488323cbd272862d096a4010035236b7d36e2aede87e4f36adfd2e2e44f2945e9a4170901f5865f04cb779a1c1e1fc2f3e56fc6ea80a2665d5da60fce851ccd94bb60aced8e256a551ebb6edcf78febb8eb8bbb3c4fab73bacd5675925d72c787a8d8e179c70b24c484ae98ea7cc956a196c0c8266073d549963e44bfee479261b4c7a5497320d8a89de71743baf1516450118e57b4b07227de0429adf0d02305ad79d40958f48b3c7d6802814fc5c25be7c54c85463c993254d08401e1c7c1cc5586b265a1616617cc2ba7f29e928ff792e4ff33ada9b1bb7ee5a43130da18ba109a9e2186dfa6c2dc1d823e9066e1590203010001
info|2026-02-06 15:24:16.475134|ioService-0x0000765e871ff6c0|[Gateway][Router]PeersRouterTable: removeP2PID,p2pID=3082010a02820101009d9833c7e1dbf7d476b1fd7227e247b488323cbd272862d096a4010035236b7d36e2aede87e4f36adfd2e2e44f2945e9a4170901f5865f04cb779a1c1e1fc2f3e56fc6ea80a2665d5da60fce851ccd94bb60aced8e256a551ebb6edcf78febb8eb8bbb3c4fab73bacd5675925d72c787a8d8e179c70b24c484ae98ea7cc956a196c0c8266073d549963e44bfee479261b4c7a5497320d8a89de71743baf1516450118e57b4b07227de0429adf0d02305ad79d40958f48b3c7d6802814fc5c25be7c54c85463c993254d08401e1c7c1cc5586b265a1616617cc2ba7f29e928ff792e4ff33ada9b1bb7ee5a43130da18ba109a9e2186dfa6c2dc1d823e9066e1590203010001
info|2026-02-06 15:24:16.475146|ioService-0x0000765e871ff6c0|[Gateway][GatewayNodeManager]syncLatestNodeIDList,groupID=group0,nodeCount=1
info|2026-02-06 15:24:16.475153|ioService-0x0000765e871ff6c0|[FrontService]protocolNegotiate success,nodeID=5b07d12d1512a66493c8fd3456d8c505e6ce05f20061613a4c48a1fa3755bbf9cc2d2f1878c4a6733389f03deb0a3fc0c672e2f4910fde9802d6675929cb3dc5,groupID=group0,minVersion=0,maxVersion=2,supportedMinVersion=0,supportedMaxVersion=2,version=2
info|2026-02-06 15:24:16.475163|ioService-0x0000765e871ff6c0|[FrontService]onReceiveGroupNodeInfo,groupID=group0,nodeIDs.size()=1
info|2026-02-06 15:24:16.475177|ioService-0x0000765e871ff6c0|[P2PService][Router][erase]make the router unreachable,dst=3082010a02820101009d9833c7e1dbf7d476b1fd7227e247b488323cbd272862d096a4010035236b7d36e2aede87e4f36adfd2e2e44f2945e9a4170901f5865f04cb779a1c1e1fc2f3e56fc6ea80a2665d5da60fce851ccd94bb60aced8e256a551ebb6edcf78febb8eb8bbb3c4fab73bacd5675925d72c787a8d8e179c70b24c484ae98ea7cc956a196c0c8266073d549963e44bfee479261b4c7a5497320d8a89de71743baf1516450118e57b4b07227de0429adf0d02305ad79d40958f48b3c7d6802814fc5c25be7c54c85463c993254d08401e1c7c1cc5586b265a1616617cc2ba7f29e928ff792e4ff33ada9b1bb7ee5a43130da18ba109a9e2186dfa6c2dc1d823e9066e1590203010001,distance=10,size=2
info|2026-02-06 15:24:16.475181|ioService-0x0000765e871ff6c0|[Gateway][GatewayNodeManager]onRemoveNodeIDs,p2pid=3082010a02820101009d9833c7e1dbf7d476b1fd7227e247b488323cbd272862d096a4010035236b7d36e2aede87e4f36adfd2e2e44f2945e9a4170901f5865f04cb779a1c1e1fc2f3e56fc6ea80a2665d5da60fce851ccd94bb60aced8e256a551ebb6edcf78febb8eb8bbb3c4fab73bacd5675925d72c787a8d8e179c70b24c484ae98ea7cc956a196c0c8266073d549963e44bfee479261b4c7a5497320d8a89de71743baf1516450118e57b4b07227de0429adf0d02305ad79d40958f48b3c7d6802814fc5c25be7c54c85463c993254d08401e1c7c1cc5586b265a1616617cc2ba7f29e928ff792e4ff33ada9b1bb7ee5a43130da18ba109a9e2186dfa6c2dc1d823e9066e1590203010001
info|2026-02-06 15:24:16.475187|ioService-0x0000765e871ff6c0|[Gateway][Router]PeersRouterTable: removeP2PID,p2pID=3082010a02820101009d9833c7e1dbf7d476b1fd7227e247b488323cbd272862d096a4010035236b7d36e2aede87e4f36adfd2e2e44f2945e9a4170901f5865f04cb779a1c1e1fc2f3e56fc6ea80a2665d5da60fce851ccd94bb60aced8e256a551ebb6edcf78febb8eb8bbb3c4fab73bacd5675925d72c787a8d8e179c70b24c484ae98ea7cc956a196c0c8266073d549963e44bfee479261b4c7a5497320d8a89de71743baf1516450118e57b4b07227de0429adf0d02305ad79d40958f48b3c7d6802814fc5c25be7c54c85463c993254d08401e1c7c1cc5586b265a1616617cc2ba7f29e928ff792e4ff33ada9b1bb7ee5a43130da18ba109a9e2186dfa6c2dc1d823e9066e1590203010001
info|2026-02-06 15:24:16.475194|ioService-0x0000765e871ff6c0|[Gateway][GatewayNodeManager]syncLatestNodeIDList,groupID=group0,nodeCount=1
info|2026-02-06 15:24:16.475196|ioService-0x0000765e871ff6c0|[FrontService]protocolNegotiate success,nodeID=5b07d12d1512a66493c8fd3456d8c505e6ce05f20061613a4c48a1fa3755bbf9cc2d2f1878c4a6733389f03deb0a3fc0c672e2f4910fde9802d6675929cb3dc5,groupID=group0,minVersion=0,maxVersion=2,supportedMinVersion=0,supportedMaxVersion=2,version=2
info|2026-02-06 15:24:16.475199|ioService-0x0000765e871ff6c0|[FrontService]onReceiveGroupNodeInfo,groupID=group0,nodeIDs.size()=1
info|2026-02-06 15:24:16.475245|ioService-0x0000765e871ff6c0|[P2PService][Service2][onEraseSession],dst=3082010a02820101009d9833c7e1dbf7d476b1fd7227e247b488323cbd272862d096a4010035236b7d36e2aede87e4f36adfd2e2e44f2945e9a4170901f5865f04cb779a1c1e1fc2f3e56fc6ea80a2665d5da60fce851ccd94bb60aced8e256a551ebb6edcf78febb8eb8bbb3c4fab73bacd5675925d72c787a8d8e179c70b24c484ae98ea7cc956a196c0c8266073d549963e44bfee479261b4c7a5497320d8a89de71743baf1516450118e57b4b07227de0429adf0d02305ad79d40958f48b3c7d6802814fc5c25be7c54c85463c993254d08401e1c7c1cc5586b265a1616617cc2ba7f29e928ff792e4ff33ada9b1bb7ee5a43130da18ba109a9e2186dfa6c2dc1d823e9066e1590203010001
info|2026-02-06 15:24:16.475250|ioService-0x0000765e871ff6c0|[P2PService][Service]onDisconnect,code=3,what=Dynamic exception type: bcos::gateway::NetworkException
std::exception::what: Disconnect
info|2026-02-06 15:24:16.475275|ioService-0x0000765e871ff6c0|[P2PService][P2PSession][P2PSession::~P2PSession] this=0x765ec48201d0
info|2026-02-06 15:24:16.475301|ioService-0x0000765e871ff6c0|[SESSION][Session][Session::~Session] this=0x765ea8e5d1d0
info|2026-02-06 15:24:16.475316|ioService-0x0000765eb2dfd6c0|[NETWORK][Host]obtainP2pInfo ,node_info=3082010a0282010100d938a7d0e5078fdc3bfe83bfe8c789160de4c9e207ff836ef8d64a0c846f5f628646fe9170bec49eec44aebb3f17334e76b1003dae65d6858a626d60a3ff3dbbff8cf15ca934ca0f7a09b9ae6c17c911bb2f6083cab81540e00a8d9b9393a3341b90dd134f4a2ec21f1d8c55c2df687896873a36661a862226614582077d41811bcb3e6632cbf1767f6189b76054e8186606ee5a2c73bffe1bd6c8fc415f481324f015045231d662173b6f7e814068dffd598ce9a6f4630744bb0aa80f9f74403f4c3da3ca856b40d043885cc1e7beac524853fafb01fb61c3023ab04047e29d50a5d4cd612fc9ae90e7832fde7d1dea0804dc16fff17500517be0bf5d28f4ab0203010001#D938A7D0E5078FDC3BFE83BFE8C789160DE4C9E207FF836EF8D64A0C846F5F628646FE9170BEC49EEC44AEBB3F17334E76B1003DAE65D6858A626D60A3FF3DBBFF8CF15CA934CA0F7A09B9AE6C17C911BB2F6083CAB81540E00A8D9B9393A3341B90DD134F4A2EC21F1D8C55C2DF687896873A36661A862226614582077D41811BCB3E6632CBF1767F6189B76054E8186606EE5A2C73BFFE1BD6C8FC415F481324F015045231D662173B6F7E814068DFFD598CE9A6F4630744BB0AA80F9F74403F4C3DA3CA856B40D043885CC1E7BEAC524853FAFB01FB61C3023AB04047E29D50A5D4CD612FC9AE90E7832FDE7D1DEA0804DC16FFF17500517BE0BF5D28F4AB#/CN=FISCO-BCOS-e9f43089/O=FISCO-BCOS-e9f43089/OU=chain#/CN=FISCO-BCOS-e9f43089/O=fisco-bcos/OU=agency,p2pid=3082010a0282010100d938a7d0e5078fdc3bfe83bfe8c789160de4c9e207ff836ef8d64a0c846f5f628646fe9170bec49eec44aebb3f17334e76b1003dae65d6858a626d60a3ff3dbbff8cf15ca934ca0f7a09b9ae6c17c911bb2f6083cab81540e00a8d9b9393a3341b90dd134f4a2ec21f1d8c55c2df687896873a36661a862226614582077d41811bcb3e6632cbf1767f6189b76054e8186606ee5a2c73bffe1bd6c8fc415f481324f015045231d662173b6f7e814068dffd598ce9a6f4630744bb0aa80f9f74403f4c3da3ca856b40d043885cc1e7beac524853fafb01fb61c3023ab04047e29d50a5d4cd612fc9ae90e7832fde7d1dea0804dc16fff17500517be0bf5d28f4ab0203010001
info|2026-02-06 15:24:16.475327|fisco-bcos-0x0000765ec5dff6c0|SyncConfig: setConnectedNodeList,size=1
info|2026-02-06 15:24:16.475363|fisco-bcos-0x0000765ec5dff6c0|SyncConfig: setConnectedNodeList,size=1
info|2026-02-06 15:24:16.475374|fisco-bcos-0x0000765ec5dff6c0|[FRONTSERVICE]notifyGroupNodeInfo,connectedNodeSize=1
info|2026-02-06 15:24:16.475402|ioService-0x0000765eb2dfd6c0|[NETWORK][Host]handshakeServer succ,remote endpoint=127.0.0.1:58988,nodeid=3082010a0282010100d938a7d0e5078fdc3bfe83bfe8c789160de4c9e207ff836ef8d64a0c846f5f628646fe9170bec49eec44aebb3f17334e76b1003dae65d6858a626d60a3ff3dbbff8cf15ca934ca0f7a09b9ae6c17c911bb2f6083cab81540e00a8d9b9393a3341b90dd134f4a2ec21f1d8c55c2df687896873a36661a862226614582077d41811bcb3e6632cbf1767f6189b76054e8186606ee5a2c73bffe1bd6c8fc415f481324f015045231d662173b6f7e814068dffd598ce9a6f4630744bb0aa80f9f74403f4c3da3ca856b40d043885cc1e7beac524853fafb01fb61c3023ab04047e29d50a5d4cd612fc9ae90e7832fde7d1dea0804dc16fff17500517be0bf5d28f4ab0203010001
info|2026-02-06 15:24:16.475635|fisco-bcos-0x0000765e861fc6c0|[P2PService][Service2][onReceiveRouterTableRequest],peer=3082010a0282010100a492268b412bea3e8f972dff0dc52c521cd06884f53d90f3889c7014f7cb635c38a07b81af9630f2b04238a726b029af6b4b924e132710d2894b7175f12a5e323a7119afd27786b01965d49b9c885ff3768f40b9d57817bc1305124f40ced3b1ac99666773a3a64cce079e95acbc31d42f416aad362594008547aae561213b022db32ed9d1bd67df5c020bc44dcc073982b4566fd04048555b1ea84279063d5b1047e9f42776ef03677d2dd1454433fdb3feced3f41b92efdfeda545d56c1c9ba349584c9095f3ad9e31c2db11cbe3007ee7817f5846f87eb01c296d81b36dbbc765b4c7af74aface1276dd4fd91963729e495694b6af5c0d6111c49115a2c3f0203010001,entrySize=2
info|2026-02-06 15:24:16.475977|ioService-0x0000765eb5bff6c0|[Gateway][Factory][NEW]SSLContext pubHex: 3082010a0282010100a9ba081864ed1c68f5b81b4fa31a3cb4c81583e0e7c5eec4d7249ecd7d2c8f901393580ca25747abc4e01775b9ff41392cf15074a577cc078f4b07f3152faa0dfe540c63b8de93fbc3afe02564592e274c9c1a76bb0cc8c4692d9404f8e0b7b5440bd66d6e70c33a6d35aca5767a88332fd7853571427789bb25413b734abc293a58791b28aece40a8f74238c2f8b0d32bbbb5f020cfd72ad86d4fb6f1904605a5f43f0f58ed4c826346ad1b71ddac3a15040d6cd21f31f9044b82e690f91329d956b39005f4ab421029ebe499a3fe7179586deded25784665d8949c4db5defd0cbbaf2f27221f3d59e7314f4374086dceea8903a6aedc17d8ca5c7ec4b03fef0203010001
info|2026-02-06 15:24:16.476015|ioService-0x0000765eb5bff6c0|[NETWORK][Host]Get ca basic failed
info|2026-02-06 15:24:16.476139|ioService-0x0000765eb5bff6c0|[Gateway][Factory][NEW]SSLContext pubHex: 3082010a0282010100d938a7d0e5078fdc3bfe83bfe8c789160de4c9e207ff836ef8d64a0c846f5f628646fe9170bec49eec44aebb3f17334e76b1003dae65d6858a626d60a3ff3dbbff8cf15ca934ca0f7a09b9ae6c17c911bb2f6083cab81540e00a8d9b9393a3341b90dd134f4a2ec21f1d8c55c2df687896873a36661a862226614582077d41811bcb3e6632cbf1767f6189b76054e8186606ee5a2c73bffe1bd6c8fc415f481324f015045231d662173b6f7e814068dffd598ce9a6f4630744bb0aa80f9f74403f4c3da3ca856b40d043885cc1e7beac524853fafb01fb61c3023ab04047e29d50a5d4cd612fc9ae90e7832fde7d1dea0804dc16fff17500517be0bf5d28f4ab0203010001
info|2026-02-06 15:24:16.476102|fisco-bcos-0x0000765e85dfb6c0|SyncConfig: setConnectedNodeList,size=1
info|2026-02-06 15:24:16.476168|ioService-0x0000765eb5bff6c0|[Gateway][Factory][NEW]SSLContext pubHex: D938A7D0E5078FDC3BFE83BFE8C789160DE4C9E207FF836EF8D64A0C846F5F628646FE9170BEC49EEC44AEBB3F17334E76B1003DAE65D6858A626D60A3FF3DBBFF8CF15CA934CA0F7A09B9AE6C17C911BB2F6083CAB81540E00A8D9B9393A3341B90DD134F4A2EC21F1D8C55C2DF687896873A36661A862226614582077D41811BCB3E6632CBF1767F6189B76054E8186606EE5A2C73BFFE1BD6C8FC415F481324F015045231D662173B6F7E814068DFFD598CE9A6F4630744BB0AA80F9F74403F4C3DA3CA856B40D043885CC1E7BEAC524853FAFB01FB61C3023AB04047E29D50A5D4CD612FC9AE90E7832FDE7D1DEA0804DC16FFF17500517BE0BF5D28F4AB
info|2026-02-06 15:24:16.476187|fisco-bcos-0x0000765e85dfb6c0|SyncConfig: setConnectedNodeList,size=1
info|2026-02-06 15:24:16.476195|fisco-bcos-0x0000765e85dfb6c0|[FRONTSERVICE]notifyGroupNodeInfo,connectedNodeSize=1
info|2026-02-06 15:24:16.476732|ioService-0x0000765eb2dfd6c0|[SESSION][Session][Session::Session] this=0x765eafe5b1d0,recvBufferSize=67108864
info|2026-02-06 15:24:16.476834|ioService-0x0000765eb2dfd6c0|[SessionFactory]create new session,sessionRecvBufferSize=67108864,allowMaxMsgSize=33554432,maxReadDataSize=40960,maxSendDataSize=1048576,maxSendMsgCountS=10,enableCompress=true
info|2026-02-06 15:24:16.476913|ioService-0x0000765eb2dfd6c0|[NETWORK][Host]startPeerSession, Remote=127.0.0.1:58988,local endpoint=127.0.0.1:30303,p2pid=3082010a0282010100d938a7d0e5078fdc3bfe83bfe8c789160de4c9e207ff836ef8d64a0c846f5f628646fe9170bec49eec44aebb3f17334e76b1003dae65d6858a626d60a3ff3dbbff8cf15ca934ca0f7a09b9ae6c17c911bb2f6083cab81540e00a8d9b9393a3341b90dd134f4a2ec21f1d8c55c2df687896873a36661a862226614582077d41811bcb3e6632cbf1767f6189b76054e8186606ee5a2c73bffe1bd6c8fc415f481324f015045231d662173b6f7e814068dffd598ce9a6f4630744bb0aa80f9f74403f4c3da3ca856b40d043885cc1e7beac524853fafb01fb61c3023ab04047e29d50a5d4cd612fc9ae90e7832fde7d1dea0804dc16fff17500517be0bf5d28f4ab0203010001
info|2026-02-06 15:24:16.477044|fisco-bcos-0x0000765ec71fd6c0|[P2PService][Service]onConnect,p2pid=3082010a0282010100d938a7d0e5078fdc3bfe83bfe8c789160de4c9e207ff836ef8d64a0c846f5f628646fe9170bec49eec44aebb3f17334e76b1003dae65d6858a626d60a3ff3dbbff8cf15ca934ca0f7a09b9ae6c17c911bb2f6083cab81540e00a8d9b9393a3341b90dd134f4a2ec21f1d8c55c2df687896873a36661a862226614582077d41811bcb3e6632cbf1767f6189b76054e8186606ee5a2c73bffe1bd6c8fc415f481324f015045231d662173b6f7e814068dffd598ce9a6f4630744bb0aa80f9f74403f4c3da3ca856b40d043885cc1e7beac524853fafb01fb61c3023ab04047e29d50a5d4cd612fc9ae90e7832fde7d1dea0804dc16fff17500517be0bf5d28f4ab0203010001,endpoint=127.0.0.1
info|2026-02-06 15:24:16.477182|fisco-bcos-0x0000765ec71fd6c0|[P2PService][P2PSession][P2PSession::P2PSession] this=0x765ec46541d0
info|2026-02-06 15:24:16.477291|fisco-bcos-0x0000765eba9ff6c0|[P2PService][Service2][onReceivePeersRouterTable],peer=3082010a0282010100a492268b412bea3e8f972dff0dc52c521cd06884f53d90f3889c7014f7cb635c38a07b81af9630f2b04238a726b029af6b4b924e132710d2894b7175f12a5e323a7119afd27786b01965d49b9c885ff3768f40b9d57817bc1305124f40ced3b1ac99666773a3a64cce079e95acbc31d42f416aad362594008547aae561213b022db32ed9d1bd67df5c020bc44dcc073982b4566fd04048555b1ea84279063d5b1047e9f42776ef03677d2dd1454433fdb3feced3f41b92efdfeda545d56c1c9ba349584c9095f3ad9e31c2db11cbe3007ee7817f5846f87eb01c296d81b36dbbc765b4c7af74aface1276dd4fd91963729e495694b6af5c0d6111c49115a2c3f0203010001,entrySize=1
info|2026-02-06 15:24:16.477317|fisco-bcos-0x0000765eba9ff6c0|[P2PService][Service2][joinRouterTable]create router entry,dst=3082010a0282010100a492268b412bea3e8f972dff0dc52c521cd06884f53d90f3889c7014f7cb635c38a07b81af9630f2b04238a726b029af6b4b924e132710d2894b7175f12a5e323a7119afd27786b01965d49b9c885ff3768f40b9d57817bc1305124f40ced3b1ac99666773a3a64cce079e95acbc31d42f416aad362594008547aae561213b022db32ed9d1bd67df5c020bc44dcc073982b4566fd04048555b1ea84279063d5b1047e9f42776ef03677d2dd1454433fdb3feced3f41b92efdfeda545d56c1c9ba349584c9095f3ad9e31c2db11cbe3007ee7817f5846f87eb01c296d81b36dbbc765b4c7af74aface1276dd4fd91963729e495694b6af5c0d6111c49115a2c3f0203010001
info|2026-02-06 15:24:16.477337|fisco-bcos-0x0000765ec71fd6c0|[SESSION][Session][start] start session ,this=0x765eafe5b1d0
info|2026-02-06 15:24:16.477371|fisco-bcos-0x0000765ec71fd6c0|[P2PService][Service]asyncSendProtocol,payload=5,seq=15
info|2026-02-06 15:24:16.477381|fisco-bcos-0x0000765ec71fd6c0|[P2PService][Router][updateDstNodeEntry]insert new entry into the routerTable,distance=1,dst=3082010a0282010100d938a7d0e5078fdc3bfe83bfe8c789160de4c9e207ff836ef8d64a0c846f5f628646fe9170bec49eec44aebb3f17334e76b1003dae65d6858a626d60a3ff3dbbff8cf15ca934ca0f7a09b9ae6c17c911bb2f6083cab81540e00a8d9b9393a3341b90dd134f4a2ec21f1d8c55c2df687896873a36661a862226614582077d41811bcb3e6632cbf1767f6189b76054e8186606ee5a2c73bffe1bd6c8fc415f481324f015045231d662173b6f7e814068dffd598ce9a6f4630744bb0aa80f9f74403f4c3da3ca856b40d043885cc1e7beac524853fafb01fb61c3023ab04047e29d50a5d4cd612fc9ae90e7832fde7d1dea0804dc16fff17500517be0bf5d28f4ab0203010001,nextHop=,size=3
info|2026-02-06 15:24:16.477442|fisco-bcos-0x0000765ec71fd6c0|[P2PService][Service2][onNewSession]update routerTable,dst=3082010a0282010100d938a7d0e5078fdc3bfe83bfe8c789160de4c9e207ff836ef8d64a0c846f5f628646fe9170bec49eec44aebb3f17334e76b1003dae65d6858a626d60a3ff3dbbff8cf15ca934ca0f7a09b9ae6c17c911bb2f6083cab81540e00a8d9b9393a3341b90dd134f4a2ec21f1d8c55c2df687896873a36661a862226614582077d41811bcb3e6632cbf1767f6189b76054e8186606ee5a2c73bffe1bd6c8fc415f481324f015045231d662173b6f7e814068dffd598ce9a6f4630744bb0aa80f9f74403f4c3da3ca856b40d043885cc1e7beac524853fafb01fb61c3023ab04047e29d50a5d4cd612fc9ae90e7832fde7d1dea0804dc16fff17500517be0bf5d28f4ab0203010001
info|2026-02-06 15:24:16.477461|fisco-bcos-0x0000765ec71fd6c0|[P2PService][Service]Connection established,p2pid=3082010a0282010100d938a7d0e5078fdc3bfe83bfe8c789160de4c9e207ff836ef8d64a0c846f5f628646fe9170bec49eec44aebb3f17334e76b1003dae65d6858a626d60a3ff3dbbff8cf15ca934ca0f7a09b9ae6c17c911bb2f6083cab81540e00a8d9b9393a3341b90dd134f4a2ec21f1d8c55c2df687896873a36661a862226614582077d41811bcb3e6632cbf1767f6189b76054e8186606ee5a2c73bffe1bd6c8fc415f481324f015045231d662173b6f7e814068dffd598ce9a6f4630744bb0aa80f9f74403f4c3da3ca856b40d043885cc1e7beac524853fafb01fb61c3023ab04047e29d50a5d4cd612fc9ae90e7832fde7d1dea0804dc16fff17500517be0bf5d28f4ab0203010001,endpoint=127.0.0.1:58988
info|2026-02-06 15:24:16.477507|fisco-bcos-0x0000765e865fd6c0|[P2PService][Service2][onReceiveRouterTableRequest],peer=3082010a0282010100a492268b412bea3e8f972dff0dc52c521cd06884f53d90f3889c7014f7cb635c38a07b81af9630f2b04238a726b029af6b4b924e132710d2894b7175f12a5e323a7119afd27786b01965d49b9c885ff3768f40b9d57817bc1305124f40ced3b1ac99666773a3a64cce079e95acbc31d42f416aad362594008547aae561213b022db32ed9d1bd67df5c020bc44dcc073982b4566fd04048555b1ea84279063d5b1047e9f42776ef03677d2dd1454433fdb3feced3f41b92efdfeda545d56c1c9ba349584c9095f3ad9e31c2db11cbe3007ee7817f5846f87eb01c296d81b36dbbc765b4c7af74aface1276dd4fd91963729e495694b6af5c0d6111c49115a2c3f0203010001,entrySize=3
info|2026-02-06 15:24:16.477586|fisco-bcos-0x0000765ec25fc6c0|[P2PService][Service2][onReceiveRouterSeq]receive router seq and request router table,peer=3082010a0282010100a492268b412bea3e8f972dff0dc52c521cd06884f53d90f3889c7014f7cb635c38a07b81af9630f2b04238a726b029af6b4b924e132710d2894b7175f12a5e323a7119afd27786b01965d49b9c885ff3768f40b9d57817bc1305124f40ced3b1ac99666773a3a64cce079e95acbc31d42f416aad362594008547aae561213b022db32ed9d1bd67df5c020bc44dcc073982b4566fd04048555b1ea84279063d5b1047e9f42776ef03677d2dd1454433fdb3feced3f41b92efdfeda545d56c1c9ba349584c9095f3ad9e31c2db11cbe3007ee7817f5846f87eb01c296d81b36dbbc765b4c7af74aface1276dd4fd91963729e495694b6af5c0d6111c49115a2c3f0203010001,seq=3
info|2026-02-06 15:24:16.478229|fisco-bcos-0x0000765e851f96c0|[P2PService][Service2][onReceiveRouterSeq]receive router seq and request router table,peer=3082010a0282010100a492268b412bea3e8f972dff0dc52c521cd06884f53d90f3889c7014f7cb635c38a07b81af9630f2b04238a726b029af6b4b924e132710d2894b7175f12a5e323a7119afd27786b01965d49b9c885ff3768f40b9d57817bc1305124f40ced3b1ac99666773a3a64cce079e95acbc31d42f416aad362594008547aae561213b022db32ed9d1bd67df5c020bc44dcc073982b4566fd04048555b1ea84279063d5b1047e9f42776ef03677d2dd1454433fdb3feced3f41b92efdfeda545d56c1c9ba349584c9095f3ad9e31c2db11cbe3007ee7817f5846f87eb01c296d81b36dbbc765b4c7af74aface1276dd4fd91963729e495694b6af5c0d6111c49115a2c3f0203010001,seq=4
info|2026-02-06 15:24:16.478420|fisco-bcos-0x0000765ec85ca6c0|[P2PService][Service2][onReceiveRouterTableRequest],peer=3082010a0282010100a492268b412bea3e8f972dff0dc52c521cd06884f53d90f3889c7014f7cb635c38a07b81af9630f2b04238a726b029af6b4b924e132710d2894b7175f12a5e323a7119afd27786b01965d49b9c885ff3768f40b9d57817bc1305124f40ced3b1ac99666773a3a64cce079e95acbc31d42f416aad362594008547aae561213b022db32ed9d1bd67df5c020bc44dcc073982b4566fd04048555b1ea84279063d5b1047e9f42776ef03677d2dd1454433fdb3feced3f41b92efdfeda545d56c1c9ba349584c9095f3ad9e31c2db11cbe3007ee7817f5846f87eb01c296d81b36dbbc765b4c7af74aface1276dd4fd91963729e495694b6af5c0d6111c49115a2c3f0203010001,entrySize=3
info|2026-02-06 15:24:16.478743|ioService-0x0000765eb5bff6c0|[NETWORK][Host]obtainP2pInfo ,node_info=3082010a0282010100d938a7d0e5078fdc3bfe83bfe8c789160de4c9e207ff836ef8d64a0c846f5f628646fe9170bec49eec44aebb3f17334e76b1003dae65d6858a626d60a3ff3dbbff8cf15ca934ca0f7a09b9ae6c17c911bb2f6083cab81540e00a8d9b9393a3341b90dd134f4a2ec21f1d8c55c2df687896873a36661a862226614582077d41811bcb3e6632cbf1767f6189b76054e8186606ee5a2c73bffe1bd6c8fc415f481324f015045231d662173b6f7e814068dffd598ce9a6f4630744bb0aa80f9f74403f4c3da3ca856b40d043885cc1e7beac524853fafb01fb61c3023ab04047e29d50a5d4cd612fc9ae90e7832fde7d1dea0804dc16fff17500517be0bf5d28f4ab0203010001#D938A7D0E5078FDC3BFE83BFE8C789160DE4C9E207FF836EF8D64A0C846F5F628646FE9170BEC49EEC44AEBB3F17334E76B1003DAE65D6858A626D60A3FF3DBBFF8CF15CA934CA0F7A09B9AE6C17C911BB2F6083CAB81540E00A8D9B9393A3341B90DD134F4A2EC21F1D8C55C2DF687896873A36661A862226614582077D41811BCB3E6632CBF1767F6189B76054E8186606EE5A2C73BFFE1BD6C8FC415F481324F015045231D662173B6F7E814068DFFD598CE9A6F4630744BB0AA80F9F74403F4C3DA3CA856B40D043885CC1E7BEAC524853FAFB01FB61C3023AB04047E29D50A5D4CD612FC9AE90E7832FDE7D1DEA0804DC16FFF17500517BE0BF5D28F4AB#/CN=FISCO-BCOS-e9f43089/O=FISCO-BCOS-e9f43089/OU=chain#/CN=FISCO-BCOS-e9f43089/O=fisco-bcos/OU=agency,p2pid=3082010a0282010100d938a7d0e5078fdc3bfe83bfe8c789160de4c9e207ff836ef8d64a0c846f5f628646fe9170bec49eec44aebb3f17334e76b1003dae65d6858a626d60a3ff3dbbff8cf15ca934ca0f7a09b9ae6c17c911bb2f6083cab81540e00a8d9b9393a3341b90dd134f4a2ec21f1d8c55c2df687896873a36661a862226614582077d41811bcb3e6632cbf1767f6189b76054e8186606ee5a2c73bffe1bd6c8fc415f481324f015045231d662173b6f7e814068dffd598ce9a6f4630744bb0aa80f9f74403f4c3da3ca856b40d043885cc1e7beac524853fafb01fb61c3023ab04047e29d50a5d4cd612fc9ae90e7832fde7d1dea0804dc16fff17500517be0bf5d28f4ab0203010001
info|2026-02-06 15:24:16.478787|ioService-0x0000765eb5bff6c0|[NETWORK][Host]handshakeClient succ,local endpoint=127.0.0.1:56478
info|2026-02-06 15:24:16.479318|ioService-0x0000765eb5bff6c0|[SESSION][Session][Session::Session] this=0x765e970881d0,recvBufferSize=67108864
info|2026-02-06 15:24:16.479426|ioService-0x0000765eb5bff6c0|[SessionFactory]create new session,sessionRecvBufferSize=67108864,allowMaxMsgSize=33554432,maxReadDataSize=40960,maxSendDataSize=1048576,maxSendMsgCountS=10,enableCompress=true
info|2026-02-06 15:24:16.479532|ioService-0x0000765eb5bff6c0|[NETWORK][Host]startPeerSession, Remote=127.0.0.1:30301,local endpoint=127.0.0.1:56478,p2pid=3082010a0282010100d938a7d0e5078fdc3bfe83bfe8c789160de4c9e207ff836ef8d64a0c846f5f628646fe9170bec49eec44aebb3f17334e76b1003dae65d6858a626d60a3ff3dbbff8cf15ca934ca0f7a09b9ae6c17c911bb2f6083cab81540e00a8d9b9393a3341b90dd134f4a2ec21f1d8c55c2df687896873a36661a862226614582077d41811bcb3e6632cbf1767f6189b76054e8186606ee5a2c73bffe1bd6c8fc415f481324f015045231d662173b6f7e814068dffd598ce9a6f4630744bb0aa80f9f74403f4c3da3ca856b40d043885cc1e7beac524853fafb01fb61c3023ab04047e29d50a5d4cd612fc9ae90e7832fde7d1dea0804dc16fff17500517be0bf5d28f4ab0203010001
info|2026-02-06 15:24:16.479588|fisco-bcos-0x0000765ec85ca6c0|[P2PService][Service]onConnect,p2pid=3082010a0282010100d938a7d0e5078fdc3bfe83bfe8c789160de4c9e207ff836ef8d64a0c846f5f628646fe9170bec49eec44aebb3f17334e76b1003dae65d6858a626d60a3ff3dbbff8cf15ca934ca0f7a09b9ae6c17c911bb2f6083cab81540e00a8d9b9393a3341b90dd134f4a2ec21f1d8c55c2df687896873a36661a862226614582077d41811bcb3e6632cbf1767f6189b76054e8186606ee5a2c73bffe1bd6c8fc415f481324f015045231d662173b6f7e814068dffd598ce9a6f4630744bb0aa80f9f74403f4c3da3ca856b40d043885cc1e7beac524853fafb01fb61c3023ab04047e29d50a5d4cd612fc9ae90e7832fde7d1dea0804dc16fff17500517be0bf5d28f4ab0203010001,endpoint=127.0.0.1
info|2026-02-06 15:24:16.479599|fisco-bcos-0x0000765ec85ca6c0|[P2PService][Service]Disconnect duplicate peer,p2pid=3082010a0282010100d938a7d0e5078fdc3bfe83bfe8c789160de4c9e207ff836ef8d64a0c846f5f628646fe9170bec49eec44aebb3f17334e76b1003dae65d6858a626d60a3ff3dbbff8cf15ca934ca0f7a09b9ae6c17c911bb2f6083cab81540e00a8d9b9393a3341b90dd134f4a2ec21f1d8c55c2df687896873a36661a862226614582077d41811bcb3e6632cbf1767f6189b76054e8186606ee5a2c73bffe1bd6c8fc415f481324f015045231d662173b6f7e814068dffd598ce9a6f4630744bb0aa80f9f74403f4c3da3ca856b40d043885cc1e7beac524853fafb01fb61c3023ab04047e29d50a5d4cd612fc9ae90e7832fde7d1dea0804dc16fff17500517be0bf5d28f4ab0203010001
info|2026-02-06 15:24:16.479603|fisco-bcos-0x0000765ec85ca6c0|[P2PService][Service]updateStaticNodes,nodeid=3082010a0282010100d938a7d0e5078fdc3bfe83bfe8c789160de4c9e207ff836ef8d64a0c846f5f628646fe9170bec49eec44aebb3f17334e76b1003dae65d6858a626d60a3ff3dbbff8cf15ca934ca0f7a09b9ae6c17c911bb2f6083cab81540e00a8d9b9393a3341b90dd134f4a2ec21f1d8c55c2df687896873a36661a862226614582077d41811bcb3e6632cbf1767f6189b76054e8186606ee5a2c73bffe1bd6c8fc415f481324f015045231d662173b6f7e814068dffd598ce9a6f4630744bb0aa80f9f74403f4c3da3ca856b40d043885cc1e7beac524853fafb01fb61c3023ab04047e29d50a5d4cd612fc9ae90e7832fde7d1dea0804dc16fff17500517be0bf5d28f4ab0203010001,endpoint=127.0.0.1:30301
info|2026-02-06 15:24:16.479613|fisco-bcos-0x0000765ec85ca6c0|[SESSION][Session][Session::~Session] this=0x765e970881d0
info|2026-02-06 15:24:16.479727|fisco-bcos-0x0000765ec75fe6c0|[P2PService][Service2][onReceiveRouterSeq]receive router seq and request router table,peer=3082010a0282010100a492268b412bea3e8f972dff0dc52c521cd06884f53d90f3889c7014f7cb635c38a07b81af9630f2b04238a726b029af6b4b924e132710d2894b7175f12a5e323a7119afd27786b01965d49b9c885ff3768f40b9d57817bc1305124f40ced3b1ac99666773a3a64cce079e95acbc31d42f416aad362594008547aae561213b022db32ed9d1bd67df5c020bc44dcc073982b4566fd04048555b1ea84279063d5b1047e9f42776ef03677d2dd1454433fdb3feced3f41b92efdfeda545d56c1c9ba349584c9095f3ad9e31c2db11cbe3007ee7817f5846f87eb01c296d81b36dbbc765b4c7af74aface1276dd4fd91963729e495694b6af5c0d6111c49115a2c3f0203010001,seq=5
info|2026-02-06 15:24:16.479747|fisco-bcos-0x0000765ec71fd6c0|[P2PService][Service2][onReceivePeersRouterTable],peer=3082010a0282010100a492268b412bea3e8f972dff0dc52c521cd06884f53d90f3889c7014f7cb635c38a07b81af9630f2b04238a726b029af6b4b924e132710d2894b7175f12a5e323a7119afd27786b01965d49b9c885ff3768f40b9d57817bc1305124f40ced3b1ac99666773a3a64cce079e95acbc31d42f416aad362594008547aae561213b022db32ed9d1bd67df5c020bc44dcc073982b4566fd04048555b1ea84279063d5b1047e9f42776ef03677d2dd1454433fdb3feced3f41b92efdfeda545d56c1c9ba349584c9095f3ad9e31c2db11cbe3007ee7817f5846f87eb01c296d81b36dbbc765b4c7af74aface1276dd4fd91963729e495694b6af5c0d6111c49115a2c3f0203010001,entrySize=3
info|2026-02-06 15:24:16.479783|fisco-bcos-0x0000765e851f96c0|[P2PService][Service2][onReceivePeersRouterTable],peer=3082010a0282010100a492268b412bea3e8f972dff0dc52c521cd06884f53d90f3889c7014f7cb635c38a07b81af9630f2b04238a726b029af6b4b924e132710d2894b7175f12a5e323a7119afd27786b01965d49b9c885ff3768f40b9d57817bc1305124f40ced3b1ac99666773a3a64cce079e95acbc31d42f416aad362594008547aae561213b022db32ed9d1bd67df5c020bc44dcc073982b4566fd04048555b1ea84279063d5b1047e9f42776ef03677d2dd1454433fdb3feced3f41b92efdfeda545d56c1c9ba349584c9095f3ad9e31c2db11cbe3007ee7817f5846f87eb01c296d81b36dbbc765b4c7af74aface1276dd4fd91963729e495694b6af5c0d6111c49115a2c3f0203010001,entrySize=3
info|2026-02-06 15:24:16.479802|fisco-bcos-0x0000765e851f96c0|[P2PService][Service2][joinRouterTable]create router entry,dst=3082010a0282010100a492268b412bea3e8f972dff0dc52c521cd06884f53d90f3889c7014f7cb635c38a07b81af9630f2b04238a726b029af6b4b924e132710d2894b7175f12a5e323a7119afd27786b01965d49b9c885ff3768f40b9d57817bc1305124f40ced3b1ac99666773a3a64cce079e95acbc31d42f416aad362594008547aae561213b022db32ed9d1bd67df5c020bc44dcc073982b4566fd04048555b1ea84279063d5b1047e9f42776ef03677d2dd1454433fdb3feced3f41b92efdfeda545d56c1c9ba349584c9095f3ad9e31c2db11cbe3007ee7817f5846f87eb01c296d81b36dbbc765b4c7af74aface1276dd4fd91963729e495694b6af5c0d6111c49115a2c3f0203010001
info|2026-02-06 15:24:16.479940|fisco-bcos-0x0000765ec71fd6c0|[P2PService][Service2][joinRouterTable]create router entry,dst=3082010a0282010100a492268b412bea3e8f972dff0dc52c521cd06884f53d90f3889c7014f7cb635c38a07b81af9630f2b04238a726b029af6b4b924e132710d2894b7175f12a5e323a7119afd27786b01965d49b9c885ff3768f40b9d57817bc1305124f40ced3b1ac99666773a3a64cce079e95acbc31d42f416aad362594008547aae561213b022db32ed9d1bd67df5c020bc44dcc073982b4566fd04048555b1ea84279063d5b1047e9f42776ef03677d2dd1454433fdb3feced3f41b92efdfeda545d56c1c9ba349584c9095f3ad9e31c2db11cbe3007ee7817f5846f87eb01c296d81b36dbbc765b4c7af74aface1276dd4fd91963729e495694b6af5c0d6111c49115a2c3f0203010001
info|2026-02-06 15:24:16.480346|fisco-bcos-0x0000765ebcdfd6c0|[P2PService][Service]onReceiveProtocol: protocolNegotiate success,peer=3082010a0282010100d938a7d0e5078fdc3bfe83bfe8c789160de4c9e207ff836ef8d64a0c846f5f628646fe9170bec49eec44aebb3f17334e76b1003dae65d6858a626d60a3ff3dbbff8cf15ca934ca0f7a09b9ae6c17c911bb2f6083cab81540e00a8d9b9393a3341b90dd134f4a2ec21f1d8c55c2df687896873a36661a862226614582077d41811bcb3e6632cbf1767f6189b76054e8186606ee5a2c73bffe1bd6c8fc415f481324f015045231d662173b6f7e814068dffd598ce9a6f4630744bb0aa80f9f74403f4c3da3ca856b40d043885cc1e7beac524853fafb01fb61c3023ab04047e29d50a5d4cd612fc9ae90e7832fde7d1dea0804dc16fff17500517be0bf5d28f4ab0203010001,minVersion=0,maxVersion=2,supportMinVersion=0,supportMaxVersion=2,negotiatedVersion=2
info|2026-02-06 15:24:16.480769|fisco-bcos-0x0000765ec5dff6c0|[P2PService][Service2][onReceiveRouterSeq]receive router seq and request router table,peer=3082010a0282010100d938a7d0e5078fdc3bfe83bfe8c789160de4c9e207ff836ef8d64a0c846f5f628646fe9170bec49eec44aebb3f17334e76b1003dae65d6858a626d60a3ff3dbbff8cf15ca934ca0f7a09b9ae6c17c911bb2f6083cab81540e00a8d9b9393a3341b90dd134f4a2ec21f1d8c55c2df687896873a36661a862226614582077d41811bcb3e6632cbf1767f6189b76054e8186606ee5a2c73bffe1bd6c8fc415f481324f015045231d662173b6f7e814068dffd598ce9a6f4630744bb0aa80f9f74403f4c3da3ca856b40d043885cc1e7beac524853fafb01fb61c3023ab04047e29d50a5d4cd612fc9ae90e7832fde7d1dea0804dc16fff17500517be0bf5d28f4ab0203010001,seq=3
info|2026-02-06 15:24:16.481007|ioService-0x0000765e871ff6c0|[P2PService][Service2][onReceiveRouterTableRequest],peer=3082010a0282010100d938a7d0e5078fdc3bfe83bfe8c789160de4c9e207ff836ef8d64a0c846f5f628646fe9170bec49eec44aebb3f17334e76b1003dae65d6858a626d60a3ff3dbbff8cf15ca934ca0f7a09b9ae6c17c911bb2f6083cab81540e00a8d9b9393a3341b90dd134f4a2ec21f1d8c55c2df687896873a36661a862226614582077d41811bcb3e6632cbf1767f6189b76054e8186606ee5a2c73bffe1bd6c8fc415f481324f015045231d662173b6f7e814068dffd598ce9a6f4630744bb0aa80f9f74403f4c3da3ca856b40d043885cc1e7beac524853fafb01fb61c3023ab04047e29d50a5d4cd612fc9ae90e7832fde7d1dea0804dc16fff17500517be0bf5d28f4ab0203010001,entrySize=3
info|2026-02-06 15:24:16.483156|fisco-bcos-0x0000765ec85ca6c0|[P2PService][Service2][onReceiveRouterSeq]receive router seq and request router table,peer=3082010a0282010100a492268b412bea3e8f972dff0dc52c521cd06884f53d90f3889c7014f7cb635c38a07b81af9630f2b04238a726b029af6b4b924e132710d2894b7175f12a5e323a7119afd27786b01965d49b9c885ff3768f40b9d57817bc1305124f40ced3b1ac99666773a3a64cce079e95acbc31d42f416aad362594008547aae561213b022db32ed9d1bd67df5c020bc44dcc073982b4566fd04048555b1ea84279063d5b1047e9f42776ef03677d2dd1454433fdb3feced3f41b92efdfeda545d56c1c9ba349584c9095f3ad9e31c2db11cbe3007ee7817f5846f87eb01c296d81b36dbbc765b4c7af74aface1276dd4fd91963729e495694b6af5c0d6111c49115a2c3f0203010001,seq=6
info|2026-02-06 15:24:16.484344|fisco-bcos-0x0000765ec85ca6c0|[P2PService][Service2][onReceivePeersRouterTable],peer=3082010a0282010100d938a7d0e5078fdc3bfe83bfe8c789160de4c9e207ff836ef8d64a0c846f5f628646fe9170bec49eec44aebb3f17334e76b1003dae65d6858a626d60a3ff3dbbff8cf15ca934ca0f7a09b9ae6c17c911bb2f6083cab81540e00a8d9b9393a3341b90dd134f4a2ec21f1d8c55c2df687896873a36661a862226614582077d41811bcb3e6632cbf1767f6189b76054e8186606ee5a2c73bffe1bd6c8fc415f481324f015045231d662173b6f7e814068dffd598ce9a6f4630744bb0aa80f9f74403f4c3da3ca856b40d043885cc1e7beac524853fafb01fb61c3023ab04047e29d50a5d4cd612fc9ae90e7832fde7d1dea0804dc16fff17500517be0bf5d28f4ab0203010001,entrySize=2
info|2026-02-06 15:24:16.484358|fisco-bcos-0x0000765ec85ca6c0|[P2PService][Service2][joinRouterTable]create router entry,dst=3082010a0282010100d938a7d0e5078fdc3bfe83bfe8c789160de4c9e207ff836ef8d64a0c846f5f628646fe9170bec49eec44aebb3f17334e76b1003dae65d6858a626d60a3ff3dbbff8cf15ca934ca0f7a09b9ae6c17c911bb2f6083cab81540e00a8d9b9393a3341b90dd134f4a2ec21f1d8c55c2df687896873a36661a862226614582077d41811bcb3e6632cbf1767f6189b76054e8186606ee5a2c73bffe1bd6c8fc415f481324f015045231d662173b6f7e814068dffd598ce9a6f4630744bb0aa80f9f74403f4c3da3ca856b40d043885cc1e7beac524853fafb01fb61c3023ab04047e29d50a5d4cd612fc9ae90e7832fde7d1dea0804dc16fff17500517be0bf5d28f4ab0203010001
info|2026-02-06 15:24:16.484791|fisco-bcos-0x0000765ec57fe6c0|[P2PService][Service2][onReceivePeersRouterTable],peer=3082010a0282010100a492268b412bea3e8f972dff0dc52c521cd06884f53d90f3889c7014f7cb635c38a07b81af9630f2b04238a726b029af6b4b924e132710d2894b7175f12a5e323a7119afd27786b01965d49b9c885ff3768f40b9d57817bc1305124f40ced3b1ac99666773a3a64cce079e95acbc31d42f416aad362594008547aae561213b022db32ed9d1bd67df5c020bc44dcc073982b4566fd04048555b1ea84279063d5b1047e9f42776ef03677d2dd1454433fdb3feced3f41b92efdfeda545d56c1c9ba349584c9095f3ad9e31c2db11cbe3007ee7817f5846f87eb01c296d81b36dbbc765b4c7af74aface1276dd4fd91963729e495694b6af5c0d6111c49115a2c3f0203010001,entrySize=3
info|2026-02-06 15:24:16.484821|fisco-bcos-0x0000765ec57fe6c0|[P2PService][Service2][joinRouterTable]create router entry,dst=3082010a0282010100a492268b412bea3e8f972dff0dc52c521cd06884f53d90f3889c7014f7cb635c38a07b81af9630f2b04238a726b029af6b4b924e132710d2894b7175f12a5e323a7119afd27786b01965d49b9c885ff3768f40b9d57817bc1305124f40ced3b1ac99666773a3a64cce079e95acbc31d42f416aad362594008547aae561213b022db32ed9d1bd67df5c020bc44dcc073982b4566fd04048555b1ea84279063d5b1047e9f42776ef03677d2dd1454433fdb3feced3f41b92efdfeda545d56c1c9ba349584c9095f3ad9e31c2db11cbe3007ee7817f5846f87eb01c296d81b36dbbc765b4c7af74aface1276dd4fd91963729e495694b6af5c0d6111c49115a2c3f0203010001
info|2026-02-06 15:24:16.527303|fisco-bcos-0x0000765e829f16c0|[P2PService][Service2][onReceiveRouterSeq]receive router seq and request router table,peer=3082010a0282010100d938a7d0e5078fdc3bfe83bfe8c789160de4c9e207ff836ef8d64a0c846f5f628646fe9170bec49eec44aebb3f17334e76b1003dae65d6858a626d60a3ff3dbbff8cf15ca934ca0f7a09b9ae6c17c911bb2f6083cab81540e00a8d9b9393a3341b90dd134f4a2ec21f1d8c55c2df687896873a36661a862226614582077d41811bcb3e6632cbf1767f6189b76054e8186606ee5a2c73bffe1bd6c8fc415f481324f015045231d662173b6f7e814068dffd598ce9a6f4630744bb0aa80f9f74403f4c3da3ca856b40d043885cc1e7beac524853fafb01fb61c3023ab04047e29d50a5d4cd612fc9ae90e7832fde7d1dea0804dc16fff17500517be0bf5d28f4ab0203010001,seq=5
info|2026-02-06 15:24:16.527435|fisco-bcos-0x0000765e845f76c0|[P2PService][Service2][onReceivePeersRouterTable],peer=3082010a0282010100a492268b412bea3e8f972dff0dc52c521cd06884f53d90f3889c7014f7cb635c38a07b81af9630f2b04238a726b029af6b4b924e132710d2894b7175f12a5e323a7119afd27786b01965d49b9c885ff3768f40b9d57817bc1305124f40ced3b1ac99666773a3a64cce079e95acbc31d42f416aad362594008547aae561213b022db32ed9d1bd67df5c020bc44dcc073982b4566fd04048555b1ea84279063d5b1047e9f42776ef03677d2dd1454433fdb3feced3f41b92efdfeda545d56c1c9ba349584c9095f3ad9e31c2db11cbe3007ee7817f5846f87eb01c296d81b36dbbc765b4c7af74aface1276dd4fd91963729e495694b6af5c0d6111c49115a2c3f0203010001,entrySize=3
info|2026-02-06 15:24:16.527532|fisco-bcos-0x0000765e845f76c0|[P2PService][Router][updateDstNodeEntry]discover smaller distance, update entry,distance=2,oldDistance=10,dst=3082010a02820101009d9833c7e1dbf7d476b1fd7227e247b488323cbd272862d096a4010035236b7d36e2aede87e4f36adfd2e2e44f2945e9a4170901f5865f04cb779a1c1e1fc2f3e56fc6ea80a2665d5da60fce851ccd94bb60aced8e256a551ebb6edcf78febb8eb8bbb3c4fab73bacd5675925d72c787a8d8e179c70b24c484ae98ea7cc956a196c0c8266073d549963e44bfee479261b4c7a5497320d8a89de71743baf1516450118e57b4b07227de0429adf0d02305ad79d40958f48b3c7d6802814fc5c25be7c54c85463c993254d08401e1c7c1cc5586b265a1616617cc2ba7f29e928ff792e4ff33ada9b1bb7ee5a43130da18ba109a9e2186dfa6c2dc1d823e9066e1590203010001,nextHop=,size=3
info|2026-02-06 15:24:16.527603|fisco-bcos-0x0000765e845f76c0|[P2PService][Service2][joinRouterTable]create router entry,dst=3082010a0282010100a492268b412bea3e8f972dff0dc52c521cd06884f53d90f3889c7014f7cb635c38a07b81af9630f2b04238a726b029af6b4b924e132710d2894b7175f12a5e323a7119afd27786b01965d49b9c885ff3768f40b9d57817bc1305124f40ced3b1ac99666773a3a64cce079e95acbc31d42f416aad362594008547aae561213b022db32ed9d1bd67df5c020bc44dcc073982b4566fd04048555b1ea84279063d5b1047e9f42776ef03677d2dd1454433fdb3feced3f41b92efdfeda545d56c1c9ba349584c9095f3ad9e31c2db11cbe3007ee7817f5846f87eb01c296d81b36dbbc765b4c7af74aface1276dd4fd91963729e495694b6af5c0d6111c49115a2c3f0203010001
info|2026-02-06 15:24:16.529164|fisco-bcos-0x0000765e829f16c0|[P2PService][Service2][onReceiveRouterTableRequest],peer=3082010a0282010100a492268b412bea3e8f972dff0dc52c521cd06884f53d90f3889c7014f7cb635c38a07b81af9630f2b04238a726b029af6b4b924e132710d2894b7175f12a5e323a7119afd27786b01965d49b9c885ff3768f40b9d57817bc1305124f40ced3b1ac99666773a3a64cce079e95acbc31d42f416aad362594008547aae561213b022db32ed9d1bd67df5c020bc44dcc073982b4566fd04048555b1ea84279063d5b1047e9f42776ef03677d2dd1454433fdb3feced3f41b92efdfeda545d56c1c9ba349584c9095f3ad9e31c2db11cbe3007ee7817f5846f87eb01c296d81b36dbbc765b4c7af74aface1276dd4fd91963729e495694b6af5c0d6111c49115a2c3f0203010001,entrySize=3
info|2026-02-06 15:24:16.529743|fisco-bcos-0x0000765e84df86c0|[P2PService][Service2][onReceivePeersRouterTable],peer=3082010a0282010100d938a7d0e5078fdc3bfe83bfe8c789160de4c9e207ff836ef8d64a0c846f5f628646fe9170bec49eec44aebb3f17334e76b1003dae65d6858a626d60a3ff3dbbff8cf15ca934ca0f7a09b9ae6c17c911bb2f6083cab81540e00a8d9b9393a3341b90dd134f4a2ec21f1d8c55c2df687896873a36661a862226614582077d41811bcb3e6632cbf1767f6189b76054e8186606ee5a2c73bffe1bd6c8fc415f481324f015045231d662173b6f7e814068dffd598ce9a6f4630744bb0aa80f9f74403f4c3da3ca856b40d043885cc1e7beac524853fafb01fb61c3023ab04047e29d50a5d4cd612fc9ae90e7832fde7d1dea0804dc16fff17500517be0bf5d28f4ab0203010001,entrySize=3
info|2026-02-06 15:24:16.529858|fisco-bcos-0x0000765e84df86c0|[P2PService][Service2][joinRouterTable]create router entry,dst=3082010a0282010100d938a7d0e5078fdc3bfe83bfe8c789160de4c9e207ff836ef8d64a0c846f5f628646fe9170bec49eec44aebb3f17334e76b1003dae65d6858a626d60a3ff3dbbff8cf15ca934ca0f7a09b9ae6c17c911bb2f6083cab81540e00a8d9b9393a3341b90dd134f4a2ec21f1d8c55c2df687896873a36661a862226614582077d41811bcb3e6632cbf1767f6189b76054e8186606ee5a2c73bffe1bd6c8fc415f481324f015045231d662173b6f7e814068dffd598ce9a6f4630744bb0aa80f9f74403f4c3da3ca856b40d043885cc1e7beac524853fafb01fb61c3023ab04047e29d50a5d4cd612fc9ae90e7832fde7d1dea0804dc16fff17500517be0bf5d28f4ab0203010001
info|2026-02-06 15:24:16.529895|fisco-bcos-0x0000765e84df86c0|[P2PService][Service2][onReceiveRouterTableRequest],peer=3082010a0282010100d938a7d0e5078fdc3bfe83bfe8c789160de4c9e207ff836ef8d64a0c846f5f628646fe9170bec49eec44aebb3f17334e76b1003dae65d6858a626d60a3ff3dbbff8cf15ca934ca0f7a09b9ae6c17c911bb2f6083cab81540e00a8d9b9393a3341b90dd134f4a2ec21f1d8c55c2df687896873a36661a862226614582077d41811bcb3e6632cbf1767f6189b76054e8186606ee5a2c73bffe1bd6c8fc415f481324f015045231d662173b6f7e814068dffd598ce9a6f4630744bb0aa80f9f74403f4c3da3ca856b40d043885cc1e7beac524853fafb01fb61c3023ab04047e29d50a5d4cd612fc9ae90e7832fde7d1dea0804dc16fff17500517be0bf5d28f4ab0203010001,entrySize=3
info|2026-02-06 15:24:16.532437|fisco-bcos-0x0000765e821ef6c0|[P2PService][Service2][onReceiveRouterSeq]receive router seq and request router table,peer=3082010a0282010100d938a7d0e5078fdc3bfe83bfe8c789160de4c9e207ff836ef8d64a0c846f5f628646fe9170bec49eec44aebb3f17334e76b1003dae65d6858a626d60a3ff3dbbff8cf15ca934ca0f7a09b9ae6c17c911bb2f6083cab81540e00a8d9b9393a3341b90dd134f4a2ec21f1d8c55c2df687896873a36661a862226614582077d41811bcb3e6632cbf1767f6189b76054e8186606ee5a2c73bffe1bd6c8fc415f481324f015045231d662173b6f7e814068dffd598ce9a6f4630744bb0aa80f9f74403f4c3da3ca856b40d043885cc1e7beac524853fafb01fb61c3023ab04047e29d50a5d4cd612fc9ae90e7832fde7d1dea0804dc16fff17500517be0bf5d28f4ab0203010001,seq=6
info|2026-02-06 15:24:16.535660|fisco-bcos-0x0000765e819ed6c0|[P2PService][Service2][onReceivePeersRouterTable],peer=3082010a0282010100d938a7d0e5078fdc3bfe83bfe8c789160de4c9e207ff836ef8d64a0c846f5f628646fe9170bec49eec44aebb3f17334e76b1003dae65d6858a626d60a3ff3dbbff8cf15ca934ca0f7a09b9ae6c17c911bb2f6083cab81540e00a8d9b9393a3341b90dd134f4a2ec21f1d8c55c2df687896873a36661a862226614582077d41811bcb3e6632cbf1767f6189b76054e8186606ee5a2c73bffe1bd6c8fc415f481324f015045231d662173b6f7e814068dffd598ce9a6f4630744bb0aa80f9f74403f4c3da3ca856b40d043885cc1e7beac524853fafb01fb61c3023ab04047e29d50a5d4cd612fc9ae90e7832fde7d1dea0804dc16fff17500517be0bf5d28f4ab0203010001,entrySize=3
info|2026-02-06 15:24:16.535801|fisco-bcos-0x0000765e819ed6c0|[P2PService][Service2][joinRouterTable]create router entry,dst=3082010a0282010100d938a7d0e5078fdc3bfe83bfe8c789160de4c9e207ff836ef8d64a0c846f5f628646fe9170bec49eec44aebb3f17334e76b1003dae65d6858a626d60a3ff3dbbff8cf15ca934ca0f7a09b9ae6c17c911bb2f6083cab81540e00a8d9b9393a3341b90dd134f4a2ec21f1d8c55c2df687896873a36661a862226614582077d41811bcb3e6632cbf1767f6189b76054e8186606ee5a2c73bffe1bd6c8fc415f481324f015045231d662173b6f7e814068dffd598ce9a6f4630744bb0aa80f9f74403f4c3da3ca856b40d043885cc1e7beac524853fafb01fb61c3023ab04047e29d50a5d4cd612fc9ae90e7832fde7d1dea0804dc16fff17500517be0bf5d28f4ab0203010001
info|2026-02-06 15:24:17.442333|fisco-bcos-0x0000765e825f06c0|[Gateway][GatewayNodeManager]onReceiveNodeStatus,from=3082010a0282010100a492268b412bea3e8f972dff0dc52c521cd06884f53d90f3889c7014f7cb635c38a07b81af9630f2b04238a726b029af6b4b924e132710d2894b7175f12a5e323a7119afd27786b01965d49b9c885ff3768f40b9d57817bc1305124f40ced3b1ac99666773a3a64cce079e95acbc31d42f416aad362594008547aae561213b022db32ed9d1bd67df5c020bc44dcc073982b4566fd04048555b1ea84279063d5b1047e9f42776ef03677d2dd1454433fdb3feced3f41b92efdfeda545d56c1c9ba349584c9095f3ad9e31c2db11cbe3007ee7817f5846f87eb01c296d81b36dbbc765b4c7af74aface1276dd4fd91963729e495694b6af5c0d6111c49115a2c3f0203010001,seq=3,uuid=3082010a0282010100a492268b412bea3e8f972dff0dc52c521cd06884f53d90f3889c7014f7cb635c38a07b81af9630f2b04238a726b029af6b4b924e132710d2894b7175f12a5e323a7119afd27786b01965d49b9c885ff3768f40b9d57817bc1305124f40ced3b1ac99666773a3a64cce079e95acbc31d42f416aad362594008547aae561213b022db32ed9d1bd67df5c020bc44dcc073982b4566fd04048555b1ea84279063d5b1047e9f42776ef03677d2dd1454433fdb3feced3f41b92efdfeda545d56c1c9ba349584c9095f3ad9e31c2db11cbe3007ee7817f5846f87eb01c296d81b36dbbc765b4c7af74aface1276dd4fd91963729e495694b6af5c0d6111c49115a2c3f0203010001
info|2026-02-06 15:24:17.442350|fisco-bcos-0x0000765e825f06c0|[Gateway][Router]updatePeerStatus,gatewayUUID=3082010a0282010100a492268b412bea3e8f972dff0dc52c521cd06884f53d90f3889c7014f7cb635c38a07b81af9630f2b04238a726b029af6b4b924e132710d2894b7175f12a5e323a7119afd27786b01965d49b9c885ff3768f40b9d57817bc1305124f40ced3b1ac99666773a3a64cce079e95acbc31d42f416aad362594008547aae561213b022db32ed9d1bd67df5c020bc44dcc073982b4566fd04048555b1ea84279063d5b1047e9f42776ef03677d2dd1454433fdb3feced3f41b92efdfeda545d56c1c9ba349584c9095f3ad9e31c2db11cbe3007ee7817f5846f87eb01c296d81b36dbbc765b4c7af74aface1276dd4fd91963729e495694b6af5c0d6111c49115a2c3f0203010001,nodeList=1
info|2026-02-06 15:24:17.442355|fisco-bcos-0x0000765e825f06c0|[Gateway][Router]batchInsertNodeList,group=group0,nodeIDs=1,protocols=1
info|2026-02-06 15:24:17.442363|fisco-bcos-0x0000765e825f06c0|[Gateway][Router]GatewayStatus: update,group=group0,type=0,p2pID=3082010a0282010100a492268b412bea3e8f972dff0dc52c521cd06884f53d90f3889c7014f7cb635c38a07b81af9630f2b04238a726b029af6b4b924e132710d2894b7175f12a5e323a7119afd27786b01965d49b9c885ff3768f40b9d57817bc1305124f40ced3b1ac99666773a3a64cce079e95acbc31d42f416aad362594008547aae561213b022db32ed9d1bd67df5c020bc44dcc073982b4566fd04048555b1ea84279063d5b1047e9f42776ef03677d2dd1454433fdb3feced3f41b92efdfeda545d56c1c9ba349584c9095f3ad9e31c2db11cbe3007ee7817f5846f87eb01c296d81b36dbbc765b4c7af74aface1276dd4fd91963729e495694b6af5c0d6111c49115a2c3f0203010001
info|2026-02-06 15:24:17.442376|fisco-bcos-0x0000765e825f06c0|[Gateway][GatewayNodeManager]syncLatestNodeIDList,groupID=group0,nodeCount=2
info|2026-02-06 15:24:17.442380|fisco-bcos-0x0000765e825f06c0|[FrontService]protocolNegotiate success,nodeID=5b07d12d1512a66493c8fd3456d8c505e6ce05f20061613a4c48a1fa3755bbf9cc2d2f1878c4a6733389f03deb0a3fc0c672e2f4910fde9802d6675929cb3dc5,groupID=group0,minVersion=0,maxVersion=2,supportedMinVersion=0,supportedMaxVersion=2,version=2
info|2026-02-06 15:24:17.442386|fisco-bcos-0x0000765e825f06c0|[FrontService]protocolNegotiate success,nodeID=2346c69c46d42278eb237167eb19eb28432b63783cc0fd7cddc90f89c148e755db8941be9b0c5f37cbc21c409a78c154abc75ce0c80818c6fbb76aea6bcd0a9a,groupID=group0,minVersion=0,maxVersion=2,supportedMinVersion=0,supportedMaxVersion=2,version=2
info|2026-02-06 15:24:17.442392|fisco-bcos-0x0000765e825f06c0|[FrontService]onReceiveGroupNodeInfo,groupID=group0,nodeIDs.size()=2
info|2026-02-06 15:24:17.442509|fisco-bcos-0x0000765e83df66c0|SyncConfig: setConnectedNodeList,size=2
info|2026-02-06 15:24:17.442598|fisco-bcos-0x0000765e83df66c0|SyncConfig: setConnectedNodeList,size=2
info|2026-02-06 15:24:17.442615|fisco-bcos-0x0000765e83df66c0|[FRONTSERVICE]notifyGroupNodeInfo,connectedNodeSize=2
info|2026-02-06 15:24:17.452168|fisco-bcos-0x0000765ebc9fc6c0|[Gateway][GatewayNodeManager]generateNodeStatus,groupType=0,groupID=group0,nodeListSize=1,nodeTypeListSize=1,seq=3
info|2026-02-06 15:24:17.452261|fisco-bcos-0x0000765ebc9fc6c0|[Gateway][GatewayNodeManager]generateNodeStatus,nodeListSize=1
info|2026-02-06 15:24:17.452846|fisco-bcos-0x0000765ebd1fe6c0|[Gateway][GatewayNodeManager]onReceiveNodeStatus,from=3082010a0282010100d938a7d0e5078fdc3bfe83bfe8c789160de4c9e207ff836ef8d64a0c846f5f628646fe9170bec49eec44aebb3f17334e76b1003dae65d6858a626d60a3ff3dbbff8cf15ca934ca0f7a09b9ae6c17c911bb2f6083cab81540e00a8d9b9393a3341b90dd134f4a2ec21f1d8c55c2df687896873a36661a862226614582077d41811bcb3e6632cbf1767f6189b76054e8186606ee5a2c73bffe1bd6c8fc415f481324f015045231d662173b6f7e814068dffd598ce9a6f4630744bb0aa80f9f74403f4c3da3ca856b40d043885cc1e7beac524853fafb01fb61c3023ab04047e29d50a5d4cd612fc9ae90e7832fde7d1dea0804dc16fff17500517be0bf5d28f4ab0203010001,seq=3,uuid=3082010a0282010100d938a7d0e5078fdc3bfe83bfe8c789160de4c9e207ff836ef8d64a0c846f5f628646fe9170bec49eec44aebb3f17334e76b1003dae65d6858a626d60a3ff3dbbff8cf15ca934ca0f7a09b9ae6c17c911bb2f6083cab81540e00a8d9b9393a3341b90dd134f4a2ec21f1d8c55c2df687896873a36661a862226614582077d41811bcb3e6632cbf1767f6189b76054e8186606ee5a2c73bffe1bd6c8fc415f481324f015045231d662173b6f7e814068dffd598ce9a6f4630744bb0aa80f9f74403f4c3da3ca856b40d043885cc1e7beac524853fafb01fb61c3023ab04047e29d50a5d4cd612fc9ae90e7832fde7d1dea0804dc16fff17500517be0bf5d28f4ab0203010001
info|2026-02-06 15:24:17.452890|fisco-bcos-0x0000765ebd1fe6c0|[Gateway][Router]updatePeerStatus,gatewayUUID=3082010a0282010100d938a7d0e5078fdc3bfe83bfe8c789160de4c9e207ff836ef8d64a0c846f5f628646fe9170bec49eec44aebb3f17334e76b1003dae65d6858a626d60a3ff3dbbff8cf15ca934ca0f7a09b9ae6c17c911bb2f6083cab81540e00a8d9b9393a3341b90dd134f4a2ec21f1d8c55c2df687896873a36661a862226614582077d41811bcb3e6632cbf1767f6189b76054e8186606ee5a2c73bffe1bd6c8fc415f481324f015045231d662173b6f7e814068dffd598ce9a6f4630744bb0aa80f9f74403f4c3da3ca856b40d043885cc1e7beac524853fafb01fb61c3023ab04047e29d50a5d4cd612fc9ae90e7832fde7d1dea0804dc16fff17500517be0bf5d28f4ab0203010001,nodeList=1
info|2026-02-06 15:24:17.452909|fisco-bcos-0x0000765ebd1fe6c0|[Gateway][Router]batchInsertNodeList,group=group0,nodeIDs=1,protocols=1
info|2026-02-06 15:24:17.452940|fisco-bcos-0x0000765ebd1fe6c0|[Gateway][Router]GatewayStatus: update,group=group0,type=0,p2pID=3082010a0282010100d938a7d0e5078fdc3bfe83bfe8c789160de4c9e207ff836ef8d64a0c846f5f628646fe9170bec49eec44aebb3f17334e76b1003dae65d6858a626d60a3ff3dbbff8cf15ca934ca0f7a09b9ae6c17c911bb2f6083cab81540e00a8d9b9393a3341b90dd134f4a2ec21f1d8c55c2df687896873a36661a862226614582077d41811bcb3e6632cbf1767f6189b76054e8186606ee5a2c73bffe1bd6c8fc415f481324f015045231d662173b6f7e814068dffd598ce9a6f4630744bb0aa80f9f74403f4c3da3ca856b40d043885cc1e7beac524853fafb01fb61c3023ab04047e29d50a5d4cd612fc9ae90e7832fde7d1dea0804dc16fff17500517be0bf5d28f4ab0203010001
info|2026-02-06 15:24:17.452953|fisco-bcos-0x0000765ebd1fe6c0|[Gateway][GatewayNodeManager]syncLatestNodeIDList,groupID=group0,nodeCount=3
info|2026-02-06 15:24:17.452958|fisco-bcos-0x0000765ebd1fe6c0|[FrontService]protocolNegotiate success,nodeID=5b07d12d1512a66493c8fd3456d8c505e6ce05f20061613a4c48a1fa3755bbf9cc2d2f1878c4a6733389f03deb0a3fc0c672e2f4910fde9802d6675929cb3dc5,groupID=group0,minVersion=0,maxVersion=2,supportedMinVersion=0,supportedMaxVersion=2,version=2
info|2026-02-06 15:24:17.452962|fisco-bcos-0x0000765ebd1fe6c0|[FrontService]protocolNegotiate success,nodeID=21a47acec36f73d8e925a7d5db44793f998e1a42a6d7ee2e3a5cf4037b853452cb76f6cbab8e5b223a128e8ee15790d1f629858b47070b4eb2e1ddb2b0ada297,groupID=group0,minVersion=0,maxVersion=2,supportedMinVersion=0,supportedMaxVersion=2,version=2
info|2026-02-06 15:24:17.452966|fisco-bcos-0x0000765ebd1fe6c0|[FrontService]protocolNegotiate success,nodeID=2346c69c46d42278eb237167eb19eb28432b63783cc0fd7cddc90f89c148e755db8941be9b0c5f37cbc21c409a78c154abc75ce0c80818c6fbb76aea6bcd0a9a,groupID=group0,minVersion=0,maxVersion=2,supportedMinVersion=0,supportedMaxVersion=2,version=2
info|2026-02-06 15:24:17.452985|fisco-bcos-0x0000765ebd1fe6c0|[FrontService]onReceiveGroupNodeInfo,groupID=group0,nodeIDs.size()=3
info|2026-02-06 15:24:17.453054|fisco-bcos-0x0000765ebd1fe6c0|SyncConfig: setConnectedNodeList,size=3
info|2026-02-06 15:24:17.453120|fisco-bcos-0x0000765ebd1fe6c0|SyncConfig: setConnectedNodeList,size=3
info|2026-02-06 15:24:17.453129|fisco-bcos-0x0000765ebd1fe6c0|[FRONTSERVICE]notifyGroupNodeInfo,connectedNodeSize=3
info|2026-02-06 15:24:17.487403|fisco-bcos-0x0000765e831f36c0|[Gateway][GatewayNodeManager]generateNodeStatus,groupType=0,groupID=group0,nodeListSize=1,nodeTypeListSize=1,seq=3
info|2026-02-06 15:24:17.487436|fisco-bcos-0x0000765e831f36c0|[Gateway][GatewayNodeManager]generateNodeStatus,nodeListSize=1
info|2026-02-06 15:24:17.488816|fisco-bcos-0x0000765ec75fe6c0|[Gateway][GatewayNodeManager]generateNodeStatus,groupType=0,groupID=group0,nodeListSize=1,nodeTypeListSize=1,seq=3
info|2026-02-06 15:24:17.488865|fisco-bcos-0x0000765ec75fe6c0|[Gateway][GatewayNodeManager]generateNodeStatus,nodeListSize=1
info|2026-02-06 15:24:17.531080|fisco-bcos-0x0000765ebc9fc6c0|[Gateway][GatewayNodeManager]onReceiveNodeStatus,from=3082010a02820101009d9833c7e1dbf7d476b1fd7227e247b488323cbd272862d096a4010035236b7d36e2aede87e4f36adfd2e2e44f2945e9a4170901f5865f04cb779a1c1e1fc2f3e56fc6ea80a2665d5da60fce851ccd94bb60aced8e256a551ebb6edcf78febb8eb8bbb3c4fab73bacd5675925d72c787a8d8e179c70b24c484ae98ea7cc956a196c0c8266073d549963e44bfee479261b4c7a5497320d8a89de71743baf1516450118e57b4b07227de0429adf0d02305ad79d40958f48b3c7d6802814fc5c25be7c54c85463c993254d08401e1c7c1cc5586b265a1616617cc2ba7f29e928ff792e4ff33ada9b1bb7ee5a43130da18ba109a9e2186dfa6c2dc1d823e9066e1590203010001,seq=3,uuid=3082010a02820101009d9833c7e1dbf7d476b1fd7227e247b488323cbd272862d096a4010035236b7d36e2aede87e4f36adfd2e2e44f2945e9a4170901f5865f04cb779a1c1e1fc2f3e56fc6ea80a2665d5da60fce851ccd94bb60aced8e256a551ebb6edcf78febb8eb8bbb3c4fab73bacd5675925d72c787a8d8e179c70b24c484ae98ea7cc956a196c0c8266073d549963e44bfee479261b4c7a5497320d8a89de71743baf1516450118e57b4b07227de0429adf0d02305ad79d40958f48b3c7d6802814fc5c25be7c54c85463c993254d08401e1c7c1cc5586b265a1616617cc2ba7f29e928ff792e4ff33ada9b1bb7ee5a43130da18ba109a9e2186dfa6c2dc1d823e9066e1590203010001
info|2026-02-06 15:24:17.531166|fisco-bcos-0x0000765ebc9fc6c0|[Gateway][Router]updatePeerStatus,gatewayUUID=3082010a02820101009d9833c7e1dbf7d476b1fd7227e247b488323cbd272862d096a4010035236b7d36e2aede87e4f36adfd2e2e44f2945e9a4170901f5865f04cb779a1c1e1fc2f3e56fc6ea80a2665d5da60fce851ccd94bb60aced8e256a551ebb6edcf78febb8eb8bbb3c4fab73bacd5675925d72c787a8d8e179c70b24c484ae98ea7cc956a196c0c8266073d549963e44bfee479261b4c7a5497320d8a89de71743baf1516450118e57b4b07227de0429adf0d02305ad79d40958f48b3c7d6802814fc5c25be7c54c85463c993254d08401e1c7c1cc5586b265a1616617cc2ba7f29e928ff792e4ff33ada9b1bb7ee5a43130da18ba109a9e2186dfa6c2dc1d823e9066e1590203010001,nodeList=1
info|2026-02-06 15:24:17.531222|fisco-bcos-0x0000765ebc9fc6c0|[Gateway][Router]batchInsertNodeList,group=group0,nodeIDs=1,protocols=1
info|2026-02-06 15:24:17.531237|fisco-bcos-0x0000765ebc9fc6c0|[Gateway][Router]GatewayStatus: update,group=group0,type=0,p2pID=3082010a02820101009d9833c7e1dbf7d476b1fd7227e247b488323cbd272862d096a4010035236b7d36e2aede87e4f36adfd2e2e44f2945e9a4170901f5865f04cb779a1c1e1fc2f3e56fc6ea80a2665d5da60fce851ccd94bb60aced8e256a551ebb6edcf78febb8eb8bbb3c4fab73bacd5675925d72c787a8d8e179c70b24c484ae98ea7cc956a196c0c8266073d549963e44bfee479261b4c7a5497320d8a89de71743baf1516450118e57b4b07227de0429adf0d02305ad79d40958f48b3c7d6802814fc5c25be7c54c85463c993254d08401e1c7c1cc5586b265a1616617cc2ba7f29e928ff792e4ff33ada9b1bb7ee5a43130da18ba109a9e2186dfa6c2dc1d823e9066e1590203010001
info|2026-02-06 15:24:17.531252|fisco-bcos-0x0000765ebc9fc6c0|[Gateway][GatewayNodeManager]syncLatestNodeIDList,groupID=group0,nodeCount=4
info|2026-02-06 15:24:17.531295|fisco-bcos-0x0000765ebc9fc6c0|[FrontService]protocolNegotiate success,nodeID=5b07d12d1512a66493c8fd3456d8c505e6ce05f20061613a4c48a1fa3755bbf9cc2d2f1878c4a6733389f03deb0a3fc0c672e2f4910fde9802d6675929cb3dc5,groupID=group0,minVersion=0,maxVersion=2,supportedMinVersion=0,supportedMaxVersion=2,version=2
info|2026-02-06 15:24:17.531364|fisco-bcos-0x0000765ebc9fc6c0|[FrontService]protocolNegotiate success,nodeID=0d6a7f52cb87ce7fda869e0db309ec9c53723c46f81632c21e4abbf1a9159f14d53f37cc0c4141548da9ec877d6235afd7a501c40d296fc4c5252a8717aa23c2,groupID=group0,minVersion=0,maxVersion=2,supportedMinVersion=0,supportedMaxVersion=2,version=2
info|2026-02-06 15:24:17.531372|fisco-bcos-0x0000765ebc9fc6c0|[FrontService]protocolNegotiate success,nodeID=21a47acec36f73d8e925a7d5db44793f998e1a42a6d7ee2e3a5cf4037b853452cb76f6cbab8e5b223a128e8ee15790d1f629858b47070b4eb2e1ddb2b0ada297,groupID=group0,minVersion=0,maxVersion=2,supportedMinVersion=0,supportedMaxVersion=2,version=2
info|2026-02-06 15:24:17.531382|fisco-bcos-0x0000765ebc9fc6c0|[FrontService]protocolNegotiate success,nodeID=2346c69c46d42278eb237167eb19eb28432b63783cc0fd7cddc90f89c148e755db8941be9b0c5f37cbc21c409a78c154abc75ce0c80818c6fbb76aea6bcd0a9a,groupID=group0,minVersion=0,maxVersion=2,supportedMinVersion=0,supportedMaxVersion=2,version=2
info|2026-02-06 15:24:17.531391|fisco-bcos-0x0000765ebc9fc6c0|[FrontService]onReceiveGroupNodeInfo,groupID=group0,nodeIDs.size()=4
info|2026-02-06 15:24:17.531513|fisco-bcos-0x0000765ebc9fc6c0|SyncConfig: setConnectedNodeList,size=4
info|2026-02-06 15:24:17.531730|fisco-bcos-0x0000765ebc9fc6c0|SyncConfig: setConnectedNodeList,size=4
info|2026-02-06 15:24:17.531747|fisco-bcos-0x0000765ebc9fc6c0|[FRONTSERVICE]notifyGroupNodeInfo,connectedNodeSize=4
info|2026-02-06 15:24:17.631641|fisco-bcos-0x0000765e82df26c0|[TIMESYNC]updateTimeInfo: update median time offset,updatedMedianTimeOffset=0,peer=2346c69c...,peerTime=1770362657630,peerOffset=-1,utcTime=1770362657631
info|2026-02-06 15:24:17.636416|fisco-bcos-0x0000765e84df86c0|[TIMESYNC]updateTimeInfo: update median time offset,updatedMedianTimeOffset=0,peer=21a47ace...,peerTime=1770362657635,peerOffset=-1,utcTime=1770362657636
info|2026-02-06 15:24:17.675976|fisco-bcos-0x0000765eeaeff6c0|[TIMESYNC]updateTimeInfo: update median time offset,updatedMedianTimeOffset=0,peer=0d6a7f52...,peerTime=1770362657660,peerOffset=-15,utcTime=1770362657676
info|2026-02-06 15:24:18.442415|amopDispatcher-0x0000765eef1fd6c0|[AMOP][AMOP][onReceiveTopicSeqMessage][try to request latest AMOP information],nodeID=3082010a0282010100a492268b412bea3e8f972dff0dc52c521cd06884f53d90f3889c7014f7cb635c38a07b81af9630f2b04238a726b029af6b4b924e132710d2894b7175f12a5e323a7119afd27786b01965d49b9c885ff3768f40b9d57817bc1305124f40ced3b1ac99666773a3a64cce079e95acbc31d42f416aad362594008547aae561213b022db32ed9d1bd67df5c020bc44dcc073982b4566fd04048555b1ea84279063d5b1047e9f42776ef03677d2dd1454433fdb3feced3f41b92efdfeda545d56c1c9ba349584c9095f3ad9e31c2db11cbe3007ee7817f5846f87eb01c296d81b36dbbc765b4c7af74aface1276dd4fd91963729e495694b6af5c0d6111c49115a2c3f0203010001,topicSeq=1
info|2026-02-06 15:24:18.444413|amopDispatcher-0x0000765eef1fd6c0|[AMOP][TOPIC][parseTopicItemsJson],topicSeq=1,topicItems size=0,json={"topicItems":[],"topicSeq":1}
info|2026-02-06 15:24:18.444472|amopDispatcher-0x0000765eef1fd6c0|[AMOP][TOPIC][updateSeqAndTopicsByNodeID],nodeID=3082010a0282010100a492268b412bea3e8f972dff0dc52c521cd06884f53d90f3889c7014f7cb635c38a07b81af9630f2b04238a726b029af6b4b924e132710d2894b7175f12a5e323a7119afd27786b01965d49b9c885ff3768f40b9d57817bc1305124f40ced3b1ac99666773a3a64cce079e95acbc31d42f416aad362594008547aae561213b022db32ed9d1bd67df5c020bc44dcc073982b4566fd04048555b1ea84279063d5b1047e9f42776ef03677d2dd1454433fdb3feced3f41b92efdfeda545d56c1c9ba349584c9095f3ad9e31c2db11cbe3007ee7817f5846f87eb01c296d81b36dbbc765b4c7af74aface1276dd4fd91963729e495694b6af5c0d6111c49115a2c3f0203010001,topicSeq=1,topicItems size=0
info|2026-02-06 15:24:18.452042|amopDispatcher-0x0000765eef1fd6c0|[AMOP][AMOP][onReceiveTopicSeqMessage][try to request latest AMOP information],nodeID=3082010a0282010100d938a7d0e5078fdc3bfe83bfe8c789160de4c9e207ff836ef8d64a0c846f5f628646fe9170bec49eec44aebb3f17334e76b1003dae65d6858a626d60a3ff3dbbff8cf15ca934ca0f7a09b9ae6c17c911bb2f6083cab81540e00a8d9b9393a3341b90dd134f4a2ec21f1d8c55c2df687896873a36661a862226614582077d41811bcb3e6632cbf1767f6189b76054e8186606ee5a2c73bffe1bd6c8fc415f481324f015045231d662173b6f7e814068dffd598ce9a6f4630744bb0aa80f9f74403f4c3da3ca856b40d043885cc1e7beac524853fafb01fb61c3023ab04047e29d50a5d4cd612fc9ae90e7832fde7d1dea0804dc16fff17500517be0bf5d28f4ab0203010001,topicSeq=1
info|2026-02-06 15:24:18.452673|amopDispatcher-0x0000765eef1fd6c0|[AMOP][AMOP][onReceiveRequestTopicMessage],nodeID=3082010a0282010100d938a7d0e5078fdc3bfe83bfe8c789160de4c9e207ff836ef8d64a0c846f5f628646fe9170bec49eec44aebb3f17334e76b1003dae65d6858a626d60a3ff3dbbff8cf15ca934ca0f7a09b9ae6c17c911bb2f6083cab81540e00a8d9b9393a3341b90dd134f4a2ec21f1d8c55c2df687896873a36661a862226614582077d41811bcb3e6632cbf1767f6189b76054e8186606ee5a2c73bffe1bd6c8fc415f481324f015045231d662173b6f7e814068dffd598ce9a6f4630744bb0aa80f9f74403f4c3da3ca856b40d043885cc1e7beac524853fafb01fb61c3023ab04047e29d50a5d4cd612fc9ae90e7832fde7d1dea0804dc16fff17500517be0bf5d28f4ab0203010001,topicJson={"topicItems":[],"topicSeq":1}
info|2026-02-06 15:24:18.453297|amopDispatcher-0x0000765eef1fd6c0|[AMOP][TOPIC][parseTopicItemsJson],topicSeq=1,topicItems size=0,json={"topicItems":[],"topicSeq":1}
info|2026-02-06 15:24:18.453341|amopDispatcher-0x0000765eef1fd6c0|[AMOP][TOPIC][updateSeqAndTopicsByNodeID],nodeID=3082010a0282010100d938a7d0e5078fdc3bfe83bfe8c789160de4c9e207ff836ef8d64a0c846f5f628646fe9170bec49eec44aebb3f17334e76b1003dae65d6858a626d60a3ff3dbbff8cf15ca934ca0f7a09b9ae6c17c911bb2f6083cab81540e00a8d9b9393a3341b90dd134f4a2ec21f1d8c55c2df687896873a36661a862226614582077d41811bcb3e6632cbf1767f6189b76054e8186606ee5a2c73bffe1bd6c8fc415f481324f015045231d662173b6f7e814068dffd598ce9a6f4630744bb0aa80f9f74403f4c3da3ca856b40d043885cc1e7beac524853fafb01fb61c3023ab04047e29d50a5d4cd612fc9ae90e7832fde7d1dea0804dc16fff17500517be0bf5d28f4ab0203010001,topicSeq=1,topicItems size=0
info|2026-02-06 15:24:18.466606|amopDispatcher-0x0000765eef1fd6c0|[AMOP][AMOP][onReceiveTopicSeqMessage][try to request latest AMOP information],nodeID=3082010a02820101009d9833c7e1dbf7d476b1fd7227e247b488323cbd272862d096a4010035236b7d36e2aede87e4f36adfd2e2e44f2945e9a4170901f5865f04cb779a1c1e1fc2f3e56fc6ea80a2665d5da60fce851ccd94bb60aced8e256a551ebb6edcf78febb8eb8bbb3c4fab73bacd5675925d72c787a8d8e179c70b24c484ae98ea7cc956a196c0c8266073d549963e44bfee479261b4c7a5497320d8a89de71743baf1516450118e57b4b07227de0429adf0d02305ad79d40958f48b3c7d6802814fc5c25be7c54c85463c993254d08401e1c7c1cc5586b265a1616617cc2ba7f29e928ff792e4ff33ada9b1bb7ee5a43130da18ba109a9e2186dfa6c2dc1d823e9066e1590203010001,topicSeq=1
info|2026-02-06 15:24:18.466665|amopDispatcher-0x0000765eef1fd6c0|[AMOP][AMOP][onReceiveRequestTopicMessage],nodeID=3082010a0282010100a492268b412bea3e8f972dff0dc52c521cd06884f53d90f3889c7014f7cb635c38a07b81af9630f2b04238a726b029af6b4b924e132710d2894b7175f12a5e323a7119afd27786b01965d49b9c885ff3768f40b9d57817bc1305124f40ced3b1ac99666773a3a64cce079e95acbc31d42f416aad362594008547aae561213b022db32ed9d1bd67df5c020bc44dcc073982b4566fd04048555b1ea84279063d5b1047e9f42776ef03677d2dd1454433fdb3feced3f41b92efdfeda545d56c1c9ba349584c9095f3ad9e31c2db11cbe3007ee7817f5846f87eb01c296d81b36dbbc765b4c7af74aface1276dd4fd91963729e495694b6af5c0d6111c49115a2c3f0203010001,topicJson={"topicItems":[],"topicSeq":1}
info|2026-02-06 15:24:18.467288|amopDispatcher-0x0000765eef1fd6c0|[AMOP][AMOP][onReceiveRequestTopicMessage],nodeID=3082010a02820101009d9833c7e1dbf7d476b1fd7227e247b488323cbd272862d096a4010035236b7d36e2aede87e4f36adfd2e2e44f2945e9a4170901f5865f04cb779a1c1e1fc2f3e56fc6ea80a2665d5da60fce851ccd94bb60aced8e256a551ebb6edcf78febb8eb8bbb3c4fab73bacd5675925d72c787a8d8e179c70b24c484ae98ea7cc956a196c0c8266073d549963e44bfee479261b4c7a5497320d8a89de71743baf1516450118e57b4b07227de0429adf0d02305ad79d40958f48b3c7d6802814fc5c25be7c54c85463c993254d08401e1c7c1cc5586b265a1616617cc2ba7f29e928ff792e4ff33ada9b1bb7ee5a43130da18ba109a9e2186dfa6c2dc1d823e9066e1590203010001,topicJson={"topicItems":[],"topicSeq":1}
info|2026-02-06 15:24:18.513358|amopDispatcher-0x0000765eef1fd6c0|[AMOP][TOPIC][parseTopicItemsJson],topicSeq=1,topicItems size=0,json={"topicItems":[],"topicSeq":1}
info|2026-02-06 15:24:18.513485|amopDispatcher-0x0000765eef1fd6c0|[AMOP][TOPIC][updateSeqAndTopicsByNodeID],nodeID=3082010a02820101009d9833c7e1dbf7d476b1fd7227e247b488323cbd272862d096a4010035236b7d36e2aede87e4f36adfd2e2e44f2945e9a4170901f5865f04cb779a1c1e1fc2f3e56fc6ea80a2665d5da60fce851ccd94bb60aced8e256a551ebb6edcf78febb8eb8bbb3c4fab73bacd5675925d72c787a8d8e179c70b24c484ae98ea7cc956a196c0c8266073d549963e44bfee479261b4c7a5497320d8a89de71743baf1516450118e57b4b07227de0429adf0d02305ad79d40958f48b3c7d6802814fc5c25be7c54c85463c993254d08401e1c7c1cc5586b265a1616617cc2ba7f29e928ff792e4ff33ada9b1bb7ee5a43130da18ba109a9e2186dfa6c2dc1d823e9066e1590203010001,topicSeq=1,topicItems size=0
info|2026-02-06 15:24:19.431329|pbft-0x0000765ebedfb6c0|[CONSENSUS][PBFT]addViewChangeReq,reqHash=4c5ef02f...,reqIndex=25,reqV=3,fromIdx=1,wait(ms)=1,weight=1,maxCommittedIndex=25,maxPrecommitIndex=0 preparedProposalInfo: ,committedIndex=25,consNum=26,committedHash=4c5ef02f...,view=0,toView=2,changeCycle=0,expectedCheckPoint=26,Idx=3,unsealedTxs=0,sealUntil=0,waitResealUntil=0,consensusTimeout=3000,nodeId=5b07d12d...
info|2026-02-06 15:24:19.432513|pbft-0x0000765ebedfb6c0|[CONSENSUS][PBFT]addViewChangeReq,reqHash=4c5ef02f...,reqIndex=25,reqV=3,fromIdx=2,wait(ms)=0,weight=2,maxCommittedIndex=25,maxPrecommitIndex=0 preparedProposalInfo: ,committedIndex=25,consNum=26,committedHash=4c5ef02f...,view=0,toView=2,changeCycle=0,expectedCheckPoint=26,Idx=3,unsealedTxs=0,sealUntil=0,waitResealUntil=0,consensusTimeout=3000,nodeId=5b07d12d...
info|2026-02-06 15:24:19.432590|pbft-0x0000765ebedfb6c0|[CONSENSUS][PBFT]tryToTriggerFastViewChange,viewToReach=3,committedIndex=25,consNum=26,committedHash=4c5ef02f...,view=0,toView=2,changeCycle=0,expectedCheckPoint=26,Idx=3,unsealedTxs=0,sealUntil=0,waitResealUntil=0,consensusTimeout=3000,nodeId=5b07d12d...
info|2026-02-06 15:24:19.432687|pbft-0x0000765ebedfb6c0|[CONSENSUS][PBFT]notify the committed proposal index to the sync module success,index=25
info|2026-02-06 15:24:19.432976|pbft-0x0000765ebedfb6c0|[CONSENSUS][PBFT]broadcastViewChangeReq,reqHash=4c5ef02f...,reqIndex=25,reqV=3,fromIdx=3,wait(ms)=0,packetSize=160
info|2026-02-06 15:24:19.433022|pbft-0x0000765ebedfb6c0|[CONSENSUS][PBFT]addViewChangeReq,reqHash=4c5ef02f...,reqIndex=25,reqV=3,fromIdx=3,wait(ms)=1,weight=3,maxCommittedIndex=25,maxPrecommitIndex=0 preparedProposalInfo: ,committedIndex=25,consNum=26,committedHash=4c5ef02f...,view=0,toView=3,changeCycle=0,expectedCheckPoint=26,Idx=3,unsealedTxs=0,sealUntil=0,waitResealUntil=0,consensusTimeout=3000,nodeId=5b07d12d...
info|2026-02-06 15:24:19.440836|pbft-0x0000765ebedfb6c0|[CONSENSUS][PBFT]addRecoverReqCache,weight=1,reqHash=00000000...,reqIndex=25,reqV=3,fromIdx=2,wait(ms)=0,committedIndex=25,consNum=26,committedHash=4c5ef02f...,view=0,toView=3,changeCycle=0,expectedCheckPoint=26,Idx=3,unsealedTxs=0,sealUntil=0,waitResealUntil=0,consensusTimeout=3000,nodeId=5b07d12d...
info|2026-02-06 15:24:19.450290|pbft-0x0000765ebedfb6c0|[CONSENSUS][PBFT]handleNewViewMsg: receive newViewChangeMsg,reqHash=4c5ef02f...,reqIndex=25,reqV=3,fromIdx=1,wait(ms)=0,committedIndex=25,consNum=26,committedHash=4c5ef02f...,view=0,toView=3,changeCycle=0,expectedCheckPoint=26,Idx=3,unsealedTxs=0,sealUntil=0,waitResealUntil=0,consensusTimeout=3000,nodeId=5b07d12d...
info|2026-02-06 15:24:19.450835|pbft-0x0000765ebedfb6c0|[CONSENSUS][PBFT]handleNewViewMsg success,reqHash=4c5ef02f...,reqIndex=25,reqV=3,fromIdx=1,wait(ms)=0,committedIndex=25,consNum=26,committedHash=4c5ef02f...,view=0,toView=3,changeCycle=0,expectedCheckPoint=26,Idx=3,unsealedTxs=0,sealUntil=0,waitResealUntil=0,consensusTimeout=3000,nodeId=5b07d12d...
info|2026-02-06 15:24:19.450895|pbft-0x0000765ebedfb6c0|[CONSENSUS][PBFT]resetNewViewState,m_view=0,_view=3
info|2026-02-06 15:24:19.451026|pbft-0x0000765ebedfb6c0|[CONSENSUS][PBFT]resetCacheAfterViewChange,view=3,number=25,cacheSize=0
info|2026-02-06 15:24:19.451112|pbft-0x0000765ebedfb6c0|[CONSENSUS][PBFT]reachNewView,committedIndex=25,consNum=26,committedHash=4c5ef02f...,view=3,toView=3,changeCycle=0,expectedCheckPoint=26,Idx=3,unsealedTxs=0,sealUntil=0,waitResealUntil=0,consensusTimeout=3000,nodeId=5b07d12d...
info|2026-02-06 15:24:19.451167|pbft-0x0000765ebedfb6c0|[CONSENSUS][PBFT]notify to seal next proposal,nextProposalIndex=26
info|2026-02-06 15:24:19.451174|pbft-0x0000765ebedfb6c0|[CONSENSUS][PBFT]notifyResetSealing,committedIndex=25,consNum=26,committedHash=4c5ef02f...,view=3,toView=3,changeCycle=0,expectedCheckPoint=26,Idx=3,unsealedTxs=0,sealUntil=0,waitResealUntil=0,consensusTimeout=3000,nodeId=5b07d12d...
info|2026-02-06 15:24:19.451190|pbft-0x0000765ebedfb6c0|[CONSENSUS][SEALER]resetSealing,startNum=0,endNum=0,sealingNum=1,pendingTxs=0,unsealedTxs=0
info|2026-02-06 15:24:19.451198|pbft-0x0000765ebedfb6c0|[CONSENSUS][PBFT]notifyResetSealing success,committedIndex=25,consNum=26,committedHash=4c5ef02f...,view=3,toView=3,changeCycle=0,expectedCheckPoint=26,Idx=3,unsealedTxs=0,sealUntil=0,waitResealUntil=0,consensusTimeout=3000,nodeId=5b07d12d...
info|2026-02-06 15:24:19.451234|pbft-0x0000765ebedfb6c0|[CONSENSUS][PBFT]reNotifySealer,expectedStart=26,highWaterMark=76,leader=1,committedIndex=25,consNum=26,committedHash=4c5ef02f...,view=3,toView=3,changeCycle=0,expectedCheckPoint=26,Idx=3,unsealedTxs=0,sealUntil=0,waitResealUntil=0,consensusTimeout=3000,nodeId=5b07d12d...
info|2026-02-06 15:24:19.461447|pbft-0x0000765ebedfb6c0|[CONSENSUS][PBFT]sendRecoverResponse to the node try to trigger viewchange,dst=0d6a7f52...,reqHash=4c5ef02f...,reqIndex=25,reqV=3,fromIdx=0,wait(ms)=1,committedIndex=25,consNum=26,committedHash=4c5ef02f...,view=3,toView=3,changeCycle=0,expectedCheckPoint=26,Idx=3,unsealedTxs=0,sealUntil=0,waitResealUntil=0,consensusTimeout=3000,nodeId=5b07d12d...
info|2026-02-06 15:24:19.461886|pbft-0x0000765ebedfb6c0|[CONSENSUS][PBFT]addViewChangeReq,reqHash=4c5ef02f...,reqIndex=25,reqV=3,fromIdx=0,wait(ms)=1,weight=1,maxCommittedIndex=25,maxPrecommitIndex=0 preparedProposalInfo: ,committedIndex=25,consNum=26,committedHash=4c5ef02f...,view=3,toView=3,changeCycle=0,expectedCheckPoint=26,Idx=3,unsealedTxs=0,sealUntil=0,waitResealUntil=0,consensusTimeout=3000,nodeId=5b07d12d...
info|2026-02-06 15:24:22.862737|ioService-0x0000765e93ffe6c0|[DEFAULT][HTTP][SERVER][accept],local_endpoint=127.0.0.1:8545,remote_endpoint=127.0.0.1:45448
info|2026-02-06 15:24:22.863085|ioService-0x0000765e937fd6c0|[DEFAULT][HTTP][STREAM]close the stream,this=0x765e92829010
info|2026-02-06 15:24:26.450648|ioService-0x0000765ebb5fd6c0|[NETWORK][Host]Connecting to node,endpoint=127.0.0.1:30302
info|2026-02-06 15:24:26.450802|ioService-0x0000765ebb5fd6c0|[P2PService][Service][METRIC]heartBeat,connected count=2
info|2026-02-06 15:24:26.450997|ioService-0x0000765eb99fc6c0|[ASIO][ASIO]asyncResolveConnect,endpoint=127.0.0.1:30302
info|2026-02-06 15:24:26.452852|ioService-0x0000765eb11ff6c0|[Gateway][Factory][NEW]SSLContext pubHex: 3082010a0282010100a9ba081864ed1c68f5b81b4fa31a3cb4c81583e0e7c5eec4d7249ecd7d2c8f901393580ca25747abc4e01775b9ff41392cf15074a577cc078f4b07f3152faa0dfe540c63b8de93fbc3afe02564592e274c9c1a76bb0cc8c4692d9404f8e0b7b5440bd66d6e70c33a6d35aca5767a88332fd7853571427789bb25413b734abc293a58791b28aece40a8f74238c2f8b0d32bbbb5f020cfd72ad86d4fb6f1904605a5f43f0f58ed4c826346ad1b71ddac3a15040d6cd21f31f9044b82e690f91329d956b39005f4ab421029ebe499a3fe7179586deded25784665d8949c4db5defd0cbbaf2f27221f3d59e7314f4374086dceea8903a6aedc17d8ca5c7ec4b03fef0203010001
info|2026-02-06 15:24:26.452901|ioService-0x0000765eb11ff6c0|[NETWORK][Host]Get ca basic failed
info|2026-02-06 15:24:26.452969|ioService-0x0000765eb11ff6c0|[Gateway][Factory][NEW]SSLContext pubHex: 3082010a02820101009d9833c7e1dbf7d476b1fd7227e247b488323cbd272862d096a4010035236b7d36e2aede87e4f36adfd2e2e44f2945e9a4170901f5865f04cb779a1c1e1fc2f3e56fc6ea80a2665d5da60fce851ccd94bb60aced8e256a551ebb6edcf78febb8eb8bbb3c4fab73bacd5675925d72c787a8d8e179c70b24c484ae98ea7cc956a196c0c8266073d549963e44bfee479261b4c7a5497320d8a89de71743baf1516450118e57b4b07227de0429adf0d02305ad79d40958f48b3c7d6802814fc5c25be7c54c85463c993254d08401e1c7c1cc5586b265a1616617cc2ba7f29e928ff792e4ff33ada9b1bb7ee5a43130da18ba109a9e2186dfa6c2dc1d823e9066e1590203010001
info|2026-02-06 15:24:26.452995|ioService-0x0000765eb11ff6c0|[Gateway][Factory][NEW]SSLContext pubHex: 9D9833C7E1DBF7D476B1FD7227E247B488323CBD272862D096A4010035236B7D36E2AEDE87E4F36ADFD2E2E44F2945E9A4170901F5865F04CB779A1C1E1FC2F3E56FC6EA80A2665D5DA60FCE851CCD94BB60ACED8E256A551EBB6EDCF78FEBB8EB8BBB3C4FAB73BACD5675925D72C787A8D8E179C70B24C484AE98EA7CC956A196C0C8266073D549963E44BFEE479261B4C7A5497320D8A89DE71743BAF1516450118E57B4B07227DE0429ADF0D02305AD79D40958F48B3C7D6802814FC5C25BE7C54C85463C993254D08401E1C7C1CC5586B265A1616617CC2BA7F29E928FF792E4FF33ADA9B1BB7EE5A43130DA18BA109A9E2186DFA6C2DC1D823E9066E159
info|2026-02-06 15:24:26.455416|ioService-0x0000765eb11ff6c0|[NETWORK][Host]obtainP2pInfo ,node_info=3082010a02820101009d9833c7e1dbf7d476b1fd7227e247b488323cbd272862d096a4010035236b7d36e2aede87e4f36adfd2e2e44f2945e9a4170901f5865f04cb779a1c1e1fc2f3e56fc6ea80a2665d5da60fce851ccd94bb60aced8e256a551ebb6edcf78febb8eb8bbb3c4fab73bacd5675925d72c787a8d8e179c70b24c484ae98ea7cc956a196c0c8266073d549963e44bfee479261b4c7a5497320d8a89de71743baf1516450118e57b4b07227de0429adf0d02305ad79d40958f48b3c7d6802814fc5c25be7c54c85463c993254d08401e1c7c1cc5586b265a1616617cc2ba7f29e928ff792e4ff33ada9b1bb7ee5a43130da18ba109a9e2186dfa6c2dc1d823e9066e1590203010001#9D9833C7E1DBF7D476B1FD7227E247B488323CBD272862D096A4010035236B7D36E2AEDE87E4F36ADFD2E2E44F2945E9A4170901F5865F04CB779A1C1E1FC2F3E56FC6EA80A2665D5DA60FCE851CCD94BB60ACED8E256A551EBB6EDCF78FEBB8EB8BBB3C4FAB73BACD5675925D72C787A8D8E179C70B24C484AE98EA7CC956A196C0C8266073D549963E44BFEE479261B4C7A5497320D8A89DE71743BAF1516450118E57B4B07227DE0429ADF0D02305AD79D40958F48B3C7D6802814FC5C25BE7C54C85463C993254D08401E1C7C1CC5586B265A1616617CC2BA7F29E928FF792E4FF33ADA9B1BB7EE5A43130DA18BA109A9E2186DFA6C2DC1D823E9066E159#/CN=FISCO-BCOS-e9f43089/O=FISCO-BCOS-e9f43089/OU=chain#/CN=FISCO-BCOS-e9f43089/O=fisco-bcos/OU=agency,p2pid=3082010a02820101009d9833c7e1dbf7d476b1fd7227e247b488323cbd272862d096a4010035236b7d36e2aede87e4f36adfd2e2e44f2945e9a4170901f5865f04cb779a1c1e1fc2f3e56fc6ea80a2665d5da60fce851ccd94bb60aced8e256a551ebb6edcf78febb8eb8bbb3c4fab73bacd5675925d72c787a8d8e179c70b24c484ae98ea7cc956a196c0c8266073d549963e44bfee479261b4c7a5497320d8a89de71743baf1516450118e57b4b07227de0429adf0d02305ad79d40958f48b3c7d6802814fc5c25be7c54c85463c993254d08401e1c7c1cc5586b265a1616617cc2ba7f29e928ff792e4ff33ada9b1bb7ee5a43130da18ba109a9e2186dfa6c2dc1d823e9066e1590203010001
info|2026-02-06 15:24:26.455480|ioService-0x0000765eb11ff6c0|[NETWORK][Host]handshakeClient succ,local endpoint=127.0.0.1:44426
info|2026-02-06 15:24:26.456018|ioService-0x0000765eb11ff6c0|[SESSION][Session][Session::Session] this=0x765eacac91d0,recvBufferSize=67108864
info|2026-02-06 15:24:26.456218|ioService-0x0000765eb11ff6c0|[SessionFactory]create new session,sessionRecvBufferSize=67108864,allowMaxMsgSize=33554432,maxReadDataSize=40960,maxSendDataSize=1048576,maxSendMsgCountS=10,enableCompress=true
info|2026-02-06 15:24:26.456386|ioService-0x0000765eb11ff6c0|[NETWORK][Host]startPeerSession, Remote=127.0.0.1:30302,local endpoint=127.0.0.1:44426,p2pid=3082010a02820101009d9833c7e1dbf7d476b1fd7227e247b488323cbd272862d096a4010035236b7d36e2aede87e4f36adfd2e2e44f2945e9a4170901f5865f04cb779a1c1e1fc2f3e56fc6ea80a2665d5da60fce851ccd94bb60aced8e256a551ebb6edcf78febb8eb8bbb3c4fab73bacd5675925d72c787a8d8e179c70b24c484ae98ea7cc956a196c0c8266073d549963e44bfee479261b4c7a5497320d8a89de71743baf1516450118e57b4b07227de0429adf0d02305ad79d40958f48b3c7d6802814fc5c25be7c54c85463c993254d08401e1c7c1cc5586b265a1616617cc2ba7f29e928ff792e4ff33ada9b1bb7ee5a43130da18ba109a9e2186dfa6c2dc1d823e9066e1590203010001
info|2026-02-06 15:24:26.456523|fisco-bcos-0x0000765ec75fe6c0|[P2PService][Service]onConnect,p2pid=3082010a02820101009d9833c7e1dbf7d476b1fd7227e247b488323cbd272862d096a4010035236b7d36e2aede87e4f36adfd2e2e44f2945e9a4170901f5865f04cb779a1c1e1fc2f3e56fc6ea80a2665d5da60fce851ccd94bb60aced8e256a551ebb6edcf78febb8eb8bbb3c4fab73bacd5675925d72c787a8d8e179c70b24c484ae98ea7cc956a196c0c8266073d549963e44bfee479261b4c7a5497320d8a89de71743baf1516450118e57b4b07227de0429adf0d02305ad79d40958f48b3c7d6802814fc5c25be7c54c85463c993254d08401e1c7c1cc5586b265a1616617cc2ba7f29e928ff792e4ff33ada9b1bb7ee5a43130da18ba109a9e2186dfa6c2dc1d823e9066e1590203010001,endpoint=127.0.0.1
info|2026-02-06 15:24:26.456578|fisco-bcos-0x0000765ec75fe6c0|[P2PService][P2PSession][P2PSession::P2PSession] this=0x765ec58561d0
info|2026-02-06 15:24:26.456608|fisco-bcos-0x0000765ec75fe6c0|[SESSION][Session][start] start session ,this=0x765eacac91d0
info|2026-02-06 15:24:26.456644|fisco-bcos-0x0000765ec75fe6c0|[P2PService][Service]asyncSendProtocol,payload=5,seq=199
info|2026-02-06 15:24:26.456656|fisco-bcos-0x0000765ec75fe6c0|[P2PService][Service]updateStaticNodes,nodeid=3082010a02820101009d9833c7e1dbf7d476b1fd7227e247b488323cbd272862d096a4010035236b7d36e2aede87e4f36adfd2e2e44f2945e9a4170901f5865f04cb779a1c1e1fc2f3e56fc6ea80a2665d5da60fce851ccd94bb60aced8e256a551ebb6edcf78febb8eb8bbb3c4fab73bacd5675925d72c787a8d8e179c70b24c484ae98ea7cc956a196c0c8266073d549963e44bfee479261b4c7a5497320d8a89de71743baf1516450118e57b4b07227de0429adf0d02305ad79d40958f48b3c7d6802814fc5c25be7c54c85463c993254d08401e1c7c1cc5586b265a1616617cc2ba7f29e928ff792e4ff33ada9b1bb7ee5a43130da18ba109a9e2186dfa6c2dc1d823e9066e1590203010001,endpoint=127.0.0.1:30302
info|2026-02-06 15:24:26.456670|fisco-bcos-0x0000765ec75fe6c0|[P2PService][Router][updateDstNodeEntry]discover smaller distance, update entry,distance=1,oldDistance=2,dst=3082010a02820101009d9833c7e1dbf7d476b1fd7227e247b488323cbd272862d096a4010035236b7d36e2aede87e4f36adfd2e2e44f2945e9a4170901f5865f04cb779a1c1e1fc2f3e56fc6ea80a2665d5da60fce851ccd94bb60aced8e256a551ebb6edcf78febb8eb8bbb3c4fab73bacd5675925d72c787a8d8e179c70b24c484ae98ea7cc956a196c0c8266073d549963e44bfee479261b4c7a5497320d8a89de71743baf1516450118e57b4b07227de0429adf0d02305ad79d40958f48b3c7d6802814fc5c25be7c54c85463c993254d08401e1c7c1cc5586b265a1616617cc2ba7f29e928ff792e4ff33ada9b1bb7ee5a43130da18ba109a9e2186dfa6c2dc1d823e9066e1590203010001,nextHop=,size=3
info|2026-02-06 15:24:26.456737|fisco-bcos-0x0000765ec75fe6c0|[P2PService][Service2][onNewSession]update routerTable,dst=3082010a02820101009d9833c7e1dbf7d476b1fd7227e247b488323cbd272862d096a4010035236b7d36e2aede87e4f36adfd2e2e44f2945e9a4170901f5865f04cb779a1c1e1fc2f3e56fc6ea80a2665d5da60fce851ccd94bb60aced8e256a551ebb6edcf78febb8eb8bbb3c4fab73bacd5675925d72c787a8d8e179c70b24c484ae98ea7cc956a196c0c8266073d549963e44bfee479261b4c7a5497320d8a89de71743baf1516450118e57b4b07227de0429adf0d02305ad79d40958f48b3c7d6802814fc5c25be7c54c85463c993254d08401e1c7c1cc5586b265a1616617cc2ba7f29e928ff792e4ff33ada9b1bb7ee5a43130da18ba109a9e2186dfa6c2dc1d823e9066e1590203010001
info|2026-02-06 15:24:26.456755|fisco-bcos-0x0000765ec75fe6c0|[P2PService][Service]Connection established,p2pid=3082010a02820101009d9833c7e1dbf7d476b1fd7227e247b488323cbd272862d096a4010035236b7d36e2aede87e4f36adfd2e2e44f2945e9a4170901f5865f04cb779a1c1e1fc2f3e56fc6ea80a2665d5da60fce851ccd94bb60aced8e256a551ebb6edcf78febb8eb8bbb3c4fab73bacd5675925d72c787a8d8e179c70b24c484ae98ea7cc956a196c0c8266073d549963e44bfee479261b4c7a5497320d8a89de71743baf1516450118e57b4b07227de0429adf0d02305ad79d40958f48b3c7d6802814fc5c25be7c54c85463c993254d08401e1c7c1cc5586b265a1616617cc2ba7f29e928ff792e4ff33ada9b1bb7ee5a43130da18ba109a9e2186dfa6c2dc1d823e9066e1590203010001,endpoint=127.0.0.1:30302
info|2026-02-06 15:24:26.457258|fisco-bcos-0x0000765e81dee6c0|[P2PService][Service]onReceiveProtocol: protocolNegotiate success,peer=3082010a02820101009d9833c7e1dbf7d476b1fd7227e247b488323cbd272862d096a4010035236b7d36e2aede87e4f36adfd2e2e44f2945e9a4170901f5865f04cb779a1c1e1fc2f3e56fc6ea80a2665d5da60fce851ccd94bb60aced8e256a551ebb6edcf78febb8eb8bbb3c4fab73bacd5675925d72c787a8d8e179c70b24c484ae98ea7cc956a196c0c8266073d549963e44bfee479261b4c7a5497320d8a89de71743baf1516450118e57b4b07227de0429adf0d02305ad79d40958f48b3c7d6802814fc5c25be7c54c85463c993254d08401e1c7c1cc5586b265a1616617cc2ba7f29e928ff792e4ff33ada9b1bb7ee5a43130da18ba109a9e2186dfa6c2dc1d823e9066e1590203010001,minVersion=0,maxVersion=2,supportMinVersion=0,supportMaxVersion=2,negotiatedVersion=2
info|2026-02-06 15:24:26.457270|fisco-bcos-0x0000765e83df66c0|[P2PService][Service2][onReceiveRouterSeq]receive router seq and request router table,peer=3082010a02820101009d9833c7e1dbf7d476b1fd7227e247b488323cbd272862d096a4010035236b7d36e2aede87e4f36adfd2e2e44f2945e9a4170901f5865f04cb779a1c1e1fc2f3e56fc6ea80a2665d5da60fce851ccd94bb60aced8e256a551ebb6edcf78febb8eb8bbb3c4fab73bacd5675925d72c787a8d8e179c70b24c484ae98ea7cc956a196c0c8266073d549963e44bfee479261b4c7a5497320d8a89de71743baf1516450118e57b4b07227de0429adf0d02305ad79d40958f48b3c7d6802814fc5c25be7c54c85463c993254d08401e1c7c1cc5586b265a1616617cc2ba7f29e928ff792e4ff33ada9b1bb7ee5a43130da18ba109a9e2186dfa6c2dc1d823e9066e1590203010001,seq=8
info|2026-02-06 15:24:26.458131|ioService-0x0000765e869fe6c0|[P2PService][Service2][onReceiveRouterTableRequest],peer=3082010a02820101009d9833c7e1dbf7d476b1fd7227e247b488323cbd272862d096a4010035236b7d36e2aede87e4f36adfd2e2e44f2945e9a4170901f5865f04cb779a1c1e1fc2f3e56fc6ea80a2665d5da60fce851ccd94bb60aced8e256a551ebb6edcf78febb8eb8bbb3c4fab73bacd5675925d72c787a8d8e179c70b24c484ae98ea7cc956a196c0c8266073d549963e44bfee479261b4c7a5497320d8a89de71743baf1516450118e57b4b07227de0429adf0d02305ad79d40958f48b3c7d6802814fc5c25be7c54c85463c993254d08401e1c7c1cc5586b265a1616617cc2ba7f29e928ff792e4ff33ada9b1bb7ee5a43130da18ba109a9e2186dfa6c2dc1d823e9066e1590203010001,entrySize=3
info|2026-02-06 15:24:26.459331|fisco-bcos-0x0000765e821ef6c0|[P2PService][Service2][onReceiveRouterSeq]receive router seq and request router table,peer=3082010a02820101009d9833c7e1dbf7d476b1fd7227e247b488323cbd272862d096a4010035236b7d36e2aede87e4f36adfd2e2e44f2945e9a4170901f5865f04cb779a1c1e1fc2f3e56fc6ea80a2665d5da60fce851ccd94bb60aced8e256a551ebb6edcf78febb8eb8bbb3c4fab73bacd5675925d72c787a8d8e179c70b24c484ae98ea7cc956a196c0c8266073d549963e44bfee479261b4c7a5497320d8a89de71743baf1516450118e57b4b07227de0429adf0d02305ad79d40958f48b3c7d6802814fc5c25be7c54c85463c993254d08401e1c7c1cc5586b265a1616617cc2ba7f29e928ff792e4ff33ada9b1bb7ee5a43130da18ba109a9e2186dfa6c2dc1d823e9066e1590203010001,seq=9
info|2026-02-06 15:24:26.460100|fisco-bcos-0x0000765e82df26c0|[P2PService][Service2][onReceivePeersRouterTable],peer=3082010a02820101009d9833c7e1dbf7d476b1fd7227e247b488323cbd272862d096a4010035236b7d36e2aede87e4f36adfd2e2e44f2945e9a4170901f5865f04cb779a1c1e1fc2f3e56fc6ea80a2665d5da60fce851ccd94bb60aced8e256a551ebb6edcf78febb8eb8bbb3c4fab73bacd5675925d72c787a8d8e179c70b24c484ae98ea7cc956a196c0c8266073d549963e44bfee479261b4c7a5497320d8a89de71743baf1516450118e57b4b07227de0429adf0d02305ad79d40958f48b3c7d6802814fc5c25be7c54c85463c993254d08401e1c7c1cc5586b265a1616617cc2ba7f29e928ff792e4ff33ada9b1bb7ee5a43130da18ba109a9e2186dfa6c2dc1d823e9066e1590203010001,entrySize=3
info|2026-02-06 15:24:26.460152|fisco-bcos-0x0000765e82df26c0|[P2PService][Service2][joinRouterTable]create router entry,dst=3082010a02820101009d9833c7e1dbf7d476b1fd7227e247b488323cbd272862d096a4010035236b7d36e2aede87e4f36adfd2e2e44f2945e9a4170901f5865f04cb779a1c1e1fc2f3e56fc6ea80a2665d5da60fce851ccd94bb60aced8e256a551ebb6edcf78febb8eb8bbb3c4fab73bacd5675925d72c787a8d8e179c70b24c484ae98ea7cc956a196c0c8266073d549963e44bfee479261b4c7a5497320d8a89de71743baf1516450118e57b4b07227de0429adf0d02305ad79d40958f48b3c7d6802814fc5c25be7c54c85463c993254d08401e1c7c1cc5586b265a1616617cc2ba7f29e928ff792e4ff33ada9b1bb7ee5a43130da18ba109a9e2186dfa6c2dc1d823e9066e1590203010001
info|2026-02-06 15:24:26.460379|fisco-bcos-0x0000765e829f16c0|[P2PService][Service2][onReceivePeersRouterTable],peer=3082010a02820101009d9833c7e1dbf7d476b1fd7227e247b488323cbd272862d096a4010035236b7d36e2aede87e4f36adfd2e2e44f2945e9a4170901f5865f04cb779a1c1e1fc2f3e56fc6ea80a2665d5da60fce851ccd94bb60aced8e256a551ebb6edcf78febb8eb8bbb3c4fab73bacd5675925d72c787a8d8e179c70b24c484ae98ea7cc956a196c0c8266073d549963e44bfee479261b4c7a5497320d8a89de71743baf1516450118e57b4b07227de0429adf0d02305ad79d40958f48b3c7d6802814fc5c25be7c54c85463c993254d08401e1c7c1cc5586b265a1616617cc2ba7f29e928ff792e4ff33ada9b1bb7ee5a43130da18ba109a9e2186dfa6c2dc1d823e9066e1590203010001,entrySize=3
info|2026-02-06 15:24:26.460429|fisco-bcos-0x0000765e829f16c0|[P2PService][Service2][joinRouterTable]create router entry,dst=3082010a02820101009d9833c7e1dbf7d476b1fd7227e247b488323cbd272862d096a4010035236b7d36e2aede87e4f36adfd2e2e44f2945e9a4170901f5865f04cb779a1c1e1fc2f3e56fc6ea80a2665d5da60fce851ccd94bb60aced8e256a551ebb6edcf78febb8eb8bbb3c4fab73bacd5675925d72c787a8d8e179c70b24c484ae98ea7cc956a196c0c8266073d549963e44bfee479261b4c7a5497320d8a89de71743baf1516450118e57b4b07227de0429adf0d02305ad79d40958f48b3c7d6802814fc5c25be7c54c85463c993254d08401e1c7c1cc5586b265a1616617cc2ba7f29e928ff792e4ff33ada9b1bb7ee5a43130da18ba109a9e2186dfa6c2dc1d823e9066e1590203010001
info|2026-02-06 15:24:26.465102|fisco-bcos-0x0000765ec53fd6c0|[P2PService][Service2][onReceiveRouterTableRequest],peer=3082010a0282010100a492268b412bea3e8f972dff0dc52c521cd06884f53d90f3889c7014f7cb635c38a07b81af9630f2b04238a726b029af6b4b924e132710d2894b7175f12a5e323a7119afd27786b01965d49b9c885ff3768f40b9d57817bc1305124f40ced3b1ac99666773a3a64cce079e95acbc31d42f416aad362594008547aae561213b022db32ed9d1bd67df5c020bc44dcc073982b4566fd04048555b1ea84279063d5b1047e9f42776ef03677d2dd1454433fdb3feced3f41b92efdfeda545d56c1c9ba349584c9095f3ad9e31c2db11cbe3007ee7817f5846f87eb01c296d81b36dbbc765b4c7af74aface1276dd4fd91963729e495694b6af5c0d6111c49115a2c3f0203010001,entrySize=3
info|2026-02-06 15:24:26.466145|ioService-0x0000765eb91fb6c0|[NETWORK][Host]P2P Recv Connect, From=127.0.0.1:60416
info|2026-02-06 15:24:26.466370|ioService-0x0000765eb91fb6c0|[NETWORK][Host]P2P StartAccept,Host=0.0.0.0:30303
info|2026-02-06 15:24:26.470805|fisco-bcos-0x0000765e83df66c0|[P2PService][Service2][onReceiveRouterSeq]receive router seq and request router table,peer=3082010a0282010100d938a7d0e5078fdc3bfe83bfe8c789160de4c9e207ff836ef8d64a0c846f5f628646fe9170bec49eec44aebb3f17334e76b1003dae65d6858a626d60a3ff3dbbff8cf15ca934ca0f7a09b9ae6c17c911bb2f6083cab81540e00a8d9b9393a3341b90dd134f4a2ec21f1d8c55c2df687896873a36661a862226614582077d41811bcb3e6632cbf1767f6189b76054e8186606ee5a2c73bffe1bd6c8fc415f481324f015045231d662173b6f7e814068dffd598ce9a6f4630744bb0aa80f9f74403f4c3da3ca856b40d043885cc1e7beac524853fafb01fb61c3023ab04047e29d50a5d4cd612fc9ae90e7832fde7d1dea0804dc16fff17500517be0bf5d28f4ab0203010001,seq=7
info|2026-02-06 15:24:26.470861|fisco-bcos-0x0000765e83df66c0|[P2PService][Service2][onReceiveRouterTableRequest],peer=3082010a0282010100d938a7d0e5078fdc3bfe83bfe8c789160de4c9e207ff836ef8d64a0c846f5f628646fe9170bec49eec44aebb3f17334e76b1003dae65d6858a626d60a3ff3dbbff8cf15ca934ca0f7a09b9ae6c17c911bb2f6083cab81540e00a8d9b9393a3341b90dd134f4a2ec21f1d8c55c2df687896873a36661a862226614582077d41811bcb3e6632cbf1767f6189b76054e8186606ee5a2c73bffe1bd6c8fc415f481324f015045231d662173b6f7e814068dffd598ce9a6f4630744bb0aa80f9f74403f4c3da3ca856b40d043885cc1e7beac524853fafb01fb61c3023ab04047e29d50a5d4cd612fc9ae90e7832fde7d1dea0804dc16fff17500517be0bf5d28f4ab0203010001,entrySize=3
info|2026-02-06 15:24:26.471934|ioService-0x0000765eb1fff6c0|[Gateway][Factory][NEW]SSLContext pubHex: 3082010a0282010100a9ba081864ed1c68f5b81b4fa31a3cb4c81583e0e7c5eec4d7249ecd7d2c8f901393580ca25747abc4e01775b9ff41392cf15074a577cc078f4b07f3152faa0dfe540c63b8de93fbc3afe02564592e274c9c1a76bb0cc8c4692d9404f8e0b7b5440bd66d6e70c33a6d35aca5767a88332fd7853571427789bb25413b734abc293a58791b28aece40a8f74238c2f8b0d32bbbb5f020cfd72ad86d4fb6f1904605a5f43f0f58ed4c826346ad1b71ddac3a15040d6cd21f31f9044b82e690f91329d956b39005f4ab421029ebe499a3fe7179586deded25784665d8949c4db5defd0cbbaf2f27221f3d59e7314f4374086dceea8903a6aedc17d8ca5c7ec4b03fef0203010001
info|2026-02-06 15:24:26.472017|ioService-0x0000765eb1fff6c0|[NETWORK][Host]Get ca basic failed
info|2026-02-06 15:24:26.472073|fisco-bcos-0x0000765e831f36c0|[P2PService][Service2][onReceivePeersRouterTable],peer=3082010a0282010100d938a7d0e5078fdc3bfe83bfe8c789160de4c9e207ff836ef8d64a0c846f5f628646fe9170bec49eec44aebb3f17334e76b1003dae65d6858a626d60a3ff3dbbff8cf15ca934ca0f7a09b9ae6c17c911bb2f6083cab81540e00a8d9b9393a3341b90dd134f4a2ec21f1d8c55c2df687896873a36661a862226614582077d41811bcb3e6632cbf1767f6189b76054e8186606ee5a2c73bffe1bd6c8fc415f481324f015045231d662173b6f7e814068dffd598ce9a6f4630744bb0aa80f9f74403f4c3da3ca856b40d043885cc1e7beac524853fafb01fb61c3023ab04047e29d50a5d4cd612fc9ae90e7832fde7d1dea0804dc16fff17500517be0bf5d28f4ab0203010001,entrySize=3
info|2026-02-06 15:24:26.472101|fisco-bcos-0x0000765e831f36c0|[P2PService][Service2][joinRouterTable]create router entry,dst=3082010a0282010100d938a7d0e5078fdc3bfe83bfe8c789160de4c9e207ff836ef8d64a0c846f5f628646fe9170bec49eec44aebb3f17334e76b1003dae65d6858a626d60a3ff3dbbff8cf15ca934ca0f7a09b9ae6c17c911bb2f6083cab81540e00a8d9b9393a3341b90dd134f4a2ec21f1d8c55c2df687896873a36661a862226614582077d41811bcb3e6632cbf1767f6189b76054e8186606ee5a2c73bffe1bd6c8fc415f481324f015045231d662173b6f7e814068dffd598ce9a6f4630744bb0aa80f9f74403f4c3da3ca856b40d043885cc1e7beac524853fafb01fb61c3023ab04047e29d50a5d4cd612fc9ae90e7832fde7d1dea0804dc16fff17500517be0bf5d28f4ab0203010001
info|2026-02-06 15:24:26.472112|ioService-0x0000765eb1fff6c0|[Gateway][Factory][NEW]SSLContext pubHex: 3082010a02820101009d9833c7e1dbf7d476b1fd7227e247b488323cbd272862d096a4010035236b7d36e2aede87e4f36adfd2e2e44f2945e9a4170901f5865f04cb779a1c1e1fc2f3e56fc6ea80a2665d5da60fce851ccd94bb60aced8e256a551ebb6edcf78febb8eb8bbb3c4fab73bacd5675925d72c787a8d8e179c70b24c484ae98ea7cc956a196c0c8266073d549963e44bfee479261b4c7a5497320d8a89de71743baf1516450118e57b4b07227de0429adf0d02305ad79d40958f48b3c7d6802814fc5c25be7c54c85463c993254d08401e1c7c1cc5586b265a1616617cc2ba7f29e928ff792e4ff33ada9b1bb7ee5a43130da18ba109a9e2186dfa6c2dc1d823e9066e1590203010001
info|2026-02-06 15:24:26.472126|ioService-0x0000765eb1fff6c0|[Gateway][Factory][NEW]SSLContext pubHex: 9D9833C7E1DBF7D476B1FD7227E247B488323CBD272862D096A4010035236B7D36E2AEDE87E4F36ADFD2E2E44F2945E9A4170901F5865F04CB779A1C1E1FC2F3E56FC6EA80A2665D5DA60FCE851CCD94BB60ACED8E256A551EBB6EDCF78FEBB8EB8BBB3C4FAB73BACD5675925D72C787A8D8E179C70B24C484AE98EA7CC956A196C0C8266073D549963E44BFEE479261B4C7A5497320D8A89DE71743BAF1516450118E57B4B07227DE0429ADF0D02305AD79D40958F48B3C7D6802814FC5C25BE7C54C85463C993254D08401E1C7C1CC5586B265A1616617CC2BA7F29E928FF792E4FF33ADA9B1BB7EE5A43130DA18BA109A9E2186DFA6C2DC1D823E9066E159
info|2026-02-06 15:24:26.472586|ioService-0x0000765eb1fff6c0|[NETWORK][Host]obtainP2pInfo ,node_info=3082010a02820101009d9833c7e1dbf7d476b1fd7227e247b488323cbd272862d096a4010035236b7d36e2aede87e4f36adfd2e2e44f2945e9a4170901f5865f04cb779a1c1e1fc2f3e56fc6ea80a2665d5da60fce851ccd94bb60aced8e256a551ebb6edcf78febb8eb8bbb3c4fab73bacd5675925d72c787a8d8e179c70b24c484ae98ea7cc956a196c0c8266073d549963e44bfee479261b4c7a5497320d8a89de71743baf1516450118e57b4b07227de0429adf0d02305ad79d40958f48b3c7d6802814fc5c25be7c54c85463c993254d08401e1c7c1cc5586b265a1616617cc2ba7f29e928ff792e4ff33ada9b1bb7ee5a43130da18ba109a9e2186dfa6c2dc1d823e9066e1590203010001#9D9833C7E1DBF7D476B1FD7227E247B488323CBD272862D096A4010035236B7D36E2AEDE87E4F36ADFD2E2E44F2945E9A4170901F5865F04CB779A1C1E1FC2F3E56FC6EA80A2665D5DA60FCE851CCD94BB60ACED8E256A551EBB6EDCF78FEBB8EB8BBB3C4FAB73BACD5675925D72C787A8D8E179C70B24C484AE98EA7CC956A196C0C8266073D549963E44BFEE479261B4C7A5497320D8A89DE71743BAF1516450118E57B4B07227DE0429ADF0D02305AD79D40958F48B3C7D6802814FC5C25BE7C54C85463C993254D08401E1C7C1CC5586B265A1616617CC2BA7F29E928FF792E4FF33ADA9B1BB7EE5A43130DA18BA109A9E2186DFA6C2DC1D823E9066E159#/CN=FISCO-BCOS-e9f43089/O=FISCO-BCOS-e9f43089/OU=chain#/CN=FISCO-BCOS-e9f43089/O=fisco-bcos/OU=agency,p2pid=3082010a02820101009d9833c7e1dbf7d476b1fd7227e247b488323cbd272862d096a4010035236b7d36e2aede87e4f36adfd2e2e44f2945e9a4170901f5865f04cb779a1c1e1fc2f3e56fc6ea80a2665d5da60fce851ccd94bb60aced8e256a551ebb6edcf78febb8eb8bbb3c4fab73bacd5675925d72c787a8d8e179c70b24c484ae98ea7cc956a196c0c8266073d549963e44bfee479261b4c7a5497320d8a89de71743baf1516450118e57b4b07227de0429adf0d02305ad79d40958f48b3c7d6802814fc5c25be7c54c85463c993254d08401e1c7c1cc5586b265a1616617cc2ba7f29e928ff792e4ff33ada9b1bb7ee5a43130da18ba109a9e2186dfa6c2dc1d823e9066e1590203010001
info|2026-02-06 15:24:26.472626|ioService-0x0000765eb1fff6c0|[NETWORK][Host]handshakeServer succ,remote endpoint=127.0.0.1:60416,nodeid=3082010a02820101009d9833c7e1dbf7d476b1fd7227e247b488323cbd272862d096a4010035236b7d36e2aede87e4f36adfd2e2e44f2945e9a4170901f5865f04cb779a1c1e1fc2f3e56fc6ea80a2665d5da60fce851ccd94bb60aced8e256a551ebb6edcf78febb8eb8bbb3c4fab73bacd5675925d72c787a8d8e179c70b24c484ae98ea7cc956a196c0c8266073d549963e44bfee479261b4c7a5497320d8a89de71743baf1516450118e57b4b07227de0429adf0d02305ad79d40958f48b3c7d6802814fc5c25be7c54c85463c993254d08401e1c7c1cc5586b265a1616617cc2ba7f29e928ff792e4ff33ada9b1bb7ee5a43130da18ba109a9e2186dfa6c2dc1d823e9066e1590203010001
info|2026-02-06 15:24:26.473998|ioService-0x0000765eb1fff6c0|[SESSION][Session][Session::Session] this=0x765e9a05d1d0,recvBufferSize=67108864
info|2026-02-06 15:24:26.474198|ioService-0x0000765eb1fff6c0|[SessionFactory]create new session,sessionRecvBufferSize=67108864,allowMaxMsgSize=33554432,maxReadDataSize=40960,maxSendDataSize=1048576,maxSendMsgCountS=10,enableCompress=true
info|2026-02-06 15:24:26.474365|ioService-0x0000765eb1fff6c0|[NETWORK][Host]startPeerSession, Remote=127.0.0.1:60416,local endpoint=127.0.0.1:30303,p2pid=3082010a02820101009d9833c7e1dbf7d476b1fd7227e247b488323cbd272862d096a4010035236b7d36e2aede87e4f36adfd2e2e44f2945e9a4170901f5865f04cb779a1c1e1fc2f3e56fc6ea80a2665d5da60fce851ccd94bb60aced8e256a551ebb6edcf78febb8eb8bbb3c4fab73bacd5675925d72c787a8d8e179c70b24c484ae98ea7cc956a196c0c8266073d549963e44bfee479261b4c7a5497320d8a89de71743baf1516450118e57b4b07227de0429adf0d02305ad79d40958f48b3c7d6802814fc5c25be7c54c85463c993254d08401e1c7c1cc5586b265a1616617cc2ba7f29e928ff792e4ff33ada9b1bb7ee5a43130da18ba109a9e2186dfa6c2dc1d823e9066e1590203010001
info|2026-02-06 15:24:26.474517|fisco-bcos-0x0000765ebd1fe6c0|[P2PService][Service]onConnect,p2pid=3082010a02820101009d9833c7e1dbf7d476b1fd7227e247b488323cbd272862d096a4010035236b7d36e2aede87e4f36adfd2e2e44f2945e9a4170901f5865f04cb779a1c1e1fc2f3e56fc6ea80a2665d5da60fce851ccd94bb60aced8e256a551ebb6edcf78febb8eb8bbb3c4fab73bacd5675925d72c787a8d8e179c70b24c484ae98ea7cc956a196c0c8266073d549963e44bfee479261b4c7a5497320d8a89de71743baf1516450118e57b4b07227de0429adf0d02305ad79d40958f48b3c7d6802814fc5c25be7c54c85463c993254d08401e1c7c1cc5586b265a1616617cc2ba7f29e928ff792e4ff33ada9b1bb7ee5a43130da18ba109a9e2186dfa6c2dc1d823e9066e1590203010001,endpoint=127.0.0.1
info|2026-02-06 15:24:26.474533|fisco-bcos-0x0000765ebd1fe6c0|[P2PService][Service]Disconnect duplicate peer,p2pid=3082010a02820101009d9833c7e1dbf7d476b1fd7227e247b488323cbd272862d096a4010035236b7d36e2aede87e4f36adfd2e2e44f2945e9a4170901f5865f04cb779a1c1e1fc2f3e56fc6ea80a2665d5da60fce851ccd94bb60aced8e256a551ebb6edcf78febb8eb8bbb3c4fab73bacd5675925d72c787a8d8e179c70b24c484ae98ea7cc956a196c0c8266073d549963e44bfee479261b4c7a5497320d8a89de71743baf1516450118e57b4b07227de0429adf0d02305ad79d40958f48b3c7d6802814fc5c25be7c54c85463c993254d08401e1c7c1cc5586b265a1616617cc2ba7f29e928ff792e4ff33ada9b1bb7ee5a43130da18ba109a9e2186dfa6c2dc1d823e9066e1590203010001
info|2026-02-06 15:24:26.474542|fisco-bcos-0x0000765ebd1fe6c0|[SESSION][Session][Session::~Session] this=0x765e9a05d1d0
info|2026-02-06 15:24:36.450912|ioService-0x0000765ebb5fd6c0|[P2PService][Service][METRIC]heartBeat,connected count=3
info|2026-02-06 15:24:36.463859|timerFactory-0x0000765eaa3fe6c0|[RPC][WS][SERVICE]connected nodes,count=0
info|2026-02-06 15:24:36.467470|timerFactory-0x0000765e95bff6c0|[RPC][WS][SERVICE]connected nodes,count=0
info|2026-02-06 15:24:46.451072|ioService-0x0000765ebb5fd6c0|[P2PService][Service][METRIC]heartBeat,connected count=3
info|2026-02-06 15:24:46.463988|timerFactory-0x0000765eaa3fe6c0|[RPC][WS][SERVICE]connected nodes,count=0
info|2026-02-06 15:24:46.467757|timerFactory-0x0000765e95bff6c0|[RPC][WS][SERVICE]connected nodes,count=0
info|2026-02-06 15:24:56.451293|ioService-0x0000765ebb5fd6c0|[P2PService][Service][METRIC]heartBeat,connected count=3
info|2026-02-06 15:24:56.464106|timerFactory-0x0000765eaa3fe6c0|[RPC][WS][SERVICE]connected nodes,count=0
info|2026-02-06 15:24:56.467929|timerFactory-0x0000765e95bff6c0|[RPC][WS][SERVICE]connected nodes,count=0
info|2026-02-06 15:25:06.451429|ioService-0x0000765ebb5fd6c0|[P2PService][Service][METRIC]heartBeat,connected count=3
info|2026-02-06 15:25:06.464346|timerFactory-0x0000765eaa3fe6c0|[RPC][WS][SERVICE]connected nodes,count=0
info|2026-02-06 15:25:06.468042|timerFactory-0x0000765e95bff6c0|[RPC][WS][SERVICE]connected nodes,count=0
info|2026-02-06 15:25:16.452748|ioService-0x0000765ebb5fd6c0|[P2PService][Service][METRIC]heartBeat,connected count=3
info|2026-02-06 15:25:16.464449|timerFactory-0x0000765eaa3fe6c0|[RPC][WS][SERVICE]connected nodes,count=0
info|2026-02-06 15:25:16.467721|objMonitor-0x0000765e8a1f06c0|[startMonitor][AliveObjectMonitor],AliveObjectAllocStat=[ type: bcos::gateway::Socket ,created: 11 ,destroyed: 7 ,alive: 4 ] 
info|2026-02-06 15:25:16.468161|timerFactory-0x0000765e95bff6c0|[RPC][WS][SERVICE]connected nodes,count=0
info|2026-02-06 15:25:26.452916|ioService-0x0000765ebb5fd6c0|[P2PService][Service][METRIC]heartBeat,connected count=3
info|2026-02-06 15:25:26.464542|timerFactory-0x0000765eaa3fe6c0|[RPC][WS][SERVICE]connected nodes,count=0
info|2026-02-06 15:25:26.468283|timerFactory-0x0000765e95bff6c0|[RPC][WS][SERVICE]connected nodes,count=0
info|2026-02-06 15:25:36.453029|ioService-0x0000765ebb5fd6c0|[P2PService][Service][METRIC]heartBeat,connected count=3
info|2026-02-06 15:25:36.464718|timerFactory-0x0000765eaa3fe6c0|[RPC][WS][SERVICE]connected nodes,count=0
info|2026-02-06 15:25:36.468377|timerFactory-0x0000765e95bff6c0|[RPC][WS][SERVICE]connected nodes,count=0
info|2026-02-06 15:25:46.453289|ioService-0x0000765ebb5fd6c0|[P2PService][Service][METRIC]heartBeat,connected count=3
info|2026-02-06 15:25:46.464841|timerFactory-0x0000765eaa3fe6c0|[RPC][WS][SERVICE]connected nodes,count=0
info|2026-02-06 15:25:46.469188|timerFactory-0x0000765e95bff6c0|[RPC][WS][SERVICE]connected nodes,count=0
info|2026-02-06 15:25:56.453569|ioService-0x0000765ebb5fd6c0|[P2PService][Service][METRIC]heartBeat,connected count=3
info|2026-02-06 15:25:56.464992|timerFactory-0x0000765eaa3fe6c0|[RPC][WS][SERVICE]connected nodes,count=0
info|2026-02-06 15:25:56.469300|timerFactory-0x0000765e95bff6c0|[RPC][WS][SERVICE]connected nodes,count=0
info|2026-02-06 15:26:06.453744|ioService-0x0000765ebb5fd6c0|[P2PService][Service][METRIC]heartBeat,connected count=3
info|2026-02-06 15:26:06.467350|timerFactory-0x0000765eaa3fe6c0|[RPC][WS][SERVICE]connected nodes,count=0
info|2026-02-06 15:26:06.469551|timerFactory-0x0000765e95bff6c0|[RPC][WS][SERVICE]connected nodes,count=0
info|2026-02-06 15:26:16.454123|ioService-0x0000765ebb5fd6c0|[P2PService][Service][METRIC]heartBeat,connected count=3
info|2026-02-06 15:26:16.467587|timerFactory-0x0000765eaa3fe6c0|[RPC][WS][SERVICE]connected nodes,count=0
info|2026-02-06 15:26:16.467967|objMonitor-0x0000765e8a1f06c0|[startMonitor][AliveObjectMonitor],AliveObjectAllocStat=[ type: bcos::gateway::Socket ,created: 11 ,destroyed: 7 ,alive: 4 ] [ type: bcos::gateway::ResponseCallback ,created: 1785 ,destroyed: 1781 ,alive: 4 ] 
info|2026-02-06 15:26:16.469855|timerFactory-0x0000765e95bff6c0|[RPC][WS][SERVICE]connected nodes,count=0
info|2026-02-06 15:26:26.454323|ioService-0x0000765ebb5fd6c0|[P2PService][Service][METRIC]heartBeat,connected count=3
info|2026-02-06 15:26:26.467710|timerFactory-0x0000765eaa3fe6c0|[RPC][WS][SERVICE]connected nodes,count=0
info|2026-02-06 15:26:26.469943|timerFactory-0x0000765e95bff6c0|[RPC][WS][SERVICE]connected nodes,count=0
info|2026-02-06 15:26:36.454591|ioService-0x0000765ebb5fd6c0|[P2PService][Service][METRIC]heartBeat,connected count=3
info|2026-02-06 15:26:36.468151|timerFactory-0x0000765eaa3fe6c0|[RPC][WS][SERVICE]connected nodes,count=0
info|2026-02-06 15:26:36.470049|timerFactory-0x0000765e95bff6c0|[RPC][WS][SERVICE]connected nodes,count=0
info|2026-02-06 15:26:46.454847|ioService-0x0000765ebb5fd6c0|[P2PService][Service][METRIC]heartBeat,connected count=3
info|2026-02-06 15:26:46.468461|timerFactory-0x0000765eaa3fe6c0|[RPC][WS][SERVICE]connected nodes,count=0
info|2026-02-06 15:26:46.470152|timerFactory-0x0000765e95bff6c0|[RPC][WS][SERVICE]connected nodes,count=0
info|2026-02-06 15:26:56.454998|ioService-0x0000765ebb5fd6c0|[P2PService][Service][METRIC]heartBeat,connected count=3
info|2026-02-06 15:26:56.468670|timerFactory-0x0000765eaa3fe6c0|[RPC][WS][SERVICE]connected nodes,count=0
info|2026-02-06 15:26:56.470275|timerFactory-0x0000765e95bff6c0|[RPC][WS][SERVICE]connected nodes,count=0
info|2026-02-06 15:27:06.456256|ioService-0x0000765ebb5fd6c0|[P2PService][Service][METRIC]heartBeat,connected count=3
info|2026-02-06 15:27:06.468936|timerFactory-0x0000765eaa3fe6c0|[RPC][WS][SERVICE]connected nodes,count=0
info|2026-02-06 15:27:06.470493|timerFactory-0x0000765e95bff6c0|[RPC][WS][SERVICE]connected nodes,count=0
info|2026-02-06 15:27:16.456839|ioService-0x0000765ebb5fd6c0|[P2PService][Service][METRIC]heartBeat,connected count=3
info|2026-02-06 15:27:16.469310|timerFactory-0x0000765eaa3fe6c0|[RPC][WS][SERVICE]connected nodes,count=0
info|2026-02-06 15:27:16.469663|objMonitor-0x0000765e8a1f06c0|[startMonitor][AliveObjectMonitor],AliveObjectAllocStat=[ type: bcos::gateway::Socket ,created: 11 ,destroyed: 7 ,alive: 4 ] 
info|2026-02-06 15:27:16.470779|timerFactory-0x0000765e95bff6c0|[RPC][WS][SERVICE]connected nodes,count=0
info|2026-02-06 15:27:26.457513|ioService-0x0000765ebb5fd6c0|[P2PService][Service][METRIC]heartBeat,connected count=3
info|2026-02-06 15:27:26.469677|timerFactory-0x0000765eaa3fe6c0|[RPC][WS][SERVICE]connected nodes,count=0
info|2026-02-06 15:27:26.471199|timerFactory-0x0000765e95bff6c0|[RPC][WS][SERVICE]connected nodes,count=0
info|2026-02-06 15:27:36.458132|ioService-0x0000765ebb5fd6c0|[P2PService][Service][METRIC]heartBeat,connected count=3
info|2026-02-06 15:27:36.470105|timerFactory-0x0000765eaa3fe6c0|[RPC][WS][SERVICE]connected nodes,count=0
info|2026-02-06 15:27:36.471762|timerFactory-0x0000765e95bff6c0|[RPC][WS][SERVICE]connected nodes,count=0
info|2026-02-06 15:27:46.459112|ioService-0x0000765ebb5fd6c0|[P2PService][Service][METRIC]heartBeat,connected count=3
info|2026-02-06 15:27:46.471131|timerFactory-0x0000765eaa3fe6c0|[RPC][WS][SERVICE]connected nodes,count=0
info|2026-02-06 15:27:46.472450|timerFactory-0x0000765e95bff6c0|[RPC][WS][SERVICE]connected nodes,count=0
info|2026-02-06 15:27:56.459363|ioService-0x0000765ebb5fd6c0|[P2PService][Service][METRIC]heartBeat,connected count=3
info|2026-02-06 15:27:56.471345|timerFactory-0x0000765eaa3fe6c0|[RPC][WS][SERVICE]connected nodes,count=0
info|2026-02-06 15:27:56.472885|timerFactory-0x0000765e95bff6c0|[RPC][WS][SERVICE]connected nodes,count=0
info|2026-02-06 15:28:06.459668|ioService-0x0000765ebb5fd6c0|[P2PService][Service][METRIC]heartBeat,connected count=3
info|2026-02-06 15:28:06.471621|timerFactory-0x0000765eaa3fe6c0|[RPC][WS][SERVICE]connected nodes,count=0
info|2026-02-06 15:28:06.473237|timerFactory-0x0000765e95bff6c0|[RPC][WS][SERVICE]connected nodes,count=0
info|2026-02-06 15:28:16.459868|ioService-0x0000765ebb5fd6c0|[P2PService][Service][METRIC]heartBeat,connected count=3
info|2026-02-06 15:28:16.469905|objMonitor-0x0000765e8a1f06c0|[startMonitor][AliveObjectMonitor],AliveObjectAllocStat=[ type: bcos::gateway::Socket ,created: 11 ,destroyed: 7 ,alive: 4 ] [ type: bcos::gateway::ResponseCallback ,created: 3576 ,destroyed: 3571 ,alive: 5 ] 
info|2026-02-06 15:28:16.471844|timerFactory-0x0000765eaa3fe6c0|[RPC][WS][SERVICE]connected nodes,count=0
info|2026-02-06 15:28:16.473408|timerFactory-0x0000765e95bff6c0|[RPC][WS][SERVICE]connected nodes,count=0
info|2026-02-06 15:28:26.460187|ioService-0x0000765ebb5fd6c0|[P2PService][Service][METRIC]heartBeat,connected count=3
info|2026-02-06 15:28:26.472112|timerFactory-0x0000765eaa3fe6c0|[RPC][WS][SERVICE]connected nodes,count=0
info|2026-02-06 15:28:26.473531|timerFactory-0x0000765e95bff6c0|[RPC][WS][SERVICE]connected nodes,count=0
info|2026-02-06 15:28:36.460544|ioService-0x0000765ebb5fd6c0|[P2PService][Service][METRIC]heartBeat,connected count=3
info|2026-02-06 15:28:36.472336|timerFactory-0x0000765eaa3fe6c0|[RPC][WS][SERVICE]connected nodes,count=0
info|2026-02-06 15:28:36.473709|timerFactory-0x0000765e95bff6c0|[RPC][WS][SERVICE]connected nodes,count=0
info|2026-02-06 15:28:46.460882|ioService-0x0000765ebb5fd6c0|[P2PService][Service][METRIC]heartBeat,connected count=3
info|2026-02-06 15:28:46.472871|timerFactory-0x0000765eaa3fe6c0|[RPC][WS][SERVICE]connected nodes,count=0
info|2026-02-06 15:28:46.474892|timerFactory-0x0000765e95bff6c0|[RPC][WS][SERVICE]connected nodes,count=0
info|2026-02-06 15:28:56.461149|ioService-0x0000765ebb5fd6c0|[P2PService][Service][METRIC]heartBeat,connected count=3
info|2026-02-06 15:28:56.473129|timerFactory-0x0000765eaa3fe6c0|[RPC][WS][SERVICE]connected nodes,count=0
info|2026-02-06 15:28:56.475113|timerFactory-0x0000765e95bff6c0|[RPC][WS][SERVICE]connected nodes,count=0
info|2026-02-06 15:29:06.461315|ioService-0x0000765ebb5fd6c0|[P2PService][Service][METRIC]heartBeat,connected count=3
info|2026-02-06 15:29:06.473275|timerFactory-0x0000765eaa3fe6c0|[RPC][WS][SERVICE]connected nodes,count=0
info|2026-02-06 15:29:06.475381|timerFactory-0x0000765e95bff6c0|[RPC][WS][SERVICE]connected nodes,count=0
info|2026-02-06 15:29:16.461521|ioService-0x0000765ebb5fd6c0|[P2PService][Service][METRIC]heartBeat,connected count=3
info|2026-02-06 15:29:16.470119|objMonitor-0x0000765e8a1f06c0|[startMonitor][AliveObjectMonitor],AliveObjectAllocStat=[ type: bcos::gateway::Socket ,created: 11 ,destroyed: 7 ,alive: 4 ] 
info|2026-02-06 15:29:16.473438|timerFactory-0x0000765eaa3fe6c0|[RPC][WS][SERVICE]connected nodes,count=0
info|2026-02-06 15:29:16.475567|timerFactory-0x0000765e95bff6c0|[RPC][WS][SERVICE]connected nodes,count=0
info|2026-02-06 15:29:26.461719|ioService-0x0000765ebb5fd6c0|[P2PService][Service][METRIC]heartBeat,connected count=3
info|2026-02-06 15:29:26.473671|timerFactory-0x0000765eaa3fe6c0|[RPC][WS][SERVICE]connected nodes,count=0
info|2026-02-06 15:29:26.475762|timerFactory-0x0000765e95bff6c0|[RPC][WS][SERVICE]connected nodes,count=0
info|2026-02-06 15:29:35.518157|ioService-0x0000765ea7bff6c0|[DEFAULT][HTTP][SERVER][accept],local_endpoint=127.0.0.1:20203,remote_endpoint=127.0.0.1:33422
info|2026-02-06 15:29:35.520033|ioService-0x0000765ea6dff6c0|[DEFAULT][HTTP][SESSION][onRead]websocket upgrade
info|2026-02-06 15:29:35.520108|ioService-0x0000765ea6dff6c0|[DEFAULT][WS][STREAM],[NEWOBJ][WsStream]=0x765ea502f090
info|2026-02-06 15:29:35.520130|ioService-0x0000765ea6dff6c0|[RPC][WS][SESSION],[NEWOBJ][WSSESSION]=0x765ea5004210
info|2026-02-06 15:29:35.520136|ioService-0x0000765ea6dff6c0|[RPC][WS][SERVICE][newSession]start the session,endPoint=127.0.0.1:33422
info|2026-02-06 15:29:35.520145|ioService-0x0000765ea6dff6c0|[RPC][WS][SESSION][startAsServer]start websocket handshake,endPoint=127.0.0.1:33422,session=0x765ea5004210
info|2026-02-06 15:29:35.520638|ioService-0x0000765ea6dff6c0|[RPC][WS][SERVICE][addSession]add session to mapping,endPoint=127.0.0.1:33422,result=true
info|2026-02-06 15:29:35.520680|ioService-0x0000765ea6dff6c0|[RPC][WS][SERVICE][onConnect],endpoint=127.0.0.1:33422,refCount=3
info|2026-02-06 15:29:35.520764|ioService-0x0000765ea6dff6c0|[RPC][WS][SESSION][onWsAccept]websocket handshake successfully,endPoint=127.0.0.1:33422,session=0x765ea5004210
info|2026-02-06 15:29:35.521556|fisco-bcos-0x0000765ec85ca6c0|HandshakeRequest,module=2,minVersion=0,maxVersion=2
info|2026-02-06 15:29:35.521595|fisco-bcos-0x0000765ec85ca6c0|[RPC]negotiatedVersion success,peer=127.0.0.1:33422,minVersion=0,maxVersion=2,supportMinVersion=0,supportMaxVersion=2,negotiatedVersion=2,seq=1a3024ac223c4ed1bc2a4f23aef368e9
info|2026-02-06 15:29:35.521963|fisco-bcos-0x0000765ec85ca6c0|[RPC]onRecvHandshakeRequest success,version=2,endpoint=127.0.0.1:33422,handshakeResponse={"groupBlockNumber":[{"group0":25}],"groupInfoList":[{"chainID":"chain0","genesisConfig":"{\"blockTxCountLimit\":1000,\"consensusLeaderPeriod\":1,\"consensusType\":\"pbft\",\"sealerList\":[{\"nodeID\":\"0d6a7f52cb87ce7fda869e0db309ec9c53723c46f81632c21e4abbf1a9159f14d53f37cc0c4141548da9ec877d6235afd7a501c40d296fc4c5252a8717aa23c2\",\"weight\":1},{\"nodeID\":\"21a47acec36f73d8e925a7d5db44793f998e1a42a6d7ee2e3a5cf4037b853452cb76f6cbab8e5b223a128e8ee15790d1f629858b47070b4eb2e1ddb2b0ada297\",\"weight\":1},{\"nodeID\":\"2346c69c46d42278eb237167eb19eb28432b63783cc0fd7cddc90f89c148e755db8941be9b0c5f37cbc21c409a78c154abc75ce0c80818c6fbb76aea6bcd0a9a\",\"weight\":1},{\"nodeID\":\"5b07d12d1512a66493c8fd3456d8c505e6ce05f20061613a4c48a1fa3755bbf9cc2d2f1878c4a6733389f03deb0a3fc0c672e2f4910fde9802d6675929cb3dc5\",\"weight\":1}],\"txGasLimit\":3000000000}\n","groupID":"group0","iniConfig":"","nodeList":[{"featureKeys":["bugfix_revert","bugfix_statestorage_hash","bugfix_evm_create2_delegatecall_staticcall_codecopy","bugfix_event_log_order","bugfix_call_noaddr_return","bugfix_precompiled_codehash","bugfix_dmc_revert","bugfix_keypage_system_entry_hash","bugfix_internal_create_redundant_storage","bugfix_internal_create_permission_denied","bugfix_sharding_call_in_child_executive","bugfix_empty_abi_reset","bugfix_eip55_addr","bugfix_eoa_as_contract","bugfix_eoa_match_failed","bugfix_evm_exception_gas_used","bugfix_dmc_deploy_gas_used","bugfix_staticcall_noaddr_return","bugfix_support_transfer_receive_fallback","bugfix_set_row_with_dirty_flag","feature_dmc2serial","feature_sharding","feature_rpbft","feature_paillier","feature_balance","feature_balance_precompiled","feature_balance_policy1","feature_paillier_add_raw","feature_evm_cancun"],"iniConfig":"{\"binaryInfo\":{\"buildTime\":\"20240827 04:30:34\",\"gitCommitHash\":\"3fea676716990b2ed453b4f079915daafff451f9\",\"platform\":\"Linux/g++\",\"version\":\"3.11.0\"},\"chainID\":\"chain0\",\"gatewayServiceName\":\"\",\"groupID\":\"group0\",\"isAuthCheck\":false,\"isSerialExecute\":true,\"isWasm\":false,\"nodeID\":\"5b07d12d1512a66493c8fd3456d8c505e6ce05f20061613a4c48a1fa3755bbf9cc2d2f1878c4a6733389f03deb0a3fc0c672e2f4910fde9802d6675929cb3dc5\",\"nodeName\":\"5b07d12d1512a66493c8fd3456d8c505e6ce05f20061613a4c48a1fa3755bbf9cc2d2f1878c4a6733389f03deb0a3fc0c672e2f4910fde9802d6675929cb3dc5\",\"rpcServiceName\":\"\",\"smCryptoType\":false}\n","microService":false,"name":"5b07d12d1512a66493c8fd3456d8c505e6ce05f20061613a4c48a1fa3755bbf9cc2d2f1878c4a6733389f03deb0a3fc0c672e2f4910fde9802d6675929cb3dc5","nodeID":"5b07d12d1512a66493c8fd3456d8c505e6ce05f20061613a4c48a1fa3755bbf9cc2d2f1878c4a6733389f03deb0a3fc0c672e2f4910fde9802d6675929cb3dc5","protocol":{"compatibilityVersion":51052544,"maxSupportedVersion":2,"minSupportedVersion":0},"serviceInfo":[{"serviceName":"LedgerServiceObj","type":2},{"serviceName":"SchedulerServiceObj","type":3},{"serviceName":"FrontServiceObj","type":4},{"serviceName":"","type":6},{"serviceName":"","type":7},{"serviceName":"TxPoolServiceObj","type":8}],"supportConfigs":["tx_gas_limit","tx_gas_price","tx_count_limit","consensus_leader_period","auth_check_status","compatibility_version","feature_rpbft","feature_rpbft_epoch_block_num","feature_rpbft_epoch_sealer_num","feature_balance_precompiled","web3_chain_id"],"type":0}]}],"protocolVersion":2}
info|2026-02-06 15:29:35.525494|fisco-bcos-0x0000765e82df26c0|[parseSubTopicsJson],topicItems size=0,json={"topics":[]}
info|2026-02-06 15:29:35.525633|fisco-bcos-0x0000765e82df26c0|[AMOPClient]subscribeTopicToAllNodes,topicInfo={
	"topics" : []
}
info|2026-02-06 15:29:35.525680|fisco-bcos-0x0000765e82df26c0|[AMOP][TOPIC][parseSubTopicsJson],topicItems size=0,json={
	"topics" : []
}
info|2026-02-06 15:29:35.525693|fisco-bcos-0x0000765e82df26c0|[AMOP][TOPIC][subTopic],client=localAMOP,topicSeq=1,topicItems size=0
info|2026-02-06 15:29:35.525710|fisco-bcos-0x0000765e82df26c0|[AMOPClient][onRecvSubTopics],topicInfo={"topics":[]}
,endpoint=127.0.0.1:33422,seq=f7ece1729a1343e3887eb3769edb0000
info|2026-02-06 15:29:36.462090|ioService-0x0000765ebb5fd6c0|[P2PService][Service][METRIC]heartBeat,connected count=3
info|2026-02-06 15:29:36.473983|timerFactory-0x0000765eaa3fe6c0|[RPC][WS][SERVICE]connected nodes,count=1
info|2026-02-06 15:29:36.475907|timerFactory-0x0000765e95bff6c0|[RPC][WS][SERVICE]connected nodes,count=0
info|2026-02-06 15:29:37.447474|pbft-0x0000765ebedfb6c0|[CONSENSUS][PBFT]handlePrePrepareMsg,reqHash=4a05bc40...,reqIndex=26,reqV=3,fromIdx=1,wait(ms)=1,committedIndex=25,consNum=26,committedHash=4c5ef02f...,view=3,toView=3,changeCycle=0,expectedCheckPoint=26,Idx=3,unsealedTxs=1,sealUntil=0,waitResealUntil=0,consensusTimeout=3000,nodeId=5b07d12d...,utc=15435165
info|2026-02-06 15:29:37.447662|pbft-0x0000765ebedfb6c0|[TXPOOL]begin asyncVerifyBlock,consNum=26,hash=4a05bc40...
info|2026-02-06 15:29:37.447859|pbft-0x0000765ebedfb6c0|[CONSENSUS][PBFT]addPrepareCache,reqHash=4a05bc40...,reqIndex=26,reqV=3,fromIdx=1,wait(ms)=1,committedIndex=25,consNum=26,committedHash=4c5ef02f...,view=3,toView=3,changeCycle=0,expectedCheckPoint=26,Idx=3,unsealedTxs=1,sealUntil=0,waitResealUntil=0,consensusTimeout=3000,nodeId=5b07d12d...,weight=1
info|2026-02-06 15:29:37.448335|verifier-0x0000765edddf56c0|[TXPOOL]batchVerifyProposal,consNum=26,hash=4a05bc40...,txsSize=1,lockT=0,verifyT=0,missedTxs=0
info|2026-02-06 15:29:37.448435|verifier-0x0000765edddf56c0|[TXPOOL][METRIC]asyncVerifyBlock finished,consNum=26,hash=4a05bc40...,code=0,msg=success,result=true,timecost=1
info|2026-02-06 15:29:37.448505|verifier-0x0000765edddf56c0|[CONSENSUS][PBFT]handlePrePrepareMsg,reqHash=4a05bc40...,reqIndex=26,reqV=3,fromIdx=1,wait(ms)=2,committedIndex=25,consNum=26,committedHash=4c5ef02f...,view=3,toView=3,changeCycle=0,expectedCheckPoint=26,Idx=3,unsealedTxs=1,sealUntil=0,waitResealUntil=0,consensusTimeout=3000,nodeId=5b07d12d...,utc=15435166
info|2026-02-06 15:29:37.448568|verifier-0x0000765edddf56c0|[CONSENSUS][PBFT]addPrePrepareCache,reqHash=4a05bc40...,reqIndex=26,reqV=3,fromIdx=1,wait(ms)=2,sys=false,committedIndex=25,consNum=26,committedHash=4c5ef02f...,view=3,toView=3,changeCycle=0,expectedCheckPoint=26,Idx=3,unsealedTxs=1,sealUntil=0,waitResealUntil=0,consensusTimeout=3000,nodeId=5b07d12d...
info|2026-02-06 15:29:37.448591|verifier-0x0000765edddf56c0|[CONSENSUS][PBFT]notify the committed proposal index to the sync module success,index=26
info|2026-02-06 15:29:37.448759|verifier-0x0000765edddf56c0|[CONSENSUS][PBFT]addPrepareCache,reqHash=4a05bc40...,reqIndex=26,reqV=3,fromIdx=3,wait(ms)=0,committedIndex=25,consNum=26,committedHash=4c5ef02f...,view=3,toView=3,changeCycle=0,expectedCheckPoint=26,Idx=3,unsealedTxs=1,sealUntil=0,waitResealUntil=0,consensusTimeout=3000,nodeId=5b07d12d...,weight=2
info|2026-02-06 15:29:37.448930|verifier-0x0000765edddf56c0|[CONSENSUS][PBFT]broadcast prepare packet,packetSize=230,index=26
info|2026-02-06 15:29:37.449142|validator-0x0000765ed05da6c0|[CONSENSUS][PBFT]asyncResetTxsFlag,index=26,hash=4a05bc40...,flag=true
info|2026-02-06 15:29:37.449254|verifier-0x0000765edddf56c0|[CONSENSUS][PBFT]handlePrePrepareMsg and broadcast prepare packet,reqHash=4a05bc40...,reqIndex=26,reqV=3,fromIdx=1,wait(ms)=3,committedIndex=25,consNum=26,committedHash=4c5ef02f...,view=3,toView=3,changeCycle=0,expectedCheckPoint=26,Idx=3,unsealedTxs=1,sealUntil=0,waitResealUntil=0,consensusTimeout=3000,nodeId=5b07d12d...
info|2026-02-06 15:29:37.449275|validator-0x0000765ed05da6c0|[TXPOOL]batchMarkTxs,txsSize=1,batchId=26,hash=4a05bc40...,sealFlag=true,notFound=0,reSealed=0,succ=1,time=0,markT=0
info|2026-02-06 15:29:37.449363|validator-0x0000765ed05da6c0|[CONSENSUS][PBFT]asyncMarkTxs success,index=26,hash=4a05bc40...,flag=true,markT=0,emptyTxBatchHash=false
info|2026-02-06 15:29:37.449706|txsPreStore-0x0000765edc5f26c0|[TXPOOL]storeVerifiedBlock fetch block number from LedgerConfig
info|2026-02-06 15:29:37.450555|txsPreStore-0x0000765edc5f26c0|[TOOL]LedgerConfigFetcher: fetchBlockNumber success,blockNumber=25
info|2026-02-06 15:29:37.450623|txsPreStore-0x0000765edc5f26c0|[TXPOOL]storeVerifiedBlock,consNum=26,hash=4a05bc40...,txsSize=1
info|2026-02-06 15:29:37.450737|txsPreStore-0x0000765edc5f26c0|[LEDGER]asyncPreStoreBlockTxs: needStoreUnsavedTxs,txsSize=1,unstoredTxs=1,number=26
info|2026-02-06 15:29:37.451812|txsPreStore-0x0000765edc5f26c0|[STORAGE-RocksDB]setRows finished,put=1,dataSize=9372,time(ms)=1
info|2026-02-06 15:29:37.451879|txsPreStore-0x0000765edc5f26c0|[LEDGER]asyncPreStoreBlockTxs: store uncommitted txs,blockNumber=26,blockTxsSize=1,unStoredTxs=1,msg=success,code=0,timeCost=2
info|2026-02-06 15:29:37.452148|txsPreStore-0x0000765edc5f26c0|[TXPOOL]storeVerifiedBlock success,consNum=26,hash=4a05bc40...,timecost=2
info|2026-02-06 15:29:37.452792|pbft-0x0000765ebedfb6c0|[CONSENSUS][PBFT]addPrepareCache,reqHash=4a05bc40...,reqIndex=26,reqV=3,fromIdx=0,wait(ms)=0,committedIndex=25,consNum=26,committedHash=4c5ef02f...,view=3,toView=3,changeCycle=0,expectedCheckPoint=26,Idx=3,unsealedTxs=0,sealUntil=0,waitResealUntil=0,consensusTimeout=3000,nodeId=5b07d12d...,weight=3
info|2026-02-06 15:29:37.452903|pbft-0x0000765ebedfb6c0|[CONSENSUS][PBFT]setSignatureList,signatureSize=3,propHash=4a05bc40...,propIndex=26
info|2026-02-06 15:29:37.452935|pbft-0x0000765ebedfb6c0|[CONSENSUS][PBFT]intoPrecommit,reqHash=4a05bc40...,reqIndex=26,reqV=3,fromIdx=3,wait(ms)=6,committedIndex=25,consNum=26,committedHash=4c5ef02f...,view=3,toView=3,changeCycle=0,expectedCheckPoint=26,Idx=3,unsealedTxs=0,sealUntil=0,waitResealUntil=0,consensusTimeout=3000,nodeId=5b07d12d...
info|2026-02-06 15:29:37.453068|pbft-0x0000765ebedfb6c0|[CONSENSUS][PBFT]addCommitCache,reqHash=4a05bc40...,reqIndex=26,reqV=3,fromIdx=3,wait(ms)=1,committedIndex=25,consNum=26,committedHash=4c5ef02f...,view=3,toView=3,changeCycle=0,expectedCheckPoint=26,Idx=3,unsealedTxs=0,sealUntil=0,waitResealUntil=0,consensusTimeout=3000,nodeId=5b07d12d...,weight=1
info|2026-02-06 15:29:37.453133|pbft-0x0000765ebedfb6c0|[CONSENSUS][PBFT]checkAndPreCommit: broadcast commitMsg,Idx=3,hash=4a05bc40...,index=26
info|2026-02-06 15:29:37.454665|pbft-0x0000765ebedfb6c0|[CONSENSUS][PBFT]addCommitCache,reqHash=4a05bc40...,reqIndex=26,reqV=3,fromIdx=0,wait(ms)=1,committedIndex=25,consNum=26,committedHash=4c5ef02f...,view=3,toView=3,changeCycle=0,expectedCheckPoint=26,Idx=3,unsealedTxs=0,sealUntil=0,waitResealUntil=0,consensusTimeout=3000,nodeId=5b07d12d...,weight=2
info|2026-02-06 15:29:37.455372|pbft-0x0000765ebedfb6c0|[CONSENSUS][PBFT]addPrepareCache,reqHash=4a05bc40...,reqIndex=26,reqV=3,fromIdx=2,wait(ms)=1,committedIndex=25,consNum=26,committedHash=4c5ef02f...,view=3,toView=3,changeCycle=0,expectedCheckPoint=26,Idx=3,unsealedTxs=0,sealUntil=0,waitResealUntil=0,consensusTimeout=3000,nodeId=5b07d12d...,weight=4
info|2026-02-06 15:29:37.455598|pbft-0x0000765ebedfb6c0|[CONSENSUS][PBFT]addCommitCache,reqHash=4a05bc40...,reqIndex=26,reqV=3,fromIdx=2,wait(ms)=0,committedIndex=25,consNum=26,committedHash=4c5ef02f...,view=3,toView=3,changeCycle=0,expectedCheckPoint=26,Idx=3,unsealedTxs=0,sealUntil=0,waitResealUntil=0,consensusTimeout=3000,nodeId=5b07d12d...,weight=3
info|2026-02-06 15:29:37.455635|pbft-0x0000765ebedfb6c0|[CONSENSUS][PBFT]checkAndCommit,propHash=4a05bc40...,propIndex=26,committedIndex=25,consNum=26,committedHash=4c5ef02f...,view=3,toView=3,changeCycle=0,expectedCheckPoint=26,Idx=3,unsealedTxs=0,sealUntil=0,waitResealUntil=0,consensusTimeout=3000,nodeId=5b07d12d...
info|2026-02-06 15:29:37.455652|pbft-0x0000765ebedfb6c0|[CONSENSUS][PBFT]######## CommitProposal,propHash=4a05bc40...,propIndex=26,sys=false,committedIndex=25,consNum=26,committedHash=4c5ef02f...,view=3,toView=3,changeCycle=0,expectedCheckPoint=26,Idx=3,unsealedTxs=0,sealUntil=0,waitResealUntil=0,consensusTimeout=3000,nodeId=5b07d12d...
info|2026-02-06 15:29:37.455687|pbft-0x0000765ebedfb6c0|[CONSENSUS][PBFT]notify to seal next proposal,nextProposalIndex=27
info|2026-02-06 15:29:37.459399|pbft-0x0000765ebedfb6c0|[SCHEDULER]fetch gas limit from storage before execute block,requestBlockNumber=-1
info|2026-02-06 15:29:37.459636|pbft-0x0000765ebedfb6c0|[CONSENSUS][PBFT]notify to seal next proposal,nextProposalIndex=27
info|2026-02-06 15:29:37.459651|pbft-0x0000765ebedfb6c0|[CONSENSUS][PBFT]applyStateMachine,index=26,hash=4a05bc40...,committedIndex=25,consNum=26,committedHash=4c5ef02f...,view=3,toView=3,changeCycle=0,expectedCheckPoint=26,Idx=3,unsealedTxs=0,sealUntil=0,waitResealUntil=0,consensusTimeout=3000,nodeId=5b07d12d...,unAppliedProposals=0
info|2026-02-06 15:29:37.460352|preExeScheduler-0x0000765e7d2606c0|[SCHEDULER][METRIC][BlockTrace][blk-26]preExeBlock success,blockHeader.timestamp=1770362977404,metaTxCount=1,timeCost=0
info|2026-02-06 15:29:37.460905|exeScheduler-0x0000765e7c25e6c0|[SCHEDULER][METRIC][blk-26]ExecuteBlock request,gasLimit=3000000000,gasPrice=0x0,verify=false,signatureSize=0,txCount=0,metaTxCount=1,version=3.11.0,waitT=0
info|2026-02-06 15:29:37.461235|exeScheduler-0x0000765e7c25e6c0|[SCHEDULER][blk-26][BlockTrace]ExecuteBlock start,time(ms)=0
info|2026-02-06 15:29:37.461252|exeScheduler-0x0000765e7c25e6c0|[SCHEDULER][serialExecute][blk-26][BlockTrace]serialExecute execute block
info|2026-02-06 15:29:37.461261|exeScheduler-0x0000765e7c25e6c0|[SCHEDULER][serialExecute][blk-26][BlockTrace]serialExecute batch next block
info|2026-02-06 15:29:37.461275|exeScheduler-0x0000765e7c25e6c0|[SCHEDULER][blk-26][BlockTrace]NextBlock request,executorNum=1
info|2026-02-06 15:29:37.461369|exeScheduler-0x0000765e7c25e6c0|Build CacheStorage: enableLRUCacheStorage, size: 33554432
info|2026-02-06 15:29:37.461582|exeScheduler-0x0000765e7c25e6c0|[TOOL]fetchCompatibilityVersion
info|2026-02-06 15:29:37.461664|exeScheduler-0x0000765e7c25e6c0|[TOOL]fetchCompatibilityVersion success,version=3.11.0,versionNumber=51052544,minSupportedVersion=3.0.0-rc4,maxSupportedVersion=3.11.0
info|2026-02-06 15:29:37.461695|exeScheduler-0x0000765e7c25e6c0|[TOOL]LedgerConfigFetcher: fetchBlockNumber success,blockNumber=25
info|2026-02-06 15:29:37.461754|exeScheduler-0x0000765e7c25e6c0|[TOOL]LedgerConfigFetcher: fetchBlockHash success,blockNumber=25,hash=4c5ef02f...
info|2026-02-06 15:29:37.465080|exeScheduler-0x0000765e7c25e6c0|[TOOL]fetchAuthCheckStatus success,value=0
info|2026-02-06 15:29:37.469160|exec-0x0000765edadef6c0|[SCHEDULER][blk-26][BlockTrace]NextBlock success,executorNum=1,timeCost=8
info|2026-02-06 15:29:37.469251|exec-0x0000765edadef6c0|[SCHEDULER][serialExecute][blk-26][BlockTrace]serialExecute block begin
info|2026-02-06 15:29:37.470331|Unnamed-0x0000765e7ba5d6c0|[STORAGE-KeyPage]empty table,table=/apps/e16469be7721563d4d6a703932058d12ca2ca94c_accessAuth,key=61646d696e
info|2026-02-06 15:29:37.470793|Unnamed-0x0000765e7ba5d6c0|[STORAGE-KeyPage]empty table,table=/apps/e16469be7721563d4d6a703932058d12ca2ca94c,key=0000000000000000000000000000000000000000000000000000000000000002
info|2026-02-06 15:29:37.471910|exec-0x0000765ed9ded6c0|[STORAGE-KeyPage]hash,size=29,blockVersion=51052544,readLength=15232,writeLength=324,pageCount=2,entrycount=2,entriesHash=6619ffa4423f7f880af496d874a19c6d72dd542cd91d719f520b9de7cf3c789f,pagesHash=20ba5f1bca1b3ed78343c5074222a35952697e863f6a9e1f38d5794edeb368e3,totalHash=46a3a0bf8824415f89b753df36833f3420b42aaae677ef806adee4a9118f107c
info|2026-02-06 15:29:37.472038|exec-0x0000765ed9ded6c0|[EXECUTOR:1770362656][blk-26]GetTableHashes success,hash=46a3a0bf8824415f89b753df36833f3420b42aaae677ef806adee4a9118f107c,time(ms)=1
info|2026-02-06 15:29:37.472219|exec-0x0000765ed9ded6c0|[SCHEDULER][blk-26][BlockTrace]ExecuteBlock success,hash=d92aa2ca...,stateRoot=46a3a0bf8824415f89b753df36833f3420b42aaae677ef806adee4a9118f107c,receiptRoot=fa6c260b2df6a43490d4824c933eeed75f1eea6d6ca881303c3a3751870c9ecd,txsRoot=fd9994d2...,gasUsed=120602,signatureSize=0,timeCost=11,blockVersion=51052544
info|2026-02-06 15:29:37.472327|exec-0x0000765ed9ded6c0|[CONSENSUS][Core][METRIC]asyncExecuteBlock success,sysBlock=false,number=26,result=d92aa2ca...,txsSize=1,txsRoot=fd9994d2...,receiptsRoot=fa6c260b...,stateRoot=46a3a0bf...,timeCost=12,execPerTx=12
info|2026-02-06 15:29:37.472424|exec-0x0000765ed9ded6c0|[CONSENSUS][PBFT]applyStateMachine finished,index=26,beforeExec=4a05bc40...,afterExec=d92aa2ca...,committedIndex=25,consNum=26,committedHash=4c5ef02f...,view=3,toView=3,changeCycle=0,expectedCheckPoint=26,Idx=3,unsealedTxs=0,sealUntil=0,waitResealUntil=0,consensusTimeout=3000,nodeId=5b07d12d...,timecost=13
info|2026-02-06 15:29:37.472654|pbftWorker-0x0000765ecd5d46c0|[CONSENSUS][PBFT][STORAGE]asyncCommitProposal: write the committed proposal into db,index=26
info|2026-02-06 15:29:37.472833|pbftWorker-0x0000765ecd5d46c0|[CONSENSUS][PBFT][STORAGE]asyncPutProposal: commit success,dbName=pbftCommitDB,key=max_committed_proposal,number=26,timecost=0,dataSize=2
info|2026-02-06 15:29:37.472876|pbftWorker-0x0000765ecd5d46c0|[CONSENSUS][PBFT][STORAGE]asyncPutProposal: commit success,dbName=pbftCommitDB,key=26,number=26,timecost=0,dataSize=635
info|2026-02-06 15:29:37.473143|pbftWorker-0x0000765ecd5d46c0|[CONSENSUS][PBFT]addCheckPointMsg,reqHash=d92aa2ca...,reqIndex=26,reqV=3,fromIdx=3,wait(ms)=1,Idx=3,weight=1,minRequiredWeight=3
info|2026-02-06 15:29:37.473173|pbftWorker-0x0000765ecd5d46c0|[CONSENSUS][PBFT]setCheckPointProposal,propHash=d92aa2ca...,propIndex=26,committedIndex=25,consNum=26,committedHash=4c5ef02f...,view=3,toView=3,changeCycle=0,expectedCheckPoint=26,Idx=3,unsealedTxs=0,sealUntil=0,waitResealUntil=0,consensusTimeout=3000,nodeId=5b07d12d...
info|2026-02-06 15:29:37.473187|pbftWorker-0x0000765ecd5d46c0|[CONSENSUS][PBFT]PBFTConfig: setExpectedCheckPoint,committedIndex=25,consNum=26,committedHash=4c5ef02f...,view=3,toView=3,changeCycle=0,expectedCheckPoint=27,Idx=3,unsealedTxs=0,sealUntil=0,waitResealUntil=0,consensusTimeout=3000,nodeId=5b07d12d...,expectedCheckPoint=27
info|2026-02-06 15:29:37.473208|pbftWorker-0x0000765ecd5d46c0|[CONSENSUS][PBFT]notify to seal next proposal,nextProposalIndex=27
info|2026-02-06 15:29:37.473225|pbftWorker-0x0000765ecd5d46c0|[CONSENSUS][PBFT]onProposalApplySuccess,index=26,hash=d92aa2ca...,lockT=0,timecost=0
info|2026-02-06 15:29:37.474864|pbft-0x0000765ebedfb6c0|[CONSENSUS][PBFT]handleCheckPointMsg: try to add the checkpoint message into the cache,reqHash=d92aa2ca...,reqIndex=26,reqV=3,fromIdx=2,wait(ms)=0,committedIndex=25,consNum=26,committedHash=4c5ef02f...,view=3,toView=3,changeCycle=0,expectedCheckPoint=27,Idx=3,unsealedTxs=0,sealUntil=0,waitResealUntil=0,consensusTimeout=3000,nodeId=5b07d12d...
info|2026-02-06 15:29:37.475047|pbft-0x0000765ebedfb6c0|[CONSENSUS][PBFT]addCheckPointMsg,reqHash=d92aa2ca...,reqIndex=26,reqV=3,fromIdx=2,wait(ms)=1,Idx=3,weight=2,minRequiredWeight=3
info|2026-02-06 15:29:37.475068|pbft-0x0000765ebedfb6c0|[CONSENSUS][PBFT]notify to seal next proposal,nextProposalIndex=27
info|2026-02-06 15:29:37.476236|pbft-0x0000765ebedfb6c0|[CONSENSUS][PBFT]handleCheckPointMsg: try to add the checkpoint message into the cache,reqHash=d92aa2ca...,reqIndex=26,reqV=3,fromIdx=0,wait(ms)=1,committedIndex=25,consNum=26,committedHash=4c5ef02f...,view=3,toView=3,changeCycle=0,expectedCheckPoint=27,Idx=3,unsealedTxs=0,sealUntil=0,waitResealUntil=0,consensusTimeout=3000,nodeId=5b07d12d...
info|2026-02-06 15:29:37.476334|pbft-0x0000765ebedfb6c0|[CONSENSUS][PBFT]addCheckPointMsg,reqHash=d92aa2ca...,reqIndex=26,reqV=3,fromIdx=0,wait(ms)=1,Idx=3,weight=3,minRequiredWeight=3
info|2026-02-06 15:29:37.476356|pbft-0x0000765ebedfb6c0|[CONSENSUS][PBFT]notify to seal next proposal,nextProposalIndex=27
info|2026-02-06 15:29:37.476370|pbft-0x0000765ebedfb6c0|[CONSENSUS][PBFT]setSignatureList,signatureSize=3,propHash=d92aa2ca...,propIndex=26
info|2026-02-06 15:29:37.476381|pbft-0x0000765ebedfb6c0|[CONSENSUS][PBFT]checkAndCommitStableCheckPoint,index=26,hash=d92aa2ca...,committedIndex=25,consNum=26,committedHash=4c5ef02f...,view=3,toView=3,changeCycle=0,expectedCheckPoint=27,Idx=3,unsealedTxs=0,sealUntil=0,waitResealUntil=0,consensusTimeout=3000,nodeId=5b07d12d...
info|2026-02-06 15:29:37.476401|pbft-0x0000765ebedfb6c0|[CONSENSUS][PBFT]updateStableCheckPointQueue: insert new checkpoint proposal,index=26,hash=d92aa2ca...,committedIndex=25,consNum=26,committedHash=4c5ef02f...,view=3,toView=3,changeCycle=0,expectedCheckPoint=27,Idx=3,unsealedTxs=0,sealUntil=0,waitResealUntil=0,consensusTimeout=3000,nodeId=5b07d12d...
info|2026-02-06 15:29:37.476413|pbft-0x0000765ebedfb6c0|[CONSENSUS][PBFT]updateStableCheckPointQueue: commit stable checkpoint,index=26,committedIndex=25
info|2026-02-06 15:29:37.476440|pbft-0x0000765ebedfb6c0|[CONSENSUS][PBFT]asyncCommitStableCheckPoint: set signatureList,index=26,hash=d92aa2ca...,proofSize=3,blockProofSize=3
info|2026-02-06 15:29:37.477176|blockSubmit-0x0000765ecedd76c0|[SCHEDULER][blk-26][BlockTrace]CommitBlock start
info|2026-02-06 15:29:37.478546|blockSubmit-0x0000765ecedd76c0|[STORAGE-RocksDB]asyncPrepare,number=26
info|2026-02-06 15:29:37.478917|blockSubmit-0x0000765ecedd76c0|[STORAGE-RocksDB]asyncPrepare finished,blockNumber=26,put=7,delete=0,startTS=0,encode(ms)=0,time(ms)=0
info|2026-02-06 15:29:37.479053|blockSubmit-0x0000765ecedd76c0|[LEDGER]storeTransactionsAndReceipts,blockNumber=26
info|2026-02-06 15:29:37.479859|exec-0x0000765ed95ec6c0|[STORAGE-RocksDB]asyncPrepare,number=26
info|2026-02-06 15:29:37.480353|ledgerWrite-0x0000765ee25fe6c0|[STORAGE-RocksDB]setRows finished,put=1,dataSize=140,time(ms)=0
info|2026-02-06 15:29:37.480499|exec-0x0000765ed95ec6c0|[STORAGE-KeyPage]parallelTraverse,size=415
info|2026-02-06 15:29:37.480533|exec-0x0000765ed95ec6c0|[STORAGE-RocksDB]asyncPrepare finished,blockNumber=26,put=6,delete=2,startTS=0,encode(ms)=1,time(ms)=1
info|2026-02-06 15:29:37.480545|exec-0x0000765ed95ec6c0|[EXECUTOR:1770362656][blk-26]Prepare success
info|2026-02-06 15:29:37.480585|blockSubmit-0x0000765ecedd76c0|[LEDGER]storeTransactionsAndReceipts finished,blockNumber=26,blockTxsSize=1,unStoredTxs=0,timeCost=1
info|2026-02-06 15:29:37.480757|blockSubmit-0x0000765ecedd76c0|[STORAGE-RocksDB]asyncCommit finished,blockNumber=26,startTS=0,time(ms)=0,callback time(ms)=0,count=15
info|2026-02-06 15:29:37.480815|blockSubmit-0x0000765ecedd76c0|[LEDGER][METRIC]asyncPrewriteBlock,number=26,totalTxs=27,failedTxs=8,incTxs=1,incFailedTxs=0
info|2026-02-06 15:29:37.481723|exec-0x0000765ed8deb6c0|[TOOL]fetchCompatibilityVersion
info|2026-02-06 15:29:37.482228|exec-0x0000765ed8deb6c0|[TOOL]fetchCompatibilityVersion success,version=3.11.0,versionNumber=51052544,minSupportedVersion=3.0.0-rc4,maxSupportedVersion=3.11.0
info|2026-02-06 15:29:37.482815|exec-0x0000765ed8deb6c0|[TOOL]fetchAuthCheckStatus success,value=0
info|2026-02-06 15:29:37.482894|exec-0x0000765ed8deb6c0|[EXECUTOR:1770362656]merge keyPage to cachedStorage,number=26
info|2026-02-06 15:29:37.483259|exec-0x0000765ed8deb6c0|[STORAGE-KeyPage]parallelTraverse,size=415
info|2026-02-06 15:29:37.483205|pbft-0x0000765ebedfb6c0|[CONSENSUS][PBFT]handleCheckPointMsg: try to add the checkpoint message into the cache,reqHash=d92aa2ca...,reqIndex=26,reqV=3,fromIdx=1,wait(ms)=6,committedIndex=25,consNum=26,committedHash=4c5ef02f...,view=3,toView=3,changeCycle=0,expectedCheckPoint=27,Idx=3,unsealedTxs=0,sealUntil=0,waitResealUntil=0,consensusTimeout=3000,nodeId=5b07d12d...
info|2026-02-06 15:29:37.483301|pbft-0x0000765ebedfb6c0|[CONSENSUS][PBFT]addCheckPointMsg,reqHash=d92aa2ca...,reqIndex=26,reqV=3,fromIdx=1,wait(ms)=6,Idx=3,weight=4,minRequiredWeight=3
info|2026-02-06 15:29:37.483331|pbft-0x0000765ebedfb6c0|[CONSENSUS][PBFT]notify to seal next proposal,nextProposalIndex=27
info|2026-02-06 15:29:37.483343|exec-0x0000765ed8deb6c0|[STORAGE]Successful merged records,count=8
info|2026-02-06 15:29:37.488723|exec-0x0000765ed8deb6c0|[SCHEDULER][blk-26][BlockTrace]CommitBlock success,gas limit=3000000000,timeCost=11
info|2026-02-06 15:29:37.489009|exec-0x0000765ed8deb6c0|[SCHEDULER][BlockTrace]Notify block result success,blockNumber=26
info|2026-02-06 15:29:37.489042|exec-0x0000765ed8deb6c0|[CONSENSUS][PBFT][STORAGE][METRIC]commitStableCheckPoint success,index=26,hash=d92aa2ca...,txs=1,timeCost=12,commitPerTx=12
info|2026-02-06 15:29:37.489121|exec-0x0000765ed8deb6c0|[SCHEDULER][blk-26]notify block result success,hash=d92aa2ca...,txsSize=1
info|2026-02-06 15:29:37.489225|blockSubmit-0x0000765ecedd76c0|[CONSENSUS][PBFT][METRIC]resetConfig,committedIndex=26,propHash=d92aa2ca...,blockCountLimit=1000,leaderPeriod=1,consensusNodesSize=4
info|2026-02-06 15:29:37.489396|exec-0x0000765ed8deb6c0|[STORAGE-RocksDB]asyncCommit finished,blockNumber=26,startTS=0,time(ms)=0,callback time(ms)=8,count=0
info|2026-02-06 15:29:37.489350|submitter-0x0000765ee1dfd6c0|[TXPOOL][METRIC]StatTPS,tps=9,totalTime=105
info|2026-02-06 15:29:37.489694|blockSubmit-0x0000765ecedd76c0|[CONSENSUS][PBFT][METRIC]^^^^^^^^Report,sealer=1,txs=1,committedIndex=26,consNum=27,committedHash=d92aa2ca...,view=3,toView=3,changeCycle=0,expectedCheckPoint=27,Idx=3,unsealedTxs=0,sealUntil=0,waitResealUntil=0,consensusTimeout=3000,nodeId=5b07d12d...
info|2026-02-06 15:29:37.489874|blockSubmit-0x0000765ecedd76c0|[CONSENSUS][SEALER]asyncNoteLatestBlockNumber,number=26
info|2026-02-06 15:29:37.489918|blockSubmit-0x0000765ecedd76c0|[CONSENSUS][SEALER]asyncNoteLatestBlockHash,_hash=d92aa2ca...
info|2026-02-06 15:29:37.489980|blockSubmit-0x0000765ecedd76c0|[Gateway][Router]insertNode: the node has already existed,groupID=group0,nodeID=5b07d12d1512a66493c8fd3456d8c505e6ce05f20061613a4c48a1fa3755bbf9cc2d2f1878c4a6733389f03deb0a3fc0c672e2f4910fde9802d6675929cb3dc5,nodeType=CONSENSUS_NODE
info|2026-02-06 15:29:37.490001|blockSubmit-0x0000765ecedd76c0|[INITIALIZER]registerNode,group=group0,node=5b07d12d1512a66493c8fd3456d8c505e6ce05f20061613a4c48a1fa3755bbf9cc2d2f1878c4a6733389f03deb0a3fc0c672e2f4910fde9802d6675929cb3dc5,type=CONSENSUS_NODE
info|2026-02-06 15:29:37.490108|blockSubmit-0x0000765ecedd76c0|[BLOCK SYNC]#### BlockSyncConfig resetConfig,number=26,consNodeSize=4,observerNodeSize=0,type=CONSENSUS_NODE
info|2026-02-06 15:29:37.490724|submitter-0x0000765ee1dfd6c0|[TXPOOL][METRIC]batchRemove txs success,expectedSize=1,succCount=1,batchId=26,timecost=2,lockT=1,removeT=1,updateLedgerNonceT=0,updateTxPoolNonceT=0
info|2026-02-06 15:29:37.490996|blockSubmit-0x0000765ecedd76c0|[CONSENSUS][PBFT]notify to seal next proposal,nextProposalIndex=27
info|2026-02-06 15:29:37.491215|blockSubmit-0x0000765ecedd76c0|[CONSENSUS][PBFT]removeConsensusedCache finalizeConsensus,view=3,number=26,eraseSize=1,cacheSize=0
info|2026-02-06 15:29:37.491625|blockSubmit-0x0000765ecedd76c0|[CONSENSUS][PBFT][STORAGE]asyncRemoveStabledCheckPoint,index=21
info|2026-02-06 15:29:37.491785|blockSubmit-0x0000765ecedd76c0|[CONSENSUS][PBFT][STORAGE]asyncRemove success,dbName=pbftCommitDB,key=21
info|2026-02-06 15:29:37.878116|ioService-0x0000765ea6dff6c0|[WS][SESSION][asyncRead],message=End of file,endpoint=127.0.0.1:33422,refCount=2
info|2026-02-06 15:29:37.878174|ioService-0x0000765ea6dff6c0|[RPC][WS][SESSION][drop],reason=4294963295,endpoint=127.0.0.1:33422,session=0x765ea5004210
info|2026-02-06 15:29:37.878200|ioService-0x0000765ea6dff6c0|[RPC][WS][SESSION][drop],reason=4294963295,endpoint=127.0.0.1:33422,cb size=0,session=0x765ea5004210
info|2026-02-06 15:29:37.878273|ioService-0x0000765ea6dff6c0|[DEFAULT][WS][STREAM]the real action to close the stream,this=0x765ea502f090
info|2026-02-06 15:29:37.878520|fisco-bcos-0x0000765ec57fe6c0|[RPC][WS][SERVICE][removeSession],endpoint=127.0.0.1:33422
info|2026-02-06 15:29:37.878595|fisco-bcos-0x0000765ec57fe6c0|[RPC][WS][SERVICE][onDisconnect],endpoint=127.0.0.1:33422,refCount=2
info|2026-02-06 15:29:37.878609|fisco-bcos-0x0000765ec57fe6c0|[RPC][WS][SESSION],[DELOBJ][WSSESSION]=0x765ea5004210
info|2026-02-06 15:29:37.878618|fisco-bcos-0x0000765ec57fe6c0|[DEFAULT][WS][STREAM],[DELOBJ][WsStream]=0x765ea502f090
info|2026-02-06 15:29:40.009451|ioService-0x0000765ea7bff6c0|[DEFAULT][HTTP][SERVER][accept],local_endpoint=127.0.0.1:20203,remote_endpoint=127.0.0.1:33438
info|2026-02-06 15:29:40.009780|ioService-0x0000765ea65fe6c0|[DEFAULT][HTTP][SESSION][onRead]websocket upgrade
info|2026-02-06 15:29:40.009826|ioService-0x0000765ea65fe6c0|[DEFAULT][WS][STREAM],[NEWOBJ][WsStream]=0x765e99806110
info|2026-02-06 15:29:40.009838|ioService-0x0000765ea65fe6c0|[RPC][WS][SESSION],[NEWOBJ][WSSESSION]=0x765e99844a10
info|2026-02-06 15:29:40.009845|ioService-0x0000765ea65fe6c0|[RPC][WS][SERVICE][newSession]start the session,endPoint=127.0.0.1:33438
info|2026-02-06 15:29:40.009849|ioService-0x0000765ea65fe6c0|[RPC][WS][SESSION][startAsServer]start websocket handshake,endPoint=127.0.0.1:33438,session=0x765e99844a10
info|2026-02-06 15:29:40.009963|ioService-0x0000765ea65fe6c0|[RPC][WS][SERVICE][addSession]add session to mapping,endPoint=127.0.0.1:33438,result=true
info|2026-02-06 15:29:40.009985|ioService-0x0000765ea65fe6c0|[RPC][WS][SERVICE][onConnect],endpoint=127.0.0.1:33438,refCount=3
info|2026-02-06 15:29:40.010001|ioService-0x0000765ea65fe6c0|[RPC][WS][SESSION][onWsAccept]websocket handshake successfully,endPoint=127.0.0.1:33438,session=0x765e99844a10
info|2026-02-06 15:29:40.010778|fisco-bcos-0x0000765e7e7e46c0|HandshakeRequest,module=2,minVersion=0,maxVersion=2
info|2026-02-06 15:29:40.010809|fisco-bcos-0x0000765e7e7e46c0|[RPC]negotiatedVersion success,peer=127.0.0.1:33438,minVersion=0,maxVersion=2,supportMinVersion=0,supportMaxVersion=2,negotiatedVersion=2,seq=b6e7d65544134ddca45be2e45ba05107
info|2026-02-06 15:29:40.010959|fisco-bcos-0x0000765e7e7e46c0|[RPC]onRecvHandshakeRequest success,version=2,endpoint=127.0.0.1:33438,handshakeResponse={"groupBlockNumber":[{"group0":26}],"groupInfoList":[{"chainID":"chain0","genesisConfig":"{\"blockTxCountLimit\":1000,\"consensusLeaderPeriod\":1,\"consensusType\":\"pbft\",\"sealerList\":[{\"nodeID\":\"0d6a7f52cb87ce7fda869e0db309ec9c53723c46f81632c21e4abbf1a9159f14d53f37cc0c4141548da9ec877d6235afd7a501c40d296fc4c5252a8717aa23c2\",\"weight\":1},{\"nodeID\":\"21a47acec36f73d8e925a7d5db44793f998e1a42a6d7ee2e3a5cf4037b853452cb76f6cbab8e5b223a128e8ee15790d1f629858b47070b4eb2e1ddb2b0ada297\",\"weight\":1},{\"nodeID\":\"2346c69c46d42278eb237167eb19eb28432b63783cc0fd7cddc90f89c148e755db8941be9b0c5f37cbc21c409a78c154abc75ce0c80818c6fbb76aea6bcd0a9a\",\"weight\":1},{\"nodeID\":\"5b07d12d1512a66493c8fd3456d8c505e6ce05f20061613a4c48a1fa3755bbf9cc2d2f1878c4a6733389f03deb0a3fc0c672e2f4910fde9802d6675929cb3dc5\",\"weight\":1}],\"txGasLimit\":3000000000}\n","groupID":"group0","iniConfig":"","nodeList":[{"featureKeys":["bugfix_revert","bugfix_statestorage_hash","bugfix_evm_create2_delegatecall_staticcall_codecopy","bugfix_event_log_order","bugfix_call_noaddr_return","bugfix_precompiled_codehash","bugfix_dmc_revert","bugfix_keypage_system_entry_hash","bugfix_internal_create_redundant_storage","bugfix_internal_create_permission_denied","bugfix_sharding_call_in_child_executive","bugfix_empty_abi_reset","bugfix_eip55_addr","bugfix_eoa_as_contract","bugfix_eoa_match_failed","bugfix_evm_exception_gas_used","bugfix_dmc_deploy_gas_used","bugfix_staticcall_noaddr_return","bugfix_support_transfer_receive_fallback","bugfix_set_row_with_dirty_flag","feature_dmc2serial","feature_sharding","feature_rpbft","feature_paillier","feature_balance","feature_balance_precompiled","feature_balance_policy1","feature_paillier_add_raw","feature_evm_cancun"],"iniConfig":"{\"binaryInfo\":{\"buildTime\":\"20240827 04:30:34\",\"gitCommitHash\":\"3fea676716990b2ed453b4f079915daafff451f9\",\"platform\":\"Linux/g++\",\"version\":\"3.11.0\"},\"chainID\":\"chain0\",\"gatewayServiceName\":\"\",\"groupID\":\"group0\",\"isAuthCheck\":false,\"isSerialExecute\":true,\"isWasm\":false,\"nodeID\":\"5b07d12d1512a66493c8fd3456d8c505e6ce05f20061613a4c48a1fa3755bbf9cc2d2f1878c4a6733389f03deb0a3fc0c672e2f4910fde9802d6675929cb3dc5\",\"nodeName\":\"5b07d12d1512a66493c8fd3456d8c505e6ce05f20061613a4c48a1fa3755bbf9cc2d2f1878c4a6733389f03deb0a3fc0c672e2f4910fde9802d6675929cb3dc5\",\"rpcServiceName\":\"\",\"smCryptoType\":false}\n","microService":false,"name":"5b07d12d1512a66493c8fd3456d8c505e6ce05f20061613a4c48a1fa3755bbf9cc2d2f1878c4a6733389f03deb0a3fc0c672e2f4910fde9802d6675929cb3dc5","nodeID":"5b07d12d1512a66493c8fd3456d8c505e6ce05f20061613a4c48a1fa3755bbf9cc2d2f1878c4a6733389f03deb0a3fc0c672e2f4910fde9802d6675929cb3dc5","protocol":{"compatibilityVersion":51052544,"maxSupportedVersion":2,"minSupportedVersion":0},"serviceInfo":[{"serviceName":"LedgerServiceObj","type":2},{"serviceName":"SchedulerServiceObj","type":3},{"serviceName":"FrontServiceObj","type":4},{"serviceName":"","type":6},{"serviceName":"","type":7},{"serviceName":"TxPoolServiceObj","type":8}],"supportConfigs":["tx_gas_limit","tx_gas_price","tx_count_limit","consensus_leader_period","auth_check_status","compatibility_version","feature_rpbft","feature_rpbft_epoch_block_num","feature_rpbft_epoch_sealer_num","feature_balance_precompiled","web3_chain_id"],"type":0}]}],"protocolVersion":2}
info|2026-02-06 15:29:40.012354|fisco-bcos-0x0000765ec85ca6c0|[parseSubTopicsJson],topicItems size=0,json={"topics":[]}
info|2026-02-06 15:29:40.012398|fisco-bcos-0x0000765ec85ca6c0|[AMOPClient]subscribeTopicToAllNodes,topicInfo={
	"topics" : []
}
info|2026-02-06 15:29:40.012408|fisco-bcos-0x0000765ec85ca6c0|[AMOP][TOPIC][parseSubTopicsJson],topicItems size=0,json={
	"topics" : []
}
info|2026-02-06 15:29:40.012415|fisco-bcos-0x0000765ec85ca6c0|[AMOP][TOPIC][subTopic],client=localAMOP,topicSeq=1,topicItems size=0
info|2026-02-06 15:29:40.012419|fisco-bcos-0x0000765ec85ca6c0|[AMOPClient][onRecvSubTopics],topicInfo={"topics":[]}
,endpoint=127.0.0.1:33438,seq=aacaae7d91e34da18fd2cdb381f578c0
info|2026-02-06 15:29:42.219688|ioService-0x0000765ea65fe6c0|[WS][SESSION][asyncRead],message=End of file,endpoint=127.0.0.1:33438,refCount=2
info|2026-02-06 15:29:42.219827|ioService-0x0000765ea65fe6c0|[RPC][WS][SESSION][drop],reason=4294963295,endpoint=127.0.0.1:33438,session=0x765e99844a10
info|2026-02-06 15:29:42.219889|ioService-0x0000765ea65fe6c0|[RPC][WS][SESSION][drop],reason=4294963295,endpoint=127.0.0.1:33438,cb size=0,session=0x765e99844a10
info|2026-02-06 15:29:42.220047|ioService-0x0000765ea65fe6c0|[DEFAULT][WS][STREAM]the real action to close the stream,this=0x765e99806110
info|2026-02-06 15:29:42.220585|fisco-bcos-0x0000765e7e3e36c0|[RPC][WS][SERVICE][removeSession],endpoint=127.0.0.1:33438
info|2026-02-06 15:29:42.220724|fisco-bcos-0x0000765e7e3e36c0|[RPC][WS][SERVICE][onDisconnect],endpoint=127.0.0.1:33438,refCount=2
info|2026-02-06 15:29:42.220753|fisco-bcos-0x0000765e7e3e36c0|[RPC][WS][SESSION],[DELOBJ][WSSESSION]=0x765e99844a10
info|2026-02-06 15:29:42.220770|fisco-bcos-0x0000765e7e3e36c0|[DEFAULT][WS][STREAM],[DELOBJ][WsStream]=0x765e99806110
info|2026-02-06 15:29:44.146939|ioService-0x0000765ea7bff6c0|[DEFAULT][HTTP][SERVER][accept],local_endpoint=127.0.0.1:20203,remote_endpoint=127.0.0.1:43818
info|2026-02-06 15:29:44.147939|ioService-0x0000765ea4dfe6c0|[DEFAULT][HTTP][SESSION][onRead]websocket upgrade
info|2026-02-06 15:29:44.148036|ioService-0x0000765ea4dfe6c0|[DEFAULT][WS][STREAM],[NEWOBJ][WsStream]=0x765ea2420090
info|2026-02-06 15:29:44.148061|ioService-0x0000765ea4dfe6c0|[RPC][WS][SESSION],[NEWOBJ][WSSESSION]=0x765ea2405210
info|2026-02-06 15:29:44.148069|ioService-0x0000765ea4dfe6c0|[RPC][WS][SERVICE][newSession]start the session,endPoint=127.0.0.1:43818
info|2026-02-06 15:29:44.148081|ioService-0x0000765ea4dfe6c0|[RPC][WS][SESSION][startAsServer]start websocket handshake,endPoint=127.0.0.1:43818,session=0x765ea2405210
info|2026-02-06 15:29:44.148629|ioService-0x0000765ea4dfe6c0|[RPC][WS][SERVICE][addSession]add session to mapping,endPoint=127.0.0.1:43818,result=true
info|2026-02-06 15:29:44.148759|ioService-0x0000765ea4dfe6c0|[RPC][WS][SERVICE][onConnect],endpoint=127.0.0.1:43818,refCount=3
info|2026-02-06 15:29:44.149042|ioService-0x0000765ea4dfe6c0|[RPC][WS][SESSION][onWsAccept]websocket handshake successfully,endPoint=127.0.0.1:43818,session=0x765ea2405210
info|2026-02-06 15:29:44.150196|fisco-bcos-0x0000765e865fd6c0|HandshakeRequest,module=2,minVersion=0,maxVersion=2
info|2026-02-06 15:29:44.150513|fisco-bcos-0x0000765e865fd6c0|[RPC]negotiatedVersion success,peer=127.0.0.1:43818,minVersion=0,maxVersion=2,supportMinVersion=0,supportMaxVersion=2,negotiatedVersion=2,seq=ad3e9359c64f490daabad78b5d0a0cea
info|2026-02-06 15:29:44.151016|fisco-bcos-0x0000765e865fd6c0|[RPC]onRecvHandshakeRequest success,version=2,endpoint=127.0.0.1:43818,handshakeResponse={"groupBlockNumber":[{"group0":26}],"groupInfoList":[{"chainID":"chain0","genesisConfig":"{\"blockTxCountLimit\":1000,\"consensusLeaderPeriod\":1,\"consensusType\":\"pbft\",\"sealerList\":[{\"nodeID\":\"0d6a7f52cb87ce7fda869e0db309ec9c53723c46f81632c21e4abbf1a9159f14d53f37cc0c4141548da9ec877d6235afd7a501c40d296fc4c5252a8717aa23c2\",\"weight\":1},{\"nodeID\":\"21a47acec36f73d8e925a7d5db44793f998e1a42a6d7ee2e3a5cf4037b853452cb76f6cbab8e5b223a128e8ee15790d1f629858b47070b4eb2e1ddb2b0ada297\",\"weight\":1},{\"nodeID\":\"2346c69c46d42278eb237167eb19eb28432b63783cc0fd7cddc90f89c148e755db8941be9b0c5f37cbc21c409a78c154abc75ce0c80818c6fbb76aea6bcd0a9a\",\"weight\":1},{\"nodeID\":\"5b07d12d1512a66493c8fd3456d8c505e6ce05f20061613a4c48a1fa3755bbf9cc2d2f1878c4a6733389f03deb0a3fc0c672e2f4910fde9802d6675929cb3dc5\",\"weight\":1}],\"txGasLimit\":3000000000}\n","groupID":"group0","iniConfig":"","nodeList":[{"featureKeys":["bugfix_revert","bugfix_statestorage_hash","bugfix_evm_create2_delegatecall_staticcall_codecopy","bugfix_event_log_order","bugfix_call_noaddr_return","bugfix_precompiled_codehash","bugfix_dmc_revert","bugfix_keypage_system_entry_hash","bugfix_internal_create_redundant_storage","bugfix_internal_create_permission_denied","bugfix_sharding_call_in_child_executive","bugfix_empty_abi_reset","bugfix_eip55_addr","bugfix_eoa_as_contract","bugfix_eoa_match_failed","bugfix_evm_exception_gas_used","bugfix_dmc_deploy_gas_used","bugfix_staticcall_noaddr_return","bugfix_support_transfer_receive_fallback","bugfix_set_row_with_dirty_flag","feature_dmc2serial","feature_sharding","feature_rpbft","feature_paillier","feature_balance","feature_balance_precompiled","feature_balance_policy1","feature_paillier_add_raw","feature_evm_cancun"],"iniConfig":"{\"binaryInfo\":{\"buildTime\":\"20240827 04:30:34\",\"gitCommitHash\":\"3fea676716990b2ed453b4f079915daafff451f9\",\"platform\":\"Linux/g++\",\"version\":\"3.11.0\"},\"chainID\":\"chain0\",\"gatewayServiceName\":\"\",\"groupID\":\"group0\",\"isAuthCheck\":false,\"isSerialExecute\":true,\"isWasm\":false,\"nodeID\":\"5b07d12d1512a66493c8fd3456d8c505e6ce05f20061613a4c48a1fa3755bbf9cc2d2f1878c4a6733389f03deb0a3fc0c672e2f4910fde9802d6675929cb3dc5\",\"nodeName\":\"5b07d12d1512a66493c8fd3456d8c505e6ce05f20061613a4c48a1fa3755bbf9cc2d2f1878c4a6733389f03deb0a3fc0c672e2f4910fde9802d6675929cb3dc5\",\"rpcServiceName\":\"\",\"smCryptoType\":false}\n","microService":false,"name":"5b07d12d1512a66493c8fd3456d8c505e6ce05f20061613a4c48a1fa3755bbf9cc2d2f1878c4a6733389f03deb0a3fc0c672e2f4910fde9802d6675929cb3dc5","nodeID":"5b07d12d1512a66493c8fd3456d8c505e6ce05f20061613a4c48a1fa3755bbf9cc2d2f1878c4a6733389f03deb0a3fc0c672e2f4910fde9802d6675929cb3dc5","protocol":{"compatibilityVersion":51052544,"maxSupportedVersion":2,"minSupportedVersion":0},"serviceInfo":[{"serviceName":"LedgerServiceObj","type":2},{"serviceName":"SchedulerServiceObj","type":3},{"serviceName":"FrontServiceObj","type":4},{"serviceName":"","type":6},{"serviceName":"","type":7},{"serviceName":"TxPoolServiceObj","type":8}],"supportConfigs":["tx_gas_limit","tx_gas_price","tx_count_limit","consensus_leader_period","auth_check_status","compatibility_version","feature_rpbft","feature_rpbft_epoch_block_num","feature_rpbft_epoch_sealer_num","feature_balance_precompiled","web3_chain_id"],"type":0}]}],"protocolVersion":2}
info|2026-02-06 15:29:44.155979|fisco-bcos-0x0000765e865fd6c0|[parseSubTopicsJson],topicItems size=0,json={"topics":[]}
info|2026-02-06 15:29:44.156110|fisco-bcos-0x0000765e865fd6c0|[AMOPClient]subscribeTopicToAllNodes,topicInfo={
	"topics" : []
}
info|2026-02-06 15:29:44.156128|fisco-bcos-0x0000765e865fd6c0|[AMOP][TOPIC][parseSubTopicsJson],topicItems size=0,json={
	"topics" : []
}
info|2026-02-06 15:29:44.156139|fisco-bcos-0x0000765e865fd6c0|[AMOP][TOPIC][subTopic],client=localAMOP,topicSeq=1,topicItems size=0
info|2026-02-06 15:29:44.156146|fisco-bcos-0x0000765e865fd6c0|[AMOPClient][onRecvSubTopics],topicInfo={"topics":[]}
,endpoint=127.0.0.1:43818,seq=a12eb10981a54cf0935b1bae1f55c5ae
info|2026-02-06 15:29:46.462410|ioService-0x0000765ebb5fd6c0|[P2PService][Service][METRIC]heartBeat,connected count=3
info|2026-02-06 15:29:46.474446|timerFactory-0x0000765eaa3fe6c0|[RPC][WS][SERVICE]connected nodes,count=1
info|2026-02-06 15:29:46.476252|timerFactory-0x0000765e95bff6c0|[RPC][WS][SERVICE]connected nodes,count=0
info|2026-02-06 15:29:46.545479|ioService-0x0000765ea4dfe6c0|[WS][SESSION][asyncRead],message=End of file,endpoint=127.0.0.1:43818,refCount=2
info|2026-02-06 15:29:46.545521|ioService-0x0000765ea4dfe6c0|[RPC][WS][SESSION][drop],reason=4294963295,endpoint=127.0.0.1:43818,session=0x765ea2405210
info|2026-02-06 15:29:46.545573|ioService-0x0000765ea4dfe6c0|[RPC][WS][SESSION][drop],reason=4294963295,endpoint=127.0.0.1:43818,cb size=0,session=0x765ea2405210
info|2026-02-06 15:29:46.545632|ioService-0x0000765ea4dfe6c0|[DEFAULT][WS][STREAM]the real action to close the stream,this=0x765ea2420090
info|2026-02-06 15:29:46.545783|fisco-bcos-0x0000765ec71fd6c0|[RPC][WS][SERVICE][removeSession],endpoint=127.0.0.1:43818
info|2026-02-06 15:29:46.545813|fisco-bcos-0x0000765ec71fd6c0|[RPC][WS][SERVICE][onDisconnect],endpoint=127.0.0.1:43818,refCount=2
info|2026-02-06 15:29:46.545820|fisco-bcos-0x0000765ec71fd6c0|[RPC][WS][SESSION],[DELOBJ][WSSESSION]=0x765ea2405210
info|2026-02-06 15:29:46.545829|fisco-bcos-0x0000765ec71fd6c0|[DEFAULT][WS][STREAM],[DELOBJ][WsStream]=0x765ea2420090
info|2026-02-06 15:29:56.462904|ioService-0x0000765ebb5fd6c0|[P2PService][Service][METRIC]heartBeat,connected count=3
info|2026-02-06 15:29:56.474782|timerFactory-0x0000765eaa3fe6c0|[RPC][WS][SERVICE]connected nodes,count=0
info|2026-02-06 15:29:56.476445|timerFactory-0x0000765e95bff6c0|[RPC][WS][SERVICE]connected nodes,count=0
info|2026-02-06 15:30:06.463236|ioService-0x0000765ebb5fd6c0|[P2PService][Service][METRIC]heartBeat,connected count=3
info|2026-02-06 15:30:06.475012|timerFactory-0x0000765eaa3fe6c0|[RPC][WS][SERVICE]connected nodes,count=0
info|2026-02-06 15:30:06.476556|timerFactory-0x0000765e95bff6c0|[RPC][WS][SERVICE]connected nodes,count=0
info|2026-02-06 15:30:16.463610|ioService-0x0000765ebb5fd6c0|[P2PService][Service][METRIC]heartBeat,connected count=3
info|2026-02-06 15:30:16.470363|objMonitor-0x0000765e8a1f06c0|[startMonitor][AliveObjectMonitor],AliveObjectAllocStat=[ type: bcos::gateway::Socket ,created: 11 ,destroyed: 7 ,alive: 4 ] 
info|2026-02-06 15:30:16.475411|timerFactory-0x0000765eaa3fe6c0|[RPC][WS][SERVICE]connected nodes,count=0
info|2026-02-06 15:30:16.476700|timerFactory-0x0000765e95bff6c0|[RPC][WS][SERVICE]connected nodes,count=0
info|2026-02-06 15:30:26.463885|ioService-0x0000765ebb5fd6c0|[P2PService][Service][METRIC]heartBeat,connected count=3
info|2026-02-06 15:30:26.475579|timerFactory-0x0000765eaa3fe6c0|[RPC][WS][SERVICE]connected nodes,count=0
info|2026-02-06 15:30:26.476796|timerFactory-0x0000765e95bff6c0|[RPC][WS][SERVICE]connected nodes,count=0
info|2026-02-06 15:30:36.464315|ioService-0x0000765ebb5fd6c0|[P2PService][Service][METRIC]heartBeat,connected count=3
info|2026-02-06 15:30:36.475846|timerFactory-0x0000765eaa3fe6c0|[RPC][WS][SERVICE]connected nodes,count=0
info|2026-02-06 15:30:36.477239|timerFactory-0x0000765e95bff6c0|[RPC][WS][SERVICE]connected nodes,count=0
info|2026-02-06 15:30:46.464640|ioService-0x0000765ebb5fd6c0|[P2PService][Service][METRIC]heartBeat,connected count=3
info|2026-02-06 15:30:46.476304|timerFactory-0x0000765eaa3fe6c0|[RPC][WS][SERVICE]connected nodes,count=0
info|2026-02-06 15:30:46.477444|timerFactory-0x0000765e95bff6c0|[RPC][WS][SERVICE]connected nodes,count=0
info|2026-02-06 15:30:56.464932|ioService-0x0000765ebb5fd6c0|[P2PService][Service][METRIC]heartBeat,connected count=3
info|2026-02-06 15:30:56.476499|timerFactory-0x0000765eaa3fe6c0|[RPC][WS][SERVICE]connected nodes,count=0
info|2026-02-06 15:30:56.477589|timerFactory-0x0000765e95bff6c0|[RPC][WS][SERVICE]connected nodes,count=0
info|2026-02-06 15:31:06.465426|ioService-0x0000765ebb5fd6c0|[P2PService][Service][METRIC]heartBeat,connected count=3
info|2026-02-06 15:31:06.476812|timerFactory-0x0000765eaa3fe6c0|[RPC][WS][SERVICE]connected nodes,count=0
info|2026-02-06 15:31:06.477766|timerFactory-0x0000765e95bff6c0|[RPC][WS][SERVICE]connected nodes,count=0
info|2026-02-06 15:31:16.465815|ioService-0x0000765ebb5fd6c0|[P2PService][Service][METRIC]heartBeat,connected count=3
info|2026-02-06 15:31:16.470823|objMonitor-0x0000765e8a1f06c0|[startMonitor][AliveObjectMonitor],AliveObjectAllocStat=[ type: bcos::gateway::Socket ,created: 11 ,destroyed: 7 ,alive: 4 ] 
info|2026-02-06 15:31:16.477022|timerFactory-0x0000765eaa3fe6c0|[RPC][WS][SERVICE]connected nodes,count=0
info|2026-02-06 15:31:16.478050|timerFactory-0x0000765e95bff6c0|[RPC][WS][SERVICE]connected nodes,count=0
info|2026-02-06 15:31:26.466089|ioService-0x0000765ebb5fd6c0|[P2PService][Service][METRIC]heartBeat,connected count=3
info|2026-02-06 15:31:26.477258|timerFactory-0x0000765eaa3fe6c0|[RPC][WS][SERVICE]connected nodes,count=0
info|2026-02-06 15:31:26.478285|timerFactory-0x0000765e95bff6c0|[RPC][WS][SERVICE]connected nodes,count=0
info|2026-02-06 15:31:36.466513|ioService-0x0000765ebb5fd6c0|[P2PService][Service][METRIC]heartBeat,connected count=3
info|2026-02-06 15:31:36.477456|timerFactory-0x0000765eaa3fe6c0|[RPC][WS][SERVICE]connected nodes,count=0
info|2026-02-06 15:31:36.478411|timerFactory-0x0000765e95bff6c0|[RPC][WS][SERVICE]connected nodes,count=0
info|2026-02-06 15:31:46.466943|ioService-0x0000765ebb5fd6c0|[P2PService][Service][METRIC]heartBeat,connected count=3
info|2026-02-06 15:31:46.477666|timerFactory-0x0000765eaa3fe6c0|[RPC][WS][SERVICE]connected nodes,count=0
info|2026-02-06 15:31:46.478832|timerFactory-0x0000765e95bff6c0|[RPC][WS][SERVICE]connected nodes,count=0
info|2026-02-06 15:31:56.467507|ioService-0x0000765ebb5fd6c0|[P2PService][Service][METRIC]heartBeat,connected count=3
info|2026-02-06 15:31:56.477944|timerFactory-0x0000765eaa3fe6c0|[RPC][WS][SERVICE]connected nodes,count=0
info|2026-02-06 15:31:56.479023|timerFactory-0x0000765e95bff6c0|[RPC][WS][SERVICE]connected nodes,count=0
info|2026-02-06 15:32:06.467813|ioService-0x0000765ebb5fd6c0|[P2PService][Service][METRIC]heartBeat,connected count=3
info|2026-02-06 15:32:06.478119|timerFactory-0x0000765eaa3fe6c0|[RPC][WS][SERVICE]connected nodes,count=0
info|2026-02-06 15:32:06.479222|timerFactory-0x0000765e95bff6c0|[RPC][WS][SERVICE]connected nodes,count=0
info|2026-02-06 15:32:16.468099|ioService-0x0000765ebb5fd6c0|[P2PService][Service][METRIC]heartBeat,connected count=3
info|2026-02-06 15:32:16.471169|objMonitor-0x0000765e8a1f06c0|[startMonitor][AliveObjectMonitor],AliveObjectAllocStat=[ type: bcos::gateway::Socket ,created: 11 ,destroyed: 7 ,alive: 4 ] 
info|2026-02-06 15:32:16.478670|timerFactory-0x0000765eaa3fe6c0|[RPC][WS][SERVICE]connected nodes,count=0
info|2026-02-06 15:32:16.479335|timerFactory-0x0000765e95bff6c0|[RPC][WS][SERVICE]connected nodes,count=0
info|2026-02-06 15:32:26.468372|ioService-0x0000765ebb5fd6c0|[P2PService][Service][METRIC]heartBeat,connected count=3
info|2026-02-06 15:32:26.478844|timerFactory-0x0000765eaa3fe6c0|[RPC][WS][SERVICE]connected nodes,count=0
info|2026-02-06 15:32:26.479595|timerFactory-0x0000765e95bff6c0|[RPC][WS][SERVICE]connected nodes,count=0
info|2026-02-06 15:32:36.468683|ioService-0x0000765ebb5fd6c0|[P2PService][Service][METRIC]heartBeat,connected count=3
info|2026-02-06 15:32:36.479025|timerFactory-0x0000765eaa3fe6c0|[RPC][WS][SERVICE]connected nodes,count=0
info|2026-02-06 15:32:36.479729|timerFactory-0x0000765e95bff6c0|[RPC][WS][SERVICE]connected nodes,count=0
info|2026-02-06 15:32:46.469126|ioService-0x0000765ebb5fd6c0|[P2PService][Service][METRIC]heartBeat,connected count=3
info|2026-02-06 15:32:46.479217|timerFactory-0x0000765eaa3fe6c0|[RPC][WS][SERVICE]connected nodes,count=0
info|2026-02-06 15:32:46.479901|timerFactory-0x0000765e95bff6c0|[RPC][WS][SERVICE]connected nodes,count=0
info|2026-02-06 15:32:56.469522|ioService-0x0000765ebb5fd6c0|[P2PService][Service][METRIC]heartBeat,connected count=3
info|2026-02-06 15:32:56.479372|timerFactory-0x0000765eaa3fe6c0|[RPC][WS][SERVICE]connected nodes,count=0
info|2026-02-06 15:32:56.480019|timerFactory-0x0000765e95bff6c0|[RPC][WS][SERVICE]connected nodes,count=0
info|2026-02-06 15:33:06.469776|ioService-0x0000765ebb5fd6c0|[P2PService][Service][METRIC]heartBeat,connected count=3
info|2026-02-06 15:33:06.479556|timerFactory-0x0000765eaa3fe6c0|[RPC][WS][SERVICE]connected nodes,count=0
info|2026-02-06 15:33:06.480147|timerFactory-0x0000765e95bff6c0|[RPC][WS][SERVICE]connected nodes,count=0
info|2026-02-06 15:33:16.469913|ioService-0x0000765ebb5fd6c0|[P2PService][Service][METRIC]heartBeat,connected count=3
info|2026-02-06 15:33:16.471370|objMonitor-0x0000765e8a1f06c0|[startMonitor][AliveObjectMonitor],AliveObjectAllocStat=[ type: bcos::gateway::Socket ,created: 11 ,destroyed: 7 ,alive: 4 ] 
info|2026-02-06 15:33:16.479668|timerFactory-0x0000765eaa3fe6c0|[RPC][WS][SERVICE]connected nodes,count=0
info|2026-02-06 15:33:16.480269|timerFactory-0x0000765e95bff6c0|[RPC][WS][SERVICE]connected nodes,count=0
info|2026-02-06 15:33:26.470146|ioService-0x0000765ebb5fd6c0|[P2PService][Service][METRIC]heartBeat,connected count=3
info|2026-02-06 15:33:26.479909|timerFactory-0x0000765eaa3fe6c0|[RPC][WS][SERVICE]connected nodes,count=0
info|2026-02-06 15:33:26.480496|timerFactory-0x0000765e95bff6c0|[RPC][WS][SERVICE]connected nodes,count=0
info|2026-02-06 15:33:35.452328|ioService-0x0000765ea7bff6c0|[DEFAULT][HTTP][SERVER][accept],local_endpoint=127.0.0.1:20203,remote_endpoint=127.0.0.1:45596
info|2026-02-06 15:33:35.453060|ioService-0x0000765ea39fe6c0|[DEFAULT][HTTP][SESSION][onRead]websocket upgrade
info|2026-02-06 15:33:35.453243|ioService-0x0000765ea39fe6c0|[DEFAULT][WS][STREAM],[NEWOBJ][WsStream]=0x765ea060e090
info|2026-02-06 15:33:35.453337|ioService-0x0000765ea39fe6c0|[RPC][WS][SESSION],[NEWOBJ][WSSESSION]=0x765ea0605610
info|2026-02-06 15:33:35.453356|ioService-0x0000765ea39fe6c0|[RPC][WS][SERVICE][newSession]start the session,endPoint=127.0.0.1:45596
info|2026-02-06 15:33:35.453384|ioService-0x0000765ea39fe6c0|[RPC][WS][SESSION][startAsServer]start websocket handshake,endPoint=127.0.0.1:45596,session=0x765ea0605610
info|2026-02-06 15:33:35.453884|ioService-0x0000765ea39fe6c0|[RPC][WS][SERVICE][addSession]add session to mapping,endPoint=127.0.0.1:45596,result=true
info|2026-02-06 15:33:35.453969|ioService-0x0000765ea39fe6c0|[RPC][WS][SERVICE][onConnect],endpoint=127.0.0.1:45596,refCount=3
info|2026-02-06 15:33:35.454042|ioService-0x0000765ea39fe6c0|[RPC][WS][SESSION][onWsAccept]websocket handshake successfully,endPoint=127.0.0.1:45596,session=0x765ea0605610
info|2026-02-06 15:33:35.454816|fisco-bcos-0x0000765e7e7e46c0|HandshakeRequest,module=2,minVersion=0,maxVersion=2
info|2026-02-06 15:33:35.454852|fisco-bcos-0x0000765e7e7e46c0|[RPC]negotiatedVersion success,peer=127.0.0.1:45596,minVersion=0,maxVersion=2,supportMinVersion=0,supportMaxVersion=2,negotiatedVersion=2,seq=ae332f25c1aa46c79397ae6092f5d8e8
info|2026-02-06 15:33:35.455029|fisco-bcos-0x0000765e7e7e46c0|[RPC]onRecvHandshakeRequest success,version=2,endpoint=127.0.0.1:45596,handshakeResponse={"groupBlockNumber":[{"group0":26}],"groupInfoList":[{"chainID":"chain0","genesisConfig":"{\"blockTxCountLimit\":1000,\"consensusLeaderPeriod\":1,\"consensusType\":\"pbft\",\"sealerList\":[{\"nodeID\":\"0d6a7f52cb87ce7fda869e0db309ec9c53723c46f81632c21e4abbf1a9159f14d53f37cc0c4141548da9ec877d6235afd7a501c40d296fc4c5252a8717aa23c2\",\"weight\":1},{\"nodeID\":\"21a47acec36f73d8e925a7d5db44793f998e1a42a6d7ee2e3a5cf4037b853452cb76f6cbab8e5b223a128e8ee15790d1f629858b47070b4eb2e1ddb2b0ada297\",\"weight\":1},{\"nodeID\":\"2346c69c46d42278eb237167eb19eb28432b63783cc0fd7cddc90f89c148e755db8941be9b0c5f37cbc21c409a78c154abc75ce0c80818c6fbb76aea6bcd0a9a\",\"weight\":1},{\"nodeID\":\"5b07d12d1512a66493c8fd3456d8c505e6ce05f20061613a4c48a1fa3755bbf9cc2d2f1878c4a6733389f03deb0a3fc0c672e2f4910fde9802d6675929cb3dc5\",\"weight\":1}],\"txGasLimit\":3000000000}\n","groupID":"group0","iniConfig":"","nodeList":[{"featureKeys":["bugfix_revert","bugfix_statestorage_hash","bugfix_evm_create2_delegatecall_staticcall_codecopy","bugfix_event_log_order","bugfix_call_noaddr_return","bugfix_precompiled_codehash","bugfix_dmc_revert","bugfix_keypage_system_entry_hash","bugfix_internal_create_redundant_storage","bugfix_internal_create_permission_denied","bugfix_sharding_call_in_child_executive","bugfix_empty_abi_reset","bugfix_eip55_addr","bugfix_eoa_as_contract","bugfix_eoa_match_failed","bugfix_evm_exception_gas_used","bugfix_dmc_deploy_gas_used","bugfix_staticcall_noaddr_return","bugfix_support_transfer_receive_fallback","bugfix_set_row_with_dirty_flag","feature_dmc2serial","feature_sharding","feature_rpbft","feature_paillier","feature_balance","feature_balance_precompiled","feature_balance_policy1","feature_paillier_add_raw","feature_evm_cancun"],"iniConfig":"{\"binaryInfo\":{\"buildTime\":\"20240827 04:30:34\",\"gitCommitHash\":\"3fea676716990b2ed453b4f079915daafff451f9\",\"platform\":\"Linux/g++\",\"version\":\"3.11.0\"},\"chainID\":\"chain0\",\"gatewayServiceName\":\"\",\"groupID\":\"group0\",\"isAuthCheck\":false,\"isSerialExecute\":true,\"isWasm\":false,\"nodeID\":\"5b07d12d1512a66493c8fd3456d8c505e6ce05f20061613a4c48a1fa3755bbf9cc2d2f1878c4a6733389f03deb0a3fc0c672e2f4910fde9802d6675929cb3dc5\",\"nodeName\":\"5b07d12d1512a66493c8fd3456d8c505e6ce05f20061613a4c48a1fa3755bbf9cc2d2f1878c4a6733389f03deb0a3fc0c672e2f4910fde9802d6675929cb3dc5\",\"rpcServiceName\":\"\",\"smCryptoType\":false}\n","microService":false,"name":"5b07d12d1512a66493c8fd3456d8c505e6ce05f20061613a4c48a1fa3755bbf9cc2d2f1878c4a6733389f03deb0a3fc0c672e2f4910fde9802d6675929cb3dc5","nodeID":"5b07d12d1512a66493c8fd3456d8c505e6ce05f20061613a4c48a1fa3755bbf9cc2d2f1878c4a6733389f03deb0a3fc0c672e2f4910fde9802d6675929cb3dc5","protocol":{"compatibilityVersion":51052544,"maxSupportedVersion":2,"minSupportedVersion":0},"serviceInfo":[{"serviceName":"LedgerServiceObj","type":2},{"serviceName":"SchedulerServiceObj","type":3},{"serviceName":"FrontServiceObj","type":4},{"serviceName":"","type":6},{"serviceName":"","type":7},{"serviceName":"TxPoolServiceObj","type":8}],"supportConfigs":["tx_gas_limit","tx_gas_price","tx_count_limit","consensus_leader_period","auth_check_status","compatibility_version","feature_rpbft","feature_rpbft_epoch_block_num","feature_rpbft_epoch_sealer_num","feature_balance_precompiled","web3_chain_id"],"type":0}]}],"protocolVersion":2}
info|2026-02-06 15:33:35.456459|fisco-bcos-0x0000765e7e7e46c0|[parseSubTopicsJson],topicItems size=0,json={"topics":[]}
info|2026-02-06 15:33:35.456504|fisco-bcos-0x0000765e7e7e46c0|[AMOPClient]subscribeTopicToAllNodes,topicInfo={
	"topics" : []
}
info|2026-02-06 15:33:35.456512|fisco-bcos-0x0000765e7e7e46c0|[AMOP][TOPIC][parseSubTopicsJson],topicItems size=0,json={
	"topics" : []
}
info|2026-02-06 15:33:35.456520|fisco-bcos-0x0000765e7e7e46c0|[AMOP][TOPIC][subTopic],client=localAMOP,topicSeq=1,topicItems size=0
info|2026-02-06 15:33:35.456523|fisco-bcos-0x0000765e7e7e46c0|[AMOPClient][onRecvSubTopics],topicInfo={"topics":[]}
,endpoint=127.0.0.1:45596,seq=9dcd6506e1614fc89007563827a3f83a
info|2026-02-06 15:33:36.470409|ioService-0x0000765ebb5fd6c0|[P2PService][Service][METRIC]heartBeat,connected count=3
info|2026-02-06 15:33:36.480224|timerFactory-0x0000765eaa3fe6c0|[RPC][WS][SERVICE]connected nodes,count=1
info|2026-02-06 15:33:36.480700|timerFactory-0x0000765e95bff6c0|[RPC][WS][SERVICE]connected nodes,count=0
info|2026-02-06 15:33:37.608022|pbft-0x0000765ebedfb6c0|[CONSENSUS][PBFT]handlePrePrepareMsg,reqHash=78dd6609...,reqIndex=27,reqV=3,fromIdx=2,wait(ms)=1,committedIndex=26,consNum=27,committedHash=d92aa2ca...,view=3,toView=3,changeCycle=0,expectedCheckPoint=27,Idx=3,unsealedTxs=1,sealUntil=0,waitResealUntil=0,consensusTimeout=3000,nodeId=5b07d12d...,utc=15675325
info|2026-02-06 15:33:37.608252|pbft-0x0000765ebedfb6c0|[TXPOOL]begin asyncVerifyBlock,consNum=27,hash=78dd6609...
info|2026-02-06 15:33:37.608471|verifier-0x0000765edd5f46c0|[TXPOOL]batchVerifyProposal,consNum=27,hash=78dd6609...,txsSize=1,lockT=0,verifyT=0,missedTxs=0
info|2026-02-06 15:33:37.608518|verifier-0x0000765edd5f46c0|[TXPOOL][METRIC]asyncVerifyBlock finished,consNum=27,hash=78dd6609...,code=0,msg=success,result=true,timecost=0
info|2026-02-06 15:33:37.608539|verifier-0x0000765edd5f46c0|[CONSENSUS][PBFT]handlePrePrepareMsg,reqHash=78dd6609...,reqIndex=27,reqV=3,fromIdx=2,wait(ms)=1,committedIndex=26,consNum=27,committedHash=d92aa2ca...,view=3,toView=3,changeCycle=0,expectedCheckPoint=27,Idx=3,unsealedTxs=1,sealUntil=0,waitResealUntil=0,consensusTimeout=3000,nodeId=5b07d12d...,utc=15675326
info|2026-02-06 15:33:37.608659|verifier-0x0000765edd5f46c0|[CONSENSUS][PBFT]addPrePrepareCache,reqHash=78dd6609...,reqIndex=27,reqV=3,fromIdx=2,wait(ms)=1,sys=false,committedIndex=26,consNum=27,committedHash=d92aa2ca...,view=3,toView=3,changeCycle=0,expectedCheckPoint=27,Idx=3,unsealedTxs=1,sealUntil=0,waitResealUntil=0,consensusTimeout=3000,nodeId=5b07d12d...
info|2026-02-06 15:33:37.608693|verifier-0x0000765edd5f46c0|[CONSENSUS][PBFT]notify the committed proposal index to the sync module success,index=27
info|2026-02-06 15:33:37.608768|verifier-0x0000765edd5f46c0|[CONSENSUS][PBFT]addPrepareCache,reqHash=78dd6609...,reqIndex=27,reqV=3,fromIdx=3,wait(ms)=0,committedIndex=26,consNum=27,committedHash=d92aa2ca...,view=3,toView=3,changeCycle=0,expectedCheckPoint=27,Idx=3,unsealedTxs=1,sealUntil=0,waitResealUntil=0,consensusTimeout=3000,nodeId=5b07d12d...,weight=1
info|2026-02-06 15:33:37.608759|validator-0x0000765ecfdd96c0|[CONSENSUS][PBFT]asyncResetTxsFlag,index=27,hash=78dd6609...,flag=true
info|2026-02-06 15:33:37.608797|validator-0x0000765ecfdd96c0|[TXPOOL]batchMarkTxs,txsSize=1,batchId=27,hash=78dd6609...,sealFlag=true,notFound=0,reSealed=0,succ=1,time=0,markT=0
info|2026-02-06 15:33:37.608825|validator-0x0000765ecfdd96c0|[CONSENSUS][PBFT]asyncMarkTxs success,index=27,hash=78dd6609...,flag=true,markT=0,emptyTxBatchHash=false
info|2026-02-06 15:33:37.608831|verifier-0x0000765edd5f46c0|[CONSENSUS][PBFT]broadcast prepare packet,packetSize=230,index=27
info|2026-02-06 15:33:37.608930|verifier-0x0000765edd5f46c0|[CONSENSUS][PBFT]handlePrePrepareMsg and broadcast prepare packet,reqHash=78dd6609...,reqIndex=27,reqV=3,fromIdx=2,wait(ms)=1,committedIndex=26,consNum=27,committedHash=d92aa2ca...,view=3,toView=3,changeCycle=0,expectedCheckPoint=27,Idx=3,unsealedTxs=0,sealUntil=0,waitResealUntil=0,consensusTimeout=3000,nodeId=5b07d12d...
info|2026-02-06 15:33:37.609025|txsPreStore-0x0000765edc5f26c0|[TXPOOL]storeVerifiedBlock fetch block number from LedgerConfig
info|2026-02-06 15:33:37.609063|pbft-0x0000765ebedfb6c0|[CONSENSUS][PBFT]addPrepareCache,reqHash=78dd6609...,reqIndex=27,reqV=3,fromIdx=2,wait(ms)=1,committedIndex=26,consNum=27,committedHash=d92aa2ca...,view=3,toView=3,changeCycle=0,expectedCheckPoint=27,Idx=3,unsealedTxs=0,sealUntil=0,waitResealUntil=0,consensusTimeout=3000,nodeId=5b07d12d...,weight=2
info|2026-02-06 15:33:37.609126|txsPreStore-0x0000765edc5f26c0|[TOOL]LedgerConfigFetcher: fetchBlockNumber success,blockNumber=26
info|2026-02-06 15:33:37.609140|txsPreStore-0x0000765edc5f26c0|[TXPOOL]storeVerifiedBlock,consNum=27,hash=78dd6609...,txsSize=1
info|2026-02-06 15:33:37.609250|txsPreStore-0x0000765edc5f26c0|[LEDGER]asyncPreStoreBlockTxs: needStoreUnsavedTxs,txsSize=1,unstoredTxs=1,number=27
info|2026-02-06 15:33:37.609642|txsPreStore-0x0000765edc5f26c0|[STORAGE-RocksDB]setRows finished,put=1,dataSize=9373,time(ms)=1
info|2026-02-06 15:33:37.609653|txsPreStore-0x0000765edc5f26c0|[LEDGER]asyncPreStoreBlockTxs: store uncommitted txs,blockNumber=27,blockTxsSize=1,unStoredTxs=1,msg=success,code=0,timeCost=0
info|2026-02-06 15:33:37.609657|txsPreStore-0x0000765edc5f26c0|[TXPOOL]storeVerifiedBlock success,consNum=27,hash=78dd6609...,timecost=0
info|2026-02-06 15:33:37.609860|pbft-0x0000765ebedfb6c0|[CONSENSUS][PBFT]addPrepareCache,reqHash=78dd6609...,reqIndex=27,reqV=3,fromIdx=0,wait(ms)=0,committedIndex=26,consNum=27,committedHash=d92aa2ca...,view=3,toView=3,changeCycle=0,expectedCheckPoint=27,Idx=3,unsealedTxs=0,sealUntil=0,waitResealUntil=0,consensusTimeout=3000,nodeId=5b07d12d...,weight=3
info|2026-02-06 15:33:37.609912|pbft-0x0000765ebedfb6c0|[CONSENSUS][PBFT]setSignatureList,signatureSize=3,propHash=78dd6609...,propIndex=27
info|2026-02-06 15:33:37.609929|pbft-0x0000765ebedfb6c0|[CONSENSUS][PBFT]intoPrecommit,reqHash=78dd6609...,reqIndex=27,reqV=3,fromIdx=3,wait(ms)=2,committedIndex=26,consNum=27,committedHash=d92aa2ca...,view=3,toView=3,changeCycle=0,expectedCheckPoint=27,Idx=3,unsealedTxs=0,sealUntil=0,waitResealUntil=0,consensusTimeout=3000,nodeId=5b07d12d...
info|2026-02-06 15:33:37.610064|pbft-0x0000765ebedfb6c0|[CONSENSUS][PBFT]addCommitCache,reqHash=78dd6609...,reqIndex=27,reqV=3,fromIdx=3,wait(ms)=1,committedIndex=26,consNum=27,committedHash=d92aa2ca...,view=3,toView=3,changeCycle=0,expectedCheckPoint=27,Idx=3,unsealedTxs=0,sealUntil=0,waitResealUntil=0,consensusTimeout=3000,nodeId=5b07d12d...,weight=1
info|2026-02-06 15:33:37.610078|pbft-0x0000765ebedfb6c0|[CONSENSUS][PBFT]checkAndPreCommit: broadcast commitMsg,Idx=3,hash=78dd6609...,index=27
info|2026-02-06 15:33:37.612003|pbft-0x0000765ebedfb6c0|[CONSENSUS][PBFT]addCommitCache,reqHash=78dd6609...,reqIndex=27,reqV=3,fromIdx=2,wait(ms)=2,committedIndex=26,consNum=27,committedHash=d92aa2ca...,view=3,toView=3,changeCycle=0,expectedCheckPoint=27,Idx=3,unsealedTxs=0,sealUntil=0,waitResealUntil=0,consensusTimeout=3000,nodeId=5b07d12d...,weight=2
info|2026-02-06 15:33:37.612113|pbft-0x0000765ebedfb6c0|[CONSENSUS][PBFT]addCommitCache,reqHash=78dd6609...,reqIndex=27,reqV=3,fromIdx=0,wait(ms)=1,committedIndex=26,consNum=27,committedHash=d92aa2ca...,view=3,toView=3,changeCycle=0,expectedCheckPoint=27,Idx=3,unsealedTxs=0,sealUntil=0,waitResealUntil=0,consensusTimeout=3000,nodeId=5b07d12d...,weight=3
info|2026-02-06 15:33:37.612125|pbft-0x0000765ebedfb6c0|[CONSENSUS][PBFT]checkAndCommit,propHash=78dd6609...,propIndex=27,committedIndex=26,consNum=27,committedHash=d92aa2ca...,view=3,toView=3,changeCycle=0,expectedCheckPoint=27,Idx=3,unsealedTxs=0,sealUntil=0,waitResealUntil=0,consensusTimeout=3000,nodeId=5b07d12d...
info|2026-02-06 15:33:37.612141|pbft-0x0000765ebedfb6c0|[CONSENSUS][PBFT]######## CommitProposal,propHash=78dd6609...,propIndex=27,sys=false,committedIndex=26,consNum=27,committedHash=d92aa2ca...,view=3,toView=3,changeCycle=0,expectedCheckPoint=27,Idx=3,unsealedTxs=0,sealUntil=0,waitResealUntil=0,consensusTimeout=3000,nodeId=5b07d12d...
info|2026-02-06 15:33:37.612154|pbft-0x0000765ebedfb6c0|[CONSENSUS][SEALER]resetSealingInfo,start=28,end=28,sealingNumber=28,waitUntil=0,unsealedTxs=0
info|2026-02-06 15:33:37.612166|pbft-0x0000765ebedfb6c0|[CONSENSUS][PBFT]asyncNotifySealProposal success,startIndex=28,endIndex=28,maxTxsToSeal=1000
info|2026-02-06 15:33:37.612170|pbft-0x0000765ebedfb6c0|[CONSENSUS][SEALER]asyncNotifySealProposal,startIndex=28,endIndex=28,maxTxsPerBlock=1000
info|2026-02-06 15:33:37.612173|pbft-0x0000765ebedfb6c0|[CONSENSUS][PBFT]notifySealer: notify the new leader to seal block,lockNotifyT=0,idx=3,startIndex=28,endIndex=28,notifyBeginIndex=28,waitSealUntil=0,waitResealUntil=0,maxTxsToSeal=1000,committedIndex=26,consNum=27,committedHash=d92aa2ca...,view=3,toView=3,changeCycle=0,expectedCheckPoint=27,Idx=3,unsealedTxs=0,sealUntil=0,waitResealUntil=0,consensusTimeout=3000,nodeId=5b07d12d...
info|2026-02-06 15:33:37.612185|pbft-0x0000765ebedfb6c0|[CONSENSUS][PBFT]notify to seal next proposal,nextProposalIndex=28
info|2026-02-06 15:33:37.612208|pbft-0x0000765ebedfb6c0|[CONSENSUS][PBFT]notifySealer return for invalid seal range,lockNotifyT=0,currentEndIndex=28,expectedEndIndex=28,committedIndex=26,consNum=27,committedHash=d92aa2ca...,view=3,toView=3,changeCycle=0,expectedCheckPoint=27,Idx=3,unsealedTxs=0,sealUntil=0,waitResealUntil=0,consensusTimeout=3000,nodeId=5b07d12d...
info|2026-02-06 15:33:37.612214|pbft-0x0000765ebedfb6c0|[CONSENSUS][PBFT]notify to seal next proposal,nextProposalIndex=28
info|2026-02-06 15:33:37.612220|pbft-0x0000765ebedfb6c0|[CONSENSUS][PBFT]applyStateMachine,index=27,hash=78dd6609...,committedIndex=26,consNum=27,committedHash=d92aa2ca...,view=3,toView=3,changeCycle=0,expectedCheckPoint=27,Idx=3,unsealedTxs=0,sealUntil=0,waitResealUntil=0,consensusTimeout=3000,nodeId=5b07d12d...,unAppliedProposals=0
info|2026-02-06 15:33:37.612553|exeScheduler-0x0000765e7c25e6c0|[SCHEDULER][METRIC][blk-27]ExecuteBlock request,gasLimit=3000000000,gasPrice=0x0,verify=false,signatureSize=0,txCount=0,metaTxCount=1,version=3.11.0,waitT=0
info|2026-02-06 15:33:37.612656|exeScheduler-0x0000765e7c25e6c0|[SCHEDULER][blk-27][BlockTrace]ExecuteBlock start,time(ms)=0
info|2026-02-06 15:33:37.612665|exeScheduler-0x0000765e7c25e6c0|[SCHEDULER][serialExecute][blk-27][BlockTrace]serialExecute execute block
info|2026-02-06 15:33:37.612878|exeScheduler-0x0000765e7c25e6c0|[SCHEDULER][METRIC][BlockTrace][blk-27]preExeBlock success,blockHeader.timestamp=1770363217607,metaTxCount=1,timeCost=0
info|2026-02-06 15:33:37.612923|exeScheduler-0x0000765e7c25e6c0|[SCHEDULER][serialExecute][blk-27][BlockTrace]serialExecute batch next block
info|2026-02-06 15:33:37.612930|exeScheduler-0x0000765e7c25e6c0|[SCHEDULER][blk-27][BlockTrace]NextBlock request,executorNum=1
info|2026-02-06 15:33:37.614014|exec-0x0000765ed85ea6c0|[SCHEDULER][blk-27][BlockTrace]NextBlock success,executorNum=1,timeCost=2
info|2026-02-06 15:33:37.614051|exec-0x0000765ed85ea6c0|[SCHEDULER][serialExecute][blk-27][BlockTrace]serialExecute block begin
info|2026-02-06 15:33:37.614942|Unnamed-0x0000765e7b25c6c0|[STORAGE-KeyPage]empty table,table=/apps/bf158a2ae101139d73a0eab88127905eefd3d2b7_accessAuth,key=61646d696e
info|2026-02-06 15:33:37.615382|Unnamed-0x0000765e7b25c6c0|[STORAGE-KeyPage]empty table,table=/apps/bf158a2ae101139d73a0eab88127905eefd3d2b7,key=0000000000000000000000000000000000000000000000000000000000000002
info|2026-02-06 15:33:37.616075|exec-0x0000765ed75e86c0|[STORAGE-KeyPage]hash,size=29,blockVersion=51052544,readLength=15232,writeLength=324,pageCount=2,entrycount=2,entriesHash=3bac057cf9f8f4a369583e7c8cbdcba0277b050e467d76101b4e0acaf3677b40,pagesHash=35cfdcb49760152eb84de5d91afc5e13be3e53291eebbd01f777097a5becb2bf,totalHash=0e63d9c86e98e18dd115dba5964195b3994556275896cb11ec3903b0a88bc9ff
info|2026-02-06 15:33:37.616149|exec-0x0000765ed75e86c0|[EXECUTOR:1770362656][blk-27]GetTableHashes success,hash=0e63d9c86e98e18dd115dba5964195b3994556275896cb11ec3903b0a88bc9ff,time(ms)=1
info|2026-02-06 15:33:37.616276|exec-0x0000765ed75e86c0|[SCHEDULER][blk-27][BlockTrace]ExecuteBlock success,hash=6c29f27f...,stateRoot=0e63d9c86e98e18dd115dba5964195b3994556275896cb11ec3903b0a88bc9ff,receiptRoot=82f265e42efa7d03ffd5f230915b2ab9ffb04b2233eeb6070b371e52b45daf7f,txsRoot=d75e5b5b...,gasUsed=120602,signatureSize=0,timeCost=4,blockVersion=51052544
info|2026-02-06 15:33:37.616293|exec-0x0000765ed75e86c0|[CONSENSUS][Core][METRIC]asyncExecuteBlock success,sysBlock=false,number=27,result=6c29f27f...,txsSize=1,txsRoot=d75e5b5b...,receiptsRoot=82f265e4...,stateRoot=0e63d9c8...,timeCost=4,execPerTx=4
info|2026-02-06 15:33:37.616327|exec-0x0000765ed75e86c0|[CONSENSUS][PBFT]applyStateMachine finished,index=27,beforeExec=78dd6609...,afterExec=6c29f27f...,committedIndex=26,consNum=27,committedHash=d92aa2ca...,view=3,toView=3,changeCycle=0,expectedCheckPoint=27,Idx=3,unsealedTxs=0,sealUntil=0,waitResealUntil=0,consensusTimeout=3000,nodeId=5b07d12d...,timecost=4
info|2026-02-06 15:33:37.616592|pbftWorker-0x0000765eccdd36c0|[CONSENSUS][PBFT][STORAGE]asyncCommitProposal: write the committed proposal into db,index=27
info|2026-02-06 15:33:37.616724|pbftWorker-0x0000765eccdd36c0|[CONSENSUS][PBFT][STORAGE]asyncPutProposal: commit success,dbName=pbftCommitDB,key=max_committed_proposal,number=27,timecost=0,dataSize=2
info|2026-02-06 15:33:37.616772|pbftWorker-0x0000765eccdd36c0|[CONSENSUS][PBFT][STORAGE]asyncPutProposal: commit success,dbName=pbftCommitDB,key=27,number=27,timecost=0,dataSize=635
info|2026-02-06 15:33:37.617007|pbftWorker-0x0000765eccdd36c0|[CONSENSUS][PBFT]addCheckPointMsg,reqHash=6c29f27f...,reqIndex=27,reqV=3,fromIdx=3,wait(ms)=1,Idx=3,weight=1,minRequiredWeight=3
info|2026-02-06 15:33:37.617057|pbftWorker-0x0000765eccdd36c0|[CONSENSUS][PBFT]setCheckPointProposal,propHash=6c29f27f...,propIndex=27,committedIndex=26,consNum=27,committedHash=d92aa2ca...,view=3,toView=3,changeCycle=0,expectedCheckPoint=27,Idx=3,unsealedTxs=0,sealUntil=0,waitResealUntil=0,consensusTimeout=3000,nodeId=5b07d12d...
info|2026-02-06 15:33:37.617072|pbftWorker-0x0000765eccdd36c0|[CONSENSUS][PBFT]PBFTConfig: setExpectedCheckPoint,committedIndex=26,consNum=27,committedHash=d92aa2ca...,view=3,toView=3,changeCycle=0,expectedCheckPoint=28,Idx=3,unsealedTxs=0,sealUntil=0,waitResealUntil=0,consensusTimeout=3000,nodeId=5b07d12d...,expectedCheckPoint=28
info|2026-02-06 15:33:37.617080|pbftWorker-0x0000765eccdd36c0|[CONSENSUS][PBFT]notifySealer return for invalid seal range,lockNotifyT=0,currentEndIndex=28,expectedEndIndex=28,committedIndex=26,consNum=27,committedHash=d92aa2ca...,view=3,toView=3,changeCycle=0,expectedCheckPoint=28,Idx=3,unsealedTxs=0,sealUntil=0,waitResealUntil=0,consensusTimeout=3000,nodeId=5b07d12d...
info|2026-02-06 15:33:37.617086|pbftWorker-0x0000765eccdd36c0|[CONSENSUS][PBFT]notify to seal next proposal,nextProposalIndex=28
info|2026-02-06 15:33:37.617091|pbftWorker-0x0000765eccdd36c0|[CONSENSUS][PBFT]onProposalApplySuccess,index=27,hash=6c29f27f...,lockT=0,timecost=1
info|2026-02-06 15:33:37.617783|pbft-0x0000765ebedfb6c0|[CONSENSUS][PBFT]handleCheckPointMsg: try to add the checkpoint message into the cache,reqHash=6c29f27f...,reqIndex=27,reqV=3,fromIdx=2,wait(ms)=0,committedIndex=26,consNum=27,committedHash=d92aa2ca...,view=3,toView=3,changeCycle=0,expectedCheckPoint=28,Idx=3,unsealedTxs=0,sealUntil=0,waitResealUntil=0,consensusTimeout=3000,nodeId=5b07d12d...
info|2026-02-06 15:33:37.617885|pbft-0x0000765ebedfb6c0|[CONSENSUS][PBFT]addCheckPointMsg,reqHash=6c29f27f...,reqIndex=27,reqV=3,fromIdx=2,wait(ms)=0,Idx=3,weight=2,minRequiredWeight=3
info|2026-02-06 15:33:37.617919|pbft-0x0000765ebedfb6c0|[CONSENSUS][PBFT]notifySealer return for invalid seal range,lockNotifyT=0,currentEndIndex=28,expectedEndIndex=28,committedIndex=26,consNum=27,committedHash=d92aa2ca...,view=3,toView=3,changeCycle=0,expectedCheckPoint=28,Idx=3,unsealedTxs=0,sealUntil=0,waitResealUntil=0,consensusTimeout=3000,nodeId=5b07d12d...
info|2026-02-06 15:33:37.617948|pbft-0x0000765ebedfb6c0|[CONSENSUS][PBFT]notify to seal next proposal,nextProposalIndex=28
info|2026-02-06 15:33:37.618055|pbft-0x0000765ebedfb6c0|[CONSENSUS][PBFT]handleCheckPointMsg: try to add the checkpoint message into the cache,reqHash=6c29f27f...,reqIndex=27,reqV=3,fromIdx=0,wait(ms)=1,committedIndex=26,consNum=27,committedHash=d92aa2ca...,view=3,toView=3,changeCycle=0,expectedCheckPoint=28,Idx=3,unsealedTxs=0,sealUntil=0,waitResealUntil=0,consensusTimeout=3000,nodeId=5b07d12d...
info|2026-02-06 15:33:37.618086|pbft-0x0000765ebedfb6c0|[CONSENSUS][PBFT]addCheckPointMsg,reqHash=6c29f27f...,reqIndex=27,reqV=3,fromIdx=0,wait(ms)=1,Idx=3,weight=3,minRequiredWeight=3
info|2026-02-06 15:33:37.618094|pbft-0x0000765ebedfb6c0|[CONSENSUS][PBFT]notifySealer return for invalid seal range,lockNotifyT=0,currentEndIndex=28,expectedEndIndex=28,committedIndex=26,consNum=27,committedHash=d92aa2ca...,view=3,toView=3,changeCycle=0,expectedCheckPoint=28,Idx=3,unsealedTxs=0,sealUntil=0,waitResealUntil=0,consensusTimeout=3000,nodeId=5b07d12d...
info|2026-02-06 15:33:37.618102|pbft-0x0000765ebedfb6c0|[CONSENSUS][PBFT]notify to seal next proposal,nextProposalIndex=28
info|2026-02-06 15:33:37.618106|pbft-0x0000765ebedfb6c0|[CONSENSUS][PBFT]setSignatureList,signatureSize=3,propHash=6c29f27f...,propIndex=27
info|2026-02-06 15:33:37.618113|pbft-0x0000765ebedfb6c0|[CONSENSUS][PBFT]checkAndCommitStableCheckPoint,index=27,hash=6c29f27f...,committedIndex=26,consNum=27,committedHash=d92aa2ca...,view=3,toView=3,changeCycle=0,expectedCheckPoint=28,Idx=3,unsealedTxs=0,sealUntil=0,waitResealUntil=0,consensusTimeout=3000,nodeId=5b07d12d...
info|2026-02-06 15:33:37.618119|pbft-0x0000765ebedfb6c0|[CONSENSUS][PBFT]updateStableCheckPointQueue: insert new checkpoint proposal,index=27,hash=6c29f27f...,committedIndex=26,consNum=27,committedHash=d92aa2ca...,view=3,toView=3,changeCycle=0,expectedCheckPoint=28,Idx=3,unsealedTxs=0,sealUntil=0,waitResealUntil=0,consensusTimeout=3000,nodeId=5b07d12d...
info|2026-02-06 15:33:37.618124|pbft-0x0000765ebedfb6c0|[CONSENSUS][PBFT]updateStableCheckPointQueue: commit stable checkpoint,index=27,committedIndex=26
info|2026-02-06 15:33:37.618133|pbft-0x0000765ebedfb6c0|[CONSENSUS][PBFT]asyncCommitStableCheckPoint: set signatureList,index=27,hash=6c29f27f...,proofSize=3,blockProofSize=3
info|2026-02-06 15:33:37.618264|blockSubmit-0x0000765ecedd76c0|[SCHEDULER][blk-27][BlockTrace]CommitBlock start
info|2026-02-06 15:33:37.618671|blockSubmit-0x0000765ecedd76c0|[STORAGE-RocksDB]asyncPrepare,number=27
info|2026-02-06 15:33:37.618753|blockSubmit-0x0000765ecedd76c0|[STORAGE-RocksDB]asyncPrepare finished,blockNumber=27,put=7,delete=0,startTS=0,encode(ms)=0,time(ms)=0
info|2026-02-06 15:33:37.618797|blockSubmit-0x0000765ecedd76c0|[LEDGER]storeTransactionsAndReceipts,blockNumber=27
info|2026-02-06 15:33:37.618928|exec-0x0000765ed6de76c0|[STORAGE-RocksDB]asyncPrepare,number=27
info|2026-02-06 15:33:37.619161|ledgerWrite-0x0000765ee2dff6c0|[STORAGE-RocksDB]setRows finished,put=1,dataSize=140,time(ms)=0
info|2026-02-06 15:33:37.619215|exec-0x0000765ed6de76c0|[STORAGE-KeyPage]parallelTraverse,size=415
info|2026-02-06 15:33:37.619232|exec-0x0000765ed6de76c0|[STORAGE-RocksDB]asyncPrepare finished,blockNumber=27,put=6,delete=2,startTS=0,encode(ms)=0,time(ms)=0
info|2026-02-06 15:33:37.619236|exec-0x0000765ed6de76c0|[EXECUTOR:1770362656][blk-27]Prepare success
info|2026-02-06 15:33:37.619333|blockSubmit-0x0000765ecedd76c0|[LEDGER]storeTransactionsAndReceipts finished,blockNumber=27,blockTxsSize=1,unStoredTxs=0,timeCost=1
info|2026-02-06 15:33:37.619422|blockSubmit-0x0000765ecedd76c0|[STORAGE-RocksDB]asyncCommit finished,blockNumber=27,startTS=0,time(ms)=0,callback time(ms)=1,count=15
info|2026-02-06 15:33:37.619432|blockSubmit-0x0000765ecedd76c0|[LEDGER][METRIC]asyncPrewriteBlock,number=27,totalTxs=28,failedTxs=8,incTxs=1,incFailedTxs=0
info|2026-02-06 15:33:37.619635|exec-0x0000765ed65e66c0|[TOOL]fetchCompatibilityVersion
info|2026-02-06 15:33:37.619822|exec-0x0000765ed65e66c0|[TOOL]fetchCompatibilityVersion success,version=3.11.0,versionNumber=51052544,minSupportedVersion=3.0.0-rc4,maxSupportedVersion=3.11.0
info|2026-02-06 15:33:37.619873|exec-0x0000765ed65e66c0|[TOOL]fetchAuthCheckStatus success,value=0
info|2026-02-06 15:33:37.619879|exec-0x0000765ed65e66c0|[EXECUTOR:1770362656]merge keyPage to cachedStorage,number=27
info|2026-02-06 15:33:37.620006|exec-0x0000765ed65e66c0|[STORAGE-KeyPage]parallelTraverse,size=415
info|2026-02-06 15:33:37.620029|exec-0x0000765ed65e66c0|[STORAGE]Successful merged records,count=8
info|2026-02-06 15:33:37.621118|exec-0x0000765ed65e66c0|[SCHEDULER][blk-27][BlockTrace]CommitBlock success,gas limit=3000000000,timeCost=3
info|2026-02-06 15:33:37.621241|exec-0x0000765ed65e66c0|[SCHEDULER][BlockTrace]Notify block result success,blockNumber=27
info|2026-02-06 15:33:37.621276|exec-0x0000765ed65e66c0|[CONSENSUS][PBFT][STORAGE][METRIC]commitStableCheckPoint success,index=27,hash=6c29f27f...,txs=1,timeCost=3,commitPerTx=3
info|2026-02-06 15:33:37.621306|exec-0x0000765ed65e66c0|[SCHEDULER][blk-27]notify block result success,hash=6c29f27f...,txsSize=1
info|2026-02-06 15:33:37.621321|blockSubmit-0x0000765ecedd76c0|[CONSENSUS][PBFT][METRIC]resetConfig,committedIndex=27,propHash=6c29f27f...,blockCountLimit=1000,leaderPeriod=1,consensusNodesSize=4
info|2026-02-06 15:33:37.621447|submitter-0x0000765ee15fc6c0|[TXPOOL][METRIC]StatTPS,tps=55,totalTime=18
info|2026-02-06 15:33:37.621475|blockSubmit-0x0000765ecedd76c0|[CONSENSUS][PBFT][METRIC]^^^^^^^^Report,sealer=2,txs=1,committedIndex=27,consNum=28,committedHash=6c29f27f...,view=3,toView=3,changeCycle=0,expectedCheckPoint=28,Idx=3,unsealedTxs=0,sealUntil=0,waitResealUntil=0,consensusTimeout=3000,nodeId=5b07d12d...
info|2026-02-06 15:33:37.621511|blockSubmit-0x0000765ecedd76c0|[CONSENSUS][SEALER]asyncNoteLatestBlockNumber,number=27
info|2026-02-06 15:33:37.621514|blockSubmit-0x0000765ecedd76c0|[CONSENSUS][SEALER]asyncNoteLatestBlockHash,_hash=6c29f27f...
info|2026-02-06 15:33:37.621528|blockSubmit-0x0000765ecedd76c0|[BLOCK SYNC]#### BlockSyncConfig resetConfig,number=27,consNodeSize=4,observerNodeSize=0,type=CONSENSUS_NODE
info|2026-02-06 15:33:37.621542|exec-0x0000765ed65e66c0|[STORAGE-RocksDB]asyncCommit finished,blockNumber=27,startTS=0,time(ms)=0,callback time(ms)=2,count=0
info|2026-02-06 15:33:37.621897|blockSubmit-0x0000765ecedd76c0|[CONSENSUS][PBFT]notifySealer return for invalid seal range,lockNotifyT=0,currentEndIndex=28,expectedEndIndex=28,committedIndex=27,consNum=28,committedHash=6c29f27f...,view=3,toView=3,changeCycle=0,expectedCheckPoint=28,Idx=3,unsealedTxs=0,sealUntil=0,waitResealUntil=0,consensusTimeout=3000,nodeId=5b07d12d...
info|2026-02-06 15:33:37.621940|blockSubmit-0x0000765ecedd76c0|[CONSENSUS][PBFT]notifySealer return for invalid seal range,lockNotifyT=0,currentEndIndex=28,expectedEndIndex=28,committedIndex=27,consNum=28,committedHash=6c29f27f...,view=3,toView=3,changeCycle=0,expectedCheckPoint=28,Idx=3,unsealedTxs=0,sealUntil=0,waitResealUntil=0,consensusTimeout=3000,nodeId=5b07d12d...
info|2026-02-06 15:33:37.621950|blockSubmit-0x0000765ecedd76c0|[CONSENSUS][PBFT]notify to seal next proposal,nextProposalIndex=28
info|2026-02-06 15:33:37.621990|blockSubmit-0x0000765ecedd76c0|[CONSENSUS][PBFT]removeConsensusedCache finalizeConsensus,view=3,number=27,eraseSize=1,cacheSize=0
info|2026-02-06 15:33:37.622011|blockSubmit-0x0000765ecedd76c0|[CONSENSUS][PBFT][STORAGE]asyncRemoveStabledCheckPoint,index=22
info|2026-02-06 15:33:37.622043|blockSubmit-0x0000765ecedd76c0|[CONSENSUS][PBFT][STORAGE]asyncRemove success,dbName=pbftCommitDB,key=22
info|2026-02-06 15:33:37.623102|submitter-0x0000765ee15fc6c0|[TXPOOL][METRIC]batchRemove txs success,expectedSize=1,succCount=1,batchId=27,timecost=2,lockT=0,removeT=0,updateLedgerNonceT=0,updateTxPoolNonceT=0
info|2026-02-06 15:33:38.035013|ioService-0x0000765ea39fe6c0|[WS][SESSION][asyncRead],message=End of file,endpoint=127.0.0.1:45596,refCount=2
info|2026-02-06 15:33:38.035168|ioService-0x0000765ea39fe6c0|[RPC][WS][SESSION][drop],reason=4294963295,endpoint=127.0.0.1:45596,session=0x765ea0605610
info|2026-02-06 15:33:38.035394|ioService-0x0000765ea39fe6c0|[RPC][WS][SESSION][drop],reason=4294963295,endpoint=127.0.0.1:45596,cb size=0,session=0x765ea0605610
info|2026-02-06 15:33:38.035577|ioService-0x0000765ea39fe6c0|[DEFAULT][WS][STREAM]the real action to close the stream,this=0x765ea060e090
info|2026-02-06 15:33:38.035994|fisco-bcos-0x0000765ec85ca6c0|[RPC][WS][SERVICE][removeSession],endpoint=127.0.0.1:45596
info|2026-02-06 15:33:38.036044|fisco-bcos-0x0000765ec85ca6c0|[RPC][WS][SERVICE][onDisconnect],endpoint=127.0.0.1:45596,refCount=2
info|2026-02-06 15:33:38.036069|fisco-bcos-0x0000765ec85ca6c0|[RPC][WS][SESSION],[DELOBJ][WSSESSION]=0x765ea0605610
info|2026-02-06 15:33:38.036118|fisco-bcos-0x0000765ec85ca6c0|[DEFAULT][WS][STREAM],[DELOBJ][WsStream]=0x765ea060e090
info|2026-02-06 15:33:39.622500|pullTxsTimer-0x0000765ecddd56c0|[CONSENSUS][PBFT]tryToSyncTxs: try to request unsealing txs from peer,committedIndex=27,consNum=28,committedHash=6c29f27f...,view=3,toView=3,changeCycle=0,expectedCheckPoint=28,Idx=3,unsealedTxs=0,sealUntil=0,waitResealUntil=0,consensusTimeout=3000,nodeId=5b07d12d...
info|2026-02-06 15:33:40.027741|ioService-0x0000765ea7bff6c0|[DEFAULT][HTTP][SERVER][accept],local_endpoint=127.0.0.1:20203,remote_endpoint=127.0.0.1:45612
info|2026-02-06 15:33:40.028249|ioService-0x0000765ea23fe6c0|[DEFAULT][HTTP][SESSION][onRead]websocket upgrade
info|2026-02-06 15:33:40.028311|ioService-0x0000765ea23fe6c0|[DEFAULT][WS][STREAM],[NEWOBJ][WsStream]=0x765e984883d0
info|2026-02-06 15:33:40.028324|ioService-0x0000765ea23fe6c0|[RPC][WS][SESSION],[NEWOBJ][WSSESSION]=0x765e98467a10
info|2026-02-06 15:33:40.028330|ioService-0x0000765ea23fe6c0|[RPC][WS][SERVICE][newSession]start the session,endPoint=127.0.0.1:45612
info|2026-02-06 15:33:40.028338|ioService-0x0000765ea23fe6c0|[RPC][WS][SESSION][startAsServer]start websocket handshake,endPoint=127.0.0.1:45612,session=0x765e98467a10
info|2026-02-06 15:33:40.028671|ioService-0x0000765ea23fe6c0|[RPC][WS][SERVICE][addSession]add session to mapping,endPoint=127.0.0.1:45612,result=true
info|2026-02-06 15:33:40.028705|ioService-0x0000765ea23fe6c0|[RPC][WS][SERVICE][onConnect],endpoint=127.0.0.1:45612,refCount=3
info|2026-02-06 15:33:40.028758|ioService-0x0000765ea23fe6c0|[RPC][WS][SESSION][onWsAccept]websocket handshake successfully,endPoint=127.0.0.1:45612,session=0x765e98467a10
info|2026-02-06 15:33:40.029316|fisco-bcos-0x0000765e865fd6c0|HandshakeRequest,module=2,minVersion=0,maxVersion=2
info|2026-02-06 15:33:40.029331|fisco-bcos-0x0000765e865fd6c0|[RPC]negotiatedVersion success,peer=127.0.0.1:45612,minVersion=0,maxVersion=2,supportMinVersion=0,supportMaxVersion=2,negotiatedVersion=2,seq=45786df390654256b2ba42d2972e2650
info|2026-02-06 15:33:40.029555|fisco-bcos-0x0000765e865fd6c0|[RPC]onRecvHandshakeRequest success,version=2,endpoint=127.0.0.1:45612,handshakeResponse={"groupBlockNumber":[{"group0":27}],"groupInfoList":[{"chainID":"chain0","genesisConfig":"{\"blockTxCountLimit\":1000,\"consensusLeaderPeriod\":1,\"consensusType\":\"pbft\",\"sealerList\":[{\"nodeID\":\"0d6a7f52cb87ce7fda869e0db309ec9c53723c46f81632c21e4abbf1a9159f14d53f37cc0c4141548da9ec877d6235afd7a501c40d296fc4c5252a8717aa23c2\",\"weight\":1},{\"nodeID\":\"21a47acec36f73d8e925a7d5db44793f998e1a42a6d7ee2e3a5cf4037b853452cb76f6cbab8e5b223a128e8ee15790d1f629858b47070b4eb2e1ddb2b0ada297\",\"weight\":1},{\"nodeID\":\"2346c69c46d42278eb237167eb19eb28432b63783cc0fd7cddc90f89c148e755db8941be9b0c5f37cbc21c409a78c154abc75ce0c80818c6fbb76aea6bcd0a9a\",\"weight\":1},{\"nodeID\":\"5b07d12d1512a66493c8fd3456d8c505e6ce05f20061613a4c48a1fa3755bbf9cc2d2f1878c4a6733389f03deb0a3fc0c672e2f4910fde9802d6675929cb3dc5\",\"weight\":1}],\"txGasLimit\":3000000000}\n","groupID":"group0","iniConfig":"","nodeList":[{"featureKeys":["bugfix_revert","bugfix_statestorage_hash","bugfix_evm_create2_delegatecall_staticcall_codecopy","bugfix_event_log_order","bugfix_call_noaddr_return","bugfix_precompiled_codehash","bugfix_dmc_revert","bugfix_keypage_system_entry_hash","bugfix_internal_create_redundant_storage","bugfix_internal_create_permission_denied","bugfix_sharding_call_in_child_executive","bugfix_empty_abi_reset","bugfix_eip55_addr","bugfix_eoa_as_contract","bugfix_eoa_match_failed","bugfix_evm_exception_gas_used","bugfix_dmc_deploy_gas_used","bugfix_staticcall_noaddr_return","bugfix_support_transfer_receive_fallback","bugfix_set_row_with_dirty_flag","feature_dmc2serial","feature_sharding","feature_rpbft","feature_paillier","feature_balance","feature_balance_precompiled","feature_balance_policy1","feature_paillier_add_raw","feature_evm_cancun"],"iniConfig":"{\"binaryInfo\":{\"buildTime\":\"20240827 04:30:34\",\"gitCommitHash\":\"3fea676716990b2ed453b4f079915daafff451f9\",\"platform\":\"Linux/g++\",\"version\":\"3.11.0\"},\"chainID\":\"chain0\",\"gatewayServiceName\":\"\",\"groupID\":\"group0\",\"isAuthCheck\":false,\"isSerialExecute\":true,\"isWasm\":false,\"nodeID\":\"5b07d12d1512a66493c8fd3456d8c505e6ce05f20061613a4c48a1fa3755bbf9cc2d2f1878c4a6733389f03deb0a3fc0c672e2f4910fde9802d6675929cb3dc5\",\"nodeName\":\"5b07d12d1512a66493c8fd3456d8c505e6ce05f20061613a4c48a1fa3755bbf9cc2d2f1878c4a6733389f03deb0a3fc0c672e2f4910fde9802d6675929cb3dc5\",\"rpcServiceName\":\"\",\"smCryptoType\":false}\n","microService":false,"name":"5b07d12d1512a66493c8fd3456d8c505e6ce05f20061613a4c48a1fa3755bbf9cc2d2f1878c4a6733389f03deb0a3fc0c672e2f4910fde9802d6675929cb3dc5","nodeID":"5b07d12d1512a66493c8fd3456d8c505e6ce05f20061613a4c48a1fa3755bbf9cc2d2f1878c4a6733389f03deb0a3fc0c672e2f4910fde9802d6675929cb3dc5","protocol":{"compatibilityVersion":51052544,"maxSupportedVersion":2,"minSupportedVersion":0},"serviceInfo":[{"serviceName":"LedgerServiceObj","type":2},{"serviceName":"SchedulerServiceObj","type":3},{"serviceName":"FrontServiceObj","type":4},{"serviceName":"","type":6},{"serviceName":"","type":7},{"serviceName":"TxPoolServiceObj","type":8}],"supportConfigs":["tx_gas_limit","tx_gas_price","tx_count_limit","consensus_leader_period","auth_check_status","compatibility_version","feature_rpbft","feature_rpbft_epoch_block_num","feature_rpbft_epoch_sealer_num","feature_balance_precompiled","web3_chain_id"],"type":0}]}],"protocolVersion":2}
info|2026-02-06 15:33:40.032229|fisco-bcos-0x0000765e83df66c0|[parseSubTopicsJson],topicItems size=0,json={"topics":[]}
info|2026-02-06 15:33:40.032308|fisco-bcos-0x0000765e83df66c0|[AMOPClient]subscribeTopicToAllNodes,topicInfo={
	"topics" : []
}
info|2026-02-06 15:33:40.032321|fisco-bcos-0x0000765e83df66c0|[AMOP][TOPIC][parseSubTopicsJson],topicItems size=0,json={
	"topics" : []
}
info|2026-02-06 15:33:40.032330|fisco-bcos-0x0000765e83df66c0|[AMOP][TOPIC][subTopic],client=localAMOP,topicSeq=1,topicItems size=0
info|2026-02-06 15:33:40.032439|fisco-bcos-0x0000765e83df66c0|[AMOPClient][onRecvSubTopics],topicInfo={"topics":[]}
,endpoint=127.0.0.1:45612,seq=f1d899fdcfbe438cb67477e164bc9cc5
info|2026-02-06 15:33:42.035765|txsSeal-0x0000765edcdf36c0|[TXPOOL]begin batchFetchTxs,pendingTxs=1,limit=1000
info|2026-02-06 15:33:42.035858|txsSeal-0x0000765edcdf36c0|[TXPOOL][METRIC]batchFetchTxs success,time=0,txsSize=1,sysTxsSize=0,pendingTxs=1,limit=1000,fetchTxsT=0,lockT=0,invalidBefore=0,invalidNow=0,sealed=0,traverseCount=1
info|2026-02-06 15:33:42.036568|Sealer-0x0000765ebfdfd6c0|[CONSENSUS][SEALER]++++++++++++++++ Generate proposal,index=28,curNum=27,hash=1337aac3...,sysTxs=false,txsSize=1,version=51052544
info|2026-02-06 15:33:42.036608|Sealer-0x0000765ebfdfd6c0|[CONSENSUS][PBFT]asyncSubmitProposal,index=28,hash=1337aac3...,committedIndex=27,consNum=28,committedHash=6c29f27f...,view=3,toView=3,changeCycle=0,expectedCheckPoint=28,Idx=3,unsealedTxs=0,sealUntil=0,waitResealUntil=0,consensusTimeout=3000,nodeId=5b07d12d...
info|2026-02-06 15:33:42.036712|Sealer-0x0000765ebfdfd6c0|[CONSENSUS][PBFT]++++++++++++++++ Generating seal on,index=28,Idx=3,hash=1337aac3...,sysProposal=false
info|2026-02-06 15:33:42.036838|Sealer-0x0000765ebfdfd6c0|[CONSENSUS][PBFT]broadcast pre-prepare packet,packetSize=551,index=28,encode(ms)=0,asyncSend(ms)=0
info|2026-02-06 15:33:42.036860|Sealer-0x0000765ebfdfd6c0|[CONSENSUS][PBFT]handlePrePrepareMsg,reqHash=1337aac3...,reqIndex=28,reqV=3,fromIdx=3,wait(ms)=0,committedIndex=27,consNum=28,committedHash=6c29f27f...,view=3,toView=3,changeCycle=0,expectedCheckPoint=28,Idx=3,unsealedTxs=0,sealUntil=0,waitResealUntil=0,consensusTimeout=3000,nodeId=5b07d12d...,utc=15679754
info|2026-02-06 15:33:42.036897|Sealer-0x0000765ebfdfd6c0|[CONSENSUS][PBFT]addPrePrepareCache,reqHash=1337aac3...,reqIndex=28,reqV=3,fromIdx=3,wait(ms)=0,sys=false,committedIndex=27,consNum=28,committedHash=6c29f27f...,view=3,toView=3,changeCycle=0,expectedCheckPoint=28,Idx=3,unsealedTxs=0,sealUntil=0,waitResealUntil=0,consensusTimeout=3000,nodeId=5b07d12d...
info|2026-02-06 15:33:42.036913|validator-0x0000765ed05da6c0|[CONSENSUS][PBFT]asyncResetTxsFlag,index=28,hash=1337aac3...,flag=true
info|2026-02-06 15:33:42.036919|Sealer-0x0000765ebfdfd6c0|[CONSENSUS][PBFT]notify the committed proposal index to the sync module success,index=28
info|2026-02-06 15:33:42.036933|validator-0x0000765ed05da6c0|[TXPOOL]batchMarkTxs,txsSize=1,batchId=28,hash=1337aac3...,sealFlag=true,notFound=0,reSealed=0,succ=1,time=0,markT=0
info|2026-02-06 15:33:42.036942|validator-0x0000765ed05da6c0|[CONSENSUS][PBFT]asyncMarkTxs success,index=28,hash=1337aac3...,flag=true,markT=0,emptyTxBatchHash=false
info|2026-02-06 15:33:42.036979|Sealer-0x0000765ebfdfd6c0|[CONSENSUS][PBFT]addPrepareCache,reqHash=1337aac3...,reqIndex=28,reqV=3,fromIdx=3,wait(ms)=0,committedIndex=27,consNum=28,committedHash=6c29f27f...,view=3,toView=3,changeCycle=0,expectedCheckPoint=28,Idx=3,unsealedTxs=0,sealUntil=0,waitResealUntil=0,consensusTimeout=3000,nodeId=5b07d12d...,weight=1
info|2026-02-06 15:33:42.037032|Sealer-0x0000765ebfdfd6c0|[CONSENSUS][PBFT]broadcast prepare packet,packetSize=230,index=28
info|2026-02-06 15:33:42.037099|Sealer-0x0000765ebfdfd6c0|[CONSENSUS][PBFT]handlePrePrepareMsg and broadcast prepare packet,reqHash=1337aac3...,reqIndex=28,reqV=3,fromIdx=3,wait(ms)=1,committedIndex=27,consNum=28,committedHash=6c29f27f...,view=3,toView=3,changeCycle=0,expectedCheckPoint=28,Idx=3,unsealedTxs=0,sealUntil=0,waitResealUntil=0,consensusTimeout=3000,nodeId=5b07d12d...
info|2026-02-06 15:33:42.037122|Sealer-0x0000765ebfdfd6c0|[CONSENSUS][PBFT]handlePrePrepareMsg success,index=28,costT(ms)=0
info|2026-02-06 15:33:42.044994|pbft-0x0000765ebedfb6c0|[CONSENSUS][PBFT]addPrepareCache,reqHash=1337aac3...,reqIndex=28,reqV=3,fromIdx=0,wait(ms)=1,committedIndex=27,consNum=28,committedHash=6c29f27f...,view=3,toView=3,changeCycle=0,expectedCheckPoint=28,Idx=3,unsealedTxs=0,sealUntil=0,waitResealUntil=0,consensusTimeout=3000,nodeId=5b07d12d...,weight=2
info|2026-02-06 15:33:42.067687|pbft-0x0000765ebedfb6c0|[CONSENSUS][PBFT]addPrepareCache,reqHash=1337aac3...,reqIndex=28,reqV=3,fromIdx=2,wait(ms)=0,committedIndex=27,consNum=28,committedHash=6c29f27f...,view=3,toView=3,changeCycle=0,expectedCheckPoint=28,Idx=3,unsealedTxs=0,sealUntil=0,waitResealUntil=0,consensusTimeout=3000,nodeId=5b07d12d...,weight=3
info|2026-02-06 15:33:42.067798|pbft-0x0000765ebedfb6c0|[CONSENSUS][PBFT]setSignatureList,signatureSize=3,propHash=1337aac3...,propIndex=28
info|2026-02-06 15:33:42.067825|pbft-0x0000765ebedfb6c0|[CONSENSUS][PBFT]intoPrecommit,reqHash=1337aac3...,reqIndex=28,reqV=3,fromIdx=3,wait(ms)=31,committedIndex=27,consNum=28,committedHash=6c29f27f...,view=3,toView=3,changeCycle=0,expectedCheckPoint=28,Idx=3,unsealedTxs=0,sealUntil=0,waitResealUntil=0,consensusTimeout=3000,nodeId=5b07d12d...
info|2026-02-06 15:33:42.067921|pbft-0x0000765ebedfb6c0|[CONSENSUS][PBFT]addCommitCache,reqHash=1337aac3...,reqIndex=28,reqV=3,fromIdx=3,wait(ms)=0,committedIndex=27,consNum=28,committedHash=6c29f27f...,view=3,toView=3,changeCycle=0,expectedCheckPoint=28,Idx=3,unsealedTxs=0,sealUntil=0,waitResealUntil=0,consensusTimeout=3000,nodeId=5b07d12d...,weight=1
info|2026-02-06 15:33:42.067943|pbft-0x0000765ebedfb6c0|[CONSENSUS][PBFT]checkAndPreCommit: broadcast commitMsg,Idx=3,hash=1337aac3...,index=28
info|2026-02-06 15:33:42.068333|pbft-0x0000765ebedfb6c0|[CONSENSUS][PBFT]addCommitCache,reqHash=1337aac3...,reqIndex=28,reqV=3,fromIdx=2,wait(ms)=1,committedIndex=27,consNum=28,committedHash=6c29f27f...,view=3,toView=3,changeCycle=0,expectedCheckPoint=28,Idx=3,unsealedTxs=0,sealUntil=0,waitResealUntil=0,consensusTimeout=3000,nodeId=5b07d12d...,weight=2
info|2026-02-06 15:33:42.069507|pbft-0x0000765ebedfb6c0|[CONSENSUS][PBFT]addCommitCache,reqHash=1337aac3...,reqIndex=28,reqV=3,fromIdx=0,wait(ms)=0,committedIndex=27,consNum=28,committedHash=6c29f27f...,view=3,toView=3,changeCycle=0,expectedCheckPoint=28,Idx=3,unsealedTxs=0,sealUntil=0,waitResealUntil=0,consensusTimeout=3000,nodeId=5b07d12d...,weight=3
info|2026-02-06 15:33:42.069578|pbft-0x0000765ebedfb6c0|[CONSENSUS][PBFT]checkAndCommit,propHash=1337aac3...,propIndex=28,committedIndex=27,consNum=28,committedHash=6c29f27f...,view=3,toView=3,changeCycle=0,expectedCheckPoint=28,Idx=3,unsealedTxs=0,sealUntil=0,waitResealUntil=0,consensusTimeout=3000,nodeId=5b07d12d...
info|2026-02-06 15:33:42.069604|pbft-0x0000765ebedfb6c0|[CONSENSUS][PBFT]######## CommitProposal,propHash=1337aac3...,propIndex=28,sys=false,committedIndex=27,consNum=28,committedHash=6c29f27f...,view=3,toView=3,changeCycle=0,expectedCheckPoint=28,Idx=3,unsealedTxs=0,sealUntil=0,waitResealUntil=0,consensusTimeout=3000,nodeId=5b07d12d...
info|2026-02-06 15:33:42.069630|pbft-0x0000765ebedfb6c0|[CONSENSUS][PBFT]notify to seal next proposal,nextProposalIndex=29
info|2026-02-06 15:33:42.069712|pbft-0x0000765ebedfb6c0|[CONSENSUS][PBFT]notify to seal next proposal,nextProposalIndex=29
info|2026-02-06 15:33:42.069730|pbft-0x0000765ebedfb6c0|[CONSENSUS][PBFT]applyStateMachine,index=28,hash=1337aac3...,committedIndex=27,consNum=28,committedHash=6c29f27f...,view=3,toView=3,changeCycle=0,expectedCheckPoint=28,Idx=3,unsealedTxs=0,sealUntil=0,waitResealUntil=0,consensusTimeout=3000,nodeId=5b07d12d...,unAppliedProposals=0
info|2026-02-06 15:33:42.069914|exeScheduler-0x0000765e7c25e6c0|[SCHEDULER][METRIC][blk-28]ExecuteBlock request,gasLimit=3000000000,gasPrice=0x0,verify=false,signatureSize=0,txCount=0,metaTxCount=1,version=3.11.0,waitT=0
info|2026-02-06 15:33:42.070056|exeScheduler-0x0000765e7c25e6c0|[SCHEDULER][blk-28][BlockTrace]ExecuteBlock start,time(ms)=1
info|2026-02-06 15:33:42.070079|exeScheduler-0x0000765e7c25e6c0|[SCHEDULER][serialExecute][blk-28][BlockTrace]serialExecute execute block
info|2026-02-06 15:33:42.071420|preExeScheduler-0x0000765e7d2606c0|[SCHEDULER][METRIC][BlockTrace][blk-28]preExeBlock success,blockHeader.timestamp=1770363222036,metaTxCount=1,timeCost=2
info|2026-02-06 15:33:42.071655|exeScheduler-0x0000765e7c25e6c0|[SCHEDULER][serialExecute][blk-28][BlockTrace]serialExecute batch next block
info|2026-02-06 15:33:42.071741|exeScheduler-0x0000765e7c25e6c0|[SCHEDULER][blk-28][BlockTrace]NextBlock request,executorNum=1
info|2026-02-06 15:33:42.073454|exec-0x0000765ed5de56c0|[SCHEDULER][blk-28][BlockTrace]NextBlock success,executorNum=1,timeCost=2
info|2026-02-06 15:33:42.073484|exec-0x0000765ed5de56c0|[SCHEDULER][serialExecute][blk-28][BlockTrace]serialExecute block begin
info|2026-02-06 15:33:42.073820|Unnamed-0x0000765e7a25a6c0|[STORAGE-KeyPage]empty table,table=/apps/600e41f494cbeed1936d5e0a293aee0ab1746c7b_accessAuth,key=61646d696e
info|2026-02-06 15:33:42.073935|Unnamed-0x0000765e7a25a6c0|[STORAGE-KeyPage]empty table,table=/apps/600e41f494cbeed1936d5e0a293aee0ab1746c7b,key=0000000000000000000000000000000000000000000000000000000000000004
info|2026-02-06 15:33:42.074349|exec-0x0000765ed4de36c0|[STORAGE-KeyPage]hash,size=29,blockVersion=51052544,readLength=17460,writeLength=452,pageCount=2,entrycount=2,entriesHash=148fa42f55ded9672080472a70dcaccb4f286fdae65eafe5b420224b2b08b70e,pagesHash=16427ff6b59c453e5151e96be579fff6e67aafb16522bb39d0086ae9a1261202,totalHash=02cddbd9e0429c5971d1ae4195a5533da952c06b837c14dc642848a28a2ea50c
info|2026-02-06 15:33:42.074550|exec-0x0000765ed4de36c0|[EXECUTOR:1770362656][blk-28]GetTableHashes success,hash=02cddbd9e0429c5971d1ae4195a5533da952c06b837c14dc642848a28a2ea50c,time(ms)=0
info|2026-02-06 15:33:42.074597|exec-0x0000765ed4de36c0|[SCHEDULER][blk-28][BlockTrace]ExecuteBlock success,hash=ed8bfd74...,stateRoot=02cddbd9e0429c5971d1ae4195a5533da952c06b837c14dc642848a28a2ea50c,receiptRoot=f7b8de86a0b829a19f169cf167c17e552472274debf77b73a7140f4bc9850fe1,txsRoot=33fcde91...,gasUsed=124031,signatureSize=0,timeCost=4,blockVersion=51052544
info|2026-02-06 15:33:42.074609|exec-0x0000765ed4de36c0|[CONSENSUS][Core][METRIC]asyncExecuteBlock success,sysBlock=false,number=28,result=ed8bfd74...,txsSize=1,txsRoot=33fcde91...,receiptsRoot=f7b8de86...,stateRoot=02cddbd9...,timeCost=5,execPerTx=5
info|2026-02-06 15:33:42.074647|exec-0x0000765ed4de36c0|[CONSENSUS][PBFT]applyStateMachine finished,index=28,beforeExec=1337aac3...,afterExec=ed8bfd74...,committedIndex=27,consNum=28,committedHash=6c29f27f...,view=3,toView=3,changeCycle=0,expectedCheckPoint=28,Idx=3,unsealedTxs=0,sealUntil=0,waitResealUntil=0,consensusTimeout=3000,nodeId=5b07d12d...,timecost=5
info|2026-02-06 15:33:42.074809|pbftWorker-0x0000765ecc5d26c0|[CONSENSUS][PBFT][STORAGE]asyncCommitProposal: write the committed proposal into db,index=28
info|2026-02-06 15:33:42.074917|pbftWorker-0x0000765ecc5d26c0|[CONSENSUS][PBFT][STORAGE]asyncPutProposal: commit success,dbName=pbftCommitDB,key=max_committed_proposal,number=28,timecost=0,dataSize=2
info|2026-02-06 15:33:42.074953|pbftWorker-0x0000765ecc5d26c0|[CONSENSUS][PBFT][STORAGE]asyncPutProposal: commit success,dbName=pbftCommitDB,key=28,number=28,timecost=0,dataSize=635
info|2026-02-06 15:33:42.075204|pbftWorker-0x0000765ecc5d26c0|[CONSENSUS][PBFT]addCheckPointMsg,reqHash=ed8bfd74...,reqIndex=28,reqV=3,fromIdx=3,wait(ms)=1,Idx=3,weight=1,minRequiredWeight=3
info|2026-02-06 15:33:42.075229|pbftWorker-0x0000765ecc5d26c0|[CONSENSUS][PBFT]setCheckPointProposal,propHash=ed8bfd74...,propIndex=28,committedIndex=27,consNum=28,committedHash=6c29f27f...,view=3,toView=3,changeCycle=0,expectedCheckPoint=28,Idx=3,unsealedTxs=0,sealUntil=0,waitResealUntil=0,consensusTimeout=3000,nodeId=5b07d12d...
info|2026-02-06 15:33:42.075242|pbftWorker-0x0000765ecc5d26c0|[CONSENSUS][PBFT]PBFTConfig: setExpectedCheckPoint,committedIndex=27,consNum=28,committedHash=6c29f27f...,view=3,toView=3,changeCycle=0,expectedCheckPoint=29,Idx=3,unsealedTxs=0,sealUntil=0,waitResealUntil=0,consensusTimeout=3000,nodeId=5b07d12d...,expectedCheckPoint=29
info|2026-02-06 15:33:42.075248|pbftWorker-0x0000765ecc5d26c0|[CONSENSUS][PBFT]notify to seal next proposal,nextProposalIndex=29
info|2026-02-06 15:33:42.075251|pbftWorker-0x0000765ecc5d26c0|[CONSENSUS][PBFT]onProposalApplySuccess,index=28,hash=ed8bfd74...,lockT=0,timecost=0
info|2026-02-06 15:33:42.075957|pbft-0x0000765ebedfb6c0|[CONSENSUS][PBFT]handleCheckPointMsg: try to add the checkpoint message into the cache,reqHash=ed8bfd74...,reqIndex=28,reqV=3,fromIdx=2,wait(ms)=0,committedIndex=27,consNum=28,committedHash=6c29f27f...,view=3,toView=3,changeCycle=0,expectedCheckPoint=29,Idx=3,unsealedTxs=0,sealUntil=0,waitResealUntil=0,consensusTimeout=3000,nodeId=5b07d12d...
info|2026-02-06 15:33:42.075991|pbft-0x0000765ebedfb6c0|[CONSENSUS][PBFT]addCheckPointMsg,reqHash=ed8bfd74...,reqIndex=28,reqV=3,fromIdx=2,wait(ms)=0,Idx=3,weight=2,minRequiredWeight=3
info|2026-02-06 15:33:42.075998|pbft-0x0000765ebedfb6c0|[CONSENSUS][PBFT]notify to seal next proposal,nextProposalIndex=29
info|2026-02-06 15:33:42.077060|pbft-0x0000765ebedfb6c0|[CONSENSUS][PBFT]handleCheckPointMsg: try to add the checkpoint message into the cache,reqHash=ed8bfd74...,reqIndex=28,reqV=3,fromIdx=0,wait(ms)=1,committedIndex=27,consNum=28,committedHash=6c29f27f...,view=3,toView=3,changeCycle=0,expectedCheckPoint=29,Idx=3,unsealedTxs=0,sealUntil=0,waitResealUntil=0,consensusTimeout=3000,nodeId=5b07d12d...
info|2026-02-06 15:33:42.077128|pbft-0x0000765ebedfb6c0|[CONSENSUS][PBFT]addCheckPointMsg,reqHash=ed8bfd74...,reqIndex=28,reqV=3,fromIdx=0,wait(ms)=1,Idx=3,weight=3,minRequiredWeight=3
info|2026-02-06 15:33:42.077142|pbft-0x0000765ebedfb6c0|[CONSENSUS][PBFT]notify to seal next proposal,nextProposalIndex=29
info|2026-02-06 15:33:42.077155|pbft-0x0000765ebedfb6c0|[CONSENSUS][PBFT]setSignatureList,signatureSize=3,propHash=ed8bfd74...,propIndex=28
info|2026-02-06 15:33:42.077164|pbft-0x0000765ebedfb6c0|[CONSENSUS][PBFT]checkAndCommitStableCheckPoint,index=28,hash=ed8bfd74...,committedIndex=27,consNum=28,committedHash=6c29f27f...,view=3,toView=3,changeCycle=0,expectedCheckPoint=29,Idx=3,unsealedTxs=0,sealUntil=0,waitResealUntil=0,consensusTimeout=3000,nodeId=5b07d12d...
info|2026-02-06 15:33:42.077179|pbft-0x0000765ebedfb6c0|[CONSENSUS][PBFT]updateStableCheckPointQueue: insert new checkpoint proposal,index=28,hash=ed8bfd74...,committedIndex=27,consNum=28,committedHash=6c29f27f...,view=3,toView=3,changeCycle=0,expectedCheckPoint=29,Idx=3,unsealedTxs=0,sealUntil=0,waitResealUntil=0,consensusTimeout=3000,nodeId=5b07d12d...
info|2026-02-06 15:33:42.077191|pbft-0x0000765ebedfb6c0|[CONSENSUS][PBFT]updateStableCheckPointQueue: commit stable checkpoint,index=28,committedIndex=27
info|2026-02-06 15:33:42.077227|pbft-0x0000765ebedfb6c0|[CONSENSUS][PBFT]asyncCommitStableCheckPoint: set signatureList,index=28,hash=ed8bfd74...,proofSize=3,blockProofSize=3
info|2026-02-06 15:33:42.077665|blockSubmit-0x0000765ecedd76c0|[SCHEDULER][blk-28][BlockTrace]CommitBlock start
info|2026-02-06 15:33:42.078536|blockSubmit-0x0000765ecedd76c0|[STORAGE-RocksDB]asyncPrepare,number=28
info|2026-02-06 15:33:42.078625|blockSubmit-0x0000765ecedd76c0|[STORAGE-RocksDB]asyncPrepare finished,blockNumber=28,put=7,delete=0,startTS=0,encode(ms)=0,time(ms)=0
info|2026-02-06 15:33:42.078954|blockSubmit-0x0000765ecedd76c0|[LEDGER]storeTransactionsAndReceipts,blockNumber=28
info|2026-02-06 15:33:42.079123|exec-0x0000765ed45e26c0|[STORAGE-RocksDB]asyncPrepare,number=28
info|2026-02-06 15:33:42.079621|blockSubmit-0x0000765ecedd76c0|[STORAGE-RocksDB]setRows finished,put=1,dataSize=10349,time(ms)=1
info|2026-02-06 15:33:42.079719|ledgerWrite-0x0000765ee25fe6c0|[STORAGE-RocksDB]setRows finished,put=1,dataSize=140,time(ms)=1
info|2026-02-06 15:33:42.079976|exec-0x0000765ed45e26c0|[STORAGE-KeyPage]parallelTraverse,size=591
info|2026-02-06 15:33:42.080313|blockSubmit-0x0000765ecedd76c0|[LEDGER]storeTransactionsAndReceipts finished,blockNumber=28,blockTxsSize=1,unStoredTxs=1,timeCost=2
info|2026-02-06 15:33:42.080357|blockSubmit-0x0000765ecedd76c0|[LEDGER][METRIC]asyncPrewriteBlock,number=28,totalTxs=29,failedTxs=8,incTxs=1,incFailedTxs=0
info|2026-02-06 15:33:42.080367|exec-0x0000765ed45e26c0|[STORAGE-RocksDB]asyncPrepare finished,blockNumber=28,put=6,delete=3,startTS=0,encode(ms)=1,time(ms)=1
info|2026-02-06 15:33:42.080394|exec-0x0000765ed45e26c0|[EXECUTOR:1770362656][blk-28]Prepare success
info|2026-02-06 15:33:42.080557|exec-0x0000765ed45e26c0|[STORAGE-RocksDB]asyncCommit finished,blockNumber=28,startTS=0,time(ms)=1,callback time(ms)=0,count=16
info|2026-02-06 15:33:42.081046|exec-0x0000765ed3de16c0|[TOOL]fetchCompatibilityVersion
info|2026-02-06 15:33:42.081567|exec-0x0000765ed3de16c0|[TOOL]fetchCompatibilityVersion success,version=3.11.0,versionNumber=51052544,minSupportedVersion=3.0.0-rc4,maxSupportedVersion=3.11.0
info|2026-02-06 15:33:42.081822|exec-0x0000765ed3de16c0|[TOOL]fetchAuthCheckStatus success,value=0
info|2026-02-06 15:33:42.081849|exec-0x0000765ed3de16c0|[EXECUTOR:1770362656]merge keyPage to cachedStorage,number=28
info|2026-02-06 15:33:42.082474|exec-0x0000765ed3de16c0|[STORAGE-KeyPage]parallelTraverse,size=591
info|2026-02-06 15:33:42.082584|exec-0x0000765ed3de16c0|[STORAGE]Successful merged records,count=9
info|2026-02-06 15:33:42.087014|exec-0x0000765ed3de16c0|[SCHEDULER][blk-28][BlockTrace]CommitBlock success,gas limit=3000000000,timeCost=10
info|2026-02-06 15:33:42.087360|exec-0x0000765ed3de16c0|[SCHEDULER][BlockTrace]Notify block result success,blockNumber=28
info|2026-02-06 15:33:42.087435|exec-0x0000765ed3de16c0|[CONSENSUS][PBFT][STORAGE][METRIC]commitStableCheckPoint success,index=28,hash=ed8bfd74...,txs=1,timeCost=10,commitPerTx=10
info|2026-02-06 15:33:42.087532|exec-0x0000765ed3de16c0|[SCHEDULER][blk-28]notify block result success,hash=ed8bfd74...,txsSize=1
info|2026-02-06 15:33:42.087814|submitter-0x0000765ee0dfb6c0|[TXPOOL][METRIC]StatTPS,tps=18,totalTime=53
info|2026-02-06 15:33:42.087965|blockSubmit-0x0000765ecedd76c0|[CONSENSUS][PBFT][METRIC]resetConfig,committedIndex=28,propHash=ed8bfd74...,blockCountLimit=1000,leaderPeriod=1,consensusNodesSize=4
info|2026-02-06 15:33:42.088142|blockSubmit-0x0000765ecedd76c0|[CONSENSUS][PBFT][METRIC]^^^^^^^^Report,sealer=3,txs=1,committedIndex=28,consNum=29,committedHash=ed8bfd74...,view=3,toView=3,changeCycle=0,expectedCheckPoint=29,Idx=3,unsealedTxs=0,sealUntil=0,waitResealUntil=0,consensusTimeout=3000,nodeId=5b07d12d...
info|2026-02-06 15:33:42.088193|blockSubmit-0x0000765ecedd76c0|[CONSENSUS][SEALER]asyncNoteLatestBlockNumber,number=28
info|2026-02-06 15:33:42.088219|blockSubmit-0x0000765ecedd76c0|[CONSENSUS][SEALER]asyncNoteLatestBlockHash,_hash=ed8bfd74...
info|2026-02-06 15:33:42.088277|blockSubmit-0x0000765ecedd76c0|[BLOCK SYNC]#### BlockSyncConfig resetConfig,number=28,consNodeSize=4,observerNodeSize=0,type=CONSENSUS_NODE
info|2026-02-06 15:33:42.088734|blockSubmit-0x0000765ecedd76c0|[CONSENSUS][PBFT]notify to seal next proposal,nextProposalIndex=29
info|2026-02-06 15:33:42.088966|blockSubmit-0x0000765ecedd76c0|[CONSENSUS][PBFT]removeConsensusedCache finalizeConsensus,view=3,number=28,eraseSize=1,cacheSize=0
info|2026-02-06 15:33:42.089570|blockSubmit-0x0000765ecedd76c0|[CONSENSUS][PBFT][STORAGE]asyncRemoveStabledCheckPoint,index=23
info|2026-02-06 15:33:42.089226|exec-0x0000765ed3de16c0|[STORAGE-RocksDB]asyncCommit finished,blockNumber=28,startTS=0,time(ms)=0,callback time(ms)=9,count=0
info|2026-02-06 15:33:42.089780|blockSubmit-0x0000765ecedd76c0|[CONSENSUS][PBFT][STORAGE]asyncRemove success,dbName=pbftCommitDB,key=23
info|2026-02-06 15:33:42.091405|submitter-0x0000765ee0dfb6c0|[TXPOOL][METRIC]batchRemove txs success,expectedSize=1,succCount=1,batchId=28,timecost=4,lockT=0,removeT=0,updateLedgerNonceT=1,updateTxPoolNonceT=0
info|2026-02-06 15:33:42.471497|ioService-0x0000765ea23fe6c0|[WS][SESSION][asyncRead],message=End of file,endpoint=127.0.0.1:45612,refCount=2
info|2026-02-06 15:33:42.471545|ioService-0x0000765ea23fe6c0|[RPC][WS][SESSION][drop],reason=4294963295,endpoint=127.0.0.1:45612,session=0x765e98467a10
info|2026-02-06 15:33:42.471565|ioService-0x0000765ea23fe6c0|[RPC][WS][SESSION][drop],reason=4294963295,endpoint=127.0.0.1:45612,cb size=0,session=0x765e98467a10
info|2026-02-06 15:33:42.471615|ioService-0x0000765ea23fe6c0|[DEFAULT][WS][STREAM]the real action to close the stream,this=0x765e984883d0
info|2026-02-06 15:33:42.471718|fisco-bcos-0x0000765e83df66c0|[RPC][WS][SERVICE][removeSession],endpoint=127.0.0.1:45612
info|2026-02-06 15:33:42.471736|fisco-bcos-0x0000765e83df66c0|[RPC][WS][SERVICE][onDisconnect],endpoint=127.0.0.1:45612,refCount=2
info|2026-02-06 15:33:42.471741|fisco-bcos-0x0000765e83df66c0|[RPC][WS][SESSION],[DELOBJ][WSSESSION]=0x765e98467a10
info|2026-02-06 15:33:42.471746|fisco-bcos-0x0000765e83df66c0|[DEFAULT][WS][STREAM],[DELOBJ][WsStream]=0x765e984883d0
info|2026-02-06 15:33:44.467464|ioService-0x0000765ea7bff6c0|[DEFAULT][HTTP][SERVER][accept],local_endpoint=127.0.0.1:20203,remote_endpoint=127.0.0.1:59244
info|2026-02-06 15:33:44.467958|ioService-0x0000765ea0ffe6c0|[DEFAULT][HTTP][SESSION][onRead]websocket upgrade
info|2026-02-06 15:33:44.468054|ioService-0x0000765ea0ffe6c0|[DEFAULT][WS][STREAM],[NEWOBJ][WsStream]=0x765e9ea60010
info|2026-02-06 15:33:44.468131|ioService-0x0000765ea0ffe6c0|[RPC][WS][SESSION],[NEWOBJ][WSSESSION]=0x765e9ea09610
info|2026-02-06 15:33:44.468196|ioService-0x0000765ea0ffe6c0|[RPC][WS][SERVICE][newSession]start the session,endPoint=127.0.0.1:59244
info|2026-02-06 15:33:44.468251|ioService-0x0000765ea0ffe6c0|[RPC][WS][SESSION][startAsServer]start websocket handshake,endPoint=127.0.0.1:59244,session=0x765e9ea09610
info|2026-02-06 15:33:44.468744|ioService-0x0000765ea0ffe6c0|[RPC][WS][SERVICE][addSession]add session to mapping,endPoint=127.0.0.1:59244,result=true
info|2026-02-06 15:33:44.468803|ioService-0x0000765ea0ffe6c0|[RPC][WS][SERVICE][onConnect],endpoint=127.0.0.1:59244,refCount=3
info|2026-02-06 15:33:44.468842|ioService-0x0000765ea0ffe6c0|[RPC][WS][SESSION][onWsAccept]websocket handshake successfully,endPoint=127.0.0.1:59244,session=0x765e9ea09610
info|2026-02-06 15:33:44.469944|fisco-bcos-0x0000765e865fd6c0|HandshakeRequest,module=2,minVersion=0,maxVersion=2
info|2026-02-06 15:33:44.469980|fisco-bcos-0x0000765e865fd6c0|[RPC]negotiatedVersion success,peer=127.0.0.1:59244,minVersion=0,maxVersion=2,supportMinVersion=0,supportMaxVersion=2,negotiatedVersion=2,seq=4f628f42224d484d93e2b7d9030c30c0
info|2026-02-06 15:33:44.470094|fisco-bcos-0x0000765e865fd6c0|[RPC]onRecvHandshakeRequest success,version=2,endpoint=127.0.0.1:59244,handshakeResponse={"groupBlockNumber":[{"group0":28}],"groupInfoList":[{"chainID":"chain0","genesisConfig":"{\"blockTxCountLimit\":1000,\"consensusLeaderPeriod\":1,\"consensusType\":\"pbft\",\"sealerList\":[{\"nodeID\":\"0d6a7f52cb87ce7fda869e0db309ec9c53723c46f81632c21e4abbf1a9159f14d53f37cc0c4141548da9ec877d6235afd7a501c40d296fc4c5252a8717aa23c2\",\"weight\":1},{\"nodeID\":\"21a47acec36f73d8e925a7d5db44793f998e1a42a6d7ee2e3a5cf4037b853452cb76f6cbab8e5b223a128e8ee15790d1f629858b47070b4eb2e1ddb2b0ada297\",\"weight\":1},{\"nodeID\":\"2346c69c46d42278eb237167eb19eb28432b63783cc0fd7cddc90f89c148e755db8941be9b0c5f37cbc21c409a78c154abc75ce0c80818c6fbb76aea6bcd0a9a\",\"weight\":1},{\"nodeID\":\"5b07d12d1512a66493c8fd3456d8c505e6ce05f20061613a4c48a1fa3755bbf9cc2d2f1878c4a6733389f03deb0a3fc0c672e2f4910fde9802d6675929cb3dc5\",\"weight\":1}],\"txGasLimit\":3000000000}\n","groupID":"group0","iniConfig":"","nodeList":[{"featureKeys":["bugfix_revert","bugfix_statestorage_hash","bugfix_evm_create2_delegatecall_staticcall_codecopy","bugfix_event_log_order","bugfix_call_noaddr_return","bugfix_precompiled_codehash","bugfix_dmc_revert","bugfix_keypage_system_entry_hash","bugfix_internal_create_redundant_storage","bugfix_internal_create_permission_denied","bugfix_sharding_call_in_child_executive","bugfix_empty_abi_reset","bugfix_eip55_addr","bugfix_eoa_as_contract","bugfix_eoa_match_failed","bugfix_evm_exception_gas_used","bugfix_dmc_deploy_gas_used","bugfix_staticcall_noaddr_return","bugfix_support_transfer_receive_fallback","bugfix_set_row_with_dirty_flag","feature_dmc2serial","feature_sharding","feature_rpbft","feature_paillier","feature_balance","feature_balance_precompiled","feature_balance_policy1","feature_paillier_add_raw","feature_evm_cancun"],"iniConfig":"{\"binaryInfo\":{\"buildTime\":\"20240827 04:30:34\",\"gitCommitHash\":\"3fea676716990b2ed453b4f079915daafff451f9\",\"platform\":\"Linux/g++\",\"version\":\"3.11.0\"},\"chainID\":\"chain0\",\"gatewayServiceName\":\"\",\"groupID\":\"group0\",\"isAuthCheck\":false,\"isSerialExecute\":true,\"isWasm\":false,\"nodeID\":\"5b07d12d1512a66493c8fd3456d8c505e6ce05f20061613a4c48a1fa3755bbf9cc2d2f1878c4a6733389f03deb0a3fc0c672e2f4910fde9802d6675929cb3dc5\",\"nodeName\":\"5b07d12d1512a66493c8fd3456d8c505e6ce05f20061613a4c48a1fa3755bbf9cc2d2f1878c4a6733389f03deb0a3fc0c672e2f4910fde9802d6675929cb3dc5\",\"rpcServiceName\":\"\",\"smCryptoType\":false}\n","microService":false,"name":"5b07d12d1512a66493c8fd3456d8c505e6ce05f20061613a4c48a1fa3755bbf9cc2d2f1878c4a6733389f03deb0a3fc0c672e2f4910fde9802d6675929cb3dc5","nodeID":"5b07d12d1512a66493c8fd3456d8c505e6ce05f20061613a4c48a1fa3755bbf9cc2d2f1878c4a6733389f03deb0a3fc0c672e2f4910fde9802d6675929cb3dc5","protocol":{"compatibilityVersion":51052544,"maxSupportedVersion":2,"minSupportedVersion":0},"serviceInfo":[{"serviceName":"LedgerServiceObj","type":2},{"serviceName":"SchedulerServiceObj","type":3},{"serviceName":"FrontServiceObj","type":4},{"serviceName":"","type":6},{"serviceName":"","type":7},{"serviceName":"TxPoolServiceObj","type":8}],"supportConfigs":["tx_gas_limit","tx_gas_price","tx_count_limit","consensus_leader_period","auth_check_status","compatibility_version","feature_rpbft","feature_rpbft_epoch_block_num","feature_rpbft_epoch_sealer_num","feature_balance_precompiled","web3_chain_id"],"type":0}]}],"protocolVersion":2}
info|2026-02-06 15:33:44.471903|fisco-bcos-0x0000765e815ec6c0|[parseSubTopicsJson],topicItems size=0,json={"topics":[]}
info|2026-02-06 15:33:44.471965|fisco-bcos-0x0000765e815ec6c0|[AMOPClient]subscribeTopicToAllNodes,topicInfo={
	"topics" : []
}
info|2026-02-06 15:33:44.471974|fisco-bcos-0x0000765e815ec6c0|[AMOP][TOPIC][parseSubTopicsJson],topicItems size=0,json={
	"topics" : []
}
info|2026-02-06 15:33:44.471978|fisco-bcos-0x0000765e815ec6c0|[AMOP][TOPIC][subTopic],client=localAMOP,topicSeq=1,topicItems size=0
info|2026-02-06 15:33:44.471985|fisco-bcos-0x0000765e815ec6c0|[AMOPClient][onRecvSubTopics],topicInfo={"topics":[]}
,endpoint=127.0.0.1:59244,seq=b2131d6d4ea0496b8464a8cc66902451
info|2026-02-06 15:33:46.470741|ioService-0x0000765ebb5fd6c0|[P2PService][Service][METRIC]heartBeat,connected count=3
info|2026-02-06 15:33:46.480454|timerFactory-0x0000765eaa3fe6c0|[RPC][WS][SERVICE]connected nodes,count=1
info|2026-02-06 15:33:46.480795|timerFactory-0x0000765e95bff6c0|[RPC][WS][SERVICE]connected nodes,count=0
info|2026-02-06 15:33:46.539060|pbft-0x0000765ebedfb6c0|[CONSENSUS][PBFT]handlePrePrepareMsg,reqHash=1d8382cf...,reqIndex=29,reqV=3,fromIdx=0,wait(ms)=1,committedIndex=28,consNum=29,committedHash=ed8bfd74...,view=3,toView=3,changeCycle=0,expectedCheckPoint=29,Idx=3,unsealedTxs=1,sealUntil=0,waitResealUntil=0,consensusTimeout=3000,nodeId=5b07d12d...,utc=15684256
info|2026-02-06 15:33:46.539217|pbft-0x0000765ebedfb6c0|[TXPOOL]begin asyncVerifyBlock,consNum=29,hash=1d8382cf...
info|2026-02-06 15:33:46.539387|verifier-0x0000765edddf56c0|[TXPOOL]batchVerifyProposal,consNum=29,hash=1d8382cf...,txsSize=1,lockT=0,verifyT=0,missedTxs=0
info|2026-02-06 15:33:46.539470|verifier-0x0000765edddf56c0|[TXPOOL][METRIC]asyncVerifyBlock finished,consNum=29,hash=1d8382cf...,code=0,msg=success,result=true,timecost=0
info|2026-02-06 15:33:46.539615|validator-0x0000765ecfdd96c0|[CONSENSUS][PBFT]asyncResetTxsFlag,index=29,hash=1d8382cf...,flag=true
info|2026-02-06 15:33:46.539679|validator-0x0000765ecfdd96c0|[TXPOOL]batchMarkTxs,txsSize=1,batchId=29,hash=1d8382cf...,sealFlag=true,notFound=0,reSealed=0,succ=1,time=0,markT=0
info|2026-02-06 15:33:46.539652|verifier-0x0000765edddf56c0|[CONSENSUS][PBFT]handlePrePrepareMsg,reqHash=1d8382cf...,reqIndex=29,reqV=3,fromIdx=0,wait(ms)=1,committedIndex=28,consNum=29,committedHash=ed8bfd74...,view=3,toView=3,changeCycle=0,expectedCheckPoint=29,Idx=3,unsealedTxs=1,sealUntil=0,waitResealUntil=0,consensusTimeout=3000,nodeId=5b07d12d...,utc=15684257
info|2026-02-06 15:33:46.539723|verifier-0x0000765edddf56c0|[CONSENSUS][PBFT]addPrePrepareCache,reqHash=1d8382cf...,reqIndex=29,reqV=3,fromIdx=0,wait(ms)=1,sys=false,committedIndex=28,consNum=29,committedHash=ed8bfd74...,view=3,toView=3,changeCycle=0,expectedCheckPoint=29,Idx=3,unsealedTxs=1,sealUntil=0,waitResealUntil=0,consensusTimeout=3000,nodeId=5b07d12d...
info|2026-02-06 15:33:46.539746|verifier-0x0000765edddf56c0|[CONSENSUS][PBFT]notify the committed proposal index to the sync module success,index=29
info|2026-02-06 15:33:46.539762|validator-0x0000765ecfdd96c0|[CONSENSUS][PBFT]asyncMarkTxs success,index=29,hash=1d8382cf...,flag=true,markT=0,emptyTxBatchHash=false
info|2026-02-06 15:33:46.539956|verifier-0x0000765edddf56c0|[CONSENSUS][PBFT]addPrepareCache,reqHash=1d8382cf...,reqIndex=29,reqV=3,fromIdx=3,wait(ms)=1,committedIndex=28,consNum=29,committedHash=ed8bfd74...,view=3,toView=3,changeCycle=0,expectedCheckPoint=29,Idx=3,unsealedTxs=0,sealUntil=0,waitResealUntil=0,consensusTimeout=3000,nodeId=5b07d12d...,weight=1
info|2026-02-06 15:33:46.540166|verifier-0x0000765edddf56c0|[CONSENSUS][PBFT]broadcast prepare packet,packetSize=228,index=29
info|2026-02-06 15:33:46.540377|verifier-0x0000765edddf56c0|[CONSENSUS][PBFT]handlePrePrepareMsg and broadcast prepare packet,reqHash=1d8382cf...,reqIndex=29,reqV=3,fromIdx=0,wait(ms)=2,committedIndex=28,consNum=29,committedHash=ed8bfd74...,view=3,toView=3,changeCycle=0,expectedCheckPoint=29,Idx=3,unsealedTxs=0,sealUntil=0,waitResealUntil=0,consensusTimeout=3000,nodeId=5b07d12d...
info|2026-02-06 15:33:46.540513|txsPreStore-0x0000765edc5f26c0|[TXPOOL]storeVerifiedBlock fetch block number from LedgerConfig
info|2026-02-06 15:33:46.540642|txsPreStore-0x0000765edc5f26c0|[TOOL]LedgerConfigFetcher: fetchBlockNumber success,blockNumber=28
info|2026-02-06 15:33:46.540725|txsPreStore-0x0000765edc5f26c0|[TXPOOL]storeVerifiedBlock,consNum=29,hash=1d8382cf...,txsSize=1
info|2026-02-06 15:33:46.540822|txsPreStore-0x0000765edc5f26c0|[LEDGER]asyncPreStoreBlockTxs: needStoreUnsavedTxs,txsSize=1,unstoredTxs=1,number=29
info|2026-02-06 15:33:46.541284|txsPreStore-0x0000765edc5f26c0|[STORAGE-RocksDB]setRows finished,put=1,dataSize=8458,time(ms)=0
info|2026-02-06 15:33:46.541393|txsPreStore-0x0000765edc5f26c0|[LEDGER]asyncPreStoreBlockTxs: store uncommitted txs,blockNumber=29,blockTxsSize=1,unStoredTxs=1,msg=success,code=0,timeCost=0
info|2026-02-06 15:33:46.541413|txsPreStore-0x0000765edc5f26c0|[TXPOOL]storeVerifiedBlock success,consNum=29,hash=1d8382cf...,timecost=1
info|2026-02-06 15:33:46.542298|pbft-0x0000765ebedfb6c0|[CONSENSUS][PBFT]addPrepareCache,reqHash=1d8382cf...,reqIndex=29,reqV=3,fromIdx=1,wait(ms)=2,committedIndex=28,consNum=29,committedHash=ed8bfd74...,view=3,toView=3,changeCycle=0,expectedCheckPoint=29,Idx=3,unsealedTxs=0,sealUntil=0,waitResealUntil=0,consensusTimeout=3000,nodeId=5b07d12d...,weight=2
info|2026-02-06 15:33:46.542749|pbft-0x0000765ebedfb6c0|[CONSENSUS][PBFT]addPrepareCache,reqHash=1d8382cf...,reqIndex=29,reqV=3,fromIdx=2,wait(ms)=2,committedIndex=28,consNum=29,committedHash=ed8bfd74...,view=3,toView=3,changeCycle=0,expectedCheckPoint=29,Idx=3,unsealedTxs=0,sealUntil=0,waitResealUntil=0,consensusTimeout=3000,nodeId=5b07d12d...,weight=3
info|2026-02-06 15:33:46.542855|pbft-0x0000765ebedfb6c0|[CONSENSUS][PBFT]setSignatureList,signatureSize=3,propHash=1d8382cf...,propIndex=29
info|2026-02-06 15:33:46.542891|pbft-0x0000765ebedfb6c0|[CONSENSUS][PBFT]intoPrecommit,reqHash=1d8382cf...,reqIndex=29,reqV=3,fromIdx=3,wait(ms)=4,committedIndex=28,consNum=29,committedHash=ed8bfd74...,view=3,toView=3,changeCycle=0,expectedCheckPoint=29,Idx=3,unsealedTxs=0,sealUntil=0,waitResealUntil=0,consensusTimeout=3000,nodeId=5b07d12d...
info|2026-02-06 15:33:46.543044|pbft-0x0000765ebedfb6c0|[CONSENSUS][PBFT]addCommitCache,reqHash=1d8382cf...,reqIndex=29,reqV=3,fromIdx=3,wait(ms)=1,committedIndex=28,consNum=29,committedHash=ed8bfd74...,view=3,toView=3,changeCycle=0,expectedCheckPoint=29,Idx=3,unsealedTxs=0,sealUntil=0,waitResealUntil=0,consensusTimeout=3000,nodeId=5b07d12d...,weight=1
info|2026-02-06 15:33:46.543094|pbft-0x0000765ebedfb6c0|[CONSENSUS][PBFT]checkAndPreCommit: broadcast commitMsg,Idx=3,hash=1d8382cf...,index=29
info|2026-02-06 15:33:46.543967|pbft-0x0000765ebedfb6c0|[CONSENSUS][PBFT]addPrepareCache,reqHash=1d8382cf...,reqIndex=29,reqV=3,fromIdx=0,wait(ms)=2,committedIndex=28,consNum=29,committedHash=ed8bfd74...,view=3,toView=3,changeCycle=0,expectedCheckPoint=29,Idx=3,unsealedTxs=0,sealUntil=0,waitResealUntil=0,consensusTimeout=3000,nodeId=5b07d12d...,weight=4
info|2026-02-06 15:33:46.544481|pbft-0x0000765ebedfb6c0|[CONSENSUS][PBFT]addCommitCache,reqHash=1d8382cf...,reqIndex=29,reqV=3,fromIdx=0,wait(ms)=0,committedIndex=28,consNum=29,committedHash=ed8bfd74...,view=3,toView=3,changeCycle=0,expectedCheckPoint=29,Idx=3,unsealedTxs=0,sealUntil=0,waitResealUntil=0,consensusTimeout=3000,nodeId=5b07d12d...,weight=2
info|2026-02-06 15:33:46.544713|pbft-0x0000765ebedfb6c0|[CONSENSUS][PBFT]addCommitCache,reqHash=1d8382cf...,reqIndex=29,reqV=3,fromIdx=2,wait(ms)=0,committedIndex=28,consNum=29,committedHash=ed8bfd74...,view=3,toView=3,changeCycle=0,expectedCheckPoint=29,Idx=3,unsealedTxs=0,sealUntil=0,waitResealUntil=0,consensusTimeout=3000,nodeId=5b07d12d...,weight=3
info|2026-02-06 15:33:46.544737|pbft-0x0000765ebedfb6c0|[CONSENSUS][PBFT]checkAndCommit,propHash=1d8382cf...,propIndex=29,committedIndex=28,consNum=29,committedHash=ed8bfd74...,view=3,toView=3,changeCycle=0,expectedCheckPoint=29,Idx=3,unsealedTxs=0,sealUntil=0,waitResealUntil=0,consensusTimeout=3000,nodeId=5b07d12d...
info|2026-02-06 15:33:46.544759|pbft-0x0000765ebedfb6c0|[CONSENSUS][PBFT]######## CommitProposal,propHash=1d8382cf...,propIndex=29,sys=false,committedIndex=28,consNum=29,committedHash=ed8bfd74...,view=3,toView=3,changeCycle=0,expectedCheckPoint=29,Idx=3,unsealedTxs=0,sealUntil=0,waitResealUntil=0,consensusTimeout=3000,nodeId=5b07d12d...
info|2026-02-06 15:33:46.544793|pbft-0x0000765ebedfb6c0|[CONSENSUS][PBFT]notify to seal next proposal,nextProposalIndex=30
info|2026-02-06 15:33:46.544869|pbft-0x0000765ebedfb6c0|[CONSENSUS][PBFT]notify to seal next proposal,nextProposalIndex=30
info|2026-02-06 15:33:46.544880|pbft-0x0000765ebedfb6c0|[CONSENSUS][PBFT]applyStateMachine,index=29,hash=1d8382cf...,committedIndex=28,consNum=29,committedHash=ed8bfd74...,view=3,toView=3,changeCycle=0,expectedCheckPoint=29,Idx=3,unsealedTxs=0,sealUntil=0,waitResealUntil=0,consensusTimeout=3000,nodeId=5b07d12d...,unAppliedProposals=0
info|2026-02-06 15:33:46.545623|exeScheduler-0x0000765e7c25e6c0|[SCHEDULER][METRIC][blk-29]ExecuteBlock request,gasLimit=3000000000,gasPrice=0x0,verify=false,signatureSize=0,txCount=0,metaTxCount=1,version=3.11.0,waitT=0
info|2026-02-06 15:33:46.545960|exeScheduler-0x0000765e7c25e6c0|[SCHEDULER][blk-29][BlockTrace]ExecuteBlock start,time(ms)=0
info|2026-02-06 15:33:46.546273|exeScheduler-0x0000765e7c25e6c0|[SCHEDULER][serialExecute][blk-29][BlockTrace]serialExecute execute block
info|2026-02-06 15:33:46.546109|preExeScheduler-0x0000765e7ca5f6c0|[SCHEDULER][METRIC][BlockTrace][blk-29]preExeBlock success,blockHeader.timestamp=1770363226537,metaTxCount=1,timeCost=2
info|2026-02-06 15:33:46.546378|exeScheduler-0x0000765e7c25e6c0|[SCHEDULER][serialExecute][blk-29][BlockTrace]serialExecute batch next block
info|2026-02-06 15:33:46.546396|exeScheduler-0x0000765e7c25e6c0|[SCHEDULER][blk-29][BlockTrace]NextBlock request,executorNum=1
info|2026-02-06 15:33:46.550053|exec-0x0000765ed35e06c0|[SCHEDULER][blk-29][BlockTrace]NextBlock success,executorNum=1,timeCost=4
info|2026-02-06 15:33:46.550170|exec-0x0000765ed35e06c0|[SCHEDULER][serialExecute][blk-29][BlockTrace]serialExecute block begin
info|2026-02-06 15:33:46.552190|Unnamed-0x0000765e79a596c0|[STORAGE-KeyPage]empty table,table=/apps/610857669da60d63f4c9e30713bb86a49251fe2a_accessAuth,key=61646d696e
info|2026-02-06 15:33:46.553552|Unnamed-0x0000765e79a596c0|[STORAGE-KeyPage]empty table,table=/apps/610857669da60d63f4c9e30713bb86a49251fe2a,key=0000000000000000000000000000000000000000000000000000000000000004
info|2026-02-06 15:33:46.555174|exec-0x0000765ed25de6c0|[STORAGE-KeyPage]hash,size=29,blockVersion=51052544,readLength=6732,writeLength=8454,pageCount=2,entrycount=4,entriesHash=9c3ace9a06b64ac5db38487580f7ba75c26ccd67f7cfb46fe4a77da993e76e85,pagesHash=ac24e5b905e996fab4de3a67869c54c8abb6e5a519acda249663ac8f33fbd60d,totalHash=301e2b23035fdc3f6fe67212066beebd69da28c2ee636e4b72c4d126a01cb888
info|2026-02-06 15:33:46.555445|exec-0x0000765ed25de6c0|[EXECUTOR:1770362656][blk-29]GetTableHashes success,hash=301e2b23035fdc3f6fe67212066beebd69da28c2ee636e4b72c4d126a01cb888,time(ms)=1
info|2026-02-06 15:33:46.555766|exec-0x0000765ed25de6c0|[SCHEDULER][blk-29][BlockTrace]ExecuteBlock success,hash=dae2e6d2...,stateRoot=301e2b23035fdc3f6fe67212066beebd69da28c2ee636e4b72c4d126a01cb888,receiptRoot=7cf7c4060fa208fdca45540ba3645ccec55091bd52bc24ae845c51cdb351141f,txsRoot=8efd937c...,gasUsed=102150,signatureSize=0,timeCost=10,blockVersion=51052544
info|2026-02-06 15:33:46.556033|exec-0x0000765ed25de6c0|[CONSENSUS][Core][METRIC]asyncExecuteBlock success,sysBlock=false,number=29,result=dae2e6d2...,txsSize=1,txsRoot=8efd937c...,receiptsRoot=7cf7c406...,stateRoot=301e2b23...,timeCost=11,execPerTx=11
info|2026-02-06 15:33:46.556375|pbft-0x0000765ebedfb6c0|[CONSENSUS][PBFT]handleCheckPointMsg: try to add the checkpoint message into the cache,reqHash=dae2e6d2...,reqIndex=29,reqV=3,fromIdx=0,wait(ms)=1,committedIndex=28,consNum=29,committedHash=ed8bfd74...,view=3,toView=3,changeCycle=0,expectedCheckPoint=29,Idx=3,unsealedTxs=0,sealUntil=0,waitResealUntil=0,consensusTimeout=3000,nodeId=5b07d12d...
info|2026-02-06 15:33:46.556458|pbft-0x0000765ebedfb6c0|[CONSENSUS][PBFT]addCheckPointMsg,reqHash=dae2e6d2...,reqIndex=29,reqV=3,fromIdx=0,wait(ms)=1,Idx=3,weight=1,minRequiredWeight=3
info|2026-02-06 15:33:46.556479|pbft-0x0000765ebedfb6c0|[CONSENSUS][PBFT]notify to seal next proposal,nextProposalIndex=30
info|2026-02-06 15:33:46.556645|exec-0x0000765ed25de6c0|[CONSENSUS][PBFT]applyStateMachine finished,index=29,beforeExec=1d8382cf...,afterExec=dae2e6d2...,committedIndex=28,consNum=29,committedHash=ed8bfd74...,view=3,toView=3,changeCycle=0,expectedCheckPoint=29,Idx=3,unsealedTxs=0,sealUntil=0,waitResealUntil=0,consensusTimeout=3000,nodeId=5b07d12d...,timecost=12
info|2026-02-06 15:33:46.557016|pbftWorker-0x0000765ecbdd16c0|[CONSENSUS][PBFT][STORAGE]asyncCommitProposal: write the committed proposal into db,index=29
info|2026-02-06 15:33:46.557482|pbftWorker-0x0000765ecbdd16c0|[CONSENSUS][PBFT][STORAGE]asyncPutProposal: commit success,dbName=pbftCommitDB,key=max_committed_proposal,number=29,timecost=0,dataSize=2
info|2026-02-06 15:33:46.557552|pbftWorker-0x0000765ecbdd16c0|[CONSENSUS][PBFT][STORAGE]asyncPutProposal: commit success,dbName=pbftCommitDB,key=29,number=29,timecost=0,dataSize=631
info|2026-02-06 15:33:46.558535|pbftWorker-0x0000765ecbdd16c0|[CONSENSUS][PBFT]addCheckPointMsg,reqHash=dae2e6d2...,reqIndex=29,reqV=3,fromIdx=3,wait(ms)=1,Idx=3,weight=2,minRequiredWeight=3
info|2026-02-06 15:33:46.558602|pbftWorker-0x0000765ecbdd16c0|[CONSENSUS][PBFT]setCheckPointProposal,propHash=dae2e6d2...,propIndex=29,committedIndex=28,consNum=29,committedHash=ed8bfd74...,view=3,toView=3,changeCycle=0,expectedCheckPoint=29,Idx=3,unsealedTxs=0,sealUntil=0,waitResealUntil=0,consensusTimeout=3000,nodeId=5b07d12d...
info|2026-02-06 15:33:46.558641|pbftWorker-0x0000765ecbdd16c0|[CONSENSUS][PBFT]PBFTConfig: setExpectedCheckPoint,committedIndex=28,consNum=29,committedHash=ed8bfd74...,view=3,toView=3,changeCycle=0,expectedCheckPoint=30,Idx=3,unsealedTxs=0,sealUntil=0,waitResealUntil=0,consensusTimeout=3000,nodeId=5b07d12d...,expectedCheckPoint=30
info|2026-02-06 15:33:46.558660|pbftWorker-0x0000765ecbdd16c0|[CONSENSUS][PBFT]notify to seal next proposal,nextProposalIndex=30
info|2026-02-06 15:33:46.558670|pbftWorker-0x0000765ecbdd16c0|[CONSENSUS][PBFT]onProposalApplySuccess,index=29,hash=dae2e6d2...,lockT=0,timecost=0
info|2026-02-06 15:33:46.559729|pbft-0x0000765ebedfb6c0|[CONSENSUS][PBFT]handleCheckPointMsg: try to add the checkpoint message into the cache,reqHash=dae2e6d2...,reqIndex=29,reqV=3,fromIdx=1,wait(ms)=1,committedIndex=28,consNum=29,committedHash=ed8bfd74...,view=3,toView=3,changeCycle=0,expectedCheckPoint=30,Idx=3,unsealedTxs=0,sealUntil=0,waitResealUntil=0,consensusTimeout=3000,nodeId=5b07d12d...
info|2026-02-06 15:33:46.559830|pbft-0x0000765ebedfb6c0|[CONSENSUS][PBFT]addCheckPointMsg,reqHash=dae2e6d2...,reqIndex=29,reqV=3,fromIdx=1,wait(ms)=1,Idx=3,weight=3,minRequiredWeight=3
info|2026-02-06 15:33:46.560124|pbft-0x0000765ebedfb6c0|[CONSENSUS][PBFT]notify to seal next proposal,nextProposalIndex=30
info|2026-02-06 15:33:46.560305|pbft-0x0000765ebedfb6c0|[CONSENSUS][PBFT]setSignatureList,signatureSize=3,propHash=dae2e6d2...,propIndex=29
info|2026-02-06 15:33:46.560348|pbft-0x0000765ebedfb6c0|[CONSENSUS][PBFT]checkAndCommitStableCheckPoint,index=29,hash=dae2e6d2...,committedIndex=28,consNum=29,committedHash=ed8bfd74...,view=3,toView=3,changeCycle=0,expectedCheckPoint=30,Idx=3,unsealedTxs=0,sealUntil=0,waitResealUntil=0,consensusTimeout=3000,nodeId=5b07d12d...
info|2026-02-06 15:33:46.560382|pbft-0x0000765ebedfb6c0|[CONSENSUS][PBFT]updateStableCheckPointQueue: insert new checkpoint proposal,index=29,hash=dae2e6d2...,committedIndex=28,consNum=29,committedHash=ed8bfd74...,view=3,toView=3,changeCycle=0,expectedCheckPoint=30,Idx=3,unsealedTxs=0,sealUntil=0,waitResealUntil=0,consensusTimeout=3000,nodeId=5b07d12d...
info|2026-02-06 15:33:46.560409|pbft-0x0000765ebedfb6c0|[CONSENSUS][PBFT]updateStableCheckPointQueue: commit stable checkpoint,index=29,committedIndex=28
info|2026-02-06 15:33:46.560462|pbft-0x0000765ebedfb6c0|[CONSENSUS][PBFT]asyncCommitStableCheckPoint: set signatureList,index=29,hash=dae2e6d2...,proofSize=3,blockProofSize=3
info|2026-02-06 15:33:46.560618|blockSubmit-0x0000765ecedd76c0|[SCHEDULER][blk-29][BlockTrace]CommitBlock start
info|2026-02-06 15:33:46.561409|blockSubmit-0x0000765ecedd76c0|[STORAGE-RocksDB]asyncPrepare,number=29
info|2026-02-06 15:33:46.561640|blockSubmit-0x0000765ecedd76c0|[STORAGE-RocksDB]asyncPrepare finished,blockNumber=29,put=7,delete=0,startTS=0,encode(ms)=0,time(ms)=0
info|2026-02-06 15:33:46.561796|blockSubmit-0x0000765ecedd76c0|[LEDGER]storeTransactionsAndReceipts,blockNumber=29
info|2026-02-06 15:33:46.562028|pbft-0x0000765ebedfb6c0|[CONSENSUS][PBFT]handleCheckPointMsg: try to add the checkpoint message into the cache,reqHash=dae2e6d2...,reqIndex=29,reqV=3,fromIdx=2,wait(ms)=1,committedIndex=28,consNum=29,committedHash=ed8bfd74...,view=3,toView=3,changeCycle=0,expectedCheckPoint=30,Idx=3,unsealedTxs=0,sealUntil=0,waitResealUntil=0,consensusTimeout=3000,nodeId=5b07d12d...
info|2026-02-06 15:33:46.562155|pbft-0x0000765ebedfb6c0|[CONSENSUS][PBFT]addCheckPointMsg,reqHash=dae2e6d2...,reqIndex=29,reqV=3,fromIdx=2,wait(ms)=1,Idx=3,weight=4,minRequiredWeight=3
info|2026-02-06 15:33:46.562184|pbft-0x0000765ebedfb6c0|[CONSENSUS][PBFT]notify to seal next proposal,nextProposalIndex=30
info|2026-02-06 15:33:46.562263|ledgerWrite-0x0000765ee2dff6c0|[STORAGE-RocksDB]setRows finished,put=1,dataSize=140,time(ms)=0
info|2026-02-06 15:33:46.562778|exec-0x0000765ed1ddd6c0|[STORAGE-RocksDB]asyncPrepare,number=29
info|2026-02-06 15:33:46.563025|blockSubmit-0x0000765ecedd76c0|[LEDGER]storeTransactionsAndReceipts finished,blockNumber=29,blockTxsSize=1,unStoredTxs=0,timeCost=2
info|2026-02-06 15:33:46.563118|blockSubmit-0x0000765ecedd76c0|[LEDGER][METRIC]asyncPrewriteBlock,number=29,totalTxs=30,failedTxs=8,incTxs=1,incFailedTxs=0
info|2026-02-06 15:33:46.563680|exec-0x0000765ed1ddd6c0|[STORAGE-KeyPage]parallelTraverse,size=8505
info|2026-02-06 15:33:46.563970|exec-0x0000765ed1ddd6c0|[STORAGE-RocksDB]asyncPrepare finished,blockNumber=29,put=8,delete=2,startTS=0,encode(ms)=1,time(ms)=1
info|2026-02-06 15:33:46.564041|exec-0x0000765ed1ddd6c0|[EXECUTOR:1770362656][blk-29]Prepare success
info|2026-02-06 15:33:46.564348|exec-0x0000765ed1ddd6c0|[STORAGE-RocksDB]asyncCommit finished,blockNumber=29,startTS=0,time(ms)=0,callback time(ms)=0,count=17
info|2026-02-06 15:33:46.564434|exec-0x0000765ed1ddd6c0|[TOOL]fetchCompatibilityVersion
info|2026-02-06 15:33:46.564570|exec-0x0000765ed1ddd6c0|[TOOL]fetchCompatibilityVersion success,version=3.11.0,versionNumber=51052544,minSupportedVersion=3.0.0-rc4,maxSupportedVersion=3.11.0
info|2026-02-06 15:33:46.564632|exec-0x0000765ed1ddd6c0|[TOOL]fetchAuthCheckStatus success,value=0
info|2026-02-06 15:33:46.564656|exec-0x0000765ed1ddd6c0|[EXECUTOR:1770362656]merge keyPage to cachedStorage,number=29
info|2026-02-06 15:33:46.564748|exec-0x0000765ed1ddd6c0|[STORAGE-KeyPage]parallelTraverse,size=8505
info|2026-02-06 15:33:46.564764|exec-0x0000765ed1ddd6c0|[STORAGE]Successful merged records,count=10
info|2026-02-06 15:33:46.568540|exec-0x0000765ed1ddd6c0|[SCHEDULER][blk-29][BlockTrace]CommitBlock success,gas limit=3000000000,timeCost=8
info|2026-02-06 15:33:46.568841|exec-0x0000765ed1ddd6c0|[SCHEDULER][BlockTrace]Notify block result success,blockNumber=29
info|2026-02-06 15:33:46.568864|exec-0x0000765ed1ddd6c0|[CONSENSUS][PBFT][STORAGE][METRIC]commitStableCheckPoint success,index=29,hash=dae2e6d2...,txs=1,timeCost=8,commitPerTx=8
info|2026-02-06 15:33:46.568946|exec-0x0000765ed1ddd6c0|[SCHEDULER][blk-29]notify block result success,hash=dae2e6d2...,txsSize=1
info|2026-02-06 15:33:46.569070|submitter-0x0000765ee05fa6c0|[TXPOOL][METRIC]StatTPS,tps=21,totalTime=46
info|2026-02-06 15:33:46.569203|exec-0x0000765ed1ddd6c0|[STORAGE-RocksDB]asyncCommit finished,blockNumber=29,startTS=0,time(ms)=0,callback time(ms)=4,count=0
info|2026-02-06 15:33:46.569402|blockSubmit-0x0000765ecedd76c0|[CONSENSUS][PBFT][METRIC]resetConfig,committedIndex=29,propHash=dae2e6d2...,blockCountLimit=1000,leaderPeriod=1,consensusNodesSize=4
info|2026-02-06 15:33:46.569936|submitter-0x0000765ee05fa6c0|[TXPOOL][METRIC]batchRemove txs success,expectedSize=1,succCount=1,batchId=29,timecost=1,lockT=1,removeT=1,updateLedgerNonceT=0,updateTxPoolNonceT=0
info|2026-02-06 15:33:46.570540|blockSubmit-0x0000765ecedd76c0|[CONSENSUS][PBFT][METRIC]^^^^^^^^Report,sealer=0,txs=1,committedIndex=29,consNum=30,committedHash=dae2e6d2...,view=3,toView=3,changeCycle=0,expectedCheckPoint=30,Idx=3,unsealedTxs=0,sealUntil=0,waitResealUntil=0,consensusTimeout=3000,nodeId=5b07d12d...
info|2026-02-06 15:33:46.570712|blockSubmit-0x0000765ecedd76c0|[CONSENSUS][SEALER]asyncNoteLatestBlockNumber,number=29
info|2026-02-06 15:33:46.570755|blockSubmit-0x0000765ecedd76c0|[CONSENSUS][SEALER]asyncNoteLatestBlockHash,_hash=dae2e6d2...
info|2026-02-06 15:33:46.570898|blockSubmit-0x0000765ecedd76c0|[BLOCK SYNC]#### BlockSyncConfig resetConfig,number=29,consNodeSize=4,observerNodeSize=0,type=CONSENSUS_NODE
info|2026-02-06 15:33:46.571662|blockSubmit-0x0000765ecedd76c0|[CONSENSUS][PBFT]notify to seal next proposal,nextProposalIndex=30
info|2026-02-06 15:33:46.571852|blockSubmit-0x0000765ecedd76c0|[CONSENSUS][PBFT]removeConsensusedCache finalizeConsensus,view=3,number=29,eraseSize=1,cacheSize=0
info|2026-02-06 15:33:46.572004|blockSubmit-0x0000765ecedd76c0|[CONSENSUS][PBFT][STORAGE]asyncRemoveStabledCheckPoint,index=24
info|2026-02-06 15:33:46.572145|blockSubmit-0x0000765ecedd76c0|[CONSENSUS][PBFT][STORAGE]asyncRemove success,dbName=pbftCommitDB,key=24
info|2026-02-06 15:33:46.959900|ioService-0x0000765ea0ffe6c0|[WS][SESSION][asyncRead],message=End of file,endpoint=127.0.0.1:59244,refCount=2
info|2026-02-06 15:33:46.959944|ioService-0x0000765ea0ffe6c0|[RPC][WS][SESSION][drop],reason=4294963295,endpoint=127.0.0.1:59244,session=0x765e9ea09610
info|2026-02-06 15:33:46.959967|ioService-0x0000765ea0ffe6c0|[RPC][WS][SESSION][drop],reason=4294963295,endpoint=127.0.0.1:59244,cb size=0,session=0x765e9ea09610
info|2026-02-06 15:33:46.960025|ioService-0x0000765ea0ffe6c0|[DEFAULT][WS][STREAM]the real action to close the stream,this=0x765e9ea60010
info|2026-02-06 15:33:46.960188|fisco-bcos-0x0000765e83df66c0|[RPC][WS][SERVICE][removeSession],endpoint=127.0.0.1:59244
info|2026-02-06 15:33:46.960218|fisco-bcos-0x0000765e83df66c0|[RPC][WS][SERVICE][onDisconnect],endpoint=127.0.0.1:59244,refCount=2
info|2026-02-06 15:33:46.960232|fisco-bcos-0x0000765e83df66c0|[RPC][WS][SESSION],[DELOBJ][WSSESSION]=0x765e9ea09610
info|2026-02-06 15:33:46.960236|fisco-bcos-0x0000765e83df66c0|[DEFAULT][WS][STREAM],[DELOBJ][WsStream]=0x765e9ea60010
info|2026-02-06 15:33:56.471254|ioService-0x0000765ebb5fd6c0|[P2PService][Service][METRIC]heartBeat,connected count=3
info|2026-02-06 15:33:56.480776|timerFactory-0x0000765eaa3fe6c0|[RPC][WS][SERVICE]connected nodes,count=0
info|2026-02-06 15:33:56.480864|timerFactory-0x0000765e95bff6c0|[RPC][WS][SERVICE]connected nodes,count=0
info|2026-02-06 15:34:06.471648|ioService-0x0000765ebb5fd6c0|[P2PService][Service][METRIC]heartBeat,connected count=3
info|2026-02-06 15:34:06.481140|timerFactory-0x0000765eaa3fe6c0|[RPC][WS][SERVICE]connected nodes,count=0
info|2026-02-06 15:34:06.481236|timerFactory-0x0000765e95bff6c0|[RPC][WS][SERVICE]connected nodes,count=0
info|2026-02-06 15:34:16.471548|objMonitor-0x0000765e8a1f06c0|[startMonitor][AliveObjectMonitor],AliveObjectAllocStat=[ type: bcos::gateway::Socket ,created: 11 ,destroyed: 7 ,alive: 4 ] 
info|2026-02-06 15:34:16.471886|ioService-0x0000765ebb5fd6c0|[P2PService][Service][METRIC]heartBeat,connected count=3
info|2026-02-06 15:34:16.481385|timerFactory-0x0000765e95bff6c0|[RPC][WS][SERVICE]connected nodes,count=0
info|2026-02-06 15:34:16.481805|timerFactory-0x0000765eaa3fe6c0|[RPC][WS][SERVICE]connected nodes,count=0
info|2026-02-06 15:34:26.472047|ioService-0x0000765ebb5fd6c0|[P2PService][Service][METRIC]heartBeat,connected count=3
info|2026-02-06 15:34:26.481561|timerFactory-0x0000765e95bff6c0|[RPC][WS][SERVICE]connected nodes,count=0
info|2026-02-06 15:34:26.481964|timerFactory-0x0000765eaa3fe6c0|[RPC][WS][SERVICE]connected nodes,count=0
info|2026-02-06 15:34:36.472399|ioService-0x0000765ebb5fd6c0|[P2PService][Service][METRIC]heartBeat,connected count=3
info|2026-02-06 15:34:36.481671|timerFactory-0x0000765e95bff6c0|[RPC][WS][SERVICE]connected nodes,count=0
info|2026-02-06 15:34:36.482223|timerFactory-0x0000765eaa3fe6c0|[RPC][WS][SERVICE]connected nodes,count=0
info|2026-02-06 15:34:46.472646|ioService-0x0000765ebb5fd6c0|[P2PService][Service][METRIC]heartBeat,connected count=3
info|2026-02-06 15:34:46.481884|timerFactory-0x0000765e95bff6c0|[RPC][WS][SERVICE]connected nodes,count=0
info|2026-02-06 15:34:46.482493|timerFactory-0x0000765eaa3fe6c0|[RPC][WS][SERVICE]connected nodes,count=0
info|2026-02-06 15:34:56.472810|ioService-0x0000765ebb5fd6c0|[P2PService][Service][METRIC]heartBeat,connected count=3
info|2026-02-06 15:34:56.482099|timerFactory-0x0000765e95bff6c0|[RPC][WS][SERVICE]connected nodes,count=0
info|2026-02-06 15:34:56.482732|timerFactory-0x0000765eaa3fe6c0|[RPC][WS][SERVICE]connected nodes,count=0
info|2026-02-06 15:35:06.472985|ioService-0x0000765ebb5fd6c0|[P2PService][Service][METRIC]heartBeat,connected count=3
info|2026-02-06 15:35:06.482228|timerFactory-0x0000765e95bff6c0|[RPC][WS][SERVICE]connected nodes,count=0
info|2026-02-06 15:35:06.482836|timerFactory-0x0000765eaa3fe6c0|[RPC][WS][SERVICE]connected nodes,count=0
info|2026-02-06 15:35:16.471715|objMonitor-0x0000765e8a1f06c0|[startMonitor][AliveObjectMonitor],AliveObjectAllocStat=[ type: bcos::gateway::Socket ,created: 11 ,destroyed: 7 ,alive: 4 ] 
info|2026-02-06 15:35:16.473116|ioService-0x0000765ebb5fd6c0|[P2PService][Service][METRIC]heartBeat,connected count=3
info|2026-02-06 15:35:16.482327|timerFactory-0x0000765e95bff6c0|[RPC][WS][SERVICE]connected nodes,count=0
info|2026-02-06 15:35:16.482996|timerFactory-0x0000765eaa3fe6c0|[RPC][WS][SERVICE]connected nodes,count=0
info|2026-02-06 15:35:26.473254|ioService-0x0000765ebb5fd6c0|[P2PService][Service][METRIC]heartBeat,connected count=3
info|2026-02-06 15:35:26.482422|timerFactory-0x0000765e95bff6c0|[RPC][WS][SERVICE]connected nodes,count=0
info|2026-02-06 15:35:26.483350|timerFactory-0x0000765eaa3fe6c0|[RPC][WS][SERVICE]connected nodes,count=0
info|2026-02-06 15:35:33.252127|ioService-0x0000765e93ffe6c0|[DEFAULT][HTTP][SERVER][accept],local_endpoint=127.0.0.1:8545,remote_endpoint=127.0.0.1:53326
info|2026-02-06 15:35:33.253782|ioService-0x0000765e927ff6c0|[DEFAULT][HTTP][SESSION][onRead]receive http request
info|2026-02-06 15:35:36.352155|ioService-0x0000765e927ff6c0|[DEFAULT][HTTP][SESSION][onRead]receive http request
info|2026-02-06 15:35:36.391463|ioService-0x0000765e927ff6c0|[DEFAULT][HTTP][SESSION][onRead]receive http request
warning|2026-02-06 15:35:36.392165|ioService-0x0000765e927ff6c0|[DEFAULT][HTTP][SESSION]onRead exception,bytesSize=800,failed=Dynamic exception type: Json::LogicError
std::exception::what: in Json::Value::find(begin, end): requires objectValue or nullValue
info|2026-02-06 15:35:36.418345|ioService-0x0000765e93ffe6c0|[DEFAULT][HTTP][SERVER][accept],local_endpoint=127.0.0.1:8545,remote_endpoint=127.0.0.1:53334
info|2026-02-06 15:35:36.418751|ioService-0x0000765e91bff6c0|[DEFAULT][HTTP][SESSION][onRead]receive http request
warning|2026-02-06 15:35:36.418859|ioService-0x0000765e91bff6c0|[DEFAULT][HTTP][SESSION]onRead exception,bytesSize=1129,failed=Dynamic exception type: Json::LogicError
std::exception::what: in Json::Value::find(begin, end): requires objectValue or nullValue
info|2026-02-06 15:35:36.436512|ioService-0x0000765e93ffe6c0|[DEFAULT][HTTP][SERVER][accept],local_endpoint=127.0.0.1:8545,remote_endpoint=127.0.0.1:53346
info|2026-02-06 15:35:36.436941|ioService-0x0000765e913fe6c0|[DEFAULT][HTTP][SESSION][onRead]receive http request
warning|2026-02-06 15:35:36.437054|ioService-0x0000765e913fe6c0|[DEFAULT][HTTP][SESSION]onRead exception,bytesSize=1130,failed=Dynamic exception type: Json::LogicError
std::exception::what: in Json::Value::find(begin, end): requires objectValue or nullValue
info|2026-02-06 15:35:36.473402|ioService-0x0000765ebb5fd6c0|[P2PService][Service][METRIC]heartBeat,connected count=3
info|2026-02-06 15:35:36.482643|timerFactory-0x0000765e95bff6c0|[RPC][WS][SERVICE]connected nodes,count=0
info|2026-02-06 15:35:36.483518|timerFactory-0x0000765eaa3fe6c0|[RPC][WS][SERVICE]connected nodes,count=0
info|2026-02-06 15:35:39.351238|ioService-0x0000765e93ffe6c0|[DEFAULT][HTTP][SERVER][accept],local_endpoint=127.0.0.1:8545,remote_endpoint=127.0.0.1:53350
info|2026-02-06 15:35:39.351680|ioService-0x0000765e90bfd6c0|[DEFAULT][HTTP][SESSION][onRead]receive http request
info|2026-02-06 15:35:42.350934|ioService-0x0000765e90bfd6c0|[DEFAULT][HTTP][SESSION][onRead]receive http request
info|2026-02-06 15:35:45.350822|ioService-0x0000765e90bfd6c0|[DEFAULT][HTTP][SESSION][onRead]receive http request
info|2026-02-06 15:35:46.473570|ioService-0x0000765ebb5fd6c0|[P2PService][Service][METRIC]heartBeat,connected count=3
info|2026-02-06 15:35:46.482861|timerFactory-0x0000765e95bff6c0|[RPC][WS][SERVICE]connected nodes,count=0
info|2026-02-06 15:35:46.483665|timerFactory-0x0000765eaa3fe6c0|[RPC][WS][SERVICE]connected nodes,count=0
info|2026-02-06 15:35:48.350524|ioService-0x0000765e90bfd6c0|[DEFAULT][HTTP][SESSION][onRead]receive http request
info|2026-02-06 15:35:51.350169|ioService-0x0000765e90bfd6c0|[DEFAULT][HTTP][SESSION][onRead]receive http request
info|2026-02-06 15:35:52.009403|ioService-0x0000765ea7bff6c0|[DEFAULT][HTTP][SERVER][accept],local_endpoint=127.0.0.1:20203,remote_endpoint=127.0.0.1:47666
info|2026-02-06 15:35:52.010009|ioService-0x0000765e9f3ff6c0|[DEFAULT][HTTP][SESSION][onRead]websocket upgrade
info|2026-02-06 15:35:52.010099|ioService-0x0000765e9f3ff6c0|[DEFAULT][WS][STREAM],[NEWOBJ][WsStream]=0x765e9cf94090
info|2026-02-06 15:35:52.010149|ioService-0x0000765e9f3ff6c0|[RPC][WS][SESSION],[NEWOBJ][WSSESSION]=0x765e9ce61a10
info|2026-02-06 15:35:52.010183|ioService-0x0000765e9f3ff6c0|[RPC][WS][SERVICE][newSession]start the session,endPoint=127.0.0.1:47666
info|2026-02-06 15:35:52.010192|ioService-0x0000765e9f3ff6c0|[RPC][WS][SESSION][startAsServer]start websocket handshake,endPoint=127.0.0.1:47666,session=0x765e9ce61a10
info|2026-02-06 15:35:52.010455|ioService-0x0000765e9f3ff6c0|[RPC][WS][SERVICE][addSession]add session to mapping,endPoint=127.0.0.1:47666,result=true
info|2026-02-06 15:35:52.010515|ioService-0x0000765e9f3ff6c0|[RPC][WS][SERVICE][onConnect],endpoint=127.0.0.1:47666,refCount=3
info|2026-02-06 15:35:52.010543|ioService-0x0000765e9f3ff6c0|[RPC][WS][SESSION][onWsAccept]websocket handshake successfully,endPoint=127.0.0.1:47666,session=0x765e9ce61a10
info|2026-02-06 15:35:52.013761|fisco-bcos-0x0000765ec67ff6c0|HandshakeRequest,module=2,minVersion=0,maxVersion=2
info|2026-02-06 15:35:52.013789|fisco-bcos-0x0000765ec67ff6c0|[RPC]negotiatedVersion success,peer=127.0.0.1:47666,minVersion=0,maxVersion=2,supportMinVersion=0,supportMaxVersion=2,negotiatedVersion=2,seq=59f033aa75f04a38a2de8263fad00163
info|2026-02-06 15:35:52.013994|fisco-bcos-0x0000765ec67ff6c0|[RPC]onRecvHandshakeRequest success,version=2,endpoint=127.0.0.1:47666,handshakeResponse={"groupBlockNumber":[{"group0":29}],"groupInfoList":[{"chainID":"chain0","genesisConfig":"{\"blockTxCountLimit\":1000,\"consensusLeaderPeriod\":1,\"consensusType\":\"pbft\",\"sealerList\":[{\"nodeID\":\"0d6a7f52cb87ce7fda869e0db309ec9c53723c46f81632c21e4abbf1a9159f14d53f37cc0c4141548da9ec877d6235afd7a501c40d296fc4c5252a8717aa23c2\",\"weight\":1},{\"nodeID\":\"21a47acec36f73d8e925a7d5db44793f998e1a42a6d7ee2e3a5cf4037b853452cb76f6cbab8e5b223a128e8ee15790d1f629858b47070b4eb2e1ddb2b0ada297\",\"weight\":1},{\"nodeID\":\"2346c69c46d42278eb237167eb19eb28432b63783cc0fd7cddc90f89c148e755db8941be9b0c5f37cbc21c409a78c154abc75ce0c80818c6fbb76aea6bcd0a9a\",\"weight\":1},{\"nodeID\":\"5b07d12d1512a66493c8fd3456d8c505e6ce05f20061613a4c48a1fa3755bbf9cc2d2f1878c4a6733389f03deb0a3fc0c672e2f4910fde9802d6675929cb3dc5\",\"weight\":1}],\"txGasLimit\":3000000000}\n","groupID":"group0","iniConfig":"","nodeList":[{"featureKeys":["bugfix_revert","bugfix_statestorage_hash","bugfix_evm_create2_delegatecall_staticcall_codecopy","bugfix_event_log_order","bugfix_call_noaddr_return","bugfix_precompiled_codehash","bugfix_dmc_revert","bugfix_keypage_system_entry_hash","bugfix_internal_create_redundant_storage","bugfix_internal_create_permission_denied","bugfix_sharding_call_in_child_executive","bugfix_empty_abi_reset","bugfix_eip55_addr","bugfix_eoa_as_contract","bugfix_eoa_match_failed","bugfix_evm_exception_gas_used","bugfix_dmc_deploy_gas_used","bugfix_staticcall_noaddr_return","bugfix_support_transfer_receive_fallback","bugfix_set_row_with_dirty_flag","feature_dmc2serial","feature_sharding","feature_rpbft","feature_paillier","feature_balance","feature_balance_precompiled","feature_balance_policy1","feature_paillier_add_raw","feature_evm_cancun"],"iniConfig":"{\"binaryInfo\":{\"buildTime\":\"20240827 04:30:34\",\"gitCommitHash\":\"3fea676716990b2ed453b4f079915daafff451f9\",\"platform\":\"Linux/g++\",\"version\":\"3.11.0\"},\"chainID\":\"chain0\",\"gatewayServiceName\":\"\",\"groupID\":\"group0\",\"isAuthCheck\":false,\"isSerialExecute\":true,\"isWasm\":false,\"nodeID\":\"5b07d12d1512a66493c8fd3456d8c505e6ce05f20061613a4c48a1fa3755bbf9cc2d2f1878c4a6733389f03deb0a3fc0c672e2f4910fde9802d6675929cb3dc5\",\"nodeName\":\"5b07d12d1512a66493c8fd3456d8c505e6ce05f20061613a4c48a1fa3755bbf9cc2d2f1878c4a6733389f03deb0a3fc0c672e2f4910fde9802d6675929cb3dc5\",\"rpcServiceName\":\"\",\"smCryptoType\":false}\n","microService":false,"name":"5b07d12d1512a66493c8fd3456d8c505e6ce05f20061613a4c48a1fa3755bbf9cc2d2f1878c4a6733389f03deb0a3fc0c672e2f4910fde9802d6675929cb3dc5","nodeID":"5b07d12d1512a66493c8fd3456d8c505e6ce05f20061613a4c48a1fa3755bbf9cc2d2f1878c4a6733389f03deb0a3fc0c672e2f4910fde9802d6675929cb3dc5","protocol":{"compatibilityVersion":51052544,"maxSupportedVersion":2,"minSupportedVersion":0},"serviceInfo":[{"serviceName":"LedgerServiceObj","type":2},{"serviceName":"SchedulerServiceObj","type":3},{"serviceName":"FrontServiceObj","type":4},{"serviceName":"","type":6},{"serviceName":"","type":7},{"serviceName":"TxPoolServiceObj","type":8}],"supportConfigs":["tx_gas_limit","tx_gas_price","tx_count_limit","consensus_leader_period","auth_check_status","compatibility_version","feature_rpbft","feature_rpbft_epoch_block_num","feature_rpbft_epoch_sealer_num","feature_balance_precompiled","web3_chain_id"],"type":0}]}],"protocolVersion":2}
info|2026-02-06 15:35:52.015917|fisco-bcos-0x0000765e83df66c0|[parseSubTopicsJson],topicItems size=0,json={"topics":[]}
info|2026-02-06 15:35:52.015975|fisco-bcos-0x0000765e83df66c0|[AMOPClient]subscribeTopicToAllNodes,topicInfo={
	"topics" : []
}
info|2026-02-06 15:35:52.015985|fisco-bcos-0x0000765e83df66c0|[AMOP][TOPIC][parseSubTopicsJson],topicItems size=0,json={
	"topics" : []
}
info|2026-02-06 15:35:52.016002|fisco-bcos-0x0000765e83df66c0|[AMOP][TOPIC][subTopic],client=localAMOP,topicSeq=1,topicItems size=0
info|2026-02-06 15:35:52.016014|fisco-bcos-0x0000765e83df66c0|[AMOPClient][onRecvSubTopics],topicInfo={"topics":[]}
,endpoint=127.0.0.1:47666,seq=4f95b12d6fd34d33b3f1c85cc7364438
info|2026-02-06 15:35:53.366304|fisco-bcos-0x0000765e865fd6c0|[SCHEDULER][serialExecute][blk-29][BlockTrace]serialExecute execute block
info|2026-02-06 15:35:53.366361|fisco-bcos-0x0000765e865fd6c0|[SCHEDULER][METRIC][BlockTrace][blk-29]preExeBlock success,blockHeader.timestamp=0,metaTxCount=0,timeCost=0
info|2026-02-06 15:35:53.615227|pbft-0x0000765ebedfb6c0|[CONSENSUS][PBFT]handlePrePrepareMsg,reqHash=1845492f...,reqIndex=30,reqV=3,fromIdx=1,wait(ms)=0,committedIndex=29,consNum=30,committedHash=dae2e6d2...,view=3,toView=3,changeCycle=0,expectedCheckPoint=30,Idx=3,unsealedTxs=1,sealUntil=0,waitResealUntil=0,consensusTimeout=3000,nodeId=5b07d12d...,utc=15811332
info|2026-02-06 15:35:53.615423|pbft-0x0000765ebedfb6c0|[TXPOOL]begin asyncVerifyBlock,consNum=30,hash=1845492f...
info|2026-02-06 15:35:53.615495|verifier-0x0000765edd5f46c0|[TXPOOL]batchVerifyProposal,consNum=30,hash=1845492f...,txsSize=1,lockT=0,verifyT=0,missedTxs=0
info|2026-02-06 15:35:53.615540|verifier-0x0000765edd5f46c0|[TXPOOL][METRIC]asyncVerifyBlock finished,consNum=30,hash=1845492f...,code=0,msg=success,result=true,timecost=0
info|2026-02-06 15:35:53.615576|verifier-0x0000765edd5f46c0|[CONSENSUS][PBFT]handlePrePrepareMsg,reqHash=1845492f...,reqIndex=30,reqV=3,fromIdx=1,wait(ms)=0,committedIndex=29,consNum=30,committedHash=dae2e6d2...,view=3,toView=3,changeCycle=0,expectedCheckPoint=30,Idx=3,unsealedTxs=1,sealUntil=0,waitResealUntil=0,consensusTimeout=3000,nodeId=5b07d12d...,utc=15811333
info|2026-02-06 15:35:53.615589|validator-0x0000765ed05da6c0|[CONSENSUS][PBFT]asyncResetTxsFlag,index=30,hash=1845492f...,flag=true
info|2026-02-06 15:35:53.615602|validator-0x0000765ed05da6c0|[TXPOOL]batchMarkTxs,txsSize=1,batchId=30,hash=1845492f...,sealFlag=true,notFound=0,reSealed=0,succ=1,time=0,markT=0
info|2026-02-06 15:35:53.615621|validator-0x0000765ed05da6c0|[CONSENSUS][PBFT]asyncMarkTxs success,index=30,hash=1845492f...,flag=true,markT=0,emptyTxBatchHash=false
info|2026-02-06 15:35:53.615648|verifier-0x0000765edd5f46c0|[CONSENSUS][PBFT]addPrePrepareCache,reqHash=1845492f...,reqIndex=30,reqV=3,fromIdx=1,wait(ms)=0,sys=false,committedIndex=29,consNum=30,committedHash=dae2e6d2...,view=3,toView=3,changeCycle=0,expectedCheckPoint=30,Idx=3,unsealedTxs=0,sealUntil=0,waitResealUntil=0,consensusTimeout=3000,nodeId=5b07d12d...
info|2026-02-06 15:35:53.615681|verifier-0x0000765edd5f46c0|[CONSENSUS][PBFT]notify the committed proposal index to the sync module success,index=30
info|2026-02-06 15:35:53.615737|verifier-0x0000765edd5f46c0|[CONSENSUS][PBFT]addPrepareCache,reqHash=1845492f...,reqIndex=30,reqV=3,fromIdx=3,wait(ms)=0,committedIndex=29,consNum=30,committedHash=dae2e6d2...,view=3,toView=3,changeCycle=0,expectedCheckPoint=30,Idx=3,unsealedTxs=0,sealUntil=0,waitResealUntil=0,consensusTimeout=3000,nodeId=5b07d12d...,weight=1
info|2026-02-06 15:35:53.615781|verifier-0x0000765edd5f46c0|[CONSENSUS][PBFT]broadcast prepare packet,packetSize=230,index=30
info|2026-02-06 15:35:53.615882|verifier-0x0000765edd5f46c0|[CONSENSUS][PBFT]handlePrePrepareMsg and broadcast prepare packet,reqHash=1845492f...,reqIndex=30,reqV=3,fromIdx=1,wait(ms)=0,committedIndex=29,consNum=30,committedHash=dae2e6d2...,view=3,toView=3,changeCycle=0,expectedCheckPoint=30,Idx=3,unsealedTxs=0,sealUntil=0,waitResealUntil=0,consensusTimeout=3000,nodeId=5b07d12d...
info|2026-02-06 15:35:53.615926|txsPreStore-0x0000765edc5f26c0|[TXPOOL]storeVerifiedBlock fetch block number from LedgerConfig
info|2026-02-06 15:35:53.616001|txsPreStore-0x0000765edc5f26c0|[TOOL]LedgerConfigFetcher: fetchBlockNumber success,blockNumber=29
info|2026-02-06 15:35:53.616020|txsPreStore-0x0000765edc5f26c0|[TXPOOL]storeVerifiedBlock,consNum=30,hash=1845492f...,txsSize=1
info|2026-02-06 15:35:53.616066|txsPreStore-0x0000765edc5f26c0|[LEDGER]asyncPreStoreBlockTxs: needStoreUnsavedTxs,txsSize=1,unstoredTxs=1,number=30
info|2026-02-06 15:35:53.616177|txsPreStore-0x0000765edc5f26c0|[STORAGE-RocksDB]setRows finished,put=1,dataSize=682,time(ms)=0
info|2026-02-06 15:35:53.616200|txsPreStore-0x0000765edc5f26c0|[LEDGER]asyncPreStoreBlockTxs: store uncommitted txs,blockNumber=30,blockTxsSize=1,unStoredTxs=1,msg=success,code=0,timeCost=0
info|2026-02-06 15:35:53.616205|txsPreStore-0x0000765edc5f26c0|[TXPOOL]storeVerifiedBlock success,consNum=30,hash=1845492f...,timecost=0
info|2026-02-06 15:35:53.616643|pbft-0x0000765ebedfb6c0|[CONSENSUS][PBFT]addPrepareCache,reqHash=1845492f...,reqIndex=30,reqV=3,fromIdx=1,wait(ms)=0,committedIndex=29,consNum=30,committedHash=dae2e6d2...,view=3,toView=3,changeCycle=0,expectedCheckPoint=30,Idx=3,unsealedTxs=0,sealUntil=0,waitResealUntil=0,consensusTimeout=3000,nodeId=5b07d12d...,weight=2
info|2026-02-06 15:35:53.641005|pbft-0x0000765ebedfb6c0|[CONSENSUS][PBFT]addPrepareCache,reqHash=1845492f...,reqIndex=30,reqV=3,fromIdx=0,wait(ms)=1,committedIndex=29,consNum=30,committedHash=dae2e6d2...,view=3,toView=3,changeCycle=0,expectedCheckPoint=30,Idx=3,unsealedTxs=0,sealUntil=0,waitResealUntil=0,consensusTimeout=3000,nodeId=5b07d12d...,weight=3
info|2026-02-06 15:35:53.641065|pbft-0x0000765ebedfb6c0|[CONSENSUS][PBFT]setSignatureList,signatureSize=3,propHash=1845492f...,propIndex=30
info|2026-02-06 15:35:53.641088|pbft-0x0000765ebedfb6c0|[CONSENSUS][PBFT]intoPrecommit,reqHash=1845492f...,reqIndex=30,reqV=3,fromIdx=3,wait(ms)=26,committedIndex=29,consNum=30,committedHash=dae2e6d2...,view=3,toView=3,changeCycle=0,expectedCheckPoint=30,Idx=3,unsealedTxs=0,sealUntil=0,waitResealUntil=0,consensusTimeout=3000,nodeId=5b07d12d...
info|2026-02-06 15:35:53.641222|pbft-0x0000765ebedfb6c0|[CONSENSUS][PBFT]addCommitCache,reqHash=1845492f...,reqIndex=30,reqV=3,fromIdx=3,wait(ms)=0,committedIndex=29,consNum=30,committedHash=dae2e6d2...,view=3,toView=3,changeCycle=0,expectedCheckPoint=30,Idx=3,unsealedTxs=0,sealUntil=0,waitResealUntil=0,consensusTimeout=3000,nodeId=5b07d12d...,weight=1
info|2026-02-06 15:35:53.641238|pbft-0x0000765ebedfb6c0|[CONSENSUS][PBFT]checkAndPreCommit: broadcast commitMsg,Idx=3,hash=1845492f...,index=30
info|2026-02-06 15:35:53.642115|pbft-0x0000765ebedfb6c0|[CONSENSUS][PBFT]addPrepareCache,reqHash=1845492f...,reqIndex=30,reqV=3,fromIdx=2,wait(ms)=1,committedIndex=29,consNum=30,committedHash=dae2e6d2...,view=3,toView=3,changeCycle=0,expectedCheckPoint=30,Idx=3,unsealedTxs=0,sealUntil=0,waitResealUntil=0,consensusTimeout=3000,nodeId=5b07d12d...,weight=4
info|2026-02-06 15:35:53.642774|pbft-0x0000765ebedfb6c0|[CONSENSUS][PBFT]addCommitCache,reqHash=1845492f...,reqIndex=30,reqV=3,fromIdx=2,wait(ms)=0,committedIndex=29,consNum=30,committedHash=dae2e6d2...,view=3,toView=3,changeCycle=0,expectedCheckPoint=30,Idx=3,unsealedTxs=0,sealUntil=0,waitResealUntil=0,consensusTimeout=3000,nodeId=5b07d12d...,weight=2
info|2026-02-06 15:35:53.644065|pbft-0x0000765ebedfb6c0|[CONSENSUS][PBFT]addCommitCache,reqHash=1845492f...,reqIndex=30,reqV=3,fromIdx=0,wait(ms)=1,committedIndex=29,consNum=30,committedHash=dae2e6d2...,view=3,toView=3,changeCycle=0,expectedCheckPoint=30,Idx=3,unsealedTxs=0,sealUntil=0,waitResealUntil=0,consensusTimeout=3000,nodeId=5b07d12d...,weight=3
info|2026-02-06 15:35:53.644169|pbft-0x0000765ebedfb6c0|[CONSENSUS][PBFT]checkAndCommit,propHash=1845492f...,propIndex=30,committedIndex=29,consNum=30,committedHash=dae2e6d2...,view=3,toView=3,changeCycle=0,expectedCheckPoint=30,Idx=3,unsealedTxs=0,sealUntil=0,waitResealUntil=0,consensusTimeout=3000,nodeId=5b07d12d...
info|2026-02-06 15:35:53.644199|pbft-0x0000765ebedfb6c0|[CONSENSUS][PBFT]######## CommitProposal,propHash=1845492f...,propIndex=30,sys=false,committedIndex=29,consNum=30,committedHash=dae2e6d2...,view=3,toView=3,changeCycle=0,expectedCheckPoint=30,Idx=3,unsealedTxs=0,sealUntil=0,waitResealUntil=0,consensusTimeout=3000,nodeId=5b07d12d...
info|2026-02-06 15:35:53.644227|pbft-0x0000765ebedfb6c0|[CONSENSUS][PBFT]notify to seal next proposal,nextProposalIndex=31
info|2026-02-06 15:35:53.644331|pbft-0x0000765ebedfb6c0|[CONSENSUS][PBFT]notify to seal next proposal,nextProposalIndex=31
info|2026-02-06 15:35:53.644349|pbft-0x0000765ebedfb6c0|[CONSENSUS][PBFT]applyStateMachine,index=30,hash=1845492f...,committedIndex=29,consNum=30,committedHash=dae2e6d2...,view=3,toView=3,changeCycle=0,expectedCheckPoint=30,Idx=3,unsealedTxs=0,sealUntil=0,waitResealUntil=0,consensusTimeout=3000,nodeId=5b07d12d...,unAppliedProposals=0
info|2026-02-06 15:35:53.644447|preExeScheduler-0x0000765e7d2606c0|[SCHEDULER][METRIC][BlockTrace][blk-30]preExeBlock success,blockHeader.timestamp=1770363353614,metaTxCount=1,timeCost=0
info|2026-02-06 15:35:53.644748|exeScheduler-0x0000765e7c25e6c0|[SCHEDULER][METRIC][blk-30]ExecuteBlock request,gasLimit=3000000000,gasPrice=0x0,verify=false,signatureSize=0,txCount=0,metaTxCount=1,version=3.11.0,waitT=0
info|2026-02-06 15:35:53.644888|exeScheduler-0x0000765e7c25e6c0|[SCHEDULER][blk-30][BlockTrace]ExecuteBlock start,time(ms)=0
info|2026-02-06 15:35:53.644910|exeScheduler-0x0000765e7c25e6c0|[SCHEDULER][serialExecute][blk-30][BlockTrace]serialExecute execute block
info|2026-02-06 15:35:53.644916|exeScheduler-0x0000765e7c25e6c0|[SCHEDULER][serialExecute][blk-30][BlockTrace]serialExecute batch next block
info|2026-02-06 15:35:53.644923|exeScheduler-0x0000765e7c25e6c0|[SCHEDULER][blk-30][BlockTrace]NextBlock request,executorNum=1
info|2026-02-06 15:35:53.646969|exec-0x0000765eda5ee6c0|[SCHEDULER][blk-30][BlockTrace]NextBlock success,executorNum=1,timeCost=2
info|2026-02-06 15:35:53.646991|exec-0x0000765eda5ee6c0|[SCHEDULER][serialExecute][blk-30][BlockTrace]serialExecute block begin
info|2026-02-06 15:35:53.648936|Unnamed-0x0000765e78a576c0|[TOOL]fetchChainId success,chainId=20200
info|2026-02-06 15:35:53.649297|exec-0x0000765ed9ded6c0|[STORAGE-KeyPage]hash,size=24,blockVersion=51052544,readLength=6438,writeLength=0,pageCount=0,entrycount=0,entriesHash=0000000000000000000000000000000000000000000000000000000000000000,pagesHash=0000000000000000000000000000000000000000000000000000000000000000,totalHash=0000000000000000000000000000000000000000000000000000000000000000
info|2026-02-06 15:35:53.649339|exec-0x0000765ed9ded6c0|[EXECUTOR:1770362656][blk-30]GetTableHashes success,hash=0000000000000000000000000000000000000000000000000000000000000000,time(ms)=0
info|2026-02-06 15:35:53.649414|exec-0x0000765ed9ded6c0|[SCHEDULER][blk-30][BlockTrace]ExecuteBlock success,hash=08a1603a...,stateRoot=0000000000000000000000000000000000000000000000000000000000000000,receiptRoot=b57b72c691df9e3924cb53bebe1c028677c6fbc126b739a6a64c681dadbb18e0,txsRoot=fa242deb...,gasUsed=7883,signatureSize=0,timeCost=5,blockVersion=51052544
info|2026-02-06 15:35:53.649443|exec-0x0000765ed9ded6c0|[CONSENSUS][Core][METRIC]asyncExecuteBlock success,sysBlock=false,number=30,result=08a1603a...,txsSize=1,txsRoot=fa242deb...,receiptsRoot=b57b72c6...,stateRoot=00000000...,timeCost=5,execPerTx=5
info|2026-02-06 15:35:53.649491|exec-0x0000765ed9ded6c0|[CONSENSUS][PBFT]applyStateMachine finished,index=30,beforeExec=1845492f...,afterExec=08a1603a...,committedIndex=29,consNum=30,committedHash=dae2e6d2...,view=3,toView=3,changeCycle=0,expectedCheckPoint=30,Idx=3,unsealedTxs=0,sealUntil=0,waitResealUntil=0,consensusTimeout=3000,nodeId=5b07d12d...,timecost=5
info|2026-02-06 15:35:53.649541|pbftWorker-0x0000765ecd5d46c0|[CONSENSUS][PBFT][STORAGE]asyncCommitProposal: write the committed proposal into db,index=30
info|2026-02-06 15:35:53.649743|pbftWorker-0x0000765ecd5d46c0|[CONSENSUS][PBFT][STORAGE]asyncPutProposal: commit success,dbName=pbftCommitDB,key=max_committed_proposal,number=30,timecost=0,dataSize=2
info|2026-02-06 15:35:53.649816|pbftWorker-0x0000765ecd5d46c0|[CONSENSUS][PBFT][STORAGE]asyncPutProposal: commit success,dbName=pbftCommitDB,key=30,number=30,timecost=0,dataSize=679
info|2026-02-06 15:35:53.650514|pbftWorker-0x0000765ecd5d46c0|[CONSENSUS][PBFT]addCheckPointMsg,reqHash=08a1603a...,reqIndex=30,reqV=3,fromIdx=3,wait(ms)=1,Idx=3,weight=1,minRequiredWeight=3
info|2026-02-06 15:35:53.650562|pbftWorker-0x0000765ecd5d46c0|[CONSENSUS][PBFT]setCheckPointProposal,propHash=08a1603a...,propIndex=30,committedIndex=29,consNum=30,committedHash=dae2e6d2...,view=3,toView=3,changeCycle=0,expectedCheckPoint=30,Idx=3,unsealedTxs=0,sealUntil=0,waitResealUntil=0,consensusTimeout=3000,nodeId=5b07d12d...
info|2026-02-06 15:35:53.650586|pbftWorker-0x0000765ecd5d46c0|[CONSENSUS][PBFT]PBFTConfig: setExpectedCheckPoint,committedIndex=29,consNum=30,committedHash=dae2e6d2...,view=3,toView=3,changeCycle=0,expectedCheckPoint=31,Idx=3,unsealedTxs=0,sealUntil=0,waitResealUntil=0,consensusTimeout=3000,nodeId=5b07d12d...,expectedCheckPoint=31
info|2026-02-06 15:35:53.650605|pbftWorker-0x0000765ecd5d46c0|[CONSENSUS][PBFT]notify to seal next proposal,nextProposalIndex=31
info|2026-02-06 15:35:53.650615|pbftWorker-0x0000765ecd5d46c0|[CONSENSUS][PBFT]onProposalApplySuccess,index=30,hash=08a1603a...,lockT=0,timecost=0
info|2026-02-06 15:35:53.651553|pbft-0x0000765ebedfb6c0|[CONSENSUS][PBFT]handleCheckPointMsg: try to add the checkpoint message into the cache,reqHash=08a1603a...,reqIndex=30,reqV=3,fromIdx=0,wait(ms)=0,committedIndex=29,consNum=30,committedHash=dae2e6d2...,view=3,toView=3,changeCycle=0,expectedCheckPoint=31,Idx=3,unsealedTxs=0,sealUntil=0,waitResealUntil=0,consensusTimeout=3000,nodeId=5b07d12d...
info|2026-02-06 15:35:53.651678|pbft-0x0000765ebedfb6c0|[CONSENSUS][PBFT]addCheckPointMsg,reqHash=08a1603a...,reqIndex=30,reqV=3,fromIdx=0,wait(ms)=0,Idx=3,weight=2,minRequiredWeight=3
info|2026-02-06 15:35:53.651708|pbft-0x0000765ebedfb6c0|[CONSENSUS][PBFT]notify to seal next proposal,nextProposalIndex=31
info|2026-02-06 15:35:53.652073|pbft-0x0000765ebedfb6c0|[CONSENSUS][PBFT]handleCheckPointMsg: try to add the checkpoint message into the cache,reqHash=08a1603a...,reqIndex=30,reqV=3,fromIdx=1,wait(ms)=1,committedIndex=29,consNum=30,committedHash=dae2e6d2...,view=3,toView=3,changeCycle=0,expectedCheckPoint=31,Idx=3,unsealedTxs=0,sealUntil=0,waitResealUntil=0,consensusTimeout=3000,nodeId=5b07d12d...
info|2026-02-06 15:35:53.652199|pbft-0x0000765ebedfb6c0|[CONSENSUS][PBFT]addCheckPointMsg,reqHash=08a1603a...,reqIndex=30,reqV=3,fromIdx=1,wait(ms)=1,Idx=3,weight=3,minRequiredWeight=3
info|2026-02-06 15:35:53.652231|pbft-0x0000765ebedfb6c0|[CONSENSUS][PBFT]notify to seal next proposal,nextProposalIndex=31
info|2026-02-06 15:35:53.652347|pbft-0x0000765ebedfb6c0|[CONSENSUS][PBFT]setSignatureList,signatureSize=3,propHash=08a1603a...,propIndex=30
info|2026-02-06 15:35:53.652374|pbft-0x0000765ebedfb6c0|[CONSENSUS][PBFT]checkAndCommitStableCheckPoint,index=30,hash=08a1603a...,committedIndex=29,consNum=30,committedHash=dae2e6d2...,view=3,toView=3,changeCycle=0,expectedCheckPoint=31,Idx=3,unsealedTxs=0,sealUntil=0,waitResealUntil=0,consensusTimeout=3000,nodeId=5b07d12d...
info|2026-02-06 15:35:53.652401|pbft-0x0000765ebedfb6c0|[CONSENSUS][PBFT]updateStableCheckPointQueue: insert new checkpoint proposal,index=30,hash=08a1603a...,committedIndex=29,consNum=30,committedHash=dae2e6d2...,view=3,toView=3,changeCycle=0,expectedCheckPoint=31,Idx=3,unsealedTxs=0,sealUntil=0,waitResealUntil=0,consensusTimeout=3000,nodeId=5b07d12d...
info|2026-02-06 15:35:53.652418|pbft-0x0000765ebedfb6c0|[CONSENSUS][PBFT]updateStableCheckPointQueue: commit stable checkpoint,index=30,committedIndex=29
info|2026-02-06 15:35:53.652453|pbft-0x0000765ebedfb6c0|[CONSENSUS][PBFT]asyncCommitStableCheckPoint: set signatureList,index=30,hash=08a1603a...,proofSize=3,blockProofSize=3
info|2026-02-06 15:35:53.652942|blockSubmit-0x0000765ecedd76c0|[SCHEDULER][blk-30][BlockTrace]CommitBlock start
info|2026-02-06 15:35:53.653102|pbft-0x0000765ebedfb6c0|[CONSENSUS][PBFT]handleCheckPointMsg: try to add the checkpoint message into the cache,reqHash=08a1603a...,reqIndex=30,reqV=3,fromIdx=2,wait(ms)=1,committedIndex=29,consNum=30,committedHash=dae2e6d2...,view=3,toView=3,changeCycle=0,expectedCheckPoint=31,Idx=3,unsealedTxs=0,sealUntil=0,waitResealUntil=0,consensusTimeout=3000,nodeId=5b07d12d...
info|2026-02-06 15:35:53.653237|pbft-0x0000765ebedfb6c0|[CONSENSUS][PBFT]addCheckPointMsg,reqHash=08a1603a...,reqIndex=30,reqV=3,fromIdx=2,wait(ms)=1,Idx=3,weight=4,minRequiredWeight=3
info|2026-02-06 15:35:53.653264|pbft-0x0000765ebedfb6c0|[CONSENSUS][PBFT]notify to seal next proposal,nextProposalIndex=31
info|2026-02-06 15:35:53.654224|blockSubmit-0x0000765ecedd76c0|[STORAGE-RocksDB]asyncPrepare,number=30
info|2026-02-06 15:35:53.654312|blockSubmit-0x0000765ecedd76c0|[STORAGE-RocksDB]asyncPrepare finished,blockNumber=30,put=7,delete=0,startTS=0,encode(ms)=0,time(ms)=0
info|2026-02-06 15:35:53.654807|blockSubmit-0x0000765ecedd76c0|[LEDGER]storeTransactionsAndReceipts,blockNumber=30
info|2026-02-06 15:35:53.654912|exec-0x0000765ed95ec6c0|[STORAGE-RocksDB]asyncPrepare,number=30
info|2026-02-06 15:35:53.654972|exec-0x0000765ed95ec6c0|[STORAGE-KeyPage]parallelTraverse,size=0
info|2026-02-06 15:35:53.654984|exec-0x0000765ed95ec6c0|[STORAGE-RocksDB]asyncPrepare finished,blockNumber=30,put=0,delete=0,startTS=0,encode(ms)=0,time(ms)=0
info|2026-02-06 15:35:53.655041|exec-0x0000765ed95ec6c0|[EXECUTOR:1770362656][blk-30]Prepare success
info|2026-02-06 15:35:53.655193|ledgerWrite-0x0000765ee25fe6c0|[STORAGE-RocksDB]setRows finished,put=1,dataSize=639,time(ms)=0
info|2026-02-06 15:35:53.655427|blockSubmit-0x0000765ecedd76c0|[LEDGER]storeTransactionsAndReceipts finished,blockNumber=30,blockTxsSize=1,unStoredTxs=0,timeCost=1
info|2026-02-06 15:35:53.655634|blockSubmit-0x0000765ecedd76c0|[STORAGE-RocksDB]asyncCommit finished,blockNumber=30,startTS=0,time(ms)=0,callback time(ms)=0,count=7
info|2026-02-06 15:35:53.655688|blockSubmit-0x0000765ecedd76c0|[LEDGER][METRIC]asyncPrewriteBlock,number=30,totalTxs=31,failedTxs=8,incTxs=1,incFailedTxs=0
info|2026-02-06 15:35:53.655863|exec-0x0000765ed8deb6c0|[TOOL]fetchCompatibilityVersion
info|2026-02-06 15:35:53.656030|exec-0x0000765ed8deb6c0|[TOOL]fetchCompatibilityVersion success,version=3.11.0,versionNumber=51052544,minSupportedVersion=3.0.0-rc4,maxSupportedVersion=3.11.0
info|2026-02-06 15:35:53.656139|exec-0x0000765ed8deb6c0|[TOOL]fetchAuthCheckStatus success,value=0
info|2026-02-06 15:35:53.656188|exec-0x0000765ed8deb6c0|[EXECUTOR:1770362656]merge keyPage to cachedStorage,number=30
info|2026-02-06 15:35:53.656210|exec-0x0000765ed8deb6c0|[STORAGE-KeyPage]parallelTraverse,size=0
info|2026-02-06 15:35:53.656218|exec-0x0000765ed8deb6c0|[STORAGE]Successful merged records,count=0
info|2026-02-06 15:35:53.657354|exec-0x0000765ed8deb6c0|[SCHEDULER][blk-30][BlockTrace]CommitBlock success,gas limit=3000000000,timeCost=5
info|2026-02-06 15:35:53.657637|exec-0x0000765ed8deb6c0|[SCHEDULER][BlockTrace]Notify block result success,blockNumber=30
info|2026-02-06 15:35:53.657670|exec-0x0000765ed8deb6c0|[CONSENSUS][PBFT][STORAGE][METRIC]commitStableCheckPoint success,index=30,hash=08a1603a...,txs=1,timeCost=5,commitPerTx=5
info|2026-02-06 15:35:53.657724|exec-0x0000765ed8deb6c0|[SCHEDULER][blk-30]notify block result success,hash=08a1603a...,txsSize=1
info|2026-02-06 15:35:53.657770|submitter-0x0000765edfdf96c0|[TXPOOL][METRIC]StatTPS,tps=22,totalTime=44
info|2026-02-06 15:35:53.657827|blockSubmit-0x0000765ecedd76c0|[CONSENSUS][PBFT][METRIC]resetConfig,committedIndex=30,propHash=08a1603a...,blockCountLimit=1000,leaderPeriod=1,consensusNodesSize=4
info|2026-02-06 15:35:53.657861|exec-0x0000765ed8deb6c0|[STORAGE-RocksDB]asyncCommit finished,blockNumber=30,startTS=0,time(ms)=0,callback time(ms)=2,count=0
info|2026-02-06 15:35:53.657908|blockSubmit-0x0000765ecedd76c0|[CONSENSUS][PBFT][METRIC]^^^^^^^^Report,sealer=1,txs=1,committedIndex=30,consNum=31,committedHash=08a1603a...,view=3,toView=3,changeCycle=0,expectedCheckPoint=31,Idx=3,unsealedTxs=0,sealUntil=0,waitResealUntil=0,consensusTimeout=3000,nodeId=5b07d12d...
info|2026-02-06 15:35:53.657933|blockSubmit-0x0000765ecedd76c0|[CONSENSUS][SEALER]asyncNoteLatestBlockNumber,number=30
info|2026-02-06 15:35:53.657938|blockSubmit-0x0000765ecedd76c0|[CONSENSUS][SEALER]asyncNoteLatestBlockHash,_hash=08a1603a...
info|2026-02-06 15:35:53.657961|blockSubmit-0x0000765ecedd76c0|[BLOCK SYNC]#### BlockSyncConfig resetConfig,number=30,consNodeSize=4,observerNodeSize=0,type=CONSENSUS_NODE
info|2026-02-06 15:35:53.658141|submitter-0x0000765edfdf96c0|[TXPOOL][METRIC]batchRemove txs success,expectedSize=1,succCount=1,batchId=30,timecost=1,lockT=0,removeT=0,updateLedgerNonceT=0,updateTxPoolNonceT=0
info|2026-02-06 15:35:53.658180|blockSubmit-0x0000765ecedd76c0|[CONSENSUS][PBFT]notify to seal next proposal,nextProposalIndex=31
info|2026-02-06 15:35:53.659682|blockSubmit-0x0000765ecedd76c0|[CONSENSUS][PBFT]removeConsensusedCache finalizeConsensus,view=3,number=30,eraseSize=1,cacheSize=0
info|2026-02-06 15:35:53.659822|blockSubmit-0x0000765ecedd76c0|[CONSENSUS][PBFT][STORAGE]asyncRemoveStabledCheckPoint,index=25
info|2026-02-06 15:35:53.659914|blockSubmit-0x0000765ecedd76c0|[CONSENSUS][PBFT][STORAGE]asyncRemove success,dbName=pbftCommitDB,key=25
info|2026-02-06 15:35:54.162597|ioService-0x0000765e9f3ff6c0|[WS][SESSION][asyncRead],message=End of file,endpoint=127.0.0.1:47666,refCount=2
info|2026-02-06 15:35:54.162697|ioService-0x0000765e9f3ff6c0|[RPC][WS][SESSION][drop],reason=4294963295,endpoint=127.0.0.1:47666,session=0x765e9ce61a10
info|2026-02-06 15:35:54.162800|ioService-0x0000765e9f3ff6c0|[RPC][WS][SESSION][drop],reason=4294963295,endpoint=127.0.0.1:47666,cb size=0,session=0x765e9ce61a10
info|2026-02-06 15:35:54.162954|ioService-0x0000765e9f3ff6c0|[DEFAULT][WS][STREAM]the real action to close the stream,this=0x765e9cf94090
info|2026-02-06 15:35:54.163275|fisco-bcos-0x0000765ec85ca6c0|[RPC][WS][SERVICE][removeSession],endpoint=127.0.0.1:47666
info|2026-02-06 15:35:54.163351|fisco-bcos-0x0000765ec85ca6c0|[RPC][WS][SERVICE][onDisconnect],endpoint=127.0.0.1:47666,refCount=2
info|2026-02-06 15:35:54.163366|fisco-bcos-0x0000765ec85ca6c0|[RPC][WS][SESSION],[DELOBJ][WSSESSION]=0x765e9ce61a10
info|2026-02-06 15:35:54.163377|fisco-bcos-0x0000765ec85ca6c0|[DEFAULT][WS][STREAM],[DELOBJ][WsStream]=0x765e9cf94090
info|2026-02-06 15:35:54.350386|ioService-0x0000765e90bfd6c0|[DEFAULT][HTTP][SESSION][onRead]receive http request
info|2026-02-06 15:35:54.363231|ioService-0x0000765e90bfd6c0|[DEFAULT][HTTP][SESSION][onRead]receive http request
info|2026-02-06 15:35:54.380274|ioService-0x0000765e90bfd6c0|[DEFAULT][HTTP][SESSION][onRead]receive http request
info|2026-02-06 15:35:56.474059|ioService-0x0000765ebb5fd6c0|[P2PService][Service][METRIC]heartBeat,connected count=3
info|2026-02-06 15:35:56.483106|timerFactory-0x0000765e95bff6c0|[RPC][WS][SERVICE]connected nodes,count=0
info|2026-02-06 15:35:56.483899|timerFactory-0x0000765eaa3fe6c0|[RPC][WS][SERVICE]connected nodes,count=0
info|2026-02-06 15:35:57.312454|ioService-0x0000765e90bfd6c0|[DEFAULT][HTTP][SESSION][onRead]receive http request
info|2026-02-06 15:35:57.312968|ioService-0x0000765e90bfd6c0|[SCHEDULER][serialExecute][blk-30][BlockTrace]serialExecute execute block
info|2026-02-06 15:35:57.313121|ioService-0x0000765e90bfd6c0|[SCHEDULER][METRIC][BlockTrace][blk-30]preExeBlock success,blockHeader.timestamp=0,metaTxCount=0,timeCost=0
info|2026-02-06 15:35:57.352297|ioService-0x0000765e90bfd6c0|[DEFAULT][HTTP][SESSION][onRead]receive http request
info|2026-02-06 15:35:58.338374|ioService-0x0000765ea7bff6c0|[DEFAULT][HTTP][SERVER][accept],local_endpoint=127.0.0.1:20203,remote_endpoint=127.0.0.1:33646
info|2026-02-06 15:35:58.339624|ioService-0x0000765e9d7ff6c0|[DEFAULT][HTTP][SESSION][onRead]websocket upgrade
info|2026-02-06 15:35:58.339808|ioService-0x0000765e9d7ff6c0|[DEFAULT][WS][STREAM],[NEWOBJ][WsStream]=0x765e96a8a090
info|2026-02-06 15:35:58.339860|ioService-0x0000765e9d7ff6c0|[RPC][WS][SESSION],[NEWOBJ][WSSESSION]=0x765e96a57210
info|2026-02-06 15:35:58.339870|ioService-0x0000765e9d7ff6c0|[RPC][WS][SERVICE][newSession]start the session,endPoint=127.0.0.1:33646
info|2026-02-06 15:35:58.339879|ioService-0x0000765e9d7ff6c0|[RPC][WS][SESSION][startAsServer]start websocket handshake,endPoint=127.0.0.1:33646,session=0x765e96a57210
info|2026-02-06 15:35:58.340112|ioService-0x0000765e9d7ff6c0|[RPC][WS][SERVICE][addSession]add session to mapping,endPoint=127.0.0.1:33646,result=true
info|2026-02-06 15:35:58.340147|ioService-0x0000765e9d7ff6c0|[RPC][WS][SERVICE][onConnect],endpoint=127.0.0.1:33646,refCount=3
info|2026-02-06 15:35:58.340178|ioService-0x0000765e9d7ff6c0|[RPC][WS][SESSION][onWsAccept]websocket handshake successfully,endPoint=127.0.0.1:33646,session=0x765e96a57210
info|2026-02-06 15:35:58.341554|fisco-bcos-0x0000765ebd1fe6c0|HandshakeRequest,module=2,minVersion=0,maxVersion=2
info|2026-02-06 15:35:58.341671|fisco-bcos-0x0000765ebd1fe6c0|[RPC]negotiatedVersion success,peer=127.0.0.1:33646,minVersion=0,maxVersion=2,supportMinVersion=0,supportMaxVersion=2,negotiatedVersion=2,seq=2fb471cd4bcc463bb0e22561b238d4da
info|2026-02-06 15:35:58.342053|fisco-bcos-0x0000765ebd1fe6c0|[RPC]onRecvHandshakeRequest success,version=2,endpoint=127.0.0.1:33646,handshakeResponse={"groupBlockNumber":[{"group0":30}],"groupInfoList":[{"chainID":"chain0","genesisConfig":"{\"blockTxCountLimit\":1000,\"consensusLeaderPeriod\":1,\"consensusType\":\"pbft\",\"sealerList\":[{\"nodeID\":\"0d6a7f52cb87ce7fda869e0db309ec9c53723c46f81632c21e4abbf1a9159f14d53f37cc0c4141548da9ec877d6235afd7a501c40d296fc4c5252a8717aa23c2\",\"weight\":1},{\"nodeID\":\"21a47acec36f73d8e925a7d5db44793f998e1a42a6d7ee2e3a5cf4037b853452cb76f6cbab8e5b223a128e8ee15790d1f629858b47070b4eb2e1ddb2b0ada297\",\"weight\":1},{\"nodeID\":\"2346c69c46d42278eb237167eb19eb28432b63783cc0fd7cddc90f89c148e755db8941be9b0c5f37cbc21c409a78c154abc75ce0c80818c6fbb76aea6bcd0a9a\",\"weight\":1},{\"nodeID\":\"5b07d12d1512a66493c8fd3456d8c505e6ce05f20061613a4c48a1fa3755bbf9cc2d2f1878c4a6733389f03deb0a3fc0c672e2f4910fde9802d6675929cb3dc5\",\"weight\":1}],\"txGasLimit\":3000000000}\n","groupID":"group0","iniConfig":"","nodeList":[{"featureKeys":["bugfix_revert","bugfix_statestorage_hash","bugfix_evm_create2_delegatecall_staticcall_codecopy","bugfix_event_log_order","bugfix_call_noaddr_return","bugfix_precompiled_codehash","bugfix_dmc_revert","bugfix_keypage_system_entry_hash","bugfix_internal_create_redundant_storage","bugfix_internal_create_permission_denied","bugfix_sharding_call_in_child_executive","bugfix_empty_abi_reset","bugfix_eip55_addr","bugfix_eoa_as_contract","bugfix_eoa_match_failed","bugfix_evm_exception_gas_used","bugfix_dmc_deploy_gas_used","bugfix_staticcall_noaddr_return","bugfix_support_transfer_receive_fallback","bugfix_set_row_with_dirty_flag","feature_dmc2serial","feature_sharding","feature_rpbft","feature_paillier","feature_balance","feature_balance_precompiled","feature_balance_policy1","feature_paillier_add_raw","feature_evm_cancun"],"iniConfig":"{\"binaryInfo\":{\"buildTime\":\"20240827 04:30:34\",\"gitCommitHash\":\"3fea676716990b2ed453b4f079915daafff451f9\",\"platform\":\"Linux/g++\",\"version\":\"3.11.0\"},\"chainID\":\"chain0\",\"gatewayServiceName\":\"\",\"groupID\":\"group0\",\"isAuthCheck\":false,\"isSerialExecute\":true,\"isWasm\":false,\"nodeID\":\"5b07d12d1512a66493c8fd3456d8c505e6ce05f20061613a4c48a1fa3755bbf9cc2d2f1878c4a6733389f03deb0a3fc0c672e2f4910fde9802d6675929cb3dc5\",\"nodeName\":\"5b07d12d1512a66493c8fd3456d8c505e6ce05f20061613a4c48a1fa3755bbf9cc2d2f1878c4a6733389f03deb0a3fc0c672e2f4910fde9802d6675929cb3dc5\",\"rpcServiceName\":\"\",\"smCryptoType\":false}\n","microService":false,"name":"5b07d12d1512a66493c8fd3456d8c505e6ce05f20061613a4c48a1fa3755bbf9cc2d2f1878c4a6733389f03deb0a3fc0c672e2f4910fde9802d6675929cb3dc5","nodeID":"5b07d12d1512a66493c8fd3456d8c505e6ce05f20061613a4c48a1fa3755bbf9cc2d2f1878c4a6733389f03deb0a3fc0c672e2f4910fde9802d6675929cb3dc5","protocol":{"compatibilityVersion":51052544,"maxSupportedVersion":2,"minSupportedVersion":0},"serviceInfo":[{"serviceName":"LedgerServiceObj","type":2},{"serviceName":"SchedulerServiceObj","type":3},{"serviceName":"FrontServiceObj","type":4},{"serviceName":"","type":6},{"serviceName":"","type":7},{"serviceName":"TxPoolServiceObj","type":8}],"supportConfigs":["tx_gas_limit","tx_gas_price","tx_count_limit","consensus_leader_period","auth_check_status","compatibility_version","feature_rpbft","feature_rpbft_epoch_block_num","feature_rpbft_epoch_sealer_num","feature_balance_precompiled","web3_chain_id"],"type":0}]}],"protocolVersion":2}
info|2026-02-06 15:35:58.345449|fisco-bcos-0x0000765ec31fe6c0|[parseSubTopicsJson],topicItems size=0,json={"topics":[]}
info|2026-02-06 15:35:58.345537|fisco-bcos-0x0000765ec31fe6c0|[AMOPClient]subscribeTopicToAllNodes,topicInfo={
	"topics" : []
}
info|2026-02-06 15:35:58.345551|fisco-bcos-0x0000765ec31fe6c0|[AMOP][TOPIC][parseSubTopicsJson],topicItems size=0,json={
	"topics" : []
}
info|2026-02-06 15:35:58.345561|fisco-bcos-0x0000765ec31fe6c0|[AMOP][TOPIC][subTopic],client=localAMOP,topicSeq=1,topicItems size=0
info|2026-02-06 15:35:58.345567|fisco-bcos-0x0000765ec31fe6c0|[AMOPClient][onRecvSubTopics],topicInfo={"topics":[]}
,endpoint=127.0.0.1:33646,seq=d0c2687c3034458da40088fbfd14d9c4
info|2026-02-06 15:35:59.768073|fisco-bcos-0x0000765ebbdfe6c0|[SCHEDULER][serialExecute][blk-30][BlockTrace]serialExecute execute block
info|2026-02-06 15:35:59.768128|fisco-bcos-0x0000765ebbdfe6c0|[SCHEDULER][METRIC][BlockTrace][blk-30]preExeBlock success,blockHeader.timestamp=0,metaTxCount=0,timeCost=0
info|2026-02-06 15:36:00.031666|pbft-0x0000765ebedfb6c0|[CONSENSUS][PBFT]handlePrePrepareMsg,reqHash=8d798347...,reqIndex=31,reqV=3,fromIdx=2,wait(ms)=0,committedIndex=30,consNum=31,committedHash=08a1603a...,view=3,toView=3,changeCycle=0,expectedCheckPoint=31,Idx=3,unsealedTxs=1,sealUntil=0,waitResealUntil=0,consensusTimeout=3000,nodeId=5b07d12d...,utc=15817749
info|2026-02-06 15:36:00.031785|pbft-0x0000765ebedfb6c0|[TXPOOL]begin asyncVerifyBlock,consNum=31,hash=8d798347...
info|2026-02-06 15:36:00.031938|verifier-0x0000765edddf56c0|[TXPOOL]batchVerifyProposal,consNum=31,hash=8d798347...,txsSize=1,lockT=0,verifyT=0,missedTxs=0
info|2026-02-06 15:36:00.031985|verifier-0x0000765edddf56c0|[TXPOOL][METRIC]asyncVerifyBlock finished,consNum=31,hash=8d798347...,code=0,msg=success,result=true,timecost=0
info|2026-02-06 15:36:00.032015|verifier-0x0000765edddf56c0|[CONSENSUS][PBFT]handlePrePrepareMsg,reqHash=8d798347...,reqIndex=31,reqV=3,fromIdx=2,wait(ms)=1,committedIndex=30,consNum=31,committedHash=08a1603a...,view=3,toView=3,changeCycle=0,expectedCheckPoint=31,Idx=3,unsealedTxs=1,sealUntil=0,waitResealUntil=0,consensusTimeout=3000,nodeId=5b07d12d...,utc=15817749
info|2026-02-06 15:36:00.032030|validator-0x0000765ecfdd96c0|[CONSENSUS][PBFT]asyncResetTxsFlag,index=31,hash=8d798347...,flag=true
info|2026-02-06 15:36:00.032034|verifier-0x0000765edddf56c0|[CONSENSUS][PBFT]addPrePrepareCache,reqHash=8d798347...,reqIndex=31,reqV=3,fromIdx=2,wait(ms)=1,sys=false,committedIndex=30,consNum=31,committedHash=08a1603a...,view=3,toView=3,changeCycle=0,expectedCheckPoint=31,Idx=3,unsealedTxs=1,sealUntil=0,waitResealUntil=0,consensusTimeout=3000,nodeId=5b07d12d...
info|2026-02-06 15:36:00.032049|verifier-0x0000765edddf56c0|[CONSENSUS][PBFT]notify the committed proposal index to the sync module success,index=31
info|2026-02-06 15:36:00.032125|verifier-0x0000765edddf56c0|[CONSENSUS][PBFT]addPrepareCache,reqHash=8d798347...,reqIndex=31,reqV=3,fromIdx=3,wait(ms)=0,committedIndex=30,consNum=31,committedHash=08a1603a...,view=3,toView=3,changeCycle=0,expectedCheckPoint=31,Idx=3,unsealedTxs=1,sealUntil=0,waitResealUntil=0,consensusTimeout=3000,nodeId=5b07d12d...,weight=1
info|2026-02-06 15:36:00.032181|verifier-0x0000765edddf56c0|[CONSENSUS][PBFT]broadcast prepare packet,packetSize=230,index=31
info|2026-02-06 15:36:00.032175|validator-0x0000765ecfdd96c0|[TXPOOL]batchMarkTxs,txsSize=1,batchId=31,hash=8d798347...,sealFlag=true,notFound=0,reSealed=0,succ=1,time=0,markT=0
info|2026-02-06 15:36:00.032226|validator-0x0000765ecfdd96c0|[CONSENSUS][PBFT]asyncMarkTxs success,index=31,hash=8d798347...,flag=true,markT=0,emptyTxBatchHash=false
info|2026-02-06 15:36:00.032378|verifier-0x0000765edddf56c0|[CONSENSUS][PBFT]handlePrePrepareMsg and broadcast prepare packet,reqHash=8d798347...,reqIndex=31,reqV=3,fromIdx=2,wait(ms)=1,committedIndex=30,consNum=31,committedHash=08a1603a...,view=3,toView=3,changeCycle=0,expectedCheckPoint=31,Idx=3,unsealedTxs=0,sealUntil=0,waitResealUntil=0,consensusTimeout=3000,nodeId=5b07d12d...
info|2026-02-06 15:36:00.032464|txsPreStore-0x0000765edc5f26c0|[TXPOOL]storeVerifiedBlock fetch block number from LedgerConfig
info|2026-02-06 15:36:00.032510|txsPreStore-0x0000765edc5f26c0|[TOOL]LedgerConfigFetcher: fetchBlockNumber success,blockNumber=30
info|2026-02-06 15:36:00.032519|txsPreStore-0x0000765edc5f26c0|[TXPOOL]storeVerifiedBlock,consNum=31,hash=8d798347...,txsSize=1
info|2026-02-06 15:36:00.032555|txsPreStore-0x0000765edc5f26c0|[LEDGER]asyncPreStoreBlockTxs: needStoreUnsavedTxs,txsSize=1,unstoredTxs=1,number=31
info|2026-02-06 15:36:00.032606|txsPreStore-0x0000765edc5f26c0|[STORAGE-RocksDB]setRows finished,put=1,dataSize=744,time(ms)=0
info|2026-02-06 15:36:00.032610|txsPreStore-0x0000765edc5f26c0|[LEDGER]asyncPreStoreBlockTxs: store uncommitted txs,blockNumber=31,blockTxsSize=1,unStoredTxs=1,msg=success,code=0,timeCost=0
info|2026-02-06 15:36:00.032615|txsPreStore-0x0000765edc5f26c0|[TXPOOL]storeVerifiedBlock success,consNum=31,hash=8d798347...,timecost=0
info|2026-02-06 15:36:00.032975|pbft-0x0000765ebedfb6c0|[CONSENSUS][PBFT]addPrepareCache,reqHash=8d798347...,reqIndex=31,reqV=3,fromIdx=1,wait(ms)=0,committedIndex=30,consNum=31,committedHash=08a1603a...,view=3,toView=3,changeCycle=0,expectedCheckPoint=31,Idx=3,unsealedTxs=0,sealUntil=0,waitResealUntil=0,consensusTimeout=3000,nodeId=5b07d12d...,weight=2
info|2026-02-06 15:36:00.033176|pbft-0x0000765ebedfb6c0|[CONSENSUS][PBFT]addPrepareCache,reqHash=8d798347...,reqIndex=31,reqV=3,fromIdx=2,wait(ms)=1,committedIndex=30,consNum=31,committedHash=08a1603a...,view=3,toView=3,changeCycle=0,expectedCheckPoint=31,Idx=3,unsealedTxs=0,sealUntil=0,waitResealUntil=0,consensusTimeout=3000,nodeId=5b07d12d...,weight=3
info|2026-02-06 15:36:00.033211|pbft-0x0000765ebedfb6c0|[CONSENSUS][PBFT]setSignatureList,signatureSize=3,propHash=8d798347...,propIndex=31
info|2026-02-06 15:36:00.033222|pbft-0x0000765ebedfb6c0|[CONSENSUS][PBFT]intoPrecommit,reqHash=8d798347...,reqIndex=31,reqV=3,fromIdx=3,wait(ms)=2,committedIndex=30,consNum=31,committedHash=08a1603a...,view=3,toView=3,changeCycle=0,expectedCheckPoint=31,Idx=3,unsealedTxs=0,sealUntil=0,waitResealUntil=0,consensusTimeout=3000,nodeId=5b07d12d...
info|2026-02-06 15:36:00.033263|pbft-0x0000765ebedfb6c0|[CONSENSUS][PBFT]addCommitCache,reqHash=8d798347...,reqIndex=31,reqV=3,fromIdx=3,wait(ms)=0,committedIndex=30,consNum=31,committedHash=08a1603a...,view=3,toView=3,changeCycle=0,expectedCheckPoint=31,Idx=3,unsealedTxs=0,sealUntil=0,waitResealUntil=0,consensusTimeout=3000,nodeId=5b07d12d...,weight=1
info|2026-02-06 15:36:00.033268|pbft-0x0000765ebedfb6c0|[CONSENSUS][PBFT]checkAndPreCommit: broadcast commitMsg,Idx=3,hash=8d798347...,index=31
info|2026-02-06 15:36:00.033412|pbft-0x0000765ebedfb6c0|[CONSENSUS][PBFT]addCommitCache,reqHash=8d798347...,reqIndex=31,reqV=3,fromIdx=1,wait(ms)=0,committedIndex=30,consNum=31,committedHash=08a1603a...,view=3,toView=3,changeCycle=0,expectedCheckPoint=31,Idx=3,unsealedTxs=0,sealUntil=0,waitResealUntil=0,consensusTimeout=3000,nodeId=5b07d12d...,weight=2
info|2026-02-06 15:36:00.034128|pbft-0x0000765ebedfb6c0|[CONSENSUS][PBFT]addCommitCache,reqHash=8d798347...,reqIndex=31,reqV=3,fromIdx=2,wait(ms)=1,committedIndex=30,consNum=31,committedHash=08a1603a...,view=3,toView=3,changeCycle=0,expectedCheckPoint=31,Idx=3,unsealedTxs=0,sealUntil=0,waitResealUntil=0,consensusTimeout=3000,nodeId=5b07d12d...,weight=3
info|2026-02-06 15:36:00.034215|pbft-0x0000765ebedfb6c0|[CONSENSUS][PBFT]checkAndCommit,propHash=8d798347...,propIndex=31,committedIndex=30,consNum=31,committedHash=08a1603a...,view=3,toView=3,changeCycle=0,expectedCheckPoint=31,Idx=3,unsealedTxs=0,sealUntil=0,waitResealUntil=0,consensusTimeout=3000,nodeId=5b07d12d...
info|2026-02-06 15:36:00.034258|pbft-0x0000765ebedfb6c0|[CONSENSUS][PBFT]######## CommitProposal,propHash=8d798347...,propIndex=31,sys=false,committedIndex=30,consNum=31,committedHash=08a1603a...,view=3,toView=3,changeCycle=0,expectedCheckPoint=31,Idx=3,unsealedTxs=0,sealUntil=0,waitResealUntil=0,consensusTimeout=3000,nodeId=5b07d12d...
info|2026-02-06 15:36:00.034271|pbft-0x0000765ebedfb6c0|[CONSENSUS][SEALER]resetSealingInfo,start=32,end=32,sealingNumber=32,waitUntil=0,unsealedTxs=0
info|2026-02-06 15:36:00.034278|pbft-0x0000765ebedfb6c0|[CONSENSUS][PBFT]asyncNotifySealProposal success,startIndex=32,endIndex=32,maxTxsToSeal=1000
info|2026-02-06 15:36:00.034280|pbft-0x0000765ebedfb6c0|[CONSENSUS][SEALER]asyncNotifySealProposal,startIndex=32,endIndex=32,maxTxsPerBlock=1000
info|2026-02-06 15:36:00.034283|pbft-0x0000765ebedfb6c0|[CONSENSUS][PBFT]notifySealer: notify the new leader to seal block,lockNotifyT=0,idx=3,startIndex=32,endIndex=32,notifyBeginIndex=32,waitSealUntil=0,waitResealUntil=0,maxTxsToSeal=1000,committedIndex=30,consNum=31,committedHash=08a1603a...,view=3,toView=3,changeCycle=0,expectedCheckPoint=31,Idx=3,unsealedTxs=0,sealUntil=0,waitResealUntil=0,consensusTimeout=3000,nodeId=5b07d12d...
info|2026-02-06 15:36:00.034297|pbft-0x0000765ebedfb6c0|[CONSENSUS][PBFT]notify to seal next proposal,nextProposalIndex=32
info|2026-02-06 15:36:00.034328|pbft-0x0000765ebedfb6c0|[CONSENSUS][PBFT]notifySealer return for invalid seal range,lockNotifyT=0,currentEndIndex=32,expectedEndIndex=32,committedIndex=30,consNum=31,committedHash=08a1603a...,view=3,toView=3,changeCycle=0,expectedCheckPoint=31,Idx=3,unsealedTxs=0,sealUntil=0,waitResealUntil=0,consensusTimeout=3000,nodeId=5b07d12d...
info|2026-02-06 15:36:00.034336|pbft-0x0000765ebedfb6c0|[CONSENSUS][PBFT]notify to seal next proposal,nextProposalIndex=32
info|2026-02-06 15:36:00.034339|pbft-0x0000765ebedfb6c0|[CONSENSUS][PBFT]applyStateMachine,index=31,hash=8d798347...,committedIndex=30,consNum=31,committedHash=08a1603a...,view=3,toView=3,changeCycle=0,expectedCheckPoint=31,Idx=3,unsealedTxs=0,sealUntil=0,waitResealUntil=0,consensusTimeout=3000,nodeId=5b07d12d...,unAppliedProposals=0
info|2026-02-06 15:36:00.034443|exeScheduler-0x0000765e7c25e6c0|[SCHEDULER][METRIC][blk-31]ExecuteBlock request,gasLimit=3000000000,gasPrice=0x0,verify=false,signatureSize=0,txCount=0,metaTxCount=1,version=3.11.0,waitT=0
info|2026-02-06 15:36:00.034503|exeScheduler-0x0000765e7c25e6c0|[SCHEDULER][blk-31][BlockTrace]ExecuteBlock start,time(ms)=0
info|2026-02-06 15:36:00.034508|exeScheduler-0x0000765e7c25e6c0|[SCHEDULER][serialExecute][blk-31][BlockTrace]serialExecute execute block
info|2026-02-06 15:36:00.034531|exeScheduler-0x0000765e7c25e6c0|[SCHEDULER][METRIC][BlockTrace][blk-31]preExeBlock success,blockHeader.timestamp=1770363360030,metaTxCount=1,timeCost=0
info|2026-02-06 15:36:00.034535|exeScheduler-0x0000765e7c25e6c0|[SCHEDULER][serialExecute][blk-31][BlockTrace]serialExecute batch next block
info|2026-02-06 15:36:00.034537|exeScheduler-0x0000765e7c25e6c0|[SCHEDULER][blk-31][BlockTrace]NextBlock request,executorNum=1
info|2026-02-06 15:36:00.034974|exec-0x0000765ed85ea6c0|[SCHEDULER][blk-31][BlockTrace]NextBlock success,executorNum=1,timeCost=0
info|2026-02-06 15:36:00.035007|exec-0x0000765ed85ea6c0|[SCHEDULER][serialExecute][blk-31][BlockTrace]serialExecute block begin
info|2026-02-06 15:36:00.036183|exec-0x0000765ed75e86c0|[STORAGE-KeyPage]hash,size=24,blockVersion=51052544,readLength=7780,writeLength=640,pageCount=1,entrycount=0,entriesHash=0000000000000000000000000000000000000000000000000000000000000000,pagesHash=fff554e5b616da5f3867941a0233f6a2b554dc4d66c4bb25fec6de20f800de3e,totalHash=fff554e5b616da5f3867941a0233f6a2b554dc4d66c4bb25fec6de20f800de3e
info|2026-02-06 15:36:00.036301|exec-0x0000765ed75e86c0|[EXECUTOR:1770362656][blk-31]GetTableHashes success,hash=fff554e5b616da5f3867941a0233f6a2b554dc4d66c4bb25fec6de20f800de3e,time(ms)=0
info|2026-02-06 15:36:00.036352|exec-0x0000765ed75e86c0|[SCHEDULER][blk-31][BlockTrace]ExecuteBlock success,hash=6687a886...,stateRoot=fff554e5b616da5f3867941a0233f6a2b554dc4d66c4bb25fec6de20f800de3e,receiptRoot=faaabea9ddb6662ab4b76617d16bec569edf3dc8797ea703c59b1c25b230f576,txsRoot=264750ca...,gasUsed=74556,signatureSize=0,timeCost=2,blockVersion=51052544
info|2026-02-06 15:36:00.036371|exec-0x0000765ed75e86c0|[CONSENSUS][Core][METRIC]asyncExecuteBlock success,sysBlock=false,number=31,result=6687a886...,txsSize=1,txsRoot=264750ca...,receiptsRoot=faaabea9...,stateRoot=fff554e5...,timeCost=2,execPerTx=2
info|2026-02-06 15:36:00.036483|exec-0x0000765ed75e86c0|[CONSENSUS][PBFT]applyStateMachine finished,index=31,beforeExec=8d798347...,afterExec=6687a886...,committedIndex=30,consNum=31,committedHash=08a1603a...,view=3,toView=3,changeCycle=0,expectedCheckPoint=31,Idx=3,unsealedTxs=0,sealUntil=0,waitResealUntil=0,consensusTimeout=3000,nodeId=5b07d12d...,timecost=2
info|2026-02-06 15:36:00.036594|pbftWorker-0x0000765eccdd36c0|[CONSENSUS][PBFT][STORAGE]asyncCommitProposal: write the committed proposal into db,index=31
info|2026-02-06 15:36:00.036713|pbftWorker-0x0000765eccdd36c0|[CONSENSUS][PBFT][STORAGE]asyncPutProposal: commit success,dbName=pbftCommitDB,key=max_committed_proposal,number=31,timecost=0,dataSize=2
info|2026-02-06 15:36:00.036754|pbftWorker-0x0000765eccdd36c0|[CONSENSUS][PBFT][STORAGE]asyncPutProposal: commit success,dbName=pbftCommitDB,key=31,number=31,timecost=0,dataSize=679
info|2026-02-06 15:36:00.036922|pbftWorker-0x0000765eccdd36c0|[CONSENSUS][PBFT]addCheckPointMsg,reqHash=6687a886...,reqIndex=31,reqV=3,fromIdx=3,wait(ms)=0,Idx=3,weight=1,minRequiredWeight=3
info|2026-02-06 15:36:00.036945|pbftWorker-0x0000765eccdd36c0|[CONSENSUS][PBFT]setCheckPointProposal,propHash=6687a886...,propIndex=31,committedIndex=30,consNum=31,committedHash=08a1603a...,view=3,toView=3,changeCycle=0,expectedCheckPoint=31,Idx=3,unsealedTxs=0,sealUntil=0,waitResealUntil=0,consensusTimeout=3000,nodeId=5b07d12d...
info|2026-02-06 15:36:00.036954|pbftWorker-0x0000765eccdd36c0|[CONSENSUS][PBFT]PBFTConfig: setExpectedCheckPoint,committedIndex=30,consNum=31,committedHash=08a1603a...,view=3,toView=3,changeCycle=0,expectedCheckPoint=32,Idx=3,unsealedTxs=0,sealUntil=0,waitResealUntil=0,consensusTimeout=3000,nodeId=5b07d12d...,expectedCheckPoint=32
info|2026-02-06 15:36:00.036960|pbftWorker-0x0000765eccdd36c0|[CONSENSUS][PBFT]notifySealer return for invalid seal range,lockNotifyT=0,currentEndIndex=32,expectedEndIndex=32,committedIndex=30,consNum=31,committedHash=08a1603a...,view=3,toView=3,changeCycle=0,expectedCheckPoint=32,Idx=3,unsealedTxs=0,sealUntil=0,waitResealUntil=0,consensusTimeout=3000,nodeId=5b07d12d...
info|2026-02-06 15:36:00.036964|pbftWorker-0x0000765eccdd36c0|[CONSENSUS][PBFT]notify to seal next proposal,nextProposalIndex=32
info|2026-02-06 15:36:00.036967|pbftWorker-0x0000765eccdd36c0|[CONSENSUS][PBFT]onProposalApplySuccess,index=31,hash=6687a886...,lockT=0,timecost=0
info|2026-02-06 15:36:00.037797|pbft-0x0000765ebedfb6c0|[CONSENSUS][PBFT]handleCheckPointMsg: try to add the checkpoint message into the cache,reqHash=6687a886...,reqIndex=31,reqV=3,fromIdx=1,wait(ms)=0,committedIndex=30,consNum=31,committedHash=08a1603a...,view=3,toView=3,changeCycle=0,expectedCheckPoint=32,Idx=3,unsealedTxs=0,sealUntil=0,waitResealUntil=0,consensusTimeout=3000,nodeId=5b07d12d...
info|2026-02-06 15:36:00.037920|pbft-0x0000765ebedfb6c0|[CONSENSUS][PBFT]addCheckPointMsg,reqHash=6687a886...,reqIndex=31,reqV=3,fromIdx=1,wait(ms)=0,Idx=3,weight=2,minRequiredWeight=3
info|2026-02-06 15:36:00.037933|pbft-0x0000765ebedfb6c0|[CONSENSUS][PBFT]notifySealer return for invalid seal range,lockNotifyT=0,currentEndIndex=32,expectedEndIndex=32,committedIndex=30,consNum=31,committedHash=08a1603a...,view=3,toView=3,changeCycle=0,expectedCheckPoint=32,Idx=3,unsealedTxs=0,sealUntil=0,waitResealUntil=0,consensusTimeout=3000,nodeId=5b07d12d...
info|2026-02-06 15:36:00.037943|pbft-0x0000765ebedfb6c0|[CONSENSUS][PBFT]notify to seal next proposal,nextProposalIndex=32
info|2026-02-06 15:36:00.038025|pbft-0x0000765ebedfb6c0|[CONSENSUS][PBFT]handleCheckPointMsg: try to add the checkpoint message into the cache,reqHash=6687a886...,reqIndex=31,reqV=3,fromIdx=2,wait(ms)=1,committedIndex=30,consNum=31,committedHash=08a1603a...,view=3,toView=3,changeCycle=0,expectedCheckPoint=32,Idx=3,unsealedTxs=0,sealUntil=0,waitResealUntil=0,consensusTimeout=3000,nodeId=5b07d12d...
info|2026-02-06 15:36:00.038045|pbft-0x0000765ebedfb6c0|[CONSENSUS][PBFT]addCheckPointMsg,reqHash=6687a886...,reqIndex=31,reqV=3,fromIdx=2,wait(ms)=1,Idx=3,weight=3,minRequiredWeight=3
info|2026-02-06 15:36:00.038052|pbft-0x0000765ebedfb6c0|[CONSENSUS][PBFT]notifySealer return for invalid seal range,lockNotifyT=0,currentEndIndex=32,expectedEndIndex=32,committedIndex=30,consNum=31,committedHash=08a1603a...,view=3,toView=3,changeCycle=0,expectedCheckPoint=32,Idx=3,unsealedTxs=0,sealUntil=0,waitResealUntil=0,consensusTimeout=3000,nodeId=5b07d12d...
info|2026-02-06 15:36:00.038059|pbft-0x0000765ebedfb6c0|[CONSENSUS][PBFT]notify to seal next proposal,nextProposalIndex=32
info|2026-02-06 15:36:00.038064|pbft-0x0000765ebedfb6c0|[CONSENSUS][PBFT]setSignatureList,signatureSize=3,propHash=6687a886...,propIndex=31
info|2026-02-06 15:36:00.038073|pbft-0x0000765ebedfb6c0|[CONSENSUS][PBFT]checkAndCommitStableCheckPoint,index=31,hash=6687a886...,committedIndex=30,consNum=31,committedHash=08a1603a...,view=3,toView=3,changeCycle=0,expectedCheckPoint=32,Idx=3,unsealedTxs=0,sealUntil=0,waitResealUntil=0,consensusTimeout=3000,nodeId=5b07d12d...
info|2026-02-06 15:36:00.038079|pbft-0x0000765ebedfb6c0|[CONSENSUS][PBFT]updateStableCheckPointQueue: insert new checkpoint proposal,index=31,hash=6687a886...,committedIndex=30,consNum=31,committedHash=08a1603a...,view=3,toView=3,changeCycle=0,expectedCheckPoint=32,Idx=3,unsealedTxs=0,sealUntil=0,waitResealUntil=0,consensusTimeout=3000,nodeId=5b07d12d...
info|2026-02-06 15:36:00.038083|pbft-0x0000765ebedfb6c0|[CONSENSUS][PBFT]updateStableCheckPointQueue: commit stable checkpoint,index=31,committedIndex=30
info|2026-02-06 15:36:00.038094|pbft-0x0000765ebedfb6c0|[CONSENSUS][PBFT]asyncCommitStableCheckPoint: set signatureList,index=31,hash=6687a886...,proofSize=3,blockProofSize=3
info|2026-02-06 15:36:00.038219|blockSubmit-0x0000765ecedd76c0|[SCHEDULER][blk-31][BlockTrace]CommitBlock start
info|2026-02-06 15:36:00.038488|blockSubmit-0x0000765ecedd76c0|[STORAGE-RocksDB]asyncPrepare,number=31
info|2026-02-06 15:36:00.038615|blockSubmit-0x0000765ecedd76c0|[STORAGE-RocksDB]asyncPrepare finished,blockNumber=31,put=7,delete=0,startTS=0,encode(ms)=0,time(ms)=0
info|2026-02-06 15:36:00.038662|blockSubmit-0x0000765ecedd76c0|[LEDGER]storeTransactionsAndReceipts,blockNumber=31
info|2026-02-06 15:36:00.038683|exec-0x0000765ed6de76c0|[STORAGE-RocksDB]asyncPrepare,number=31
info|2026-02-06 15:36:00.038730|ledgerWrite-0x0000765ee2dff6c0|[STORAGE-RocksDB]setRows finished,put=1,dataSize=542,time(ms)=0
info|2026-02-06 15:36:00.038757|exec-0x0000765ed6de76c0|[STORAGE-KeyPage]parallelTraverse,size=1120
info|2026-02-06 15:36:00.038766|exec-0x0000765ed6de76c0|[STORAGE-RocksDB]asyncPrepare finished,blockNumber=31,put=2,delete=0,startTS=0,encode(ms)=0,time(ms)=0
info|2026-02-06 15:36:00.038770|exec-0x0000765ed6de76c0|[EXECUTOR:1770362656][blk-31]Prepare success
info|2026-02-06 15:36:00.038893|blockSubmit-0x0000765ecedd76c0|[LEDGER]storeTransactionsAndReceipts finished,blockNumber=31,blockTxsSize=1,unStoredTxs=0,timeCost=0
info|2026-02-06 15:36:00.039043|blockSubmit-0x0000765ecedd76c0|[STORAGE-RocksDB]asyncCommit finished,blockNumber=31,startTS=0,time(ms)=0,callback time(ms)=0,count=9
info|2026-02-06 15:36:00.039113|blockSubmit-0x0000765ecedd76c0|[LEDGER][METRIC]asyncPrewriteBlock,number=31,totalTxs=32,failedTxs=8,incTxs=1,incFailedTxs=0
info|2026-02-06 15:36:00.039214|exec-0x0000765ed65e66c0|[TOOL]fetchCompatibilityVersion
info|2026-02-06 15:36:00.039339|exec-0x0000765ed65e66c0|[TOOL]fetchCompatibilityVersion success,version=3.11.0,versionNumber=51052544,minSupportedVersion=3.0.0-rc4,maxSupportedVersion=3.11.0
info|2026-02-06 15:36:00.039387|exec-0x0000765ed65e66c0|[TOOL]fetchAuthCheckStatus success,value=0
info|2026-02-06 15:36:00.039404|exec-0x0000765ed65e66c0|[EXECUTOR:1770362656]merge keyPage to cachedStorage,number=31
info|2026-02-06 15:36:00.039437|exec-0x0000765ed65e66c0|[STORAGE-KeyPage]parallelTraverse,size=1120
info|2026-02-06 15:36:00.039452|exec-0x0000765ed65e66c0|[STORAGE]Successful merged records,count=2
info|2026-02-06 15:36:00.039819|exec-0x0000765ed65e66c0|[SCHEDULER][blk-31][BlockTrace]CommitBlock success,gas limit=3000000000,timeCost=1
info|2026-02-06 15:36:00.039912|exec-0x0000765ed65e66c0|[SCHEDULER][BlockTrace]Notify block result success,blockNumber=31
info|2026-02-06 15:36:00.039917|exec-0x0000765ed65e66c0|[CONSENSUS][PBFT][STORAGE][METRIC]commitStableCheckPoint success,index=31,hash=6687a886...,txs=1,timeCost=1,commitPerTx=1
info|2026-02-06 15:36:00.039938|exec-0x0000765ed65e66c0|[SCHEDULER][blk-31]notify block result success,hash=6687a886...,txsSize=1
info|2026-02-06 15:36:00.039953|blockSubmit-0x0000765ecedd76c0|[CONSENSUS][PBFT][METRIC]resetConfig,committedIndex=31,propHash=6687a886...,blockCountLimit=1000,leaderPeriod=1,consensusNodesSize=4
info|2026-02-06 15:36:00.039993|blockSubmit-0x0000765ecedd76c0|[CONSENSUS][PBFT][METRIC]^^^^^^^^Report,sealer=2,txs=1,committedIndex=31,consNum=32,committedHash=6687a886...,view=3,toView=3,changeCycle=0,expectedCheckPoint=32,Idx=3,unsealedTxs=0,sealUntil=0,waitResealUntil=0,consensusTimeout=3000,nodeId=5b07d12d...
info|2026-02-06 15:36:00.040012|blockSubmit-0x0000765ecedd76c0|[CONSENSUS][SEALER]asyncNoteLatestBlockNumber,number=31
info|2026-02-06 15:36:00.040118|submitter-0x0000765edf5f86c0|[TXPOOL][METRIC]StatTPS,tps=83,totalTime=12
info|2026-02-06 15:36:00.040351|submitter-0x0000765edf5f86c0|[TXPOOL][METRIC]batchRemove txs success,expectedSize=1,succCount=1,batchId=31,timecost=1,lockT=1,removeT=1,updateLedgerNonceT=0,updateTxPoolNonceT=0
info|2026-02-06 15:36:00.040385|blockSubmit-0x0000765ecedd76c0|[CONSENSUS][SEALER]asyncNoteLatestBlockHash,_hash=6687a886...
info|2026-02-06 15:36:00.040458|exec-0x0000765ed65e66c0|[STORAGE-RocksDB]asyncCommit finished,blockNumber=31,startTS=0,time(ms)=0,callback time(ms)=2,count=0
info|2026-02-06 15:36:00.040497|blockSubmit-0x0000765ecedd76c0|[BLOCK SYNC]#### BlockSyncConfig resetConfig,number=31,consNodeSize=4,observerNodeSize=0,type=CONSENSUS_NODE
info|2026-02-06 15:36:00.040810|blockSubmit-0x0000765ecedd76c0|[CONSENSUS][PBFT]notifySealer return for invalid seal range,lockNotifyT=0,currentEndIndex=32,expectedEndIndex=32,committedIndex=31,consNum=32,committedHash=6687a886...,view=3,toView=3,changeCycle=0,expectedCheckPoint=32,Idx=3,unsealedTxs=0,sealUntil=0,waitResealUntil=0,consensusTimeout=3000,nodeId=5b07d12d...
info|2026-02-06 15:36:00.040843|blockSubmit-0x0000765ecedd76c0|[CONSENSUS][PBFT]notifySealer return for invalid seal range,lockNotifyT=0,currentEndIndex=32,expectedEndIndex=32,committedIndex=31,consNum=32,committedHash=6687a886...,view=3,toView=3,changeCycle=0,expectedCheckPoint=32,Idx=3,unsealedTxs=0,sealUntil=0,waitResealUntil=0,consensusTimeout=3000,nodeId=5b07d12d...
info|2026-02-06 15:36:00.040853|blockSubmit-0x0000765ecedd76c0|[CONSENSUS][PBFT]notify to seal next proposal,nextProposalIndex=32
info|2026-02-06 15:36:00.040916|blockSubmit-0x0000765ecedd76c0|[CONSENSUS][PBFT]removeConsensusedCache finalizeConsensus,view=3,number=31,eraseSize=1,cacheSize=0
info|2026-02-06 15:36:00.040945|blockSubmit-0x0000765ecedd76c0|[CONSENSUS][PBFT][STORAGE]asyncRemoveStabledCheckPoint,index=26
info|2026-02-06 15:36:00.040999|blockSubmit-0x0000765ecedd76c0|[CONSENSUS][PBFT][STORAGE]asyncRemove success,dbName=pbftCommitDB,key=26
info|2026-02-06 15:36:00.351402|ioService-0x0000765e90bfd6c0|[DEFAULT][HTTP][SESSION][onRead]receive http request
info|2026-02-06 15:36:00.364661|ioService-0x0000765e90bfd6c0|[DEFAULT][HTTP][SESSION][onRead]receive http request
info|2026-02-06 15:36:00.378506|ioService-0x0000765e90bfd6c0|[DEFAULT][HTTP][SESSION][onRead]receive http request
info|2026-02-06 15:36:00.526979|ioService-0x0000765e9d7ff6c0|[WS][SESSION][asyncRead],message=End of file,endpoint=127.0.0.1:33646,refCount=2
info|2026-02-06 15:36:00.527085|ioService-0x0000765e9d7ff6c0|[RPC][WS][SESSION][drop],reason=4294963295,endpoint=127.0.0.1:33646,session=0x765e96a57210
info|2026-02-06 15:36:00.527127|ioService-0x0000765e9d7ff6c0|[RPC][WS][SESSION][drop],reason=4294963295,endpoint=127.0.0.1:33646,cb size=0,session=0x765e96a57210
info|2026-02-06 15:36:00.527339|ioService-0x0000765e9d7ff6c0|[DEFAULT][WS][STREAM]the real action to close the stream,this=0x765e96a8a090
info|2026-02-06 15:36:00.527675|fisco-bcos-0x0000765e865fd6c0|[RPC][WS][SERVICE][removeSession],endpoint=127.0.0.1:33646
info|2026-02-06 15:36:00.527783|fisco-bcos-0x0000765e865fd6c0|[RPC][WS][SERVICE][onDisconnect],endpoint=127.0.0.1:33646,refCount=2
info|2026-02-06 15:36:00.527819|fisco-bcos-0x0000765e865fd6c0|[RPC][WS][SESSION],[DELOBJ][WSSESSION]=0x765e96a57210
info|2026-02-06 15:36:00.527831|fisco-bcos-0x0000765e865fd6c0|[DEFAULT][WS][STREAM],[DELOBJ][WsStream]=0x765e96a8a090
info|2026-02-06 15:36:02.041020|pullTxsTimer-0x0000765ecddd56c0|[CONSENSUS][PBFT]tryToSyncTxs: try to request unsealing txs from peer,committedIndex=31,consNum=32,committedHash=6687a886...,view=3,toView=3,changeCycle=0,expectedCheckPoint=32,Idx=3,unsealedTxs=0,sealUntil=0,waitResealUntil=0,consensusTimeout=3000,nodeId=5b07d12d...
info|2026-02-06 15:36:03.351773|ioService-0x0000765e90bfd6c0|[DEFAULT][HTTP][SESSION][onRead]receive http request
info|2026-02-06 15:36:06.350743|ioService-0x0000765e90bfd6c0|[DEFAULT][HTTP][SESSION][onRead]receive http request
info|2026-02-06 15:36:06.474315|ioService-0x0000765ebb5fd6c0|[P2PService][Service][METRIC]heartBeat,connected count=3
info|2026-02-06 15:36:06.483298|timerFactory-0x0000765e95bff6c0|[RPC][WS][SERVICE]connected nodes,count=0
info|2026-02-06 15:36:06.484096|timerFactory-0x0000765eaa3fe6c0|[RPC][WS][SERVICE]connected nodes,count=0
info|2026-02-06 15:36:09.321827|ioService-0x0000765e90bfd6c0|[DEFAULT][HTTP][SESSION][onRead]receive http request
info|2026-02-06 15:36:09.322244|ioService-0x0000765e90bfd6c0|[SCHEDULER][serialExecute][blk-31][BlockTrace]serialExecute execute block
info|2026-02-06 15:36:09.322398|ioService-0x0000765e90bfd6c0|[SCHEDULER][METRIC][BlockTrace][blk-31]preExeBlock success,blockHeader.timestamp=0,metaTxCount=0,timeCost=0
info|2026-02-06 15:36:09.393558|ioService-0x0000765e90bfd6c0|[DEFAULT][HTTP][SESSION][onRead]receive http request
info|2026-02-06 15:36:10.287130|ioService-0x0000765ea7bff6c0|[DEFAULT][HTTP][SERVER][accept],local_endpoint=127.0.0.1:20203,remote_endpoint=127.0.0.1:56120
info|2026-02-06 15:36:10.287635|ioService-0x0000765e9c1fe6c0|[DEFAULT][HTTP][SESSION][onRead]websocket upgrade
info|2026-02-06 15:36:10.287732|ioService-0x0000765e9c1fe6c0|[DEFAULT][WS][STREAM],[NEWOBJ][WsStream]=0x765e96409110
info|2026-02-06 15:36:10.287809|ioService-0x0000765e9c1fe6c0|[RPC][WS][SESSION],[NEWOBJ][WSSESSION]=0x765e9640a210
info|2026-02-06 15:36:10.287864|ioService-0x0000765e9c1fe6c0|[RPC][WS][SERVICE][newSession]start the session,endPoint=127.0.0.1:56120
info|2026-02-06 15:36:10.287918|ioService-0x0000765e9c1fe6c0|[RPC][WS][SESSION][startAsServer]start websocket handshake,endPoint=127.0.0.1:56120,session=0x765e9640a210
info|2026-02-06 15:36:10.288152|ioService-0x0000765e9c1fe6c0|[RPC][WS][SERVICE][addSession]add session to mapping,endPoint=127.0.0.1:56120,result=true
info|2026-02-06 15:36:10.288180|ioService-0x0000765e9c1fe6c0|[RPC][WS][SERVICE][onConnect],endpoint=127.0.0.1:56120,refCount=3
info|2026-02-06 15:36:10.288198|ioService-0x0000765e9c1fe6c0|[RPC][WS][SESSION][onWsAccept]websocket handshake successfully,endPoint=127.0.0.1:56120,session=0x765e9640a210
info|2026-02-06 15:36:10.288983|fisco-bcos-0x0000765ebbdfe6c0|HandshakeRequest,module=2,minVersion=0,maxVersion=2
info|2026-02-06 15:36:10.289009|fisco-bcos-0x0000765ebbdfe6c0|[RPC]negotiatedVersion success,peer=127.0.0.1:56120,minVersion=0,maxVersion=2,supportMinVersion=0,supportMaxVersion=2,negotiatedVersion=2,seq=795359cf895c4b90960fdb71cf2e1247
info|2026-02-06 15:36:10.289217|fisco-bcos-0x0000765ebbdfe6c0|[RPC]onRecvHandshakeRequest success,version=2,endpoint=127.0.0.1:56120,handshakeResponse={"groupBlockNumber":[{"group0":31}],"groupInfoList":[{"chainID":"chain0","genesisConfig":"{\"blockTxCountLimit\":1000,\"consensusLeaderPeriod\":1,\"consensusType\":\"pbft\",\"sealerList\":[{\"nodeID\":\"0d6a7f52cb87ce7fda869e0db309ec9c53723c46f81632c21e4abbf1a9159f14d53f37cc0c4141548da9ec877d6235afd7a501c40d296fc4c5252a8717aa23c2\",\"weight\":1},{\"nodeID\":\"21a47acec36f73d8e925a7d5db44793f998e1a42a6d7ee2e3a5cf4037b853452cb76f6cbab8e5b223a128e8ee15790d1f629858b47070b4eb2e1ddb2b0ada297\",\"weight\":1},{\"nodeID\":\"2346c69c46d42278eb237167eb19eb28432b63783cc0fd7cddc90f89c148e755db8941be9b0c5f37cbc21c409a78c154abc75ce0c80818c6fbb76aea6bcd0a9a\",\"weight\":1},{\"nodeID\":\"5b07d12d1512a66493c8fd3456d8c505e6ce05f20061613a4c48a1fa3755bbf9cc2d2f1878c4a6733389f03deb0a3fc0c672e2f4910fde9802d6675929cb3dc5\",\"weight\":1}],\"txGasLimit\":3000000000}\n","groupID":"group0","iniConfig":"","nodeList":[{"featureKeys":["bugfix_revert","bugfix_statestorage_hash","bugfix_evm_create2_delegatecall_staticcall_codecopy","bugfix_event_log_order","bugfix_call_noaddr_return","bugfix_precompiled_codehash","bugfix_dmc_revert","bugfix_keypage_system_entry_hash","bugfix_internal_create_redundant_storage","bugfix_internal_create_permission_denied","bugfix_sharding_call_in_child_executive","bugfix_empty_abi_reset","bugfix_eip55_addr","bugfix_eoa_as_contract","bugfix_eoa_match_failed","bugfix_evm_exception_gas_used","bugfix_dmc_deploy_gas_used","bugfix_staticcall_noaddr_return","bugfix_support_transfer_receive_fallback","bugfix_set_row_with_dirty_flag","feature_dmc2serial","feature_sharding","feature_rpbft","feature_paillier","feature_balance","feature_balance_precompiled","feature_balance_policy1","feature_paillier_add_raw","feature_evm_cancun"],"iniConfig":"{\"binaryInfo\":{\"buildTime\":\"20240827 04:30:34\",\"gitCommitHash\":\"3fea676716990b2ed453b4f079915daafff451f9\",\"platform\":\"Linux/g++\",\"version\":\"3.11.0\"},\"chainID\":\"chain0\",\"gatewayServiceName\":\"\",\"groupID\":\"group0\",\"isAuthCheck\":false,\"isSerialExecute\":true,\"isWasm\":false,\"nodeID\":\"5b07d12d1512a66493c8fd3456d8c505e6ce05f20061613a4c48a1fa3755bbf9cc2d2f1878c4a6733389f03deb0a3fc0c672e2f4910fde9802d6675929cb3dc5\",\"nodeName\":\"5b07d12d1512a66493c8fd3456d8c505e6ce05f20061613a4c48a1fa3755bbf9cc2d2f1878c4a6733389f03deb0a3fc0c672e2f4910fde9802d6675929cb3dc5\",\"rpcServiceName\":\"\",\"smCryptoType\":false}\n","microService":false,"name":"5b07d12d1512a66493c8fd3456d8c505e6ce05f20061613a4c48a1fa3755bbf9cc2d2f1878c4a6733389f03deb0a3fc0c672e2f4910fde9802d6675929cb3dc5","nodeID":"5b07d12d1512a66493c8fd3456d8c505e6ce05f20061613a4c48a1fa3755bbf9cc2d2f1878c4a6733389f03deb0a3fc0c672e2f4910fde9802d6675929cb3dc5","protocol":{"compatibilityVersion":51052544,"maxSupportedVersion":2,"minSupportedVersion":0},"serviceInfo":[{"serviceName":"LedgerServiceObj","type":2},{"serviceName":"SchedulerServiceObj","type":3},{"serviceName":"FrontServiceObj","type":4},{"serviceName":"","type":6},{"serviceName":"","type":7},{"serviceName":"TxPoolServiceObj","type":8}],"supportConfigs":["tx_gas_limit","tx_gas_price","tx_count_limit","consensus_leader_period","auth_check_status","compatibility_version","feature_rpbft","feature_rpbft_epoch_block_num","feature_rpbft_epoch_sealer_num","feature_balance_precompiled","web3_chain_id"],"type":0}]}],"protocolVersion":2}
info|2026-02-06 15:36:10.290127|ioService-0x0000765ea7bff6c0|[DEFAULT][HTTP][SERVER][accept],local_endpoint=127.0.0.1:20203,remote_endpoint=127.0.0.1:56122
info|2026-02-06 15:36:10.290713|fisco-bcos-0x0000765e835f46c0|[parseSubTopicsJson],topicItems size=0,json={"topics":[]}
info|2026-02-06 15:36:10.290767|fisco-bcos-0x0000765e835f46c0|[AMOPClient]subscribeTopicToAllNodes,topicInfo={
	"topics" : []
}
info|2026-02-06 15:36:10.290778|fisco-bcos-0x0000765e835f46c0|[AMOP][TOPIC][parseSubTopicsJson],topicItems size=0,json={
	"topics" : []
}
info|2026-02-06 15:36:10.290788|fisco-bcos-0x0000765e835f46c0|[AMOP][TOPIC][subTopic],client=localAMOP,topicSeq=1,topicItems size=0
info|2026-02-06 15:36:10.290791|fisco-bcos-0x0000765e835f46c0|[AMOPClient][onRecvSubTopics],topicInfo={"topics":[]}
,endpoint=127.0.0.1:56120,seq=40b794647590442e8f4b86a1ade6f249
info|2026-02-06 15:36:10.291010|ioService-0x0000765ea9bfd6c0|[DEFAULT][HTTP][SESSION][onRead]websocket upgrade
info|2026-02-06 15:36:10.291108|ioService-0x0000765ea9bfd6c0|[DEFAULT][WS][STREAM],[NEWOBJ][WsStream]=0x765e9a54d010
info|2026-02-06 15:36:10.291171|ioService-0x0000765ea9bfd6c0|[RPC][WS][SESSION],[NEWOBJ][WSSESSION]=0x765e9a43f210
info|2026-02-06 15:36:10.291221|ioService-0x0000765ea9bfd6c0|[RPC][WS][SERVICE][newSession]start the session,endPoint=127.0.0.1:56122
info|2026-02-06 15:36:10.291235|ioService-0x0000765ea9bfd6c0|[RPC][WS][SESSION][startAsServer]start websocket handshake,endPoint=127.0.0.1:56122,session=0x765e9a43f210
info|2026-02-06 15:36:10.291537|ioService-0x0000765ea9bfd6c0|[RPC][WS][SERVICE][addSession]add session to mapping,endPoint=127.0.0.1:56122,result=true
info|2026-02-06 15:36:10.291597|ioService-0x0000765ea9bfd6c0|[RPC][WS][SERVICE][onConnect],endpoint=127.0.0.1:56122,refCount=3
info|2026-02-06 15:36:10.291632|ioService-0x0000765ea9bfd6c0|[RPC][WS][SESSION][onWsAccept]websocket handshake successfully,endPoint=127.0.0.1:56122,session=0x765e9a43f210
info|2026-02-06 15:36:10.292060|fisco-bcos-0x0000765e7dfe26c0|HandshakeRequest,module=2,minVersion=0,maxVersion=2
info|2026-02-06 15:36:10.292084|fisco-bcos-0x0000765e7dfe26c0|[RPC]negotiatedVersion success,peer=127.0.0.1:56122,minVersion=0,maxVersion=2,supportMinVersion=0,supportMaxVersion=2,negotiatedVersion=2,seq=be7514ebcecb4a9d9165021c0f3be3c0
info|2026-02-06 15:36:10.292214|fisco-bcos-0x0000765e7dfe26c0|[RPC]onRecvHandshakeRequest success,version=2,endpoint=127.0.0.1:56122,handshakeResponse={"groupBlockNumber":[{"group0":31}],"groupInfoList":[{"chainID":"chain0","genesisConfig":"{\"blockTxCountLimit\":1000,\"consensusLeaderPeriod\":1,\"consensusType\":\"pbft\",\"sealerList\":[{\"nodeID\":\"0d6a7f52cb87ce7fda869e0db309ec9c53723c46f81632c21e4abbf1a9159f14d53f37cc0c4141548da9ec877d6235afd7a501c40d296fc4c5252a8717aa23c2\",\"weight\":1},{\"nodeID\":\"21a47acec36f73d8e925a7d5db44793f998e1a42a6d7ee2e3a5cf4037b853452cb76f6cbab8e5b223a128e8ee15790d1f629858b47070b4eb2e1ddb2b0ada297\",\"weight\":1},{\"nodeID\":\"2346c69c46d42278eb237167eb19eb28432b63783cc0fd7cddc90f89c148e755db8941be9b0c5f37cbc21c409a78c154abc75ce0c80818c6fbb76aea6bcd0a9a\",\"weight\":1},{\"nodeID\":\"5b07d12d1512a66493c8fd3456d8c505e6ce05f20061613a4c48a1fa3755bbf9cc2d2f1878c4a6733389f03deb0a3fc0c672e2f4910fde9802d6675929cb3dc5\",\"weight\":1}],\"txGasLimit\":3000000000}\n","groupID":"group0","iniConfig":"","nodeList":[{"featureKeys":["bugfix_revert","bugfix_statestorage_hash","bugfix_evm_create2_delegatecall_staticcall_codecopy","bugfix_event_log_order","bugfix_call_noaddr_return","bugfix_precompiled_codehash","bugfix_dmc_revert","bugfix_keypage_system_entry_hash","bugfix_internal_create_redundant_storage","bugfix_internal_create_permission_denied","bugfix_sharding_call_in_child_executive","bugfix_empty_abi_reset","bugfix_eip55_addr","bugfix_eoa_as_contract","bugfix_eoa_match_failed","bugfix_evm_exception_gas_used","bugfix_dmc_deploy_gas_used","bugfix_staticcall_noaddr_return","bugfix_support_transfer_receive_fallback","bugfix_set_row_with_dirty_flag","feature_dmc2serial","feature_sharding","feature_rpbft","feature_paillier","feature_balance","feature_balance_precompiled","feature_balance_policy1","feature_paillier_add_raw","feature_evm_cancun"],"iniConfig":"{\"binaryInfo\":{\"buildTime\":\"20240827 04:30:34\",\"gitCommitHash\":\"3fea676716990b2ed453b4f079915daafff451f9\",\"platform\":\"Linux/g++\",\"version\":\"3.11.0\"},\"chainID\":\"chain0\",\"gatewayServiceName\":\"\",\"groupID\":\"group0\",\"isAuthCheck\":false,\"isSerialExecute\":true,\"isWasm\":false,\"nodeID\":\"5b07d12d1512a66493c8fd3456d8c505e6ce05f20061613a4c48a1fa3755bbf9cc2d2f1878c4a6733389f03deb0a3fc0c672e2f4910fde9802d6675929cb3dc5\",\"nodeName\":\"5b07d12d1512a66493c8fd3456d8c505e6ce05f20061613a4c48a1fa3755bbf9cc2d2f1878c4a6733389f03deb0a3fc0c672e2f4910fde9802d6675929cb3dc5\",\"rpcServiceName\":\"\",\"smCryptoType\":false}\n","microService":false,"name":"5b07d12d1512a66493c8fd3456d8c505e6ce05f20061613a4c48a1fa3755bbf9cc2d2f1878c4a6733389f03deb0a3fc0c672e2f4910fde9802d6675929cb3dc5","nodeID":"5b07d12d1512a66493c8fd3456d8c505e6ce05f20061613a4c48a1fa3755bbf9cc2d2f1878c4a6733389f03deb0a3fc0c672e2f4910fde9802d6675929cb3dc5","protocol":{"compatibilityVersion":51052544,"maxSupportedVersion":2,"minSupportedVersion":0},"serviceInfo":[{"serviceName":"LedgerServiceObj","type":2},{"serviceName":"SchedulerServiceObj","type":3},{"serviceName":"FrontServiceObj","type":4},{"serviceName":"","type":6},{"serviceName":"","type":7},{"serviceName":"TxPoolServiceObj","type":8}],"supportConfigs":["tx_gas_limit","tx_gas_price","tx_count_limit","consensus_leader_period","auth_check_status","compatibility_version","feature_rpbft","feature_rpbft_epoch_block_num","feature_rpbft_epoch_sealer_num","feature_balance_precompiled","web3_chain_id"],"type":0}]}],"protocolVersion":2}
info|2026-02-06 15:36:10.293791|ioService-0x0000765e869fe6c0|[parseSubTopicsJson],topicItems size=0,json={"topics":[]}
info|2026-02-06 15:36:10.293832|ioService-0x0000765e869fe6c0|[AMOPClient]subscribeTopicToAllNodes,topicInfo={
	"topics" : []
}
info|2026-02-06 15:36:10.293877|ioService-0x0000765e869fe6c0|[AMOP][TOPIC][parseSubTopicsJson],topicItems size=0,json={
	"topics" : []
}
info|2026-02-06 15:36:10.293884|ioService-0x0000765e869fe6c0|[AMOP][TOPIC][subTopic],client=localAMOP,topicSeq=1,topicItems size=0
info|2026-02-06 15:36:10.293889|ioService-0x0000765e869fe6c0|[AMOPClient][onRecvSubTopics],topicInfo={"topics":[]}
,endpoint=127.0.0.1:56122,seq=94510b9b2fd0434ea32b6094975479fc
info|2026-02-06 15:36:11.919088|fisco-bcos-0x0000765ebc1ff6c0|[SCHEDULER][serialExecute][blk-31][BlockTrace]serialExecute execute block
info|2026-02-06 15:36:11.919142|fisco-bcos-0x0000765ebc1ff6c0|[SCHEDULER][METRIC][BlockTrace][blk-31]preExeBlock success,blockHeader.timestamp=0,metaTxCount=0,timeCost=0
info|2026-02-06 15:36:11.929742|fisco-bcos-0x0000765e861fc6c0|[SCHEDULER][serialExecute][blk-31][BlockTrace]serialExecute execute block
info|2026-02-06 15:36:11.929795|fisco-bcos-0x0000765e861fc6c0|[SCHEDULER][METRIC][BlockTrace][blk-31]preExeBlock success,blockHeader.timestamp=0,metaTxCount=0,timeCost=0
info|2026-02-06 15:36:12.190663|txsSeal-0x0000765edcdf36c0|[TXPOOL]begin batchFetchTxs,pendingTxs=2,limit=1000
info|2026-02-06 15:36:12.190789|txsSeal-0x0000765edcdf36c0|[TXPOOL][METRIC]batchFetchTxs success,time=0,txsSize=2,sysTxsSize=0,pendingTxs=2,limit=1000,fetchTxsT=0,lockT=0,invalidBefore=0,invalidNow=0,sealed=0,traverseCount=2
info|2026-02-06 15:36:12.191817|Sealer-0x0000765ebfdfd6c0|[CONSENSUS][SEALER]++++++++++++++++ Generate proposal,index=32,curNum=31,hash=f0aa4bd4...,sysTxs=false,txsSize=2,version=51052544
info|2026-02-06 15:36:12.191887|Sealer-0x0000765ebfdfd6c0|[CONSENSUS][PBFT]asyncSubmitProposal,index=32,hash=f0aa4bd4...,committedIndex=31,consNum=32,committedHash=6687a886...,view=3,toView=3,changeCycle=0,expectedCheckPoint=32,Idx=3,unsealedTxs=0,sealUntil=0,waitResealUntil=0,consensusTimeout=3000,nodeId=5b07d12d...
info|2026-02-06 15:36:12.191951|Sealer-0x0000765ebfdfd6c0|[CONSENSUS][PBFT]++++++++++++++++ Generating seal on,index=32,Idx=3,hash=f0aa4bd4...,sysProposal=false
info|2026-02-06 15:36:12.192085|Sealer-0x0000765ebfdfd6c0|[CONSENSUS][PBFT]broadcast pre-prepare packet,packetSize=677,index=32,encode(ms)=1,asyncSend(ms)=0
info|2026-02-06 15:36:12.192104|Sealer-0x0000765ebfdfd6c0|[CONSENSUS][PBFT]handlePrePrepareMsg,reqHash=f0aa4bd4...,reqIndex=32,reqV=3,fromIdx=3,wait(ms)=1,committedIndex=31,consNum=32,committedHash=6687a886...,view=3,toView=3,changeCycle=0,expectedCheckPoint=32,Idx=3,unsealedTxs=0,sealUntil=0,waitResealUntil=0,consensusTimeout=3000,nodeId=5b07d12d...,utc=15829909
info|2026-02-06 15:36:12.192143|Sealer-0x0000765ebfdfd6c0|[CONSENSUS][PBFT]addPrePrepareCache,reqHash=f0aa4bd4...,reqIndex=32,reqV=3,fromIdx=3,wait(ms)=1,sys=false,committedIndex=31,consNum=32,committedHash=6687a886...,view=3,toView=3,changeCycle=0,expectedCheckPoint=32,Idx=3,unsealedTxs=0,sealUntil=0,waitResealUntil=0,consensusTimeout=3000,nodeId=5b07d12d...
info|2026-02-06 15:36:12.192154|validator-0x0000765ed05da6c0|[CONSENSUS][PBFT]asyncResetTxsFlag,index=32,hash=f0aa4bd4...,flag=true
info|2026-02-06 15:36:12.192165|Sealer-0x0000765ebfdfd6c0|[CONSENSUS][PBFT]notify the committed proposal index to the sync module success,index=32
info|2026-02-06 15:36:12.192203|validator-0x0000765ed05da6c0|[TXPOOL]batchMarkTxs,txsSize=2,batchId=32,hash=f0aa4bd4...,sealFlag=true,notFound=0,reSealed=0,succ=2,time=0,markT=0
info|2026-02-06 15:36:12.192220|Sealer-0x0000765ebfdfd6c0|[CONSENSUS][PBFT]addPrepareCache,reqHash=f0aa4bd4...,reqIndex=32,reqV=3,fromIdx=3,wait(ms)=0,committedIndex=31,consNum=32,committedHash=6687a886...,view=3,toView=3,changeCycle=0,expectedCheckPoint=32,Idx=3,unsealedTxs=0,sealUntil=0,waitResealUntil=0,consensusTimeout=3000,nodeId=5b07d12d...,weight=1
info|2026-02-06 15:36:12.192227|validator-0x0000765ed05da6c0|[CONSENSUS][PBFT]asyncMarkTxs success,index=32,hash=f0aa4bd4...,flag=true,markT=0,emptyTxBatchHash=false
info|2026-02-06 15:36:12.192259|Sealer-0x0000765ebfdfd6c0|[CONSENSUS][PBFT]broadcast prepare packet,packetSize=230,index=32
info|2026-02-06 15:36:12.192318|Sealer-0x0000765ebfdfd6c0|[CONSENSUS][PBFT]handlePrePrepareMsg and broadcast prepare packet,reqHash=f0aa4bd4...,reqIndex=32,reqV=3,fromIdx=3,wait(ms)=1,committedIndex=31,consNum=32,committedHash=6687a886...,view=3,toView=3,changeCycle=0,expectedCheckPoint=32,Idx=3,unsealedTxs=0,sealUntil=0,waitResealUntil=0,consensusTimeout=3000,nodeId=5b07d12d...
info|2026-02-06 15:36:12.192332|Sealer-0x0000765ebfdfd6c0|[CONSENSUS][PBFT]handlePrePrepareMsg success,index=32,costT(ms)=0
info|2026-02-06 15:36:12.193715|pbft-0x0000765ebedfb6c0|[CONSENSUS][PBFT]addPrepareCache,reqHash=f0aa4bd4...,reqIndex=32,reqV=3,fromIdx=0,wait(ms)=0,committedIndex=31,consNum=32,committedHash=6687a886...,view=3,toView=3,changeCycle=0,expectedCheckPoint=32,Idx=3,unsealedTxs=0,sealUntil=0,waitResealUntil=0,consensusTimeout=3000,nodeId=5b07d12d...,weight=2
info|2026-02-06 15:36:12.193945|pbft-0x0000765ebedfb6c0|[CONSENSUS][PBFT]addPrepareCache,reqHash=f0aa4bd4...,reqIndex=32,reqV=3,fromIdx=2,wait(ms)=0,committedIndex=31,consNum=32,committedHash=6687a886...,view=3,toView=3,changeCycle=0,expectedCheckPoint=32,Idx=3,unsealedTxs=0,sealUntil=0,waitResealUntil=0,consensusTimeout=3000,nodeId=5b07d12d...,weight=3
info|2026-02-06 15:36:12.193980|pbft-0x0000765ebedfb6c0|[CONSENSUS][PBFT]setSignatureList,signatureSize=3,propHash=f0aa4bd4...,propIndex=32
info|2026-02-06 15:36:12.193991|pbft-0x0000765ebedfb6c0|[CONSENSUS][PBFT]intoPrecommit,reqHash=f0aa4bd4...,reqIndex=32,reqV=3,fromIdx=3,wait(ms)=2,committedIndex=31,consNum=32,committedHash=6687a886...,view=3,toView=3,changeCycle=0,expectedCheckPoint=32,Idx=3,unsealedTxs=0,sealUntil=0,waitResealUntil=0,consensusTimeout=3000,nodeId=5b07d12d...
info|2026-02-06 15:36:12.194028|pbft-0x0000765ebedfb6c0|[CONSENSUS][PBFT]addCommitCache,reqHash=f0aa4bd4...,reqIndex=32,reqV=3,fromIdx=3,wait(ms)=1,committedIndex=31,consNum=32,committedHash=6687a886...,view=3,toView=3,changeCycle=0,expectedCheckPoint=32,Idx=3,unsealedTxs=0,sealUntil=0,waitResealUntil=0,consensusTimeout=3000,nodeId=5b07d12d...,weight=1
info|2026-02-06 15:36:12.194046|pbft-0x0000765ebedfb6c0|[CONSENSUS][PBFT]checkAndPreCommit: broadcast commitMsg,Idx=3,hash=f0aa4bd4...,index=32
info|2026-02-06 15:36:12.195674|pbft-0x0000765ebedfb6c0|[CONSENSUS][PBFT]addCommitCache,reqHash=f0aa4bd4...,reqIndex=32,reqV=3,fromIdx=0,wait(ms)=1,committedIndex=31,consNum=32,committedHash=6687a886...,view=3,toView=3,changeCycle=0,expectedCheckPoint=32,Idx=3,unsealedTxs=0,sealUntil=0,waitResealUntil=0,consensusTimeout=3000,nodeId=5b07d12d...,weight=2
info|2026-02-06 15:36:12.195781|pbft-0x0000765ebedfb6c0|[CONSENSUS][PBFT]addPrepareCache,reqHash=f0aa4bd4...,reqIndex=32,reqV=3,fromIdx=1,wait(ms)=1,committedIndex=31,consNum=32,committedHash=6687a886...,view=3,toView=3,changeCycle=0,expectedCheckPoint=32,Idx=3,unsealedTxs=0,sealUntil=0,waitResealUntil=0,consensusTimeout=3000,nodeId=5b07d12d...,weight=4
info|2026-02-06 15:36:12.195844|pbft-0x0000765ebedfb6c0|[CONSENSUS][PBFT]addCommitCache,reqHash=f0aa4bd4...,reqIndex=32,reqV=3,fromIdx=2,wait(ms)=1,committedIndex=31,consNum=32,committedHash=6687a886...,view=3,toView=3,changeCycle=0,expectedCheckPoint=32,Idx=3,unsealedTxs=0,sealUntil=0,waitResealUntil=0,consensusTimeout=3000,nodeId=5b07d12d...,weight=3
info|2026-02-06 15:36:12.195866|pbft-0x0000765ebedfb6c0|[CONSENSUS][PBFT]checkAndCommit,propHash=f0aa4bd4...,propIndex=32,committedIndex=31,consNum=32,committedHash=6687a886...,view=3,toView=3,changeCycle=0,expectedCheckPoint=32,Idx=3,unsealedTxs=0,sealUntil=0,waitResealUntil=0,consensusTimeout=3000,nodeId=5b07d12d...
info|2026-02-06 15:36:12.195880|pbft-0x0000765ebedfb6c0|[CONSENSUS][PBFT]######## CommitProposal,propHash=f0aa4bd4...,propIndex=32,sys=false,committedIndex=31,consNum=32,committedHash=6687a886...,view=3,toView=3,changeCycle=0,expectedCheckPoint=32,Idx=3,unsealedTxs=0,sealUntil=0,waitResealUntil=0,consensusTimeout=3000,nodeId=5b07d12d...
info|2026-02-06 15:36:12.195888|pbft-0x0000765ebedfb6c0|[CONSENSUS][PBFT]notify to seal next proposal,nextProposalIndex=33
info|2026-02-06 15:36:12.195913|pbft-0x0000765ebedfb6c0|[CONSENSUS][PBFT]notify to seal next proposal,nextProposalIndex=33
info|2026-02-06 15:36:12.195928|pbft-0x0000765ebedfb6c0|[CONSENSUS][PBFT]applyStateMachine,index=32,hash=f0aa4bd4...,committedIndex=31,consNum=32,committedHash=6687a886...,view=3,toView=3,changeCycle=0,expectedCheckPoint=32,Idx=3,unsealedTxs=0,sealUntil=0,waitResealUntil=0,consensusTimeout=3000,nodeId=5b07d12d...,unAppliedProposals=0
info|2026-02-06 15:36:12.196014|preExeScheduler-0x0000765e7d2606c0|[SCHEDULER][METRIC][BlockTrace][blk-32]preExeBlock success,blockHeader.timestamp=1770363372191,metaTxCount=2,timeCost=1
info|2026-02-06 15:36:12.196021|exeScheduler-0x0000765e7c25e6c0|[SCHEDULER][METRIC][blk-32]ExecuteBlock request,gasLimit=3000000000,gasPrice=0x0,verify=false,signatureSize=0,txCount=0,metaTxCount=2,version=3.11.0,waitT=0
info|2026-02-06 15:36:12.196075|exeScheduler-0x0000765e7c25e6c0|[SCHEDULER][blk-32][BlockTrace]ExecuteBlock start,time(ms)=0
info|2026-02-06 15:36:12.196096|exeScheduler-0x0000765e7c25e6c0|[SCHEDULER][serialExecute][blk-32][BlockTrace]serialExecute execute block
info|2026-02-06 15:36:12.196100|exeScheduler-0x0000765e7c25e6c0|[SCHEDULER][serialExecute][blk-32][BlockTrace]serialExecute batch next block
info|2026-02-06 15:36:12.196546|exeScheduler-0x0000765e7c25e6c0|[SCHEDULER][blk-32][BlockTrace]NextBlock request,executorNum=1
info|2026-02-06 15:36:12.196911|exec-0x0000765ed55e46c0|[SCHEDULER][blk-32][BlockTrace]NextBlock success,executorNum=1,timeCost=0
info|2026-02-06 15:36:12.196941|exec-0x0000765ed55e46c0|[SCHEDULER][serialExecute][blk-32][BlockTrace]serialExecute block begin
info|2026-02-06 15:36:12.197652|Unnamed-0x0000765e752506c0|[EXECUTOR]EVM_REVERT,to=610857669da60d63f4c9e30713bb86a49251fe2a,gasLeft=3000000000
info|2026-02-06 15:36:12.197681|Unnamed-0x0000765e752506c0|[EXECUTOR][blk-32]Revert transaction,contextID=0,seq=1
info|2026-02-06 15:36:12.197685|Unnamed-0x0000765e752506c0|[EXECUTOR][blk-32]Revert transaction,contextID=0,seq=1
info|2026-02-06 15:36:12.197743|Unnamed-0x0000765e752506c0|[EXECUTOR]EVM_REVERT,to=600e41f494cbeed1936d5e0a293aee0ab1746c7b,gasLeft=3000000000
info|2026-02-06 15:36:12.197759|Unnamed-0x0000765e752506c0|[EXECUTOR][blk-32]Revert transaction,contextID=1,seq=0
info|2026-02-06 15:36:12.198577|exec-0x0000765ed4de36c0|[STORAGE-KeyPage]hash,size=27,blockVersion=51052544,readLength=12055,writeLength=0,pageCount=0,entrycount=0,entriesHash=0000000000000000000000000000000000000000000000000000000000000000,pagesHash=0000000000000000000000000000000000000000000000000000000000000000,totalHash=0000000000000000000000000000000000000000000000000000000000000000
info|2026-02-06 15:36:12.198721|exec-0x0000765ed4de36c0|[EXECUTOR:1770362656][blk-32]GetTableHashes success,hash=0000000000000000000000000000000000000000000000000000000000000000,time(ms)=1
info|2026-02-06 15:36:12.198756|exec-0x0000765ed4de36c0|[SCHEDULER][blk-32][BlockTrace]ExecuteBlock success,hash=1e4d10cd...,stateRoot=0000000000000000000000000000000000000000000000000000000000000000,receiptRoot=43a5ad31f63d38e6979d27c7ce6f03df9684ba0b39fa24a5354ec69ce3e4b0d8,txsRoot=b6d69296...,gasUsed=30081,signatureSize=0,timeCost=2,blockVersion=51052544
info|2026-02-06 15:36:12.198781|exec-0x0000765ed4de36c0|[CONSENSUS][Core][METRIC]asyncExecuteBlock success,sysBlock=false,number=32,result=1e4d10cd...,txsSize=2,txsRoot=b6d69296...,receiptsRoot=43a5ad31...,stateRoot=00000000...,timeCost=2,execPerTx=1
info|2026-02-06 15:36:12.198806|exec-0x0000765ed4de36c0|[CONSENSUS][PBFT]applyStateMachine finished,index=32,beforeExec=f0aa4bd4...,afterExec=1e4d10cd...,committedIndex=31,consNum=32,committedHash=6687a886...,view=3,toView=3,changeCycle=0,expectedCheckPoint=32,Idx=3,unsealedTxs=0,sealUntil=0,waitResealUntil=0,consensusTimeout=3000,nodeId=5b07d12d...,timecost=3
info|2026-02-06 15:36:12.198998|pbftWorker-0x0000765ecc5d26c0|[CONSENSUS][PBFT][STORAGE]asyncCommitProposal: write the committed proposal into db,index=32
info|2026-02-06 15:36:12.199192|pbftWorker-0x0000765ecc5d26c0|[CONSENSUS][PBFT][STORAGE]asyncPutProposal: commit success,dbName=pbftCommitDB,key=max_committed_proposal,number=32,timecost=0,dataSize=2
info|2026-02-06 15:36:12.199244|pbftWorker-0x0000765ecc5d26c0|[CONSENSUS][PBFT][STORAGE]asyncPutProposal: commit success,dbName=pbftCommitDB,key=32,number=32,timecost=0,dataSize=761
info|2026-02-06 15:36:12.199385|pbftWorker-0x0000765ecc5d26c0|[CONSENSUS][PBFT]addCheckPointMsg,reqHash=1e4d10cd...,reqIndex=32,reqV=3,fromIdx=3,wait(ms)=0,Idx=3,weight=1,minRequiredWeight=3
info|2026-02-06 15:36:12.199397|pbftWorker-0x0000765ecc5d26c0|[CONSENSUS][PBFT]setCheckPointProposal,propHash=1e4d10cd...,propIndex=32,committedIndex=31,consNum=32,committedHash=6687a886...,view=3,toView=3,changeCycle=0,expectedCheckPoint=32,Idx=3,unsealedTxs=0,sealUntil=0,waitResealUntil=0,consensusTimeout=3000,nodeId=5b07d12d...
info|2026-02-06 15:36:12.199404|pbftWorker-0x0000765ecc5d26c0|[CONSENSUS][PBFT]PBFTConfig: setExpectedCheckPoint,committedIndex=31,consNum=32,committedHash=6687a886...,view=3,toView=3,changeCycle=0,expectedCheckPoint=33,Idx=3,unsealedTxs=0,sealUntil=0,waitResealUntil=0,consensusTimeout=3000,nodeId=5b07d12d...,expectedCheckPoint=33
info|2026-02-06 15:36:12.199409|pbftWorker-0x0000765ecc5d26c0|[CONSENSUS][PBFT]notify to seal next proposal,nextProposalIndex=33
info|2026-02-06 15:36:12.199415|pbftWorker-0x0000765ecc5d26c0|[CONSENSUS][PBFT]onProposalApplySuccess,index=32,hash=1e4d10cd...,lockT=0,timecost=0
info|2026-02-06 15:36:12.199764|pbft-0x0000765ebedfb6c0|[CONSENSUS][PBFT]handleCheckPointMsg: try to add the checkpoint message into the cache,reqHash=1e4d10cd...,reqIndex=32,reqV=3,fromIdx=2,wait(ms)=0,committedIndex=31,consNum=32,committedHash=6687a886...,view=3,toView=3,changeCycle=0,expectedCheckPoint=33,Idx=3,unsealedTxs=0,sealUntil=0,waitResealUntil=0,consensusTimeout=3000,nodeId=5b07d12d...
info|2026-02-06 15:36:12.199786|pbft-0x0000765ebedfb6c0|[CONSENSUS][PBFT]addCheckPointMsg,reqHash=1e4d10cd...,reqIndex=32,reqV=3,fromIdx=2,wait(ms)=0,Idx=3,weight=2,minRequiredWeight=3
info|2026-02-06 15:36:12.199792|pbft-0x0000765ebedfb6c0|[CONSENSUS][PBFT]notify to seal next proposal,nextProposalIndex=33
info|2026-02-06 15:36:12.199872|pbft-0x0000765ebedfb6c0|[CONSENSUS][PBFT]handleCheckPointMsg: try to add the checkpoint message into the cache,reqHash=1e4d10cd...,reqIndex=32,reqV=3,fromIdx=1,wait(ms)=0,committedIndex=31,consNum=32,committedHash=6687a886...,view=3,toView=3,changeCycle=0,expectedCheckPoint=33,Idx=3,unsealedTxs=0,sealUntil=0,waitResealUntil=0,consensusTimeout=3000,nodeId=5b07d12d...
info|2026-02-06 15:36:12.199881|pbft-0x0000765ebedfb6c0|[CONSENSUS][PBFT]addCheckPointMsg,reqHash=1e4d10cd...,reqIndex=32,reqV=3,fromIdx=1,wait(ms)=0,Idx=3,weight=3,minRequiredWeight=3
info|2026-02-06 15:36:12.199886|pbft-0x0000765ebedfb6c0|[CONSENSUS][PBFT]notify to seal next proposal,nextProposalIndex=33
info|2026-02-06 15:36:12.199892|pbft-0x0000765ebedfb6c0|[CONSENSUS][PBFT]setSignatureList,signatureSize=3,propHash=1e4d10cd...,propIndex=32
info|2026-02-06 15:36:12.199895|pbft-0x0000765ebedfb6c0|[CONSENSUS][PBFT]checkAndCommitStableCheckPoint,index=32,hash=1e4d10cd...,committedIndex=31,consNum=32,committedHash=6687a886...,view=3,toView=3,changeCycle=0,expectedCheckPoint=33,Idx=3,unsealedTxs=0,sealUntil=0,waitResealUntil=0,consensusTimeout=3000,nodeId=5b07d12d...
info|2026-02-06 15:36:12.199900|pbft-0x0000765ebedfb6c0|[CONSENSUS][PBFT]updateStableCheckPointQueue: insert new checkpoint proposal,index=32,hash=1e4d10cd...,committedIndex=31,consNum=32,committedHash=6687a886...,view=3,toView=3,changeCycle=0,expectedCheckPoint=33,Idx=3,unsealedTxs=0,sealUntil=0,waitResealUntil=0,consensusTimeout=3000,nodeId=5b07d12d...
info|2026-02-06 15:36:12.199904|pbft-0x0000765ebedfb6c0|[CONSENSUS][PBFT]updateStableCheckPointQueue: commit stable checkpoint,index=32,committedIndex=31
info|2026-02-06 15:36:12.199912|pbft-0x0000765ebedfb6c0|[CONSENSUS][PBFT]asyncCommitStableCheckPoint: set signatureList,index=32,hash=1e4d10cd...,proofSize=3,blockProofSize=3
info|2026-02-06 15:36:12.199996|blockSubmit-0x0000765ecedd76c0|[SCHEDULER][blk-32][BlockTrace]CommitBlock start
info|2026-02-06 15:36:12.200448|blockSubmit-0x0000765ecedd76c0|[STORAGE-RocksDB]asyncPrepare,number=32
info|2026-02-06 15:36:12.200479|blockSubmit-0x0000765ecedd76c0|[STORAGE-RocksDB]asyncPrepare finished,blockNumber=32,put=8,delete=0,startTS=0,encode(ms)=0,time(ms)=0
info|2026-02-06 15:36:12.200501|blockSubmit-0x0000765ecedd76c0|[LEDGER]storeTransactionsAndReceipts,blockNumber=32
info|2026-02-06 15:36:12.200591|blockSubmit-0x0000765ecedd76c0|[STORAGE-RocksDB]setRows finished,put=2,dataSize=1422,time(ms)=0
info|2026-02-06 15:36:12.200790|exec-0x0000765ed45e26c0|[STORAGE-RocksDB]asyncPrepare,number=32
info|2026-02-06 15:36:12.200957|ledgerWrite-0x0000765ee25fe6c0|[STORAGE-RocksDB]setRows finished,put=2,dataSize=406,time(ms)=0
info|2026-02-06 15:36:12.201011|exec-0x0000765ed45e26c0|[STORAGE-KeyPage]parallelTraverse,size=0
info|2026-02-06 15:36:12.201060|exec-0x0000765ed45e26c0|[STORAGE-RocksDB]asyncPrepare finished,blockNumber=32,put=0,delete=0,startTS=0,encode(ms)=0,time(ms)=0
info|2026-02-06 15:36:12.201073|exec-0x0000765ed45e26c0|[EXECUTOR:1770362656][blk-32]Prepare success
info|2026-02-06 15:36:12.201126|pbft-0x0000765ebedfb6c0|[CONSENSUS][PBFT]handleCheckPointMsg: try to add the checkpoint message into the cache,reqHash=1e4d10cd...,reqIndex=32,reqV=3,fromIdx=0,wait(ms)=1,committedIndex=31,consNum=32,committedHash=6687a886...,view=3,toView=3,changeCycle=0,expectedCheckPoint=33,Idx=3,unsealedTxs=0,sealUntil=0,waitResealUntil=0,consensusTimeout=3000,nodeId=5b07d12d...
info|2026-02-06 15:36:12.201159|pbft-0x0000765ebedfb6c0|[CONSENSUS][PBFT]addCheckPointMsg,reqHash=1e4d10cd...,reqIndex=32,reqV=3,fromIdx=0,wait(ms)=1,Idx=3,weight=4,minRequiredWeight=3
info|2026-02-06 15:36:12.201166|pbft-0x0000765ebedfb6c0|[CONSENSUS][PBFT]notify to seal next proposal,nextProposalIndex=33
info|2026-02-06 15:36:12.201175|blockSubmit-0x0000765ecedd76c0|[LEDGER]storeTransactionsAndReceipts finished,blockNumber=32,blockTxsSize=2,unStoredTxs=2,timeCost=1
info|2026-02-06 15:36:12.201275|blockSubmit-0x0000765ecedd76c0|[STORAGE-RocksDB]asyncCommit finished,blockNumber=32,startTS=0,time(ms)=0,callback time(ms)=0,count=8
info|2026-02-06 15:36:12.201314|exec-0x0000765ed3de16c0|[TOOL]fetchCompatibilityVersion
info|2026-02-06 15:36:12.201332|blockSubmit-0x0000765ecedd76c0|[LEDGER][METRIC]asyncPrewriteBlock,number=32,totalTxs=34,failedTxs=10,incTxs=2,incFailedTxs=2
info|2026-02-06 15:36:12.201387|exec-0x0000765ed3de16c0|[TOOL]fetchCompatibilityVersion success,version=3.11.0,versionNumber=51052544,minSupportedVersion=3.0.0-rc4,maxSupportedVersion=3.11.0
info|2026-02-06 15:36:12.201428|exec-0x0000765ed3de16c0|[TOOL]fetchAuthCheckStatus success,value=0
info|2026-02-06 15:36:12.201433|exec-0x0000765ed3de16c0|[EXECUTOR:1770362656]merge keyPage to cachedStorage,number=32
info|2026-02-06 15:36:12.201450|exec-0x0000765ed3de16c0|[STORAGE-KeyPage]parallelTraverse,size=0
info|2026-02-06 15:36:12.201476|exec-0x0000765ed3de16c0|[STORAGE]Successful merged records,count=0
info|2026-02-06 15:36:12.202346|exec-0x0000765ed3de16c0|[SCHEDULER][blk-32][BlockTrace]CommitBlock success,gas limit=3000000000,timeCost=2
info|2026-02-06 15:36:12.202581|exec-0x0000765ed3de16c0|[SCHEDULER][BlockTrace]Notify block result success,blockNumber=32
info|2026-02-06 15:36:12.202604|exec-0x0000765ed3de16c0|[CONSENSUS][PBFT][STORAGE][METRIC]commitStableCheckPoint success,index=32,hash=1e4d10cd...,txs=2,timeCost=3,commitPerTx=1.5
info|2026-02-06 15:36:12.202628|exec-0x0000765ed3de16c0|[SCHEDULER][blk-32]notify block result success,hash=1e4d10cd...,txsSize=2
info|2026-02-06 15:36:12.202667|blockSubmit-0x0000765ecedd76c0|[CONSENSUS][PBFT][METRIC]resetConfig,committedIndex=32,propHash=1e4d10cd...,blockCountLimit=1000,leaderPeriod=1,consensusNodesSize=4
info|2026-02-06 15:36:12.202734|exec-0x0000765ed3de16c0|[STORAGE-RocksDB]asyncCommit finished,blockNumber=32,startTS=0,time(ms)=0,callback time(ms)=2,count=0
info|2026-02-06 15:36:12.202776|blockSubmit-0x0000765ecedd76c0|[CONSENSUS][PBFT][METRIC]^^^^^^^^Report,sealer=3,txs=2,committedIndex=32,consNum=33,committedHash=1e4d10cd...,view=3,toView=3,changeCycle=0,expectedCheckPoint=33,Idx=3,unsealedTxs=0,sealUntil=0,waitResealUntil=0,consensusTimeout=3000,nodeId=5b07d12d...
info|2026-02-06 15:36:12.202805|blockSubmit-0x0000765ecedd76c0|[CONSENSUS][SEALER]asyncNoteLatestBlockNumber,number=32
info|2026-02-06 15:36:12.202812|blockSubmit-0x0000765ecedd76c0|[CONSENSUS][SEALER]asyncNoteLatestBlockHash,_hash=1e4d10cd...
info|2026-02-06 15:36:12.202831|blockSubmit-0x0000765ecedd76c0|[BLOCK SYNC]#### BlockSyncConfig resetConfig,number=32,consNodeSize=4,observerNodeSize=0,type=CONSENSUS_NODE
info|2026-02-06 15:36:12.202940|submitter-0x0000765ededf76c0|[TXPOOL][METRIC]StatTPS,tps=153,totalTime=13
info|2026-02-06 15:36:12.203175|blockSubmit-0x0000765ecedd76c0|[CONSENSUS][PBFT]notify to seal next proposal,nextProposalIndex=33
info|2026-02-06 15:36:12.203266|blockSubmit-0x0000765ecedd76c0|[CONSENSUS][PBFT]removeConsensusedCache finalizeConsensus,view=3,number=32,eraseSize=1,cacheSize=0
info|2026-02-06 15:36:12.203305|blockSubmit-0x0000765ecedd76c0|[CONSENSUS][PBFT][STORAGE]asyncRemoveStabledCheckPoint,index=27
info|2026-02-06 15:36:12.203348|blockSubmit-0x0000765ecedd76c0|[CONSENSUS][PBFT][STORAGE]asyncRemove success,dbName=pbftCommitDB,key=27
info|2026-02-06 15:36:12.203981|submitter-0x0000765ededf76c0|[TXPOOL][METRIC]batchRemove txs success,expectedSize=2,succCount=2,batchId=32,timecost=1,lockT=0,removeT=0,updateLedgerNonceT=0,updateTxPoolNonceT=0
info|2026-02-06 15:36:12.394160|ioService-0x0000765e90bfd6c0|[DEFAULT][HTTP][SESSION][onRead]receive http request
info|2026-02-06 15:36:12.407291|ioService-0x0000765e90bfd6c0|[DEFAULT][HTTP][SESSION][onRead]receive http request
info|2026-02-06 15:36:12.422313|ioService-0x0000765e90bfd6c0|[DEFAULT][HTTP][SESSION][onRead]receive http request
info|2026-02-06 15:36:12.563054|ioService-0x0000765ea9bfd6c0|[WS][SESSION][asyncRead],message=End of file,endpoint=127.0.0.1:56122,refCount=2
info|2026-02-06 15:36:12.563155|ioService-0x0000765ea9bfd6c0|[RPC][WS][SESSION][drop],reason=4294963295,endpoint=127.0.0.1:56122,session=0x765e9a43f210
info|2026-02-06 15:36:12.563205|ioService-0x0000765ea9bfd6c0|[RPC][WS][SESSION][drop],reason=4294963295,endpoint=127.0.0.1:56122,cb size=0,session=0x765e9a43f210
info|2026-02-06 15:36:12.563377|ioService-0x0000765ea9bfd6c0|[DEFAULT][WS][STREAM]the real action to close the stream,this=0x765e9a54d010
info|2026-02-06 15:36:12.563732|fisco-bcos-0x0000765ebc9fc6c0|[RPC][WS][SERVICE][removeSession],endpoint=127.0.0.1:56122
info|2026-02-06 15:36:12.563824|fisco-bcos-0x0000765ebc9fc6c0|[RPC][WS][SERVICE][onDisconnect],endpoint=127.0.0.1:56122,refCount=2
info|2026-02-06 15:36:12.563839|fisco-bcos-0x0000765ebc9fc6c0|[RPC][WS][SESSION],[DELOBJ][WSSESSION]=0x765e9a43f210
info|2026-02-06 15:36:12.563848|fisco-bcos-0x0000765ebc9fc6c0|[DEFAULT][WS][STREAM],[DELOBJ][WsStream]=0x765e9a54d010
info|2026-02-06 15:36:12.565947|ioService-0x0000765e9c1fe6c0|[WS][SESSION][asyncRead],message=End of file,endpoint=127.0.0.1:56120,refCount=2
info|2026-02-06 15:36:12.566016|ioService-0x0000765e9c1fe6c0|[RPC][WS][SESSION][drop],reason=4294963295,endpoint=127.0.0.1:56120,session=0x765e9640a210
info|2026-02-06 15:36:12.566070|ioService-0x0000765e9c1fe6c0|[RPC][WS][SESSION][drop],reason=4294963295,endpoint=127.0.0.1:56120,cb size=0,session=0x765e9640a210
info|2026-02-06 15:36:12.566174|ioService-0x0000765e9c1fe6c0|[DEFAULT][WS][STREAM]the real action to close the stream,this=0x765e96409110
info|2026-02-06 15:36:12.566534|fisco-bcos-0x0000765ec85ca6c0|[RPC][WS][SERVICE][removeSession],endpoint=127.0.0.1:56120
info|2026-02-06 15:36:12.566614|fisco-bcos-0x0000765ec85ca6c0|[RPC][WS][SERVICE][onDisconnect],endpoint=127.0.0.1:56120,refCount=2
info|2026-02-06 15:36:12.566629|fisco-bcos-0x0000765ec85ca6c0|[RPC][WS][SESSION],[DELOBJ][WSSESSION]=0x765e9640a210
info|2026-02-06 15:36:12.566638|fisco-bcos-0x0000765ec85ca6c0|[DEFAULT][WS][STREAM],[DELOBJ][WsStream]=0x765e96409110
info|2026-02-06 15:36:15.394023|ioService-0x0000765e90bfd6c0|[DEFAULT][HTTP][SESSION][onRead]receive http request
info|2026-02-06 15:36:16.471957|objMonitor-0x0000765e8a1f06c0|[startMonitor][AliveObjectMonitor],AliveObjectAllocStat=[ type: bcos::gateway::Socket ,created: 11 ,destroyed: 7 ,alive: 4 ] 
info|2026-02-06 15:36:16.474787|ioService-0x0000765ebb5fd6c0|[P2PService][Service][METRIC]heartBeat,connected count=3
info|2026-02-06 15:36:16.483647|timerFactory-0x0000765e95bff6c0|[RPC][WS][SERVICE]connected nodes,count=0
info|2026-02-06 15:36:16.484505|timerFactory-0x0000765eaa3fe6c0|[RPC][WS][SERVICE]connected nodes,count=0
info|2026-02-06 15:36:18.394274|ioService-0x0000765e90bfd6c0|[DEFAULT][HTTP][SESSION][onRead]receive http request
info|2026-02-06 15:36:21.394902|ioService-0x0000765e90bfd6c0|[DEFAULT][HTTP][SESSION][onRead]receive http request
info|2026-02-06 15:36:24.398981|ioService-0x0000765e90bfd6c0|[DEFAULT][HTTP][SESSION][onRead]receive http request
info|2026-02-06 15:36:26.474986|ioService-0x0000765ebb5fd6c0|[P2PService][Service][METRIC]heartBeat,connected count=3
info|2026-02-06 15:36:26.483799|timerFactory-0x0000765e95bff6c0|[RPC][WS][SERVICE]connected nodes,count=0
info|2026-02-06 15:36:26.484690|timerFactory-0x0000765eaa3fe6c0|[RPC][WS][SERVICE]connected nodes,count=0
info|2026-02-06 15:36:27.394817|ioService-0x0000765e90bfd6c0|[DEFAULT][HTTP][SESSION][onRead]receive http request
info|2026-02-06 15:36:30.397006|ioService-0x0000765e90bfd6c0|[DEFAULT][HTTP][SESSION][onRead]receive http request
info|2026-02-06 15:36:33.393818|ioService-0x0000765e90bfd6c0|[DEFAULT][HTTP][SESSION][onRead]receive http request
info|2026-02-06 15:36:36.394923|ioService-0x0000765e90bfd6c0|[DEFAULT][HTTP][SESSION][onRead]receive http request
info|2026-02-06 15:36:36.475189|ioService-0x0000765ebb5fd6c0|[P2PService][Service][METRIC]heartBeat,connected count=3
info|2026-02-06 15:36:36.483896|timerFactory-0x0000765e95bff6c0|[RPC][WS][SERVICE]connected nodes,count=0
info|2026-02-06 15:36:36.485373|timerFactory-0x0000765eaa3fe6c0|[RPC][WS][SERVICE]connected nodes,count=0
info|2026-02-06 15:36:39.396060|ioService-0x0000765e90bfd6c0|[DEFAULT][HTTP][SESSION][onRead]receive http request
info|2026-02-06 15:36:42.395647|ioService-0x0000765e90bfd6c0|[DEFAULT][HTTP][SESSION][onRead]receive http request
info|2026-02-06 15:36:45.395167|ioService-0x0000765e90bfd6c0|[DEFAULT][HTTP][SESSION][onRead]receive http request
info|2026-02-06 15:36:46.475352|ioService-0x0000765ebb5fd6c0|[P2PService][Service][METRIC]heartBeat,connected count=3
info|2026-02-06 15:36:46.484010|timerFactory-0x0000765e95bff6c0|[RPC][WS][SERVICE]connected nodes,count=0
info|2026-02-06 15:36:46.485618|timerFactory-0x0000765eaa3fe6c0|[RPC][WS][SERVICE]connected nodes,count=0
info|2026-02-06 15:36:48.395751|ioService-0x0000765e90bfd6c0|[DEFAULT][HTTP][SESSION][onRead]receive http request
info|2026-02-06 15:36:51.396763|ioService-0x0000765e90bfd6c0|[DEFAULT][HTTP][SESSION][onRead]receive http request
info|2026-02-06 15:36:54.399425|ioService-0x0000765e90bfd6c0|[DEFAULT][HTTP][SESSION][onRead]receive http request
info|2026-02-06 15:36:56.475615|ioService-0x0000765ebb5fd6c0|[P2PService][Service][METRIC]heartBeat,connected count=3
info|2026-02-06 15:36:56.484191|timerFactory-0x0000765e95bff6c0|[RPC][WS][SERVICE]connected nodes,count=0
info|2026-02-06 15:36:56.485862|timerFactory-0x0000765eaa3fe6c0|[RPC][WS][SERVICE]connected nodes,count=0
info|2026-02-06 15:36:57.396809|ioService-0x0000765e90bfd6c0|[DEFAULT][HTTP][SESSION][onRead]receive http request
info|2026-02-06 15:37:00.397085|ioService-0x0000765e90bfd6c0|[DEFAULT][HTTP][SESSION][onRead]receive http request
info|2026-02-06 15:37:03.399862|ioService-0x0000765e90bfd6c0|[DEFAULT][HTTP][SESSION][onRead]receive http request
info|2026-02-06 15:37:06.398856|ioService-0x0000765e90bfd6c0|[DEFAULT][HTTP][SESSION][onRead]receive http request
info|2026-02-06 15:37:06.475838|ioService-0x0000765ebb5fd6c0|[P2PService][Service][METRIC]heartBeat,connected count=3
info|2026-02-06 15:37:06.484350|timerFactory-0x0000765e95bff6c0|[RPC][WS][SERVICE]connected nodes,count=0
info|2026-02-06 15:37:06.486075|timerFactory-0x0000765eaa3fe6c0|[RPC][WS][SERVICE]connected nodes,count=0
info|2026-02-06 15:37:09.399413|ioService-0x0000765e90bfd6c0|[DEFAULT][HTTP][SESSION][onRead]receive http request
info|2026-02-06 15:37:12.402867|ioService-0x0000765e90bfd6c0|[DEFAULT][HTTP][SESSION][onRead]receive http request
info|2026-02-06 15:37:15.401565|ioService-0x0000765e90bfd6c0|[DEFAULT][HTTP][SESSION][onRead]receive http request
info|2026-02-06 15:37:16.472269|objMonitor-0x0000765e8a1f06c0|[startMonitor][AliveObjectMonitor],AliveObjectAllocStat=[ type: bcos::gateway::Socket ,created: 11 ,destroyed: 7 ,alive: 4 ] 
info|2026-02-06 15:37:16.475980|ioService-0x0000765ebb5fd6c0|[P2PService][Service][METRIC]heartBeat,connected count=3
info|2026-02-06 15:37:16.484477|timerFactory-0x0000765e95bff6c0|[RPC][WS][SERVICE]connected nodes,count=0
info|2026-02-06 15:37:16.486171|timerFactory-0x0000765eaa3fe6c0|[RPC][WS][SERVICE]connected nodes,count=0
info|2026-02-06 15:37:18.402168|ioService-0x0000765e90bfd6c0|[DEFAULT][HTTP][SESSION][onRead]receive http request
info|2026-02-06 15:37:21.402908|ioService-0x0000765e90bfd6c0|[DEFAULT][HTTP][SESSION][onRead]receive http request
info|2026-02-06 15:37:24.401991|ioService-0x0000765e90bfd6c0|[DEFAULT][HTTP][SESSION][onRead]receive http request
info|2026-02-06 15:37:26.476190|ioService-0x0000765ebb5fd6c0|[P2PService][Service][METRIC]heartBeat,connected count=3
info|2026-02-06 15:37:26.484782|timerFactory-0x0000765e95bff6c0|[RPC][WS][SERVICE]connected nodes,count=0
info|2026-02-06 15:37:26.486522|timerFactory-0x0000765eaa3fe6c0|[RPC][WS][SERVICE]connected nodes,count=0
info|2026-02-06 15:37:27.402891|ioService-0x0000765e90bfd6c0|[DEFAULT][HTTP][SESSION][onRead]receive http request
info|2026-02-06 15:37:30.403292|ioService-0x0000765e90bfd6c0|[DEFAULT][HTTP][SESSION][onRead]receive http request
info|2026-02-06 15:37:33.402802|ioService-0x0000765e90bfd6c0|[DEFAULT][HTTP][SESSION][onRead]receive http request
info|2026-02-06 15:37:36.401574|ioService-0x0000765e90bfd6c0|[DEFAULT][HTTP][SESSION][onRead]receive http request
info|2026-02-06 15:37:36.476466|ioService-0x0000765ebb5fd6c0|[P2PService][Service][METRIC]heartBeat,connected count=3
info|2026-02-06 15:37:36.485296|timerFactory-0x0000765e95bff6c0|[RPC][WS][SERVICE]connected nodes,count=0
info|2026-02-06 15:37:36.486834|timerFactory-0x0000765eaa3fe6c0|[RPC][WS][SERVICE]connected nodes,count=0
info|2026-02-06 15:37:39.403011|ioService-0x0000765e90bfd6c0|[DEFAULT][HTTP][SESSION][onRead]receive http request
info|2026-02-06 15:37:42.404564|ioService-0x0000765e90bfd6c0|[DEFAULT][HTTP][SESSION][onRead]receive http request
info|2026-02-06 15:37:45.403901|ioService-0x0000765e90bfd6c0|[DEFAULT][HTTP][SESSION][onRead]receive http request
info|2026-02-06 15:37:46.476681|ioService-0x0000765ebb5fd6c0|[P2PService][Service][METRIC]heartBeat,connected count=3
info|2026-02-06 15:37:46.485711|timerFactory-0x0000765e95bff6c0|[RPC][WS][SERVICE]connected nodes,count=0
info|2026-02-06 15:37:46.487053|timerFactory-0x0000765eaa3fe6c0|[RPC][WS][SERVICE]connected nodes,count=0
info|2026-02-06 15:37:48.403467|ioService-0x0000765e90bfd6c0|[DEFAULT][HTTP][SESSION][onRead]receive http request
info|2026-02-06 15:37:51.403870|ioService-0x0000765e90bfd6c0|[DEFAULT][HTTP][SESSION][onRead]receive http request
info|2026-02-06 15:37:54.405576|ioService-0x0000765e90bfd6c0|[DEFAULT][HTTP][SESSION][onRead]receive http request
info|2026-02-06 15:37:56.476899|ioService-0x0000765ebb5fd6c0|[P2PService][Service][METRIC]heartBeat,connected count=3
info|2026-02-06 15:37:56.485946|timerFactory-0x0000765e95bff6c0|[RPC][WS][SERVICE]connected nodes,count=0
info|2026-02-06 15:37:56.487204|timerFactory-0x0000765eaa3fe6c0|[RPC][WS][SERVICE]connected nodes,count=0
info|2026-02-06 15:37:57.405053|ioService-0x0000765e90bfd6c0|[DEFAULT][HTTP][SESSION][onRead]receive http request
info|2026-02-06 15:38:00.404893|ioService-0x0000765e90bfd6c0|[DEFAULT][HTTP][SESSION][onRead]receive http request
info|2026-02-06 15:38:03.405376|ioService-0x0000765e90bfd6c0|[DEFAULT][HTTP][SESSION][onRead]receive http request
info|2026-02-06 15:38:06.407095|ioService-0x0000765e90bfd6c0|[DEFAULT][HTTP][SESSION][onRead]receive http request
info|2026-02-06 15:38:06.477097|ioService-0x0000765ebb5fd6c0|[P2PService][Service][METRIC]heartBeat,connected count=3
info|2026-02-06 15:38:06.486119|timerFactory-0x0000765e95bff6c0|[RPC][WS][SERVICE]connected nodes,count=0
info|2026-02-06 15:38:06.487351|timerFactory-0x0000765eaa3fe6c0|[RPC][WS][SERVICE]connected nodes,count=0
info|2026-02-06 15:38:09.408693|ioService-0x0000765e90bfd6c0|[DEFAULT][HTTP][SESSION][onRead]receive http request
info|2026-02-06 15:38:12.409301|ioService-0x0000765e90bfd6c0|[DEFAULT][HTTP][SESSION][onRead]receive http request
info|2026-02-06 15:38:15.407867|ioService-0x0000765e90bfd6c0|[DEFAULT][HTTP][SESSION][onRead]receive http request
info|2026-02-06 15:38:16.472614|objMonitor-0x0000765e8a1f06c0|[startMonitor][AliveObjectMonitor],AliveObjectAllocStat=[ type: bcos::gateway::Socket ,created: 11 ,destroyed: 7 ,alive: 4 ] 
info|2026-02-06 15:38:16.477412|ioService-0x0000765ebb5fd6c0|[P2PService][Service][METRIC]heartBeat,connected count=3
info|2026-02-06 15:38:16.486291|timerFactory-0x0000765e95bff6c0|[RPC][WS][SERVICE]connected nodes,count=0
info|2026-02-06 15:38:16.487475|timerFactory-0x0000765eaa3fe6c0|[RPC][WS][SERVICE]connected nodes,count=0
info|2026-02-06 15:38:18.408695|ioService-0x0000765e90bfd6c0|[DEFAULT][HTTP][SESSION][onRead]receive http request
info|2026-02-06 15:38:21.354608|ioService-0x0000765e90bfd6c0|[DEFAULT][HTTP][SESSION][onRead]receive http request
info|2026-02-06 15:38:21.355183|ioService-0x0000765e90bfd6c0|[SCHEDULER][serialExecute][blk-32][BlockTrace]serialExecute execute block
info|2026-02-06 15:38:21.355464|ioService-0x0000765e90bfd6c0|[SCHEDULER][METRIC][BlockTrace][blk-32]preExeBlock success,blockHeader.timestamp=0,metaTxCount=0,timeCost=0
info|2026-02-06 15:38:21.411363|ioService-0x0000765e90bfd6c0|[DEFAULT][HTTP][SESSION][onRead]receive http request
info|2026-02-06 15:38:22.336014|ioService-0x0000765ea7bff6c0|[DEFAULT][HTTP][SERVER][accept],local_endpoint=127.0.0.1:20203,remote_endpoint=127.0.0.1:48792
info|2026-02-06 15:38:22.336639|ioService-0x0000765ea7bff6c0|[DEFAULT][HTTP][SESSION][onRead]websocket upgrade
info|2026-02-06 15:38:22.336733|ioService-0x0000765ea7bff6c0|[DEFAULT][WS][STREAM],[NEWOBJ][WsStream]=0x765e99a11090
info|2026-02-06 15:38:22.336809|ioService-0x0000765ea7bff6c0|[RPC][WS][SESSION],[NEWOBJ][WSSESSION]=0x765e99a2f810
info|2026-02-06 15:38:22.336825|ioService-0x0000765ea7bff6c0|[RPC][WS][SERVICE][newSession]start the session,endPoint=127.0.0.1:48792
info|2026-02-06 15:38:22.336890|ioService-0x0000765ea7bff6c0|[RPC][WS][SESSION][startAsServer]start websocket handshake,endPoint=127.0.0.1:48792,session=0x765e99a2f810
info|2026-02-06 15:38:22.337206|ioService-0x0000765ea7bff6c0|[RPC][WS][SERVICE][addSession]add session to mapping,endPoint=127.0.0.1:48792,result=true
info|2026-02-06 15:38:22.337259|ioService-0x0000765ea7bff6c0|[RPC][WS][SERVICE][onConnect],endpoint=127.0.0.1:48792,refCount=3
info|2026-02-06 15:38:22.337414|ioService-0x0000765ea7bff6c0|[RPC][WS][SESSION][onWsAccept]websocket handshake successfully,endPoint=127.0.0.1:48792,session=0x765e99a2f810
info|2026-02-06 15:38:22.338053|fisco-bcos-0x0000765ec75fe6c0|HandshakeRequest,module=2,minVersion=0,maxVersion=2
info|2026-02-06 15:38:22.338072|fisco-bcos-0x0000765ec75fe6c0|[RPC]negotiatedVersion success,peer=127.0.0.1:48792,minVersion=0,maxVersion=2,supportMinVersion=0,supportMaxVersion=2,negotiatedVersion=2,seq=02de124df57345b9955c38023592c8e1
info|2026-02-06 15:38:22.338254|fisco-bcos-0x0000765ec75fe6c0|[RPC]onRecvHandshakeRequest success,version=2,endpoint=127.0.0.1:48792,handshakeResponse={"groupBlockNumber":[{"group0":32}],"groupInfoList":[{"chainID":"chain0","genesisConfig":"{\"blockTxCountLimit\":1000,\"consensusLeaderPeriod\":1,\"consensusType\":\"pbft\",\"sealerList\":[{\"nodeID\":\"0d6a7f52cb87ce7fda869e0db309ec9c53723c46f81632c21e4abbf1a9159f14d53f37cc0c4141548da9ec877d6235afd7a501c40d296fc4c5252a8717aa23c2\",\"weight\":1},{\"nodeID\":\"21a47acec36f73d8e925a7d5db44793f998e1a42a6d7ee2e3a5cf4037b853452cb76f6cbab8e5b223a128e8ee15790d1f629858b47070b4eb2e1ddb2b0ada297\",\"weight\":1},{\"nodeID\":\"2346c69c46d42278eb237167eb19eb28432b63783cc0fd7cddc90f89c148e755db8941be9b0c5f37cbc21c409a78c154abc75ce0c80818c6fbb76aea6bcd0a9a\",\"weight\":1},{\"nodeID\":\"5b07d12d1512a66493c8fd3456d8c505e6ce05f20061613a4c48a1fa3755bbf9cc2d2f1878c4a6733389f03deb0a3fc0c672e2f4910fde9802d6675929cb3dc5\",\"weight\":1}],\"txGasLimit\":3000000000}\n","groupID":"group0","iniConfig":"","nodeList":[{"featureKeys":["bugfix_revert","bugfix_statestorage_hash","bugfix_evm_create2_delegatecall_staticcall_codecopy","bugfix_event_log_order","bugfix_call_noaddr_return","bugfix_precompiled_codehash","bugfix_dmc_revert","bugfix_keypage_system_entry_hash","bugfix_internal_create_redundant_storage","bugfix_internal_create_permission_denied","bugfix_sharding_call_in_child_executive","bugfix_empty_abi_reset","bugfix_eip55_addr","bugfix_eoa_as_contract","bugfix_eoa_match_failed","bugfix_evm_exception_gas_used","bugfix_dmc_deploy_gas_used","bugfix_staticcall_noaddr_return","bugfix_support_transfer_receive_fallback","bugfix_set_row_with_dirty_flag","feature_dmc2serial","feature_sharding","feature_rpbft","feature_paillier","feature_balance","feature_balance_precompiled","feature_balance_policy1","feature_paillier_add_raw","feature_evm_cancun"],"iniConfig":"{\"binaryInfo\":{\"buildTime\":\"20240827 04:30:34\",\"gitCommitHash\":\"3fea676716990b2ed453b4f079915daafff451f9\",\"platform\":\"Linux/g++\",\"version\":\"3.11.0\"},\"chainID\":\"chain0\",\"gatewayServiceName\":\"\",\"groupID\":\"group0\",\"isAuthCheck\":false,\"isSerialExecute\":true,\"isWasm\":false,\"nodeID\":\"5b07d12d1512a66493c8fd3456d8c505e6ce05f20061613a4c48a1fa3755bbf9cc2d2f1878c4a6733389f03deb0a3fc0c672e2f4910fde9802d6675929cb3dc5\",\"nodeName\":\"5b07d12d1512a66493c8fd3456d8c505e6ce05f20061613a4c48a1fa3755bbf9cc2d2f1878c4a6733389f03deb0a3fc0c672e2f4910fde9802d6675929cb3dc5\",\"rpcServiceName\":\"\",\"smCryptoType\":false}\n","microService":false,"name":"5b07d12d1512a66493c8fd3456d8c505e6ce05f20061613a4c48a1fa3755bbf9cc2d2f1878c4a6733389f03deb0a3fc0c672e2f4910fde9802d6675929cb3dc5","nodeID":"5b07d12d1512a66493c8fd3456d8c505e6ce05f20061613a4c48a1fa3755bbf9cc2d2f1878c4a6733389f03deb0a3fc0c672e2f4910fde9802d6675929cb3dc5","protocol":{"compatibilityVersion":51052544,"maxSupportedVersion":2,"minSupportedVersion":0},"serviceInfo":[{"serviceName":"LedgerServiceObj","type":2},{"serviceName":"SchedulerServiceObj","type":3},{"serviceName":"FrontServiceObj","type":4},{"serviceName":"","type":6},{"serviceName":"","type":7},{"serviceName":"TxPoolServiceObj","type":8}],"supportConfigs":["tx_gas_limit","tx_gas_price","tx_count_limit","consensus_leader_period","auth_check_status","compatibility_version","feature_rpbft","feature_rpbft_epoch_block_num","feature_rpbft_epoch_sealer_num","feature_balance_precompiled","web3_chain_id"],"type":0}]}],"protocolVersion":2}
info|2026-02-06 15:38:22.339940|fisco-bcos-0x0000765ebd1fe6c0|[parseSubTopicsJson],topicItems size=0,json={"topics":[]}
info|2026-02-06 15:38:22.340008|fisco-bcos-0x0000765ebd1fe6c0|[AMOPClient]subscribeTopicToAllNodes,topicInfo={
	"topics" : []
}
info|2026-02-06 15:38:22.340017|fisco-bcos-0x0000765ebd1fe6c0|[AMOP][TOPIC][parseSubTopicsJson],topicItems size=0,json={
	"topics" : []
}
info|2026-02-06 15:38:22.340022|fisco-bcos-0x0000765ebd1fe6c0|[AMOP][TOPIC][subTopic],client=localAMOP,topicSeq=1,topicItems size=0
info|2026-02-06 15:38:22.340026|fisco-bcos-0x0000765ebd1fe6c0|[AMOPClient][onRecvSubTopics],topicInfo={"topics":[]}
,endpoint=127.0.0.1:48792,seq=e4d72684a68e4d4da57799e4b683b199
info|2026-02-06 15:38:22.353988|ioService-0x0000765ea7bff6c0|[DEFAULT][HTTP][SERVER][accept],local_endpoint=127.0.0.1:20203,remote_endpoint=127.0.0.1:48800
info|2026-02-06 15:38:22.354355|ioService-0x0000765ea65fe6c0|[DEFAULT][HTTP][SESSION][onRead]websocket upgrade
info|2026-02-06 15:38:22.354388|ioService-0x0000765ea65fe6c0|[DEFAULT][WS][STREAM],[NEWOBJ][WsStream]=0x765e99889190
info|2026-02-06 15:38:22.354400|ioService-0x0000765ea65fe6c0|[RPC][WS][SESSION],[NEWOBJ][WSSESSION]=0x765e998d7c10
info|2026-02-06 15:38:22.354403|ioService-0x0000765ea65fe6c0|[RPC][WS][SERVICE][newSession]start the session,endPoint=127.0.0.1:48800
info|2026-02-06 15:38:22.354408|ioService-0x0000765ea65fe6c0|[RPC][WS][SESSION][startAsServer]start websocket handshake,endPoint=127.0.0.1:48800,session=0x765e998d7c10
info|2026-02-06 15:38:22.354530|ioService-0x0000765ea65fe6c0|[RPC][WS][SERVICE][addSession]add session to mapping,endPoint=127.0.0.1:48800,result=true
info|2026-02-06 15:38:22.354550|ioService-0x0000765ea65fe6c0|[RPC][WS][SERVICE][onConnect],endpoint=127.0.0.1:48800,refCount=3
info|2026-02-06 15:38:22.354608|ioService-0x0000765ea65fe6c0|[RPC][WS][SESSION][onWsAccept]websocket handshake successfully,endPoint=127.0.0.1:48800,session=0x765e998d7c10
info|2026-02-06 15:38:22.355018|fisco-bcos-0x0000765ebd1fe6c0|HandshakeRequest,module=2,minVersion=0,maxVersion=2
info|2026-02-06 15:38:22.355048|fisco-bcos-0x0000765ebd1fe6c0|[RPC]negotiatedVersion success,peer=127.0.0.1:48800,minVersion=0,maxVersion=2,supportMinVersion=0,supportMaxVersion=2,negotiatedVersion=2,seq=00f59d617b004e20839d6768ca435cf1
info|2026-02-06 15:38:22.355179|fisco-bcos-0x0000765ebd1fe6c0|[RPC]onRecvHandshakeRequest success,version=2,endpoint=127.0.0.1:48800,handshakeResponse={"groupBlockNumber":[{"group0":32}],"groupInfoList":[{"chainID":"chain0","genesisConfig":"{\"blockTxCountLimit\":1000,\"consensusLeaderPeriod\":1,\"consensusType\":\"pbft\",\"sealerList\":[{\"nodeID\":\"0d6a7f52cb87ce7fda869e0db309ec9c53723c46f81632c21e4abbf1a9159f14d53f37cc0c4141548da9ec877d6235afd7a501c40d296fc4c5252a8717aa23c2\",\"weight\":1},{\"nodeID\":\"21a47acec36f73d8e925a7d5db44793f998e1a42a6d7ee2e3a5cf4037b853452cb76f6cbab8e5b223a128e8ee15790d1f629858b47070b4eb2e1ddb2b0ada297\",\"weight\":1},{\"nodeID\":\"2346c69c46d42278eb237167eb19eb28432b63783cc0fd7cddc90f89c148e755db8941be9b0c5f37cbc21c409a78c154abc75ce0c80818c6fbb76aea6bcd0a9a\",\"weight\":1},{\"nodeID\":\"5b07d12d1512a66493c8fd3456d8c505e6ce05f20061613a4c48a1fa3755bbf9cc2d2f1878c4a6733389f03deb0a3fc0c672e2f4910fde9802d6675929cb3dc5\",\"weight\":1}],\"txGasLimit\":3000000000}\n","groupID":"group0","iniConfig":"","nodeList":[{"featureKeys":["bugfix_revert","bugfix_statestorage_hash","bugfix_evm_create2_delegatecall_staticcall_codecopy","bugfix_event_log_order","bugfix_call_noaddr_return","bugfix_precompiled_codehash","bugfix_dmc_revert","bugfix_keypage_system_entry_hash","bugfix_internal_create_redundant_storage","bugfix_internal_create_permission_denied","bugfix_sharding_call_in_child_executive","bugfix_empty_abi_reset","bugfix_eip55_addr","bugfix_eoa_as_contract","bugfix_eoa_match_failed","bugfix_evm_exception_gas_used","bugfix_dmc_deploy_gas_used","bugfix_staticcall_noaddr_return","bugfix_support_transfer_receive_fallback","bugfix_set_row_with_dirty_flag","feature_dmc2serial","feature_sharding","feature_rpbft","feature_paillier","feature_balance","feature_balance_precompiled","feature_balance_policy1","feature_paillier_add_raw","feature_evm_cancun"],"iniConfig":"{\"binaryInfo\":{\"buildTime\":\"20240827 04:30:34\",\"gitCommitHash\":\"3fea676716990b2ed453b4f079915daafff451f9\",\"platform\":\"Linux/g++\",\"version\":\"3.11.0\"},\"chainID\":\"chain0\",\"gatewayServiceName\":\"\",\"groupID\":\"group0\",\"isAuthCheck\":false,\"isSerialExecute\":true,\"isWasm\":false,\"nodeID\":\"5b07d12d1512a66493c8fd3456d8c505e6ce05f20061613a4c48a1fa3755bbf9cc2d2f1878c4a6733389f03deb0a3fc0c672e2f4910fde9802d6675929cb3dc5\",\"nodeName\":\"5b07d12d1512a66493c8fd3456d8c505e6ce05f20061613a4c48a1fa3755bbf9cc2d2f1878c4a6733389f03deb0a3fc0c672e2f4910fde9802d6675929cb3dc5\",\"rpcServiceName\":\"\",\"smCryptoType\":false}\n","microService":false,"name":"5b07d12d1512a66493c8fd3456d8c505e6ce05f20061613a4c48a1fa3755bbf9cc2d2f1878c4a6733389f03deb0a3fc0c672e2f4910fde9802d6675929cb3dc5","nodeID":"5b07d12d1512a66493c8fd3456d8c505e6ce05f20061613a4c48a1fa3755bbf9cc2d2f1878c4a6733389f03deb0a3fc0c672e2f4910fde9802d6675929cb3dc5","protocol":{"compatibilityVersion":51052544,"maxSupportedVersion":2,"minSupportedVersion":0},"serviceInfo":[{"serviceName":"LedgerServiceObj","type":2},{"serviceName":"SchedulerServiceObj","type":3},{"serviceName":"FrontServiceObj","type":4},{"serviceName":"","type":6},{"serviceName":"","type":7},{"serviceName":"TxPoolServiceObj","type":8}],"supportConfigs":["tx_gas_limit","tx_gas_price","tx_count_limit","consensus_leader_period","auth_check_status","compatibility_version","feature_rpbft","feature_rpbft_epoch_block_num","feature_rpbft_epoch_sealer_num","feature_balance_precompiled","web3_chain_id"],"type":0}]}],"protocolVersion":2}
info|2026-02-06 15:38:22.356610|fisco-bcos-0x0000765e819ed6c0|[parseSubTopicsJson],topicItems size=0,json={"topics":[]}
info|2026-02-06 15:38:22.356655|fisco-bcos-0x0000765e819ed6c0|[AMOPClient]subscribeTopicToAllNodes,topicInfo={
	"topics" : []
}
info|2026-02-06 15:38:22.356678|fisco-bcos-0x0000765e819ed6c0|[AMOP][TOPIC][parseSubTopicsJson],topicItems size=0,json={
	"topics" : []
}
info|2026-02-06 15:38:22.356697|fisco-bcos-0x0000765e819ed6c0|[AMOP][TOPIC][subTopic],client=localAMOP,topicSeq=1,topicItems size=0
info|2026-02-06 15:38:22.356702|fisco-bcos-0x0000765e819ed6c0|[AMOPClient][onRecvSubTopics],topicInfo={"topics":[]}
,endpoint=127.0.0.1:48800,seq=fddd4a10293248dd869faa253bb25724
info|2026-02-06 15:38:23.792633|fisco-bcos-0x0000765e7f7e86c0|[SCHEDULER][serialExecute][blk-32][BlockTrace]serialExecute execute block
info|2026-02-06 15:38:23.792683|fisco-bcos-0x0000765e7f7e86c0|[SCHEDULER][METRIC][BlockTrace][blk-32]preExeBlock success,blockHeader.timestamp=0,metaTxCount=0,timeCost=0
info|2026-02-06 15:38:23.807925|fisco-bcos-0x0000765eba9ff6c0|[SCHEDULER][serialExecute][blk-32][BlockTrace]serialExecute execute block
info|2026-02-06 15:38:23.807991|fisco-bcos-0x0000765eba9ff6c0|[SCHEDULER][METRIC][BlockTrace][blk-32]preExeBlock success,blockHeader.timestamp=0,metaTxCount=0,timeCost=1
info|2026-02-06 15:38:24.090161|pbft-0x0000765ebedfb6c0|[CONSENSUS][PBFT]handlePrePrepareMsg,reqHash=ae6f580f...,reqIndex=33,reqV=3,fromIdx=0,wait(ms)=0,committedIndex=32,consNum=33,committedHash=1e4d10cd...,view=3,toView=3,changeCycle=0,expectedCheckPoint=33,Idx=3,unsealedTxs=2,sealUntil=0,waitResealUntil=0,consensusTimeout=3000,nodeId=5b07d12d...,utc=15961807
info|2026-02-06 15:38:24.090313|pbft-0x0000765ebedfb6c0|[TXPOOL]begin asyncVerifyBlock,consNum=33,hash=ae6f580f...
info|2026-02-06 15:38:24.090390|verifier-0x0000765edd5f46c0|[TXPOOL]batchVerifyProposal,consNum=33,hash=ae6f580f...,txsSize=2,lockT=0,verifyT=0,missedTxs=0
info|2026-02-06 15:38:24.090422|verifier-0x0000765edd5f46c0|[TXPOOL][METRIC]asyncVerifyBlock finished,consNum=33,hash=ae6f580f...,code=0,msg=success,result=true,timecost=0
info|2026-02-06 15:38:24.090482|verifier-0x0000765edd5f46c0|[CONSENSUS][PBFT]handlePrePrepareMsg,reqHash=ae6f580f...,reqIndex=33,reqV=3,fromIdx=0,wait(ms)=0,committedIndex=32,consNum=33,committedHash=1e4d10cd...,view=3,toView=3,changeCycle=0,expectedCheckPoint=33,Idx=3,unsealedTxs=2,sealUntil=0,waitResealUntil=0,consensusTimeout=3000,nodeId=5b07d12d...,utc=15961808
info|2026-02-06 15:38:24.090515|validator-0x0000765ecfdd96c0|[CONSENSUS][PBFT]asyncResetTxsFlag,index=33,hash=ae6f580f...,flag=true
info|2026-02-06 15:38:24.090548|validator-0x0000765ecfdd96c0|[TXPOOL]batchMarkTxs,txsSize=2,batchId=33,hash=ae6f580f...,sealFlag=true,notFound=0,reSealed=0,succ=2,time=0,markT=0
info|2026-02-06 15:38:24.090553|verifier-0x0000765edd5f46c0|[CONSENSUS][PBFT]addPrePrepareCache,reqHash=ae6f580f...,reqIndex=33,reqV=3,fromIdx=0,wait(ms)=0,sys=false,committedIndex=32,consNum=33,committedHash=1e4d10cd...,view=3,toView=3,changeCycle=0,expectedCheckPoint=33,Idx=3,unsealedTxs=2,sealUntil=0,waitResealUntil=0,consensusTimeout=3000,nodeId=5b07d12d...
info|2026-02-06 15:38:24.090589|verifier-0x0000765edd5f46c0|[CONSENSUS][PBFT]notify the committed proposal index to the sync module success,index=33
info|2026-02-06 15:38:24.090649|validator-0x0000765ecfdd96c0|[CONSENSUS][PBFT]asyncMarkTxs success,index=33,hash=ae6f580f...,flag=true,markT=0,emptyTxBatchHash=false
info|2026-02-06 15:38:24.090684|verifier-0x0000765edd5f46c0|[CONSENSUS][PBFT]addPrepareCache,reqHash=ae6f580f...,reqIndex=33,reqV=3,fromIdx=3,wait(ms)=0,committedIndex=32,consNum=33,committedHash=1e4d10cd...,view=3,toView=3,changeCycle=0,expectedCheckPoint=33,Idx=3,unsealedTxs=0,sealUntil=0,waitResealUntil=0,consensusTimeout=3000,nodeId=5b07d12d...,weight=1
info|2026-02-06 15:38:24.090768|verifier-0x0000765edd5f46c0|[CONSENSUS][PBFT]broadcast prepare packet,packetSize=228,index=33
info|2026-02-06 15:38:24.090893|verifier-0x0000765edd5f46c0|[CONSENSUS][PBFT]handlePrePrepareMsg and broadcast prepare packet,reqHash=ae6f580f...,reqIndex=33,reqV=3,fromIdx=0,wait(ms)=0,committedIndex=32,consNum=33,committedHash=1e4d10cd...,view=3,toView=3,changeCycle=0,expectedCheckPoint=33,Idx=3,unsealedTxs=0,sealUntil=0,waitResealUntil=0,consensusTimeout=3000,nodeId=5b07d12d...
info|2026-02-06 15:38:24.090970|txsPreStore-0x0000765edc5f26c0|[TXPOOL]storeVerifiedBlock fetch block number from LedgerConfig
info|2026-02-06 15:38:24.091068|txsPreStore-0x0000765edc5f26c0|[TOOL]LedgerConfigFetcher: fetchBlockNumber success,blockNumber=32
info|2026-02-06 15:38:24.091275|txsPreStore-0x0000765edc5f26c0|[TXPOOL]storeVerifiedBlock,consNum=33,hash=ae6f580f...,txsSize=2
info|2026-02-06 15:38:24.091308|txsPreStore-0x0000765edc5f26c0|[LEDGER]asyncPreStoreBlockTxs: needStoreUnsavedTxs,txsSize=2,unstoredTxs=2,number=33
info|2026-02-06 15:38:24.091479|pbft-0x0000765ebedfb6c0|[CONSENSUS][PBFT]addPrepareCache,reqHash=ae6f580f...,reqIndex=33,reqV=3,fromIdx=0,wait(ms)=0,committedIndex=32,consNum=33,committedHash=1e4d10cd...,view=3,toView=3,changeCycle=0,expectedCheckPoint=33,Idx=3,unsealedTxs=0,sealUntil=0,waitResealUntil=0,consensusTimeout=3000,nodeId=5b07d12d...,weight=2
info|2026-02-06 15:38:24.091558|txsPreStore-0x0000765edc5f26c0|[STORAGE-RocksDB]setRows finished,put=2,dataSize=1426,time(ms)=1
info|2026-02-06 15:38:24.091571|txsPreStore-0x0000765edc5f26c0|[LEDGER]asyncPreStoreBlockTxs: store uncommitted txs,blockNumber=33,blockTxsSize=2,unStoredTxs=2,msg=success,code=0,timeCost=0
info|2026-02-06 15:38:24.091577|txsPreStore-0x0000765edc5f26c0|[TXPOOL]storeVerifiedBlock success,consNum=33,hash=ae6f580f...,timecost=0
info|2026-02-06 15:38:24.093641|pbft-0x0000765ebedfb6c0|[CONSENSUS][PBFT]addPrepareCache,reqHash=ae6f580f...,reqIndex=33,reqV=3,fromIdx=2,wait(ms)=0,committedIndex=32,consNum=33,committedHash=1e4d10cd...,view=3,toView=3,changeCycle=0,expectedCheckPoint=33,Idx=3,unsealedTxs=0,sealUntil=0,waitResealUntil=0,consensusTimeout=3000,nodeId=5b07d12d...,weight=3
info|2026-02-06 15:38:24.093796|pbft-0x0000765ebedfb6c0|[CONSENSUS][PBFT]setSignatureList,signatureSize=3,propHash=ae6f580f...,propIndex=33
info|2026-02-06 15:38:24.093823|pbft-0x0000765ebedfb6c0|[CONSENSUS][PBFT]intoPrecommit,reqHash=ae6f580f...,reqIndex=33,reqV=3,fromIdx=3,wait(ms)=3,committedIndex=32,consNum=33,committedHash=1e4d10cd...,view=3,toView=3,changeCycle=0,expectedCheckPoint=33,Idx=3,unsealedTxs=0,sealUntil=0,waitResealUntil=0,consensusTimeout=3000,nodeId=5b07d12d...
info|2026-02-06 15:38:24.093921|pbft-0x0000765ebedfb6c0|[CONSENSUS][PBFT]addCommitCache,reqHash=ae6f580f...,reqIndex=33,reqV=3,fromIdx=3,wait(ms)=0,committedIndex=32,consNum=33,committedHash=1e4d10cd...,view=3,toView=3,changeCycle=0,expectedCheckPoint=33,Idx=3,unsealedTxs=0,sealUntil=0,waitResealUntil=0,consensusTimeout=3000,nodeId=5b07d12d...,weight=1
info|2026-02-06 15:38:24.093967|pbft-0x0000765ebedfb6c0|[CONSENSUS][PBFT]checkAndPreCommit: broadcast commitMsg,Idx=3,hash=ae6f580f...,index=33
info|2026-02-06 15:38:24.095483|pbft-0x0000765ebedfb6c0|[CONSENSUS][PBFT]addCommitCache,reqHash=ae6f580f...,reqIndex=33,reqV=3,fromIdx=2,wait(ms)=1,committedIndex=32,consNum=33,committedHash=1e4d10cd...,view=3,toView=3,changeCycle=0,expectedCheckPoint=33,Idx=3,unsealedTxs=0,sealUntil=0,waitResealUntil=0,consensusTimeout=3000,nodeId=5b07d12d...,weight=2
info|2026-02-06 15:38:24.132878|pbft-0x0000765ebedfb6c0|[CONSENSUS][PBFT]addPrepareCache,reqHash=ae6f580f...,reqIndex=33,reqV=3,fromIdx=1,wait(ms)=0,committedIndex=32,consNum=33,committedHash=1e4d10cd...,view=3,toView=3,changeCycle=0,expectedCheckPoint=33,Idx=3,unsealedTxs=0,sealUntil=0,waitResealUntil=0,consensusTimeout=3000,nodeId=5b07d12d...,weight=4
info|2026-02-06 15:38:24.135907|pbft-0x0000765ebedfb6c0|[CONSENSUS][PBFT]addCommitCache,reqHash=ae6f580f...,reqIndex=33,reqV=3,fromIdx=0,wait(ms)=1,committedIndex=32,consNum=33,committedHash=1e4d10cd...,view=3,toView=3,changeCycle=0,expectedCheckPoint=33,Idx=3,unsealedTxs=0,sealUntil=0,waitResealUntil=0,consensusTimeout=3000,nodeId=5b07d12d...,weight=3
info|2026-02-06 15:38:24.136025|pbft-0x0000765ebedfb6c0|[CONSENSUS][PBFT]checkAndCommit,propHash=ae6f580f...,propIndex=33,committedIndex=32,consNum=33,committedHash=1e4d10cd...,view=3,toView=3,changeCycle=0,expectedCheckPoint=33,Idx=3,unsealedTxs=0,sealUntil=0,waitResealUntil=0,consensusTimeout=3000,nodeId=5b07d12d...
info|2026-02-06 15:38:24.136066|pbft-0x0000765ebedfb6c0|[CONSENSUS][PBFT]######## CommitProposal,propHash=ae6f580f...,propIndex=33,sys=false,committedIndex=32,consNum=33,committedHash=1e4d10cd...,view=3,toView=3,changeCycle=0,expectedCheckPoint=33,Idx=3,unsealedTxs=0,sealUntil=0,waitResealUntil=0,consensusTimeout=3000,nodeId=5b07d12d...
info|2026-02-06 15:38:24.136083|pbft-0x0000765ebedfb6c0|[CONSENSUS][PBFT]notify to seal next proposal,nextProposalIndex=34
info|2026-02-06 15:38:24.136181|pbft-0x0000765ebedfb6c0|[CONSENSUS][PBFT]notify to seal next proposal,nextProposalIndex=34
info|2026-02-06 15:38:24.136192|pbft-0x0000765ebedfb6c0|[CONSENSUS][PBFT]applyStateMachine,index=33,hash=ae6f580f...,committedIndex=32,consNum=33,committedHash=1e4d10cd...,view=3,toView=3,changeCycle=0,expectedCheckPoint=33,Idx=3,unsealedTxs=0,sealUntil=0,waitResealUntil=0,consensusTimeout=3000,nodeId=5b07d12d...,unAppliedProposals=0
info|2026-02-06 15:38:24.136718|exeScheduler-0x0000765e7c25e6c0|[SCHEDULER][METRIC][blk-33]ExecuteBlock request,gasLimit=3000000000,gasPrice=0x0,verify=false,signatureSize=0,txCount=0,metaTxCount=2,version=3.11.0,waitT=0
info|2026-02-06 15:38:24.136924|exeScheduler-0x0000765e7c25e6c0|[SCHEDULER][blk-33][BlockTrace]ExecuteBlock start,time(ms)=0
info|2026-02-06 15:38:24.136942|exeScheduler-0x0000765e7c25e6c0|[SCHEDULER][serialExecute][blk-33][BlockTrace]serialExecute execute block
info|2026-02-06 15:38:24.136995|preExeScheduler-0x0000765e7ca5f6c0|[SCHEDULER][METRIC][BlockTrace][blk-33]preExeBlock success,blockHeader.timestamp=1770363504089,metaTxCount=2,timeCost=1
info|2026-02-06 15:38:24.137141|exeScheduler-0x0000765e7c25e6c0|[SCHEDULER][serialExecute][blk-33][BlockTrace]serialExecute batch next block
info|2026-02-06 15:38:24.137212|exeScheduler-0x0000765e7c25e6c0|[SCHEDULER][blk-33][BlockTrace]NextBlock request,executorNum=1
info|2026-02-06 15:38:24.139182|exec-0x0000765ed2ddf6c0|[SCHEDULER][blk-33][BlockTrace]NextBlock success,executorNum=1,timeCost=2
info|2026-02-06 15:38:24.139270|exec-0x0000765ed2ddf6c0|[SCHEDULER][serialExecute][blk-33][BlockTrace]serialExecute block begin
info|2026-02-06 15:38:24.141230|Unnamed-0x0000765e7324c6c0|[EXECUTOR]EVM_REVERT,to=600e41f494cbeed1936d5e0a293aee0ab1746c7b,gasLeft=3000000000
info|2026-02-06 15:38:24.141326|Unnamed-0x0000765e7324c6c0|[EXECUTOR][blk-33]Revert transaction,contextID=0,seq=0
info|2026-02-06 15:38:24.141743|Unnamed-0x0000765e7324c6c0|[EXECUTOR]EVM_REVERT,to=610857669da60d63f4c9e30713bb86a49251fe2a,gasLeft=3000000000
info|2026-02-06 15:38:24.141794|Unnamed-0x0000765e7324c6c0|[EXECUTOR][blk-33]Revert transaction,contextID=1,seq=1
info|2026-02-06 15:38:24.141807|Unnamed-0x0000765e7324c6c0|[EXECUTOR][blk-33]Revert transaction,contextID=1,seq=1
info|2026-02-06 15:38:24.142284|exec-0x0000765ed25de6c0|[STORAGE-KeyPage]hash,size=27,blockVersion=51052544,readLength=11927,writeLength=0,pageCount=0,entrycount=0,entriesHash=0000000000000000000000000000000000000000000000000000000000000000,pagesHash=0000000000000000000000000000000000000000000000000000000000000000,totalHash=0000000000000000000000000000000000000000000000000000000000000000
info|2026-02-06 15:38:24.142384|exec-0x0000765ed25de6c0|[EXECUTOR:1770362656][blk-33]GetTableHashes success,hash=0000000000000000000000000000000000000000000000000000000000000000,time(ms)=0
info|2026-02-06 15:38:24.142557|exec-0x0000765ed25de6c0|[SCHEDULER][blk-33][BlockTrace]ExecuteBlock success,hash=348fcc59...,stateRoot=0000000000000000000000000000000000000000000000000000000000000000,receiptRoot=2ae0dd9e86339d4ca81eec195ae9daa80dc9dee355d6cedce2ea6bfe652b0a24,txsRoot=08b6b3d9...,gasUsed=25084,signatureSize=0,timeCost=6,blockVersion=51052544
info|2026-02-06 15:38:24.142608|exec-0x0000765ed25de6c0|[CONSENSUS][Core][METRIC]asyncExecuteBlock success,sysBlock=false,number=33,result=348fcc59...,txsSize=2,txsRoot=08b6b3d9...,receiptsRoot=2ae0dd9e...,stateRoot=00000000...,timeCost=6,execPerTx=3
info|2026-02-06 15:38:24.142672|exec-0x0000765ed25de6c0|[CONSENSUS][PBFT]applyStateMachine finished,index=33,beforeExec=ae6f580f...,afterExec=348fcc59...,committedIndex=32,consNum=33,committedHash=1e4d10cd...,view=3,toView=3,changeCycle=0,expectedCheckPoint=33,Idx=3,unsealedTxs=0,sealUntil=0,waitResealUntil=0,consensusTimeout=3000,nodeId=5b07d12d...,timecost=6
info|2026-02-06 15:38:24.142807|pbftWorker-0x0000765ecbdd16c0|[CONSENSUS][PBFT][STORAGE]asyncCommitProposal: write the committed proposal into db,index=33
info|2026-02-06 15:38:24.143666|pbftWorker-0x0000765ecbdd16c0|[CONSENSUS][PBFT][STORAGE]asyncPutProposal: commit success,dbName=pbftCommitDB,key=max_committed_proposal,number=33,timecost=1,dataSize=2
info|2026-02-06 15:38:24.144022|pbftWorker-0x0000765ecbdd16c0|[CONSENSUS][PBFT][STORAGE]asyncPutProposal: commit success,dbName=pbftCommitDB,key=33,number=33,timecost=1,dataSize=757
info|2026-02-06 15:38:24.144600|pbftWorker-0x0000765ecbdd16c0|[CONSENSUS][PBFT]addCheckPointMsg,reqHash=348fcc59...,reqIndex=33,reqV=3,fromIdx=3,wait(ms)=0,Idx=3,weight=1,minRequiredWeight=3
info|2026-02-06 15:38:24.145095|pbftWorker-0x0000765ecbdd16c0|[CONSENSUS][PBFT]setCheckPointProposal,propHash=348fcc59...,propIndex=33,committedIndex=32,consNum=33,committedHash=1e4d10cd...,view=3,toView=3,changeCycle=0,expectedCheckPoint=33,Idx=3,unsealedTxs=0,sealUntil=0,waitResealUntil=0,consensusTimeout=3000,nodeId=5b07d12d...
info|2026-02-06 15:38:24.145178|pbftWorker-0x0000765ecbdd16c0|[CONSENSUS][PBFT]PBFTConfig: setExpectedCheckPoint,committedIndex=32,consNum=33,committedHash=1e4d10cd...,view=3,toView=3,changeCycle=0,expectedCheckPoint=34,Idx=3,unsealedTxs=0,sealUntil=0,waitResealUntil=0,consensusTimeout=3000,nodeId=5b07d12d...,expectedCheckPoint=34
info|2026-02-06 15:38:24.145204|pbftWorker-0x0000765ecbdd16c0|[CONSENSUS][PBFT]notify to seal next proposal,nextProposalIndex=34
info|2026-02-06 15:38:24.145215|pbftWorker-0x0000765ecbdd16c0|[CONSENSUS][PBFT]onProposalApplySuccess,index=33,hash=348fcc59...,lockT=0,timecost=1
info|2026-02-06 15:38:24.145955|pbft-0x0000765ebedfb6c0|[CONSENSUS][PBFT]handleCheckPointMsg: try to add the checkpoint message into the cache,reqHash=348fcc59...,reqIndex=33,reqV=3,fromIdx=0,wait(ms)=0,committedIndex=32,consNum=33,committedHash=1e4d10cd...,view=3,toView=3,changeCycle=0,expectedCheckPoint=34,Idx=3,unsealedTxs=0,sealUntil=0,waitResealUntil=0,consensusTimeout=3000,nodeId=5b07d12d...
info|2026-02-06 15:38:24.146101|pbft-0x0000765ebedfb6c0|[CONSENSUS][PBFT]addCheckPointMsg,reqHash=348fcc59...,reqIndex=33,reqV=3,fromIdx=0,wait(ms)=1,Idx=3,weight=2,minRequiredWeight=3
info|2026-02-06 15:38:24.146129|pbft-0x0000765ebedfb6c0|[CONSENSUS][PBFT]notify to seal next proposal,nextProposalIndex=34
info|2026-02-06 15:38:24.146872|pbft-0x0000765ebedfb6c0|[CONSENSUS][PBFT]handleCheckPointMsg: try to add the checkpoint message into the cache,reqHash=348fcc59...,reqIndex=33,reqV=3,fromIdx=2,wait(ms)=1,committedIndex=32,consNum=33,committedHash=1e4d10cd...,view=3,toView=3,changeCycle=0,expectedCheckPoint=34,Idx=3,unsealedTxs=0,sealUntil=0,waitResealUntil=0,consensusTimeout=3000,nodeId=5b07d12d...
info|2026-02-06 15:38:24.147024|pbft-0x0000765ebedfb6c0|[CONSENSUS][PBFT]addCheckPointMsg,reqHash=348fcc59...,reqIndex=33,reqV=3,fromIdx=2,wait(ms)=2,Idx=3,weight=3,minRequiredWeight=3
info|2026-02-06 15:38:24.147054|pbft-0x0000765ebedfb6c0|[CONSENSUS][PBFT]notify to seal next proposal,nextProposalIndex=34
info|2026-02-06 15:38:24.147081|pbft-0x0000765ebedfb6c0|[CONSENSUS][PBFT]setSignatureList,signatureSize=3,propHash=348fcc59...,propIndex=33
info|2026-02-06 15:38:24.147099|pbft-0x0000765ebedfb6c0|[CONSENSUS][PBFT]checkAndCommitStableCheckPoint,index=33,hash=348fcc59...,committedIndex=32,consNum=33,committedHash=1e4d10cd...,view=3,toView=3,changeCycle=0,expectedCheckPoint=34,Idx=3,unsealedTxs=0,sealUntil=0,waitResealUntil=0,consensusTimeout=3000,nodeId=5b07d12d...
info|2026-02-06 15:38:24.147125|pbft-0x0000765ebedfb6c0|[CONSENSUS][PBFT]updateStableCheckPointQueue: insert new checkpoint proposal,index=33,hash=348fcc59...,committedIndex=32,consNum=33,committedHash=1e4d10cd...,view=3,toView=3,changeCycle=0,expectedCheckPoint=34,Idx=3,unsealedTxs=0,sealUntil=0,waitResealUntil=0,consensusTimeout=3000,nodeId=5b07d12d...
info|2026-02-06 15:38:24.147196|pbft-0x0000765ebedfb6c0|[CONSENSUS][PBFT]updateStableCheckPointQueue: commit stable checkpoint,index=33,committedIndex=32
info|2026-02-06 15:38:24.147248|pbft-0x0000765ebedfb6c0|[CONSENSUS][PBFT]asyncCommitStableCheckPoint: set signatureList,index=33,hash=348fcc59...,proofSize=3,blockProofSize=3
info|2026-02-06 15:38:24.147441|blockSubmit-0x0000765ecedd76c0|[SCHEDULER][blk-33][BlockTrace]CommitBlock start
info|2026-02-06 15:38:24.148668|blockSubmit-0x0000765ecedd76c0|[STORAGE-RocksDB]asyncPrepare,number=33
info|2026-02-06 15:38:24.148882|blockSubmit-0x0000765ecedd76c0|[STORAGE-RocksDB]asyncPrepare finished,blockNumber=33,put=8,delete=0,startTS=0,encode(ms)=0,time(ms)=0
info|2026-02-06 15:38:24.149210|blockSubmit-0x0000765ecedd76c0|[LEDGER]storeTransactionsAndReceipts,blockNumber=33
info|2026-02-06 15:38:24.149684|ledgerWrite-0x0000765ee2dff6c0|[STORAGE-RocksDB]setRows finished,put=2,dataSize=405,time(ms)=0
info|2026-02-06 15:38:24.149634|exec-0x0000765ed15dc6c0|[STORAGE-RocksDB]asyncPrepare,number=33
info|2026-02-06 15:38:24.149907|blockSubmit-0x0000765ecedd76c0|[LEDGER]storeTransactionsAndReceipts finished,blockNumber=33,blockTxsSize=2,unStoredTxs=0,timeCost=0
info|2026-02-06 15:38:24.149973|blockSubmit-0x0000765ecedd76c0|[LEDGER][METRIC]asyncPrewriteBlock,number=33,totalTxs=36,failedTxs=12,incTxs=2,incFailedTxs=2
info|2026-02-06 15:38:24.150112|exec-0x0000765ed15dc6c0|[STORAGE-KeyPage]parallelTraverse,size=0
info|2026-02-06 15:38:24.150196|exec-0x0000765ed15dc6c0|[STORAGE-RocksDB]asyncPrepare finished,blockNumber=33,put=0,delete=0,startTS=0,encode(ms)=0,time(ms)=0
info|2026-02-06 15:38:24.150222|exec-0x0000765ed15dc6c0|[EXECUTOR:1770362656][blk-33]Prepare success
info|2026-02-06 15:38:24.150358|exec-0x0000765ed15dc6c0|[STORAGE-RocksDB]asyncCommit finished,blockNumber=33,startTS=0,time(ms)=0,callback time(ms)=0,count=8
info|2026-02-06 15:38:24.150394|exec-0x0000765ed15dc6c0|[TOOL]fetchCompatibilityVersion
info|2026-02-06 15:38:24.150825|exec-0x0000765ed15dc6c0|[TOOL]fetchCompatibilityVersion success,version=3.11.0,versionNumber=51052544,minSupportedVersion=3.0.0-rc4,maxSupportedVersion=3.11.0
info|2026-02-06 15:38:24.150960|exec-0x0000765ed15dc6c0|[TOOL]fetchAuthCheckStatus success,value=0
info|2026-02-06 15:38:24.150993|exec-0x0000765ed15dc6c0|[EXECUTOR:1770362656]merge keyPage to cachedStorage,number=33
info|2026-02-06 15:38:24.151021|exec-0x0000765ed15dc6c0|[STORAGE-KeyPage]parallelTraverse,size=0
info|2026-02-06 15:38:24.151085|exec-0x0000765ed15dc6c0|[STORAGE]Successful merged records,count=0
info|2026-02-06 15:38:24.154355|exec-0x0000765ed15dc6c0|[SCHEDULER][blk-33][BlockTrace]CommitBlock success,gas limit=3000000000,timeCost=7
info|2026-02-06 15:38:24.154952|exec-0x0000765ed15dc6c0|[SCHEDULER][BlockTrace]Notify block result success,blockNumber=33
info|2026-02-06 15:38:24.155007|exec-0x0000765ed15dc6c0|[CONSENSUS][PBFT][STORAGE][METRIC]commitStableCheckPoint success,index=33,hash=348fcc59...,txs=2,timeCost=8,commitPerTx=3.5
info|2026-02-06 15:38:24.155047|exec-0x0000765ed15dc6c0|[SCHEDULER][blk-33]notify block result success,hash=348fcc59...,txsSize=2
info|2026-02-06 15:38:24.155361|exec-0x0000765ed15dc6c0|[STORAGE-RocksDB]asyncCommit finished,blockNumber=33,startTS=0,time(ms)=0,callback time(ms)=5,count=0
info|2026-02-06 15:38:24.155747|blockSubmit-0x0000765ecedd76c0|[CONSENSUS][PBFT][METRIC]resetConfig,committedIndex=33,propHash=348fcc59...,blockCountLimit=1000,leaderPeriod=1,consensusNodesSize=4
info|2026-02-06 15:38:24.156025|blockSubmit-0x0000765ecedd76c0|[CONSENSUS][PBFT][METRIC]^^^^^^^^Report,sealer=0,txs=2,committedIndex=33,consNum=34,committedHash=348fcc59...,view=3,toView=3,changeCycle=0,expectedCheckPoint=34,Idx=3,unsealedTxs=0,sealUntil=0,waitResealUntil=0,consensusTimeout=3000,nodeId=5b07d12d...
info|2026-02-06 15:38:24.156209|submitter-0x0000765ede5f66c0|[TXPOOL][METRIC]StatTPS,tps=19,totalTime=104
info|2026-02-06 15:38:24.156385|blockSubmit-0x0000765ecedd76c0|[CONSENSUS][SEALER]asyncNoteLatestBlockNumber,number=33
info|2026-02-06 15:38:24.156466|blockSubmit-0x0000765ecedd76c0|[CONSENSUS][SEALER]asyncNoteLatestBlockHash,_hash=348fcc59...
info|2026-02-06 15:38:24.156512|blockSubmit-0x0000765ecedd76c0|[BLOCK SYNC]#### BlockSyncConfig resetConfig,number=33,consNodeSize=4,observerNodeSize=0,type=CONSENSUS_NODE
info|2026-02-06 15:38:24.157026|blockSubmit-0x0000765ecedd76c0|[CONSENSUS][PBFT]notify to seal next proposal,nextProposalIndex=34
info|2026-02-06 15:38:24.157252|blockSubmit-0x0000765ecedd76c0|[CONSENSUS][PBFT]removeConsensusedCache finalizeConsensus,view=3,number=33,eraseSize=1,cacheSize=0
info|2026-02-06 15:38:24.157341|blockSubmit-0x0000765ecedd76c0|[CONSENSUS][PBFT][STORAGE]asyncRemoveStabledCheckPoint,index=28
info|2026-02-06 15:38:24.157435|blockSubmit-0x0000765ecedd76c0|[CONSENSUS][PBFT][STORAGE]asyncRemove success,dbName=pbftCommitDB,key=28
info|2026-02-06 15:38:24.158183|submitter-0x0000765ede5f66c0|[TXPOOL][METRIC]batchRemove txs success,expectedSize=2,succCount=2,batchId=33,timecost=3,lockT=1,removeT=1,updateLedgerNonceT=0,updateTxPoolNonceT=0
info|2026-02-06 15:38:24.410308|ioService-0x0000765e90bfd6c0|[DEFAULT][HTTP][SESSION][onRead]receive http request
info|2026-02-06 15:38:24.422591|ioService-0x0000765e90bfd6c0|[DEFAULT][HTTP][SESSION][onRead]receive http request
info|2026-02-06 15:38:24.435848|ioService-0x0000765e90bfd6c0|[DEFAULT][HTTP][SESSION][onRead]receive http request
info|2026-02-06 15:38:24.532345|ioService-0x0000765ea65fe6c0|[WS][SESSION][asyncRead],message=End of file,endpoint=127.0.0.1:48800,refCount=2
info|2026-02-06 15:38:24.532398|ioService-0x0000765ea65fe6c0|[RPC][WS][SESSION][drop],reason=4294963295,endpoint=127.0.0.1:48800,session=0x765e998d7c10
info|2026-02-06 15:38:24.532412|ioService-0x0000765ea65fe6c0|[RPC][WS][SESSION][drop],reason=4294963295,endpoint=127.0.0.1:48800,cb size=0,session=0x765e998d7c10
info|2026-02-06 15:38:24.532463|ioService-0x0000765ea65fe6c0|[DEFAULT][WS][STREAM]the real action to close the stream,this=0x765e99889190
info|2026-02-06 15:38:24.532642|fisco-bcos-0x0000765e83df66c0|[RPC][WS][SERVICE][removeSession],endpoint=127.0.0.1:48800
info|2026-02-06 15:38:24.532672|fisco-bcos-0x0000765e83df66c0|[RPC][WS][SERVICE][onDisconnect],endpoint=127.0.0.1:48800,refCount=2
info|2026-02-06 15:38:24.532679|fisco-bcos-0x0000765e83df66c0|[RPC][WS][SESSION],[DELOBJ][WSSESSION]=0x765e998d7c10
info|2026-02-06 15:38:24.532747|fisco-bcos-0x0000765e83df66c0|[DEFAULT][WS][STREAM],[DELOBJ][WsStream]=0x765e99889190
info|2026-02-06 15:38:24.556419|ioService-0x0000765ea7bff6c0|[WS][SESSION][asyncRead],message=End of file,endpoint=127.0.0.1:48792,refCount=2
info|2026-02-06 15:38:24.556465|ioService-0x0000765ea7bff6c0|[RPC][WS][SESSION][drop],reason=4294963295,endpoint=127.0.0.1:48792,session=0x765e99a2f810
info|2026-02-06 15:38:24.556479|ioService-0x0000765ea7bff6c0|[RPC][WS][SESSION][drop],reason=4294963295,endpoint=127.0.0.1:48792,cb size=0,session=0x765e99a2f810
info|2026-02-06 15:38:24.556539|ioService-0x0000765ea7bff6c0|[DEFAULT][WS][STREAM]the real action to close the stream,this=0x765e99a11090
info|2026-02-06 15:38:24.556655|fisco-bcos-0x0000765ebc9fc6c0|[RPC][WS][SERVICE][removeSession],endpoint=127.0.0.1:48792
info|2026-02-06 15:38:24.556691|fisco-bcos-0x0000765ebc9fc6c0|[RPC][WS][SERVICE][onDisconnect],endpoint=127.0.0.1:48792,refCount=2
info|2026-02-06 15:38:24.556722|fisco-bcos-0x0000765ebc9fc6c0|[RPC][WS][SESSION],[DELOBJ][WSSESSION]=0x765e99a2f810
info|2026-02-06 15:38:24.556740|fisco-bcos-0x0000765ebc9fc6c0|[DEFAULT][WS][STREAM],[DELOBJ][WsStream]=0x765e99a11090
info|2026-02-06 15:38:26.477594|ioService-0x0000765ebb5fd6c0|[P2PService][Service][METRIC]heartBeat,connected count=3
info|2026-02-06 15:38:26.486487|timerFactory-0x0000765e95bff6c0|[RPC][WS][SERVICE]connected nodes,count=0
info|2026-02-06 15:38:26.487691|timerFactory-0x0000765eaa3fe6c0|[RPC][WS][SERVICE]connected nodes,count=0
info|2026-02-06 15:38:27.411075|ioService-0x0000765e90bfd6c0|[DEFAULT][HTTP][SESSION][onRead]receive http request
info|2026-02-06 15:38:30.411064|ioService-0x0000765e90bfd6c0|[DEFAULT][HTTP][SESSION][onRead]receive http request
info|2026-02-06 15:38:33.411210|ioService-0x0000765e90bfd6c0|[DEFAULT][HTTP][SESSION][onRead]receive http request
info|2026-02-06 15:38:36.411029|ioService-0x0000765e90bfd6c0|[DEFAULT][HTTP][SESSION][onRead]receive http request
info|2026-02-06 15:38:36.477750|ioService-0x0000765ebb5fd6c0|[P2PService][Service][METRIC]heartBeat,connected count=3
info|2026-02-06 15:38:36.486841|timerFactory-0x0000765e95bff6c0|[RPC][WS][SERVICE]connected nodes,count=0
info|2026-02-06 15:38:36.487874|timerFactory-0x0000765eaa3fe6c0|[RPC][WS][SERVICE]connected nodes,count=0
info|2026-02-06 15:38:39.410986|ioService-0x0000765e90bfd6c0|[DEFAULT][HTTP][SESSION][onRead]receive http request
info|2026-02-06 15:38:42.411565|ioService-0x0000765e90bfd6c0|[DEFAULT][HTTP][SESSION][onRead]receive http request
info|2026-02-06 15:38:45.413796|ioService-0x0000765e90bfd6c0|[DEFAULT][HTTP][SESSION][onRead]receive http request
info|2026-02-06 15:38:46.477997|ioService-0x0000765ebb5fd6c0|[P2PService][Service][METRIC]heartBeat,connected count=3
info|2026-02-06 15:38:46.486979|timerFactory-0x0000765e95bff6c0|[RPC][WS][SERVICE]connected nodes,count=0
info|2026-02-06 15:38:46.488066|timerFactory-0x0000765eaa3fe6c0|[RPC][WS][SERVICE]connected nodes,count=0
info|2026-02-06 15:38:48.413815|ioService-0x0000765e90bfd6c0|[DEFAULT][HTTP][SESSION][onRead]receive http request
info|2026-02-06 15:38:51.414587|ioService-0x0000765e90bfd6c0|[DEFAULT][HTTP][SESSION][onRead]receive http request
info|2026-02-06 15:38:54.415342|ioService-0x0000765e90bfd6c0|[DEFAULT][HTTP][SESSION][onRead]receive http request
info|2026-02-06 15:38:56.478180|ioService-0x0000765ebb5fd6c0|[P2PService][Service][METRIC]heartBeat,connected count=3
info|2026-02-06 15:38:56.487182|timerFactory-0x0000765e95bff6c0|[RPC][WS][SERVICE]connected nodes,count=0
info|2026-02-06 15:38:56.488207|timerFactory-0x0000765eaa3fe6c0|[RPC][WS][SERVICE]connected nodes,count=0
info|2026-02-06 15:38:57.415248|ioService-0x0000765e90bfd6c0|[DEFAULT][HTTP][SESSION][onRead]receive http request
info|2026-02-06 15:39:00.415577|ioService-0x0000765e90bfd6c0|[DEFAULT][HTTP][SESSION][onRead]receive http request
info|2026-02-06 15:39:03.415909|ioService-0x0000765e90bfd6c0|[DEFAULT][HTTP][SESSION][onRead]receive http request
info|2026-02-06 15:39:06.416624|ioService-0x0000765e90bfd6c0|[DEFAULT][HTTP][SESSION][onRead]receive http request
info|2026-02-06 15:39:06.479357|ioService-0x0000765ebb5fd6c0|[P2PService][Service][METRIC]heartBeat,connected count=3
info|2026-02-06 15:39:06.487339|timerFactory-0x0000765e95bff6c0|[RPC][WS][SERVICE]connected nodes,count=0
info|2026-02-06 15:39:06.488325|timerFactory-0x0000765eaa3fe6c0|[RPC][WS][SERVICE]connected nodes,count=0
info|2026-02-06 15:39:09.418173|ioService-0x0000765e90bfd6c0|[DEFAULT][HTTP][SESSION][onRead]receive http request
info|2026-02-06 15:39:12.417854|ioService-0x0000765e90bfd6c0|[DEFAULT][HTTP][SESSION][onRead]receive http request
info|2026-02-06 15:39:15.417026|ioService-0x0000765e90bfd6c0|[DEFAULT][HTTP][SESSION][onRead]receive http request
info|2026-02-06 15:39:16.473063|objMonitor-0x0000765e8a1f06c0|[startMonitor][AliveObjectMonitor],AliveObjectAllocStat=[ type: bcos::gateway::Socket ,created: 11 ,destroyed: 7 ,alive: 4 ] 
info|2026-02-06 15:39:16.479580|ioService-0x0000765ebb5fd6c0|[P2PService][Service][METRIC]heartBeat,connected count=3
info|2026-02-06 15:39:16.487767|timerFactory-0x0000765e95bff6c0|[RPC][WS][SERVICE]connected nodes,count=0
info|2026-02-06 15:39:16.488450|timerFactory-0x0000765eaa3fe6c0|[RPC][WS][SERVICE]connected nodes,count=0
info|2026-02-06 15:39:18.418064|ioService-0x0000765e90bfd6c0|[DEFAULT][HTTP][SESSION][onRead]receive http request
info|2026-02-06 15:39:21.418466|ioService-0x0000765e90bfd6c0|[DEFAULT][HTTP][SESSION][onRead]receive http request
info|2026-02-06 15:39:24.418210|ioService-0x0000765e90bfd6c0|[DEFAULT][HTTP][SESSION][onRead]receive http request
info|2026-02-06 15:39:26.479961|ioService-0x0000765ebb5fd6c0|[P2PService][Service][METRIC]heartBeat,connected count=3
info|2026-02-06 15:39:26.487908|timerFactory-0x0000765e95bff6c0|[RPC][WS][SERVICE]connected nodes,count=0
info|2026-02-06 15:39:26.488581|timerFactory-0x0000765eaa3fe6c0|[RPC][WS][SERVICE]connected nodes,count=0
info|2026-02-06 15:39:27.420195|ioService-0x0000765e90bfd6c0|[DEFAULT][HTTP][SESSION][onRead]receive http request
info|2026-02-06 15:39:30.418775|ioService-0x0000765e90bfd6c0|[DEFAULT][HTTP][SESSION][onRead]receive http request
info|2026-02-06 15:39:33.419471|ioService-0x0000765e90bfd6c0|[DEFAULT][HTTP][SESSION][onRead]receive http request
info|2026-02-06 15:39:36.419043|ioService-0x0000765e90bfd6c0|[DEFAULT][HTTP][SESSION][onRead]receive http request
info|2026-02-06 15:39:36.480500|ioService-0x0000765ebb5fd6c0|[P2PService][Service][METRIC]heartBeat,connected count=3
info|2026-02-06 15:39:36.488037|timerFactory-0x0000765e95bff6c0|[RPC][WS][SERVICE]connected nodes,count=0
info|2026-02-06 15:39:36.488708|timerFactory-0x0000765eaa3fe6c0|[RPC][WS][SERVICE]connected nodes,count=0
info|2026-02-06 15:39:39.419312|ioService-0x0000765e90bfd6c0|[DEFAULT][HTTP][SESSION][onRead]receive http request
info|2026-02-06 15:39:42.419110|ioService-0x0000765e90bfd6c0|[DEFAULT][HTTP][SESSION][onRead]receive http request
info|2026-02-06 15:39:45.419041|ioService-0x0000765e90bfd6c0|[DEFAULT][HTTP][SESSION][onRead]receive http request
info|2026-02-06 15:39:46.481181|ioService-0x0000765ebb5fd6c0|[P2PService][Service][METRIC]heartBeat,connected count=3
info|2026-02-06 15:39:46.488201|timerFactory-0x0000765e95bff6c0|[RPC][WS][SERVICE]connected nodes,count=0
info|2026-02-06 15:39:46.488803|timerFactory-0x0000765eaa3fe6c0|[RPC][WS][SERVICE]connected nodes,count=0
info|2026-02-06 15:39:48.421594|ioService-0x0000765e90bfd6c0|[DEFAULT][HTTP][SESSION][onRead]receive http request
info|2026-02-06 15:39:51.420377|ioService-0x0000765e90bfd6c0|[DEFAULT][HTTP][SESSION][onRead]receive http request
info|2026-02-06 15:39:54.422020|ioService-0x0000765e90bfd6c0|[DEFAULT][HTTP][SESSION][onRead]receive http request
info|2026-02-06 15:39:56.481410|ioService-0x0000765ebb5fd6c0|[P2PService][Service][METRIC]heartBeat,connected count=3
info|2026-02-06 15:39:56.488399|timerFactory-0x0000765e95bff6c0|[RPC][WS][SERVICE]connected nodes,count=0
info|2026-02-06 15:39:56.488967|timerFactory-0x0000765eaa3fe6c0|[RPC][WS][SERVICE]connected nodes,count=0
info|2026-02-06 15:39:57.420046|ioService-0x0000765e90bfd6c0|[DEFAULT][HTTP][SESSION][onRead]receive http request
info|2026-02-06 15:40:00.421750|ioService-0x0000765e90bfd6c0|[DEFAULT][HTTP][SESSION][onRead]receive http request
info|2026-02-06 15:40:03.423590|ioService-0x0000765e90bfd6c0|[DEFAULT][HTTP][SESSION][onRead]receive http request
info|2026-02-06 15:40:06.423354|ioService-0x0000765e90bfd6c0|[DEFAULT][HTTP][SESSION][onRead]receive http request
info|2026-02-06 15:40:06.481635|ioService-0x0000765ebb5fd6c0|[P2PService][Service][METRIC]heartBeat,connected count=3
info|2026-02-06 15:40:06.488530|timerFactory-0x0000765e95bff6c0|[RPC][WS][SERVICE]connected nodes,count=0
info|2026-02-06 15:40:06.489427|timerFactory-0x0000765eaa3fe6c0|[RPC][WS][SERVICE]connected nodes,count=0
info|2026-02-06 15:40:09.423043|ioService-0x0000765e90bfd6c0|[DEFAULT][HTTP][SESSION][onRead]receive http request
info|2026-02-06 15:40:12.423848|ioService-0x0000765e90bfd6c0|[DEFAULT][HTTP][SESSION][onRead]receive http request
info|2026-02-06 15:40:15.423616|ioService-0x0000765e90bfd6c0|[DEFAULT][HTTP][SESSION][onRead]receive http request
info|2026-02-06 15:40:16.473416|objMonitor-0x0000765e8a1f06c0|[startMonitor][AliveObjectMonitor],AliveObjectAllocStat=[ type: bcos::gateway::Socket ,created: 11 ,destroyed: 7 ,alive: 4 ] 
info|2026-02-06 15:40:16.482033|ioService-0x0000765ebb5fd6c0|[P2PService][Service][METRIC]heartBeat,connected count=3
info|2026-02-06 15:40:16.488738|timerFactory-0x0000765e95bff6c0|[RPC][WS][SERVICE]connected nodes,count=0
info|2026-02-06 15:40:16.490019|timerFactory-0x0000765eaa3fe6c0|[RPC][WS][SERVICE]connected nodes,count=0
info|2026-02-06 15:40:18.422765|ioService-0x0000765e90bfd6c0|[DEFAULT][HTTP][SESSION][onRead]receive http request
info|2026-02-06 15:40:21.422916|ioService-0x0000765e90bfd6c0|[DEFAULT][HTTP][SESSION][onRead]receive http request
info|2026-02-06 15:40:24.423116|ioService-0x0000765e90bfd6c0|[DEFAULT][HTTP][SESSION][onRead]receive http request
info|2026-02-06 15:40:26.482565|ioService-0x0000765ebb5fd6c0|[P2PService][Service][METRIC]heartBeat,connected count=3
info|2026-02-06 15:40:26.489139|timerFactory-0x0000765e95bff6c0|[RPC][WS][SERVICE]connected nodes,count=0
info|2026-02-06 15:40:26.490294|timerFactory-0x0000765eaa3fe6c0|[RPC][WS][SERVICE]connected nodes,count=0
info|2026-02-06 15:40:27.423979|ioService-0x0000765e90bfd6c0|[DEFAULT][HTTP][SESSION][onRead]receive http request
info|2026-02-06 15:40:30.425496|ioService-0x0000765e90bfd6c0|[DEFAULT][HTTP][SESSION][onRead]receive http request
info|2026-02-06 15:40:33.424754|ioService-0x0000765e90bfd6c0|[DEFAULT][HTTP][SESSION][onRead]receive http request
info|2026-02-06 15:40:36.425004|ioService-0x0000765e90bfd6c0|[DEFAULT][HTTP][SESSION][onRead]receive http request
info|2026-02-06 15:40:36.482791|ioService-0x0000765ebb5fd6c0|[P2PService][Service][METRIC]heartBeat,connected count=3
info|2026-02-06 15:40:36.489462|timerFactory-0x0000765e95bff6c0|[RPC][WS][SERVICE]connected nodes,count=0
info|2026-02-06 15:40:36.490890|timerFactory-0x0000765eaa3fe6c0|[RPC][WS][SERVICE]connected nodes,count=0
info|2026-02-06 15:40:39.424451|ioService-0x0000765e90bfd6c0|[DEFAULT][HTTP][SESSION][onRead]receive http request
info|2026-02-06 15:40:42.425190|ioService-0x0000765e90bfd6c0|[DEFAULT][HTTP][SESSION][onRead]receive http request
info|2026-02-06 15:40:45.425591|ioService-0x0000765e90bfd6c0|[DEFAULT][HTTP][SESSION][onRead]receive http request
info|2026-02-06 15:40:46.483072|ioService-0x0000765ebb5fd6c0|[P2PService][Service][METRIC]heartBeat,connected count=3
info|2026-02-06 15:40:46.489832|timerFactory-0x0000765e95bff6c0|[RPC][WS][SERVICE]connected nodes,count=0
info|2026-02-06 15:40:46.491180|timerFactory-0x0000765eaa3fe6c0|[RPC][WS][SERVICE]connected nodes,count=0
info|2026-02-06 15:40:48.426592|ioService-0x0000765e90bfd6c0|[DEFAULT][HTTP][SESSION][onRead]receive http request
info|2026-02-06 15:40:51.427058|ioService-0x0000765e90bfd6c0|[DEFAULT][HTTP][SESSION][onRead]receive http request
info|2026-02-06 15:40:54.425899|ioService-0x0000765e90bfd6c0|[DEFAULT][HTTP][SESSION][onRead]receive http request
info|2026-02-06 15:40:56.483617|ioService-0x0000765ebb5fd6c0|[P2PService][Service][METRIC]heartBeat,connected count=3
info|2026-02-06 15:40:56.490390|timerFactory-0x0000765e95bff6c0|[RPC][WS][SERVICE]connected nodes,count=0
info|2026-02-06 15:40:56.491512|timerFactory-0x0000765eaa3fe6c0|[RPC][WS][SERVICE]connected nodes,count=0
info|2026-02-06 15:40:57.427432|ioService-0x0000765e90bfd6c0|[DEFAULT][HTTP][SESSION][onRead]receive http request
info|2026-02-06 15:41:00.429896|ioService-0x0000765e90bfd6c0|[DEFAULT][HTTP][SESSION][onRead]receive http request
info|2026-02-06 15:41:03.429178|ioService-0x0000765e90bfd6c0|[DEFAULT][HTTP][SESSION][onRead]receive http request
info|2026-02-06 15:41:06.427671|ioService-0x0000765e90bfd6c0|[DEFAULT][HTTP][SESSION][onRead]receive http request
info|2026-02-06 15:41:06.483967|ioService-0x0000765ebb5fd6c0|[P2PService][Service][METRIC]heartBeat,connected count=3
info|2026-02-06 15:41:06.490697|timerFactory-0x0000765e95bff6c0|[RPC][WS][SERVICE]connected nodes,count=0
info|2026-02-06 15:41:06.491865|timerFactory-0x0000765eaa3fe6c0|[RPC][WS][SERVICE]connected nodes,count=0
info|2026-02-06 15:41:09.437607|ioService-0x0000765e90bfd6c0|[DEFAULT][HTTP][SESSION][onRead]receive http request
info|2026-02-06 15:41:12.427355|ioService-0x0000765e90bfd6c0|[DEFAULT][HTTP][SESSION][onRead]receive http request
info|2026-02-06 15:41:15.438629|ioService-0x0000765e90bfd6c0|[DEFAULT][HTTP][SESSION][onRead]receive http request
info|2026-02-06 15:41:16.473686|objMonitor-0x0000765e8a1f06c0|[startMonitor][AliveObjectMonitor],AliveObjectAllocStat=[ type: bcos::gateway::Socket ,created: 11 ,destroyed: 7 ,alive: 4 ] 
info|2026-02-06 15:41:16.484488|ioService-0x0000765ebb5fd6c0|[P2PService][Service][METRIC]heartBeat,connected count=3
info|2026-02-06 15:41:16.490861|timerFactory-0x0000765e95bff6c0|[RPC][WS][SERVICE]connected nodes,count=0
info|2026-02-06 15:41:16.491992|timerFactory-0x0000765eaa3fe6c0|[RPC][WS][SERVICE]connected nodes,count=0
info|2026-02-06 15:41:18.430094|ioService-0x0000765e90bfd6c0|[DEFAULT][HTTP][SESSION][onRead]receive http request
info|2026-02-06 15:41:21.429224|ioService-0x0000765e90bfd6c0|[DEFAULT][HTTP][SESSION][onRead]receive http request
info|2026-02-06 15:41:24.430302|ioService-0x0000765e90bfd6c0|[DEFAULT][HTTP][SESSION][onRead]receive http request
info|2026-02-06 15:41:26.484733|ioService-0x0000765ebb5fd6c0|[P2PService][Service][METRIC]heartBeat,connected count=3
info|2026-02-06 15:41:26.491188|timerFactory-0x0000765e95bff6c0|[RPC][WS][SERVICE]connected nodes,count=0
info|2026-02-06 15:41:26.492174|timerFactory-0x0000765eaa3fe6c0|[RPC][WS][SERVICE]connected nodes,count=0
info|2026-02-06 15:41:27.430403|ioService-0x0000765e90bfd6c0|[DEFAULT][HTTP][SESSION][onRead]receive http request
info|2026-02-06 15:41:30.430089|ioService-0x0000765e90bfd6c0|[DEFAULT][HTTP][SESSION][onRead]receive http request
info|2026-02-06 15:41:33.429900|ioService-0x0000765e90bfd6c0|[DEFAULT][HTTP][SESSION][onRead]receive http request
info|2026-02-06 15:41:36.431272|ioService-0x0000765e90bfd6c0|[DEFAULT][HTTP][SESSION][onRead]receive http request
info|2026-02-06 15:41:36.485870|ioService-0x0000765ebb5fd6c0|[P2PService][Service][METRIC]heartBeat,connected count=3
info|2026-02-06 15:41:36.491765|timerFactory-0x0000765e95bff6c0|[RPC][WS][SERVICE]connected nodes,count=0
info|2026-02-06 15:41:36.497685|timerFactory-0x0000765eaa3fe6c0|[RPC][WS][SERVICE]connected nodes,count=0
info|2026-02-06 15:41:39.429707|ioService-0x0000765e90bfd6c0|[DEFAULT][HTTP][SESSION][onRead]receive http request
info|2026-02-06 15:41:42.429650|ioService-0x0000765e90bfd6c0|[DEFAULT][HTTP][SESSION][onRead]receive http request
info|2026-02-06 15:41:45.431536|ioService-0x0000765e90bfd6c0|[DEFAULT][HTTP][SESSION][onRead]receive http request
info|2026-02-06 15:41:46.486148|ioService-0x0000765ebb5fd6c0|[P2PService][Service][METRIC]heartBeat,connected count=3
info|2026-02-06 15:41:46.492050|timerFactory-0x0000765e95bff6c0|[RPC][WS][SERVICE]connected nodes,count=0
info|2026-02-06 15:41:46.497831|timerFactory-0x0000765eaa3fe6c0|[RPC][WS][SERVICE]connected nodes,count=0
info|2026-02-06 15:41:48.430661|ioService-0x0000765e90bfd6c0|[DEFAULT][HTTP][SESSION][onRead]receive http request
info|2026-02-06 15:41:51.431256|ioService-0x0000765e90bfd6c0|[DEFAULT][HTTP][SESSION][onRead]receive http request
info|2026-02-06 15:41:54.431833|ioService-0x0000765e90bfd6c0|[DEFAULT][HTTP][SESSION][onRead]receive http request
info|2026-02-06 15:41:56.486678|ioService-0x0000765ebb5fd6c0|[P2PService][Service][METRIC]heartBeat,connected count=3
info|2026-02-06 15:41:56.492382|timerFactory-0x0000765e95bff6c0|[RPC][WS][SERVICE]connected nodes,count=0
info|2026-02-06 15:41:56.498257|timerFactory-0x0000765eaa3fe6c0|[RPC][WS][SERVICE]connected nodes,count=0
info|2026-02-06 15:41:57.432400|ioService-0x0000765e90bfd6c0|[DEFAULT][HTTP][SESSION][onRead]receive http request
info|2026-02-06 15:42:00.433913|ioService-0x0000765e90bfd6c0|[DEFAULT][HTTP][SESSION][onRead]receive http request
info|2026-02-06 15:42:03.433719|ioService-0x0000765e90bfd6c0|[DEFAULT][HTTP][SESSION][onRead]receive http request
info|2026-02-06 15:42:06.434583|ioService-0x0000765e90bfd6c0|[DEFAULT][HTTP][SESSION][onRead]receive http request
info|2026-02-06 15:42:06.488317|ioService-0x0000765ebb5fd6c0|[P2PService][Service][METRIC]heartBeat,connected count=3
info|2026-02-06 15:42:06.492716|timerFactory-0x0000765e95bff6c0|[RPC][WS][SERVICE]connected nodes,count=0
info|2026-02-06 15:42:06.498576|timerFactory-0x0000765eaa3fe6c0|[RPC][WS][SERVICE]connected nodes,count=0
info|2026-02-06 15:42:09.434137|ioService-0x0000765e90bfd6c0|[DEFAULT][HTTP][SESSION][onRead]receive http request
info|2026-02-06 15:42:12.435161|ioService-0x0000765e90bfd6c0|[DEFAULT][HTTP][SESSION][onRead]receive http request
info|2026-02-06 15:42:15.435975|ioService-0x0000765e90bfd6c0|[DEFAULT][HTTP][SESSION][onRead]receive http request
info|2026-02-06 15:42:16.474003|objMonitor-0x0000765e8a1f06c0|[startMonitor][AliveObjectMonitor],AliveObjectAllocStat=[ type: bcos::gateway::Socket ,created: 11 ,destroyed: 7 ,alive: 4 ] 
info|2026-02-06 15:42:16.488502|ioService-0x0000765ebb5fd6c0|[P2PService][Service][METRIC]heartBeat,connected count=3
info|2026-02-06 15:42:16.492864|timerFactory-0x0000765e95bff6c0|[RPC][WS][SERVICE]connected nodes,count=0
info|2026-02-06 15:42:16.499291|timerFactory-0x0000765eaa3fe6c0|[RPC][WS][SERVICE]connected nodes,count=0
info|2026-02-06 15:42:18.436194|ioService-0x0000765e90bfd6c0|[DEFAULT][HTTP][SESSION][onRead]receive http request
info|2026-02-06 15:42:18.641310|ioService-0x0000765e913fe6c0|[DEFAULT][HTTP][STREAM]close the stream,this=0x765e928292e0
info|2026-02-06 15:42:18.641348|ioService-0x0000765e91bff6c0|[DEFAULT][HTTP][STREAM]close the stream,this=0x765e928291f0
info|2026-02-06 15:42:18.641408|ioService-0x0000765e90bfd6c0|[DEFAULT][HTTP][STREAM]close the stream,this=0x765e928293d0
info|2026-02-06 15:42:18.641542|ioService-0x0000765e927ff6c0|[DEFAULT][HTTP][STREAM]close the stream,this=0x765e92829100
info|2026-02-06 15:42:26.489033|ioService-0x0000765ebb5fd6c0|[P2PService][Service][METRIC]heartBeat,connected count=3
info|2026-02-06 15:42:26.493489|timerFactory-0x0000765e95bff6c0|[RPC][WS][SERVICE]connected nodes,count=0
info|2026-02-06 15:42:26.499548|timerFactory-0x0000765eaa3fe6c0|[RPC][WS][SERVICE]connected nodes,count=0
info|2026-02-06 15:42:30.803540|ioService-0x0000765ea7bff6c0|[DEFAULT][HTTP][SERVER][accept],local_endpoint=127.0.0.1:20203,remote_endpoint=127.0.0.1:38014
info|2026-02-06 15:42:30.803880|ioService-0x0000765ea4dfe6c0|[DEFAULT][HTTP][SESSION][onRead]websocket upgrade
info|2026-02-06 15:42:30.803914|ioService-0x0000765ea4dfe6c0|[DEFAULT][WS][STREAM],[NEWOBJ][WsStream]=0x765ea2420290
info|2026-02-06 15:42:30.803946|ioService-0x0000765ea4dfe6c0|[RPC][WS][SESSION],[NEWOBJ][WSSESSION]=0x765ea2476410
info|2026-02-06 15:42:30.803966|ioService-0x0000765ea4dfe6c0|[RPC][WS][SERVICE][newSession]start the session,endPoint=127.0.0.1:38014
info|2026-02-06 15:42:30.803972|ioService-0x0000765ea4dfe6c0|[RPC][WS][SESSION][startAsServer]start websocket handshake,endPoint=127.0.0.1:38014,session=0x765ea2476410
info|2026-02-06 15:42:30.804075|ioService-0x0000765ea4dfe6c0|[RPC][WS][SERVICE][addSession]add session to mapping,endPoint=127.0.0.1:38014,result=true
info|2026-02-06 15:42:30.804094|ioService-0x0000765ea4dfe6c0|[RPC][WS][SERVICE][onConnect],endpoint=127.0.0.1:38014,refCount=3
info|2026-02-06 15:42:30.804157|ioService-0x0000765ea4dfe6c0|[RPC][WS][SESSION][onWsAccept]websocket handshake successfully,endPoint=127.0.0.1:38014,session=0x765ea2476410
info|2026-02-06 15:42:30.804639|fisco-bcos-0x0000765e865fd6c0|HandshakeRequest,module=2,minVersion=0,maxVersion=2
info|2026-02-06 15:42:30.804668|fisco-bcos-0x0000765e865fd6c0|[RPC]negotiatedVersion success,peer=127.0.0.1:38014,minVersion=0,maxVersion=2,supportMinVersion=0,supportMaxVersion=2,negotiatedVersion=2,seq=9a9041bcd0f64c89952b539c0eff782a
info|2026-02-06 15:42:30.804930|fisco-bcos-0x0000765e865fd6c0|[RPC]onRecvHandshakeRequest success,version=2,endpoint=127.0.0.1:38014,handshakeResponse={"groupBlockNumber":[{"group0":33}],"groupInfoList":[{"chainID":"chain0","genesisConfig":"{\"blockTxCountLimit\":1000,\"consensusLeaderPeriod\":1,\"consensusType\":\"pbft\",\"sealerList\":[{\"nodeID\":\"0d6a7f52cb87ce7fda869e0db309ec9c53723c46f81632c21e4abbf1a9159f14d53f37cc0c4141548da9ec877d6235afd7a501c40d296fc4c5252a8717aa23c2\",\"weight\":1},{\"nodeID\":\"21a47acec36f73d8e925a7d5db44793f998e1a42a6d7ee2e3a5cf4037b853452cb76f6cbab8e5b223a128e8ee15790d1f629858b47070b4eb2e1ddb2b0ada297\",\"weight\":1},{\"nodeID\":\"2346c69c46d42278eb237167eb19eb28432b63783cc0fd7cddc90f89c148e755db8941be9b0c5f37cbc21c409a78c154abc75ce0c80818c6fbb76aea6bcd0a9a\",\"weight\":1},{\"nodeID\":\"5b07d12d1512a66493c8fd3456d8c505e6ce05f20061613a4c48a1fa3755bbf9cc2d2f1878c4a6733389f03deb0a3fc0c672e2f4910fde9802d6675929cb3dc5\",\"weight\":1}],\"txGasLimit\":3000000000}\n","groupID":"group0","iniConfig":"","nodeList":[{"featureKeys":["bugfix_revert","bugfix_statestorage_hash","bugfix_evm_create2_delegatecall_staticcall_codecopy","bugfix_event_log_order","bugfix_call_noaddr_return","bugfix_precompiled_codehash","bugfix_dmc_revert","bugfix_keypage_system_entry_hash","bugfix_internal_create_redundant_storage","bugfix_internal_create_permission_denied","bugfix_sharding_call_in_child_executive","bugfix_empty_abi_reset","bugfix_eip55_addr","bugfix_eoa_as_contract","bugfix_eoa_match_failed","bugfix_evm_exception_gas_used","bugfix_dmc_deploy_gas_used","bugfix_staticcall_noaddr_return","bugfix_support_transfer_receive_fallback","bugfix_set_row_with_dirty_flag","feature_dmc2serial","feature_sharding","feature_rpbft","feature_paillier","feature_balance","feature_balance_precompiled","feature_balance_policy1","feature_paillier_add_raw","feature_evm_cancun"],"iniConfig":"{\"binaryInfo\":{\"buildTime\":\"20240827 04:30:34\",\"gitCommitHash\":\"3fea676716990b2ed453b4f079915daafff451f9\",\"platform\":\"Linux/g++\",\"version\":\"3.11.0\"},\"chainID\":\"chain0\",\"gatewayServiceName\":\"\",\"groupID\":\"group0\",\"isAuthCheck\":false,\"isSerialExecute\":true,\"isWasm\":false,\"nodeID\":\"5b07d12d1512a66493c8fd3456d8c505e6ce05f20061613a4c48a1fa3755bbf9cc2d2f1878c4a6733389f03deb0a3fc0c672e2f4910fde9802d6675929cb3dc5\",\"nodeName\":\"5b07d12d1512a66493c8fd3456d8c505e6ce05f20061613a4c48a1fa3755bbf9cc2d2f1878c4a6733389f03deb0a3fc0c672e2f4910fde9802d6675929cb3dc5\",\"rpcServiceName\":\"\",\"smCryptoType\":false}\n","microService":false,"name":"5b07d12d1512a66493c8fd3456d8c505e6ce05f20061613a4c48a1fa3755bbf9cc2d2f1878c4a6733389f03deb0a3fc0c672e2f4910fde9802d6675929cb3dc5","nodeID":"5b07d12d1512a66493c8fd3456d8c505e6ce05f20061613a4c48a1fa3755bbf9cc2d2f1878c4a6733389f03deb0a3fc0c672e2f4910fde9802d6675929cb3dc5","protocol":{"compatibilityVersion":51052544,"maxSupportedVersion":2,"minSupportedVersion":0},"serviceInfo":[{"serviceName":"LedgerServiceObj","type":2},{"serviceName":"SchedulerServiceObj","type":3},{"serviceName":"FrontServiceObj","type":4},{"serviceName":"","type":6},{"serviceName":"","type":7},{"serviceName":"TxPoolServiceObj","type":8}],"supportConfigs":["tx_gas_limit","tx_gas_price","tx_count_limit","consensus_leader_period","auth_check_status","compatibility_version","feature_rpbft","feature_rpbft_epoch_block_num","feature_rpbft_epoch_sealer_num","feature_balance_precompiled","web3_chain_id"],"type":0}]}],"protocolVersion":2}
info|2026-02-06 15:42:30.806659|fisco-bcos-0x0000765e865fd6c0|[parseSubTopicsJson],topicItems size=0,json={"topics":[]}
info|2026-02-06 15:42:30.806714|fisco-bcos-0x0000765e865fd6c0|[AMOPClient]subscribeTopicToAllNodes,topicInfo={
	"topics" : []
}
info|2026-02-06 15:42:30.806726|fisco-bcos-0x0000765e865fd6c0|[AMOP][TOPIC][parseSubTopicsJson],topicItems size=0,json={
	"topics" : []
}
info|2026-02-06 15:42:30.806737|fisco-bcos-0x0000765e865fd6c0|[AMOP][TOPIC][subTopic],client=localAMOP,topicSeq=1,topicItems size=0
info|2026-02-06 15:42:30.806743|fisco-bcos-0x0000765e865fd6c0|[AMOPClient][onRecvSubTopics],topicInfo={"topics":[]}
,endpoint=127.0.0.1:38014,seq=561bead68b8b4fa3adcad26de11ae8c7
info|2026-02-06 15:42:33.073593|pbft-0x0000765ebedfb6c0|[CONSENSUS][PBFT]handlePrePrepareMsg,reqHash=e0eafd89...,reqIndex=34,reqV=3,fromIdx=1,wait(ms)=0,committedIndex=33,consNum=34,committedHash=348fcc59...,view=3,toView=3,changeCycle=0,expectedCheckPoint=34,Idx=3,unsealedTxs=1,sealUntil=0,waitResealUntil=0,consensusTimeout=3000,nodeId=5b07d12d...,utc=16210791
info|2026-02-06 15:42:33.073798|pbft-0x0000765ebedfb6c0|[TXPOOL]begin asyncVerifyBlock,consNum=34,hash=e0eafd89...
info|2026-02-06 15:42:33.074047|verifier-0x0000765edddf56c0|[TXPOOL]batchVerifyProposal,consNum=34,hash=e0eafd89...,txsSize=1,lockT=0,verifyT=0,missedTxs=0
info|2026-02-06 15:42:33.074108|verifier-0x0000765edddf56c0|[TXPOOL][METRIC]asyncVerifyBlock finished,consNum=34,hash=e0eafd89...,code=0,msg=success,result=true,timecost=0
info|2026-02-06 15:42:33.074172|verifier-0x0000765edddf56c0|[CONSENSUS][PBFT]handlePrePrepareMsg,reqHash=e0eafd89...,reqIndex=34,reqV=3,fromIdx=1,wait(ms)=1,committedIndex=33,consNum=34,committedHash=348fcc59...,view=3,toView=3,changeCycle=0,expectedCheckPoint=34,Idx=3,unsealedTxs=1,sealUntil=0,waitResealUntil=0,consensusTimeout=3000,nodeId=5b07d12d...,utc=16210791
info|2026-02-06 15:42:33.074258|validator-0x0000765ed05da6c0|[CONSENSUS][PBFT]asyncResetTxsFlag,index=34,hash=e0eafd89...,flag=true
info|2026-02-06 15:42:33.074298|validator-0x0000765ed05da6c0|[TXPOOL]batchMarkTxs,txsSize=1,batchId=34,hash=e0eafd89...,sealFlag=true,notFound=0,reSealed=0,succ=1,time=0,markT=0
info|2026-02-06 15:42:33.074317|validator-0x0000765ed05da6c0|[CONSENSUS][PBFT]asyncMarkTxs success,index=34,hash=e0eafd89...,flag=true,markT=0,emptyTxBatchHash=false
info|2026-02-06 15:42:33.074306|verifier-0x0000765edddf56c0|[CONSENSUS][PBFT]addPrePrepareCache,reqHash=e0eafd89...,reqIndex=34,reqV=3,fromIdx=1,wait(ms)=1,sys=false,committedIndex=33,consNum=34,committedHash=348fcc59...,view=3,toView=3,changeCycle=0,expectedCheckPoint=34,Idx=3,unsealedTxs=0,sealUntil=0,waitResealUntil=0,consensusTimeout=3000,nodeId=5b07d12d...
info|2026-02-06 15:42:33.074334|verifier-0x0000765edddf56c0|[CONSENSUS][PBFT]notify the committed proposal index to the sync module success,index=34
info|2026-02-06 15:42:33.074483|verifier-0x0000765edddf56c0|[CONSENSUS][PBFT]addPrepareCache,reqHash=e0eafd89...,reqIndex=34,reqV=3,fromIdx=3,wait(ms)=0,committedIndex=33,consNum=34,committedHash=348fcc59...,view=3,toView=3,changeCycle=0,expectedCheckPoint=34,Idx=3,unsealedTxs=0,sealUntil=0,waitResealUntil=0,consensusTimeout=3000,nodeId=5b07d12d...,weight=1
info|2026-02-06 15:42:33.074604|verifier-0x0000765edddf56c0|[CONSENSUS][PBFT]broadcast prepare packet,packetSize=230,index=34
info|2026-02-06 15:42:33.074787|verifier-0x0000765edddf56c0|[CONSENSUS][PBFT]handlePrePrepareMsg and broadcast prepare packet,reqHash=e0eafd89...,reqIndex=34,reqV=3,fromIdx=1,wait(ms)=1,committedIndex=33,consNum=34,committedHash=348fcc59...,view=3,toView=3,changeCycle=0,expectedCheckPoint=34,Idx=3,unsealedTxs=0,sealUntil=0,waitResealUntil=0,consensusTimeout=3000,nodeId=5b07d12d...
info|2026-02-06 15:42:33.074958|txsPreStore-0x0000765edc5f26c0|[TXPOOL]storeVerifiedBlock fetch block number from LedgerConfig
info|2026-02-06 15:42:33.075202|txsPreStore-0x0000765edc5f26c0|[TOOL]LedgerConfigFetcher: fetchBlockNumber success,blockNumber=33
info|2026-02-06 15:42:33.075956|txsPreStore-0x0000765edc5f26c0|[TXPOOL]storeVerifiedBlock,consNum=34,hash=e0eafd89...,txsSize=1
info|2026-02-06 15:42:33.075986|pbft-0x0000765ebedfb6c0|[CONSENSUS][PBFT]addPrepareCache,reqHash=e0eafd89...,reqIndex=34,reqV=3,fromIdx=1,wait(ms)=1,committedIndex=33,consNum=34,committedHash=348fcc59...,view=3,toView=3,changeCycle=0,expectedCheckPoint=34,Idx=3,unsealedTxs=0,sealUntil=0,waitResealUntil=0,consensusTimeout=3000,nodeId=5b07d12d...,weight=2
info|2026-02-06 15:42:33.076122|txsPreStore-0x0000765edc5f26c0|[LEDGER]asyncPreStoreBlockTxs: needStoreUnsavedTxs,txsSize=1,unstoredTxs=1,number=34
info|2026-02-06 15:42:33.076672|txsPreStore-0x0000765edc5f26c0|[STORAGE-RocksDB]setRows finished,put=1,dataSize=9372,time(ms)=1
info|2026-02-06 15:42:33.076850|txsPreStore-0x0000765edc5f26c0|[LEDGER]asyncPreStoreBlockTxs: store uncommitted txs,blockNumber=34,blockTxsSize=1,unStoredTxs=1,msg=success,code=0,timeCost=0
info|2026-02-06 15:42:33.076879|txsPreStore-0x0000765edc5f26c0|[TXPOOL]storeVerifiedBlock success,consNum=34,hash=e0eafd89...,timecost=0
info|2026-02-06 15:42:33.077847|pbft-0x0000765ebedfb6c0|[CONSENSUS][PBFT]addCommitCache,reqHash=e0eafd89...,reqIndex=34,reqV=3,fromIdx=0,wait(ms)=0,committedIndex=33,consNum=34,committedHash=348fcc59...,view=3,toView=3,changeCycle=0,expectedCheckPoint=34,Idx=3,unsealedTxs=0,sealUntil=0,waitResealUntil=0,consensusTimeout=3000,nodeId=5b07d12d...,weight=1
info|2026-02-06 15:42:33.084805|pbft-0x0000765ebedfb6c0|[CONSENSUS][PBFT]addPrepareCache,reqHash=e0eafd89...,reqIndex=34,reqV=3,fromIdx=0,wait(ms)=0,committedIndex=33,consNum=34,committedHash=348fcc59...,view=3,toView=3,changeCycle=0,expectedCheckPoint=34,Idx=3,unsealedTxs=0,sealUntil=0,waitResealUntil=0,consensusTimeout=3000,nodeId=5b07d12d...,weight=3
info|2026-02-06 15:42:33.084955|pbft-0x0000765ebedfb6c0|[CONSENSUS][PBFT]setSignatureList,signatureSize=3,propHash=e0eafd89...,propIndex=34
info|2026-02-06 15:42:33.084990|pbft-0x0000765ebedfb6c0|[CONSENSUS][PBFT]intoPrecommit,reqHash=e0eafd89...,reqIndex=34,reqV=3,fromIdx=3,wait(ms)=11,committedIndex=33,consNum=34,committedHash=348fcc59...,view=3,toView=3,changeCycle=0,expectedCheckPoint=34,Idx=3,unsealedTxs=0,sealUntil=0,waitResealUntil=0,consensusTimeout=3000,nodeId=5b07d12d...
info|2026-02-06 15:42:33.085088|pbft-0x0000765ebedfb6c0|[CONSENSUS][PBFT]addCommitCache,reqHash=e0eafd89...,reqIndex=34,reqV=3,fromIdx=3,wait(ms)=0,committedIndex=33,consNum=34,committedHash=348fcc59...,view=3,toView=3,changeCycle=0,expectedCheckPoint=34,Idx=3,unsealedTxs=0,sealUntil=0,waitResealUntil=0,consensusTimeout=3000,nodeId=5b07d12d...,weight=2
info|2026-02-06 15:42:33.085132|pbft-0x0000765ebedfb6c0|[CONSENSUS][PBFT]checkAndPreCommit: broadcast commitMsg,Idx=3,hash=e0eafd89...,index=34
info|2026-02-06 15:42:33.086732|pbft-0x0000765ebedfb6c0|[CONSENSUS][PBFT]addCommitCache,reqHash=e0eafd89...,reqIndex=34,reqV=3,fromIdx=1,wait(ms)=0,committedIndex=33,consNum=34,committedHash=348fcc59...,view=3,toView=3,changeCycle=0,expectedCheckPoint=34,Idx=3,unsealedTxs=0,sealUntil=0,waitResealUntil=0,consensusTimeout=3000,nodeId=5b07d12d...,weight=3
info|2026-02-06 15:42:33.086831|pbft-0x0000765ebedfb6c0|[CONSENSUS][PBFT]checkAndCommit,propHash=e0eafd89...,propIndex=34,committedIndex=33,consNum=34,committedHash=348fcc59...,view=3,toView=3,changeCycle=0,expectedCheckPoint=34,Idx=3,unsealedTxs=0,sealUntil=0,waitResealUntil=0,consensusTimeout=3000,nodeId=5b07d12d...
info|2026-02-06 15:42:33.086861|pbft-0x0000765ebedfb6c0|[CONSENSUS][PBFT]######## CommitProposal,propHash=e0eafd89...,propIndex=34,sys=false,committedIndex=33,consNum=34,committedHash=348fcc59...,view=3,toView=3,changeCycle=0,expectedCheckPoint=34,Idx=3,unsealedTxs=0,sealUntil=0,waitResealUntil=0,consensusTimeout=3000,nodeId=5b07d12d...
info|2026-02-06 15:42:33.086888|pbft-0x0000765ebedfb6c0|[CONSENSUS][PBFT]notify to seal next proposal,nextProposalIndex=35
info|2026-02-06 15:42:33.087109|pbft-0x0000765ebedfb6c0|[CONSENSUS][PBFT]notify to seal next proposal,nextProposalIndex=35
info|2026-02-06 15:42:33.087144|pbft-0x0000765ebedfb6c0|[CONSENSUS][PBFT]applyStateMachine,index=34,hash=e0eafd89...,committedIndex=33,consNum=34,committedHash=348fcc59...,view=3,toView=3,changeCycle=0,expectedCheckPoint=34,Idx=3,unsealedTxs=0,sealUntil=0,waitResealUntil=0,consensusTimeout=3000,nodeId=5b07d12d...,unAppliedProposals=0
info|2026-02-06 15:42:33.087376|preExeScheduler-0x0000765e7d2606c0|[SCHEDULER][METRIC][BlockTrace][blk-34]preExeBlock success,blockHeader.timestamp=1770363753072,metaTxCount=1,timeCost=0
info|2026-02-06 15:42:33.087534|exeScheduler-0x0000765e7c25e6c0|[SCHEDULER][METRIC][blk-34]ExecuteBlock request,gasLimit=3000000000,gasPrice=0x0,verify=false,signatureSize=0,txCount=0,metaTxCount=1,version=3.11.0,waitT=0
info|2026-02-06 15:42:33.087710|exeScheduler-0x0000765e7c25e6c0|[SCHEDULER][blk-34][BlockTrace]ExecuteBlock start,time(ms)=0
info|2026-02-06 15:42:33.087771|exeScheduler-0x0000765e7c25e6c0|[SCHEDULER][serialExecute][blk-34][BlockTrace]serialExecute execute block
info|2026-02-06 15:42:33.087785|exeScheduler-0x0000765e7c25e6c0|[SCHEDULER][serialExecute][blk-34][BlockTrace]serialExecute batch next block
info|2026-02-06 15:42:33.087816|exeScheduler-0x0000765e7c25e6c0|[SCHEDULER][blk-34][BlockTrace]NextBlock request,executorNum=1
info|2026-02-06 15:42:33.091329|exec-0x0000765edadef6c0|[SCHEDULER][blk-34][BlockTrace]NextBlock success,executorNum=1,timeCost=4
info|2026-02-06 15:42:33.091385|exec-0x0000765edadef6c0|[SCHEDULER][serialExecute][blk-34][BlockTrace]serialExecute block begin
info|2026-02-06 15:42:33.092494|Unnamed-0x0000765e7224a6c0|[STORAGE-KeyPage]empty table,table=/apps/7a4d7f6e62abb187ce7996587100ff290b3b82c6_accessAuth,key=61646d696e
info|2026-02-06 15:42:33.092737|Unnamed-0x0000765e7224a6c0|[STORAGE-KeyPage]empty table,table=/apps/7a4d7f6e62abb187ce7996587100ff290b3b82c6,key=0000000000000000000000000000000000000000000000000000000000000002
info|2026-02-06 15:42:33.093284|exec-0x0000765ed9ded6c0|[STORAGE-KeyPage]hash,size=29,blockVersion=51052544,readLength=15232,writeLength=324,pageCount=2,entrycount=2,entriesHash=1ec674d8cb57f887394b7f7cec03bc357e2ac0faf43964cb7243050deea90366,pagesHash=298187d767b56f244d137d947a380344fbcdab535edd8976bb74ada155f925d5,totalHash=3747f30face297a3745802e8963bbf7185e76ba9aae4edbdc937a8acbb5026b3
info|2026-02-06 15:42:33.093348|exec-0x0000765ed9ded6c0|[EXECUTOR:1770362656][blk-34]GetTableHashes success,hash=3747f30face297a3745802e8963bbf7185e76ba9aae4edbdc937a8acbb5026b3,time(ms)=0
info|2026-02-06 15:42:33.093415|exec-0x0000765ed9ded6c0|[SCHEDULER][blk-34][BlockTrace]ExecuteBlock success,hash=c284c3f0...,stateRoot=3747f30face297a3745802e8963bbf7185e76ba9aae4edbdc937a8acbb5026b3,receiptRoot=15f8b5897a7d4149255bc275aff8870c11224e4917cc787d812d17af19537bd0,txsRoot=3f5eda6a...,gasUsed=120602,signatureSize=0,timeCost=6,blockVersion=51052544
info|2026-02-06 15:42:33.093438|exec-0x0000765ed9ded6c0|[CONSENSUS][Core][METRIC]asyncExecuteBlock success,sysBlock=false,number=34,result=c284c3f0...,txsSize=1,txsRoot=3f5eda6a...,receiptsRoot=15f8b589...,stateRoot=3747f30f...,timeCost=6,execPerTx=6
info|2026-02-06 15:42:33.093524|exec-0x0000765ed9ded6c0|[CONSENSUS][PBFT]applyStateMachine finished,index=34,beforeExec=e0eafd89...,afterExec=c284c3f0...,committedIndex=33,consNum=34,committedHash=348fcc59...,view=3,toView=3,changeCycle=0,expectedCheckPoint=34,Idx=3,unsealedTxs=0,sealUntil=0,waitResealUntil=0,consensusTimeout=3000,nodeId=5b07d12d...,timecost=6
info|2026-02-06 15:42:33.093638|pbftWorker-0x0000765ecd5d46c0|[CONSENSUS][PBFT][STORAGE]asyncCommitProposal: write the committed proposal into db,index=34
info|2026-02-06 15:42:33.093810|pbftWorker-0x0000765ecd5d46c0|[CONSENSUS][PBFT][STORAGE]asyncPutProposal: commit success,dbName=pbftCommitDB,key=max_committed_proposal,number=34,timecost=0,dataSize=2
info|2026-02-06 15:42:33.093884|pbftWorker-0x0000765ecd5d46c0|[CONSENSUS][PBFT][STORAGE]asyncPutProposal: commit success,dbName=pbftCommitDB,key=34,number=34,timecost=0,dataSize=635
info|2026-02-06 15:42:33.094335|pbftWorker-0x0000765ecd5d46c0|[CONSENSUS][PBFT]addCheckPointMsg,reqHash=c284c3f0...,reqIndex=34,reqV=3,fromIdx=3,wait(ms)=1,Idx=3,weight=1,minRequiredWeight=3
info|2026-02-06 15:42:33.094487|pbftWorker-0x0000765ecd5d46c0|[CONSENSUS][PBFT]setCheckPointProposal,propHash=c284c3f0...,propIndex=34,committedIndex=33,consNum=34,committedHash=348fcc59...,view=3,toView=3,changeCycle=0,expectedCheckPoint=34,Idx=3,unsealedTxs=0,sealUntil=0,waitResealUntil=0,consensusTimeout=3000,nodeId=5b07d12d...
info|2026-02-06 15:42:33.094511|pbftWorker-0x0000765ecd5d46c0|[CONSENSUS][PBFT]PBFTConfig: setExpectedCheckPoint,committedIndex=33,consNum=34,committedHash=348fcc59...,view=3,toView=3,changeCycle=0,expectedCheckPoint=35,Idx=3,unsealedTxs=0,sealUntil=0,waitResealUntil=0,consensusTimeout=3000,nodeId=5b07d12d...,expectedCheckPoint=35
info|2026-02-06 15:42:33.094524|pbftWorker-0x0000765ecd5d46c0|[CONSENSUS][PBFT]notify to seal next proposal,nextProposalIndex=35
info|2026-02-06 15:42:33.094534|pbftWorker-0x0000765ecd5d46c0|[CONSENSUS][PBFT]onProposalApplySuccess,index=34,hash=c284c3f0...,lockT=0,timecost=0
info|2026-02-06 15:42:33.096426|pbft-0x0000765ebedfb6c0|[CONSENSUS][PBFT]handleCheckPointMsg: try to add the checkpoint message into the cache,reqHash=c284c3f0...,reqIndex=34,reqV=3,fromIdx=0,wait(ms)=0,committedIndex=33,consNum=34,committedHash=348fcc59...,view=3,toView=3,changeCycle=0,expectedCheckPoint=35,Idx=3,unsealedTxs=0,sealUntil=0,waitResealUntil=0,consensusTimeout=3000,nodeId=5b07d12d...
info|2026-02-06 15:42:33.096527|pbft-0x0000765ebedfb6c0|[CONSENSUS][PBFT]addCheckPointMsg,reqHash=c284c3f0...,reqIndex=34,reqV=3,fromIdx=0,wait(ms)=0,Idx=3,weight=2,minRequiredWeight=3
info|2026-02-06 15:42:33.096548|pbft-0x0000765ebedfb6c0|[CONSENSUS][PBFT]notify to seal next proposal,nextProposalIndex=35
info|2026-02-06 15:42:33.106956|pbft-0x0000765ebedfb6c0|[CONSENSUS][PBFT]handleCheckPointMsg: try to add the checkpoint message into the cache,reqHash=c284c3f0...,reqIndex=34,reqV=3,fromIdx=1,wait(ms)=0,committedIndex=33,consNum=34,committedHash=348fcc59...,view=3,toView=3,changeCycle=0,expectedCheckPoint=35,Idx=3,unsealedTxs=0,sealUntil=0,waitResealUntil=0,consensusTimeout=3000,nodeId=5b07d12d...
info|2026-02-06 15:42:33.107042|pbft-0x0000765ebedfb6c0|[CONSENSUS][PBFT]addCheckPointMsg,reqHash=c284c3f0...,reqIndex=34,reqV=3,fromIdx=1,wait(ms)=1,Idx=3,weight=3,minRequiredWeight=3
info|2026-02-06 15:42:33.107057|pbft-0x0000765ebedfb6c0|[CONSENSUS][PBFT]notify to seal next proposal,nextProposalIndex=35
info|2026-02-06 15:42:33.107067|pbft-0x0000765ebedfb6c0|[CONSENSUS][PBFT]setSignatureList,signatureSize=3,propHash=c284c3f0...,propIndex=34
info|2026-02-06 15:42:33.107074|pbft-0x0000765ebedfb6c0|[CONSENSUS][PBFT]checkAndCommitStableCheckPoint,index=34,hash=c284c3f0...,committedIndex=33,consNum=34,committedHash=348fcc59...,view=3,toView=3,changeCycle=0,expectedCheckPoint=35,Idx=3,unsealedTxs=0,sealUntil=0,waitResealUntil=0,consensusTimeout=3000,nodeId=5b07d12d...
info|2026-02-06 15:42:33.107089|pbft-0x0000765ebedfb6c0|[CONSENSUS][PBFT]updateStableCheckPointQueue: insert new checkpoint proposal,index=34,hash=c284c3f0...,committedIndex=33,consNum=34,committedHash=348fcc59...,view=3,toView=3,changeCycle=0,expectedCheckPoint=35,Idx=3,unsealedTxs=0,sealUntil=0,waitResealUntil=0,consensusTimeout=3000,nodeId=5b07d12d...
info|2026-02-06 15:42:33.107103|pbft-0x0000765ebedfb6c0|[CONSENSUS][PBFT]updateStableCheckPointQueue: commit stable checkpoint,index=34,committedIndex=33
info|2026-02-06 15:42:33.107157|pbft-0x0000765ebedfb6c0|[CONSENSUS][PBFT]asyncCommitStableCheckPoint: set signatureList,index=34,hash=c284c3f0...,proofSize=3,blockProofSize=3
info|2026-02-06 15:42:33.107445|blockSubmit-0x0000765ecedd76c0|[SCHEDULER][blk-34][BlockTrace]CommitBlock start
info|2026-02-06 15:42:33.108251|blockSubmit-0x0000765ecedd76c0|[STORAGE-RocksDB]asyncPrepare,number=34
info|2026-02-06 15:42:33.108332|blockSubmit-0x0000765ecedd76c0|[STORAGE-RocksDB]asyncPrepare finished,blockNumber=34,put=7,delete=0,startTS=0,encode(ms)=0,time(ms)=0
info|2026-02-06 15:42:33.108379|blockSubmit-0x0000765ecedd76c0|[LEDGER]storeTransactionsAndReceipts,blockNumber=34
info|2026-02-06 15:42:33.108555|exec-0x0000765ed95ec6c0|[STORAGE-RocksDB]asyncPrepare,number=34
info|2026-02-06 15:42:33.108685|exec-0x0000765ed95ec6c0|[STORAGE-KeyPage]parallelTraverse,size=415
info|2026-02-06 15:42:33.108756|exec-0x0000765ed95ec6c0|[STORAGE-RocksDB]asyncPrepare finished,blockNumber=34,put=6,delete=2,startTS=0,encode(ms)=0,time(ms)=0
info|2026-02-06 15:42:33.108816|exec-0x0000765ed95ec6c0|[EXECUTOR:1770362656][blk-34]Prepare success
info|2026-02-06 15:42:33.108862|ledgerWrite-0x0000765ee25fe6c0|[STORAGE-RocksDB]setRows finished,put=1,dataSize=140,time(ms)=0
info|2026-02-06 15:42:33.108948|blockSubmit-0x0000765ecedd76c0|[LEDGER]storeTransactionsAndReceipts finished,blockNumber=34,blockTxsSize=1,unStoredTxs=0,timeCost=0
info|2026-02-06 15:42:33.109126|blockSubmit-0x0000765ecedd76c0|[STORAGE-RocksDB]asyncCommit finished,blockNumber=34,startTS=0,time(ms)=0,callback time(ms)=0,count=15
info|2026-02-06 15:42:33.109168|blockSubmit-0x0000765ecedd76c0|[LEDGER][METRIC]asyncPrewriteBlock,number=34,totalTxs=37,failedTxs=12,incTxs=1,incFailedTxs=0
info|2026-02-06 15:42:33.109500|exec-0x0000765ed8deb6c0|[TOOL]fetchCompatibilityVersion
info|2026-02-06 15:42:33.109719|exec-0x0000765ed8deb6c0|[TOOL]fetchCompatibilityVersion success,version=3.11.0,versionNumber=51052544,minSupportedVersion=3.0.0-rc4,maxSupportedVersion=3.11.0
info|2026-02-06 15:42:33.109838|exec-0x0000765ed8deb6c0|[TOOL]fetchAuthCheckStatus success,value=0
info|2026-02-06 15:42:33.109848|exec-0x0000765ed8deb6c0|[EXECUTOR:1770362656]merge keyPage to cachedStorage,number=34
info|2026-02-06 15:42:33.109962|exec-0x0000765ed8deb6c0|[STORAGE-KeyPage]parallelTraverse,size=415
info|2026-02-06 15:42:33.109977|exec-0x0000765ed8deb6c0|[STORAGE]Successful merged records,count=8
info|2026-02-06 15:42:33.111347|exec-0x0000765ed8deb6c0|[SCHEDULER][blk-34][BlockTrace]CommitBlock success,gas limit=3000000000,timeCost=4
info|2026-02-06 15:42:33.111570|exec-0x0000765ed8deb6c0|[SCHEDULER][BlockTrace]Notify block result success,blockNumber=34
info|2026-02-06 15:42:33.111731|exec-0x0000765ed8deb6c0|[CONSENSUS][PBFT][STORAGE][METRIC]commitStableCheckPoint success,index=34,hash=c284c3f0...,txs=1,timeCost=4,commitPerTx=4
info|2026-02-06 15:42:33.111826|submitter-0x0000765ee1dfd6c0|[TXPOOL][METRIC]StatTPS,tps=22,totalTime=44
info|2026-02-06 15:42:33.111838|exec-0x0000765ed8deb6c0|[SCHEDULER][blk-34]notify block result success,hash=c284c3f0...,txsSize=1
info|2026-02-06 15:42:33.111910|blockSubmit-0x0000765ecedd76c0|[CONSENSUS][PBFT][METRIC]resetConfig,committedIndex=34,propHash=c284c3f0...,blockCountLimit=1000,leaderPeriod=1,consensusNodesSize=4
info|2026-02-06 15:42:33.112101|blockSubmit-0x0000765ecedd76c0|[CONSENSUS][PBFT][METRIC]^^^^^^^^Report,sealer=1,txs=1,committedIndex=34,consNum=35,committedHash=c284c3f0...,view=3,toView=3,changeCycle=0,expectedCheckPoint=35,Idx=3,unsealedTxs=0,sealUntil=0,waitResealUntil=0,consensusTimeout=3000,nodeId=5b07d12d...
info|2026-02-06 15:42:33.112147|blockSubmit-0x0000765ecedd76c0|[CONSENSUS][SEALER]asyncNoteLatestBlockNumber,number=34
info|2026-02-06 15:42:33.112158|blockSubmit-0x0000765ecedd76c0|[CONSENSUS][SEALER]asyncNoteLatestBlockHash,_hash=c284c3f0...
info|2026-02-06 15:42:33.112191|blockSubmit-0x0000765ecedd76c0|[BLOCK SYNC]#### BlockSyncConfig resetConfig,number=34,consNodeSize=4,observerNodeSize=0,type=CONSENSUS_NODE
info|2026-02-06 15:42:33.112299|submitter-0x0000765ee1dfd6c0|[TXPOOL][METRIC]batchRemove txs success,expectedSize=1,succCount=1,batchId=34,timecost=1,lockT=0,removeT=0,updateLedgerNonceT=0,updateTxPoolNonceT=0
info|2026-02-06 15:42:33.112394|exec-0x0000765ed8deb6c0|[STORAGE-RocksDB]asyncCommit finished,blockNumber=34,startTS=0,time(ms)=0,callback time(ms)=2,count=0
info|2026-02-06 15:42:33.112548|blockSubmit-0x0000765ecedd76c0|[CONSENSUS][PBFT]notify to seal next proposal,nextProposalIndex=35
info|2026-02-06 15:42:33.113590|blockSubmit-0x0000765ecedd76c0|[CONSENSUS][PBFT]removeConsensusedCache finalizeConsensus,view=3,number=34,eraseSize=1,cacheSize=0
info|2026-02-06 15:42:33.113736|blockSubmit-0x0000765ecedd76c0|[CONSENSUS][PBFT][STORAGE]asyncRemoveStabledCheckPoint,index=29
info|2026-02-06 15:42:33.113847|blockSubmit-0x0000765ecedd76c0|[CONSENSUS][PBFT][STORAGE]asyncRemove success,dbName=pbftCommitDB,key=29
info|2026-02-06 15:42:33.526906|ioService-0x0000765ea4dfe6c0|[WS][SESSION][asyncRead],message=End of file,endpoint=127.0.0.1:38014,refCount=2
info|2026-02-06 15:42:33.526950|ioService-0x0000765ea4dfe6c0|[RPC][WS][SESSION][drop],reason=4294963295,endpoint=127.0.0.1:38014,session=0x765ea2476410
info|2026-02-06 15:42:33.526966|ioService-0x0000765ea4dfe6c0|[RPC][WS][SESSION][drop],reason=4294963295,endpoint=127.0.0.1:38014,cb size=0,session=0x765ea2476410
info|2026-02-06 15:42:33.527017|ioService-0x0000765ea4dfe6c0|[DEFAULT][WS][STREAM]the real action to close the stream,this=0x765ea2420290
info|2026-02-06 15:42:33.527247|fisco-bcos-0x0000765e829f16c0|[RPC][WS][SERVICE][removeSession],endpoint=127.0.0.1:38014
info|2026-02-06 15:42:33.527277|fisco-bcos-0x0000765e829f16c0|[RPC][WS][SERVICE][onDisconnect],endpoint=127.0.0.1:38014,refCount=2
info|2026-02-06 15:42:33.527285|fisco-bcos-0x0000765e829f16c0|[RPC][WS][SESSION],[DELOBJ][WSSESSION]=0x765ea2476410
info|2026-02-06 15:42:33.527291|fisco-bcos-0x0000765e829f16c0|[DEFAULT][WS][STREAM],[DELOBJ][WsStream]=0x765ea2420290
info|2026-02-06 15:42:35.515763|ioService-0x0000765ea7bff6c0|[DEFAULT][HTTP][SERVER][accept],local_endpoint=127.0.0.1:20203,remote_endpoint=127.0.0.1:47790
info|2026-02-06 15:42:35.516089|ioService-0x0000765ea39fe6c0|[DEFAULT][HTTP][SESSION][onRead]websocket upgrade
info|2026-02-06 15:42:35.516109|ioService-0x0000765ea39fe6c0|[DEFAULT][WS][STREAM],[NEWOBJ][WsStream]=0x765ea060e2d0
info|2026-02-06 15:42:35.516128|ioService-0x0000765ea39fe6c0|[RPC][WS][SESSION],[NEWOBJ][WSSESSION]=0x765ea0678810
info|2026-02-06 15:42:35.516134|ioService-0x0000765ea39fe6c0|[RPC][WS][SERVICE][newSession]start the session,endPoint=127.0.0.1:47790
info|2026-02-06 15:42:35.516138|ioService-0x0000765ea39fe6c0|[RPC][WS][SESSION][startAsServer]start websocket handshake,endPoint=127.0.0.1:47790,session=0x765ea0678810
info|2026-02-06 15:42:35.516247|ioService-0x0000765ea39fe6c0|[RPC][WS][SERVICE][addSession]add session to mapping,endPoint=127.0.0.1:47790,result=true
info|2026-02-06 15:42:35.516267|ioService-0x0000765ea39fe6c0|[RPC][WS][SERVICE][onConnect],endpoint=127.0.0.1:47790,refCount=3
info|2026-02-06 15:42:35.516318|ioService-0x0000765ea39fe6c0|[RPC][WS][SESSION][onWsAccept]websocket handshake successfully,endPoint=127.0.0.1:47790,session=0x765ea0678810
info|2026-02-06 15:42:35.517315|fisco-bcos-0x0000765e7dbe16c0|HandshakeRequest,module=2,minVersion=0,maxVersion=2
info|2026-02-06 15:42:35.517352|fisco-bcos-0x0000765e7dbe16c0|[RPC]negotiatedVersion success,peer=127.0.0.1:47790,minVersion=0,maxVersion=2,supportMinVersion=0,supportMaxVersion=2,negotiatedVersion=2,seq=ceffcfae88344b8688ef413755ed1671
info|2026-02-06 15:42:35.517554|fisco-bcos-0x0000765e7dbe16c0|[RPC]onRecvHandshakeRequest success,version=2,endpoint=127.0.0.1:47790,handshakeResponse={"groupBlockNumber":[{"group0":34}],"groupInfoList":[{"chainID":"chain0","genesisConfig":"{\"blockTxCountLimit\":1000,\"consensusLeaderPeriod\":1,\"consensusType\":\"pbft\",\"sealerList\":[{\"nodeID\":\"0d6a7f52cb87ce7fda869e0db309ec9c53723c46f81632c21e4abbf1a9159f14d53f37cc0c4141548da9ec877d6235afd7a501c40d296fc4c5252a8717aa23c2\",\"weight\":1},{\"nodeID\":\"21a47acec36f73d8e925a7d5db44793f998e1a42a6d7ee2e3a5cf4037b853452cb76f6cbab8e5b223a128e8ee15790d1f629858b47070b4eb2e1ddb2b0ada297\",\"weight\":1},{\"nodeID\":\"2346c69c46d42278eb237167eb19eb28432b63783cc0fd7cddc90f89c148e755db8941be9b0c5f37cbc21c409a78c154abc75ce0c80818c6fbb76aea6bcd0a9a\",\"weight\":1},{\"nodeID\":\"5b07d12d1512a66493c8fd3456d8c505e6ce05f20061613a4c48a1fa3755bbf9cc2d2f1878c4a6733389f03deb0a3fc0c672e2f4910fde9802d6675929cb3dc5\",\"weight\":1}],\"txGasLimit\":3000000000}\n","groupID":"group0","iniConfig":"","nodeList":[{"featureKeys":["bugfix_revert","bugfix_statestorage_hash","bugfix_evm_create2_delegatecall_staticcall_codecopy","bugfix_event_log_order","bugfix_call_noaddr_return","bugfix_precompiled_codehash","bugfix_dmc_revert","bugfix_keypage_system_entry_hash","bugfix_internal_create_redundant_storage","bugfix_internal_create_permission_denied","bugfix_sharding_call_in_child_executive","bugfix_empty_abi_reset","bugfix_eip55_addr","bugfix_eoa_as_contract","bugfix_eoa_match_failed","bugfix_evm_exception_gas_used","bugfix_dmc_deploy_gas_used","bugfix_staticcall_noaddr_return","bugfix_support_transfer_receive_fallback","bugfix_set_row_with_dirty_flag","feature_dmc2serial","feature_sharding","feature_rpbft","feature_paillier","feature_balance","feature_balance_precompiled","feature_balance_policy1","feature_paillier_add_raw","feature_evm_cancun"],"iniConfig":"{\"binaryInfo\":{\"buildTime\":\"20240827 04:30:34\",\"gitCommitHash\":\"3fea676716990b2ed453b4f079915daafff451f9\",\"platform\":\"Linux/g++\",\"version\":\"3.11.0\"},\"chainID\":\"chain0\",\"gatewayServiceName\":\"\",\"groupID\":\"group0\",\"isAuthCheck\":false,\"isSerialExecute\":true,\"isWasm\":false,\"nodeID\":\"5b07d12d1512a66493c8fd3456d8c505e6ce05f20061613a4c48a1fa3755bbf9cc2d2f1878c4a6733389f03deb0a3fc0c672e2f4910fde9802d6675929cb3dc5\",\"nodeName\":\"5b07d12d1512a66493c8fd3456d8c505e6ce05f20061613a4c48a1fa3755bbf9cc2d2f1878c4a6733389f03deb0a3fc0c672e2f4910fde9802d6675929cb3dc5\",\"rpcServiceName\":\"\",\"smCryptoType\":false}\n","microService":false,"name":"5b07d12d1512a66493c8fd3456d8c505e6ce05f20061613a4c48a1fa3755bbf9cc2d2f1878c4a6733389f03deb0a3fc0c672e2f4910fde9802d6675929cb3dc5","nodeID":"5b07d12d1512a66493c8fd3456d8c505e6ce05f20061613a4c48a1fa3755bbf9cc2d2f1878c4a6733389f03deb0a3fc0c672e2f4910fde9802d6675929cb3dc5","protocol":{"compatibilityVersion":51052544,"maxSupportedVersion":2,"minSupportedVersion":0},"serviceInfo":[{"serviceName":"LedgerServiceObj","type":2},{"serviceName":"SchedulerServiceObj","type":3},{"serviceName":"FrontServiceObj","type":4},{"serviceName":"","type":6},{"serviceName":"","type":7},{"serviceName":"TxPoolServiceObj","type":8}],"supportConfigs":["tx_gas_limit","tx_gas_price","tx_count_limit","consensus_leader_period","auth_check_status","compatibility_version","feature_rpbft","feature_rpbft_epoch_block_num","feature_rpbft_epoch_sealer_num","feature_balance_precompiled","web3_chain_id"],"type":0}]}],"protocolVersion":2}
info|2026-02-06 15:42:35.519532|fisco-bcos-0x0000765ec71fd6c0|[parseSubTopicsJson],topicItems size=0,json={"topics":[]}
info|2026-02-06 15:42:35.519574|fisco-bcos-0x0000765ec71fd6c0|[AMOPClient]subscribeTopicToAllNodes,topicInfo={
	"topics" : []
}
info|2026-02-06 15:42:35.519583|fisco-bcos-0x0000765ec71fd6c0|[AMOP][TOPIC][parseSubTopicsJson],topicItems size=0,json={
	"topics" : []
}
info|2026-02-06 15:42:35.519587|fisco-bcos-0x0000765ec71fd6c0|[AMOP][TOPIC][subTopic],client=localAMOP,topicSeq=1,topicItems size=0
info|2026-02-06 15:42:35.519594|fisco-bcos-0x0000765ec71fd6c0|[AMOPClient][onRecvSubTopics],topicInfo={"topics":[]}
,endpoint=127.0.0.1:47790,seq=601e01f7452c4539b981313ac6e9df13
info|2026-02-06 15:42:36.489506|ioService-0x0000765ebb5fd6c0|[P2PService][Service][METRIC]heartBeat,connected count=3
info|2026-02-06 15:42:36.493821|timerFactory-0x0000765e95bff6c0|[RPC][WS][SERVICE]connected nodes,count=0
info|2026-02-06 15:42:36.499776|timerFactory-0x0000765eaa3fe6c0|[RPC][WS][SERVICE]connected nodes,count=1
info|2026-02-06 15:42:37.492731|pbft-0x0000765ebedfb6c0|[CONSENSUS][PBFT]handlePrePrepareMsg,reqHash=0d1eb0a8...,reqIndex=35,reqV=3,fromIdx=2,wait(ms)=0,committedIndex=34,consNum=35,committedHash=c284c3f0...,view=3,toView=3,changeCycle=0,expectedCheckPoint=35,Idx=3,unsealedTxs=1,sealUntil=0,waitResealUntil=0,consensusTimeout=3000,nodeId=5b07d12d...,utc=16215210
info|2026-02-06 15:42:37.493033|pbft-0x0000765ebedfb6c0|[TXPOOL]begin asyncVerifyBlock,consNum=35,hash=0d1eb0a8...
info|2026-02-06 15:42:37.493095|verifier-0x0000765edd5f46c0|[TXPOOL]batchVerifyProposal,consNum=35,hash=0d1eb0a8...,txsSize=1,lockT=0,verifyT=0,missedTxs=0
info|2026-02-06 15:42:37.493107|verifier-0x0000765edd5f46c0|[TXPOOL][METRIC]asyncVerifyBlock finished,consNum=35,hash=0d1eb0a8...,code=0,msg=success,result=true,timecost=0
info|2026-02-06 15:42:37.493136|verifier-0x0000765edd5f46c0|[CONSENSUS][PBFT]handlePrePrepareMsg,reqHash=0d1eb0a8...,reqIndex=35,reqV=3,fromIdx=2,wait(ms)=1,committedIndex=34,consNum=35,committedHash=c284c3f0...,view=3,toView=3,changeCycle=0,expectedCheckPoint=35,Idx=3,unsealedTxs=1,sealUntil=0,waitResealUntil=0,consensusTimeout=3000,nodeId=5b07d12d...,utc=16215210
info|2026-02-06 15:42:37.493162|validator-0x0000765ecfdd96c0|[CONSENSUS][PBFT]asyncResetTxsFlag,index=35,hash=0d1eb0a8...,flag=true
info|2026-02-06 15:42:37.493179|validator-0x0000765ecfdd96c0|[TXPOOL]batchMarkTxs,txsSize=1,batchId=35,hash=0d1eb0a8...,sealFlag=true,notFound=0,reSealed=0,succ=1,time=0,markT=0
info|2026-02-06 15:42:37.493181|verifier-0x0000765edd5f46c0|[CONSENSUS][PBFT]addPrePrepareCache,reqHash=0d1eb0a8...,reqIndex=35,reqV=3,fromIdx=2,wait(ms)=1,sys=false,committedIndex=34,consNum=35,committedHash=c284c3f0...,view=3,toView=3,changeCycle=0,expectedCheckPoint=35,Idx=3,unsealedTxs=0,sealUntil=0,waitResealUntil=0,consensusTimeout=3000,nodeId=5b07d12d...
info|2026-02-06 15:42:37.493352|verifier-0x0000765edd5f46c0|[CONSENSUS][PBFT]notify the committed proposal index to the sync module success,index=35
info|2026-02-06 15:42:37.493410|verifier-0x0000765edd5f46c0|[CONSENSUS][PBFT]addPrepareCache,reqHash=0d1eb0a8...,reqIndex=35,reqV=3,fromIdx=3,wait(ms)=0,committedIndex=34,consNum=35,committedHash=c284c3f0...,view=3,toView=3,changeCycle=0,expectedCheckPoint=35,Idx=3,unsealedTxs=0,sealUntil=0,waitResealUntil=0,consensusTimeout=3000,nodeId=5b07d12d...,weight=1
info|2026-02-06 15:42:37.493465|verifier-0x0000765edd5f46c0|[CONSENSUS][PBFT]broadcast prepare packet,packetSize=230,index=35
info|2026-02-06 15:42:37.493473|validator-0x0000765ecfdd96c0|[CONSENSUS][PBFT]asyncMarkTxs success,index=35,hash=0d1eb0a8...,flag=true,markT=1,emptyTxBatchHash=false
info|2026-02-06 15:42:37.493585|verifier-0x0000765edd5f46c0|[CONSENSUS][PBFT]handlePrePrepareMsg and broadcast prepare packet,reqHash=0d1eb0a8...,reqIndex=35,reqV=3,fromIdx=2,wait(ms)=1,committedIndex=34,consNum=35,committedHash=c284c3f0...,view=3,toView=3,changeCycle=0,expectedCheckPoint=35,Idx=3,unsealedTxs=0,sealUntil=0,waitResealUntil=0,consensusTimeout=3000,nodeId=5b07d12d...
info|2026-02-06 15:42:37.493639|txsPreStore-0x0000765edc5f26c0|[TXPOOL]storeVerifiedBlock fetch block number from LedgerConfig
info|2026-02-06 15:42:37.493931|txsPreStore-0x0000765edc5f26c0|[TOOL]LedgerConfigFetcher: fetchBlockNumber success,blockNumber=34
info|2026-02-06 15:42:37.493953|txsPreStore-0x0000765edc5f26c0|[TXPOOL]storeVerifiedBlock,consNum=35,hash=0d1eb0a8...,txsSize=1
info|2026-02-06 15:42:37.493991|txsPreStore-0x0000765edc5f26c0|[LEDGER]asyncPreStoreBlockTxs: needStoreUnsavedTxs,txsSize=1,unstoredTxs=1,number=35
info|2026-02-06 15:42:37.494070|txsPreStore-0x0000765edc5f26c0|[STORAGE-RocksDB]setRows finished,put=1,dataSize=10350,time(ms)=0
info|2026-02-06 15:42:37.494061|pbft-0x0000765ebedfb6c0|[CONSENSUS][PBFT]addPrepareCache,reqHash=0d1eb0a8...,reqIndex=35,reqV=3,fromIdx=0,wait(ms)=1,committedIndex=34,consNum=35,committedHash=c284c3f0...,view=3,toView=3,changeCycle=0,expectedCheckPoint=35,Idx=3,unsealedTxs=0,sealUntil=0,waitResealUntil=0,consensusTimeout=3000,nodeId=5b07d12d...,weight=2
info|2026-02-06 15:42:37.494116|txsPreStore-0x0000765edc5f26c0|[LEDGER]asyncPreStoreBlockTxs: store uncommitted txs,blockNumber=35,blockTxsSize=1,unStoredTxs=1,msg=success,code=0,timeCost=1
info|2026-02-06 15:42:37.494122|txsPreStore-0x0000765edc5f26c0|[TXPOOL]storeVerifiedBlock success,consNum=35,hash=0d1eb0a8...,timecost=1
info|2026-02-06 15:42:37.494413|pbft-0x0000765ebedfb6c0|[CONSENSUS][PBFT]addPrepareCache,reqHash=0d1eb0a8...,reqIndex=35,reqV=3,fromIdx=1,wait(ms)=1,committedIndex=34,consNum=35,committedHash=c284c3f0...,view=3,toView=3,changeCycle=0,expectedCheckPoint=35,Idx=3,unsealedTxs=0,sealUntil=0,waitResealUntil=0,consensusTimeout=3000,nodeId=5b07d12d...,weight=3
info|2026-02-06 15:42:37.494461|pbft-0x0000765ebedfb6c0|[CONSENSUS][PBFT]setSignatureList,signatureSize=3,propHash=0d1eb0a8...,propIndex=35
info|2026-02-06 15:42:37.494478|pbft-0x0000765ebedfb6c0|[CONSENSUS][PBFT]intoPrecommit,reqHash=0d1eb0a8...,reqIndex=35,reqV=3,fromIdx=3,wait(ms)=2,committedIndex=34,consNum=35,committedHash=c284c3f0...,view=3,toView=3,changeCycle=0,expectedCheckPoint=35,Idx=3,unsealedTxs=0,sealUntil=0,waitResealUntil=0,consensusTimeout=3000,nodeId=5b07d12d...
info|2026-02-06 15:42:37.494585|pbft-0x0000765ebedfb6c0|[CONSENSUS][PBFT]addCommitCache,reqHash=0d1eb0a8...,reqIndex=35,reqV=3,fromIdx=3,wait(ms)=0,committedIndex=34,consNum=35,committedHash=c284c3f0...,view=3,toView=3,changeCycle=0,expectedCheckPoint=35,Idx=3,unsealedTxs=0,sealUntil=0,waitResealUntil=0,consensusTimeout=3000,nodeId=5b07d12d...,weight=1
info|2026-02-06 15:42:37.494610|pbft-0x0000765ebedfb6c0|[CONSENSUS][PBFT]checkAndPreCommit: broadcast commitMsg,Idx=3,hash=0d1eb0a8...,index=35
info|2026-02-06 15:42:37.495232|pbft-0x0000765ebedfb6c0|[CONSENSUS][PBFT]addPrepareCache,reqHash=0d1eb0a8...,reqIndex=35,reqV=3,fromIdx=2,wait(ms)=1,committedIndex=34,consNum=35,committedHash=c284c3f0...,view=3,toView=3,changeCycle=0,expectedCheckPoint=35,Idx=3,unsealedTxs=0,sealUntil=0,waitResealUntil=0,consensusTimeout=3000,nodeId=5b07d12d...,weight=4
info|2026-02-06 15:42:37.495478|pbft-0x0000765ebedfb6c0|[CONSENSUS][PBFT]addCommitCache,reqHash=0d1eb0a8...,reqIndex=35,reqV=3,fromIdx=0,wait(ms)=1,committedIndex=34,consNum=35,committedHash=c284c3f0...,view=3,toView=3,changeCycle=0,expectedCheckPoint=35,Idx=3,unsealedTxs=0,sealUntil=0,waitResealUntil=0,consensusTimeout=3000,nodeId=5b07d12d...,weight=2
info|2026-02-06 15:42:37.495696|pbft-0x0000765ebedfb6c0|[CONSENSUS][PBFT]addCommitCache,reqHash=0d1eb0a8...,reqIndex=35,reqV=3,fromIdx=1,wait(ms)=0,committedIndex=34,consNum=35,committedHash=c284c3f0...,view=3,toView=3,changeCycle=0,expectedCheckPoint=35,Idx=3,unsealedTxs=0,sealUntil=0,waitResealUntil=0,consensusTimeout=3000,nodeId=5b07d12d...,weight=3
info|2026-02-06 15:42:37.495716|pbft-0x0000765ebedfb6c0|[CONSENSUS][PBFT]checkAndCommit,propHash=0d1eb0a8...,propIndex=35,committedIndex=34,consNum=35,committedHash=c284c3f0...,view=3,toView=3,changeCycle=0,expectedCheckPoint=35,Idx=3,unsealedTxs=0,sealUntil=0,waitResealUntil=0,consensusTimeout=3000,nodeId=5b07d12d...
info|2026-02-06 15:42:37.495729|pbft-0x0000765ebedfb6c0|[CONSENSUS][PBFT]######## CommitProposal,propHash=0d1eb0a8...,propIndex=35,sys=false,committedIndex=34,consNum=35,committedHash=c284c3f0...,view=3,toView=3,changeCycle=0,expectedCheckPoint=35,Idx=3,unsealedTxs=0,sealUntil=0,waitResealUntil=0,consensusTimeout=3000,nodeId=5b07d12d...
info|2026-02-06 15:42:37.495744|pbft-0x0000765ebedfb6c0|[CONSENSUS][SEALER]resetSealingInfo,start=36,end=36,sealingNumber=36,waitUntil=0,unsealedTxs=0
info|2026-02-06 15:42:37.495751|pbft-0x0000765ebedfb6c0|[CONSENSUS][PBFT]asyncNotifySealProposal success,startIndex=36,endIndex=36,maxTxsToSeal=1000
info|2026-02-06 15:42:37.495756|pbft-0x0000765ebedfb6c0|[CONSENSUS][SEALER]asyncNotifySealProposal,startIndex=36,endIndex=36,maxTxsPerBlock=1000
info|2026-02-06 15:42:37.495761|pbft-0x0000765ebedfb6c0|[CONSENSUS][PBFT]notifySealer: notify the new leader to seal block,lockNotifyT=0,idx=3,startIndex=36,endIndex=36,notifyBeginIndex=36,waitSealUntil=0,waitResealUntil=0,maxTxsToSeal=1000,committedIndex=34,consNum=35,committedHash=c284c3f0...,view=3,toView=3,changeCycle=0,expectedCheckPoint=35,Idx=3,unsealedTxs=0,sealUntil=0,waitResealUntil=0,consensusTimeout=3000,nodeId=5b07d12d...
info|2026-02-06 15:42:37.495772|pbft-0x0000765ebedfb6c0|[CONSENSUS][PBFT]notify to seal next proposal,nextProposalIndex=36
info|2026-02-06 15:42:37.495801|pbft-0x0000765ebedfb6c0|[CONSENSUS][PBFT]notifySealer return for invalid seal range,lockNotifyT=0,currentEndIndex=36,expectedEndIndex=36,committedIndex=34,consNum=35,committedHash=c284c3f0...,view=3,toView=3,changeCycle=0,expectedCheckPoint=35,Idx=3,unsealedTxs=0,sealUntil=0,waitResealUntil=0,consensusTimeout=3000,nodeId=5b07d12d...
info|2026-02-06 15:42:37.495819|pbft-0x0000765ebedfb6c0|[CONSENSUS][PBFT]notify to seal next proposal,nextProposalIndex=36
info|2026-02-06 15:42:37.495825|pbft-0x0000765ebedfb6c0|[CONSENSUS][PBFT]applyStateMachine,index=35,hash=0d1eb0a8...,committedIndex=34,consNum=35,committedHash=c284c3f0...,view=3,toView=3,changeCycle=0,expectedCheckPoint=35,Idx=3,unsealedTxs=0,sealUntil=0,waitResealUntil=0,consensusTimeout=3000,nodeId=5b07d12d...,unAppliedProposals=0
info|2026-02-06 15:42:37.495972|exeScheduler-0x0000765e7c25e6c0|[SCHEDULER][METRIC][blk-35]ExecuteBlock request,gasLimit=3000000000,gasPrice=0x0,verify=false,signatureSize=0,txCount=0,metaTxCount=1,version=3.11.0,waitT=0
info|2026-02-06 15:42:37.496103|exeScheduler-0x0000765e7c25e6c0|[SCHEDULER][blk-35][BlockTrace]ExecuteBlock start,time(ms)=0
info|2026-02-06 15:42:37.496134|exeScheduler-0x0000765e7c25e6c0|[SCHEDULER][serialExecute][blk-35][BlockTrace]serialExecute execute block
info|2026-02-06 15:42:37.496384|exeScheduler-0x0000765e7c25e6c0|[SCHEDULER][METRIC][BlockTrace][blk-35]preExeBlock success,blockHeader.timestamp=1770363757491,metaTxCount=1,timeCost=0
info|2026-02-06 15:42:37.496442|exeScheduler-0x0000765e7c25e6c0|[SCHEDULER][serialExecute][blk-35][BlockTrace]serialExecute batch next block
info|2026-02-06 15:42:37.496453|exeScheduler-0x0000765e7c25e6c0|[SCHEDULER][blk-35][BlockTrace]NextBlock request,executorNum=1
info|2026-02-06 15:42:37.496872|exec-0x0000765ed85ea6c0|[SCHEDULER][blk-35][BlockTrace]NextBlock success,executorNum=1,timeCost=0
info|2026-02-06 15:42:37.496903|exec-0x0000765ed85ea6c0|[SCHEDULER][serialExecute][blk-35][BlockTrace]serialExecute block begin
info|2026-02-06 15:42:37.497249|Unnamed-0x0000765e72a4b6c0|[STORAGE-KeyPage]empty table,table=/apps/4035a74c5f0daead4ae48a9be0415cfaa8a69d34_accessAuth,key=61646d696e
info|2026-02-06 15:42:37.497384|Unnamed-0x0000765e72a4b6c0|[STORAGE-KeyPage]empty table,table=/apps/4035a74c5f0daead4ae48a9be0415cfaa8a69d34,key=0000000000000000000000000000000000000000000000000000000000000004
info|2026-02-06 15:42:37.497622|exec-0x0000765ed75e86c0|[STORAGE-KeyPage]hash,size=29,blockVersion=51052544,readLength=17460,writeLength=452,pageCount=2,entrycount=2,entriesHash=98775044b0e4d78873dd4cb4a6602202d9d93688f2ccf2abaaa3bdccf4340e0a,pagesHash=781d0829e6259f15d3e3952918cce2b3e9d745e9a7f4884bab43cd0f6afa6b24,totalHash=e06a586d56c1489da03ed99dbeacc0b1300e736155387ae001e070c39ece652e
info|2026-02-06 15:42:37.497645|exec-0x0000765ed75e86c0|[EXECUTOR:1770362656][blk-35]GetTableHashes success,hash=e06a586d56c1489da03ed99dbeacc0b1300e736155387ae001e070c39ece652e,time(ms)=0
info|2026-02-06 15:42:37.497705|exec-0x0000765ed75e86c0|[SCHEDULER][blk-35][BlockTrace]ExecuteBlock success,hash=45786bd5...,stateRoot=e06a586d56c1489da03ed99dbeacc0b1300e736155387ae001e070c39ece652e,receiptRoot=3b6a4e06a0f87e2ebf1e50f9aecbcef8ef46215c1e71ac90846f89234ddc48f8,txsRoot=9eabe106...,gasUsed=124031,signatureSize=0,timeCost=1,blockVersion=51052544
info|2026-02-06 15:42:37.497719|exec-0x0000765ed75e86c0|[CONSENSUS][Core][METRIC]asyncExecuteBlock success,sysBlock=false,number=35,result=45786bd5...,txsSize=1,txsRoot=9eabe106...,receiptsRoot=3b6a4e06...,stateRoot=e06a586d...,timeCost=2,execPerTx=2
info|2026-02-06 15:42:37.497760|exec-0x0000765ed75e86c0|[CONSENSUS][PBFT]applyStateMachine finished,index=35,beforeExec=0d1eb0a8...,afterExec=45786bd5...,committedIndex=34,consNum=35,committedHash=c284c3f0...,view=3,toView=3,changeCycle=0,expectedCheckPoint=35,Idx=3,unsealedTxs=0,sealUntil=0,waitResealUntil=0,consensusTimeout=3000,nodeId=5b07d12d...,timecost=2
info|2026-02-06 15:42:37.497775|pbftWorker-0x0000765eccdd36c0|[CONSENSUS][PBFT][STORAGE]asyncCommitProposal: write the committed proposal into db,index=35
info|2026-02-06 15:42:37.497849|pbftWorker-0x0000765eccdd36c0|[CONSENSUS][PBFT][STORAGE]asyncPutProposal: commit success,dbName=pbftCommitDB,key=max_committed_proposal,number=35,timecost=0,dataSize=2
info|2026-02-06 15:42:37.498047|pbftWorker-0x0000765eccdd36c0|[CONSENSUS][PBFT][STORAGE]asyncPutProposal: commit success,dbName=pbftCommitDB,key=35,number=35,timecost=1,dataSize=635
info|2026-02-06 15:42:37.498532|pbftWorker-0x0000765eccdd36c0|[CONSENSUS][PBFT]addCheckPointMsg,reqHash=45786bd5...,reqIndex=35,reqV=3,fromIdx=3,wait(ms)=0,Idx=3,weight=1,minRequiredWeight=3
info|2026-02-06 15:42:37.498561|pbftWorker-0x0000765eccdd36c0|[CONSENSUS][PBFT]setCheckPointProposal,propHash=45786bd5...,propIndex=35,committedIndex=34,consNum=35,committedHash=c284c3f0...,view=3,toView=3,changeCycle=0,expectedCheckPoint=35,Idx=3,unsealedTxs=0,sealUntil=0,waitResealUntil=0,consensusTimeout=3000,nodeId=5b07d12d...
info|2026-02-06 15:42:37.498578|pbftWorker-0x0000765eccdd36c0|[CONSENSUS][PBFT]PBFTConfig: setExpectedCheckPoint,committedIndex=34,consNum=35,committedHash=c284c3f0...,view=3,toView=3,changeCycle=0,expectedCheckPoint=36,Idx=3,unsealedTxs=0,sealUntil=0,waitResealUntil=0,consensusTimeout=3000,nodeId=5b07d12d...,expectedCheckPoint=36
info|2026-02-06 15:42:37.498592|pbftWorker-0x0000765eccdd36c0|[CONSENSUS][PBFT]notifySealer return for invalid seal range,lockNotifyT=0,currentEndIndex=36,expectedEndIndex=36,committedIndex=34,consNum=35,committedHash=c284c3f0...,view=3,toView=3,changeCycle=0,expectedCheckPoint=36,Idx=3,unsealedTxs=0,sealUntil=0,waitResealUntil=0,consensusTimeout=3000,nodeId=5b07d12d...
info|2026-02-06 15:42:37.498599|pbftWorker-0x0000765eccdd36c0|[CONSENSUS][PBFT]notify to seal next proposal,nextProposalIndex=36
info|2026-02-06 15:42:37.498605|pbftWorker-0x0000765eccdd36c0|[CONSENSUS][PBFT]onProposalApplySuccess,index=35,hash=45786bd5...,lockT=0,timecost=0
info|2026-02-06 15:42:37.498884|pbft-0x0000765ebedfb6c0|[CONSENSUS][PBFT]handleCheckPointMsg: try to add the checkpoint message into the cache,reqHash=45786bd5...,reqIndex=35,reqV=3,fromIdx=0,wait(ms)=0,committedIndex=34,consNum=35,committedHash=c284c3f0...,view=3,toView=3,changeCycle=0,expectedCheckPoint=36,Idx=3,unsealedTxs=0,sealUntil=0,waitResealUntil=0,consensusTimeout=3000,nodeId=5b07d12d...
info|2026-02-06 15:42:37.498925|pbft-0x0000765ebedfb6c0|[CONSENSUS][PBFT]addCheckPointMsg,reqHash=45786bd5...,reqIndex=35,reqV=3,fromIdx=0,wait(ms)=0,Idx=3,weight=2,minRequiredWeight=3
info|2026-02-06 15:42:37.498934|pbft-0x0000765ebedfb6c0|[CONSENSUS][PBFT]notifySealer return for invalid seal range,lockNotifyT=0,currentEndIndex=36,expectedEndIndex=36,committedIndex=34,consNum=35,committedHash=c284c3f0...,view=3,toView=3,changeCycle=0,expectedCheckPoint=36,Idx=3,unsealedTxs=0,sealUntil=0,waitResealUntil=0,consensusTimeout=3000,nodeId=5b07d12d...
info|2026-02-06 15:42:37.498948|pbft-0x0000765ebedfb6c0|[CONSENSUS][PBFT]notify to seal next proposal,nextProposalIndex=36
info|2026-02-06 15:42:37.499211|pbft-0x0000765ebedfb6c0|[CONSENSUS][PBFT]handleCheckPointMsg: try to add the checkpoint message into the cache,reqHash=45786bd5...,reqIndex=35,reqV=3,fromIdx=1,wait(ms)=1,committedIndex=34,consNum=35,committedHash=c284c3f0...,view=3,toView=3,changeCycle=0,expectedCheckPoint=36,Idx=3,unsealedTxs=0,sealUntil=0,waitResealUntil=0,consensusTimeout=3000,nodeId=5b07d12d...
info|2026-02-06 15:42:37.499237|pbft-0x0000765ebedfb6c0|[CONSENSUS][PBFT]addCheckPointMsg,reqHash=45786bd5...,reqIndex=35,reqV=3,fromIdx=1,wait(ms)=1,Idx=3,weight=3,minRequiredWeight=3
info|2026-02-06 15:42:37.499244|pbft-0x0000765ebedfb6c0|[CONSENSUS][PBFT]notifySealer return for invalid seal range,lockNotifyT=0,currentEndIndex=36,expectedEndIndex=36,committedIndex=34,consNum=35,committedHash=c284c3f0...,view=3,toView=3,changeCycle=0,expectedCheckPoint=36,Idx=3,unsealedTxs=0,sealUntil=0,waitResealUntil=0,consensusTimeout=3000,nodeId=5b07d12d...
info|2026-02-06 15:42:37.499254|pbft-0x0000765ebedfb6c0|[CONSENSUS][PBFT]notify to seal next proposal,nextProposalIndex=36
info|2026-02-06 15:42:37.499262|pbft-0x0000765ebedfb6c0|[CONSENSUS][PBFT]setSignatureList,signatureSize=3,propHash=45786bd5...,propIndex=35
info|2026-02-06 15:42:37.499266|pbft-0x0000765ebedfb6c0|[CONSENSUS][PBFT]checkAndCommitStableCheckPoint,index=35,hash=45786bd5...,committedIndex=34,consNum=35,committedHash=c284c3f0...,view=3,toView=3,changeCycle=0,expectedCheckPoint=36,Idx=3,unsealedTxs=0,sealUntil=0,waitResealUntil=0,consensusTimeout=3000,nodeId=5b07d12d...
info|2026-02-06 15:42:37.499272|pbft-0x0000765ebedfb6c0|[CONSENSUS][PBFT]updateStableCheckPointQueue: insert new checkpoint proposal,index=35,hash=45786bd5...,committedIndex=34,consNum=35,committedHash=c284c3f0...,view=3,toView=3,changeCycle=0,expectedCheckPoint=36,Idx=3,unsealedTxs=0,sealUntil=0,waitResealUntil=0,consensusTimeout=3000,nodeId=5b07d12d...
info|2026-02-06 15:42:37.499277|pbft-0x0000765ebedfb6c0|[CONSENSUS][PBFT]updateStableCheckPointQueue: commit stable checkpoint,index=35,committedIndex=34
info|2026-02-06 15:42:37.499291|pbft-0x0000765ebedfb6c0|[CONSENSUS][PBFT]asyncCommitStableCheckPoint: set signatureList,index=35,hash=45786bd5...,proofSize=3,blockProofSize=3
info|2026-02-06 15:42:37.499536|blockSubmit-0x0000765ecedd76c0|[SCHEDULER][blk-35][BlockTrace]CommitBlock start
info|2026-02-06 15:42:37.499891|blockSubmit-0x0000765ecedd76c0|[STORAGE-RocksDB]asyncPrepare,number=35
info|2026-02-06 15:42:37.499919|blockSubmit-0x0000765ecedd76c0|[STORAGE-RocksDB]asyncPrepare finished,blockNumber=35,put=7,delete=0,startTS=0,encode(ms)=0,time(ms)=0
info|2026-02-06 15:42:37.499938|blockSubmit-0x0000765ecedd76c0|[LEDGER]storeTransactionsAndReceipts,blockNumber=35
info|2026-02-06 15:42:37.499985|exec-0x0000765ed6de76c0|[STORAGE-RocksDB]asyncPrepare,number=35
info|2026-02-06 15:42:37.500353|exec-0x0000765ed6de76c0|[STORAGE-KeyPage]parallelTraverse,size=591
info|2026-02-06 15:42:37.500380|exec-0x0000765ed6de76c0|[STORAGE-RocksDB]asyncPrepare finished,blockNumber=35,put=6,delete=3,startTS=0,encode(ms)=0,time(ms)=0
info|2026-02-06 15:42:37.500385|exec-0x0000765ed6de76c0|[EXECUTOR:1770362656][blk-35]Prepare success
info|2026-02-06 15:42:37.500472|ledgerWrite-0x0000765ee2dff6c0|[STORAGE-RocksDB]setRows finished,put=1,dataSize=140,time(ms)=0
info|2026-02-06 15:42:37.500522|pbft-0x0000765ebedfb6c0|[CONSENSUS][PBFT]handleCheckPointMsg: try to add the checkpoint message into the cache,reqHash=45786bd5...,reqIndex=35,reqV=3,fromIdx=2,wait(ms)=0,committedIndex=34,consNum=35,committedHash=c284c3f0...,view=3,toView=3,changeCycle=0,expectedCheckPoint=36,Idx=3,unsealedTxs=0,sealUntil=0,waitResealUntil=0,consensusTimeout=3000,nodeId=5b07d12d...
info|2026-02-06 15:42:37.500554|pbft-0x0000765ebedfb6c0|[CONSENSUS][PBFT]addCheckPointMsg,reqHash=45786bd5...,reqIndex=35,reqV=3,fromIdx=2,wait(ms)=0,Idx=3,weight=4,minRequiredWeight=3
info|2026-02-06 15:42:37.500561|pbft-0x0000765ebedfb6c0|[CONSENSUS][PBFT]notifySealer return for invalid seal range,lockNotifyT=0,currentEndIndex=36,expectedEndIndex=36,committedIndex=34,consNum=35,committedHash=c284c3f0...,view=3,toView=3,changeCycle=0,expectedCheckPoint=36,Idx=3,unsealedTxs=0,sealUntil=0,waitResealUntil=0,consensusTimeout=3000,nodeId=5b07d12d...
info|2026-02-06 15:42:37.500568|pbft-0x0000765ebedfb6c0|[CONSENSUS][PBFT]notify to seal next proposal,nextProposalIndex=36
info|2026-02-06 15:42:37.500612|blockSubmit-0x0000765ecedd76c0|[LEDGER]storeTransactionsAndReceipts finished,blockNumber=35,blockTxsSize=1,unStoredTxs=0,timeCost=1
info|2026-02-06 15:42:37.500759|blockSubmit-0x0000765ecedd76c0|[STORAGE-RocksDB]asyncCommit finished,blockNumber=35,startTS=0,time(ms)=0,callback time(ms)=0,count=16
info|2026-02-06 15:42:37.500777|blockSubmit-0x0000765ecedd76c0|[LEDGER][METRIC]asyncPrewriteBlock,number=35,totalTxs=38,failedTxs=12,incTxs=1,incFailedTxs=0
info|2026-02-06 15:42:37.501114|exec-0x0000765ed65e66c0|[TOOL]fetchCompatibilityVersion
info|2026-02-06 15:42:37.501207|exec-0x0000765ed65e66c0|[TOOL]fetchCompatibilityVersion success,version=3.11.0,versionNumber=51052544,minSupportedVersion=3.0.0-rc4,maxSupportedVersion=3.11.0
info|2026-02-06 15:42:37.501274|exec-0x0000765ed65e66c0|[TOOL]fetchAuthCheckStatus success,value=0
info|2026-02-06 15:42:37.501280|exec-0x0000765ed65e66c0|[EXECUTOR:1770362656]merge keyPage to cachedStorage,number=35
info|2026-02-06 15:42:37.501325|exec-0x0000765ed65e66c0|[STORAGE-KeyPage]parallelTraverse,size=591
info|2026-02-06 15:42:37.501329|exec-0x0000765ed65e66c0|[STORAGE]Successful merged records,count=9
info|2026-02-06 15:42:37.501814|exec-0x0000765ed65e66c0|[SCHEDULER][blk-35][BlockTrace]CommitBlock success,gas limit=3000000000,timeCost=2
info|2026-02-06 15:42:37.501905|submitter-0x0000765ee15fc6c0|[TXPOOL][METRIC]StatTPS,tps=83,totalTime=12
info|2026-02-06 15:42:37.501948|exec-0x0000765ed65e66c0|[SCHEDULER][BlockTrace]Notify block result success,blockNumber=35
info|2026-02-06 15:42:37.501958|exec-0x0000765ed65e66c0|[CONSENSUS][PBFT][STORAGE][METRIC]commitStableCheckPoint success,index=35,hash=45786bd5...,txs=1,timeCost=2,commitPerTx=2
info|2026-02-06 15:42:37.501985|exec-0x0000765ed65e66c0|[SCHEDULER][blk-35]notify block result success,hash=45786bd5...,txsSize=1
info|2026-02-06 15:42:37.502033|blockSubmit-0x0000765ecedd76c0|[CONSENSUS][PBFT][METRIC]resetConfig,committedIndex=35,propHash=45786bd5...,blockCountLimit=1000,leaderPeriod=1,consensusNodesSize=4
info|2026-02-06 15:42:37.502150|submitter-0x0000765ee15fc6c0|[TXPOOL][METRIC]batchRemove txs success,expectedSize=1,succCount=1,batchId=35,timecost=1,lockT=0,removeT=0,updateLedgerNonceT=0,updateTxPoolNonceT=0
info|2026-02-06 15:42:37.502133|blockSubmit-0x0000765ecedd76c0|[CONSENSUS][PBFT][METRIC]^^^^^^^^Report,sealer=2,txs=1,committedIndex=35,consNum=36,committedHash=45786bd5...,view=3,toView=3,changeCycle=0,expectedCheckPoint=36,Idx=3,unsealedTxs=0,sealUntil=0,waitResealUntil=0,consensusTimeout=3000,nodeId=5b07d12d...
info|2026-02-06 15:42:37.502172|blockSubmit-0x0000765ecedd76c0|[CONSENSUS][SEALER]asyncNoteLatestBlockNumber,number=35
info|2026-02-06 15:42:37.502179|blockSubmit-0x0000765ecedd76c0|[CONSENSUS][SEALER]asyncNoteLatestBlockHash,_hash=45786bd5...
info|2026-02-06 15:42:37.502200|blockSubmit-0x0000765ecedd76c0|[BLOCK SYNC]#### BlockSyncConfig resetConfig,number=35,consNodeSize=4,observerNodeSize=0,type=CONSENSUS_NODE
info|2026-02-06 15:42:37.502316|exec-0x0000765ed65e66c0|[STORAGE-RocksDB]asyncCommit finished,blockNumber=35,startTS=0,time(ms)=0,callback time(ms)=1,count=0
info|2026-02-06 15:42:37.502453|blockSubmit-0x0000765ecedd76c0|[CONSENSUS][PBFT]notifySealer return for invalid seal range,lockNotifyT=1,currentEndIndex=36,expectedEndIndex=36,committedIndex=35,consNum=36,committedHash=45786bd5...,view=3,toView=3,changeCycle=0,expectedCheckPoint=36,Idx=3,unsealedTxs=0,sealUntil=0,waitResealUntil=0,consensusTimeout=3000,nodeId=5b07d12d...
info|2026-02-06 15:42:37.502483|blockSubmit-0x0000765ecedd76c0|[CONSENSUS][PBFT]notifySealer return for invalid seal range,lockNotifyT=0,currentEndIndex=36,expectedEndIndex=36,committedIndex=35,consNum=36,committedHash=45786bd5...,view=3,toView=3,changeCycle=0,expectedCheckPoint=36,Idx=3,unsealedTxs=0,sealUntil=0,waitResealUntil=0,consensusTimeout=3000,nodeId=5b07d12d...
info|2026-02-06 15:42:37.502493|blockSubmit-0x0000765ecedd76c0|[CONSENSUS][PBFT]notify to seal next proposal,nextProposalIndex=36
info|2026-02-06 15:42:37.502564|blockSubmit-0x0000765ecedd76c0|[CONSENSUS][PBFT]removeConsensusedCache finalizeConsensus,view=3,number=35,eraseSize=1,cacheSize=0
info|2026-02-06 15:42:37.502588|blockSubmit-0x0000765ecedd76c0|[CONSENSUS][PBFT][STORAGE]asyncRemoveStabledCheckPoint,index=30
info|2026-02-06 15:42:37.502637|blockSubmit-0x0000765ecedd76c0|[CONSENSUS][PBFT][STORAGE]asyncRemove success,dbName=pbftCommitDB,key=30
info|2026-02-06 15:42:37.904427|ioService-0x0000765ea39fe6c0|[WS][SESSION][asyncRead],message=End of file,endpoint=127.0.0.1:47790,refCount=2
info|2026-02-06 15:42:37.904595|ioService-0x0000765ea39fe6c0|[RPC][WS][SESSION][drop],reason=4294963295,endpoint=127.0.0.1:47790,session=0x765ea0678810
info|2026-02-06 15:42:37.904649|ioService-0x0000765ea39fe6c0|[RPC][WS][SESSION][drop],reason=4294963295,endpoint=127.0.0.1:47790,cb size=0,session=0x765ea0678810
info|2026-02-06 15:42:37.904940|ioService-0x0000765ea39fe6c0|[DEFAULT][WS][STREAM]the real action to close the stream,this=0x765ea060e2d0
info|2026-02-06 15:42:37.905706|fisco-bcos-0x0000765ec57fe6c0|[RPC][WS][SERVICE][removeSession],endpoint=127.0.0.1:47790
info|2026-02-06 15:42:37.905791|fisco-bcos-0x0000765ec57fe6c0|[RPC][WS][SERVICE][onDisconnect],endpoint=127.0.0.1:47790,refCount=2
info|2026-02-06 15:42:37.905825|fisco-bcos-0x0000765ec57fe6c0|[RPC][WS][SESSION],[DELOBJ][WSSESSION]=0x765ea0678810
info|2026-02-06 15:42:37.905845|fisco-bcos-0x0000765ec57fe6c0|[DEFAULT][WS][STREAM],[DELOBJ][WsStream]=0x765ea060e2d0
info|2026-02-06 15:42:39.502701|pullTxsTimer-0x0000765ecddd56c0|[CONSENSUS][PBFT]tryToSyncTxs: try to request unsealing txs from peer,committedIndex=35,consNum=36,committedHash=45786bd5...,view=3,toView=3,changeCycle=0,expectedCheckPoint=36,Idx=3,unsealedTxs=0,sealUntil=0,waitResealUntil=0,consensusTimeout=3000,nodeId=5b07d12d...
info|2026-02-06 15:42:40.247246|ioService-0x0000765ea7bff6c0|[DEFAULT][HTTP][SERVER][accept],local_endpoint=127.0.0.1:20203,remote_endpoint=127.0.0.1:47804
info|2026-02-06 15:42:40.248115|ioService-0x0000765ea23fe6c0|[DEFAULT][HTTP][SESSION][onRead]websocket upgrade
info|2026-02-06 15:42:40.248172|ioService-0x0000765ea23fe6c0|[DEFAULT][WS][STREAM],[NEWOBJ][WsStream]=0x765e98488610
info|2026-02-06 15:42:40.248189|ioService-0x0000765ea23fe6c0|[RPC][WS][SESSION],[NEWOBJ][WSSESSION]=0x765e984f1c10
info|2026-02-06 15:42:40.248195|ioService-0x0000765ea23fe6c0|[RPC][WS][SERVICE][newSession]start the session,endPoint=127.0.0.1:47804
info|2026-02-06 15:42:40.248203|ioService-0x0000765ea23fe6c0|[RPC][WS][SESSION][startAsServer]start websocket handshake,endPoint=127.0.0.1:47804,session=0x765e984f1c10
info|2026-02-06 15:42:40.248467|ioService-0x0000765ea23fe6c0|[RPC][WS][SERVICE][addSession]add session to mapping,endPoint=127.0.0.1:47804,result=true
info|2026-02-06 15:42:40.248484|ioService-0x0000765ea23fe6c0|[RPC][WS][SERVICE][onConnect],endpoint=127.0.0.1:47804,refCount=3
info|2026-02-06 15:42:40.248515|ioService-0x0000765ea23fe6c0|[RPC][WS][SESSION][onWsAccept]websocket handshake successfully,endPoint=127.0.0.1:47804,session=0x765e984f1c10
info|2026-02-06 15:42:40.250182|fisco-bcos-0x0000765e829f16c0|HandshakeRequest,module=2,minVersion=0,maxVersion=2
info|2026-02-06 15:42:40.250258|fisco-bcos-0x0000765e829f16c0|[RPC]negotiatedVersion success,peer=127.0.0.1:47804,minVersion=0,maxVersion=2,supportMinVersion=0,supportMaxVersion=2,negotiatedVersion=2,seq=59677e6f6abf4bfca881a240de8233f1
info|2026-02-06 15:42:40.250764|fisco-bcos-0x0000765e829f16c0|[RPC]onRecvHandshakeRequest success,version=2,endpoint=127.0.0.1:47804,handshakeResponse={"groupBlockNumber":[{"group0":35}],"groupInfoList":[{"chainID":"chain0","genesisConfig":"{\"blockTxCountLimit\":1000,\"consensusLeaderPeriod\":1,\"consensusType\":\"pbft\",\"sealerList\":[{\"nodeID\":\"0d6a7f52cb87ce7fda869e0db309ec9c53723c46f81632c21e4abbf1a9159f14d53f37cc0c4141548da9ec877d6235afd7a501c40d296fc4c5252a8717aa23c2\",\"weight\":1},{\"nodeID\":\"21a47acec36f73d8e925a7d5db44793f998e1a42a6d7ee2e3a5cf4037b853452cb76f6cbab8e5b223a128e8ee15790d1f629858b47070b4eb2e1ddb2b0ada297\",\"weight\":1},{\"nodeID\":\"2346c69c46d42278eb237167eb19eb28432b63783cc0fd7cddc90f89c148e755db8941be9b0c5f37cbc21c409a78c154abc75ce0c80818c6fbb76aea6bcd0a9a\",\"weight\":1},{\"nodeID\":\"5b07d12d1512a66493c8fd3456d8c505e6ce05f20061613a4c48a1fa3755bbf9cc2d2f1878c4a6733389f03deb0a3fc0c672e2f4910fde9802d6675929cb3dc5\",\"weight\":1}],\"txGasLimit\":3000000000}\n","groupID":"group0","iniConfig":"","nodeList":[{"featureKeys":["bugfix_revert","bugfix_statestorage_hash","bugfix_evm_create2_delegatecall_staticcall_codecopy","bugfix_event_log_order","bugfix_call_noaddr_return","bugfix_precompiled_codehash","bugfix_dmc_revert","bugfix_keypage_system_entry_hash","bugfix_internal_create_redundant_storage","bugfix_internal_create_permission_denied","bugfix_sharding_call_in_child_executive","bugfix_empty_abi_reset","bugfix_eip55_addr","bugfix_eoa_as_contract","bugfix_eoa_match_failed","bugfix_evm_exception_gas_used","bugfix_dmc_deploy_gas_used","bugfix_staticcall_noaddr_return","bugfix_support_transfer_receive_fallback","bugfix_set_row_with_dirty_flag","feature_dmc2serial","feature_sharding","feature_rpbft","feature_paillier","feature_balance","feature_balance_precompiled","feature_balance_policy1","feature_paillier_add_raw","feature_evm_cancun"],"iniConfig":"{\"binaryInfo\":{\"buildTime\":\"20240827 04:30:34\",\"gitCommitHash\":\"3fea676716990b2ed453b4f079915daafff451f9\",\"platform\":\"Linux/g++\",\"version\":\"3.11.0\"},\"chainID\":\"chain0\",\"gatewayServiceName\":\"\",\"groupID\":\"group0\",\"isAuthCheck\":false,\"isSerialExecute\":true,\"isWasm\":false,\"nodeID\":\"5b07d12d1512a66493c8fd3456d8c505e6ce05f20061613a4c48a1fa3755bbf9cc2d2f1878c4a6733389f03deb0a3fc0c672e2f4910fde9802d6675929cb3dc5\",\"nodeName\":\"5b07d12d1512a66493c8fd3456d8c505e6ce05f20061613a4c48a1fa3755bbf9cc2d2f1878c4a6733389f03deb0a3fc0c672e2f4910fde9802d6675929cb3dc5\",\"rpcServiceName\":\"\",\"smCryptoType\":false}\n","microService":false,"name":"5b07d12d1512a66493c8fd3456d8c505e6ce05f20061613a4c48a1fa3755bbf9cc2d2f1878c4a6733389f03deb0a3fc0c672e2f4910fde9802d6675929cb3dc5","nodeID":"5b07d12d1512a66493c8fd3456d8c505e6ce05f20061613a4c48a1fa3755bbf9cc2d2f1878c4a6733389f03deb0a3fc0c672e2f4910fde9802d6675929cb3dc5","protocol":{"compatibilityVersion":51052544,"maxSupportedVersion":2,"minSupportedVersion":0},"serviceInfo":[{"serviceName":"LedgerServiceObj","type":2},{"serviceName":"SchedulerServiceObj","type":3},{"serviceName":"FrontServiceObj","type":4},{"serviceName":"","type":6},{"serviceName":"","type":7},{"serviceName":"TxPoolServiceObj","type":8}],"supportConfigs":["tx_gas_limit","tx_gas_price","tx_count_limit","consensus_leader_period","auth_check_status","compatibility_version","feature_rpbft","feature_rpbft_epoch_block_num","feature_rpbft_epoch_sealer_num","feature_balance_precompiled","web3_chain_id"],"type":0}]}],"protocolVersion":2}
info|2026-02-06 15:42:40.253718|fisco-bcos-0x0000765e829f16c0|[parseSubTopicsJson],topicItems size=0,json={"topics":[]}
info|2026-02-06 15:42:40.253811|fisco-bcos-0x0000765e829f16c0|[AMOPClient]subscribeTopicToAllNodes,topicInfo={
	"topics" : []
}
info|2026-02-06 15:42:40.253824|fisco-bcos-0x0000765e829f16c0|[AMOP][TOPIC][parseSubTopicsJson],topicItems size=0,json={
	"topics" : []
}
info|2026-02-06 15:42:40.253848|fisco-bcos-0x0000765e829f16c0|[AMOP][TOPIC][subTopic],client=localAMOP,topicSeq=1,topicItems size=0
info|2026-02-06 15:42:40.253866|fisco-bcos-0x0000765e829f16c0|[AMOPClient][onRecvSubTopics],topicInfo={"topics":[]}
,endpoint=127.0.0.1:47804,seq=ffc82c1282c24a329b436abf5f3128cb
info|2026-02-06 15:42:42.234196|txsSeal-0x0000765edcdf36c0|[TXPOOL]begin batchFetchTxs,pendingTxs=1,limit=1000
info|2026-02-06 15:42:42.234323|txsSeal-0x0000765edcdf36c0|[TXPOOL][METRIC]batchFetchTxs success,time=0,txsSize=1,sysTxsSize=0,pendingTxs=1,limit=1000,fetchTxsT=0,lockT=0,invalidBefore=0,invalidNow=0,sealed=0,traverseCount=1
info|2026-02-06 15:42:42.235297|Sealer-0x0000765ebfdfd6c0|[CONSENSUS][SEALER]++++++++++++++++ Generate proposal,index=36,curNum=35,hash=4bb597ba...,sysTxs=false,txsSize=1,version=51052544
info|2026-02-06 15:42:42.235340|Sealer-0x0000765ebfdfd6c0|[CONSENSUS][PBFT]asyncSubmitProposal,index=36,hash=4bb597ba...,committedIndex=35,consNum=36,committedHash=45786bd5...,view=3,toView=3,changeCycle=0,expectedCheckPoint=36,Idx=3,unsealedTxs=0,sealUntil=0,waitResealUntil=0,consensusTimeout=3000,nodeId=5b07d12d...
info|2026-02-06 15:42:42.235388|Sealer-0x0000765ebfdfd6c0|[CONSENSUS][PBFT]++++++++++++++++ Generating seal on,index=36,Idx=3,hash=4bb597ba...,sysProposal=false
info|2026-02-06 15:42:42.235540|Sealer-0x0000765ebfdfd6c0|[CONSENSUS][PBFT]broadcast pre-prepare packet,packetSize=551,index=36,encode(ms)=0,asyncSend(ms)=0
info|2026-02-06 15:42:42.235561|Sealer-0x0000765ebfdfd6c0|[CONSENSUS][PBFT]handlePrePrepareMsg,reqHash=4bb597ba...,reqIndex=36,reqV=3,fromIdx=3,wait(ms)=0,committedIndex=35,consNum=36,committedHash=45786bd5...,view=3,toView=3,changeCycle=0,expectedCheckPoint=36,Idx=3,unsealedTxs=0,sealUntil=0,waitResealUntil=0,consensusTimeout=3000,nodeId=5b07d12d...,utc=16219953
info|2026-02-06 15:42:42.235609|Sealer-0x0000765ebfdfd6c0|[CONSENSUS][PBFT]addPrePrepareCache,reqHash=4bb597ba...,reqIndex=36,reqV=3,fromIdx=3,wait(ms)=0,sys=false,committedIndex=35,consNum=36,committedHash=45786bd5...,view=3,toView=3,changeCycle=0,expectedCheckPoint=36,Idx=3,unsealedTxs=0,sealUntil=0,waitResealUntil=0,consensusTimeout=3000,nodeId=5b07d12d...
info|2026-02-06 15:42:42.235634|validator-0x0000765ed05da6c0|[CONSENSUS][PBFT]asyncResetTxsFlag,index=36,hash=4bb597ba...,flag=true
info|2026-02-06 15:42:42.235686|validator-0x0000765ed05da6c0|[TXPOOL]batchMarkTxs,txsSize=1,batchId=36,hash=4bb597ba...,sealFlag=true,notFound=0,reSealed=0,succ=1,time=0,markT=0
info|2026-02-06 15:42:42.235711|validator-0x0000765ed05da6c0|[CONSENSUS][PBFT]asyncMarkTxs success,index=36,hash=4bb597ba...,flag=true,markT=0,emptyTxBatchHash=false
info|2026-02-06 15:42:42.235732|Sealer-0x0000765ebfdfd6c0|[CONSENSUS][PBFT]notify the committed proposal index to the sync module success,index=36
info|2026-02-06 15:42:42.236075|Sealer-0x0000765ebfdfd6c0|[CONSENSUS][PBFT]addPrepareCache,reqHash=4bb597ba...,reqIndex=36,reqV=3,fromIdx=3,wait(ms)=1,committedIndex=35,consNum=36,committedHash=45786bd5...,view=3,toView=3,changeCycle=0,expectedCheckPoint=36,Idx=3,unsealedTxs=0,sealUntil=0,waitResealUntil=0,consensusTimeout=3000,nodeId=5b07d12d...,weight=1
info|2026-02-06 15:42:42.236200|Sealer-0x0000765ebfdfd6c0|[CONSENSUS][PBFT]broadcast prepare packet,packetSize=230,index=36
info|2026-02-06 15:42:42.236292|Sealer-0x0000765ebfdfd6c0|[CONSENSUS][PBFT]handlePrePrepareMsg and broadcast prepare packet,reqHash=4bb597ba...,reqIndex=36,reqV=3,fromIdx=3,wait(ms)=1,committedIndex=35,consNum=36,committedHash=45786bd5...,view=3,toView=3,changeCycle=0,expectedCheckPoint=36,Idx=3,unsealedTxs=0,sealUntil=0,waitResealUntil=0,consensusTimeout=3000,nodeId=5b07d12d...
info|2026-02-06 15:42:42.236319|Sealer-0x0000765ebfdfd6c0|[CONSENSUS][PBFT]handlePrePrepareMsg success,index=36,costT(ms)=0
info|2026-02-06 15:42:42.237113|pbft-0x0000765ebedfb6c0|[CONSENSUS][PBFT]addPrepareCache,reqHash=4bb597ba...,reqIndex=36,reqV=3,fromIdx=2,wait(ms)=1,committedIndex=35,consNum=36,committedHash=45786bd5...,view=3,toView=3,changeCycle=0,expectedCheckPoint=36,Idx=3,unsealedTxs=0,sealUntil=0,waitResealUntil=0,consensusTimeout=3000,nodeId=5b07d12d...,weight=2
info|2026-02-06 15:42:42.237600|pbft-0x0000765ebedfb6c0|[CONSENSUS][PBFT]addPrepareCache,reqHash=4bb597ba...,reqIndex=36,reqV=3,fromIdx=0,wait(ms)=0,committedIndex=35,consNum=36,committedHash=45786bd5...,view=3,toView=3,changeCycle=0,expectedCheckPoint=36,Idx=3,unsealedTxs=0,sealUntil=0,waitResealUntil=0,consensusTimeout=3000,nodeId=5b07d12d...,weight=3
info|2026-02-06 15:42:42.237621|pbft-0x0000765ebedfb6c0|[CONSENSUS][PBFT]setSignatureList,signatureSize=3,propHash=4bb597ba...,propIndex=36
info|2026-02-06 15:42:42.237630|pbft-0x0000765ebedfb6c0|[CONSENSUS][PBFT]intoPrecommit,reqHash=4bb597ba...,reqIndex=36,reqV=3,fromIdx=3,wait(ms)=2,committedIndex=35,consNum=36,committedHash=45786bd5...,view=3,toView=3,changeCycle=0,expectedCheckPoint=36,Idx=3,unsealedTxs=0,sealUntil=0,waitResealUntil=0,consensusTimeout=3000,nodeId=5b07d12d...
info|2026-02-06 15:42:42.237666|pbft-0x0000765ebedfb6c0|[CONSENSUS][PBFT]addCommitCache,reqHash=4bb597ba...,reqIndex=36,reqV=3,fromIdx=3,wait(ms)=0,committedIndex=35,consNum=36,committedHash=45786bd5...,view=3,toView=3,changeCycle=0,expectedCheckPoint=36,Idx=3,unsealedTxs=0,sealUntil=0,waitResealUntil=0,consensusTimeout=3000,nodeId=5b07d12d...,weight=1
info|2026-02-06 15:42:42.237686|pbft-0x0000765ebedfb6c0|[CONSENSUS][PBFT]checkAndPreCommit: broadcast commitMsg,Idx=3,hash=4bb597ba...,index=36
info|2026-02-06 15:42:42.237867|pbft-0x0000765ebedfb6c0|[CONSENSUS][PBFT]addPrepareCache,reqHash=4bb597ba...,reqIndex=36,reqV=3,fromIdx=1,wait(ms)=0,committedIndex=35,consNum=36,committedHash=45786bd5...,view=3,toView=3,changeCycle=0,expectedCheckPoint=36,Idx=3,unsealedTxs=0,sealUntil=0,waitResealUntil=0,consensusTimeout=3000,nodeId=5b07d12d...,weight=4
info|2026-02-06 15:42:42.238249|pbft-0x0000765ebedfb6c0|[CONSENSUS][PBFT]addCommitCache,reqHash=4bb597ba...,reqIndex=36,reqV=3,fromIdx=2,wait(ms)=1,committedIndex=35,consNum=36,committedHash=45786bd5...,view=3,toView=3,changeCycle=0,expectedCheckPoint=36,Idx=3,unsealedTxs=0,sealUntil=0,waitResealUntil=0,consensusTimeout=3000,nodeId=5b07d12d...,weight=2
info|2026-02-06 15:42:42.238317|pbft-0x0000765ebedfb6c0|[CONSENSUS][PBFT]addCommitCache,reqHash=4bb597ba...,reqIndex=36,reqV=3,fromIdx=0,wait(ms)=1,committedIndex=35,consNum=36,committedHash=45786bd5...,view=3,toView=3,changeCycle=0,expectedCheckPoint=36,Idx=3,unsealedTxs=0,sealUntil=0,waitResealUntil=0,consensusTimeout=3000,nodeId=5b07d12d...,weight=3
info|2026-02-06 15:42:42.238328|pbft-0x0000765ebedfb6c0|[CONSENSUS][PBFT]checkAndCommit,propHash=4bb597ba...,propIndex=36,committedIndex=35,consNum=36,committedHash=45786bd5...,view=3,toView=3,changeCycle=0,expectedCheckPoint=36,Idx=3,unsealedTxs=0,sealUntil=0,waitResealUntil=0,consensusTimeout=3000,nodeId=5b07d12d...
info|2026-02-06 15:42:42.238334|pbft-0x0000765ebedfb6c0|[CONSENSUS][PBFT]######## CommitProposal,propHash=4bb597ba...,propIndex=36,sys=false,committedIndex=35,consNum=36,committedHash=45786bd5...,view=3,toView=3,changeCycle=0,expectedCheckPoint=36,Idx=3,unsealedTxs=0,sealUntil=0,waitResealUntil=0,consensusTimeout=3000,nodeId=5b07d12d...
info|2026-02-06 15:42:42.238341|pbft-0x0000765ebedfb6c0|[CONSENSUS][PBFT]notify to seal next proposal,nextProposalIndex=37
info|2026-02-06 15:42:42.238376|pbft-0x0000765ebedfb6c0|[CONSENSUS][PBFT]notify to seal next proposal,nextProposalIndex=37
info|2026-02-06 15:42:42.238380|pbft-0x0000765ebedfb6c0|[CONSENSUS][PBFT]applyStateMachine,index=36,hash=4bb597ba...,committedIndex=35,consNum=36,committedHash=45786bd5...,view=3,toView=3,changeCycle=0,expectedCheckPoint=36,Idx=3,unsealedTxs=0,sealUntil=0,waitResealUntil=0,consensusTimeout=3000,nodeId=5b07d12d...,unAppliedProposals=0
info|2026-02-06 15:42:42.238522|preExeScheduler-0x0000765e7d2606c0|[SCHEDULER][METRIC][BlockTrace][blk-36]preExeBlock success,blockHeader.timestamp=1770363762235,metaTxCount=1,timeCost=0
info|2026-02-06 15:42:42.238545|exeScheduler-0x0000765e7c25e6c0|[SCHEDULER][METRIC][blk-36]ExecuteBlock request,gasLimit=3000000000,gasPrice=0x0,verify=false,signatureSize=0,txCount=0,metaTxCount=1,version=3.11.0,waitT=0
info|2026-02-06 15:42:42.238596|exeScheduler-0x0000765e7c25e6c0|[SCHEDULER][blk-36][BlockTrace]ExecuteBlock start,time(ms)=0
info|2026-02-06 15:42:42.238601|exeScheduler-0x0000765e7c25e6c0|[SCHEDULER][serialExecute][blk-36][BlockTrace]serialExecute execute block
info|2026-02-06 15:42:42.238605|exeScheduler-0x0000765e7c25e6c0|[SCHEDULER][serialExecute][blk-36][BlockTrace]serialExecute batch next block
info|2026-02-06 15:42:42.238608|exeScheduler-0x0000765e7c25e6c0|[SCHEDULER][blk-36][BlockTrace]NextBlock request,executorNum=1
info|2026-02-06 15:42:42.239486|exec-0x0000765ed5de56c0|[SCHEDULER][blk-36][BlockTrace]NextBlock success,executorNum=1,timeCost=1
info|2026-02-06 15:42:42.239525|exec-0x0000765ed5de56c0|[SCHEDULER][serialExecute][blk-36][BlockTrace]serialExecute block begin
info|2026-02-06 15:42:42.239951|Unnamed-0x0000765e7aa5b6c0|[STORAGE-KeyPage]empty table,table=/apps/74d6307a016c7ed2ee8733cb07dfc4533c46c5ab_accessAuth,key=61646d696e
info|2026-02-06 15:42:42.240098|Unnamed-0x0000765e7aa5b6c0|[STORAGE-KeyPage]empty table,table=/apps/74d6307a016c7ed2ee8733cb07dfc4533c46c5ab,key=0000000000000000000000000000000000000000000000000000000000000004
info|2026-02-06 15:42:42.240393|exec-0x0000765ed4de36c0|[STORAGE-KeyPage]hash,size=29,blockVersion=51052544,readLength=14670,writeLength=452,pageCount=2,entrycount=2,entriesHash=108ae63994f2d8ae2a6057cb3a222fef28e6ac3b148c3862920660aaf1e646fe,pagesHash=1dccb9c44685ea3579237698c3c8f7878b4c9ea296bab18aaec07e8820a45fd2,totalHash=0d465ffdd277329b53432153f9ead868a3aa3299823689e83cc61e22d142192c
info|2026-02-06 15:42:42.240434|exec-0x0000765ed4de36c0|[EXECUTOR:1770362656][blk-36]GetTableHashes success,hash=0d465ffdd277329b53432153f9ead868a3aa3299823689e83cc61e22d142192c,time(ms)=0
info|2026-02-06 15:42:42.240489|exec-0x0000765ed4de36c0|[SCHEDULER][blk-36][BlockTrace]ExecuteBlock success,hash=8534088a...,stateRoot=0d465ffdd277329b53432153f9ead868a3aa3299823689e83cc61e22d142192c,receiptRoot=facb46ab12d554405ec9e0b8ea0893015452459c89c93e154aa9148b04039793,txsRoot=190a30e6...,gasUsed=102150,signatureSize=0,timeCost=2,blockVersion=51052544
info|2026-02-06 15:42:42.240504|exec-0x0000765ed4de36c0|[CONSENSUS][Core][METRIC]asyncExecuteBlock success,sysBlock=false,number=36,result=8534088a...,txsSize=1,txsRoot=190a30e6...,receiptsRoot=facb46ab...,stateRoot=0d465ffd...,timeCost=2,execPerTx=2
info|2026-02-06 15:42:42.240541|exec-0x0000765ed4de36c0|[CONSENSUS][PBFT]applyStateMachine finished,index=36,beforeExec=4bb597ba...,afterExec=8534088a...,committedIndex=35,consNum=36,committedHash=45786bd5...,view=3,toView=3,changeCycle=0,expectedCheckPoint=36,Idx=3,unsealedTxs=0,sealUntil=0,waitResealUntil=0,consensusTimeout=3000,nodeId=5b07d12d...,timecost=2
info|2026-02-06 15:42:42.240648|pbftWorker-0x0000765ecc5d26c0|[CONSENSUS][PBFT][STORAGE]asyncCommitProposal: write the committed proposal into db,index=36
info|2026-02-06 15:42:42.240838|pbftWorker-0x0000765ecc5d26c0|[CONSENSUS][PBFT][STORAGE]asyncPutProposal: commit success,dbName=pbftCommitDB,key=max_committed_proposal,number=36,timecost=0,dataSize=2
info|2026-02-06 15:42:42.240883|pbftWorker-0x0000765ecc5d26c0|[CONSENSUS][PBFT][STORAGE]asyncPutProposal: commit success,dbName=pbftCommitDB,key=36,number=36,timecost=0,dataSize=635
info|2026-02-06 15:42:42.241109|pbftWorker-0x0000765ecc5d26c0|[CONSENSUS][PBFT]addCheckPointMsg,reqHash=8534088a...,reqIndex=36,reqV=3,fromIdx=3,wait(ms)=1,Idx=3,weight=1,minRequiredWeight=3
info|2026-02-06 15:42:42.241156|pbftWorker-0x0000765ecc5d26c0|[CONSENSUS][PBFT]setCheckPointProposal,propHash=8534088a...,propIndex=36,committedIndex=35,consNum=36,committedHash=45786bd5...,view=3,toView=3,changeCycle=0,expectedCheckPoint=36,Idx=3,unsealedTxs=0,sealUntil=0,waitResealUntil=0,consensusTimeout=3000,nodeId=5b07d12d...
info|2026-02-06 15:42:42.241234|pbftWorker-0x0000765ecc5d26c0|[CONSENSUS][PBFT]PBFTConfig: setExpectedCheckPoint,committedIndex=35,consNum=36,committedHash=45786bd5...,view=3,toView=3,changeCycle=0,expectedCheckPoint=37,Idx=3,unsealedTxs=0,sealUntil=0,waitResealUntil=0,consensusTimeout=3000,nodeId=5b07d12d...,expectedCheckPoint=37
info|2026-02-06 15:42:42.241408|pbftWorker-0x0000765ecc5d26c0|[CONSENSUS][PBFT]notify to seal next proposal,nextProposalIndex=37
info|2026-02-06 15:42:42.241648|pbftWorker-0x0000765ecc5d26c0|[CONSENSUS][PBFT]onProposalApplySuccess,index=36,hash=8534088a...,lockT=0,timecost=0
info|2026-02-06 15:42:42.241792|pbft-0x0000765ebedfb6c0|[CONSENSUS][PBFT]handleCheckPointMsg: try to add the checkpoint message into the cache,reqHash=8534088a...,reqIndex=36,reqV=3,fromIdx=0,wait(ms)=0,committedIndex=35,consNum=36,committedHash=45786bd5...,view=3,toView=3,changeCycle=0,expectedCheckPoint=37,Idx=3,unsealedTxs=0,sealUntil=0,waitResealUntil=0,consensusTimeout=3000,nodeId=5b07d12d...
info|2026-02-06 15:42:42.241832|pbft-0x0000765ebedfb6c0|[CONSENSUS][PBFT]addCheckPointMsg,reqHash=8534088a...,reqIndex=36,reqV=3,fromIdx=0,wait(ms)=0,Idx=3,weight=2,minRequiredWeight=3
info|2026-02-06 15:42:42.241839|pbft-0x0000765ebedfb6c0|[CONSENSUS][PBFT]notify to seal next proposal,nextProposalIndex=37
info|2026-02-06 15:42:42.242614|pbft-0x0000765ebedfb6c0|[CONSENSUS][PBFT]handleCheckPointMsg: try to add the checkpoint message into the cache,reqHash=8534088a...,reqIndex=36,reqV=3,fromIdx=1,wait(ms)=0,committedIndex=35,consNum=36,committedHash=45786bd5...,view=3,toView=3,changeCycle=0,expectedCheckPoint=37,Idx=3,unsealedTxs=0,sealUntil=0,waitResealUntil=0,consensusTimeout=3000,nodeId=5b07d12d...
info|2026-02-06 15:42:42.242652|pbft-0x0000765ebedfb6c0|[CONSENSUS][PBFT]addCheckPointMsg,reqHash=8534088a...,reqIndex=36,reqV=3,fromIdx=1,wait(ms)=0,Idx=3,weight=3,minRequiredWeight=3
info|2026-02-06 15:42:42.242660|pbft-0x0000765ebedfb6c0|[CONSENSUS][PBFT]notify to seal next proposal,nextProposalIndex=37
info|2026-02-06 15:42:42.242665|pbft-0x0000765ebedfb6c0|[CONSENSUS][PBFT]setSignatureList,signatureSize=3,propHash=8534088a...,propIndex=36
info|2026-02-06 15:42:42.242681|pbft-0x0000765ebedfb6c0|[CONSENSUS][PBFT]checkAndCommitStableCheckPoint,index=36,hash=8534088a...,committedIndex=35,consNum=36,committedHash=45786bd5...,view=3,toView=3,changeCycle=0,expectedCheckPoint=37,Idx=3,unsealedTxs=0,sealUntil=0,waitResealUntil=0,consensusTimeout=3000,nodeId=5b07d12d...
info|2026-02-06 15:42:42.242688|pbft-0x0000765ebedfb6c0|[CONSENSUS][PBFT]updateStableCheckPointQueue: insert new checkpoint proposal,index=36,hash=8534088a...,committedIndex=35,consNum=36,committedHash=45786bd5...,view=3,toView=3,changeCycle=0,expectedCheckPoint=37,Idx=3,unsealedTxs=0,sealUntil=0,waitResealUntil=0,consensusTimeout=3000,nodeId=5b07d12d...
info|2026-02-06 15:42:42.242693|pbft-0x0000765ebedfb6c0|[CONSENSUS][PBFT]updateStableCheckPointQueue: commit stable checkpoint,index=36,committedIndex=35
info|2026-02-06 15:42:42.242703|pbft-0x0000765ebedfb6c0|[CONSENSUS][PBFT]asyncCommitStableCheckPoint: set signatureList,index=36,hash=8534088a...,proofSize=3,blockProofSize=3
info|2026-02-06 15:42:42.242758|blockSubmit-0x0000765ecedd76c0|[SCHEDULER][blk-36][BlockTrace]CommitBlock start
info|2026-02-06 15:42:42.243004|blockSubmit-0x0000765ecedd76c0|[STORAGE-RocksDB]asyncPrepare,number=36
info|2026-02-06 15:42:42.243046|blockSubmit-0x0000765ecedd76c0|[STORAGE-RocksDB]asyncPrepare finished,blockNumber=36,put=7,delete=0,startTS=0,encode(ms)=0,time(ms)=0
info|2026-02-06 15:42:42.243061|blockSubmit-0x0000765ecedd76c0|[LEDGER]storeTransactionsAndReceipts,blockNumber=36
info|2026-02-06 15:42:42.243224|ledgerWrite-0x0000765ee25fe6c0|[STORAGE-RocksDB]setRows finished,put=1,dataSize=140,time(ms)=0
info|2026-02-06 15:42:42.243371|blockSubmit-0x0000765ecedd76c0|[STORAGE-RocksDB]setRows finished,put=1,dataSize=8457,time(ms)=0
info|2026-02-06 15:42:42.243397|blockSubmit-0x0000765ecedd76c0|[LEDGER]storeTransactionsAndReceipts finished,blockNumber=36,blockTxsSize=1,unStoredTxs=1,timeCost=0
info|2026-02-06 15:42:42.243406|blockSubmit-0x0000765ecedd76c0|[LEDGER][METRIC]asyncPrewriteBlock,number=36,totalTxs=39,failedTxs=12,incTxs=1,incFailedTxs=0
info|2026-02-06 15:42:42.243493|exec-0x0000765ed45e26c0|[STORAGE-RocksDB]asyncPrepare,number=36
info|2026-02-06 15:42:42.243629|exec-0x0000765ed45e26c0|[STORAGE-KeyPage]parallelTraverse,size=567
info|2026-02-06 15:42:42.243661|exec-0x0000765ed45e26c0|[STORAGE-RocksDB]asyncPrepare finished,blockNumber=36,put=6,delete=2,startTS=0,encode(ms)=0,time(ms)=0
info|2026-02-06 15:42:42.243666|exec-0x0000765ed45e26c0|[EXECUTOR:1770362656][blk-36]Prepare success
info|2026-02-06 15:42:42.243724|exec-0x0000765ed45e26c0|[STORAGE-RocksDB]asyncCommit finished,blockNumber=36,startTS=0,time(ms)=0,callback time(ms)=0,count=15
info|2026-02-06 15:42:42.243734|exec-0x0000765ed45e26c0|[TOOL]fetchCompatibilityVersion
info|2026-02-06 15:42:42.243787|exec-0x0000765ed45e26c0|[TOOL]fetchCompatibilityVersion success,version=3.11.0,versionNumber=51052544,minSupportedVersion=3.0.0-rc4,maxSupportedVersion=3.11.0
info|2026-02-06 15:42:42.243824|exec-0x0000765ed45e26c0|[TOOL]fetchAuthCheckStatus success,value=0
info|2026-02-06 15:42:42.243830|exec-0x0000765ed45e26c0|[EXECUTOR:1770362656]merge keyPage to cachedStorage,number=36
info|2026-02-06 15:42:42.243858|exec-0x0000765ed45e26c0|[STORAGE-KeyPage]parallelTraverse,size=567
info|2026-02-06 15:42:42.243874|exec-0x0000765ed45e26c0|[STORAGE]Successful merged records,count=8
info|2026-02-06 15:42:42.245094|exec-0x0000765ed45e26c0|[SCHEDULER][blk-36][BlockTrace]CommitBlock success,gas limit=3000000000,timeCost=3
info|2026-02-06 15:42:42.245231|exec-0x0000765ed45e26c0|[SCHEDULER][BlockTrace]Notify block result success,blockNumber=36
info|2026-02-06 15:42:42.245238|exec-0x0000765ed45e26c0|[CONSENSUS][PBFT][STORAGE][METRIC]commitStableCheckPoint success,index=36,hash=8534088a...,txs=1,timeCost=3,commitPerTx=3
info|2026-02-06 15:42:42.245251|exec-0x0000765ed45e26c0|[SCHEDULER][blk-36]notify block result success,hash=8534088a...,txsSize=1
info|2026-02-06 15:42:42.245345|pbft-0x0000765ebedfb6c0|[CONSENSUS][PBFT]handleCheckPointMsg: try to add the checkpoint message into the cache,reqHash=8534088a...,reqIndex=36,reqV=3,fromIdx=2,wait(ms)=0,committedIndex=35,consNum=36,committedHash=45786bd5...,view=3,toView=3,changeCycle=0,expectedCheckPoint=37,Idx=3,unsealedTxs=0,sealUntil=0,waitResealUntil=0,consensusTimeout=3000,nodeId=5b07d12d...
info|2026-02-06 15:42:42.245367|pbft-0x0000765ebedfb6c0|[CONSENSUS][PBFT]addCheckPointMsg,reqHash=8534088a...,reqIndex=36,reqV=3,fromIdx=2,wait(ms)=0,Idx=3,weight=4,minRequiredWeight=3
info|2026-02-06 15:42:42.245375|pbft-0x0000765ebedfb6c0|[CONSENSUS][PBFT]notify to seal next proposal,nextProposalIndex=37
info|2026-02-06 15:42:42.245389|exec-0x0000765ed45e26c0|[STORAGE-RocksDB]asyncCommit finished,blockNumber=36,startTS=0,time(ms)=0,callback time(ms)=1,count=0
info|2026-02-06 15:42:42.245814|blockSubmit-0x0000765ecedd76c0|[CONSENSUS][PBFT][METRIC]resetConfig,committedIndex=36,propHash=8534088a...,blockCountLimit=1000,leaderPeriod=1,consensusNodesSize=4
info|2026-02-06 15:42:42.245873|blockSubmit-0x0000765ecedd76c0|[CONSENSUS][PBFT][METRIC]^^^^^^^^Report,sealer=3,txs=1,committedIndex=36,consNum=37,committedHash=8534088a...,view=3,toView=3,changeCycle=0,expectedCheckPoint=37,Idx=3,unsealedTxs=0,sealUntil=0,waitResealUntil=0,consensusTimeout=3000,nodeId=5b07d12d...
info|2026-02-06 15:42:42.245889|blockSubmit-0x0000765ecedd76c0|[CONSENSUS][SEALER]asyncNoteLatestBlockNumber,number=36
info|2026-02-06 15:42:42.245894|blockSubmit-0x0000765ecedd76c0|[CONSENSUS][SEALER]asyncNoteLatestBlockHash,_hash=8534088a...
info|2026-02-06 15:42:42.245909|blockSubmit-0x0000765ecedd76c0|[BLOCK SYNC]#### BlockSyncConfig resetConfig,number=36,consNodeSize=4,observerNodeSize=0,type=CONSENSUS_NODE
info|2026-02-06 15:42:42.246733|blockSubmit-0x0000765ecedd76c0|[CONSENSUS][PBFT]notify to seal next proposal,nextProposalIndex=37
info|2026-02-06 15:42:42.246867|blockSubmit-0x0000765ecedd76c0|[CONSENSUS][PBFT]removeConsensusedCache finalizeConsensus,view=3,number=36,eraseSize=1,cacheSize=0
info|2026-02-06 15:42:42.247022|blockSubmit-0x0000765ecedd76c0|[CONSENSUS][PBFT][STORAGE]asyncRemoveStabledCheckPoint,index=31
info|2026-02-06 15:42:42.247058|blockSubmit-0x0000765ecedd76c0|[CONSENSUS][PBFT][STORAGE]asyncRemove success,dbName=pbftCommitDB,key=31
info|2026-02-06 15:42:42.248203|submitter-0x0000765ee0dfb6c0|[TXPOOL][METRIC]StatTPS,tps=66,totalTime=15
info|2026-02-06 15:42:42.249565|submitter-0x0000765ee0dfb6c0|[TXPOOL][METRIC]batchRemove txs success,expectedSize=1,succCount=1,batchId=36,timecost=4,lockT=3,removeT=3,updateLedgerNonceT=0,updateTxPoolNonceT=0
info|2026-02-06 15:42:42.660906|ioService-0x0000765ea23fe6c0|[WS][SESSION][asyncRead],message=End of file,endpoint=127.0.0.1:47804,refCount=2
info|2026-02-06 15:42:42.661090|ioService-0x0000765ea23fe6c0|[RPC][WS][SESSION][drop],reason=4294963295,endpoint=127.0.0.1:47804,session=0x765e984f1c10
info|2026-02-06 15:42:42.661141|ioService-0x0000765ea23fe6c0|[RPC][WS][SESSION][drop],reason=4294963295,endpoint=127.0.0.1:47804,cb size=0,session=0x765e984f1c10
info|2026-02-06 15:42:42.661419|ioService-0x0000765ea23fe6c0|[DEFAULT][WS][STREAM]the real action to close the stream,this=0x765e98488610
info|2026-02-06 15:42:42.662105|fisco-bcos-0x0000765e81dee6c0|[RPC][WS][SERVICE][removeSession],endpoint=127.0.0.1:47804
info|2026-02-06 15:42:42.662245|fisco-bcos-0x0000765e81dee6c0|[RPC][WS][SERVICE][onDisconnect],endpoint=127.0.0.1:47804,refCount=2
info|2026-02-06 15:42:42.662997|fisco-bcos-0x0000765e81dee6c0|[RPC][WS][SESSION],[DELOBJ][WSSESSION]=0x765e984f1c10
info|2026-02-06 15:42:42.663129|fisco-bcos-0x0000765e81dee6c0|[DEFAULT][WS][STREAM],[DELOBJ][WsStream]=0x765e98488610
info|2026-02-06 15:42:46.489850|ioService-0x0000765ebb5fd6c0|[P2PService][Service][METRIC]heartBeat,connected count=3
info|2026-02-06 15:42:46.494225|timerFactory-0x0000765e95bff6c0|[RPC][WS][SERVICE]connected nodes,count=0
info|2026-02-06 15:42:46.500003|timerFactory-0x0000765eaa3fe6c0|[RPC][WS][SERVICE]connected nodes,count=0
info|2026-02-06 15:42:56.490111|ioService-0x0000765ebb5fd6c0|[P2PService][Service][METRIC]heartBeat,connected count=3
info|2026-02-06 15:42:56.494466|timerFactory-0x0000765e95bff6c0|[RPC][WS][SERVICE]connected nodes,count=0
info|2026-02-06 15:42:56.500235|timerFactory-0x0000765eaa3fe6c0|[RPC][WS][SERVICE]connected nodes,count=0
info|2026-02-06 15:42:57.093333|ioService-0x0000765e93ffe6c0|[DEFAULT][HTTP][SERVER][accept],local_endpoint=127.0.0.1:8545,remote_endpoint=127.0.0.1:40290
info|2026-02-06 15:42:57.095067|ioService-0x0000765e901fc6c0|[DEFAULT][HTTP][SESSION][onRead]receive http request
info|2026-02-06 15:43:00.234175|ioService-0x0000765e901fc6c0|[DEFAULT][HTTP][SESSION][onRead]receive http request
info|2026-02-06 15:43:00.324464|ioService-0x0000765e901fc6c0|[DEFAULT][HTTP][SESSION][onRead]receive http request
warning|2026-02-06 15:43:00.325389|ioService-0x0000765e901fc6c0|[DEFAULT][HTTP][SESSION]onRead exception,bytesSize=800,failed=Dynamic exception type: Json::LogicError
std::exception::what: in Json::Value::find(begin, end): requires objectValue or nullValue
info|2026-02-06 15:43:00.354266|ioService-0x0000765e93ffe6c0|[DEFAULT][HTTP][SERVER][accept],local_endpoint=127.0.0.1:8545,remote_endpoint=127.0.0.1:40292
info|2026-02-06 15:43:00.355026|ioService-0x0000765e8f9fb6c0|[DEFAULT][HTTP][SESSION][onRead]receive http request
warning|2026-02-06 15:43:00.355386|ioService-0x0000765e8f9fb6c0|[DEFAULT][HTTP][SESSION]onRead exception,bytesSize=800,failed=Dynamic exception type: Json::LogicError
std::exception::what: in Json::Value::find(begin, end): requires objectValue or nullValue
info|2026-02-06 15:43:00.381834|ioService-0x0000765e93ffe6c0|[DEFAULT][HTTP][SERVER][accept],local_endpoint=127.0.0.1:8545,remote_endpoint=127.0.0.1:40300
info|2026-02-06 15:43:00.382358|ioService-0x0000765e8f1fa6c0|[DEFAULT][HTTP][SESSION][onRead]receive http request
warning|2026-02-06 15:43:00.382533|ioService-0x0000765e8f1fa6c0|[DEFAULT][HTTP][SESSION]onRead exception,bytesSize=1129,failed=Dynamic exception type: Json::LogicError
std::exception::what: in Json::Value::find(begin, end): requires objectValue or nullValue
info|2026-02-06 15:43:00.401250|ioService-0x0000765e93ffe6c0|[DEFAULT][HTTP][SERVER][accept],local_endpoint=127.0.0.1:8545,remote_endpoint=127.0.0.1:40302
info|2026-02-06 15:43:00.401689|ioService-0x0000765e8e9f96c0|[DEFAULT][HTTP][SESSION][onRead]receive http request
warning|2026-02-06 15:43:00.401825|ioService-0x0000765e8e9f96c0|[DEFAULT][HTTP][SESSION]onRead exception,bytesSize=802,failed=Dynamic exception type: Json::LogicError
std::exception::what: in Json::Value::find(begin, end): requires objectValue or nullValue
info|2026-02-06 15:43:00.422120|ioService-0x0000765e93ffe6c0|[DEFAULT][HTTP][SERVER][accept],local_endpoint=127.0.0.1:8545,remote_endpoint=127.0.0.1:40316
info|2026-02-06 15:43:00.422769|ioService-0x0000765e8e1f86c0|[DEFAULT][HTTP][SESSION][onRead]receive http request
warning|2026-02-06 15:43:00.422912|ioService-0x0000765e8e1f86c0|[DEFAULT][HTTP][SESSION]onRead exception,bytesSize=1463,failed=Dynamic exception type: Json::LogicError
std::exception::what: in Json::Value::find(begin, end): requires objectValue or nullValue
info|2026-02-06 15:43:03.232327|ioService-0x0000765e93ffe6c0|[DEFAULT][HTTP][SERVER][accept],local_endpoint=127.0.0.1:8545,remote_endpoint=127.0.0.1:58568
info|2026-02-06 15:43:03.233314|ioService-0x0000765e8d9f76c0|[DEFAULT][HTTP][SESSION][onRead]receive http request
info|2026-02-06 15:43:06.232232|ioService-0x0000765e8d9f76c0|[DEFAULT][HTTP][SESSION][onRead]receive http request
info|2026-02-06 15:43:06.490356|ioService-0x0000765ebb5fd6c0|[P2PService][Service][METRIC]heartBeat,connected count=3
info|2026-02-06 15:43:06.494628|timerFactory-0x0000765e95bff6c0|[RPC][WS][SERVICE]connected nodes,count=0
info|2026-02-06 15:43:06.500364|timerFactory-0x0000765eaa3fe6c0|[RPC][WS][SERVICE]connected nodes,count=0
info|2026-02-06 15:43:09.231711|ioService-0x0000765e8d9f76c0|[DEFAULT][HTTP][SESSION][onRead]receive http request
info|2026-02-06 15:43:12.230101|ioService-0x0000765e8d9f76c0|[DEFAULT][HTTP][SESSION][onRead]receive http request
info|2026-02-06 15:43:12.585651|ioService-0x0000765ea7bff6c0|[DEFAULT][HTTP][SERVER][accept],local_endpoint=127.0.0.1:20203,remote_endpoint=127.0.0.1:45158
info|2026-02-06 15:43:12.586120|ioService-0x0000765ea0ffe6c0|[DEFAULT][HTTP][SESSION][onRead]websocket upgrade
info|2026-02-06 15:43:12.586229|ioService-0x0000765ea0ffe6c0|[DEFAULT][WS][STREAM],[NEWOBJ][WsStream]=0x765e9ea60250
info|2026-02-06 15:43:12.586373|ioService-0x0000765ea0ffe6c0|[RPC][WS][SESSION],[NEWOBJ][WSSESSION]=0x765e9eaa9810
info|2026-02-06 15:43:12.586597|ioService-0x0000765ea0ffe6c0|[RPC][WS][SERVICE][newSession]start the session,endPoint=127.0.0.1:45158
info|2026-02-06 15:43:12.586751|ioService-0x0000765ea0ffe6c0|[RPC][WS][SESSION][startAsServer]start websocket handshake,endPoint=127.0.0.1:45158,session=0x765e9eaa9810
info|2026-02-06 15:43:12.587189|ioService-0x0000765ea0ffe6c0|[RPC][WS][SERVICE][addSession]add session to mapping,endPoint=127.0.0.1:45158,result=true
info|2026-02-06 15:43:12.587271|ioService-0x0000765ea0ffe6c0|[RPC][WS][SERVICE][onConnect],endpoint=127.0.0.1:45158,refCount=3
info|2026-02-06 15:43:12.587444|ioService-0x0000765ea0ffe6c0|[RPC][WS][SESSION][onWsAccept]websocket handshake successfully,endPoint=127.0.0.1:45158,session=0x765e9eaa9810
info|2026-02-06 15:43:12.588115|fisco-bcos-0x0000765e865fd6c0|HandshakeRequest,module=2,minVersion=0,maxVersion=2
info|2026-02-06 15:43:12.588171|fisco-bcos-0x0000765e865fd6c0|[RPC]negotiatedVersion success,peer=127.0.0.1:45158,minVersion=0,maxVersion=2,supportMinVersion=0,supportMaxVersion=2,negotiatedVersion=2,seq=62df6ceecaf64543a482dc41eca3e2ec
info|2026-02-06 15:43:12.588729|fisco-bcos-0x0000765e865fd6c0|[RPC]onRecvHandshakeRequest success,version=2,endpoint=127.0.0.1:45158,handshakeResponse={"groupBlockNumber":[{"group0":36}],"groupInfoList":[{"chainID":"chain0","genesisConfig":"{\"blockTxCountLimit\":1000,\"consensusLeaderPeriod\":1,\"consensusType\":\"pbft\",\"sealerList\":[{\"nodeID\":\"0d6a7f52cb87ce7fda869e0db309ec9c53723c46f81632c21e4abbf1a9159f14d53f37cc0c4141548da9ec877d6235afd7a501c40d296fc4c5252a8717aa23c2\",\"weight\":1},{\"nodeID\":\"21a47acec36f73d8e925a7d5db44793f998e1a42a6d7ee2e3a5cf4037b853452cb76f6cbab8e5b223a128e8ee15790d1f629858b47070b4eb2e1ddb2b0ada297\",\"weight\":1},{\"nodeID\":\"2346c69c46d42278eb237167eb19eb28432b63783cc0fd7cddc90f89c148e755db8941be9b0c5f37cbc21c409a78c154abc75ce0c80818c6fbb76aea6bcd0a9a\",\"weight\":1},{\"nodeID\":\"5b07d12d1512a66493c8fd3456d8c505e6ce05f20061613a4c48a1fa3755bbf9cc2d2f1878c4a6733389f03deb0a3fc0c672e2f4910fde9802d6675929cb3dc5\",\"weight\":1}],\"txGasLimit\":3000000000}\n","groupID":"group0","iniConfig":"","nodeList":[{"featureKeys":["bugfix_revert","bugfix_statestorage_hash","bugfix_evm_create2_delegatecall_staticcall_codecopy","bugfix_event_log_order","bugfix_call_noaddr_return","bugfix_precompiled_codehash","bugfix_dmc_revert","bugfix_keypage_system_entry_hash","bugfix_internal_create_redundant_storage","bugfix_internal_create_permission_denied","bugfix_sharding_call_in_child_executive","bugfix_empty_abi_reset","bugfix_eip55_addr","bugfix_eoa_as_contract","bugfix_eoa_match_failed","bugfix_evm_exception_gas_used","bugfix_dmc_deploy_gas_used","bugfix_staticcall_noaddr_return","bugfix_support_transfer_receive_fallback","bugfix_set_row_with_dirty_flag","feature_dmc2serial","feature_sharding","feature_rpbft","feature_paillier","feature_balance","feature_balance_precompiled","feature_balance_policy1","feature_paillier_add_raw","feature_evm_cancun"],"iniConfig":"{\"binaryInfo\":{\"buildTime\":\"20240827 04:30:34\",\"gitCommitHash\":\"3fea676716990b2ed453b4f079915daafff451f9\",\"platform\":\"Linux/g++\",\"version\":\"3.11.0\"},\"chainID\":\"chain0\",\"gatewayServiceName\":\"\",\"groupID\":\"group0\",\"isAuthCheck\":false,\"isSerialExecute\":true,\"isWasm\":false,\"nodeID\":\"5b07d12d1512a66493c8fd3456d8c505e6ce05f20061613a4c48a1fa3755bbf9cc2d2f1878c4a6733389f03deb0a3fc0c672e2f4910fde9802d6675929cb3dc5\",\"nodeName\":\"5b07d12d1512a66493c8fd3456d8c505e6ce05f20061613a4c48a1fa3755bbf9cc2d2f1878c4a6733389f03deb0a3fc0c672e2f4910fde9802d6675929cb3dc5\",\"rpcServiceName\":\"\",\"smCryptoType\":false}\n","microService":false,"name":"5b07d12d1512a66493c8fd3456d8c505e6ce05f20061613a4c48a1fa3755bbf9cc2d2f1878c4a6733389f03deb0a3fc0c672e2f4910fde9802d6675929cb3dc5","nodeID":"5b07d12d1512a66493c8fd3456d8c505e6ce05f20061613a4c48a1fa3755bbf9cc2d2f1878c4a6733389f03deb0a3fc0c672e2f4910fde9802d6675929cb3dc5","protocol":{"compatibilityVersion":51052544,"maxSupportedVersion":2,"minSupportedVersion":0},"serviceInfo":[{"serviceName":"LedgerServiceObj","type":2},{"serviceName":"SchedulerServiceObj","type":3},{"serviceName":"FrontServiceObj","type":4},{"serviceName":"","type":6},{"serviceName":"","type":7},{"serviceName":"TxPoolServiceObj","type":8}],"supportConfigs":["tx_gas_limit","tx_gas_price","tx_count_limit","consensus_leader_period","auth_check_status","compatibility_version","feature_rpbft","feature_rpbft_epoch_block_num","feature_rpbft_epoch_sealer_num","feature_balance_precompiled","web3_chain_id"],"type":0}]}],"protocolVersion":2}
info|2026-02-06 15:43:12.591077|fisco-bcos-0x0000765e865fd6c0|[parseSubTopicsJson],topicItems size=0,json={"topics":[]}
info|2026-02-06 15:43:12.591148|fisco-bcos-0x0000765e865fd6c0|[AMOPClient]subscribeTopicToAllNodes,topicInfo={
	"topics" : []
}
info|2026-02-06 15:43:12.591159|fisco-bcos-0x0000765e865fd6c0|[AMOP][TOPIC][parseSubTopicsJson],topicItems size=0,json={
	"topics" : []
}
info|2026-02-06 15:43:12.591166|fisco-bcos-0x0000765e865fd6c0|[AMOP][TOPIC][subTopic],client=localAMOP,topicSeq=1,topicItems size=0
info|2026-02-06 15:43:12.591170|fisco-bcos-0x0000765e865fd6c0|[AMOPClient][onRecvSubTopics],topicInfo={"topics":[]}
,endpoint=127.0.0.1:45158,seq=934118a19acd46379627dd0c8cb41298
info|2026-02-06 15:43:14.042708|fisco-bcos-0x0000765ec57fe6c0|[SCHEDULER][serialExecute][blk-36][BlockTrace]serialExecute execute block
info|2026-02-06 15:43:14.042803|fisco-bcos-0x0000765ec57fe6c0|[SCHEDULER][METRIC][BlockTrace][blk-36]preExeBlock success,blockHeader.timestamp=0,metaTxCount=0,timeCost=0
info|2026-02-06 15:43:14.355659|pbft-0x0000765ebedfb6c0|[CONSENSUS][PBFT]handlePrePrepareMsg,reqHash=0d257497...,reqIndex=37,reqV=3,fromIdx=0,wait(ms)=0,committedIndex=36,consNum=37,committedHash=8534088a...,view=3,toView=3,changeCycle=0,expectedCheckPoint=37,Idx=3,unsealedTxs=1,sealUntil=0,waitResealUntil=0,consensusTimeout=3000,nodeId=5b07d12d...,utc=16252073
info|2026-02-06 15:43:14.355944|pbft-0x0000765ebedfb6c0|[TXPOOL]begin asyncVerifyBlock,consNum=37,hash=0d257497...
info|2026-02-06 15:43:14.356237|verifier-0x0000765edddf56c0|[TXPOOL]batchVerifyProposal,consNum=37,hash=0d257497...,txsSize=1,lockT=0,verifyT=0,missedTxs=0
info|2026-02-06 15:43:14.356382|verifier-0x0000765edddf56c0|[TXPOOL][METRIC]asyncVerifyBlock finished,consNum=37,hash=0d257497...,code=0,msg=success,result=true,timecost=0
info|2026-02-06 15:43:14.356459|verifier-0x0000765edddf56c0|[CONSENSUS][PBFT]handlePrePrepareMsg,reqHash=0d257497...,reqIndex=37,reqV=3,fromIdx=0,wait(ms)=1,committedIndex=36,consNum=37,committedHash=8534088a...,view=3,toView=3,changeCycle=0,expectedCheckPoint=37,Idx=3,unsealedTxs=1,sealUntil=0,waitResealUntil=0,consensusTimeout=3000,nodeId=5b07d12d...,utc=16252074
info|2026-02-06 15:43:14.356507|verifier-0x0000765edddf56c0|[CONSENSUS][PBFT]addPrePrepareCache,reqHash=0d257497...,reqIndex=37,reqV=3,fromIdx=0,wait(ms)=1,sys=false,committedIndex=36,consNum=37,committedHash=8534088a...,view=3,toView=3,changeCycle=0,expectedCheckPoint=37,Idx=3,unsealedTxs=1,sealUntil=0,waitResealUntil=0,consensusTimeout=3000,nodeId=5b07d12d...
info|2026-02-06 15:43:14.356536|validator-0x0000765ecfdd96c0|[CONSENSUS][PBFT]asyncResetTxsFlag,index=37,hash=0d257497...,flag=true
info|2026-02-06 15:43:14.356607|verifier-0x0000765edddf56c0|[CONSENSUS][PBFT]notify the committed proposal index to the sync module success,index=37
info|2026-02-06 15:43:14.356618|validator-0x0000765ecfdd96c0|[TXPOOL]batchMarkTxs,txsSize=1,batchId=37,hash=0d257497...,sealFlag=true,notFound=0,reSealed=0,succ=1,time=0,markT=0
info|2026-02-06 15:43:14.356640|validator-0x0000765ecfdd96c0|[CONSENSUS][PBFT]asyncMarkTxs success,index=37,hash=0d257497...,flag=true,markT=0,emptyTxBatchHash=false
info|2026-02-06 15:43:14.356758|verifier-0x0000765edddf56c0|[CONSENSUS][PBFT]addPrepareCache,reqHash=0d257497...,reqIndex=37,reqV=3,fromIdx=3,wait(ms)=0,committedIndex=36,consNum=37,committedHash=8534088a...,view=3,toView=3,changeCycle=0,expectedCheckPoint=37,Idx=3,unsealedTxs=0,sealUntil=0,waitResealUntil=0,consensusTimeout=3000,nodeId=5b07d12d...,weight=1
info|2026-02-06 15:43:14.356917|verifier-0x0000765edddf56c0|[CONSENSUS][PBFT]broadcast prepare packet,packetSize=228,index=37
info|2026-02-06 15:43:14.357130|verifier-0x0000765edddf56c0|[CONSENSUS][PBFT]handlePrePrepareMsg and broadcast prepare packet,reqHash=0d257497...,reqIndex=37,reqV=3,fromIdx=0,wait(ms)=2,committedIndex=36,consNum=37,committedHash=8534088a...,view=3,toView=3,changeCycle=0,expectedCheckPoint=37,Idx=3,unsealedTxs=0,sealUntil=0,waitResealUntil=0,consensusTimeout=3000,nodeId=5b07d12d...
info|2026-02-06 15:43:14.357305|txsPreStore-0x0000765edc5f26c0|[TXPOOL]storeVerifiedBlock fetch block number from LedgerConfig
info|2026-02-06 15:43:14.357488|txsPreStore-0x0000765edc5f26c0|[TOOL]LedgerConfigFetcher: fetchBlockNumber success,blockNumber=36
info|2026-02-06 15:43:14.357540|txsPreStore-0x0000765edc5f26c0|[TXPOOL]storeVerifiedBlock,consNum=37,hash=0d257497...,txsSize=1
info|2026-02-06 15:43:14.357574|txsPreStore-0x0000765edc5f26c0|[LEDGER]asyncPreStoreBlockTxs: needStoreUnsavedTxs,txsSize=1,unstoredTxs=1,number=37
info|2026-02-06 15:43:14.358611|txsPreStore-0x0000765edc5f26c0|[STORAGE-RocksDB]setRows finished,put=1,dataSize=681,time(ms)=1
info|2026-02-06 15:43:14.358704|txsPreStore-0x0000765edc5f26c0|[LEDGER]asyncPreStoreBlockTxs: store uncommitted txs,blockNumber=37,blockTxsSize=1,unStoredTxs=1,msg=success,code=0,timeCost=1
info|2026-02-06 15:43:14.358719|txsPreStore-0x0000765edc5f26c0|[TXPOOL]storeVerifiedBlock success,consNum=37,hash=0d257497...,timecost=1
info|2026-02-06 15:43:14.358742|pbft-0x0000765ebedfb6c0|[CONSENSUS][PBFT]addPrepareCache,reqHash=0d257497...,reqIndex=37,reqV=3,fromIdx=0,wait(ms)=1,committedIndex=36,consNum=37,committedHash=8534088a...,view=3,toView=3,changeCycle=0,expectedCheckPoint=37,Idx=3,unsealedTxs=0,sealUntil=0,waitResealUntil=0,consensusTimeout=3000,nodeId=5b07d12d...,weight=2
info|2026-02-06 15:43:14.359269|pbft-0x0000765ebedfb6c0|[CONSENSUS][PBFT]addPrepareCache,reqHash=0d257497...,reqIndex=37,reqV=3,fromIdx=2,wait(ms)=2,committedIndex=36,consNum=37,committedHash=8534088a...,view=3,toView=3,changeCycle=0,expectedCheckPoint=37,Idx=3,unsealedTxs=0,sealUntil=0,waitResealUntil=0,consensusTimeout=3000,nodeId=5b07d12d...,weight=3
info|2026-02-06 15:43:14.359361|pbft-0x0000765ebedfb6c0|[CONSENSUS][PBFT]setSignatureList,signatureSize=3,propHash=0d257497...,propIndex=37
info|2026-02-06 15:43:14.359388|pbft-0x0000765ebedfb6c0|[CONSENSUS][PBFT]intoPrecommit,reqHash=0d257497...,reqIndex=37,reqV=3,fromIdx=3,wait(ms)=4,committedIndex=36,consNum=37,committedHash=8534088a...,view=3,toView=3,changeCycle=0,expectedCheckPoint=37,Idx=3,unsealedTxs=0,sealUntil=0,waitResealUntil=0,consensusTimeout=3000,nodeId=5b07d12d...
info|2026-02-06 15:43:14.359522|pbft-0x0000765ebedfb6c0|[CONSENSUS][PBFT]addCommitCache,reqHash=0d257497...,reqIndex=37,reqV=3,fromIdx=3,wait(ms)=0,committedIndex=36,consNum=37,committedHash=8534088a...,view=3,toView=3,changeCycle=0,expectedCheckPoint=37,Idx=3,unsealedTxs=0,sealUntil=0,waitResealUntil=0,consensusTimeout=3000,nodeId=5b07d12d...,weight=1
info|2026-02-06 15:43:14.359546|pbft-0x0000765ebedfb6c0|[CONSENSUS][PBFT]checkAndPreCommit: broadcast commitMsg,Idx=3,hash=0d257497...,index=37
info|2026-02-06 15:43:14.360783|pbft-0x0000765ebedfb6c0|[CONSENSUS][PBFT]addCommitCache,reqHash=0d257497...,reqIndex=37,reqV=3,fromIdx=2,wait(ms)=0,committedIndex=36,consNum=37,committedHash=8534088a...,view=3,toView=3,changeCycle=0,expectedCheckPoint=37,Idx=3,unsealedTxs=0,sealUntil=0,waitResealUntil=0,consensusTimeout=3000,nodeId=5b07d12d...,weight=2
info|2026-02-06 15:43:14.361201|pbft-0x0000765ebedfb6c0|[CONSENSUS][PBFT]addCommitCache,reqHash=0d257497...,reqIndex=37,reqV=3,fromIdx=0,wait(ms)=1,committedIndex=36,consNum=37,committedHash=8534088a...,view=3,toView=3,changeCycle=0,expectedCheckPoint=37,Idx=3,unsealedTxs=0,sealUntil=0,waitResealUntil=0,consensusTimeout=3000,nodeId=5b07d12d...,weight=3
info|2026-02-06 15:43:14.361288|pbft-0x0000765ebedfb6c0|[CONSENSUS][PBFT]checkAndCommit,propHash=0d257497...,propIndex=37,committedIndex=36,consNum=37,committedHash=8534088a...,view=3,toView=3,changeCycle=0,expectedCheckPoint=37,Idx=3,unsealedTxs=0,sealUntil=0,waitResealUntil=0,consensusTimeout=3000,nodeId=5b07d12d...
info|2026-02-06 15:43:14.361315|pbft-0x0000765ebedfb6c0|[CONSENSUS][PBFT]######## CommitProposal,propHash=0d257497...,propIndex=37,sys=false,committedIndex=36,consNum=37,committedHash=8534088a...,view=3,toView=3,changeCycle=0,expectedCheckPoint=37,Idx=3,unsealedTxs=0,sealUntil=0,waitResealUntil=0,consensusTimeout=3000,nodeId=5b07d12d...
info|2026-02-06 15:43:14.361347|pbft-0x0000765ebedfb6c0|[CONSENSUS][PBFT]notify to seal next proposal,nextProposalIndex=38
info|2026-02-06 15:43:14.361446|pbft-0x0000765ebedfb6c0|[CONSENSUS][PBFT]notify to seal next proposal,nextProposalIndex=38
info|2026-02-06 15:43:14.361458|pbft-0x0000765ebedfb6c0|[CONSENSUS][PBFT]applyStateMachine,index=37,hash=0d257497...,committedIndex=36,consNum=37,committedHash=8534088a...,view=3,toView=3,changeCycle=0,expectedCheckPoint=37,Idx=3,unsealedTxs=0,sealUntil=0,waitResealUntil=0,consensusTimeout=3000,nodeId=5b07d12d...,unAppliedProposals=0
info|2026-02-06 15:43:14.361730|preExeScheduler-0x0000765e7ca5f6c0|[SCHEDULER][METRIC][BlockTrace][blk-37]preExeBlock success,blockHeader.timestamp=1770363794354,metaTxCount=1,timeCost=0
info|2026-02-06 15:43:14.361826|exeScheduler-0x0000765e7c25e6c0|[SCHEDULER][METRIC][blk-37]ExecuteBlock request,gasLimit=3000000000,gasPrice=0x0,verify=false,signatureSize=0,txCount=0,metaTxCount=1,version=3.11.0,waitT=0
info|2026-02-06 15:43:14.361952|exeScheduler-0x0000765e7c25e6c0|[SCHEDULER][blk-37][BlockTrace]ExecuteBlock start,time(ms)=0
info|2026-02-06 15:43:14.362005|exeScheduler-0x0000765e7c25e6c0|[SCHEDULER][serialExecute][blk-37][BlockTrace]serialExecute execute block
info|2026-02-06 15:43:14.362017|exeScheduler-0x0000765e7c25e6c0|[SCHEDULER][serialExecute][blk-37][BlockTrace]serialExecute batch next block
info|2026-02-06 15:43:14.362027|exeScheduler-0x0000765e7c25e6c0|[SCHEDULER][blk-37][BlockTrace]NextBlock request,executorNum=1
info|2026-02-06 15:43:14.363695|exec-0x0000765ed35e06c0|[SCHEDULER][blk-37][BlockTrace]NextBlock success,executorNum=1,timeCost=1
info|2026-02-06 15:43:14.363765|exec-0x0000765ed35e06c0|[SCHEDULER][serialExecute][blk-37][BlockTrace]serialExecute block begin
info|2026-02-06 15:43:14.365589|exec-0x0000765ed25de6c0|[STORAGE-KeyPage]hash,size=24,blockVersion=51052544,readLength=6438,writeLength=0,pageCount=0,entrycount=0,entriesHash=0000000000000000000000000000000000000000000000000000000000000000,pagesHash=0000000000000000000000000000000000000000000000000000000000000000,totalHash=0000000000000000000000000000000000000000000000000000000000000000
info|2026-02-06 15:43:14.365745|exec-0x0000765ed25de6c0|[EXECUTOR:1770362656][blk-37]GetTableHashes success,hash=0000000000000000000000000000000000000000000000000000000000000000,time(ms)=0
info|2026-02-06 15:43:14.365907|exec-0x0000765ed25de6c0|[SCHEDULER][blk-37][BlockTrace]ExecuteBlock success,hash=1bf2395b...,stateRoot=0000000000000000000000000000000000000000000000000000000000000000,receiptRoot=c9d756c0db58bf88f88c89ebf379b5eef808d695ea81a0dc8a25b524b05b53f4,txsRoot=4ea3f163...,gasUsed=7883,signatureSize=0,timeCost=3,blockVersion=51052544
info|2026-02-06 15:43:14.365951|exec-0x0000765ed25de6c0|[CONSENSUS][Core][METRIC]asyncExecuteBlock success,sysBlock=false,number=37,result=1bf2395b...,txsSize=1,txsRoot=4ea3f163...,receiptsRoot=c9d756c0...,stateRoot=00000000...,timeCost=4,execPerTx=4
info|2026-02-06 15:43:14.366077|exec-0x0000765ed25de6c0|[CONSENSUS][PBFT]applyStateMachine finished,index=37,beforeExec=0d257497...,afterExec=1bf2395b...,committedIndex=36,consNum=37,committedHash=8534088a...,view=3,toView=3,changeCycle=0,expectedCheckPoint=37,Idx=3,unsealedTxs=0,sealUntil=0,waitResealUntil=0,consensusTimeout=3000,nodeId=5b07d12d...,timecost=5
info|2026-02-06 15:43:14.366218|pbftWorker-0x0000765ecbdd16c0|[CONSENSUS][PBFT][STORAGE]asyncCommitProposal: write the committed proposal into db,index=37
info|2026-02-06 15:43:14.366536|pbftWorker-0x0000765ecbdd16c0|[CONSENSUS][PBFT][STORAGE]asyncPutProposal: commit success,dbName=pbftCommitDB,key=max_committed_proposal,number=37,timecost=0,dataSize=2
info|2026-02-06 15:43:14.366674|pbftWorker-0x0000765ecbdd16c0|[CONSENSUS][PBFT][STORAGE]asyncPutProposal: commit success,dbName=pbftCommitDB,key=37,number=37,timecost=0,dataSize=675
info|2026-02-06 15:43:14.367218|pbftWorker-0x0000765ecbdd16c0|[CONSENSUS][PBFT]addCheckPointMsg,reqHash=1bf2395b...,reqIndex=37,reqV=3,fromIdx=3,wait(ms)=1,Idx=3,weight=1,minRequiredWeight=3
info|2026-02-06 15:43:14.367393|pbftWorker-0x0000765ecbdd16c0|[CONSENSUS][PBFT]setCheckPointProposal,propHash=1bf2395b...,propIndex=37,committedIndex=36,consNum=37,committedHash=8534088a...,view=3,toView=3,changeCycle=0,expectedCheckPoint=37,Idx=3,unsealedTxs=0,sealUntil=0,waitResealUntil=0,consensusTimeout=3000,nodeId=5b07d12d...
info|2026-02-06 15:43:14.367476|pbftWorker-0x0000765ecbdd16c0|[CONSENSUS][PBFT]PBFTConfig: setExpectedCheckPoint,committedIndex=36,consNum=37,committedHash=8534088a...,view=3,toView=3,changeCycle=0,expectedCheckPoint=38,Idx=3,unsealedTxs=0,sealUntil=0,waitResealUntil=0,consensusTimeout=3000,nodeId=5b07d12d...,expectedCheckPoint=38
info|2026-02-06 15:43:14.367508|pbftWorker-0x0000765ecbdd16c0|[CONSENSUS][PBFT]notify to seal next proposal,nextProposalIndex=38
info|2026-02-06 15:43:14.367523|pbftWorker-0x0000765ecbdd16c0|[CONSENSUS][PBFT]onProposalApplySuccess,index=37,hash=1bf2395b...,lockT=0,timecost=0
info|2026-02-06 15:43:14.371299|pbft-0x0000765ebedfb6c0|[CONSENSUS][PBFT]handleCheckPointMsg: try to add the checkpoint message into the cache,reqHash=1bf2395b...,reqIndex=37,reqV=3,fromIdx=0,wait(ms)=1,committedIndex=36,consNum=37,committedHash=8534088a...,view=3,toView=3,changeCycle=0,expectedCheckPoint=38,Idx=3,unsealedTxs=0,sealUntil=0,waitResealUntil=0,consensusTimeout=3000,nodeId=5b07d12d...
info|2026-02-06 15:43:14.371479|pbft-0x0000765ebedfb6c0|[CONSENSUS][PBFT]addCheckPointMsg,reqHash=1bf2395b...,reqIndex=37,reqV=3,fromIdx=0,wait(ms)=1,Idx=3,weight=2,minRequiredWeight=3
info|2026-02-06 15:43:14.371512|pbft-0x0000765ebedfb6c0|[CONSENSUS][PBFT]notify to seal next proposal,nextProposalIndex=38
info|2026-02-06 15:43:14.371885|pbft-0x0000765ebedfb6c0|[CONSENSUS][PBFT]handleCheckPointMsg: try to add the checkpoint message into the cache,reqHash=1bf2395b...,reqIndex=37,reqV=3,fromIdx=2,wait(ms)=1,committedIndex=36,consNum=37,committedHash=8534088a...,view=3,toView=3,changeCycle=0,expectedCheckPoint=38,Idx=3,unsealedTxs=0,sealUntil=0,waitResealUntil=0,consensusTimeout=3000,nodeId=5b07d12d...
info|2026-02-06 15:43:14.371970|pbft-0x0000765ebedfb6c0|[CONSENSUS][PBFT]addCheckPointMsg,reqHash=1bf2395b...,reqIndex=37,reqV=3,fromIdx=2,wait(ms)=1,Idx=3,weight=3,minRequiredWeight=3
info|2026-02-06 15:43:14.372003|pbft-0x0000765ebedfb6c0|[CONSENSUS][PBFT]notify to seal next proposal,nextProposalIndex=38
info|2026-02-06 15:43:14.372018|pbft-0x0000765ebedfb6c0|[CONSENSUS][PBFT]setSignatureList,signatureSize=3,propHash=1bf2395b...,propIndex=37
info|2026-02-06 15:43:14.372030|pbft-0x0000765ebedfb6c0|[CONSENSUS][PBFT]checkAndCommitStableCheckPoint,index=37,hash=1bf2395b...,committedIndex=36,consNum=37,committedHash=8534088a...,view=3,toView=3,changeCycle=0,expectedCheckPoint=38,Idx=3,unsealedTxs=0,sealUntil=0,waitResealUntil=0,consensusTimeout=3000,nodeId=5b07d12d...
info|2026-02-06 15:43:14.372050|pbft-0x0000765ebedfb6c0|[CONSENSUS][PBFT]updateStableCheckPointQueue: insert new checkpoint proposal,index=37,hash=1bf2395b...,committedIndex=36,consNum=37,committedHash=8534088a...,view=3,toView=3,changeCycle=0,expectedCheckPoint=38,Idx=3,unsealedTxs=0,sealUntil=0,waitResealUntil=0,consensusTimeout=3000,nodeId=5b07d12d...
info|2026-02-06 15:43:14.372062|pbft-0x0000765ebedfb6c0|[CONSENSUS][PBFT]updateStableCheckPointQueue: commit stable checkpoint,index=37,committedIndex=36
info|2026-02-06 15:43:14.372093|pbft-0x0000765ebedfb6c0|[CONSENSUS][PBFT]asyncCommitStableCheckPoint: set signatureList,index=37,hash=1bf2395b...,proofSize=3,blockProofSize=3
info|2026-02-06 15:43:14.372856|blockSubmit-0x0000765ecedd76c0|[SCHEDULER][blk-37][BlockTrace]CommitBlock start
info|2026-02-06 15:43:14.374402|blockSubmit-0x0000765ecedd76c0|[STORAGE-RocksDB]asyncPrepare,number=37
info|2026-02-06 15:43:14.375161|blockSubmit-0x0000765ecedd76c0|[STORAGE-RocksDB]asyncPrepare finished,blockNumber=37,put=7,delete=0,startTS=0,encode(ms)=0,time(ms)=0
info|2026-02-06 15:43:14.375335|blockSubmit-0x0000765ecedd76c0|[LEDGER]storeTransactionsAndReceipts,blockNumber=37
info|2026-02-06 15:43:14.375408|exec-0x0000765ed1ddd6c0|[STORAGE-RocksDB]asyncPrepare,number=37
info|2026-02-06 15:43:14.375515|exec-0x0000765ed1ddd6c0|[STORAGE-KeyPage]parallelTraverse,size=0
info|2026-02-06 15:43:14.375530|exec-0x0000765ed1ddd6c0|[STORAGE-RocksDB]asyncPrepare finished,blockNumber=37,put=0,delete=0,startTS=0,encode(ms)=0,time(ms)=0
info|2026-02-06 15:43:14.375543|exec-0x0000765ed1ddd6c0|[EXECUTOR:1770362656][blk-37]Prepare success
info|2026-02-06 15:43:14.375904|ledgerWrite-0x0000765ee2dff6c0|[STORAGE-RocksDB]setRows finished,put=1,dataSize=639,time(ms)=0
info|2026-02-06 15:43:14.376288|blockSubmit-0x0000765ecedd76c0|[LEDGER]storeTransactionsAndReceipts finished,blockNumber=37,blockTxsSize=1,unStoredTxs=0,timeCost=1
info|2026-02-06 15:43:14.376630|blockSubmit-0x0000765ecedd76c0|[STORAGE-RocksDB]asyncCommit finished,blockNumber=37,startTS=0,time(ms)=0,callback time(ms)=0,count=7
info|2026-02-06 15:43:14.376713|blockSubmit-0x0000765ecedd76c0|[LEDGER][METRIC]asyncPrewriteBlock,number=37,totalTxs=40,failedTxs=12,incTxs=1,incFailedTxs=0
info|2026-02-06 15:43:14.385077|exec-0x0000765ed15dc6c0|[TOOL]fetchCompatibilityVersion
info|2026-02-06 15:43:14.385425|exec-0x0000765ed15dc6c0|[TOOL]fetchCompatibilityVersion success,version=3.11.0,versionNumber=51052544,minSupportedVersion=3.0.0-rc4,maxSupportedVersion=3.11.0
info|2026-02-06 15:43:14.385550|exec-0x0000765ed15dc6c0|[TOOL]fetchAuthCheckStatus success,value=0
info|2026-02-06 15:43:14.385565|exec-0x0000765ed15dc6c0|[EXECUTOR:1770362656]merge keyPage to cachedStorage,number=37
info|2026-02-06 15:43:14.385634|exec-0x0000765ed15dc6c0|[STORAGE-KeyPage]parallelTraverse,size=0
info|2026-02-06 15:43:14.385645|exec-0x0000765ed15dc6c0|[STORAGE]Successful merged records,count=0
info|2026-02-06 15:43:14.390755|exec-0x0000765ed15dc6c0|[SCHEDULER][blk-37][BlockTrace]CommitBlock success,gas limit=3000000000,timeCost=18
info|2026-02-06 15:43:14.391250|exec-0x0000765ed15dc6c0|[SCHEDULER][BlockTrace]Notify block result success,blockNumber=37
info|2026-02-06 15:43:14.391318|exec-0x0000765ed15dc6c0|[CONSENSUS][PBFT][STORAGE][METRIC]commitStableCheckPoint success,index=37,hash=1bf2395b...,txs=1,timeCost=19,commitPerTx=19
info|2026-02-06 15:43:14.391466|submitter-0x0000765ee05fa6c0|[TXPOOL][METRIC]StatTPS,tps=13,totalTime=72
info|2026-02-06 15:43:14.391546|blockSubmit-0x0000765ecedd76c0|[CONSENSUS][PBFT][METRIC]resetConfig,committedIndex=37,propHash=1bf2395b...,blockCountLimit=1000,leaderPeriod=1,consensusNodesSize=4
info|2026-02-06 15:43:14.391821|exec-0x0000765ed15dc6c0|[SCHEDULER][blk-37]notify block result success,hash=1bf2395b...,txsSize=1
info|2026-02-06 15:43:14.391883|blockSubmit-0x0000765ecedd76c0|[CONSENSUS][PBFT][METRIC]^^^^^^^^Report,sealer=0,txs=1,committedIndex=37,consNum=38,committedHash=1bf2395b...,view=3,toView=3,changeCycle=0,expectedCheckPoint=38,Idx=3,unsealedTxs=0,sealUntil=0,waitResealUntil=0,consensusTimeout=3000,nodeId=5b07d12d...
info|2026-02-06 15:43:14.392043|blockSubmit-0x0000765ecedd76c0|[CONSENSUS][SEALER]asyncNoteLatestBlockNumber,number=37
info|2026-02-06 15:43:14.392099|exec-0x0000765ed15dc6c0|[STORAGE-RocksDB]asyncCommit finished,blockNumber=37,startTS=0,time(ms)=0,callback time(ms)=7,count=0
info|2026-02-06 15:43:14.392233|blockSubmit-0x0000765ecedd76c0|[CONSENSUS][SEALER]asyncNoteLatestBlockHash,_hash=1bf2395b...
info|2026-02-06 15:43:14.392315|blockSubmit-0x0000765ecedd76c0|[BLOCK SYNC]#### BlockSyncConfig resetConfig,number=37,consNodeSize=4,observerNodeSize=0,type=CONSENSUS_NODE
info|2026-02-06 15:43:14.393239|submitter-0x0000765ee05fa6c0|[TXPOOL][METRIC]batchRemove txs success,expectedSize=1,succCount=1,batchId=37,timecost=2,lockT=0,removeT=0,updateLedgerNonceT=0,updateTxPoolNonceT=0
info|2026-02-06 15:43:14.393291|blockSubmit-0x0000765ecedd76c0|[CONSENSUS][PBFT]notify to seal next proposal,nextProposalIndex=38
info|2026-02-06 15:43:14.395939|blockSubmit-0x0000765ecedd76c0|[CONSENSUS][PBFT]removeConsensusedCache finalizeConsensus,view=3,number=37,eraseSize=1,cacheSize=0
info|2026-02-06 15:43:14.396127|blockSubmit-0x0000765ecedd76c0|[CONSENSUS][PBFT][STORAGE]asyncRemoveStabledCheckPoint,index=32
info|2026-02-06 15:43:14.396245|blockSubmit-0x0000765ecedd76c0|[CONSENSUS][PBFT][STORAGE]asyncRemove success,dbName=pbftCommitDB,key=32
info|2026-02-06 15:43:14.935262|ioService-0x0000765ea0ffe6c0|[WS][SESSION][asyncRead],message=End of file,endpoint=127.0.0.1:45158,refCount=2
info|2026-02-06 15:43:14.935357|ioService-0x0000765ea0ffe6c0|[RPC][WS][SESSION][drop],reason=4294963295,endpoint=127.0.0.1:45158,session=0x765e9eaa9810
info|2026-02-06 15:43:14.935382|ioService-0x0000765ea0ffe6c0|[RPC][WS][SESSION][drop],reason=4294963295,endpoint=127.0.0.1:45158,cb size=0,session=0x765e9eaa9810
info|2026-02-06 15:43:14.935484|ioService-0x0000765ea0ffe6c0|[DEFAULT][WS][STREAM]the real action to close the stream,this=0x765e9ea60250
info|2026-02-06 15:43:14.935775|fisco-bcos-0x0000765ec75fe6c0|[RPC][WS][SERVICE][removeSession],endpoint=127.0.0.1:45158
info|2026-02-06 15:43:14.935854|fisco-bcos-0x0000765ec75fe6c0|[RPC][WS][SERVICE][onDisconnect],endpoint=127.0.0.1:45158,refCount=2
info|2026-02-06 15:43:14.935868|fisco-bcos-0x0000765ec75fe6c0|[RPC][WS][SESSION],[DELOBJ][WSSESSION]=0x765e9eaa9810
info|2026-02-06 15:43:14.935876|fisco-bcos-0x0000765ec75fe6c0|[DEFAULT][WS][STREAM],[DELOBJ][WsStream]=0x765e9ea60250
info|2026-02-06 15:43:15.233185|ioService-0x0000765e8d9f76c0|[DEFAULT][HTTP][SESSION][onRead]receive http request
info|2026-02-06 15:43:15.251164|ioService-0x0000765e8d9f76c0|[DEFAULT][HTTP][SESSION][onRead]receive http request
info|2026-02-06 15:43:15.274238|ioService-0x0000765e8d9f76c0|[DEFAULT][HTTP][SESSION][onRead]receive http request
info|2026-02-06 15:43:16.474835|objMonitor-0x0000765e8a1f06c0|[startMonitor][AliveObjectMonitor],AliveObjectAllocStat=[ type: bcos::gateway::Socket ,created: 11 ,destroyed: 7 ,alive: 4 ] [ type: bcos::gateway::ResponseCallback ,created: 17052 ,destroyed: 17046 ,alive: 6 ] 
info|2026-02-06 15:43:16.490609|ioService-0x0000765ebb5fd6c0|[P2PService][Service][METRIC]heartBeat,connected count=3
info|2026-02-06 15:43:16.494862|timerFactory-0x0000765e95bff6c0|[RPC][WS][SERVICE]connected nodes,count=0
info|2026-02-06 15:43:16.500933|timerFactory-0x0000765eaa3fe6c0|[RPC][WS][SERVICE]connected nodes,count=0
info|2026-02-06 15:43:18.233844|ioService-0x0000765e8d9f76c0|[DEFAULT][HTTP][SESSION][onRead]receive http request
info|2026-02-06 15:43:21.231676|ioService-0x0000765e8d9f76c0|[DEFAULT][HTTP][SESSION][onRead]receive http request
info|2026-02-06 15:43:24.231827|ioService-0x0000765e8d9f76c0|[DEFAULT][HTTP][SESSION][onRead]receive http request
info|2026-02-06 15:43:26.491178|ioService-0x0000765ebb5fd6c0|[P2PService][Service][METRIC]heartBeat,connected count=3
info|2026-02-06 15:43:26.495234|timerFactory-0x0000765e95bff6c0|[RPC][WS][SERVICE]connected nodes,count=0
info|2026-02-06 15:43:26.501298|timerFactory-0x0000765eaa3fe6c0|[RPC][WS][SERVICE]connected nodes,count=0
info|2026-02-06 15:43:27.233722|ioService-0x0000765e8d9f76c0|[DEFAULT][HTTP][SESSION][onRead]receive http request
info|2026-02-06 15:43:30.233594|ioService-0x0000765e8d9f76c0|[DEFAULT][HTTP][SESSION][onRead]receive http request
info|2026-02-06 15:43:33.234017|ioService-0x0000765e8d9f76c0|[DEFAULT][HTTP][SESSION][onRead]receive http request
info|2026-02-06 15:43:36.234995|ioService-0x0000765e8d9f76c0|[DEFAULT][HTTP][SESSION][onRead]receive http request
info|2026-02-06 15:43:36.491591|ioService-0x0000765ebb5fd6c0|[P2PService][Service][METRIC]heartBeat,connected count=3
info|2026-02-06 15:43:36.495715|timerFactory-0x0000765e95bff6c0|[RPC][WS][SERVICE]connected nodes,count=0
info|2026-02-06 15:43:36.501492|timerFactory-0x0000765eaa3fe6c0|[RPC][WS][SERVICE]connected nodes,count=0
info|2026-02-06 15:43:39.238118|ioService-0x0000765e8d9f76c0|[DEFAULT][HTTP][SESSION][onRead]receive http request
info|2026-02-06 15:43:42.234947|ioService-0x0000765e8d9f76c0|[DEFAULT][HTTP][SESSION][onRead]receive http request
info|2026-02-06 15:43:45.235007|ioService-0x0000765e8d9f76c0|[DEFAULT][HTTP][SESSION][onRead]receive http request
info|2026-02-06 15:43:46.491937|ioService-0x0000765ebb5fd6c0|[P2PService][Service][METRIC]heartBeat,connected count=3
info|2026-02-06 15:43:46.495929|timerFactory-0x0000765e95bff6c0|[RPC][WS][SERVICE]connected nodes,count=0
info|2026-02-06 15:43:46.501821|timerFactory-0x0000765eaa3fe6c0|[RPC][WS][SERVICE]connected nodes,count=0
info|2026-02-06 15:43:48.237157|ioService-0x0000765e8d9f76c0|[DEFAULT][HTTP][SESSION][onRead]receive http request
info|2026-02-06 15:43:51.236201|ioService-0x0000765e8d9f76c0|[DEFAULT][HTTP][SESSION][onRead]receive http request
info|2026-02-06 15:43:54.238138|ioService-0x0000765e8d9f76c0|[DEFAULT][HTTP][SESSION][onRead]receive http request
info|2026-02-06 15:43:56.492310|ioService-0x0000765ebb5fd6c0|[P2PService][Service][METRIC]heartBeat,connected count=3
info|2026-02-06 15:43:56.496203|timerFactory-0x0000765e95bff6c0|[RPC][WS][SERVICE]connected nodes,count=0
info|2026-02-06 15:43:56.502167|timerFactory-0x0000765eaa3fe6c0|[RPC][WS][SERVICE]connected nodes,count=0
info|2026-02-06 15:43:57.238783|ioService-0x0000765e8d9f76c0|[DEFAULT][HTTP][SESSION][onRead]receive http request
info|2026-02-06 15:44:00.240053|ioService-0x0000765e8d9f76c0|[DEFAULT][HTTP][SESSION][onRead]receive http request
info|2026-02-06 15:44:03.239286|ioService-0x0000765e8d9f76c0|[DEFAULT][HTTP][SESSION][onRead]receive http request
info|2026-02-06 15:44:06.240610|ioService-0x0000765e8d9f76c0|[DEFAULT][HTTP][SESSION][onRead]receive http request
info|2026-02-06 15:44:06.492637|ioService-0x0000765ebb5fd6c0|[P2PService][Service][METRIC]heartBeat,connected count=3
info|2026-02-06 15:44:06.496688|timerFactory-0x0000765e95bff6c0|[RPC][WS][SERVICE]connected nodes,count=0
info|2026-02-06 15:44:06.502698|timerFactory-0x0000765eaa3fe6c0|[RPC][WS][SERVICE]connected nodes,count=0
info|2026-02-06 15:44:09.240039|ioService-0x0000765e8d9f76c0|[DEFAULT][HTTP][SESSION][onRead]receive http request
info|2026-02-06 15:44:12.240744|ioService-0x0000765e8d9f76c0|[DEFAULT][HTTP][SESSION][onRead]receive http request
info|2026-02-06 15:44:15.164341|ioService-0x0000765e8d9f76c0|[DEFAULT][HTTP][SESSION][onRead]receive http request
warning|2026-02-06 15:44:15.164890|ioService-0x0000765e8d9f76c0|[DEFAULT][HTTP][SESSION]onRead exception,bytesSize=802,failed=Dynamic exception type: Json::LogicError
std::exception::what: in Json::Value::find(begin, end): requires objectValue or nullValue
info|2026-02-06 15:44:15.247224|ioService-0x0000765e93ffe6c0|[DEFAULT][HTTP][SERVER][accept],local_endpoint=127.0.0.1:8545,remote_endpoint=127.0.0.1:51948
info|2026-02-06 15:44:15.248003|ioService-0x0000765e8d1f66c0|[DEFAULT][HTTP][SESSION][onRead]receive http request
info|2026-02-06 15:44:16.475292|objMonitor-0x0000765e8a1f06c0|[startMonitor][AliveObjectMonitor],AliveObjectAllocStat=[ type: bcos::gateway::Socket ,created: 11 ,destroyed: 7 ,alive: 4 ] 
info|2026-02-06 15:44:16.493568|ioService-0x0000765ebb5fd6c0|[P2PService][Service][METRIC]heartBeat,connected count=3
info|2026-02-06 15:44:16.496954|timerFactory-0x0000765e95bff6c0|[RPC][WS][SERVICE]connected nodes,count=0
info|2026-02-06 15:44:16.503074|timerFactory-0x0000765eaa3fe6c0|[RPC][WS][SERVICE]connected nodes,count=0
info|2026-02-06 15:44:18.244272|ioService-0x0000765e8d1f66c0|[DEFAULT][HTTP][SESSION][onRead]receive http request
info|2026-02-06 15:44:21.243010|ioService-0x0000765e8d1f66c0|[DEFAULT][HTTP][SESSION][onRead]receive http request
info|2026-02-06 15:44:24.242783|ioService-0x0000765e8d1f66c0|[DEFAULT][HTTP][SESSION][onRead]receive http request
info|2026-02-06 15:44:26.494011|ioService-0x0000765ebb5fd6c0|[P2PService][Service][METRIC]heartBeat,connected count=3
info|2026-02-06 15:44:26.497183|timerFactory-0x0000765e95bff6c0|[RPC][WS][SERVICE]connected nodes,count=0
info|2026-02-06 15:44:26.503587|timerFactory-0x0000765eaa3fe6c0|[RPC][WS][SERVICE]connected nodes,count=0
info|2026-02-06 15:44:27.243144|ioService-0x0000765e8d1f66c0|[DEFAULT][HTTP][SESSION][onRead]receive http request
info|2026-02-06 15:44:30.242892|ioService-0x0000765e8d1f66c0|[DEFAULT][HTTP][SESSION][onRead]receive http request
info|2026-02-06 15:44:33.243003|ioService-0x0000765e8d1f66c0|[DEFAULT][HTTP][SESSION][onRead]receive http request
info|2026-02-06 15:44:36.245004|ioService-0x0000765e8d1f66c0|[DEFAULT][HTTP][SESSION][onRead]receive http request
info|2026-02-06 15:44:36.494203|ioService-0x0000765ebb5fd6c0|[P2PService][Service][METRIC]heartBeat,connected count=3
info|2026-02-06 15:44:36.497375|timerFactory-0x0000765e95bff6c0|[RPC][WS][SERVICE]connected nodes,count=0
info|2026-02-06 15:44:36.503741|timerFactory-0x0000765eaa3fe6c0|[RPC][WS][SERVICE]connected nodes,count=0
info|2026-02-06 15:44:39.244376|ioService-0x0000765e8d1f66c0|[DEFAULT][HTTP][SESSION][onRead]receive http request
info|2026-02-06 15:44:42.246490|ioService-0x0000765e8d1f66c0|[DEFAULT][HTTP][SESSION][onRead]receive http request
info|2026-02-06 15:44:45.245157|ioService-0x0000765e8d1f66c0|[DEFAULT][HTTP][SESSION][onRead]receive http request
info|2026-02-06 15:44:46.495105|ioService-0x0000765ebb5fd6c0|[P2PService][Service][METRIC]heartBeat,connected count=3
info|2026-02-06 15:44:46.497752|timerFactory-0x0000765e95bff6c0|[RPC][WS][SERVICE]connected nodes,count=0
info|2026-02-06 15:44:46.504401|timerFactory-0x0000765eaa3fe6c0|[RPC][WS][SERVICE]connected nodes,count=0
info|2026-02-06 15:44:48.246201|ioService-0x0000765e8d1f66c0|[DEFAULT][HTTP][SESSION][onRead]receive http request
info|2026-02-06 15:44:51.244478|ioService-0x0000765e8d1f66c0|[DEFAULT][HTTP][SESSION][onRead]receive http request
info|2026-02-06 15:44:54.244893|ioService-0x0000765e8d1f66c0|[DEFAULT][HTTP][SESSION][onRead]receive http request
info|2026-02-06 15:44:56.495593|ioService-0x0000765ebb5fd6c0|[P2PService][Service][METRIC]heartBeat,connected count=3
info|2026-02-06 15:44:56.498101|timerFactory-0x0000765e95bff6c0|[RPC][WS][SERVICE]connected nodes,count=0
info|2026-02-06 15:44:56.504888|timerFactory-0x0000765eaa3fe6c0|[RPC][WS][SERVICE]connected nodes,count=0
info|2026-02-06 15:44:57.247412|ioService-0x0000765e8d1f66c0|[DEFAULT][HTTP][SESSION][onRead]receive http request
info|2026-02-06 15:45:00.247053|ioService-0x0000765e8d1f66c0|[DEFAULT][HTTP][SESSION][onRead]receive http request
info|2026-02-06 15:45:03.245376|ioService-0x0000765e8d1f66c0|[DEFAULT][HTTP][SESSION][onRead]receive http request
info|2026-02-06 15:45:06.245069|ioService-0x0000765e8d1f66c0|[DEFAULT][HTTP][SESSION][onRead]receive http request
info|2026-02-06 15:45:06.495857|ioService-0x0000765ebb5fd6c0|[P2PService][Service][METRIC]heartBeat,connected count=3
info|2026-02-06 15:45:06.498287|timerFactory-0x0000765e95bff6c0|[RPC][WS][SERVICE]connected nodes,count=0
info|2026-02-06 15:45:06.505098|timerFactory-0x0000765eaa3fe6c0|[RPC][WS][SERVICE]connected nodes,count=0
info|2026-02-06 15:45:09.245369|ioService-0x0000765e8d1f66c0|[DEFAULT][HTTP][SESSION][onRead]receive http request
info|2026-02-06 15:45:12.246311|ioService-0x0000765e8d1f66c0|[DEFAULT][HTTP][SESSION][onRead]receive http request
info|2026-02-06 15:45:15.248952|ioService-0x0000765e8d1f66c0|[DEFAULT][HTTP][SESSION][onRead]receive http request
info|2026-02-06 15:45:16.475815|objMonitor-0x0000765e8a1f06c0|[startMonitor][AliveObjectMonitor],AliveObjectAllocStat=[ type: bcos::gateway::Socket ,created: 11 ,destroyed: 7 ,alive: 4 ] 
info|2026-02-06 15:45:16.496968|ioService-0x0000765ebb5fd6c0|[P2PService][Service][METRIC]heartBeat,connected count=3
info|2026-02-06 15:45:16.498409|timerFactory-0x0000765e95bff6c0|[RPC][WS][SERVICE]connected nodes,count=0
info|2026-02-06 15:45:16.505238|timerFactory-0x0000765eaa3fe6c0|[RPC][WS][SERVICE]connected nodes,count=0
info|2026-02-06 15:45:18.247319|ioService-0x0000765e8d1f66c0|[DEFAULT][HTTP][SESSION][onRead]receive http request
info|2026-02-06 15:45:21.247525|ioService-0x0000765e8d1f66c0|[DEFAULT][HTTP][SESSION][onRead]receive http request
info|2026-02-06 15:45:24.246974|ioService-0x0000765e8d1f66c0|[DEFAULT][HTTP][SESSION][onRead]receive http request
info|2026-02-06 15:45:26.497192|ioService-0x0000765ebb5fd6c0|[P2PService][Service][METRIC]heartBeat,connected count=3
info|2026-02-06 15:45:26.498765|timerFactory-0x0000765e95bff6c0|[RPC][WS][SERVICE]connected nodes,count=0
info|2026-02-06 15:45:26.505405|timerFactory-0x0000765eaa3fe6c0|[RPC][WS][SERVICE]connected nodes,count=0
info|2026-02-06 15:45:27.247140|ioService-0x0000765e8d1f66c0|[DEFAULT][HTTP][SESSION][onRead]receive http request
info|2026-02-06 15:45:30.247474|ioService-0x0000765e8d1f66c0|[DEFAULT][HTTP][SESSION][onRead]receive http request
info|2026-02-06 15:45:33.249242|ioService-0x0000765e8d1f66c0|[DEFAULT][HTTP][SESSION][onRead]receive http request
info|2026-02-06 15:45:36.249007|ioService-0x0000765e8d1f66c0|[DEFAULT][HTTP][SESSION][onRead]receive http request
info|2026-02-06 15:45:36.497499|ioService-0x0000765ebb5fd6c0|[P2PService][Service][METRIC]heartBeat,connected count=3
info|2026-02-06 15:45:36.498981|timerFactory-0x0000765e95bff6c0|[RPC][WS][SERVICE]connected nodes,count=0
info|2026-02-06 15:45:36.505518|timerFactory-0x0000765eaa3fe6c0|[RPC][WS][SERVICE]connected nodes,count=0
info|2026-02-06 15:45:39.248734|ioService-0x0000765e8d1f66c0|[DEFAULT][HTTP][SESSION][onRead]receive http request
info|2026-02-06 15:45:42.249089|ioService-0x0000765e8d1f66c0|[DEFAULT][HTTP][SESSION][onRead]receive http request
info|2026-02-06 15:45:45.254066|ioService-0x0000765e8d1f66c0|[DEFAULT][HTTP][SESSION][onRead]receive http request
info|2026-02-06 15:45:46.497820|ioService-0x0000765ebb5fd6c0|[P2PService][Service][METRIC]heartBeat,connected count=3
info|2026-02-06 15:45:46.499147|timerFactory-0x0000765e95bff6c0|[RPC][WS][SERVICE]connected nodes,count=0
info|2026-02-06 15:45:46.505856|timerFactory-0x0000765eaa3fe6c0|[RPC][WS][SERVICE]connected nodes,count=0
info|2026-02-06 15:45:48.250677|ioService-0x0000765e8d1f66c0|[DEFAULT][HTTP][SESSION][onRead]receive http request
info|2026-02-06 15:45:51.251193|ioService-0x0000765e8d1f66c0|[DEFAULT][HTTP][SESSION][onRead]receive http request
info|2026-02-06 15:45:54.251640|ioService-0x0000765e8d1f66c0|[DEFAULT][HTTP][SESSION][onRead]receive http request
info|2026-02-06 15:45:56.498047|ioService-0x0000765ebb5fd6c0|[P2PService][Service][METRIC]heartBeat,connected count=3
info|2026-02-06 15:45:56.499455|timerFactory-0x0000765e95bff6c0|[RPC][WS][SERVICE]connected nodes,count=0
info|2026-02-06 15:45:56.506055|timerFactory-0x0000765eaa3fe6c0|[RPC][WS][SERVICE]connected nodes,count=0
info|2026-02-06 15:45:57.251327|ioService-0x0000765e8d1f66c0|[DEFAULT][HTTP][SESSION][onRead]receive http request
info|2026-02-06 15:46:00.251632|ioService-0x0000765e8d1f66c0|[DEFAULT][HTTP][SESSION][onRead]receive http request
info|2026-02-06 15:46:03.251115|ioService-0x0000765e8d1f66c0|[DEFAULT][HTTP][SESSION][onRead]receive http request
info|2026-02-06 15:46:06.251445|ioService-0x0000765e8d1f66c0|[DEFAULT][HTTP][SESSION][onRead]receive http request
info|2026-02-06 15:46:06.498504|ioService-0x0000765ebb5fd6c0|[P2PService][Service][METRIC]heartBeat,connected count=3
info|2026-02-06 15:46:06.499699|timerFactory-0x0000765e95bff6c0|[RPC][WS][SERVICE]connected nodes,count=0
info|2026-02-06 15:46:06.506135|timerFactory-0x0000765eaa3fe6c0|[RPC][WS][SERVICE]connected nodes,count=0
info|2026-02-06 15:46:09.251710|ioService-0x0000765e8d1f66c0|[DEFAULT][HTTP][SESSION][onRead]receive http request
info|2026-02-06 15:46:12.252758|ioService-0x0000765e8d1f66c0|[DEFAULT][HTTP][SESSION][onRead]receive http request
info|2026-02-06 15:46:15.252526|ioService-0x0000765e8d1f66c0|[DEFAULT][HTTP][SESSION][onRead]receive http request
info|2026-02-06 15:46:16.476080|objMonitor-0x0000765e8a1f06c0|[startMonitor][AliveObjectMonitor],AliveObjectAllocStat=[ type: bcos::gateway::Socket ,created: 11 ,destroyed: 7 ,alive: 4 ] 
info|2026-02-06 15:46:16.498723|ioService-0x0000765ebb5fd6c0|[P2PService][Service][METRIC]heartBeat,connected count=3
info|2026-02-06 15:46:16.499879|timerFactory-0x0000765e95bff6c0|[RPC][WS][SERVICE]connected nodes,count=0
info|2026-02-06 15:46:16.506216|timerFactory-0x0000765eaa3fe6c0|[RPC][WS][SERVICE]connected nodes,count=0
info|2026-02-06 15:46:18.252031|ioService-0x0000765e8d1f66c0|[DEFAULT][HTTP][SESSION][onRead]receive http request
info|2026-02-06 15:46:21.252642|ioService-0x0000765e8d1f66c0|[DEFAULT][HTTP][SESSION][onRead]receive http request
info|2026-02-06 15:46:24.252749|ioService-0x0000765e8d1f66c0|[DEFAULT][HTTP][SESSION][onRead]receive http request
info|2026-02-06 15:46:26.498997|ioService-0x0000765ebb5fd6c0|[P2PService][Service][METRIC]heartBeat,connected count=3
info|2026-02-06 15:46:26.500027|timerFactory-0x0000765e95bff6c0|[RPC][WS][SERVICE]connected nodes,count=0
info|2026-02-06 15:46:26.506556|timerFactory-0x0000765eaa3fe6c0|[RPC][WS][SERVICE]connected nodes,count=0
info|2026-02-06 15:46:27.252529|ioService-0x0000765e8d1f66c0|[DEFAULT][HTTP][SESSION][onRead]receive http request
info|2026-02-06 15:46:30.251785|ioService-0x0000765e8d1f66c0|[DEFAULT][HTTP][SESSION][onRead]receive http request
info|2026-02-06 15:46:33.251803|ioService-0x0000765e8d1f66c0|[DEFAULT][HTTP][SESSION][onRead]receive http request
info|2026-02-06 15:46:36.251893|ioService-0x0000765e8d1f66c0|[DEFAULT][HTTP][SESSION][onRead]receive http request
info|2026-02-06 15:46:36.499280|ioService-0x0000765ebb5fd6c0|[P2PService][Service][METRIC]heartBeat,connected count=3
info|2026-02-06 15:46:36.500190|timerFactory-0x0000765e95bff6c0|[RPC][WS][SERVICE]connected nodes,count=0
info|2026-02-06 15:46:36.506779|timerFactory-0x0000765eaa3fe6c0|[RPC][WS][SERVICE]connected nodes,count=0
info|2026-02-06 15:46:39.252714|ioService-0x0000765e8d1f66c0|[DEFAULT][HTTP][SESSION][onRead]receive http request
info|2026-02-06 15:46:42.253286|ioService-0x0000765e8d1f66c0|[DEFAULT][HTTP][SESSION][onRead]receive http request
info|2026-02-06 15:46:45.252837|ioService-0x0000765e8d1f66c0|[DEFAULT][HTTP][SESSION][onRead]receive http request
info|2026-02-06 15:46:46.499515|ioService-0x0000765ebb5fd6c0|[P2PService][Service][METRIC]heartBeat,connected count=3
info|2026-02-06 15:46:46.500361|timerFactory-0x0000765e95bff6c0|[RPC][WS][SERVICE]connected nodes,count=0
info|2026-02-06 15:46:46.507290|timerFactory-0x0000765eaa3fe6c0|[RPC][WS][SERVICE]connected nodes,count=0
info|2026-02-06 15:46:48.253502|ioService-0x0000765e8d1f66c0|[DEFAULT][HTTP][SESSION][onRead]receive http request
info|2026-02-06 15:46:51.253645|ioService-0x0000765e8d1f66c0|[DEFAULT][HTTP][SESSION][onRead]receive http request
info|2026-02-06 15:46:54.254004|ioService-0x0000765e8d1f66c0|[DEFAULT][HTTP][SESSION][onRead]receive http request
info|2026-02-06 15:46:56.499878|ioService-0x0000765ebb5fd6c0|[P2PService][Service][METRIC]heartBeat,connected count=3
info|2026-02-06 15:46:56.500604|timerFactory-0x0000765e95bff6c0|[RPC][WS][SERVICE]connected nodes,count=0
info|2026-02-06 15:46:56.507489|timerFactory-0x0000765eaa3fe6c0|[RPC][WS][SERVICE]connected nodes,count=0
info|2026-02-06 15:46:57.254636|ioService-0x0000765e8d1f66c0|[DEFAULT][HTTP][SESSION][onRead]receive http request
info|2026-02-06 15:47:00.255582|ioService-0x0000765e8d1f66c0|[DEFAULT][HTTP][SESSION][onRead]receive http request
info|2026-02-06 15:47:03.254040|ioService-0x0000765e8d1f66c0|[DEFAULT][HTTP][SESSION][onRead]receive http request
info|2026-02-06 15:47:06.255051|ioService-0x0000765e8d1f66c0|[DEFAULT][HTTP][SESSION][onRead]receive http request
info|2026-02-06 15:47:06.500188|ioService-0x0000765ebb5fd6c0|[P2PService][Service][METRIC]heartBeat,connected count=3
info|2026-02-06 15:47:06.501099|timerFactory-0x0000765e95bff6c0|[RPC][WS][SERVICE]connected nodes,count=0
info|2026-02-06 15:47:06.508734|timerFactory-0x0000765eaa3fe6c0|[RPC][WS][SERVICE]connected nodes,count=0
info|2026-02-06 15:47:09.254262|ioService-0x0000765e8d1f66c0|[DEFAULT][HTTP][SESSION][onRead]receive http request
info|2026-02-06 15:47:10.470990|ioService-0x0000765e8d9f76c0|[DEFAULT][HTTP][STREAM]close the stream,this=0x765e92829970
info|2026-02-06 15:47:10.471051|ioService-0x0000765e8e1f86c0|[DEFAULT][HTTP][STREAM]close the stream,this=0x765e92829880
info|2026-02-06 15:47:10.471140|ioService-0x0000765e8d1f66c0|[DEFAULT][HTTP][STREAM]close the stream,this=0x765e92829a60
info|2026-02-06 15:47:10.471292|ioService-0x0000765e901fc6c0|[DEFAULT][HTTP][STREAM]close the stream,this=0x765e928294c0
info|2026-02-06 15:47:10.471393|ioService-0x0000765e8f1fa6c0|[DEFAULT][HTTP][STREAM]close the stream,this=0x765e928296a0
info|2026-02-06 15:47:10.471540|ioService-0x0000765e8f9fb6c0|[DEFAULT][HTTP][STREAM]close the stream,this=0x765e928295b0
info|2026-02-06 15:47:10.471710|ioService-0x0000765e8e9f96c0|[DEFAULT][HTTP][STREAM]close the stream,this=0x765e92829790
info|2026-02-06 15:47:16.476418|objMonitor-0x0000765e8a1f06c0|[startMonitor][AliveObjectMonitor],AliveObjectAllocStat=[ type: bcos::gateway::Socket ,created: 11 ,destroyed: 7 ,alive: 4 ] 
info|2026-02-06 15:47:16.500473|ioService-0x0000765ebb5fd6c0|[P2PService][Service][METRIC]heartBeat,connected count=3
info|2026-02-06 15:47:16.501420|timerFactory-0x0000765e95bff6c0|[RPC][WS][SERVICE]connected nodes,count=0
info|2026-02-06 15:47:16.508959|timerFactory-0x0000765eaa3fe6c0|[RPC][WS][SERVICE]connected nodes,count=0
info|2026-02-06 15:47:18.330481|ioService-0x0000765e93ffe6c0|[DEFAULT][HTTP][SERVER][accept],local_endpoint=127.0.0.1:8545,remote_endpoint=127.0.0.1:37852
info|2026-02-06 15:47:18.332234|ioService-0x0000765e8c9f56c0|[DEFAULT][HTTP][SESSION][onRead]receive http request
info|2026-02-06 15:47:21.442327|ioService-0x0000765e8c9f56c0|[DEFAULT][HTTP][SESSION][onRead]receive http request
info|2026-02-06 15:47:21.491248|ioService-0x0000765e8c9f56c0|[DEFAULT][HTTP][SESSION][onRead]receive http request
warning|2026-02-06 15:47:21.491491|ioService-0x0000765e8c9f56c0|[DEFAULT][HTTP][SESSION]onRead exception,bytesSize=1129,failed=Dynamic exception type: Json::LogicError
std::exception::what: in Json::Value::find(begin, end): requires objectValue or nullValue
info|2026-02-06 15:47:21.514116|ioService-0x0000765e93ffe6c0|[DEFAULT][HTTP][SERVER][accept],local_endpoint=127.0.0.1:8545,remote_endpoint=127.0.0.1:37866
info|2026-02-06 15:47:21.514833|ioService-0x0000765e8c1f46c0|[DEFAULT][HTTP][SESSION][onRead]receive http request
warning|2026-02-06 15:47:21.514944|ioService-0x0000765e8c1f46c0|[DEFAULT][HTTP][SESSION]onRead exception,bytesSize=800,failed=Dynamic exception type: Json::LogicError
std::exception::what: in Json::Value::find(begin, end): requires objectValue or nullValue
info|2026-02-06 15:47:21.534387|ioService-0x0000765e93ffe6c0|[DEFAULT][HTTP][SERVER][accept],local_endpoint=127.0.0.1:8545,remote_endpoint=127.0.0.1:37876
info|2026-02-06 15:47:21.534913|ioService-0x0000765e8b9f36c0|[DEFAULT][HTTP][SESSION][onRead]receive http request
warning|2026-02-06 15:47:21.535044|ioService-0x0000765e8b9f36c0|[DEFAULT][HTTP][SESSION]onRead exception,bytesSize=1130,failed=Dynamic exception type: Json::LogicError
std::exception::what: in Json::Value::find(begin, end): requires objectValue or nullValue
info|2026-02-06 15:47:21.552180|ioService-0x0000765e93ffe6c0|[DEFAULT][HTTP][SERVER][accept],local_endpoint=127.0.0.1:8545,remote_endpoint=127.0.0.1:37888
info|2026-02-06 15:47:21.552653|ioService-0x0000765e8b1f26c0|[DEFAULT][HTTP][SESSION][onRead]receive http request
warning|2026-02-06 15:47:21.552761|ioService-0x0000765e8b1f26c0|[DEFAULT][HTTP][SESSION]onRead exception,bytesSize=1132,failed=Dynamic exception type: Json::LogicError
std::exception::what: in Json::Value::find(begin, end): requires objectValue or nullValue
info|2026-02-06 15:47:21.568095|ioService-0x0000765e93ffe6c0|[DEFAULT][HTTP][SERVER][accept],local_endpoint=127.0.0.1:8545,remote_endpoint=127.0.0.1:37896
info|2026-02-06 15:47:21.568426|ioService-0x0000765e8a9f16c0|[DEFAULT][HTTP][SESSION][onRead]receive http request
warning|2026-02-06 15:47:21.568527|ioService-0x0000765e8a9f16c0|[DEFAULT][HTTP][SESSION]onRead exception,bytesSize=1463,failed=Dynamic exception type: Json::LogicError
std::exception::what: in Json::Value::find(begin, end): requires objectValue or nullValue
info|2026-02-06 15:47:24.442128|ioService-0x0000765e93ffe6c0|[DEFAULT][HTTP][SERVER][accept],local_endpoint=127.0.0.1:8545,remote_endpoint=127.0.0.1:35510
info|2026-02-06 15:47:24.442718|ioService-0x0000765e953fe6c0|[DEFAULT][HTTP][SESSION][onRead]receive http request
info|2026-02-06 15:47:26.500758|ioService-0x0000765ebb5fd6c0|[P2PService][Service][METRIC]heartBeat,connected count=3
info|2026-02-06 15:47:26.501647|timerFactory-0x0000765e95bff6c0|[RPC][WS][SERVICE]connected nodes,count=0
info|2026-02-06 15:47:26.509144|timerFactory-0x0000765eaa3fe6c0|[RPC][WS][SERVICE]connected nodes,count=0
info|2026-02-06 15:47:27.442354|ioService-0x0000765e953fe6c0|[DEFAULT][HTTP][SESSION][onRead]receive http request
info|2026-02-06 15:47:30.441654|ioService-0x0000765e953fe6c0|[DEFAULT][HTTP][SESSION][onRead]receive http request
info|2026-02-06 15:47:33.442122|ioService-0x0000765e953fe6c0|[DEFAULT][HTTP][SESSION][onRead]receive http request
info|2026-02-06 15:47:36.442291|ioService-0x0000765e953fe6c0|[DEFAULT][HTTP][SESSION][onRead]receive http request
info|2026-02-06 15:47:36.501045|ioService-0x0000765ebb5fd6c0|[P2PService][Service][METRIC]heartBeat,connected count=3
info|2026-02-06 15:47:36.501796|timerFactory-0x0000765e95bff6c0|[RPC][WS][SERVICE]connected nodes,count=0
info|2026-02-06 15:47:36.509393|timerFactory-0x0000765eaa3fe6c0|[RPC][WS][SERVICE]connected nodes,count=0
info|2026-02-06 15:47:39.441810|ioService-0x0000765e953fe6c0|[DEFAULT][HTTP][SESSION][onRead]receive http request
info|2026-02-06 15:47:42.381721|ioService-0x0000765e953fe6c0|[DEFAULT][HTTP][SESSION][onRead]receive http request
warning|2026-02-06 15:47:42.382297|ioService-0x0000765e953fe6c0|[DEFAULT][HTTP][SESSION]onRead exception,bytesSize=802,failed=Dynamic exception type: Json::LogicError
std::exception::what: in Json::Value::find(begin, end): requires objectValue or nullValue
info|2026-02-06 15:47:42.443836|ioService-0x0000765e93ffe6c0|[DEFAULT][HTTP][SERVER][accept],local_endpoint=127.0.0.1:8545,remote_endpoint=127.0.0.1:59940
info|2026-02-06 15:47:42.445714|ioService-0x0000765e947ff6c0|[DEFAULT][HTTP][SESSION][onRead]receive http request
info|2026-02-06 15:47:45.442647|ioService-0x0000765e947ff6c0|[DEFAULT][HTTP][SESSION][onRead]receive http request
info|2026-02-06 15:47:46.501334|ioService-0x0000765ebb5fd6c0|[P2PService][Service][METRIC]heartBeat,connected count=3
info|2026-02-06 15:47:46.502138|timerFactory-0x0000765e95bff6c0|[RPC][WS][SERVICE]connected nodes,count=0
info|2026-02-06 15:47:46.509596|timerFactory-0x0000765eaa3fe6c0|[RPC][WS][SERVICE]connected nodes,count=0
info|2026-02-06 15:47:48.442715|ioService-0x0000765e947ff6c0|[DEFAULT][HTTP][SESSION][onRead]receive http request
info|2026-02-06 15:47:51.443156|ioService-0x0000765e947ff6c0|[DEFAULT][HTTP][SESSION][onRead]receive http request
info|2026-02-06 15:47:54.443121|ioService-0x0000765e947ff6c0|[DEFAULT][HTTP][SESSION][onRead]receive http request
info|2026-02-06 15:47:56.501648|ioService-0x0000765ebb5fd6c0|[P2PService][Service][METRIC]heartBeat,connected count=3
info|2026-02-06 15:47:56.502335|timerFactory-0x0000765e95bff6c0|[RPC][WS][SERVICE]connected nodes,count=0
info|2026-02-06 15:47:56.509752|timerFactory-0x0000765eaa3fe6c0|[RPC][WS][SERVICE]connected nodes,count=0
info|2026-02-06 15:47:57.442500|ioService-0x0000765e947ff6c0|[DEFAULT][HTTP][SESSION][onRead]receive http request
info|2026-02-06 15:48:00.443267|ioService-0x0000765e947ff6c0|[DEFAULT][HTTP][SESSION][onRead]receive http request
info|2026-02-06 15:48:03.442486|ioService-0x0000765e947ff6c0|[DEFAULT][HTTP][SESSION][onRead]receive http request
info|2026-02-06 15:48:06.442394|ioService-0x0000765e947ff6c0|[DEFAULT][HTTP][SESSION][onRead]receive http request
info|2026-02-06 15:48:06.501930|ioService-0x0000765ebb5fd6c0|[P2PService][Service][METRIC]heartBeat,connected count=3
info|2026-02-06 15:48:06.502724|timerFactory-0x0000765e95bff6c0|[RPC][WS][SERVICE]connected nodes,count=0
info|2026-02-06 15:48:06.509938|timerFactory-0x0000765eaa3fe6c0|[RPC][WS][SERVICE]connected nodes,count=0
info|2026-02-06 15:48:09.443500|ioService-0x0000765e947ff6c0|[DEFAULT][HTTP][SESSION][onRead]receive http request
info|2026-02-06 15:48:12.443641|ioService-0x0000765e947ff6c0|[DEFAULT][HTTP][SESSION][onRead]receive http request
info|2026-02-06 15:48:15.444402|ioService-0x0000765e947ff6c0|[DEFAULT][HTTP][SESSION][onRead]receive http request
info|2026-02-06 15:48:16.481012|objMonitor-0x0000765e8a1f06c0|[startMonitor][AliveObjectMonitor],AliveObjectAllocStat=[ type: bcos::gateway::Socket ,created: 11 ,destroyed: 7 ,alive: 4 ] 
info|2026-02-06 15:48:16.502185|ioService-0x0000765ebb5fd6c0|[P2PService][Service][METRIC]heartBeat,connected count=3
info|2026-02-06 15:48:16.502882|timerFactory-0x0000765e95bff6c0|[RPC][WS][SERVICE]connected nodes,count=0
info|2026-02-06 15:48:16.510162|timerFactory-0x0000765eaa3fe6c0|[RPC][WS][SERVICE]connected nodes,count=0
info|2026-02-06 15:48:18.447667|ioService-0x0000765e947ff6c0|[DEFAULT][HTTP][SESSION][onRead]receive http request
info|2026-02-06 15:48:21.444443|ioService-0x0000765e947ff6c0|[DEFAULT][HTTP][SESSION][onRead]receive http request
info|2026-02-06 15:48:24.446898|ioService-0x0000765e947ff6c0|[DEFAULT][HTTP][SESSION][onRead]receive http request
info|2026-02-06 15:48:26.502520|ioService-0x0000765ebb5fd6c0|[P2PService][Service][METRIC]heartBeat,connected count=3
info|2026-02-06 15:48:26.503233|timerFactory-0x0000765e95bff6c0|[RPC][WS][SERVICE]connected nodes,count=0
info|2026-02-06 15:48:26.510543|timerFactory-0x0000765eaa3fe6c0|[RPC][WS][SERVICE]connected nodes,count=0
info|2026-02-06 15:48:27.447395|ioService-0x0000765e947ff6c0|[DEFAULT][HTTP][SESSION][onRead]receive http request
info|2026-02-06 15:48:30.446652|ioService-0x0000765e947ff6c0|[DEFAULT][HTTP][SESSION][onRead]receive http request
info|2026-02-06 15:48:33.446731|ioService-0x0000765e947ff6c0|[DEFAULT][HTTP][SESSION][onRead]receive http request
info|2026-02-06 15:48:36.446566|ioService-0x0000765e947ff6c0|[DEFAULT][HTTP][SESSION][onRead]receive http request
info|2026-02-06 15:48:36.502750|ioService-0x0000765ebb5fd6c0|[P2PService][Service][METRIC]heartBeat,connected count=3
info|2026-02-06 15:48:36.503425|timerFactory-0x0000765e95bff6c0|[RPC][WS][SERVICE]connected nodes,count=0
info|2026-02-06 15:48:36.510716|timerFactory-0x0000765eaa3fe6c0|[RPC][WS][SERVICE]connected nodes,count=0
info|2026-02-06 15:48:39.447119|ioService-0x0000765e947ff6c0|[DEFAULT][HTTP][SESSION][onRead]receive http request
info|2026-02-06 15:48:42.446565|ioService-0x0000765e947ff6c0|[DEFAULT][HTTP][SESSION][onRead]receive http request
info|2026-02-06 15:48:45.446698|ioService-0x0000765e947ff6c0|[DEFAULT][HTTP][SESSION][onRead]receive http request
info|2026-02-06 15:48:46.502958|ioService-0x0000765ebb5fd6c0|[P2PService][Service][METRIC]heartBeat,connected count=3
info|2026-02-06 15:48:46.503572|timerFactory-0x0000765e95bff6c0|[RPC][WS][SERVICE]connected nodes,count=0
info|2026-02-06 15:48:46.510849|timerFactory-0x0000765eaa3fe6c0|[RPC][WS][SERVICE]connected nodes,count=0
info|2026-02-06 15:48:48.447740|ioService-0x0000765e947ff6c0|[DEFAULT][HTTP][SESSION][onRead]receive http request
info|2026-02-06 15:48:51.447949|ioService-0x0000765e947ff6c0|[DEFAULT][HTTP][SESSION][onRead]receive http request
info|2026-02-06 15:48:54.447645|ioService-0x0000765e947ff6c0|[DEFAULT][HTTP][SESSION][onRead]receive http request
info|2026-02-06 15:48:56.503153|ioService-0x0000765ebb5fd6c0|[P2PService][Service][METRIC]heartBeat,connected count=3
info|2026-02-06 15:48:56.503710|timerFactory-0x0000765e95bff6c0|[RPC][WS][SERVICE]connected nodes,count=0
info|2026-02-06 15:48:56.510974|timerFactory-0x0000765eaa3fe6c0|[RPC][WS][SERVICE]connected nodes,count=0
info|2026-02-06 15:48:57.446993|ioService-0x0000765e947ff6c0|[DEFAULT][HTTP][SESSION][onRead]receive http request
info|2026-02-06 15:49:00.446934|ioService-0x0000765e947ff6c0|[DEFAULT][HTTP][SESSION][onRead]receive http request
info|2026-02-06 15:49:03.447762|ioService-0x0000765e947ff6c0|[DEFAULT][HTTP][SESSION][onRead]receive http request
info|2026-02-06 15:49:06.447807|ioService-0x0000765e947ff6c0|[DEFAULT][HTTP][SESSION][onRead]receive http request
info|2026-02-06 15:49:06.503362|ioService-0x0000765ebb5fd6c0|[P2PService][Service][METRIC]heartBeat,connected count=3
info|2026-02-06 15:49:06.503862|timerFactory-0x0000765e95bff6c0|[RPC][WS][SERVICE]connected nodes,count=0
info|2026-02-06 15:49:06.511106|timerFactory-0x0000765eaa3fe6c0|[RPC][WS][SERVICE]connected nodes,count=0
info|2026-02-06 15:49:09.448003|ioService-0x0000765e947ff6c0|[DEFAULT][HTTP][SESSION][onRead]receive http request
info|2026-02-06 15:49:12.451228|ioService-0x0000765e947ff6c0|[DEFAULT][HTTP][SESSION][onRead]receive http request
info|2026-02-06 15:49:15.460193|ioService-0x0000765e947ff6c0|[DEFAULT][HTTP][SESSION][onRead]receive http request
info|2026-02-06 15:49:16.481206|objMonitor-0x0000765e8a1f06c0|[startMonitor][AliveObjectMonitor],AliveObjectAllocStat=[ type: bcos::gateway::Socket ,created: 11 ,destroyed: 7 ,alive: 4 ] 
info|2026-02-06 15:49:16.503598|ioService-0x0000765ebb5fd6c0|[P2PService][Service][METRIC]heartBeat,connected count=3
info|2026-02-06 15:49:16.503996|timerFactory-0x0000765e95bff6c0|[RPC][WS][SERVICE]connected nodes,count=0
info|2026-02-06 15:49:16.511287|timerFactory-0x0000765eaa3fe6c0|[RPC][WS][SERVICE]connected nodes,count=0
info|2026-02-06 15:49:18.451103|ioService-0x0000765e947ff6c0|[DEFAULT][HTTP][SESSION][onRead]receive http request
info|2026-02-06 15:49:21.452179|ioService-0x0000765e947ff6c0|[DEFAULT][HTTP][SESSION][onRead]receive http request
info|2026-02-06 15:49:24.451224|ioService-0x0000765e947ff6c0|[DEFAULT][HTTP][SESSION][onRead]receive http request
info|2026-02-06 15:49:26.503968|ioService-0x0000765ebb5fd6c0|[P2PService][Service][METRIC]heartBeat,connected count=3
info|2026-02-06 15:49:26.504166|timerFactory-0x0000765e95bff6c0|[RPC][WS][SERVICE]connected nodes,count=0
info|2026-02-06 15:49:26.511424|timerFactory-0x0000765eaa3fe6c0|[RPC][WS][SERVICE]connected nodes,count=0
info|2026-02-06 15:49:27.451022|ioService-0x0000765e947ff6c0|[DEFAULT][HTTP][SESSION][onRead]receive http request
info|2026-02-06 15:49:30.451574|ioService-0x0000765e947ff6c0|[DEFAULT][HTTP][SESSION][onRead]receive http request
info|2026-02-06 15:49:33.451130|ioService-0x0000765e947ff6c0|[DEFAULT][HTTP][SESSION][onRead]receive http request
info|2026-02-06 15:49:36.452401|ioService-0x0000765e947ff6c0|[DEFAULT][HTTP][SESSION][onRead]receive http request
info|2026-02-06 15:49:36.504179|ioService-0x0000765ebb5fd6c0|[P2PService][Service][METRIC]heartBeat,connected count=3
info|2026-02-06 15:49:36.504321|timerFactory-0x0000765e95bff6c0|[RPC][WS][SERVICE]connected nodes,count=0
info|2026-02-06 15:49:36.511601|timerFactory-0x0000765eaa3fe6c0|[RPC][WS][SERVICE]connected nodes,count=0
info|2026-02-06 15:49:39.453100|ioService-0x0000765e947ff6c0|[DEFAULT][HTTP][SESSION][onRead]receive http request
info|2026-02-06 15:49:42.453802|ioService-0x0000765e947ff6c0|[DEFAULT][HTTP][SESSION][onRead]receive http request
info|2026-02-06 15:49:45.453439|ioService-0x0000765e947ff6c0|[DEFAULT][HTTP][SESSION][onRead]receive http request
info|2026-02-06 15:49:46.504412|ioService-0x0000765ebb5fd6c0|[P2PService][Service][METRIC]heartBeat,connected count=3
info|2026-02-06 15:49:46.504578|timerFactory-0x0000765e95bff6c0|[RPC][WS][SERVICE]connected nodes,count=0
info|2026-02-06 15:49:46.511933|timerFactory-0x0000765eaa3fe6c0|[RPC][WS][SERVICE]connected nodes,count=0
info|2026-02-06 15:49:48.453051|ioService-0x0000765e947ff6c0|[DEFAULT][HTTP][SESSION][onRead]receive http request
info|2026-02-06 15:49:51.454381|ioService-0x0000765e947ff6c0|[DEFAULT][HTTP][SESSION][onRead]receive http request
info|2026-02-06 15:49:54.453902|ioService-0x0000765e947ff6c0|[DEFAULT][HTTP][SESSION][onRead]receive http request
info|2026-02-06 15:49:56.504672|ioService-0x0000765ebb5fd6c0|[P2PService][Service][METRIC]heartBeat,connected count=3
info|2026-02-06 15:49:56.504873|timerFactory-0x0000765e95bff6c0|[RPC][WS][SERVICE]connected nodes,count=0
info|2026-02-06 15:49:56.512067|timerFactory-0x0000765eaa3fe6c0|[RPC][WS][SERVICE]connected nodes,count=0
info|2026-02-06 15:49:57.453567|ioService-0x0000765e947ff6c0|[DEFAULT][HTTP][SESSION][onRead]receive http request
info|2026-02-06 15:50:00.452940|ioService-0x0000765e947ff6c0|[DEFAULT][HTTP][SESSION][onRead]receive http request
info|2026-02-06 15:50:03.456561|ioService-0x0000765e947ff6c0|[DEFAULT][HTTP][SESSION][onRead]receive http request
info|2026-02-06 15:50:06.454847|ioService-0x0000765e947ff6c0|[DEFAULT][HTTP][SESSION][onRead]receive http request
info|2026-02-06 15:50:06.504834|ioService-0x0000765ebb5fd6c0|[P2PService][Service][METRIC]heartBeat,connected count=3
info|2026-02-06 15:50:06.504970|timerFactory-0x0000765e95bff6c0|[RPC][WS][SERVICE]connected nodes,count=0
info|2026-02-06 15:50:06.512164|timerFactory-0x0000765eaa3fe6c0|[RPC][WS][SERVICE]connected nodes,count=0
info|2026-02-06 15:50:09.455498|ioService-0x0000765e947ff6c0|[DEFAULT][HTTP][SESSION][onRead]receive http request
info|2026-02-06 15:50:12.455435|ioService-0x0000765e947ff6c0|[DEFAULT][HTTP][SESSION][onRead]receive http request
info|2026-02-06 15:50:15.455804|ioService-0x0000765e947ff6c0|[DEFAULT][HTTP][SESSION][onRead]receive http request
info|2026-02-06 15:50:16.481395|objMonitor-0x0000765e8a1f06c0|[startMonitor][AliveObjectMonitor],AliveObjectAllocStat=[ type: bcos::gateway::Socket ,created: 11 ,destroyed: 7 ,alive: 4 ] [ type: bcos::gateway::ResponseCallback ,created: 23323 ,destroyed: 23319 ,alive: 4 ] 
info|2026-02-06 15:50:16.505043|ioService-0x0000765ebb5fd6c0|[P2PService][Service][METRIC]heartBeat,connected count=3
info|2026-02-06 15:50:16.505133|timerFactory-0x0000765e95bff6c0|[RPC][WS][SERVICE]connected nodes,count=0
info|2026-02-06 15:50:16.512299|timerFactory-0x0000765eaa3fe6c0|[RPC][WS][SERVICE]connected nodes,count=0
info|2026-02-06 15:50:18.457882|ioService-0x0000765e947ff6c0|[DEFAULT][HTTP][SESSION][onRead]receive http request
info|2026-02-06 15:50:21.457982|ioService-0x0000765e947ff6c0|[DEFAULT][HTTP][SESSION][onRead]receive http request
info|2026-02-06 15:50:24.459688|ioService-0x0000765e947ff6c0|[DEFAULT][HTTP][SESSION][onRead]receive http request
info|2026-02-06 15:50:26.505197|ioService-0x0000765ebb5fd6c0|[P2PService][Service][METRIC]heartBeat,connected count=3
info|2026-02-06 15:50:26.505309|timerFactory-0x0000765e95bff6c0|[RPC][WS][SERVICE]connected nodes,count=0
info|2026-02-06 15:50:26.512420|timerFactory-0x0000765eaa3fe6c0|[RPC][WS][SERVICE]connected nodes,count=0
info|2026-02-06 15:50:27.456837|ioService-0x0000765e947ff6c0|[DEFAULT][HTTP][SESSION][onRead]receive http request
info|2026-02-06 15:50:30.457725|ioService-0x0000765e947ff6c0|[DEFAULT][HTTP][SESSION][onRead]receive http request
info|2026-02-06 15:50:33.458849|ioService-0x0000765e947ff6c0|[DEFAULT][HTTP][SESSION][onRead]receive http request
info|2026-02-06 15:50:36.458939|ioService-0x0000765e947ff6c0|[DEFAULT][HTTP][SESSION][onRead]receive http request
info|2026-02-06 15:50:36.505406|timerFactory-0x0000765e95bff6c0|[RPC][WS][SERVICE]connected nodes,count=0
info|2026-02-06 15:50:36.505762|ioService-0x0000765ebb5fd6c0|[P2PService][Service][METRIC]heartBeat,connected count=3
info|2026-02-06 15:50:36.512570|timerFactory-0x0000765eaa3fe6c0|[RPC][WS][SERVICE]connected nodes,count=0
info|2026-02-06 15:50:39.458653|ioService-0x0000765e947ff6c0|[DEFAULT][HTTP][SESSION][onRead]receive http request
info|2026-02-06 15:50:42.458876|ioService-0x0000765e947ff6c0|[DEFAULT][HTTP][SESSION][onRead]receive http request
info|2026-02-06 15:50:45.459294|ioService-0x0000765e947ff6c0|[DEFAULT][HTTP][SESSION][onRead]receive http request
info|2026-02-06 15:50:46.505503|timerFactory-0x0000765e95bff6c0|[RPC][WS][SERVICE]connected nodes,count=0
info|2026-02-06 15:50:46.505894|ioService-0x0000765ebb5fd6c0|[P2PService][Service][METRIC]heartBeat,connected count=3
info|2026-02-06 15:50:46.512705|timerFactory-0x0000765eaa3fe6c0|[RPC][WS][SERVICE]connected nodes,count=0
info|2026-02-06 15:50:48.458363|ioService-0x0000765e947ff6c0|[DEFAULT][HTTP][SESSION][onRead]receive http request
info|2026-02-06 15:50:51.460072|ioService-0x0000765e947ff6c0|[DEFAULT][HTTP][SESSION][onRead]receive http request
info|2026-02-06 15:50:54.459617|ioService-0x0000765e947ff6c0|[DEFAULT][HTTP][SESSION][onRead]receive http request
info|2026-02-06 15:50:56.505636|timerFactory-0x0000765e95bff6c0|[RPC][WS][SERVICE]connected nodes,count=0
info|2026-02-06 15:50:56.506014|ioService-0x0000765ebb5fd6c0|[P2PService][Service][METRIC]heartBeat,connected count=3
info|2026-02-06 15:50:56.513052|timerFactory-0x0000765eaa3fe6c0|[RPC][WS][SERVICE]connected nodes,count=0
info|2026-02-06 15:50:57.461266|ioService-0x0000765e947ff6c0|[DEFAULT][HTTP][SESSION][onRead]receive http request
info|2026-02-06 15:51:00.459650|ioService-0x0000765e947ff6c0|[DEFAULT][HTTP][SESSION][onRead]receive http request
info|2026-02-06 15:51:03.459506|ioService-0x0000765e947ff6c0|[DEFAULT][HTTP][SESSION][onRead]receive http request
info|2026-02-06 15:51:06.459369|ioService-0x0000765e947ff6c0|[DEFAULT][HTTP][SESSION][onRead]receive http request
info|2026-02-06 15:51:06.505925|timerFactory-0x0000765e95bff6c0|[RPC][WS][SERVICE]connected nodes,count=0
info|2026-02-06 15:51:06.506151|ioService-0x0000765ebb5fd6c0|[P2PService][Service][METRIC]heartBeat,connected count=3
info|2026-02-06 15:51:06.513281|timerFactory-0x0000765eaa3fe6c0|[RPC][WS][SERVICE]connected nodes,count=0
info|2026-02-06 15:51:09.462813|ioService-0x0000765e947ff6c0|[DEFAULT][HTTP][SESSION][onRead]receive http request
info|2026-02-06 15:51:12.461435|ioService-0x0000765e947ff6c0|[DEFAULT][HTTP][SESSION][onRead]receive http request
info|2026-02-06 15:51:15.459521|ioService-0x0000765e947ff6c0|[DEFAULT][HTTP][SESSION][onRead]receive http request
info|2026-02-06 15:51:16.481640|objMonitor-0x0000765e8a1f06c0|[startMonitor][AliveObjectMonitor],AliveObjectAllocStat=[ type: bcos::gateway::Socket ,created: 11 ,destroyed: 7 ,alive: 4 ] 
info|2026-02-06 15:51:16.506245|timerFactory-0x0000765e95bff6c0|[RPC][WS][SERVICE]connected nodes,count=0
info|2026-02-06 15:51:16.506640|ioService-0x0000765ebb5fd6c0|[P2PService][Service][METRIC]heartBeat,connected count=3
info|2026-02-06 15:51:16.513696|timerFactory-0x0000765eaa3fe6c0|[RPC][WS][SERVICE]connected nodes,count=0
info|2026-02-06 15:51:18.460236|ioService-0x0000765e947ff6c0|[DEFAULT][HTTP][SESSION][onRead]receive http request
info|2026-02-06 15:51:21.460942|ioService-0x0000765e947ff6c0|[DEFAULT][HTTP][SESSION][onRead]receive http request
info|2026-02-06 15:51:24.460788|ioService-0x0000765e947ff6c0|[DEFAULT][HTTP][SESSION][onRead]receive http request
info|2026-02-06 15:51:26.506482|timerFactory-0x0000765e95bff6c0|[RPC][WS][SERVICE]connected nodes,count=0
info|2026-02-06 15:51:26.506937|ioService-0x0000765ebb5fd6c0|[P2PService][Service][METRIC]heartBeat,connected count=3
info|2026-02-06 15:51:26.513907|timerFactory-0x0000765eaa3fe6c0|[RPC][WS][SERVICE]connected nodes,count=0
info|2026-02-06 15:51:27.461793|ioService-0x0000765e947ff6c0|[DEFAULT][HTTP][SESSION][onRead]receive http request
info|2026-02-06 15:51:30.461648|ioService-0x0000765e947ff6c0|[DEFAULT][HTTP][SESSION][onRead]receive http request
info|2026-02-06 15:51:33.462008|ioService-0x0000765e947ff6c0|[DEFAULT][HTTP][SESSION][onRead]receive http request
info|2026-02-06 15:51:36.464876|ioService-0x0000765e947ff6c0|[DEFAULT][HTTP][SESSION][onRead]receive http request
info|2026-02-06 15:51:36.506629|timerFactory-0x0000765e95bff6c0|[RPC][WS][SERVICE]connected nodes,count=0
info|2026-02-06 15:51:36.507067|ioService-0x0000765ebb5fd6c0|[P2PService][Service][METRIC]heartBeat,connected count=3
info|2026-02-06 15:51:36.514031|timerFactory-0x0000765eaa3fe6c0|[RPC][WS][SERVICE]connected nodes,count=0
info|2026-02-06 15:51:39.461946|ioService-0x0000765e947ff6c0|[DEFAULT][HTTP][SESSION][onRead]receive http request
info|2026-02-06 15:51:42.462539|ioService-0x0000765e947ff6c0|[DEFAULT][HTTP][SESSION][onRead]receive http request
info|2026-02-06 15:51:45.465992|ioService-0x0000765e947ff6c0|[DEFAULT][HTTP][SESSION][onRead]receive http request
info|2026-02-06 15:51:46.506809|timerFactory-0x0000765e95bff6c0|[RPC][WS][SERVICE]connected nodes,count=0
info|2026-02-06 15:51:46.508150|ioService-0x0000765ebb5fd6c0|[P2PService][Service][METRIC]heartBeat,connected count=3
info|2026-02-06 15:51:46.514298|timerFactory-0x0000765eaa3fe6c0|[RPC][WS][SERVICE]connected nodes,count=0
info|2026-02-06 15:51:48.465532|ioService-0x0000765e947ff6c0|[DEFAULT][HTTP][SESSION][onRead]receive http request
info|2026-02-06 15:51:51.466527|ioService-0x0000765e947ff6c0|[DEFAULT][HTTP][SESSION][onRead]receive http request
info|2026-02-06 15:51:54.465483|ioService-0x0000765e947ff6c0|[DEFAULT][HTTP][SESSION][onRead]receive http request
info|2026-02-06 15:51:56.507013|timerFactory-0x0000765e95bff6c0|[RPC][WS][SERVICE]connected nodes,count=0
info|2026-02-06 15:51:56.508484|ioService-0x0000765ebb5fd6c0|[P2PService][Service][METRIC]heartBeat,connected count=3
info|2026-02-06 15:51:56.514494|timerFactory-0x0000765eaa3fe6c0|[RPC][WS][SERVICE]connected nodes,count=0
info|2026-02-06 15:51:57.466847|ioService-0x0000765e947ff6c0|[DEFAULT][HTTP][SESSION][onRead]receive http request
info|2026-02-06 15:51:57.633002|ioService-0x0000765e953fe6c0|[DEFAULT][HTTP][STREAM]close the stream,this=0x765e9282a000
info|2026-02-06 15:51:57.633113|ioService-0x0000765e8a9f16c0|[DEFAULT][HTTP][STREAM]close the stream,this=0x765e92829f10
info|2026-02-06 15:51:57.633261|ioService-0x0000765e8c9f56c0|[DEFAULT][HTTP][STREAM]close the stream,this=0x765e92829b50
info|2026-02-06 15:51:57.633227|ioService-0x0000765e8c1f46c0|[DEFAULT][HTTP][STREAM]close the stream,this=0x765e92829c40
info|2026-02-06 15:51:57.633323|ioService-0x0000765e8b9f36c0|[DEFAULT][HTTP][STREAM]close the stream,this=0x765e92829d30
info|2026-02-06 15:51:57.633468|ioService-0x0000765e8b1f26c0|[DEFAULT][HTTP][STREAM]close the stream,this=0x765e92829e20
info|2026-02-06 15:51:57.633543|ioService-0x0000765e947ff6c0|[DEFAULT][HTTP][STREAM]close the stream,this=0x765e9282a0f0
info|2026-02-06 15:52:06.508618|timerFactory-0x0000765e95bff6c0|[RPC][WS][SERVICE]connected nodes,count=0
info|2026-02-06 15:52:06.508765|ioService-0x0000765ebb5fd6c0|[P2PService][Service][METRIC]heartBeat,connected count=3
info|2026-02-06 15:52:06.514619|timerFactory-0x0000765eaa3fe6c0|[RPC][WS][SERVICE]connected nodes,count=0
info|2026-02-06 15:52:09.788610|ioService-0x0000765e93ffe6c0|[DEFAULT][HTTP][SERVER][accept],local_endpoint=127.0.0.1:8545,remote_endpoint=127.0.0.1:56412
info|2026-02-06 15:52:09.790504|ioService-0x0000765e93ffe6c0|[DEFAULT][HTTP][SESSION][onRead]receive http request
info|2026-02-06 15:52:12.926191|ioService-0x0000765e93ffe6c0|[DEFAULT][HTTP][SESSION][onRead]receive http request
info|2026-02-06 15:52:12.962900|ioService-0x0000765e93ffe6c0|[DEFAULT][HTTP][SESSION][onRead]receive http request
warning|2026-02-06 15:52:12.963098|ioService-0x0000765e93ffe6c0|[DEFAULT][HTTP][SESSION]onRead exception,bytesSize=800,failed=Dynamic exception type: Json::LogicError
std::exception::what: in Json::Value::find(begin, end): requires objectValue or nullValue
info|2026-02-06 15:52:12.981882|ioService-0x0000765e93ffe6c0|[DEFAULT][HTTP][SERVER][accept],local_endpoint=127.0.0.1:8545,remote_endpoint=127.0.0.1:56422
info|2026-02-06 15:52:12.988368|ioService-0x0000765e937fd6c0|[DEFAULT][HTTP][SESSION][onRead]receive http request
warning|2026-02-06 15:52:12.988509|ioService-0x0000765e937fd6c0|[DEFAULT][HTTP][SESSION]onRead exception,bytesSize=800,failed=Dynamic exception type: Json::LogicError
std::exception::what: in Json::Value::find(begin, end): requires objectValue or nullValue
info|2026-02-06 15:52:12.999958|ioService-0x0000765e93ffe6c0|[DEFAULT][HTTP][SERVER][accept],local_endpoint=127.0.0.1:8545,remote_endpoint=127.0.0.1:56438
info|2026-02-06 15:52:13.000368|ioService-0x0000765e927ff6c0|[DEFAULT][HTTP][SESSION][onRead]receive http request
warning|2026-02-06 15:52:13.000458|ioService-0x0000765e927ff6c0|[DEFAULT][HTTP][SESSION]onRead exception,bytesSize=800,failed=Dynamic exception type: Json::LogicError
std::exception::what: in Json::Value::find(begin, end): requires objectValue or nullValue
info|2026-02-06 15:52:13.021976|ioService-0x0000765e93ffe6c0|[DEFAULT][HTTP][SERVER][accept],local_endpoint=127.0.0.1:8545,remote_endpoint=127.0.0.1:56448
info|2026-02-06 15:52:13.022591|ioService-0x0000765e91bff6c0|[DEFAULT][HTTP][SESSION][onRead]receive http request
warning|2026-02-06 15:52:13.022696|ioService-0x0000765e91bff6c0|[DEFAULT][HTTP][SESSION]onRead exception,bytesSize=801,failed=Dynamic exception type: Json::LogicError
std::exception::what: in Json::Value::find(begin, end): requires objectValue or nullValue
info|2026-02-06 15:52:13.038644|ioService-0x0000765e93ffe6c0|[DEFAULT][HTTP][SERVER][accept],local_endpoint=127.0.0.1:8545,remote_endpoint=127.0.0.1:56462
info|2026-02-06 15:52:13.046873|ioService-0x0000765e913fe6c0|[DEFAULT][HTTP][SESSION][onRead]receive http request
warning|2026-02-06 15:52:13.047158|ioService-0x0000765e913fe6c0|[DEFAULT][HTTP][SESSION]onRead exception,bytesSize=1132,failed=Dynamic exception type: Json::LogicError
std::exception::what: in Json::Value::find(begin, end): requires objectValue or nullValue
info|2026-02-06 15:52:13.060289|ioService-0x0000765e93ffe6c0|[DEFAULT][HTTP][SERVER][accept],local_endpoint=127.0.0.1:8545,remote_endpoint=127.0.0.1:56470
info|2026-02-06 15:52:13.060719|ioService-0x0000765e90bfd6c0|[DEFAULT][HTTP][SESSION][onRead]receive http request
warning|2026-02-06 15:52:13.060863|ioService-0x0000765e90bfd6c0|[DEFAULT][HTTP][SESSION]onRead exception,bytesSize=1463,failed=Dynamic exception type: Json::LogicError
std::exception::what: in Json::Value::find(begin, end): requires objectValue or nullValue
info|2026-02-06 15:52:13.076883|ioService-0x0000765e93ffe6c0|[DEFAULT][HTTP][SERVER][accept],local_endpoint=127.0.0.1:8545,remote_endpoint=127.0.0.1:56482
info|2026-02-06 15:52:13.077177|ioService-0x0000765e901fc6c0|[DEFAULT][HTTP][SESSION][onRead]receive http request
warning|2026-02-06 15:52:13.077282|ioService-0x0000765e901fc6c0|[DEFAULT][HTTP][SESSION]onRead exception,bytesSize=802,failed=Dynamic exception type: Json::LogicError
std::exception::what: in Json::Value::find(begin, end): requires objectValue or nullValue
info|2026-02-06 15:52:15.928268|ioService-0x0000765e93ffe6c0|[DEFAULT][HTTP][SERVER][accept],local_endpoint=127.0.0.1:8545,remote_endpoint=127.0.0.1:50382
info|2026-02-06 15:52:15.928798|ioService-0x0000765e8f9fb6c0|[DEFAULT][HTTP][SESSION][onRead]receive http request
info|2026-02-06 15:52:16.485286|objMonitor-0x0000765e8a1f06c0|[startMonitor][AliveObjectMonitor],AliveObjectAllocStat=[ type: bcos::gateway::Socket ,created: 11 ,destroyed: 7 ,alive: 4 ] 
info|2026-02-06 15:52:16.508911|timerFactory-0x0000765e95bff6c0|[RPC][WS][SERVICE]connected nodes,count=0
info|2026-02-06 15:52:16.509289|ioService-0x0000765ebb5fd6c0|[P2PService][Service][METRIC]heartBeat,connected count=3
info|2026-02-06 15:52:16.514797|timerFactory-0x0000765eaa3fe6c0|[RPC][WS][SERVICE]connected nodes,count=0
info|2026-02-06 15:52:18.928681|ioService-0x0000765e8f9fb6c0|[DEFAULT][HTTP][SESSION][onRead]receive http request
info|2026-02-06 15:52:21.930661|ioService-0x0000765e8f9fb6c0|[DEFAULT][HTTP][SESSION][onRead]receive http request
info|2026-02-06 15:52:24.928503|ioService-0x0000765e8f9fb6c0|[DEFAULT][HTTP][SESSION][onRead]receive http request
info|2026-02-06 15:52:26.509124|timerFactory-0x0000765e95bff6c0|[RPC][WS][SERVICE]connected nodes,count=0
info|2026-02-06 15:52:26.509873|ioService-0x0000765ebb5fd6c0|[P2PService][Service][METRIC]heartBeat,connected count=3
info|2026-02-06 15:52:26.514975|timerFactory-0x0000765eaa3fe6c0|[RPC][WS][SERVICE]connected nodes,count=0
info|2026-02-06 15:52:27.929167|ioService-0x0000765e8f9fb6c0|[DEFAULT][HTTP][SESSION][onRead]receive http request
info|2026-02-06 15:52:30.928632|ioService-0x0000765e8f9fb6c0|[DEFAULT][HTTP][SESSION][onRead]receive http request
info|2026-02-06 15:52:33.928928|ioService-0x0000765e8f9fb6c0|[DEFAULT][HTTP][SESSION][onRead]receive http request
info|2026-02-06 15:52:36.509710|timerFactory-0x0000765e95bff6c0|[RPC][WS][SERVICE]connected nodes,count=0
info|2026-02-06 15:52:36.510332|ioService-0x0000765ebb5fd6c0|[P2PService][Service][METRIC]heartBeat,connected count=3
info|2026-02-06 15:52:36.515173|timerFactory-0x0000765eaa3fe6c0|[RPC][WS][SERVICE]connected nodes,count=0
info|2026-02-06 15:52:36.929020|ioService-0x0000765e8f9fb6c0|[DEFAULT][HTTP][SESSION][onRead]receive http request
info|2026-02-06 15:52:39.853389|ioService-0x0000765e8f9fb6c0|[DEFAULT][HTTP][SESSION][onRead]receive http request
warning|2026-02-06 15:52:39.853532|ioService-0x0000765e8f9fb6c0|[DEFAULT][HTTP][SESSION]onRead exception,bytesSize=802,failed=Dynamic exception type: Json::LogicError
std::exception::what: in Json::Value::find(begin, end): requires objectValue or nullValue
info|2026-02-06 15:52:39.929421|ioService-0x0000765e93ffe6c0|[DEFAULT][HTTP][SERVER][accept],local_endpoint=127.0.0.1:8545,remote_endpoint=127.0.0.1:33970
info|2026-02-06 15:52:39.929972|ioService-0x0000765e8f1fa6c0|[DEFAULT][HTTP][SESSION][onRead]receive http request
info|2026-02-06 15:52:42.929533|ioService-0x0000765e8f1fa6c0|[DEFAULT][HTTP][SESSION][onRead]receive http request
info|2026-02-06 15:52:45.930278|ioService-0x0000765e8f1fa6c0|[DEFAULT][HTTP][SESSION][onRead]receive http request
info|2026-02-06 15:52:46.509852|timerFactory-0x0000765e95bff6c0|[RPC][WS][SERVICE]connected nodes,count=0
info|2026-02-06 15:52:46.510683|ioService-0x0000765ebb5fd6c0|[P2PService][Service][METRIC]heartBeat,connected count=3
info|2026-02-06 15:52:46.515281|timerFactory-0x0000765eaa3fe6c0|[RPC][WS][SERVICE]connected nodes,count=0
info|2026-02-06 15:52:48.931019|ioService-0x0000765e8f1fa6c0|[DEFAULT][HTTP][SESSION][onRead]receive http request
info|2026-02-06 15:52:51.931507|ioService-0x0000765e8f1fa6c0|[DEFAULT][HTTP][SESSION][onRead]receive http request
info|2026-02-06 15:52:54.932114|ioService-0x0000765e8f1fa6c0|[DEFAULT][HTTP][SESSION][onRead]receive http request
info|2026-02-06 15:52:56.510051|timerFactory-0x0000765e95bff6c0|[RPC][WS][SERVICE]connected nodes,count=0
info|2026-02-06 15:52:56.510935|ioService-0x0000765ebb5fd6c0|[P2PService][Service][METRIC]heartBeat,connected count=3
info|2026-02-06 15:52:56.515418|timerFactory-0x0000765eaa3fe6c0|[RPC][WS][SERVICE]connected nodes,count=0
info|2026-02-06 15:52:57.932003|ioService-0x0000765e8f1fa6c0|[DEFAULT][HTTP][SESSION][onRead]receive http request
info|2026-02-06 15:53:00.931625|ioService-0x0000765e8f1fa6c0|[DEFAULT][HTTP][SESSION][onRead]receive http request
info|2026-02-06 15:53:03.931534|ioService-0x0000765e8f1fa6c0|[DEFAULT][HTTP][SESSION][onRead]receive http request
info|2026-02-06 15:53:06.510407|timerFactory-0x0000765e95bff6c0|[RPC][WS][SERVICE]connected nodes,count=0
info|2026-02-06 15:53:06.511163|ioService-0x0000765ebb5fd6c0|[P2PService][Service][METRIC]heartBeat,connected count=3
info|2026-02-06 15:53:06.515555|timerFactory-0x0000765eaa3fe6c0|[RPC][WS][SERVICE]connected nodes,count=0
info|2026-02-06 15:53:06.932229|ioService-0x0000765e8f1fa6c0|[DEFAULT][HTTP][SESSION][onRead]receive http request
info|2026-02-06 15:53:09.932656|ioService-0x0000765e8f1fa6c0|[DEFAULT][HTTP][SESSION][onRead]receive http request
info|2026-02-06 15:53:12.933399|ioService-0x0000765e8f1fa6c0|[DEFAULT][HTTP][SESSION][onRead]receive http request
info|2026-02-06 15:53:15.934047|ioService-0x0000765e8f1fa6c0|[DEFAULT][HTTP][SESSION][onRead]receive http request
info|2026-02-06 15:53:16.485507|objMonitor-0x0000765e8a1f06c0|[startMonitor][AliveObjectMonitor],AliveObjectAllocStat=[ type: bcos::gateway::Socket ,created: 11 ,destroyed: 7 ,alive: 4 ] 
info|2026-02-06 15:53:16.510721|timerFactory-0x0000765e95bff6c0|[RPC][WS][SERVICE]connected nodes,count=0
info|2026-02-06 15:53:16.511576|ioService-0x0000765ebb5fd6c0|[P2PService][Service][METRIC]heartBeat,connected count=3
info|2026-02-06 15:53:16.515711|timerFactory-0x0000765eaa3fe6c0|[RPC][WS][SERVICE]connected nodes,count=0
info|2026-02-06 15:53:18.934007|ioService-0x0000765e8f1fa6c0|[DEFAULT][HTTP][SESSION][onRead]receive http request
info|2026-02-06 15:53:21.934262|ioService-0x0000765e8f1fa6c0|[DEFAULT][HTTP][SESSION][onRead]receive http request
info|2026-02-06 15:53:24.934191|ioService-0x0000765e8f1fa6c0|[DEFAULT][HTTP][SESSION][onRead]receive http request
info|2026-02-06 15:53:26.511017|timerFactory-0x0000765e95bff6c0|[RPC][WS][SERVICE]connected nodes,count=0
info|2026-02-06 15:53:26.511887|ioService-0x0000765ebb5fd6c0|[P2PService][Service][METRIC]heartBeat,connected count=3
info|2026-02-06 15:53:26.515823|timerFactory-0x0000765eaa3fe6c0|[RPC][WS][SERVICE]connected nodes,count=0
info|2026-02-06 15:53:27.934361|ioService-0x0000765e8f1fa6c0|[DEFAULT][HTTP][SESSION][onRead]receive http request
info|2026-02-06 15:53:30.938564|ioService-0x0000765e8f1fa6c0|[DEFAULT][HTTP][SESSION][onRead]receive http request
info|2026-02-06 15:53:33.934929|ioService-0x0000765e8f1fa6c0|[DEFAULT][HTTP][SESSION][onRead]receive http request
info|2026-02-06 15:53:36.511192|timerFactory-0x0000765e95bff6c0|[RPC][WS][SERVICE]connected nodes,count=0
info|2026-02-06 15:53:36.512107|ioService-0x0000765ebb5fd6c0|[P2PService][Service][METRIC]heartBeat,connected count=3
info|2026-02-06 15:53:36.515981|timerFactory-0x0000765eaa3fe6c0|[RPC][WS][SERVICE]connected nodes,count=0
info|2026-02-06 15:53:36.935630|ioService-0x0000765e8f1fa6c0|[DEFAULT][HTTP][SESSION][onRead]receive http request
info|2026-02-06 15:53:39.937229|ioService-0x0000765e8f1fa6c0|[DEFAULT][HTTP][SESSION][onRead]receive http request
info|2026-02-06 15:53:42.935411|ioService-0x0000765e8f1fa6c0|[DEFAULT][HTTP][SESSION][onRead]receive http request
info|2026-02-06 15:53:45.934873|ioService-0x0000765e8f1fa6c0|[DEFAULT][HTTP][SESSION][onRead]receive http request
info|2026-02-06 15:53:46.511343|timerFactory-0x0000765e95bff6c0|[RPC][WS][SERVICE]connected nodes,count=0
info|2026-02-06 15:53:46.512391|ioService-0x0000765ebb5fd6c0|[P2PService][Service][METRIC]heartBeat,connected count=3
info|2026-02-06 15:53:46.516064|timerFactory-0x0000765eaa3fe6c0|[RPC][WS][SERVICE]connected nodes,count=0
info|2026-02-06 15:53:48.935609|ioService-0x0000765e8f1fa6c0|[DEFAULT][HTTP][SESSION][onRead]receive http request
info|2026-02-06 15:53:51.935562|ioService-0x0000765e8f1fa6c0|[DEFAULT][HTTP][SESSION][onRead]receive http request
info|2026-02-06 15:53:54.937067|ioService-0x0000765e8f1fa6c0|[DEFAULT][HTTP][SESSION][onRead]receive http request
info|2026-02-06 15:53:56.511536|timerFactory-0x0000765e95bff6c0|[RPC][WS][SERVICE]connected nodes,count=0
info|2026-02-06 15:53:56.512664|ioService-0x0000765ebb5fd6c0|[P2PService][Service][METRIC]heartBeat,connected count=3
info|2026-02-06 15:53:56.516236|timerFactory-0x0000765eaa3fe6c0|[RPC][WS][SERVICE]connected nodes,count=0
info|2026-02-06 15:53:57.940627|ioService-0x0000765e8f1fa6c0|[DEFAULT][HTTP][SESSION][onRead]receive http request
info|2026-02-06 15:54:00.938909|ioService-0x0000765e8f1fa6c0|[DEFAULT][HTTP][SESSION][onRead]receive http request
info|2026-02-06 15:54:03.939021|ioService-0x0000765e8f1fa6c0|[DEFAULT][HTTP][SESSION][onRead]receive http request
info|2026-02-06 15:54:06.511748|timerFactory-0x0000765e95bff6c0|[RPC][WS][SERVICE]connected nodes,count=0
info|2026-02-06 15:54:06.512848|ioService-0x0000765ebb5fd6c0|[P2PService][Service][METRIC]heartBeat,connected count=3
info|2026-02-06 15:54:06.516481|timerFactory-0x0000765eaa3fe6c0|[RPC][WS][SERVICE]connected nodes,count=0
info|2026-02-06 15:54:06.939599|ioService-0x0000765e8f1fa6c0|[DEFAULT][HTTP][SESSION][onRead]receive http request
info|2026-02-06 15:54:09.939754|ioService-0x0000765e8f1fa6c0|[DEFAULT][HTTP][SESSION][onRead]receive http request
info|2026-02-06 15:54:12.939680|ioService-0x0000765e8f1fa6c0|[DEFAULT][HTTP][SESSION][onRead]receive http request
info|2026-02-06 15:54:15.940600|ioService-0x0000765e8f1fa6c0|[DEFAULT][HTTP][SESSION][onRead]receive http request
info|2026-02-06 15:54:16.485777|objMonitor-0x0000765e8a1f06c0|[startMonitor][AliveObjectMonitor],AliveObjectAllocStat=[ type: bcos::gateway::Socket ,created: 11 ,destroyed: 7 ,alive: 4 ] 
info|2026-02-06 15:54:16.511938|timerFactory-0x0000765e95bff6c0|[RPC][WS][SERVICE]connected nodes,count=0
info|2026-02-06 15:54:16.513113|ioService-0x0000765ebb5fd6c0|[P2PService][Service][METRIC]heartBeat,connected count=3
info|2026-02-06 15:54:16.516612|timerFactory-0x0000765eaa3fe6c0|[RPC][WS][SERVICE]connected nodes,count=0
info|2026-02-06 15:54:18.940897|ioService-0x0000765e8f1fa6c0|[DEFAULT][HTTP][SESSION][onRead]receive http request
info|2026-02-06 15:54:21.941931|ioService-0x0000765e8f1fa6c0|[DEFAULT][HTTP][SESSION][onRead]receive http request
info|2026-02-06 15:54:24.941521|ioService-0x0000765e8f1fa6c0|[DEFAULT][HTTP][SESSION][onRead]receive http request
info|2026-02-06 15:54:26.512049|timerFactory-0x0000765e95bff6c0|[RPC][WS][SERVICE]connected nodes,count=0
info|2026-02-06 15:54:26.513411|ioService-0x0000765ebb5fd6c0|[P2PService][Service][METRIC]heartBeat,connected count=3
info|2026-02-06 15:54:26.516851|timerFactory-0x0000765eaa3fe6c0|[RPC][WS][SERVICE]connected nodes,count=0
info|2026-02-06 15:54:27.942265|ioService-0x0000765e8f1fa6c0|[DEFAULT][HTTP][SESSION][onRead]receive http request
info|2026-02-06 15:54:30.942598|ioService-0x0000765e8f1fa6c0|[DEFAULT][HTTP][SESSION][onRead]receive http request
info|2026-02-06 15:54:33.943123|ioService-0x0000765e8f1fa6c0|[DEFAULT][HTTP][SESSION][onRead]receive http request
info|2026-02-06 15:54:36.512248|timerFactory-0x0000765e95bff6c0|[RPC][WS][SERVICE]connected nodes,count=0
info|2026-02-06 15:54:36.513854|ioService-0x0000765ebb5fd6c0|[P2PService][Service][METRIC]heartBeat,connected count=3
info|2026-02-06 15:54:36.517105|timerFactory-0x0000765eaa3fe6c0|[RPC][WS][SERVICE]connected nodes,count=0
info|2026-02-06 15:54:36.943499|ioService-0x0000765e8f1fa6c0|[DEFAULT][HTTP][SESSION][onRead]receive http request
info|2026-02-06 15:54:39.943356|ioService-0x0000765e8f1fa6c0|[DEFAULT][HTTP][SESSION][onRead]receive http request
info|2026-02-06 15:54:42.943006|ioService-0x0000765e8f1fa6c0|[DEFAULT][HTTP][SESSION][onRead]receive http request
info|2026-02-06 15:54:45.945801|ioService-0x0000765e8f1fa6c0|[DEFAULT][HTTP][SESSION][onRead]receive http request
info|2026-02-06 15:54:46.512336|timerFactory-0x0000765e95bff6c0|[RPC][WS][SERVICE]connected nodes,count=0
info|2026-02-06 15:54:46.514008|ioService-0x0000765ebb5fd6c0|[P2PService][Service][METRIC]heartBeat,connected count=3
info|2026-02-06 15:54:46.517205|timerFactory-0x0000765eaa3fe6c0|[RPC][WS][SERVICE]connected nodes,count=0
info|2026-02-06 15:54:48.943251|ioService-0x0000765e8f1fa6c0|[DEFAULT][HTTP][SESSION][onRead]receive http request
info|2026-02-06 15:54:51.943370|ioService-0x0000765e8f1fa6c0|[DEFAULT][HTTP][SESSION][onRead]receive http request
info|2026-02-06 15:54:54.943224|ioService-0x0000765e8f1fa6c0|[DEFAULT][HTTP][SESSION][onRead]receive http request
info|2026-02-06 15:54:56.512470|timerFactory-0x0000765e95bff6c0|[RPC][WS][SERVICE]connected nodes,count=0
info|2026-02-06 15:54:56.514202|ioService-0x0000765ebb5fd6c0|[P2PService][Service][METRIC]heartBeat,connected count=3
info|2026-02-06 15:54:56.517298|timerFactory-0x0000765eaa3fe6c0|[RPC][WS][SERVICE]connected nodes,count=0
info|2026-02-06 15:54:57.885326|ioService-0x0000765e8f9fb6c0|[DEFAULT][HTTP][STREAM]close the stream,this=0x765e9282a5f0
info|2026-02-06 15:54:57.885420|ioService-0x0000765e901fc6c0|[DEFAULT][HTTP][STREAM]close the stream,this=0x765e9282a550
info|2026-02-06 15:54:57.885487|ioService-0x0000765e927ff6c0|[DEFAULT][HTTP][STREAM]close the stream,this=0x765e9282a280
info|2026-02-06 15:54:57.885648|ioService-0x0000765e93ffe6c0|[DEFAULT][HTTP][STREAM]close the stream,this=0x765e9282a190
info|2026-02-06 15:54:57.885596|ioService-0x0000765e937fd6c0|[DEFAULT][HTTP][STREAM]close the stream,this=0x765e9282a320
info|2026-02-06 15:54:57.885519|ioService-0x0000765e91bff6c0|[DEFAULT][HTTP][STREAM]close the stream,this=0x765e9282a3c0
info|2026-02-06 15:54:57.885733|ioService-0x0000765e90bfd6c0|[DEFAULT][HTTP][STREAM]close the stream,this=0x765e9282a4b0
info|2026-02-06 15:54:57.885695|ioService-0x0000765e913fe6c0|[DEFAULT][HTTP][STREAM]close the stream,this=0x765e9282a410
info|2026-02-06 15:54:57.885805|ioService-0x0000765e8f1fa6c0|[DEFAULT][HTTP][STREAM]close the stream,this=0x765e9282a690
info|2026-02-06 15:55:06.512601|timerFactory-0x0000765e95bff6c0|[RPC][WS][SERVICE]connected nodes,count=0
info|2026-02-06 15:55:06.514319|ioService-0x0000765ebb5fd6c0|[P2PService][Service][METRIC]heartBeat,connected count=3
info|2026-02-06 15:55:06.517590|timerFactory-0x0000765eaa3fe6c0|[RPC][WS][SERVICE]connected nodes,count=0
info|2026-02-06 15:55:16.485984|objMonitor-0x0000765e8a1f06c0|[startMonitor][AliveObjectMonitor],AliveObjectAllocStat=[ type: bcos::gateway::Socket ,created: 11 ,destroyed: 7 ,alive: 4 ] 
info|2026-02-06 15:55:16.512807|timerFactory-0x0000765e95bff6c0|[RPC][WS][SERVICE]connected nodes,count=0
info|2026-02-06 15:55:16.514600|ioService-0x0000765ebb5fd6c0|[P2PService][Service][METRIC]heartBeat,connected count=3
info|2026-02-06 15:55:16.517849|timerFactory-0x0000765eaa3fe6c0|[RPC][WS][SERVICE]connected nodes,count=0
info|2026-02-06 15:55:26.513027|timerFactory-0x0000765e95bff6c0|[RPC][WS][SERVICE]connected nodes,count=0
info|2026-02-06 15:55:26.514812|ioService-0x0000765ebb5fd6c0|[P2PService][Service][METRIC]heartBeat,connected count=3
info|2026-02-06 15:55:26.518076|timerFactory-0x0000765eaa3fe6c0|[RPC][WS][SERVICE]connected nodes,count=0
info|2026-02-06 15:55:36.513234|timerFactory-0x0000765e95bff6c0|[RPC][WS][SERVICE]connected nodes,count=0
info|2026-02-06 15:55:36.514935|ioService-0x0000765ebb5fd6c0|[P2PService][Service][METRIC]heartBeat,connected count=3
info|2026-02-06 15:55:36.518193|timerFactory-0x0000765eaa3fe6c0|[RPC][WS][SERVICE]connected nodes,count=0
info|2026-02-06 15:55:46.513381|timerFactory-0x0000765e95bff6c0|[RPC][WS][SERVICE]connected nodes,count=0
info|2026-02-06 15:55:46.515118|ioService-0x0000765ebb5fd6c0|[P2PService][Service][METRIC]heartBeat,connected count=3
info|2026-02-06 15:55:46.518368|timerFactory-0x0000765eaa3fe6c0|[RPC][WS][SERVICE]connected nodes,count=0
info|2026-02-06 15:55:55.956576|ioService-0x0000765e93ffe6c0|[DEFAULT][HTTP][SERVER][accept],local_endpoint=127.0.0.1:8545,remote_endpoint=127.0.0.1:39704
info|2026-02-06 15:55:55.958472|ioService-0x0000765e8e9f96c0|[DEFAULT][HTTP][SESSION][onRead]receive http request
info|2026-02-06 15:55:56.513569|timerFactory-0x0000765e95bff6c0|[RPC][WS][SERVICE]connected nodes,count=0
info|2026-02-06 15:55:56.515339|ioService-0x0000765ebb5fd6c0|[P2PService][Service][METRIC]heartBeat,connected count=3
info|2026-02-06 15:55:56.518544|timerFactory-0x0000765eaa3fe6c0|[RPC][WS][SERVICE]connected nodes,count=0
info|2026-02-06 15:55:59.095922|ioService-0x0000765e8e9f96c0|[DEFAULT][HTTP][SESSION][onRead]receive http request
info|2026-02-06 15:55:59.133551|ioService-0x0000765e8e9f96c0|[DEFAULT][HTTP][SESSION][onRead]receive http request
warning|2026-02-06 15:55:59.133688|ioService-0x0000765e8e9f96c0|[DEFAULT][HTTP][SESSION]onRead exception,bytesSize=800,failed=Dynamic exception type: Json::LogicError
std::exception::what: in Json::Value::find(begin, end): requires objectValue or nullValue
info|2026-02-06 15:55:59.161505|ioService-0x0000765e93ffe6c0|[DEFAULT][HTTP][SERVER][accept],local_endpoint=127.0.0.1:8545,remote_endpoint=127.0.0.1:39710
info|2026-02-06 15:55:59.161856|ioService-0x0000765e8e1f86c0|[DEFAULT][HTTP][SESSION][onRead]receive http request
warning|2026-02-06 15:55:59.161950|ioService-0x0000765e8e1f86c0|[DEFAULT][HTTP][SESSION]onRead exception,bytesSize=1129,failed=Dynamic exception type: Json::LogicError
std::exception::what: in Json::Value::find(begin, end): requires objectValue or nullValue
info|2026-02-06 15:55:59.181710|ioService-0x0000765e93ffe6c0|[DEFAULT][HTTP][SERVER][accept],local_endpoint=127.0.0.1:8545,remote_endpoint=127.0.0.1:39722
info|2026-02-06 15:55:59.183611|ioService-0x0000765e8d9f76c0|[DEFAULT][HTTP][SESSION][onRead]receive http request
warning|2026-02-06 15:55:59.183827|ioService-0x0000765e8d9f76c0|[DEFAULT][HTTP][SESSION]onRead exception,bytesSize=1130,failed=Dynamic exception type: Json::LogicError
std::exception::what: in Json::Value::find(begin, end): requires objectValue or nullValue
info|2026-02-06 15:55:59.205228|ioService-0x0000765e93ffe6c0|[DEFAULT][HTTP][SERVER][accept],local_endpoint=127.0.0.1:8545,remote_endpoint=127.0.0.1:39730
info|2026-02-06 15:55:59.205444|ioService-0x0000765e8d1f66c0|[DEFAULT][HTTP][SESSION][onRead]receive http request
warning|2026-02-06 15:55:59.205562|ioService-0x0000765e8d1f66c0|[DEFAULT][HTTP][SESSION]onRead exception,bytesSize=1793,failed=Dynamic exception type: Json::LogicError
std::exception::what: in Json::Value::find(begin, end): requires objectValue or nullValue
info|2026-02-06 15:55:59.221878|ioService-0x0000765e93ffe6c0|[DEFAULT][HTTP][SERVER][accept],local_endpoint=127.0.0.1:8545,remote_endpoint=127.0.0.1:39746
info|2026-02-06 15:55:59.222335|ioService-0x0000765e8c9f56c0|[DEFAULT][HTTP][SESSION][onRead]receive http request
warning|2026-02-06 15:55:59.222449|ioService-0x0000765e8c9f56c0|[DEFAULT][HTTP][SESSION]onRead exception,bytesSize=1463,failed=Dynamic exception type: Json::LogicError
std::exception::what: in Json::Value::find(begin, end): requires objectValue or nullValue
info|2026-02-06 15:55:59.235746|ioService-0x0000765e93ffe6c0|[DEFAULT][HTTP][SERVER][accept],local_endpoint=127.0.0.1:8545,remote_endpoint=127.0.0.1:39760
info|2026-02-06 15:55:59.235940|ioService-0x0000765e8c1f46c0|[DEFAULT][HTTP][SESSION][onRead]receive http request
warning|2026-02-06 15:55:59.236036|ioService-0x0000765e8c1f46c0|[DEFAULT][HTTP][SESSION]onRead exception,bytesSize=802,failed=Dynamic exception type: Json::LogicError
std::exception::what: in Json::Value::find(begin, end): requires objectValue or nullValue
info|2026-02-06 15:56:02.097199|ioService-0x0000765e93ffe6c0|[DEFAULT][HTTP][SERVER][accept],local_endpoint=127.0.0.1:8545,remote_endpoint=127.0.0.1:39762
info|2026-02-06 15:56:02.098244|ioService-0x0000765e8b9f36c0|[DEFAULT][HTTP][SESSION][onRead]receive http request
info|2026-02-06 15:56:05.096195|ioService-0x0000765e8b9f36c0|[DEFAULT][HTTP][SESSION][onRead]receive http request
info|2026-02-06 15:56:06.513729|timerFactory-0x0000765e95bff6c0|[RPC][WS][SERVICE]connected nodes,count=0
info|2026-02-06 15:56:06.515543|ioService-0x0000765ebb5fd6c0|[P2PService][Service][METRIC]heartBeat,connected count=3
info|2026-02-06 15:56:06.518741|timerFactory-0x0000765eaa3fe6c0|[RPC][WS][SERVICE]connected nodes,count=0
info|2026-02-06 15:56:08.095737|ioService-0x0000765e8b9f36c0|[DEFAULT][HTTP][SESSION][onRead]receive http request
info|2026-02-06 15:56:11.096609|ioService-0x0000765e8b9f36c0|[DEFAULT][HTTP][SESSION][onRead]receive http request
info|2026-02-06 15:56:14.097634|ioService-0x0000765e8b9f36c0|[DEFAULT][HTTP][SESSION][onRead]receive http request
info|2026-02-06 15:56:16.486179|objMonitor-0x0000765e8a1f06c0|[startMonitor][AliveObjectMonitor],AliveObjectAllocStat=[ type: bcos::gateway::Socket ,created: 11 ,destroyed: 7 ,alive: 4 ] 
info|2026-02-06 15:56:16.513947|timerFactory-0x0000765e95bff6c0|[RPC][WS][SERVICE]connected nodes,count=0
info|2026-02-06 15:56:16.516143|ioService-0x0000765ebb5fd6c0|[P2PService][Service][METRIC]heartBeat,connected count=3
info|2026-02-06 15:56:16.518898|timerFactory-0x0000765eaa3fe6c0|[RPC][WS][SERVICE]connected nodes,count=0
info|2026-02-06 15:56:17.097439|ioService-0x0000765e8b9f36c0|[DEFAULT][HTTP][SESSION][onRead]receive http request
info|2026-02-06 15:56:20.098748|ioService-0x0000765e8b9f36c0|[DEFAULT][HTTP][SESSION][onRead]receive http request
info|2026-02-06 15:56:23.099615|ioService-0x0000765e8b9f36c0|[DEFAULT][HTTP][SESSION][onRead]receive http request
info|2026-02-06 15:56:26.099499|ioService-0x0000765e8b9f36c0|[DEFAULT][HTTP][SESSION][onRead]receive http request
info|2026-02-06 15:56:26.514077|timerFactory-0x0000765e95bff6c0|[RPC][WS][SERVICE]connected nodes,count=0
info|2026-02-06 15:56:26.516530|ioService-0x0000765ebb5fd6c0|[P2PService][Service][METRIC]heartBeat,connected count=3
info|2026-02-06 15:56:26.519106|timerFactory-0x0000765eaa3fe6c0|[RPC][WS][SERVICE]connected nodes,count=0
info|2026-02-06 15:56:29.099959|ioService-0x0000765e8b9f36c0|[DEFAULT][HTTP][SESSION][onRead]receive http request
info|2026-02-06 15:56:32.099941|ioService-0x0000765e8b9f36c0|[DEFAULT][HTTP][SESSION][onRead]receive http request
info|2026-02-06 15:56:35.100438|ioService-0x0000765e8b9f36c0|[DEFAULT][HTTP][SESSION][onRead]receive http request
info|2026-02-06 15:56:36.514221|timerFactory-0x0000765e95bff6c0|[RPC][WS][SERVICE]connected nodes,count=0
info|2026-02-06 15:56:36.516695|ioService-0x0000765ebb5fd6c0|[P2PService][Service][METRIC]heartBeat,connected count=3
info|2026-02-06 15:56:36.519220|timerFactory-0x0000765eaa3fe6c0|[RPC][WS][SERVICE]connected nodes,count=0
info|2026-02-06 15:56:38.100695|ioService-0x0000765e8b9f36c0|[DEFAULT][HTTP][SESSION][onRead]receive http request
info|2026-02-06 15:56:41.010303|ioService-0x0000765e8b9f36c0|[DEFAULT][HTTP][SESSION][onRead]receive http request
warning|2026-02-06 15:56:41.010418|ioService-0x0000765e8b9f36c0|[DEFAULT][HTTP][SESSION]onRead exception,bytesSize=802,failed=Dynamic exception type: Json::LogicError
std::exception::what: in Json::Value::find(begin, end): requires objectValue or nullValue
info|2026-02-06 15:56:41.101763|ioService-0x0000765e93ffe6c0|[DEFAULT][HTTP][SERVER][accept],local_endpoint=127.0.0.1:8545,remote_endpoint=127.0.0.1:50700
info|2026-02-06 15:56:41.102303|ioService-0x0000765e8b1f26c0|[DEFAULT][HTTP][SESSION][onRead]receive http request
info|2026-02-06 15:56:44.102042|ioService-0x0000765e8b1f26c0|[DEFAULT][HTTP][SESSION][onRead]receive http request
info|2026-02-06 15:56:46.514384|timerFactory-0x0000765e95bff6c0|[RPC][WS][SERVICE]connected nodes,count=0
info|2026-02-06 15:56:46.516900|ioService-0x0000765ebb5fd6c0|[P2PService][Service][METRIC]heartBeat,connected count=3
info|2026-02-06 15:56:46.519344|timerFactory-0x0000765eaa3fe6c0|[RPC][WS][SERVICE]connected nodes,count=0
info|2026-02-06 15:56:47.101617|ioService-0x0000765e8b1f26c0|[DEFAULT][HTTP][SESSION][onRead]receive http request
info|2026-02-06 15:56:50.102797|ioService-0x0000765e8b1f26c0|[DEFAULT][HTTP][SESSION][onRead]receive http request
info|2026-02-06 15:56:53.103573|ioService-0x0000765e8b1f26c0|[DEFAULT][HTTP][SESSION][onRead]receive http request
info|2026-02-06 15:56:56.104451|ioService-0x0000765e8b1f26c0|[DEFAULT][HTTP][SESSION][onRead]receive http request
info|2026-02-06 15:56:56.514546|timerFactory-0x0000765e95bff6c0|[RPC][WS][SERVICE]connected nodes,count=0
info|2026-02-06 15:56:56.517155|ioService-0x0000765ebb5fd6c0|[P2PService][Service][METRIC]heartBeat,connected count=3
info|2026-02-06 15:56:56.519488|timerFactory-0x0000765eaa3fe6c0|[RPC][WS][SERVICE]connected nodes,count=0
info|2026-02-06 15:56:59.104448|ioService-0x0000765e8b1f26c0|[DEFAULT][HTTP][SESSION][onRead]receive http request
info|2026-02-06 15:57:02.103918|ioService-0x0000765e8b1f26c0|[DEFAULT][HTTP][SESSION][onRead]receive http request
info|2026-02-06 15:57:05.104740|ioService-0x0000765e8b1f26c0|[DEFAULT][HTTP][SESSION][onRead]receive http request
info|2026-02-06 15:57:06.514712|timerFactory-0x0000765e95bff6c0|[RPC][WS][SERVICE]connected nodes,count=0
info|2026-02-06 15:57:06.517388|ioService-0x0000765ebb5fd6c0|[P2PService][Service][METRIC]heartBeat,connected count=3
info|2026-02-06 15:57:06.519580|timerFactory-0x0000765eaa3fe6c0|[RPC][WS][SERVICE]connected nodes,count=0
info|2026-02-06 15:57:08.104593|ioService-0x0000765e8b1f26c0|[DEFAULT][HTTP][SESSION][onRead]receive http request
info|2026-02-06 15:57:11.104555|ioService-0x0000765e8b1f26c0|[DEFAULT][HTTP][SESSION][onRead]receive http request
info|2026-02-06 15:57:14.104089|ioService-0x0000765e8b1f26c0|[DEFAULT][HTTP][SESSION][onRead]receive http request
info|2026-02-06 15:57:16.486683|objMonitor-0x0000765e8a1f06c0|[startMonitor][AliveObjectMonitor],AliveObjectAllocStat=[ type: bcos::gateway::Socket ,created: 11 ,destroyed: 7 ,alive: 4 ] 
info|2026-02-06 15:57:16.515037|timerFactory-0x0000765e95bff6c0|[RPC][WS][SERVICE]connected nodes,count=0
info|2026-02-06 15:57:16.517770|ioService-0x0000765ebb5fd6c0|[P2PService][Service][METRIC]heartBeat,connected count=3
info|2026-02-06 15:57:16.519835|timerFactory-0x0000765eaa3fe6c0|[RPC][WS][SERVICE]connected nodes,count=0
info|2026-02-06 15:57:17.104787|ioService-0x0000765e8b1f26c0|[DEFAULT][HTTP][SESSION][onRead]receive http request
info|2026-02-06 15:57:20.105735|ioService-0x0000765e8b1f26c0|[DEFAULT][HTTP][SESSION][onRead]receive http request
info|2026-02-06 15:57:23.103831|ioService-0x0000765e8b1f26c0|[DEFAULT][HTTP][SESSION][onRead]receive http request
info|2026-02-06 15:57:26.105273|ioService-0x0000765e8b1f26c0|[DEFAULT][HTTP][SESSION][onRead]receive http request
info|2026-02-06 15:57:26.515180|timerFactory-0x0000765e95bff6c0|[RPC][WS][SERVICE]connected nodes,count=0
info|2026-02-06 15:57:26.518306|ioService-0x0000765ebb5fd6c0|[P2PService][Service][METRIC]heartBeat,connected count=3
info|2026-02-06 15:57:26.520600|timerFactory-0x0000765eaa3fe6c0|[RPC][WS][SERVICE]connected nodes,count=0
info|2026-02-06 15:57:29.106935|ioService-0x0000765e8b1f26c0|[DEFAULT][HTTP][SESSION][onRead]receive http request
info|2026-02-06 15:57:32.106687|ioService-0x0000765e8b1f26c0|[DEFAULT][HTTP][SESSION][onRead]receive http request
info|2026-02-06 15:57:35.106137|ioService-0x0000765e8b1f26c0|[DEFAULT][HTTP][SESSION][onRead]receive http request
info|2026-02-06 15:57:36.515441|timerFactory-0x0000765e95bff6c0|[RPC][WS][SERVICE]connected nodes,count=0
info|2026-02-06 15:57:36.518676|ioService-0x0000765ebb5fd6c0|[P2PService][Service][METRIC]heartBeat,connected count=3
info|2026-02-06 15:57:36.520751|timerFactory-0x0000765eaa3fe6c0|[RPC][WS][SERVICE]connected nodes,count=0
info|2026-02-06 15:57:38.106196|ioService-0x0000765e8b1f26c0|[DEFAULT][HTTP][SESSION][onRead]receive http request
info|2026-02-06 15:57:41.106210|ioService-0x0000765e8b1f26c0|[DEFAULT][HTTP][SESSION][onRead]receive http request
info|2026-02-06 15:57:44.107127|ioService-0x0000765e8b1f26c0|[DEFAULT][HTTP][SESSION][onRead]receive http request
info|2026-02-06 15:57:46.515587|timerFactory-0x0000765e95bff6c0|[RPC][WS][SERVICE]connected nodes,count=0
info|2026-02-06 15:57:46.518873|ioService-0x0000765ebb5fd6c0|[P2PService][Service][METRIC]heartBeat,connected count=3
info|2026-02-06 15:57:46.520925|timerFactory-0x0000765eaa3fe6c0|[RPC][WS][SERVICE]connected nodes,count=0
info|2026-02-06 15:57:47.107928|ioService-0x0000765e8b1f26c0|[DEFAULT][HTTP][SESSION][onRead]receive http request
info|2026-02-06 15:57:50.109371|ioService-0x0000765e8b1f26c0|[DEFAULT][HTTP][SESSION][onRead]receive http request
info|2026-02-06 15:57:53.109880|ioService-0x0000765e8b1f26c0|[DEFAULT][HTTP][SESSION][onRead]receive http request
info|2026-02-06 15:57:56.108802|ioService-0x0000765e8b1f26c0|[DEFAULT][HTTP][SESSION][onRead]receive http request
info|2026-02-06 15:57:56.516003|timerFactory-0x0000765e95bff6c0|[RPC][WS][SERVICE]connected nodes,count=0
info|2026-02-06 15:57:56.519288|ioService-0x0000765ebb5fd6c0|[P2PService][Service][METRIC]heartBeat,connected count=3
info|2026-02-06 15:57:56.521061|timerFactory-0x0000765eaa3fe6c0|[RPC][WS][SERVICE]connected nodes,count=0
info|2026-02-06 15:57:59.108780|ioService-0x0000765e8b1f26c0|[DEFAULT][HTTP][SESSION][onRead]receive http request
info|2026-02-06 15:58:02.109864|ioService-0x0000765e8b1f26c0|[DEFAULT][HTTP][SESSION][onRead]receive http request
info|2026-02-06 15:58:05.109361|ioService-0x0000765e8b1f26c0|[DEFAULT][HTTP][SESSION][onRead]receive http request
info|2026-02-06 15:58:06.516512|timerFactory-0x0000765e95bff6c0|[RPC][WS][SERVICE]connected nodes,count=0
info|2026-02-06 15:58:06.519811|ioService-0x0000765ebb5fd6c0|[P2PService][Service][METRIC]heartBeat,connected count=3
info|2026-02-06 15:58:06.521262|timerFactory-0x0000765eaa3fe6c0|[RPC][WS][SERVICE]connected nodes,count=0
info|2026-02-06 15:58:08.109390|ioService-0x0000765e8b1f26c0|[DEFAULT][HTTP][SESSION][onRead]receive http request
info|2026-02-06 15:58:11.110208|ioService-0x0000765e8b1f26c0|[DEFAULT][HTTP][SESSION][onRead]receive http request
info|2026-02-06 15:58:14.110623|ioService-0x0000765e8b1f26c0|[DEFAULT][HTTP][SESSION][onRead]receive http request
info|2026-02-06 15:58:16.487433|objMonitor-0x0000765e8a1f06c0|[startMonitor][AliveObjectMonitor],AliveObjectAllocStat=[ type: bcos::gateway::Socket ,created: 11 ,destroyed: 7 ,alive: 4 ] 
info|2026-02-06 15:58:16.516742|timerFactory-0x0000765e95bff6c0|[RPC][WS][SERVICE]connected nodes,count=0
info|2026-02-06 15:58:16.520052|ioService-0x0000765ebb5fd6c0|[P2PService][Service][METRIC]heartBeat,connected count=3
info|2026-02-06 15:58:16.521463|timerFactory-0x0000765eaa3fe6c0|[RPC][WS][SERVICE]connected nodes,count=0
info|2026-02-06 15:58:17.110819|ioService-0x0000765e8b1f26c0|[DEFAULT][HTTP][SESSION][onRead]receive http request
info|2026-02-06 15:58:20.110809|ioService-0x0000765e8b1f26c0|[DEFAULT][HTTP][SESSION][onRead]receive http request
info|2026-02-06 15:58:23.110840|ioService-0x0000765e8b1f26c0|[DEFAULT][HTTP][SESSION][onRead]receive http request
info|2026-02-06 15:58:26.110656|ioService-0x0000765e8b1f26c0|[DEFAULT][HTTP][SESSION][onRead]receive http request
info|2026-02-06 15:58:26.517147|timerFactory-0x0000765e95bff6c0|[RPC][WS][SERVICE]connected nodes,count=0
info|2026-02-06 15:58:26.520345|ioService-0x0000765ebb5fd6c0|[P2PService][Service][METRIC]heartBeat,connected count=3
info|2026-02-06 15:58:26.521670|timerFactory-0x0000765eaa3fe6c0|[RPC][WS][SERVICE]connected nodes,count=0
info|2026-02-06 15:58:29.109725|ioService-0x0000765e8b1f26c0|[DEFAULT][HTTP][SESSION][onRead]receive http request
info|2026-02-06 15:58:32.110132|ioService-0x0000765e8b1f26c0|[DEFAULT][HTTP][SESSION][onRead]receive http request
info|2026-02-06 15:58:35.110772|ioService-0x0000765e8b1f26c0|[DEFAULT][HTTP][SESSION][onRead]receive http request
info|2026-02-06 15:58:36.517428|timerFactory-0x0000765e95bff6c0|[RPC][WS][SERVICE]connected nodes,count=0
info|2026-02-06 15:58:36.520727|ioService-0x0000765ebb5fd6c0|[P2PService][Service][METRIC]heartBeat,connected count=3
info|2026-02-06 15:58:36.523600|timerFactory-0x0000765eaa3fe6c0|[RPC][WS][SERVICE]connected nodes,count=0
info|2026-02-06 15:58:38.112943|ioService-0x0000765e8b1f26c0|[DEFAULT][HTTP][SESSION][onRead]receive http request
info|2026-02-06 15:58:41.111856|ioService-0x0000765e8b1f26c0|[DEFAULT][HTTP][SESSION][onRead]receive http request
info|2026-02-06 15:58:44.112341|ioService-0x0000765e8b1f26c0|[DEFAULT][HTTP][SESSION][onRead]receive http request
info|2026-02-06 15:58:46.517665|timerFactory-0x0000765e95bff6c0|[RPC][WS][SERVICE]connected nodes,count=0
info|2026-02-06 15:58:46.520967|ioService-0x0000765ebb5fd6c0|[P2PService][Service][METRIC]heartBeat,connected count=3
info|2026-02-06 15:58:46.523900|timerFactory-0x0000765eaa3fe6c0|[RPC][WS][SERVICE]connected nodes,count=0
info|2026-02-06 15:58:47.113304|ioService-0x0000765e8b1f26c0|[DEFAULT][HTTP][SESSION][onRead]receive http request
info|2026-02-06 15:58:50.112333|ioService-0x0000765e8b1f26c0|[DEFAULT][HTTP][SESSION][onRead]receive http request
info|2026-02-06 15:58:53.112793|ioService-0x0000765e8b1f26c0|[DEFAULT][HTTP][SESSION][onRead]receive http request
info|2026-02-06 15:58:56.113166|ioService-0x0000765e8b1f26c0|[DEFAULT][HTTP][SESSION][onRead]receive http request
info|2026-02-06 15:58:56.517797|timerFactory-0x0000765e95bff6c0|[RPC][WS][SERVICE]connected nodes,count=0
info|2026-02-06 15:58:56.521135|ioService-0x0000765ebb5fd6c0|[P2PService][Service][METRIC]heartBeat,connected count=3
info|2026-02-06 15:58:56.524033|timerFactory-0x0000765eaa3fe6c0|[RPC][WS][SERVICE]connected nodes,count=0
info|2026-02-06 15:58:59.113359|ioService-0x0000765e8b1f26c0|[DEFAULT][HTTP][SESSION][onRead]receive http request
info|2026-02-06 15:59:02.114106|ioService-0x0000765e8b1f26c0|[DEFAULT][HTTP][SESSION][onRead]receive http request
info|2026-02-06 15:59:05.115025|ioService-0x0000765e8b1f26c0|[DEFAULT][HTTP][SESSION][onRead]receive http request
info|2026-02-06 15:59:06.518136|timerFactory-0x0000765e95bff6c0|[RPC][WS][SERVICE]connected nodes,count=0
info|2026-02-06 15:59:06.521383|ioService-0x0000765ebb5fd6c0|[P2PService][Service][METRIC]heartBeat,connected count=3
info|2026-02-06 15:59:06.524149|timerFactory-0x0000765eaa3fe6c0|[RPC][WS][SERVICE]connected nodes,count=0
info|2026-02-06 15:59:08.114930|ioService-0x0000765e8b1f26c0|[DEFAULT][HTTP][SESSION][onRead]receive http request
info|2026-02-06 15:59:11.114733|ioService-0x0000765e8b1f26c0|[DEFAULT][HTTP][SESSION][onRead]receive http request
info|2026-02-06 15:59:14.114454|ioService-0x0000765e8b1f26c0|[DEFAULT][HTTP][SESSION][onRead]receive http request
info|2026-02-06 15:59:16.487581|objMonitor-0x0000765e8a1f06c0|[startMonitor][AliveObjectMonitor],AliveObjectAllocStat=[ type: bcos::gateway::Socket ,created: 11 ,destroyed: 7 ,alive: 4 ] 
info|2026-02-06 15:59:16.518570|timerFactory-0x0000765e95bff6c0|[RPC][WS][SERVICE]connected nodes,count=0
info|2026-02-06 15:59:16.521623|ioService-0x0000765ebb5fd6c0|[P2PService][Service][METRIC]heartBeat,connected count=3
info|2026-02-06 15:59:16.524312|timerFactory-0x0000765eaa3fe6c0|[RPC][WS][SERVICE]connected nodes,count=0
info|2026-02-06 15:59:17.115785|ioService-0x0000765e8b1f26c0|[DEFAULT][HTTP][SESSION][onRead]receive http request
info|2026-02-06 15:59:20.115736|ioService-0x0000765e8b1f26c0|[DEFAULT][HTTP][SESSION][onRead]receive http request
info|2026-02-06 15:59:23.115306|ioService-0x0000765e8b1f26c0|[DEFAULT][HTTP][SESSION][onRead]receive http request
info|2026-02-06 15:59:26.115071|ioService-0x0000765e8b1f26c0|[DEFAULT][HTTP][SESSION][onRead]receive http request
info|2026-02-06 15:59:26.518694|timerFactory-0x0000765e95bff6c0|[RPC][WS][SERVICE]connected nodes,count=0
info|2026-02-06 15:59:26.521802|ioService-0x0000765ebb5fd6c0|[P2PService][Service][METRIC]heartBeat,connected count=3
info|2026-02-06 15:59:26.524427|timerFactory-0x0000765eaa3fe6c0|[RPC][WS][SERVICE]connected nodes,count=0
info|2026-02-06 15:59:29.115209|ioService-0x0000765e8b1f26c0|[DEFAULT][HTTP][SESSION][onRead]receive http request
info|2026-02-06 15:59:32.115789|ioService-0x0000765e8b1f26c0|[DEFAULT][HTTP][SESSION][onRead]receive http request
info|2026-02-06 15:59:35.116253|ioService-0x0000765e8b1f26c0|[DEFAULT][HTTP][SESSION][onRead]receive http request
info|2026-02-06 15:59:36.519033|timerFactory-0x0000765e95bff6c0|[RPC][WS][SERVICE]connected nodes,count=0
info|2026-02-06 15:59:36.522005|ioService-0x0000765ebb5fd6c0|[P2PService][Service][METRIC]heartBeat,connected count=3
info|2026-02-06 15:59:36.524585|timerFactory-0x0000765eaa3fe6c0|[RPC][WS][SERVICE]connected nodes,count=0
info|2026-02-06 15:59:38.116593|ioService-0x0000765e8b1f26c0|[DEFAULT][HTTP][SESSION][onRead]receive http request
info|2026-02-06 15:59:41.117349|ioService-0x0000765e8b1f26c0|[DEFAULT][HTTP][SESSION][onRead]receive http request
info|2026-02-06 15:59:44.119123|ioService-0x0000765e8b1f26c0|[DEFAULT][HTTP][SESSION][onRead]receive http request
info|2026-02-06 15:59:46.519313|timerFactory-0x0000765e95bff6c0|[RPC][WS][SERVICE]connected nodes,count=0
info|2026-02-06 15:59:46.522386|ioService-0x0000765ebb5fd6c0|[P2PService][Service][METRIC]heartBeat,connected count=3
info|2026-02-06 15:59:46.524878|timerFactory-0x0000765eaa3fe6c0|[RPC][WS][SERVICE]connected nodes,count=0
info|2026-02-06 15:59:47.118474|ioService-0x0000765e8b1f26c0|[DEFAULT][HTTP][SESSION][onRead]receive http request
info|2026-02-06 15:59:50.119985|ioService-0x0000765e8b1f26c0|[DEFAULT][HTTP][SESSION][onRead]receive http request
info|2026-02-06 15:59:53.131766|ioService-0x0000765e8b1f26c0|[DEFAULT][HTTP][SESSION][onRead]receive http request
info|2026-02-06 15:59:53.665239|ioService-0x0000765e8b9f36c0|[DEFAULT][HTTP][STREAM]close the stream,this=0x765e9282aa50
info|2026-02-06 15:59:53.665370|ioService-0x0000765e8d1f66c0|[DEFAULT][HTTP][STREAM]close the stream,this=0x765e9282a870
info|2026-02-06 15:59:53.665331|ioService-0x0000765e8c1f46c0|[DEFAULT][HTTP][STREAM]close the stream,this=0x765e9282a9b0
info|2026-02-06 15:59:53.665524|ioService-0x0000765e8b1f26c0|[DEFAULT][HTTP][STREAM]close the stream,this=0x765e9282aaf0
info|2026-02-06 15:59:53.665446|ioService-0x0000765e8d9f76c0|[DEFAULT][HTTP][STREAM]close the stream,this=0x765e9282a7d0
info|2026-02-06 15:59:53.665673|ioService-0x0000765e8e1f86c0|[DEFAULT][HTTP][STREAM]close the stream,this=0x765e9282a730
info|2026-02-06 15:59:53.665818|ioService-0x0000765e8e9f96c0|[DEFAULT][HTTP][STREAM]close the stream,this=0x765e9282a190
info|2026-02-06 15:59:53.665783|ioService-0x0000765e8c9f56c0|[DEFAULT][HTTP][STREAM]close the stream,this=0x765e9282a910
info|2026-02-06 15:59:56.519479|timerFactory-0x0000765e95bff6c0|[RPC][WS][SERVICE]connected nodes,count=0
info|2026-02-06 15:59:56.522709|ioService-0x0000765ebb5fd6c0|[P2PService][Service][METRIC]heartBeat,connected count=3
info|2026-02-06 15:59:56.525040|timerFactory-0x0000765eaa3fe6c0|[RPC][WS][SERVICE]connected nodes,count=0
