info|2026-02-06 20:00:00.573675|ioService-0x000072a2b1bfe6c0|[DEFAULT][HTTP][SESSION][onRead]receive http request
info|2026-02-06 20:00:01.793840|timerFactory-0x000072a2c63ff6c0|[RPC][WS][SERVICE]connected nodes,count=0
info|2026-02-06 20:00:01.822110|timerFactory-0x000072a2b69ff6c0|[RPC][WS][SERVICE]connected nodes,count=0
info|2026-02-06 20:00:01.867620|ioService-0x000072a2d73fe6c0|[P2PService][Service][METRIC]heartBeat,connected count=3
info|2026-02-06 20:00:03.572736|ioService-0x000072a2b1bfe6c0|[DEFAULT][HTTP][SESSION][onRead]receive http request
info|2026-02-06 20:00:06.572979|ioService-0x000072a2b1bfe6c0|[DEFAULT][HTTP][SESSION][onRead]receive http request
info|2026-02-06 20:00:09.570611|ioService-0x000072a2b1bfe6c0|[DEFAULT][HTTP][SESSION][onRead]receive http request
info|2026-02-06 20:00:11.794228|timerFactory-0x000072a2c63ff6c0|[RPC][WS][SERVICE]connected nodes,count=0
info|2026-02-06 20:00:11.822453|timerFactory-0x000072a2b69ff6c0|[RPC][WS][SERVICE]connected nodes,count=0
info|2026-02-06 20:00:11.867766|ioService-0x000072a2d73fe6c0|[P2PService][Service][METRIC]heartBeat,connected count=3
info|2026-02-06 20:00:12.573427|ioService-0x000072a2b1bfe6c0|[DEFAULT][HTTP][SESSION][onRead]receive http request
info|2026-02-06 20:00:15.575394|ioService-0x000072a2b1bfe6c0|[DEFAULT][HTTP][SESSION][onRead]receive http request
info|2026-02-06 20:00:18.574653|ioService-0x000072a2b1bfe6c0|[DEFAULT][HTTP][SESSION][onRead]receive http request
info|2026-02-06 20:00:21.573947|ioService-0x000072a2b1bfe6c0|[DEFAULT][HTTP][SESSION][onRead]receive http request
info|2026-02-06 20:00:21.794501|timerFactory-0x000072a2c63ff6c0|[RPC][WS][SERVICE]connected nodes,count=0
info|2026-02-06 20:00:21.822801|timerFactory-0x000072a2b69ff6c0|[RPC][WS][SERVICE]connected nodes,count=0
info|2026-02-06 20:00:21.868004|ioService-0x000072a2d73fe6c0|[P2PService][Service][METRIC]heartBeat,connected count=3
info|2026-02-06 20:00:24.576240|ioService-0x000072a2b1bfe6c0|[DEFAULT][HTTP][SESSION][onRead]receive http request
info|2026-02-06 20:00:27.575696|ioService-0x000072a2b1bfe6c0|[DEFAULT][HTTP][SESSION][onRead]receive http request
info|2026-02-06 20:00:30.576660|ioService-0x000072a2b1bfe6c0|[DEFAULT][HTTP][SESSION][onRead]receive http request
info|2026-02-06 20:00:30.892915|objMonitor-0x000072a2a55ff6c0|[startMonitor][AliveObjectMonitor],AliveObjectAllocStat=[ type: bcos::gateway::Socket ,created: 10 ,destroyed: 6 ,alive: 4 ] 
info|2026-02-06 20:00:31.794622|timerFactory-0x000072a2c63ff6c0|[RPC][WS][SERVICE]connected nodes,count=0
info|2026-02-06 20:00:31.822925|timerFactory-0x000072a2b69ff6c0|[RPC][WS][SERVICE]connected nodes,count=0
info|2026-02-06 20:00:31.868229|ioService-0x000072a2d73fe6c0|[P2PService][Service][METRIC]heartBeat,connected count=3
info|2026-02-06 20:00:33.577132|ioService-0x000072a2b1bfe6c0|[DEFAULT][HTTP][SESSION][onRead]receive http request
info|2026-02-06 20:00:36.575785|ioService-0x000072a2b1bfe6c0|[DEFAULT][HTTP][SESSION][onRead]receive http request
info|2026-02-06 20:00:39.578286|ioService-0x000072a2b1bfe6c0|[DEFAULT][HTTP][SESSION][onRead]receive http request
info|2026-02-06 20:00:41.794803|timerFactory-0x000072a2c63ff6c0|[RPC][WS][SERVICE]connected nodes,count=0
info|2026-02-06 20:00:41.823095|timerFactory-0x000072a2b69ff6c0|[RPC][WS][SERVICE]connected nodes,count=0
info|2026-02-06 20:00:41.868495|ioService-0x000072a2d73fe6c0|[P2PService][Service][METRIC]heartBeat,connected count=3
info|2026-02-06 20:00:42.591100|ioService-0x000072a2b1bfe6c0|[DEFAULT][HTTP][SESSION][onRead]receive http request
info|2026-02-06 20:00:45.590696|ioService-0x000072a2b1bfe6c0|[DEFAULT][HTTP][SESSION][onRead]receive http request
info|2026-02-06 20:00:48.591366|ioService-0x000072a2b1bfe6c0|[DEFAULT][HTTP][SESSION][onRead]receive http request
info|2026-02-06 20:00:51.593013|ioService-0x000072a2b1bfe6c0|[DEFAULT][HTTP][SESSION][onRead]receive http request
info|2026-02-06 20:00:51.794989|timerFactory-0x000072a2c63ff6c0|[RPC][WS][SERVICE]connected nodes,count=0
info|2026-02-06 20:00:51.823367|timerFactory-0x000072a2b69ff6c0|[RPC][WS][SERVICE]connected nodes,count=0
info|2026-02-06 20:00:51.868713|ioService-0x000072a2d73fe6c0|[P2PService][Service][METRIC]heartBeat,connected count=3
info|2026-02-06 20:00:54.593477|ioService-0x000072a2b1bfe6c0|[DEFAULT][HTTP][SESSION][onRead]receive http request
info|2026-02-06 20:00:57.594553|ioService-0x000072a2b1bfe6c0|[DEFAULT][HTTP][SESSION][onRead]receive http request
info|2026-02-06 20:01:00.595071|ioService-0x000072a2b1bfe6c0|[DEFAULT][HTTP][SESSION][onRead]receive http request
info|2026-02-06 20:01:01.795147|timerFactory-0x000072a2c63ff6c0|[RPC][WS][SERVICE]connected nodes,count=0
info|2026-02-06 20:01:01.823451|timerFactory-0x000072a2b69ff6c0|[RPC][WS][SERVICE]connected nodes,count=0
info|2026-02-06 20:01:01.868937|ioService-0x000072a2d73fe6c0|[P2PService][Service][METRIC]heartBeat,connected count=3
info|2026-02-06 20:01:03.597761|ioService-0x000072a2b1bfe6c0|[DEFAULT][HTTP][SESSION][onRead]receive http request
info|2026-02-06 20:01:06.594577|ioService-0x000072a2b1bfe6c0|[DEFAULT][HTTP][SESSION][onRead]receive http request
info|2026-02-06 20:01:09.596926|ioService-0x000072a2b1bfe6c0|[DEFAULT][HTTP][SESSION][onRead]receive http request
info|2026-02-06 20:01:11.795317|timerFactory-0x000072a2c63ff6c0|[RPC][WS][SERVICE]connected nodes,count=0
info|2026-02-06 20:01:11.823581|timerFactory-0x000072a2b69ff6c0|[RPC][WS][SERVICE]connected nodes,count=0
info|2026-02-06 20:01:11.869403|ioService-0x000072a2d73fe6c0|[P2PService][Service][METRIC]heartBeat,connected count=3
info|2026-02-06 20:01:12.598658|ioService-0x000072a2b1bfe6c0|[DEFAULT][HTTP][SESSION][onRead]receive http request
info|2026-02-06 20:01:15.599522|ioService-0x000072a2b1bfe6c0|[DEFAULT][HTTP][SESSION][onRead]receive http request
info|2026-02-06 20:01:18.600265|ioService-0x000072a2b1bfe6c0|[DEFAULT][HTTP][SESSION][onRead]receive http request
info|2026-02-06 20:01:21.601686|ioService-0x000072a2b1bfe6c0|[DEFAULT][HTTP][SESSION][onRead]receive http request
info|2026-02-06 20:01:21.795483|timerFactory-0x000072a2c63ff6c0|[RPC][WS][SERVICE]connected nodes,count=0
info|2026-02-06 20:01:21.823961|timerFactory-0x000072a2b69ff6c0|[RPC][WS][SERVICE]connected nodes,count=0
info|2026-02-06 20:01:21.869662|ioService-0x000072a2d73fe6c0|[P2PService][Service][METRIC]heartBeat,connected count=3
info|2026-02-06 20:01:24.604440|ioService-0x000072a2b1bfe6c0|[DEFAULT][HTTP][SESSION][onRead]receive http request
info|2026-02-06 20:01:27.604783|ioService-0x000072a2b1bfe6c0|[DEFAULT][HTTP][SESSION][onRead]receive http request
info|2026-02-06 20:01:30.605236|ioService-0x000072a2b1bfe6c0|[DEFAULT][HTTP][SESSION][onRead]receive http request
info|2026-02-06 20:01:30.889922|objMonitor-0x000072a2a55ff6c0|[startMonitor][AliveObjectMonitor],AliveObjectAllocStat=[ type: bcos::gateway::Socket ,created: 10 ,destroyed: 6 ,alive: 4 ] 
info|2026-02-06 20:01:31.795664|timerFactory-0x000072a2c63ff6c0|[RPC][WS][SERVICE]connected nodes,count=0
info|2026-02-06 20:01:31.824406|timerFactory-0x000072a2b69ff6c0|[RPC][WS][SERVICE]connected nodes,count=0
info|2026-02-06 20:01:31.871145|ioService-0x000072a2d73fe6c0|[P2PService][Service][METRIC]heartBeat,connected count=3
info|2026-02-06 20:01:33.605783|ioService-0x000072a2b1bfe6c0|[DEFAULT][HTTP][SESSION][onRead]receive http request
info|2026-02-06 20:01:36.605098|ioService-0x000072a2b1bfe6c0|[DEFAULT][HTTP][SESSION][onRead]receive http request
info|2026-02-06 20:01:39.605437|ioService-0x000072a2b1bfe6c0|[DEFAULT][HTTP][SESSION][onRead]receive http request
info|2026-02-06 20:01:41.795889|timerFactory-0x000072a2c63ff6c0|[RPC][WS][SERVICE]connected nodes,count=0
info|2026-02-06 20:01:41.824603|timerFactory-0x000072a2b69ff6c0|[RPC][WS][SERVICE]connected nodes,count=0
info|2026-02-06 20:01:41.871373|ioService-0x000072a2d73fe6c0|[P2PService][Service][METRIC]heartBeat,connected count=3
info|2026-02-06 20:01:42.605765|ioService-0x000072a2b1bfe6c0|[DEFAULT][HTTP][SESSION][onRead]receive http request
info|2026-02-06 20:01:45.607055|ioService-0x000072a2b1bfe6c0|[DEFAULT][HTTP][SESSION][onRead]receive http request
info|2026-02-06 20:01:48.608398|ioService-0x000072a2b1bfe6c0|[DEFAULT][HTTP][SESSION][onRead]receive http request
info|2026-02-06 20:01:51.609948|ioService-0x000072a2b1bfe6c0|[DEFAULT][HTTP][SESSION][onRead]receive http request
info|2026-02-06 20:01:51.796120|timerFactory-0x000072a2c63ff6c0|[RPC][WS][SERVICE]connected nodes,count=0
info|2026-02-06 20:01:51.824750|timerFactory-0x000072a2b69ff6c0|[RPC][WS][SERVICE]connected nodes,count=0
info|2026-02-06 20:01:51.871506|ioService-0x000072a2d73fe6c0|[P2PService][Service][METRIC]heartBeat,connected count=3
info|2026-02-06 20:01:54.611017|ioService-0x000072a2b1bfe6c0|[DEFAULT][HTTP][SESSION][onRead]receive http request
info|2026-02-06 20:01:57.612457|ioService-0x000072a2b1bfe6c0|[DEFAULT][HTTP][SESSION][onRead]receive http request
info|2026-02-06 20:02:00.614074|ioService-0x000072a2b1bfe6c0|[DEFAULT][HTTP][SESSION][onRead]receive http request
info|2026-02-06 20:02:01.796433|timerFactory-0x000072a2c63ff6c0|[RPC][WS][SERVICE]connected nodes,count=0
info|2026-02-06 20:02:01.824912|timerFactory-0x000072a2b69ff6c0|[RPC][WS][SERVICE]connected nodes,count=0
info|2026-02-06 20:02:01.871732|ioService-0x000072a2d73fe6c0|[P2PService][Service][METRIC]heartBeat,connected count=3
info|2026-02-06 20:02:03.614750|ioService-0x000072a2b1bfe6c0|[DEFAULT][HTTP][SESSION][onRead]receive http request
info|2026-02-06 20:02:06.613238|ioService-0x000072a2b1bfe6c0|[DEFAULT][HTTP][SESSION][onRead]receive http request
info|2026-02-06 20:02:09.613442|ioService-0x000072a2b1bfe6c0|[DEFAULT][HTTP][SESSION][onRead]receive http request
info|2026-02-06 20:02:11.796742|timerFactory-0x000072a2c63ff6c0|[RPC][WS][SERVICE]connected nodes,count=0
info|2026-02-06 20:02:11.825092|timerFactory-0x000072a2b69ff6c0|[RPC][WS][SERVICE]connected nodes,count=0
info|2026-02-06 20:02:11.872177|ioService-0x000072a2d73fe6c0|[P2PService][Service][METRIC]heartBeat,connected count=3
info|2026-02-06 20:02:12.617189|ioService-0x000072a2b1bfe6c0|[DEFAULT][HTTP][SESSION][onRead]receive http request
info|2026-02-06 20:02:15.617318|ioService-0x000072a2b1bfe6c0|[DEFAULT][HTTP][SESSION][onRead]receive http request
info|2026-02-06 20:02:18.617913|ioService-0x000072a2b1bfe6c0|[DEFAULT][HTTP][SESSION][onRead]receive http request
info|2026-02-06 20:02:21.618361|ioService-0x000072a2b1bfe6c0|[DEFAULT][HTTP][SESSION][onRead]receive http request
info|2026-02-06 20:02:21.797009|timerFactory-0x000072a2c63ff6c0|[RPC][WS][SERVICE]connected nodes,count=0
info|2026-02-06 20:02:21.825255|timerFactory-0x000072a2b69ff6c0|[RPC][WS][SERVICE]connected nodes,count=0
info|2026-02-06 20:02:21.872414|ioService-0x000072a2d73fe6c0|[P2PService][Service][METRIC]heartBeat,connected count=3
info|2026-02-06 20:02:24.619414|ioService-0x000072a2b1bfe6c0|[DEFAULT][HTTP][SESSION][onRead]receive http request
info|2026-02-06 20:02:27.620240|ioService-0x000072a2b1bfe6c0|[DEFAULT][HTTP][SESSION][onRead]receive http request
info|2026-02-06 20:02:30.621374|ioService-0x000072a2b1bfe6c0|[DEFAULT][HTTP][SESSION][onRead]receive http request
info|2026-02-06 20:02:30.885737|objMonitor-0x000072a2a55ff6c0|[startMonitor][AliveObjectMonitor],AliveObjectAllocStat=[ type: bcos::gateway::Socket ,created: 10 ,destroyed: 6 ,alive: 4 ] 
info|2026-02-06 20:02:31.797112|timerFactory-0x000072a2c63ff6c0|[RPC][WS][SERVICE]connected nodes,count=0
info|2026-02-06 20:02:31.825598|timerFactory-0x000072a2b69ff6c0|[RPC][WS][SERVICE]connected nodes,count=0
info|2026-02-06 20:02:31.872618|ioService-0x000072a2d73fe6c0|[P2PService][Service][METRIC]heartBeat,connected count=3
info|2026-02-06 20:02:33.624556|ioService-0x000072a2b1bfe6c0|[DEFAULT][HTTP][SESSION][onRead]receive http request
info|2026-02-06 20:02:36.620911|ioService-0x000072a2b1bfe6c0|[DEFAULT][HTTP][SESSION][onRead]receive http request
info|2026-02-06 20:02:39.622084|ioService-0x000072a2b1bfe6c0|[DEFAULT][HTTP][SESSION][onRead]receive http request
info|2026-02-06 20:02:41.797285|timerFactory-0x000072a2c63ff6c0|[RPC][WS][SERVICE]connected nodes,count=0
info|2026-02-06 20:02:41.825804|timerFactory-0x000072a2b69ff6c0|[RPC][WS][SERVICE]connected nodes,count=0
info|2026-02-06 20:02:41.872826|ioService-0x000072a2d73fe6c0|[P2PService][Service][METRIC]heartBeat,connected count=3
info|2026-02-06 20:02:42.623385|ioService-0x000072a2b1bfe6c0|[DEFAULT][HTTP][SESSION][onRead]receive http request
info|2026-02-06 20:02:45.624221|ioService-0x000072a2b1bfe6c0|[DEFAULT][HTTP][SESSION][onRead]receive http request
info|2026-02-06 20:02:48.624945|ioService-0x000072a2b1bfe6c0|[DEFAULT][HTTP][SESSION][onRead]receive http request
info|2026-02-06 20:02:51.626917|ioService-0x000072a2b1bfe6c0|[DEFAULT][HTTP][SESSION][onRead]receive http request
info|2026-02-06 20:02:51.797435|timerFactory-0x000072a2c63ff6c0|[RPC][WS][SERVICE]connected nodes,count=0
info|2026-02-06 20:02:51.826097|timerFactory-0x000072a2b69ff6c0|[RPC][WS][SERVICE]connected nodes,count=0
info|2026-02-06 20:02:51.873020|ioService-0x000072a2d73fe6c0|[P2PService][Service][METRIC]heartBeat,connected count=3
info|2026-02-06 20:02:54.626683|ioService-0x000072a2b1bfe6c0|[DEFAULT][HTTP][SESSION][onRead]receive http request
info|2026-02-06 20:02:57.627708|ioService-0x000072a2b1bfe6c0|[DEFAULT][HTTP][SESSION][onRead]receive http request
info|2026-02-06 20:03:00.628168|ioService-0x000072a2b1bfe6c0|[DEFAULT][HTTP][SESSION][onRead]receive http request
info|2026-02-06 20:03:01.797618|timerFactory-0x000072a2c63ff6c0|[RPC][WS][SERVICE]connected nodes,count=0
info|2026-02-06 20:03:01.826561|timerFactory-0x000072a2b69ff6c0|[RPC][WS][SERVICE]connected nodes,count=0
info|2026-02-06 20:03:01.873723|ioService-0x000072a2d73fe6c0|[P2PService][Service][METRIC]heartBeat,connected count=3
info|2026-02-06 20:03:03.630011|ioService-0x000072a2b1bfe6c0|[DEFAULT][HTTP][SESSION][onRead]receive http request
info|2026-02-06 20:03:06.634984|ioService-0x000072a2b1bfe6c0|[DEFAULT][HTTP][SESSION][onRead]receive http request
info|2026-02-06 20:03:09.634535|ioService-0x000072a2b1bfe6c0|[DEFAULT][HTTP][SESSION][onRead]receive http request
info|2026-02-06 20:03:11.797825|timerFactory-0x000072a2c63ff6c0|[RPC][WS][SERVICE]connected nodes,count=0
info|2026-02-06 20:03:11.826855|timerFactory-0x000072a2b69ff6c0|[RPC][WS][SERVICE]connected nodes,count=0
info|2026-02-06 20:03:11.874095|ioService-0x000072a2d73fe6c0|[P2PService][Service][METRIC]heartBeat,connected count=3
info|2026-02-06 20:03:12.636461|ioService-0x000072a2b1bfe6c0|[DEFAULT][HTTP][SESSION][onRead]receive http request
info|2026-02-06 20:03:15.639497|ioService-0x000072a2b1bfe6c0|[DEFAULT][HTTP][SESSION][onRead]receive http request
info|2026-02-06 20:03:18.639042|ioService-0x000072a2b1bfe6c0|[DEFAULT][HTTP][SESSION][onRead]receive http request
info|2026-02-06 20:03:21.639852|ioService-0x000072a2b1bfe6c0|[DEFAULT][HTTP][SESSION][onRead]receive http request
info|2026-02-06 20:03:21.797965|timerFactory-0x000072a2c63ff6c0|[RPC][WS][SERVICE]connected nodes,count=0
info|2026-02-06 20:03:21.827043|timerFactory-0x000072a2b69ff6c0|[RPC][WS][SERVICE]connected nodes,count=0
info|2026-02-06 20:03:21.874272|ioService-0x000072a2d73fe6c0|[P2PService][Service][METRIC]heartBeat,connected count=3
info|2026-02-06 20:03:24.640806|ioService-0x000072a2b1bfe6c0|[DEFAULT][HTTP][SESSION][onRead]receive http request
info|2026-02-06 20:03:27.641686|ioService-0x000072a2b1bfe6c0|[DEFAULT][HTTP][SESSION][onRead]receive http request
info|2026-02-06 20:03:30.640659|ioService-0x000072a2b1bfe6c0|[DEFAULT][HTTP][SESSION][onRead]receive http request
info|2026-02-06 20:03:30.881691|objMonitor-0x000072a2a55ff6c0|[startMonitor][AliveObjectMonitor],AliveObjectAllocStat=[ type: bcos::gateway::Socket ,created: 10 ,destroyed: 6 ,alive: 4 ] 
info|2026-02-06 20:03:31.798113|timerFactory-0x000072a2c63ff6c0|[RPC][WS][SERVICE]connected nodes,count=0
info|2026-02-06 20:03:31.827240|timerFactory-0x000072a2b69ff6c0|[RPC][WS][SERVICE]connected nodes,count=0
info|2026-02-06 20:03:31.874633|ioService-0x000072a2d73fe6c0|[P2PService][Service][METRIC]heartBeat,connected count=3
info|2026-02-06 20:03:33.642091|ioService-0x000072a2b1bfe6c0|[DEFAULT][HTTP][SESSION][onRead]receive http request
info|2026-02-06 20:03:36.640255|ioService-0x000072a2b1bfe6c0|[DEFAULT][HTTP][SESSION][onRead]receive http request
info|2026-02-06 20:03:39.642528|ioService-0x000072a2b1bfe6c0|[DEFAULT][HTTP][SESSION][onRead]receive http request
info|2026-02-06 20:03:41.798360|timerFactory-0x000072a2c63ff6c0|[RPC][WS][SERVICE]connected nodes,count=0
info|2026-02-06 20:03:41.827413|timerFactory-0x000072a2b69ff6c0|[RPC][WS][SERVICE]connected nodes,count=0
info|2026-02-06 20:03:41.874841|ioService-0x000072a2d73fe6c0|[P2PService][Service][METRIC]heartBeat,connected count=3
info|2026-02-06 20:03:42.642264|ioService-0x000072a2b1bfe6c0|[DEFAULT][HTTP][SESSION][onRead]receive http request
info|2026-02-06 20:03:45.649364|ioService-0x000072a2b1bfe6c0|[DEFAULT][HTTP][SESSION][onRead]receive http request
info|2026-02-06 20:03:48.645948|ioService-0x000072a2b1bfe6c0|[DEFAULT][HTTP][SESSION][onRead]receive http request
info|2026-02-06 20:03:51.646458|ioService-0x000072a2b1bfe6c0|[DEFAULT][HTTP][SESSION][onRead]receive http request
info|2026-02-06 20:03:51.798498|timerFactory-0x000072a2c63ff6c0|[RPC][WS][SERVICE]connected nodes,count=0
info|2026-02-06 20:03:51.827609|timerFactory-0x000072a2b69ff6c0|[RPC][WS][SERVICE]connected nodes,count=0
info|2026-02-06 20:03:51.875041|ioService-0x000072a2d73fe6c0|[P2PService][Service][METRIC]heartBeat,connected count=3
info|2026-02-06 20:03:54.647810|ioService-0x000072a2b1bfe6c0|[DEFAULT][HTTP][SESSION][onRead]receive http request
info|2026-02-06 20:03:57.650017|ioService-0x000072a2b1bfe6c0|[DEFAULT][HTTP][SESSION][onRead]receive http request
info|2026-02-06 20:04:00.650087|ioService-0x000072a2b1bfe6c0|[DEFAULT][HTTP][SESSION][onRead]receive http request
info|2026-02-06 20:04:01.798685|timerFactory-0x000072a2c63ff6c0|[RPC][WS][SERVICE]connected nodes,count=0
info|2026-02-06 20:04:01.827789|timerFactory-0x000072a2b69ff6c0|[RPC][WS][SERVICE]connected nodes,count=0
info|2026-02-06 20:04:01.875211|ioService-0x000072a2d73fe6c0|[P2PService][Service][METRIC]heartBeat,connected count=3
info|2026-02-06 20:04:03.650919|ioService-0x000072a2b1bfe6c0|[DEFAULT][HTTP][SESSION][onRead]receive http request
info|2026-02-06 20:04:06.649918|ioService-0x000072a2b1bfe6c0|[DEFAULT][HTTP][SESSION][onRead]receive http request
info|2026-02-06 20:04:09.650817|ioService-0x000072a2b1bfe6c0|[DEFAULT][HTTP][SESSION][onRead]receive http request
info|2026-02-06 20:04:11.799668|timerFactory-0x000072a2c63ff6c0|[RPC][WS][SERVICE]connected nodes,count=0
info|2026-02-06 20:04:11.827959|timerFactory-0x000072a2b69ff6c0|[RPC][WS][SERVICE]connected nodes,count=0
info|2026-02-06 20:04:11.875405|ioService-0x000072a2d73fe6c0|[P2PService][Service][METRIC]heartBeat,connected count=3
info|2026-02-06 20:04:12.652174|ioService-0x000072a2b1bfe6c0|[DEFAULT][HTTP][SESSION][onRead]receive http request
info|2026-02-06 20:04:15.656270|ioService-0x000072a2b1bfe6c0|[DEFAULT][HTTP][SESSION][onRead]receive http request
info|2026-02-06 20:04:18.652923|ioService-0x000072a2b1bfe6c0|[DEFAULT][HTTP][SESSION][onRead]receive http request
info|2026-02-06 20:04:21.656777|ioService-0x000072a2b1bfe6c0|[DEFAULT][HTTP][SESSION][onRead]receive http request
info|2026-02-06 20:04:21.799921|timerFactory-0x000072a2c63ff6c0|[RPC][WS][SERVICE]connected nodes,count=0
info|2026-02-06 20:04:21.828171|timerFactory-0x000072a2b69ff6c0|[RPC][WS][SERVICE]connected nodes,count=0
info|2026-02-06 20:04:21.875815|ioService-0x000072a2d73fe6c0|[P2PService][Service][METRIC]heartBeat,connected count=3
info|2026-02-06 20:04:24.656355|ioService-0x000072a2b1bfe6c0|[DEFAULT][HTTP][SESSION][onRead]receive http request
info|2026-02-06 20:04:27.657946|ioService-0x000072a2b1bfe6c0|[DEFAULT][HTTP][SESSION][onRead]receive http request
info|2026-02-06 20:04:30.658803|ioService-0x000072a2b1bfe6c0|[DEFAULT][HTTP][SESSION][onRead]receive http request
info|2026-02-06 20:04:30.877553|objMonitor-0x000072a2a55ff6c0|[startMonitor][AliveObjectMonitor],AliveObjectAllocStat=[ type: bcos::gateway::Socket ,created: 10 ,destroyed: 6 ,alive: 4 ] 
info|2026-02-06 20:04:31.800101|timerFactory-0x000072a2c63ff6c0|[RPC][WS][SERVICE]connected nodes,count=0
info|2026-02-06 20:04:31.828308|timerFactory-0x000072a2b69ff6c0|[RPC][WS][SERVICE]connected nodes,count=0
info|2026-02-06 20:04:31.876013|ioService-0x000072a2d73fe6c0|[P2PService][Service][METRIC]heartBeat,connected count=3
info|2026-02-06 20:04:33.659635|ioService-0x000072a2b1bfe6c0|[DEFAULT][HTTP][SESSION][onRead]receive http request
info|2026-02-06 20:04:36.658964|ioService-0x000072a2b1bfe6c0|[DEFAULT][HTTP][SESSION][onRead]receive http request
info|2026-02-06 20:04:39.660093|ioService-0x000072a2b1bfe6c0|[DEFAULT][HTTP][SESSION][onRead]receive http request
info|2026-02-06 20:04:41.800436|timerFactory-0x000072a2c63ff6c0|[RPC][WS][SERVICE]connected nodes,count=0
info|2026-02-06 20:04:41.828480|timerFactory-0x000072a2b69ff6c0|[RPC][WS][SERVICE]connected nodes,count=0
info|2026-02-06 20:04:41.876676|ioService-0x000072a2d73fe6c0|[P2PService][Service][METRIC]heartBeat,connected count=3
info|2026-02-06 20:04:42.661192|ioService-0x000072a2b1bfe6c0|[DEFAULT][HTTP][SESSION][onRead]receive http request
info|2026-02-06 20:04:45.662530|ioService-0x000072a2b1bfe6c0|[DEFAULT][HTTP][SESSION][onRead]receive http request
info|2026-02-06 20:04:48.665617|ioService-0x000072a2b1bfe6c0|[DEFAULT][HTTP][SESSION][onRead]receive http request
info|2026-02-06 20:04:51.664858|ioService-0x000072a2b1bfe6c0|[DEFAULT][HTTP][SESSION][onRead]receive http request
info|2026-02-06 20:04:51.800612|timerFactory-0x000072a2c63ff6c0|[RPC][WS][SERVICE]connected nodes,count=0
info|2026-02-06 20:04:51.828660|timerFactory-0x000072a2b69ff6c0|[RPC][WS][SERVICE]connected nodes,count=0
info|2026-02-06 20:04:51.876842|ioService-0x000072a2d73fe6c0|[P2PService][Service][METRIC]heartBeat,connected count=3
info|2026-02-06 20:04:54.665274|ioService-0x000072a2b1bfe6c0|[DEFAULT][HTTP][SESSION][onRead]receive http request
info|2026-02-06 20:04:57.665965|ioService-0x000072a2b1bfe6c0|[DEFAULT][HTTP][SESSION][onRead]receive http request
info|2026-02-06 20:05:00.666735|ioService-0x000072a2b1bfe6c0|[DEFAULT][HTTP][SESSION][onRead]receive http request
info|2026-02-06 20:05:01.800813|timerFactory-0x000072a2c63ff6c0|[RPC][WS][SERVICE]connected nodes,count=0
info|2026-02-06 20:05:01.828906|timerFactory-0x000072a2b69ff6c0|[RPC][WS][SERVICE]connected nodes,count=0
info|2026-02-06 20:05:01.877078|ioService-0x000072a2d73fe6c0|[P2PService][Service][METRIC]heartBeat,connected count=3
info|2026-02-06 20:05:03.667712|ioService-0x000072a2b1bfe6c0|[DEFAULT][HTTP][SESSION][onRead]receive http request
info|2026-02-06 20:05:04.439644|ioService-0x000072a2b1bfe6c0|[DEFAULT][HTTP][STREAM]close the stream,this=0x72a2a9e07170
info|2026-02-06 20:05:10.607103|ioService-0x000072a2b47ff6c0|[DEFAULT][HTTP][SERVER][accept],local_endpoint=127.0.0.1:8545,remote_endpoint=127.0.0.1:47200
info|2026-02-06 20:05:10.608690|ioService-0x000072a2b0dff6c0|[DEFAULT][HTTP][SESSION][onRead]receive http request
info|2026-02-06 20:05:11.800984|timerFactory-0x000072a2c63ff6c0|[RPC][WS][SERVICE]connected nodes,count=0
info|2026-02-06 20:05:11.829275|timerFactory-0x000072a2b69ff6c0|[RPC][WS][SERVICE]connected nodes,count=0
info|2026-02-06 20:05:11.877221|ioService-0x000072a2d73fe6c0|[P2PService][Service][METRIC]heartBeat,connected count=3
info|2026-02-06 20:05:13.692111|ioService-0x000072a2b0dff6c0|[DEFAULT][HTTP][SESSION][onRead]receive http request
info|2026-02-06 20:05:16.692056|ioService-0x000072a2b0dff6c0|[DEFAULT][HTTP][SESSION][onRead]receive http request
info|2026-02-06 20:05:19.692217|ioService-0x000072a2b0dff6c0|[DEFAULT][HTTP][SESSION][onRead]receive http request
info|2026-02-06 20:05:21.801211|timerFactory-0x000072a2c63ff6c0|[RPC][WS][SERVICE]connected nodes,count=0
info|2026-02-06 20:05:21.829450|timerFactory-0x000072a2b69ff6c0|[RPC][WS][SERVICE]connected nodes,count=0
info|2026-02-06 20:05:21.877394|ioService-0x000072a2d73fe6c0|[P2PService][Service][METRIC]heartBeat,connected count=3
info|2026-02-06 20:05:22.164474|ioService-0x000072a2b47ff6c0|[DEFAULT][HTTP][SERVER][accept],local_endpoint=127.0.0.1:8545,remote_endpoint=127.0.0.1:36786
info|2026-02-06 20:05:22.166046|ioService-0x000072a2affff6c0|[DEFAULT][HTTP][SESSION][onRead]receive http request
info|2026-02-06 20:05:22.693859|ioService-0x000072a2b0dff6c0|[DEFAULT][HTTP][SESSION][onRead]receive http request
info|2026-02-06 20:05:25.251093|ioService-0x000072a2affff6c0|[DEFAULT][HTTP][SESSION][onRead]receive http request
info|2026-02-06 20:05:25.694796|ioService-0x000072a2b0dff6c0|[DEFAULT][HTTP][SESSION][onRead]receive http request
info|2026-02-06 20:05:28.250575|ioService-0x000072a2affff6c0|[DEFAULT][HTTP][SESSION][onRead]receive http request
info|2026-02-06 20:05:28.697634|ioService-0x000072a2b0dff6c0|[DEFAULT][HTTP][SESSION][onRead]receive http request
info|2026-02-06 20:05:30.874236|objMonitor-0x000072a2a55ff6c0|[startMonitor][AliveObjectMonitor],AliveObjectAllocStat=[ type: bcos::gateway::Socket ,created: 10 ,destroyed: 6 ,alive: 4 ] 
info|2026-02-06 20:05:31.252545|ioService-0x000072a2affff6c0|[DEFAULT][HTTP][SESSION][onRead]receive http request
info|2026-02-06 20:05:31.695252|ioService-0x000072a2b0dff6c0|[DEFAULT][HTTP][SESSION][onRead]receive http request
info|2026-02-06 20:05:31.801324|timerFactory-0x000072a2c63ff6c0|[RPC][WS][SERVICE]connected nodes,count=0
info|2026-02-06 20:05:31.829621|timerFactory-0x000072a2b69ff6c0|[RPC][WS][SERVICE]connected nodes,count=0
info|2026-02-06 20:05:31.877555|ioService-0x000072a2d73fe6c0|[P2PService][Service][METRIC]heartBeat,connected count=3
info|2026-02-06 20:05:34.251590|ioService-0x000072a2affff6c0|[DEFAULT][HTTP][SESSION][onRead]receive http request
info|2026-02-06 20:05:34.695868|ioService-0x000072a2b0dff6c0|[DEFAULT][HTTP][SESSION][onRead]receive http request
info|2026-02-06 20:05:35.244868|ioService-0x000072a2affff6c0|[DEFAULT][HTTP][STREAM]close the stream,this=0x72a2a9e073f0
info|2026-02-06 20:05:37.695119|ioService-0x000072a2b0dff6c0|[DEFAULT][HTTP][SESSION][onRead]receive http request
info|2026-02-06 20:05:40.694802|ioService-0x000072a2b0dff6c0|[DEFAULT][HTTP][SESSION][onRead]receive http request
info|2026-02-06 20:05:41.801641|timerFactory-0x000072a2c63ff6c0|[RPC][WS][SERVICE]connected nodes,count=0
info|2026-02-06 20:05:41.829755|timerFactory-0x000072a2b69ff6c0|[RPC][WS][SERVICE]connected nodes,count=0
info|2026-02-06 20:05:41.877832|ioService-0x000072a2d73fe6c0|[P2PService][Service][METRIC]heartBeat,connected count=3
info|2026-02-06 20:05:43.696521|ioService-0x000072a2b0dff6c0|[DEFAULT][HTTP][SESSION][onRead]receive http request
info|2026-02-06 20:05:46.698285|ioService-0x000072a2b0dff6c0|[DEFAULT][HTTP][SESSION][onRead]receive http request
info|2026-02-06 20:05:49.698532|ioService-0x000072a2b0dff6c0|[DEFAULT][HTTP][SESSION][onRead]receive http request
info|2026-02-06 20:05:51.802285|timerFactory-0x000072a2c63ff6c0|[RPC][WS][SERVICE]connected nodes,count=0
info|2026-02-06 20:05:51.829984|timerFactory-0x000072a2b69ff6c0|[RPC][WS][SERVICE]connected nodes,count=0
info|2026-02-06 20:05:51.878210|ioService-0x000072a2d73fe6c0|[P2PService][Service][METRIC]heartBeat,connected count=3
info|2026-02-06 20:05:52.701269|ioService-0x000072a2b0dff6c0|[DEFAULT][HTTP][SESSION][onRead]receive http request
info|2026-02-06 20:05:55.701049|ioService-0x000072a2b0dff6c0|[DEFAULT][HTTP][SESSION][onRead]receive http request
info|2026-02-06 20:05:58.701895|ioService-0x000072a2b0dff6c0|[DEFAULT][HTTP][SESSION][onRead]receive http request
info|2026-02-06 20:06:01.701579|ioService-0x000072a2b0dff6c0|[DEFAULT][HTTP][SESSION][onRead]receive http request
info|2026-02-06 20:06:01.802452|timerFactory-0x000072a2c63ff6c0|[RPC][WS][SERVICE]connected nodes,count=0
info|2026-02-06 20:06:01.830299|timerFactory-0x000072a2b69ff6c0|[RPC][WS][SERVICE]connected nodes,count=0
info|2026-02-06 20:06:01.878385|ioService-0x000072a2d73fe6c0|[P2PService][Service][METRIC]heartBeat,connected count=3
info|2026-02-06 20:06:04.703113|ioService-0x000072a2b0dff6c0|[DEFAULT][HTTP][SESSION][onRead]receive http request
info|2026-02-06 20:06:05.264282|ioService-0x000072a2c47ff6c0|[DEFAULT][HTTP][SERVER][accept],local_endpoint=127.0.0.1:20203,remote_endpoint=127.0.0.1:34022
info|2026-02-06 20:06:05.265415|ioService-0x000072a2bfbff6c0|[DEFAULT][HTTP][SESSION][onRead]websocket upgrade
info|2026-02-06 20:06:05.265559|ioService-0x000072a2bfbff6c0|[DEFAULT][WS][STREAM],[NEWOBJ][WsStream]=0x72a2b4c87b50
info|2026-02-06 20:06:05.265589|ioService-0x000072a2bfbff6c0|[RPC][WS][SESSION],[NEWOBJ][WSSESSION]=0x72a30ae36a10
info|2026-02-06 20:06:05.265601|ioService-0x000072a2bfbff6c0|[RPC][WS][SERVICE][newSession]start the session,endPoint=127.0.0.1:34022
info|2026-02-06 20:06:05.265611|ioService-0x000072a2bfbff6c0|[RPC][WS][SESSION][startAsServer]start websocket handshake,endPoint=127.0.0.1:34022,session=0x72a30ae36a10
info|2026-02-06 20:06:05.265789|ioService-0x000072a2bfbff6c0|[RPC][WS][SERVICE][addSession]add session to mapping,endPoint=127.0.0.1:34022,result=true
info|2026-02-06 20:06:05.265855|ioService-0x000072a2bfbff6c0|[RPC][WS][SERVICE][onConnect],endpoint=127.0.0.1:34022,refCount=3
info|2026-02-06 20:06:05.265906|ioService-0x000072a2bfbff6c0|[RPC][WS][SESSION][onWsAccept]websocket handshake successfully,endPoint=127.0.0.1:34022,session=0x72a30ae36a10
info|2026-02-06 20:06:05.266707|fisco-bcos-0x000072a28ed4a6c0|HandshakeRequest,module=2,minVersion=0,maxVersion=2
info|2026-02-06 20:06:05.266796|fisco-bcos-0x000072a28ed4a6c0|[RPC]negotiatedVersion success,peer=127.0.0.1:34022,minVersion=0,maxVersion=2,supportMinVersion=0,supportMaxVersion=2,negotiatedVersion=2,seq=e8a9b6398f4b4d7286931e910b8a143a
info|2026-02-06 20:06:05.267264|fisco-bcos-0x000072a28ed4a6c0|[RPC]onRecvHandshakeRequest success,version=2,endpoint=127.0.0.1:34022,handshakeResponse={"groupBlockNumber":[{"group0":98}],"groupInfoList":[{"chainID":"chain0","genesisConfig":"{\"blockTxCountLimit\":1000,\"consensusLeaderPeriod\":1,\"consensusType\":\"pbft\",\"sealerList\":[{\"nodeID\":\"0d6a7f52cb87ce7fda869e0db309ec9c53723c46f81632c21e4abbf1a9159f14d53f37cc0c4141548da9ec877d6235afd7a501c40d296fc4c5252a8717aa23c2\",\"weight\":1},{\"nodeID\":\"21a47acec36f73d8e925a7d5db44793f998e1a42a6d7ee2e3a5cf4037b853452cb76f6cbab8e5b223a128e8ee15790d1f629858b47070b4eb2e1ddb2b0ada297\",\"weight\":1},{\"nodeID\":\"2346c69c46d42278eb237167eb19eb28432b63783cc0fd7cddc90f89c148e755db8941be9b0c5f37cbc21c409a78c154abc75ce0c80818c6fbb76aea6bcd0a9a\",\"weight\":1},{\"nodeID\":\"5b07d12d1512a66493c8fd3456d8c505e6ce05f20061613a4c48a1fa3755bbf9cc2d2f1878c4a6733389f03deb0a3fc0c672e2f4910fde9802d6675929cb3dc5\",\"weight\":1}],\"txGasLimit\":3000000000}\n","groupID":"group0","iniConfig":"","nodeList":[{"featureKeys":["bugfix_revert","bugfix_statestorage_hash","bugfix_evm_create2_delegatecall_staticcall_codecopy","bugfix_event_log_order","bugfix_call_noaddr_return","bugfix_precompiled_codehash","bugfix_dmc_revert","bugfix_keypage_system_entry_hash","bugfix_internal_create_redundant_storage","bugfix_internal_create_permission_denied","bugfix_sharding_call_in_child_executive","bugfix_empty_abi_reset","bugfix_eip55_addr","bugfix_eoa_as_contract","bugfix_eoa_match_failed","bugfix_evm_exception_gas_used","bugfix_dmc_deploy_gas_used","bugfix_staticcall_noaddr_return","bugfix_support_transfer_receive_fallback","bugfix_set_row_with_dirty_flag","feature_dmc2serial","feature_sharding","feature_rpbft","feature_paillier","feature_balance","feature_balance_precompiled","feature_balance_policy1","feature_paillier_add_raw","feature_evm_cancun"],"iniConfig":"{\"binaryInfo\":{\"buildTime\":\"20240827 04:30:34\",\"gitCommitHash\":\"3fea676716990b2ed453b4f079915daafff451f9\",\"platform\":\"Linux/g++\",\"version\":\"3.11.0\"},\"chainID\":\"chain0\",\"gatewayServiceName\":\"\",\"groupID\":\"group0\",\"isAuthCheck\":false,\"isSerialExecute\":true,\"isWasm\":false,\"nodeID\":\"5b07d12d1512a66493c8fd3456d8c505e6ce05f20061613a4c48a1fa3755bbf9cc2d2f1878c4a6733389f03deb0a3fc0c672e2f4910fde9802d6675929cb3dc5\",\"nodeName\":\"5b07d12d1512a66493c8fd3456d8c505e6ce05f20061613a4c48a1fa3755bbf9cc2d2f1878c4a6733389f03deb0a3fc0c672e2f4910fde9802d6675929cb3dc5\",\"rpcServiceName\":\"\",\"smCryptoType\":false}\n","microService":false,"name":"5b07d12d1512a66493c8fd3456d8c505e6ce05f20061613a4c48a1fa3755bbf9cc2d2f1878c4a6733389f03deb0a3fc0c672e2f4910fde9802d6675929cb3dc5","nodeID":"5b07d12d1512a66493c8fd3456d8c505e6ce05f20061613a4c48a1fa3755bbf9cc2d2f1878c4a6733389f03deb0a3fc0c672e2f4910fde9802d6675929cb3dc5","protocol":{"compatibilityVersion":51052544,"maxSupportedVersion":2,"minSupportedVersion":0},"serviceInfo":[{"serviceName":"LedgerServiceObj","type":2},{"serviceName":"SchedulerServiceObj","type":3},{"serviceName":"FrontServiceObj","type":4},{"serviceName":"","type":6},{"serviceName":"","type":7},{"serviceName":"TxPoolServiceObj","type":8}],"supportConfigs":["tx_gas_limit","tx_gas_price","tx_count_limit","consensus_leader_period","auth_check_status","compatibility_version","feature_rpbft","feature_rpbft_epoch_block_num","feature_rpbft_epoch_sealer_num","feature_balance_precompiled","web3_chain_id"],"type":0}]}],"protocolVersion":2}
info|2026-02-06 20:06:05.271290|fisco-bcos-0x000072a28ed4a6c0|[parseSubTopicsJson],topicItems size=0,json={"topics":[]}
info|2026-02-06 20:06:05.271373|fisco-bcos-0x000072a28ed4a6c0|[AMOPClient]subscribeTopicToAllNodes,topicInfo={
	"topics" : []
}
info|2026-02-06 20:06:05.271403|fisco-bcos-0x000072a28ed4a6c0|[AMOP][TOPIC][parseSubTopicsJson],topicItems size=0,json={
	"topics" : []
}
info|2026-02-06 20:06:05.271413|fisco-bcos-0x000072a28ed4a6c0|[AMOP][TOPIC][subTopic],client=localAMOP,topicSeq=1,topicItems size=0
info|2026-02-06 20:06:05.271432|fisco-bcos-0x000072a28ed4a6c0|[AMOPClient][onRecvSubTopics],topicInfo={"topics":[]}
,endpoint=127.0.0.1:34022,seq=0615abab9ad34bddbcdd43da40beeb4b
info|2026-02-06 20:06:06.739272|fisco-bcos-0x000072a28dd466c0|[SCHEDULER][serialExecute][blk-98][BlockTrace]serialExecute execute block
info|2026-02-06 20:06:06.739328|fisco-bcos-0x000072a28dd466c0|[SCHEDULER][METRIC][BlockTrace][blk-98]preExeBlock success,blockHeader.timestamp=0,metaTxCount=0,timeCost=0
info|2026-02-06 20:06:07.010473|pbft-0x000072a2d88fd6c0|[CONSENSUS][PBFT]addPrepareCache,reqHash=3d47ec60...,reqIndex=99,reqV=3,fromIdx=2,wait(ms)=1,committedIndex=98,consNum=99,committedHash=4753f3de...,view=3,toView=3,changeCycle=0,expectedCheckPoint=99,Idx=3,unsealedTxs=1,sealUntil=0,waitResealUntil=0,consensusTimeout=3000,nodeId=5b07d12d...,weight=1
info|2026-02-06 20:06:07.010517|pbft-0x000072a2d88fd6c0|[CONSENSUS][PBFT]handlePrePrepareMsg,reqHash=3d47ec60...,reqIndex=99,reqV=3,fromIdx=2,wait(ms)=1,committedIndex=98,consNum=99,committedHash=4753f3de...,view=3,toView=3,changeCycle=0,expectedCheckPoint=99,Idx=3,unsealedTxs=1,sealUntil=0,waitResealUntil=0,consensusTimeout=3000,nodeId=5b07d12d...,utc=32025499
info|2026-02-06 20:06:07.010577|pbft-0x000072a2d88fd6c0|[TXPOOL]begin asyncVerifyBlock,consNum=99,hash=3d47ec60...
info|2026-02-06 20:06:07.010695|verifier-0x000072a2fb3ed6c0|[TXPOOL]batchVerifyProposal,consNum=99,hash=3d47ec60...,txsSize=1,lockT=0,verifyT=0,missedTxs=0
info|2026-02-06 20:06:07.010739|verifier-0x000072a2fb3ed6c0|[TXPOOL][METRIC]asyncVerifyBlock finished,consNum=99,hash=3d47ec60...,code=0,msg=success,result=true,timecost=0
info|2026-02-06 20:06:07.010770|verifier-0x000072a2fb3ed6c0|[CONSENSUS][PBFT]handlePrePrepareMsg,reqHash=3d47ec60...,reqIndex=99,reqV=3,fromIdx=2,wait(ms)=1,committedIndex=98,consNum=99,committedHash=4753f3de...,view=3,toView=3,changeCycle=0,expectedCheckPoint=99,Idx=3,unsealedTxs=1,sealUntil=0,waitResealUntil=0,consensusTimeout=3000,nodeId=5b07d12d...,utc=32025499
info|2026-02-06 20:06:07.010787|validator-0x000072a2ee3d36c0|[CONSENSUS][PBFT]asyncResetTxsFlag,index=99,hash=3d47ec60...,flag=true
info|2026-02-06 20:06:07.010830|validator-0x000072a2ee3d36c0|[TXPOOL]batchMarkTxs,txsSize=1,batchId=99,hash=3d47ec60...,sealFlag=true,notFound=0,reSealed=0,succ=1,time=0,markT=0
info|2026-02-06 20:06:07.010838|verifier-0x000072a2fb3ed6c0|[CONSENSUS][PBFT]addPrePrepareCache,reqHash=3d47ec60...,reqIndex=99,reqV=3,fromIdx=2,wait(ms)=1,sys=false,committedIndex=98,consNum=99,committedHash=4753f3de...,view=3,toView=3,changeCycle=0,expectedCheckPoint=99,Idx=3,unsealedTxs=0,sealUntil=0,waitResealUntil=0,consensusTimeout=3000,nodeId=5b07d12d...
info|2026-02-06 20:06:07.010843|validator-0x000072a2ee3d36c0|[CONSENSUS][PBFT]asyncMarkTxs success,index=99,hash=3d47ec60...,flag=true,markT=0,emptyTxBatchHash=false
info|2026-02-06 20:06:07.010850|verifier-0x000072a2fb3ed6c0|[CONSENSUS][PBFT]notify the committed proposal index to the sync module success,index=99
info|2026-02-06 20:06:07.010998|verifier-0x000072a2fb3ed6c0|[CONSENSUS][PBFT]addPrepareCache,reqHash=3d47ec60...,reqIndex=99,reqV=3,fromIdx=3,wait(ms)=1,committedIndex=98,consNum=99,committedHash=4753f3de...,view=3,toView=3,changeCycle=0,expectedCheckPoint=99,Idx=3,unsealedTxs=0,sealUntil=0,waitResealUntil=0,consensusTimeout=3000,nodeId=5b07d12d...,weight=2
info|2026-02-06 20:06:07.011058|verifier-0x000072a2fb3ed6c0|[CONSENSUS][PBFT]broadcast prepare packet,packetSize=230,index=99
info|2026-02-06 20:06:07.011117|verifier-0x000072a2fb3ed6c0|[CONSENSUS][PBFT]handlePrePrepareMsg and broadcast prepare packet,reqHash=3d47ec60...,reqIndex=99,reqV=3,fromIdx=2,wait(ms)=2,committedIndex=98,consNum=99,committedHash=4753f3de...,view=3,toView=3,changeCycle=0,expectedCheckPoint=99,Idx=3,unsealedTxs=0,sealUntil=0,waitResealUntil=0,consensusTimeout=3000,nodeId=5b07d12d...
info|2026-02-06 20:06:07.011203|txsPreStore-0x000072a2fa3eb6c0|[TXPOOL]storeVerifiedBlock fetch block number from LedgerConfig
info|2026-02-06 20:06:07.011320|txsPreStore-0x000072a2fa3eb6c0|[TOOL]LedgerConfigFetcher: fetchBlockNumber success,blockNumber=98
info|2026-02-06 20:06:07.011341|txsPreStore-0x000072a2fa3eb6c0|[TXPOOL]storeVerifiedBlock,consNum=99,hash=3d47ec60...,txsSize=1
info|2026-02-06 20:06:07.011660|pbft-0x000072a2d88fd6c0|[CONSENSUS][PBFT]addPrepareCache,reqHash=3d47ec60...,reqIndex=99,reqV=3,fromIdx=1,wait(ms)=0,committedIndex=98,consNum=99,committedHash=4753f3de...,view=3,toView=3,changeCycle=0,expectedCheckPoint=99,Idx=3,unsealedTxs=0,sealUntil=0,waitResealUntil=0,consensusTimeout=3000,nodeId=5b07d12d...,weight=3
info|2026-02-06 20:06:07.011699|pbft-0x000072a2d88fd6c0|[CONSENSUS][PBFT]setSignatureList,signatureSize=3,propHash=3d47ec60...,propIndex=99
info|2026-02-06 20:06:07.011709|pbft-0x000072a2d88fd6c0|[CONSENSUS][PBFT]intoPrecommit,reqHash=3d47ec60...,reqIndex=99,reqV=3,fromIdx=3,wait(ms)=2,committedIndex=98,consNum=99,committedHash=4753f3de...,view=3,toView=3,changeCycle=0,expectedCheckPoint=99,Idx=3,unsealedTxs=0,sealUntil=0,waitResealUntil=0,consensusTimeout=3000,nodeId=5b07d12d...
info|2026-02-06 20:06:07.011747|pbft-0x000072a2d88fd6c0|[CONSENSUS][PBFT]addCommitCache,reqHash=3d47ec60...,reqIndex=99,reqV=3,fromIdx=3,wait(ms)=0,committedIndex=98,consNum=99,committedHash=4753f3de...,view=3,toView=3,changeCycle=0,expectedCheckPoint=99,Idx=3,unsealedTxs=0,sealUntil=0,waitResealUntil=0,consensusTimeout=3000,nodeId=5b07d12d...,weight=1
info|2026-02-06 20:06:07.011788|pbft-0x000072a2d88fd6c0|[CONSENSUS][PBFT]checkAndPreCommit: broadcast commitMsg,Idx=3,hash=3d47ec60...,index=99
info|2026-02-06 20:06:07.011359|txsPreStore-0x000072a2fa3eb6c0|[LEDGER]asyncPreStoreBlockTxs: needStoreUnsavedTxs,txsSize=1,unstoredTxs=1,number=99
info|2026-02-06 20:06:07.011982|pbft-0x000072a2d88fd6c0|[CONSENSUS][PBFT]addPrepareCache,reqHash=3d47ec60...,reqIndex=99,reqV=3,fromIdx=0,wait(ms)=0,committedIndex=98,consNum=99,committedHash=4753f3de...,view=3,toView=3,changeCycle=0,expectedCheckPoint=99,Idx=3,unsealedTxs=0,sealUntil=0,waitResealUntil=0,consensusTimeout=3000,nodeId=5b07d12d...,weight=4
info|2026-02-06 20:06:07.012115|txsPreStore-0x000072a2fa3eb6c0|[STORAGE-RocksDB]setRows finished,put=1,dataSize=681,time(ms)=1
info|2026-02-06 20:06:07.012140|pbft-0x000072a2d88fd6c0|[CONSENSUS][PBFT]addCommitCache,reqHash=3d47ec60...,reqIndex=99,reqV=3,fromIdx=2,wait(ms)=0,committedIndex=98,consNum=99,committedHash=4753f3de...,view=3,toView=3,changeCycle=0,expectedCheckPoint=99,Idx=3,unsealedTxs=0,sealUntil=0,waitResealUntil=0,consensusTimeout=3000,nodeId=5b07d12d...,weight=2
info|2026-02-06 20:06:07.012181|txsPreStore-0x000072a2fa3eb6c0|[LEDGER]asyncPreStoreBlockTxs: store uncommitted txs,blockNumber=99,blockTxsSize=1,unStoredTxs=1,msg=success,code=0,timeCost=1
info|2026-02-06 20:06:07.012194|txsPreStore-0x000072a2fa3eb6c0|[TXPOOL]storeVerifiedBlock success,consNum=99,hash=3d47ec60...,timecost=1
info|2026-02-06 20:06:07.013081|pbft-0x000072a2d88fd6c0|[CONSENSUS][PBFT]addCommitCache,reqHash=3d47ec60...,reqIndex=99,reqV=3,fromIdx=0,wait(ms)=1,committedIndex=98,consNum=99,committedHash=4753f3de...,view=3,toView=3,changeCycle=0,expectedCheckPoint=99,Idx=3,unsealedTxs=0,sealUntil=0,waitResealUntil=0,consensusTimeout=3000,nodeId=5b07d12d...,weight=3
info|2026-02-06 20:06:07.013113|pbft-0x000072a2d88fd6c0|[CONSENSUS][PBFT]checkAndCommit,propHash=3d47ec60...,propIndex=99,committedIndex=98,consNum=99,committedHash=4753f3de...,view=3,toView=3,changeCycle=0,expectedCheckPoint=99,Idx=3,unsealedTxs=0,sealUntil=0,waitResealUntil=0,consensusTimeout=3000,nodeId=5b07d12d...
info|2026-02-06 20:06:07.013126|pbft-0x000072a2d88fd6c0|[CONSENSUS][PBFT]######## CommitProposal,propHash=3d47ec60...,propIndex=99,sys=false,committedIndex=98,consNum=99,committedHash=4753f3de...,view=3,toView=3,changeCycle=0,expectedCheckPoint=99,Idx=3,unsealedTxs=0,sealUntil=0,waitResealUntil=0,consensusTimeout=3000,nodeId=5b07d12d...
info|2026-02-06 20:06:07.013136|pbft-0x000072a2d88fd6c0|[CONSENSUS][SEALER]resetSealingInfo,start=100,end=100,sealingNumber=100,waitUntil=0,unsealedTxs=0
info|2026-02-06 20:06:07.013139|pbft-0x000072a2d88fd6c0|[CONSENSUS][PBFT]asyncNotifySealProposal success,startIndex=100,endIndex=100,maxTxsToSeal=1000
info|2026-02-06 20:06:07.013142|pbft-0x000072a2d88fd6c0|[CONSENSUS][SEALER]asyncNotifySealProposal,startIndex=100,endIndex=100,maxTxsPerBlock=1000
info|2026-02-06 20:06:07.013144|pbft-0x000072a2d88fd6c0|[CONSENSUS][PBFT]notifySealer: notify the new leader to seal block,lockNotifyT=0,idx=3,startIndex=100,endIndex=100,notifyBeginIndex=100,waitSealUntil=0,waitResealUntil=0,maxTxsToSeal=1000,committedIndex=98,consNum=99,committedHash=4753f3de...,view=3,toView=3,changeCycle=0,expectedCheckPoint=99,Idx=3,unsealedTxs=0,sealUntil=0,waitResealUntil=0,consensusTimeout=3000,nodeId=5b07d12d...
info|2026-02-06 20:06:07.013149|pbft-0x000072a2d88fd6c0|[CONSENSUS][PBFT]notify to seal next proposal,nextProposalIndex=100
info|2026-02-06 20:06:07.013186|pbft-0x000072a2d88fd6c0|[CONSENSUS][PBFT]notifySealer return for invalid seal range,lockNotifyT=0,currentEndIndex=100,expectedEndIndex=100,committedIndex=98,consNum=99,committedHash=4753f3de...,view=3,toView=3,changeCycle=0,expectedCheckPoint=99,Idx=3,unsealedTxs=0,sealUntil=0,waitResealUntil=0,consensusTimeout=3000,nodeId=5b07d12d...
info|2026-02-06 20:06:07.013194|pbft-0x000072a2d88fd6c0|[CONSENSUS][PBFT]notify to seal next proposal,nextProposalIndex=100
info|2026-02-06 20:06:07.013199|pbft-0x000072a2d88fd6c0|[CONSENSUS][PBFT]applyStateMachine,index=99,hash=3d47ec60...,committedIndex=98,consNum=99,committedHash=4753f3de...,view=3,toView=3,changeCycle=0,expectedCheckPoint=99,Idx=3,unsealedTxs=0,sealUntil=0,waitResealUntil=0,consensusTimeout=3000,nodeId=5b07d12d...,unAppliedProposals=0
info|2026-02-06 20:06:07.013349|preExeScheduler-0x000072a29d2696c0|[SCHEDULER][METRIC][BlockTrace][blk-99]preExeBlock success,blockHeader.timestamp=1770379567009,metaTxCount=1,timeCost=0
info|2026-02-06 20:06:07.013420|exeScheduler-0x000072a29ca686c0|[SCHEDULER][METRIC][blk-99]ExecuteBlock request,gasLimit=3000000000,gasPrice=0x0,verify=false,signatureSize=0,txCount=0,metaTxCount=1,version=3.11.0,waitT=0
info|2026-02-06 20:06:07.013600|exeScheduler-0x000072a29ca686c0|[SCHEDULER][blk-99][BlockTrace]ExecuteBlock start,time(ms)=0
info|2026-02-06 20:06:07.013621|exeScheduler-0x000072a29ca686c0|[SCHEDULER][serialExecute][blk-99][BlockTrace]serialExecute execute block
info|2026-02-06 20:06:07.013625|exeScheduler-0x000072a29ca686c0|[SCHEDULER][serialExecute][blk-99][BlockTrace]serialExecute batch next block
info|2026-02-06 20:06:07.013659|exeScheduler-0x000072a29ca686c0|[SCHEDULER][blk-99][BlockTrace]NextBlock request,executorNum=1
info|2026-02-06 20:06:07.014158|exec-0x000072a2f3bde6c0|[SCHEDULER][blk-99][BlockTrace]NextBlock success,executorNum=1,timeCost=1
info|2026-02-06 20:06:07.014193|exec-0x000072a2f3bde6c0|[SCHEDULER][serialExecute][blk-99][BlockTrace]serialExecute block begin
info|2026-02-06 20:06:07.015005|exec-0x000072a2f33dd6c0|[STORAGE-KeyPage]hash,size=27,blockVersion=51052544,readLength=10935,writeLength=0,pageCount=0,entrycount=0,entriesHash=0000000000000000000000000000000000000000000000000000000000000000,pagesHash=0000000000000000000000000000000000000000000000000000000000000000,totalHash=0000000000000000000000000000000000000000000000000000000000000000
info|2026-02-06 20:06:07.015035|exec-0x000072a2f33dd6c0|[EXECUTOR:1770370051][blk-99]GetTableHashes success,hash=0000000000000000000000000000000000000000000000000000000000000000,time(ms)=1
info|2026-02-06 20:06:07.015070|exec-0x000072a2f33dd6c0|[SCHEDULER][blk-99][BlockTrace]ExecuteBlock success,hash=4573ba5e...,stateRoot=0000000000000000000000000000000000000000000000000000000000000000,receiptRoot=313d4565d0ecf70d8c39bf18bd864550b846a24c183abbf686d51bb0ab982bd3,txsRoot=16d1ab64...,gasUsed=15034,signatureSize=0,timeCost=2,blockVersion=51052544
info|2026-02-06 20:06:07.015081|exec-0x000072a2f33dd6c0|[CONSENSUS][Core][METRIC]asyncExecuteBlock success,sysBlock=false,number=99,result=4573ba5e...,txsSize=1,txsRoot=16d1ab64...,receiptsRoot=313d4565...,stateRoot=00000000...,timeCost=2,execPerTx=2
info|2026-02-06 20:06:07.015112|exec-0x000072a2f33dd6c0|[CONSENSUS][PBFT]applyStateMachine finished,index=99,beforeExec=3d47ec60...,afterExec=4573ba5e...,committedIndex=98,consNum=99,committedHash=4753f3de...,view=3,toView=3,changeCycle=0,expectedCheckPoint=99,Idx=3,unsealedTxs=0,sealUntil=0,waitResealUntil=0,consensusTimeout=3000,nodeId=5b07d12d...,timecost=2
info|2026-02-06 20:06:07.015134|pbftWorker-0x000072a2e9bca6c0|[CONSENSUS][PBFT][STORAGE]asyncCommitProposal: write the committed proposal into db,index=99
info|2026-02-06 20:06:07.015190|pbftWorker-0x000072a2e9bca6c0|[CONSENSUS][PBFT][STORAGE]asyncPutProposal: commit success,dbName=pbftCommitDB,key=max_committed_proposal,number=99,timecost=0,dataSize=2
info|2026-02-06 20:06:07.015266|pbftWorker-0x000072a2e9bca6c0|[CONSENSUS][PBFT][STORAGE]asyncPutProposal: commit success,dbName=pbftCommitDB,key=99,number=99,timecost=0,dataSize=679
info|2026-02-06 20:06:07.015427|pbftWorker-0x000072a2e9bca6c0|[CONSENSUS][PBFT]addCheckPointMsg,reqHash=4573ba5e...,reqIndex=99,reqV=3,fromIdx=3,wait(ms)=0,Idx=3,weight=1,minRequiredWeight=3
info|2026-02-06 20:06:07.015450|pbftWorker-0x000072a2e9bca6c0|[CONSENSUS][PBFT]setCheckPointProposal,propHash=4573ba5e...,propIndex=99,committedIndex=98,consNum=99,committedHash=4753f3de...,view=3,toView=3,changeCycle=0,expectedCheckPoint=99,Idx=3,unsealedTxs=0,sealUntil=0,waitResealUntil=0,consensusTimeout=3000,nodeId=5b07d12d...
info|2026-02-06 20:06:07.015463|pbftWorker-0x000072a2e9bca6c0|[CONSENSUS][PBFT]PBFTConfig: setExpectedCheckPoint,committedIndex=98,consNum=99,committedHash=4753f3de...,view=3,toView=3,changeCycle=0,expectedCheckPoint=100,Idx=3,unsealedTxs=0,sealUntil=0,waitResealUntil=0,consensusTimeout=3000,nodeId=5b07d12d...,expectedCheckPoint=100
info|2026-02-06 20:06:07.015469|pbftWorker-0x000072a2e9bca6c0|[CONSENSUS][PBFT]notifySealer return for invalid seal range,lockNotifyT=0,currentEndIndex=100,expectedEndIndex=100,committedIndex=98,consNum=99,committedHash=4753f3de...,view=3,toView=3,changeCycle=0,expectedCheckPoint=100,Idx=3,unsealedTxs=0,sealUntil=0,waitResealUntil=0,consensusTimeout=3000,nodeId=5b07d12d...
info|2026-02-06 20:06:07.015475|pbftWorker-0x000072a2e9bca6c0|[CONSENSUS][PBFT]notify to seal next proposal,nextProposalIndex=100
info|2026-02-06 20:06:07.015479|pbftWorker-0x000072a2e9bca6c0|[CONSENSUS][PBFT]onProposalApplySuccess,index=99,hash=4573ba5e...,lockT=0,timecost=0
info|2026-02-06 20:06:07.015931|pbft-0x000072a2d88fd6c0|[CONSENSUS][PBFT]handleCheckPointMsg: try to add the checkpoint message into the cache,reqHash=4573ba5e...,reqIndex=99,reqV=3,fromIdx=1,wait(ms)=0,committedIndex=98,consNum=99,committedHash=4753f3de...,view=3,toView=3,changeCycle=0,expectedCheckPoint=100,Idx=3,unsealedTxs=0,sealUntil=0,waitResealUntil=0,consensusTimeout=3000,nodeId=5b07d12d...
info|2026-02-06 20:06:07.015966|pbft-0x000072a2d88fd6c0|[CONSENSUS][PBFT]addCheckPointMsg,reqHash=4573ba5e...,reqIndex=99,reqV=3,fromIdx=1,wait(ms)=0,Idx=3,weight=2,minRequiredWeight=3
info|2026-02-06 20:06:07.015974|pbft-0x000072a2d88fd6c0|[CONSENSUS][PBFT]notifySealer return for invalid seal range,lockNotifyT=0,currentEndIndex=100,expectedEndIndex=100,committedIndex=98,consNum=99,committedHash=4753f3de...,view=3,toView=3,changeCycle=0,expectedCheckPoint=100,Idx=3,unsealedTxs=0,sealUntil=0,waitResealUntil=0,consensusTimeout=3000,nodeId=5b07d12d...
info|2026-02-06 20:06:07.016040|pbft-0x000072a2d88fd6c0|[CONSENSUS][PBFT]notify to seal next proposal,nextProposalIndex=100
info|2026-02-06 20:06:07.017158|pbft-0x000072a2d88fd6c0|[CONSENSUS][PBFT]handleCheckPointMsg: try to add the checkpoint message into the cache,reqHash=4573ba5e...,reqIndex=99,reqV=3,fromIdx=0,wait(ms)=0,committedIndex=98,consNum=99,committedHash=4753f3de...,view=3,toView=3,changeCycle=0,expectedCheckPoint=100,Idx=3,unsealedTxs=0,sealUntil=0,waitResealUntil=0,consensusTimeout=3000,nodeId=5b07d12d...
info|2026-02-06 20:06:07.017196|pbft-0x000072a2d88fd6c0|[CONSENSUS][PBFT]addCheckPointMsg,reqHash=4573ba5e...,reqIndex=99,reqV=3,fromIdx=0,wait(ms)=0,Idx=3,weight=3,minRequiredWeight=3
info|2026-02-06 20:06:07.017203|pbft-0x000072a2d88fd6c0|[CONSENSUS][PBFT]notifySealer return for invalid seal range,lockNotifyT=0,currentEndIndex=100,expectedEndIndex=100,committedIndex=98,consNum=99,committedHash=4753f3de...,view=3,toView=3,changeCycle=0,expectedCheckPoint=100,Idx=3,unsealedTxs=0,sealUntil=0,waitResealUntil=0,consensusTimeout=3000,nodeId=5b07d12d...
info|2026-02-06 20:06:07.017210|pbft-0x000072a2d88fd6c0|[CONSENSUS][PBFT]notify to seal next proposal,nextProposalIndex=100
info|2026-02-06 20:06:07.017215|pbft-0x000072a2d88fd6c0|[CONSENSUS][PBFT]setSignatureList,signatureSize=3,propHash=4573ba5e...,propIndex=99
info|2026-02-06 20:06:07.017219|pbft-0x000072a2d88fd6c0|[CONSENSUS][PBFT]checkAndCommitStableCheckPoint,index=99,hash=4573ba5e...,committedIndex=98,consNum=99,committedHash=4753f3de...,view=3,toView=3,changeCycle=0,expectedCheckPoint=100,Idx=3,unsealedTxs=0,sealUntil=0,waitResealUntil=0,consensusTimeout=3000,nodeId=5b07d12d...
info|2026-02-06 20:06:07.017224|pbft-0x000072a2d88fd6c0|[CONSENSUS][PBFT]updateStableCheckPointQueue: insert new checkpoint proposal,index=99,hash=4573ba5e...,committedIndex=98,consNum=99,committedHash=4753f3de...,view=3,toView=3,changeCycle=0,expectedCheckPoint=100,Idx=3,unsealedTxs=0,sealUntil=0,waitResealUntil=0,consensusTimeout=3000,nodeId=5b07d12d...
info|2026-02-06 20:06:07.017230|pbft-0x000072a2d88fd6c0|[CONSENSUS][PBFT]updateStableCheckPointQueue: commit stable checkpoint,index=99,committedIndex=98
info|2026-02-06 20:06:07.017247|pbft-0x000072a2d88fd6c0|[CONSENSUS][PBFT]asyncCommitStableCheckPoint: set signatureList,index=99,hash=4573ba5e...,proofSize=3,blockProofSize=3
info|2026-02-06 20:06:07.017480|blockSubmit-0x000072a2ecbd06c0|[SCHEDULER][blk-99][BlockTrace]CommitBlock start
info|2026-02-06 20:06:07.017708|blockSubmit-0x000072a2ecbd06c0|[STORAGE-RocksDB]asyncPrepare,number=99
info|2026-02-06 20:06:07.017741|blockSubmit-0x000072a2ecbd06c0|[STORAGE-RocksDB]asyncPrepare finished,blockNumber=99,put=7,delete=0,startTS=0,encode(ms)=0,time(ms)=0
info|2026-02-06 20:06:07.017756|blockSubmit-0x000072a2ecbd06c0|[LEDGER]storeTransactionsAndReceipts,blockNumber=99
info|2026-02-06 20:06:07.018040|exec-0x000072a2f13d96c0|[STORAGE-RocksDB]asyncPrepare,number=99
info|2026-02-06 20:06:07.018068|exec-0x000072a2f13d96c0|[STORAGE-KeyPage]parallelTraverse,size=0
info|2026-02-06 20:06:07.018072|exec-0x000072a2f13d96c0|[STORAGE-RocksDB]asyncPrepare finished,blockNumber=99,put=0,delete=0,startTS=0,encode(ms)=0,time(ms)=0
info|2026-02-06 20:06:07.018077|exec-0x000072a2f13d96c0|[EXECUTOR:1770370051][blk-99]Prepare success
info|2026-02-06 20:06:07.018126|pbft-0x000072a2d88fd6c0|[CONSENSUS][PBFT]handleCheckPointMsg: try to add the checkpoint message into the cache,reqHash=4573ba5e...,reqIndex=99,reqV=3,fromIdx=2,wait(ms)=1,committedIndex=98,consNum=99,committedHash=4753f3de...,view=3,toView=3,changeCycle=0,expectedCheckPoint=100,Idx=3,unsealedTxs=0,sealUntil=0,waitResealUntil=0,consensusTimeout=3000,nodeId=5b07d12d...
info|2026-02-06 20:06:07.018219|pbft-0x000072a2d88fd6c0|[CONSENSUS][PBFT]addCheckPointMsg,reqHash=4573ba5e...,reqIndex=99,reqV=3,fromIdx=2,wait(ms)=1,Idx=3,weight=4,minRequiredWeight=3
info|2026-02-06 20:06:07.018236|pbft-0x000072a2d88fd6c0|[CONSENSUS][PBFT]notifySealer return for invalid seal range,lockNotifyT=0,currentEndIndex=100,expectedEndIndex=100,committedIndex=98,consNum=99,committedHash=4753f3de...,view=3,toView=3,changeCycle=0,expectedCheckPoint=100,Idx=3,unsealedTxs=0,sealUntil=0,waitResealUntil=0,consensusTimeout=3000,nodeId=5b07d12d...
info|2026-02-06 20:06:07.018303|pbft-0x000072a2d88fd6c0|[CONSENSUS][PBFT]notify to seal next proposal,nextProposalIndex=100
info|2026-02-06 20:06:07.018580|ledgerWrite-0x000072a3003f76c0|[STORAGE-RocksDB]setRows finished,put=1,dataSize=512,time(ms)=0
info|2026-02-06 20:06:07.018634|blockSubmit-0x000072a2ecbd06c0|[LEDGER]storeTransactionsAndReceipts finished,blockNumber=99,blockTxsSize=1,unStoredTxs=0,timeCost=1
info|2026-02-06 20:06:07.018765|blockSubmit-0x000072a2ecbd06c0|[STORAGE-RocksDB]asyncCommit finished,blockNumber=99,startTS=0,time(ms)=0,callback time(ms)=0,count=7
info|2026-02-06 20:06:07.018820|exec-0x000072a2f23db6c0|[TOOL]fetchCompatibilityVersion
info|2026-02-06 20:06:07.018865|blockSubmit-0x000072a2ecbd06c0|[LEDGER][METRIC]asyncPrewriteBlock,number=99,totalTxs=123,failedTxs=44,incTxs=1,incFailedTxs=0
info|2026-02-06 20:06:07.018920|exec-0x000072a2f23db6c0|[TOOL]fetchCompatibilityVersion success,version=3.11.0,versionNumber=51052544,minSupportedVersion=3.0.0-rc4,maxSupportedVersion=3.11.0
info|2026-02-06 20:06:07.018990|exec-0x000072a2f23db6c0|[TOOL]fetchAuthCheckStatus success,value=0
info|2026-02-06 20:06:07.018998|exec-0x000072a2f23db6c0|[EXECUTOR:1770370051]merge keyPage to cachedStorage,number=99
info|2026-02-06 20:06:07.019009|exec-0x000072a2f23db6c0|[STORAGE-KeyPage]parallelTraverse,size=0
info|2026-02-06 20:06:07.019018|exec-0x000072a2f23db6c0|[STORAGE]Successful merged records,count=0
info|2026-02-06 20:06:07.019754|exec-0x000072a2f23db6c0|[SCHEDULER][blk-99][BlockTrace]CommitBlock success,gas limit=3000000000,timeCost=2
info|2026-02-06 20:06:07.019898|exec-0x000072a2f23db6c0|[SCHEDULER][BlockTrace]Notify block result success,blockNumber=99
info|2026-02-06 20:06:07.019923|exec-0x000072a2f23db6c0|[CONSENSUS][PBFT][STORAGE][METRIC]commitStableCheckPoint success,index=99,hash=4573ba5e...,txs=1,timeCost=2,commitPerTx=2
info|2026-02-06 20:06:07.019938|exec-0x000072a2f23db6c0|[SCHEDULER][blk-99]notify block result success,hash=4573ba5e...,txsSize=1
info|2026-02-06 20:06:07.020010|submitter-0x000072a2fe3f36c0|[TXPOOL][METRIC]StatTPS,tps=83,totalTime=12
info|2026-02-06 20:06:07.020032|blockSubmit-0x000072a2ecbd06c0|[CONSENSUS][PBFT][METRIC]resetConfig,committedIndex=99,propHash=4573ba5e...,blockCountLimit=1000,leaderPeriod=1,consensusNodesSize=4
info|2026-02-06 20:06:07.020061|exec-0x000072a2f23db6c0|[STORAGE-RocksDB]asyncCommit finished,blockNumber=99,startTS=0,time(ms)=0,callback time(ms)=2,count=0
info|2026-02-06 20:06:07.020079|blockSubmit-0x000072a2ecbd06c0|[CONSENSUS][PBFT][METRIC]^^^^^^^^Report,sealer=2,txs=1,committedIndex=99,consNum=100,committedHash=4573ba5e...,view=3,toView=3,changeCycle=0,expectedCheckPoint=100,Idx=3,unsealedTxs=0,sealUntil=0,waitResealUntil=0,consensusTimeout=3000,nodeId=5b07d12d...
info|2026-02-06 20:06:07.020094|blockSubmit-0x000072a2ecbd06c0|[CONSENSUS][SEALER]asyncNoteLatestBlockNumber,number=99
info|2026-02-06 20:06:07.020098|blockSubmit-0x000072a2ecbd06c0|[CONSENSUS][SEALER]asyncNoteLatestBlockHash,_hash=4573ba5e...
info|2026-02-06 20:06:07.020114|blockSubmit-0x000072a2ecbd06c0|[BLOCK SYNC]#### BlockSyncConfig resetConfig,number=99,consNodeSize=4,observerNodeSize=0,type=CONSENSUS_NODE
info|2026-02-06 20:06:07.020239|blockSubmit-0x000072a2ecbd06c0|[CONSENSUS][PBFT]notifySealer return for invalid seal range,lockNotifyT=0,currentEndIndex=100,expectedEndIndex=100,committedIndex=99,consNum=100,committedHash=4573ba5e...,view=3,toView=3,changeCycle=0,expectedCheckPoint=100,Idx=3,unsealedTxs=0,sealUntil=0,waitResealUntil=0,consensusTimeout=3000,nodeId=5b07d12d...
info|2026-02-06 20:06:07.020252|blockSubmit-0x000072a2ecbd06c0|[CONSENSUS][PBFT]notifySealer return for invalid seal range,lockNotifyT=0,currentEndIndex=100,expectedEndIndex=100,committedIndex=99,consNum=100,committedHash=4573ba5e...,view=3,toView=3,changeCycle=0,expectedCheckPoint=100,Idx=3,unsealedTxs=0,sealUntil=0,waitResealUntil=0,consensusTimeout=3000,nodeId=5b07d12d...
info|2026-02-06 20:06:07.020256|blockSubmit-0x000072a2ecbd06c0|[CONSENSUS][PBFT]notify to seal next proposal,nextProposalIndex=100
info|2026-02-06 20:06:07.020305|blockSubmit-0x000072a2ecbd06c0|[CONSENSUS][PBFT]removeConsensusedCache finalizeConsensus,view=3,number=99,eraseSize=1,cacheSize=0
info|2026-02-06 20:06:07.020320|blockSubmit-0x000072a2ecbd06c0|[CONSENSUS][PBFT][STORAGE]asyncRemoveStabledCheckPoint,index=94
info|2026-02-06 20:06:07.020349|blockSubmit-0x000072a2ecbd06c0|[CONSENSUS][PBFT][STORAGE]asyncRemove success,dbName=pbftCommitDB,key=94
info|2026-02-06 20:06:07.021771|submitter-0x000072a2fe3f36c0|[TXPOOL][METRIC]batchRemove txs success,expectedSize=1,succCount=1,batchId=99,timecost=2,lockT=0,removeT=1,updateLedgerNonceT=0,updateTxPoolNonceT=0
info|2026-02-06 20:06:07.487014|ioService-0x000072a2bfbff6c0|[WS][SESSION][asyncRead],message=End of file,endpoint=127.0.0.1:34022,refCount=2
info|2026-02-06 20:06:07.487117|ioService-0x000072a2bfbff6c0|[RPC][WS][SESSION][drop],reason=4294963295,endpoint=127.0.0.1:34022,session=0x72a30ae36a10
info|2026-02-06 20:06:07.487146|ioService-0x000072a2bfbff6c0|[RPC][WS][SESSION][drop],reason=4294963295,endpoint=127.0.0.1:34022,cb size=0,session=0x72a30ae36a10
info|2026-02-06 20:06:07.487237|ioService-0x000072a2bfbff6c0|[DEFAULT][WS][STREAM]the real action to close the stream,this=0x72a2b4c87b50
info|2026-02-06 20:06:07.487426|fisco-bcos-0x000072a2e5bc16c0|[RPC][WS][SERVICE][removeSession],endpoint=127.0.0.1:34022
info|2026-02-06 20:06:07.487465|fisco-bcos-0x000072a2e5bc16c0|[RPC][WS][SERVICE][onDisconnect],endpoint=127.0.0.1:34022,refCount=2
info|2026-02-06 20:06:07.487473|fisco-bcos-0x000072a2e5bc16c0|[RPC][WS][SESSION],[DELOBJ][WSSESSION]=0x72a30ae36a10
info|2026-02-06 20:06:07.487493|fisco-bcos-0x000072a2e5bc16c0|[DEFAULT][WS][STREAM],[DELOBJ][WsStream]=0x72a2b4c87b50
info|2026-02-06 20:06:07.705102|ioService-0x000072a2b0dff6c0|[DEFAULT][HTTP][SESSION][onRead]receive http request
info|2026-02-06 20:06:07.719943|ioService-0x000072a2b0dff6c0|[DEFAULT][HTTP][SESSION][onRead]receive http request
info|2026-02-06 20:06:07.743947|ioService-0x000072a2b0dff6c0|[DEFAULT][HTTP][SESSION][onRead]receive http request
info|2026-02-06 20:06:09.020537|pullTxsTimer-0x000072a2ebbce6c0|[CONSENSUS][PBFT]tryToSyncTxs: try to request unsealing txs from peer,committedIndex=99,consNum=100,committedHash=4573ba5e...,view=3,toView=3,changeCycle=0,expectedCheckPoint=100,Idx=3,unsealedTxs=0,sealUntil=0,waitResealUntil=0,consensusTimeout=3000,nodeId=5b07d12d...
info|2026-02-06 20:06:10.704449|ioService-0x000072a2b0dff6c0|[DEFAULT][HTTP][SESSION][onRead]receive http request
info|2026-02-06 20:06:11.802600|timerFactory-0x000072a2c63ff6c0|[RPC][WS][SERVICE]connected nodes,count=0
info|2026-02-06 20:06:11.830416|timerFactory-0x000072a2b69ff6c0|[RPC][WS][SERVICE]connected nodes,count=0
info|2026-02-06 20:06:11.878572|ioService-0x000072a2d73fe6c0|[P2PService][Service][METRIC]heartBeat,connected count=3
info|2026-02-06 20:06:13.705333|ioService-0x000072a2b0dff6c0|[DEFAULT][HTTP][SESSION][onRead]receive http request
info|2026-02-06 20:06:16.706382|ioService-0x000072a2b0dff6c0|[DEFAULT][HTTP][SESSION][onRead]receive http request
info|2026-02-06 20:06:19.709553|ioService-0x000072a2b0dff6c0|[DEFAULT][HTTP][SESSION][onRead]receive http request
info|2026-02-06 20:06:21.802757|timerFactory-0x000072a2c63ff6c0|[RPC][WS][SERVICE]connected nodes,count=0
info|2026-02-06 20:06:21.830512|timerFactory-0x000072a2b69ff6c0|[RPC][WS][SERVICE]connected nodes,count=0
info|2026-02-06 20:06:21.878776|ioService-0x000072a2d73fe6c0|[P2PService][Service][METRIC]heartBeat,connected count=3
info|2026-02-06 20:06:22.710170|ioService-0x000072a2b0dff6c0|[DEFAULT][HTTP][SESSION][onRead]receive http request
info|2026-02-06 20:06:25.709946|ioService-0x000072a2b0dff6c0|[DEFAULT][HTTP][SESSION][onRead]receive http request
info|2026-02-06 20:06:28.711056|ioService-0x000072a2b0dff6c0|[DEFAULT][HTTP][SESSION][onRead]receive http request
info|2026-02-06 20:06:30.870735|objMonitor-0x000072a2a55ff6c0|[startMonitor][AliveObjectMonitor],AliveObjectAllocStat=[ type: bcos::gateway::Socket ,created: 10 ,destroyed: 6 ,alive: 4 ] 
info|2026-02-06 20:06:31.712570|ioService-0x000072a2b0dff6c0|[DEFAULT][HTTP][SESSION][onRead]receive http request
info|2026-02-06 20:06:31.803197|timerFactory-0x000072a2c63ff6c0|[RPC][WS][SERVICE]connected nodes,count=0
info|2026-02-06 20:06:31.830638|timerFactory-0x000072a2b69ff6c0|[RPC][WS][SERVICE]connected nodes,count=0
info|2026-02-06 20:06:31.878994|ioService-0x000072a2d73fe6c0|[P2PService][Service][METRIC]heartBeat,connected count=3
info|2026-02-06 20:06:34.714807|ioService-0x000072a2b0dff6c0|[DEFAULT][HTTP][SESSION][onRead]receive http request
info|2026-02-06 20:06:37.712530|ioService-0x000072a2b0dff6c0|[DEFAULT][HTTP][SESSION][onRead]receive http request
info|2026-02-06 20:06:40.713469|ioService-0x000072a2b0dff6c0|[DEFAULT][HTTP][SESSION][onRead]receive http request
info|2026-02-06 20:06:41.803497|timerFactory-0x000072a2c63ff6c0|[RPC][WS][SERVICE]connected nodes,count=0
info|2026-02-06 20:06:41.830853|timerFactory-0x000072a2b69ff6c0|[RPC][WS][SERVICE]connected nodes,count=0
info|2026-02-06 20:06:41.879199|ioService-0x000072a2d73fe6c0|[P2PService][Service][METRIC]heartBeat,connected count=3
info|2026-02-06 20:06:43.713912|ioService-0x000072a2b0dff6c0|[DEFAULT][HTTP][SESSION][onRead]receive http request
info|2026-02-06 20:06:45.952051|ioService-0x000072a2c47ff6c0|[DEFAULT][HTTP][SERVER][accept],local_endpoint=127.0.0.1:20203,remote_endpoint=127.0.0.1:38766
info|2026-02-06 20:06:45.952586|ioService-0x000072a2be9fd6c0|[DEFAULT][HTTP][SESSION][onRead]websocket upgrade
info|2026-02-06 20:06:45.952652|ioService-0x000072a2be9fd6c0|[DEFAULT][WS][STREAM],[NEWOBJ][WsStream]=0x72a2bb05fc10
info|2026-02-06 20:06:45.952675|ioService-0x000072a2be9fd6c0|[RPC][WS][SESSION],[NEWOBJ][WSSESSION]=0x72a30ae36c10
info|2026-02-06 20:06:45.952682|ioService-0x000072a2be9fd6c0|[RPC][WS][SERVICE][newSession]start the session,endPoint=127.0.0.1:38766
info|2026-02-06 20:06:45.952714|ioService-0x000072a2be9fd6c0|[RPC][WS][SESSION][startAsServer]start websocket handshake,endPoint=127.0.0.1:38766,session=0x72a30ae36c10
info|2026-02-06 20:06:45.952904|ioService-0x000072a2be9fd6c0|[RPC][WS][SERVICE][addSession]add session to mapping,endPoint=127.0.0.1:38766,result=true
info|2026-02-06 20:06:45.952938|ioService-0x000072a2be9fd6c0|[RPC][WS][SERVICE][onConnect],endpoint=127.0.0.1:38766,refCount=3
info|2026-02-06 20:06:45.952969|ioService-0x000072a2be9fd6c0|[RPC][WS][SESSION][onWsAccept]websocket handshake successfully,endPoint=127.0.0.1:38766,session=0x72a30ae36c10
info|2026-02-06 20:06:45.953842|fisco-bcos-0x000072a2a15f76c0|HandshakeRequest,module=2,minVersion=0,maxVersion=2
info|2026-02-06 20:06:45.953887|fisco-bcos-0x000072a2a15f76c0|[RPC]negotiatedVersion success,peer=127.0.0.1:38766,minVersion=0,maxVersion=2,supportMinVersion=0,supportMaxVersion=2,negotiatedVersion=2,seq=796c22188f8a4d1cb4a865c7cb32958f
info|2026-02-06 20:06:45.954274|fisco-bcos-0x000072a2a15f76c0|[RPC]onRecvHandshakeRequest success,version=2,endpoint=127.0.0.1:38766,handshakeResponse={"groupBlockNumber":[{"group0":99}],"groupInfoList":[{"chainID":"chain0","genesisConfig":"{\"blockTxCountLimit\":1000,\"consensusLeaderPeriod\":1,\"consensusType\":\"pbft\",\"sealerList\":[{\"nodeID\":\"0d6a7f52cb87ce7fda869e0db309ec9c53723c46f81632c21e4abbf1a9159f14d53f37cc0c4141548da9ec877d6235afd7a501c40d296fc4c5252a8717aa23c2\",\"weight\":1},{\"nodeID\":\"21a47acec36f73d8e925a7d5db44793f998e1a42a6d7ee2e3a5cf4037b853452cb76f6cbab8e5b223a128e8ee15790d1f629858b47070b4eb2e1ddb2b0ada297\",\"weight\":1},{\"nodeID\":\"2346c69c46d42278eb237167eb19eb28432b63783cc0fd7cddc90f89c148e755db8941be9b0c5f37cbc21c409a78c154abc75ce0c80818c6fbb76aea6bcd0a9a\",\"weight\":1},{\"nodeID\":\"5b07d12d1512a66493c8fd3456d8c505e6ce05f20061613a4c48a1fa3755bbf9cc2d2f1878c4a6733389f03deb0a3fc0c672e2f4910fde9802d6675929cb3dc5\",\"weight\":1}],\"txGasLimit\":3000000000}\n","groupID":"group0","iniConfig":"","nodeList":[{"featureKeys":["bugfix_revert","bugfix_statestorage_hash","bugfix_evm_create2_delegatecall_staticcall_codecopy","bugfix_event_log_order","bugfix_call_noaddr_return","bugfix_precompiled_codehash","bugfix_dmc_revert","bugfix_keypage_system_entry_hash","bugfix_internal_create_redundant_storage","bugfix_internal_create_permission_denied","bugfix_sharding_call_in_child_executive","bugfix_empty_abi_reset","bugfix_eip55_addr","bugfix_eoa_as_contract","bugfix_eoa_match_failed","bugfix_evm_exception_gas_used","bugfix_dmc_deploy_gas_used","bugfix_staticcall_noaddr_return","bugfix_support_transfer_receive_fallback","bugfix_set_row_with_dirty_flag","feature_dmc2serial","feature_sharding","feature_rpbft","feature_paillier","feature_balance","feature_balance_precompiled","feature_balance_policy1","feature_paillier_add_raw","feature_evm_cancun"],"iniConfig":"{\"binaryInfo\":{\"buildTime\":\"20240827 04:30:34\",\"gitCommitHash\":\"3fea676716990b2ed453b4f079915daafff451f9\",\"platform\":\"Linux/g++\",\"version\":\"3.11.0\"},\"chainID\":\"chain0\",\"gatewayServiceName\":\"\",\"groupID\":\"group0\",\"isAuthCheck\":false,\"isSerialExecute\":true,\"isWasm\":false,\"nodeID\":\"5b07d12d1512a66493c8fd3456d8c505e6ce05f20061613a4c48a1fa3755bbf9cc2d2f1878c4a6733389f03deb0a3fc0c672e2f4910fde9802d6675929cb3dc5\",\"nodeName\":\"5b07d12d1512a66493c8fd3456d8c505e6ce05f20061613a4c48a1fa3755bbf9cc2d2f1878c4a6733389f03deb0a3fc0c672e2f4910fde9802d6675929cb3dc5\",\"rpcServiceName\":\"\",\"smCryptoType\":false}\n","microService":false,"name":"5b07d12d1512a66493c8fd3456d8c505e6ce05f20061613a4c48a1fa3755bbf9cc2d2f1878c4a6733389f03deb0a3fc0c672e2f4910fde9802d6675929cb3dc5","nodeID":"5b07d12d1512a66493c8fd3456d8c505e6ce05f20061613a4c48a1fa3755bbf9cc2d2f1878c4a6733389f03deb0a3fc0c672e2f4910fde9802d6675929cb3dc5","protocol":{"compatibilityVersion":51052544,"maxSupportedVersion":2,"minSupportedVersion":0},"serviceInfo":[{"serviceName":"LedgerServiceObj","type":2},{"serviceName":"SchedulerServiceObj","type":3},{"serviceName":"FrontServiceObj","type":4},{"serviceName":"","type":6},{"serviceName":"","type":7},{"serviceName":"TxPoolServiceObj","type":8}],"supportConfigs":["tx_gas_limit","tx_gas_price","tx_count_limit","consensus_leader_period","auth_check_status","compatibility_version","feature_rpbft","feature_rpbft_epoch_block_num","feature_rpbft_epoch_sealer_num","feature_balance_precompiled","web3_chain_id"],"type":0}]}],"protocolVersion":2}
info|2026-02-06 20:06:45.956862|fisco-bcos-0x000072a28dd466c0|[parseSubTopicsJson],topicItems size=0,json={"topics":[]}
info|2026-02-06 20:06:45.956930|fisco-bcos-0x000072a28dd466c0|[AMOPClient]subscribeTopicToAllNodes,topicInfo={
	"topics" : []
}
info|2026-02-06 20:06:45.956948|fisco-bcos-0x000072a28dd466c0|[AMOP][TOPIC][parseSubTopicsJson],topicItems size=0,json={
	"topics" : []
}
info|2026-02-06 20:06:45.956957|fisco-bcos-0x000072a28dd466c0|[AMOP][TOPIC][subTopic],client=localAMOP,topicSeq=1,topicItems size=0
info|2026-02-06 20:06:45.956962|fisco-bcos-0x000072a28dd466c0|[AMOPClient][onRecvSubTopics],topicInfo={"topics":[]}
,endpoint=127.0.0.1:38766,seq=aa4f50a2387e48baadd4c152d72e3ad6
info|2026-02-06 20:06:46.714312|ioService-0x000072a2b0dff6c0|[DEFAULT][HTTP][SESSION][onRead]receive http request
info|2026-02-06 20:06:47.407354|ioService-0x000072a2a21fa6c0|[SCHEDULER][serialExecute][blk-99][BlockTrace]serialExecute execute block
info|2026-02-06 20:06:47.407405|ioService-0x000072a2a21fa6c0|[SCHEDULER][METRIC][BlockTrace][blk-99]preExeBlock success,blockHeader.timestamp=0,metaTxCount=0,timeCost=0
info|2026-02-06 20:06:47.670598|txsSeal-0x000072a2fabec6c0|[TXPOOL]begin batchFetchTxs,pendingTxs=1,limit=1000
info|2026-02-06 20:06:47.670666|txsSeal-0x000072a2fabec6c0|[TXPOOL][METRIC]batchFetchTxs success,time=0,txsSize=1,sysTxsSize=0,pendingTxs=1,limit=1000,fetchTxsT=0,lockT=0,invalidBefore=0,invalidNow=0,sealed=0,traverseCount=1
info|2026-02-06 20:06:47.671648|Sealer-0x000072a2d98ff6c0|[CONSENSUS][SEALER]++++++++++++++++ Generate proposal,index=100,curNum=99,hash=6a2d0537...,sysTxs=false,txsSize=1,version=51052544
info|2026-02-06 20:06:47.671689|Sealer-0x000072a2d98ff6c0|[CONSENSUS][PBFT]asyncSubmitProposal,index=100,hash=6a2d0537...,committedIndex=99,consNum=100,committedHash=4573ba5e...,view=3,toView=3,changeCycle=0,expectedCheckPoint=100,Idx=3,unsealedTxs=0,sealUntil=0,waitResealUntil=0,consensusTimeout=3000,nodeId=5b07d12d...
info|2026-02-06 20:06:47.671711|Sealer-0x000072a2d98ff6c0|[CONSENSUS][PBFT]++++++++++++++++ Generating seal on,index=100,Idx=3,hash=6a2d0537...,sysProposal=false
info|2026-02-06 20:06:47.671825|Sealer-0x000072a2d98ff6c0|[CONSENSUS][PBFT]broadcast pre-prepare packet,packetSize=595,index=100,encode(ms)=0,asyncSend(ms)=0
info|2026-02-06 20:06:47.671844|Sealer-0x000072a2d98ff6c0|[CONSENSUS][PBFT]handlePrePrepareMsg,reqHash=6a2d0537...,reqIndex=100,reqV=3,fromIdx=3,wait(ms)=0,committedIndex=99,consNum=100,committedHash=4573ba5e...,view=3,toView=3,changeCycle=0,expectedCheckPoint=100,Idx=3,unsealedTxs=0,sealUntil=0,waitResealUntil=0,consensusTimeout=3000,nodeId=5b07d12d...,utc=32066163
info|2026-02-06 20:06:47.671908|Sealer-0x000072a2d98ff6c0|[CONSENSUS][PBFT]addPrePrepareCache,reqHash=6a2d0537...,reqIndex=100,reqV=3,fromIdx=3,wait(ms)=0,sys=false,committedIndex=99,consNum=100,committedHash=4573ba5e...,view=3,toView=3,changeCycle=0,expectedCheckPoint=100,Idx=3,unsealedTxs=0,sealUntil=0,waitResealUntil=0,consensusTimeout=3000,nodeId=5b07d12d...
info|2026-02-06 20:06:47.671920|Sealer-0x000072a2d98ff6c0|[CONSENSUS][PBFT]notify the committed proposal index to the sync module success,index=100
info|2026-02-06 20:06:47.671925|validator-0x000072a2edbd26c0|[CONSENSUS][PBFT]asyncResetTxsFlag,index=100,hash=6a2d0537...,flag=true
info|2026-02-06 20:06:47.671941|validator-0x000072a2edbd26c0|[TXPOOL]batchMarkTxs,txsSize=1,batchId=100,hash=6a2d0537...,sealFlag=true,notFound=0,reSealed=0,succ=1,time=0,markT=0
info|2026-02-06 20:06:47.671952|validator-0x000072a2edbd26c0|[CONSENSUS][PBFT]asyncMarkTxs success,index=100,hash=6a2d0537...,flag=true,markT=1,emptyTxBatchHash=false
info|2026-02-06 20:06:47.671995|Sealer-0x000072a2d98ff6c0|[CONSENSUS][PBFT]addPrepareCache,reqHash=6a2d0537...,reqIndex=100,reqV=3,fromIdx=3,wait(ms)=0,committedIndex=99,consNum=100,committedHash=4573ba5e...,view=3,toView=3,changeCycle=0,expectedCheckPoint=100,Idx=3,unsealedTxs=0,sealUntil=0,waitResealUntil=0,consensusTimeout=3000,nodeId=5b07d12d...,weight=1
info|2026-02-06 20:06:47.672036|Sealer-0x000072a2d98ff6c0|[CONSENSUS][PBFT]broadcast prepare packet,packetSize=230,index=100
info|2026-02-06 20:06:47.672097|Sealer-0x000072a2d98ff6c0|[CONSENSUS][PBFT]handlePrePrepareMsg and broadcast prepare packet,reqHash=6a2d0537...,reqIndex=100,reqV=3,fromIdx=3,wait(ms)=1,committedIndex=99,consNum=100,committedHash=4573ba5e...,view=3,toView=3,changeCycle=0,expectedCheckPoint=100,Idx=3,unsealedTxs=0,sealUntil=0,waitResealUntil=0,consensusTimeout=3000,nodeId=5b07d12d...
info|2026-02-06 20:06:47.672373|Sealer-0x000072a2d98ff6c0|[CONSENSUS][PBFT]handlePrePrepareMsg success,index=100,costT(ms)=1
info|2026-02-06 20:06:47.673083|pbft-0x000072a2d88fd6c0|[CONSENSUS][PBFT]addPrepareCache,reqHash=6a2d0537...,reqIndex=100,reqV=3,fromIdx=0,wait(ms)=1,committedIndex=99,consNum=100,committedHash=4573ba5e...,view=3,toView=3,changeCycle=0,expectedCheckPoint=100,Idx=3,unsealedTxs=0,sealUntil=0,waitResealUntil=0,consensusTimeout=3000,nodeId=5b07d12d...,weight=2
info|2026-02-06 20:06:47.678122|pbft-0x000072a2d88fd6c0|[CONSENSUS][PBFT]addPrepareCache,reqHash=6a2d0537...,reqIndex=100,reqV=3,fromIdx=1,wait(ms)=1,committedIndex=99,consNum=100,committedHash=4573ba5e...,view=3,toView=3,changeCycle=0,expectedCheckPoint=100,Idx=3,unsealedTxs=0,sealUntil=0,waitResealUntil=0,consensusTimeout=3000,nodeId=5b07d12d...,weight=3
info|2026-02-06 20:06:47.678163|pbft-0x000072a2d88fd6c0|[CONSENSUS][PBFT]setSignatureList,signatureSize=3,propHash=6a2d0537...,propIndex=100
info|2026-02-06 20:06:47.678177|pbft-0x000072a2d88fd6c0|[CONSENSUS][PBFT]intoPrecommit,reqHash=6a2d0537...,reqIndex=100,reqV=3,fromIdx=3,wait(ms)=7,committedIndex=99,consNum=100,committedHash=4573ba5e...,view=3,toView=3,changeCycle=0,expectedCheckPoint=100,Idx=3,unsealedTxs=0,sealUntil=0,waitResealUntil=0,consensusTimeout=3000,nodeId=5b07d12d...
info|2026-02-06 20:06:47.678223|pbft-0x000072a2d88fd6c0|[CONSENSUS][PBFT]addCommitCache,reqHash=6a2d0537...,reqIndex=100,reqV=3,fromIdx=3,wait(ms)=0,committedIndex=99,consNum=100,committedHash=4573ba5e...,view=3,toView=3,changeCycle=0,expectedCheckPoint=100,Idx=3,unsealedTxs=0,sealUntil=0,waitResealUntil=0,consensusTimeout=3000,nodeId=5b07d12d...,weight=1
info|2026-02-06 20:06:47.678251|pbft-0x000072a2d88fd6c0|[CONSENSUS][PBFT]checkAndPreCommit: broadcast commitMsg,Idx=3,hash=6a2d0537...,index=100
info|2026-02-06 20:06:47.679986|pbft-0x000072a2d88fd6c0|[CONSENSUS][PBFT]addCommitCache,reqHash=6a2d0537...,reqIndex=100,reqV=3,fromIdx=1,wait(ms)=1,committedIndex=99,consNum=100,committedHash=4573ba5e...,view=3,toView=3,changeCycle=0,expectedCheckPoint=100,Idx=3,unsealedTxs=0,sealUntil=0,waitResealUntil=0,consensusTimeout=3000,nodeId=5b07d12d...,weight=2
info|2026-02-06 20:06:47.680600|pbft-0x000072a2d88fd6c0|[CONSENSUS][PBFT]addPrepareCache,reqHash=6a2d0537...,reqIndex=100,reqV=3,fromIdx=2,wait(ms)=0,committedIndex=99,consNum=100,committedHash=4573ba5e...,view=3,toView=3,changeCycle=0,expectedCheckPoint=100,Idx=3,unsealedTxs=0,sealUntil=0,waitResealUntil=0,consensusTimeout=3000,nodeId=5b07d12d...,weight=4
info|2026-02-06 20:06:47.680890|pbft-0x000072a2d88fd6c0|[CONSENSUS][PBFT]addCommitCache,reqHash=6a2d0537...,reqIndex=100,reqV=3,fromIdx=0,wait(ms)=0,committedIndex=99,consNum=100,committedHash=4573ba5e...,view=3,toView=3,changeCycle=0,expectedCheckPoint=100,Idx=3,unsealedTxs=0,sealUntil=0,waitResealUntil=0,consensusTimeout=3000,nodeId=5b07d12d...,weight=3
info|2026-02-06 20:06:47.680918|pbft-0x000072a2d88fd6c0|[CONSENSUS][PBFT]checkAndCommit,propHash=6a2d0537...,propIndex=100,committedIndex=99,consNum=100,committedHash=4573ba5e...,view=3,toView=3,changeCycle=0,expectedCheckPoint=100,Idx=3,unsealedTxs=0,sealUntil=0,waitResealUntil=0,consensusTimeout=3000,nodeId=5b07d12d...
info|2026-02-06 20:06:47.680981|pbft-0x000072a2d88fd6c0|[CONSENSUS][PBFT]######## CommitProposal,propHash=6a2d0537...,propIndex=100,sys=false,committedIndex=99,consNum=100,committedHash=4573ba5e...,view=3,toView=3,changeCycle=0,expectedCheckPoint=100,Idx=3,unsealedTxs=0,sealUntil=0,waitResealUntil=0,consensusTimeout=3000,nodeId=5b07d12d...
info|2026-02-06 20:06:47.681002|pbft-0x000072a2d88fd6c0|[CONSENSUS][PBFT]notify to seal next proposal,nextProposalIndex=101
info|2026-02-06 20:06:47.681122|pbft-0x000072a2d88fd6c0|[CONSENSUS][PBFT]notify to seal next proposal,nextProposalIndex=101
info|2026-02-06 20:06:47.681140|pbft-0x000072a2d88fd6c0|[CONSENSUS][PBFT]applyStateMachine,index=100,hash=6a2d0537...,committedIndex=99,consNum=100,committedHash=4573ba5e...,view=3,toView=3,changeCycle=0,expectedCheckPoint=100,Idx=3,unsealedTxs=0,sealUntil=0,waitResealUntil=0,consensusTimeout=3000,nodeId=5b07d12d...,unAppliedProposals=0
info|2026-02-06 20:06:47.681265|preExeScheduler-0x000072a29da6a6c0|[SCHEDULER][METRIC][BlockTrace][blk-100]preExeBlock success,blockHeader.timestamp=1770379607671,metaTxCount=1,timeCost=0
info|2026-02-06 20:06:47.681717|exeScheduler-0x000072a29ca686c0|[SCHEDULER][METRIC][blk-100]ExecuteBlock request,gasLimit=3000000000,gasPrice=0x0,verify=false,signatureSize=0,txCount=0,metaTxCount=1,version=3.11.0,waitT=0
info|2026-02-06 20:06:47.681838|exeScheduler-0x000072a29ca686c0|[SCHEDULER][blk-100][BlockTrace]ExecuteBlock start,time(ms)=0
info|2026-02-06 20:06:47.681877|exeScheduler-0x000072a29ca686c0|[SCHEDULER][serialExecute][blk-100][BlockTrace]serialExecute execute block
info|2026-02-06 20:06:47.681886|exeScheduler-0x000072a29ca686c0|[SCHEDULER][serialExecute][blk-100][BlockTrace]serialExecute batch next block
info|2026-02-06 20:06:47.681942|exeScheduler-0x000072a29ca686c0|[SCHEDULER][blk-100][BlockTrace]NextBlock request,executorNum=1
info|2026-02-06 20:06:47.683411|exec-0x000072a2f03d76c0|[SCHEDULER][blk-100][BlockTrace]NextBlock success,executorNum=1,timeCost=2
info|2026-02-06 20:06:47.683482|exec-0x000072a2f03d76c0|[SCHEDULER][serialExecute][blk-100][BlockTrace]serialExecute block begin
info|2026-02-06 20:06:47.684831|exec-0x000072a2f0bd86c0|[STORAGE-KeyPage]hash,size=27,blockVersion=51052544,readLength=10935,writeLength=0,pageCount=0,entrycount=0,entriesHash=0000000000000000000000000000000000000000000000000000000000000000,pagesHash=0000000000000000000000000000000000000000000000000000000000000000,totalHash=0000000000000000000000000000000000000000000000000000000000000000
info|2026-02-06 20:06:47.684863|exec-0x000072a2f0bd86c0|[EXECUTOR:1770370051][blk-100]GetTableHashes success,hash=0000000000000000000000000000000000000000000000000000000000000000,time(ms)=0
info|2026-02-06 20:06:47.684894|exec-0x000072a2f0bd86c0|[SCHEDULER][blk-100][BlockTrace]ExecuteBlock success,hash=7dd64c7d...,stateRoot=0000000000000000000000000000000000000000000000000000000000000000,receiptRoot=4644f7536561382326a46ea83422f1da28a2749063d694d7114247f65b05d81d,txsRoot=c3bf186d...,gasUsed=15034,signatureSize=0,timeCost=3,blockVersion=51052544
info|2026-02-06 20:06:47.684915|exec-0x000072a2f0bd86c0|[CONSENSUS][Core][METRIC]asyncExecuteBlock success,sysBlock=false,number=100,result=7dd64c7d...,txsSize=1,txsRoot=c3bf186d...,receiptsRoot=4644f753...,stateRoot=00000000...,timeCost=3,execPerTx=3
info|2026-02-06 20:06:47.684966|exec-0x000072a2f0bd86c0|[CONSENSUS][PBFT]applyStateMachine finished,index=100,beforeExec=6a2d0537...,afterExec=7dd64c7d...,committedIndex=99,consNum=100,committedHash=4573ba5e...,view=3,toView=3,changeCycle=0,expectedCheckPoint=100,Idx=3,unsealedTxs=0,sealUntil=0,waitResealUntil=0,consensusTimeout=3000,nodeId=5b07d12d...,timecost=3
info|2026-02-06 20:06:47.685103|pbftWorker-0x000072a2eb3cd6c0|[CONSENSUS][PBFT][STORAGE]asyncCommitProposal: write the committed proposal into db,index=100
info|2026-02-06 20:06:47.685157|pbftWorker-0x000072a2eb3cd6c0|[CONSENSUS][PBFT][STORAGE]asyncPutProposal: commit success,dbName=pbftCommitDB,key=max_committed_proposal,number=100,timecost=0,dataSize=3
info|2026-02-06 20:06:47.685216|pbftWorker-0x000072a2eb3cd6c0|[CONSENSUS][PBFT][STORAGE]asyncPutProposal: commit success,dbName=pbftCommitDB,key=100,number=100,timecost=0,dataSize=679
info|2026-02-06 20:06:47.685734|pbftWorker-0x000072a2eb3cd6c0|[CONSENSUS][PBFT]addCheckPointMsg,reqHash=7dd64c7d...,reqIndex=100,reqV=3,fromIdx=3,wait(ms)=0,Idx=3,weight=1,minRequiredWeight=3
info|2026-02-06 20:06:47.685786|pbftWorker-0x000072a2eb3cd6c0|[CONSENSUS][PBFT]setCheckPointProposal,propHash=7dd64c7d...,propIndex=100,committedIndex=99,consNum=100,committedHash=4573ba5e...,view=3,toView=3,changeCycle=0,expectedCheckPoint=100,Idx=3,unsealedTxs=0,sealUntil=0,waitResealUntil=0,consensusTimeout=3000,nodeId=5b07d12d...
info|2026-02-06 20:06:47.685801|pbftWorker-0x000072a2eb3cd6c0|[CONSENSUS][PBFT]PBFTConfig: setExpectedCheckPoint,committedIndex=99,consNum=100,committedHash=4573ba5e...,view=3,toView=3,changeCycle=0,expectedCheckPoint=101,Idx=3,unsealedTxs=0,sealUntil=0,waitResealUntil=0,consensusTimeout=3000,nodeId=5b07d12d...,expectedCheckPoint=101
info|2026-02-06 20:06:47.685812|pbftWorker-0x000072a2eb3cd6c0|[CONSENSUS][PBFT]notify to seal next proposal,nextProposalIndex=101
info|2026-02-06 20:06:47.685817|pbftWorker-0x000072a2eb3cd6c0|[CONSENSUS][PBFT]onProposalApplySuccess,index=100,hash=7dd64c7d...,lockT=0,timecost=0
info|2026-02-06 20:06:47.686830|pbft-0x000072a2d88fd6c0|[CONSENSUS][PBFT]handleCheckPointMsg: try to add the checkpoint message into the cache,reqHash=7dd64c7d...,reqIndex=100,reqV=3,fromIdx=1,wait(ms)=1,committedIndex=99,consNum=100,committedHash=4573ba5e...,view=3,toView=3,changeCycle=0,expectedCheckPoint=101,Idx=3,unsealedTxs=0,sealUntil=0,waitResealUntil=0,consensusTimeout=3000,nodeId=5b07d12d...
info|2026-02-06 20:06:47.686970|pbft-0x000072a2d88fd6c0|[CONSENSUS][PBFT]addCheckPointMsg,reqHash=7dd64c7d...,reqIndex=100,reqV=3,fromIdx=1,wait(ms)=1,Idx=3,weight=2,minRequiredWeight=3
info|2026-02-06 20:06:47.687003|pbft-0x000072a2d88fd6c0|[CONSENSUS][PBFT]notify to seal next proposal,nextProposalIndex=101
info|2026-02-06 20:06:47.695957|pbft-0x000072a2d88fd6c0|[CONSENSUS][PBFT]handleCheckPointMsg: try to add the checkpoint message into the cache,reqHash=7dd64c7d...,reqIndex=100,reqV=3,fromIdx=0,wait(ms)=2,committedIndex=99,consNum=100,committedHash=4573ba5e...,view=3,toView=3,changeCycle=0,expectedCheckPoint=101,Idx=3,unsealedTxs=0,sealUntil=0,waitResealUntil=0,consensusTimeout=3000,nodeId=5b07d12d...
info|2026-02-06 20:06:47.696067|pbft-0x000072a2d88fd6c0|[CONSENSUS][PBFT]addCheckPointMsg,reqHash=7dd64c7d...,reqIndex=100,reqV=3,fromIdx=0,wait(ms)=2,Idx=3,weight=3,minRequiredWeight=3
info|2026-02-06 20:06:47.696095|pbft-0x000072a2d88fd6c0|[CONSENSUS][PBFT]notify to seal next proposal,nextProposalIndex=101
info|2026-02-06 20:06:47.696214|pbft-0x000072a2d88fd6c0|[CONSENSUS][PBFT]setSignatureList,signatureSize=3,propHash=7dd64c7d...,propIndex=100
info|2026-02-06 20:06:47.696270|pbft-0x000072a2d88fd6c0|[CONSENSUS][PBFT]checkAndCommitStableCheckPoint,index=100,hash=7dd64c7d...,committedIndex=99,consNum=100,committedHash=4573ba5e...,view=3,toView=3,changeCycle=0,expectedCheckPoint=101,Idx=3,unsealedTxs=0,sealUntil=0,waitResealUntil=0,consensusTimeout=3000,nodeId=5b07d12d...
info|2026-02-06 20:06:47.696326|pbft-0x000072a2d88fd6c0|[CONSENSUS][PBFT]updateStableCheckPointQueue: insert new checkpoint proposal,index=100,hash=7dd64c7d...,committedIndex=99,consNum=100,committedHash=4573ba5e...,view=3,toView=3,changeCycle=0,expectedCheckPoint=101,Idx=3,unsealedTxs=0,sealUntil=0,waitResealUntil=0,consensusTimeout=3000,nodeId=5b07d12d...
info|2026-02-06 20:06:47.696345|pbft-0x000072a2d88fd6c0|[CONSENSUS][PBFT]updateStableCheckPointQueue: commit stable checkpoint,index=100,committedIndex=99
info|2026-02-06 20:06:47.696364|pbft-0x000072a2d88fd6c0|[CONSENSUS][PBFT]asyncCommitStableCheckPoint: set signatureList,index=100,hash=7dd64c7d...,proofSize=3,blockProofSize=3
info|2026-02-06 20:06:47.696455|blockSubmit-0x000072a2ecbd06c0|[SCHEDULER][blk-100][BlockTrace]CommitBlock start
info|2026-02-06 20:06:47.696676|pbft-0x000072a2d88fd6c0|[CONSENSUS][PBFT]handleCheckPointMsg: try to add the checkpoint message into the cache,reqHash=7dd64c7d...,reqIndex=100,reqV=3,fromIdx=2,wait(ms)=0,committedIndex=99,consNum=100,committedHash=4573ba5e...,view=3,toView=3,changeCycle=0,expectedCheckPoint=101,Idx=3,unsealedTxs=0,sealUntil=0,waitResealUntil=0,consensusTimeout=3000,nodeId=5b07d12d...
info|2026-02-06 20:06:47.696776|pbft-0x000072a2d88fd6c0|[CONSENSUS][PBFT]addCheckPointMsg,reqHash=7dd64c7d...,reqIndex=100,reqV=3,fromIdx=2,wait(ms)=0,Idx=3,weight=4,minRequiredWeight=3
info|2026-02-06 20:06:47.696797|pbft-0x000072a2d88fd6c0|[CONSENSUS][PBFT]notify to seal next proposal,nextProposalIndex=101
info|2026-02-06 20:06:47.697157|blockSubmit-0x000072a2ecbd06c0|[STORAGE-RocksDB]asyncPrepare,number=100
info|2026-02-06 20:06:47.697225|blockSubmit-0x000072a2ecbd06c0|[STORAGE-RocksDB]asyncPrepare finished,blockNumber=100,put=7,delete=0,startTS=0,encode(ms)=0,time(ms)=0
info|2026-02-06 20:06:47.697260|blockSubmit-0x000072a2ecbd06c0|[LEDGER]storeTransactionsAndReceipts,blockNumber=100
info|2026-02-06 20:06:47.697511|exec-0x000072a2ef3d56c0|[STORAGE-RocksDB]asyncPrepare,number=100
info|2026-02-06 20:06:47.697607|ledgerWrite-0x000072a2ffbf66c0|[STORAGE-RocksDB]setRows finished,put=1,dataSize=512,time(ms)=0
info|2026-02-06 20:06:47.697793|exec-0x000072a2ef3d56c0|[STORAGE-KeyPage]parallelTraverse,size=0
info|2026-02-06 20:06:47.697866|exec-0x000072a2ef3d56c0|[STORAGE-RocksDB]asyncPrepare finished,blockNumber=100,put=0,delete=0,startTS=0,encode(ms)=0,time(ms)=0
info|2026-02-06 20:06:47.697880|exec-0x000072a2ef3d56c0|[EXECUTOR:1770370051][blk-100]Prepare success
info|2026-02-06 20:06:47.698004|blockSubmit-0x000072a2ecbd06c0|[STORAGE-RocksDB]setRows finished,put=1,dataSize=681,time(ms)=1
info|2026-02-06 20:06:47.698062|blockSubmit-0x000072a2ecbd06c0|[LEDGER]storeTransactionsAndReceipts finished,blockNumber=100,blockTxsSize=1,unStoredTxs=1,timeCost=1
info|2026-02-06 20:06:47.698253|blockSubmit-0x000072a2ecbd06c0|[STORAGE-RocksDB]asyncCommit finished,blockNumber=100,startTS=0,time(ms)=0,callback time(ms)=0,count=7
info|2026-02-06 20:06:47.698306|blockSubmit-0x000072a2ecbd06c0|[LEDGER][METRIC]asyncPrewriteBlock,number=100,totalTxs=124,failedTxs=44,incTxs=1,incFailedTxs=0
info|2026-02-06 20:06:47.698506|exec-0x000072a2efbd66c0|[TOOL]fetchCompatibilityVersion
info|2026-02-06 20:06:47.698719|exec-0x000072a2efbd66c0|[TOOL]fetchCompatibilityVersion success,version=3.11.0,versionNumber=51052544,minSupportedVersion=3.0.0-rc4,maxSupportedVersion=3.11.0
info|2026-02-06 20:06:47.698844|exec-0x000072a2efbd66c0|[TOOL]fetchAuthCheckStatus success,value=0
info|2026-02-06 20:06:47.698856|exec-0x000072a2efbd66c0|[EXECUTOR:1770370051]merge keyPage to cachedStorage,number=100
info|2026-02-06 20:06:47.698899|exec-0x000072a2efbd66c0|[STORAGE-KeyPage]parallelTraverse,size=0
info|2026-02-06 20:06:47.698951|exec-0x000072a2efbd66c0|[STORAGE]Successful merged records,count=0
info|2026-02-06 20:06:47.700218|exec-0x000072a2efbd66c0|[SCHEDULER][blk-100][BlockTrace]CommitBlock success,gas limit=3000000000,timeCost=4
info|2026-02-06 20:06:47.700458|submitter-0x000072a2fdbf26c0|[TXPOOL][METRIC]StatTPS,tps=32,totalTime=31
info|2026-02-06 20:06:47.700518|exec-0x000072a2efbd66c0|[SCHEDULER][BlockTrace]Notify block result success,blockNumber=100
info|2026-02-06 20:06:47.700532|exec-0x000072a2efbd66c0|[CONSENSUS][PBFT][STORAGE][METRIC]commitStableCheckPoint success,index=100,hash=7dd64c7d...,txs=1,timeCost=4,commitPerTx=4
info|2026-02-06 20:06:47.700557|exec-0x000072a2efbd66c0|[SCHEDULER][blk-100]notify block result success,hash=7dd64c7d...,txsSize=1
info|2026-02-06 20:06:47.700780|blockSubmit-0x000072a2ecbd06c0|[CONSENSUS][PBFT][METRIC]resetConfig,committedIndex=100,propHash=7dd64c7d...,blockCountLimit=1000,leaderPeriod=1,consensusNodesSize=4
info|2026-02-06 20:06:47.700856|blockSubmit-0x000072a2ecbd06c0|[CONSENSUS][PBFT][METRIC]^^^^^^^^Report,sealer=3,txs=1,committedIndex=100,consNum=101,committedHash=7dd64c7d...,view=3,toView=3,changeCycle=0,expectedCheckPoint=101,Idx=3,unsealedTxs=0,sealUntil=0,waitResealUntil=0,consensusTimeout=3000,nodeId=5b07d12d...
info|2026-02-06 20:06:47.700882|blockSubmit-0x000072a2ecbd06c0|[CONSENSUS][SEALER]asyncNoteLatestBlockNumber,number=100
info|2026-02-06 20:06:47.700894|blockSubmit-0x000072a2ecbd06c0|[CONSENSUS][SEALER]asyncNoteLatestBlockHash,_hash=7dd64c7d...
info|2026-02-06 20:06:47.700922|blockSubmit-0x000072a2ecbd06c0|[BLOCK SYNC]#### BlockSyncConfig resetConfig,number=100,consNodeSize=4,observerNodeSize=0,type=CONSENSUS_NODE
info|2026-02-06 20:06:47.700805|exec-0x000072a2efbd66c0|[STORAGE-RocksDB]asyncCommit finished,blockNumber=100,startTS=0,time(ms)=0,callback time(ms)=3,count=0
info|2026-02-06 20:06:47.701344|blockSubmit-0x000072a2ecbd06c0|[CONSENSUS][PBFT]notify to seal next proposal,nextProposalIndex=101
info|2026-02-06 20:06:47.701472|blockSubmit-0x000072a2ecbd06c0|[CONSENSUS][PBFT]removeConsensusedCache finalizeConsensus,view=3,number=100,eraseSize=1,cacheSize=0
info|2026-02-06 20:06:47.701540|blockSubmit-0x000072a2ecbd06c0|[CONSENSUS][PBFT][STORAGE]asyncRemoveStabledCheckPoint,index=95
info|2026-02-06 20:06:47.701625|blockSubmit-0x000072a2ecbd06c0|[CONSENSUS][PBFT][STORAGE]asyncRemove success,dbName=pbftCommitDB,key=95
info|2026-02-06 20:06:47.702274|submitter-0x000072a2fdbf26c0|[TXPOOL][METRIC]batchRemove txs success,expectedSize=1,succCount=1,batchId=100,timecost=2,lockT=0,removeT=0,updateLedgerNonceT=0,updateTxPoolNonceT=0
info|2026-02-06 20:06:48.204590|ioService-0x000072a2be9fd6c0|[WS][SESSION][asyncRead],message=End of file,endpoint=127.0.0.1:38766,refCount=2
info|2026-02-06 20:06:48.204757|ioService-0x000072a2be9fd6c0|[RPC][WS][SESSION][drop],reason=4294963295,endpoint=127.0.0.1:38766,session=0x72a30ae36c10
info|2026-02-06 20:06:48.204793|ioService-0x000072a2be9fd6c0|[RPC][WS][SESSION][drop],reason=4294963295,endpoint=127.0.0.1:38766,cb size=0,session=0x72a30ae36c10
info|2026-02-06 20:06:48.204961|ioService-0x000072a2be9fd6c0|[DEFAULT][WS][STREAM]the real action to close the stream,this=0x72a2bb05fc10
info|2026-02-06 20:06:48.205652|fisco-bcos-0x000072a2e5bc16c0|[RPC][WS][SERVICE][removeSession],endpoint=127.0.0.1:38766
info|2026-02-06 20:06:48.205718|fisco-bcos-0x000072a2e5bc16c0|[RPC][WS][SERVICE][onDisconnect],endpoint=127.0.0.1:38766,refCount=2
info|2026-02-06 20:06:48.205736|fisco-bcos-0x000072a2e5bc16c0|[RPC][WS][SESSION],[DELOBJ][WSSESSION]=0x72a30ae36c10
info|2026-02-06 20:06:48.205748|fisco-bcos-0x000072a2e5bc16c0|[DEFAULT][WS][STREAM],[DELOBJ][WsStream]=0x72a2bb05fc10
info|2026-02-06 20:06:49.715666|ioService-0x000072a2b0dff6c0|[DEFAULT][HTTP][SESSION][onRead]receive http request
info|2026-02-06 20:06:49.729175|ioService-0x000072a2b0dff6c0|[DEFAULT][HTTP][SESSION][onRead]receive http request
info|2026-02-06 20:06:49.743461|ioService-0x000072a2b0dff6c0|[DEFAULT][HTTP][SESSION][onRead]receive http request
info|2026-02-06 20:06:51.803948|timerFactory-0x000072a2c63ff6c0|[RPC][WS][SERVICE]connected nodes,count=0
info|2026-02-06 20:06:51.831032|timerFactory-0x000072a2b69ff6c0|[RPC][WS][SERVICE]connected nodes,count=0
info|2026-02-06 20:06:51.879550|ioService-0x000072a2d73fe6c0|[P2PService][Service][METRIC]heartBeat,connected count=3
info|2026-02-06 20:06:52.717537|ioService-0x000072a2b0dff6c0|[DEFAULT][HTTP][SESSION][onRead]receive http request
info|2026-02-06 20:06:55.721334|ioService-0x000072a2b0dff6c0|[DEFAULT][HTTP][SESSION][onRead]receive http request
info|2026-02-06 20:06:58.721219|ioService-0x000072a2b0dff6c0|[DEFAULT][HTTP][SESSION][onRead]receive http request
info|2026-02-06 20:07:01.722249|ioService-0x000072a2b0dff6c0|[DEFAULT][HTTP][SESSION][onRead]receive http request
info|2026-02-06 20:07:01.804232|timerFactory-0x000072a2c63ff6c0|[RPC][WS][SERVICE]connected nodes,count=0
info|2026-02-06 20:07:01.832190|timerFactory-0x000072a2b69ff6c0|[RPC][WS][SERVICE]connected nodes,count=0
info|2026-02-06 20:07:01.879779|ioService-0x000072a2d73fe6c0|[P2PService][Service][METRIC]heartBeat,connected count=3
info|2026-02-06 20:07:04.722622|ioService-0x000072a2b0dff6c0|[DEFAULT][HTTP][SESSION][onRead]receive http request
info|2026-02-06 20:07:07.724246|ioService-0x000072a2b0dff6c0|[DEFAULT][HTTP][SESSION][onRead]receive http request
info|2026-02-06 20:07:10.722846|ioService-0x000072a2b0dff6c0|[DEFAULT][HTTP][SESSION][onRead]receive http request
info|2026-02-06 20:07:11.804455|timerFactory-0x000072a2c63ff6c0|[RPC][WS][SERVICE]connected nodes,count=0
info|2026-02-06 20:07:11.832384|timerFactory-0x000072a2b69ff6c0|[RPC][WS][SERVICE]connected nodes,count=0
info|2026-02-06 20:07:11.880167|ioService-0x000072a2d73fe6c0|[P2PService][Service][METRIC]heartBeat,connected count=3
info|2026-02-06 20:07:13.724406|ioService-0x000072a2b0dff6c0|[DEFAULT][HTTP][SESSION][onRead]receive http request
info|2026-02-06 20:07:16.724058|ioService-0x000072a2b0dff6c0|[DEFAULT][HTTP][SESSION][onRead]receive http request
info|2026-02-06 20:07:19.723751|ioService-0x000072a2b0dff6c0|[DEFAULT][HTTP][SESSION][onRead]receive http request
info|2026-02-06 20:07:21.804700|timerFactory-0x000072a2c63ff6c0|[RPC][WS][SERVICE]connected nodes,count=0
info|2026-02-06 20:07:21.832606|timerFactory-0x000072a2b69ff6c0|[RPC][WS][SERVICE]connected nodes,count=0
info|2026-02-06 20:07:21.880509|ioService-0x000072a2d73fe6c0|[P2PService][Service][METRIC]heartBeat,connected count=3
info|2026-02-06 20:07:22.725282|ioService-0x000072a2b0dff6c0|[DEFAULT][HTTP][SESSION][onRead]receive http request
info|2026-02-06 20:07:25.725800|ioService-0x000072a2b0dff6c0|[DEFAULT][HTTP][SESSION][onRead]receive http request
info|2026-02-06 20:07:28.726854|ioService-0x000072a2b0dff6c0|[DEFAULT][HTTP][SESSION][onRead]receive http request
info|2026-02-06 20:07:30.865842|objMonitor-0x000072a2a55ff6c0|[startMonitor][AliveObjectMonitor],AliveObjectAllocStat=[ type: bcos::gateway::Socket ,created: 10 ,destroyed: 6 ,alive: 4 ] 
info|2026-02-06 20:07:31.730071|ioService-0x000072a2b0dff6c0|[DEFAULT][HTTP][SESSION][onRead]receive http request
info|2026-02-06 20:07:31.804985|timerFactory-0x000072a2c63ff6c0|[RPC][WS][SERVICE]connected nodes,count=0
info|2026-02-06 20:07:31.833546|timerFactory-0x000072a2b69ff6c0|[RPC][WS][SERVICE]connected nodes,count=0
info|2026-02-06 20:07:31.880951|ioService-0x000072a2d73fe6c0|[P2PService][Service][METRIC]heartBeat,connected count=3
info|2026-02-06 20:07:34.730958|ioService-0x000072a2b0dff6c0|[DEFAULT][HTTP][SESSION][onRead]receive http request
info|2026-02-06 20:07:37.728797|ioService-0x000072a2b0dff6c0|[DEFAULT][HTTP][SESSION][onRead]receive http request
info|2026-02-06 20:07:40.728884|ioService-0x000072a2b0dff6c0|[DEFAULT][HTTP][SESSION][onRead]receive http request
info|2026-02-06 20:07:41.805179|timerFactory-0x000072a2c63ff6c0|[RPC][WS][SERVICE]connected nodes,count=0
info|2026-02-06 20:07:41.833832|timerFactory-0x000072a2b69ff6c0|[RPC][WS][SERVICE]connected nodes,count=0
info|2026-02-06 20:07:41.881145|ioService-0x000072a2d73fe6c0|[P2PService][Service][METRIC]heartBeat,connected count=3
info|2026-02-06 20:07:43.729981|ioService-0x000072a2b0dff6c0|[DEFAULT][HTTP][SESSION][onRead]receive http request
info|2026-02-06 20:07:46.730872|ioService-0x000072a2b0dff6c0|[DEFAULT][HTTP][SESSION][onRead]receive http request
info|2026-02-06 20:07:49.732023|ioService-0x000072a2b0dff6c0|[DEFAULT][HTTP][SESSION][onRead]receive http request
info|2026-02-06 20:07:51.805613|timerFactory-0x000072a2c63ff6c0|[RPC][WS][SERVICE]connected nodes,count=0
info|2026-02-06 20:07:51.833955|timerFactory-0x000072a2b69ff6c0|[RPC][WS][SERVICE]connected nodes,count=0
info|2026-02-06 20:07:51.881291|ioService-0x000072a2d73fe6c0|[P2PService][Service][METRIC]heartBeat,connected count=3
info|2026-02-06 20:07:52.733648|ioService-0x000072a2b0dff6c0|[DEFAULT][HTTP][SESSION][onRead]receive http request
info|2026-02-06 20:07:55.735957|ioService-0x000072a2b0dff6c0|[DEFAULT][HTTP][SESSION][onRead]receive http request
info|2026-02-06 20:07:58.735477|ioService-0x000072a2b0dff6c0|[DEFAULT][HTTP][SESSION][onRead]receive http request
info|2026-02-06 20:08:01.737611|ioService-0x000072a2b0dff6c0|[DEFAULT][HTTP][SESSION][onRead]receive http request
info|2026-02-06 20:08:01.805768|timerFactory-0x000072a2c63ff6c0|[RPC][WS][SERVICE]connected nodes,count=0
info|2026-02-06 20:08:01.835713|timerFactory-0x000072a2b69ff6c0|[RPC][WS][SERVICE]connected nodes,count=0
info|2026-02-06 20:08:01.881465|ioService-0x000072a2d73fe6c0|[P2PService][Service][METRIC]heartBeat,connected count=3
info|2026-02-06 20:08:04.737583|ioService-0x000072a2b0dff6c0|[DEFAULT][HTTP][SESSION][onRead]receive http request
info|2026-02-06 20:08:07.737148|ioService-0x000072a2b0dff6c0|[DEFAULT][HTTP][SESSION][onRead]receive http request
info|2026-02-06 20:08:10.738197|ioService-0x000072a2b0dff6c0|[DEFAULT][HTTP][SESSION][onRead]receive http request
info|2026-02-06 20:08:11.806147|timerFactory-0x000072a2c63ff6c0|[RPC][WS][SERVICE]connected nodes,count=0
info|2026-02-06 20:08:11.835855|timerFactory-0x000072a2b69ff6c0|[RPC][WS][SERVICE]connected nodes,count=0
info|2026-02-06 20:08:11.881737|ioService-0x000072a2d73fe6c0|[P2PService][Service][METRIC]heartBeat,connected count=3
info|2026-02-06 20:08:13.737693|ioService-0x000072a2b0dff6c0|[DEFAULT][HTTP][SESSION][onRead]receive http request
info|2026-02-06 20:08:16.740124|ioService-0x000072a2b0dff6c0|[DEFAULT][HTTP][SESSION][onRead]receive http request
info|2026-02-06 20:08:19.741675|ioService-0x000072a2b0dff6c0|[DEFAULT][HTTP][SESSION][onRead]receive http request
info|2026-02-06 20:08:21.806245|timerFactory-0x000072a2c63ff6c0|[RPC][WS][SERVICE]connected nodes,count=0
info|2026-02-06 20:08:21.835972|timerFactory-0x000072a2b69ff6c0|[RPC][WS][SERVICE]connected nodes,count=0
info|2026-02-06 20:08:21.882021|ioService-0x000072a2d73fe6c0|[P2PService][Service][METRIC]heartBeat,connected count=3
info|2026-02-06 20:08:22.742154|ioService-0x000072a2b0dff6c0|[DEFAULT][HTTP][SESSION][onRead]receive http request
info|2026-02-06 20:08:25.741375|ioService-0x000072a2b0dff6c0|[DEFAULT][HTTP][SESSION][onRead]receive http request
info|2026-02-06 20:08:28.743064|ioService-0x000072a2b0dff6c0|[DEFAULT][HTTP][SESSION][onRead]receive http request
info|2026-02-06 20:08:30.861691|objMonitor-0x000072a2a55ff6c0|[startMonitor][AliveObjectMonitor],AliveObjectAllocStat=[ type: bcos::gateway::Socket ,created: 10 ,destroyed: 6 ,alive: 4 ] 
info|2026-02-06 20:08:31.742872|ioService-0x000072a2b0dff6c0|[DEFAULT][HTTP][SESSION][onRead]receive http request
info|2026-02-06 20:08:31.806972|timerFactory-0x000072a2c63ff6c0|[RPC][WS][SERVICE]connected nodes,count=0
info|2026-02-06 20:08:31.836082|timerFactory-0x000072a2b69ff6c0|[RPC][WS][SERVICE]connected nodes,count=0
info|2026-02-06 20:08:31.882109|ioService-0x000072a2d73fe6c0|[P2PService][Service][METRIC]heartBeat,connected count=3
info|2026-02-06 20:08:34.743649|ioService-0x000072a2b0dff6c0|[DEFAULT][HTTP][SESSION][onRead]receive http request
info|2026-02-06 20:08:37.744477|ioService-0x000072a2b0dff6c0|[DEFAULT][HTTP][SESSION][onRead]receive http request
info|2026-02-06 20:08:40.743769|ioService-0x000072a2b0dff6c0|[DEFAULT][HTTP][SESSION][onRead]receive http request
info|2026-02-06 20:08:41.807170|timerFactory-0x000072a2c63ff6c0|[RPC][WS][SERVICE]connected nodes,count=0
info|2026-02-06 20:08:41.836268|timerFactory-0x000072a2b69ff6c0|[RPC][WS][SERVICE]connected nodes,count=0
info|2026-02-06 20:08:41.882353|ioService-0x000072a2d73fe6c0|[P2PService][Service][METRIC]heartBeat,connected count=3
info|2026-02-06 20:08:43.744466|ioService-0x000072a2b0dff6c0|[DEFAULT][HTTP][SESSION][onRead]receive http request
info|2026-02-06 20:08:46.744661|ioService-0x000072a2b0dff6c0|[DEFAULT][HTTP][SESSION][onRead]receive http request
info|2026-02-06 20:08:47.767922|ioService-0x000072a2b0dff6c0|[DEFAULT][HTTP][STREAM]close the stream,this=0x72a2a9e07350
info|2026-02-06 20:08:51.807491|timerFactory-0x000072a2c63ff6c0|[RPC][WS][SERVICE]connected nodes,count=0
info|2026-02-06 20:08:51.836686|timerFactory-0x000072a2b69ff6c0|[RPC][WS][SERVICE]connected nodes,count=0
info|2026-02-06 20:08:51.882763|ioService-0x000072a2d73fe6c0|[P2PService][Service][METRIC]heartBeat,connected count=3
info|2026-02-06 20:08:56.205240|ioService-0x000072a2c47ff6c0|[DEFAULT][HTTP][SERVER][accept],local_endpoint=127.0.0.1:20203,remote_endpoint=127.0.0.1:50508
info|2026-02-06 20:08:56.205621|ioService-0x000072a2bcfff6c0|[DEFAULT][HTTP][SESSION][onRead]websocket upgrade
info|2026-02-06 20:08:56.205670|ioService-0x000072a2bcfff6c0|[DEFAULT][WS][STREAM],[NEWOBJ][WsStream]=0x72a2b9a3fc50
info|2026-02-06 20:08:56.205685|ioService-0x000072a2bcfff6c0|[RPC][WS][SESSION],[NEWOBJ][WSSESSION]=0x72a30ae36e10
info|2026-02-06 20:08:56.205694|ioService-0x000072a2bcfff6c0|[RPC][WS][SERVICE][newSession]start the session,endPoint=127.0.0.1:50508
info|2026-02-06 20:08:56.205700|ioService-0x000072a2bcfff6c0|[RPC][WS][SESSION][startAsServer]start websocket handshake,endPoint=127.0.0.1:50508,session=0x72a30ae36e10
info|2026-02-06 20:08:56.205825|ioService-0x000072a2bcfff6c0|[RPC][WS][SERVICE][addSession]add session to mapping,endPoint=127.0.0.1:50508,result=true
info|2026-02-06 20:08:56.205886|ioService-0x000072a2bcfff6c0|[RPC][WS][SERVICE][onConnect],endpoint=127.0.0.1:50508,refCount=3
info|2026-02-06 20:08:56.205924|ioService-0x000072a2bcfff6c0|[RPC][WS][SESSION][onWsAccept]websocket handshake successfully,endPoint=127.0.0.1:50508,session=0x72a30ae36e10
info|2026-02-06 20:08:56.206708|fisco-bcos-0x000072a28dd466c0|HandshakeRequest,module=2,minVersion=0,maxVersion=2
info|2026-02-06 20:08:56.206820|fisco-bcos-0x000072a28dd466c0|[RPC]negotiatedVersion success,peer=127.0.0.1:50508,minVersion=0,maxVersion=2,supportMinVersion=0,supportMaxVersion=2,negotiatedVersion=2,seq=6be7f9b891884a39b198402790f914df
info|2026-02-06 20:08:56.207205|fisco-bcos-0x000072a28dd466c0|[RPC]onRecvHandshakeRequest success,version=2,endpoint=127.0.0.1:50508,handshakeResponse={"groupBlockNumber":[{"group0":100}],"groupInfoList":[{"chainID":"chain0","genesisConfig":"{\"blockTxCountLimit\":1000,\"consensusLeaderPeriod\":1,\"consensusType\":\"pbft\",\"sealerList\":[{\"nodeID\":\"0d6a7f52cb87ce7fda869e0db309ec9c53723c46f81632c21e4abbf1a9159f14d53f37cc0c4141548da9ec877d6235afd7a501c40d296fc4c5252a8717aa23c2\",\"weight\":1},{\"nodeID\":\"21a47acec36f73d8e925a7d5db44793f998e1a42a6d7ee2e3a5cf4037b853452cb76f6cbab8e5b223a128e8ee15790d1f629858b47070b4eb2e1ddb2b0ada297\",\"weight\":1},{\"nodeID\":\"2346c69c46d42278eb237167eb19eb28432b63783cc0fd7cddc90f89c148e755db8941be9b0c5f37cbc21c409a78c154abc75ce0c80818c6fbb76aea6bcd0a9a\",\"weight\":1},{\"nodeID\":\"5b07d12d1512a66493c8fd3456d8c505e6ce05f20061613a4c48a1fa3755bbf9cc2d2f1878c4a6733389f03deb0a3fc0c672e2f4910fde9802d6675929cb3dc5\",\"weight\":1}],\"txGasLimit\":3000000000}\n","groupID":"group0","iniConfig":"","nodeList":[{"featureKeys":["bugfix_revert","bugfix_statestorage_hash","bugfix_evm_create2_delegatecall_staticcall_codecopy","bugfix_event_log_order","bugfix_call_noaddr_return","bugfix_precompiled_codehash","bugfix_dmc_revert","bugfix_keypage_system_entry_hash","bugfix_internal_create_redundant_storage","bugfix_internal_create_permission_denied","bugfix_sharding_call_in_child_executive","bugfix_empty_abi_reset","bugfix_eip55_addr","bugfix_eoa_as_contract","bugfix_eoa_match_failed","bugfix_evm_exception_gas_used","bugfix_dmc_deploy_gas_used","bugfix_staticcall_noaddr_return","bugfix_support_transfer_receive_fallback","bugfix_set_row_with_dirty_flag","feature_dmc2serial","feature_sharding","feature_rpbft","feature_paillier","feature_balance","feature_balance_precompiled","feature_balance_policy1","feature_paillier_add_raw","feature_evm_cancun"],"iniConfig":"{\"binaryInfo\":{\"buildTime\":\"20240827 04:30:34\",\"gitCommitHash\":\"3fea676716990b2ed453b4f079915daafff451f9\",\"platform\":\"Linux/g++\",\"version\":\"3.11.0\"},\"chainID\":\"chain0\",\"gatewayServiceName\":\"\",\"groupID\":\"group0\",\"isAuthCheck\":false,\"isSerialExecute\":true,\"isWasm\":false,\"nodeID\":\"5b07d12d1512a66493c8fd3456d8c505e6ce05f20061613a4c48a1fa3755bbf9cc2d2f1878c4a6733389f03deb0a3fc0c672e2f4910fde9802d6675929cb3dc5\",\"nodeName\":\"5b07d12d1512a66493c8fd3456d8c505e6ce05f20061613a4c48a1fa3755bbf9cc2d2f1878c4a6733389f03deb0a3fc0c672e2f4910fde9802d6675929cb3dc5\",\"rpcServiceName\":\"\",\"smCryptoType\":false}\n","microService":false,"name":"5b07d12d1512a66493c8fd3456d8c505e6ce05f20061613a4c48a1fa3755bbf9cc2d2f1878c4a6733389f03deb0a3fc0c672e2f4910fde9802d6675929cb3dc5","nodeID":"5b07d12d1512a66493c8fd3456d8c505e6ce05f20061613a4c48a1fa3755bbf9cc2d2f1878c4a6733389f03deb0a3fc0c672e2f4910fde9802d6675929cb3dc5","protocol":{"compatibilityVersion":51052544,"maxSupportedVersion":2,"minSupportedVersion":0},"serviceInfo":[{"serviceName":"LedgerServiceObj","type":2},{"serviceName":"SchedulerServiceObj","type":3},{"serviceName":"FrontServiceObj","type":4},{"serviceName":"","type":6},{"serviceName":"","type":7},{"serviceName":"TxPoolServiceObj","type":8}],"supportConfigs":["tx_gas_limit","tx_gas_price","tx_count_limit","consensus_leader_period","auth_check_status","compatibility_version","feature_rpbft","feature_rpbft_epoch_block_num","feature_rpbft_epoch_sealer_num","feature_balance_precompiled","web3_chain_id"],"type":0}]}],"protocolVersion":2}
info|2026-02-06 20:08:56.208703|fisco-bcos-0x000072a28dd466c0|[parseSubTopicsJson],topicItems size=0,json={"topics":[]}
info|2026-02-06 20:08:56.208763|fisco-bcos-0x000072a28dd466c0|[AMOPClient]subscribeTopicToAllNodes,topicInfo={
	"topics" : []
}
info|2026-02-06 20:08:56.208773|fisco-bcos-0x000072a28dd466c0|[AMOP][TOPIC][parseSubTopicsJson],topicItems size=0,json={
	"topics" : []
}
info|2026-02-06 20:08:56.208782|fisco-bcos-0x000072a28dd466c0|[AMOP][TOPIC][subTopic],client=localAMOP,topicSeq=1,topicItems size=0
info|2026-02-06 20:08:56.208788|fisco-bcos-0x000072a28dd466c0|[AMOPClient][onRecvSubTopics],topicInfo={"topics":[]}
,endpoint=127.0.0.1:50508,seq=01a1dffa343c422485f957370cb1650f
info|2026-02-06 20:08:58.170850|pbft-0x000072a2d88fd6c0|[CONSENSUS][PBFT]handlePrePrepareMsg,reqHash=d4fb53e1...,reqIndex=101,reqV=3,fromIdx=0,wait(ms)=0,committedIndex=100,consNum=101,committedHash=7dd64c7d...,view=3,toView=3,changeCycle=0,expectedCheckPoint=101,Idx=3,unsealedTxs=1,sealUntil=0,waitResealUntil=0,consensusTimeout=3000,nodeId=5b07d12d...,utc=32196671
info|2026-02-06 20:08:58.170944|pbft-0x000072a2d88fd6c0|[TXPOOL]begin asyncVerifyBlock,consNum=101,hash=d4fb53e1...
info|2026-02-06 20:08:58.171102|verifier-0x000072a2fbbee6c0|[TXPOOL]batchVerifyProposal,consNum=101,hash=d4fb53e1...,txsSize=1,lockT=0,verifyT=0,missedTxs=0
info|2026-02-06 20:08:58.171171|verifier-0x000072a2fbbee6c0|[TXPOOL][METRIC]asyncVerifyBlock finished,consNum=101,hash=d4fb53e1...,code=0,msg=success,result=true,timecost=0
info|2026-02-06 20:08:58.171255|verifier-0x000072a2fbbee6c0|[CONSENSUS][PBFT]handlePrePrepareMsg,reqHash=d4fb53e1...,reqIndex=101,reqV=3,fromIdx=0,wait(ms)=1,committedIndex=100,consNum=101,committedHash=7dd64c7d...,view=3,toView=3,changeCycle=0,expectedCheckPoint=101,Idx=3,unsealedTxs=1,sealUntil=0,waitResealUntil=0,consensusTimeout=3000,nodeId=5b07d12d...,utc=32196671
info|2026-02-06 20:08:58.171273|validator-0x000072a2ee3d36c0|[CONSENSUS][PBFT]asyncResetTxsFlag,index=101,hash=d4fb53e1...,flag=true
info|2026-02-06 20:08:58.171287|validator-0x000072a2ee3d36c0|[TXPOOL]batchMarkTxs,txsSize=1,batchId=101,hash=d4fb53e1...,sealFlag=true,notFound=0,reSealed=0,succ=1,time=0,markT=0
info|2026-02-06 20:08:58.171296|validator-0x000072a2ee3d36c0|[CONSENSUS][PBFT]asyncMarkTxs success,index=101,hash=d4fb53e1...,flag=true,markT=0,emptyTxBatchHash=false
info|2026-02-06 20:08:58.171326|verifier-0x000072a2fbbee6c0|[CONSENSUS][PBFT]addPrePrepareCache,reqHash=d4fb53e1...,reqIndex=101,reqV=3,fromIdx=0,wait(ms)=1,sys=false,committedIndex=100,consNum=101,committedHash=7dd64c7d...,view=3,toView=3,changeCycle=0,expectedCheckPoint=101,Idx=3,unsealedTxs=0,sealUntil=0,waitResealUntil=0,consensusTimeout=3000,nodeId=5b07d12d...
info|2026-02-06 20:08:58.171340|verifier-0x000072a2fbbee6c0|[CONSENSUS][PBFT]notify the committed proposal index to the sync module success,index=101
info|2026-02-06 20:08:58.171407|verifier-0x000072a2fbbee6c0|[CONSENSUS][PBFT]addPrepareCache,reqHash=d4fb53e1...,reqIndex=101,reqV=3,fromIdx=3,wait(ms)=0,committedIndex=100,consNum=101,committedHash=7dd64c7d...,view=3,toView=3,changeCycle=0,expectedCheckPoint=101,Idx=3,unsealedTxs=0,sealUntil=0,waitResealUntil=0,consensusTimeout=3000,nodeId=5b07d12d...,weight=1
info|2026-02-06 20:08:58.171423|validator-0x000072a2edbd26c0|[CONSENSUS][PBFT]asyncResetTxsFlag,index=101,hash=d4fb53e1...,flag=true
info|2026-02-06 20:08:58.171449|validator-0x000072a2edbd26c0|[TXPOOL]batchMarkTxs,txsSize=1,batchId=101,hash=d4fb53e1...,sealFlag=true,notFound=0,reSealed=0,succ=1,time=0,markT=0
info|2026-02-06 20:08:58.171456|verifier-0x000072a2fbbee6c0|[CONSENSUS][PBFT]broadcast prepare packet,packetSize=228,index=101
info|2026-02-06 20:08:58.171468|validator-0x000072a2edbd26c0|[CONSENSUS][PBFT]asyncMarkTxs success,index=101,hash=d4fb53e1...,flag=true,markT=0,emptyTxBatchHash=false
info|2026-02-06 20:08:58.171495|verifier-0x000072a2fbbee6c0|[CONSENSUS][PBFT]handlePrePrepareMsg and broadcast prepare packet,reqHash=d4fb53e1...,reqIndex=101,reqV=3,fromIdx=0,wait(ms)=1,committedIndex=100,consNum=101,committedHash=7dd64c7d...,view=3,toView=3,changeCycle=0,expectedCheckPoint=101,Idx=3,unsealedTxs=0,sealUntil=0,waitResealUntil=0,consensusTimeout=3000,nodeId=5b07d12d...
info|2026-02-06 20:08:58.171630|txsPreStore-0x000072a2fa3eb6c0|[TXPOOL]storeVerifiedBlock fetch block number from LedgerConfig
info|2026-02-06 20:08:58.171676|txsPreStore-0x000072a2fa3eb6c0|[TOOL]LedgerConfigFetcher: fetchBlockNumber success,blockNumber=100
info|2026-02-06 20:08:58.172047|txsPreStore-0x000072a2fa3eb6c0|[TXPOOL]storeVerifiedBlock,consNum=101,hash=d4fb53e1...,txsSize=1
info|2026-02-06 20:08:58.172074|txsPreStore-0x000072a2fa3eb6c0|[LEDGER]asyncPreStoreBlockTxs: needStoreUnsavedTxs,txsSize=1,unstoredTxs=1,number=101
info|2026-02-06 20:08:58.172130|pbft-0x000072a2d88fd6c0|[CONSENSUS][PBFT]addPrepareCache,reqHash=d4fb53e1...,reqIndex=101,reqV=3,fromIdx=0,wait(ms)=1,committedIndex=100,consNum=101,committedHash=7dd64c7d...,view=3,toView=3,changeCycle=0,expectedCheckPoint=101,Idx=3,unsealedTxs=0,sealUntil=0,waitResealUntil=0,consensusTimeout=3000,nodeId=5b07d12d...,weight=2
info|2026-02-06 20:08:58.172224|txsPreStore-0x000072a2fa3eb6c0|[STORAGE-RocksDB]setRows finished,put=1,dataSize=5682,time(ms)=0
info|2026-02-06 20:08:58.172298|txsPreStore-0x000072a2fa3eb6c0|[LEDGER]asyncPreStoreBlockTxs: store uncommitted txs,blockNumber=101,blockTxsSize=1,unStoredTxs=1,msg=success,code=0,timeCost=0
info|2026-02-06 20:08:58.172378|txsPreStore-0x000072a2fa3eb6c0|[TXPOOL]storeVerifiedBlock success,consNum=101,hash=d4fb53e1...,timecost=0
info|2026-02-06 20:08:58.172545|pbft-0x000072a2d88fd6c0|[CONSENSUS][PBFT]addPrepareCache,reqHash=d4fb53e1...,reqIndex=101,reqV=3,fromIdx=1,wait(ms)=1,committedIndex=100,consNum=101,committedHash=7dd64c7d...,view=3,toView=3,changeCycle=0,expectedCheckPoint=101,Idx=3,unsealedTxs=0,sealUntil=0,waitResealUntil=0,consensusTimeout=3000,nodeId=5b07d12d...,weight=3
info|2026-02-06 20:08:58.172677|pbft-0x000072a2d88fd6c0|[CONSENSUS][PBFT]setSignatureList,signatureSize=3,propHash=d4fb53e1...,propIndex=101
info|2026-02-06 20:08:58.172709|pbft-0x000072a2d88fd6c0|[CONSENSUS][PBFT]intoPrecommit,reqHash=d4fb53e1...,reqIndex=101,reqV=3,fromIdx=3,wait(ms)=2,committedIndex=100,consNum=101,committedHash=7dd64c7d...,view=3,toView=3,changeCycle=0,expectedCheckPoint=101,Idx=3,unsealedTxs=0,sealUntil=0,waitResealUntil=0,consensusTimeout=3000,nodeId=5b07d12d...
info|2026-02-06 20:08:58.172823|pbft-0x000072a2d88fd6c0|[CONSENSUS][PBFT]addCommitCache,reqHash=d4fb53e1...,reqIndex=101,reqV=3,fromIdx=3,wait(ms)=0,committedIndex=100,consNum=101,committedHash=7dd64c7d...,view=3,toView=3,changeCycle=0,expectedCheckPoint=101,Idx=3,unsealedTxs=0,sealUntil=0,waitResealUntil=0,consensusTimeout=3000,nodeId=5b07d12d...,weight=1
info|2026-02-06 20:08:58.172870|pbft-0x000072a2d88fd6c0|[CONSENSUS][PBFT]checkAndPreCommit: broadcast commitMsg,Idx=3,hash=d4fb53e1...,index=101
info|2026-02-06 20:08:58.173843|pbft-0x000072a2d88fd6c0|[CONSENSUS][PBFT]addCommitCache,reqHash=d4fb53e1...,reqIndex=101,reqV=3,fromIdx=1,wait(ms)=0,committedIndex=100,consNum=101,committedHash=7dd64c7d...,view=3,toView=3,changeCycle=0,expectedCheckPoint=101,Idx=3,unsealedTxs=0,sealUntil=0,waitResealUntil=0,consensusTimeout=3000,nodeId=5b07d12d...,weight=2
info|2026-02-06 20:08:58.174117|pbft-0x000072a2d88fd6c0|[CONSENSUS][PBFT]addCommitCache,reqHash=d4fb53e1...,reqIndex=101,reqV=3,fromIdx=0,wait(ms)=1,committedIndex=100,consNum=101,committedHash=7dd64c7d...,view=3,toView=3,changeCycle=0,expectedCheckPoint=101,Idx=3,unsealedTxs=0,sealUntil=0,waitResealUntil=0,consensusTimeout=3000,nodeId=5b07d12d...,weight=3
info|2026-02-06 20:08:58.174186|pbft-0x000072a2d88fd6c0|[CONSENSUS][PBFT]checkAndCommit,propHash=d4fb53e1...,propIndex=101,committedIndex=100,consNum=101,committedHash=7dd64c7d...,view=3,toView=3,changeCycle=0,expectedCheckPoint=101,Idx=3,unsealedTxs=0,sealUntil=0,waitResealUntil=0,consensusTimeout=3000,nodeId=5b07d12d...
info|2026-02-06 20:08:58.174206|pbft-0x000072a2d88fd6c0|[CONSENSUS][PBFT]######## CommitProposal,propHash=d4fb53e1...,propIndex=101,sys=false,committedIndex=100,consNum=101,committedHash=7dd64c7d...,view=3,toView=3,changeCycle=0,expectedCheckPoint=101,Idx=3,unsealedTxs=0,sealUntil=0,waitResealUntil=0,consensusTimeout=3000,nodeId=5b07d12d...
info|2026-02-06 20:08:58.174221|pbft-0x000072a2d88fd6c0|[CONSENSUS][PBFT]notify to seal next proposal,nextProposalIndex=102
info|2026-02-06 20:08:58.174290|pbft-0x000072a2d88fd6c0|[CONSENSUS][PBFT]notify to seal next proposal,nextProposalIndex=102
info|2026-02-06 20:08:58.174323|pbft-0x000072a2d88fd6c0|[CONSENSUS][PBFT]applyStateMachine,index=101,hash=d4fb53e1...,committedIndex=100,consNum=101,committedHash=7dd64c7d...,view=3,toView=3,changeCycle=0,expectedCheckPoint=101,Idx=3,unsealedTxs=0,sealUntil=0,waitResealUntil=0,consensusTimeout=3000,nodeId=5b07d12d...,unAppliedProposals=0
info|2026-02-06 20:08:58.174626|exeScheduler-0x000072a29ca686c0|[SCHEDULER][METRIC][blk-101]ExecuteBlock request,gasLimit=3000000000,gasPrice=0x0,verify=false,signatureSize=0,txCount=0,metaTxCount=1,version=3.11.0,waitT=0
info|2026-02-06 20:08:58.174678|preExeScheduler-0x000072a29d2696c0|[SCHEDULER][METRIC][BlockTrace][blk-101]preExeBlock success,blockHeader.timestamp=1770379738169,metaTxCount=1,timeCost=0
info|2026-02-06 20:08:58.174777|exeScheduler-0x000072a29ca686c0|[SCHEDULER][blk-101][BlockTrace]ExecuteBlock start,time(ms)=0
info|2026-02-06 20:08:58.174793|exeScheduler-0x000072a29ca686c0|[SCHEDULER][serialExecute][blk-101][BlockTrace]serialExecute execute block
info|2026-02-06 20:08:58.174801|exeScheduler-0x000072a29ca686c0|[SCHEDULER][serialExecute][blk-101][BlockTrace]serialExecute batch next block
info|2026-02-06 20:08:58.174808|exeScheduler-0x000072a29ca686c0|[SCHEDULER][blk-101][BlockTrace]NextBlock request,executorNum=1
info|2026-02-06 20:08:58.175633|exec-0x000072a2f8be86c0|[SCHEDULER][blk-101][BlockTrace]NextBlock success,executorNum=1,timeCost=1
info|2026-02-06 20:08:58.175714|exec-0x000072a2f8be86c0|[SCHEDULER][serialExecute][blk-101][BlockTrace]serialExecute block begin
info|2026-02-06 20:08:58.176137|Unnamed-0x000072a29625b6c0|[STORAGE-KeyPage]empty table,table=/apps/bf6d5dadd2f5dfce31faf6aad27b5d3e372b9a17_accessAuth,key=61646d696e
info|2026-02-06 20:08:58.176655|Unnamed-0x000072a29625b6c0|[STORAGE-KeyPage]empty table,table=/apps/bf6d5dadd2f5dfce31faf6aad27b5d3e372b9a17,key=0000000000000000000000000000000000000000000000000000000000000000
info|2026-02-06 20:08:58.177306|exec-0x000072a2f83e76c0|[STORAGE-KeyPage]hash,size=29,blockVersion=51052544,readLength=5319,writeLength=5627,pageCount=2,entrycount=4,entriesHash=2e7b01b2c02021333c6c3c22c88106fba43b790396936ec42eb09ecae0f1c8f1,pagesHash=e5f8fa223f0462023d03e4243993f20c8c996729ea2dd4e03fda267dcc72458d,totalHash=cb83fb90ff244331016fd806f112f4f728a21e2a7cbeba24116ab8b72c838d7c
info|2026-02-06 20:08:58.177370|exec-0x000072a2f83e76c0|[EXECUTOR:1770370051][blk-101]GetTableHashes success,hash=cb83fb90ff244331016fd806f112f4f728a21e2a7cbeba24116ab8b72c838d7c,time(ms)=0
info|2026-02-06 20:08:58.177423|exec-0x000072a2f83e76c0|[SCHEDULER][blk-101][BlockTrace]ExecuteBlock success,hash=6dbc55c6...,stateRoot=cb83fb90ff244331016fd806f112f4f728a21e2a7cbeba24116ab8b72c838d7c,receiptRoot=292d2492299df0e3eb11cfd2a15609dc216f1d1abdbd510d40c4729e18abeac6,txsRoot=86648e96...,gasUsed=67112,signatureSize=0,timeCost=3,blockVersion=51052544
info|2026-02-06 20:08:58.177444|exec-0x000072a2f83e76c0|[CONSENSUS][Core][METRIC]asyncExecuteBlock success,sysBlock=false,number=101,result=6dbc55c6...,txsSize=1,txsRoot=86648e96...,receiptsRoot=292d2492...,stateRoot=cb83fb90...,timeCost=3,execPerTx=3
info|2026-02-06 20:08:58.177577|exec-0x000072a2f83e76c0|[CONSENSUS][PBFT]applyStateMachine finished,index=101,beforeExec=d4fb53e1...,afterExec=6dbc55c6...,committedIndex=100,consNum=101,committedHash=7dd64c7d...,view=3,toView=3,changeCycle=0,expectedCheckPoint=101,Idx=3,unsealedTxs=0,sealUntil=0,waitResealUntil=0,consensusTimeout=3000,nodeId=5b07d12d...,timecost=3
info|2026-02-06 20:08:58.177605|pbftWorker-0x000072a2eabcc6c0|[CONSENSUS][PBFT][STORAGE]asyncCommitProposal: write the committed proposal into db,index=101
info|2026-02-06 20:08:58.177701|pbftWorker-0x000072a2eabcc6c0|[CONSENSUS][PBFT][STORAGE]asyncPutProposal: commit success,dbName=pbftCommitDB,key=max_committed_proposal,number=101,timecost=0,dataSize=3
info|2026-02-06 20:08:58.177765|pbftWorker-0x000072a2eabcc6c0|[CONSENSUS][PBFT][STORAGE]asyncPutProposal: commit success,dbName=pbftCommitDB,key=101,number=101,timecost=0,dataSize=631
info|2026-02-06 20:08:58.178108|pbftWorker-0x000072a2eabcc6c0|[CONSENSUS][PBFT]addCheckPointMsg,reqHash=6dbc55c6...,reqIndex=101,reqV=3,fromIdx=3,wait(ms)=1,Idx=3,weight=1,minRequiredWeight=3
info|2026-02-06 20:08:58.178141|pbftWorker-0x000072a2eabcc6c0|[CONSENSUS][PBFT]setCheckPointProposal,propHash=6dbc55c6...,propIndex=101,committedIndex=100,consNum=101,committedHash=7dd64c7d...,view=3,toView=3,changeCycle=0,expectedCheckPoint=101,Idx=3,unsealedTxs=0,sealUntil=0,waitResealUntil=0,consensusTimeout=3000,nodeId=5b07d12d...
info|2026-02-06 20:08:58.178156|pbftWorker-0x000072a2eabcc6c0|[CONSENSUS][PBFT]PBFTConfig: setExpectedCheckPoint,committedIndex=100,consNum=101,committedHash=7dd64c7d...,view=3,toView=3,changeCycle=0,expectedCheckPoint=102,Idx=3,unsealedTxs=0,sealUntil=0,waitResealUntil=0,consensusTimeout=3000,nodeId=5b07d12d...,expectedCheckPoint=102
info|2026-02-06 20:08:58.178165|pbftWorker-0x000072a2eabcc6c0|[CONSENSUS][PBFT]notify to seal next proposal,nextProposalIndex=102
info|2026-02-06 20:08:58.178172|pbftWorker-0x000072a2eabcc6c0|[CONSENSUS][PBFT]onProposalApplySuccess,index=101,hash=6dbc55c6...,lockT=0,timecost=0
info|2026-02-06 20:08:58.179267|pbft-0x000072a2d88fd6c0|[CONSENSUS][PBFT]handleCheckPointMsg: try to add the checkpoint message into the cache,reqHash=6dbc55c6...,reqIndex=101,reqV=3,fromIdx=1,wait(ms)=1,committedIndex=100,consNum=101,committedHash=7dd64c7d...,view=3,toView=3,changeCycle=0,expectedCheckPoint=102,Idx=3,unsealedTxs=0,sealUntil=0,waitResealUntil=0,consensusTimeout=3000,nodeId=5b07d12d...
info|2026-02-06 20:08:58.179333|pbft-0x000072a2d88fd6c0|[CONSENSUS][PBFT]addCheckPointMsg,reqHash=6dbc55c6...,reqIndex=101,reqV=3,fromIdx=1,wait(ms)=1,Idx=3,weight=2,minRequiredWeight=3
info|2026-02-06 20:08:58.179348|pbft-0x000072a2d88fd6c0|[CONSENSUS][PBFT]notify to seal next proposal,nextProposalIndex=102
info|2026-02-06 20:08:58.181682|pbft-0x000072a2d88fd6c0|[CONSENSUS][PBFT]handleCheckPointMsg: try to add the checkpoint message into the cache,reqHash=6dbc55c6...,reqIndex=101,reqV=3,fromIdx=0,wait(ms)=0,committedIndex=100,consNum=101,committedHash=7dd64c7d...,view=3,toView=3,changeCycle=0,expectedCheckPoint=102,Idx=3,unsealedTxs=0,sealUntil=0,waitResealUntil=0,consensusTimeout=3000,nodeId=5b07d12d...
info|2026-02-06 20:08:58.181718|pbft-0x000072a2d88fd6c0|[CONSENSUS][PBFT]addCheckPointMsg,reqHash=6dbc55c6...,reqIndex=101,reqV=3,fromIdx=0,wait(ms)=0,Idx=3,weight=3,minRequiredWeight=3
info|2026-02-06 20:08:58.181726|pbft-0x000072a2d88fd6c0|[CONSENSUS][PBFT]notify to seal next proposal,nextProposalIndex=102
info|2026-02-06 20:08:58.181731|pbft-0x000072a2d88fd6c0|[CONSENSUS][PBFT]setSignatureList,signatureSize=3,propHash=6dbc55c6...,propIndex=101
info|2026-02-06 20:08:58.181735|pbft-0x000072a2d88fd6c0|[CONSENSUS][PBFT]checkAndCommitStableCheckPoint,index=101,hash=6dbc55c6...,committedIndex=100,consNum=101,committedHash=7dd64c7d...,view=3,toView=3,changeCycle=0,expectedCheckPoint=102,Idx=3,unsealedTxs=0,sealUntil=0,waitResealUntil=0,consensusTimeout=3000,nodeId=5b07d12d...
info|2026-02-06 20:08:58.181741|pbft-0x000072a2d88fd6c0|[CONSENSUS][PBFT]updateStableCheckPointQueue: insert new checkpoint proposal,index=101,hash=6dbc55c6...,committedIndex=100,consNum=101,committedHash=7dd64c7d...,view=3,toView=3,changeCycle=0,expectedCheckPoint=102,Idx=3,unsealedTxs=0,sealUntil=0,waitResealUntil=0,consensusTimeout=3000,nodeId=5b07d12d...
info|2026-02-06 20:08:58.181746|pbft-0x000072a2d88fd6c0|[CONSENSUS][PBFT]updateStableCheckPointQueue: commit stable checkpoint,index=101,committedIndex=100
info|2026-02-06 20:08:58.181755|pbft-0x000072a2d88fd6c0|[CONSENSUS][PBFT]asyncCommitStableCheckPoint: set signatureList,index=101,hash=6dbc55c6...,proofSize=3,blockProofSize=3
info|2026-02-06 20:08:58.181815|blockSubmit-0x000072a2ecbd06c0|[SCHEDULER][blk-101][BlockTrace]CommitBlock start
info|2026-02-06 20:08:58.182055|blockSubmit-0x000072a2ecbd06c0|[STORAGE-RocksDB]asyncPrepare,number=101
info|2026-02-06 20:08:58.182088|blockSubmit-0x000072a2ecbd06c0|[STORAGE-RocksDB]asyncPrepare finished,blockNumber=101,put=7,delete=0,startTS=0,encode(ms)=0,time(ms)=0
info|2026-02-06 20:08:58.182112|blockSubmit-0x000072a2ecbd06c0|[LEDGER]storeTransactionsAndReceipts,blockNumber=101
info|2026-02-06 20:08:58.182213|ledgerWrite-0x000072a3003f76c0|[STORAGE-RocksDB]setRows finished,put=1,dataSize=139,time(ms)=0
info|2026-02-06 20:08:58.182229|exec-0x000072a2f6be46c0|[STORAGE-RocksDB]asyncPrepare,number=101
info|2026-02-06 20:08:58.182299|exec-0x000072a2f6be46c0|[STORAGE-KeyPage]parallelTraverse,size=5666
info|2026-02-06 20:08:58.182352|blockSubmit-0x000072a2ecbd06c0|[LEDGER]storeTransactionsAndReceipts finished,blockNumber=101,blockTxsSize=1,unStoredTxs=0,timeCost=0
info|2026-02-06 20:08:58.182363|blockSubmit-0x000072a2ecbd06c0|[LEDGER][METRIC]asyncPrewriteBlock,number=101,totalTxs=125,failedTxs=44,incTxs=1,incFailedTxs=0
info|2026-02-06 20:08:58.182392|exec-0x000072a2f6be46c0|[STORAGE-RocksDB]asyncPrepare finished,blockNumber=101,put=8,delete=3,startTS=0,encode(ms)=0,time(ms)=0
info|2026-02-06 20:08:58.182399|exec-0x000072a2f6be46c0|[EXECUTOR:1770370051][blk-101]Prepare success
info|2026-02-06 20:08:58.182623|exec-0x000072a2f6be46c0|[STORAGE-RocksDB]asyncCommit finished,blockNumber=101,startTS=0,time(ms)=1,callback time(ms)=0,count=18
info|2026-02-06 20:08:58.182639|exec-0x000072a2f6be46c0|[TOOL]fetchCompatibilityVersion
info|2026-02-06 20:08:58.182734|exec-0x000072a2f6be46c0|[TOOL]fetchCompatibilityVersion success,version=3.11.0,versionNumber=51052544,minSupportedVersion=3.0.0-rc4,maxSupportedVersion=3.11.0
info|2026-02-06 20:08:58.182770|exec-0x000072a2f6be46c0|[TOOL]fetchAuthCheckStatus success,value=0
info|2026-02-06 20:08:58.182774|exec-0x000072a2f6be46c0|[EXECUTOR:1770370051]merge keyPage to cachedStorage,number=101
info|2026-02-06 20:08:58.182836|exec-0x000072a2f6be46c0|[STORAGE-KeyPage]parallelTraverse,size=5666
info|2026-02-06 20:08:58.182839|exec-0x000072a2f6be46c0|[STORAGE]Successful merged records,count=11
info|2026-02-06 20:08:58.188124|exec-0x000072a2f6be46c0|[SCHEDULER][blk-101][BlockTrace]CommitBlock success,gas limit=3000000000,timeCost=7
info|2026-02-06 20:08:58.188328|exec-0x000072a2f6be46c0|[SCHEDULER][BlockTrace]Notify block result success,blockNumber=101
info|2026-02-06 20:08:58.188471|exec-0x000072a2f6be46c0|[CONSENSUS][PBFT][STORAGE][METRIC]commitStableCheckPoint success,index=101,hash=6dbc55c6...,txs=1,timeCost=7,commitPerTx=7
info|2026-02-06 20:08:58.188363|submitter-0x000072a2fd3f16c0|[TXPOOL][METRIC]StatTPS,tps=41,totalTime=24
info|2026-02-06 20:08:58.188572|exec-0x000072a2f6be46c0|[SCHEDULER][blk-101]notify block result success,hash=6dbc55c6...,txsSize=1
info|2026-02-06 20:08:58.188604|blockSubmit-0x000072a2ecbd06c0|[CONSENSUS][PBFT][METRIC]resetConfig,committedIndex=101,propHash=6dbc55c6...,blockCountLimit=1000,leaderPeriod=1,consensusNodesSize=4
info|2026-02-06 20:08:58.188722|blockSubmit-0x000072a2ecbd06c0|[CONSENSUS][PBFT][METRIC]^^^^^^^^Report,sealer=0,txs=1,committedIndex=101,consNum=102,committedHash=6dbc55c6...,view=3,toView=3,changeCycle=0,expectedCheckPoint=102,Idx=3,unsealedTxs=0,sealUntil=0,waitResealUntil=0,consensusTimeout=3000,nodeId=5b07d12d...
info|2026-02-06 20:08:58.188748|blockSubmit-0x000072a2ecbd06c0|[CONSENSUS][SEALER]asyncNoteLatestBlockNumber,number=101
info|2026-02-06 20:08:58.188902|blockSubmit-0x000072a2ecbd06c0|[CONSENSUS][SEALER]asyncNoteLatestBlockHash,_hash=6dbc55c6...
info|2026-02-06 20:08:58.188957|blockSubmit-0x000072a2ecbd06c0|[BLOCK SYNC]#### BlockSyncConfig resetConfig,number=101,consNodeSize=4,observerNodeSize=0,type=CONSENSUS_NODE
info|2026-02-06 20:08:58.189224|exec-0x000072a2f6be46c0|[STORAGE-RocksDB]asyncCommit finished,blockNumber=101,startTS=0,time(ms)=0,callback time(ms)=6,count=0
info|2026-02-06 20:08:58.189520|blockSubmit-0x000072a2ecbd06c0|[CONSENSUS][PBFT]notify to seal next proposal,nextProposalIndex=102
info|2026-02-06 20:08:58.189576|submitter-0x000072a2fd3f16c0|[TXPOOL][METRIC]batchRemove txs success,expectedSize=1,succCount=1,batchId=101,timecost=1,lockT=0,removeT=0,updateLedgerNonceT=0,updateTxPoolNonceT=0
info|2026-02-06 20:08:58.189655|blockSubmit-0x000072a2ecbd06c0|[CONSENSUS][PBFT]removeConsensusedCache finalizeConsensus,view=3,number=101,eraseSize=1,cacheSize=0
info|2026-02-06 20:08:58.189712|blockSubmit-0x000072a2ecbd06c0|[CONSENSUS][PBFT][STORAGE]asyncRemoveStabledCheckPoint,index=96
info|2026-02-06 20:08:58.189793|blockSubmit-0x000072a2ecbd06c0|[CONSENSUS][PBFT][STORAGE]asyncRemove success,dbName=pbftCommitDB,key=96
info|2026-02-06 20:08:58.248294|pbftWorker-0x000072a2ea3cb6c0|[CONSENSUS][PBFT]Receive CommittedProposalRequest,fromIndex=101,size=1
info|2026-02-06 20:08:58.248783|pbftWorker-0x000072a2ea3cb6c0|[CONSENSUS][PBFT][STORAGE]asyncGetCommittedProposals success,proposals=1
info|2026-02-06 20:08:58.564471|ioService-0x000072a2bcfff6c0|[WS][SESSION][asyncRead],message=End of file,endpoint=127.0.0.1:50508,refCount=2
info|2026-02-06 20:08:58.564549|ioService-0x000072a2bcfff6c0|[RPC][WS][SESSION][drop],reason=4294963295,endpoint=127.0.0.1:50508,session=0x72a30ae36e10
info|2026-02-06 20:08:58.564571|ioService-0x000072a2bcfff6c0|[RPC][WS][SESSION][drop],reason=4294963295,endpoint=127.0.0.1:50508,cb size=0,session=0x72a30ae36e10
info|2026-02-06 20:08:58.564670|ioService-0x000072a2bcfff6c0|[DEFAULT][WS][STREAM]the real action to close the stream,this=0x72a2b9a3fc50
info|2026-02-06 20:08:58.564882|fisco-bcos-0x000072a28d9456c0|[RPC][WS][SERVICE][removeSession],endpoint=127.0.0.1:50508
info|2026-02-06 20:08:58.564961|fisco-bcos-0x000072a28d9456c0|[RPC][WS][SERVICE][onDisconnect],endpoint=127.0.0.1:50508,refCount=2
info|2026-02-06 20:08:58.564975|fisco-bcos-0x000072a28d9456c0|[RPC][WS][SESSION],[DELOBJ][WSSESSION]=0x72a30ae36e10
info|2026-02-06 20:08:58.564984|fisco-bcos-0x000072a28d9456c0|[DEFAULT][WS][STREAM],[DELOBJ][WsStream]=0x72a2b9a3fc50
info|2026-02-06 20:09:01.807796|timerFactory-0x000072a2c63ff6c0|[RPC][WS][SERVICE]connected nodes,count=0
info|2026-02-06 20:09:01.836952|timerFactory-0x000072a2b69ff6c0|[RPC][WS][SERVICE]connected nodes,count=0
info|2026-02-06 20:09:01.883086|ioService-0x000072a2d73fe6c0|[P2PService][Service][METRIC]heartBeat,connected count=3
info|2026-02-06 20:09:11.808294|timerFactory-0x000072a2c63ff6c0|[RPC][WS][SERVICE]connected nodes,count=0
info|2026-02-06 20:09:11.837290|timerFactory-0x000072a2b69ff6c0|[RPC][WS][SERVICE]connected nodes,count=0
info|2026-02-06 20:09:11.883292|ioService-0x000072a2d73fe6c0|[P2PService][Service][METRIC]heartBeat,connected count=3
info|2026-02-06 20:09:21.808512|timerFactory-0x000072a2c63ff6c0|[RPC][WS][SERVICE]connected nodes,count=0
info|2026-02-06 20:09:21.837640|timerFactory-0x000072a2b69ff6c0|[RPC][WS][SERVICE]connected nodes,count=0
info|2026-02-06 20:09:21.883621|ioService-0x000072a2d73fe6c0|[P2PService][Service][METRIC]heartBeat,connected count=3
info|2026-02-06 20:09:30.857907|objMonitor-0x000072a2a55ff6c0|[startMonitor][AliveObjectMonitor],AliveObjectAllocStat=[ type: bcos::gateway::Socket ,created: 10 ,destroyed: 6 ,alive: 4 ] 
info|2026-02-06 20:09:31.808787|timerFactory-0x000072a2c63ff6c0|[RPC][WS][SERVICE]connected nodes,count=0
info|2026-02-06 20:09:31.837809|timerFactory-0x000072a2b69ff6c0|[RPC][WS][SERVICE]connected nodes,count=0
info|2026-02-06 20:09:31.885288|ioService-0x000072a2d73fe6c0|[P2PService][Service][METRIC]heartBeat,connected count=3
info|2026-02-06 20:09:41.809415|timerFactory-0x000072a2c63ff6c0|[RPC][WS][SERVICE]connected nodes,count=0
info|2026-02-06 20:09:41.837958|timerFactory-0x000072a2b69ff6c0|[RPC][WS][SERVICE]connected nodes,count=0
info|2026-02-06 20:09:41.885576|ioService-0x000072a2d73fe6c0|[P2PService][Service][METRIC]heartBeat,connected count=3
info|2026-02-06 20:09:51.809583|timerFactory-0x000072a2c63ff6c0|[RPC][WS][SERVICE]connected nodes,count=0
info|2026-02-06 20:09:51.838277|timerFactory-0x000072a2b69ff6c0|[RPC][WS][SERVICE]connected nodes,count=0
info|2026-02-06 20:09:51.885861|ioService-0x000072a2d73fe6c0|[P2PService][Service][METRIC]heartBeat,connected count=3
info|2026-02-06 20:10:01.809797|timerFactory-0x000072a2c63ff6c0|[RPC][WS][SERVICE]connected nodes,count=0
info|2026-02-06 20:10:01.838523|timerFactory-0x000072a2b69ff6c0|[RPC][WS][SERVICE]connected nodes,count=0
info|2026-02-06 20:10:01.886057|ioService-0x000072a2d73fe6c0|[P2PService][Service][METRIC]heartBeat,connected count=3
info|2026-02-06 20:10:10.891990|ioService-0x000072a2b47ff6c0|[DEFAULT][HTTP][SERVER][accept],local_endpoint=127.0.0.1:8545,remote_endpoint=127.0.0.1:50874
info|2026-02-06 20:10:10.893524|ioService-0x000072a2af5fe6c0|[DEFAULT][HTTP][SESSION][onRead]receive http request
info|2026-02-06 20:10:11.810157|timerFactory-0x000072a2c63ff6c0|[RPC][WS][SERVICE]connected nodes,count=0
info|2026-02-06 20:10:11.838693|timerFactory-0x000072a2b69ff6c0|[RPC][WS][SERVICE]connected nodes,count=0
info|2026-02-06 20:10:11.886424|ioService-0x000072a2d73fe6c0|[P2PService][Service][METRIC]heartBeat,connected count=3
info|2026-02-06 20:10:13.976693|ioService-0x000072a2af5fe6c0|[DEFAULT][HTTP][SESSION][onRead]receive http request
info|2026-02-06 20:10:16.976537|ioService-0x000072a2af5fe6c0|[DEFAULT][HTTP][SESSION][onRead]receive http request
info|2026-02-06 20:10:19.979265|ioService-0x000072a2af5fe6c0|[DEFAULT][HTTP][SESSION][onRead]receive http request
info|2026-02-06 20:10:21.810410|timerFactory-0x000072a2c63ff6c0|[RPC][WS][SERVICE]connected nodes,count=0
info|2026-02-06 20:10:21.838872|timerFactory-0x000072a2b69ff6c0|[RPC][WS][SERVICE]connected nodes,count=0
info|2026-02-06 20:10:21.886707|ioService-0x000072a2d73fe6c0|[P2PService][Service][METRIC]heartBeat,connected count=3
info|2026-02-06 20:10:22.977004|ioService-0x000072a2af5fe6c0|[DEFAULT][HTTP][SESSION][onRead]receive http request
info|2026-02-06 20:10:25.979720|ioService-0x000072a2af5fe6c0|[DEFAULT][HTTP][SESSION][onRead]receive http request
info|2026-02-06 20:10:28.979935|ioService-0x000072a2af5fe6c0|[DEFAULT][HTTP][SESSION][onRead]receive http request
info|2026-02-06 20:10:30.853308|objMonitor-0x000072a2a55ff6c0|[startMonitor][AliveObjectMonitor],AliveObjectAllocStat=[ type: bcos::gateway::Socket ,created: 10 ,destroyed: 6 ,alive: 4 ] 
info|2026-02-06 20:10:31.810805|timerFactory-0x000072a2c63ff6c0|[RPC][WS][SERVICE]connected nodes,count=0
info|2026-02-06 20:10:31.839127|timerFactory-0x000072a2b69ff6c0|[RPC][WS][SERVICE]connected nodes,count=0
info|2026-02-06 20:10:31.886921|ioService-0x000072a2d73fe6c0|[P2PService][Service][METRIC]heartBeat,connected count=3
info|2026-02-06 20:10:31.979709|ioService-0x000072a2af5fe6c0|[DEFAULT][HTTP][SESSION][onRead]receive http request
info|2026-02-06 20:10:34.981498|ioService-0x000072a2af5fe6c0|[DEFAULT][HTTP][SESSION][onRead]receive http request
info|2026-02-06 20:10:37.977822|ioService-0x000072a2af5fe6c0|[DEFAULT][HTTP][SESSION][onRead]receive http request
info|2026-02-06 20:10:40.979298|ioService-0x000072a2af5fe6c0|[DEFAULT][HTTP][SESSION][onRead]receive http request
info|2026-02-06 20:10:41.811066|timerFactory-0x000072a2c63ff6c0|[RPC][WS][SERVICE]connected nodes,count=0
info|2026-02-06 20:10:41.839400|timerFactory-0x000072a2b69ff6c0|[RPC][WS][SERVICE]connected nodes,count=0
info|2026-02-06 20:10:41.887047|ioService-0x000072a2d73fe6c0|[P2PService][Service][METRIC]heartBeat,connected count=3
info|2026-02-06 20:10:43.979914|ioService-0x000072a2af5fe6c0|[DEFAULT][HTTP][SESSION][onRead]receive http request
info|2026-02-06 20:10:46.982262|ioService-0x000072a2af5fe6c0|[DEFAULT][HTTP][SESSION][onRead]receive http request
info|2026-02-06 20:10:49.981673|ioService-0x000072a2af5fe6c0|[DEFAULT][HTTP][SESSION][onRead]receive http request
info|2026-02-06 20:10:51.811284|timerFactory-0x000072a2c63ff6c0|[RPC][WS][SERVICE]connected nodes,count=0
info|2026-02-06 20:10:51.839573|timerFactory-0x000072a2b69ff6c0|[RPC][WS][SERVICE]connected nodes,count=0
info|2026-02-06 20:10:51.887187|ioService-0x000072a2d73fe6c0|[P2PService][Service][METRIC]heartBeat,connected count=3
info|2026-02-06 20:10:52.986153|ioService-0x000072a2af5fe6c0|[DEFAULT][HTTP][SESSION][onRead]receive http request
info|2026-02-06 20:10:55.983491|ioService-0x000072a2af5fe6c0|[DEFAULT][HTTP][SESSION][onRead]receive http request
info|2026-02-06 20:10:58.984658|ioService-0x000072a2af5fe6c0|[DEFAULT][HTTP][SESSION][onRead]receive http request
info|2026-02-06 20:11:01.811529|timerFactory-0x000072a2c63ff6c0|[RPC][WS][SERVICE]connected nodes,count=0
info|2026-02-06 20:11:01.839910|timerFactory-0x000072a2b69ff6c0|[RPC][WS][SERVICE]connected nodes,count=0
info|2026-02-06 20:11:01.887470|ioService-0x000072a2d73fe6c0|[P2PService][Service][METRIC]heartBeat,connected count=3
info|2026-02-06 20:11:01.986427|ioService-0x000072a2af5fe6c0|[DEFAULT][HTTP][SESSION][onRead]receive http request
info|2026-02-06 20:11:04.988426|ioService-0x000072a2af5fe6c0|[DEFAULT][HTTP][SESSION][onRead]receive http request
info|2026-02-06 20:11:07.988572|ioService-0x000072a2af5fe6c0|[DEFAULT][HTTP][SESSION][onRead]receive http request
info|2026-02-06 20:11:10.988351|ioService-0x000072a2af5fe6c0|[DEFAULT][HTTP][SESSION][onRead]receive http request
info|2026-02-06 20:11:11.811672|timerFactory-0x000072a2c63ff6c0|[RPC][WS][SERVICE]connected nodes,count=0
info|2026-02-06 20:11:11.840045|timerFactory-0x000072a2b69ff6c0|[RPC][WS][SERVICE]connected nodes,count=0
info|2026-02-06 20:11:11.887701|ioService-0x000072a2d73fe6c0|[P2PService][Service][METRIC]heartBeat,connected count=3
info|2026-02-06 20:11:13.991199|ioService-0x000072a2af5fe6c0|[DEFAULT][HTTP][SESSION][onRead]receive http request
info|2026-02-06 20:11:16.989785|ioService-0x000072a2af5fe6c0|[DEFAULT][HTTP][SESSION][onRead]receive http request
info|2026-02-06 20:11:19.991133|ioService-0x000072a2af5fe6c0|[DEFAULT][HTTP][SESSION][onRead]receive http request
info|2026-02-06 20:11:21.811845|timerFactory-0x000072a2c63ff6c0|[RPC][WS][SERVICE]connected nodes,count=0
info|2026-02-06 20:11:21.840224|timerFactory-0x000072a2b69ff6c0|[RPC][WS][SERVICE]connected nodes,count=0
info|2026-02-06 20:11:21.887913|ioService-0x000072a2d73fe6c0|[P2PService][Service][METRIC]heartBeat,connected count=3
info|2026-02-06 20:11:22.991838|ioService-0x000072a2af5fe6c0|[DEFAULT][HTTP][SESSION][onRead]receive http request
info|2026-02-06 20:11:25.993454|ioService-0x000072a2af5fe6c0|[DEFAULT][HTTP][SESSION][onRead]receive http request
info|2026-02-06 20:11:28.992756|ioService-0x000072a2af5fe6c0|[DEFAULT][HTTP][SESSION][onRead]receive http request
info|2026-02-06 20:11:30.849091|objMonitor-0x000072a2a55ff6c0|[startMonitor][AliveObjectMonitor],AliveObjectAllocStat=[ type: bcos::gateway::Socket ,created: 10 ,destroyed: 6 ,alive: 4 ] 
info|2026-02-06 20:11:31.812046|timerFactory-0x000072a2c63ff6c0|[RPC][WS][SERVICE]connected nodes,count=0
info|2026-02-06 20:11:31.840375|timerFactory-0x000072a2b69ff6c0|[RPC][WS][SERVICE]connected nodes,count=0
info|2026-02-06 20:11:31.888361|ioService-0x000072a2d73fe6c0|[P2PService][Service][METRIC]heartBeat,connected count=3
info|2026-02-06 20:11:31.995775|ioService-0x000072a2af5fe6c0|[DEFAULT][HTTP][SESSION][onRead]receive http request
info|2026-02-06 20:11:34.998243|ioService-0x000072a2af5fe6c0|[DEFAULT][HTTP][SESSION][onRead]receive http request
info|2026-02-06 20:11:36.403505|ioService-0x000072a2c47ff6c0|[DEFAULT][HTTP][SERVER][accept],local_endpoint=127.0.0.1:20203,remote_endpoint=127.0.0.1:53316
info|2026-02-06 20:11:36.403817|ioService-0x000072a2bb9fe6c0|[DEFAULT][HTTP][SESSION][onRead]websocket upgrade
info|2026-02-06 20:11:36.403871|ioService-0x000072a2bb9fe6c0|[DEFAULT][WS][STREAM],[NEWOBJ][WsStream]=0x72a2ae09ccd0
info|2026-02-06 20:11:36.403899|ioService-0x000072a2bb9fe6c0|[RPC][WS][SESSION],[NEWOBJ][WSSESSION]=0x72a30ae44a10
info|2026-02-06 20:11:36.403917|ioService-0x000072a2bb9fe6c0|[RPC][WS][SERVICE][newSession]start the session,endPoint=127.0.0.1:53316
info|2026-02-06 20:11:36.403923|ioService-0x000072a2bb9fe6c0|[RPC][WS][SESSION][startAsServer]start websocket handshake,endPoint=127.0.0.1:53316,session=0x72a30ae44a10
info|2026-02-06 20:11:36.404053|ioService-0x000072a2bb9fe6c0|[RPC][WS][SERVICE][addSession]add session to mapping,endPoint=127.0.0.1:53316,result=true
info|2026-02-06 20:11:36.404078|ioService-0x000072a2bb9fe6c0|[RPC][WS][SERVICE][onConnect],endpoint=127.0.0.1:53316,refCount=3
info|2026-02-06 20:11:36.404114|ioService-0x000072a2bb9fe6c0|[RPC][WS][SESSION][onWsAccept]websocket handshake successfully,endPoint=127.0.0.1:53316,session=0x72a30ae44a10
info|2026-02-06 20:11:36.404691|ioService-0x000072a290c516c0|HandshakeRequest,module=2,minVersion=0,maxVersion=2
info|2026-02-06 20:11:36.404712|ioService-0x000072a290c516c0|[RPC]negotiatedVersion success,peer=127.0.0.1:53316,minVersion=0,maxVersion=2,supportMinVersion=0,supportMaxVersion=2,negotiatedVersion=2,seq=b74df1be37e6495ea00433eb1d607c6a
info|2026-02-06 20:11:36.405011|ioService-0x000072a290c516c0|[RPC]onRecvHandshakeRequest success,version=2,endpoint=127.0.0.1:53316,handshakeResponse={"groupBlockNumber":[{"group0":101}],"groupInfoList":[{"chainID":"chain0","genesisConfig":"{\"blockTxCountLimit\":1000,\"consensusLeaderPeriod\":1,\"consensusType\":\"pbft\",\"sealerList\":[{\"nodeID\":\"0d6a7f52cb87ce7fda869e0db309ec9c53723c46f81632c21e4abbf1a9159f14d53f37cc0c4141548da9ec877d6235afd7a501c40d296fc4c5252a8717aa23c2\",\"weight\":1},{\"nodeID\":\"21a47acec36f73d8e925a7d5db44793f998e1a42a6d7ee2e3a5cf4037b853452cb76f6cbab8e5b223a128e8ee15790d1f629858b47070b4eb2e1ddb2b0ada297\",\"weight\":1},{\"nodeID\":\"2346c69c46d42278eb237167eb19eb28432b63783cc0fd7cddc90f89c148e755db8941be9b0c5f37cbc21c409a78c154abc75ce0c80818c6fbb76aea6bcd0a9a\",\"weight\":1},{\"nodeID\":\"5b07d12d1512a66493c8fd3456d8c505e6ce05f20061613a4c48a1fa3755bbf9cc2d2f1878c4a6733389f03deb0a3fc0c672e2f4910fde9802d6675929cb3dc5\",\"weight\":1}],\"txGasLimit\":3000000000}\n","groupID":"group0","iniConfig":"","nodeList":[{"featureKeys":["bugfix_revert","bugfix_statestorage_hash","bugfix_evm_create2_delegatecall_staticcall_codecopy","bugfix_event_log_order","bugfix_call_noaddr_return","bugfix_precompiled_codehash","bugfix_dmc_revert","bugfix_keypage_system_entry_hash","bugfix_internal_create_redundant_storage","bugfix_internal_create_permission_denied","bugfix_sharding_call_in_child_executive","bugfix_empty_abi_reset","bugfix_eip55_addr","bugfix_eoa_as_contract","bugfix_eoa_match_failed","bugfix_evm_exception_gas_used","bugfix_dmc_deploy_gas_used","bugfix_staticcall_noaddr_return","bugfix_support_transfer_receive_fallback","bugfix_set_row_with_dirty_flag","feature_dmc2serial","feature_sharding","feature_rpbft","feature_paillier","feature_balance","feature_balance_precompiled","feature_balance_policy1","feature_paillier_add_raw","feature_evm_cancun"],"iniConfig":"{\"binaryInfo\":{\"buildTime\":\"20240827 04:30:34\",\"gitCommitHash\":\"3fea676716990b2ed453b4f079915daafff451f9\",\"platform\":\"Linux/g++\",\"version\":\"3.11.0\"},\"chainID\":\"chain0\",\"gatewayServiceName\":\"\",\"groupID\":\"group0\",\"isAuthCheck\":false,\"isSerialExecute\":true,\"isWasm\":false,\"nodeID\":\"5b07d12d1512a66493c8fd3456d8c505e6ce05f20061613a4c48a1fa3755bbf9cc2d2f1878c4a6733389f03deb0a3fc0c672e2f4910fde9802d6675929cb3dc5\",\"nodeName\":\"5b07d12d1512a66493c8fd3456d8c505e6ce05f20061613a4c48a1fa3755bbf9cc2d2f1878c4a6733389f03deb0a3fc0c672e2f4910fde9802d6675929cb3dc5\",\"rpcServiceName\":\"\",\"smCryptoType\":false}\n","microService":false,"name":"5b07d12d1512a66493c8fd3456d8c505e6ce05f20061613a4c48a1fa3755bbf9cc2d2f1878c4a6733389f03deb0a3fc0c672e2f4910fde9802d6675929cb3dc5","nodeID":"5b07d12d1512a66493c8fd3456d8c505e6ce05f20061613a4c48a1fa3755bbf9cc2d2f1878c4a6733389f03deb0a3fc0c672e2f4910fde9802d6675929cb3dc5","protocol":{"compatibilityVersion":51052544,"maxSupportedVersion":2,"minSupportedVersion":0},"serviceInfo":[{"serviceName":"LedgerServiceObj","type":2},{"serviceName":"SchedulerServiceObj","type":3},{"serviceName":"FrontServiceObj","type":4},{"serviceName":"","type":6},{"serviceName":"","type":7},{"serviceName":"TxPoolServiceObj","type":8}],"supportConfigs":["tx_gas_limit","tx_gas_price","tx_count_limit","consensus_leader_period","auth_check_status","compatibility_version","feature_rpbft","feature_rpbft_epoch_block_num","feature_rpbft_epoch_sealer_num","feature_balance_precompiled","web3_chain_id"],"type":0}]}],"protocolVersion":2}
info|2026-02-06 20:11:36.406738|fisco-bcos-0x000072a2a15f76c0|[parseSubTopicsJson],topicItems size=0,json={"topics":[]}
info|2026-02-06 20:11:36.406863|fisco-bcos-0x000072a2a15f76c0|[AMOPClient]subscribeTopicToAllNodes,topicInfo={
	"topics" : []
}
info|2026-02-06 20:11:36.406956|fisco-bcos-0x000072a2a15f76c0|[AMOP][TOPIC][parseSubTopicsJson],topicItems size=0,json={
	"topics" : []
}
info|2026-02-06 20:11:36.406966|fisco-bcos-0x000072a2a15f76c0|[AMOP][TOPIC][subTopic],client=localAMOP,topicSeq=1,topicItems size=0
info|2026-02-06 20:11:36.406970|fisco-bcos-0x000072a2a15f76c0|[AMOPClient][onRecvSubTopics],topicInfo={"topics":[]}
,endpoint=127.0.0.1:53316,seq=b62a2e16b2734ba6b4edff54f1294461
info|2026-02-06 20:11:37.976807|fisco-bcos-0x000072a2e57c06c0|[SCHEDULER][serialExecute][blk-101][BlockTrace]serialExecute execute block
info|2026-02-06 20:11:37.976867|fisco-bcos-0x000072a2e57c06c0|[SCHEDULER][METRIC][BlockTrace][blk-101]preExeBlock success,blockHeader.timestamp=0,metaTxCount=0,timeCost=0
info|2026-02-06 20:11:38.008095|ioService-0x000072a2af5fe6c0|[DEFAULT][HTTP][SESSION][onRead]receive http request
info|2026-02-06 20:11:38.244595|pbft-0x000072a2d88fd6c0|[CONSENSUS][PBFT]handlePrePrepareMsg,reqHash=e9f7c306...,reqIndex=102,reqV=3,fromIdx=1,wait(ms)=0,committedIndex=101,consNum=102,committedHash=6dbc55c6...,view=3,toView=3,changeCycle=0,expectedCheckPoint=102,Idx=3,unsealedTxs=1,sealUntil=0,waitResealUntil=0,consensusTimeout=3000,nodeId=5b07d12d...,utc=32356760
info|2026-02-06 20:11:38.244836|pbft-0x000072a2d88fd6c0|[TXPOOL]begin asyncVerifyBlock,consNum=102,hash=e9f7c306...
info|2026-02-06 20:11:38.244903|verifier-0x000072a2fb3ed6c0|[TXPOOL]batchVerifyProposal,consNum=102,hash=e9f7c306...,txsSize=1,lockT=0,verifyT=0,missedTxs=0
info|2026-02-06 20:11:38.244936|verifier-0x000072a2fb3ed6c0|[TXPOOL][METRIC]asyncVerifyBlock finished,consNum=102,hash=e9f7c306...,code=0,msg=success,result=true,timecost=0
info|2026-02-06 20:11:38.244964|verifier-0x000072a2fb3ed6c0|[CONSENSUS][PBFT]handlePrePrepareMsg,reqHash=e9f7c306...,reqIndex=102,reqV=3,fromIdx=1,wait(ms)=0,committedIndex=101,consNum=102,committedHash=6dbc55c6...,view=3,toView=3,changeCycle=0,expectedCheckPoint=102,Idx=3,unsealedTxs=1,sealUntil=0,waitResealUntil=0,consensusTimeout=3000,nodeId=5b07d12d...,utc=32356760
info|2026-02-06 20:11:38.244995|verifier-0x000072a2fb3ed6c0|[CONSENSUS][PBFT]addPrePrepareCache,reqHash=e9f7c306...,reqIndex=102,reqV=3,fromIdx=1,wait(ms)=0,sys=false,committedIndex=101,consNum=102,committedHash=6dbc55c6...,view=3,toView=3,changeCycle=0,expectedCheckPoint=102,Idx=3,unsealedTxs=1,sealUntil=0,waitResealUntil=0,consensusTimeout=3000,nodeId=5b07d12d...
info|2026-02-06 20:11:38.245006|verifier-0x000072a2fb3ed6c0|[CONSENSUS][PBFT]notify the committed proposal index to the sync module success,index=102
info|2026-02-06 20:11:38.245072|verifier-0x000072a2fb3ed6c0|[CONSENSUS][PBFT]addPrepareCache,reqHash=e9f7c306...,reqIndex=102,reqV=3,fromIdx=3,wait(ms)=0,committedIndex=101,consNum=102,committedHash=6dbc55c6...,view=3,toView=3,changeCycle=0,expectedCheckPoint=102,Idx=3,unsealedTxs=1,sealUntil=0,waitResealUntil=0,consensusTimeout=3000,nodeId=5b07d12d...,weight=1
info|2026-02-06 20:11:38.245129|verifier-0x000072a2fb3ed6c0|[CONSENSUS][PBFT]broadcast prepare packet,packetSize=230,index=102
info|2026-02-06 20:11:38.245201|verifier-0x000072a2fb3ed6c0|[CONSENSUS][PBFT]handlePrePrepareMsg and broadcast prepare packet,reqHash=e9f7c306...,reqIndex=102,reqV=3,fromIdx=1,wait(ms)=1,committedIndex=101,consNum=102,committedHash=6dbc55c6...,view=3,toView=3,changeCycle=0,expectedCheckPoint=102,Idx=3,unsealedTxs=1,sealUntil=0,waitResealUntil=0,consensusTimeout=3000,nodeId=5b07d12d...
info|2026-02-06 20:11:38.245308|txsPreStore-0x000072a2fa3eb6c0|[TXPOOL]storeVerifiedBlock fetch block number from LedgerConfig
info|2026-02-06 20:11:38.245360|txsPreStore-0x000072a2fa3eb6c0|[TOOL]LedgerConfigFetcher: fetchBlockNumber success,blockNumber=101
info|2026-02-06 20:11:38.245365|txsPreStore-0x000072a2fa3eb6c0|[TXPOOL]storeVerifiedBlock,consNum=102,hash=e9f7c306...,txsSize=1
info|2026-02-06 20:11:38.245375|txsPreStore-0x000072a2fa3eb6c0|[LEDGER]asyncPreStoreBlockTxs: needStoreUnsavedTxs,txsSize=1,unstoredTxs=1,number=102
info|2026-02-06 20:11:38.245419|txsPreStore-0x000072a2fa3eb6c0|[STORAGE-RocksDB]setRows finished,put=1,dataSize=682,time(ms)=0
info|2026-02-06 20:11:38.245422|txsPreStore-0x000072a2fa3eb6c0|[LEDGER]asyncPreStoreBlockTxs: store uncommitted txs,blockNumber=102,blockTxsSize=1,unStoredTxs=1,msg=success,code=0,timeCost=0
info|2026-02-06 20:11:38.245426|txsPreStore-0x000072a2fa3eb6c0|[TXPOOL]storeVerifiedBlock success,consNum=102,hash=e9f7c306...,timecost=0
info|2026-02-06 20:11:38.245691|validator-0x000072a2ee3d36c0|[CONSENSUS][PBFT]asyncResetTxsFlag,index=102,hash=e9f7c306...,flag=true
info|2026-02-06 20:11:38.245723|validator-0x000072a2ee3d36c0|[TXPOOL]batchMarkTxs,txsSize=1,batchId=102,hash=e9f7c306...,sealFlag=true,notFound=0,reSealed=0,succ=1,time=0,markT=0
info|2026-02-06 20:11:38.245740|validator-0x000072a2ee3d36c0|[CONSENSUS][PBFT]asyncMarkTxs success,index=102,hash=e9f7c306...,flag=true,markT=0,emptyTxBatchHash=false
info|2026-02-06 20:11:38.245811|pbft-0x000072a2d88fd6c0|[CONSENSUS][PBFT]addPrepareCache,reqHash=e9f7c306...,reqIndex=102,reqV=3,fromIdx=0,wait(ms)=0,committedIndex=101,consNum=102,committedHash=6dbc55c6...,view=3,toView=3,changeCycle=0,expectedCheckPoint=102,Idx=3,unsealedTxs=0,sealUntil=0,waitResealUntil=0,consensusTimeout=3000,nodeId=5b07d12d...,weight=2
info|2026-02-06 20:11:38.245982|pbft-0x000072a2d88fd6c0|[CONSENSUS][PBFT]addPrepareCache,reqHash=e9f7c306...,reqIndex=102,reqV=3,fromIdx=1,wait(ms)=0,committedIndex=101,consNum=102,committedHash=6dbc55c6...,view=3,toView=3,changeCycle=0,expectedCheckPoint=102,Idx=3,unsealedTxs=0,sealUntil=0,waitResealUntil=0,consensusTimeout=3000,nodeId=5b07d12d...,weight=3
info|2026-02-06 20:11:38.245996|pbft-0x000072a2d88fd6c0|[CONSENSUS][PBFT]setSignatureList,signatureSize=3,propHash=e9f7c306...,propIndex=102
info|2026-02-06 20:11:38.246005|pbft-0x000072a2d88fd6c0|[CONSENSUS][PBFT]intoPrecommit,reqHash=e9f7c306...,reqIndex=102,reqV=3,fromIdx=3,wait(ms)=2,committedIndex=101,consNum=102,committedHash=6dbc55c6...,view=3,toView=3,changeCycle=0,expectedCheckPoint=102,Idx=3,unsealedTxs=0,sealUntil=0,waitResealUntil=0,consensusTimeout=3000,nodeId=5b07d12d...
info|2026-02-06 20:11:38.246044|pbft-0x000072a2d88fd6c0|[CONSENSUS][PBFT]addCommitCache,reqHash=e9f7c306...,reqIndex=102,reqV=3,fromIdx=3,wait(ms)=0,committedIndex=101,consNum=102,committedHash=6dbc55c6...,view=3,toView=3,changeCycle=0,expectedCheckPoint=102,Idx=3,unsealedTxs=0,sealUntil=0,waitResealUntil=0,consensusTimeout=3000,nodeId=5b07d12d...,weight=1
info|2026-02-06 20:11:38.246050|pbft-0x000072a2d88fd6c0|[CONSENSUS][PBFT]checkAndPreCommit: broadcast commitMsg,Idx=3,hash=e9f7c306...,index=102
info|2026-02-06 20:11:38.246212|pbft-0x000072a2d88fd6c0|[CONSENSUS][PBFT]addCommitCache,reqHash=e9f7c306...,reqIndex=102,reqV=3,fromIdx=0,wait(ms)=0,committedIndex=101,consNum=102,committedHash=6dbc55c6...,view=3,toView=3,changeCycle=0,expectedCheckPoint=102,Idx=3,unsealedTxs=0,sealUntil=0,waitResealUntil=0,consensusTimeout=3000,nodeId=5b07d12d...,weight=2
info|2026-02-06 20:11:38.246771|pbft-0x000072a2d88fd6c0|[CONSENSUS][PBFT]addCommitCache,reqHash=e9f7c306...,reqIndex=102,reqV=3,fromIdx=1,wait(ms)=0,committedIndex=101,consNum=102,committedHash=6dbc55c6...,view=3,toView=3,changeCycle=0,expectedCheckPoint=102,Idx=3,unsealedTxs=0,sealUntil=0,waitResealUntil=0,consensusTimeout=3000,nodeId=5b07d12d...,weight=3
info|2026-02-06 20:11:38.246842|pbft-0x000072a2d88fd6c0|[CONSENSUS][PBFT]checkAndCommit,propHash=e9f7c306...,propIndex=102,committedIndex=101,consNum=102,committedHash=6dbc55c6...,view=3,toView=3,changeCycle=0,expectedCheckPoint=102,Idx=3,unsealedTxs=0,sealUntil=0,waitResealUntil=0,consensusTimeout=3000,nodeId=5b07d12d...
info|2026-02-06 20:11:38.246913|pbft-0x000072a2d88fd6c0|[CONSENSUS][PBFT]######## CommitProposal,propHash=e9f7c306...,propIndex=102,sys=false,committedIndex=101,consNum=102,committedHash=6dbc55c6...,view=3,toView=3,changeCycle=0,expectedCheckPoint=102,Idx=3,unsealedTxs=0,sealUntil=0,waitResealUntil=0,consensusTimeout=3000,nodeId=5b07d12d...
info|2026-02-06 20:11:38.246926|pbft-0x000072a2d88fd6c0|[CONSENSUS][PBFT]notify to seal next proposal,nextProposalIndex=103
info|2026-02-06 20:11:38.246960|pbft-0x000072a2d88fd6c0|[CONSENSUS][PBFT]notify to seal next proposal,nextProposalIndex=103
info|2026-02-06 20:11:38.246965|pbft-0x000072a2d88fd6c0|[CONSENSUS][PBFT]applyStateMachine,index=102,hash=e9f7c306...,committedIndex=101,consNum=102,committedHash=6dbc55c6...,view=3,toView=3,changeCycle=0,expectedCheckPoint=102,Idx=3,unsealedTxs=0,sealUntil=0,waitResealUntil=0,consensusTimeout=3000,nodeId=5b07d12d...,unAppliedProposals=0
info|2026-02-06 20:11:38.247142|preExeScheduler-0x000072a29da6a6c0|[SCHEDULER][METRIC][BlockTrace][blk-102]preExeBlock success,blockHeader.timestamp=1770379898243,metaTxCount=1,timeCost=0
info|2026-02-06 20:11:38.247208|exeScheduler-0x000072a29ca686c0|[SCHEDULER][METRIC][blk-102]ExecuteBlock request,gasLimit=3000000000,gasPrice=0x0,verify=false,signatureSize=0,txCount=0,metaTxCount=1,version=3.11.0,waitT=0
info|2026-02-06 20:11:38.247276|exeScheduler-0x000072a29ca686c0|[SCHEDULER][blk-102][BlockTrace]ExecuteBlock start,time(ms)=0
info|2026-02-06 20:11:38.247294|exeScheduler-0x000072a29ca686c0|[SCHEDULER][serialExecute][blk-102][BlockTrace]serialExecute execute block
info|2026-02-06 20:11:38.247305|exeScheduler-0x000072a29ca686c0|[SCHEDULER][serialExecute][blk-102][BlockTrace]serialExecute batch next block
info|2026-02-06 20:11:38.247316|exeScheduler-0x000072a29ca686c0|[SCHEDULER][blk-102][BlockTrace]NextBlock request,executorNum=1
info|2026-02-06 20:11:38.247674|exec-0x000072a2f73e56c0|[SCHEDULER][blk-102][BlockTrace]NextBlock success,executorNum=1,timeCost=0
info|2026-02-06 20:11:38.247717|exec-0x000072a2f73e56c0|[SCHEDULER][serialExecute][blk-102][BlockTrace]serialExecute block begin
info|2026-02-06 20:11:38.248675|exec-0x000072a2f63e36c0|[STORAGE-KeyPage]hash,size=27,blockVersion=51052544,readLength=10946,writeLength=0,pageCount=0,entrycount=0,entriesHash=0000000000000000000000000000000000000000000000000000000000000000,pagesHash=0000000000000000000000000000000000000000000000000000000000000000,totalHash=0000000000000000000000000000000000000000000000000000000000000000
info|2026-02-06 20:11:38.248823|exec-0x000072a2f63e36c0|[EXECUTOR:1770370051][blk-102]GetTableHashes success,hash=0000000000000000000000000000000000000000000000000000000000000000,time(ms)=0
info|2026-02-06 20:11:38.248875|exec-0x000072a2f63e36c0|[SCHEDULER][blk-102][BlockTrace]ExecuteBlock success,hash=5dc27a05...,stateRoot=0000000000000000000000000000000000000000000000000000000000000000,receiptRoot=f953d7455776ad2a318199efd1b40e23d66acc1a5565e1d69aea2202e58da9e6,txsRoot=d21e2e26...,gasUsed=15443,signatureSize=0,timeCost=1,blockVersion=51052544
info|2026-02-06 20:11:38.248901|exec-0x000072a2f63e36c0|[CONSENSUS][Core][METRIC]asyncExecuteBlock success,sysBlock=false,number=102,result=5dc27a05...,txsSize=1,txsRoot=d21e2e26...,receiptsRoot=f953d745...,stateRoot=00000000...,timeCost=1,execPerTx=1
info|2026-02-06 20:11:38.248942|exec-0x000072a2f63e36c0|[CONSENSUS][PBFT]applyStateMachine finished,index=102,beforeExec=e9f7c306...,afterExec=5dc27a05...,committedIndex=101,consNum=102,committedHash=6dbc55c6...,view=3,toView=3,changeCycle=0,expectedCheckPoint=102,Idx=3,unsealedTxs=0,sealUntil=0,waitResealUntil=0,consensusTimeout=3000,nodeId=5b07d12d...,timecost=2
info|2026-02-06 20:11:38.248957|pbftWorker-0x000072a2e9bca6c0|[CONSENSUS][PBFT][STORAGE]asyncCommitProposal: write the committed proposal into db,index=102
info|2026-02-06 20:11:38.249012|pbftWorker-0x000072a2e9bca6c0|[CONSENSUS][PBFT][STORAGE]asyncPutProposal: commit success,dbName=pbftCommitDB,key=max_committed_proposal,number=102,timecost=1,dataSize=3
info|2026-02-06 20:11:38.249044|pbftWorker-0x000072a2e9bca6c0|[CONSENSUS][PBFT][STORAGE]asyncPutProposal: commit success,dbName=pbftCommitDB,key=102,number=102,timecost=0,dataSize=679
info|2026-02-06 20:11:38.249238|pbftWorker-0x000072a2e9bca6c0|[CONSENSUS][PBFT]addCheckPointMsg,reqHash=5dc27a05...,reqIndex=102,reqV=3,fromIdx=3,wait(ms)=0,Idx=3,weight=1,minRequiredWeight=3
info|2026-02-06 20:11:38.249270|pbftWorker-0x000072a2e9bca6c0|[CONSENSUS][PBFT]setCheckPointProposal,propHash=5dc27a05...,propIndex=102,committedIndex=101,consNum=102,committedHash=6dbc55c6...,view=3,toView=3,changeCycle=0,expectedCheckPoint=102,Idx=3,unsealedTxs=0,sealUntil=0,waitResealUntil=0,consensusTimeout=3000,nodeId=5b07d12d...
info|2026-02-06 20:11:38.249296|pbftWorker-0x000072a2e9bca6c0|[CONSENSUS][PBFT]PBFTConfig: setExpectedCheckPoint,committedIndex=101,consNum=102,committedHash=6dbc55c6...,view=3,toView=3,changeCycle=0,expectedCheckPoint=103,Idx=3,unsealedTxs=0,sealUntil=0,waitResealUntil=0,consensusTimeout=3000,nodeId=5b07d12d...,expectedCheckPoint=103
info|2026-02-06 20:11:38.249310|pbftWorker-0x000072a2e9bca6c0|[CONSENSUS][PBFT]notify to seal next proposal,nextProposalIndex=103
info|2026-02-06 20:11:38.249313|pbftWorker-0x000072a2e9bca6c0|[CONSENSUS][PBFT]onProposalApplySuccess,index=102,hash=5dc27a05...,lockT=0,timecost=0
info|2026-02-06 20:11:38.250127|pbft-0x000072a2d88fd6c0|[CONSENSUS][PBFT]handleCheckPointMsg: try to add the checkpoint message into the cache,reqHash=5dc27a05...,reqIndex=102,reqV=3,fromIdx=0,wait(ms)=1,committedIndex=101,consNum=102,committedHash=6dbc55c6...,view=3,toView=3,changeCycle=0,expectedCheckPoint=103,Idx=3,unsealedTxs=0,sealUntil=0,waitResealUntil=0,consensusTimeout=3000,nodeId=5b07d12d...
info|2026-02-06 20:11:38.250163|pbft-0x000072a2d88fd6c0|[CONSENSUS][PBFT]addCheckPointMsg,reqHash=5dc27a05...,reqIndex=102,reqV=3,fromIdx=0,wait(ms)=1,Idx=3,weight=2,minRequiredWeight=3
info|2026-02-06 20:11:38.250175|pbft-0x000072a2d88fd6c0|[CONSENSUS][PBFT]notify to seal next proposal,nextProposalIndex=103
info|2026-02-06 20:11:38.250261|pbft-0x000072a2d88fd6c0|[CONSENSUS][PBFT]handleCheckPointMsg: try to add the checkpoint message into the cache,reqHash=5dc27a05...,reqIndex=102,reqV=3,fromIdx=1,wait(ms)=1,committedIndex=101,consNum=102,committedHash=6dbc55c6...,view=3,toView=3,changeCycle=0,expectedCheckPoint=103,Idx=3,unsealedTxs=0,sealUntil=0,waitResealUntil=0,consensusTimeout=3000,nodeId=5b07d12d...
info|2026-02-06 20:11:38.250285|pbft-0x000072a2d88fd6c0|[CONSENSUS][PBFT]addCheckPointMsg,reqHash=5dc27a05...,reqIndex=102,reqV=3,fromIdx=1,wait(ms)=1,Idx=3,weight=3,minRequiredWeight=3
info|2026-02-06 20:11:38.250292|pbft-0x000072a2d88fd6c0|[CONSENSUS][PBFT]notify to seal next proposal,nextProposalIndex=103
info|2026-02-06 20:11:38.250331|pbft-0x000072a2d88fd6c0|[CONSENSUS][PBFT]setSignatureList,signatureSize=3,propHash=5dc27a05...,propIndex=102
info|2026-02-06 20:11:38.250348|pbft-0x000072a2d88fd6c0|[CONSENSUS][PBFT]checkAndCommitStableCheckPoint,index=102,hash=5dc27a05...,committedIndex=101,consNum=102,committedHash=6dbc55c6...,view=3,toView=3,changeCycle=0,expectedCheckPoint=103,Idx=3,unsealedTxs=0,sealUntil=0,waitResealUntil=0,consensusTimeout=3000,nodeId=5b07d12d...
info|2026-02-06 20:11:38.250356|pbft-0x000072a2d88fd6c0|[CONSENSUS][PBFT]updateStableCheckPointQueue: insert new checkpoint proposal,index=102,hash=5dc27a05...,committedIndex=101,consNum=102,committedHash=6dbc55c6...,view=3,toView=3,changeCycle=0,expectedCheckPoint=103,Idx=3,unsealedTxs=0,sealUntil=0,waitResealUntil=0,consensusTimeout=3000,nodeId=5b07d12d...
info|2026-02-06 20:11:38.250361|pbft-0x000072a2d88fd6c0|[CONSENSUS][PBFT]updateStableCheckPointQueue: commit stable checkpoint,index=102,committedIndex=101
info|2026-02-06 20:11:38.250370|pbft-0x000072a2d88fd6c0|[CONSENSUS][PBFT]asyncCommitStableCheckPoint: set signatureList,index=102,hash=5dc27a05...,proofSize=3,blockProofSize=3
info|2026-02-06 20:11:38.250513|blockSubmit-0x000072a2ecbd06c0|[SCHEDULER][blk-102][BlockTrace]CommitBlock start
info|2026-02-06 20:11:38.251047|blockSubmit-0x000072a2ecbd06c0|[STORAGE-RocksDB]asyncPrepare,number=102
info|2026-02-06 20:11:38.251131|blockSubmit-0x000072a2ecbd06c0|[STORAGE-RocksDB]asyncPrepare finished,blockNumber=102,put=7,delete=0,startTS=0,encode(ms)=0,time(ms)=0
info|2026-02-06 20:11:38.251159|blockSubmit-0x000072a2ecbd06c0|[LEDGER]storeTransactionsAndReceipts,blockNumber=102
info|2026-02-06 20:11:38.251223|ledgerWrite-0x000072a2ffbf66c0|[STORAGE-RocksDB]setRows finished,put=1,dataSize=572,time(ms)=0
info|2026-02-06 20:11:38.251252|exec-0x000072a2f43df6c0|[STORAGE-RocksDB]asyncPrepare,number=102
info|2026-02-06 20:11:38.251264|exec-0x000072a2f43df6c0|[STORAGE-KeyPage]parallelTraverse,size=0
info|2026-02-06 20:11:38.251267|exec-0x000072a2f43df6c0|[STORAGE-RocksDB]asyncPrepare finished,blockNumber=102,put=0,delete=0,startTS=0,encode(ms)=0,time(ms)=0
info|2026-02-06 20:11:38.251271|exec-0x000072a2f43df6c0|[EXECUTOR:1770370051][blk-102]Prepare success
info|2026-02-06 20:11:38.251392|blockSubmit-0x000072a2ecbd06c0|[LEDGER]storeTransactionsAndReceipts finished,blockNumber=102,blockTxsSize=1,unStoredTxs=0,timeCost=0
info|2026-02-06 20:11:38.251491|blockSubmit-0x000072a2ecbd06c0|[STORAGE-RocksDB]asyncCommit finished,blockNumber=102,startTS=0,time(ms)=0,callback time(ms)=0,count=7
info|2026-02-06 20:11:38.251511|blockSubmit-0x000072a2ecbd06c0|[LEDGER][METRIC]asyncPrewriteBlock,number=102,totalTxs=126,failedTxs=44,incTxs=1,incFailedTxs=0
info|2026-02-06 20:11:38.251606|exec-0x000072a2f4be06c0|[TOOL]fetchCompatibilityVersion
info|2026-02-06 20:11:38.251853|exec-0x000072a2f4be06c0|[TOOL]fetchCompatibilityVersion success,version=3.11.0,versionNumber=51052544,minSupportedVersion=3.0.0-rc4,maxSupportedVersion=3.11.0
info|2026-02-06 20:11:38.251898|exec-0x000072a2f4be06c0|[TOOL]fetchAuthCheckStatus success,value=0
info|2026-02-06 20:11:38.251903|exec-0x000072a2f4be06c0|[EXECUTOR:1770370051]merge keyPage to cachedStorage,number=102
info|2026-02-06 20:11:38.251909|exec-0x000072a2f4be06c0|[STORAGE-KeyPage]parallelTraverse,size=0
info|2026-02-06 20:11:38.251912|exec-0x000072a2f4be06c0|[STORAGE]Successful merged records,count=0
info|2026-02-06 20:11:38.252317|exec-0x000072a2f4be06c0|[SCHEDULER][blk-102][BlockTrace]CommitBlock success,gas limit=3000000000,timeCost=2
info|2026-02-06 20:11:38.252410|exec-0x000072a2f4be06c0|[SCHEDULER][BlockTrace]Notify block result success,blockNumber=102
info|2026-02-06 20:11:38.252417|exec-0x000072a2f4be06c0|[CONSENSUS][PBFT][STORAGE][METRIC]commitStableCheckPoint success,index=102,hash=5dc27a05...,txs=1,timeCost=2,commitPerTx=2
info|2026-02-06 20:11:38.252425|submitter-0x000072a2fcbf06c0|[TXPOOL][METRIC]StatTPS,tps=90,totalTime=11
info|2026-02-06 20:11:38.252440|exec-0x000072a2f4be06c0|[SCHEDULER][blk-102]notify block result success,hash=5dc27a05...,txsSize=1
info|2026-02-06 20:11:38.252497|blockSubmit-0x000072a2ecbd06c0|[CONSENSUS][PBFT][METRIC]resetConfig,committedIndex=102,propHash=5dc27a05...,blockCountLimit=1000,leaderPeriod=1,consensusNodesSize=4
info|2026-02-06 20:11:38.252589|exec-0x000072a2f4be06c0|[STORAGE-RocksDB]asyncCommit finished,blockNumber=102,startTS=0,time(ms)=0,callback time(ms)=1,count=0
info|2026-02-06 20:11:38.252689|blockSubmit-0x000072a2ecbd06c0|[CONSENSUS][PBFT][METRIC]^^^^^^^^Report,sealer=1,txs=1,committedIndex=102,consNum=103,committedHash=5dc27a05...,view=3,toView=3,changeCycle=0,expectedCheckPoint=103,Idx=3,unsealedTxs=0,sealUntil=0,waitResealUntil=0,consensusTimeout=3000,nodeId=5b07d12d...
info|2026-02-06 20:11:38.252764|blockSubmit-0x000072a2ecbd06c0|[CONSENSUS][SEALER]asyncNoteLatestBlockNumber,number=102
info|2026-02-06 20:11:38.252776|submitter-0x000072a2fcbf06c0|[TXPOOL][METRIC]batchRemove txs success,expectedSize=1,succCount=1,batchId=102,timecost=0,lockT=0,removeT=0,updateLedgerNonceT=0,updateTxPoolNonceT=0
info|2026-02-06 20:11:38.252817|blockSubmit-0x000072a2ecbd06c0|[CONSENSUS][SEALER]asyncNoteLatestBlockHash,_hash=5dc27a05...
info|2026-02-06 20:11:38.252847|blockSubmit-0x000072a2ecbd06c0|[BLOCK SYNC]#### BlockSyncConfig resetConfig,number=102,consNodeSize=4,observerNodeSize=0,type=CONSENSUS_NODE
info|2026-02-06 20:11:38.253216|blockSubmit-0x000072a2ecbd06c0|[CONSENSUS][PBFT]notify to seal next proposal,nextProposalIndex=103
info|2026-02-06 20:11:38.253455|blockSubmit-0x000072a2ecbd06c0|[CONSENSUS][PBFT]removeConsensusedCache finalizeConsensus,view=3,number=102,eraseSize=1,cacheSize=0
info|2026-02-06 20:11:38.253538|blockSubmit-0x000072a2ecbd06c0|[CONSENSUS][PBFT][STORAGE]asyncRemoveStabledCheckPoint,index=97
info|2026-02-06 20:11:38.253579|blockSubmit-0x000072a2ecbd06c0|[CONSENSUS][PBFT][STORAGE]asyncRemove success,dbName=pbftCommitDB,key=97
info|2026-02-06 20:11:38.729660|ioService-0x000072a2bb9fe6c0|[WS][SESSION][asyncRead],message=End of file,endpoint=127.0.0.1:53316,refCount=2
info|2026-02-06 20:11:38.729727|ioService-0x000072a2bb9fe6c0|[RPC][WS][SESSION][drop],reason=4294963295,endpoint=127.0.0.1:53316,session=0x72a30ae44a10
info|2026-02-06 20:11:38.729743|ioService-0x000072a2bb9fe6c0|[RPC][WS][SESSION][drop],reason=4294963295,endpoint=127.0.0.1:53316,cb size=0,session=0x72a30ae44a10
info|2026-02-06 20:11:38.729861|ioService-0x000072a2bb9fe6c0|[DEFAULT][WS][STREAM]the real action to close the stream,this=0x72a2ae09ccd0
info|2026-02-06 20:11:38.730002|ioService-0x000072a29014f6c0|[RPC][WS][SERVICE][removeSession],endpoint=127.0.0.1:53316
info|2026-02-06 20:11:38.730036|ioService-0x000072a29014f6c0|[RPC][WS][SERVICE][onDisconnect],endpoint=127.0.0.1:53316,refCount=2
info|2026-02-06 20:11:38.730045|ioService-0x000072a29014f6c0|[RPC][WS][SESSION],[DELOBJ][WSSESSION]=0x72a30ae44a10
info|2026-02-06 20:11:38.730050|ioService-0x000072a29014f6c0|[DEFAULT][WS][STREAM],[DELOBJ][WsStream]=0x72a2ae09ccd0
info|2026-02-06 20:11:40.996321|ioService-0x000072a2af5fe6c0|[DEFAULT][HTTP][SESSION][onRead]receive http request
info|2026-02-06 20:11:41.010329|ioService-0x000072a2af5fe6c0|[DEFAULT][HTTP][SESSION][onRead]receive http request
info|2026-02-06 20:11:41.039885|ioService-0x000072a2af5fe6c0|[DEFAULT][HTTP][SESSION][onRead]receive http request
info|2026-02-06 20:11:41.812230|timerFactory-0x000072a2c63ff6c0|[RPC][WS][SERVICE]connected nodes,count=0
info|2026-02-06 20:11:41.840719|timerFactory-0x000072a2b69ff6c0|[RPC][WS][SERVICE]connected nodes,count=0
info|2026-02-06 20:11:41.888789|ioService-0x000072a2d73fe6c0|[P2PService][Service][METRIC]heartBeat,connected count=3
info|2026-02-06 20:11:43.995780|ioService-0x000072a2af5fe6c0|[DEFAULT][HTTP][SESSION][onRead]receive http request
info|2026-02-06 20:11:46.999804|ioService-0x000072a2af5fe6c0|[DEFAULT][HTTP][SESSION][onRead]receive http request
info|2026-02-06 20:11:49.998760|ioService-0x000072a2af5fe6c0|[DEFAULT][HTTP][SESSION][onRead]receive http request
info|2026-02-06 20:11:51.812464|timerFactory-0x000072a2c63ff6c0|[RPC][WS][SERVICE]connected nodes,count=0
info|2026-02-06 20:11:51.840880|timerFactory-0x000072a2b69ff6c0|[RPC][WS][SERVICE]connected nodes,count=0
info|2026-02-06 20:11:51.889321|ioService-0x000072a2d73fe6c0|[P2PService][Service][METRIC]heartBeat,connected count=3
info|2026-02-06 20:11:52.999026|ioService-0x000072a2af5fe6c0|[DEFAULT][HTTP][SESSION][onRead]receive http request
info|2026-02-06 20:11:56.001780|ioService-0x000072a2af5fe6c0|[DEFAULT][HTTP][SESSION][onRead]receive http request
info|2026-02-06 20:11:59.003924|ioService-0x000072a2af5fe6c0|[DEFAULT][HTTP][SESSION][onRead]receive http request
info|2026-02-06 20:12:01.812822|timerFactory-0x000072a2c63ff6c0|[RPC][WS][SERVICE]connected nodes,count=0
info|2026-02-06 20:12:01.841093|timerFactory-0x000072a2b69ff6c0|[RPC][WS][SERVICE]connected nodes,count=0
info|2026-02-06 20:12:01.889760|ioService-0x000072a2d73fe6c0|[P2PService][Service][METRIC]heartBeat,connected count=3
info|2026-02-06 20:12:02.004757|ioService-0x000072a2af5fe6c0|[DEFAULT][HTTP][SESSION][onRead]receive http request
info|2026-02-06 20:12:05.005284|ioService-0x000072a2af5fe6c0|[DEFAULT][HTTP][SESSION][onRead]receive http request
info|2026-02-06 20:12:08.002661|ioService-0x000072a2af5fe6c0|[DEFAULT][HTTP][SESSION][onRead]receive http request
info|2026-02-06 20:12:11.002816|ioService-0x000072a2af5fe6c0|[DEFAULT][HTTP][SESSION][onRead]receive http request
info|2026-02-06 20:12:11.816167|timerFactory-0x000072a2c63ff6c0|[RPC][WS][SERVICE]connected nodes,count=0
info|2026-02-06 20:12:11.841354|timerFactory-0x000072a2b69ff6c0|[RPC][WS][SERVICE]connected nodes,count=0
info|2026-02-06 20:12:11.890087|ioService-0x000072a2d73fe6c0|[P2PService][Service][METRIC]heartBeat,connected count=3
info|2026-02-06 20:12:14.005743|ioService-0x000072a2af5fe6c0|[DEFAULT][HTTP][SESSION][onRead]receive http request
info|2026-02-06 20:12:17.006957|ioService-0x000072a2af5fe6c0|[DEFAULT][HTTP][SESSION][onRead]receive http request
info|2026-02-06 20:12:20.009811|ioService-0x000072a2af5fe6c0|[DEFAULT][HTTP][SESSION][onRead]receive http request
info|2026-02-06 20:12:21.816298|timerFactory-0x000072a2c63ff6c0|[RPC][WS][SERVICE]connected nodes,count=0
info|2026-02-06 20:12:21.841490|timerFactory-0x000072a2b69ff6c0|[RPC][WS][SERVICE]connected nodes,count=0
info|2026-02-06 20:12:21.890314|ioService-0x000072a2d73fe6c0|[P2PService][Service][METRIC]heartBeat,connected count=3
info|2026-02-06 20:12:23.010292|ioService-0x000072a2af5fe6c0|[DEFAULT][HTTP][SESSION][onRead]receive http request
info|2026-02-06 20:12:26.011515|ioService-0x000072a2af5fe6c0|[DEFAULT][HTTP][SESSION][onRead]receive http request
info|2026-02-06 20:12:29.016113|ioService-0x000072a2af5fe6c0|[DEFAULT][HTTP][SESSION][onRead]receive http request
info|2026-02-06 20:12:30.842534|objMonitor-0x000072a2a55ff6c0|[startMonitor][AliveObjectMonitor],AliveObjectAllocStat=[ type: bcos::gateway::Socket ,created: 10 ,destroyed: 6 ,alive: 4 ] 
info|2026-02-06 20:12:31.816433|timerFactory-0x000072a2c63ff6c0|[RPC][WS][SERVICE]connected nodes,count=0
info|2026-02-06 20:12:31.841662|timerFactory-0x000072a2b69ff6c0|[RPC][WS][SERVICE]connected nodes,count=0
info|2026-02-06 20:12:31.890653|ioService-0x000072a2d73fe6c0|[P2PService][Service][METRIC]heartBeat,connected count=3
info|2026-02-06 20:12:32.014669|ioService-0x000072a2af5fe6c0|[DEFAULT][HTTP][SESSION][onRead]receive http request
info|2026-02-06 20:12:35.014848|ioService-0x000072a2af5fe6c0|[DEFAULT][HTTP][SESSION][onRead]receive http request
info|2026-02-06 20:12:38.014499|ioService-0x000072a2af5fe6c0|[DEFAULT][HTTP][SESSION][onRead]receive http request
info|2026-02-06 20:12:41.013926|ioService-0x000072a2af5fe6c0|[DEFAULT][HTTP][SESSION][onRead]receive http request
info|2026-02-06 20:12:41.816866|timerFactory-0x000072a2c63ff6c0|[RPC][WS][SERVICE]connected nodes,count=0
info|2026-02-06 20:12:41.841858|timerFactory-0x000072a2b69ff6c0|[RPC][WS][SERVICE]connected nodes,count=0
info|2026-02-06 20:12:41.890838|ioService-0x000072a2d73fe6c0|[P2PService][Service][METRIC]heartBeat,connected count=3
info|2026-02-06 20:12:44.017434|ioService-0x000072a2af5fe6c0|[DEFAULT][HTTP][SESSION][onRead]receive http request
info|2026-02-06 20:12:47.015721|ioService-0x000072a2af5fe6c0|[DEFAULT][HTTP][SESSION][onRead]receive http request
info|2026-02-06 20:12:50.016043|ioService-0x000072a2af5fe6c0|[DEFAULT][HTTP][SESSION][onRead]receive http request
info|2026-02-06 20:12:51.817131|timerFactory-0x000072a2c63ff6c0|[RPC][WS][SERVICE]connected nodes,count=0
info|2026-02-06 20:12:51.842172|timerFactory-0x000072a2b69ff6c0|[RPC][WS][SERVICE]connected nodes,count=0
info|2026-02-06 20:12:51.891202|ioService-0x000072a2d73fe6c0|[P2PService][Service][METRIC]heartBeat,connected count=3
info|2026-02-06 20:12:53.021034|ioService-0x000072a2af5fe6c0|[DEFAULT][HTTP][SESSION][onRead]receive http request
info|2026-02-06 20:12:56.018631|ioService-0x000072a2af5fe6c0|[DEFAULT][HTTP][SESSION][onRead]receive http request
info|2026-02-06 20:12:59.021777|ioService-0x000072a2af5fe6c0|[DEFAULT][HTTP][SESSION][onRead]receive http request
info|2026-02-06 20:13:01.817256|timerFactory-0x000072a2c63ff6c0|[RPC][WS][SERVICE]connected nodes,count=0
info|2026-02-06 20:13:01.842408|timerFactory-0x000072a2b69ff6c0|[RPC][WS][SERVICE]connected nodes,count=0
info|2026-02-06 20:13:01.891357|ioService-0x000072a2d73fe6c0|[P2PService][Service][METRIC]heartBeat,connected count=3
info|2026-02-06 20:13:02.020994|ioService-0x000072a2af5fe6c0|[DEFAULT][HTTP][SESSION][onRead]receive http request
info|2026-02-06 20:13:05.023590|ioService-0x000072a2af5fe6c0|[DEFAULT][HTTP][SESSION][onRead]receive http request
info|2026-02-06 20:13:08.021223|ioService-0x000072a2af5fe6c0|[DEFAULT][HTTP][SESSION][onRead]receive http request
info|2026-02-06 20:13:11.021049|ioService-0x000072a2af5fe6c0|[DEFAULT][HTTP][SESSION][onRead]receive http request
info|2026-02-06 20:13:11.817411|timerFactory-0x000072a2c63ff6c0|[RPC][WS][SERVICE]connected nodes,count=0
info|2026-02-06 20:13:11.842618|timerFactory-0x000072a2b69ff6c0|[RPC][WS][SERVICE]connected nodes,count=0
info|2026-02-06 20:13:11.891744|ioService-0x000072a2d73fe6c0|[P2PService][Service][METRIC]heartBeat,connected count=3
info|2026-02-06 20:13:14.022733|ioService-0x000072a2af5fe6c0|[DEFAULT][HTTP][SESSION][onRead]receive http request
info|2026-02-06 20:13:14.498525|ioService-0x000072a2c47ff6c0|[DEFAULT][HTTP][SERVER][accept],local_endpoint=127.0.0.1:20203,remote_endpoint=127.0.0.1:34840
info|2026-02-06 20:13:14.499742|ioService-0x000072a2ba3fe6c0|[DEFAULT][HTTP][SESSION][onRead]websocket upgrade
info|2026-02-06 20:13:14.499836|ioService-0x000072a2ba3fe6c0|[DEFAULT][WS][STREAM],[NEWOBJ][WsStream]=0x72a2b7c97c50
info|2026-02-06 20:13:14.499870|ioService-0x000072a2ba3fe6c0|[RPC][WS][SESSION],[NEWOBJ][WSSESSION]=0x72a30ae44c10
info|2026-02-06 20:13:14.499925|ioService-0x000072a2ba3fe6c0|[RPC][WS][SERVICE][newSession]start the session,endPoint=127.0.0.1:34840
info|2026-02-06 20:13:14.499953|ioService-0x000072a2ba3fe6c0|[RPC][WS][SESSION][startAsServer]start websocket handshake,endPoint=127.0.0.1:34840,session=0x72a30ae44c10
info|2026-02-06 20:13:14.500072|ioService-0x000072a2ba3fe6c0|[RPC][WS][SERVICE][addSession]add session to mapping,endPoint=127.0.0.1:34840,result=true
info|2026-02-06 20:13:14.500095|ioService-0x000072a2ba3fe6c0|[RPC][WS][SERVICE][onConnect],endpoint=127.0.0.1:34840,refCount=3
info|2026-02-06 20:13:14.500112|ioService-0x000072a2ba3fe6c0|[RPC][WS][SESSION][onWsAccept]websocket handshake successfully,endPoint=127.0.0.1:34840,session=0x72a30ae44c10
info|2026-02-06 20:13:14.500705|fisco-bcos-0x000072a2a2dfc6c0|HandshakeRequest,module=2,minVersion=0,maxVersion=2
info|2026-02-06 20:13:14.500734|fisco-bcos-0x000072a2a2dfc6c0|[RPC]negotiatedVersion success,peer=127.0.0.1:34840,minVersion=0,maxVersion=2,supportMinVersion=0,supportMaxVersion=2,negotiatedVersion=2,seq=a8859f70148a4b2e88350654f8ed8ece
info|2026-02-06 20:13:14.500929|fisco-bcos-0x000072a2a2dfc6c0|[RPC]onRecvHandshakeRequest success,version=2,endpoint=127.0.0.1:34840,handshakeResponse={"groupBlockNumber":[{"group0":102}],"groupInfoList":[{"chainID":"chain0","genesisConfig":"{\"blockTxCountLimit\":1000,\"consensusLeaderPeriod\":1,\"consensusType\":\"pbft\",\"sealerList\":[{\"nodeID\":\"0d6a7f52cb87ce7fda869e0db309ec9c53723c46f81632c21e4abbf1a9159f14d53f37cc0c4141548da9ec877d6235afd7a501c40d296fc4c5252a8717aa23c2\",\"weight\":1},{\"nodeID\":\"21a47acec36f73d8e925a7d5db44793f998e1a42a6d7ee2e3a5cf4037b853452cb76f6cbab8e5b223a128e8ee15790d1f629858b47070b4eb2e1ddb2b0ada297\",\"weight\":1},{\"nodeID\":\"2346c69c46d42278eb237167eb19eb28432b63783cc0fd7cddc90f89c148e755db8941be9b0c5f37cbc21c409a78c154abc75ce0c80818c6fbb76aea6bcd0a9a\",\"weight\":1},{\"nodeID\":\"5b07d12d1512a66493c8fd3456d8c505e6ce05f20061613a4c48a1fa3755bbf9cc2d2f1878c4a6733389f03deb0a3fc0c672e2f4910fde9802d6675929cb3dc5\",\"weight\":1}],\"txGasLimit\":3000000000}\n","groupID":"group0","iniConfig":"","nodeList":[{"featureKeys":["bugfix_revert","bugfix_statestorage_hash","bugfix_evm_create2_delegatecall_staticcall_codecopy","bugfix_event_log_order","bugfix_call_noaddr_return","bugfix_precompiled_codehash","bugfix_dmc_revert","bugfix_keypage_system_entry_hash","bugfix_internal_create_redundant_storage","bugfix_internal_create_permission_denied","bugfix_sharding_call_in_child_executive","bugfix_empty_abi_reset","bugfix_eip55_addr","bugfix_eoa_as_contract","bugfix_eoa_match_failed","bugfix_evm_exception_gas_used","bugfix_dmc_deploy_gas_used","bugfix_staticcall_noaddr_return","bugfix_support_transfer_receive_fallback","bugfix_set_row_with_dirty_flag","feature_dmc2serial","feature_sharding","feature_rpbft","feature_paillier","feature_balance","feature_balance_precompiled","feature_balance_policy1","feature_paillier_add_raw","feature_evm_cancun"],"iniConfig":"{\"binaryInfo\":{\"buildTime\":\"20240827 04:30:34\",\"gitCommitHash\":\"3fea676716990b2ed453b4f079915daafff451f9\",\"platform\":\"Linux/g++\",\"version\":\"3.11.0\"},\"chainID\":\"chain0\",\"gatewayServiceName\":\"\",\"groupID\":\"group0\",\"isAuthCheck\":false,\"isSerialExecute\":true,\"isWasm\":false,\"nodeID\":\"5b07d12d1512a66493c8fd3456d8c505e6ce05f20061613a4c48a1fa3755bbf9cc2d2f1878c4a6733389f03deb0a3fc0c672e2f4910fde9802d6675929cb3dc5\",\"nodeName\":\"5b07d12d1512a66493c8fd3456d8c505e6ce05f20061613a4c48a1fa3755bbf9cc2d2f1878c4a6733389f03deb0a3fc0c672e2f4910fde9802d6675929cb3dc5\",\"rpcServiceName\":\"\",\"smCryptoType\":false}\n","microService":false,"name":"5b07d12d1512a66493c8fd3456d8c505e6ce05f20061613a4c48a1fa3755bbf9cc2d2f1878c4a6733389f03deb0a3fc0c672e2f4910fde9802d6675929cb3dc5","nodeID":"5b07d12d1512a66493c8fd3456d8c505e6ce05f20061613a4c48a1fa3755bbf9cc2d2f1878c4a6733389f03deb0a3fc0c672e2f4910fde9802d6675929cb3dc5","protocol":{"compatibilityVersion":51052544,"maxSupportedVersion":2,"minSupportedVersion":0},"serviceInfo":[{"serviceName":"LedgerServiceObj","type":2},{"serviceName":"SchedulerServiceObj","type":3},{"serviceName":"FrontServiceObj","type":4},{"serviceName":"","type":6},{"serviceName":"","type":7},{"serviceName":"TxPoolServiceObj","type":8}],"supportConfigs":["tx_gas_limit","tx_gas_price","tx_count_limit","consensus_leader_period","auth_check_status","compatibility_version","feature_rpbft","feature_rpbft_epoch_block_num","feature_rpbft_epoch_sealer_num","feature_balance_precompiled","web3_chain_id"],"type":0}]}],"protocolVersion":2}
info|2026-02-06 20:13:14.502909|fisco-bcos-0x000072a2a2dfc6c0|[parseSubTopicsJson],topicItems size=0,json={"topics":[]}
info|2026-02-06 20:13:14.502963|fisco-bcos-0x000072a2a2dfc6c0|[AMOPClient]subscribeTopicToAllNodes,topicInfo={
	"topics" : []
}
info|2026-02-06 20:13:14.503004|fisco-bcos-0x000072a2a2dfc6c0|[AMOP][TOPIC][parseSubTopicsJson],topicItems size=0,json={
	"topics" : []
}
info|2026-02-06 20:13:14.503012|fisco-bcos-0x000072a2a2dfc6c0|[AMOP][TOPIC][subTopic],client=localAMOP,topicSeq=1,topicItems size=0
info|2026-02-06 20:13:14.503052|fisco-bcos-0x000072a2a2dfc6c0|[AMOPClient][onRecvSubTopics],topicInfo={"topics":[]}
,endpoint=127.0.0.1:34840,seq=897ee3148f404b3baa913a60a8c597ee
info|2026-02-06 20:13:15.906200|fisco-bcos-0x000072a2a05f36c0|[SCHEDULER][serialExecute][blk-102][BlockTrace]serialExecute execute block
info|2026-02-06 20:13:15.906278|fisco-bcos-0x000072a2a05f36c0|[SCHEDULER][METRIC][BlockTrace][blk-102]preExeBlock success,blockHeader.timestamp=0,metaTxCount=0,timeCost=0
info|2026-02-06 20:13:16.102797|ioService-0x000072a2a25fb6c0|[SCHEDULER][serialExecute][blk-102][BlockTrace]serialExecute execute block
info|2026-02-06 20:13:16.102912|ioService-0x000072a2a25fb6c0|[SCHEDULER][METRIC][BlockTrace][blk-102]preExeBlock success,blockHeader.timestamp=0,metaTxCount=0,timeCost=0
info|2026-02-06 20:13:16.455596|ioService-0x000072a2ba3fe6c0|[WS][SESSION][asyncRead],message=End of file,endpoint=127.0.0.1:34840,refCount=2
info|2026-02-06 20:13:16.455690|ioService-0x000072a2ba3fe6c0|[RPC][WS][SESSION][drop],reason=4294963295,endpoint=127.0.0.1:34840,session=0x72a30ae44c10
info|2026-02-06 20:13:16.455918|ioService-0x000072a2ba3fe6c0|[RPC][WS][SESSION][drop],reason=4294963295,endpoint=127.0.0.1:34840,cb size=0,session=0x72a30ae44c10
info|2026-02-06 20:13:16.456069|ioService-0x000072a2ba3fe6c0|[DEFAULT][WS][STREAM]the real action to close the stream,this=0x72a2b7c97c50
info|2026-02-06 20:13:16.456231|fisco-bcos-0x000072a2df9fd6c0|[RPC][WS][SERVICE][removeSession],endpoint=127.0.0.1:34840
info|2026-02-06 20:13:16.456250|fisco-bcos-0x000072a2df9fd6c0|[RPC][WS][SERVICE][onDisconnect],endpoint=127.0.0.1:34840,refCount=2
info|2026-02-06 20:13:16.456257|fisco-bcos-0x000072a2df9fd6c0|[RPC][WS][SESSION],[DELOBJ][WSSESSION]=0x72a30ae44c10
info|2026-02-06 20:13:16.456274|fisco-bcos-0x000072a2df9fd6c0|[DEFAULT][WS][STREAM],[DELOBJ][WsStream]=0x72a2b7c97c50
info|2026-02-06 20:13:17.023264|ioService-0x000072a2af5fe6c0|[DEFAULT][HTTP][SESSION][onRead]receive http request
info|2026-02-06 20:13:17.358472|ioService-0x000072a2c47ff6c0|[DEFAULT][HTTP][SERVER][accept],local_endpoint=127.0.0.1:20203,remote_endpoint=127.0.0.1:34848
info|2026-02-06 20:13:17.358912|ioService-0x000072a2b87ff6c0|[DEFAULT][HTTP][SESSION][onRead]websocket upgrade
info|2026-02-06 20:13:17.358947|ioService-0x000072a2b87ff6c0|[DEFAULT][WS][STREAM],[NEWOBJ][WsStream]=0x72a30f865e50
info|2026-02-06 20:13:17.358997|ioService-0x000072a2b87ff6c0|[RPC][WS][SESSION],[NEWOBJ][WSSESSION]=0x72a30ae44e10
info|2026-02-06 20:13:17.359003|ioService-0x000072a2b87ff6c0|[RPC][WS][SERVICE][newSession]start the session,endPoint=127.0.0.1:34848
info|2026-02-06 20:13:17.359019|ioService-0x000072a2b87ff6c0|[RPC][WS][SESSION][startAsServer]start websocket handshake,endPoint=127.0.0.1:34848,session=0x72a30ae44e10
info|2026-02-06 20:13:17.359116|ioService-0x000072a2b87ff6c0|[RPC][WS][SERVICE][addSession]add session to mapping,endPoint=127.0.0.1:34848,result=true
info|2026-02-06 20:13:17.359133|ioService-0x000072a2b87ff6c0|[RPC][WS][SERVICE][onConnect],endpoint=127.0.0.1:34848,refCount=3
info|2026-02-06 20:13:17.359186|ioService-0x000072a2b87ff6c0|[RPC][WS][SESSION][onWsAccept]websocket handshake successfully,endPoint=127.0.0.1:34848,session=0x72a30ae44e10
info|2026-02-06 20:13:17.359677|ioService-0x000072a2a1df96c0|HandshakeRequest,module=2,minVersion=0,maxVersion=2
info|2026-02-06 20:13:17.359714|ioService-0x000072a2a1df96c0|[RPC]negotiatedVersion success,peer=127.0.0.1:34848,minVersion=0,maxVersion=2,supportMinVersion=0,supportMaxVersion=2,negotiatedVersion=2,seq=1b409d5fdee544dd922ac5deb1063f2f
info|2026-02-06 20:13:17.359972|ioService-0x000072a2a1df96c0|[RPC]onRecvHandshakeRequest success,version=2,endpoint=127.0.0.1:34848,handshakeResponse={"groupBlockNumber":[{"group0":102}],"groupInfoList":[{"chainID":"chain0","genesisConfig":"{\"blockTxCountLimit\":1000,\"consensusLeaderPeriod\":1,\"consensusType\":\"pbft\",\"sealerList\":[{\"nodeID\":\"0d6a7f52cb87ce7fda869e0db309ec9c53723c46f81632c21e4abbf1a9159f14d53f37cc0c4141548da9ec877d6235afd7a501c40d296fc4c5252a8717aa23c2\",\"weight\":1},{\"nodeID\":\"21a47acec36f73d8e925a7d5db44793f998e1a42a6d7ee2e3a5cf4037b853452cb76f6cbab8e5b223a128e8ee15790d1f629858b47070b4eb2e1ddb2b0ada297\",\"weight\":1},{\"nodeID\":\"2346c69c46d42278eb237167eb19eb28432b63783cc0fd7cddc90f89c148e755db8941be9b0c5f37cbc21c409a78c154abc75ce0c80818c6fbb76aea6bcd0a9a\",\"weight\":1},{\"nodeID\":\"5b07d12d1512a66493c8fd3456d8c505e6ce05f20061613a4c48a1fa3755bbf9cc2d2f1878c4a6733389f03deb0a3fc0c672e2f4910fde9802d6675929cb3dc5\",\"weight\":1}],\"txGasLimit\":3000000000}\n","groupID":"group0","iniConfig":"","nodeList":[{"featureKeys":["bugfix_revert","bugfix_statestorage_hash","bugfix_evm_create2_delegatecall_staticcall_codecopy","bugfix_event_log_order","bugfix_call_noaddr_return","bugfix_precompiled_codehash","bugfix_dmc_revert","bugfix_keypage_system_entry_hash","bugfix_internal_create_redundant_storage","bugfix_internal_create_permission_denied","bugfix_sharding_call_in_child_executive","bugfix_empty_abi_reset","bugfix_eip55_addr","bugfix_eoa_as_contract","bugfix_eoa_match_failed","bugfix_evm_exception_gas_used","bugfix_dmc_deploy_gas_used","bugfix_staticcall_noaddr_return","bugfix_support_transfer_receive_fallback","bugfix_set_row_with_dirty_flag","feature_dmc2serial","feature_sharding","feature_rpbft","feature_paillier","feature_balance","feature_balance_precompiled","feature_balance_policy1","feature_paillier_add_raw","feature_evm_cancun"],"iniConfig":"{\"binaryInfo\":{\"buildTime\":\"20240827 04:30:34\",\"gitCommitHash\":\"3fea676716990b2ed453b4f079915daafff451f9\",\"platform\":\"Linux/g++\",\"version\":\"3.11.0\"},\"chainID\":\"chain0\",\"gatewayServiceName\":\"\",\"groupID\":\"group0\",\"isAuthCheck\":false,\"isSerialExecute\":true,\"isWasm\":false,\"nodeID\":\"5b07d12d1512a66493c8fd3456d8c505e6ce05f20061613a4c48a1fa3755bbf9cc2d2f1878c4a6733389f03deb0a3fc0c672e2f4910fde9802d6675929cb3dc5\",\"nodeName\":\"5b07d12d1512a66493c8fd3456d8c505e6ce05f20061613a4c48a1fa3755bbf9cc2d2f1878c4a6733389f03deb0a3fc0c672e2f4910fde9802d6675929cb3dc5\",\"rpcServiceName\":\"\",\"smCryptoType\":false}\n","microService":false,"name":"5b07d12d1512a66493c8fd3456d8c505e6ce05f20061613a4c48a1fa3755bbf9cc2d2f1878c4a6733389f03deb0a3fc0c672e2f4910fde9802d6675929cb3dc5","nodeID":"5b07d12d1512a66493c8fd3456d8c505e6ce05f20061613a4c48a1fa3755bbf9cc2d2f1878c4a6733389f03deb0a3fc0c672e2f4910fde9802d6675929cb3dc5","protocol":{"compatibilityVersion":51052544,"maxSupportedVersion":2,"minSupportedVersion":0},"serviceInfo":[{"serviceName":"LedgerServiceObj","type":2},{"serviceName":"SchedulerServiceObj","type":3},{"serviceName":"FrontServiceObj","type":4},{"serviceName":"","type":6},{"serviceName":"","type":7},{"serviceName":"TxPoolServiceObj","type":8}],"supportConfigs":["tx_gas_limit","tx_gas_price","tx_count_limit","consensus_leader_period","auth_check_status","compatibility_version","feature_rpbft","feature_rpbft_epoch_block_num","feature_rpbft_epoch_sealer_num","feature_balance_precompiled","web3_chain_id"],"type":0}]}],"protocolVersion":2}
info|2026-02-06 20:13:17.361233|ioService-0x000072a2a1df96c0|[parseSubTopicsJson],topicItems size=0,json={"topics":[]}
info|2026-02-06 20:13:17.361273|ioService-0x000072a2a1df96c0|[AMOPClient]subscribeTopicToAllNodes,topicInfo={
	"topics" : []
}
info|2026-02-06 20:13:17.361279|ioService-0x000072a2a1df96c0|[AMOP][TOPIC][parseSubTopicsJson],topicItems size=0,json={
	"topics" : []
}
info|2026-02-06 20:13:17.361289|ioService-0x000072a2a1df96c0|[AMOP][TOPIC][subTopic],client=localAMOP,topicSeq=1,topicItems size=0
info|2026-02-06 20:13:17.361292|ioService-0x000072a2a1df96c0|[AMOPClient][onRecvSubTopics],topicInfo={"topics":[]}
,endpoint=127.0.0.1:34848,seq=5a3cbe48fb1d490984a55e41229d5f24
info|2026-02-06 20:13:18.958286|fisco-bcos-0x000072a2a11f66c0|[SCHEDULER][serialExecute][blk-102][BlockTrace]serialExecute execute block
info|2026-02-06 20:13:18.958377|fisco-bcos-0x000072a2a11f66c0|[SCHEDULER][METRIC][BlockTrace][blk-102]preExeBlock success,blockHeader.timestamp=0,metaTxCount=0,timeCost=0
info|2026-02-06 20:13:19.169815|fisco-bcos-0x000072a2a09f46c0|[SCHEDULER][serialExecute][blk-102][BlockTrace]serialExecute execute block
info|2026-02-06 20:13:19.169882|fisco-bcos-0x000072a2a09f46c0|[SCHEDULER][METRIC][BlockTrace][blk-102]preExeBlock success,blockHeader.timestamp=0,metaTxCount=0,timeCost=0
info|2026-02-06 20:13:19.531240|ioService-0x000072a2b87ff6c0|[WS][SESSION][asyncRead],message=End of file,endpoint=127.0.0.1:34848,refCount=2
info|2026-02-06 20:13:19.531311|ioService-0x000072a2b87ff6c0|[RPC][WS][SESSION][drop],reason=4294963295,endpoint=127.0.0.1:34848,session=0x72a30ae44e10
info|2026-02-06 20:13:19.531340|ioService-0x000072a2b87ff6c0|[RPC][WS][SESSION][drop],reason=4294963295,endpoint=127.0.0.1:34848,cb size=0,session=0x72a30ae44e10
info|2026-02-06 20:13:19.531513|ioService-0x000072a2b87ff6c0|[DEFAULT][WS][STREAM]the real action to close the stream,this=0x72a30f865e50
info|2026-02-06 20:13:19.531788|fisco-bcos-0x000072a2e5fc26c0|[RPC][WS][SERVICE][removeSession],endpoint=127.0.0.1:34848
info|2026-02-06 20:13:19.531829|fisco-bcos-0x000072a2e5fc26c0|[RPC][WS][SERVICE][onDisconnect],endpoint=127.0.0.1:34848,refCount=2
info|2026-02-06 20:13:19.531838|fisco-bcos-0x000072a2e5fc26c0|[RPC][WS][SESSION],[DELOBJ][WSSESSION]=0x72a30ae44e10
info|2026-02-06 20:13:19.531886|fisco-bcos-0x000072a2e5fc26c0|[DEFAULT][WS][STREAM],[DELOBJ][WsStream]=0x72a30f865e50
info|2026-02-06 20:13:19.575892|ioService-0x000072a2af5fe6c0|[DEFAULT][HTTP][SESSION][onRead]receive http request
info|2026-02-06 20:13:19.576236|ioService-0x000072a2af5fe6c0|[SCHEDULER][serialExecute][blk-102][BlockTrace]serialExecute execute block
info|2026-02-06 20:13:19.576295|ioService-0x000072a2af5fe6c0|[SCHEDULER][METRIC][BlockTrace][blk-102]preExeBlock success,blockHeader.timestamp=0,metaTxCount=0,timeCost=0
info|2026-02-06 20:13:20.023341|ioService-0x000072a2af5fe6c0|[DEFAULT][HTTP][SESSION][onRead]receive http request
info|2026-02-06 20:13:20.448112|ioService-0x000072a2c47ff6c0|[DEFAULT][HTTP][SERVER][accept],local_endpoint=127.0.0.1:20203,remote_endpoint=127.0.0.1:34858
info|2026-02-06 20:13:20.448661|ioService-0x000072a2c5bfe6c0|[DEFAULT][HTTP][SESSION][onRead]websocket upgrade
info|2026-02-06 20:13:20.448701|ioService-0x000072a2c5bfe6c0|[DEFAULT][WS][STREAM],[NEWOBJ][WsStream]=0x72a2bdc94c50
info|2026-02-06 20:13:20.448722|ioService-0x000072a2c5bfe6c0|[RPC][WS][SESSION],[NEWOBJ][WSSESSION]=0x72a30aeddc10
info|2026-02-06 20:13:20.448728|ioService-0x000072a2c5bfe6c0|[RPC][WS][SERVICE][newSession]start the session,endPoint=127.0.0.1:34858
info|2026-02-06 20:13:20.448734|ioService-0x000072a2c5bfe6c0|[RPC][WS][SESSION][startAsServer]start websocket handshake,endPoint=127.0.0.1:34858,session=0x72a30aeddc10
info|2026-02-06 20:13:20.448961|ioService-0x000072a2c5bfe6c0|[RPC][WS][SERVICE][addSession]add session to mapping,endPoint=127.0.0.1:34858,result=true
info|2026-02-06 20:13:20.448973|ioService-0x000072a2c5bfe6c0|[RPC][WS][SERVICE][onConnect],endpoint=127.0.0.1:34858,refCount=3
info|2026-02-06 20:13:20.449013|ioService-0x000072a2c5bfe6c0|[RPC][WS][SESSION][onWsAccept]websocket handshake successfully,endPoint=127.0.0.1:34858,session=0x72a30aeddc10
info|2026-02-06 20:13:20.449656|fisco-bcos-0x000072a2a05f36c0|HandshakeRequest,module=2,minVersion=0,maxVersion=2
info|2026-02-06 20:13:20.449682|fisco-bcos-0x000072a2a05f36c0|[RPC]negotiatedVersion success,peer=127.0.0.1:34858,minVersion=0,maxVersion=2,supportMinVersion=0,supportMaxVersion=2,negotiatedVersion=2,seq=7ea14e5248794151a65a8b29aa32961a
info|2026-02-06 20:13:20.449911|fisco-bcos-0x000072a2a05f36c0|[RPC]onRecvHandshakeRequest success,version=2,endpoint=127.0.0.1:34858,handshakeResponse={"groupBlockNumber":[{"group0":102}],"groupInfoList":[{"chainID":"chain0","genesisConfig":"{\"blockTxCountLimit\":1000,\"consensusLeaderPeriod\":1,\"consensusType\":\"pbft\",\"sealerList\":[{\"nodeID\":\"0d6a7f52cb87ce7fda869e0db309ec9c53723c46f81632c21e4abbf1a9159f14d53f37cc0c4141548da9ec877d6235afd7a501c40d296fc4c5252a8717aa23c2\",\"weight\":1},{\"nodeID\":\"21a47acec36f73d8e925a7d5db44793f998e1a42a6d7ee2e3a5cf4037b853452cb76f6cbab8e5b223a128e8ee15790d1f629858b47070b4eb2e1ddb2b0ada297\",\"weight\":1},{\"nodeID\":\"2346c69c46d42278eb237167eb19eb28432b63783cc0fd7cddc90f89c148e755db8941be9b0c5f37cbc21c409a78c154abc75ce0c80818c6fbb76aea6bcd0a9a\",\"weight\":1},{\"nodeID\":\"5b07d12d1512a66493c8fd3456d8c505e6ce05f20061613a4c48a1fa3755bbf9cc2d2f1878c4a6733389f03deb0a3fc0c672e2f4910fde9802d6675929cb3dc5\",\"weight\":1}],\"txGasLimit\":3000000000}\n","groupID":"group0","iniConfig":"","nodeList":[{"featureKeys":["bugfix_revert","bugfix_statestorage_hash","bugfix_evm_create2_delegatecall_staticcall_codecopy","bugfix_event_log_order","bugfix_call_noaddr_return","bugfix_precompiled_codehash","bugfix_dmc_revert","bugfix_keypage_system_entry_hash","bugfix_internal_create_redundant_storage","bugfix_internal_create_permission_denied","bugfix_sharding_call_in_child_executive","bugfix_empty_abi_reset","bugfix_eip55_addr","bugfix_eoa_as_contract","bugfix_eoa_match_failed","bugfix_evm_exception_gas_used","bugfix_dmc_deploy_gas_used","bugfix_staticcall_noaddr_return","bugfix_support_transfer_receive_fallback","bugfix_set_row_with_dirty_flag","feature_dmc2serial","feature_sharding","feature_rpbft","feature_paillier","feature_balance","feature_balance_precompiled","feature_balance_policy1","feature_paillier_add_raw","feature_evm_cancun"],"iniConfig":"{\"binaryInfo\":{\"buildTime\":\"20240827 04:30:34\",\"gitCommitHash\":\"3fea676716990b2ed453b4f079915daafff451f9\",\"platform\":\"Linux/g++\",\"version\":\"3.11.0\"},\"chainID\":\"chain0\",\"gatewayServiceName\":\"\",\"groupID\":\"group0\",\"isAuthCheck\":false,\"isSerialExecute\":true,\"isWasm\":false,\"nodeID\":\"5b07d12d1512a66493c8fd3456d8c505e6ce05f20061613a4c48a1fa3755bbf9cc2d2f1878c4a6733389f03deb0a3fc0c672e2f4910fde9802d6675929cb3dc5\",\"nodeName\":\"5b07d12d1512a66493c8fd3456d8c505e6ce05f20061613a4c48a1fa3755bbf9cc2d2f1878c4a6733389f03deb0a3fc0c672e2f4910fde9802d6675929cb3dc5\",\"rpcServiceName\":\"\",\"smCryptoType\":false}\n","microService":false,"name":"5b07d12d1512a66493c8fd3456d8c505e6ce05f20061613a4c48a1fa3755bbf9cc2d2f1878c4a6733389f03deb0a3fc0c672e2f4910fde9802d6675929cb3dc5","nodeID":"5b07d12d1512a66493c8fd3456d8c505e6ce05f20061613a4c48a1fa3755bbf9cc2d2f1878c4a6733389f03deb0a3fc0c672e2f4910fde9802d6675929cb3dc5","protocol":{"compatibilityVersion":51052544,"maxSupportedVersion":2,"minSupportedVersion":0},"serviceInfo":[{"serviceName":"LedgerServiceObj","type":2},{"serviceName":"SchedulerServiceObj","type":3},{"serviceName":"FrontServiceObj","type":4},{"serviceName":"","type":6},{"serviceName":"","type":7},{"serviceName":"TxPoolServiceObj","type":8}],"supportConfigs":["tx_gas_limit","tx_gas_price","tx_count_limit","consensus_leader_period","auth_check_status","compatibility_version","feature_rpbft","feature_rpbft_epoch_block_num","feature_rpbft_epoch_sealer_num","feature_balance_precompiled","web3_chain_id"],"type":0}]}],"protocolVersion":2}
info|2026-02-06 20:13:20.451221|fisco-bcos-0x000072a2a05f36c0|[parseSubTopicsJson],topicItems size=0,json={"topics":[]}
info|2026-02-06 20:13:20.451264|fisco-bcos-0x000072a2a05f36c0|[AMOPClient]subscribeTopicToAllNodes,topicInfo={
	"topics" : []
}
info|2026-02-06 20:13:20.451273|fisco-bcos-0x000072a2a05f36c0|[AMOP][TOPIC][parseSubTopicsJson],topicItems size=0,json={
	"topics" : []
}
info|2026-02-06 20:13:20.451280|fisco-bcos-0x000072a2a05f36c0|[AMOP][TOPIC][subTopic],client=localAMOP,topicSeq=1,topicItems size=0
info|2026-02-06 20:13:20.451284|fisco-bcos-0x000072a2a05f36c0|[AMOPClient][onRecvSubTopics],topicInfo={"topics":[]}
,endpoint=127.0.0.1:34858,seq=c42af62575b84ba9bf7f5e5b48be22a1
info|2026-02-06 20:13:21.817574|timerFactory-0x000072a2c63ff6c0|[RPC][WS][SERVICE]connected nodes,count=1
info|2026-02-06 20:13:21.842988|timerFactory-0x000072a2b69ff6c0|[RPC][WS][SERVICE]connected nodes,count=0
info|2026-02-06 20:13:21.892201|ioService-0x000072a2d73fe6c0|[P2PService][Service][METRIC]heartBeat,connected count=3
info|2026-02-06 20:13:21.894139|fisco-bcos-0x000072a28d9456c0|[SCHEDULER][serialExecute][blk-102][BlockTrace]serialExecute execute block
info|2026-02-06 20:13:21.894177|fisco-bcos-0x000072a28d9456c0|[SCHEDULER][METRIC][BlockTrace][blk-102]preExeBlock success,blockHeader.timestamp=0,metaTxCount=0,timeCost=0
info|2026-02-06 20:13:22.165553|pbft-0x000072a2d88fd6c0|[CONSENSUS][PBFT]handlePrePrepareMsg,reqHash=b57eb23a...,reqIndex=103,reqV=3,fromIdx=2,wait(ms)=0,committedIndex=102,consNum=103,committedHash=5dc27a05...,view=3,toView=3,changeCycle=0,expectedCheckPoint=103,Idx=3,unsealedTxs=1,sealUntil=0,waitResealUntil=0,consensusTimeout=3000,nodeId=5b07d12d...,utc=32460688
info|2026-02-06 20:13:22.165912|pbft-0x000072a2d88fd6c0|[TXPOOL]begin asyncVerifyBlock,consNum=103,hash=b57eb23a...
info|2026-02-06 20:13:22.166048|verifier-0x000072a2fbbee6c0|[TXPOOL]batchVerifyProposal,consNum=103,hash=b57eb23a...,txsSize=1,lockT=0,verifyT=0,missedTxs=0
info|2026-02-06 20:13:22.166119|verifier-0x000072a2fbbee6c0|[TXPOOL][METRIC]asyncVerifyBlock finished,consNum=103,hash=b57eb23a...,code=0,msg=success,result=true,timecost=0
info|2026-02-06 20:13:22.166365|pbft-0x000072a2d88fd6c0|[CONSENSUS][PBFT]addPrepareCache,reqHash=b57eb23a...,reqIndex=103,reqV=3,fromIdx=1,wait(ms)=0,committedIndex=102,consNum=103,committedHash=5dc27a05...,view=3,toView=3,changeCycle=0,expectedCheckPoint=103,Idx=3,unsealedTxs=1,sealUntil=0,waitResealUntil=0,consensusTimeout=3000,nodeId=5b07d12d...,weight=1
info|2026-02-06 20:13:22.166848|validator-0x000072a2edbd26c0|[CONSENSUS][PBFT]asyncResetTxsFlag,index=103,hash=b57eb23a...,flag=true
info|2026-02-06 20:13:22.166880|validator-0x000072a2edbd26c0|[TXPOOL]batchMarkTxs,txsSize=1,batchId=103,hash=b57eb23a...,sealFlag=true,notFound=0,reSealed=0,succ=1,time=0,markT=0
info|2026-02-06 20:13:22.166916|verifier-0x000072a2fbbee6c0|[CONSENSUS][PBFT]handlePrePrepareMsg,reqHash=b57eb23a...,reqIndex=103,reqV=3,fromIdx=2,wait(ms)=1,committedIndex=102,consNum=103,committedHash=5dc27a05...,view=3,toView=3,changeCycle=0,expectedCheckPoint=103,Idx=3,unsealedTxs=0,sealUntil=0,waitResealUntil=0,consensusTimeout=3000,nodeId=5b07d12d...,utc=32460690
info|2026-02-06 20:13:22.166953|validator-0x000072a2edbd26c0|[CONSENSUS][PBFT]asyncMarkTxs success,index=103,hash=b57eb23a...,flag=true,markT=0,emptyTxBatchHash=false
info|2026-02-06 20:13:22.166990|verifier-0x000072a2fbbee6c0|[CONSENSUS][PBFT]addPrePrepareCache,reqHash=b57eb23a...,reqIndex=103,reqV=3,fromIdx=2,wait(ms)=1,sys=false,committedIndex=102,consNum=103,committedHash=5dc27a05...,view=3,toView=3,changeCycle=0,expectedCheckPoint=103,Idx=3,unsealedTxs=0,sealUntil=0,waitResealUntil=0,consensusTimeout=3000,nodeId=5b07d12d...
info|2026-02-06 20:13:22.167002|verifier-0x000072a2fbbee6c0|[CONSENSUS][PBFT]notify the committed proposal index to the sync module success,index=103
info|2026-02-06 20:13:22.167072|verifier-0x000072a2fbbee6c0|[CONSENSUS][PBFT]addPrepareCache,reqHash=b57eb23a...,reqIndex=103,reqV=3,fromIdx=3,wait(ms)=0,committedIndex=102,consNum=103,committedHash=5dc27a05...,view=3,toView=3,changeCycle=0,expectedCheckPoint=103,Idx=3,unsealedTxs=0,sealUntil=0,waitResealUntil=0,consensusTimeout=3000,nodeId=5b07d12d...,weight=2
info|2026-02-06 20:13:22.167118|verifier-0x000072a2fbbee6c0|[CONSENSUS][PBFT]broadcast prepare packet,packetSize=230,index=103
info|2026-02-06 20:13:22.167111|validator-0x000072a2ee3d36c0|[CONSENSUS][PBFT]asyncResetTxsFlag,index=103,hash=b57eb23a...,flag=true
info|2026-02-06 20:13:22.167136|validator-0x000072a2ee3d36c0|[TXPOOL]batchMarkTxs,txsSize=1,batchId=103,hash=b57eb23a...,sealFlag=true,notFound=0,reSealed=0,succ=1,time=0,markT=0
info|2026-02-06 20:13:22.167151|validator-0x000072a2ee3d36c0|[CONSENSUS][PBFT]asyncMarkTxs success,index=103,hash=b57eb23a...,flag=true,markT=0,emptyTxBatchHash=false
info|2026-02-06 20:13:22.167193|verifier-0x000072a2fbbee6c0|[CONSENSUS][PBFT]handlePrePrepareMsg and broadcast prepare packet,reqHash=b57eb23a...,reqIndex=103,reqV=3,fromIdx=2,wait(ms)=2,committedIndex=102,consNum=103,committedHash=5dc27a05...,view=3,toView=3,changeCycle=0,expectedCheckPoint=103,Idx=3,unsealedTxs=0,sealUntil=0,waitResealUntil=0,consensusTimeout=3000,nodeId=5b07d12d...
info|2026-02-06 20:13:22.167219|txsPreStore-0x000072a2fa3eb6c0|[TXPOOL]storeVerifiedBlock fetch block number from LedgerConfig
info|2026-02-06 20:13:22.167268|txsPreStore-0x000072a2fa3eb6c0|[TOOL]LedgerConfigFetcher: fetchBlockNumber success,blockNumber=102
info|2026-02-06 20:13:22.167272|txsPreStore-0x000072a2fa3eb6c0|[TXPOOL]storeVerifiedBlock,consNum=103,hash=b57eb23a...,txsSize=1
info|2026-02-06 20:13:22.167982|txsPreStore-0x000072a2fa3eb6c0|[LEDGER]asyncPreStoreBlockTxs: needStoreUnsavedTxs,txsSize=1,unstoredTxs=1,number=103
info|2026-02-06 20:13:22.168091|pbft-0x000072a2d88fd6c0|[CONSENSUS][PBFT]addPrepareCache,reqHash=b57eb23a...,reqIndex=103,reqV=3,fromIdx=0,wait(ms)=1,committedIndex=102,consNum=103,committedHash=5dc27a05...,view=3,toView=3,changeCycle=0,expectedCheckPoint=103,Idx=3,unsealedTxs=0,sealUntil=0,waitResealUntil=0,consensusTimeout=3000,nodeId=5b07d12d...,weight=3
info|2026-02-06 20:13:22.168117|pbft-0x000072a2d88fd6c0|[CONSENSUS][PBFT]setSignatureList,signatureSize=3,propHash=b57eb23a...,propIndex=103
info|2026-02-06 20:13:22.168128|pbft-0x000072a2d88fd6c0|[CONSENSUS][PBFT]intoPrecommit,reqHash=b57eb23a...,reqIndex=103,reqV=3,fromIdx=3,wait(ms)=3,committedIndex=102,consNum=103,committedHash=5dc27a05...,view=3,toView=3,changeCycle=0,expectedCheckPoint=103,Idx=3,unsealedTxs=0,sealUntil=0,waitResealUntil=0,consensusTimeout=3000,nodeId=5b07d12d...
info|2026-02-06 20:13:22.168265|txsPreStore-0x000072a2fa3eb6c0|[STORAGE-RocksDB]setRows finished,put=1,dataSize=746,time(ms)=0
info|2026-02-06 20:13:22.168281|txsPreStore-0x000072a2fa3eb6c0|[LEDGER]asyncPreStoreBlockTxs: store uncommitted txs,blockNumber=103,blockTxsSize=1,unStoredTxs=1,msg=success,code=0,timeCost=0
info|2026-02-06 20:13:22.168288|txsPreStore-0x000072a2fa3eb6c0|[TXPOOL]storeVerifiedBlock success,consNum=103,hash=b57eb23a...,timecost=1
info|2026-02-06 20:13:22.168318|pbft-0x000072a2d88fd6c0|[CONSENSUS][PBFT]addCommitCache,reqHash=b57eb23a...,reqIndex=103,reqV=3,fromIdx=3,wait(ms)=0,committedIndex=102,consNum=103,committedHash=5dc27a05...,view=3,toView=3,changeCycle=0,expectedCheckPoint=103,Idx=3,unsealedTxs=0,sealUntil=0,waitResealUntil=0,consensusTimeout=3000,nodeId=5b07d12d...,weight=1
info|2026-02-06 20:13:22.168333|pbft-0x000072a2d88fd6c0|[CONSENSUS][PBFT]checkAndPreCommit: broadcast commitMsg,Idx=3,hash=b57eb23a...,index=103
info|2026-02-06 20:13:22.168785|pbft-0x000072a2d88fd6c0|[CONSENSUS][PBFT]addPrepareCache,reqHash=b57eb23a...,reqIndex=103,reqV=3,fromIdx=2,wait(ms)=0,committedIndex=102,consNum=103,committedHash=5dc27a05...,view=3,toView=3,changeCycle=0,expectedCheckPoint=103,Idx=3,unsealedTxs=0,sealUntil=0,waitResealUntil=0,consensusTimeout=3000,nodeId=5b07d12d...,weight=4
info|2026-02-06 20:13:22.168872|pbft-0x000072a2d88fd6c0|[CONSENSUS][PBFT]addCommitCache,reqHash=b57eb23a...,reqIndex=103,reqV=3,fromIdx=0,wait(ms)=0,committedIndex=102,consNum=103,committedHash=5dc27a05...,view=3,toView=3,changeCycle=0,expectedCheckPoint=103,Idx=3,unsealedTxs=0,sealUntil=0,waitResealUntil=0,consensusTimeout=3000,nodeId=5b07d12d...,weight=2
info|2026-02-06 20:13:22.169913|pbft-0x000072a2d88fd6c0|[CONSENSUS][PBFT]addCommitCache,reqHash=b57eb23a...,reqIndex=103,reqV=3,fromIdx=2,wait(ms)=0,committedIndex=102,consNum=103,committedHash=5dc27a05...,view=3,toView=3,changeCycle=0,expectedCheckPoint=103,Idx=3,unsealedTxs=0,sealUntil=0,waitResealUntil=0,consensusTimeout=3000,nodeId=5b07d12d...,weight=3
info|2026-02-06 20:13:22.169956|pbft-0x000072a2d88fd6c0|[CONSENSUS][PBFT]checkAndCommit,propHash=b57eb23a...,propIndex=103,committedIndex=102,consNum=103,committedHash=5dc27a05...,view=3,toView=3,changeCycle=0,expectedCheckPoint=103,Idx=3,unsealedTxs=0,sealUntil=0,waitResealUntil=0,consensusTimeout=3000,nodeId=5b07d12d...
info|2026-02-06 20:13:22.169967|pbft-0x000072a2d88fd6c0|[CONSENSUS][PBFT]######## CommitProposal,propHash=b57eb23a...,propIndex=103,sys=false,committedIndex=102,consNum=103,committedHash=5dc27a05...,view=3,toView=3,changeCycle=0,expectedCheckPoint=103,Idx=3,unsealedTxs=0,sealUntil=0,waitResealUntil=0,consensusTimeout=3000,nodeId=5b07d12d...
info|2026-02-06 20:13:22.169979|pbft-0x000072a2d88fd6c0|[CONSENSUS][SEALER]resetSealingInfo,start=104,end=104,sealingNumber=104,waitUntil=0,unsealedTxs=0
info|2026-02-06 20:13:22.169983|pbft-0x000072a2d88fd6c0|[CONSENSUS][PBFT]asyncNotifySealProposal success,startIndex=104,endIndex=104,maxTxsToSeal=1000
info|2026-02-06 20:13:22.169987|pbft-0x000072a2d88fd6c0|[CONSENSUS][SEALER]asyncNotifySealProposal,startIndex=104,endIndex=104,maxTxsPerBlock=1000
info|2026-02-06 20:13:22.169994|pbft-0x000072a2d88fd6c0|[CONSENSUS][PBFT]notifySealer: notify the new leader to seal block,lockNotifyT=0,idx=3,startIndex=104,endIndex=104,notifyBeginIndex=104,waitSealUntil=0,waitResealUntil=0,maxTxsToSeal=1000,committedIndex=102,consNum=103,committedHash=5dc27a05...,view=3,toView=3,changeCycle=0,expectedCheckPoint=103,Idx=3,unsealedTxs=0,sealUntil=0,waitResealUntil=0,consensusTimeout=3000,nodeId=5b07d12d...
info|2026-02-06 20:13:22.170004|pbft-0x000072a2d88fd6c0|[CONSENSUS][PBFT]notify to seal next proposal,nextProposalIndex=104
info|2026-02-06 20:13:22.170077|pbft-0x000072a2d88fd6c0|[CONSENSUS][PBFT]notifySealer return for invalid seal range,lockNotifyT=0,currentEndIndex=104,expectedEndIndex=104,committedIndex=102,consNum=103,committedHash=5dc27a05...,view=3,toView=3,changeCycle=0,expectedCheckPoint=103,Idx=3,unsealedTxs=0,sealUntil=0,waitResealUntil=0,consensusTimeout=3000,nodeId=5b07d12d...
info|2026-02-06 20:13:22.170106|pbft-0x000072a2d88fd6c0|[CONSENSUS][PBFT]notify to seal next proposal,nextProposalIndex=104
info|2026-02-06 20:13:22.170112|pbft-0x000072a2d88fd6c0|[CONSENSUS][PBFT]applyStateMachine,index=103,hash=b57eb23a...,committedIndex=102,consNum=103,committedHash=5dc27a05...,view=3,toView=3,changeCycle=0,expectedCheckPoint=103,Idx=3,unsealedTxs=0,sealUntil=0,waitResealUntil=0,consensusTimeout=3000,nodeId=5b07d12d...,unAppliedProposals=0
info|2026-02-06 20:13:22.170193|preExeScheduler-0x000072a29d2696c0|[SCHEDULER][METRIC][BlockTrace][blk-103]preExeBlock success,blockHeader.timestamp=1770380002164,metaTxCount=1,timeCost=0
info|2026-02-06 20:13:22.170278|exeScheduler-0x000072a29ca686c0|[SCHEDULER][METRIC][blk-103]ExecuteBlock request,gasLimit=3000000000,gasPrice=0x0,verify=false,signatureSize=0,txCount=0,metaTxCount=1,version=3.11.0,waitT=0
info|2026-02-06 20:13:22.170346|exeScheduler-0x000072a29ca686c0|[SCHEDULER][blk-103][BlockTrace]ExecuteBlock start,time(ms)=0
info|2026-02-06 20:13:22.170366|exeScheduler-0x000072a29ca686c0|[SCHEDULER][serialExecute][blk-103][BlockTrace]serialExecute execute block
info|2026-02-06 20:13:22.170370|exeScheduler-0x000072a29ca686c0|[SCHEDULER][serialExecute][blk-103][BlockTrace]serialExecute batch next block
info|2026-02-06 20:13:22.170376|exeScheduler-0x000072a29ca686c0|[SCHEDULER][blk-103][BlockTrace]NextBlock request,executorNum=1
info|2026-02-06 20:13:22.171087|exec-0x000072a2f2bdc6c0|[SCHEDULER][blk-103][BlockTrace]NextBlock success,executorNum=1,timeCost=1
info|2026-02-06 20:13:22.171148|exec-0x000072a2f2bdc6c0|[SCHEDULER][serialExecute][blk-103][BlockTrace]serialExecute block begin
info|2026-02-06 20:13:22.171825|exec-0x000072a2f33dd6c0|[STORAGE-KeyPage]hash,size=24,blockVersion=51052544,readLength=8006,writeLength=640,pageCount=1,entrycount=0,entriesHash=0000000000000000000000000000000000000000000000000000000000000000,pagesHash=ae5d0edfb0927350e97be8c2a1ee3578deb4e28b5977fcf2ba9e1c705db76b3c,totalHash=ae5d0edfb0927350e97be8c2a1ee3578deb4e28b5977fcf2ba9e1c705db76b3c
info|2026-02-06 20:13:22.171852|exec-0x000072a2f33dd6c0|[EXECUTOR:1770370051][blk-103]GetTableHashes success,hash=ae5d0edfb0927350e97be8c2a1ee3578deb4e28b5977fcf2ba9e1c705db76b3c,time(ms)=0
info|2026-02-06 20:13:22.171889|exec-0x000072a2f33dd6c0|[SCHEDULER][blk-103][BlockTrace]ExecuteBlock success,hash=e75a7e5e...,stateRoot=ae5d0edfb0927350e97be8c2a1ee3578deb4e28b5977fcf2ba9e1c705db76b3c,receiptRoot=6cec0257ec8c40d4924b1f6ecfbb04bd82fc60c91186f217c7265a0771703202,txsRoot=465e71aa...,gasUsed=74534,signatureSize=0,timeCost=1,blockVersion=51052544
info|2026-02-06 20:13:22.171980|exec-0x000072a2f33dd6c0|[CONSENSUS][Core][METRIC]asyncExecuteBlock success,sysBlock=false,number=103,result=e75a7e5e...,txsSize=1,txsRoot=465e71aa...,receiptsRoot=6cec0257...,stateRoot=ae5d0edf...,timeCost=1,execPerTx=1
info|2026-02-06 20:13:22.172019|exec-0x000072a2f33dd6c0|[CONSENSUS][PBFT]applyStateMachine finished,index=103,beforeExec=b57eb23a...,afterExec=e75a7e5e...,committedIndex=102,consNum=103,committedHash=5dc27a05...,view=3,toView=3,changeCycle=0,expectedCheckPoint=103,Idx=3,unsealedTxs=0,sealUntil=0,waitResealUntil=0,consensusTimeout=3000,nodeId=5b07d12d...,timecost=2
info|2026-02-06 20:13:22.172172|pbftWorker-0x000072a2eb3cd6c0|[CONSENSUS][PBFT][STORAGE]asyncCommitProposal: write the committed proposal into db,index=103
info|2026-02-06 20:13:22.172292|pbftWorker-0x000072a2eb3cd6c0|[CONSENSUS][PBFT][STORAGE]asyncPutProposal: commit success,dbName=pbftCommitDB,key=max_committed_proposal,number=103,timecost=0,dataSize=3
info|2026-02-06 20:13:22.172331|pbftWorker-0x000072a2eb3cd6c0|[CONSENSUS][PBFT][STORAGE]asyncPutProposal: commit success,dbName=pbftCommitDB,key=103,number=103,timecost=0,dataSize=679
info|2026-02-06 20:13:22.172758|pbftWorker-0x000072a2eb3cd6c0|[CONSENSUS][PBFT]addCheckPointMsg,reqHash=e75a7e5e...,reqIndex=103,reqV=3,fromIdx=3,wait(ms)=0,Idx=3,weight=1,minRequiredWeight=3
info|2026-02-06 20:13:22.172784|pbftWorker-0x000072a2eb3cd6c0|[CONSENSUS][PBFT]setCheckPointProposal,propHash=e75a7e5e...,propIndex=103,committedIndex=102,consNum=103,committedHash=5dc27a05...,view=3,toView=3,changeCycle=0,expectedCheckPoint=103,Idx=3,unsealedTxs=0,sealUntil=0,waitResealUntil=0,consensusTimeout=3000,nodeId=5b07d12d...
info|2026-02-06 20:13:22.172799|pbftWorker-0x000072a2eb3cd6c0|[CONSENSUS][PBFT]PBFTConfig: setExpectedCheckPoint,committedIndex=102,consNum=103,committedHash=5dc27a05...,view=3,toView=3,changeCycle=0,expectedCheckPoint=104,Idx=3,unsealedTxs=0,sealUntil=0,waitResealUntil=0,consensusTimeout=3000,nodeId=5b07d12d...,expectedCheckPoint=104
info|2026-02-06 20:13:22.172811|pbftWorker-0x000072a2eb3cd6c0|[CONSENSUS][PBFT]notifySealer return for invalid seal range,lockNotifyT=0,currentEndIndex=104,expectedEndIndex=104,committedIndex=102,consNum=103,committedHash=5dc27a05...,view=3,toView=3,changeCycle=0,expectedCheckPoint=104,Idx=3,unsealedTxs=0,sealUntil=0,waitResealUntil=0,consensusTimeout=3000,nodeId=5b07d12d...
info|2026-02-06 20:13:22.172822|pbftWorker-0x000072a2eb3cd6c0|[CONSENSUS][PBFT]notify to seal next proposal,nextProposalIndex=104
info|2026-02-06 20:13:22.172827|pbftWorker-0x000072a2eb3cd6c0|[CONSENSUS][PBFT]onProposalApplySuccess,index=103,hash=e75a7e5e...,lockT=0,timecost=0
info|2026-02-06 20:13:22.173355|pbft-0x000072a2d88fd6c0|[CONSENSUS][PBFT]handleCheckPointMsg: try to add the checkpoint message into the cache,reqHash=e75a7e5e...,reqIndex=103,reqV=3,fromIdx=2,wait(ms)=0,committedIndex=102,consNum=103,committedHash=5dc27a05...,view=3,toView=3,changeCycle=0,expectedCheckPoint=104,Idx=3,unsealedTxs=0,sealUntil=0,waitResealUntil=0,consensusTimeout=3000,nodeId=5b07d12d...
info|2026-02-06 20:13:22.173402|pbft-0x000072a2d88fd6c0|[CONSENSUS][PBFT]addCheckPointMsg,reqHash=e75a7e5e...,reqIndex=103,reqV=3,fromIdx=2,wait(ms)=0,Idx=3,weight=2,minRequiredWeight=3
info|2026-02-06 20:13:22.173412|pbft-0x000072a2d88fd6c0|[CONSENSUS][PBFT]notifySealer return for invalid seal range,lockNotifyT=0,currentEndIndex=104,expectedEndIndex=104,committedIndex=102,consNum=103,committedHash=5dc27a05...,view=3,toView=3,changeCycle=0,expectedCheckPoint=104,Idx=3,unsealedTxs=0,sealUntil=0,waitResealUntil=0,consensusTimeout=3000,nodeId=5b07d12d...
info|2026-02-06 20:13:22.173432|pbft-0x000072a2d88fd6c0|[CONSENSUS][PBFT]notify to seal next proposal,nextProposalIndex=104
info|2026-02-06 20:13:22.173561|pbft-0x000072a2d88fd6c0|[CONSENSUS][PBFT]handleCheckPointMsg: try to add the checkpoint message into the cache,reqHash=e75a7e5e...,reqIndex=103,reqV=3,fromIdx=0,wait(ms)=0,committedIndex=102,consNum=103,committedHash=5dc27a05...,view=3,toView=3,changeCycle=0,expectedCheckPoint=104,Idx=3,unsealedTxs=0,sealUntil=0,waitResealUntil=0,consensusTimeout=3000,nodeId=5b07d12d...
info|2026-02-06 20:13:22.173588|pbft-0x000072a2d88fd6c0|[CONSENSUS][PBFT]addCheckPointMsg,reqHash=e75a7e5e...,reqIndex=103,reqV=3,fromIdx=0,wait(ms)=0,Idx=3,weight=3,minRequiredWeight=3
info|2026-02-06 20:13:22.173595|pbft-0x000072a2d88fd6c0|[CONSENSUS][PBFT]notifySealer return for invalid seal range,lockNotifyT=0,currentEndIndex=104,expectedEndIndex=104,committedIndex=102,consNum=103,committedHash=5dc27a05...,view=3,toView=3,changeCycle=0,expectedCheckPoint=104,Idx=3,unsealedTxs=0,sealUntil=0,waitResealUntil=0,consensusTimeout=3000,nodeId=5b07d12d...
info|2026-02-06 20:13:22.173602|pbft-0x000072a2d88fd6c0|[CONSENSUS][PBFT]notify to seal next proposal,nextProposalIndex=104
info|2026-02-06 20:13:22.173606|pbft-0x000072a2d88fd6c0|[CONSENSUS][PBFT]setSignatureList,signatureSize=3,propHash=e75a7e5e...,propIndex=103
info|2026-02-06 20:13:22.173625|pbft-0x000072a2d88fd6c0|[CONSENSUS][PBFT]checkAndCommitStableCheckPoint,index=103,hash=e75a7e5e...,committedIndex=102,consNum=103,committedHash=5dc27a05...,view=3,toView=3,changeCycle=0,expectedCheckPoint=104,Idx=3,unsealedTxs=0,sealUntil=0,waitResealUntil=0,consensusTimeout=3000,nodeId=5b07d12d...
info|2026-02-06 20:13:22.173647|pbft-0x000072a2d88fd6c0|[CONSENSUS][PBFT]updateStableCheckPointQueue: insert new checkpoint proposal,index=103,hash=e75a7e5e...,committedIndex=102,consNum=103,committedHash=5dc27a05...,view=3,toView=3,changeCycle=0,expectedCheckPoint=104,Idx=3,unsealedTxs=0,sealUntil=0,waitResealUntil=0,consensusTimeout=3000,nodeId=5b07d12d...
info|2026-02-06 20:13:22.173656|pbft-0x000072a2d88fd6c0|[CONSENSUS][PBFT]updateStableCheckPointQueue: commit stable checkpoint,index=103,committedIndex=102
info|2026-02-06 20:13:22.173670|pbft-0x000072a2d88fd6c0|[CONSENSUS][PBFT]asyncCommitStableCheckPoint: set signatureList,index=103,hash=e75a7e5e...,proofSize=3,blockProofSize=3
info|2026-02-06 20:13:22.173761|blockSubmit-0x000072a2ecbd06c0|[SCHEDULER][blk-103][BlockTrace]CommitBlock start
info|2026-02-06 20:13:22.174105|pbft-0x000072a2d88fd6c0|[CONSENSUS][PBFT]handleCheckPointMsg: try to add the checkpoint message into the cache,reqHash=e75a7e5e...,reqIndex=103,reqV=3,fromIdx=1,wait(ms)=1,committedIndex=102,consNum=103,committedHash=5dc27a05...,view=3,toView=3,changeCycle=0,expectedCheckPoint=104,Idx=3,unsealedTxs=0,sealUntil=0,waitResealUntil=0,consensusTimeout=3000,nodeId=5b07d12d...
info|2026-02-06 20:13:22.174133|pbft-0x000072a2d88fd6c0|[CONSENSUS][PBFT]addCheckPointMsg,reqHash=e75a7e5e...,reqIndex=103,reqV=3,fromIdx=1,wait(ms)=1,Idx=3,weight=4,minRequiredWeight=3
info|2026-02-06 20:13:22.174143|pbft-0x000072a2d88fd6c0|[CONSENSUS][PBFT]notifySealer return for invalid seal range,lockNotifyT=0,currentEndIndex=104,expectedEndIndex=104,committedIndex=102,consNum=103,committedHash=5dc27a05...,view=3,toView=3,changeCycle=0,expectedCheckPoint=104,Idx=3,unsealedTxs=0,sealUntil=0,waitResealUntil=0,consensusTimeout=3000,nodeId=5b07d12d...
info|2026-02-06 20:13:22.174150|pbft-0x000072a2d88fd6c0|[CONSENSUS][PBFT]notify to seal next proposal,nextProposalIndex=104
info|2026-02-06 20:13:22.174259|blockSubmit-0x000072a2ecbd06c0|[STORAGE-RocksDB]asyncPrepare,number=103
info|2026-02-06 20:13:22.174550|blockSubmit-0x000072a2ecbd06c0|[STORAGE-RocksDB]asyncPrepare finished,blockNumber=103,put=7,delete=0,startTS=0,encode(ms)=0,time(ms)=0
info|2026-02-06 20:13:22.174612|blockSubmit-0x000072a2ecbd06c0|[LEDGER]storeTransactionsAndReceipts,blockNumber=103
info|2026-02-06 20:13:22.174709|exec-0x000072a2f13d96c0|[STORAGE-RocksDB]asyncPrepare,number=103
info|2026-02-06 20:13:22.174815|exec-0x000072a2f13d96c0|[STORAGE-KeyPage]parallelTraverse,size=1120
info|2026-02-06 20:13:22.174829|exec-0x000072a2f13d96c0|[STORAGE-RocksDB]asyncPrepare finished,blockNumber=103,put=2,delete=0,startTS=0,encode(ms)=0,time(ms)=0
info|2026-02-06 20:13:22.174835|exec-0x000072a2f13d96c0|[EXECUTOR:1770370051][blk-103]Prepare success
info|2026-02-06 20:13:22.174878|ledgerWrite-0x000072a3003f76c0|[STORAGE-RocksDB]setRows finished,put=1,dataSize=542,time(ms)=0
info|2026-02-06 20:13:22.174985|blockSubmit-0x000072a2ecbd06c0|[LEDGER]storeTransactionsAndReceipts finished,blockNumber=103,blockTxsSize=1,unStoredTxs=0,timeCost=0
info|2026-02-06 20:13:22.175066|blockSubmit-0x000072a2ecbd06c0|[STORAGE-RocksDB]asyncCommit finished,blockNumber=103,startTS=0,time(ms)=0,callback time(ms)=0,count=9
info|2026-02-06 20:13:22.175076|blockSubmit-0x000072a2ecbd06c0|[LEDGER][METRIC]asyncPrewriteBlock,number=103,totalTxs=127,failedTxs=44,incTxs=1,incFailedTxs=0
info|2026-02-06 20:13:22.175184|exec-0x000072a2f23db6c0|[TOOL]fetchCompatibilityVersion
info|2026-02-06 20:13:22.175328|exec-0x000072a2f23db6c0|[TOOL]fetchCompatibilityVersion success,version=3.11.0,versionNumber=51052544,minSupportedVersion=3.0.0-rc4,maxSupportedVersion=3.11.0
info|2026-02-06 20:13:22.175379|exec-0x000072a2f23db6c0|[TOOL]fetchAuthCheckStatus success,value=0
info|2026-02-06 20:13:22.175428|exec-0x000072a2f23db6c0|[EXECUTOR:1770370051]merge keyPage to cachedStorage,number=103
info|2026-02-06 20:13:22.175475|exec-0x000072a2f23db6c0|[STORAGE-KeyPage]parallelTraverse,size=1120
info|2026-02-06 20:13:22.175524|exec-0x000072a2f23db6c0|[STORAGE]Successful merged records,count=2
info|2026-02-06 20:13:22.176444|exec-0x000072a2f23db6c0|[SCHEDULER][blk-103][BlockTrace]CommitBlock success,gas limit=3000000000,timeCost=3
info|2026-02-06 20:13:22.176537|submitter-0x000072a2fc3ef6c0|[TXPOOL][METRIC]StatTPS,tps=71,totalTime=14
info|2026-02-06 20:13:22.176563|exec-0x000072a2f23db6c0|[SCHEDULER][BlockTrace]Notify block result success,blockNumber=103
info|2026-02-06 20:13:22.176569|exec-0x000072a2f23db6c0|[CONSENSUS][PBFT][STORAGE][METRIC]commitStableCheckPoint success,index=103,hash=e75a7e5e...,txs=1,timeCost=3,commitPerTx=3
info|2026-02-06 20:13:22.176618|exec-0x000072a2f23db6c0|[SCHEDULER][blk-103]notify block result success,hash=e75a7e5e...,txsSize=1
info|2026-02-06 20:13:22.176730|exec-0x000072a2f23db6c0|[STORAGE-RocksDB]asyncCommit finished,blockNumber=103,startTS=0,time(ms)=0,callback time(ms)=2,count=0
info|2026-02-06 20:13:22.176747|submitter-0x000072a2fc3ef6c0|[TXPOOL][METRIC]batchRemove txs success,expectedSize=1,succCount=1,batchId=103,timecost=0,lockT=0,removeT=0,updateLedgerNonceT=0,updateTxPoolNonceT=0
info|2026-02-06 20:13:22.176826|blockSubmit-0x000072a2ecbd06c0|[CONSENSUS][PBFT][METRIC]resetConfig,committedIndex=103,propHash=e75a7e5e...,blockCountLimit=1000,leaderPeriod=1,consensusNodesSize=4
info|2026-02-06 20:13:22.176948|blockSubmit-0x000072a2ecbd06c0|[CONSENSUS][PBFT][METRIC]^^^^^^^^Report,sealer=2,txs=1,committedIndex=103,consNum=104,committedHash=e75a7e5e...,view=3,toView=3,changeCycle=0,expectedCheckPoint=104,Idx=3,unsealedTxs=0,sealUntil=0,waitResealUntil=0,consensusTimeout=3000,nodeId=5b07d12d...
info|2026-02-06 20:13:22.177023|blockSubmit-0x000072a2ecbd06c0|[CONSENSUS][SEALER]asyncNoteLatestBlockNumber,number=103
info|2026-02-06 20:13:22.177035|blockSubmit-0x000072a2ecbd06c0|[CONSENSUS][SEALER]asyncNoteLatestBlockHash,_hash=e75a7e5e...
info|2026-02-06 20:13:22.177072|blockSubmit-0x000072a2ecbd06c0|[BLOCK SYNC]#### BlockSyncConfig resetConfig,number=103,consNodeSize=4,observerNodeSize=0,type=CONSENSUS_NODE
info|2026-02-06 20:13:22.177387|blockSubmit-0x000072a2ecbd06c0|[CONSENSUS][PBFT]notifySealer return for invalid seal range,lockNotifyT=0,currentEndIndex=104,expectedEndIndex=104,committedIndex=103,consNum=104,committedHash=e75a7e5e...,view=3,toView=3,changeCycle=0,expectedCheckPoint=104,Idx=3,unsealedTxs=0,sealUntil=0,waitResealUntil=0,consensusTimeout=3000,nodeId=5b07d12d...
info|2026-02-06 20:13:22.177426|blockSubmit-0x000072a2ecbd06c0|[CONSENSUS][PBFT]notifySealer return for invalid seal range,lockNotifyT=0,currentEndIndex=104,expectedEndIndex=104,committedIndex=103,consNum=104,committedHash=e75a7e5e...,view=3,toView=3,changeCycle=0,expectedCheckPoint=104,Idx=3,unsealedTxs=0,sealUntil=0,waitResealUntil=0,consensusTimeout=3000,nodeId=5b07d12d...
info|2026-02-06 20:13:22.177438|blockSubmit-0x000072a2ecbd06c0|[CONSENSUS][PBFT]notify to seal next proposal,nextProposalIndex=104
info|2026-02-06 20:13:22.177508|blockSubmit-0x000072a2ecbd06c0|[CONSENSUS][PBFT]removeConsensusedCache finalizeConsensus,view=3,number=103,eraseSize=1,cacheSize=0
info|2026-02-06 20:13:22.177547|blockSubmit-0x000072a2ecbd06c0|[CONSENSUS][PBFT][STORAGE]asyncRemoveStabledCheckPoint,index=98
info|2026-02-06 20:13:22.177601|blockSubmit-0x000072a2ecbd06c0|[CONSENSUS][PBFT][STORAGE]asyncRemove success,dbName=pbftCommitDB,key=98
info|2026-02-06 20:13:22.727413|ioService-0x000072a2c5bfe6c0|[WS][SESSION][asyncRead],message=End of file,endpoint=127.0.0.1:34858,refCount=2
info|2026-02-06 20:13:22.727571|ioService-0x000072a2c5bfe6c0|[RPC][WS][SESSION][drop],reason=4294963295,endpoint=127.0.0.1:34858,session=0x72a30aeddc10
info|2026-02-06 20:13:22.727609|ioService-0x000072a2c5bfe6c0|[RPC][WS][SESSION][drop],reason=4294963295,endpoint=127.0.0.1:34858,cb size=0,session=0x72a30aeddc10
info|2026-02-06 20:13:22.727811|ioService-0x000072a2c5bfe6c0|[DEFAULT][WS][STREAM]the real action to close the stream,this=0x72a2bdc94c50
info|2026-02-06 20:13:22.728812|fisco-bcos-0x000072a28cd426c0|[RPC][WS][SERVICE][removeSession],endpoint=127.0.0.1:34858
info|2026-02-06 20:13:22.729013|fisco-bcos-0x000072a28cd426c0|[RPC][WS][SERVICE][onDisconnect],endpoint=127.0.0.1:34858,refCount=2
info|2026-02-06 20:13:22.729052|fisco-bcos-0x000072a28cd426c0|[RPC][WS][SESSION],[DELOBJ][WSSESSION]=0x72a30aeddc10
info|2026-02-06 20:13:22.729065|fisco-bcos-0x000072a28cd426c0|[DEFAULT][WS][STREAM],[DELOBJ][WsStream]=0x72a2bdc94c50
info|2026-02-06 20:13:23.023745|ioService-0x000072a2af5fe6c0|[DEFAULT][HTTP][SESSION][onRead]receive http request
info|2026-02-06 20:13:23.036856|ioService-0x000072a2af5fe6c0|[DEFAULT][HTTP][SESSION][onRead]receive http request
info|2026-02-06 20:13:23.052314|ioService-0x000072a2af5fe6c0|[DEFAULT][HTTP][SESSION][onRead]receive http request
info|2026-02-06 20:13:23.740669|ioService-0x000072a2c47ff6c0|[DEFAULT][HTTP][SERVER][accept],local_endpoint=127.0.0.1:20203,remote_endpoint=127.0.0.1:49286
info|2026-02-06 20:13:23.741722|ioService-0x000072a2c47ff6c0|[DEFAULT][HTTP][SESSION][onRead]websocket upgrade
info|2026-02-06 20:13:23.741773|ioService-0x000072a2c47ff6c0|[DEFAULT][WS][STREAM],[NEWOBJ][WsStream]=0x72a30ae18c10
info|2026-02-06 20:13:23.741790|ioService-0x000072a2c47ff6c0|[RPC][WS][SESSION],[NEWOBJ][WSSESSION]=0x72a30ae44410
info|2026-02-06 20:13:23.741802|ioService-0x000072a2c47ff6c0|[RPC][WS][SERVICE][newSession]start the session,endPoint=127.0.0.1:49286
info|2026-02-06 20:13:23.741871|ioService-0x000072a2c47ff6c0|[RPC][WS][SESSION][startAsServer]start websocket handshake,endPoint=127.0.0.1:49286,session=0x72a30ae44410
info|2026-02-06 20:13:23.742093|ioService-0x000072a2c47ff6c0|[RPC][WS][SERVICE][addSession]add session to mapping,endPoint=127.0.0.1:49286,result=true
info|2026-02-06 20:13:23.742118|ioService-0x000072a2c47ff6c0|[RPC][WS][SERVICE][onConnect],endpoint=127.0.0.1:49286,refCount=3
info|2026-02-06 20:13:23.742143|ioService-0x000072a2c47ff6c0|[RPC][WS][SESSION][onWsAccept]websocket handshake successfully,endPoint=127.0.0.1:49286,session=0x72a30ae44410
info|2026-02-06 20:13:23.743450|fisco-bcos-0x000072a28f54c6c0|HandshakeRequest,module=2,minVersion=0,maxVersion=2
info|2026-02-06 20:13:23.743475|fisco-bcos-0x000072a28f54c6c0|[RPC]negotiatedVersion success,peer=127.0.0.1:49286,minVersion=0,maxVersion=2,supportMinVersion=0,supportMaxVersion=2,negotiatedVersion=2,seq=2b6ac6f15ae64e12ac3a722ca067287e
info|2026-02-06 20:13:23.743652|fisco-bcos-0x000072a28f54c6c0|[RPC]onRecvHandshakeRequest success,version=2,endpoint=127.0.0.1:49286,handshakeResponse={"groupBlockNumber":[{"group0":103}],"groupInfoList":[{"chainID":"chain0","genesisConfig":"{\"blockTxCountLimit\":1000,\"consensusLeaderPeriod\":1,\"consensusType\":\"pbft\",\"sealerList\":[{\"nodeID\":\"0d6a7f52cb87ce7fda869e0db309ec9c53723c46f81632c21e4abbf1a9159f14d53f37cc0c4141548da9ec877d6235afd7a501c40d296fc4c5252a8717aa23c2\",\"weight\":1},{\"nodeID\":\"21a47acec36f73d8e925a7d5db44793f998e1a42a6d7ee2e3a5cf4037b853452cb76f6cbab8e5b223a128e8ee15790d1f629858b47070b4eb2e1ddb2b0ada297\",\"weight\":1},{\"nodeID\":\"2346c69c46d42278eb237167eb19eb28432b63783cc0fd7cddc90f89c148e755db8941be9b0c5f37cbc21c409a78c154abc75ce0c80818c6fbb76aea6bcd0a9a\",\"weight\":1},{\"nodeID\":\"5b07d12d1512a66493c8fd3456d8c505e6ce05f20061613a4c48a1fa3755bbf9cc2d2f1878c4a6733389f03deb0a3fc0c672e2f4910fde9802d6675929cb3dc5\",\"weight\":1}],\"txGasLimit\":3000000000}\n","groupID":"group0","iniConfig":"","nodeList":[{"featureKeys":["bugfix_revert","bugfix_statestorage_hash","bugfix_evm_create2_delegatecall_staticcall_codecopy","bugfix_event_log_order","bugfix_call_noaddr_return","bugfix_precompiled_codehash","bugfix_dmc_revert","bugfix_keypage_system_entry_hash","bugfix_internal_create_redundant_storage","bugfix_internal_create_permission_denied","bugfix_sharding_call_in_child_executive","bugfix_empty_abi_reset","bugfix_eip55_addr","bugfix_eoa_as_contract","bugfix_eoa_match_failed","bugfix_evm_exception_gas_used","bugfix_dmc_deploy_gas_used","bugfix_staticcall_noaddr_return","bugfix_support_transfer_receive_fallback","bugfix_set_row_with_dirty_flag","feature_dmc2serial","feature_sharding","feature_rpbft","feature_paillier","feature_balance","feature_balance_precompiled","feature_balance_policy1","feature_paillier_add_raw","feature_evm_cancun"],"iniConfig":"{\"binaryInfo\":{\"buildTime\":\"20240827 04:30:34\",\"gitCommitHash\":\"3fea676716990b2ed453b4f079915daafff451f9\",\"platform\":\"Linux/g++\",\"version\":\"3.11.0\"},\"chainID\":\"chain0\",\"gatewayServiceName\":\"\",\"groupID\":\"group0\",\"isAuthCheck\":false,\"isSerialExecute\":true,\"isWasm\":false,\"nodeID\":\"5b07d12d1512a66493c8fd3456d8c505e6ce05f20061613a4c48a1fa3755bbf9cc2d2f1878c4a6733389f03deb0a3fc0c672e2f4910fde9802d6675929cb3dc5\",\"nodeName\":\"5b07d12d1512a66493c8fd3456d8c505e6ce05f20061613a4c48a1fa3755bbf9cc2d2f1878c4a6733389f03deb0a3fc0c672e2f4910fde9802d6675929cb3dc5\",\"rpcServiceName\":\"\",\"smCryptoType\":false}\n","microService":false,"name":"5b07d12d1512a66493c8fd3456d8c505e6ce05f20061613a4c48a1fa3755bbf9cc2d2f1878c4a6733389f03deb0a3fc0c672e2f4910fde9802d6675929cb3dc5","nodeID":"5b07d12d1512a66493c8fd3456d8c505e6ce05f20061613a4c48a1fa3755bbf9cc2d2f1878c4a6733389f03deb0a3fc0c672e2f4910fde9802d6675929cb3dc5","protocol":{"compatibilityVersion":51052544,"maxSupportedVersion":2,"minSupportedVersion":0},"serviceInfo":[{"serviceName":"LedgerServiceObj","type":2},{"serviceName":"SchedulerServiceObj","type":3},{"serviceName":"FrontServiceObj","type":4},{"serviceName":"","type":6},{"serviceName":"","type":7},{"serviceName":"TxPoolServiceObj","type":8}],"supportConfigs":["tx_gas_limit","tx_gas_price","tx_count_limit","consensus_leader_period","auth_check_status","compatibility_version","feature_rpbft","feature_rpbft_epoch_block_num","feature_rpbft_epoch_sealer_num","feature_balance_precompiled","web3_chain_id"],"type":0}]}],"protocolVersion":2}
info|2026-02-06 20:13:23.744912|fisco-bcos-0x000072a2e5bc16c0|[parseSubTopicsJson],topicItems size=0,json={"topics":[]}
info|2026-02-06 20:13:23.744955|fisco-bcos-0x000072a2e5bc16c0|[AMOPClient]subscribeTopicToAllNodes,topicInfo={
	"topics" : []
}
info|2026-02-06 20:13:23.744962|fisco-bcos-0x000072a2e5bc16c0|[AMOP][TOPIC][parseSubTopicsJson],topicItems size=0,json={
	"topics" : []
}
info|2026-02-06 20:13:23.744968|fisco-bcos-0x000072a2e5bc16c0|[AMOP][TOPIC][subTopic],client=localAMOP,topicSeq=1,topicItems size=0
info|2026-02-06 20:13:23.744971|fisco-bcos-0x000072a2e5bc16c0|[AMOPClient][onRecvSubTopics],topicInfo={"topics":[]}
,endpoint=127.0.0.1:49286,seq=a9f7d2816b5e4ab09323c5697a7e3918
info|2026-02-06 20:13:24.177672|pullTxsTimer-0x000072a2ebbce6c0|[CONSENSUS][PBFT]tryToSyncTxs: try to request unsealing txs from peer,committedIndex=103,consNum=104,committedHash=e75a7e5e...,view=3,toView=3,changeCycle=0,expectedCheckPoint=104,Idx=3,unsealedTxs=0,sealUntil=0,waitResealUntil=0,consensusTimeout=3000,nodeId=5b07d12d...
info|2026-02-06 20:13:25.141843|fisco-bcos-0x000072a2a2dfc6c0|[SCHEDULER][serialExecute][blk-103][BlockTrace]serialExecute execute block
info|2026-02-06 20:13:25.141971|fisco-bcos-0x000072a2a2dfc6c0|[SCHEDULER][METRIC][BlockTrace][blk-103]preExeBlock success,blockHeader.timestamp=0,metaTxCount=0,timeCost=0
info|2026-02-06 20:13:25.427630|txsSeal-0x000072a2fabec6c0|[TXPOOL]begin batchFetchTxs,pendingTxs=1,limit=1000
info|2026-02-06 20:13:25.427728|txsSeal-0x000072a2fabec6c0|[TXPOOL][METRIC]batchFetchTxs success,time=0,txsSize=1,sysTxsSize=0,pendingTxs=1,limit=1000,fetchTxsT=0,lockT=0,invalidBefore=0,invalidNow=0,sealed=0,traverseCount=1
info|2026-02-06 20:13:25.428707|Sealer-0x000072a2d98ff6c0|[CONSENSUS][SEALER]++++++++++++++++ Generate proposal,index=104,curNum=103,hash=1e37905a...,sysTxs=false,txsSize=1,version=51052544
info|2026-02-06 20:13:25.428748|Sealer-0x000072a2d98ff6c0|[CONSENSUS][PBFT]asyncSubmitProposal,index=104,hash=1e37905a...,committedIndex=103,consNum=104,committedHash=e75a7e5e...,view=3,toView=3,changeCycle=0,expectedCheckPoint=104,Idx=3,unsealedTxs=0,sealUntil=0,waitResealUntil=0,consensusTimeout=3000,nodeId=5b07d12d...
info|2026-02-06 20:13:25.428792|Sealer-0x000072a2d98ff6c0|[CONSENSUS][PBFT]++++++++++++++++ Generating seal on,index=104,Idx=3,hash=1e37905a...,sysProposal=false
info|2026-02-06 20:13:25.428919|Sealer-0x000072a2d98ff6c0|[CONSENSUS][PBFT]broadcast pre-prepare packet,packetSize=595,index=104,encode(ms)=0,asyncSend(ms)=0
info|2026-02-06 20:13:25.428939|Sealer-0x000072a2d98ff6c0|[CONSENSUS][PBFT]handlePrePrepareMsg,reqHash=1e37905a...,reqIndex=104,reqV=3,fromIdx=3,wait(ms)=0,committedIndex=103,consNum=104,committedHash=e75a7e5e...,view=3,toView=3,changeCycle=0,expectedCheckPoint=104,Idx=3,unsealedTxs=0,sealUntil=0,waitResealUntil=0,consensusTimeout=3000,nodeId=5b07d12d...,utc=32463952
info|2026-02-06 20:13:25.428980|Sealer-0x000072a2d98ff6c0|[CONSENSUS][PBFT]addPrePrepareCache,reqHash=1e37905a...,reqIndex=104,reqV=3,fromIdx=3,wait(ms)=0,sys=false,committedIndex=103,consNum=104,committedHash=e75a7e5e...,view=3,toView=3,changeCycle=0,expectedCheckPoint=104,Idx=3,unsealedTxs=0,sealUntil=0,waitResealUntil=0,consensusTimeout=3000,nodeId=5b07d12d...
info|2026-02-06 20:13:25.429004|Sealer-0x000072a2d98ff6c0|[CONSENSUS][PBFT]notify the committed proposal index to the sync module success,index=104
info|2026-02-06 20:13:25.429052|validator-0x000072a2edbd26c0|[CONSENSUS][PBFT]asyncResetTxsFlag,index=104,hash=1e37905a...,flag=true
info|2026-02-06 20:13:25.429059|Sealer-0x000072a2d98ff6c0|[CONSENSUS][PBFT]addPrepareCache,reqHash=1e37905a...,reqIndex=104,reqV=3,fromIdx=3,wait(ms)=0,committedIndex=103,consNum=104,committedHash=e75a7e5e...,view=3,toView=3,changeCycle=0,expectedCheckPoint=104,Idx=3,unsealedTxs=0,sealUntil=0,waitResealUntil=0,consensusTimeout=3000,nodeId=5b07d12d...,weight=1
info|2026-02-06 20:13:25.429093|validator-0x000072a2edbd26c0|[TXPOOL]batchMarkTxs,txsSize=1,batchId=104,hash=1e37905a...,sealFlag=true,notFound=0,reSealed=0,succ=1,time=0,markT=0
info|2026-02-06 20:13:25.429102|Sealer-0x000072a2d98ff6c0|[CONSENSUS][PBFT]broadcast prepare packet,packetSize=230,index=104
info|2026-02-06 20:13:25.429105|validator-0x000072a2edbd26c0|[CONSENSUS][PBFT]asyncMarkTxs success,index=104,hash=1e37905a...,flag=true,markT=0,emptyTxBatchHash=false
info|2026-02-06 20:13:25.429318|Sealer-0x000072a2d98ff6c0|[CONSENSUS][PBFT]handlePrePrepareMsg and broadcast prepare packet,reqHash=1e37905a...,reqIndex=104,reqV=3,fromIdx=3,wait(ms)=1,committedIndex=103,consNum=104,committedHash=e75a7e5e...,view=3,toView=3,changeCycle=0,expectedCheckPoint=104,Idx=3,unsealedTxs=0,sealUntil=0,waitResealUntil=0,consensusTimeout=3000,nodeId=5b07d12d...
info|2026-02-06 20:13:25.429357|Sealer-0x000072a2d98ff6c0|[CONSENSUS][PBFT]handlePrePrepareMsg success,index=104,costT(ms)=0
info|2026-02-06 20:13:25.430588|pbft-0x000072a2d88fd6c0|[CONSENSUS][PBFT]addPrepareCache,reqHash=1e37905a...,reqIndex=104,reqV=3,fromIdx=1,wait(ms)=0,committedIndex=103,consNum=104,committedHash=e75a7e5e...,view=3,toView=3,changeCycle=0,expectedCheckPoint=104,Idx=3,unsealedTxs=0,sealUntil=0,waitResealUntil=0,consensusTimeout=3000,nodeId=5b07d12d...,weight=2
info|2026-02-06 20:13:25.454507|pbft-0x000072a2d88fd6c0|[CONSENSUS][PBFT]addPrepareCache,reqHash=1e37905a...,reqIndex=104,reqV=3,fromIdx=0,wait(ms)=1,committedIndex=103,consNum=104,committedHash=e75a7e5e...,view=3,toView=3,changeCycle=0,expectedCheckPoint=104,Idx=3,unsealedTxs=0,sealUntil=0,waitResealUntil=0,consensusTimeout=3000,nodeId=5b07d12d...,weight=3
info|2026-02-06 20:13:25.454739|pbft-0x000072a2d88fd6c0|[CONSENSUS][PBFT]setSignatureList,signatureSize=3,propHash=1e37905a...,propIndex=104
info|2026-02-06 20:13:25.454799|pbft-0x000072a2d88fd6c0|[CONSENSUS][PBFT]intoPrecommit,reqHash=1e37905a...,reqIndex=104,reqV=3,fromIdx=3,wait(ms)=26,committedIndex=103,consNum=104,committedHash=e75a7e5e...,view=3,toView=3,changeCycle=0,expectedCheckPoint=104,Idx=3,unsealedTxs=0,sealUntil=0,waitResealUntil=0,consensusTimeout=3000,nodeId=5b07d12d...
info|2026-02-06 20:13:25.454915|pbft-0x000072a2d88fd6c0|[CONSENSUS][PBFT]addCommitCache,reqHash=1e37905a...,reqIndex=104,reqV=3,fromIdx=3,wait(ms)=0,committedIndex=103,consNum=104,committedHash=e75a7e5e...,view=3,toView=3,changeCycle=0,expectedCheckPoint=104,Idx=3,unsealedTxs=0,sealUntil=0,waitResealUntil=0,consensusTimeout=3000,nodeId=5b07d12d...,weight=1
info|2026-02-06 20:13:25.454977|pbft-0x000072a2d88fd6c0|[CONSENSUS][PBFT]checkAndPreCommit: broadcast commitMsg,Idx=3,hash=1e37905a...,index=104
info|2026-02-06 20:13:25.456030|pbft-0x000072a2d88fd6c0|[CONSENSUS][PBFT]addCommitCache,reqHash=1e37905a...,reqIndex=104,reqV=3,fromIdx=0,wait(ms)=1,committedIndex=103,consNum=104,committedHash=e75a7e5e...,view=3,toView=3,changeCycle=0,expectedCheckPoint=104,Idx=3,unsealedTxs=0,sealUntil=0,waitResealUntil=0,consensusTimeout=3000,nodeId=5b07d12d...,weight=2
info|2026-02-06 20:13:25.456349|pbft-0x000072a2d88fd6c0|[CONSENSUS][PBFT]addCommitCache,reqHash=1e37905a...,reqIndex=104,reqV=3,fromIdx=1,wait(ms)=1,committedIndex=103,consNum=104,committedHash=e75a7e5e...,view=3,toView=3,changeCycle=0,expectedCheckPoint=104,Idx=3,unsealedTxs=0,sealUntil=0,waitResealUntil=0,consensusTimeout=3000,nodeId=5b07d12d...,weight=3
info|2026-02-06 20:13:25.456410|pbft-0x000072a2d88fd6c0|[CONSENSUS][PBFT]checkAndCommit,propHash=1e37905a...,propIndex=104,committedIndex=103,consNum=104,committedHash=e75a7e5e...,view=3,toView=3,changeCycle=0,expectedCheckPoint=104,Idx=3,unsealedTxs=0,sealUntil=0,waitResealUntil=0,consensusTimeout=3000,nodeId=5b07d12d...
info|2026-02-06 20:13:25.456437|pbft-0x000072a2d88fd6c0|[CONSENSUS][PBFT]######## CommitProposal,propHash=1e37905a...,propIndex=104,sys=false,committedIndex=103,consNum=104,committedHash=e75a7e5e...,view=3,toView=3,changeCycle=0,expectedCheckPoint=104,Idx=3,unsealedTxs=0,sealUntil=0,waitResealUntil=0,consensusTimeout=3000,nodeId=5b07d12d...
info|2026-02-06 20:13:25.456455|pbft-0x000072a2d88fd6c0|[CONSENSUS][PBFT]notify to seal next proposal,nextProposalIndex=105
info|2026-02-06 20:13:25.456540|pbft-0x000072a2d88fd6c0|[CONSENSUS][PBFT]notify to seal next proposal,nextProposalIndex=105
info|2026-02-06 20:13:25.456588|pbft-0x000072a2d88fd6c0|[CONSENSUS][PBFT]applyStateMachine,index=104,hash=1e37905a...,committedIndex=103,consNum=104,committedHash=e75a7e5e...,view=3,toView=3,changeCycle=0,expectedCheckPoint=104,Idx=3,unsealedTxs=0,sealUntil=0,waitResealUntil=0,consensusTimeout=3000,nodeId=5b07d12d...,unAppliedProposals=0
info|2026-02-06 20:13:25.456784|preExeScheduler-0x000072a29da6a6c0|[SCHEDULER][METRIC][BlockTrace][blk-104]preExeBlock success,blockHeader.timestamp=1770380005428,metaTxCount=1,timeCost=0
info|2026-02-06 20:13:25.457035|exeScheduler-0x000072a29ca686c0|[SCHEDULER][METRIC][blk-104]ExecuteBlock request,gasLimit=3000000000,gasPrice=0x0,verify=false,signatureSize=0,txCount=0,metaTxCount=1,version=3.11.0,waitT=0
info|2026-02-06 20:13:25.457205|exeScheduler-0x000072a29ca686c0|[SCHEDULER][blk-104][BlockTrace]ExecuteBlock start,time(ms)=0
info|2026-02-06 20:13:25.457216|exeScheduler-0x000072a29ca686c0|[SCHEDULER][serialExecute][blk-104][BlockTrace]serialExecute execute block
info|2026-02-06 20:13:25.457224|exeScheduler-0x000072a29ca686c0|[SCHEDULER][serialExecute][blk-104][BlockTrace]serialExecute batch next block
info|2026-02-06 20:13:25.457238|exeScheduler-0x000072a29ca686c0|[SCHEDULER][blk-104][BlockTrace]NextBlock request,executorNum=1
info|2026-02-06 20:13:25.457983|exec-0x000072a2f03d76c0|[SCHEDULER][blk-104][BlockTrace]NextBlock success,executorNum=1,timeCost=1
info|2026-02-06 20:13:25.458058|exec-0x000072a2f03d76c0|[SCHEDULER][serialExecute][blk-104][BlockTrace]serialExecute block begin
info|2026-02-06 20:13:25.459361|exec-0x000072a2f0bd86c0|[STORAGE-KeyPage]hash,size=27,blockVersion=51052544,readLength=10611,writeLength=64,pageCount=1,entrycount=0,entriesHash=0000000000000000000000000000000000000000000000000000000000000000,pagesHash=effa8b558265a0c57ba82b42dac1355d49b2be29fd61bb04f5cf018a13d12393,totalHash=effa8b558265a0c57ba82b42dac1355d49b2be29fd61bb04f5cf018a13d12393
info|2026-02-06 20:13:25.459422|exec-0x000072a2f0bd86c0|[EXECUTOR:1770370051][blk-104]GetTableHashes success,hash=effa8b558265a0c57ba82b42dac1355d49b2be29fd61bb04f5cf018a13d12393,time(ms)=0
info|2026-02-06 20:13:25.459484|exec-0x000072a2f0bd86c0|[SCHEDULER][blk-104][BlockTrace]ExecuteBlock success,hash=f441a101...,stateRoot=effa8b558265a0c57ba82b42dac1355d49b2be29fd61bb04f5cf018a13d12393,receiptRoot=886811071f6e550ff0098c4d9268fa0179bb1f41fe1b9bd5403cb6af9b4a08ee,txsRoot=54af4ef9...,gasUsed=25459,signatureSize=0,timeCost=2,blockVersion=51052544
info|2026-02-06 20:13:25.459531|exec-0x000072a2f0bd86c0|[CONSENSUS][Core][METRIC]asyncExecuteBlock success,sysBlock=false,number=104,result=f441a101...,txsSize=1,txsRoot=54af4ef9...,receiptsRoot=88681107...,stateRoot=effa8b55...,timeCost=3,execPerTx=3
info|2026-02-06 20:13:25.459600|exec-0x000072a2f0bd86c0|[CONSENSUS][PBFT]applyStateMachine finished,index=104,beforeExec=1e37905a...,afterExec=f441a101...,committedIndex=103,consNum=104,committedHash=e75a7e5e...,view=3,toView=3,changeCycle=0,expectedCheckPoint=104,Idx=3,unsealedTxs=0,sealUntil=0,waitResealUntil=0,consensusTimeout=3000,nodeId=5b07d12d...,timecost=3
info|2026-02-06 20:13:25.459679|pbftWorker-0x000072a2eabcc6c0|[CONSENSUS][PBFT][STORAGE]asyncCommitProposal: write the committed proposal into db,index=104
info|2026-02-06 20:13:25.459803|pbftWorker-0x000072a2eabcc6c0|[CONSENSUS][PBFT][STORAGE]asyncPutProposal: commit success,dbName=pbftCommitDB,key=max_committed_proposal,number=104,timecost=0,dataSize=3
info|2026-02-06 20:13:25.459920|pbftWorker-0x000072a2eabcc6c0|[CONSENSUS][PBFT][STORAGE]asyncPutProposal: commit success,dbName=pbftCommitDB,key=104,number=104,timecost=0,dataSize=679
info|2026-02-06 20:13:25.460572|pbftWorker-0x000072a2eabcc6c0|[CONSENSUS][PBFT]addCheckPointMsg,reqHash=f441a101...,reqIndex=104,reqV=3,fromIdx=3,wait(ms)=0,Idx=3,weight=1,minRequiredWeight=3
info|2026-02-06 20:13:25.460725|pbftWorker-0x000072a2eabcc6c0|[CONSENSUS][PBFT]setCheckPointProposal,propHash=f441a101...,propIndex=104,committedIndex=103,consNum=104,committedHash=e75a7e5e...,view=3,toView=3,changeCycle=0,expectedCheckPoint=104,Idx=3,unsealedTxs=0,sealUntil=0,waitResealUntil=0,consensusTimeout=3000,nodeId=5b07d12d...
info|2026-02-06 20:13:25.460764|pbftWorker-0x000072a2eabcc6c0|[CONSENSUS][PBFT]PBFTConfig: setExpectedCheckPoint,committedIndex=103,consNum=104,committedHash=e75a7e5e...,view=3,toView=3,changeCycle=0,expectedCheckPoint=105,Idx=3,unsealedTxs=0,sealUntil=0,waitResealUntil=0,consensusTimeout=3000,nodeId=5b07d12d...,expectedCheckPoint=105
info|2026-02-06 20:13:25.460834|pbftWorker-0x000072a2eabcc6c0|[CONSENSUS][PBFT]notify to seal next proposal,nextProposalIndex=105
info|2026-02-06 20:13:25.460846|pbftWorker-0x000072a2eabcc6c0|[CONSENSUS][PBFT]onProposalApplySuccess,index=104,hash=f441a101...,lockT=0,timecost=0
info|2026-02-06 20:13:25.464906|pbft-0x000072a2d88fd6c0|[CONSENSUS][PBFT]handleCheckPointMsg: try to add the checkpoint message into the cache,reqHash=f441a101...,reqIndex=104,reqV=3,fromIdx=1,wait(ms)=0,committedIndex=103,consNum=104,committedHash=e75a7e5e...,view=3,toView=3,changeCycle=0,expectedCheckPoint=105,Idx=3,unsealedTxs=0,sealUntil=0,waitResealUntil=0,consensusTimeout=3000,nodeId=5b07d12d...
info|2026-02-06 20:13:25.465008|pbft-0x000072a2d88fd6c0|[CONSENSUS][PBFT]addCheckPointMsg,reqHash=f441a101...,reqIndex=104,reqV=3,fromIdx=1,wait(ms)=1,Idx=3,weight=2,minRequiredWeight=3
info|2026-02-06 20:13:25.465027|pbft-0x000072a2d88fd6c0|[CONSENSUS][PBFT]notify to seal next proposal,nextProposalIndex=105
info|2026-02-06 20:13:25.466405|pbft-0x000072a2d88fd6c0|[CONSENSUS][PBFT]handleCheckPointMsg: try to add the checkpoint message into the cache,reqHash=f441a101...,reqIndex=104,reqV=3,fromIdx=0,wait(ms)=1,committedIndex=103,consNum=104,committedHash=e75a7e5e...,view=3,toView=3,changeCycle=0,expectedCheckPoint=105,Idx=3,unsealedTxs=0,sealUntil=0,waitResealUntil=0,consensusTimeout=3000,nodeId=5b07d12d...
info|2026-02-06 20:13:25.466510|pbft-0x000072a2d88fd6c0|[CONSENSUS][PBFT]addCheckPointMsg,reqHash=f441a101...,reqIndex=104,reqV=3,fromIdx=0,wait(ms)=1,Idx=3,weight=3,minRequiredWeight=3
info|2026-02-06 20:13:25.466529|pbft-0x000072a2d88fd6c0|[CONSENSUS][PBFT]notify to seal next proposal,nextProposalIndex=105
info|2026-02-06 20:13:25.466556|pbft-0x000072a2d88fd6c0|[CONSENSUS][PBFT]setSignatureList,signatureSize=3,propHash=f441a101...,propIndex=104
info|2026-02-06 20:13:25.466566|pbft-0x000072a2d88fd6c0|[CONSENSUS][PBFT]checkAndCommitStableCheckPoint,index=104,hash=f441a101...,committedIndex=103,consNum=104,committedHash=e75a7e5e...,view=3,toView=3,changeCycle=0,expectedCheckPoint=105,Idx=3,unsealedTxs=0,sealUntil=0,waitResealUntil=0,consensusTimeout=3000,nodeId=5b07d12d...
info|2026-02-06 20:13:25.466585|pbft-0x000072a2d88fd6c0|[CONSENSUS][PBFT]updateStableCheckPointQueue: insert new checkpoint proposal,index=104,hash=f441a101...,committedIndex=103,consNum=104,committedHash=e75a7e5e...,view=3,toView=3,changeCycle=0,expectedCheckPoint=105,Idx=3,unsealedTxs=0,sealUntil=0,waitResealUntil=0,consensusTimeout=3000,nodeId=5b07d12d...
info|2026-02-06 20:13:25.466601|pbft-0x000072a2d88fd6c0|[CONSENSUS][PBFT]updateStableCheckPointQueue: commit stable checkpoint,index=104,committedIndex=103
info|2026-02-06 20:13:25.466639|pbft-0x000072a2d88fd6c0|[CONSENSUS][PBFT]asyncCommitStableCheckPoint: set signatureList,index=104,hash=f441a101...,proofSize=3,blockProofSize=3
info|2026-02-06 20:13:25.466897|blockSubmit-0x000072a2ecbd06c0|[SCHEDULER][blk-104][BlockTrace]CommitBlock start
info|2026-02-06 20:13:25.467575|blockSubmit-0x000072a2ecbd06c0|[STORAGE-RocksDB]asyncPrepare,number=104
info|2026-02-06 20:13:25.467654|blockSubmit-0x000072a2ecbd06c0|[STORAGE-RocksDB]asyncPrepare finished,blockNumber=104,put=7,delete=0,startTS=0,encode(ms)=0,time(ms)=0
info|2026-02-06 20:13:25.467691|blockSubmit-0x000072a2ecbd06c0|[LEDGER]storeTransactionsAndReceipts,blockNumber=104
info|2026-02-06 20:13:25.468218|blockSubmit-0x000072a2ecbd06c0|[STORAGE-RocksDB]setRows finished,put=1,dataSize=1065,time(ms)=0
info|2026-02-06 20:13:25.468344|exec-0x000072a2ef3d56c0|[STORAGE-RocksDB]asyncPrepare,number=104
info|2026-02-06 20:13:25.468429|ledgerWrite-0x000072a2ffbf66c0|[STORAGE-RocksDB]setRows finished,put=1,dataSize=416,time(ms)=0
info|2026-02-06 20:13:25.468499|exec-0x000072a2ef3d56c0|[STORAGE-KeyPage]parallelTraverse,size=360
info|2026-02-06 20:13:25.468544|exec-0x000072a2ef3d56c0|[STORAGE-RocksDB]asyncPrepare finished,blockNumber=104,put=2,delete=1,startTS=0,encode(ms)=0,time(ms)=0
info|2026-02-06 20:13:25.468555|exec-0x000072a2ef3d56c0|[EXECUTOR:1770370051][blk-104]Prepare success
info|2026-02-06 20:13:25.468584|blockSubmit-0x000072a2ecbd06c0|[LEDGER]storeTransactionsAndReceipts finished,blockNumber=104,blockTxsSize=1,unStoredTxs=1,timeCost=1
info|2026-02-06 20:13:25.468807|blockSubmit-0x000072a2ecbd06c0|[STORAGE-RocksDB]asyncCommit finished,blockNumber=104,startTS=0,time(ms)=0,callback time(ms)=0,count=10
info|2026-02-06 20:13:25.468856|blockSubmit-0x000072a2ecbd06c0|[LEDGER][METRIC]asyncPrewriteBlock,number=104,totalTxs=128,failedTxs=44,incTxs=1,incFailedTxs=0
info|2026-02-06 20:13:25.468915|exec-0x000072a2efbd66c0|[TOOL]fetchCompatibilityVersion
info|2026-02-06 20:13:25.469112|exec-0x000072a2efbd66c0|[TOOL]fetchCompatibilityVersion success,version=3.11.0,versionNumber=51052544,minSupportedVersion=3.0.0-rc4,maxSupportedVersion=3.11.0
info|2026-02-06 20:13:25.469371|exec-0x000072a2efbd66c0|[TOOL]fetchAuthCheckStatus success,value=0
info|2026-02-06 20:13:25.469468|exec-0x000072a2efbd66c0|[EXECUTOR:1770370051]merge keyPage to cachedStorage,number=104
info|2026-02-06 20:13:25.469606|exec-0x000072a2efbd66c0|[STORAGE-KeyPage]parallelTraverse,size=360
info|2026-02-06 20:13:25.469697|exec-0x000072a2efbd66c0|[STORAGE]Successful merged records,count=3
info|2026-02-06 20:13:25.471924|pbftWorker-0x000072a2ea3cb6c0|[CONSENSUS][PBFT]Receive CommittedProposalRequest,fromIndex=104,size=1
info|2026-02-06 20:13:25.473237|exec-0x000072a2efbd66c0|[SCHEDULER][blk-104][BlockTrace]CommitBlock success,gas limit=3000000000,timeCost=6
info|2026-02-06 20:13:25.473469|exec-0x000072a2efbd66c0|[SCHEDULER][BlockTrace]Notify block result success,blockNumber=104
info|2026-02-06 20:13:25.473487|exec-0x000072a2efbd66c0|[CONSENSUS][PBFT][STORAGE][METRIC]commitStableCheckPoint success,index=104,hash=f441a101...,txs=1,timeCost=7,commitPerTx=7
info|2026-02-06 20:13:25.473598|exec-0x000072a2efbd66c0|[SCHEDULER][blk-104]notify block result success,hash=f441a101...,txsSize=1
info|2026-02-06 20:13:25.473641|blockSubmit-0x000072a2ecbd06c0|[CONSENSUS][PBFT][METRIC]resetConfig,committedIndex=104,propHash=f441a101...,blockCountLimit=1000,leaderPeriod=1,consensusNodesSize=4
info|2026-02-06 20:13:25.473812|blockSubmit-0x000072a2ecbd06c0|[CONSENSUS][PBFT][METRIC]^^^^^^^^Report,sealer=3,txs=1,committedIndex=104,consNum=105,committedHash=f441a101...,view=3,toView=3,changeCycle=0,expectedCheckPoint=105,Idx=3,unsealedTxs=0,sealUntil=0,waitResealUntil=0,consensusTimeout=3000,nodeId=5b07d12d...
info|2026-02-06 20:13:25.473856|blockSubmit-0x000072a2ecbd06c0|[CONSENSUS][SEALER]asyncNoteLatestBlockNumber,number=104
info|2026-02-06 20:13:25.476389|blockSubmit-0x000072a2ecbd06c0|[CONSENSUS][SEALER]asyncNoteLatestBlockHash,_hash=f441a101...
info|2026-02-06 20:13:25.476518|blockSubmit-0x000072a2ecbd06c0|[BLOCK SYNC]#### BlockSyncConfig resetConfig,number=104,consNodeSize=4,observerNodeSize=0,type=CONSENSUS_NODE
info|2026-02-06 20:13:25.476493|exec-0x000072a2efbd66c0|[STORAGE-RocksDB]asyncCommit finished,blockNumber=104,startTS=0,time(ms)=0,callback time(ms)=7,count=0
info|2026-02-06 20:13:25.476949|submitter-0x000072a3013f96c0|[TXPOOL][METRIC]StatTPS,tps=21,totalTime=46
info|2026-02-06 20:13:25.477203|blockSubmit-0x000072a2ecbd06c0|[CONSENSUS][PBFT]notify to seal next proposal,nextProposalIndex=105
info|2026-02-06 20:13:25.477516|submitter-0x000072a3013f96c0|[TXPOOL][METRIC]batchRemove txs success,expectedSize=1,succCount=1,batchId=104,timecost=4,lockT=0,removeT=4,updateLedgerNonceT=0,updateTxPoolNonceT=0
info|2026-02-06 20:13:25.477633|blockSubmit-0x000072a2ecbd06c0|[CONSENSUS][PBFT]removeConsensusedCache finalizeConsensus,view=3,number=104,eraseSize=1,cacheSize=0
info|2026-02-06 20:13:25.477756|blockSubmit-0x000072a2ecbd06c0|[CONSENSUS][PBFT][STORAGE]asyncRemoveStabledCheckPoint,index=99
info|2026-02-06 20:13:25.477856|blockSubmit-0x000072a2ecbd06c0|[CONSENSUS][PBFT][STORAGE]asyncRemove success,dbName=pbftCommitDB,key=99
info|2026-02-06 20:13:25.997795|ioService-0x000072a2c47ff6c0|[WS][SESSION][asyncRead],message=End of file,endpoint=127.0.0.1:49286,refCount=2
info|2026-02-06 20:13:25.997851|ioService-0x000072a2c47ff6c0|[RPC][WS][SESSION][drop],reason=4294963295,endpoint=127.0.0.1:49286,session=0x72a30ae44410
info|2026-02-06 20:13:25.997921|ioService-0x000072a2c47ff6c0|[RPC][WS][SESSION][drop],reason=4294963295,endpoint=127.0.0.1:49286,cb size=0,session=0x72a30ae44410
info|2026-02-06 20:13:25.998013|ioService-0x000072a2c47ff6c0|[DEFAULT][WS][STREAM]the real action to close the stream,this=0x72a30ae18c10
info|2026-02-06 20:13:25.998199|ioService-0x000072a28d5446c0|[RPC][WS][SERVICE][removeSession],endpoint=127.0.0.1:49286
info|2026-02-06 20:13:25.998240|ioService-0x000072a28d5446c0|[RPC][WS][SERVICE][onDisconnect],endpoint=127.0.0.1:49286,refCount=2
info|2026-02-06 20:13:25.998248|ioService-0x000072a28d5446c0|[RPC][WS][SESSION],[DELOBJ][WSSESSION]=0x72a30ae44410
info|2026-02-06 20:13:25.998259|ioService-0x000072a28d5446c0|[DEFAULT][WS][STREAM],[DELOBJ][WsStream]=0x72a30ae18c10
info|2026-02-06 20:13:26.023622|ioService-0x000072a2af5fe6c0|[DEFAULT][HTTP][SESSION][onRead]receive http request
info|2026-02-06 20:13:26.037024|ioService-0x000072a2af5fe6c0|[DEFAULT][HTTP][SESSION][onRead]receive http request
info|2026-02-06 20:13:26.052329|ioService-0x000072a2af5fe6c0|[DEFAULT][HTTP][SESSION][onRead]receive http request
info|2026-02-06 20:13:29.025071|ioService-0x000072a2af5fe6c0|[DEFAULT][HTTP][SESSION][onRead]receive http request
info|2026-02-06 20:13:30.838883|objMonitor-0x000072a2a55ff6c0|[startMonitor][AliveObjectMonitor],AliveObjectAllocStat=[ type: bcos::gateway::Socket ,created: 10 ,destroyed: 6 ,alive: 4 ] 
info|2026-02-06 20:13:31.817880|timerFactory-0x000072a2c63ff6c0|[RPC][WS][SERVICE]connected nodes,count=0
info|2026-02-06 20:13:31.843122|timerFactory-0x000072a2b69ff6c0|[RPC][WS][SERVICE]connected nodes,count=0
info|2026-02-06 20:13:31.892447|ioService-0x000072a2d73fe6c0|[P2PService][Service][METRIC]heartBeat,connected count=3
info|2026-02-06 20:13:32.026210|ioService-0x000072a2af5fe6c0|[DEFAULT][HTTP][SESSION][onRead]receive http request
info|2026-02-06 20:13:35.026725|ioService-0x000072a2af5fe6c0|[DEFAULT][HTTP][SESSION][onRead]receive http request
info|2026-02-06 20:13:38.024409|ioService-0x000072a2af5fe6c0|[DEFAULT][HTTP][SESSION][onRead]receive http request
info|2026-02-06 20:13:41.024598|ioService-0x000072a2af5fe6c0|[DEFAULT][HTTP][SESSION][onRead]receive http request
info|2026-02-06 20:13:41.818134|timerFactory-0x000072a2c63ff6c0|[RPC][WS][SERVICE]connected nodes,count=0
info|2026-02-06 20:13:41.843250|timerFactory-0x000072a2b69ff6c0|[RPC][WS][SERVICE]connected nodes,count=0
info|2026-02-06 20:13:41.892700|ioService-0x000072a2d73fe6c0|[P2PService][Service][METRIC]heartBeat,connected count=3
info|2026-02-06 20:13:44.027271|ioService-0x000072a2af5fe6c0|[DEFAULT][HTTP][SESSION][onRead]receive http request
info|2026-02-06 20:13:47.027174|ioService-0x000072a2af5fe6c0|[DEFAULT][HTTP][SESSION][onRead]receive http request
info|2026-02-06 20:13:50.028516|ioService-0x000072a2af5fe6c0|[DEFAULT][HTTP][SESSION][onRead]receive http request
info|2026-02-06 20:13:51.818371|timerFactory-0x000072a2c63ff6c0|[RPC][WS][SERVICE]connected nodes,count=0
info|2026-02-06 20:13:51.843365|timerFactory-0x000072a2b69ff6c0|[RPC][WS][SERVICE]connected nodes,count=0
info|2026-02-06 20:13:51.892892|ioService-0x000072a2d73fe6c0|[P2PService][Service][METRIC]heartBeat,connected count=3
info|2026-02-06 20:13:53.028337|ioService-0x000072a2af5fe6c0|[DEFAULT][HTTP][SESSION][onRead]receive http request
info|2026-02-06 20:13:56.030354|ioService-0x000072a2af5fe6c0|[DEFAULT][HTTP][SESSION][onRead]receive http request
info|2026-02-06 20:13:59.031389|ioService-0x000072a2af5fe6c0|[DEFAULT][HTTP][SESSION][onRead]receive http request
info|2026-02-06 20:14:01.818554|timerFactory-0x000072a2c63ff6c0|[RPC][WS][SERVICE]connected nodes,count=0
info|2026-02-06 20:14:01.843654|timerFactory-0x000072a2b69ff6c0|[RPC][WS][SERVICE]connected nodes,count=0
info|2026-02-06 20:14:01.893276|ioService-0x000072a2d73fe6c0|[P2PService][Service][METRIC]heartBeat,connected count=3
info|2026-02-06 20:14:02.032660|ioService-0x000072a2af5fe6c0|[DEFAULT][HTTP][SESSION][onRead]receive http request
info|2026-02-06 20:14:05.033003|ioService-0x000072a2af5fe6c0|[DEFAULT][HTTP][SESSION][onRead]receive http request
info|2026-02-06 20:14:08.032463|ioService-0x000072a2af5fe6c0|[DEFAULT][HTTP][SESSION][onRead]receive http request
info|2026-02-06 20:14:11.032554|ioService-0x000072a2af5fe6c0|[DEFAULT][HTTP][SESSION][onRead]receive http request
info|2026-02-06 20:14:11.819284|timerFactory-0x000072a2c63ff6c0|[RPC][WS][SERVICE]connected nodes,count=0
info|2026-02-06 20:14:11.843800|timerFactory-0x000072a2b69ff6c0|[RPC][WS][SERVICE]connected nodes,count=0
info|2026-02-06 20:14:11.893493|ioService-0x000072a2d73fe6c0|[P2PService][Service][METRIC]heartBeat,connected count=3
info|2026-02-06 20:14:14.034898|ioService-0x000072a2af5fe6c0|[DEFAULT][HTTP][SESSION][onRead]receive http request
info|2026-02-06 20:14:17.036191|ioService-0x000072a2af5fe6c0|[DEFAULT][HTTP][SESSION][onRead]receive http request
info|2026-02-06 20:14:20.037046|ioService-0x000072a2af5fe6c0|[DEFAULT][HTTP][SESSION][onRead]receive http request
info|2026-02-06 20:14:21.654308|ioService-0x000072a2c47ff6c0|[DEFAULT][HTTP][SERVER][accept],local_endpoint=127.0.0.1:20203,remote_endpoint=127.0.0.1:47144
info|2026-02-06 20:14:21.655162|ioService-0x000072a2c31ff6c0|[DEFAULT][HTTP][SESSION][onRead]websocket upgrade
info|2026-02-06 20:14:21.655213|ioService-0x000072a2c31ff6c0|[DEFAULT][WS][STREAM],[NEWOBJ][WsStream]=0x72a2b881fe50
info|2026-02-06 20:14:21.655237|ioService-0x000072a2c31ff6c0|[RPC][WS][SESSION],[NEWOBJ][WSSESSION]=0x72a30aedde10
info|2026-02-06 20:14:21.655242|ioService-0x000072a2c31ff6c0|[RPC][WS][SERVICE][newSession]start the session,endPoint=127.0.0.1:47144
info|2026-02-06 20:14:21.655246|ioService-0x000072a2c31ff6c0|[RPC][WS][SESSION][startAsServer]start websocket handshake,endPoint=127.0.0.1:47144,session=0x72a30aedde10
info|2026-02-06 20:14:21.655430|ioService-0x000072a2c31ff6c0|[RPC][WS][SERVICE][addSession]add session to mapping,endPoint=127.0.0.1:47144,result=true
info|2026-02-06 20:14:21.655448|ioService-0x000072a2c31ff6c0|[RPC][WS][SERVICE][onConnect],endpoint=127.0.0.1:47144,refCount=3
info|2026-02-06 20:14:21.655464|ioService-0x000072a2c31ff6c0|[RPC][WS][SESSION][onWsAccept]websocket handshake successfully,endPoint=127.0.0.1:47144,session=0x72a30aedde10
info|2026-02-06 20:14:21.656153|ioService-0x000072a2a1df96c0|HandshakeRequest,module=2,minVersion=0,maxVersion=2
info|2026-02-06 20:14:21.656200|ioService-0x000072a2a1df96c0|[RPC]negotiatedVersion success,peer=127.0.0.1:47144,minVersion=0,maxVersion=2,supportMinVersion=0,supportMaxVersion=2,negotiatedVersion=2,seq=4feba3c6224b4542873c54766bcbe398
info|2026-02-06 20:14:21.656387|ioService-0x000072a2a1df96c0|[RPC]onRecvHandshakeRequest success,version=2,endpoint=127.0.0.1:47144,handshakeResponse={"groupBlockNumber":[{"group0":104}],"groupInfoList":[{"chainID":"chain0","genesisConfig":"{\"blockTxCountLimit\":1000,\"consensusLeaderPeriod\":1,\"consensusType\":\"pbft\",\"sealerList\":[{\"nodeID\":\"0d6a7f52cb87ce7fda869e0db309ec9c53723c46f81632c21e4abbf1a9159f14d53f37cc0c4141548da9ec877d6235afd7a501c40d296fc4c5252a8717aa23c2\",\"weight\":1},{\"nodeID\":\"21a47acec36f73d8e925a7d5db44793f998e1a42a6d7ee2e3a5cf4037b853452cb76f6cbab8e5b223a128e8ee15790d1f629858b47070b4eb2e1ddb2b0ada297\",\"weight\":1},{\"nodeID\":\"2346c69c46d42278eb237167eb19eb28432b63783cc0fd7cddc90f89c148e755db8941be9b0c5f37cbc21c409a78c154abc75ce0c80818c6fbb76aea6bcd0a9a\",\"weight\":1},{\"nodeID\":\"5b07d12d1512a66493c8fd3456d8c505e6ce05f20061613a4c48a1fa3755bbf9cc2d2f1878c4a6733389f03deb0a3fc0c672e2f4910fde9802d6675929cb3dc5\",\"weight\":1}],\"txGasLimit\":3000000000}\n","groupID":"group0","iniConfig":"","nodeList":[{"featureKeys":["bugfix_revert","bugfix_statestorage_hash","bugfix_evm_create2_delegatecall_staticcall_codecopy","bugfix_event_log_order","bugfix_call_noaddr_return","bugfix_precompiled_codehash","bugfix_dmc_revert","bugfix_keypage_system_entry_hash","bugfix_internal_create_redundant_storage","bugfix_internal_create_permission_denied","bugfix_sharding_call_in_child_executive","bugfix_empty_abi_reset","bugfix_eip55_addr","bugfix_eoa_as_contract","bugfix_eoa_match_failed","bugfix_evm_exception_gas_used","bugfix_dmc_deploy_gas_used","bugfix_staticcall_noaddr_return","bugfix_support_transfer_receive_fallback","bugfix_set_row_with_dirty_flag","feature_dmc2serial","feature_sharding","feature_rpbft","feature_paillier","feature_balance","feature_balance_precompiled","feature_balance_policy1","feature_paillier_add_raw","feature_evm_cancun"],"iniConfig":"{\"binaryInfo\":{\"buildTime\":\"20240827 04:30:34\",\"gitCommitHash\":\"3fea676716990b2ed453b4f079915daafff451f9\",\"platform\":\"Linux/g++\",\"version\":\"3.11.0\"},\"chainID\":\"chain0\",\"gatewayServiceName\":\"\",\"groupID\":\"group0\",\"isAuthCheck\":false,\"isSerialExecute\":true,\"isWasm\":false,\"nodeID\":\"5b07d12d1512a66493c8fd3456d8c505e6ce05f20061613a4c48a1fa3755bbf9cc2d2f1878c4a6733389f03deb0a3fc0c672e2f4910fde9802d6675929cb3dc5\",\"nodeName\":\"5b07d12d1512a66493c8fd3456d8c505e6ce05f20061613a4c48a1fa3755bbf9cc2d2f1878c4a6733389f03deb0a3fc0c672e2f4910fde9802d6675929cb3dc5\",\"rpcServiceName\":\"\",\"smCryptoType\":false}\n","microService":false,"name":"5b07d12d1512a66493c8fd3456d8c505e6ce05f20061613a4c48a1fa3755bbf9cc2d2f1878c4a6733389f03deb0a3fc0c672e2f4910fde9802d6675929cb3dc5","nodeID":"5b07d12d1512a66493c8fd3456d8c505e6ce05f20061613a4c48a1fa3755bbf9cc2d2f1878c4a6733389f03deb0a3fc0c672e2f4910fde9802d6675929cb3dc5","protocol":{"compatibilityVersion":51052544,"maxSupportedVersion":2,"minSupportedVersion":0},"serviceInfo":[{"serviceName":"LedgerServiceObj","type":2},{"serviceName":"SchedulerServiceObj","type":3},{"serviceName":"FrontServiceObj","type":4},{"serviceName":"","type":6},{"serviceName":"","type":7},{"serviceName":"TxPoolServiceObj","type":8}],"supportConfigs":["tx_gas_limit","tx_gas_price","tx_count_limit","consensus_leader_period","auth_check_status","compatibility_version","feature_rpbft","feature_rpbft_epoch_block_num","feature_rpbft_epoch_sealer_num","feature_balance_precompiled","web3_chain_id"],"type":0}]}],"protocolVersion":2}
info|2026-02-06 20:14:21.657859|fisco-bcos-0x000072a2a11f66c0|[parseSubTopicsJson],topicItems size=0,json={"topics":[]}
info|2026-02-06 20:14:21.657892|fisco-bcos-0x000072a2a11f66c0|[AMOPClient]subscribeTopicToAllNodes,topicInfo={
	"topics" : []
}
info|2026-02-06 20:14:21.657898|fisco-bcos-0x000072a2a11f66c0|[AMOP][TOPIC][parseSubTopicsJson],topicItems size=0,json={
	"topics" : []
}
info|2026-02-06 20:14:21.657903|fisco-bcos-0x000072a2a11f66c0|[AMOP][TOPIC][subTopic],client=localAMOP,topicSeq=1,topicItems size=0
info|2026-02-06 20:14:21.657925|fisco-bcos-0x000072a2a11f66c0|[AMOPClient][onRecvSubTopics],topicInfo={"topics":[]}
,endpoint=127.0.0.1:47144,seq=4fdcf183cf194b8c8cb9aa40803785a8
info|2026-02-06 20:14:21.819746|timerFactory-0x000072a2c63ff6c0|[RPC][WS][SERVICE]connected nodes,count=1
info|2026-02-06 20:14:21.843952|timerFactory-0x000072a2b69ff6c0|[RPC][WS][SERVICE]connected nodes,count=0
info|2026-02-06 20:14:21.893682|ioService-0x000072a2d73fe6c0|[P2PService][Service][METRIC]heartBeat,connected count=3
info|2026-02-06 20:14:23.037262|ioService-0x000072a2af5fe6c0|[DEFAULT][HTTP][SESSION][onRead]receive http request
info|2026-02-06 20:14:23.044713|fisco-bcos-0x000072a2a05f36c0|[SCHEDULER][serialExecute][blk-104][BlockTrace]serialExecute execute block
info|2026-02-06 20:14:23.044763|fisco-bcos-0x000072a2a05f36c0|[SCHEDULER][METRIC][BlockTrace][blk-104]preExeBlock success,blockHeader.timestamp=0,metaTxCount=0,timeCost=0
info|2026-02-06 20:14:23.246746|fisco-bcos-0x000072a2a2dfc6c0|[SCHEDULER][serialExecute][blk-104][BlockTrace]serialExecute execute block
info|2026-02-06 20:14:23.246797|fisco-bcos-0x000072a2a2dfc6c0|[SCHEDULER][METRIC][BlockTrace][blk-104]preExeBlock success,blockHeader.timestamp=0,metaTxCount=0,timeCost=0
info|2026-02-06 20:14:23.594686|ioService-0x000072a2c31ff6c0|[WS][SESSION][asyncRead],message=End of file,endpoint=127.0.0.1:47144,refCount=2
info|2026-02-06 20:14:23.594714|ioService-0x000072a2c31ff6c0|[RPC][WS][SESSION][drop],reason=4294963295,endpoint=127.0.0.1:47144,session=0x72a30aedde10
info|2026-02-06 20:14:23.594742|ioService-0x000072a2c31ff6c0|[RPC][WS][SESSION][drop],reason=4294963295,endpoint=127.0.0.1:47144,cb size=0,session=0x72a30aedde10
info|2026-02-06 20:14:23.594795|ioService-0x000072a2c31ff6c0|[DEFAULT][WS][STREAM]the real action to close the stream,this=0x72a2b881fe50
info|2026-02-06 20:14:23.595145|ioService-0x000072a29de6b6c0|[RPC][WS][SERVICE][removeSession],endpoint=127.0.0.1:47144
info|2026-02-06 20:14:23.595173|ioService-0x000072a29de6b6c0|[RPC][WS][SERVICE][onDisconnect],endpoint=127.0.0.1:47144,refCount=2
info|2026-02-06 20:14:23.595180|ioService-0x000072a29de6b6c0|[RPC][WS][SESSION],[DELOBJ][WSSESSION]=0x72a30aedde10
info|2026-02-06 20:14:23.595194|ioService-0x000072a29de6b6c0|[DEFAULT][WS][STREAM],[DELOBJ][WsStream]=0x72a2b881fe50
info|2026-02-06 20:14:24.528663|ioService-0x000072a2c47ff6c0|[DEFAULT][HTTP][SERVER][accept],local_endpoint=127.0.0.1:20203,remote_endpoint=127.0.0.1:58724
info|2026-02-06 20:14:24.529107|ioService-0x000072a2c17ff6c0|[DEFAULT][HTTP][SESSION][onRead]websocket upgrade
info|2026-02-06 20:14:24.529139|ioService-0x000072a2c17ff6c0|[DEFAULT][WS][STREAM],[NEWOBJ][WsStream]=0x72a2bea891d0
info|2026-02-06 20:14:24.529150|ioService-0x000072a2c17ff6c0|[RPC][WS][SESSION],[NEWOBJ][WSSESSION]=0x72a30ae48010
info|2026-02-06 20:14:24.529154|ioService-0x000072a2c17ff6c0|[RPC][WS][SERVICE][newSession]start the session,endPoint=127.0.0.1:58724
info|2026-02-06 20:14:24.529158|ioService-0x000072a2c17ff6c0|[RPC][WS][SESSION][startAsServer]start websocket handshake,endPoint=127.0.0.1:58724,session=0x72a30ae48010
info|2026-02-06 20:14:24.529228|ioService-0x000072a2c17ff6c0|[RPC][WS][SERVICE][addSession]add session to mapping,endPoint=127.0.0.1:58724,result=true
info|2026-02-06 20:14:24.529241|ioService-0x000072a2c17ff6c0|[RPC][WS][SERVICE][onConnect],endpoint=127.0.0.1:58724,refCount=3
info|2026-02-06 20:14:24.529252|ioService-0x000072a2c17ff6c0|[RPC][WS][SESSION][onWsAccept]websocket handshake successfully,endPoint=127.0.0.1:58724,session=0x72a30ae48010
info|2026-02-06 20:14:24.529871|ioService-0x000072a2a21fa6c0|HandshakeRequest,module=2,minVersion=0,maxVersion=2
info|2026-02-06 20:14:24.529988|ioService-0x000072a2a21fa6c0|[RPC]negotiatedVersion success,peer=127.0.0.1:58724,minVersion=0,maxVersion=2,supportMinVersion=0,supportMaxVersion=2,negotiatedVersion=2,seq=1d483ed50dd8441ea2e4e22f0883edf5
info|2026-02-06 20:14:24.530460|ioService-0x000072a2a21fa6c0|[RPC]onRecvHandshakeRequest success,version=2,endpoint=127.0.0.1:58724,handshakeResponse={"groupBlockNumber":[{"group0":104}],"groupInfoList":[{"chainID":"chain0","genesisConfig":"{\"blockTxCountLimit\":1000,\"consensusLeaderPeriod\":1,\"consensusType\":\"pbft\",\"sealerList\":[{\"nodeID\":\"0d6a7f52cb87ce7fda869e0db309ec9c53723c46f81632c21e4abbf1a9159f14d53f37cc0c4141548da9ec877d6235afd7a501c40d296fc4c5252a8717aa23c2\",\"weight\":1},{\"nodeID\":\"21a47acec36f73d8e925a7d5db44793f998e1a42a6d7ee2e3a5cf4037b853452cb76f6cbab8e5b223a128e8ee15790d1f629858b47070b4eb2e1ddb2b0ada297\",\"weight\":1},{\"nodeID\":\"2346c69c46d42278eb237167eb19eb28432b63783cc0fd7cddc90f89c148e755db8941be9b0c5f37cbc21c409a78c154abc75ce0c80818c6fbb76aea6bcd0a9a\",\"weight\":1},{\"nodeID\":\"5b07d12d1512a66493c8fd3456d8c505e6ce05f20061613a4c48a1fa3755bbf9cc2d2f1878c4a6733389f03deb0a3fc0c672e2f4910fde9802d6675929cb3dc5\",\"weight\":1}],\"txGasLimit\":3000000000}\n","groupID":"group0","iniConfig":"","nodeList":[{"featureKeys":["bugfix_revert","bugfix_statestorage_hash","bugfix_evm_create2_delegatecall_staticcall_codecopy","bugfix_event_log_order","bugfix_call_noaddr_return","bugfix_precompiled_codehash","bugfix_dmc_revert","bugfix_keypage_system_entry_hash","bugfix_internal_create_redundant_storage","bugfix_internal_create_permission_denied","bugfix_sharding_call_in_child_executive","bugfix_empty_abi_reset","bugfix_eip55_addr","bugfix_eoa_as_contract","bugfix_eoa_match_failed","bugfix_evm_exception_gas_used","bugfix_dmc_deploy_gas_used","bugfix_staticcall_noaddr_return","bugfix_support_transfer_receive_fallback","bugfix_set_row_with_dirty_flag","feature_dmc2serial","feature_sharding","feature_rpbft","feature_paillier","feature_balance","feature_balance_precompiled","feature_balance_policy1","feature_paillier_add_raw","feature_evm_cancun"],"iniConfig":"{\"binaryInfo\":{\"buildTime\":\"20240827 04:30:34\",\"gitCommitHash\":\"3fea676716990b2ed453b4f079915daafff451f9\",\"platform\":\"Linux/g++\",\"version\":\"3.11.0\"},\"chainID\":\"chain0\",\"gatewayServiceName\":\"\",\"groupID\":\"group0\",\"isAuthCheck\":false,\"isSerialExecute\":true,\"isWasm\":false,\"nodeID\":\"5b07d12d1512a66493c8fd3456d8c505e6ce05f20061613a4c48a1fa3755bbf9cc2d2f1878c4a6733389f03deb0a3fc0c672e2f4910fde9802d6675929cb3dc5\",\"nodeName\":\"5b07d12d1512a66493c8fd3456d8c505e6ce05f20061613a4c48a1fa3755bbf9cc2d2f1878c4a6733389f03deb0a3fc0c672e2f4910fde9802d6675929cb3dc5\",\"rpcServiceName\":\"\",\"smCryptoType\":false}\n","microService":false,"name":"5b07d12d1512a66493c8fd3456d8c505e6ce05f20061613a4c48a1fa3755bbf9cc2d2f1878c4a6733389f03deb0a3fc0c672e2f4910fde9802d6675929cb3dc5","nodeID":"5b07d12d1512a66493c8fd3456d8c505e6ce05f20061613a4c48a1fa3755bbf9cc2d2f1878c4a6733389f03deb0a3fc0c672e2f4910fde9802d6675929cb3dc5","protocol":{"compatibilityVersion":51052544,"maxSupportedVersion":2,"minSupportedVersion":0},"serviceInfo":[{"serviceName":"LedgerServiceObj","type":2},{"serviceName":"SchedulerServiceObj","type":3},{"serviceName":"FrontServiceObj","type":4},{"serviceName":"","type":6},{"serviceName":"","type":7},{"serviceName":"TxPoolServiceObj","type":8}],"supportConfigs":["tx_gas_limit","tx_gas_price","tx_count_limit","consensus_leader_period","auth_check_status","compatibility_version","feature_rpbft","feature_rpbft_epoch_block_num","feature_rpbft_epoch_sealer_num","feature_balance_precompiled","web3_chain_id"],"type":0}]}],"protocolVersion":2}
info|2026-02-06 20:14:24.533100|ioService-0x000072a2a21fa6c0|[parseSubTopicsJson],topicItems size=0,json={"topics":[]}
info|2026-02-06 20:14:24.533176|ioService-0x000072a2a21fa6c0|[AMOPClient]subscribeTopicToAllNodes,topicInfo={
	"topics" : []
}
info|2026-02-06 20:14:24.533189|ioService-0x000072a2a21fa6c0|[AMOP][TOPIC][parseSubTopicsJson],topicItems size=0,json={
	"topics" : []
}
info|2026-02-06 20:14:24.533243|ioService-0x000072a2a21fa6c0|[AMOP][TOPIC][subTopic],client=localAMOP,topicSeq=1,topicItems size=0
info|2026-02-06 20:14:24.533250|ioService-0x000072a2a21fa6c0|[AMOPClient][onRecvSubTopics],topicInfo={"topics":[]}
,endpoint=127.0.0.1:58724,seq=76b6602e57d24642a336026ea0e2b890
info|2026-02-06 20:14:25.938863|fisco-bcos-0x000072a2e5bc16c0|[SCHEDULER][serialExecute][blk-104][BlockTrace]serialExecute execute block
info|2026-02-06 20:14:25.938913|fisco-bcos-0x000072a2e5bc16c0|[SCHEDULER][METRIC][BlockTrace][blk-104]preExeBlock success,blockHeader.timestamp=0,metaTxCount=0,timeCost=0
info|2026-02-06 20:14:26.039802|ioService-0x000072a2af5fe6c0|[DEFAULT][HTTP][SESSION][onRead]receive http request
info|2026-02-06 20:14:26.158324|ioService-0x000072a29de6b6c0|[SCHEDULER][serialExecute][blk-104][BlockTrace]serialExecute execute block
info|2026-02-06 20:14:26.158412|ioService-0x000072a29de6b6c0|[SCHEDULER][METRIC][BlockTrace][blk-104]preExeBlock success,blockHeader.timestamp=0,metaTxCount=0,timeCost=0
info|2026-02-06 20:14:26.507177|ioService-0x000072a2c17ff6c0|[WS][SESSION][asyncRead],message=End of file,endpoint=127.0.0.1:58724,refCount=2
info|2026-02-06 20:14:26.507226|ioService-0x000072a2c17ff6c0|[RPC][WS][SESSION][drop],reason=4294963295,endpoint=127.0.0.1:58724,session=0x72a30ae48010
info|2026-02-06 20:14:26.507243|ioService-0x000072a2c17ff6c0|[RPC][WS][SESSION][drop],reason=4294963295,endpoint=127.0.0.1:58724,cb size=0,session=0x72a30ae48010
info|2026-02-06 20:14:26.507303|ioService-0x000072a2c17ff6c0|[DEFAULT][WS][STREAM]the real action to close the stream,this=0x72a2bea891d0
info|2026-02-06 20:14:26.507435|fisco-bcos-0x000072a2a09f46c0|[RPC][WS][SERVICE][removeSession],endpoint=127.0.0.1:58724
info|2026-02-06 20:14:26.507467|fisco-bcos-0x000072a2a09f46c0|[RPC][WS][SERVICE][onDisconnect],endpoint=127.0.0.1:58724,refCount=2
info|2026-02-06 20:14:26.507475|fisco-bcos-0x000072a2a09f46c0|[RPC][WS][SESSION],[DELOBJ][WSSESSION]=0x72a30ae48010
info|2026-02-06 20:14:26.507480|fisco-bcos-0x000072a2a09f46c0|[DEFAULT][WS][STREAM],[DELOBJ][WsStream]=0x72a2bea891d0
info|2026-02-06 20:14:26.525726|ioService-0x000072a2af5fe6c0|[DEFAULT][HTTP][SESSION][onRead]receive http request
info|2026-02-06 20:14:26.525980|ioService-0x000072a2af5fe6c0|[SCHEDULER][serialExecute][blk-104][BlockTrace]serialExecute execute block
info|2026-02-06 20:14:26.526026|ioService-0x000072a2af5fe6c0|[SCHEDULER][METRIC][BlockTrace][blk-104]preExeBlock success,blockHeader.timestamp=0,metaTxCount=0,timeCost=0
info|2026-02-06 20:14:26.539839|ioService-0x000072a2af5fe6c0|[DEFAULT][HTTP][SESSION][onRead]receive http request
info|2026-02-06 20:14:26.540096|ioService-0x000072a2af5fe6c0|[SCHEDULER][serialExecute][blk-104][BlockTrace]serialExecute execute block
info|2026-02-06 20:14:26.540157|ioService-0x000072a2af5fe6c0|[SCHEDULER][METRIC][BlockTrace][blk-104]preExeBlock success,blockHeader.timestamp=0,metaTxCount=0,timeCost=0
info|2026-02-06 20:14:27.486095|ioService-0x000072a2c47ff6c0|[DEFAULT][HTTP][SERVER][accept],local_endpoint=127.0.0.1:20203,remote_endpoint=127.0.0.1:58734
info|2026-02-06 20:14:27.486620|ioService-0x000072a2bfbff6c0|[DEFAULT][HTTP][SESSION][onRead]websocket upgrade
info|2026-02-06 20:14:27.486745|ioService-0x000072a2bfbff6c0|[DEFAULT][WS][STREAM],[NEWOBJ][WsStream]=0x72a2b4c87d50
info|2026-02-06 20:14:27.486849|ioService-0x000072a2bfbff6c0|[RPC][WS][SESSION],[NEWOBJ][WSSESSION]=0x72a30ae1b010
info|2026-02-06 20:14:27.487035|ioService-0x000072a2bfbff6c0|[RPC][WS][SERVICE][newSession]start the session,endPoint=127.0.0.1:58734
info|2026-02-06 20:14:27.487134|ioService-0x000072a2bfbff6c0|[RPC][WS][SESSION][startAsServer]start websocket handshake,endPoint=127.0.0.1:58734,session=0x72a30ae1b010
info|2026-02-06 20:14:27.487540|ioService-0x000072a2bfbff6c0|[RPC][WS][SERVICE][addSession]add session to mapping,endPoint=127.0.0.1:58734,result=true
info|2026-02-06 20:14:27.487631|ioService-0x000072a2bfbff6c0|[RPC][WS][SERVICE][onConnect],endpoint=127.0.0.1:58734,refCount=3
info|2026-02-06 20:14:27.487751|ioService-0x000072a2bfbff6c0|[RPC][WS][SESSION][onWsAccept]websocket handshake successfully,endPoint=127.0.0.1:58734,session=0x72a30ae1b010
info|2026-02-06 20:14:27.488357|ioService-0x000072a28e1476c0|HandshakeRequest,module=2,minVersion=0,maxVersion=2
info|2026-02-06 20:14:27.488378|ioService-0x000072a28e1476c0|[RPC]negotiatedVersion success,peer=127.0.0.1:58734,minVersion=0,maxVersion=2,supportMinVersion=0,supportMaxVersion=2,negotiatedVersion=2,seq=9df6408cc00a4a119d676c662bf40bc3
info|2026-02-06 20:14:27.488661|ioService-0x000072a28e1476c0|[RPC]onRecvHandshakeRequest success,version=2,endpoint=127.0.0.1:58734,handshakeResponse={"groupBlockNumber":[{"group0":104}],"groupInfoList":[{"chainID":"chain0","genesisConfig":"{\"blockTxCountLimit\":1000,\"consensusLeaderPeriod\":1,\"consensusType\":\"pbft\",\"sealerList\":[{\"nodeID\":\"0d6a7f52cb87ce7fda869e0db309ec9c53723c46f81632c21e4abbf1a9159f14d53f37cc0c4141548da9ec877d6235afd7a501c40d296fc4c5252a8717aa23c2\",\"weight\":1},{\"nodeID\":\"21a47acec36f73d8e925a7d5db44793f998e1a42a6d7ee2e3a5cf4037b853452cb76f6cbab8e5b223a128e8ee15790d1f629858b47070b4eb2e1ddb2b0ada297\",\"weight\":1},{\"nodeID\":\"2346c69c46d42278eb237167eb19eb28432b63783cc0fd7cddc90f89c148e755db8941be9b0c5f37cbc21c409a78c154abc75ce0c80818c6fbb76aea6bcd0a9a\",\"weight\":1},{\"nodeID\":\"5b07d12d1512a66493c8fd3456d8c505e6ce05f20061613a4c48a1fa3755bbf9cc2d2f1878c4a6733389f03deb0a3fc0c672e2f4910fde9802d6675929cb3dc5\",\"weight\":1}],\"txGasLimit\":3000000000}\n","groupID":"group0","iniConfig":"","nodeList":[{"featureKeys":["bugfix_revert","bugfix_statestorage_hash","bugfix_evm_create2_delegatecall_staticcall_codecopy","bugfix_event_log_order","bugfix_call_noaddr_return","bugfix_precompiled_codehash","bugfix_dmc_revert","bugfix_keypage_system_entry_hash","bugfix_internal_create_redundant_storage","bugfix_internal_create_permission_denied","bugfix_sharding_call_in_child_executive","bugfix_empty_abi_reset","bugfix_eip55_addr","bugfix_eoa_as_contract","bugfix_eoa_match_failed","bugfix_evm_exception_gas_used","bugfix_dmc_deploy_gas_used","bugfix_staticcall_noaddr_return","bugfix_support_transfer_receive_fallback","bugfix_set_row_with_dirty_flag","feature_dmc2serial","feature_sharding","feature_rpbft","feature_paillier","feature_balance","feature_balance_precompiled","feature_balance_policy1","feature_paillier_add_raw","feature_evm_cancun"],"iniConfig":"{\"binaryInfo\":{\"buildTime\":\"20240827 04:30:34\",\"gitCommitHash\":\"3fea676716990b2ed453b4f079915daafff451f9\",\"platform\":\"Linux/g++\",\"version\":\"3.11.0\"},\"chainID\":\"chain0\",\"gatewayServiceName\":\"\",\"groupID\":\"group0\",\"isAuthCheck\":false,\"isSerialExecute\":true,\"isWasm\":false,\"nodeID\":\"5b07d12d1512a66493c8fd3456d8c505e6ce05f20061613a4c48a1fa3755bbf9cc2d2f1878c4a6733389f03deb0a3fc0c672e2f4910fde9802d6675929cb3dc5\",\"nodeName\":\"5b07d12d1512a66493c8fd3456d8c505e6ce05f20061613a4c48a1fa3755bbf9cc2d2f1878c4a6733389f03deb0a3fc0c672e2f4910fde9802d6675929cb3dc5\",\"rpcServiceName\":\"\",\"smCryptoType\":false}\n","microService":false,"name":"5b07d12d1512a66493c8fd3456d8c505e6ce05f20061613a4c48a1fa3755bbf9cc2d2f1878c4a6733389f03deb0a3fc0c672e2f4910fde9802d6675929cb3dc5","nodeID":"5b07d12d1512a66493c8fd3456d8c505e6ce05f20061613a4c48a1fa3755bbf9cc2d2f1878c4a6733389f03deb0a3fc0c672e2f4910fde9802d6675929cb3dc5","protocol":{"compatibilityVersion":51052544,"maxSupportedVersion":2,"minSupportedVersion":0},"serviceInfo":[{"serviceName":"LedgerServiceObj","type":2},{"serviceName":"SchedulerServiceObj","type":3},{"serviceName":"FrontServiceObj","type":4},{"serviceName":"","type":6},{"serviceName":"","type":7},{"serviceName":"TxPoolServiceObj","type":8}],"supportConfigs":["tx_gas_limit","tx_gas_price","tx_count_limit","consensus_leader_period","auth_check_status","compatibility_version","feature_rpbft","feature_rpbft_epoch_block_num","feature_rpbft_epoch_sealer_num","feature_balance_precompiled","web3_chain_id"],"type":0}]}],"protocolVersion":2}
info|2026-02-06 20:14:27.489924|fisco-bcos-0x000072a2e3ffe6c0|[parseSubTopicsJson],topicItems size=0,json={"topics":[]}
info|2026-02-06 20:14:27.489972|fisco-bcos-0x000072a2e3ffe6c0|[AMOPClient]subscribeTopicToAllNodes,topicInfo={
	"topics" : []
}
info|2026-02-06 20:14:27.490007|fisco-bcos-0x000072a2e3ffe6c0|[AMOP][TOPIC][parseSubTopicsJson],topicItems size=0,json={
	"topics" : []
}
info|2026-02-06 20:14:27.490040|fisco-bcos-0x000072a2e3ffe6c0|[AMOP][TOPIC][subTopic],client=localAMOP,topicSeq=1,topicItems size=0
info|2026-02-06 20:14:27.490047|fisco-bcos-0x000072a2e3ffe6c0|[AMOPClient][onRecvSubTopics],topicInfo={"topics":[]}
,endpoint=127.0.0.1:58734,seq=49948d8baa17443ebe749f128e1fbf17
info|2026-02-06 20:14:28.999915|ioService-0x000072a29ea6e6c0|[SCHEDULER][serialExecute][blk-104][BlockTrace]serialExecute execute block
info|2026-02-06 20:14:28.999995|ioService-0x000072a29ea6e6c0|[SCHEDULER][METRIC][BlockTrace][blk-104]preExeBlock success,blockHeader.timestamp=0,metaTxCount=0,timeCost=1
info|2026-02-06 20:14:29.040137|ioService-0x000072a2af5fe6c0|[DEFAULT][HTTP][SESSION][onRead]receive http request
info|2026-02-06 20:14:29.257723|pbft-0x000072a2d88fd6c0|[CONSENSUS][PBFT]handlePrePrepareMsg,reqHash=47a41d81...,reqIndex=105,reqV=3,fromIdx=0,wait(ms)=0,committedIndex=104,consNum=105,committedHash=f441a101...,view=3,toView=3,changeCycle=0,expectedCheckPoint=105,Idx=3,unsealedTxs=1,sealUntil=0,waitResealUntil=0,consensusTimeout=3000,nodeId=5b07d12d...,utc=32527786
info|2026-02-06 20:14:29.257975|pbft-0x000072a2d88fd6c0|[TXPOOL]begin asyncVerifyBlock,consNum=105,hash=47a41d81...
info|2026-02-06 20:14:29.258035|verifier-0x000072a2fb3ed6c0|[TXPOOL]batchVerifyProposal,consNum=105,hash=47a41d81...,txsSize=1,lockT=0,verifyT=0,missedTxs=0
info|2026-02-06 20:14:29.258045|verifier-0x000072a2fb3ed6c0|[TXPOOL][METRIC]asyncVerifyBlock finished,consNum=105,hash=47a41d81...,code=0,msg=success,result=true,timecost=0
info|2026-02-06 20:14:29.258078|verifier-0x000072a2fb3ed6c0|[CONSENSUS][PBFT]handlePrePrepareMsg,reqHash=47a41d81...,reqIndex=105,reqV=3,fromIdx=0,wait(ms)=1,committedIndex=104,consNum=105,committedHash=f441a101...,view=3,toView=3,changeCycle=0,expectedCheckPoint=105,Idx=3,unsealedTxs=1,sealUntil=0,waitResealUntil=0,consensusTimeout=3000,nodeId=5b07d12d...,utc=32527786
info|2026-02-06 20:14:29.258113|verifier-0x000072a2fb3ed6c0|[CONSENSUS][PBFT]addPrePrepareCache,reqHash=47a41d81...,reqIndex=105,reqV=3,fromIdx=0,wait(ms)=1,sys=false,committedIndex=104,consNum=105,committedHash=f441a101...,view=3,toView=3,changeCycle=0,expectedCheckPoint=105,Idx=3,unsealedTxs=1,sealUntil=0,waitResealUntil=0,consensusTimeout=3000,nodeId=5b07d12d...
info|2026-02-06 20:14:29.258137|verifier-0x000072a2fb3ed6c0|[CONSENSUS][PBFT]notify the committed proposal index to the sync module success,index=105
info|2026-02-06 20:14:29.258195|verifier-0x000072a2fb3ed6c0|[CONSENSUS][PBFT]addPrepareCache,reqHash=47a41d81...,reqIndex=105,reqV=3,fromIdx=3,wait(ms)=0,committedIndex=104,consNum=105,committedHash=f441a101...,view=3,toView=3,changeCycle=0,expectedCheckPoint=105,Idx=3,unsealedTxs=1,sealUntil=0,waitResealUntil=0,consensusTimeout=3000,nodeId=5b07d12d...,weight=1
info|2026-02-06 20:14:29.258237|verifier-0x000072a2fb3ed6c0|[CONSENSUS][PBFT]broadcast prepare packet,packetSize=228,index=105
info|2026-02-06 20:14:29.258270|validator-0x000072a2ee3d36c0|[CONSENSUS][PBFT]asyncResetTxsFlag,index=105,hash=47a41d81...,flag=true
info|2026-02-06 20:14:29.258296|validator-0x000072a2ee3d36c0|[TXPOOL]batchMarkTxs,txsSize=1,batchId=105,hash=47a41d81...,sealFlag=true,notFound=0,reSealed=0,succ=1,time=0,markT=0
info|2026-02-06 20:14:29.258309|verifier-0x000072a2fb3ed6c0|[CONSENSUS][PBFT]handlePrePrepareMsg and broadcast prepare packet,reqHash=47a41d81...,reqIndex=105,reqV=3,fromIdx=0,wait(ms)=1,committedIndex=104,consNum=105,committedHash=f441a101...,view=3,toView=3,changeCycle=0,expectedCheckPoint=105,Idx=3,unsealedTxs=0,sealUntil=0,waitResealUntil=0,consensusTimeout=3000,nodeId=5b07d12d...
info|2026-02-06 20:14:29.258319|validator-0x000072a2ee3d36c0|[CONSENSUS][PBFT]asyncMarkTxs success,index=105,hash=47a41d81...,flag=true,markT=1,emptyTxBatchHash=false
info|2026-02-06 20:14:29.259540|pbft-0x000072a2d88fd6c0|[CONSENSUS][PBFT]addPrepareCache,reqHash=47a41d81...,reqIndex=105,reqV=3,fromIdx=2,wait(ms)=0,committedIndex=104,consNum=105,committedHash=f441a101...,view=3,toView=3,changeCycle=0,expectedCheckPoint=105,Idx=3,unsealedTxs=0,sealUntil=0,waitResealUntil=0,consensusTimeout=3000,nodeId=5b07d12d...,weight=2
info|2026-02-06 20:14:29.259632|txsPreStore-0x000072a2fa3eb6c0|[TXPOOL]storeVerifiedBlock fetch block number from LedgerConfig
info|2026-02-06 20:14:29.259743|txsPreStore-0x000072a2fa3eb6c0|[TOOL]LedgerConfigFetcher: fetchBlockNumber success,blockNumber=104
info|2026-02-06 20:14:29.259835|txsPreStore-0x000072a2fa3eb6c0|[TXPOOL]storeVerifiedBlock,consNum=105,hash=47a41d81...,txsSize=1
info|2026-02-06 20:14:29.260000|txsPreStore-0x000072a2fa3eb6c0|[LEDGER]asyncPreStoreBlockTxs: needStoreUnsavedTxs,txsSize=1,unstoredTxs=1,number=105
info|2026-02-06 20:14:29.260276|txsPreStore-0x000072a2fa3eb6c0|[STORAGE-RocksDB]setRows finished,put=1,dataSize=745,time(ms)=0
info|2026-02-06 20:14:29.260301|txsPreStore-0x000072a2fa3eb6c0|[LEDGER]asyncPreStoreBlockTxs: store uncommitted txs,blockNumber=105,blockTxsSize=1,unStoredTxs=1,msg=success,code=0,timeCost=0
info|2026-02-06 20:14:29.260397|txsPreStore-0x000072a2fa3eb6c0|[TXPOOL]storeVerifiedBlock success,consNum=105,hash=47a41d81...,timecost=1
info|2026-02-06 20:14:29.261287|pbft-0x000072a2d88fd6c0|[CONSENSUS][PBFT]addPrepareCache,reqHash=47a41d81...,reqIndex=105,reqV=3,fromIdx=0,wait(ms)=1,committedIndex=104,consNum=105,committedHash=f441a101...,view=3,toView=3,changeCycle=0,expectedCheckPoint=105,Idx=3,unsealedTxs=0,sealUntil=0,waitResealUntil=0,consensusTimeout=3000,nodeId=5b07d12d...,weight=3
info|2026-02-06 20:14:29.261340|pbft-0x000072a2d88fd6c0|[CONSENSUS][PBFT]setSignatureList,signatureSize=3,propHash=47a41d81...,propIndex=105
info|2026-02-06 20:14:29.261372|pbft-0x000072a2d88fd6c0|[CONSENSUS][PBFT]intoPrecommit,reqHash=47a41d81...,reqIndex=105,reqV=3,fromIdx=3,wait(ms)=4,committedIndex=104,consNum=105,committedHash=f441a101...,view=3,toView=3,changeCycle=0,expectedCheckPoint=105,Idx=3,unsealedTxs=0,sealUntil=0,waitResealUntil=0,consensusTimeout=3000,nodeId=5b07d12d...
info|2026-02-06 20:14:29.261515|pbft-0x000072a2d88fd6c0|[CONSENSUS][PBFT]addCommitCache,reqHash=47a41d81...,reqIndex=105,reqV=3,fromIdx=3,wait(ms)=0,committedIndex=104,consNum=105,committedHash=f441a101...,view=3,toView=3,changeCycle=0,expectedCheckPoint=105,Idx=3,unsealedTxs=0,sealUntil=0,waitResealUntil=0,consensusTimeout=3000,nodeId=5b07d12d...,weight=1
info|2026-02-06 20:14:29.261602|pbft-0x000072a2d88fd6c0|[CONSENSUS][PBFT]checkAndPreCommit: broadcast commitMsg,Idx=3,hash=47a41d81...,index=105
info|2026-02-06 20:14:29.263214|pbft-0x000072a2d88fd6c0|[CONSENSUS][PBFT]addPrepareCache,reqHash=47a41d81...,reqIndex=105,reqV=3,fromIdx=1,wait(ms)=1,committedIndex=104,consNum=105,committedHash=f441a101...,view=3,toView=3,changeCycle=0,expectedCheckPoint=105,Idx=3,unsealedTxs=0,sealUntil=0,waitResealUntil=0,consensusTimeout=3000,nodeId=5b07d12d...,weight=4
info|2026-02-06 20:14:29.263942|pbft-0x000072a2d88fd6c0|[CONSENSUS][PBFT]addCommitCache,reqHash=47a41d81...,reqIndex=105,reqV=3,fromIdx=0,wait(ms)=0,committedIndex=104,consNum=105,committedHash=f441a101...,view=3,toView=3,changeCycle=0,expectedCheckPoint=105,Idx=3,unsealedTxs=0,sealUntil=0,waitResealUntil=0,consensusTimeout=3000,nodeId=5b07d12d...,weight=2
info|2026-02-06 20:14:29.266793|pbft-0x000072a2d88fd6c0|[CONSENSUS][PBFT]addCommitCache,reqHash=47a41d81...,reqIndex=105,reqV=3,fromIdx=2,wait(ms)=0,committedIndex=104,consNum=105,committedHash=f441a101...,view=3,toView=3,changeCycle=0,expectedCheckPoint=105,Idx=3,unsealedTxs=0,sealUntil=0,waitResealUntil=0,consensusTimeout=3000,nodeId=5b07d12d...,weight=3
info|2026-02-06 20:14:29.266884|pbft-0x000072a2d88fd6c0|[CONSENSUS][PBFT]checkAndCommit,propHash=47a41d81...,propIndex=105,committedIndex=104,consNum=105,committedHash=f441a101...,view=3,toView=3,changeCycle=0,expectedCheckPoint=105,Idx=3,unsealedTxs=0,sealUntil=0,waitResealUntil=0,consensusTimeout=3000,nodeId=5b07d12d...
info|2026-02-06 20:14:29.266907|pbft-0x000072a2d88fd6c0|[CONSENSUS][PBFT]######## CommitProposal,propHash=47a41d81...,propIndex=105,sys=false,committedIndex=104,consNum=105,committedHash=f441a101...,view=3,toView=3,changeCycle=0,expectedCheckPoint=105,Idx=3,unsealedTxs=0,sealUntil=0,waitResealUntil=0,consensusTimeout=3000,nodeId=5b07d12d...
info|2026-02-06 20:14:29.266926|pbft-0x000072a2d88fd6c0|[CONSENSUS][PBFT]notify to seal next proposal,nextProposalIndex=106
info|2026-02-06 20:14:29.266994|pbft-0x000072a2d88fd6c0|[CONSENSUS][PBFT]notify to seal next proposal,nextProposalIndex=106
info|2026-02-06 20:14:29.267040|pbft-0x000072a2d88fd6c0|[CONSENSUS][PBFT]applyStateMachine,index=105,hash=47a41d81...,committedIndex=104,consNum=105,committedHash=f441a101...,view=3,toView=3,changeCycle=0,expectedCheckPoint=105,Idx=3,unsealedTxs=0,sealUntil=0,waitResealUntil=0,consensusTimeout=3000,nodeId=5b07d12d...,unAppliedProposals=0
info|2026-02-06 20:14:29.267230|preExeScheduler-0x000072a29d2696c0|[SCHEDULER][METRIC][BlockTrace][blk-105]preExeBlock success,blockHeader.timestamp=1770380069257,metaTxCount=1,timeCost=0
info|2026-02-06 20:14:29.267433|exeScheduler-0x000072a29ca686c0|[SCHEDULER][METRIC][blk-105]ExecuteBlock request,gasLimit=3000000000,gasPrice=0x0,verify=false,signatureSize=0,txCount=0,metaTxCount=1,version=3.11.0,waitT=0
info|2026-02-06 20:14:29.267609|exeScheduler-0x000072a29ca686c0|[SCHEDULER][blk-105][BlockTrace]ExecuteBlock start,time(ms)=0
info|2026-02-06 20:14:29.267656|exeScheduler-0x000072a29ca686c0|[SCHEDULER][serialExecute][blk-105][BlockTrace]serialExecute execute block
info|2026-02-06 20:14:29.267666|exeScheduler-0x000072a29ca686c0|[SCHEDULER][serialExecute][blk-105][BlockTrace]serialExecute batch next block
info|2026-02-06 20:14:29.267674|exeScheduler-0x000072a29ca686c0|[SCHEDULER][blk-105][BlockTrace]NextBlock request,executorNum=1
info|2026-02-06 20:14:29.269421|exec-0x000072a2f7be66c0|[SCHEDULER][blk-105][BlockTrace]NextBlock success,executorNum=1,timeCost=2
info|2026-02-06 20:14:29.269464|exec-0x000072a2f7be66c0|[SCHEDULER][serialExecute][blk-105][BlockTrace]serialExecute block begin
info|2026-02-06 20:14:29.272591|exec-0x000072a2f83e76c0|[STORAGE-KeyPage]hash,size=24,blockVersion=51052544,readLength=8262,writeLength=640,pageCount=1,entrycount=0,entriesHash=0000000000000000000000000000000000000000000000000000000000000000,pagesHash=865444d66ac896012febc9f08ad51bc47c227fd22ad766db39a075efbbc0b69d,totalHash=865444d66ac896012febc9f08ad51bc47c227fd22ad766db39a075efbbc0b69d
info|2026-02-06 20:14:29.272675|exec-0x000072a2f83e76c0|[EXECUTOR:1770370051][blk-105]GetTableHashes success,hash=865444d66ac896012febc9f08ad51bc47c227fd22ad766db39a075efbbc0b69d,time(ms)=0
info|2026-02-06 20:14:29.272851|exec-0x000072a2f83e76c0|[SCHEDULER][blk-105][BlockTrace]ExecuteBlock success,hash=4d0aeab1...,stateRoot=865444d66ac896012febc9f08ad51bc47c227fd22ad766db39a075efbbc0b69d,receiptRoot=3b025c5a94efaeacb17199dbba8407bedaf8fd4c0a99e5a96831a7a5f5e7bc58,txsRoot=436462db...,gasUsed=82149,signatureSize=0,timeCost=6,blockVersion=51052544
info|2026-02-06 20:14:29.273158|exec-0x000072a2f83e76c0|[CONSENSUS][Core][METRIC]asyncExecuteBlock success,sysBlock=false,number=105,result=4d0aeab1...,txsSize=1,txsRoot=436462db...,receiptsRoot=3b025c5a...,stateRoot=865444d6...,timeCost=6,execPerTx=6
info|2026-02-06 20:14:29.273709|exec-0x000072a2f83e76c0|[CONSENSUS][PBFT]applyStateMachine finished,index=105,beforeExec=47a41d81...,afterExec=4d0aeab1...,committedIndex=104,consNum=105,committedHash=f441a101...,view=3,toView=3,changeCycle=0,expectedCheckPoint=105,Idx=3,unsealedTxs=0,sealUntil=0,waitResealUntil=0,consensusTimeout=3000,nodeId=5b07d12d...,timecost=6
info|2026-02-06 20:14:29.273796|pbftWorker-0x000072a2e9bca6c0|[CONSENSUS][PBFT][STORAGE]asyncCommitProposal: write the committed proposal into db,index=105
info|2026-02-06 20:14:29.274017|pbftWorker-0x000072a2e9bca6c0|[CONSENSUS][PBFT][STORAGE]asyncPutProposal: commit success,dbName=pbftCommitDB,key=max_committed_proposal,number=105,timecost=1,dataSize=3
info|2026-02-06 20:14:29.274390|pbftWorker-0x000072a2e9bca6c0|[CONSENSUS][PBFT][STORAGE]asyncPutProposal: commit success,dbName=pbftCommitDB,key=105,number=105,timecost=0,dataSize=675
info|2026-02-06 20:14:29.275758|pbftWorker-0x000072a2e9bca6c0|[CONSENSUS][PBFT]addCheckPointMsg,reqHash=4d0aeab1...,reqIndex=105,reqV=3,fromIdx=3,wait(ms)=0,Idx=3,weight=1,minRequiredWeight=3
info|2026-02-06 20:14:29.278227|pbftWorker-0x000072a2e9bca6c0|[CONSENSUS][PBFT]setCheckPointProposal,propHash=4d0aeab1...,propIndex=105,committedIndex=104,consNum=105,committedHash=f441a101...,view=3,toView=3,changeCycle=0,expectedCheckPoint=105,Idx=3,unsealedTxs=0,sealUntil=0,waitResealUntil=0,consensusTimeout=3000,nodeId=5b07d12d...
info|2026-02-06 20:14:29.278481|pbftWorker-0x000072a2e9bca6c0|[CONSENSUS][PBFT]PBFTConfig: setExpectedCheckPoint,committedIndex=104,consNum=105,committedHash=f441a101...,view=3,toView=3,changeCycle=0,expectedCheckPoint=106,Idx=3,unsealedTxs=0,sealUntil=0,waitResealUntil=0,consensusTimeout=3000,nodeId=5b07d12d...,expectedCheckPoint=106
info|2026-02-06 20:14:29.278509|pbftWorker-0x000072a2e9bca6c0|[CONSENSUS][PBFT]notify to seal next proposal,nextProposalIndex=106
info|2026-02-06 20:14:29.278517|pbftWorker-0x000072a2e9bca6c0|[CONSENSUS][PBFT]onProposalApplySuccess,index=105,hash=4d0aeab1...,lockT=0,timecost=3
info|2026-02-06 20:14:29.278808|pbft-0x000072a2d88fd6c0|[CONSENSUS][PBFT]handleCheckPointMsg: try to add the checkpoint message into the cache,reqHash=4d0aeab1...,reqIndex=105,reqV=3,fromIdx=2,wait(ms)=2,committedIndex=104,consNum=105,committedHash=f441a101...,view=3,toView=3,changeCycle=0,expectedCheckPoint=106,Idx=3,unsealedTxs=0,sealUntil=0,waitResealUntil=0,consensusTimeout=3000,nodeId=5b07d12d...
info|2026-02-06 20:14:29.278907|pbft-0x000072a2d88fd6c0|[CONSENSUS][PBFT]addCheckPointMsg,reqHash=4d0aeab1...,reqIndex=105,reqV=3,fromIdx=2,wait(ms)=2,Idx=3,weight=2,minRequiredWeight=3
info|2026-02-06 20:14:29.278926|pbft-0x000072a2d88fd6c0|[CONSENSUS][PBFT]notify to seal next proposal,nextProposalIndex=106
info|2026-02-06 20:14:29.279115|pbft-0x000072a2d88fd6c0|[CONSENSUS][PBFT]handleCheckPointMsg: try to add the checkpoint message into the cache,reqHash=4d0aeab1...,reqIndex=105,reqV=3,fromIdx=0,wait(ms)=3,committedIndex=104,consNum=105,committedHash=f441a101...,view=3,toView=3,changeCycle=0,expectedCheckPoint=106,Idx=3,unsealedTxs=0,sealUntil=0,waitResealUntil=0,consensusTimeout=3000,nodeId=5b07d12d...
info|2026-02-06 20:14:29.279168|pbft-0x000072a2d88fd6c0|[CONSENSUS][PBFT]addCheckPointMsg,reqHash=4d0aeab1...,reqIndex=105,reqV=3,fromIdx=0,wait(ms)=3,Idx=3,weight=3,minRequiredWeight=3
info|2026-02-06 20:14:29.279182|pbft-0x000072a2d88fd6c0|[CONSENSUS][PBFT]notify to seal next proposal,nextProposalIndex=106
info|2026-02-06 20:14:29.279196|pbft-0x000072a2d88fd6c0|[CONSENSUS][PBFT]setSignatureList,signatureSize=3,propHash=4d0aeab1...,propIndex=105
info|2026-02-06 20:14:29.279205|pbft-0x000072a2d88fd6c0|[CONSENSUS][PBFT]checkAndCommitStableCheckPoint,index=105,hash=4d0aeab1...,committedIndex=104,consNum=105,committedHash=f441a101...,view=3,toView=3,changeCycle=0,expectedCheckPoint=106,Idx=3,unsealedTxs=0,sealUntil=0,waitResealUntil=0,consensusTimeout=3000,nodeId=5b07d12d...
info|2026-02-06 20:14:29.279221|pbft-0x000072a2d88fd6c0|[CONSENSUS][PBFT]updateStableCheckPointQueue: insert new checkpoint proposal,index=105,hash=4d0aeab1...,committedIndex=104,consNum=105,committedHash=f441a101...,view=3,toView=3,changeCycle=0,expectedCheckPoint=106,Idx=3,unsealedTxs=0,sealUntil=0,waitResealUntil=0,consensusTimeout=3000,nodeId=5b07d12d...
info|2026-02-06 20:14:29.279301|pbft-0x000072a2d88fd6c0|[CONSENSUS][PBFT]updateStableCheckPointQueue: commit stable checkpoint,index=105,committedIndex=104
info|2026-02-06 20:14:29.279367|pbft-0x000072a2d88fd6c0|[CONSENSUS][PBFT]asyncCommitStableCheckPoint: set signatureList,index=105,hash=4d0aeab1...,proofSize=3,blockProofSize=3
info|2026-02-06 20:14:29.279523|blockSubmit-0x000072a2ecbd06c0|[SCHEDULER][blk-105][BlockTrace]CommitBlock start
info|2026-02-06 20:14:29.279598|pbft-0x000072a2d88fd6c0|[CONSENSUS][PBFT]handleCheckPointMsg: try to add the checkpoint message into the cache,reqHash=4d0aeab1...,reqIndex=105,reqV=3,fromIdx=1,wait(ms)=3,committedIndex=104,consNum=105,committedHash=f441a101...,view=3,toView=3,changeCycle=0,expectedCheckPoint=106,Idx=3,unsealedTxs=0,sealUntil=0,waitResealUntil=0,consensusTimeout=3000,nodeId=5b07d12d...
info|2026-02-06 20:14:29.279621|pbft-0x000072a2d88fd6c0|[CONSENSUS][PBFT]addCheckPointMsg,reqHash=4d0aeab1...,reqIndex=105,reqV=3,fromIdx=1,wait(ms)=3,Idx=3,weight=4,minRequiredWeight=3
info|2026-02-06 20:14:29.279632|pbft-0x000072a2d88fd6c0|[CONSENSUS][PBFT]notify to seal next proposal,nextProposalIndex=106
info|2026-02-06 20:14:29.280131|blockSubmit-0x000072a2ecbd06c0|[STORAGE-RocksDB]asyncPrepare,number=105
info|2026-02-06 20:14:29.287042|blockSubmit-0x000072a2ecbd06c0|[STORAGE-RocksDB]asyncPrepare finished,blockNumber=105,put=7,delete=0,startTS=0,encode(ms)=0,time(ms)=0
info|2026-02-06 20:14:29.287473|blockSubmit-0x000072a2ecbd06c0|[LEDGER]storeTransactionsAndReceipts,blockNumber=105
info|2026-02-06 20:14:29.287544|exec-0x000072a2f5be26c0|[STORAGE-RocksDB]asyncPrepare,number=105
info|2026-02-06 20:14:29.287729|exec-0x000072a2f5be26c0|[STORAGE-KeyPage]parallelTraverse,size=1804
info|2026-02-06 20:14:29.287787|ledgerWrite-0x000072a3003f76c0|[STORAGE-RocksDB]setRows finished,put=1,dataSize=542,time(ms)=0
info|2026-02-06 20:14:29.287977|exec-0x000072a2f5be26c0|[STORAGE-RocksDB]asyncPrepare finished,blockNumber=105,put=2,delete=0,startTS=0,encode(ms)=0,time(ms)=0
info|2026-02-06 20:14:29.288214|blockSubmit-0x000072a2ecbd06c0|[LEDGER]storeTransactionsAndReceipts finished,blockNumber=105,blockTxsSize=1,unStoredTxs=0,timeCost=1
info|2026-02-06 20:14:29.288262|exec-0x000072a2f5be26c0|[EXECUTOR:1770370051][blk-105]Prepare success
info|2026-02-06 20:14:29.288414|blockSubmit-0x000072a2ecbd06c0|[LEDGER][METRIC]asyncPrewriteBlock,number=105,totalTxs=129,failedTxs=44,incTxs=1,incFailedTxs=0
info|2026-02-06 20:14:29.288961|exec-0x000072a2f5be26c0|[STORAGE-RocksDB]asyncCommit finished,blockNumber=105,startTS=0,time(ms)=0,callback time(ms)=0,count=9
info|2026-02-06 20:14:29.289032|exec-0x000072a2f6be46c0|[TOOL]fetchCompatibilityVersion
info|2026-02-06 20:14:29.289196|exec-0x000072a2f6be46c0|[TOOL]fetchCompatibilityVersion success,version=3.11.0,versionNumber=51052544,minSupportedVersion=3.0.0-rc4,maxSupportedVersion=3.11.0
info|2026-02-06 20:14:29.289371|exec-0x000072a2f6be46c0|[TOOL]fetchAuthCheckStatus success,value=0
info|2026-02-06 20:14:29.289426|exec-0x000072a2f6be46c0|[EXECUTOR:1770370051]merge keyPage to cachedStorage,number=105
info|2026-02-06 20:14:29.289492|exec-0x000072a2f6be46c0|[STORAGE-KeyPage]parallelTraverse,size=1804
info|2026-02-06 20:14:29.289500|exec-0x000072a2f6be46c0|[STORAGE]Successful merged records,count=2
info|2026-02-06 20:14:29.290568|exec-0x000072a2f6be46c0|[SCHEDULER][blk-105][BlockTrace]CommitBlock success,gas limit=3000000000,timeCost=11
info|2026-02-06 20:14:29.290811|exec-0x000072a2f6be46c0|[SCHEDULER][BlockTrace]Notify block result success,blockNumber=105
info|2026-02-06 20:14:29.290853|exec-0x000072a2f6be46c0|[CONSENSUS][PBFT][STORAGE][METRIC]commitStableCheckPoint success,index=105,hash=4d0aeab1...,txs=1,timeCost=11,commitPerTx=11
info|2026-02-06 20:14:29.290927|submitter-0x000072a2ff3f56c0|[TXPOOL][METRIC]StatTPS,tps=27,totalTime=36
info|2026-02-06 20:14:29.291069|exec-0x000072a2f6be46c0|[SCHEDULER][blk-105]notify block result success,hash=4d0aeab1...,txsSize=1
info|2026-02-06 20:14:29.291188|blockSubmit-0x000072a2ecbd06c0|[CONSENSUS][PBFT][METRIC]resetConfig,committedIndex=105,propHash=4d0aeab1...,blockCountLimit=1000,leaderPeriod=1,consensusNodesSize=4
info|2026-02-06 20:14:29.291244|exec-0x000072a2f6be46c0|[STORAGE-RocksDB]asyncCommit finished,blockNumber=105,startTS=0,time(ms)=0,callback time(ms)=2,count=0
info|2026-02-06 20:14:29.291431|blockSubmit-0x000072a2ecbd06c0|[CONSENSUS][PBFT][METRIC]^^^^^^^^Report,sealer=0,txs=1,committedIndex=105,consNum=106,committedHash=4d0aeab1...,view=3,toView=3,changeCycle=0,expectedCheckPoint=106,Idx=3,unsealedTxs=0,sealUntil=0,waitResealUntil=0,consensusTimeout=3000,nodeId=5b07d12d...
info|2026-02-06 20:14:29.291492|blockSubmit-0x000072a2ecbd06c0|[CONSENSUS][SEALER]asyncNoteLatestBlockNumber,number=105
info|2026-02-06 20:14:29.291502|blockSubmit-0x000072a2ecbd06c0|[CONSENSUS][SEALER]asyncNoteLatestBlockHash,_hash=4d0aeab1...
info|2026-02-06 20:14:29.291521|blockSubmit-0x000072a2ecbd06c0|[BLOCK SYNC]#### BlockSyncConfig resetConfig,number=105,consNodeSize=4,observerNodeSize=0,type=CONSENSUS_NODE
info|2026-02-06 20:14:29.291555|submitter-0x000072a2ff3f56c0|[TXPOOL][METRIC]batchRemove txs success,expectedSize=1,succCount=1,batchId=105,timecost=1,lockT=0,removeT=1,updateLedgerNonceT=0,updateTxPoolNonceT=0
info|2026-02-06 20:14:29.291812|blockSubmit-0x000072a2ecbd06c0|[CONSENSUS][PBFT]notify to seal next proposal,nextProposalIndex=106
info|2026-02-06 20:14:29.291900|blockSubmit-0x000072a2ecbd06c0|[CONSENSUS][PBFT]removeConsensusedCache finalizeConsensus,view=3,number=105,eraseSize=1,cacheSize=0
info|2026-02-06 20:14:29.291971|blockSubmit-0x000072a2ecbd06c0|[CONSENSUS][PBFT][STORAGE]asyncRemoveStabledCheckPoint,index=100
info|2026-02-06 20:14:29.292043|blockSubmit-0x000072a2ecbd06c0|[CONSENSUS][PBFT][STORAGE]asyncRemove success,dbName=pbftCommitDB,key=100
info|2026-02-06 20:14:29.763171|ioService-0x000072a2bfbff6c0|[WS][SESSION][asyncRead],message=End of file,endpoint=127.0.0.1:58734,refCount=2
info|2026-02-06 20:14:29.763226|ioService-0x000072a2bfbff6c0|[RPC][WS][SESSION][drop],reason=4294963295,endpoint=127.0.0.1:58734,session=0x72a30ae1b010
info|2026-02-06 20:14:29.763249|ioService-0x000072a2bfbff6c0|[RPC][WS][SESSION][drop],reason=4294963295,endpoint=127.0.0.1:58734,cb size=0,session=0x72a30ae1b010
info|2026-02-06 20:14:29.763303|ioService-0x000072a2bfbff6c0|[DEFAULT][WS][STREAM]the real action to close the stream,this=0x72a2b4c87d50
info|2026-02-06 20:14:29.763432|ioService-0x000072a28e1476c0|[RPC][WS][SERVICE][removeSession],endpoint=127.0.0.1:58734
info|2026-02-06 20:14:29.763469|ioService-0x000072a28e1476c0|[RPC][WS][SERVICE][onDisconnect],endpoint=127.0.0.1:58734,refCount=2
info|2026-02-06 20:14:29.763477|ioService-0x000072a28e1476c0|[RPC][WS][SESSION],[DELOBJ][WSSESSION]=0x72a30ae1b010
info|2026-02-06 20:14:29.763482|ioService-0x000072a28e1476c0|[DEFAULT][WS][STREAM],[DELOBJ][WsStream]=0x72a2b4c87d50
info|2026-02-06 20:14:30.636044|ioService-0x000072a2c47ff6c0|[DEFAULT][HTTP][SERVER][accept],local_endpoint=127.0.0.1:20203,remote_endpoint=127.0.0.1:58748
info|2026-02-06 20:14:30.636786|ioService-0x000072a2be9fd6c0|[DEFAULT][HTTP][SESSION][onRead]websocket upgrade
info|2026-02-06 20:14:30.636820|ioService-0x000072a2be9fd6c0|[DEFAULT][WS][STREAM],[NEWOBJ][WsStream]=0x72a2bb05fe10
info|2026-02-06 20:14:30.636831|ioService-0x000072a2be9fd6c0|[RPC][WS][SESSION],[NEWOBJ][WSSESSION]=0x72a30ae1b210
info|2026-02-06 20:14:30.636861|ioService-0x000072a2be9fd6c0|[RPC][WS][SERVICE][newSession]start the session,endPoint=127.0.0.1:58748
info|2026-02-06 20:14:30.636867|ioService-0x000072a2be9fd6c0|[RPC][WS][SESSION][startAsServer]start websocket handshake,endPoint=127.0.0.1:58748,session=0x72a30ae1b210
info|2026-02-06 20:14:30.636984|ioService-0x000072a2be9fd6c0|[RPC][WS][SERVICE][addSession]add session to mapping,endPoint=127.0.0.1:58748,result=true
info|2026-02-06 20:14:30.636990|ioService-0x000072a2be9fd6c0|[RPC][WS][SERVICE][onConnect],endpoint=127.0.0.1:58748,refCount=3
info|2026-02-06 20:14:30.637004|ioService-0x000072a2be9fd6c0|[RPC][WS][SESSION][onWsAccept]websocket handshake successfully,endPoint=127.0.0.1:58748,session=0x72a30ae1b210
info|2026-02-06 20:14:30.638064|ioService-0x000072a2a21fa6c0|HandshakeRequest,module=2,minVersion=0,maxVersion=2
info|2026-02-06 20:14:30.638089|ioService-0x000072a2a21fa6c0|[RPC]negotiatedVersion success,peer=127.0.0.1:58748,minVersion=0,maxVersion=2,supportMinVersion=0,supportMaxVersion=2,negotiatedVersion=2,seq=53f662ac57b245a597d42ee06213286e
info|2026-02-06 20:14:30.638352|ioService-0x000072a2a21fa6c0|[RPC]onRecvHandshakeRequest success,version=2,endpoint=127.0.0.1:58748,handshakeResponse={"groupBlockNumber":[{"group0":105}],"groupInfoList":[{"chainID":"chain0","genesisConfig":"{\"blockTxCountLimit\":1000,\"consensusLeaderPeriod\":1,\"consensusType\":\"pbft\",\"sealerList\":[{\"nodeID\":\"0d6a7f52cb87ce7fda869e0db309ec9c53723c46f81632c21e4abbf1a9159f14d53f37cc0c4141548da9ec877d6235afd7a501c40d296fc4c5252a8717aa23c2\",\"weight\":1},{\"nodeID\":\"21a47acec36f73d8e925a7d5db44793f998e1a42a6d7ee2e3a5cf4037b853452cb76f6cbab8e5b223a128e8ee15790d1f629858b47070b4eb2e1ddb2b0ada297\",\"weight\":1},{\"nodeID\":\"2346c69c46d42278eb237167eb19eb28432b63783cc0fd7cddc90f89c148e755db8941be9b0c5f37cbc21c409a78c154abc75ce0c80818c6fbb76aea6bcd0a9a\",\"weight\":1},{\"nodeID\":\"5b07d12d1512a66493c8fd3456d8c505e6ce05f20061613a4c48a1fa3755bbf9cc2d2f1878c4a6733389f03deb0a3fc0c672e2f4910fde9802d6675929cb3dc5\",\"weight\":1}],\"txGasLimit\":3000000000}\n","groupID":"group0","iniConfig":"","nodeList":[{"featureKeys":["bugfix_revert","bugfix_statestorage_hash","bugfix_evm_create2_delegatecall_staticcall_codecopy","bugfix_event_log_order","bugfix_call_noaddr_return","bugfix_precompiled_codehash","bugfix_dmc_revert","bugfix_keypage_system_entry_hash","bugfix_internal_create_redundant_storage","bugfix_internal_create_permission_denied","bugfix_sharding_call_in_child_executive","bugfix_empty_abi_reset","bugfix_eip55_addr","bugfix_eoa_as_contract","bugfix_eoa_match_failed","bugfix_evm_exception_gas_used","bugfix_dmc_deploy_gas_used","bugfix_staticcall_noaddr_return","bugfix_support_transfer_receive_fallback","bugfix_set_row_with_dirty_flag","feature_dmc2serial","feature_sharding","feature_rpbft","feature_paillier","feature_balance","feature_balance_precompiled","feature_balance_policy1","feature_paillier_add_raw","feature_evm_cancun"],"iniConfig":"{\"binaryInfo\":{\"buildTime\":\"20240827 04:30:34\",\"gitCommitHash\":\"3fea676716990b2ed453b4f079915daafff451f9\",\"platform\":\"Linux/g++\",\"version\":\"3.11.0\"},\"chainID\":\"chain0\",\"gatewayServiceName\":\"\",\"groupID\":\"group0\",\"isAuthCheck\":false,\"isSerialExecute\":true,\"isWasm\":false,\"nodeID\":\"5b07d12d1512a66493c8fd3456d8c505e6ce05f20061613a4c48a1fa3755bbf9cc2d2f1878c4a6733389f03deb0a3fc0c672e2f4910fde9802d6675929cb3dc5\",\"nodeName\":\"5b07d12d1512a66493c8fd3456d8c505e6ce05f20061613a4c48a1fa3755bbf9cc2d2f1878c4a6733389f03deb0a3fc0c672e2f4910fde9802d6675929cb3dc5\",\"rpcServiceName\":\"\",\"smCryptoType\":false}\n","microService":false,"name":"5b07d12d1512a66493c8fd3456d8c505e6ce05f20061613a4c48a1fa3755bbf9cc2d2f1878c4a6733389f03deb0a3fc0c672e2f4910fde9802d6675929cb3dc5","nodeID":"5b07d12d1512a66493c8fd3456d8c505e6ce05f20061613a4c48a1fa3755bbf9cc2d2f1878c4a6733389f03deb0a3fc0c672e2f4910fde9802d6675929cb3dc5","protocol":{"compatibilityVersion":51052544,"maxSupportedVersion":2,"minSupportedVersion":0},"serviceInfo":[{"serviceName":"LedgerServiceObj","type":2},{"serviceName":"SchedulerServiceObj","type":3},{"serviceName":"FrontServiceObj","type":4},{"serviceName":"","type":6},{"serviceName":"","type":7},{"serviceName":"TxPoolServiceObj","type":8}],"supportConfigs":["tx_gas_limit","tx_gas_price","tx_count_limit","consensus_leader_period","auth_check_status","compatibility_version","feature_rpbft","feature_rpbft_epoch_block_num","feature_rpbft_epoch_sealer_num","feature_balance_precompiled","web3_chain_id"],"type":0}]}],"protocolVersion":2}
info|2026-02-06 20:14:30.640441|ioService-0x000072a2a21fa6c0|[parseSubTopicsJson],topicItems size=0,json={"topics":[]}
info|2026-02-06 20:14:30.640486|ioService-0x000072a2a21fa6c0|[AMOPClient]subscribeTopicToAllNodes,topicInfo={
	"topics" : []
}
info|2026-02-06 20:14:30.640498|ioService-0x000072a2a21fa6c0|[AMOP][TOPIC][parseSubTopicsJson],topicItems size=0,json={
	"topics" : []
}
info|2026-02-06 20:14:30.640503|ioService-0x000072a2a21fa6c0|[AMOP][TOPIC][subTopic],client=localAMOP,topicSeq=1,topicItems size=0
info|2026-02-06 20:14:30.640506|ioService-0x000072a2a21fa6c0|[AMOPClient][onRecvSubTopics],topicInfo={"topics":[]}
,endpoint=127.0.0.1:58748,seq=dd51b2859efc4e7caf6e9b783c148ee0
info|2026-02-06 20:14:30.834061|objMonitor-0x000072a2a55ff6c0|[startMonitor][AliveObjectMonitor],AliveObjectAllocStat=[ type: bcos::gateway::Socket ,created: 10 ,destroyed: 6 ,alive: 4 ] 
info|2026-02-06 20:14:31.820038|timerFactory-0x000072a2c63ff6c0|[RPC][WS][SERVICE]connected nodes,count=1
info|2026-02-06 20:14:31.844081|timerFactory-0x000072a2b69ff6c0|[RPC][WS][SERVICE]connected nodes,count=0
info|2026-02-06 20:14:31.893829|ioService-0x000072a2d73fe6c0|[P2PService][Service][METRIC]heartBeat,connected count=3
info|2026-02-06 20:14:32.036610|ioService-0x000072a28e5486c0|[SCHEDULER][serialExecute][blk-105][BlockTrace]serialExecute execute block
info|2026-02-06 20:14:32.036687|ioService-0x000072a28e5486c0|[SCHEDULER][METRIC][BlockTrace][blk-105]preExeBlock success,blockHeader.timestamp=0,metaTxCount=0,timeCost=0
info|2026-02-06 20:14:32.040530|ioService-0x000072a2af5fe6c0|[DEFAULT][HTTP][SESSION][onRead]receive http request
info|2026-02-06 20:14:32.052395|ioService-0x000072a2af5fe6c0|[DEFAULT][HTTP][SESSION][onRead]receive http request
info|2026-02-06 20:14:32.064827|ioService-0x000072a2af5fe6c0|[DEFAULT][HTTP][SESSION][onRead]receive http request
info|2026-02-06 20:14:32.290000|pbft-0x000072a2d88fd6c0|[CONSENSUS][PBFT]handlePrePrepareMsg,reqHash=69123c08...,reqIndex=106,reqV=3,fromIdx=1,wait(ms)=1,committedIndex=105,consNum=106,committedHash=4d0aeab1...,view=3,toView=3,changeCycle=0,expectedCheckPoint=106,Idx=3,unsealedTxs=1,sealUntil=0,waitResealUntil=0,consensusTimeout=3000,nodeId=5b07d12d...,utc=32530818
info|2026-02-06 20:14:32.290482|pbft-0x000072a2d88fd6c0|[TXPOOL]begin asyncVerifyBlock,consNum=106,hash=69123c08...
info|2026-02-06 20:14:32.290553|verifier-0x000072a2fbbee6c0|[TXPOOL]batchVerifyProposal,consNum=106,hash=69123c08...,txsSize=1,lockT=0,verifyT=0,missedTxs=0
info|2026-02-06 20:14:32.290580|verifier-0x000072a2fbbee6c0|[TXPOOL][METRIC]asyncVerifyBlock finished,consNum=106,hash=69123c08...,code=0,msg=success,result=true,timecost=0
info|2026-02-06 20:14:32.290625|validator-0x000072a2edbd26c0|[CONSENSUS][PBFT]asyncResetTxsFlag,index=106,hash=69123c08...,flag=true
info|2026-02-06 20:14:32.290607|verifier-0x000072a2fbbee6c0|[CONSENSUS][PBFT]handlePrePrepareMsg,reqHash=69123c08...,reqIndex=106,reqV=3,fromIdx=1,wait(ms)=1,committedIndex=105,consNum=106,committedHash=4d0aeab1...,view=3,toView=3,changeCycle=0,expectedCheckPoint=106,Idx=3,unsealedTxs=1,sealUntil=0,waitResealUntil=0,consensusTimeout=3000,nodeId=5b07d12d...,utc=32530819
info|2026-02-06 20:14:32.290653|validator-0x000072a2edbd26c0|[TXPOOL]batchMarkTxs,txsSize=1,batchId=106,hash=69123c08...,sealFlag=true,notFound=0,reSealed=0,succ=1,time=0,markT=0
info|2026-02-06 20:14:32.290663|verifier-0x000072a2fbbee6c0|[CONSENSUS][PBFT]addPrePrepareCache,reqHash=69123c08...,reqIndex=106,reqV=3,fromIdx=1,wait(ms)=1,sys=false,committedIndex=105,consNum=106,committedHash=4d0aeab1...,view=3,toView=3,changeCycle=0,expectedCheckPoint=106,Idx=3,unsealedTxs=0,sealUntil=0,waitResealUntil=0,consensusTimeout=3000,nodeId=5b07d12d...
info|2026-02-06 20:14:32.290686|validator-0x000072a2edbd26c0|[CONSENSUS][PBFT]asyncMarkTxs success,index=106,hash=69123c08...,flag=true,markT=0,emptyTxBatchHash=false
info|2026-02-06 20:14:32.290703|verifier-0x000072a2fbbee6c0|[CONSENSUS][PBFT]notify the committed proposal index to the sync module success,index=106
info|2026-02-06 20:14:32.290777|verifier-0x000072a2fbbee6c0|[CONSENSUS][PBFT]addPrepareCache,reqHash=69123c08...,reqIndex=106,reqV=3,fromIdx=3,wait(ms)=0,committedIndex=105,consNum=106,committedHash=4d0aeab1...,view=3,toView=3,changeCycle=0,expectedCheckPoint=106,Idx=3,unsealedTxs=0,sealUntil=0,waitResealUntil=0,consensusTimeout=3000,nodeId=5b07d12d...,weight=1
info|2026-02-06 20:14:32.290836|verifier-0x000072a2fbbee6c0|[CONSENSUS][PBFT]broadcast prepare packet,packetSize=230,index=106
info|2026-02-06 20:14:32.290933|verifier-0x000072a2fbbee6c0|[CONSENSUS][PBFT]handlePrePrepareMsg and broadcast prepare packet,reqHash=69123c08...,reqIndex=106,reqV=3,fromIdx=1,wait(ms)=1,committedIndex=105,consNum=106,committedHash=4d0aeab1...,view=3,toView=3,changeCycle=0,expectedCheckPoint=106,Idx=3,unsealedTxs=0,sealUntil=0,waitResealUntil=0,consensusTimeout=3000,nodeId=5b07d12d...
info|2026-02-06 20:14:32.291100|txsPreStore-0x000072a2fa3eb6c0|[TXPOOL]storeVerifiedBlock fetch block number from LedgerConfig
info|2026-02-06 20:14:32.291223|txsPreStore-0x000072a2fa3eb6c0|[TOOL]LedgerConfigFetcher: fetchBlockNumber success,blockNumber=105
info|2026-02-06 20:14:32.291237|txsPreStore-0x000072a2fa3eb6c0|[TXPOOL]storeVerifiedBlock,consNum=106,hash=69123c08...,txsSize=1
info|2026-02-06 20:14:32.291506|txsPreStore-0x000072a2fa3eb6c0|[LEDGER]asyncPreStoreBlockTxs: needStoreUnsavedTxs,txsSize=1,unstoredTxs=1,number=106
info|2026-02-06 20:14:32.291571|txsPreStore-0x000072a2fa3eb6c0|[STORAGE-RocksDB]setRows finished,put=1,dataSize=1064,time(ms)=0
info|2026-02-06 20:14:32.291592|txsPreStore-0x000072a2fa3eb6c0|[LEDGER]asyncPreStoreBlockTxs: store uncommitted txs,blockNumber=106,blockTxsSize=1,unStoredTxs=1,msg=success,code=0,timeCost=0
info|2026-02-06 20:14:32.291601|txsPreStore-0x000072a2fa3eb6c0|[TXPOOL]storeVerifiedBlock success,consNum=106,hash=69123c08...,timecost=0
info|2026-02-06 20:14:32.291584|pbft-0x000072a2d88fd6c0|[CONSENSUS][PBFT]addPrepareCache,reqHash=69123c08...,reqIndex=106,reqV=3,fromIdx=1,wait(ms)=0,committedIndex=105,consNum=106,committedHash=4d0aeab1...,view=3,toView=3,changeCycle=0,expectedCheckPoint=106,Idx=3,unsealedTxs=0,sealUntil=0,waitResealUntil=0,consensusTimeout=3000,nodeId=5b07d12d...,weight=2
info|2026-02-06 20:14:32.291910|pbft-0x000072a2d88fd6c0|[CONSENSUS][PBFT]addPrepareCache,reqHash=69123c08...,reqIndex=106,reqV=3,fromIdx=2,wait(ms)=0,committedIndex=105,consNum=106,committedHash=4d0aeab1...,view=3,toView=3,changeCycle=0,expectedCheckPoint=106,Idx=3,unsealedTxs=0,sealUntil=0,waitResealUntil=0,consensusTimeout=3000,nodeId=5b07d12d...,weight=3
info|2026-02-06 20:14:32.292025|pbft-0x000072a2d88fd6c0|[CONSENSUS][PBFT]setSignatureList,signatureSize=3,propHash=69123c08...,propIndex=106
info|2026-02-06 20:14:32.292052|pbft-0x000072a2d88fd6c0|[CONSENSUS][PBFT]intoPrecommit,reqHash=69123c08...,reqIndex=106,reqV=3,fromIdx=3,wait(ms)=3,committedIndex=105,consNum=106,committedHash=4d0aeab1...,view=3,toView=3,changeCycle=0,expectedCheckPoint=106,Idx=3,unsealedTxs=0,sealUntil=0,waitResealUntil=0,consensusTimeout=3000,nodeId=5b07d12d...
info|2026-02-06 20:14:32.292158|pbft-0x000072a2d88fd6c0|[CONSENSUS][PBFT]addCommitCache,reqHash=69123c08...,reqIndex=106,reqV=3,fromIdx=3,wait(ms)=0,committedIndex=105,consNum=106,committedHash=4d0aeab1...,view=3,toView=3,changeCycle=0,expectedCheckPoint=106,Idx=3,unsealedTxs=0,sealUntil=0,waitResealUntil=0,consensusTimeout=3000,nodeId=5b07d12d...,weight=1
info|2026-02-06 20:14:32.292178|pbft-0x000072a2d88fd6c0|[CONSENSUS][PBFT]checkAndPreCommit: broadcast commitMsg,Idx=3,hash=69123c08...,index=106
info|2026-02-06 20:14:32.292613|pbft-0x000072a2d88fd6c0|[CONSENSUS][PBFT]addCommitCache,reqHash=69123c08...,reqIndex=106,reqV=3,fromIdx=2,wait(ms)=0,committedIndex=105,consNum=106,committedHash=4d0aeab1...,view=3,toView=3,changeCycle=0,expectedCheckPoint=106,Idx=3,unsealedTxs=0,sealUntil=0,waitResealUntil=0,consensusTimeout=3000,nodeId=5b07d12d...,weight=2
info|2026-02-06 20:14:32.293047|pbft-0x000072a2d88fd6c0|[CONSENSUS][PBFT]addCommitCache,reqHash=69123c08...,reqIndex=106,reqV=3,fromIdx=1,wait(ms)=1,committedIndex=105,consNum=106,committedHash=4d0aeab1...,view=3,toView=3,changeCycle=0,expectedCheckPoint=106,Idx=3,unsealedTxs=0,sealUntil=0,waitResealUntil=0,consensusTimeout=3000,nodeId=5b07d12d...,weight=3
info|2026-02-06 20:14:32.293079|pbft-0x000072a2d88fd6c0|[CONSENSUS][PBFT]checkAndCommit,propHash=69123c08...,propIndex=106,committedIndex=105,consNum=106,committedHash=4d0aeab1...,view=3,toView=3,changeCycle=0,expectedCheckPoint=106,Idx=3,unsealedTxs=0,sealUntil=0,waitResealUntil=0,consensusTimeout=3000,nodeId=5b07d12d...
info|2026-02-06 20:14:32.293089|pbft-0x000072a2d88fd6c0|[CONSENSUS][PBFT]######## CommitProposal,propHash=69123c08...,propIndex=106,sys=false,committedIndex=105,consNum=106,committedHash=4d0aeab1...,view=3,toView=3,changeCycle=0,expectedCheckPoint=106,Idx=3,unsealedTxs=0,sealUntil=0,waitResealUntil=0,consensusTimeout=3000,nodeId=5b07d12d...
info|2026-02-06 20:14:32.293094|pbft-0x000072a2d88fd6c0|[CONSENSUS][PBFT]notify to seal next proposal,nextProposalIndex=107
info|2026-02-06 20:14:32.293125|pbft-0x000072a2d88fd6c0|[CONSENSUS][PBFT]notify to seal next proposal,nextProposalIndex=107
info|2026-02-06 20:14:32.293143|pbft-0x000072a2d88fd6c0|[CONSENSUS][PBFT]applyStateMachine,index=106,hash=69123c08...,committedIndex=105,consNum=106,committedHash=4d0aeab1...,view=3,toView=3,changeCycle=0,expectedCheckPoint=106,Idx=3,unsealedTxs=0,sealUntil=0,waitResealUntil=0,consensusTimeout=3000,nodeId=5b07d12d...,unAppliedProposals=0
info|2026-02-06 20:14:32.293225|preExeScheduler-0x000072a29da6a6c0|[SCHEDULER][METRIC][BlockTrace][blk-106]preExeBlock success,blockHeader.timestamp=1770380072289,metaTxCount=1,timeCost=0
info|2026-02-06 20:14:32.293254|exeScheduler-0x000072a29ca686c0|[SCHEDULER][METRIC][blk-106]ExecuteBlock request,gasLimit=3000000000,gasPrice=0x0,verify=false,signatureSize=0,txCount=0,metaTxCount=1,version=3.11.0,waitT=0
info|2026-02-06 20:14:32.293312|exeScheduler-0x000072a29ca686c0|[SCHEDULER][blk-106][BlockTrace]ExecuteBlock start,time(ms)=0
info|2026-02-06 20:14:32.293353|exeScheduler-0x000072a29ca686c0|[SCHEDULER][serialExecute][blk-106][BlockTrace]serialExecute execute block
info|2026-02-06 20:14:32.293370|exeScheduler-0x000072a29ca686c0|[SCHEDULER][serialExecute][blk-106][BlockTrace]serialExecute batch next block
info|2026-02-06 20:14:32.293377|exeScheduler-0x000072a29ca686c0|[SCHEDULER][blk-106][BlockTrace]NextBlock request,executorNum=1
info|2026-02-06 20:14:32.293702|exec-0x000072a2f73e56c0|[SCHEDULER][blk-106][BlockTrace]NextBlock success,executorNum=1,timeCost=0
info|2026-02-06 20:14:32.293726|exec-0x000072a2f73e56c0|[SCHEDULER][serialExecute][blk-106][BlockTrace]serialExecute block begin
info|2026-02-06 20:14:32.294237|exec-0x000072a2f63e36c0|[STORAGE-KeyPage]hash,size=27,blockVersion=51052544,readLength=10611,writeLength=64,pageCount=1,entrycount=0,entriesHash=0000000000000000000000000000000000000000000000000000000000000000,pagesHash=057da088079100796bfbcbc7fd380e7e23943c84140f943fd16b078ab9e13eff,totalHash=057da088079100796bfbcbc7fd380e7e23943c84140f943fd16b078ab9e13eff
info|2026-02-06 20:14:32.294264|exec-0x000072a2f63e36c0|[EXECUTOR:1770370051][blk-106]GetTableHashes success,hash=057da088079100796bfbcbc7fd380e7e23943c84140f943fd16b078ab9e13eff,time(ms)=0
info|2026-02-06 20:14:32.294293|exec-0x000072a2f63e36c0|[SCHEDULER][blk-106][BlockTrace]ExecuteBlock success,hash=a4219451...,stateRoot=057da088079100796bfbcbc7fd380e7e23943c84140f943fd16b078ab9e13eff,receiptRoot=71b4c20e52face20e1d84cc426d23ef1cda338cb097ab9513ebbf3ea2bc2d4d6,txsRoot=1778a9db...,gasUsed=25459,signatureSize=0,timeCost=1,blockVersion=51052544
info|2026-02-06 20:14:32.294304|exec-0x000072a2f63e36c0|[CONSENSUS][Core][METRIC]asyncExecuteBlock success,sysBlock=false,number=106,result=a4219451...,txsSize=1,txsRoot=1778a9db...,receiptsRoot=71b4c20e...,stateRoot=057da088...,timeCost=1,execPerTx=1
info|2026-02-06 20:14:32.294335|exec-0x000072a2f63e36c0|[CONSENSUS][PBFT]applyStateMachine finished,index=106,beforeExec=69123c08...,afterExec=a4219451...,committedIndex=105,consNum=106,committedHash=4d0aeab1...,view=3,toView=3,changeCycle=0,expectedCheckPoint=106,Idx=3,unsealedTxs=0,sealUntil=0,waitResealUntil=0,consensusTimeout=3000,nodeId=5b07d12d...,timecost=1
info|2026-02-06 20:14:32.294355|pbftWorker-0x000072a2eb3cd6c0|[CONSENSUS][PBFT][STORAGE]asyncCommitProposal: write the committed proposal into db,index=106
info|2026-02-06 20:14:32.294422|pbftWorker-0x000072a2eb3cd6c0|[CONSENSUS][PBFT][STORAGE]asyncPutProposal: commit success,dbName=pbftCommitDB,key=max_committed_proposal,number=106,timecost=0,dataSize=3
info|2026-02-06 20:14:32.294438|pbftWorker-0x000072a2eb3cd6c0|[CONSENSUS][PBFT][STORAGE]asyncPutProposal: commit success,dbName=pbftCommitDB,key=106,number=106,timecost=0,dataSize=679
info|2026-02-06 20:14:32.294616|pbftWorker-0x000072a2eb3cd6c0|[CONSENSUS][PBFT]addCheckPointMsg,reqHash=a4219451...,reqIndex=106,reqV=3,fromIdx=3,wait(ms)=0,Idx=3,weight=1,minRequiredWeight=3
info|2026-02-06 20:14:32.294639|pbftWorker-0x000072a2eb3cd6c0|[CONSENSUS][PBFT]setCheckPointProposal,propHash=a4219451...,propIndex=106,committedIndex=105,consNum=106,committedHash=4d0aeab1...,view=3,toView=3,changeCycle=0,expectedCheckPoint=106,Idx=3,unsealedTxs=0,sealUntil=0,waitResealUntil=0,consensusTimeout=3000,nodeId=5b07d12d...
info|2026-02-06 20:14:32.294649|pbftWorker-0x000072a2eb3cd6c0|[CONSENSUS][PBFT]PBFTConfig: setExpectedCheckPoint,committedIndex=105,consNum=106,committedHash=4d0aeab1...,view=3,toView=3,changeCycle=0,expectedCheckPoint=107,Idx=3,unsealedTxs=0,sealUntil=0,waitResealUntil=0,consensusTimeout=3000,nodeId=5b07d12d...,expectedCheckPoint=107
info|2026-02-06 20:14:32.294655|pbftWorker-0x000072a2eb3cd6c0|[CONSENSUS][PBFT]notify to seal next proposal,nextProposalIndex=107
info|2026-02-06 20:14:32.294658|pbftWorker-0x000072a2eb3cd6c0|[CONSENSUS][PBFT]onProposalApplySuccess,index=106,hash=a4219451...,lockT=0,timecost=0
info|2026-02-06 20:14:32.295325|pbft-0x000072a2d88fd6c0|[CONSENSUS][PBFT]handleCheckPointMsg: try to add the checkpoint message into the cache,reqHash=a4219451...,reqIndex=106,reqV=3,fromIdx=1,wait(ms)=0,committedIndex=105,consNum=106,committedHash=4d0aeab1...,view=3,toView=3,changeCycle=0,expectedCheckPoint=107,Idx=3,unsealedTxs=0,sealUntil=0,waitResealUntil=0,consensusTimeout=3000,nodeId=5b07d12d...
info|2026-02-06 20:14:32.295355|pbft-0x000072a2d88fd6c0|[CONSENSUS][PBFT]addCheckPointMsg,reqHash=a4219451...,reqIndex=106,reqV=3,fromIdx=1,wait(ms)=0,Idx=3,weight=2,minRequiredWeight=3
info|2026-02-06 20:14:32.295363|pbft-0x000072a2d88fd6c0|[CONSENSUS][PBFT]notify to seal next proposal,nextProposalIndex=107
info|2026-02-06 20:14:32.296678|pbft-0x000072a2d88fd6c0|[CONSENSUS][PBFT]handleCheckPointMsg: try to add the checkpoint message into the cache,reqHash=a4219451...,reqIndex=106,reqV=3,fromIdx=2,wait(ms)=0,committedIndex=105,consNum=106,committedHash=4d0aeab1...,view=3,toView=3,changeCycle=0,expectedCheckPoint=107,Idx=3,unsealedTxs=0,sealUntil=0,waitResealUntil=0,consensusTimeout=3000,nodeId=5b07d12d...
info|2026-02-06 20:14:32.296757|pbft-0x000072a2d88fd6c0|[CONSENSUS][PBFT]addCheckPointMsg,reqHash=a4219451...,reqIndex=106,reqV=3,fromIdx=2,wait(ms)=0,Idx=3,weight=3,minRequiredWeight=3
info|2026-02-06 20:14:32.296815|pbft-0x000072a2d88fd6c0|[CONSENSUS][PBFT]notify to seal next proposal,nextProposalIndex=107
info|2026-02-06 20:14:32.296922|pbft-0x000072a2d88fd6c0|[CONSENSUS][PBFT]setSignatureList,signatureSize=3,propHash=a4219451...,propIndex=106
info|2026-02-06 20:14:32.296938|pbft-0x000072a2d88fd6c0|[CONSENSUS][PBFT]checkAndCommitStableCheckPoint,index=106,hash=a4219451...,committedIndex=105,consNum=106,committedHash=4d0aeab1...,view=3,toView=3,changeCycle=0,expectedCheckPoint=107,Idx=3,unsealedTxs=0,sealUntil=0,waitResealUntil=0,consensusTimeout=3000,nodeId=5b07d12d...
info|2026-02-06 20:14:32.296979|pbft-0x000072a2d88fd6c0|[CONSENSUS][PBFT]updateStableCheckPointQueue: insert new checkpoint proposal,index=106,hash=a4219451...,committedIndex=105,consNum=106,committedHash=4d0aeab1...,view=3,toView=3,changeCycle=0,expectedCheckPoint=107,Idx=3,unsealedTxs=0,sealUntil=0,waitResealUntil=0,consensusTimeout=3000,nodeId=5b07d12d...
info|2026-02-06 20:14:32.296992|pbft-0x000072a2d88fd6c0|[CONSENSUS][PBFT]updateStableCheckPointQueue: commit stable checkpoint,index=106,committedIndex=105
info|2026-02-06 20:14:32.297012|pbft-0x000072a2d88fd6c0|[CONSENSUS][PBFT]asyncCommitStableCheckPoint: set signatureList,index=106,hash=a4219451...,proofSize=3,blockProofSize=3
info|2026-02-06 20:14:32.297083|blockSubmit-0x000072a2ecbd06c0|[SCHEDULER][blk-106][BlockTrace]CommitBlock start
info|2026-02-06 20:14:32.297306|blockSubmit-0x000072a2ecbd06c0|[STORAGE-RocksDB]asyncPrepare,number=106
info|2026-02-06 20:14:32.297333|blockSubmit-0x000072a2ecbd06c0|[STORAGE-RocksDB]asyncPrepare finished,blockNumber=106,put=7,delete=0,startTS=0,encode(ms)=0,time(ms)=0
info|2026-02-06 20:14:32.297355|blockSubmit-0x000072a2ecbd06c0|[LEDGER]storeTransactionsAndReceipts,blockNumber=106
info|2026-02-06 20:14:32.297410|exec-0x000072a2f43df6c0|[STORAGE-RocksDB]asyncPrepare,number=106
info|2026-02-06 20:14:32.297443|exec-0x000072a2f43df6c0|[STORAGE-KeyPage]parallelTraverse,size=436
info|2026-02-06 20:14:32.297447|exec-0x000072a2f43df6c0|[STORAGE-RocksDB]asyncPrepare finished,blockNumber=106,put=2,delete=0,startTS=0,encode(ms)=0,time(ms)=0
info|2026-02-06 20:14:32.297458|exec-0x000072a2f43df6c0|[EXECUTOR:1770370051][blk-106]Prepare success
info|2026-02-06 20:14:32.297549|ledgerWrite-0x000072a2ffbf66c0|[STORAGE-RocksDB]setRows finished,put=1,dataSize=416,time(ms)=0
info|2026-02-06 20:14:32.297600|blockSubmit-0x000072a2ecbd06c0|[LEDGER]storeTransactionsAndReceipts finished,blockNumber=106,blockTxsSize=1,unStoredTxs=0,timeCost=0
info|2026-02-06 20:14:32.297682|blockSubmit-0x000072a2ecbd06c0|[STORAGE-RocksDB]asyncCommit finished,blockNumber=106,startTS=0,time(ms)=0,callback time(ms)=0,count=9
info|2026-02-06 20:14:32.297702|exec-0x000072a2f4be06c0|[TOOL]fetchCompatibilityVersion
info|2026-02-06 20:14:32.297724|blockSubmit-0x000072a2ecbd06c0|[LEDGER][METRIC]asyncPrewriteBlock,number=106,totalTxs=130,failedTxs=44,incTxs=1,incFailedTxs=0
info|2026-02-06 20:14:32.297781|exec-0x000072a2f4be06c0|[TOOL]fetchCompatibilityVersion success,version=3.11.0,versionNumber=51052544,minSupportedVersion=3.0.0-rc4,maxSupportedVersion=3.11.0
info|2026-02-06 20:14:32.297821|exec-0x000072a2f4be06c0|[TOOL]fetchAuthCheckStatus success,value=0
info|2026-02-06 20:14:32.297837|exec-0x000072a2f4be06c0|[EXECUTOR:1770370051]merge keyPage to cachedStorage,number=106
info|2026-02-06 20:14:32.297885|exec-0x000072a2f4be06c0|[STORAGE-KeyPage]parallelTraverse,size=436
info|2026-02-06 20:14:32.297900|exec-0x000072a2f4be06c0|[STORAGE]Successful merged records,count=2
info|2026-02-06 20:14:32.298847|exec-0x000072a2f4be06c0|[SCHEDULER][blk-106][BlockTrace]CommitBlock success,gas limit=3000000000,timeCost=1
info|2026-02-06 20:14:32.298965|submitter-0x000072a2febf46c0|[TXPOOL][METRIC]StatTPS,tps=90,totalTime=11
info|2026-02-06 20:14:32.299001|exec-0x000072a2f4be06c0|[SCHEDULER][BlockTrace]Notify block result success,blockNumber=106
info|2026-02-06 20:14:32.299010|exec-0x000072a2f4be06c0|[CONSENSUS][PBFT][STORAGE][METRIC]commitStableCheckPoint success,index=106,hash=a4219451...,txs=1,timeCost=2,commitPerTx=2
info|2026-02-06 20:14:32.299031|exec-0x000072a2f4be06c0|[SCHEDULER][blk-106]notify block result success,hash=a4219451...,txsSize=1
info|2026-02-06 20:14:32.299126|blockSubmit-0x000072a2ecbd06c0|[CONSENSUS][PBFT][METRIC]resetConfig,committedIndex=106,propHash=a4219451...,blockCountLimit=1000,leaderPeriod=1,consensusNodesSize=4
info|2026-02-06 20:14:32.299143|submitter-0x000072a2febf46c0|[TXPOOL][METRIC]batchRemove txs success,expectedSize=1,succCount=1,batchId=106,timecost=1,lockT=0,removeT=0,updateLedgerNonceT=0,updateTxPoolNonceT=0
info|2026-02-06 20:14:32.299176|blockSubmit-0x000072a2ecbd06c0|[CONSENSUS][PBFT][METRIC]^^^^^^^^Report,sealer=1,txs=1,committedIndex=106,consNum=107,committedHash=a4219451...,view=3,toView=3,changeCycle=0,expectedCheckPoint=107,Idx=3,unsealedTxs=0,sealUntil=0,waitResealUntil=0,consensusTimeout=3000,nodeId=5b07d12d...
info|2026-02-06 20:14:32.299196|blockSubmit-0x000072a2ecbd06c0|[CONSENSUS][SEALER]asyncNoteLatestBlockNumber,number=106
info|2026-02-06 20:14:32.299202|blockSubmit-0x000072a2ecbd06c0|[CONSENSUS][SEALER]asyncNoteLatestBlockHash,_hash=a4219451...
info|2026-02-06 20:14:32.299220|blockSubmit-0x000072a2ecbd06c0|[BLOCK SYNC]#### BlockSyncConfig resetConfig,number=106,consNodeSize=4,observerNodeSize=0,type=CONSENSUS_NODE
info|2026-02-06 20:14:32.299423|blockSubmit-0x000072a2ecbd06c0|[CONSENSUS][PBFT]notify to seal next proposal,nextProposalIndex=107
info|2026-02-06 20:14:32.299551|blockSubmit-0x000072a2ecbd06c0|[CONSENSUS][PBFT]removeConsensusedCache finalizeConsensus,view=3,number=106,eraseSize=1,cacheSize=0
info|2026-02-06 20:14:32.299601|exec-0x000072a2f4be06c0|[STORAGE-RocksDB]asyncCommit finished,blockNumber=106,startTS=0,time(ms)=0,callback time(ms)=2,count=0
info|2026-02-06 20:14:32.299677|blockSubmit-0x000072a2ecbd06c0|[CONSENSUS][PBFT][STORAGE]asyncRemoveStabledCheckPoint,index=101
info|2026-02-06 20:14:32.299733|blockSubmit-0x000072a2ecbd06c0|[CONSENSUS][PBFT][STORAGE]asyncRemove success,dbName=pbftCommitDB,key=101
info|2026-02-06 20:14:32.774152|ioService-0x000072a2be9fd6c0|[WS][SESSION][asyncRead],message=End of file,endpoint=127.0.0.1:58748,refCount=2
info|2026-02-06 20:14:32.774197|ioService-0x000072a2be9fd6c0|[RPC][WS][SESSION][drop],reason=4294963295,endpoint=127.0.0.1:58748,session=0x72a30ae1b210
info|2026-02-06 20:14:32.774221|ioService-0x000072a2be9fd6c0|[RPC][WS][SESSION][drop],reason=4294963295,endpoint=127.0.0.1:58748,cb size=0,session=0x72a30ae1b210
info|2026-02-06 20:14:32.774279|ioService-0x000072a2be9fd6c0|[DEFAULT][WS][STREAM]the real action to close the stream,this=0x72a2bb05fe10
info|2026-02-06 20:14:32.774421|ioService-0x000072a28e1476c0|[RPC][WS][SERVICE][removeSession],endpoint=127.0.0.1:58748
info|2026-02-06 20:14:32.774447|ioService-0x000072a28e1476c0|[RPC][WS][SERVICE][onDisconnect],endpoint=127.0.0.1:58748,refCount=2
info|2026-02-06 20:14:32.774453|ioService-0x000072a28e1476c0|[RPC][WS][SESSION],[DELOBJ][WSSESSION]=0x72a30ae1b210
info|2026-02-06 20:14:32.774460|ioService-0x000072a28e1476c0|[DEFAULT][WS][STREAM],[DELOBJ][WsStream]=0x72a2bb05fe10
info|2026-02-06 20:14:35.046111|ioService-0x000072a2af5fe6c0|[DEFAULT][HTTP][SESSION][onRead]receive http request
info|2026-02-06 20:14:35.059409|ioService-0x000072a2af5fe6c0|[DEFAULT][HTTP][SESSION][onRead]receive http request
info|2026-02-06 20:14:35.073975|ioService-0x000072a2af5fe6c0|[DEFAULT][HTTP][SESSION][onRead]receive http request
info|2026-02-06 20:14:38.045728|ioService-0x000072a2af5fe6c0|[DEFAULT][HTTP][SESSION][onRead]receive http request
info|2026-02-06 20:14:41.044831|ioService-0x000072a2af5fe6c0|[DEFAULT][HTTP][SESSION][onRead]receive http request
info|2026-02-06 20:14:41.820224|timerFactory-0x000072a2c63ff6c0|[RPC][WS][SERVICE]connected nodes,count=0
info|2026-02-06 20:14:41.844234|timerFactory-0x000072a2b69ff6c0|[RPC][WS][SERVICE]connected nodes,count=0
info|2026-02-06 20:14:41.893971|ioService-0x000072a2d73fe6c0|[P2PService][Service][METRIC]heartBeat,connected count=3
info|2026-02-06 20:14:44.047058|ioService-0x000072a2af5fe6c0|[DEFAULT][HTTP][SESSION][onRead]receive http request
info|2026-02-06 20:14:47.046184|ioService-0x000072a2af5fe6c0|[DEFAULT][HTTP][SESSION][onRead]receive http request
info|2026-02-06 20:14:50.048319|ioService-0x000072a2af5fe6c0|[DEFAULT][HTTP][SESSION][onRead]receive http request
info|2026-02-06 20:14:51.820483|timerFactory-0x000072a2c63ff6c0|[RPC][WS][SERVICE]connected nodes,count=0
info|2026-02-06 20:14:51.844472|timerFactory-0x000072a2b69ff6c0|[RPC][WS][SERVICE]connected nodes,count=0
info|2026-02-06 20:14:51.894166|ioService-0x000072a2d73fe6c0|[P2PService][Service][METRIC]heartBeat,connected count=3
info|2026-02-06 20:14:53.049178|ioService-0x000072a2af5fe6c0|[DEFAULT][HTTP][SESSION][onRead]receive http request
info|2026-02-06 20:14:56.049869|ioService-0x000072a2af5fe6c0|[DEFAULT][HTTP][SESSION][onRead]receive http request
info|2026-02-06 20:14:59.053168|ioService-0x000072a2af5fe6c0|[DEFAULT][HTTP][SESSION][onRead]receive http request
info|2026-02-06 20:15:01.821000|timerFactory-0x000072a2c63ff6c0|[RPC][WS][SERVICE]connected nodes,count=0
info|2026-02-06 20:15:01.844781|timerFactory-0x000072a2b69ff6c0|[RPC][WS][SERVICE]connected nodes,count=0
info|2026-02-06 20:15:01.894439|ioService-0x000072a2d73fe6c0|[P2PService][Service][METRIC]heartBeat,connected count=3
info|2026-02-06 20:15:02.053641|ioService-0x000072a2af5fe6c0|[DEFAULT][HTTP][SESSION][onRead]receive http request
info|2026-02-06 20:15:05.053427|ioService-0x000072a2af5fe6c0|[DEFAULT][HTTP][SESSION][onRead]receive http request
info|2026-02-06 20:15:08.052389|ioService-0x000072a2af5fe6c0|[DEFAULT][HTTP][SESSION][onRead]receive http request
info|2026-02-06 20:15:11.051058|ioService-0x000072a2af5fe6c0|[DEFAULT][HTTP][SESSION][onRead]receive http request
info|2026-02-06 20:15:11.821268|timerFactory-0x000072a2c63ff6c0|[RPC][WS][SERVICE]connected nodes,count=0
info|2026-02-06 20:15:11.844912|timerFactory-0x000072a2b69ff6c0|[RPC][WS][SERVICE]connected nodes,count=0
info|2026-02-06 20:15:11.894762|ioService-0x000072a2d73fe6c0|[P2PService][Service][METRIC]heartBeat,connected count=3
info|2026-02-06 20:15:14.050902|ioService-0x000072a2af5fe6c0|[DEFAULT][HTTP][SESSION][onRead]receive http request
info|2026-02-06 20:15:17.053191|ioService-0x000072a2af5fe6c0|[DEFAULT][HTTP][SESSION][onRead]receive http request
info|2026-02-06 20:15:20.053617|ioService-0x000072a2af5fe6c0|[DEFAULT][HTTP][SESSION][onRead]receive http request
info|2026-02-06 20:15:21.821414|timerFactory-0x000072a2c63ff6c0|[RPC][WS][SERVICE]connected nodes,count=0
info|2026-02-06 20:15:21.845104|timerFactory-0x000072a2b69ff6c0|[RPC][WS][SERVICE]connected nodes,count=0
info|2026-02-06 20:15:21.894975|ioService-0x000072a2d73fe6c0|[P2PService][Service][METRIC]heartBeat,connected count=3
info|2026-02-06 20:15:23.054653|ioService-0x000072a2af5fe6c0|[DEFAULT][HTTP][SESSION][onRead]receive http request
info|2026-02-06 20:15:26.055146|ioService-0x000072a2af5fe6c0|[DEFAULT][HTTP][SESSION][onRead]receive http request
info|2026-02-06 20:15:29.056288|ioService-0x000072a2af5fe6c0|[DEFAULT][HTTP][SESSION][onRead]receive http request
info|2026-02-06 20:15:30.828975|objMonitor-0x000072a2a55ff6c0|[startMonitor][AliveObjectMonitor],AliveObjectAllocStat=[ type: bcos::gateway::Socket ,created: 10 ,destroyed: 6 ,alive: 4 ] 
info|2026-02-06 20:15:31.821601|timerFactory-0x000072a2c63ff6c0|[RPC][WS][SERVICE]connected nodes,count=0
info|2026-02-06 20:15:31.845363|timerFactory-0x000072a2b69ff6c0|[RPC][WS][SERVICE]connected nodes,count=0
info|2026-02-06 20:15:31.895349|ioService-0x000072a2d73fe6c0|[P2PService][Service][METRIC]heartBeat,connected count=3
info|2026-02-06 20:15:32.056931|ioService-0x000072a2af5fe6c0|[DEFAULT][HTTP][SESSION][onRead]receive http request
info|2026-02-06 20:15:35.061223|ioService-0x000072a2af5fe6c0|[DEFAULT][HTTP][SESSION][onRead]receive http request
info|2026-02-06 20:15:38.058785|ioService-0x000072a2af5fe6c0|[DEFAULT][HTTP][SESSION][onRead]receive http request
info|2026-02-06 20:15:41.058076|ioService-0x000072a2af5fe6c0|[DEFAULT][HTTP][SESSION][onRead]receive http request
info|2026-02-06 20:15:41.821885|timerFactory-0x000072a2c63ff6c0|[RPC][WS][SERVICE]connected nodes,count=0
info|2026-02-06 20:15:41.845586|timerFactory-0x000072a2b69ff6c0|[RPC][WS][SERVICE]connected nodes,count=0
info|2026-02-06 20:15:41.895706|ioService-0x000072a2d73fe6c0|[P2PService][Service][METRIC]heartBeat,connected count=3
info|2026-02-06 20:15:44.058301|ioService-0x000072a2af5fe6c0|[DEFAULT][HTTP][SESSION][onRead]receive http request
info|2026-02-06 20:15:47.058896|ioService-0x000072a2af5fe6c0|[DEFAULT][HTTP][SESSION][onRead]receive http request
info|2026-02-06 20:15:50.066076|ioService-0x000072a2af5fe6c0|[DEFAULT][HTTP][SESSION][onRead]receive http request
info|2026-02-06 20:15:51.822084|timerFactory-0x000072a2c63ff6c0|[RPC][WS][SERVICE]connected nodes,count=0
info|2026-02-06 20:15:51.845931|timerFactory-0x000072a2b69ff6c0|[RPC][WS][SERVICE]connected nodes,count=0
info|2026-02-06 20:15:51.896023|ioService-0x000072a2d73fe6c0|[P2PService][Service][METRIC]heartBeat,connected count=3
info|2026-02-06 20:15:53.066741|ioService-0x000072a2af5fe6c0|[DEFAULT][HTTP][SESSION][onRead]receive http request
info|2026-02-06 20:15:56.068849|ioService-0x000072a2af5fe6c0|[DEFAULT][HTTP][SESSION][onRead]receive http request
info|2026-02-06 20:15:59.069206|ioService-0x000072a2af5fe6c0|[DEFAULT][HTTP][SESSION][onRead]receive http request
info|2026-02-06 20:16:01.822256|timerFactory-0x000072a2c63ff6c0|[RPC][WS][SERVICE]connected nodes,count=0
info|2026-02-06 20:16:01.846112|timerFactory-0x000072a2b69ff6c0|[RPC][WS][SERVICE]connected nodes,count=0
info|2026-02-06 20:16:01.896589|ioService-0x000072a2d73fe6c0|[P2PService][Service][METRIC]heartBeat,connected count=3
info|2026-02-06 20:16:02.070207|ioService-0x000072a2af5fe6c0|[DEFAULT][HTTP][SESSION][onRead]receive http request
info|2026-02-06 20:16:05.072193|ioService-0x000072a2af5fe6c0|[DEFAULT][HTTP][SESSION][onRead]receive http request
info|2026-02-06 20:16:08.070629|ioService-0x000072a2af5fe6c0|[DEFAULT][HTTP][SESSION][onRead]receive http request
info|2026-02-06 20:16:11.071270|ioService-0x000072a2af5fe6c0|[DEFAULT][HTTP][SESSION][onRead]receive http request
info|2026-02-06 20:16:11.822413|timerFactory-0x000072a2c63ff6c0|[RPC][WS][SERVICE]connected nodes,count=0
info|2026-02-06 20:16:11.846320|timerFactory-0x000072a2b69ff6c0|[RPC][WS][SERVICE]connected nodes,count=0
info|2026-02-06 20:16:11.896964|ioService-0x000072a2d73fe6c0|[P2PService][Service][METRIC]heartBeat,connected count=3
info|2026-02-06 20:16:14.072095|ioService-0x000072a2af5fe6c0|[DEFAULT][HTTP][SESSION][onRead]receive http request
info|2026-02-06 20:16:17.073143|ioService-0x000072a2af5fe6c0|[DEFAULT][HTTP][SESSION][onRead]receive http request
info|2026-02-06 20:16:20.075216|ioService-0x000072a2af5fe6c0|[DEFAULT][HTTP][SESSION][onRead]receive http request
info|2026-02-06 20:16:21.822655|timerFactory-0x000072a2c63ff6c0|[RPC][WS][SERVICE]connected nodes,count=0
info|2026-02-06 20:16:21.846479|timerFactory-0x000072a2b69ff6c0|[RPC][WS][SERVICE]connected nodes,count=0
info|2026-02-06 20:16:21.897643|ioService-0x000072a2d73fe6c0|[P2PService][Service][METRIC]heartBeat,connected count=3
info|2026-02-06 20:16:23.076310|ioService-0x000072a2af5fe6c0|[DEFAULT][HTTP][SESSION][onRead]receive http request
info|2026-02-06 20:16:26.077783|ioService-0x000072a2af5fe6c0|[DEFAULT][HTTP][SESSION][onRead]receive http request
info|2026-02-06 20:16:29.078397|ioService-0x000072a2af5fe6c0|[DEFAULT][HTTP][SESSION][onRead]receive http request
info|2026-02-06 20:16:30.824962|objMonitor-0x000072a2a55ff6c0|[startMonitor][AliveObjectMonitor],AliveObjectAllocStat=[ type: bcos::gateway::Socket ,created: 10 ,destroyed: 6 ,alive: 4 ] 
info|2026-02-06 20:16:31.822865|timerFactory-0x000072a2c63ff6c0|[RPC][WS][SERVICE]connected nodes,count=0
info|2026-02-06 20:16:31.846614|timerFactory-0x000072a2b69ff6c0|[RPC][WS][SERVICE]connected nodes,count=0
info|2026-02-06 20:16:31.897964|ioService-0x000072a2d73fe6c0|[P2PService][Service][METRIC]heartBeat,connected count=3
info|2026-02-06 20:16:32.080068|ioService-0x000072a2af5fe6c0|[DEFAULT][HTTP][SESSION][onRead]receive http request
info|2026-02-06 20:16:35.079662|ioService-0x000072a2af5fe6c0|[DEFAULT][HTTP][SESSION][onRead]receive http request
info|2026-02-06 20:16:38.079172|ioService-0x000072a2af5fe6c0|[DEFAULT][HTTP][SESSION][onRead]receive http request
info|2026-02-06 20:16:41.078698|ioService-0x000072a2af5fe6c0|[DEFAULT][HTTP][SESSION][onRead]receive http request
info|2026-02-06 20:16:41.823065|timerFactory-0x000072a2c63ff6c0|[RPC][WS][SERVICE]connected nodes,count=0
info|2026-02-06 20:16:41.846716|timerFactory-0x000072a2b69ff6c0|[RPC][WS][SERVICE]connected nodes,count=0
info|2026-02-06 20:16:41.898282|ioService-0x000072a2d73fe6c0|[P2PService][Service][METRIC]heartBeat,connected count=3
info|2026-02-06 20:16:44.079852|ioService-0x000072a2af5fe6c0|[DEFAULT][HTTP][SESSION][onRead]receive http request
info|2026-02-06 20:16:47.084003|ioService-0x000072a2af5fe6c0|[DEFAULT][HTTP][SESSION][onRead]receive http request
info|2026-02-06 20:16:50.082568|ioService-0x000072a2af5fe6c0|[DEFAULT][HTTP][SESSION][onRead]receive http request
info|2026-02-06 20:16:51.823192|timerFactory-0x000072a2c63ff6c0|[RPC][WS][SERVICE]connected nodes,count=0
info|2026-02-06 20:16:51.846868|timerFactory-0x000072a2b69ff6c0|[RPC][WS][SERVICE]connected nodes,count=0
info|2026-02-06 20:16:51.898516|ioService-0x000072a2d73fe6c0|[P2PService][Service][METRIC]heartBeat,connected count=3
info|2026-02-06 20:16:53.085617|ioService-0x000072a2af5fe6c0|[DEFAULT][HTTP][SESSION][onRead]receive http request
info|2026-02-06 20:16:56.085469|ioService-0x000072a2af5fe6c0|[DEFAULT][HTTP][SESSION][onRead]receive http request
info|2026-02-06 20:16:59.087048|ioService-0x000072a2af5fe6c0|[DEFAULT][HTTP][SESSION][onRead]receive http request
info|2026-02-06 20:17:01.823308|timerFactory-0x000072a2c63ff6c0|[RPC][WS][SERVICE]connected nodes,count=0
info|2026-02-06 20:17:01.846981|timerFactory-0x000072a2b69ff6c0|[RPC][WS][SERVICE]connected nodes,count=0
info|2026-02-06 20:17:01.898703|ioService-0x000072a2d73fe6c0|[P2PService][Service][METRIC]heartBeat,connected count=3
info|2026-02-06 20:17:02.088355|ioService-0x000072a2af5fe6c0|[DEFAULT][HTTP][SESSION][onRead]receive http request
info|2026-02-06 20:17:05.090310|ioService-0x000072a2af5fe6c0|[DEFAULT][HTTP][SESSION][onRead]receive http request
info|2026-02-06 20:17:08.086374|ioService-0x000072a2af5fe6c0|[DEFAULT][HTTP][SESSION][onRead]receive http request
info|2026-02-06 20:17:11.087205|ioService-0x000072a2af5fe6c0|[DEFAULT][HTTP][SESSION][onRead]receive http request
info|2026-02-06 20:17:11.823479|timerFactory-0x000072a2c63ff6c0|[RPC][WS][SERVICE]connected nodes,count=0
info|2026-02-06 20:17:11.847167|timerFactory-0x000072a2b69ff6c0|[RPC][WS][SERVICE]connected nodes,count=0
info|2026-02-06 20:17:11.898937|ioService-0x000072a2d73fe6c0|[P2PService][Service][METRIC]heartBeat,connected count=3
info|2026-02-06 20:17:14.088554|ioService-0x000072a2af5fe6c0|[DEFAULT][HTTP][SESSION][onRead]receive http request
info|2026-02-06 20:17:17.089311|ioService-0x000072a2af5fe6c0|[DEFAULT][HTTP][SESSION][onRead]receive http request
info|2026-02-06 20:17:20.088918|ioService-0x000072a2af5fe6c0|[DEFAULT][HTTP][SESSION][onRead]receive http request
info|2026-02-06 20:17:21.823666|timerFactory-0x000072a2c63ff6c0|[RPC][WS][SERVICE]connected nodes,count=0
info|2026-02-06 20:17:21.847301|timerFactory-0x000072a2b69ff6c0|[RPC][WS][SERVICE]connected nodes,count=0
info|2026-02-06 20:17:21.899160|ioService-0x000072a2d73fe6c0|[P2PService][Service][METRIC]heartBeat,connected count=3
info|2026-02-06 20:17:23.090442|ioService-0x000072a2af5fe6c0|[DEFAULT][HTTP][SESSION][onRead]receive http request
info|2026-02-06 20:17:26.091805|ioService-0x000072a2af5fe6c0|[DEFAULT][HTTP][SESSION][onRead]receive http request
info|2026-02-06 20:17:29.095546|ioService-0x000072a2af5fe6c0|[DEFAULT][HTTP][SESSION][onRead]receive http request
info|2026-02-06 20:17:30.820079|objMonitor-0x000072a2a55ff6c0|[startMonitor][AliveObjectMonitor],AliveObjectAllocStat=[ type: bcos::gateway::Socket ,created: 10 ,destroyed: 6 ,alive: 4 ] [ type: bcos::gateway::ResponseCallback ,created: 152475 ,destroyed: 152471 ,alive: 4 ] 
info|2026-02-06 20:17:31.823812|timerFactory-0x000072a2c63ff6c0|[RPC][WS][SERVICE]connected nodes,count=0
info|2026-02-06 20:17:31.847457|timerFactory-0x000072a2b69ff6c0|[RPC][WS][SERVICE]connected nodes,count=0
info|2026-02-06 20:17:31.899418|ioService-0x000072a2d73fe6c0|[P2PService][Service][METRIC]heartBeat,connected count=3
info|2026-02-06 20:17:32.095947|ioService-0x000072a2af5fe6c0|[DEFAULT][HTTP][SESSION][onRead]receive http request
info|2026-02-06 20:17:35.097813|ioService-0x000072a2af5fe6c0|[DEFAULT][HTTP][SESSION][onRead]receive http request
info|2026-02-06 20:17:38.095556|ioService-0x000072a2af5fe6c0|[DEFAULT][HTTP][SESSION][onRead]receive http request
info|2026-02-06 20:17:41.096605|ioService-0x000072a2af5fe6c0|[DEFAULT][HTTP][SESSION][onRead]receive http request
info|2026-02-06 20:17:41.824012|timerFactory-0x000072a2c63ff6c0|[RPC][WS][SERVICE]connected nodes,count=0
info|2026-02-06 20:17:41.847695|timerFactory-0x000072a2b69ff6c0|[RPC][WS][SERVICE]connected nodes,count=0
info|2026-02-06 20:17:41.899702|ioService-0x000072a2d73fe6c0|[P2PService][Service][METRIC]heartBeat,connected count=3
info|2026-02-06 20:17:44.096856|ioService-0x000072a2af5fe6c0|[DEFAULT][HTTP][SESSION][onRead]receive http request
info|2026-02-06 20:17:47.098239|ioService-0x000072a2af5fe6c0|[DEFAULT][HTTP][SESSION][onRead]receive http request
info|2026-02-06 20:17:50.098220|ioService-0x000072a2af5fe6c0|[DEFAULT][HTTP][SESSION][onRead]receive http request
info|2026-02-06 20:17:51.824337|timerFactory-0x000072a2c63ff6c0|[RPC][WS][SERVICE]connected nodes,count=0
info|2026-02-06 20:17:51.847937|timerFactory-0x000072a2b69ff6c0|[RPC][WS][SERVICE]connected nodes,count=0
info|2026-02-06 20:17:51.899939|ioService-0x000072a2d73fe6c0|[P2PService][Service][METRIC]heartBeat,connected count=3
info|2026-02-06 20:17:53.099677|ioService-0x000072a2af5fe6c0|[DEFAULT][HTTP][SESSION][onRead]receive http request
info|2026-02-06 20:17:56.098964|ioService-0x000072a2af5fe6c0|[DEFAULT][HTTP][SESSION][onRead]receive http request
info|2026-02-06 20:17:59.101385|ioService-0x000072a2af5fe6c0|[DEFAULT][HTTP][SESSION][onRead]receive http request
info|2026-02-06 20:18:01.824770|timerFactory-0x000072a2c63ff6c0|[RPC][WS][SERVICE]connected nodes,count=0
info|2026-02-06 20:18:01.848154|timerFactory-0x000072a2b69ff6c0|[RPC][WS][SERVICE]connected nodes,count=0
info|2026-02-06 20:18:01.900329|ioService-0x000072a2d73fe6c0|[P2PService][Service][METRIC]heartBeat,connected count=3
info|2026-02-06 20:18:02.102657|ioService-0x000072a2af5fe6c0|[DEFAULT][HTTP][SESSION][onRead]receive http request
info|2026-02-06 20:18:05.103607|ioService-0x000072a2af5fe6c0|[DEFAULT][HTTP][SESSION][onRead]receive http request
info|2026-02-06 20:18:08.102109|ioService-0x000072a2af5fe6c0|[DEFAULT][HTTP][SESSION][onRead]receive http request
info|2026-02-06 20:18:11.102723|ioService-0x000072a2af5fe6c0|[DEFAULT][HTTP][SESSION][onRead]receive http request
info|2026-02-06 20:18:11.825054|timerFactory-0x000072a2c63ff6c0|[RPC][WS][SERVICE]connected nodes,count=0
info|2026-02-06 20:18:11.848293|timerFactory-0x000072a2b69ff6c0|[RPC][WS][SERVICE]connected nodes,count=0
info|2026-02-06 20:18:11.900581|ioService-0x000072a2d73fe6c0|[P2PService][Service][METRIC]heartBeat,connected count=3
info|2026-02-06 20:18:14.104032|ioService-0x000072a2af5fe6c0|[DEFAULT][HTTP][SESSION][onRead]receive http request
info|2026-02-06 20:18:17.105074|ioService-0x000072a2af5fe6c0|[DEFAULT][HTTP][SESSION][onRead]receive http request
info|2026-02-06 20:18:20.106664|ioService-0x000072a2af5fe6c0|[DEFAULT][HTTP][SESSION][onRead]receive http request
info|2026-02-06 20:18:21.825167|timerFactory-0x000072a2c63ff6c0|[RPC][WS][SERVICE]connected nodes,count=0
info|2026-02-06 20:18:21.848406|timerFactory-0x000072a2b69ff6c0|[RPC][WS][SERVICE]connected nodes,count=0
info|2026-02-06 20:18:21.900873|ioService-0x000072a2d73fe6c0|[P2PService][Service][METRIC]heartBeat,connected count=3
info|2026-02-06 20:18:23.107783|ioService-0x000072a2af5fe6c0|[DEFAULT][HTTP][SESSION][onRead]receive http request
info|2026-02-06 20:18:26.108492|ioService-0x000072a2af5fe6c0|[DEFAULT][HTTP][SESSION][onRead]receive http request
info|2026-02-06 20:18:29.109395|ioService-0x000072a2af5fe6c0|[DEFAULT][HTTP][SESSION][onRead]receive http request
info|2026-02-06 20:18:30.815053|objMonitor-0x000072a2a55ff6c0|[startMonitor][AliveObjectMonitor],AliveObjectAllocStat=[ type: bcos::gateway::Socket ,created: 10 ,destroyed: 6 ,alive: 4 ] 
info|2026-02-06 20:18:31.825261|timerFactory-0x000072a2c63ff6c0|[RPC][WS][SERVICE]connected nodes,count=0
info|2026-02-06 20:18:31.848577|timerFactory-0x000072a2b69ff6c0|[RPC][WS][SERVICE]connected nodes,count=0
info|2026-02-06 20:18:31.901102|ioService-0x000072a2d73fe6c0|[P2PService][Service][METRIC]heartBeat,connected count=3
info|2026-02-06 20:18:32.110633|ioService-0x000072a2af5fe6c0|[DEFAULT][HTTP][SESSION][onRead]receive http request
info|2026-02-06 20:18:35.110591|ioService-0x000072a2af5fe6c0|[DEFAULT][HTTP][SESSION][onRead]receive http request
info|2026-02-06 20:18:38.109829|ioService-0x000072a2af5fe6c0|[DEFAULT][HTTP][SESSION][onRead]receive http request
info|2026-02-06 20:18:41.110521|ioService-0x000072a2af5fe6c0|[DEFAULT][HTTP][SESSION][onRead]receive http request
info|2026-02-06 20:18:41.825438|timerFactory-0x000072a2c63ff6c0|[RPC][WS][SERVICE]connected nodes,count=0
info|2026-02-06 20:18:41.848684|timerFactory-0x000072a2b69ff6c0|[RPC][WS][SERVICE]connected nodes,count=0
info|2026-02-06 20:18:41.901420|ioService-0x000072a2d73fe6c0|[P2PService][Service][METRIC]heartBeat,connected count=3
info|2026-02-06 20:18:44.111798|ioService-0x000072a2af5fe6c0|[DEFAULT][HTTP][SESSION][onRead]receive http request
info|2026-02-06 20:18:47.111809|ioService-0x000072a2af5fe6c0|[DEFAULT][HTTP][SESSION][onRead]receive http request
info|2026-02-06 20:18:50.113027|ioService-0x000072a2af5fe6c0|[DEFAULT][HTTP][SESSION][onRead]receive http request
info|2026-02-06 20:18:51.825563|timerFactory-0x000072a2c63ff6c0|[RPC][WS][SERVICE]connected nodes,count=0
info|2026-02-06 20:18:51.848800|timerFactory-0x000072a2b69ff6c0|[RPC][WS][SERVICE]connected nodes,count=0
info|2026-02-06 20:18:51.901642|ioService-0x000072a2d73fe6c0|[P2PService][Service][METRIC]heartBeat,connected count=3
info|2026-02-06 20:18:53.113873|ioService-0x000072a2af5fe6c0|[DEFAULT][HTTP][SESSION][onRead]receive http request
info|2026-02-06 20:18:56.114954|ioService-0x000072a2af5fe6c0|[DEFAULT][HTTP][SESSION][onRead]receive http request
info|2026-02-06 20:18:59.116404|ioService-0x000072a2af5fe6c0|[DEFAULT][HTTP][SESSION][onRead]receive http request
info|2026-02-06 20:19:01.825887|timerFactory-0x000072a2c63ff6c0|[RPC][WS][SERVICE]connected nodes,count=0
info|2026-02-06 20:19:01.849031|timerFactory-0x000072a2b69ff6c0|[RPC][WS][SERVICE]connected nodes,count=0
info|2026-02-06 20:19:01.902209|ioService-0x000072a2d73fe6c0|[P2PService][Service][METRIC]heartBeat,connected count=3
info|2026-02-06 20:19:02.119382|ioService-0x000072a2af5fe6c0|[DEFAULT][HTTP][SESSION][onRead]receive http request
info|2026-02-06 20:19:05.120306|ioService-0x000072a2af5fe6c0|[DEFAULT][HTTP][SESSION][onRead]receive http request
info|2026-02-06 20:19:08.109839|ioService-0x000072a2af5fe6c0|[DEFAULT][HTTP][SESSION][onRead]receive http request
info|2026-02-06 20:19:11.108718|ioService-0x000072a2af5fe6c0|[DEFAULT][HTTP][SESSION][onRead]receive http request
info|2026-02-06 20:19:11.826381|timerFactory-0x000072a2c63ff6c0|[RPC][WS][SERVICE]connected nodes,count=0
info|2026-02-06 20:19:11.849152|timerFactory-0x000072a2b69ff6c0|[RPC][WS][SERVICE]connected nodes,count=0
info|2026-02-06 20:19:11.902680|ioService-0x000072a2d73fe6c0|[P2PService][Service][METRIC]heartBeat,connected count=3
info|2026-02-06 20:19:14.109518|ioService-0x000072a2af5fe6c0|[DEFAULT][HTTP][SESSION][onRead]receive http request
info|2026-02-06 20:19:17.111010|ioService-0x000072a2af5fe6c0|[DEFAULT][HTTP][SESSION][onRead]receive http request
info|2026-02-06 20:19:20.111796|ioService-0x000072a2af5fe6c0|[DEFAULT][HTTP][SESSION][onRead]receive http request
info|2026-02-06 20:19:21.826590|timerFactory-0x000072a2c63ff6c0|[RPC][WS][SERVICE]connected nodes,count=0
info|2026-02-06 20:19:21.849291|timerFactory-0x000072a2b69ff6c0|[RPC][WS][SERVICE]connected nodes,count=0
info|2026-02-06 20:19:21.903014|ioService-0x000072a2d73fe6c0|[P2PService][Service][METRIC]heartBeat,connected count=3
info|2026-02-06 20:19:23.111338|ioService-0x000072a2af5fe6c0|[DEFAULT][HTTP][SESSION][onRead]receive http request
info|2026-02-06 20:19:26.112217|ioService-0x000072a2af5fe6c0|[DEFAULT][HTTP][SESSION][onRead]receive http request
info|2026-02-06 20:19:29.113427|ioService-0x000072a2af5fe6c0|[DEFAULT][HTTP][SESSION][onRead]receive http request
info|2026-02-06 20:19:30.800607|objMonitor-0x000072a2a55ff6c0|[startMonitor][AliveObjectMonitor],AliveObjectAllocStat=[ type: bcos::gateway::Socket ,created: 10 ,destroyed: 6 ,alive: 4 ] 
info|2026-02-06 20:19:31.826768|timerFactory-0x000072a2c63ff6c0|[RPC][WS][SERVICE]connected nodes,count=0
info|2026-02-06 20:19:31.849470|timerFactory-0x000072a2b69ff6c0|[RPC][WS][SERVICE]connected nodes,count=0
info|2026-02-06 20:19:31.903266|ioService-0x000072a2d73fe6c0|[P2PService][Service][METRIC]heartBeat,connected count=3
info|2026-02-06 20:19:32.115248|ioService-0x000072a2af5fe6c0|[DEFAULT][HTTP][SESSION][onRead]receive http request
info|2026-02-06 20:19:35.116873|ioService-0x000072a2af5fe6c0|[DEFAULT][HTTP][SESSION][onRead]receive http request
info|2026-02-06 20:19:38.123864|ioService-0x000072a2af5fe6c0|[DEFAULT][HTTP][SESSION][onRead]receive http request
info|2026-02-06 20:19:41.126438|ioService-0x000072a2af5fe6c0|[DEFAULT][HTTP][SESSION][onRead]receive http request
info|2026-02-06 20:19:41.834028|timerFactory-0x000072a2c63ff6c0|[RPC][WS][SERVICE]connected nodes,count=0
info|2026-02-06 20:19:41.856730|timerFactory-0x000072a2b69ff6c0|[RPC][WS][SERVICE]connected nodes,count=0
info|2026-02-06 20:19:41.904036|ioService-0x000072a2d73fe6c0|[P2PService][Service][METRIC]heartBeat,connected count=3
info|2026-02-06 20:19:44.126606|ioService-0x000072a2af5fe6c0|[DEFAULT][HTTP][SESSION][onRead]receive http request
info|2026-02-06 20:19:47.128305|ioService-0x000072a2af5fe6c0|[DEFAULT][HTTP][SESSION][onRead]receive http request
info|2026-02-06 20:19:50.129519|ioService-0x000072a2af5fe6c0|[DEFAULT][HTTP][SESSION][onRead]receive http request
info|2026-02-06 20:19:51.834270|timerFactory-0x000072a2c63ff6c0|[RPC][WS][SERVICE]connected nodes,count=0
info|2026-02-06 20:19:51.856900|timerFactory-0x000072a2b69ff6c0|[RPC][WS][SERVICE]connected nodes,count=0
info|2026-02-06 20:19:51.904312|ioService-0x000072a2d73fe6c0|[P2PService][Service][METRIC]heartBeat,connected count=3
info|2026-02-06 20:19:53.129582|ioService-0x000072a2af5fe6c0|[DEFAULT][HTTP][SESSION][onRead]receive http request
info|2026-02-06 20:19:56.131077|ioService-0x000072a2af5fe6c0|[DEFAULT][HTTP][SESSION][onRead]receive http request
info|2026-02-06 20:19:59.132582|ioService-0x000072a2af5fe6c0|[DEFAULT][HTTP][SESSION][onRead]receive http request
info|2026-02-06 20:20:01.834493|timerFactory-0x000072a2c63ff6c0|[RPC][WS][SERVICE]connected nodes,count=0
info|2026-02-06 20:20:01.857330|timerFactory-0x000072a2b69ff6c0|[RPC][WS][SERVICE]connected nodes,count=0
info|2026-02-06 20:20:01.904734|ioService-0x000072a2d73fe6c0|[P2PService][Service][METRIC]heartBeat,connected count=3
info|2026-02-06 20:20:02.132078|ioService-0x000072a2af5fe6c0|[DEFAULT][HTTP][SESSION][onRead]receive http request
info|2026-02-06 20:20:05.134505|ioService-0x000072a2af5fe6c0|[DEFAULT][HTTP][SESSION][onRead]receive http request
info|2026-02-06 20:20:08.132192|ioService-0x000072a2af5fe6c0|[DEFAULT][HTTP][SESSION][onRead]receive http request
info|2026-02-06 20:20:11.132300|ioService-0x000072a2af5fe6c0|[DEFAULT][HTTP][SESSION][onRead]receive http request
info|2026-02-06 20:20:11.834616|timerFactory-0x000072a2c63ff6c0|[RPC][WS][SERVICE]connected nodes,count=0
info|2026-02-06 20:20:11.857447|timerFactory-0x000072a2b69ff6c0|[RPC][WS][SERVICE]connected nodes,count=0
info|2026-02-06 20:20:11.904945|ioService-0x000072a2d73fe6c0|[P2PService][Service][METRIC]heartBeat,connected count=3
info|2026-02-06 20:20:14.133813|ioService-0x000072a2af5fe6c0|[DEFAULT][HTTP][SESSION][onRead]receive http request
info|2026-02-06 20:20:17.135220|ioService-0x000072a2af5fe6c0|[DEFAULT][HTTP][SESSION][onRead]receive http request
info|2026-02-06 20:20:20.135290|ioService-0x000072a2af5fe6c0|[DEFAULT][HTTP][SESSION][onRead]receive http request
info|2026-02-06 20:20:21.834818|timerFactory-0x000072a2c63ff6c0|[RPC][WS][SERVICE]connected nodes,count=0
info|2026-02-06 20:20:21.857702|timerFactory-0x000072a2b69ff6c0|[RPC][WS][SERVICE]connected nodes,count=0
info|2026-02-06 20:20:21.905337|ioService-0x000072a2d73fe6c0|[P2PService][Service][METRIC]heartBeat,connected count=3
info|2026-02-06 20:20:23.136802|ioService-0x000072a2af5fe6c0|[DEFAULT][HTTP][SESSION][onRead]receive http request
info|2026-02-06 20:20:26.138847|ioService-0x000072a2af5fe6c0|[DEFAULT][HTTP][SESSION][onRead]receive http request
info|2026-02-06 20:20:29.139273|ioService-0x000072a2af5fe6c0|[DEFAULT][HTTP][SESSION][onRead]receive http request
info|2026-02-06 20:20:30.805191|objMonitor-0x000072a2a55ff6c0|[startMonitor][AliveObjectMonitor],AliveObjectAllocStat=[ type: bcos::gateway::Socket ,created: 10 ,destroyed: 6 ,alive: 4 ] [ type: bcos::gateway::ResponseCallback ,created: 155163 ,destroyed: 155158 ,alive: 5 ] 
info|2026-02-06 20:20:31.835031|timerFactory-0x000072a2c63ff6c0|[RPC][WS][SERVICE]connected nodes,count=0
info|2026-02-06 20:20:31.857868|timerFactory-0x000072a2b69ff6c0|[RPC][WS][SERVICE]connected nodes,count=0
info|2026-02-06 20:20:31.905591|ioService-0x000072a2d73fe6c0|[P2PService][Service][METRIC]heartBeat,connected count=3
info|2026-02-06 20:20:32.140282|ioService-0x000072a2af5fe6c0|[DEFAULT][HTTP][SESSION][onRead]receive http request
info|2026-02-06 20:20:35.140693|ioService-0x000072a2af5fe6c0|[DEFAULT][HTTP][SESSION][onRead]receive http request
info|2026-02-06 20:20:38.139463|ioService-0x000072a2af5fe6c0|[DEFAULT][HTTP][SESSION][onRead]receive http request
info|2026-02-06 20:20:41.139895|ioService-0x000072a2af5fe6c0|[DEFAULT][HTTP][SESSION][onRead]receive http request
info|2026-02-06 20:20:41.835704|timerFactory-0x000072a2c63ff6c0|[RPC][WS][SERVICE]connected nodes,count=0
info|2026-02-06 20:20:41.858134|timerFactory-0x000072a2b69ff6c0|[RPC][WS][SERVICE]connected nodes,count=0
info|2026-02-06 20:20:41.905748|ioService-0x000072a2d73fe6c0|[P2PService][Service][METRIC]heartBeat,connected count=3
info|2026-02-06 20:20:44.141987|ioService-0x000072a2af5fe6c0|[DEFAULT][HTTP][SESSION][onRead]receive http request
info|2026-02-06 20:20:47.146034|ioService-0x000072a2af5fe6c0|[DEFAULT][HTTP][SESSION][onRead]receive http request
info|2026-02-06 20:20:50.152213|ioService-0x000072a2af5fe6c0|[DEFAULT][HTTP][SESSION][onRead]receive http request
info|2026-02-06 20:20:51.835908|timerFactory-0x000072a2c63ff6c0|[RPC][WS][SERVICE]connected nodes,count=0
info|2026-02-06 20:20:51.858301|timerFactory-0x000072a2b69ff6c0|[RPC][WS][SERVICE]connected nodes,count=0
info|2026-02-06 20:20:51.905950|ioService-0x000072a2d73fe6c0|[P2PService][Service][METRIC]heartBeat,connected count=3
info|2026-02-06 20:20:53.152118|ioService-0x000072a2af5fe6c0|[DEFAULT][HTTP][SESSION][onRead]receive http request
info|2026-02-06 20:20:56.153539|ioService-0x000072a2af5fe6c0|[DEFAULT][HTTP][SESSION][onRead]receive http request
info|2026-02-06 20:20:59.158479|ioService-0x000072a2af5fe6c0|[DEFAULT][HTTP][SESSION][onRead]receive http request
info|2026-02-06 20:21:01.836282|timerFactory-0x000072a2c63ff6c0|[RPC][WS][SERVICE]connected nodes,count=0
info|2026-02-06 20:21:01.858589|timerFactory-0x000072a2b69ff6c0|[RPC][WS][SERVICE]connected nodes,count=0
info|2026-02-06 20:21:01.906323|ioService-0x000072a2d73fe6c0|[P2PService][Service][METRIC]heartBeat,connected count=3
info|2026-02-06 20:21:02.159660|ioService-0x000072a2af5fe6c0|[DEFAULT][HTTP][SESSION][onRead]receive http request
info|2026-02-06 20:21:05.160166|ioService-0x000072a2af5fe6c0|[DEFAULT][HTTP][SESSION][onRead]receive http request
info|2026-02-06 20:21:08.158456|ioService-0x000072a2af5fe6c0|[DEFAULT][HTTP][SESSION][onRead]receive http request
info|2026-02-06 20:21:11.162557|ioService-0x000072a2af5fe6c0|[DEFAULT][HTTP][SESSION][onRead]receive http request
info|2026-02-06 20:21:11.836568|timerFactory-0x000072a2c63ff6c0|[RPC][WS][SERVICE]connected nodes,count=0
info|2026-02-06 20:21:11.858876|timerFactory-0x000072a2b69ff6c0|[RPC][WS][SERVICE]connected nodes,count=0
info|2026-02-06 20:21:11.906499|ioService-0x000072a2d73fe6c0|[P2PService][Service][METRIC]heartBeat,connected count=3
info|2026-02-06 20:21:14.159409|ioService-0x000072a2af5fe6c0|[DEFAULT][HTTP][SESSION][onRead]receive http request
info|2026-02-06 20:21:17.161405|ioService-0x000072a2af5fe6c0|[DEFAULT][HTTP][SESSION][onRead]receive http request
info|2026-02-06 20:21:20.162988|ioService-0x000072a2af5fe6c0|[DEFAULT][HTTP][SESSION][onRead]receive http request
info|2026-02-06 20:21:21.836811|timerFactory-0x000072a2c63ff6c0|[RPC][WS][SERVICE]connected nodes,count=0
info|2026-02-06 20:21:21.859024|timerFactory-0x000072a2b69ff6c0|[RPC][WS][SERVICE]connected nodes,count=0
info|2026-02-06 20:21:21.906804|ioService-0x000072a2d73fe6c0|[P2PService][Service][METRIC]heartBeat,connected count=3
info|2026-02-06 20:21:23.164917|ioService-0x000072a2af5fe6c0|[DEFAULT][HTTP][SESSION][onRead]receive http request
info|2026-02-06 20:21:26.165456|ioService-0x000072a2af5fe6c0|[DEFAULT][HTTP][SESSION][onRead]receive http request
info|2026-02-06 20:21:29.166971|ioService-0x000072a2af5fe6c0|[DEFAULT][HTTP][SESSION][onRead]receive http request
info|2026-02-06 20:21:30.801186|objMonitor-0x000072a2a55ff6c0|[startMonitor][AliveObjectMonitor],AliveObjectAllocStat=[ type: bcos::gateway::Socket ,created: 10 ,destroyed: 6 ,alive: 4 ] 
info|2026-02-06 20:21:31.837161|timerFactory-0x000072a2c63ff6c0|[RPC][WS][SERVICE]connected nodes,count=0
info|2026-02-06 20:21:31.859319|timerFactory-0x000072a2b69ff6c0|[RPC][WS][SERVICE]connected nodes,count=0
info|2026-02-06 20:21:31.907185|ioService-0x000072a2d73fe6c0|[P2PService][Service][METRIC]heartBeat,connected count=3
info|2026-02-06 20:21:32.168966|ioService-0x000072a2af5fe6c0|[DEFAULT][HTTP][SESSION][onRead]receive http request
info|2026-02-06 20:21:35.171539|ioService-0x000072a2af5fe6c0|[DEFAULT][HTTP][SESSION][onRead]receive http request
info|2026-02-06 20:21:38.169307|ioService-0x000072a2af5fe6c0|[DEFAULT][HTTP][SESSION][onRead]receive http request
info|2026-02-06 20:21:41.169133|ioService-0x000072a2af5fe6c0|[DEFAULT][HTTP][SESSION][onRead]receive http request
info|2026-02-06 20:21:41.837308|timerFactory-0x000072a2c63ff6c0|[RPC][WS][SERVICE]connected nodes,count=0
info|2026-02-06 20:21:41.859526|timerFactory-0x000072a2b69ff6c0|[RPC][WS][SERVICE]connected nodes,count=0
info|2026-02-06 20:21:41.909759|ioService-0x000072a2d73fe6c0|[P2PService][Service][METRIC]heartBeat,connected count=3
info|2026-02-06 20:21:44.170597|ioService-0x000072a2af5fe6c0|[DEFAULT][HTTP][SESSION][onRead]receive http request
info|2026-02-06 20:21:47.170583|ioService-0x000072a2af5fe6c0|[DEFAULT][HTTP][SESSION][onRead]receive http request
info|2026-02-06 20:21:50.170690|ioService-0x000072a2af5fe6c0|[DEFAULT][HTTP][SESSION][onRead]receive http request
info|2026-02-06 20:21:51.837526|timerFactory-0x000072a2c63ff6c0|[RPC][WS][SERVICE]connected nodes,count=0
info|2026-02-06 20:21:51.859759|timerFactory-0x000072a2b69ff6c0|[RPC][WS][SERVICE]connected nodes,count=0
info|2026-02-06 20:21:51.910038|ioService-0x000072a2d73fe6c0|[P2PService][Service][METRIC]heartBeat,connected count=3
info|2026-02-06 20:21:53.173194|ioService-0x000072a2af5fe6c0|[DEFAULT][HTTP][SESSION][onRead]receive http request
info|2026-02-06 20:21:56.176186|ioService-0x000072a2af5fe6c0|[DEFAULT][HTTP][SESSION][onRead]receive http request
info|2026-02-06 20:21:59.174879|ioService-0x000072a2af5fe6c0|[DEFAULT][HTTP][SESSION][onRead]receive http request
info|2026-02-06 20:22:01.837742|timerFactory-0x000072a2c63ff6c0|[RPC][WS][SERVICE]connected nodes,count=0
info|2026-02-06 20:22:01.859958|timerFactory-0x000072a2b69ff6c0|[RPC][WS][SERVICE]connected nodes,count=0
info|2026-02-06 20:22:01.910373|ioService-0x000072a2d73fe6c0|[P2PService][Service][METRIC]heartBeat,connected count=3
info|2026-02-06 20:22:02.176019|ioService-0x000072a2af5fe6c0|[DEFAULT][HTTP][SESSION][onRead]receive http request
info|2026-02-06 20:22:05.177278|ioService-0x000072a2af5fe6c0|[DEFAULT][HTTP][SESSION][onRead]receive http request
info|2026-02-06 20:22:08.176941|ioService-0x000072a2af5fe6c0|[DEFAULT][HTTP][SESSION][onRead]receive http request
info|2026-02-06 20:22:11.176881|ioService-0x000072a2af5fe6c0|[DEFAULT][HTTP][SESSION][onRead]receive http request
info|2026-02-06 20:22:11.837998|timerFactory-0x000072a2c63ff6c0|[RPC][WS][SERVICE]connected nodes,count=0
info|2026-02-06 20:22:11.860073|timerFactory-0x000072a2b69ff6c0|[RPC][WS][SERVICE]connected nodes,count=0
info|2026-02-06 20:22:11.910728|ioService-0x000072a2d73fe6c0|[P2PService][Service][METRIC]heartBeat,connected count=3
info|2026-02-06 20:22:14.177866|ioService-0x000072a2af5fe6c0|[DEFAULT][HTTP][SESSION][onRead]receive http request
info|2026-02-06 20:22:17.179533|ioService-0x000072a2af5fe6c0|[DEFAULT][HTTP][SESSION][onRead]receive http request
info|2026-02-06 20:22:20.179915|ioService-0x000072a2af5fe6c0|[DEFAULT][HTTP][SESSION][onRead]receive http request
info|2026-02-06 20:22:21.838213|timerFactory-0x000072a2c63ff6c0|[RPC][WS][SERVICE]connected nodes,count=0
info|2026-02-06 20:22:21.860233|timerFactory-0x000072a2b69ff6c0|[RPC][WS][SERVICE]connected nodes,count=0
info|2026-02-06 20:22:21.911006|ioService-0x000072a2d73fe6c0|[P2PService][Service][METRIC]heartBeat,connected count=3
info|2026-02-06 20:22:23.180773|ioService-0x000072a2af5fe6c0|[DEFAULT][HTTP][SESSION][onRead]receive http request
info|2026-02-06 20:22:26.181829|ioService-0x000072a2af5fe6c0|[DEFAULT][HTTP][SESSION][onRead]receive http request
info|2026-02-06 20:22:29.183132|ioService-0x000072a2af5fe6c0|[DEFAULT][HTTP][SESSION][onRead]receive http request
info|2026-02-06 20:22:30.797265|objMonitor-0x000072a2a55ff6c0|[startMonitor][AliveObjectMonitor],AliveObjectAllocStat=[ type: bcos::gateway::Socket ,created: 10 ,destroyed: 6 ,alive: 4 ] 
info|2026-02-06 20:22:31.838506|timerFactory-0x000072a2c63ff6c0|[RPC][WS][SERVICE]connected nodes,count=0
info|2026-02-06 20:22:31.860519|timerFactory-0x000072a2b69ff6c0|[RPC][WS][SERVICE]connected nodes,count=0
info|2026-02-06 20:22:31.911508|ioService-0x000072a2d73fe6c0|[P2PService][Service][METRIC]heartBeat,connected count=3
info|2026-02-06 20:22:32.185026|ioService-0x000072a2af5fe6c0|[DEFAULT][HTTP][SESSION][onRead]receive http request
info|2026-02-06 20:22:35.183051|ioService-0x000072a2af5fe6c0|[DEFAULT][HTTP][SESSION][onRead]receive http request
info|2026-02-06 20:22:38.182961|ioService-0x000072a2af5fe6c0|[DEFAULT][HTTP][SESSION][onRead]receive http request
info|2026-02-06 20:22:41.187880|ioService-0x000072a2af5fe6c0|[DEFAULT][HTTP][SESSION][onRead]receive http request
info|2026-02-06 20:22:41.838876|timerFactory-0x000072a2c63ff6c0|[RPC][WS][SERVICE]connected nodes,count=0
info|2026-02-06 20:22:41.860991|timerFactory-0x000072a2b69ff6c0|[RPC][WS][SERVICE]connected nodes,count=0
info|2026-02-06 20:22:41.912176|ioService-0x000072a2d73fe6c0|[P2PService][Service][METRIC]heartBeat,connected count=3
info|2026-02-06 20:22:44.188138|ioService-0x000072a2af5fe6c0|[DEFAULT][HTTP][SESSION][onRead]receive http request
info|2026-02-06 20:22:47.186425|ioService-0x000072a2af5fe6c0|[DEFAULT][HTTP][SESSION][onRead]receive http request
info|2026-02-06 20:22:50.187246|ioService-0x000072a2af5fe6c0|[DEFAULT][HTTP][SESSION][onRead]receive http request
info|2026-02-06 20:22:51.839113|timerFactory-0x000072a2c63ff6c0|[RPC][WS][SERVICE]connected nodes,count=0
info|2026-02-06 20:22:51.861343|timerFactory-0x000072a2b69ff6c0|[RPC][WS][SERVICE]connected nodes,count=0
info|2026-02-06 20:22:51.912415|ioService-0x000072a2d73fe6c0|[P2PService][Service][METRIC]heartBeat,connected count=3
info|2026-02-06 20:22:53.188462|ioService-0x000072a2af5fe6c0|[DEFAULT][HTTP][SESSION][onRead]receive http request
info|2026-02-06 20:22:56.188967|ioService-0x000072a2af5fe6c0|[DEFAULT][HTTP][SESSION][onRead]receive http request
info|2026-02-06 20:22:59.191460|ioService-0x000072a2af5fe6c0|[DEFAULT][HTTP][SESSION][onRead]receive http request
info|2026-02-06 20:23:01.839669|timerFactory-0x000072a2c63ff6c0|[RPC][WS][SERVICE]connected nodes,count=0
info|2026-02-06 20:23:01.861926|timerFactory-0x000072a2b69ff6c0|[RPC][WS][SERVICE]connected nodes,count=0
info|2026-02-06 20:23:01.912749|ioService-0x000072a2d73fe6c0|[P2PService][Service][METRIC]heartBeat,connected count=3
info|2026-02-06 20:23:02.191570|ioService-0x000072a2af5fe6c0|[DEFAULT][HTTP][SESSION][onRead]receive http request
info|2026-02-06 20:23:05.192231|ioService-0x000072a2af5fe6c0|[DEFAULT][HTTP][SESSION][onRead]receive http request
info|2026-02-06 20:23:08.190130|ioService-0x000072a2af5fe6c0|[DEFAULT][HTTP][SESSION][onRead]receive http request
info|2026-02-06 20:23:11.190340|ioService-0x000072a2af5fe6c0|[DEFAULT][HTTP][SESSION][onRead]receive http request
info|2026-02-06 20:23:11.840335|timerFactory-0x000072a2c63ff6c0|[RPC][WS][SERVICE]connected nodes,count=0
info|2026-02-06 20:23:11.862167|timerFactory-0x000072a2b69ff6c0|[RPC][WS][SERVICE]connected nodes,count=0
info|2026-02-06 20:23:11.913943|ioService-0x000072a2d73fe6c0|[P2PService][Service][METRIC]heartBeat,connected count=3
info|2026-02-06 20:23:14.193044|ioService-0x000072a2af5fe6c0|[DEFAULT][HTTP][SESSION][onRead]receive http request
info|2026-02-06 20:23:17.193494|ioService-0x000072a2af5fe6c0|[DEFAULT][HTTP][SESSION][onRead]receive http request
info|2026-02-06 20:23:20.195932|ioService-0x000072a2af5fe6c0|[DEFAULT][HTTP][SESSION][onRead]receive http request
info|2026-02-06 20:23:21.840738|timerFactory-0x000072a2c63ff6c0|[RPC][WS][SERVICE]connected nodes,count=0
info|2026-02-06 20:23:21.862490|timerFactory-0x000072a2b69ff6c0|[RPC][WS][SERVICE]connected nodes,count=0
info|2026-02-06 20:23:21.914393|ioService-0x000072a2d73fe6c0|[P2PService][Service][METRIC]heartBeat,connected count=3
info|2026-02-06 20:23:23.196368|ioService-0x000072a2af5fe6c0|[DEFAULT][HTTP][SESSION][onRead]receive http request
info|2026-02-06 20:23:26.198065|ioService-0x000072a2af5fe6c0|[DEFAULT][HTTP][SESSION][onRead]receive http request
info|2026-02-06 20:23:29.198696|ioService-0x000072a2af5fe6c0|[DEFAULT][HTTP][SESSION][onRead]receive http request
info|2026-02-06 20:23:30.792175|objMonitor-0x000072a2a55ff6c0|[startMonitor][AliveObjectMonitor],AliveObjectAllocStat=[ type: bcos::gateway::Socket ,created: 10 ,destroyed: 6 ,alive: 4 ] 
info|2026-02-06 20:23:31.841026|timerFactory-0x000072a2c63ff6c0|[RPC][WS][SERVICE]connected nodes,count=0
info|2026-02-06 20:23:31.862822|timerFactory-0x000072a2b69ff6c0|[RPC][WS][SERVICE]connected nodes,count=0
info|2026-02-06 20:23:31.916445|ioService-0x000072a2d73fe6c0|[P2PService][Service][METRIC]heartBeat,connected count=3
info|2026-02-06 20:23:32.200283|ioService-0x000072a2af5fe6c0|[DEFAULT][HTTP][SESSION][onRead]receive http request
info|2026-02-06 20:23:35.200220|ioService-0x000072a2af5fe6c0|[DEFAULT][HTTP][SESSION][onRead]receive http request
info|2026-02-06 20:23:38.202366|ioService-0x000072a2af5fe6c0|[DEFAULT][HTTP][SESSION][onRead]receive http request
info|2026-02-06 20:23:41.201579|ioService-0x000072a2af5fe6c0|[DEFAULT][HTTP][SESSION][onRead]receive http request
info|2026-02-06 20:23:41.841252|timerFactory-0x000072a2c63ff6c0|[RPC][WS][SERVICE]connected nodes,count=0
info|2026-02-06 20:23:41.863124|timerFactory-0x000072a2b69ff6c0|[RPC][WS][SERVICE]connected nodes,count=0
info|2026-02-06 20:23:41.916729|ioService-0x000072a2d73fe6c0|[P2PService][Service][METRIC]heartBeat,connected count=3
info|2026-02-06 20:23:44.204336|ioService-0x000072a2af5fe6c0|[DEFAULT][HTTP][SESSION][onRead]receive http request
info|2026-02-06 20:23:47.203569|ioService-0x000072a2af5fe6c0|[DEFAULT][HTTP][SESSION][onRead]receive http request
info|2026-02-06 20:23:50.203494|ioService-0x000072a2af5fe6c0|[DEFAULT][HTTP][SESSION][onRead]receive http request
info|2026-02-06 20:23:51.841404|timerFactory-0x000072a2c63ff6c0|[RPC][WS][SERVICE]connected nodes,count=0
info|2026-02-06 20:23:51.863449|timerFactory-0x000072a2b69ff6c0|[RPC][WS][SERVICE]connected nodes,count=0
info|2026-02-06 20:23:51.917052|ioService-0x000072a2d73fe6c0|[P2PService][Service][METRIC]heartBeat,connected count=3
info|2026-02-06 20:23:53.204887|ioService-0x000072a2af5fe6c0|[DEFAULT][HTTP][SESSION][onRead]receive http request
info|2026-02-06 20:23:56.205756|ioService-0x000072a2af5fe6c0|[DEFAULT][HTTP][SESSION][onRead]receive http request
info|2026-02-06 20:23:59.206614|ioService-0x000072a2af5fe6c0|[DEFAULT][HTTP][SESSION][onRead]receive http request
info|2026-02-06 20:24:01.841495|timerFactory-0x000072a2c63ff6c0|[RPC][WS][SERVICE]connected nodes,count=0
info|2026-02-06 20:24:01.863597|timerFactory-0x000072a2b69ff6c0|[RPC][WS][SERVICE]connected nodes,count=0
info|2026-02-06 20:24:01.917157|ioService-0x000072a2d73fe6c0|[P2PService][Service][METRIC]heartBeat,connected count=3
info|2026-02-06 20:24:02.206626|ioService-0x000072a2af5fe6c0|[DEFAULT][HTTP][SESSION][onRead]receive http request
info|2026-02-06 20:24:05.208423|ioService-0x000072a2af5fe6c0|[DEFAULT][HTTP][SESSION][onRead]receive http request
info|2026-02-06 20:24:08.206592|ioService-0x000072a2af5fe6c0|[DEFAULT][HTTP][SESSION][onRead]receive http request
info|2026-02-06 20:24:11.207011|ioService-0x000072a2af5fe6c0|[DEFAULT][HTTP][SESSION][onRead]receive http request
info|2026-02-06 20:24:11.841678|timerFactory-0x000072a2c63ff6c0|[RPC][WS][SERVICE]connected nodes,count=0
info|2026-02-06 20:24:11.864338|timerFactory-0x000072a2b69ff6c0|[RPC][WS][SERVICE]connected nodes,count=0
info|2026-02-06 20:24:11.917405|ioService-0x000072a2d73fe6c0|[P2PService][Service][METRIC]heartBeat,connected count=3
info|2026-02-06 20:24:14.208548|ioService-0x000072a2af5fe6c0|[DEFAULT][HTTP][SESSION][onRead]receive http request
info|2026-02-06 20:24:17.208593|ioService-0x000072a2af5fe6c0|[DEFAULT][HTTP][SESSION][onRead]receive http request
info|2026-02-06 20:24:20.209402|ioService-0x000072a2af5fe6c0|[DEFAULT][HTTP][SESSION][onRead]receive http request
info|2026-02-06 20:24:21.841933|timerFactory-0x000072a2c63ff6c0|[RPC][WS][SERVICE]connected nodes,count=0
info|2026-02-06 20:24:21.864496|timerFactory-0x000072a2b69ff6c0|[RPC][WS][SERVICE]connected nodes,count=0
info|2026-02-06 20:24:21.917680|ioService-0x000072a2d73fe6c0|[P2PService][Service][METRIC]heartBeat,connected count=3
info|2026-02-06 20:24:23.208815|ioService-0x000072a2af5fe6c0|[DEFAULT][HTTP][SESSION][onRead]receive http request
info|2026-02-06 20:24:26.208869|ioService-0x000072a2af5fe6c0|[DEFAULT][HTTP][SESSION][onRead]receive http request
info|2026-02-06 20:24:29.208876|ioService-0x000072a2af5fe6c0|[DEFAULT][HTTP][SESSION][onRead]receive http request
info|2026-02-06 20:24:30.787872|objMonitor-0x000072a2a55ff6c0|[startMonitor][AliveObjectMonitor],AliveObjectAllocStat=[ type: bcos::gateway::Socket ,created: 10 ,destroyed: 6 ,alive: 4 ] 
info|2026-02-06 20:24:31.842091|timerFactory-0x000072a2c63ff6c0|[RPC][WS][SERVICE]connected nodes,count=0
info|2026-02-06 20:24:31.864653|timerFactory-0x000072a2b69ff6c0|[RPC][WS][SERVICE]connected nodes,count=0
info|2026-02-06 20:24:31.917919|ioService-0x000072a2d73fe6c0|[P2PService][Service][METRIC]heartBeat,connected count=3
info|2026-02-06 20:24:32.210022|ioService-0x000072a2af5fe6c0|[DEFAULT][HTTP][SESSION][onRead]receive http request
info|2026-02-06 20:24:35.210586|ioService-0x000072a2af5fe6c0|[DEFAULT][HTTP][SESSION][onRead]receive http request
info|2026-02-06 20:24:38.209978|ioService-0x000072a2af5fe6c0|[DEFAULT][HTTP][SESSION][onRead]receive http request
info|2026-02-06 20:24:41.211409|ioService-0x000072a2af5fe6c0|[DEFAULT][HTTP][SESSION][onRead]receive http request
info|2026-02-06 20:24:41.842255|timerFactory-0x000072a2c63ff6c0|[RPC][WS][SERVICE]connected nodes,count=0
info|2026-02-06 20:24:41.864745|timerFactory-0x000072a2b69ff6c0|[RPC][WS][SERVICE]connected nodes,count=0
info|2026-02-06 20:24:41.918140|ioService-0x000072a2d73fe6c0|[P2PService][Service][METRIC]heartBeat,connected count=3
info|2026-02-06 20:24:44.212302|ioService-0x000072a2af5fe6c0|[DEFAULT][HTTP][SESSION][onRead]receive http request
info|2026-02-06 20:24:47.213628|ioService-0x000072a2af5fe6c0|[DEFAULT][HTTP][SESSION][onRead]receive http request
info|2026-02-06 20:24:50.213681|ioService-0x000072a2af5fe6c0|[DEFAULT][HTTP][SESSION][onRead]receive http request
info|2026-02-06 20:24:51.842488|timerFactory-0x000072a2c63ff6c0|[RPC][WS][SERVICE]connected nodes,count=0
info|2026-02-06 20:24:51.864932|timerFactory-0x000072a2b69ff6c0|[RPC][WS][SERVICE]connected nodes,count=0
info|2026-02-06 20:24:51.918391|ioService-0x000072a2d73fe6c0|[P2PService][Service][METRIC]heartBeat,connected count=3
info|2026-02-06 20:24:53.213636|ioService-0x000072a2af5fe6c0|[DEFAULT][HTTP][SESSION][onRead]receive http request
info|2026-02-06 20:24:56.214886|ioService-0x000072a2af5fe6c0|[DEFAULT][HTTP][SESSION][onRead]receive http request
info|2026-02-06 20:24:59.216608|ioService-0x000072a2af5fe6c0|[DEFAULT][HTTP][SESSION][onRead]receive http request
info|2026-02-06 20:25:01.842628|timerFactory-0x000072a2c63ff6c0|[RPC][WS][SERVICE]connected nodes,count=0
info|2026-02-06 20:25:01.865188|timerFactory-0x000072a2b69ff6c0|[RPC][WS][SERVICE]connected nodes,count=0
info|2026-02-06 20:25:01.918834|ioService-0x000072a2d73fe6c0|[P2PService][Service][METRIC]heartBeat,connected count=3
info|2026-02-06 20:25:02.220783|ioService-0x000072a2af5fe6c0|[DEFAULT][HTTP][SESSION][onRead]receive http request
info|2026-02-06 20:25:05.218560|ioService-0x000072a2af5fe6c0|[DEFAULT][HTTP][SESSION][onRead]receive http request
info|2026-02-06 20:25:08.214089|ioService-0x000072a2af5fe6c0|[DEFAULT][HTTP][SESSION][onRead]receive http request
info|2026-02-06 20:25:11.217467|ioService-0x000072a2af5fe6c0|[DEFAULT][HTTP][SESSION][onRead]receive http request
info|2026-02-06 20:25:11.842764|timerFactory-0x000072a2c63ff6c0|[RPC][WS][SERVICE]connected nodes,count=0
info|2026-02-06 20:25:11.865682|timerFactory-0x000072a2b69ff6c0|[RPC][WS][SERVICE]connected nodes,count=0
info|2026-02-06 20:25:11.919149|ioService-0x000072a2d73fe6c0|[P2PService][Service][METRIC]heartBeat,connected count=3
info|2026-02-06 20:25:14.217651|ioService-0x000072a2af5fe6c0|[DEFAULT][HTTP][SESSION][onRead]receive http request
info|2026-02-06 20:25:17.218584|ioService-0x000072a2af5fe6c0|[DEFAULT][HTTP][SESSION][onRead]receive http request
info|2026-02-06 20:25:20.220473|ioService-0x000072a2af5fe6c0|[DEFAULT][HTTP][SESSION][onRead]receive http request
info|2026-02-06 20:25:21.842963|timerFactory-0x000072a2c63ff6c0|[RPC][WS][SERVICE]connected nodes,count=0
info|2026-02-06 20:25:21.866169|timerFactory-0x000072a2b69ff6c0|[RPC][WS][SERVICE]connected nodes,count=0
info|2026-02-06 20:25:21.919588|ioService-0x000072a2d73fe6c0|[P2PService][Service][METRIC]heartBeat,connected count=3
info|2026-02-06 20:25:23.221902|ioService-0x000072a2af5fe6c0|[DEFAULT][HTTP][SESSION][onRead]receive http request
info|2026-02-06 20:25:26.224216|ioService-0x000072a2af5fe6c0|[DEFAULT][HTTP][SESSION][onRead]receive http request
info|2026-02-06 20:25:29.228742|ioService-0x000072a2af5fe6c0|[DEFAULT][HTTP][SESSION][onRead]receive http request
info|2026-02-06 20:25:30.781684|objMonitor-0x000072a2a55ff6c0|[startMonitor][AliveObjectMonitor],AliveObjectAllocStat=[ type: bcos::gateway::Socket ,created: 10 ,destroyed: 6 ,alive: 4 ] 
info|2026-02-06 20:25:31.843284|timerFactory-0x000072a2c63ff6c0|[RPC][WS][SERVICE]connected nodes,count=0
info|2026-02-06 20:25:31.866425|timerFactory-0x000072a2b69ff6c0|[RPC][WS][SERVICE]connected nodes,count=0
info|2026-02-06 20:25:31.919818|ioService-0x000072a2d73fe6c0|[P2PService][Service][METRIC]heartBeat,connected count=3
info|2026-02-06 20:25:32.231794|ioService-0x000072a2af5fe6c0|[DEFAULT][HTTP][SESSION][onRead]receive http request
info|2026-02-06 20:25:35.232591|ioService-0x000072a2af5fe6c0|[DEFAULT][HTTP][SESSION][onRead]receive http request
info|2026-02-06 20:25:38.234256|ioService-0x000072a2af5fe6c0|[DEFAULT][HTTP][SESSION][onRead]receive http request
info|2026-02-06 20:25:41.233166|ioService-0x000072a2af5fe6c0|[DEFAULT][HTTP][SESSION][onRead]receive http request
info|2026-02-06 20:25:41.843581|timerFactory-0x000072a2c63ff6c0|[RPC][WS][SERVICE]connected nodes,count=0
info|2026-02-06 20:25:41.866789|timerFactory-0x000072a2b69ff6c0|[RPC][WS][SERVICE]connected nodes,count=0
info|2026-02-06 20:25:41.920168|ioService-0x000072a2d73fe6c0|[P2PService][Service][METRIC]heartBeat,connected count=3
info|2026-02-06 20:25:44.233127|ioService-0x000072a2af5fe6c0|[DEFAULT][HTTP][SESSION][onRead]receive http request
info|2026-02-06 20:25:47.232340|ioService-0x000072a2af5fe6c0|[DEFAULT][HTTP][SESSION][onRead]receive http request
info|2026-02-06 20:25:50.233797|ioService-0x000072a2af5fe6c0|[DEFAULT][HTTP][SESSION][onRead]receive http request
info|2026-02-06 20:25:51.843746|timerFactory-0x000072a2c63ff6c0|[RPC][WS][SERVICE]connected nodes,count=0
info|2026-02-06 20:25:51.866947|timerFactory-0x000072a2b69ff6c0|[RPC][WS][SERVICE]connected nodes,count=0
info|2026-02-06 20:25:51.920566|ioService-0x000072a2d73fe6c0|[P2PService][Service][METRIC]heartBeat,connected count=3
info|2026-02-06 20:25:53.235823|ioService-0x000072a2af5fe6c0|[DEFAULT][HTTP][SESSION][onRead]receive http request
info|2026-02-06 20:25:56.236865|ioService-0x000072a2af5fe6c0|[DEFAULT][HTTP][SESSION][onRead]receive http request
info|2026-02-06 20:25:59.238350|ioService-0x000072a2af5fe6c0|[DEFAULT][HTTP][SESSION][onRead]receive http request
info|2026-02-06 20:26:01.843891|timerFactory-0x000072a2c63ff6c0|[RPC][WS][SERVICE]connected nodes,count=0
info|2026-02-06 20:26:01.868110|timerFactory-0x000072a2b69ff6c0|[RPC][WS][SERVICE]connected nodes,count=0
info|2026-02-06 20:26:01.920857|ioService-0x000072a2d73fe6c0|[P2PService][Service][METRIC]heartBeat,connected count=3
info|2026-02-06 20:26:02.240441|ioService-0x000072a2af5fe6c0|[DEFAULT][HTTP][SESSION][onRead]receive http request
info|2026-02-06 20:26:05.239917|ioService-0x000072a2af5fe6c0|[DEFAULT][HTTP][SESSION][onRead]receive http request
info|2026-02-06 20:26:08.239289|ioService-0x000072a2af5fe6c0|[DEFAULT][HTTP][SESSION][onRead]receive http request
info|2026-02-06 20:26:11.242097|ioService-0x000072a2af5fe6c0|[DEFAULT][HTTP][SESSION][onRead]receive http request
info|2026-02-06 20:26:11.844043|timerFactory-0x000072a2c63ff6c0|[RPC][WS][SERVICE]connected nodes,count=0
info|2026-02-06 20:26:11.869322|timerFactory-0x000072a2b69ff6c0|[RPC][WS][SERVICE]connected nodes,count=0
info|2026-02-06 20:26:11.921108|ioService-0x000072a2d73fe6c0|[P2PService][Service][METRIC]heartBeat,connected count=3
info|2026-02-06 20:26:14.241865|ioService-0x000072a2af5fe6c0|[DEFAULT][HTTP][SESSION][onRead]receive http request
info|2026-02-06 20:26:17.242992|ioService-0x000072a2af5fe6c0|[DEFAULT][HTTP][SESSION][onRead]receive http request
info|2026-02-06 20:26:20.244254|ioService-0x000072a2af5fe6c0|[DEFAULT][HTTP][SESSION][onRead]receive http request
info|2026-02-06 20:26:21.844215|timerFactory-0x000072a2c63ff6c0|[RPC][WS][SERVICE]connected nodes,count=0
info|2026-02-06 20:26:21.869505|timerFactory-0x000072a2b69ff6c0|[RPC][WS][SERVICE]connected nodes,count=0
info|2026-02-06 20:26:21.921568|ioService-0x000072a2d73fe6c0|[P2PService][Service][METRIC]heartBeat,connected count=3
info|2026-02-06 20:26:23.245929|ioService-0x000072a2af5fe6c0|[DEFAULT][HTTP][SESSION][onRead]receive http request
info|2026-02-06 20:26:26.246507|ioService-0x000072a2af5fe6c0|[DEFAULT][HTTP][SESSION][onRead]receive http request
info|2026-02-06 20:26:29.248126|ioService-0x000072a2af5fe6c0|[DEFAULT][HTTP][SESSION][onRead]receive http request
info|2026-02-06 20:26:30.778877|objMonitor-0x000072a2a55ff6c0|[startMonitor][AliveObjectMonitor],AliveObjectAllocStat=[ type: bcos::gateway::Socket ,created: 10 ,destroyed: 6 ,alive: 4 ] 
info|2026-02-06 20:26:31.844449|timerFactory-0x000072a2c63ff6c0|[RPC][WS][SERVICE]connected nodes,count=0
info|2026-02-06 20:26:31.869841|timerFactory-0x000072a2b69ff6c0|[RPC][WS][SERVICE]connected nodes,count=0
info|2026-02-06 20:26:31.921757|ioService-0x000072a2d73fe6c0|[P2PService][Service][METRIC]heartBeat,connected count=3
info|2026-02-06 20:26:32.250055|ioService-0x000072a2af5fe6c0|[DEFAULT][HTTP][SESSION][onRead]receive http request
info|2026-02-06 20:26:35.252566|ioService-0x000072a2af5fe6c0|[DEFAULT][HTTP][SESSION][onRead]receive http request
info|2026-02-06 20:26:38.249628|ioService-0x000072a2af5fe6c0|[DEFAULT][HTTP][SESSION][onRead]receive http request
info|2026-02-06 20:26:41.249722|ioService-0x000072a2af5fe6c0|[DEFAULT][HTTP][SESSION][onRead]receive http request
info|2026-02-06 20:26:41.844627|timerFactory-0x000072a2c63ff6c0|[RPC][WS][SERVICE]connected nodes,count=0
info|2026-02-06 20:26:41.870044|timerFactory-0x000072a2b69ff6c0|[RPC][WS][SERVICE]connected nodes,count=0
info|2026-02-06 20:26:41.922032|ioService-0x000072a2d73fe6c0|[P2PService][Service][METRIC]heartBeat,connected count=3
info|2026-02-06 20:26:44.250024|ioService-0x000072a2af5fe6c0|[DEFAULT][HTTP][SESSION][onRead]receive http request
info|2026-02-06 20:26:47.250475|ioService-0x000072a2af5fe6c0|[DEFAULT][HTTP][SESSION][onRead]receive http request
info|2026-02-06 20:26:50.252180|ioService-0x000072a2af5fe6c0|[DEFAULT][HTTP][SESSION][onRead]receive http request
info|2026-02-06 20:26:51.844810|timerFactory-0x000072a2c63ff6c0|[RPC][WS][SERVICE]connected nodes,count=0
info|2026-02-06 20:26:51.870193|timerFactory-0x000072a2b69ff6c0|[RPC][WS][SERVICE]connected nodes,count=0
info|2026-02-06 20:26:51.922575|ioService-0x000072a2d73fe6c0|[P2PService][Service][METRIC]heartBeat,connected count=3
info|2026-02-06 20:26:53.251316|ioService-0x000072a2af5fe6c0|[DEFAULT][HTTP][SESSION][onRead]receive http request
info|2026-02-06 20:26:56.251692|ioService-0x000072a2af5fe6c0|[DEFAULT][HTTP][SESSION][onRead]receive http request
info|2026-02-06 20:26:59.255230|ioService-0x000072a2af5fe6c0|[DEFAULT][HTTP][SESSION][onRead]receive http request
info|2026-02-06 20:27:01.845093|timerFactory-0x000072a2c63ff6c0|[RPC][WS][SERVICE]connected nodes,count=0
info|2026-02-06 20:27:01.870339|timerFactory-0x000072a2b69ff6c0|[RPC][WS][SERVICE]connected nodes,count=0
info|2026-02-06 20:27:01.922849|ioService-0x000072a2d73fe6c0|[P2PService][Service][METRIC]heartBeat,connected count=3
info|2026-02-06 20:27:02.254246|ioService-0x000072a2af5fe6c0|[DEFAULT][HTTP][SESSION][onRead]receive http request
info|2026-02-06 20:27:05.255668|ioService-0x000072a2af5fe6c0|[DEFAULT][HTTP][SESSION][onRead]receive http request
info|2026-02-06 20:27:08.256041|ioService-0x000072a2af5fe6c0|[DEFAULT][HTTP][SESSION][onRead]receive http request
info|2026-02-06 20:27:11.257872|ioService-0x000072a2af5fe6c0|[DEFAULT][HTTP][SESSION][onRead]receive http request
info|2026-02-06 20:27:11.845385|timerFactory-0x000072a2c63ff6c0|[RPC][WS][SERVICE]connected nodes,count=0
info|2026-02-06 20:27:11.870591|timerFactory-0x000072a2b69ff6c0|[RPC][WS][SERVICE]connected nodes,count=0
info|2026-02-06 20:27:11.923422|ioService-0x000072a2d73fe6c0|[P2PService][Service][METRIC]heartBeat,connected count=3
info|2026-02-06 20:27:14.261409|ioService-0x000072a2af5fe6c0|[DEFAULT][HTTP][SESSION][onRead]receive http request
info|2026-02-06 20:27:17.259739|ioService-0x000072a2af5fe6c0|[DEFAULT][HTTP][SESSION][onRead]receive http request
info|2026-02-06 20:27:20.260133|ioService-0x000072a2af5fe6c0|[DEFAULT][HTTP][SESSION][onRead]receive http request
info|2026-02-06 20:27:21.845551|timerFactory-0x000072a2c63ff6c0|[RPC][WS][SERVICE]connected nodes,count=0
info|2026-02-06 20:27:21.870794|timerFactory-0x000072a2b69ff6c0|[RPC][WS][SERVICE]connected nodes,count=0
info|2026-02-06 20:27:21.924037|ioService-0x000072a2d73fe6c0|[P2PService][Service][METRIC]heartBeat,connected count=3
info|2026-02-06 20:27:23.262867|ioService-0x000072a2af5fe6c0|[DEFAULT][HTTP][SESSION][onRead]receive http request
info|2026-02-06 20:27:26.262918|ioService-0x000072a2af5fe6c0|[DEFAULT][HTTP][SESSION][onRead]receive http request
info|2026-02-06 20:27:29.263528|ioService-0x000072a2af5fe6c0|[DEFAULT][HTTP][SESSION][onRead]receive http request
info|2026-02-06 20:27:30.772810|objMonitor-0x000072a2a55ff6c0|[startMonitor][AliveObjectMonitor],AliveObjectAllocStat=[ type: bcos::gateway::Socket ,created: 10 ,destroyed: 6 ,alive: 4 ] 
info|2026-02-06 20:27:31.845680|timerFactory-0x000072a2c63ff6c0|[RPC][WS][SERVICE]connected nodes,count=0
info|2026-02-06 20:27:31.870988|timerFactory-0x000072a2b69ff6c0|[RPC][WS][SERVICE]connected nodes,count=0
info|2026-02-06 20:27:31.924265|ioService-0x000072a2d73fe6c0|[P2PService][Service][METRIC]heartBeat,connected count=3
info|2026-02-06 20:27:32.265152|ioService-0x000072a2af5fe6c0|[DEFAULT][HTTP][SESSION][onRead]receive http request
info|2026-02-06 20:27:35.266050|ioService-0x000072a2af5fe6c0|[DEFAULT][HTTP][SESSION][onRead]receive http request
info|2026-02-06 20:27:38.264826|ioService-0x000072a2af5fe6c0|[DEFAULT][HTTP][SESSION][onRead]receive http request
info|2026-02-06 20:27:41.265718|ioService-0x000072a2af5fe6c0|[DEFAULT][HTTP][SESSION][onRead]receive http request
info|2026-02-06 20:27:41.845913|timerFactory-0x000072a2c63ff6c0|[RPC][WS][SERVICE]connected nodes,count=0
info|2026-02-06 20:27:41.871139|timerFactory-0x000072a2b69ff6c0|[RPC][WS][SERVICE]connected nodes,count=0
info|2026-02-06 20:27:41.924710|ioService-0x000072a2d73fe6c0|[P2PService][Service][METRIC]heartBeat,connected count=3
info|2026-02-06 20:27:44.267431|ioService-0x000072a2af5fe6c0|[DEFAULT][HTTP][SESSION][onRead]receive http request
info|2026-02-06 20:27:47.269993|ioService-0x000072a2af5fe6c0|[DEFAULT][HTTP][SESSION][onRead]receive http request
info|2026-02-06 20:27:50.270136|ioService-0x000072a2af5fe6c0|[DEFAULT][HTTP][SESSION][onRead]receive http request
info|2026-02-06 20:27:51.846382|timerFactory-0x000072a2c63ff6c0|[RPC][WS][SERVICE]connected nodes,count=0
info|2026-02-06 20:27:51.871259|timerFactory-0x000072a2b69ff6c0|[RPC][WS][SERVICE]connected nodes,count=0
info|2026-02-06 20:27:51.925019|ioService-0x000072a2d73fe6c0|[P2PService][Service][METRIC]heartBeat,connected count=3
info|2026-02-06 20:27:53.270615|ioService-0x000072a2af5fe6c0|[DEFAULT][HTTP][SESSION][onRead]receive http request
info|2026-02-06 20:27:56.272499|ioService-0x000072a2af5fe6c0|[DEFAULT][HTTP][SESSION][onRead]receive http request
info|2026-02-06 20:27:59.273036|ioService-0x000072a2af5fe6c0|[DEFAULT][HTTP][SESSION][onRead]receive http request
info|2026-02-06 20:28:01.846763|timerFactory-0x000072a2c63ff6c0|[RPC][WS][SERVICE]connected nodes,count=0
info|2026-02-06 20:28:01.871463|timerFactory-0x000072a2b69ff6c0|[RPC][WS][SERVICE]connected nodes,count=0
info|2026-02-06 20:28:01.925322|ioService-0x000072a2d73fe6c0|[P2PService][Service][METRIC]heartBeat,connected count=3
info|2026-02-06 20:28:02.273207|ioService-0x000072a2af5fe6c0|[DEFAULT][HTTP][SESSION][onRead]receive http request
info|2026-02-06 20:28:05.275381|ioService-0x000072a2af5fe6c0|[DEFAULT][HTTP][SESSION][onRead]receive http request
info|2026-02-06 20:28:08.273176|ioService-0x000072a2af5fe6c0|[DEFAULT][HTTP][SESSION][onRead]receive http request
info|2026-02-06 20:28:11.273052|ioService-0x000072a2af5fe6c0|[DEFAULT][HTTP][SESSION][onRead]receive http request
info|2026-02-06 20:28:11.847038|timerFactory-0x000072a2c63ff6c0|[RPC][WS][SERVICE]connected nodes,count=0
info|2026-02-06 20:28:11.871640|timerFactory-0x000072a2b69ff6c0|[RPC][WS][SERVICE]connected nodes,count=0
info|2026-02-06 20:28:11.925564|ioService-0x000072a2d73fe6c0|[P2PService][Service][METRIC]heartBeat,connected count=3
info|2026-02-06 20:28:14.273548|ioService-0x000072a2af5fe6c0|[DEFAULT][HTTP][SESSION][onRead]receive http request
info|2026-02-06 20:28:17.275801|ioService-0x000072a2af5fe6c0|[DEFAULT][HTTP][SESSION][onRead]receive http request
info|2026-02-06 20:28:20.275870|ioService-0x000072a2af5fe6c0|[DEFAULT][HTTP][SESSION][onRead]receive http request
info|2026-02-06 20:28:21.847261|timerFactory-0x000072a2c63ff6c0|[RPC][WS][SERVICE]connected nodes,count=0
info|2026-02-06 20:28:21.873744|timerFactory-0x000072a2b69ff6c0|[RPC][WS][SERVICE]connected nodes,count=0
info|2026-02-06 20:28:21.926098|ioService-0x000072a2d73fe6c0|[P2PService][Service][METRIC]heartBeat,connected count=3
info|2026-02-06 20:28:23.277416|ioService-0x000072a2af5fe6c0|[DEFAULT][HTTP][SESSION][onRead]receive http request
info|2026-02-06 20:28:26.278313|ioService-0x000072a2af5fe6c0|[DEFAULT][HTTP][SESSION][onRead]receive http request
info|2026-02-06 20:28:29.279816|ioService-0x000072a2af5fe6c0|[DEFAULT][HTTP][SESSION][onRead]receive http request
info|2026-02-06 20:28:30.769177|objMonitor-0x000072a2a55ff6c0|[startMonitor][AliveObjectMonitor],AliveObjectAllocStat=[ type: bcos::gateway::Socket ,created: 10 ,destroyed: 6 ,alive: 4 ] 
info|2026-02-06 20:28:31.847595|timerFactory-0x000072a2c63ff6c0|[RPC][WS][SERVICE]connected nodes,count=0
info|2026-02-06 20:28:31.874006|timerFactory-0x000072a2b69ff6c0|[RPC][WS][SERVICE]connected nodes,count=0
info|2026-02-06 20:28:31.926450|ioService-0x000072a2d73fe6c0|[P2PService][Service][METRIC]heartBeat,connected count=3
info|2026-02-06 20:28:32.280729|ioService-0x000072a2af5fe6c0|[DEFAULT][HTTP][SESSION][onRead]receive http request
info|2026-02-06 20:28:35.286886|ioService-0x000072a2af5fe6c0|[DEFAULT][HTTP][SESSION][onRead]receive http request
info|2026-02-06 20:28:38.281827|ioService-0x000072a2af5fe6c0|[DEFAULT][HTTP][SESSION][onRead]receive http request
info|2026-02-06 20:28:41.283272|ioService-0x000072a2af5fe6c0|[DEFAULT][HTTP][SESSION][onRead]receive http request
info|2026-02-06 20:28:41.847945|timerFactory-0x000072a2c63ff6c0|[RPC][WS][SERVICE]connected nodes,count=0
info|2026-02-06 20:28:41.881886|timerFactory-0x000072a2b69ff6c0|[RPC][WS][SERVICE]connected nodes,count=0
info|2026-02-06 20:28:41.926775|ioService-0x000072a2d73fe6c0|[P2PService][Service][METRIC]heartBeat,connected count=3
info|2026-02-06 20:28:44.286834|ioService-0x000072a2af5fe6c0|[DEFAULT][HTTP][SESSION][onRead]receive http request
info|2026-02-06 20:28:47.286711|ioService-0x000072a2af5fe6c0|[DEFAULT][HTTP][SESSION][onRead]receive http request
info|2026-02-06 20:28:50.287655|ioService-0x000072a2af5fe6c0|[DEFAULT][HTTP][SESSION][onRead]receive http request
info|2026-02-06 20:28:51.848289|timerFactory-0x000072a2c63ff6c0|[RPC][WS][SERVICE]connected nodes,count=0
info|2026-02-06 20:28:51.882355|timerFactory-0x000072a2b69ff6c0|[RPC][WS][SERVICE]connected nodes,count=0
info|2026-02-06 20:28:51.927181|ioService-0x000072a2d73fe6c0|[P2PService][Service][METRIC]heartBeat,connected count=3
info|2026-02-06 20:28:53.289745|ioService-0x000072a2af5fe6c0|[DEFAULT][HTTP][SESSION][onRead]receive http request
info|2026-02-06 20:28:56.290191|ioService-0x000072a2af5fe6c0|[DEFAULT][HTTP][SESSION][onRead]receive http request
info|2026-02-06 20:28:59.290724|ioService-0x000072a2af5fe6c0|[DEFAULT][HTTP][SESSION][onRead]receive http request
info|2026-02-06 20:29:01.849366|timerFactory-0x000072a2c63ff6c0|[RPC][WS][SERVICE]connected nodes,count=0
info|2026-02-06 20:29:01.882532|timerFactory-0x000072a2b69ff6c0|[RPC][WS][SERVICE]connected nodes,count=0
info|2026-02-06 20:29:01.927401|ioService-0x000072a2d73fe6c0|[P2PService][Service][METRIC]heartBeat,connected count=3
info|2026-02-06 20:29:02.291989|ioService-0x000072a2af5fe6c0|[DEFAULT][HTTP][SESSION][onRead]receive http request
info|2026-02-06 20:29:05.293087|ioService-0x000072a2af5fe6c0|[DEFAULT][HTTP][SESSION][onRead]receive http request
info|2026-02-06 20:29:08.291509|ioService-0x000072a2af5fe6c0|[DEFAULT][HTTP][SESSION][onRead]receive http request
info|2026-02-06 20:29:11.292554|ioService-0x000072a2af5fe6c0|[DEFAULT][HTTP][SESSION][onRead]receive http request
info|2026-02-06 20:29:11.849541|timerFactory-0x000072a2c63ff6c0|[RPC][WS][SERVICE]connected nodes,count=0
info|2026-02-06 20:29:11.882883|timerFactory-0x000072a2b69ff6c0|[RPC][WS][SERVICE]connected nodes,count=0
info|2026-02-06 20:29:11.927703|ioService-0x000072a2d73fe6c0|[P2PService][Service][METRIC]heartBeat,connected count=3
info|2026-02-06 20:29:14.293601|ioService-0x000072a2af5fe6c0|[DEFAULT][HTTP][SESSION][onRead]receive http request
info|2026-02-06 20:29:17.294286|ioService-0x000072a2af5fe6c0|[DEFAULT][HTTP][SESSION][onRead]receive http request
info|2026-02-06 20:29:20.294429|ioService-0x000072a2af5fe6c0|[DEFAULT][HTTP][SESSION][onRead]receive http request
info|2026-02-06 20:29:21.849693|timerFactory-0x000072a2c63ff6c0|[RPC][WS][SERVICE]connected nodes,count=0
info|2026-02-06 20:29:21.883099|timerFactory-0x000072a2b69ff6c0|[RPC][WS][SERVICE]connected nodes,count=0
info|2026-02-06 20:29:21.928065|ioService-0x000072a2d73fe6c0|[P2PService][Service][METRIC]heartBeat,connected count=3
info|2026-02-06 20:29:23.295004|ioService-0x000072a2af5fe6c0|[DEFAULT][HTTP][SESSION][onRead]receive http request
info|2026-02-06 20:29:26.296721|ioService-0x000072a2af5fe6c0|[DEFAULT][HTTP][SESSION][onRead]receive http request
info|2026-02-06 20:29:29.297710|ioService-0x000072a2af5fe6c0|[DEFAULT][HTTP][SESSION][onRead]receive http request
info|2026-02-06 20:29:30.764414|objMonitor-0x000072a2a55ff6c0|[startMonitor][AliveObjectMonitor],AliveObjectAllocStat=[ type: bcos::gateway::Socket ,created: 10 ,destroyed: 6 ,alive: 4 ] [ type: bcos::gateway::ResponseCallback ,created: 163227 ,destroyed: 163223 ,alive: 4 ] 
info|2026-02-06 20:29:31.850155|timerFactory-0x000072a2c63ff6c0|[RPC][WS][SERVICE]connected nodes,count=0
info|2026-02-06 20:29:31.890181|timerFactory-0x000072a2b69ff6c0|[RPC][WS][SERVICE]connected nodes,count=0
info|2026-02-06 20:29:31.928538|ioService-0x000072a2d73fe6c0|[P2PService][Service][METRIC]heartBeat,connected count=3
info|2026-02-06 20:29:32.298390|ioService-0x000072a2af5fe6c0|[DEFAULT][HTTP][SESSION][onRead]receive http request
info|2026-02-06 20:29:35.299272|ioService-0x000072a2af5fe6c0|[DEFAULT][HTTP][SESSION][onRead]receive http request
info|2026-02-06 20:29:38.298191|ioService-0x000072a2af5fe6c0|[DEFAULT][HTTP][SESSION][onRead]receive http request
info|2026-02-06 20:29:41.300112|ioService-0x000072a2af5fe6c0|[DEFAULT][HTTP][SESSION][onRead]receive http request
info|2026-02-06 20:29:41.850324|timerFactory-0x000072a2c63ff6c0|[RPC][WS][SERVICE]connected nodes,count=0
info|2026-02-06 20:29:41.890392|timerFactory-0x000072a2b69ff6c0|[RPC][WS][SERVICE]connected nodes,count=0
info|2026-02-06 20:29:41.928844|ioService-0x000072a2d73fe6c0|[P2PService][Service][METRIC]heartBeat,connected count=3
info|2026-02-06 20:29:44.302970|ioService-0x000072a2af5fe6c0|[DEFAULT][HTTP][SESSION][onRead]receive http request
info|2026-02-06 20:29:47.304280|ioService-0x000072a2af5fe6c0|[DEFAULT][HTTP][SESSION][onRead]receive http request
info|2026-02-06 20:29:50.305265|ioService-0x000072a2af5fe6c0|[DEFAULT][HTTP][SESSION][onRead]receive http request
info|2026-02-06 20:29:51.850558|timerFactory-0x000072a2c63ff6c0|[RPC][WS][SERVICE]connected nodes,count=0
info|2026-02-06 20:29:51.890719|timerFactory-0x000072a2b69ff6c0|[RPC][WS][SERVICE]connected nodes,count=0
info|2026-02-06 20:29:51.929383|ioService-0x000072a2d73fe6c0|[P2PService][Service][METRIC]heartBeat,connected count=3
info|2026-02-06 20:29:53.304521|ioService-0x000072a2af5fe6c0|[DEFAULT][HTTP][SESSION][onRead]receive http request
info|2026-02-06 20:29:56.306218|ioService-0x000072a2af5fe6c0|[DEFAULT][HTTP][SESSION][onRead]receive http request
info|2026-02-06 20:29:59.307256|ioService-0x000072a2af5fe6c0|[DEFAULT][HTTP][SESSION][onRead]receive http request
info|2026-02-06 20:30:01.850860|timerFactory-0x000072a2c63ff6c0|[RPC][WS][SERVICE]connected nodes,count=0
info|2026-02-06 20:30:01.890911|timerFactory-0x000072a2b69ff6c0|[RPC][WS][SERVICE]connected nodes,count=0
info|2026-02-06 20:30:01.931139|ioService-0x000072a2d73fe6c0|[P2PService][Service][METRIC]heartBeat,connected count=3
info|2026-02-06 20:30:02.307877|ioService-0x000072a2af5fe6c0|[DEFAULT][HTTP][SESSION][onRead]receive http request
info|2026-02-06 20:30:05.311474|ioService-0x000072a2af5fe6c0|[DEFAULT][HTTP][SESSION][onRead]receive http request
info|2026-02-06 20:30:08.307822|ioService-0x000072a2af5fe6c0|[DEFAULT][HTTP][SESSION][onRead]receive http request
info|2026-02-06 20:30:11.308482|ioService-0x000072a2af5fe6c0|[DEFAULT][HTTP][SESSION][onRead]receive http request
info|2026-02-06 20:30:11.851174|timerFactory-0x000072a2c63ff6c0|[RPC][WS][SERVICE]connected nodes,count=0
info|2026-02-06 20:30:11.891094|timerFactory-0x000072a2b69ff6c0|[RPC][WS][SERVICE]connected nodes,count=0
info|2026-02-06 20:30:11.931571|ioService-0x000072a2d73fe6c0|[P2PService][Service][METRIC]heartBeat,connected count=3
info|2026-02-06 20:30:14.309128|ioService-0x000072a2af5fe6c0|[DEFAULT][HTTP][SESSION][onRead]receive http request
info|2026-02-06 20:30:17.311900|ioService-0x000072a2af5fe6c0|[DEFAULT][HTTP][SESSION][onRead]receive http request
info|2026-02-06 20:30:20.312800|ioService-0x000072a2af5fe6c0|[DEFAULT][HTTP][SESSION][onRead]receive http request
info|2026-02-06 20:30:21.851351|timerFactory-0x000072a2c63ff6c0|[RPC][WS][SERVICE]connected nodes,count=0
info|2026-02-06 20:30:21.891343|timerFactory-0x000072a2b69ff6c0|[RPC][WS][SERVICE]connected nodes,count=0
info|2026-02-06 20:30:21.931967|ioService-0x000072a2d73fe6c0|[P2PService][Service][METRIC]heartBeat,connected count=3
info|2026-02-06 20:30:23.311298|ioService-0x000072a2af5fe6c0|[DEFAULT][HTTP][SESSION][onRead]receive http request
info|2026-02-06 20:30:26.312035|ioService-0x000072a2af5fe6c0|[DEFAULT][HTTP][SESSION][onRead]receive http request
info|2026-02-06 20:30:29.313368|ioService-0x000072a2af5fe6c0|[DEFAULT][HTTP][SESSION][onRead]receive http request
info|2026-02-06 20:30:30.760033|objMonitor-0x000072a2a55ff6c0|[startMonitor][AliveObjectMonitor],AliveObjectAllocStat=[ type: bcos::gateway::Socket ,created: 10 ,destroyed: 6 ,alive: 4 ] 
info|2026-02-06 20:30:31.851523|timerFactory-0x000072a2c63ff6c0|[RPC][WS][SERVICE]connected nodes,count=0
info|2026-02-06 20:30:31.891473|timerFactory-0x000072a2b69ff6c0|[RPC][WS][SERVICE]connected nodes,count=0
info|2026-02-06 20:30:31.932188|ioService-0x000072a2d73fe6c0|[P2PService][Service][METRIC]heartBeat,connected count=3
info|2026-02-06 20:30:32.313463|ioService-0x000072a2af5fe6c0|[DEFAULT][HTTP][SESSION][onRead]receive http request
info|2026-02-06 20:30:35.313608|ioService-0x000072a2af5fe6c0|[DEFAULT][HTTP][SESSION][onRead]receive http request
info|2026-02-06 20:30:38.314594|ioService-0x000072a2af5fe6c0|[DEFAULT][HTTP][SESSION][onRead]receive http request
info|2026-02-06 20:30:41.313962|ioService-0x000072a2af5fe6c0|[DEFAULT][HTTP][SESSION][onRead]receive http request
info|2026-02-06 20:30:41.851656|timerFactory-0x000072a2c63ff6c0|[RPC][WS][SERVICE]connected nodes,count=0
info|2026-02-06 20:30:41.893479|timerFactory-0x000072a2b69ff6c0|[RPC][WS][SERVICE]connected nodes,count=0
info|2026-02-06 20:30:41.932504|ioService-0x000072a2d73fe6c0|[P2PService][Service][METRIC]heartBeat,connected count=3
info|2026-02-06 20:30:44.314601|ioService-0x000072a2af5fe6c0|[DEFAULT][HTTP][SESSION][onRead]receive http request
info|2026-02-06 20:30:47.315404|ioService-0x000072a2af5fe6c0|[DEFAULT][HTTP][SESSION][onRead]receive http request
info|2026-02-06 20:30:50.319007|ioService-0x000072a2af5fe6c0|[DEFAULT][HTTP][SESSION][onRead]receive http request
info|2026-02-06 20:30:51.851863|timerFactory-0x000072a2c63ff6c0|[RPC][WS][SERVICE]connected nodes,count=0
info|2026-02-06 20:30:51.893816|timerFactory-0x000072a2b69ff6c0|[RPC][WS][SERVICE]connected nodes,count=0
info|2026-02-06 20:30:51.933070|ioService-0x000072a2d73fe6c0|[P2PService][Service][METRIC]heartBeat,connected count=3
info|2026-02-06 20:30:53.317277|ioService-0x000072a2af5fe6c0|[DEFAULT][HTTP][SESSION][onRead]receive http request
info|2026-02-06 20:30:56.321173|ioService-0x000072a2af5fe6c0|[DEFAULT][HTTP][SESSION][onRead]receive http request
info|2026-02-06 20:30:59.320305|ioService-0x000072a2af5fe6c0|[DEFAULT][HTTP][SESSION][onRead]receive http request
info|2026-02-06 20:31:01.852061|timerFactory-0x000072a2c63ff6c0|[RPC][WS][SERVICE]connected nodes,count=0
info|2026-02-06 20:31:01.893976|timerFactory-0x000072a2b69ff6c0|[RPC][WS][SERVICE]connected nodes,count=0
info|2026-02-06 20:31:01.933273|ioService-0x000072a2d73fe6c0|[P2PService][Service][METRIC]heartBeat,connected count=3
info|2026-02-06 20:31:02.320005|ioService-0x000072a2af5fe6c0|[DEFAULT][HTTP][SESSION][onRead]receive http request
info|2026-02-06 20:31:05.321878|ioService-0x000072a2af5fe6c0|[DEFAULT][HTTP][SESSION][onRead]receive http request
info|2026-02-06 20:31:08.319447|ioService-0x000072a2af5fe6c0|[DEFAULT][HTTP][SESSION][onRead]receive http request
info|2026-02-06 20:31:11.319882|ioService-0x000072a2af5fe6c0|[DEFAULT][HTTP][SESSION][onRead]receive http request
info|2026-02-06 20:31:11.852566|timerFactory-0x000072a2c63ff6c0|[RPC][WS][SERVICE]connected nodes,count=0
info|2026-02-06 20:31:11.895134|timerFactory-0x000072a2b69ff6c0|[RPC][WS][SERVICE]connected nodes,count=0
info|2026-02-06 20:31:11.934038|ioService-0x000072a2d73fe6c0|[P2PService][Service][METRIC]heartBeat,connected count=3
info|2026-02-06 20:31:14.321226|ioService-0x000072a2af5fe6c0|[DEFAULT][HTTP][SESSION][onRead]receive http request
info|2026-02-06 20:31:17.321471|ioService-0x000072a2af5fe6c0|[DEFAULT][HTTP][SESSION][onRead]receive http request
info|2026-02-06 20:31:20.322798|ioService-0x000072a2af5fe6c0|[DEFAULT][HTTP][SESSION][onRead]receive http request
info|2026-02-06 20:31:21.852984|timerFactory-0x000072a2c63ff6c0|[RPC][WS][SERVICE]connected nodes,count=0
info|2026-02-06 20:31:21.895507|timerFactory-0x000072a2b69ff6c0|[RPC][WS][SERVICE]connected nodes,count=0
info|2026-02-06 20:31:21.934417|ioService-0x000072a2d73fe6c0|[P2PService][Service][METRIC]heartBeat,connected count=3
info|2026-02-06 20:31:23.324888|ioService-0x000072a2af5fe6c0|[DEFAULT][HTTP][SESSION][onRead]receive http request
info|2026-02-06 20:31:26.327924|ioService-0x000072a2af5fe6c0|[DEFAULT][HTTP][SESSION][onRead]receive http request
info|2026-02-06 20:31:29.327448|ioService-0x000072a2af5fe6c0|[DEFAULT][HTTP][SESSION][onRead]receive http request
info|2026-02-06 20:31:30.754941|objMonitor-0x000072a2a55ff6c0|[startMonitor][AliveObjectMonitor],AliveObjectAllocStat=[ type: bcos::gateway::Socket ,created: 10 ,destroyed: 6 ,alive: 4 ] 
info|2026-02-06 20:31:31.853241|timerFactory-0x000072a2c63ff6c0|[RPC][WS][SERVICE]connected nodes,count=0
info|2026-02-06 20:31:31.895799|timerFactory-0x000072a2b69ff6c0|[RPC][WS][SERVICE]connected nodes,count=0
info|2026-02-06 20:31:31.934733|ioService-0x000072a2d73fe6c0|[P2PService][Service][METRIC]heartBeat,connected count=3
info|2026-02-06 20:31:32.329269|ioService-0x000072a2af5fe6c0|[DEFAULT][HTTP][SESSION][onRead]receive http request
info|2026-02-06 20:31:35.330094|ioService-0x000072a2af5fe6c0|[DEFAULT][HTTP][SESSION][onRead]receive http request
info|2026-02-06 20:31:38.330016|ioService-0x000072a2af5fe6c0|[DEFAULT][HTTP][SESSION][onRead]receive http request
info|2026-02-06 20:31:41.330461|ioService-0x000072a2af5fe6c0|[DEFAULT][HTTP][SESSION][onRead]receive http request
info|2026-02-06 20:31:41.853475|timerFactory-0x000072a2c63ff6c0|[RPC][WS][SERVICE]connected nodes,count=0
info|2026-02-06 20:31:41.895952|timerFactory-0x000072a2b69ff6c0|[RPC][WS][SERVICE]connected nodes,count=0
info|2026-02-06 20:31:41.935029|ioService-0x000072a2d73fe6c0|[P2PService][Service][METRIC]heartBeat,connected count=3
info|2026-02-06 20:31:44.331739|ioService-0x000072a2af5fe6c0|[DEFAULT][HTTP][SESSION][onRead]receive http request
info|2026-02-06 20:31:47.333443|ioService-0x000072a2af5fe6c0|[DEFAULT][HTTP][SESSION][onRead]receive http request
info|2026-02-06 20:31:50.336411|ioService-0x000072a2af5fe6c0|[DEFAULT][HTTP][SESSION][onRead]receive http request
info|2026-02-06 20:31:51.853631|timerFactory-0x000072a2c63ff6c0|[RPC][WS][SERVICE]connected nodes,count=0
info|2026-02-06 20:31:51.896126|timerFactory-0x000072a2b69ff6c0|[RPC][WS][SERVICE]connected nodes,count=0
info|2026-02-06 20:31:51.937502|ioService-0x000072a2d73fe6c0|[P2PService][Service][METRIC]heartBeat,connected count=3
info|2026-02-06 20:31:53.335865|ioService-0x000072a2af5fe6c0|[DEFAULT][HTTP][SESSION][onRead]receive http request
info|2026-02-06 20:31:56.336292|ioService-0x000072a2af5fe6c0|[DEFAULT][HTTP][SESSION][onRead]receive http request
info|2026-02-06 20:31:59.337532|ioService-0x000072a2af5fe6c0|[DEFAULT][HTTP][SESSION][onRead]receive http request
info|2026-02-06 20:32:01.853943|timerFactory-0x000072a2c63ff6c0|[RPC][WS][SERVICE]connected nodes,count=0
info|2026-02-06 20:32:01.896463|timerFactory-0x000072a2b69ff6c0|[RPC][WS][SERVICE]connected nodes,count=0
info|2026-02-06 20:32:01.937831|ioService-0x000072a2d73fe6c0|[P2PService][Service][METRIC]heartBeat,connected count=3
info|2026-02-06 20:32:02.338897|ioService-0x000072a2af5fe6c0|[DEFAULT][HTTP][SESSION][onRead]receive http request
info|2026-02-06 20:32:05.340434|ioService-0x000072a2af5fe6c0|[DEFAULT][HTTP][SESSION][onRead]receive http request
info|2026-02-06 20:32:08.339423|ioService-0x000072a2af5fe6c0|[DEFAULT][HTTP][SESSION][onRead]receive http request
info|2026-02-06 20:32:11.340848|ioService-0x000072a2af5fe6c0|[DEFAULT][HTTP][SESSION][onRead]receive http request
info|2026-02-06 20:32:11.854145|timerFactory-0x000072a2c63ff6c0|[RPC][WS][SERVICE]connected nodes,count=0
info|2026-02-06 20:32:11.896617|timerFactory-0x000072a2b69ff6c0|[RPC][WS][SERVICE]connected nodes,count=0
info|2026-02-06 20:32:11.938393|ioService-0x000072a2d73fe6c0|[P2PService][Service][METRIC]heartBeat,connected count=3
info|2026-02-06 20:32:14.341190|ioService-0x000072a2af5fe6c0|[DEFAULT][HTTP][SESSION][onRead]receive http request
info|2026-02-06 20:32:17.345690|ioService-0x000072a2af5fe6c0|[DEFAULT][HTTP][SESSION][onRead]receive http request
info|2026-02-06 20:32:20.346735|ioService-0x000072a2af5fe6c0|[DEFAULT][HTTP][SESSION][onRead]receive http request
info|2026-02-06 20:32:21.854284|timerFactory-0x000072a2c63ff6c0|[RPC][WS][SERVICE]connected nodes,count=0
info|2026-02-06 20:32:21.897062|timerFactory-0x000072a2b69ff6c0|[RPC][WS][SERVICE]connected nodes,count=0
info|2026-02-06 20:32:21.938776|ioService-0x000072a2d73fe6c0|[P2PService][Service][METRIC]heartBeat,connected count=3
info|2026-02-06 20:32:23.348654|ioService-0x000072a2af5fe6c0|[DEFAULT][HTTP][SESSION][onRead]receive http request
info|2026-02-06 20:32:26.348059|ioService-0x000072a2af5fe6c0|[DEFAULT][HTTP][SESSION][onRead]receive http request
info|2026-02-06 20:32:29.348832|ioService-0x000072a2af5fe6c0|[DEFAULT][HTTP][SESSION][onRead]receive http request
info|2026-02-06 20:32:30.750734|objMonitor-0x000072a2a55ff6c0|[startMonitor][AliveObjectMonitor],AliveObjectAllocStat=[ type: bcos::gateway::Socket ,created: 10 ,destroyed: 6 ,alive: 4 ] 
info|2026-02-06 20:32:31.854433|timerFactory-0x000072a2c63ff6c0|[RPC][WS][SERVICE]connected nodes,count=0
info|2026-02-06 20:32:31.897225|timerFactory-0x000072a2b69ff6c0|[RPC][WS][SERVICE]connected nodes,count=0
info|2026-02-06 20:32:31.939030|ioService-0x000072a2d73fe6c0|[P2PService][Service][METRIC]heartBeat,connected count=3
info|2026-02-06 20:32:32.348664|ioService-0x000072a2af5fe6c0|[DEFAULT][HTTP][SESSION][onRead]receive http request
info|2026-02-06 20:32:35.352248|ioService-0x000072a2af5fe6c0|[DEFAULT][HTTP][SESSION][onRead]receive http request
info|2026-02-06 20:32:38.349699|ioService-0x000072a2af5fe6c0|[DEFAULT][HTTP][SESSION][onRead]receive http request
info|2026-02-06 20:32:41.352281|ioService-0x000072a2af5fe6c0|[DEFAULT][HTTP][SESSION][onRead]receive http request
info|2026-02-06 20:32:41.854552|timerFactory-0x000072a2c63ff6c0|[RPC][WS][SERVICE]connected nodes,count=0
info|2026-02-06 20:32:41.897360|timerFactory-0x000072a2b69ff6c0|[RPC][WS][SERVICE]connected nodes,count=0
info|2026-02-06 20:32:41.939309|ioService-0x000072a2d73fe6c0|[P2PService][Service][METRIC]heartBeat,connected count=3
info|2026-02-06 20:32:44.353266|ioService-0x000072a2af5fe6c0|[DEFAULT][HTTP][SESSION][onRead]receive http request
info|2026-02-06 20:32:47.353728|ioService-0x000072a2af5fe6c0|[DEFAULT][HTTP][SESSION][onRead]receive http request
info|2026-02-06 20:32:50.355554|ioService-0x000072a2af5fe6c0|[DEFAULT][HTTP][SESSION][onRead]receive http request
info|2026-02-06 20:32:51.857625|timerFactory-0x000072a2c63ff6c0|[RPC][WS][SERVICE]connected nodes,count=0
info|2026-02-06 20:32:51.897718|timerFactory-0x000072a2b69ff6c0|[RPC][WS][SERVICE]connected nodes,count=0
info|2026-02-06 20:32:51.939901|ioService-0x000072a2d73fe6c0|[P2PService][Service][METRIC]heartBeat,connected count=3
info|2026-02-06 20:32:53.355614|ioService-0x000072a2af5fe6c0|[DEFAULT][HTTP][SESSION][onRead]receive http request
info|2026-02-06 20:32:56.356430|ioService-0x000072a2af5fe6c0|[DEFAULT][HTTP][SESSION][onRead]receive http request
info|2026-02-06 20:32:59.358165|ioService-0x000072a2af5fe6c0|[DEFAULT][HTTP][SESSION][onRead]receive http request
info|2026-02-06 20:33:01.858076|timerFactory-0x000072a2c63ff6c0|[RPC][WS][SERVICE]connected nodes,count=0
info|2026-02-06 20:33:01.898074|timerFactory-0x000072a2b69ff6c0|[RPC][WS][SERVICE]connected nodes,count=0
info|2026-02-06 20:33:01.940332|ioService-0x000072a2d73fe6c0|[P2PService][Service][METRIC]heartBeat,connected count=3
info|2026-02-06 20:33:02.360653|ioService-0x000072a2af5fe6c0|[DEFAULT][HTTP][SESSION][onRead]receive http request
info|2026-02-06 20:33:05.358611|ioService-0x000072a2af5fe6c0|[DEFAULT][HTTP][SESSION][onRead]receive http request
info|2026-02-06 20:33:08.357933|ioService-0x000072a2af5fe6c0|[DEFAULT][HTTP][SESSION][onRead]receive http request
info|2026-02-06 20:33:11.358503|ioService-0x000072a2af5fe6c0|[DEFAULT][HTTP][SESSION][onRead]receive http request
info|2026-02-06 20:33:11.858333|timerFactory-0x000072a2c63ff6c0|[RPC][WS][SERVICE]connected nodes,count=0
info|2026-02-06 20:33:11.898285|timerFactory-0x000072a2b69ff6c0|[RPC][WS][SERVICE]connected nodes,count=0
info|2026-02-06 20:33:11.940679|ioService-0x000072a2d73fe6c0|[P2PService][Service][METRIC]heartBeat,connected count=3
info|2026-02-06 20:33:14.359233|ioService-0x000072a2af5fe6c0|[DEFAULT][HTTP][SESSION][onRead]receive http request
info|2026-02-06 20:33:17.360143|ioService-0x000072a2af5fe6c0|[DEFAULT][HTTP][SESSION][onRead]receive http request
info|2026-02-06 20:33:20.362514|ioService-0x000072a2af5fe6c0|[DEFAULT][HTTP][SESSION][onRead]receive http request
info|2026-02-06 20:33:21.858725|timerFactory-0x000072a2c63ff6c0|[RPC][WS][SERVICE]connected nodes,count=0
info|2026-02-06 20:33:21.898708|timerFactory-0x000072a2b69ff6c0|[RPC][WS][SERVICE]connected nodes,count=0
info|2026-02-06 20:33:21.940920|ioService-0x000072a2d73fe6c0|[P2PService][Service][METRIC]heartBeat,connected count=3
info|2026-02-06 20:33:23.362996|ioService-0x000072a2af5fe6c0|[DEFAULT][HTTP][SESSION][onRead]receive http request
info|2026-02-06 20:33:26.364428|ioService-0x000072a2af5fe6c0|[DEFAULT][HTTP][SESSION][onRead]receive http request
info|2026-02-06 20:33:29.365655|ioService-0x000072a2af5fe6c0|[DEFAULT][HTTP][SESSION][onRead]receive http request
info|2026-02-06 20:33:30.747196|objMonitor-0x000072a2a55ff6c0|[startMonitor][AliveObjectMonitor],AliveObjectAllocStat=[ type: bcos::gateway::Socket ,created: 10 ,destroyed: 6 ,alive: 4 ] 
info|2026-02-06 20:33:31.858903|timerFactory-0x000072a2c63ff6c0|[RPC][WS][SERVICE]connected nodes,count=0
info|2026-02-06 20:33:31.899014|timerFactory-0x000072a2b69ff6c0|[RPC][WS][SERVICE]connected nodes,count=0
info|2026-02-06 20:33:31.941129|ioService-0x000072a2d73fe6c0|[P2PService][Service][METRIC]heartBeat,connected count=3
info|2026-02-06 20:33:32.365951|ioService-0x000072a2af5fe6c0|[DEFAULT][HTTP][SESSION][onRead]receive http request
info|2026-02-06 20:33:35.368917|ioService-0x000072a2af5fe6c0|[DEFAULT][HTTP][SESSION][onRead]receive http request
info|2026-02-06 20:33:38.366537|ioService-0x000072a2af5fe6c0|[DEFAULT][HTTP][SESSION][onRead]receive http request
info|2026-02-06 20:33:41.366829|ioService-0x000072a2af5fe6c0|[DEFAULT][HTTP][SESSION][onRead]receive http request
info|2026-02-06 20:33:41.859071|timerFactory-0x000072a2c63ff6c0|[RPC][WS][SERVICE]connected nodes,count=0
info|2026-02-06 20:33:41.899228|timerFactory-0x000072a2b69ff6c0|[RPC][WS][SERVICE]connected nodes,count=0
info|2026-02-06 20:33:41.942607|ioService-0x000072a2d73fe6c0|[P2PService][Service][METRIC]heartBeat,connected count=3
info|2026-02-06 20:33:44.368524|ioService-0x000072a2af5fe6c0|[DEFAULT][HTTP][SESSION][onRead]receive http request
info|2026-02-06 20:33:47.368831|ioService-0x000072a2af5fe6c0|[DEFAULT][HTTP][SESSION][onRead]receive http request
info|2026-02-06 20:33:50.369273|ioService-0x000072a2af5fe6c0|[DEFAULT][HTTP][SESSION][onRead]receive http request
info|2026-02-06 20:33:51.859234|timerFactory-0x000072a2c63ff6c0|[RPC][WS][SERVICE]connected nodes,count=0
info|2026-02-06 20:33:51.899418|timerFactory-0x000072a2b69ff6c0|[RPC][WS][SERVICE]connected nodes,count=0
info|2026-02-06 20:33:51.942983|ioService-0x000072a2d73fe6c0|[P2PService][Service][METRIC]heartBeat,connected count=3
info|2026-02-06 20:33:53.371494|ioService-0x000072a2af5fe6c0|[DEFAULT][HTTP][SESSION][onRead]receive http request
info|2026-02-06 20:33:56.372288|ioService-0x000072a2af5fe6c0|[DEFAULT][HTTP][SESSION][onRead]receive http request
info|2026-02-06 20:33:59.372343|ioService-0x000072a2af5fe6c0|[DEFAULT][HTTP][SESSION][onRead]receive http request
info|2026-02-06 20:34:01.859387|timerFactory-0x000072a2c63ff6c0|[RPC][WS][SERVICE]connected nodes,count=0
info|2026-02-06 20:34:01.899702|timerFactory-0x000072a2b69ff6c0|[RPC][WS][SERVICE]connected nodes,count=0
info|2026-02-06 20:34:01.943240|ioService-0x000072a2d73fe6c0|[P2PService][Service][METRIC]heartBeat,connected count=3
info|2026-02-06 20:34:02.374307|ioService-0x000072a2af5fe6c0|[DEFAULT][HTTP][SESSION][onRead]receive http request
info|2026-02-06 20:34:05.374973|ioService-0x000072a2af5fe6c0|[DEFAULT][HTTP][SESSION][onRead]receive http request
info|2026-02-06 20:34:08.374087|ioService-0x000072a2af5fe6c0|[DEFAULT][HTTP][SESSION][onRead]receive http request
info|2026-02-06 20:34:11.373983|ioService-0x000072a2af5fe6c0|[DEFAULT][HTTP][SESSION][onRead]receive http request
info|2026-02-06 20:34:11.859544|timerFactory-0x000072a2c63ff6c0|[RPC][WS][SERVICE]connected nodes,count=0
info|2026-02-06 20:34:11.899900|timerFactory-0x000072a2b69ff6c0|[RPC][WS][SERVICE]connected nodes,count=0
info|2026-02-06 20:34:11.943492|ioService-0x000072a2d73fe6c0|[P2PService][Service][METRIC]heartBeat,connected count=3
info|2026-02-06 20:34:14.375624|ioService-0x000072a2af5fe6c0|[DEFAULT][HTTP][SESSION][onRead]receive http request
info|2026-02-06 20:34:17.383913|ioService-0x000072a2af5fe6c0|[DEFAULT][HTTP][SESSION][onRead]receive http request
info|2026-02-06 20:34:20.377471|ioService-0x000072a2af5fe6c0|[DEFAULT][HTTP][SESSION][onRead]receive http request
info|2026-02-06 20:34:21.859675|timerFactory-0x000072a2c63ff6c0|[RPC][WS][SERVICE]connected nodes,count=0
info|2026-02-06 20:34:21.900348|timerFactory-0x000072a2b69ff6c0|[RPC][WS][SERVICE]connected nodes,count=0
info|2026-02-06 20:34:21.943989|ioService-0x000072a2d73fe6c0|[P2PService][Service][METRIC]heartBeat,connected count=3
info|2026-02-06 20:34:23.379221|ioService-0x000072a2af5fe6c0|[DEFAULT][HTTP][SESSION][onRead]receive http request
info|2026-02-06 20:34:26.380249|ioService-0x000072a2af5fe6c0|[DEFAULT][HTTP][SESSION][onRead]receive http request
info|2026-02-06 20:34:29.379950|ioService-0x000072a2af5fe6c0|[DEFAULT][HTTP][SESSION][onRead]receive http request
info|2026-02-06 20:34:30.742943|objMonitor-0x000072a2a55ff6c0|[startMonitor][AliveObjectMonitor],AliveObjectAllocStat=[ type: bcos::gateway::Socket ,created: 10 ,destroyed: 6 ,alive: 4 ] 
info|2026-02-06 20:34:31.859812|timerFactory-0x000072a2c63ff6c0|[RPC][WS][SERVICE]connected nodes,count=0
info|2026-02-06 20:34:31.900618|timerFactory-0x000072a2b69ff6c0|[RPC][WS][SERVICE]connected nodes,count=0
info|2026-02-06 20:34:31.944346|ioService-0x000072a2d73fe6c0|[P2PService][Service][METRIC]heartBeat,connected count=3
info|2026-02-06 20:34:32.381922|ioService-0x000072a2af5fe6c0|[DEFAULT][HTTP][SESSION][onRead]receive http request
info|2026-02-06 20:34:35.382507|ioService-0x000072a2af5fe6c0|[DEFAULT][HTTP][SESSION][onRead]receive http request
info|2026-02-06 20:34:38.379684|ioService-0x000072a2af5fe6c0|[DEFAULT][HTTP][SESSION][onRead]receive http request
info|2026-02-06 20:34:41.381768|ioService-0x000072a2af5fe6c0|[DEFAULT][HTTP][SESSION][onRead]receive http request
info|2026-02-06 20:34:41.860306|timerFactory-0x000072a2c63ff6c0|[RPC][WS][SERVICE]connected nodes,count=0
info|2026-02-06 20:34:41.900955|timerFactory-0x000072a2b69ff6c0|[RPC][WS][SERVICE]connected nodes,count=0
info|2026-02-06 20:34:41.944817|ioService-0x000072a2d73fe6c0|[P2PService][Service][METRIC]heartBeat,connected count=3
info|2026-02-06 20:34:44.382001|ioService-0x000072a2af5fe6c0|[DEFAULT][HTTP][SESSION][onRead]receive http request
info|2026-02-06 20:34:47.382620|ioService-0x000072a2af5fe6c0|[DEFAULT][HTTP][SESSION][onRead]receive http request
info|2026-02-06 20:34:50.387184|ioService-0x000072a2af5fe6c0|[DEFAULT][HTTP][SESSION][onRead]receive http request
info|2026-02-06 20:34:51.860636|timerFactory-0x000072a2c63ff6c0|[RPC][WS][SERVICE]connected nodes,count=0
info|2026-02-06 20:34:51.901135|timerFactory-0x000072a2b69ff6c0|[RPC][WS][SERVICE]connected nodes,count=0
info|2026-02-06 20:34:51.945076|ioService-0x000072a2d73fe6c0|[P2PService][Service][METRIC]heartBeat,connected count=3
info|2026-02-06 20:34:53.385104|ioService-0x000072a2af5fe6c0|[DEFAULT][HTTP][SESSION][onRead]receive http request
info|2026-02-06 20:34:56.384487|ioService-0x000072a2af5fe6c0|[DEFAULT][HTTP][SESSION][onRead]receive http request
info|2026-02-06 20:34:59.385937|ioService-0x000072a2af5fe6c0|[DEFAULT][HTTP][SESSION][onRead]receive http request
info|2026-02-06 20:35:01.860842|timerFactory-0x000072a2c63ff6c0|[RPC][WS][SERVICE]connected nodes,count=0
info|2026-02-06 20:35:01.906313|timerFactory-0x000072a2b69ff6c0|[RPC][WS][SERVICE]connected nodes,count=0
info|2026-02-06 20:35:01.945269|ioService-0x000072a2d73fe6c0|[P2PService][Service][METRIC]heartBeat,connected count=3
info|2026-02-06 20:35:02.387119|ioService-0x000072a2af5fe6c0|[DEFAULT][HTTP][SESSION][onRead]receive http request
info|2026-02-06 20:35:05.387649|ioService-0x000072a2af5fe6c0|[DEFAULT][HTTP][SESSION][onRead]receive http request
info|2026-02-06 20:35:08.387854|ioService-0x000072a2af5fe6c0|[DEFAULT][HTTP][SESSION][onRead]receive http request
info|2026-02-06 20:35:11.388103|ioService-0x000072a2af5fe6c0|[DEFAULT][HTTP][SESSION][onRead]receive http request
info|2026-02-06 20:35:11.861110|timerFactory-0x000072a2c63ff6c0|[RPC][WS][SERVICE]connected nodes,count=0
info|2026-02-06 20:35:11.906504|timerFactory-0x000072a2b69ff6c0|[RPC][WS][SERVICE]connected nodes,count=0
info|2026-02-06 20:35:11.945445|ioService-0x000072a2d73fe6c0|[P2PService][Service][METRIC]heartBeat,connected count=3
info|2026-02-06 20:35:14.389340|ioService-0x000072a2af5fe6c0|[DEFAULT][HTTP][SESSION][onRead]receive http request
info|2026-02-06 20:35:17.389448|ioService-0x000072a2af5fe6c0|[DEFAULT][HTTP][SESSION][onRead]receive http request
info|2026-02-06 20:35:20.389855|ioService-0x000072a2af5fe6c0|[DEFAULT][HTTP][SESSION][onRead]receive http request
info|2026-02-06 20:35:21.861577|timerFactory-0x000072a2c63ff6c0|[RPC][WS][SERVICE]connected nodes,count=0
info|2026-02-06 20:35:21.906720|timerFactory-0x000072a2b69ff6c0|[RPC][WS][SERVICE]connected nodes,count=0
info|2026-02-06 20:35:21.945879|ioService-0x000072a2d73fe6c0|[P2PService][Service][METRIC]heartBeat,connected count=3
info|2026-02-06 20:35:23.391615|ioService-0x000072a2af5fe6c0|[DEFAULT][HTTP][SESSION][onRead]receive http request
info|2026-02-06 20:35:26.392161|ioService-0x000072a2af5fe6c0|[DEFAULT][HTTP][SESSION][onRead]receive http request
info|2026-02-06 20:35:29.394000|ioService-0x000072a2af5fe6c0|[DEFAULT][HTTP][SESSION][onRead]receive http request
info|2026-02-06 20:35:30.739031|objMonitor-0x000072a2a55ff6c0|[startMonitor][AliveObjectMonitor],AliveObjectAllocStat=[ type: bcos::gateway::Socket ,created: 10 ,destroyed: 6 ,alive: 4 ] 
info|2026-02-06 20:35:31.861906|timerFactory-0x000072a2c63ff6c0|[RPC][WS][SERVICE]connected nodes,count=0
info|2026-02-06 20:35:31.906912|timerFactory-0x000072a2b69ff6c0|[RPC][WS][SERVICE]connected nodes,count=0
info|2026-02-06 20:35:31.946124|ioService-0x000072a2d73fe6c0|[P2PService][Service][METRIC]heartBeat,connected count=3
info|2026-02-06 20:35:32.395584|ioService-0x000072a2af5fe6c0|[DEFAULT][HTTP][SESSION][onRead]receive http request
info|2026-02-06 20:35:35.394362|ioService-0x000072a2af5fe6c0|[DEFAULT][HTTP][SESSION][onRead]receive http request
info|2026-02-06 20:35:38.392110|ioService-0x000072a2af5fe6c0|[DEFAULT][HTTP][SESSION][onRead]receive http request
info|2026-02-06 20:35:41.394195|ioService-0x000072a2af5fe6c0|[DEFAULT][HTTP][SESSION][onRead]receive http request
info|2026-02-06 20:35:41.862025|timerFactory-0x000072a2c63ff6c0|[RPC][WS][SERVICE]connected nodes,count=0
info|2026-02-06 20:35:41.907124|timerFactory-0x000072a2b69ff6c0|[RPC][WS][SERVICE]connected nodes,count=0
info|2026-02-06 20:35:41.946355|ioService-0x000072a2d73fe6c0|[P2PService][Service][METRIC]heartBeat,connected count=3
info|2026-02-06 20:35:44.393245|ioService-0x000072a2af5fe6c0|[DEFAULT][HTTP][SESSION][onRead]receive http request
info|2026-02-06 20:35:47.396084|ioService-0x000072a2af5fe6c0|[DEFAULT][HTTP][SESSION][onRead]receive http request
info|2026-02-06 20:35:50.395920|ioService-0x000072a2af5fe6c0|[DEFAULT][HTTP][SESSION][onRead]receive http request
info|2026-02-06 20:35:51.862315|timerFactory-0x000072a2c63ff6c0|[RPC][WS][SERVICE]connected nodes,count=0
info|2026-02-06 20:35:51.907418|timerFactory-0x000072a2b69ff6c0|[RPC][WS][SERVICE]connected nodes,count=0
info|2026-02-06 20:35:51.946810|ioService-0x000072a2d73fe6c0|[P2PService][Service][METRIC]heartBeat,connected count=3
info|2026-02-06 20:35:53.396497|ioService-0x000072a2af5fe6c0|[DEFAULT][HTTP][SESSION][onRead]receive http request
info|2026-02-06 20:35:56.397384|ioService-0x000072a2af5fe6c0|[DEFAULT][HTTP][SESSION][onRead]receive http request
info|2026-02-06 20:35:59.399304|ioService-0x000072a2af5fe6c0|[DEFAULT][HTTP][SESSION][onRead]receive http request
info|2026-02-06 20:36:01.862778|timerFactory-0x000072a2c63ff6c0|[RPC][WS][SERVICE]connected nodes,count=0
info|2026-02-06 20:36:01.907782|timerFactory-0x000072a2b69ff6c0|[RPC][WS][SERVICE]connected nodes,count=0
info|2026-02-06 20:36:01.947139|ioService-0x000072a2d73fe6c0|[P2PService][Service][METRIC]heartBeat,connected count=3
info|2026-02-06 20:36:02.399105|ioService-0x000072a2af5fe6c0|[DEFAULT][HTTP][SESSION][onRead]receive http request
info|2026-02-06 20:36:05.401018|ioService-0x000072a2af5fe6c0|[DEFAULT][HTTP][SESSION][onRead]receive http request
info|2026-02-06 20:36:08.398609|ioService-0x000072a2af5fe6c0|[DEFAULT][HTTP][SESSION][onRead]receive http request
info|2026-02-06 20:36:11.398417|ioService-0x000072a2af5fe6c0|[DEFAULT][HTTP][SESSION][onRead]receive http request
info|2026-02-06 20:36:11.865832|timerFactory-0x000072a2c63ff6c0|[RPC][WS][SERVICE]connected nodes,count=0
info|2026-02-06 20:36:11.911407|timerFactory-0x000072a2b69ff6c0|[RPC][WS][SERVICE]connected nodes,count=0
info|2026-02-06 20:36:11.947518|ioService-0x000072a2d73fe6c0|[P2PService][Service][METRIC]heartBeat,connected count=3
info|2026-02-06 20:36:14.399349|ioService-0x000072a2af5fe6c0|[DEFAULT][HTTP][SESSION][onRead]receive http request
info|2026-02-06 20:36:17.400060|ioService-0x000072a2af5fe6c0|[DEFAULT][HTTP][SESSION][onRead]receive http request
info|2026-02-06 20:36:20.400998|ioService-0x000072a2af5fe6c0|[DEFAULT][HTTP][SESSION][onRead]receive http request
info|2026-02-06 20:36:21.869692|timerFactory-0x000072a2c63ff6c0|[RPC][WS][SERVICE]connected nodes,count=0
info|2026-02-06 20:36:21.911641|timerFactory-0x000072a2b69ff6c0|[RPC][WS][SERVICE]connected nodes,count=0
info|2026-02-06 20:36:21.948172|ioService-0x000072a2d73fe6c0|[P2PService][Service][METRIC]heartBeat,connected count=3
info|2026-02-06 20:36:23.403535|ioService-0x000072a2af5fe6c0|[DEFAULT][HTTP][SESSION][onRead]receive http request
info|2026-02-06 20:36:26.407096|ioService-0x000072a2af5fe6c0|[DEFAULT][HTTP][SESSION][onRead]receive http request
info|2026-02-06 20:36:29.404288|ioService-0x000072a2af5fe6c0|[DEFAULT][HTTP][SESSION][onRead]receive http request
info|2026-02-06 20:36:30.733938|objMonitor-0x000072a2a55ff6c0|[startMonitor][AliveObjectMonitor],AliveObjectAllocStat=[ type: bcos::gateway::Socket ,created: 10 ,destroyed: 6 ,alive: 4 ] 
info|2026-02-06 20:36:31.870038|timerFactory-0x000072a2c63ff6c0|[RPC][WS][SERVICE]connected nodes,count=0
info|2026-02-06 20:36:31.912072|timerFactory-0x000072a2b69ff6c0|[RPC][WS][SERVICE]connected nodes,count=0
info|2026-02-06 20:36:31.948764|ioService-0x000072a2d73fe6c0|[P2PService][Service][METRIC]heartBeat,connected count=3
info|2026-02-06 20:36:32.406250|ioService-0x000072a2af5fe6c0|[DEFAULT][HTTP][SESSION][onRead]receive http request
info|2026-02-06 20:36:35.405581|ioService-0x000072a2af5fe6c0|[DEFAULT][HTTP][SESSION][onRead]receive http request
info|2026-02-06 20:36:38.404982|ioService-0x000072a2af5fe6c0|[DEFAULT][HTTP][SESSION][onRead]receive http request
info|2026-02-06 20:36:41.405859|ioService-0x000072a2af5fe6c0|[DEFAULT][HTTP][SESSION][onRead]receive http request
info|2026-02-06 20:36:41.870260|timerFactory-0x000072a2c63ff6c0|[RPC][WS][SERVICE]connected nodes,count=0
info|2026-02-06 20:36:41.912355|timerFactory-0x000072a2b69ff6c0|[RPC][WS][SERVICE]connected nodes,count=0
info|2026-02-06 20:36:41.949218|ioService-0x000072a2d73fe6c0|[P2PService][Service][METRIC]heartBeat,connected count=3
info|2026-02-06 20:36:44.405752|ioService-0x000072a2af5fe6c0|[DEFAULT][HTTP][SESSION][onRead]receive http request
info|2026-02-06 20:36:47.407714|ioService-0x000072a2af5fe6c0|[DEFAULT][HTTP][SESSION][onRead]receive http request
info|2026-02-06 20:36:50.407830|ioService-0x000072a2af5fe6c0|[DEFAULT][HTTP][SESSION][onRead]receive http request
info|2026-02-06 20:36:51.870421|timerFactory-0x000072a2c63ff6c0|[RPC][WS][SERVICE]connected nodes,count=0
info|2026-02-06 20:36:51.912624|timerFactory-0x000072a2b69ff6c0|[RPC][WS][SERVICE]connected nodes,count=0
info|2026-02-06 20:36:51.949440|ioService-0x000072a2d73fe6c0|[P2PService][Service][METRIC]heartBeat,connected count=3
info|2026-02-06 20:36:53.409671|ioService-0x000072a2af5fe6c0|[DEFAULT][HTTP][SESSION][onRead]receive http request
info|2026-02-06 20:36:56.409447|ioService-0x000072a2af5fe6c0|[DEFAULT][HTTP][SESSION][onRead]receive http request
info|2026-02-06 20:36:59.411589|ioService-0x000072a2af5fe6c0|[DEFAULT][HTTP][SESSION][onRead]receive http request
info|2026-02-06 20:37:01.870575|timerFactory-0x000072a2c63ff6c0|[RPC][WS][SERVICE]connected nodes,count=0
info|2026-02-06 20:37:01.913008|timerFactory-0x000072a2b69ff6c0|[RPC][WS][SERVICE]connected nodes,count=0
info|2026-02-06 20:37:01.949802|ioService-0x000072a2d73fe6c0|[P2PService][Service][METRIC]heartBeat,connected count=3
info|2026-02-06 20:37:02.410979|ioService-0x000072a2af5fe6c0|[DEFAULT][HTTP][SESSION][onRead]receive http request
info|2026-02-06 20:37:05.414484|ioService-0x000072a2af5fe6c0|[DEFAULT][HTTP][SESSION][onRead]receive http request
info|2026-02-06 20:37:08.412993|ioService-0x000072a2af5fe6c0|[DEFAULT][HTTP][SESSION][onRead]receive http request
info|2026-02-06 20:37:11.414427|ioService-0x000072a2af5fe6c0|[DEFAULT][HTTP][SESSION][onRead]receive http request
info|2026-02-06 20:37:11.870980|timerFactory-0x000072a2c63ff6c0|[RPC][WS][SERVICE]connected nodes,count=0
info|2026-02-06 20:37:11.913473|timerFactory-0x000072a2b69ff6c0|[RPC][WS][SERVICE]connected nodes,count=0
info|2026-02-06 20:37:11.950263|ioService-0x000072a2d73fe6c0|[P2PService][Service][METRIC]heartBeat,connected count=3
info|2026-02-06 20:37:14.415757|ioService-0x000072a2af5fe6c0|[DEFAULT][HTTP][SESSION][onRead]receive http request
info|2026-02-06 20:37:17.415873|ioService-0x000072a2af5fe6c0|[DEFAULT][HTTP][SESSION][onRead]receive http request
info|2026-02-06 20:37:20.415986|ioService-0x000072a2af5fe6c0|[DEFAULT][HTTP][SESSION][onRead]receive http request
info|2026-02-06 20:37:21.871284|timerFactory-0x000072a2c63ff6c0|[RPC][WS][SERVICE]connected nodes,count=0
info|2026-02-06 20:37:21.914038|timerFactory-0x000072a2b69ff6c0|[RPC][WS][SERVICE]connected nodes,count=0
info|2026-02-06 20:37:21.951193|ioService-0x000072a2d73fe6c0|[P2PService][Service][METRIC]heartBeat,connected count=3
info|2026-02-06 20:37:23.418350|ioService-0x000072a2af5fe6c0|[DEFAULT][HTTP][SESSION][onRead]receive http request
info|2026-02-06 20:37:26.420131|ioService-0x000072a2af5fe6c0|[DEFAULT][HTTP][SESSION][onRead]receive http request
info|2026-02-06 20:37:29.420117|ioService-0x000072a2af5fe6c0|[DEFAULT][HTTP][SESSION][onRead]receive http request
info|2026-02-06 20:37:30.729258|objMonitor-0x000072a2a55ff6c0|[startMonitor][AliveObjectMonitor],AliveObjectAllocStat=[ type: bcos::gateway::Socket ,created: 10 ,destroyed: 6 ,alive: 4 ] 
info|2026-02-06 20:37:31.871681|timerFactory-0x000072a2c63ff6c0|[RPC][WS][SERVICE]connected nodes,count=0
info|2026-02-06 20:37:31.914454|timerFactory-0x000072a2b69ff6c0|[RPC][WS][SERVICE]connected nodes,count=0
info|2026-02-06 20:37:31.951859|ioService-0x000072a2d73fe6c0|[P2PService][Service][METRIC]heartBeat,connected count=3
info|2026-02-06 20:37:32.421064|ioService-0x000072a2af5fe6c0|[DEFAULT][HTTP][SESSION][onRead]receive http request
info|2026-02-06 20:37:35.424594|ioService-0x000072a2af5fe6c0|[DEFAULT][HTTP][SESSION][onRead]receive http request
info|2026-02-06 20:37:38.423188|ioService-0x000072a2af5fe6c0|[DEFAULT][HTTP][SESSION][onRead]receive http request
info|2026-02-06 20:37:41.422678|ioService-0x000072a2af5fe6c0|[DEFAULT][HTTP][SESSION][onRead]receive http request
info|2026-02-06 20:37:41.872050|timerFactory-0x000072a2c63ff6c0|[RPC][WS][SERVICE]connected nodes,count=0
info|2026-02-06 20:37:41.915214|timerFactory-0x000072a2b69ff6c0|[RPC][WS][SERVICE]connected nodes,count=0
info|2026-02-06 20:37:41.952320|ioService-0x000072a2d73fe6c0|[P2PService][Service][METRIC]heartBeat,connected count=3
info|2026-02-06 20:37:44.424589|ioService-0x000072a2af5fe6c0|[DEFAULT][HTTP][SESSION][onRead]receive http request
info|2026-02-06 20:37:47.424099|ioService-0x000072a2af5fe6c0|[DEFAULT][HTTP][SESSION][onRead]receive http request
info|2026-02-06 20:37:50.425524|ioService-0x000072a2af5fe6c0|[DEFAULT][HTTP][SESSION][onRead]receive http request
info|2026-02-06 20:37:51.872287|timerFactory-0x000072a2c63ff6c0|[RPC][WS][SERVICE]connected nodes,count=0
info|2026-02-06 20:37:51.915536|timerFactory-0x000072a2b69ff6c0|[RPC][WS][SERVICE]connected nodes,count=0
info|2026-02-06 20:37:51.952683|ioService-0x000072a2d73fe6c0|[P2PService][Service][METRIC]heartBeat,connected count=3
info|2026-02-06 20:37:53.429687|ioService-0x000072a2af5fe6c0|[DEFAULT][HTTP][SESSION][onRead]receive http request
info|2026-02-06 20:37:56.427416|ioService-0x000072a2af5fe6c0|[DEFAULT][HTTP][SESSION][onRead]receive http request
info|2026-02-06 20:37:59.428880|ioService-0x000072a2af5fe6c0|[DEFAULT][HTTP][SESSION][onRead]receive http request
info|2026-02-06 20:38:01.872421|timerFactory-0x000072a2c63ff6c0|[RPC][WS][SERVICE]connected nodes,count=0
info|2026-02-06 20:38:01.915637|timerFactory-0x000072a2b69ff6c0|[RPC][WS][SERVICE]connected nodes,count=0
info|2026-02-06 20:38:01.952954|ioService-0x000072a2d73fe6c0|[P2PService][Service][METRIC]heartBeat,connected count=3
info|2026-02-06 20:38:02.428547|ioService-0x000072a2af5fe6c0|[DEFAULT][HTTP][SESSION][onRead]receive http request
info|2026-02-06 20:38:05.430335|ioService-0x000072a2af5fe6c0|[DEFAULT][HTTP][SESSION][onRead]receive http request
info|2026-02-06 20:38:08.429480|ioService-0x000072a2af5fe6c0|[DEFAULT][HTTP][SESSION][onRead]receive http request
info|2026-02-06 20:38:11.430551|ioService-0x000072a2af5fe6c0|[DEFAULT][HTTP][SESSION][onRead]receive http request
info|2026-02-06 20:38:11.872882|timerFactory-0x000072a2c63ff6c0|[RPC][WS][SERVICE]connected nodes,count=0
info|2026-02-06 20:38:11.915898|timerFactory-0x000072a2b69ff6c0|[RPC][WS][SERVICE]connected nodes,count=0
info|2026-02-06 20:38:11.953457|ioService-0x000072a2d73fe6c0|[P2PService][Service][METRIC]heartBeat,connected count=3
info|2026-02-06 20:38:14.430341|ioService-0x000072a2af5fe6c0|[DEFAULT][HTTP][SESSION][onRead]receive http request
info|2026-02-06 20:38:17.432798|ioService-0x000072a2af5fe6c0|[DEFAULT][HTTP][SESSION][onRead]receive http request
info|2026-02-06 20:38:20.433808|ioService-0x000072a2af5fe6c0|[DEFAULT][HTTP][SESSION][onRead]receive http request
info|2026-02-06 20:38:21.873661|timerFactory-0x000072a2c63ff6c0|[RPC][WS][SERVICE]connected nodes,count=0
info|2026-02-06 20:38:21.916231|timerFactory-0x000072a2b69ff6c0|[RPC][WS][SERVICE]connected nodes,count=0
info|2026-02-06 20:38:21.953804|ioService-0x000072a2d73fe6c0|[P2PService][Service][METRIC]heartBeat,connected count=3
info|2026-02-06 20:38:23.434529|ioService-0x000072a2af5fe6c0|[DEFAULT][HTTP][SESSION][onRead]receive http request
info|2026-02-06 20:38:26.434478|ioService-0x000072a2af5fe6c0|[DEFAULT][HTTP][SESSION][onRead]receive http request
info|2026-02-06 20:38:29.436663|ioService-0x000072a2af5fe6c0|[DEFAULT][HTTP][SESSION][onRead]receive http request
info|2026-02-06 20:38:30.725678|objMonitor-0x000072a2a55ff6c0|[startMonitor][AliveObjectMonitor],AliveObjectAllocStat=[ type: bcos::gateway::Socket ,created: 10 ,destroyed: 6 ,alive: 4 ] 
info|2026-02-06 20:38:31.874016|timerFactory-0x000072a2c63ff6c0|[RPC][WS][SERVICE]connected nodes,count=0
info|2026-02-06 20:38:31.916518|timerFactory-0x000072a2b69ff6c0|[RPC][WS][SERVICE]connected nodes,count=0
info|2026-02-06 20:38:31.953926|ioService-0x000072a2d73fe6c0|[P2PService][Service][METRIC]heartBeat,connected count=3
info|2026-02-06 20:38:32.436684|ioService-0x000072a2af5fe6c0|[DEFAULT][HTTP][SESSION][onRead]receive http request
info|2026-02-06 20:38:35.438469|ioService-0x000072a2af5fe6c0|[DEFAULT][HTTP][SESSION][onRead]receive http request
info|2026-02-06 20:38:38.437646|ioService-0x000072a2af5fe6c0|[DEFAULT][HTTP][SESSION][onRead]receive http request
info|2026-02-06 20:38:41.436718|ioService-0x000072a2af5fe6c0|[DEFAULT][HTTP][SESSION][onRead]receive http request
info|2026-02-06 20:38:41.874340|timerFactory-0x000072a2c63ff6c0|[RPC][WS][SERVICE]connected nodes,count=0
info|2026-02-06 20:38:41.916894|timerFactory-0x000072a2b69ff6c0|[RPC][WS][SERVICE]connected nodes,count=0
info|2026-02-06 20:38:41.954203|ioService-0x000072a2d73fe6c0|[P2PService][Service][METRIC]heartBeat,connected count=3
info|2026-02-06 20:38:44.439276|ioService-0x000072a2af5fe6c0|[DEFAULT][HTTP][SESSION][onRead]receive http request
info|2026-02-06 20:38:47.441751|ioService-0x000072a2af5fe6c0|[DEFAULT][HTTP][SESSION][onRead]receive http request
info|2026-02-06 20:38:50.440948|ioService-0x000072a2af5fe6c0|[DEFAULT][HTTP][SESSION][onRead]receive http request
info|2026-02-06 20:38:51.874811|timerFactory-0x000072a2c63ff6c0|[RPC][WS][SERVICE]connected nodes,count=0
info|2026-02-06 20:38:51.917235|timerFactory-0x000072a2b69ff6c0|[RPC][WS][SERVICE]connected nodes,count=0
info|2026-02-06 20:38:51.954608|ioService-0x000072a2d73fe6c0|[P2PService][Service][METRIC]heartBeat,connected count=3
info|2026-02-06 20:38:53.442010|ioService-0x000072a2af5fe6c0|[DEFAULT][HTTP][SESSION][onRead]receive http request
info|2026-02-06 20:38:56.444496|ioService-0x000072a2af5fe6c0|[DEFAULT][HTTP][SESSION][onRead]receive http request
info|2026-02-06 20:38:59.443764|ioService-0x000072a2af5fe6c0|[DEFAULT][HTTP][SESSION][onRead]receive http request
info|2026-02-06 20:39:01.875622|timerFactory-0x000072a2c63ff6c0|[RPC][WS][SERVICE]connected nodes,count=0
info|2026-02-06 20:39:01.917571|timerFactory-0x000072a2b69ff6c0|[RPC][WS][SERVICE]connected nodes,count=0
info|2026-02-06 20:39:01.955031|ioService-0x000072a2d73fe6c0|[P2PService][Service][METRIC]heartBeat,connected count=3
info|2026-02-06 20:39:02.445484|ioService-0x000072a2af5fe6c0|[DEFAULT][HTTP][SESSION][onRead]receive http request
info|2026-02-06 20:39:05.445951|ioService-0x000072a2af5fe6c0|[DEFAULT][HTTP][SESSION][onRead]receive http request
info|2026-02-06 20:39:08.449041|ioService-0x000072a2af5fe6c0|[DEFAULT][HTTP][SESSION][onRead]receive http request
info|2026-02-06 20:39:11.451539|ioService-0x000072a2af5fe6c0|[DEFAULT][HTTP][SESSION][onRead]receive http request
info|2026-02-06 20:39:11.877475|timerFactory-0x000072a2c63ff6c0|[RPC][WS][SERVICE]connected nodes,count=0
info|2026-02-06 20:39:11.917877|timerFactory-0x000072a2b69ff6c0|[RPC][WS][SERVICE]connected nodes,count=0
info|2026-02-06 20:39:11.955247|ioService-0x000072a2d73fe6c0|[P2PService][Service][METRIC]heartBeat,connected count=3
info|2026-02-06 20:39:14.452694|ioService-0x000072a2af5fe6c0|[DEFAULT][HTTP][SESSION][onRead]receive http request
info|2026-02-06 20:39:17.453078|ioService-0x000072a2af5fe6c0|[DEFAULT][HTTP][SESSION][onRead]receive http request
info|2026-02-06 20:39:20.453567|ioService-0x000072a2af5fe6c0|[DEFAULT][HTTP][SESSION][onRead]receive http request
info|2026-02-06 20:39:21.877781|timerFactory-0x000072a2c63ff6c0|[RPC][WS][SERVICE]connected nodes,count=0
info|2026-02-06 20:39:21.918083|timerFactory-0x000072a2b69ff6c0|[RPC][WS][SERVICE]connected nodes,count=0
info|2026-02-06 20:39:21.955471|ioService-0x000072a2d73fe6c0|[P2PService][Service][METRIC]heartBeat,connected count=3
info|2026-02-06 20:39:23.455975|ioService-0x000072a2af5fe6c0|[DEFAULT][HTTP][SESSION][onRead]receive http request
info|2026-02-06 20:39:26.456465|ioService-0x000072a2af5fe6c0|[DEFAULT][HTTP][SESSION][onRead]receive http request
info|2026-02-06 20:39:29.456343|ioService-0x000072a2af5fe6c0|[DEFAULT][HTTP][SESSION][onRead]receive http request
info|2026-02-06 20:39:30.721439|objMonitor-0x000072a2a55ff6c0|[startMonitor][AliveObjectMonitor],AliveObjectAllocStat=[ type: bcos::gateway::Socket ,created: 10 ,destroyed: 6 ,alive: 4 ] 
info|2026-02-06 20:39:31.877977|timerFactory-0x000072a2c63ff6c0|[RPC][WS][SERVICE]connected nodes,count=0
info|2026-02-06 20:39:31.918506|timerFactory-0x000072a2b69ff6c0|[RPC][WS][SERVICE]connected nodes,count=0
info|2026-02-06 20:39:31.956038|ioService-0x000072a2d73fe6c0|[P2PService][Service][METRIC]heartBeat,connected count=3
info|2026-02-06 20:39:32.458116|ioService-0x000072a2af5fe6c0|[DEFAULT][HTTP][SESSION][onRead]receive http request
info|2026-02-06 20:39:35.462424|ioService-0x000072a2af5fe6c0|[DEFAULT][HTTP][SESSION][onRead]receive http request
info|2026-02-06 20:39:38.457857|ioService-0x000072a2af5fe6c0|[DEFAULT][HTTP][SESSION][onRead]receive http request
info|2026-02-06 20:39:41.460544|ioService-0x000072a2af5fe6c0|[DEFAULT][HTTP][SESSION][onRead]receive http request
info|2026-02-06 20:39:41.878324|timerFactory-0x000072a2c63ff6c0|[RPC][WS][SERVICE]connected nodes,count=0
info|2026-02-06 20:39:41.918758|timerFactory-0x000072a2b69ff6c0|[RPC][WS][SERVICE]connected nodes,count=0
info|2026-02-06 20:39:41.956384|ioService-0x000072a2d73fe6c0|[P2PService][Service][METRIC]heartBeat,connected count=3
info|2026-02-06 20:39:44.460862|ioService-0x000072a2af5fe6c0|[DEFAULT][HTTP][SESSION][onRead]receive http request
info|2026-02-06 20:39:47.461318|ioService-0x000072a2af5fe6c0|[DEFAULT][HTTP][SESSION][onRead]receive http request
info|2026-02-06 20:39:50.462145|ioService-0x000072a2af5fe6c0|[DEFAULT][HTTP][SESSION][onRead]receive http request
info|2026-02-06 20:39:51.878512|timerFactory-0x000072a2c63ff6c0|[RPC][WS][SERVICE]connected nodes,count=0
info|2026-02-06 20:39:51.919079|timerFactory-0x000072a2b69ff6c0|[RPC][WS][SERVICE]connected nodes,count=0
info|2026-02-06 20:39:51.956641|ioService-0x000072a2d73fe6c0|[P2PService][Service][METRIC]heartBeat,connected count=3
info|2026-02-06 20:39:53.463057|ioService-0x000072a2af5fe6c0|[DEFAULT][HTTP][SESSION][onRead]receive http request
info|2026-02-06 20:39:56.464793|ioService-0x000072a2af5fe6c0|[DEFAULT][HTTP][SESSION][onRead]receive http request
info|2026-02-06 20:39:59.465554|ioService-0x000072a2af5fe6c0|[DEFAULT][HTTP][SESSION][onRead]receive http request
info|2026-02-06 20:40:01.878697|timerFactory-0x000072a2c63ff6c0|[RPC][WS][SERVICE]connected nodes,count=0
info|2026-02-06 20:40:01.919492|timerFactory-0x000072a2b69ff6c0|[RPC][WS][SERVICE]connected nodes,count=0
info|2026-02-06 20:40:01.956805|ioService-0x000072a2d73fe6c0|[P2PService][Service][METRIC]heartBeat,connected count=3
info|2026-02-06 20:40:02.467527|ioService-0x000072a2af5fe6c0|[DEFAULT][HTTP][SESSION][onRead]receive http request
info|2026-02-06 20:40:05.467016|ioService-0x000072a2af5fe6c0|[DEFAULT][HTTP][SESSION][onRead]receive http request
info|2026-02-06 20:40:08.468981|ioService-0x000072a2af5fe6c0|[DEFAULT][HTTP][SESSION][onRead]receive http request
info|2026-02-06 20:40:11.466596|ioService-0x000072a2af5fe6c0|[DEFAULT][HTTP][SESSION][onRead]receive http request
info|2026-02-06 20:40:11.879456|timerFactory-0x000072a2c63ff6c0|[RPC][WS][SERVICE]connected nodes,count=0
info|2026-02-06 20:40:11.919785|timerFactory-0x000072a2b69ff6c0|[RPC][WS][SERVICE]connected nodes,count=0
info|2026-02-06 20:40:11.957154|ioService-0x000072a2d73fe6c0|[P2PService][Service][METRIC]heartBeat,connected count=3
info|2026-02-06 20:40:14.471946|ioService-0x000072a2af5fe6c0|[DEFAULT][HTTP][SESSION][onRead]receive http request
info|2026-02-06 20:40:17.468494|ioService-0x000072a2af5fe6c0|[DEFAULT][HTTP][SESSION][onRead]receive http request
info|2026-02-06 20:40:20.469805|ioService-0x000072a2af5fe6c0|[DEFAULT][HTTP][SESSION][onRead]receive http request
info|2026-02-06 20:40:21.879621|timerFactory-0x000072a2c63ff6c0|[RPC][WS][SERVICE]connected nodes,count=0
info|2026-02-06 20:40:21.920035|timerFactory-0x000072a2b69ff6c0|[RPC][WS][SERVICE]connected nodes,count=0
info|2026-02-06 20:40:21.957328|ioService-0x000072a2d73fe6c0|[P2PService][Service][METRIC]heartBeat,connected count=3
info|2026-02-06 20:40:23.472245|ioService-0x000072a2af5fe6c0|[DEFAULT][HTTP][SESSION][onRead]receive http request
info|2026-02-06 20:40:26.471865|ioService-0x000072a2af5fe6c0|[DEFAULT][HTTP][SESSION][onRead]receive http request
info|2026-02-06 20:40:29.475093|ioService-0x000072a2af5fe6c0|[DEFAULT][HTTP][SESSION][onRead]receive http request
info|2026-02-06 20:40:30.717519|objMonitor-0x000072a2a55ff6c0|[startMonitor][AliveObjectMonitor],AliveObjectAllocStat=[ type: bcos::gateway::Socket ,created: 10 ,destroyed: 6 ,alive: 4 ] 
info|2026-02-06 20:40:31.879935|timerFactory-0x000072a2c63ff6c0|[RPC][WS][SERVICE]connected nodes,count=0
info|2026-02-06 20:40:31.920307|timerFactory-0x000072a2b69ff6c0|[RPC][WS][SERVICE]connected nodes,count=0
info|2026-02-06 20:40:31.957630|ioService-0x000072a2d73fe6c0|[P2PService][Service][METRIC]heartBeat,connected count=3
info|2026-02-06 20:40:32.475350|ioService-0x000072a2af5fe6c0|[DEFAULT][HTTP][SESSION][onRead]receive http request
info|2026-02-06 20:40:35.476421|ioService-0x000072a2af5fe6c0|[DEFAULT][HTTP][SESSION][onRead]receive http request
info|2026-02-06 20:40:38.476669|ioService-0x000072a2af5fe6c0|[DEFAULT][HTTP][SESSION][onRead]receive http request
info|2026-02-06 20:40:41.478429|ioService-0x000072a2af5fe6c0|[DEFAULT][HTTP][SESSION][onRead]receive http request
info|2026-02-06 20:40:41.880076|timerFactory-0x000072a2c63ff6c0|[RPC][WS][SERVICE]connected nodes,count=0
info|2026-02-06 20:40:41.920607|timerFactory-0x000072a2b69ff6c0|[RPC][WS][SERVICE]connected nodes,count=0
info|2026-02-06 20:40:41.957993|ioService-0x000072a2d73fe6c0|[P2PService][Service][METRIC]heartBeat,connected count=3
info|2026-02-06 20:40:44.478472|ioService-0x000072a2af5fe6c0|[DEFAULT][HTTP][SESSION][onRead]receive http request
info|2026-02-06 20:40:47.480088|ioService-0x000072a2af5fe6c0|[DEFAULT][HTTP][SESSION][onRead]receive http request
info|2026-02-06 20:40:50.481316|ioService-0x000072a2af5fe6c0|[DEFAULT][HTTP][SESSION][onRead]receive http request
info|2026-02-06 20:40:51.880182|timerFactory-0x000072a2c63ff6c0|[RPC][WS][SERVICE]connected nodes,count=0
info|2026-02-06 20:40:51.920825|timerFactory-0x000072a2b69ff6c0|[RPC][WS][SERVICE]connected nodes,count=0
info|2026-02-06 20:40:51.958283|ioService-0x000072a2d73fe6c0|[P2PService][Service][METRIC]heartBeat,connected count=3
info|2026-02-06 20:40:53.482518|ioService-0x000072a2af5fe6c0|[DEFAULT][HTTP][SESSION][onRead]receive http request
info|2026-02-06 20:40:56.483460|ioService-0x000072a2af5fe6c0|[DEFAULT][HTTP][SESSION][onRead]receive http request
info|2026-02-06 20:40:59.484651|ioService-0x000072a2af5fe6c0|[DEFAULT][HTTP][SESSION][onRead]receive http request
info|2026-02-06 20:41:01.880363|timerFactory-0x000072a2c63ff6c0|[RPC][WS][SERVICE]connected nodes,count=0
info|2026-02-06 20:41:01.920993|timerFactory-0x000072a2b69ff6c0|[RPC][WS][SERVICE]connected nodes,count=0
info|2026-02-06 20:41:01.958590|ioService-0x000072a2d73fe6c0|[P2PService][Service][METRIC]heartBeat,connected count=3
info|2026-02-06 20:41:02.484621|ioService-0x000072a2af5fe6c0|[DEFAULT][HTTP][SESSION][onRead]receive http request
info|2026-02-06 20:41:05.485691|ioService-0x000072a2af5fe6c0|[DEFAULT][HTTP][SESSION][onRead]receive http request
info|2026-02-06 20:41:08.483678|ioService-0x000072a2af5fe6c0|[DEFAULT][HTTP][SESSION][onRead]receive http request
info|2026-02-06 20:41:11.484040|ioService-0x000072a2af5fe6c0|[DEFAULT][HTTP][SESSION][onRead]receive http request
info|2026-02-06 20:41:11.880495|timerFactory-0x000072a2c63ff6c0|[RPC][WS][SERVICE]connected nodes,count=0
info|2026-02-06 20:41:11.921191|timerFactory-0x000072a2b69ff6c0|[RPC][WS][SERVICE]connected nodes,count=0
info|2026-02-06 20:41:11.958901|ioService-0x000072a2d73fe6c0|[P2PService][Service][METRIC]heartBeat,connected count=3
info|2026-02-06 20:41:14.485816|ioService-0x000072a2af5fe6c0|[DEFAULT][HTTP][SESSION][onRead]receive http request
info|2026-02-06 20:41:17.485846|ioService-0x000072a2af5fe6c0|[DEFAULT][HTTP][SESSION][onRead]receive http request
info|2026-02-06 20:41:20.486767|ioService-0x000072a2af5fe6c0|[DEFAULT][HTTP][SESSION][onRead]receive http request
info|2026-02-06 20:41:21.880737|timerFactory-0x000072a2c63ff6c0|[RPC][WS][SERVICE]connected nodes,count=0
info|2026-02-06 20:41:21.921403|timerFactory-0x000072a2b69ff6c0|[RPC][WS][SERVICE]connected nodes,count=0
info|2026-02-06 20:41:21.959233|ioService-0x000072a2d73fe6c0|[P2PService][Service][METRIC]heartBeat,connected count=3
info|2026-02-06 20:41:23.490237|ioService-0x000072a2af5fe6c0|[DEFAULT][HTTP][SESSION][onRead]receive http request
info|2026-02-06 20:41:26.490251|ioService-0x000072a2af5fe6c0|[DEFAULT][HTTP][SESSION][onRead]receive http request
info|2026-02-06 20:41:29.491894|ioService-0x000072a2af5fe6c0|[DEFAULT][HTTP][SESSION][onRead]receive http request
info|2026-02-06 20:41:30.713062|objMonitor-0x000072a2a55ff6c0|[startMonitor][AliveObjectMonitor],AliveObjectAllocStat=[ type: bcos::gateway::Socket ,created: 10 ,destroyed: 6 ,alive: 4 ] 
info|2026-02-06 20:41:31.881018|timerFactory-0x000072a2c63ff6c0|[RPC][WS][SERVICE]connected nodes,count=0
info|2026-02-06 20:41:31.921722|timerFactory-0x000072a2b69ff6c0|[RPC][WS][SERVICE]connected nodes,count=0
info|2026-02-06 20:41:31.959722|ioService-0x000072a2d73fe6c0|[P2PService][Service][METRIC]heartBeat,connected count=3
info|2026-02-06 20:41:32.492815|ioService-0x000072a2af5fe6c0|[DEFAULT][HTTP][SESSION][onRead]receive http request
info|2026-02-06 20:41:35.494635|ioService-0x000072a2af5fe6c0|[DEFAULT][HTTP][SESSION][onRead]receive http request
info|2026-02-06 20:41:38.493712|ioService-0x000072a2af5fe6c0|[DEFAULT][HTTP][SESSION][onRead]receive http request
info|2026-02-06 20:41:41.491867|ioService-0x000072a2af5fe6c0|[DEFAULT][HTTP][SESSION][onRead]receive http request
info|2026-02-06 20:41:41.881196|timerFactory-0x000072a2c63ff6c0|[RPC][WS][SERVICE]connected nodes,count=0
info|2026-02-06 20:41:41.922082|timerFactory-0x000072a2b69ff6c0|[RPC][WS][SERVICE]connected nodes,count=0
info|2026-02-06 20:41:41.960045|ioService-0x000072a2d73fe6c0|[P2PService][Service][METRIC]heartBeat,connected count=3
info|2026-02-06 20:41:44.494843|ioService-0x000072a2af5fe6c0|[DEFAULT][HTTP][SESSION][onRead]receive http request
info|2026-02-06 20:41:47.494558|ioService-0x000072a2af5fe6c0|[DEFAULT][HTTP][SESSION][onRead]receive http request
info|2026-02-06 20:41:50.494765|ioService-0x000072a2af5fe6c0|[DEFAULT][HTTP][SESSION][onRead]receive http request
info|2026-02-06 20:41:51.881617|timerFactory-0x000072a2c63ff6c0|[RPC][WS][SERVICE]connected nodes,count=0
info|2026-02-06 20:41:51.922527|timerFactory-0x000072a2b69ff6c0|[RPC][WS][SERVICE]connected nodes,count=0
info|2026-02-06 20:41:51.960813|ioService-0x000072a2d73fe6c0|[P2PService][Service][METRIC]heartBeat,connected count=3
info|2026-02-06 20:41:53.497412|ioService-0x000072a2af5fe6c0|[DEFAULT][HTTP][SESSION][onRead]receive http request
info|2026-02-06 20:41:56.497948|ioService-0x000072a2af5fe6c0|[DEFAULT][HTTP][SESSION][onRead]receive http request
info|2026-02-06 20:41:59.498772|ioService-0x000072a2af5fe6c0|[DEFAULT][HTTP][SESSION][onRead]receive http request
info|2026-02-06 20:42:01.881863|timerFactory-0x000072a2c63ff6c0|[RPC][WS][SERVICE]connected nodes,count=0
info|2026-02-06 20:42:01.922818|timerFactory-0x000072a2b69ff6c0|[RPC][WS][SERVICE]connected nodes,count=0
info|2026-02-06 20:42:01.961101|ioService-0x000072a2d73fe6c0|[P2PService][Service][METRIC]heartBeat,connected count=3
info|2026-02-06 20:42:02.499694|ioService-0x000072a2af5fe6c0|[DEFAULT][HTTP][SESSION][onRead]receive http request
info|2026-02-06 20:42:05.499167|ioService-0x000072a2af5fe6c0|[DEFAULT][HTTP][SESSION][onRead]receive http request
info|2026-02-06 20:42:08.499989|ioService-0x000072a2af5fe6c0|[DEFAULT][HTTP][SESSION][onRead]receive http request
info|2026-02-06 20:42:11.500556|ioService-0x000072a2af5fe6c0|[DEFAULT][HTTP][SESSION][onRead]receive http request
info|2026-02-06 20:42:11.881980|timerFactory-0x000072a2c63ff6c0|[RPC][WS][SERVICE]connected nodes,count=0
info|2026-02-06 20:42:11.928593|timerFactory-0x000072a2b69ff6c0|[RPC][WS][SERVICE]connected nodes,count=0
info|2026-02-06 20:42:11.961923|ioService-0x000072a2d73fe6c0|[P2PService][Service][METRIC]heartBeat,connected count=3
info|2026-02-06 20:42:14.502195|ioService-0x000072a2af5fe6c0|[DEFAULT][HTTP][SESSION][onRead]receive http request
info|2026-02-06 20:42:17.502868|ioService-0x000072a2af5fe6c0|[DEFAULT][HTTP][SESSION][onRead]receive http request
info|2026-02-06 20:42:20.504282|ioService-0x000072a2af5fe6c0|[DEFAULT][HTTP][SESSION][onRead]receive http request
info|2026-02-06 20:42:21.882120|timerFactory-0x000072a2c63ff6c0|[RPC][WS][SERVICE]connected nodes,count=0
info|2026-02-06 20:42:21.929139|timerFactory-0x000072a2b69ff6c0|[RPC][WS][SERVICE]connected nodes,count=0
info|2026-02-06 20:42:21.962367|ioService-0x000072a2d73fe6c0|[P2PService][Service][METRIC]heartBeat,connected count=3
info|2026-02-06 20:42:23.506024|ioService-0x000072a2af5fe6c0|[DEFAULT][HTTP][SESSION][onRead]receive http request
info|2026-02-06 20:42:26.506436|ioService-0x000072a2af5fe6c0|[DEFAULT][HTTP][SESSION][onRead]receive http request
info|2026-02-06 20:42:29.508200|ioService-0x000072a2af5fe6c0|[DEFAULT][HTTP][SESSION][onRead]receive http request
info|2026-02-06 20:42:30.709032|objMonitor-0x000072a2a55ff6c0|[startMonitor][AliveObjectMonitor],AliveObjectAllocStat=[ type: bcos::gateway::Socket ,created: 10 ,destroyed: 6 ,alive: 4 ] [ type: bcos::gateway::ResponseCallback ,created: 174873 ,destroyed: 174867 ,alive: 6 ] 
info|2026-02-06 20:42:31.882438|timerFactory-0x000072a2c63ff6c0|[RPC][WS][SERVICE]connected nodes,count=0
info|2026-02-06 20:42:31.929600|timerFactory-0x000072a2b69ff6c0|[RPC][WS][SERVICE]connected nodes,count=0
info|2026-02-06 20:42:31.963024|ioService-0x000072a2d73fe6c0|[P2PService][Service][METRIC]heartBeat,connected count=3
info|2026-02-06 20:42:32.511221|ioService-0x000072a2af5fe6c0|[DEFAULT][HTTP][SESSION][onRead]receive http request
info|2026-02-06 20:42:35.510757|ioService-0x000072a2af5fe6c0|[DEFAULT][HTTP][SESSION][onRead]receive http request
info|2026-02-06 20:42:38.509222|ioService-0x000072a2af5fe6c0|[DEFAULT][HTTP][SESSION][onRead]receive http request
info|2026-02-06 20:42:41.510116|ioService-0x000072a2af5fe6c0|[DEFAULT][HTTP][SESSION][onRead]receive http request
info|2026-02-06 20:42:41.882799|timerFactory-0x000072a2c63ff6c0|[RPC][WS][SERVICE]connected nodes,count=0
info|2026-02-06 20:42:41.930034|timerFactory-0x000072a2b69ff6c0|[RPC][WS][SERVICE]connected nodes,count=0
info|2026-02-06 20:42:41.963367|ioService-0x000072a2d73fe6c0|[P2PService][Service][METRIC]heartBeat,connected count=3
info|2026-02-06 20:42:44.509366|ioService-0x000072a2af5fe6c0|[DEFAULT][HTTP][SESSION][onRead]receive http request
info|2026-02-06 20:42:47.510791|ioService-0x000072a2af5fe6c0|[DEFAULT][HTTP][SESSION][onRead]receive http request
info|2026-02-06 20:42:50.512414|ioService-0x000072a2af5fe6c0|[DEFAULT][HTTP][SESSION][onRead]receive http request
info|2026-02-06 20:42:51.883027|timerFactory-0x000072a2c63ff6c0|[RPC][WS][SERVICE]connected nodes,count=0
info|2026-02-06 20:42:51.930401|timerFactory-0x000072a2b69ff6c0|[RPC][WS][SERVICE]connected nodes,count=0
info|2026-02-06 20:42:51.963726|ioService-0x000072a2d73fe6c0|[P2PService][Service][METRIC]heartBeat,connected count=3
info|2026-02-06 20:42:53.511907|ioService-0x000072a2af5fe6c0|[DEFAULT][HTTP][SESSION][onRead]receive http request
info|2026-02-06 20:42:56.512384|ioService-0x000072a2af5fe6c0|[DEFAULT][HTTP][SESSION][onRead]receive http request
info|2026-02-06 20:42:59.513817|ioService-0x000072a2af5fe6c0|[DEFAULT][HTTP][SESSION][onRead]receive http request
info|2026-02-06 20:43:01.883305|timerFactory-0x000072a2c63ff6c0|[RPC][WS][SERVICE]connected nodes,count=0
info|2026-02-06 20:43:01.931145|timerFactory-0x000072a2b69ff6c0|[RPC][WS][SERVICE]connected nodes,count=0
info|2026-02-06 20:43:01.964126|ioService-0x000072a2d73fe6c0|[P2PService][Service][METRIC]heartBeat,connected count=3
info|2026-02-06 20:43:02.515901|ioService-0x000072a2af5fe6c0|[DEFAULT][HTTP][SESSION][onRead]receive http request
info|2026-02-06 20:43:05.514508|ioService-0x000072a2af5fe6c0|[DEFAULT][HTTP][SESSION][onRead]receive http request
info|2026-02-06 20:43:08.515573|ioService-0x000072a2af5fe6c0|[DEFAULT][HTTP][SESSION][onRead]receive http request
info|2026-02-06 20:43:11.516908|ioService-0x000072a2af5fe6c0|[DEFAULT][HTTP][SESSION][onRead]receive http request
info|2026-02-06 20:43:11.883637|timerFactory-0x000072a2c63ff6c0|[RPC][WS][SERVICE]connected nodes,count=0
info|2026-02-06 20:43:11.931463|timerFactory-0x000072a2b69ff6c0|[RPC][WS][SERVICE]connected nodes,count=0
info|2026-02-06 20:43:11.964695|ioService-0x000072a2d73fe6c0|[P2PService][Service][METRIC]heartBeat,connected count=3
info|2026-02-06 20:43:14.517336|ioService-0x000072a2af5fe6c0|[DEFAULT][HTTP][SESSION][onRead]receive http request
info|2026-02-06 20:43:17.519156|ioService-0x000072a2af5fe6c0|[DEFAULT][HTTP][SESSION][onRead]receive http request
info|2026-02-06 20:43:20.521221|ioService-0x000072a2af5fe6c0|[DEFAULT][HTTP][SESSION][onRead]receive http request
info|2026-02-06 20:43:21.883916|timerFactory-0x000072a2c63ff6c0|[RPC][WS][SERVICE]connected nodes,count=0
info|2026-02-06 20:43:21.932229|timerFactory-0x000072a2b69ff6c0|[RPC][WS][SERVICE]connected nodes,count=0
info|2026-02-06 20:43:21.965032|ioService-0x000072a2d73fe6c0|[P2PService][Service][METRIC]heartBeat,connected count=3
info|2026-02-06 20:43:23.521969|ioService-0x000072a2af5fe6c0|[DEFAULT][HTTP][SESSION][onRead]receive http request
info|2026-02-06 20:43:26.522801|ioService-0x000072a2af5fe6c0|[DEFAULT][HTTP][SESSION][onRead]receive http request
info|2026-02-06 20:43:29.524177|ioService-0x000072a2af5fe6c0|[DEFAULT][HTTP][SESSION][onRead]receive http request
info|2026-02-06 20:43:30.705083|objMonitor-0x000072a2a55ff6c0|[startMonitor][AliveObjectMonitor],AliveObjectAllocStat=[ type: bcos::gateway::Socket ,created: 10 ,destroyed: 6 ,alive: 4 ] 
info|2026-02-06 20:43:31.884290|timerFactory-0x000072a2c63ff6c0|[RPC][WS][SERVICE]connected nodes,count=0
info|2026-02-06 20:43:31.932847|timerFactory-0x000072a2b69ff6c0|[RPC][WS][SERVICE]connected nodes,count=0
info|2026-02-06 20:43:31.965508|ioService-0x000072a2d73fe6c0|[P2PService][Service][METRIC]heartBeat,connected count=3
info|2026-02-06 20:43:32.524956|ioService-0x000072a2af5fe6c0|[DEFAULT][HTTP][SESSION][onRead]receive http request
info|2026-02-06 20:43:35.525291|ioService-0x000072a2af5fe6c0|[DEFAULT][HTTP][SESSION][onRead]receive http request
info|2026-02-06 20:43:38.524125|ioService-0x000072a2af5fe6c0|[DEFAULT][HTTP][SESSION][onRead]receive http request
info|2026-02-06 20:43:41.525987|ioService-0x000072a2af5fe6c0|[DEFAULT][HTTP][SESSION][onRead]receive http request
info|2026-02-06 20:43:41.884516|timerFactory-0x000072a2c63ff6c0|[RPC][WS][SERVICE]connected nodes,count=0
info|2026-02-06 20:43:41.933314|timerFactory-0x000072a2b69ff6c0|[RPC][WS][SERVICE]connected nodes,count=0
info|2026-02-06 20:43:41.965981|ioService-0x000072a2d73fe6c0|[P2PService][Service][METRIC]heartBeat,connected count=3
info|2026-02-06 20:43:44.528362|ioService-0x000072a2af5fe6c0|[DEFAULT][HTTP][SESSION][onRead]receive http request
info|2026-02-06 20:43:47.528618|ioService-0x000072a2af5fe6c0|[DEFAULT][HTTP][SESSION][onRead]receive http request
info|2026-02-06 20:43:50.529533|ioService-0x000072a2af5fe6c0|[DEFAULT][HTTP][SESSION][onRead]receive http request
info|2026-02-06 20:43:51.884738|timerFactory-0x000072a2c63ff6c0|[RPC][WS][SERVICE]connected nodes,count=0
info|2026-02-06 20:43:51.933586|timerFactory-0x000072a2b69ff6c0|[RPC][WS][SERVICE]connected nodes,count=0
info|2026-02-06 20:43:51.966269|ioService-0x000072a2d73fe6c0|[P2PService][Service][METRIC]heartBeat,connected count=3
info|2026-02-06 20:43:53.531628|ioService-0x000072a2af5fe6c0|[DEFAULT][HTTP][SESSION][onRead]receive http request
info|2026-02-06 20:43:56.531694|ioService-0x000072a2af5fe6c0|[DEFAULT][HTTP][SESSION][onRead]receive http request
info|2026-02-06 20:43:59.534874|ioService-0x000072a2af5fe6c0|[DEFAULT][HTTP][SESSION][onRead]receive http request
info|2026-02-06 20:44:01.885051|timerFactory-0x000072a2c63ff6c0|[RPC][WS][SERVICE]connected nodes,count=0
info|2026-02-06 20:44:01.933761|timerFactory-0x000072a2b69ff6c0|[RPC][WS][SERVICE]connected nodes,count=0
info|2026-02-06 20:44:01.966486|ioService-0x000072a2d73fe6c0|[P2PService][Service][METRIC]heartBeat,connected count=3
info|2026-02-06 20:44:02.532876|ioService-0x000072a2af5fe6c0|[DEFAULT][HTTP][SESSION][onRead]receive http request
info|2026-02-06 20:44:05.534231|ioService-0x000072a2af5fe6c0|[DEFAULT][HTTP][SESSION][onRead]receive http request
info|2026-02-06 20:44:08.533890|ioService-0x000072a2af5fe6c0|[DEFAULT][HTTP][SESSION][onRead]receive http request
info|2026-02-06 20:44:11.533567|ioService-0x000072a2af5fe6c0|[DEFAULT][HTTP][SESSION][onRead]receive http request
info|2026-02-06 20:44:11.885369|timerFactory-0x000072a2c63ff6c0|[RPC][WS][SERVICE]connected nodes,count=0
info|2026-02-06 20:44:11.935599|timerFactory-0x000072a2b69ff6c0|[RPC][WS][SERVICE]connected nodes,count=0
info|2026-02-06 20:44:11.967289|ioService-0x000072a2d73fe6c0|[P2PService][Service][METRIC]heartBeat,connected count=3
info|2026-02-06 20:44:14.536540|ioService-0x000072a2af5fe6c0|[DEFAULT][HTTP][SESSION][onRead]receive http request
info|2026-02-06 20:44:17.539465|ioService-0x000072a2af5fe6c0|[DEFAULT][HTTP][SESSION][onRead]receive http request
info|2026-02-06 20:44:20.537426|ioService-0x000072a2af5fe6c0|[DEFAULT][HTTP][SESSION][onRead]receive http request
info|2026-02-06 20:44:21.885654|timerFactory-0x000072a2c63ff6c0|[RPC][WS][SERVICE]connected nodes,count=0
info|2026-02-06 20:44:21.936030|timerFactory-0x000072a2b69ff6c0|[RPC][WS][SERVICE]connected nodes,count=0
info|2026-02-06 20:44:21.967884|ioService-0x000072a2d73fe6c0|[P2PService][Service][METRIC]heartBeat,connected count=3
info|2026-02-06 20:44:23.543711|ioService-0x000072a2af5fe6c0|[DEFAULT][HTTP][SESSION][onRead]receive http request
info|2026-02-06 20:44:26.544896|ioService-0x000072a2af5fe6c0|[DEFAULT][HTTP][SESSION][onRead]receive http request
info|2026-02-06 20:44:29.545413|ioService-0x000072a2af5fe6c0|[DEFAULT][HTTP][SESSION][onRead]receive http request
info|2026-02-06 20:44:30.701140|objMonitor-0x000072a2a55ff6c0|[startMonitor][AliveObjectMonitor],AliveObjectAllocStat=[ type: bcos::gateway::Socket ,created: 10 ,destroyed: 6 ,alive: 4 ] 
info|2026-02-06 20:44:31.885873|timerFactory-0x000072a2c63ff6c0|[RPC][WS][SERVICE]connected nodes,count=0
info|2026-02-06 20:44:31.936860|timerFactory-0x000072a2b69ff6c0|[RPC][WS][SERVICE]connected nodes,count=0
info|2026-02-06 20:44:31.968428|ioService-0x000072a2d73fe6c0|[P2PService][Service][METRIC]heartBeat,connected count=3
info|2026-02-06 20:44:32.546937|ioService-0x000072a2af5fe6c0|[DEFAULT][HTTP][SESSION][onRead]receive http request
info|2026-02-06 20:44:35.548949|ioService-0x000072a2af5fe6c0|[DEFAULT][HTTP][SESSION][onRead]receive http request
info|2026-02-06 20:44:38.545060|ioService-0x000072a2af5fe6c0|[DEFAULT][HTTP][SESSION][onRead]receive http request
info|2026-02-06 20:44:41.546608|ioService-0x000072a2af5fe6c0|[DEFAULT][HTTP][SESSION][onRead]receive http request
info|2026-02-06 20:44:41.885972|timerFactory-0x000072a2c63ff6c0|[RPC][WS][SERVICE]connected nodes,count=0
info|2026-02-06 20:44:41.937199|timerFactory-0x000072a2b69ff6c0|[RPC][WS][SERVICE]connected nodes,count=0
info|2026-02-06 20:44:41.968643|ioService-0x000072a2d73fe6c0|[P2PService][Service][METRIC]heartBeat,connected count=3
info|2026-02-06 20:44:44.547980|ioService-0x000072a2af5fe6c0|[DEFAULT][HTTP][SESSION][onRead]receive http request
info|2026-02-06 20:44:47.550572|ioService-0x000072a2af5fe6c0|[DEFAULT][HTTP][SESSION][onRead]receive http request
info|2026-02-06 20:44:50.550251|ioService-0x000072a2af5fe6c0|[DEFAULT][HTTP][SESSION][onRead]receive http request
info|2026-02-06 20:44:51.886234|timerFactory-0x000072a2c63ff6c0|[RPC][WS][SERVICE]connected nodes,count=0
info|2026-02-06 20:44:51.937641|timerFactory-0x000072a2b69ff6c0|[RPC][WS][SERVICE]connected nodes,count=0
info|2026-02-06 20:44:51.968956|ioService-0x000072a2d73fe6c0|[P2PService][Service][METRIC]heartBeat,connected count=3
info|2026-02-06 20:44:53.552121|ioService-0x000072a2af5fe6c0|[DEFAULT][HTTP][SESSION][onRead]receive http request
info|2026-02-06 20:44:56.553899|ioService-0x000072a2af5fe6c0|[DEFAULT][HTTP][SESSION][onRead]receive http request
info|2026-02-06 20:44:59.563508|ioService-0x000072a2af5fe6c0|[DEFAULT][HTTP][SESSION][onRead]receive http request
info|2026-02-06 20:45:01.886800|timerFactory-0x000072a2c63ff6c0|[RPC][WS][SERVICE]connected nodes,count=0
info|2026-02-06 20:45:01.938153|timerFactory-0x000072a2b69ff6c0|[RPC][WS][SERVICE]connected nodes,count=0
info|2026-02-06 20:45:01.969470|ioService-0x000072a2d73fe6c0|[P2PService][Service][METRIC]heartBeat,connected count=3
info|2026-02-06 20:45:02.557656|ioService-0x000072a2af5fe6c0|[DEFAULT][HTTP][SESSION][onRead]receive http request
info|2026-02-06 20:45:05.558047|ioService-0x000072a2af5fe6c0|[DEFAULT][HTTP][SESSION][onRead]receive http request
info|2026-02-06 20:45:08.559859|ioService-0x000072a2af5fe6c0|[DEFAULT][HTTP][SESSION][onRead]receive http request
info|2026-02-06 20:45:11.559926|ioService-0x000072a2af5fe6c0|[DEFAULT][HTTP][SESSION][onRead]receive http request
info|2026-02-06 20:45:11.887116|timerFactory-0x000072a2c63ff6c0|[RPC][WS][SERVICE]connected nodes,count=0
info|2026-02-06 20:45:11.938589|timerFactory-0x000072a2b69ff6c0|[RPC][WS][SERVICE]connected nodes,count=0
info|2026-02-06 20:45:11.970030|ioService-0x000072a2d73fe6c0|[P2PService][Service][METRIC]heartBeat,connected count=3
info|2026-02-06 20:45:14.560092|ioService-0x000072a2af5fe6c0|[DEFAULT][HTTP][SESSION][onRead]receive http request
info|2026-02-06 20:45:17.560677|ioService-0x000072a2af5fe6c0|[DEFAULT][HTTP][SESSION][onRead]receive http request
info|2026-02-06 20:45:20.565003|ioService-0x000072a2af5fe6c0|[DEFAULT][HTTP][SESSION][onRead]receive http request
info|2026-02-06 20:45:21.888312|timerFactory-0x000072a2c63ff6c0|[RPC][WS][SERVICE]connected nodes,count=0
info|2026-02-06 20:45:21.938857|timerFactory-0x000072a2b69ff6c0|[RPC][WS][SERVICE]connected nodes,count=0
info|2026-02-06 20:45:21.970492|ioService-0x000072a2d73fe6c0|[P2PService][Service][METRIC]heartBeat,connected count=3
info|2026-02-06 20:45:23.565584|ioService-0x000072a2af5fe6c0|[DEFAULT][HTTP][SESSION][onRead]receive http request
info|2026-02-06 20:45:26.565931|ioService-0x000072a2af5fe6c0|[DEFAULT][HTTP][SESSION][onRead]receive http request
info|2026-02-06 20:45:29.566627|ioService-0x000072a2af5fe6c0|[DEFAULT][HTTP][SESSION][onRead]receive http request
info|2026-02-06 20:45:30.698497|objMonitor-0x000072a2a55ff6c0|[startMonitor][AliveObjectMonitor],AliveObjectAllocStat=[ type: bcos::gateway::Socket ,created: 10 ,destroyed: 6 ,alive: 4 ] 
info|2026-02-06 20:45:31.888752|timerFactory-0x000072a2c63ff6c0|[RPC][WS][SERVICE]connected nodes,count=0
info|2026-02-06 20:45:31.939214|timerFactory-0x000072a2b69ff6c0|[RPC][WS][SERVICE]connected nodes,count=0
info|2026-02-06 20:45:31.970899|ioService-0x000072a2d73fe6c0|[P2PService][Service][METRIC]heartBeat,connected count=3
info|2026-02-06 20:45:32.566999|ioService-0x000072a2af5fe6c0|[DEFAULT][HTTP][SESSION][onRead]receive http request
info|2026-02-06 20:45:35.567872|ioService-0x000072a2af5fe6c0|[DEFAULT][HTTP][SESSION][onRead]receive http request
info|2026-02-06 20:45:38.567705|ioService-0x000072a2af5fe6c0|[DEFAULT][HTTP][SESSION][onRead]receive http request
info|2026-02-06 20:45:41.568336|ioService-0x000072a2af5fe6c0|[DEFAULT][HTTP][SESSION][onRead]receive http request
info|2026-02-06 20:45:41.889144|timerFactory-0x000072a2c63ff6c0|[RPC][WS][SERVICE]connected nodes,count=0
info|2026-02-06 20:45:41.939686|timerFactory-0x000072a2b69ff6c0|[RPC][WS][SERVICE]connected nodes,count=0
info|2026-02-06 20:45:41.971253|ioService-0x000072a2d73fe6c0|[P2PService][Service][METRIC]heartBeat,connected count=3
info|2026-02-06 20:45:44.569672|ioService-0x000072a2af5fe6c0|[DEFAULT][HTTP][SESSION][onRead]receive http request
info|2026-02-06 20:45:47.571418|ioService-0x000072a2af5fe6c0|[DEFAULT][HTTP][SESSION][onRead]receive http request
info|2026-02-06 20:45:50.570549|ioService-0x000072a2af5fe6c0|[DEFAULT][HTTP][SESSION][onRead]receive http request
info|2026-02-06 20:45:51.889522|timerFactory-0x000072a2c63ff6c0|[RPC][WS][SERVICE]connected nodes,count=0
info|2026-02-06 20:45:51.940045|timerFactory-0x000072a2b69ff6c0|[RPC][WS][SERVICE]connected nodes,count=0
info|2026-02-06 20:45:51.971704|ioService-0x000072a2d73fe6c0|[P2PService][Service][METRIC]heartBeat,connected count=3
info|2026-02-06 20:45:53.572176|ioService-0x000072a2af5fe6c0|[DEFAULT][HTTP][SESSION][onRead]receive http request
info|2026-02-06 20:45:56.575857|ioService-0x000072a2af5fe6c0|[DEFAULT][HTTP][SESSION][onRead]receive http request
info|2026-02-06 20:45:59.574169|ioService-0x000072a2af5fe6c0|[DEFAULT][HTTP][SESSION][onRead]receive http request
info|2026-02-06 20:46:01.890444|timerFactory-0x000072a2c63ff6c0|[RPC][WS][SERVICE]connected nodes,count=0
info|2026-02-06 20:46:01.940311|timerFactory-0x000072a2b69ff6c0|[RPC][WS][SERVICE]connected nodes,count=0
info|2026-02-06 20:46:01.971851|ioService-0x000072a2d73fe6c0|[P2PService][Service][METRIC]heartBeat,connected count=3
info|2026-02-06 20:46:02.574499|ioService-0x000072a2af5fe6c0|[DEFAULT][HTTP][SESSION][onRead]receive http request
info|2026-02-06 20:46:05.576105|ioService-0x000072a2af5fe6c0|[DEFAULT][HTTP][SESSION][onRead]receive http request
info|2026-02-06 20:46:08.576655|ioService-0x000072a2af5fe6c0|[DEFAULT][HTTP][SESSION][onRead]receive http request
info|2026-02-06 20:46:11.575510|ioService-0x000072a2af5fe6c0|[DEFAULT][HTTP][SESSION][onRead]receive http request
info|2026-02-06 20:46:11.890659|timerFactory-0x000072a2c63ff6c0|[RPC][WS][SERVICE]connected nodes,count=0
info|2026-02-06 20:46:11.940465|timerFactory-0x000072a2b69ff6c0|[RPC][WS][SERVICE]connected nodes,count=0
info|2026-02-06 20:46:11.972041|ioService-0x000072a2d73fe6c0|[P2PService][Service][METRIC]heartBeat,connected count=3
info|2026-02-06 20:46:14.580815|ioService-0x000072a2af5fe6c0|[DEFAULT][HTTP][SESSION][onRead]receive http request
info|2026-02-06 20:46:17.578723|ioService-0x000072a2af5fe6c0|[DEFAULT][HTTP][SESSION][onRead]receive http request
info|2026-02-06 20:46:20.581580|ioService-0x000072a2af5fe6c0|[DEFAULT][HTTP][SESSION][onRead]receive http request
info|2026-02-06 20:46:21.890811|timerFactory-0x000072a2c63ff6c0|[RPC][WS][SERVICE]connected nodes,count=0
info|2026-02-06 20:46:21.940792|timerFactory-0x000072a2b69ff6c0|[RPC][WS][SERVICE]connected nodes,count=0
info|2026-02-06 20:46:21.972446|ioService-0x000072a2d73fe6c0|[P2PService][Service][METRIC]heartBeat,connected count=3
info|2026-02-06 20:46:23.581279|ioService-0x000072a2af5fe6c0|[DEFAULT][HTTP][SESSION][onRead]receive http request
info|2026-02-06 20:46:26.582490|ioService-0x000072a2af5fe6c0|[DEFAULT][HTTP][SESSION][onRead]receive http request
info|2026-02-06 20:46:29.584331|ioService-0x000072a2af5fe6c0|[DEFAULT][HTTP][SESSION][onRead]receive http request
info|2026-02-06 20:46:30.693852|objMonitor-0x000072a2a55ff6c0|[startMonitor][AliveObjectMonitor],AliveObjectAllocStat=[ type: bcos::gateway::Socket ,created: 10 ,destroyed: 6 ,alive: 4 ] 
info|2026-02-06 20:46:31.890998|timerFactory-0x000072a2c63ff6c0|[RPC][WS][SERVICE]connected nodes,count=0
info|2026-02-06 20:46:31.941048|timerFactory-0x000072a2b69ff6c0|[RPC][WS][SERVICE]connected nodes,count=0
info|2026-02-06 20:46:31.972804|ioService-0x000072a2d73fe6c0|[P2PService][Service][METRIC]heartBeat,connected count=3
info|2026-02-06 20:46:32.582551|ioService-0x000072a2af5fe6c0|[DEFAULT][HTTP][SESSION][onRead]receive http request
info|2026-02-06 20:46:35.583863|ioService-0x000072a2af5fe6c0|[DEFAULT][HTTP][SESSION][onRead]receive http request
info|2026-02-06 20:46:38.583436|ioService-0x000072a2af5fe6c0|[DEFAULT][HTTP][SESSION][onRead]receive http request
info|2026-02-06 20:46:41.585504|ioService-0x000072a2af5fe6c0|[DEFAULT][HTTP][SESSION][onRead]receive http request
info|2026-02-06 20:46:41.891401|timerFactory-0x000072a2c63ff6c0|[RPC][WS][SERVICE]connected nodes,count=0
info|2026-02-06 20:46:41.941411|timerFactory-0x000072a2b69ff6c0|[RPC][WS][SERVICE]connected nodes,count=0
info|2026-02-06 20:46:41.973339|ioService-0x000072a2d73fe6c0|[P2PService][Service][METRIC]heartBeat,connected count=3
info|2026-02-06 20:46:44.586037|ioService-0x000072a2af5fe6c0|[DEFAULT][HTTP][SESSION][onRead]receive http request
info|2026-02-06 20:46:47.586954|ioService-0x000072a2af5fe6c0|[DEFAULT][HTTP][SESSION][onRead]receive http request
info|2026-02-06 20:46:50.587778|ioService-0x000072a2af5fe6c0|[DEFAULT][HTTP][SESSION][onRead]receive http request
info|2026-02-06 20:46:51.891951|timerFactory-0x000072a2c63ff6c0|[RPC][WS][SERVICE]connected nodes,count=0
info|2026-02-06 20:46:51.941849|timerFactory-0x000072a2b69ff6c0|[RPC][WS][SERVICE]connected nodes,count=0
info|2026-02-06 20:46:51.973692|ioService-0x000072a2d73fe6c0|[P2PService][Service][METRIC]heartBeat,connected count=3
info|2026-02-06 20:46:53.589159|ioService-0x000072a2af5fe6c0|[DEFAULT][HTTP][SESSION][onRead]receive http request
info|2026-02-06 20:46:56.590152|ioService-0x000072a2af5fe6c0|[DEFAULT][HTTP][SESSION][onRead]receive http request
info|2026-02-06 20:46:59.591407|ioService-0x000072a2af5fe6c0|[DEFAULT][HTTP][SESSION][onRead]receive http request
info|2026-02-06 20:47:01.892274|timerFactory-0x000072a2c63ff6c0|[RPC][WS][SERVICE]connected nodes,count=0
info|2026-02-06 20:47:01.942010|timerFactory-0x000072a2b69ff6c0|[RPC][WS][SERVICE]connected nodes,count=0
info|2026-02-06 20:47:01.974132|ioService-0x000072a2d73fe6c0|[P2PService][Service][METRIC]heartBeat,connected count=3
info|2026-02-06 20:47:02.592698|ioService-0x000072a2af5fe6c0|[DEFAULT][HTTP][SESSION][onRead]receive http request
info|2026-02-06 20:47:05.593565|ioService-0x000072a2af5fe6c0|[DEFAULT][HTTP][SESSION][onRead]receive http request
info|2026-02-06 20:47:08.598392|ioService-0x000072a2af5fe6c0|[DEFAULT][HTTP][SESSION][onRead]receive http request
info|2026-02-06 20:47:11.592408|ioService-0x000072a2af5fe6c0|[DEFAULT][HTTP][SESSION][onRead]receive http request
info|2026-02-06 20:47:11.892609|timerFactory-0x000072a2c63ff6c0|[RPC][WS][SERVICE]connected nodes,count=0
info|2026-02-06 20:47:11.942325|timerFactory-0x000072a2b69ff6c0|[RPC][WS][SERVICE]connected nodes,count=0
info|2026-02-06 20:47:11.977623|ioService-0x000072a2d73fe6c0|[P2PService][Service][METRIC]heartBeat,connected count=3
info|2026-02-06 20:47:14.595600|ioService-0x000072a2af5fe6c0|[DEFAULT][HTTP][SESSION][onRead]receive http request
info|2026-02-06 20:47:17.596770|ioService-0x000072a2af5fe6c0|[DEFAULT][HTTP][SESSION][onRead]receive http request
info|2026-02-06 20:47:20.598455|ioService-0x000072a2af5fe6c0|[DEFAULT][HTTP][SESSION][onRead]receive http request
info|2026-02-06 20:47:21.892774|timerFactory-0x000072a2c63ff6c0|[RPC][WS][SERVICE]connected nodes,count=0
info|2026-02-06 20:47:21.942640|timerFactory-0x000072a2b69ff6c0|[RPC][WS][SERVICE]connected nodes,count=0
info|2026-02-06 20:47:21.977964|ioService-0x000072a2d73fe6c0|[P2PService][Service][METRIC]heartBeat,connected count=3
info|2026-02-06 20:47:23.600141|ioService-0x000072a2af5fe6c0|[DEFAULT][HTTP][SESSION][onRead]receive http request
info|2026-02-06 20:47:26.599970|ioService-0x000072a2af5fe6c0|[DEFAULT][HTTP][SESSION][onRead]receive http request
info|2026-02-06 20:47:29.600641|ioService-0x000072a2af5fe6c0|[DEFAULT][HTTP][SESSION][onRead]receive http request
info|2026-02-06 20:47:30.690354|objMonitor-0x000072a2a55ff6c0|[startMonitor][AliveObjectMonitor],AliveObjectAllocStat=[ type: bcos::gateway::Socket ,created: 10 ,destroyed: 6 ,alive: 4 ] 
info|2026-02-06 20:47:31.892973|timerFactory-0x000072a2c63ff6c0|[RPC][WS][SERVICE]connected nodes,count=0
info|2026-02-06 20:47:31.942931|timerFactory-0x000072a2b69ff6c0|[RPC][WS][SERVICE]connected nodes,count=0
info|2026-02-06 20:47:31.978358|ioService-0x000072a2d73fe6c0|[P2PService][Service][METRIC]heartBeat,connected count=3
info|2026-02-06 20:47:32.602350|ioService-0x000072a2af5fe6c0|[DEFAULT][HTTP][SESSION][onRead]receive http request
info|2026-02-06 20:47:35.603306|ioService-0x000072a2af5fe6c0|[DEFAULT][HTTP][SESSION][onRead]receive http request
info|2026-02-06 20:47:38.601762|ioService-0x000072a2af5fe6c0|[DEFAULT][HTTP][SESSION][onRead]receive http request
info|2026-02-06 20:47:41.601981|ioService-0x000072a2af5fe6c0|[DEFAULT][HTTP][SESSION][onRead]receive http request
info|2026-02-06 20:47:41.893102|timerFactory-0x000072a2c63ff6c0|[RPC][WS][SERVICE]connected nodes,count=0
info|2026-02-06 20:47:41.943075|timerFactory-0x000072a2b69ff6c0|[RPC][WS][SERVICE]connected nodes,count=0
info|2026-02-06 20:47:41.978665|ioService-0x000072a2d73fe6c0|[P2PService][Service][METRIC]heartBeat,connected count=3
info|2026-02-06 20:47:44.602672|ioService-0x000072a2af5fe6c0|[DEFAULT][HTTP][SESSION][onRead]receive http request
info|2026-02-06 20:47:47.605291|ioService-0x000072a2af5fe6c0|[DEFAULT][HTTP][SESSION][onRead]receive http request
info|2026-02-06 20:47:50.606826|ioService-0x000072a2af5fe6c0|[DEFAULT][HTTP][SESSION][onRead]receive http request
info|2026-02-06 20:47:51.893476|timerFactory-0x000072a2c63ff6c0|[RPC][WS][SERVICE]connected nodes,count=0
info|2026-02-06 20:47:51.943688|timerFactory-0x000072a2b69ff6c0|[RPC][WS][SERVICE]connected nodes,count=0
info|2026-02-06 20:47:51.978991|ioService-0x000072a2d73fe6c0|[P2PService][Service][METRIC]heartBeat,connected count=3
info|2026-02-06 20:47:53.607924|ioService-0x000072a2af5fe6c0|[DEFAULT][HTTP][SESSION][onRead]receive http request
info|2026-02-06 20:47:56.614129|ioService-0x000072a2af5fe6c0|[DEFAULT][HTTP][SESSION][onRead]receive http request
info|2026-02-06 20:47:59.610106|ioService-0x000072a2af5fe6c0|[DEFAULT][HTTP][SESSION][onRead]receive http request
info|2026-02-06 20:48:01.893773|timerFactory-0x000072a2c63ff6c0|[RPC][WS][SERVICE]connected nodes,count=0
info|2026-02-06 20:48:01.943956|timerFactory-0x000072a2b69ff6c0|[RPC][WS][SERVICE]connected nodes,count=0
info|2026-02-06 20:48:01.979244|ioService-0x000072a2d73fe6c0|[P2PService][Service][METRIC]heartBeat,connected count=3
info|2026-02-06 20:48:02.611767|ioService-0x000072a2af5fe6c0|[DEFAULT][HTTP][SESSION][onRead]receive http request
info|2026-02-06 20:48:05.610694|ioService-0x000072a2af5fe6c0|[DEFAULT][HTTP][SESSION][onRead]receive http request
info|2026-02-06 20:48:08.609878|ioService-0x000072a2af5fe6c0|[DEFAULT][HTTP][SESSION][onRead]receive http request
info|2026-02-06 20:48:11.610527|ioService-0x000072a2af5fe6c0|[DEFAULT][HTTP][SESSION][onRead]receive http request
info|2026-02-06 20:48:11.894308|timerFactory-0x000072a2c63ff6c0|[RPC][WS][SERVICE]connected nodes,count=0
info|2026-02-06 20:48:11.944411|timerFactory-0x000072a2b69ff6c0|[RPC][WS][SERVICE]connected nodes,count=0
info|2026-02-06 20:48:11.979766|ioService-0x000072a2d73fe6c0|[P2PService][Service][METRIC]heartBeat,connected count=3
info|2026-02-06 20:48:14.610292|ioService-0x000072a2af5fe6c0|[DEFAULT][HTTP][SESSION][onRead]receive http request
info|2026-02-06 20:48:17.611816|ioService-0x000072a2af5fe6c0|[DEFAULT][HTTP][SESSION][onRead]receive http request
info|2026-02-06 20:48:20.613363|ioService-0x000072a2af5fe6c0|[DEFAULT][HTTP][SESSION][onRead]receive http request
info|2026-02-06 20:48:21.894730|timerFactory-0x000072a2c63ff6c0|[RPC][WS][SERVICE]connected nodes,count=0
info|2026-02-06 20:48:21.944658|timerFactory-0x000072a2b69ff6c0|[RPC][WS][SERVICE]connected nodes,count=0
info|2026-02-06 20:48:21.980308|ioService-0x000072a2d73fe6c0|[P2PService][Service][METRIC]heartBeat,connected count=3
info|2026-02-06 20:48:23.613775|ioService-0x000072a2af5fe6c0|[DEFAULT][HTTP][SESSION][onRead]receive http request
info|2026-02-06 20:48:26.615818|ioService-0x000072a2af5fe6c0|[DEFAULT][HTTP][SESSION][onRead]receive http request
info|2026-02-06 20:48:29.617645|ioService-0x000072a2af5fe6c0|[DEFAULT][HTTP][SESSION][onRead]receive http request
info|2026-02-06 20:48:30.686220|objMonitor-0x000072a2a55ff6c0|[startMonitor][AliveObjectMonitor],AliveObjectAllocStat=[ type: bcos::gateway::Socket ,created: 10 ,destroyed: 6 ,alive: 4 ] 
info|2026-02-06 20:48:31.895255|timerFactory-0x000072a2c63ff6c0|[RPC][WS][SERVICE]connected nodes,count=0
info|2026-02-06 20:48:31.944888|timerFactory-0x000072a2b69ff6c0|[RPC][WS][SERVICE]connected nodes,count=0
info|2026-02-06 20:48:31.980715|ioService-0x000072a2d73fe6c0|[P2PService][Service][METRIC]heartBeat,connected count=3
info|2026-02-06 20:48:32.620337|ioService-0x000072a2af5fe6c0|[DEFAULT][HTTP][SESSION][onRead]receive http request
info|2026-02-06 20:48:35.619810|ioService-0x000072a2af5fe6c0|[DEFAULT][HTTP][SESSION][onRead]receive http request
info|2026-02-06 20:48:38.620777|ioService-0x000072a2af5fe6c0|[DEFAULT][HTTP][SESSION][onRead]receive http request
info|2026-02-06 20:48:41.619777|ioService-0x000072a2af5fe6c0|[DEFAULT][HTTP][SESSION][onRead]receive http request
info|2026-02-06 20:48:41.895489|timerFactory-0x000072a2c63ff6c0|[RPC][WS][SERVICE]connected nodes,count=0
info|2026-02-06 20:48:41.945183|timerFactory-0x000072a2b69ff6c0|[RPC][WS][SERVICE]connected nodes,count=0
info|2026-02-06 20:48:41.981022|ioService-0x000072a2d73fe6c0|[P2PService][Service][METRIC]heartBeat,connected count=3
info|2026-02-06 20:48:44.622132|ioService-0x000072a2af5fe6c0|[DEFAULT][HTTP][SESSION][onRead]receive http request
info|2026-02-06 20:48:47.622525|ioService-0x000072a2af5fe6c0|[DEFAULT][HTTP][SESSION][onRead]receive http request
info|2026-02-06 20:48:50.624225|ioService-0x000072a2af5fe6c0|[DEFAULT][HTTP][SESSION][onRead]receive http request
info|2026-02-06 20:48:51.896237|timerFactory-0x000072a2c63ff6c0|[RPC][WS][SERVICE]connected nodes,count=0
info|2026-02-06 20:48:51.945923|timerFactory-0x000072a2b69ff6c0|[RPC][WS][SERVICE]connected nodes,count=0
info|2026-02-06 20:48:51.981113|ioService-0x000072a2d73fe6c0|[P2PService][Service][METRIC]heartBeat,connected count=3
info|2026-02-06 20:48:53.626367|ioService-0x000072a2af5fe6c0|[DEFAULT][HTTP][SESSION][onRead]receive http request
info|2026-02-06 20:48:56.626931|ioService-0x000072a2af5fe6c0|[DEFAULT][HTTP][SESSION][onRead]receive http request
info|2026-02-06 20:48:59.628268|ioService-0x000072a2af5fe6c0|[DEFAULT][HTTP][SESSION][onRead]receive http request
info|2026-02-06 20:49:01.896695|timerFactory-0x000072a2c63ff6c0|[RPC][WS][SERVICE]connected nodes,count=0
info|2026-02-06 20:49:01.946148|timerFactory-0x000072a2b69ff6c0|[RPC][WS][SERVICE]connected nodes,count=0
info|2026-02-06 20:49:01.981365|ioService-0x000072a2d73fe6c0|[P2PService][Service][METRIC]heartBeat,connected count=3
info|2026-02-06 20:49:02.632250|ioService-0x000072a2af5fe6c0|[DEFAULT][HTTP][SESSION][onRead]receive http request
info|2026-02-06 20:49:05.631420|ioService-0x000072a2af5fe6c0|[DEFAULT][HTTP][SESSION][onRead]receive http request
info|2026-02-06 20:49:08.629728|ioService-0x000072a2af5fe6c0|[DEFAULT][HTTP][SESSION][onRead]receive http request
info|2026-02-06 20:49:11.631704|ioService-0x000072a2af5fe6c0|[DEFAULT][HTTP][SESSION][onRead]receive http request
info|2026-02-06 20:49:11.897046|timerFactory-0x000072a2c63ff6c0|[RPC][WS][SERVICE]connected nodes,count=0
info|2026-02-06 20:49:11.946460|timerFactory-0x000072a2b69ff6c0|[RPC][WS][SERVICE]connected nodes,count=0
info|2026-02-06 20:49:11.981919|ioService-0x000072a2d73fe6c0|[P2PService][Service][METRIC]heartBeat,connected count=3
info|2026-02-06 20:49:14.632299|ioService-0x000072a2af5fe6c0|[DEFAULT][HTTP][SESSION][onRead]receive http request
info|2026-02-06 20:49:17.633227|ioService-0x000072a2af5fe6c0|[DEFAULT][HTTP][SESSION][onRead]receive http request
info|2026-02-06 20:49:20.633548|ioService-0x000072a2af5fe6c0|[DEFAULT][HTTP][SESSION][onRead]receive http request
info|2026-02-06 20:49:21.897377|timerFactory-0x000072a2c63ff6c0|[RPC][WS][SERVICE]connected nodes,count=0
info|2026-02-06 20:49:21.946779|timerFactory-0x000072a2b69ff6c0|[RPC][WS][SERVICE]connected nodes,count=0
info|2026-02-06 20:49:21.982429|ioService-0x000072a2d73fe6c0|[P2PService][Service][METRIC]heartBeat,connected count=3
info|2026-02-06 20:49:23.634353|ioService-0x000072a2af5fe6c0|[DEFAULT][HTTP][SESSION][onRead]receive http request
info|2026-02-06 20:49:26.635821|ioService-0x000072a2af5fe6c0|[DEFAULT][HTTP][SESSION][onRead]receive http request
info|2026-02-06 20:49:29.638189|ioService-0x000072a2af5fe6c0|[DEFAULT][HTTP][SESSION][onRead]receive http request
info|2026-02-06 20:49:30.682002|objMonitor-0x000072a2a55ff6c0|[startMonitor][AliveObjectMonitor],AliveObjectAllocStat=[ type: bcos::gateway::Socket ,created: 10 ,destroyed: 6 ,alive: 4 ] 
info|2026-02-06 20:49:31.897568|timerFactory-0x000072a2c63ff6c0|[RPC][WS][SERVICE]connected nodes,count=0
info|2026-02-06 20:49:31.946963|timerFactory-0x000072a2b69ff6c0|[RPC][WS][SERVICE]connected nodes,count=0
info|2026-02-06 20:49:31.982995|ioService-0x000072a2d73fe6c0|[P2PService][Service][METRIC]heartBeat,connected count=3
info|2026-02-06 20:49:32.638876|ioService-0x000072a2af5fe6c0|[DEFAULT][HTTP][SESSION][onRead]receive http request
info|2026-02-06 20:49:35.642401|ioService-0x000072a2af5fe6c0|[DEFAULT][HTTP][SESSION][onRead]receive http request
info|2026-02-06 20:49:38.637933|ioService-0x000072a2af5fe6c0|[DEFAULT][HTTP][SESSION][onRead]receive http request
info|2026-02-06 20:49:41.639363|ioService-0x000072a2af5fe6c0|[DEFAULT][HTTP][SESSION][onRead]receive http request
info|2026-02-06 20:49:41.897693|timerFactory-0x000072a2c63ff6c0|[RPC][WS][SERVICE]connected nodes,count=0
info|2026-02-06 20:49:41.947169|timerFactory-0x000072a2b69ff6c0|[RPC][WS][SERVICE]connected nodes,count=0
info|2026-02-06 20:49:41.983458|ioService-0x000072a2d73fe6c0|[P2PService][Service][METRIC]heartBeat,connected count=3
info|2026-02-06 20:49:44.637919|ioService-0x000072a2af5fe6c0|[DEFAULT][HTTP][SESSION][onRead]receive http request
info|2026-02-06 20:49:47.638295|ioService-0x000072a2af5fe6c0|[DEFAULT][HTTP][SESSION][onRead]receive http request
info|2026-02-06 20:49:50.638432|ioService-0x000072a2af5fe6c0|[DEFAULT][HTTP][SESSION][onRead]receive http request
info|2026-02-06 20:49:51.897900|timerFactory-0x000072a2c63ff6c0|[RPC][WS][SERVICE]connected nodes,count=0
info|2026-02-06 20:49:51.947408|timerFactory-0x000072a2b69ff6c0|[RPC][WS][SERVICE]connected nodes,count=0
info|2026-02-06 20:49:51.983730|ioService-0x000072a2d73fe6c0|[P2PService][Service][METRIC]heartBeat,connected count=3
info|2026-02-06 20:49:53.637558|ioService-0x000072a2af5fe6c0|[DEFAULT][HTTP][SESSION][onRead]receive http request
info|2026-02-06 20:49:56.638263|ioService-0x000072a2af5fe6c0|[DEFAULT][HTTP][SESSION][onRead]receive http request
info|2026-02-06 20:49:59.640198|ioService-0x000072a2af5fe6c0|[DEFAULT][HTTP][SESSION][onRead]receive http request
info|2026-02-06 20:50:01.898237|timerFactory-0x000072a2c63ff6c0|[RPC][WS][SERVICE]connected nodes,count=0
info|2026-02-06 20:50:01.947681|timerFactory-0x000072a2b69ff6c0|[RPC][WS][SERVICE]connected nodes,count=0
info|2026-02-06 20:50:01.983970|ioService-0x000072a2d73fe6c0|[P2PService][Service][METRIC]heartBeat,connected count=3
info|2026-02-06 20:50:02.645115|ioService-0x000072a2af5fe6c0|[DEFAULT][HTTP][SESSION][onRead]receive http request
info|2026-02-06 20:50:05.641948|ioService-0x000072a2af5fe6c0|[DEFAULT][HTTP][SESSION][onRead]receive http request
info|2026-02-06 20:50:08.641001|ioService-0x000072a2af5fe6c0|[DEFAULT][HTTP][SESSION][onRead]receive http request
info|2026-02-06 20:50:11.642694|ioService-0x000072a2af5fe6c0|[DEFAULT][HTTP][SESSION][onRead]receive http request
info|2026-02-06 20:50:11.898438|timerFactory-0x000072a2c63ff6c0|[RPC][WS][SERVICE]connected nodes,count=0
info|2026-02-06 20:50:11.947896|timerFactory-0x000072a2b69ff6c0|[RPC][WS][SERVICE]connected nodes,count=0
info|2026-02-06 20:50:11.984229|ioService-0x000072a2d73fe6c0|[P2PService][Service][METRIC]heartBeat,connected count=3
info|2026-02-06 20:50:14.643075|ioService-0x000072a2af5fe6c0|[DEFAULT][HTTP][SESSION][onRead]receive http request
info|2026-02-06 20:50:17.643333|ioService-0x000072a2af5fe6c0|[DEFAULT][HTTP][SESSION][onRead]receive http request
info|2026-02-06 20:50:20.644489|ioService-0x000072a2af5fe6c0|[DEFAULT][HTTP][SESSION][onRead]receive http request
info|2026-02-06 20:50:21.898702|timerFactory-0x000072a2c63ff6c0|[RPC][WS][SERVICE]connected nodes,count=0
info|2026-02-06 20:50:21.948089|timerFactory-0x000072a2b69ff6c0|[RPC][WS][SERVICE]connected nodes,count=0
info|2026-02-06 20:50:21.984430|ioService-0x000072a2d73fe6c0|[P2PService][Service][METRIC]heartBeat,connected count=3
info|2026-02-06 20:50:23.644842|ioService-0x000072a2af5fe6c0|[DEFAULT][HTTP][SESSION][onRead]receive http request
info|2026-02-06 20:50:26.645268|ioService-0x000072a2af5fe6c0|[DEFAULT][HTTP][SESSION][onRead]receive http request
info|2026-02-06 20:50:29.646420|ioService-0x000072a2af5fe6c0|[DEFAULT][HTTP][SESSION][onRead]receive http request
info|2026-02-06 20:50:30.677763|objMonitor-0x000072a2a55ff6c0|[startMonitor][AliveObjectMonitor],AliveObjectAllocStat=[ type: bcos::gateway::Socket ,created: 10 ,destroyed: 6 ,alive: 4 ] 
info|2026-02-06 20:50:31.898821|timerFactory-0x000072a2c63ff6c0|[RPC][WS][SERVICE]connected nodes,count=0
info|2026-02-06 20:50:31.948266|timerFactory-0x000072a2b69ff6c0|[RPC][WS][SERVICE]connected nodes,count=0
info|2026-02-06 20:50:31.984736|ioService-0x000072a2d73fe6c0|[P2PService][Service][METRIC]heartBeat,connected count=3
info|2026-02-06 20:50:32.648500|ioService-0x000072a2af5fe6c0|[DEFAULT][HTTP][SESSION][onRead]receive http request
info|2026-02-06 20:50:35.648298|ioService-0x000072a2af5fe6c0|[DEFAULT][HTTP][SESSION][onRead]receive http request
info|2026-02-06 20:50:38.644684|ioService-0x000072a2af5fe6c0|[DEFAULT][HTTP][SESSION][onRead]receive http request
info|2026-02-06 20:50:41.645729|ioService-0x000072a2af5fe6c0|[DEFAULT][HTTP][SESSION][onRead]receive http request
info|2026-02-06 20:50:41.898961|timerFactory-0x000072a2c63ff6c0|[RPC][WS][SERVICE]connected nodes,count=0
info|2026-02-06 20:50:41.948405|timerFactory-0x000072a2b69ff6c0|[RPC][WS][SERVICE]connected nodes,count=0
info|2026-02-06 20:50:41.985038|ioService-0x000072a2d73fe6c0|[P2PService][Service][METRIC]heartBeat,connected count=3
info|2026-02-06 20:50:44.646735|ioService-0x000072a2af5fe6c0|[DEFAULT][HTTP][SESSION][onRead]receive http request
info|2026-02-06 20:50:47.646088|ioService-0x000072a2af5fe6c0|[DEFAULT][HTTP][SESSION][onRead]receive http request
info|2026-02-06 20:50:50.647396|ioService-0x000072a2af5fe6c0|[DEFAULT][HTTP][SESSION][onRead]receive http request
info|2026-02-06 20:50:51.899168|timerFactory-0x000072a2c63ff6c0|[RPC][WS][SERVICE]connected nodes,count=0
info|2026-02-06 20:50:51.948682|timerFactory-0x000072a2b69ff6c0|[RPC][WS][SERVICE]connected nodes,count=0
info|2026-02-06 20:50:51.985176|ioService-0x000072a2d73fe6c0|[P2PService][Service][METRIC]heartBeat,connected count=3
info|2026-02-06 20:50:53.647859|ioService-0x000072a2af5fe6c0|[DEFAULT][HTTP][SESSION][onRead]receive http request
info|2026-02-06 20:50:56.650576|ioService-0x000072a2af5fe6c0|[DEFAULT][HTTP][SESSION][onRead]receive http request
info|2026-02-06 20:50:59.651478|ioService-0x000072a2af5fe6c0|[DEFAULT][HTTP][SESSION][onRead]receive http request
info|2026-02-06 20:51:01.899494|timerFactory-0x000072a2c63ff6c0|[RPC][WS][SERVICE]connected nodes,count=0
info|2026-02-06 20:51:01.949040|timerFactory-0x000072a2b69ff6c0|[RPC][WS][SERVICE]connected nodes,count=0
info|2026-02-06 20:51:01.985609|ioService-0x000072a2d73fe6c0|[P2PService][Service][METRIC]heartBeat,connected count=3
info|2026-02-06 20:51:02.652649|ioService-0x000072a2af5fe6c0|[DEFAULT][HTTP][SESSION][onRead]receive http request
info|2026-02-06 20:51:05.654855|ioService-0x000072a2af5fe6c0|[DEFAULT][HTTP][SESSION][onRead]receive http request
info|2026-02-06 20:51:08.656668|ioService-0x000072a2af5fe6c0|[DEFAULT][HTTP][SESSION][onRead]receive http request
info|2026-02-06 20:51:11.657809|ioService-0x000072a2af5fe6c0|[DEFAULT][HTTP][SESSION][onRead]receive http request
info|2026-02-06 20:51:11.900863|timerFactory-0x000072a2c63ff6c0|[RPC][WS][SERVICE]connected nodes,count=0
info|2026-02-06 20:51:11.950541|timerFactory-0x000072a2b69ff6c0|[RPC][WS][SERVICE]connected nodes,count=0
info|2026-02-06 20:51:11.985830|ioService-0x000072a2d73fe6c0|[P2PService][Service][METRIC]heartBeat,connected count=3
info|2026-02-06 20:51:14.658505|ioService-0x000072a2af5fe6c0|[DEFAULT][HTTP][SESSION][onRead]receive http request
info|2026-02-06 20:51:17.659964|ioService-0x000072a2af5fe6c0|[DEFAULT][HTTP][SESSION][onRead]receive http request
info|2026-02-06 20:51:20.660890|ioService-0x000072a2af5fe6c0|[DEFAULT][HTTP][SESSION][onRead]receive http request
info|2026-02-06 20:51:21.901098|timerFactory-0x000072a2c63ff6c0|[RPC][WS][SERVICE]connected nodes,count=0
info|2026-02-06 20:51:21.950712|timerFactory-0x000072a2b69ff6c0|[RPC][WS][SERVICE]connected nodes,count=0
info|2026-02-06 20:51:21.986073|ioService-0x000072a2d73fe6c0|[P2PService][Service][METRIC]heartBeat,connected count=3
info|2026-02-06 20:51:23.661217|ioService-0x000072a2af5fe6c0|[DEFAULT][HTTP][SESSION][onRead]receive http request
info|2026-02-06 20:51:26.662920|ioService-0x000072a2af5fe6c0|[DEFAULT][HTTP][SESSION][onRead]receive http request
info|2026-02-06 20:51:29.669073|ioService-0x000072a2af5fe6c0|[DEFAULT][HTTP][SESSION][onRead]receive http request
info|2026-02-06 20:51:30.673838|objMonitor-0x000072a2a55ff6c0|[startMonitor][AliveObjectMonitor],AliveObjectAllocStat=[ type: bcos::gateway::Socket ,created: 10 ,destroyed: 6 ,alive: 4 ] 
info|2026-02-06 20:51:31.901291|timerFactory-0x000072a2c63ff6c0|[RPC][WS][SERVICE]connected nodes,count=0
info|2026-02-06 20:51:31.950909|timerFactory-0x000072a2b69ff6c0|[RPC][WS][SERVICE]connected nodes,count=0
info|2026-02-06 20:51:31.986707|ioService-0x000072a2d73fe6c0|[P2PService][Service][METRIC]heartBeat,connected count=3
info|2026-02-06 20:51:32.669798|ioService-0x000072a2af5fe6c0|[DEFAULT][HTTP][SESSION][onRead]receive http request
info|2026-02-06 20:51:35.670791|ioService-0x000072a2af5fe6c0|[DEFAULT][HTTP][SESSION][onRead]receive http request
info|2026-02-06 20:51:38.660132|ioService-0x000072a2af5fe6c0|[DEFAULT][HTTP][SESSION][onRead]receive http request
info|2026-02-06 20:51:41.660562|ioService-0x000072a2af5fe6c0|[DEFAULT][HTTP][SESSION][onRead]receive http request
info|2026-02-06 20:51:41.901455|timerFactory-0x000072a2c63ff6c0|[RPC][WS][SERVICE]connected nodes,count=0
info|2026-02-06 20:51:41.951116|timerFactory-0x000072a2b69ff6c0|[RPC][WS][SERVICE]connected nodes,count=0
info|2026-02-06 20:51:41.986987|ioService-0x000072a2d73fe6c0|[P2PService][Service][METRIC]heartBeat,connected count=3
info|2026-02-06 20:51:44.661435|ioService-0x000072a2af5fe6c0|[DEFAULT][HTTP][SESSION][onRead]receive http request
info|2026-02-06 20:51:47.662214|ioService-0x000072a2af5fe6c0|[DEFAULT][HTTP][SESSION][onRead]receive http request
info|2026-02-06 20:51:50.663438|ioService-0x000072a2af5fe6c0|[DEFAULT][HTTP][SESSION][onRead]receive http request
info|2026-02-06 20:51:51.901614|timerFactory-0x000072a2c63ff6c0|[RPC][WS][SERVICE]connected nodes,count=0
info|2026-02-06 20:51:51.951302|timerFactory-0x000072a2b69ff6c0|[RPC][WS][SERVICE]connected nodes,count=0
info|2026-02-06 20:51:51.987132|ioService-0x000072a2d73fe6c0|[P2PService][Service][METRIC]heartBeat,connected count=3
info|2026-02-06 20:51:53.663791|ioService-0x000072a2af5fe6c0|[DEFAULT][HTTP][SESSION][onRead]receive http request
info|2026-02-06 20:51:56.664452|ioService-0x000072a2af5fe6c0|[DEFAULT][HTTP][SESSION][onRead]receive http request
info|2026-02-06 20:51:59.665886|ioService-0x000072a2af5fe6c0|[DEFAULT][HTTP][SESSION][onRead]receive http request
info|2026-02-06 20:52:01.901761|timerFactory-0x000072a2c63ff6c0|[RPC][WS][SERVICE]connected nodes,count=0
info|2026-02-06 20:52:01.951472|timerFactory-0x000072a2b69ff6c0|[RPC][WS][SERVICE]connected nodes,count=0
info|2026-02-06 20:52:01.987381|ioService-0x000072a2d73fe6c0|[P2PService][Service][METRIC]heartBeat,connected count=3
info|2026-02-06 20:52:02.666725|ioService-0x000072a2af5fe6c0|[DEFAULT][HTTP][SESSION][onRead]receive http request
info|2026-02-06 20:52:05.666701|ioService-0x000072a2af5fe6c0|[DEFAULT][HTTP][SESSION][onRead]receive http request
info|2026-02-06 20:52:08.662380|ioService-0x000072a2af5fe6c0|[DEFAULT][HTTP][SESSION][onRead]receive http request
info|2026-02-06 20:52:11.662555|ioService-0x000072a2af5fe6c0|[DEFAULT][HTTP][SESSION][onRead]receive http request
info|2026-02-06 20:52:11.901877|timerFactory-0x000072a2c63ff6c0|[RPC][WS][SERVICE]connected nodes,count=0
info|2026-02-06 20:52:11.951732|timerFactory-0x000072a2b69ff6c0|[RPC][WS][SERVICE]connected nodes,count=0
info|2026-02-06 20:52:11.987703|ioService-0x000072a2d73fe6c0|[P2PService][Service][METRIC]heartBeat,connected count=3
info|2026-02-06 20:52:14.664695|ioService-0x000072a2af5fe6c0|[DEFAULT][HTTP][SESSION][onRead]receive http request
info|2026-02-06 20:52:17.665829|ioService-0x000072a2af5fe6c0|[DEFAULT][HTTP][SESSION][onRead]receive http request
info|2026-02-06 20:52:20.665872|ioService-0x000072a2af5fe6c0|[DEFAULT][HTTP][SESSION][onRead]receive http request
info|2026-02-06 20:52:21.902092|timerFactory-0x000072a2c63ff6c0|[RPC][WS][SERVICE]connected nodes,count=0
info|2026-02-06 20:52:21.951913|timerFactory-0x000072a2b69ff6c0|[RPC][WS][SERVICE]connected nodes,count=0
info|2026-02-06 20:52:21.988039|ioService-0x000072a2d73fe6c0|[P2PService][Service][METRIC]heartBeat,connected count=3
info|2026-02-06 20:52:23.667410|ioService-0x000072a2af5fe6c0|[DEFAULT][HTTP][SESSION][onRead]receive http request
info|2026-02-06 20:52:26.668608|ioService-0x000072a2af5fe6c0|[DEFAULT][HTTP][SESSION][onRead]receive http request
info|2026-02-06 20:52:29.669778|ioService-0x000072a2af5fe6c0|[DEFAULT][HTTP][SESSION][onRead]receive http request
info|2026-02-06 20:52:30.656742|objMonitor-0x000072a2a55ff6c0|[startMonitor][AliveObjectMonitor],AliveObjectAllocStat=[ type: bcos::gateway::Socket ,created: 10 ,destroyed: 6 ,alive: 4 ] [ type: bcos::gateway::ResponseCallback ,created: 183831 ,destroyed: 183827 ,alive: 4 ] 
info|2026-02-06 20:52:31.902491|timerFactory-0x000072a2c63ff6c0|[RPC][WS][SERVICE]connected nodes,count=0
info|2026-02-06 20:52:31.952086|timerFactory-0x000072a2b69ff6c0|[RPC][WS][SERVICE]connected nodes,count=0
info|2026-02-06 20:52:31.988254|ioService-0x000072a2d73fe6c0|[P2PService][Service][METRIC]heartBeat,connected count=3
info|2026-02-06 20:52:32.669884|ioService-0x000072a2af5fe6c0|[DEFAULT][HTTP][SESSION][onRead]receive http request
info|2026-02-06 20:52:35.670238|ioService-0x000072a2af5fe6c0|[DEFAULT][HTTP][SESSION][onRead]receive http request
info|2026-02-06 20:52:38.671183|ioService-0x000072a2af5fe6c0|[DEFAULT][HTTP][SESSION][onRead]receive http request
info|2026-02-06 20:52:41.671424|ioService-0x000072a2af5fe6c0|[DEFAULT][HTTP][SESSION][onRead]receive http request
info|2026-02-06 20:52:41.902874|timerFactory-0x000072a2c63ff6c0|[RPC][WS][SERVICE]connected nodes,count=0
info|2026-02-06 20:52:41.952232|timerFactory-0x000072a2b69ff6c0|[RPC][WS][SERVICE]connected nodes,count=0
info|2026-02-06 20:52:41.988408|ioService-0x000072a2d73fe6c0|[P2PService][Service][METRIC]heartBeat,connected count=3
info|2026-02-06 20:52:44.674169|ioService-0x000072a2af5fe6c0|[DEFAULT][HTTP][SESSION][onRead]receive http request
info|2026-02-06 20:52:47.675265|ioService-0x000072a2af5fe6c0|[DEFAULT][HTTP][SESSION][onRead]receive http request
info|2026-02-06 20:52:50.674231|ioService-0x000072a2af5fe6c0|[DEFAULT][HTTP][SESSION][onRead]receive http request
info|2026-02-06 20:52:51.903072|timerFactory-0x000072a2c63ff6c0|[RPC][WS][SERVICE]connected nodes,count=0
info|2026-02-06 20:52:51.952440|timerFactory-0x000072a2b69ff6c0|[RPC][WS][SERVICE]connected nodes,count=0
info|2026-02-06 20:52:51.988630|ioService-0x000072a2d73fe6c0|[P2PService][Service][METRIC]heartBeat,connected count=3
info|2026-02-06 20:52:53.674372|ioService-0x000072a2af5fe6c0|[DEFAULT][HTTP][SESSION][onRead]receive http request
info|2026-02-06 20:52:56.675901|ioService-0x000072a2af5fe6c0|[DEFAULT][HTTP][SESSION][onRead]receive http request
info|2026-02-06 20:52:59.676946|ioService-0x000072a2af5fe6c0|[DEFAULT][HTTP][SESSION][onRead]receive http request
info|2026-02-06 20:53:01.903347|timerFactory-0x000072a2c63ff6c0|[RPC][WS][SERVICE]connected nodes,count=0
info|2026-02-06 20:53:01.952561|timerFactory-0x000072a2b69ff6c0|[RPC][WS][SERVICE]connected nodes,count=0
info|2026-02-06 20:53:01.988849|ioService-0x000072a2d73fe6c0|[P2PService][Service][METRIC]heartBeat,connected count=3
info|2026-02-06 20:53:02.678109|ioService-0x000072a2af5fe6c0|[DEFAULT][HTTP][SESSION][onRead]receive http request
info|2026-02-06 20:53:05.678676|ioService-0x000072a2af5fe6c0|[DEFAULT][HTTP][SESSION][onRead]receive http request
info|2026-02-06 20:53:08.677253|ioService-0x000072a2af5fe6c0|[DEFAULT][HTTP][SESSION][onRead]receive http request
info|2026-02-06 20:53:11.677741|ioService-0x000072a2af5fe6c0|[DEFAULT][HTTP][SESSION][onRead]receive http request
info|2026-02-06 20:53:11.903490|timerFactory-0x000072a2c63ff6c0|[RPC][WS][SERVICE]connected nodes,count=0
info|2026-02-06 20:53:11.952918|timerFactory-0x000072a2b69ff6c0|[RPC][WS][SERVICE]connected nodes,count=0
info|2026-02-06 20:53:11.989094|ioService-0x000072a2d73fe6c0|[P2PService][Service][METRIC]heartBeat,connected count=3
info|2026-02-06 20:53:14.680033|ioService-0x000072a2af5fe6c0|[DEFAULT][HTTP][SESSION][onRead]receive http request
info|2026-02-06 20:53:17.679585|ioService-0x000072a2af5fe6c0|[DEFAULT][HTTP][SESSION][onRead]receive http request
info|2026-02-06 20:53:20.681293|ioService-0x000072a2af5fe6c0|[DEFAULT][HTTP][SESSION][onRead]receive http request
info|2026-02-06 20:53:21.903694|timerFactory-0x000072a2c63ff6c0|[RPC][WS][SERVICE]connected nodes,count=0
info|2026-02-06 20:53:21.953244|timerFactory-0x000072a2b69ff6c0|[RPC][WS][SERVICE]connected nodes,count=0
info|2026-02-06 20:53:21.991011|ioService-0x000072a2d73fe6c0|[P2PService][Service][METRIC]heartBeat,connected count=3
info|2026-02-06 20:53:23.682018|ioService-0x000072a2af5fe6c0|[DEFAULT][HTTP][SESSION][onRead]receive http request
info|2026-02-06 20:53:26.683833|ioService-0x000072a2af5fe6c0|[DEFAULT][HTTP][SESSION][onRead]receive http request
info|2026-02-06 20:53:29.685296|ioService-0x000072a2af5fe6c0|[DEFAULT][HTTP][SESSION][onRead]receive http request
info|2026-02-06 20:53:30.654812|objMonitor-0x000072a2a55ff6c0|[startMonitor][AliveObjectMonitor],AliveObjectAllocStat=[ type: bcos::gateway::Socket ,created: 10 ,destroyed: 6 ,alive: 4 ] 
info|2026-02-06 20:53:31.903870|timerFactory-0x000072a2c63ff6c0|[RPC][WS][SERVICE]connected nodes,count=0
info|2026-02-06 20:53:31.953438|timerFactory-0x000072a2b69ff6c0|[RPC][WS][SERVICE]connected nodes,count=0
info|2026-02-06 20:53:31.991188|ioService-0x000072a2d73fe6c0|[P2PService][Service][METRIC]heartBeat,connected count=3
info|2026-02-06 20:53:32.685278|ioService-0x000072a2af5fe6c0|[DEFAULT][HTTP][SESSION][onRead]receive http request
info|2026-02-06 20:53:35.685969|ioService-0x000072a2af5fe6c0|[DEFAULT][HTTP][SESSION][onRead]receive http request
info|2026-02-06 20:53:38.682954|ioService-0x000072a2af5fe6c0|[DEFAULT][HTTP][SESSION][onRead]receive http request
info|2026-02-06 20:53:41.683827|ioService-0x000072a2af5fe6c0|[DEFAULT][HTTP][SESSION][onRead]receive http request
info|2026-02-06 20:53:41.904010|timerFactory-0x000072a2c63ff6c0|[RPC][WS][SERVICE]connected nodes,count=0
info|2026-02-06 20:53:41.953643|timerFactory-0x000072a2b69ff6c0|[RPC][WS][SERVICE]connected nodes,count=0
info|2026-02-06 20:53:41.991465|ioService-0x000072a2d73fe6c0|[P2PService][Service][METRIC]heartBeat,connected count=3
info|2026-02-06 20:53:44.684738|ioService-0x000072a2af5fe6c0|[DEFAULT][HTTP][SESSION][onRead]receive http request
info|2026-02-06 20:53:47.687837|ioService-0x000072a2af5fe6c0|[DEFAULT][HTTP][SESSION][onRead]receive http request
info|2026-02-06 20:53:50.687565|ioService-0x000072a2af5fe6c0|[DEFAULT][HTTP][SESSION][onRead]receive http request
info|2026-02-06 20:53:51.904185|timerFactory-0x000072a2c63ff6c0|[RPC][WS][SERVICE]connected nodes,count=0
info|2026-02-06 20:53:51.953810|timerFactory-0x000072a2b69ff6c0|[RPC][WS][SERVICE]connected nodes,count=0
info|2026-02-06 20:53:51.991766|ioService-0x000072a2d73fe6c0|[P2PService][Service][METRIC]heartBeat,connected count=3
info|2026-02-06 20:53:53.688222|ioService-0x000072a2af5fe6c0|[DEFAULT][HTTP][SESSION][onRead]receive http request
info|2026-02-06 20:53:56.690456|ioService-0x000072a2af5fe6c0|[DEFAULT][HTTP][SESSION][onRead]receive http request
info|2026-02-06 20:53:59.690770|ioService-0x000072a2af5fe6c0|[DEFAULT][HTTP][SESSION][onRead]receive http request
info|2026-02-06 20:54:01.904406|timerFactory-0x000072a2c63ff6c0|[RPC][WS][SERVICE]connected nodes,count=0
info|2026-02-06 20:54:01.953914|timerFactory-0x000072a2b69ff6c0|[RPC][WS][SERVICE]connected nodes,count=0
info|2026-02-06 20:54:01.992128|ioService-0x000072a2d73fe6c0|[P2PService][Service][METRIC]heartBeat,connected count=3
info|2026-02-06 20:54:02.691962|ioService-0x000072a2af5fe6c0|[DEFAULT][HTTP][SESSION][onRead]receive http request
info|2026-02-06 20:54:05.692224|ioService-0x000072a2af5fe6c0|[DEFAULT][HTTP][SESSION][onRead]receive http request
info|2026-02-06 20:54:08.692154|ioService-0x000072a2af5fe6c0|[DEFAULT][HTTP][SESSION][onRead]receive http request
info|2026-02-06 20:54:11.693149|ioService-0x000072a2af5fe6c0|[DEFAULT][HTTP][SESSION][onRead]receive http request
info|2026-02-06 20:54:11.904597|timerFactory-0x000072a2c63ff6c0|[RPC][WS][SERVICE]connected nodes,count=0
info|2026-02-06 20:54:11.954003|timerFactory-0x000072a2b69ff6c0|[RPC][WS][SERVICE]connected nodes,count=0
info|2026-02-06 20:54:11.992354|ioService-0x000072a2d73fe6c0|[P2PService][Service][METRIC]heartBeat,connected count=3
info|2026-02-06 20:54:14.694562|ioService-0x000072a2af5fe6c0|[DEFAULT][HTTP][SESSION][onRead]receive http request
info|2026-02-06 20:54:17.695440|ioService-0x000072a2af5fe6c0|[DEFAULT][HTTP][SESSION][onRead]receive http request
info|2026-02-06 20:54:20.695500|ioService-0x000072a2af5fe6c0|[DEFAULT][HTTP][SESSION][onRead]receive http request
info|2026-02-06 20:54:21.904952|timerFactory-0x000072a2c63ff6c0|[RPC][WS][SERVICE]connected nodes,count=0
info|2026-02-06 20:54:21.954209|timerFactory-0x000072a2b69ff6c0|[RPC][WS][SERVICE]connected nodes,count=0
info|2026-02-06 20:54:21.992700|ioService-0x000072a2d73fe6c0|[P2PService][Service][METRIC]heartBeat,connected count=3
info|2026-02-06 20:54:23.696991|ioService-0x000072a2af5fe6c0|[DEFAULT][HTTP][SESSION][onRead]receive http request
info|2026-02-06 20:54:26.698205|ioService-0x000072a2af5fe6c0|[DEFAULT][HTTP][SESSION][onRead]receive http request
info|2026-02-06 20:54:29.707931|ioService-0x000072a2af5fe6c0|[DEFAULT][HTTP][SESSION][onRead]receive http request
info|2026-02-06 20:54:30.650473|objMonitor-0x000072a2a55ff6c0|[startMonitor][AliveObjectMonitor],AliveObjectAllocStat=[ type: bcos::gateway::Socket ,created: 10 ,destroyed: 6 ,alive: 4 ] 
info|2026-02-06 20:54:31.905230|timerFactory-0x000072a2c63ff6c0|[RPC][WS][SERVICE]connected nodes,count=0
info|2026-02-06 20:54:31.954470|timerFactory-0x000072a2b69ff6c0|[RPC][WS][SERVICE]connected nodes,count=0
info|2026-02-06 20:54:31.993080|ioService-0x000072a2d73fe6c0|[P2PService][Service][METRIC]heartBeat,connected count=3
info|2026-02-06 20:54:32.699435|ioService-0x000072a2af5fe6c0|[DEFAULT][HTTP][SESSION][onRead]receive http request
info|2026-02-06 20:54:35.701613|ioService-0x000072a2af5fe6c0|[DEFAULT][HTTP][SESSION][onRead]receive http request
info|2026-02-06 20:54:38.698639|ioService-0x000072a2af5fe6c0|[DEFAULT][HTTP][SESSION][onRead]receive http request
info|2026-02-06 20:54:41.699281|ioService-0x000072a2af5fe6c0|[DEFAULT][HTTP][SESSION][onRead]receive http request
info|2026-02-06 20:54:41.905368|timerFactory-0x000072a2c63ff6c0|[RPC][WS][SERVICE]connected nodes,count=0
info|2026-02-06 20:54:41.954686|timerFactory-0x000072a2b69ff6c0|[RPC][WS][SERVICE]connected nodes,count=0
info|2026-02-06 20:54:41.993518|ioService-0x000072a2d73fe6c0|[P2PService][Service][METRIC]heartBeat,connected count=3
info|2026-02-06 20:54:44.701279|ioService-0x000072a2af5fe6c0|[DEFAULT][HTTP][SESSION][onRead]receive http request
info|2026-02-06 20:54:47.702248|ioService-0x000072a2af5fe6c0|[DEFAULT][HTTP][SESSION][onRead]receive http request
info|2026-02-06 20:54:50.703974|ioService-0x000072a2af5fe6c0|[DEFAULT][HTTP][SESSION][onRead]receive http request
info|2026-02-06 20:54:51.905758|timerFactory-0x000072a2c63ff6c0|[RPC][WS][SERVICE]connected nodes,count=0
info|2026-02-06 20:54:51.954913|timerFactory-0x000072a2b69ff6c0|[RPC][WS][SERVICE]connected nodes,count=0
info|2026-02-06 20:54:51.994081|ioService-0x000072a2d73fe6c0|[P2PService][Service][METRIC]heartBeat,connected count=3
info|2026-02-06 20:54:53.704499|ioService-0x000072a2af5fe6c0|[DEFAULT][HTTP][SESSION][onRead]receive http request
info|2026-02-06 20:54:56.706625|ioService-0x000072a2af5fe6c0|[DEFAULT][HTTP][SESSION][onRead]receive http request
info|2026-02-06 20:54:59.707853|ioService-0x000072a2af5fe6c0|[DEFAULT][HTTP][SESSION][onRead]receive http request
info|2026-02-06 20:55:01.906006|timerFactory-0x000072a2c63ff6c0|[RPC][WS][SERVICE]connected nodes,count=0
info|2026-02-06 20:55:01.955264|timerFactory-0x000072a2b69ff6c0|[RPC][WS][SERVICE]connected nodes,count=0
info|2026-02-06 20:55:01.994349|ioService-0x000072a2d73fe6c0|[P2PService][Service][METRIC]heartBeat,connected count=3
info|2026-02-06 20:55:02.711620|ioService-0x000072a2af5fe6c0|[DEFAULT][HTTP][SESSION][onRead]receive http request
info|2026-02-06 20:55:05.711561|ioService-0x000072a2af5fe6c0|[DEFAULT][HTTP][SESSION][onRead]receive http request
info|2026-02-06 20:55:08.711912|ioService-0x000072a2af5fe6c0|[DEFAULT][HTTP][SESSION][onRead]receive http request
info|2026-02-06 20:55:11.713090|ioService-0x000072a2af5fe6c0|[DEFAULT][HTTP][SESSION][onRead]receive http request
info|2026-02-06 20:55:11.907808|timerFactory-0x000072a2c63ff6c0|[RPC][WS][SERVICE]connected nodes,count=0
info|2026-02-06 20:55:11.955951|timerFactory-0x000072a2b69ff6c0|[RPC][WS][SERVICE]connected nodes,count=0
info|2026-02-06 20:55:11.995152|ioService-0x000072a2d73fe6c0|[P2PService][Service][METRIC]heartBeat,connected count=3
info|2026-02-06 20:55:14.712891|ioService-0x000072a2af5fe6c0|[DEFAULT][HTTP][SESSION][onRead]receive http request
info|2026-02-06 20:55:17.712842|ioService-0x000072a2af5fe6c0|[DEFAULT][HTTP][SESSION][onRead]receive http request
info|2026-02-06 20:55:20.713421|ioService-0x000072a2af5fe6c0|[DEFAULT][HTTP][SESSION][onRead]receive http request
info|2026-02-06 20:55:21.908225|timerFactory-0x000072a2c63ff6c0|[RPC][WS][SERVICE]connected nodes,count=0
info|2026-02-06 20:55:21.956233|timerFactory-0x000072a2b69ff6c0|[RPC][WS][SERVICE]connected nodes,count=0
info|2026-02-06 20:55:21.995690|ioService-0x000072a2d73fe6c0|[P2PService][Service][METRIC]heartBeat,connected count=3
info|2026-02-06 20:55:23.716491|ioService-0x000072a2af5fe6c0|[DEFAULT][HTTP][SESSION][onRead]receive http request
info|2026-02-06 20:55:26.715120|ioService-0x000072a2af5fe6c0|[DEFAULT][HTTP][SESSION][onRead]receive http request
info|2026-02-06 20:55:29.717774|ioService-0x000072a2af5fe6c0|[DEFAULT][HTTP][SESSION][onRead]receive http request
info|2026-02-06 20:55:30.647191|objMonitor-0x000072a2a55ff6c0|[startMonitor][AliveObjectMonitor],AliveObjectAllocStat=[ type: bcos::gateway::Socket ,created: 10 ,destroyed: 6 ,alive: 4 ] 
info|2026-02-06 20:55:31.908602|timerFactory-0x000072a2c63ff6c0|[RPC][WS][SERVICE]connected nodes,count=0
info|2026-02-06 20:55:31.957591|timerFactory-0x000072a2b69ff6c0|[RPC][WS][SERVICE]connected nodes,count=0
info|2026-02-06 20:55:31.996170|ioService-0x000072a2d73fe6c0|[P2PService][Service][METRIC]heartBeat,connected count=3
info|2026-02-06 20:55:32.716222|ioService-0x000072a2af5fe6c0|[DEFAULT][HTTP][SESSION][onRead]receive http request
info|2026-02-06 20:55:35.718500|ioService-0x000072a2af5fe6c0|[DEFAULT][HTTP][SESSION][onRead]receive http request
info|2026-02-06 20:55:38.715452|ioService-0x000072a2af5fe6c0|[DEFAULT][HTTP][SESSION][onRead]receive http request
info|2026-02-06 20:55:41.716737|ioService-0x000072a2af5fe6c0|[DEFAULT][HTTP][SESSION][onRead]receive http request
info|2026-02-06 20:55:41.909372|timerFactory-0x000072a2c63ff6c0|[RPC][WS][SERVICE]connected nodes,count=0
info|2026-02-06 20:55:41.958108|timerFactory-0x000072a2b69ff6c0|[RPC][WS][SERVICE]connected nodes,count=0
info|2026-02-06 20:55:41.996546|ioService-0x000072a2d73fe6c0|[P2PService][Service][METRIC]heartBeat,connected count=3
info|2026-02-06 20:55:44.719014|ioService-0x000072a2af5fe6c0|[DEFAULT][HTTP][SESSION][onRead]receive http request
info|2026-02-06 20:55:47.719384|ioService-0x000072a2af5fe6c0|[DEFAULT][HTTP][SESSION][onRead]receive http request
info|2026-02-06 20:55:50.720638|ioService-0x000072a2af5fe6c0|[DEFAULT][HTTP][SESSION][onRead]receive http request
info|2026-02-06 20:55:51.909755|timerFactory-0x000072a2c63ff6c0|[RPC][WS][SERVICE]connected nodes,count=0
info|2026-02-06 20:55:51.958853|timerFactory-0x000072a2b69ff6c0|[RPC][WS][SERVICE]connected nodes,count=0
info|2026-02-06 20:55:51.996776|ioService-0x000072a2d73fe6c0|[P2PService][Service][METRIC]heartBeat,connected count=3
info|2026-02-06 20:55:53.721288|ioService-0x000072a2af5fe6c0|[DEFAULT][HTTP][SESSION][onRead]receive http request
info|2026-02-06 20:55:56.721540|ioService-0x000072a2af5fe6c0|[DEFAULT][HTTP][SESSION][onRead]receive http request
info|2026-02-06 20:55:59.722802|ioService-0x000072a2af5fe6c0|[DEFAULT][HTTP][SESSION][onRead]receive http request
info|2026-02-06 20:56:01.909898|timerFactory-0x000072a2c63ff6c0|[RPC][WS][SERVICE]connected nodes,count=0
info|2026-02-06 20:56:01.959047|timerFactory-0x000072a2b69ff6c0|[RPC][WS][SERVICE]connected nodes,count=0
info|2026-02-06 20:56:01.997293|ioService-0x000072a2d73fe6c0|[P2PService][Service][METRIC]heartBeat,connected count=3
info|2026-02-06 20:56:02.724544|ioService-0x000072a2af5fe6c0|[DEFAULT][HTTP][SESSION][onRead]receive http request
info|2026-02-06 20:56:05.725589|ioService-0x000072a2af5fe6c0|[DEFAULT][HTTP][SESSION][onRead]receive http request
info|2026-02-06 20:56:08.724217|ioService-0x000072a2af5fe6c0|[DEFAULT][HTTP][SESSION][onRead]receive http request
info|2026-02-06 20:56:11.725417|ioService-0x000072a2af5fe6c0|[DEFAULT][HTTP][SESSION][onRead]receive http request
info|2026-02-06 20:56:11.910238|timerFactory-0x000072a2c63ff6c0|[RPC][WS][SERVICE]connected nodes,count=0
info|2026-02-06 20:56:11.959298|timerFactory-0x000072a2b69ff6c0|[RPC][WS][SERVICE]connected nodes,count=0
info|2026-02-06 20:56:11.997538|ioService-0x000072a2d73fe6c0|[P2PService][Service][METRIC]heartBeat,connected count=3
info|2026-02-06 20:56:14.724433|ioService-0x000072a2af5fe6c0|[DEFAULT][HTTP][SESSION][onRead]receive http request
info|2026-02-06 20:56:17.725430|ioService-0x000072a2af5fe6c0|[DEFAULT][HTTP][SESSION][onRead]receive http request
info|2026-02-06 20:56:20.727410|ioService-0x000072a2af5fe6c0|[DEFAULT][HTTP][SESSION][onRead]receive http request
info|2026-02-06 20:56:21.910591|timerFactory-0x000072a2c63ff6c0|[RPC][WS][SERVICE]connected nodes,count=0
info|2026-02-06 20:56:21.959619|timerFactory-0x000072a2b69ff6c0|[RPC][WS][SERVICE]connected nodes,count=0
info|2026-02-06 20:56:21.997796|ioService-0x000072a2d73fe6c0|[P2PService][Service][METRIC]heartBeat,connected count=3
info|2026-02-06 20:56:23.728116|ioService-0x000072a2af5fe6c0|[DEFAULT][HTTP][SESSION][onRead]receive http request
info|2026-02-06 20:56:26.730506|ioService-0x000072a2af5fe6c0|[DEFAULT][HTTP][SESSION][onRead]receive http request
info|2026-02-06 20:56:29.731758|ioService-0x000072a2af5fe6c0|[DEFAULT][HTTP][SESSION][onRead]receive http request
info|2026-02-06 20:56:30.642946|objMonitor-0x000072a2a55ff6c0|[startMonitor][AliveObjectMonitor],AliveObjectAllocStat=[ type: bcos::gateway::Socket ,created: 10 ,destroyed: 6 ,alive: 4 ] 
info|2026-02-06 20:56:31.911215|timerFactory-0x000072a2c63ff6c0|[RPC][WS][SERVICE]connected nodes,count=0
info|2026-02-06 20:56:31.960033|timerFactory-0x000072a2b69ff6c0|[RPC][WS][SERVICE]connected nodes,count=0
info|2026-02-06 20:56:31.998447|ioService-0x000072a2d73fe6c0|[P2PService][Service][METRIC]heartBeat,connected count=3
info|2026-02-06 20:56:32.731941|ioService-0x000072a2af5fe6c0|[DEFAULT][HTTP][SESSION][onRead]receive http request
info|2026-02-06 20:56:35.735995|ioService-0x000072a2af5fe6c0|[DEFAULT][HTTP][SESSION][onRead]receive http request
info|2026-02-06 20:56:38.736950|ioService-0x000072a2af5fe6c0|[DEFAULT][HTTP][SESSION][onRead]receive http request
info|2026-02-06 20:56:41.737981|ioService-0x000072a2af5fe6c0|[DEFAULT][HTTP][SESSION][onRead]receive http request
info|2026-02-06 20:56:41.911355|timerFactory-0x000072a2c63ff6c0|[RPC][WS][SERVICE]connected nodes,count=0
info|2026-02-06 20:56:41.960265|timerFactory-0x000072a2b69ff6c0|[RPC][WS][SERVICE]connected nodes,count=0
info|2026-02-06 20:56:41.998763|ioService-0x000072a2d73fe6c0|[P2PService][Service][METRIC]heartBeat,connected count=3
info|2026-02-06 20:56:44.739842|ioService-0x000072a2af5fe6c0|[DEFAULT][HTTP][SESSION][onRead]receive http request
info|2026-02-06 20:56:47.738832|ioService-0x000072a2af5fe6c0|[DEFAULT][HTTP][SESSION][onRead]receive http request
info|2026-02-06 20:56:50.739867|ioService-0x000072a2af5fe6c0|[DEFAULT][HTTP][SESSION][onRead]receive http request
info|2026-02-06 20:56:51.911449|timerFactory-0x000072a2c63ff6c0|[RPC][WS][SERVICE]connected nodes,count=0
info|2026-02-06 20:56:51.960380|timerFactory-0x000072a2b69ff6c0|[RPC][WS][SERVICE]connected nodes,count=0
info|2026-02-06 20:56:51.998920|ioService-0x000072a2d73fe6c0|[P2PService][Service][METRIC]heartBeat,connected count=3
info|2026-02-06 20:56:53.741113|ioService-0x000072a2af5fe6c0|[DEFAULT][HTTP][SESSION][onRead]receive http request
info|2026-02-06 20:56:56.741648|ioService-0x000072a2af5fe6c0|[DEFAULT][HTTP][SESSION][onRead]receive http request
info|2026-02-06 20:56:59.742622|ioService-0x000072a2af5fe6c0|[DEFAULT][HTTP][SESSION][onRead]receive http request
info|2026-02-06 20:57:01.911562|timerFactory-0x000072a2c63ff6c0|[RPC][WS][SERVICE]connected nodes,count=0
info|2026-02-06 20:57:01.960489|timerFactory-0x000072a2b69ff6c0|[RPC][WS][SERVICE]connected nodes,count=0
info|2026-02-06 20:57:01.999033|ioService-0x000072a2d73fe6c0|[P2PService][Service][METRIC]heartBeat,connected count=3
info|2026-02-06 20:57:02.743816|ioService-0x000072a2af5fe6c0|[DEFAULT][HTTP][SESSION][onRead]receive http request
info|2026-02-06 20:57:05.744233|ioService-0x000072a2af5fe6c0|[DEFAULT][HTTP][SESSION][onRead]receive http request
info|2026-02-06 20:57:08.743369|ioService-0x000072a2af5fe6c0|[DEFAULT][HTTP][SESSION][onRead]receive http request
info|2026-02-06 20:57:11.744285|ioService-0x000072a2af5fe6c0|[DEFAULT][HTTP][SESSION][onRead]receive http request
info|2026-02-06 20:57:11.911666|timerFactory-0x000072a2c63ff6c0|[RPC][WS][SERVICE]connected nodes,count=0
info|2026-02-06 20:57:11.960593|timerFactory-0x000072a2b69ff6c0|[RPC][WS][SERVICE]connected nodes,count=0
info|2026-02-06 20:57:11.999287|ioService-0x000072a2d73fe6c0|[P2PService][Service][METRIC]heartBeat,connected count=3
info|2026-02-06 20:57:14.745170|ioService-0x000072a2af5fe6c0|[DEFAULT][HTTP][SESSION][onRead]receive http request
info|2026-02-06 20:57:17.745944|ioService-0x000072a2af5fe6c0|[DEFAULT][HTTP][SESSION][onRead]receive http request
info|2026-02-06 20:57:20.747479|ioService-0x000072a2af5fe6c0|[DEFAULT][HTTP][SESSION][onRead]receive http request
info|2026-02-06 20:57:21.911766|timerFactory-0x000072a2c63ff6c0|[RPC][WS][SERVICE]connected nodes,count=0
info|2026-02-06 20:57:21.960727|timerFactory-0x000072a2b69ff6c0|[RPC][WS][SERVICE]connected nodes,count=0
info|2026-02-06 20:57:22.000842|ioService-0x000072a2d73fe6c0|[P2PService][Service][METRIC]heartBeat,connected count=3
info|2026-02-06 20:57:23.748334|ioService-0x000072a2af5fe6c0|[DEFAULT][HTTP][SESSION][onRead]receive http request
info|2026-02-06 20:57:26.750128|ioService-0x000072a2af5fe6c0|[DEFAULT][HTTP][SESSION][onRead]receive http request
info|2026-02-06 20:57:29.750235|ioService-0x000072a2af5fe6c0|[DEFAULT][HTTP][SESSION][onRead]receive http request
info|2026-02-06 20:57:30.639721|objMonitor-0x000072a2a55ff6c0|[startMonitor][AliveObjectMonitor],AliveObjectAllocStat=[ type: bcos::gateway::Socket ,created: 10 ,destroyed: 6 ,alive: 4 ] 
info|2026-02-06 20:57:31.911855|timerFactory-0x000072a2c63ff6c0|[RPC][WS][SERVICE]connected nodes,count=0
info|2026-02-06 20:57:31.960829|timerFactory-0x000072a2b69ff6c0|[RPC][WS][SERVICE]connected nodes,count=0
info|2026-02-06 20:57:32.000954|ioService-0x000072a2d73fe6c0|[P2PService][Service][METRIC]heartBeat,connected count=3
info|2026-02-06 20:57:32.751437|ioService-0x000072a2af5fe6c0|[DEFAULT][HTTP][SESSION][onRead]receive http request
info|2026-02-06 20:57:35.752484|ioService-0x000072a2af5fe6c0|[DEFAULT][HTTP][SESSION][onRead]receive http request
info|2026-02-06 20:57:38.751521|ioService-0x000072a2af5fe6c0|[DEFAULT][HTTP][SESSION][onRead]receive http request
info|2026-02-06 20:57:41.752749|ioService-0x000072a2af5fe6c0|[DEFAULT][HTTP][SESSION][onRead]receive http request
info|2026-02-06 20:57:41.911965|timerFactory-0x000072a2c63ff6c0|[RPC][WS][SERVICE]connected nodes,count=0
info|2026-02-06 20:57:41.961028|timerFactory-0x000072a2b69ff6c0|[RPC][WS][SERVICE]connected nodes,count=0
info|2026-02-06 20:57:42.001116|ioService-0x000072a2d73fe6c0|[P2PService][Service][METRIC]heartBeat,connected count=3
info|2026-02-06 20:57:44.753371|ioService-0x000072a2af5fe6c0|[DEFAULT][HTTP][SESSION][onRead]receive http request
info|2026-02-06 20:57:47.754786|ioService-0x000072a2af5fe6c0|[DEFAULT][HTTP][SESSION][onRead]receive http request
info|2026-02-06 20:57:50.755574|ioService-0x000072a2af5fe6c0|[DEFAULT][HTTP][SESSION][onRead]receive http request
info|2026-02-06 20:57:51.912045|timerFactory-0x000072a2c63ff6c0|[RPC][WS][SERVICE]connected nodes,count=0
info|2026-02-06 20:57:51.961138|timerFactory-0x000072a2b69ff6c0|[RPC][WS][SERVICE]connected nodes,count=0
info|2026-02-06 20:57:52.001251|ioService-0x000072a2d73fe6c0|[P2PService][Service][METRIC]heartBeat,connected count=3
info|2026-02-06 20:57:53.756470|ioService-0x000072a2af5fe6c0|[DEFAULT][HTTP][SESSION][onRead]receive http request
info|2026-02-06 20:57:56.757891|ioService-0x000072a2af5fe6c0|[DEFAULT][HTTP][SESSION][onRead]receive http request
info|2026-02-06 20:57:59.759078|ioService-0x000072a2af5fe6c0|[DEFAULT][HTTP][SESSION][onRead]receive http request
info|2026-02-06 20:58:01.912119|timerFactory-0x000072a2c63ff6c0|[RPC][WS][SERVICE]connected nodes,count=0
info|2026-02-06 20:58:01.961270|timerFactory-0x000072a2b69ff6c0|[RPC][WS][SERVICE]connected nodes,count=0
info|2026-02-06 20:58:02.001386|ioService-0x000072a2d73fe6c0|[P2PService][Service][METRIC]heartBeat,connected count=3
info|2026-02-06 20:58:02.759370|ioService-0x000072a2af5fe6c0|[DEFAULT][HTTP][SESSION][onRead]receive http request
info|2026-02-06 20:58:05.759446|ioService-0x000072a2af5fe6c0|[DEFAULT][HTTP][SESSION][onRead]receive http request
info|2026-02-06 20:58:08.758496|ioService-0x000072a2af5fe6c0|[DEFAULT][HTTP][SESSION][onRead]receive http request
info|2026-02-06 20:58:11.760415|ioService-0x000072a2af5fe6c0|[DEFAULT][HTTP][SESSION][onRead]receive http request
info|2026-02-06 20:58:11.912233|timerFactory-0x000072a2c63ff6c0|[RPC][WS][SERVICE]connected nodes,count=0
info|2026-02-06 20:58:11.961403|timerFactory-0x000072a2b69ff6c0|[RPC][WS][SERVICE]connected nodes,count=0
info|2026-02-06 20:58:12.001577|ioService-0x000072a2d73fe6c0|[P2PService][Service][METRIC]heartBeat,connected count=3
info|2026-02-06 20:58:14.760988|ioService-0x000072a2af5fe6c0|[DEFAULT][HTTP][SESSION][onRead]receive http request
info|2026-02-06 20:58:17.761056|ioService-0x000072a2af5fe6c0|[DEFAULT][HTTP][SESSION][onRead]receive http request
info|2026-02-06 20:58:20.761788|ioService-0x000072a2af5fe6c0|[DEFAULT][HTTP][SESSION][onRead]receive http request
info|2026-02-06 20:58:21.912350|timerFactory-0x000072a2c63ff6c0|[RPC][WS][SERVICE]connected nodes,count=0
info|2026-02-06 20:58:21.961525|timerFactory-0x000072a2b69ff6c0|[RPC][WS][SERVICE]connected nodes,count=0
info|2026-02-06 20:58:22.002825|ioService-0x000072a2d73fe6c0|[P2PService][Service][METRIC]heartBeat,connected count=3
info|2026-02-06 20:58:23.762853|ioService-0x000072a2af5fe6c0|[DEFAULT][HTTP][SESSION][onRead]receive http request
info|2026-02-06 20:58:26.763682|ioService-0x000072a2af5fe6c0|[DEFAULT][HTTP][SESSION][onRead]receive http request
info|2026-02-06 20:58:29.764404|ioService-0x000072a2af5fe6c0|[DEFAULT][HTTP][SESSION][onRead]receive http request
info|2026-02-06 20:58:30.636207|objMonitor-0x000072a2a55ff6c0|[startMonitor][AliveObjectMonitor],AliveObjectAllocStat=[ type: bcos::gateway::Socket ,created: 10 ,destroyed: 6 ,alive: 4 ] 
info|2026-02-06 20:58:31.912444|timerFactory-0x000072a2c63ff6c0|[RPC][WS][SERVICE]connected nodes,count=0
info|2026-02-06 20:58:31.961662|timerFactory-0x000072a2b69ff6c0|[RPC][WS][SERVICE]connected nodes,count=0
info|2026-02-06 20:58:32.002917|ioService-0x000072a2d73fe6c0|[P2PService][Service][METRIC]heartBeat,connected count=3
info|2026-02-06 20:58:32.766492|ioService-0x000072a2af5fe6c0|[DEFAULT][HTTP][SESSION][onRead]receive http request
info|2026-02-06 20:58:35.770430|ioService-0x000072a2af5fe6c0|[DEFAULT][HTTP][SESSION][onRead]receive http request
info|2026-02-06 20:58:38.768518|ioService-0x000072a2af5fe6c0|[DEFAULT][HTTP][SESSION][onRead]receive http request
info|2026-02-06 20:58:41.769993|ioService-0x000072a2af5fe6c0|[DEFAULT][HTTP][SESSION][onRead]receive http request
info|2026-02-06 20:58:41.912549|timerFactory-0x000072a2c63ff6c0|[RPC][WS][SERVICE]connected nodes,count=0
info|2026-02-06 20:58:41.961788|timerFactory-0x000072a2b69ff6c0|[RPC][WS][SERVICE]connected nodes,count=0
info|2026-02-06 20:58:42.003063|ioService-0x000072a2d73fe6c0|[P2PService][Service][METRIC]heartBeat,connected count=3
info|2026-02-06 20:58:44.771107|ioService-0x000072a2af5fe6c0|[DEFAULT][HTTP][SESSION][onRead]receive http request
info|2026-02-06 20:58:47.771991|ioService-0x000072a2af5fe6c0|[DEFAULT][HTTP][SESSION][onRead]receive http request
info|2026-02-06 20:58:50.773595|ioService-0x000072a2af5fe6c0|[DEFAULT][HTTP][SESSION][onRead]receive http request
info|2026-02-06 20:58:51.912964|timerFactory-0x000072a2c63ff6c0|[RPC][WS][SERVICE]connected nodes,count=0
info|2026-02-06 20:58:51.961957|timerFactory-0x000072a2b69ff6c0|[RPC][WS][SERVICE]connected nodes,count=0
info|2026-02-06 20:58:52.003462|ioService-0x000072a2d73fe6c0|[P2PService][Service][METRIC]heartBeat,connected count=3
info|2026-02-06 20:58:53.774326|ioService-0x000072a2af5fe6c0|[DEFAULT][HTTP][SESSION][onRead]receive http request
info|2026-02-06 20:58:56.775910|ioService-0x000072a2af5fe6c0|[DEFAULT][HTTP][SESSION][onRead]receive http request
info|2026-02-06 20:58:59.775763|ioService-0x000072a2af5fe6c0|[DEFAULT][HTTP][SESSION][onRead]receive http request
info|2026-02-06 20:59:01.913472|timerFactory-0x000072a2c63ff6c0|[RPC][WS][SERVICE]connected nodes,count=0
info|2026-02-06 20:59:01.962547|timerFactory-0x000072a2b69ff6c0|[RPC][WS][SERVICE]connected nodes,count=0
info|2026-02-06 20:59:02.004087|ioService-0x000072a2d73fe6c0|[P2PService][Service][METRIC]heartBeat,connected count=3
info|2026-02-06 20:59:02.776243|ioService-0x000072a2af5fe6c0|[DEFAULT][HTTP][SESSION][onRead]receive http request
info|2026-02-06 20:59:05.777116|ioService-0x000072a2af5fe6c0|[DEFAULT][HTTP][SESSION][onRead]receive http request
info|2026-02-06 20:59:08.776257|ioService-0x000072a2af5fe6c0|[DEFAULT][HTTP][SESSION][onRead]receive http request
info|2026-02-06 20:59:11.777048|ioService-0x000072a2af5fe6c0|[DEFAULT][HTTP][SESSION][onRead]receive http request
info|2026-02-06 20:59:11.913672|timerFactory-0x000072a2c63ff6c0|[RPC][WS][SERVICE]connected nodes,count=0
info|2026-02-06 20:59:11.962872|timerFactory-0x000072a2b69ff6c0|[RPC][WS][SERVICE]connected nodes,count=0
info|2026-02-06 20:59:12.004467|ioService-0x000072a2d73fe6c0|[P2PService][Service][METRIC]heartBeat,connected count=3
info|2026-02-06 20:59:14.776949|ioService-0x000072a2af5fe6c0|[DEFAULT][HTTP][SESSION][onRead]receive http request
info|2026-02-06 20:59:17.782521|ioService-0x000072a2af5fe6c0|[DEFAULT][HTTP][SESSION][onRead]receive http request
info|2026-02-06 20:59:20.781089|ioService-0x000072a2af5fe6c0|[DEFAULT][HTTP][SESSION][onRead]receive http request
info|2026-02-06 20:59:21.913819|timerFactory-0x000072a2c63ff6c0|[RPC][WS][SERVICE]connected nodes,count=0
info|2026-02-06 20:59:21.963020|timerFactory-0x000072a2b69ff6c0|[RPC][WS][SERVICE]connected nodes,count=0
info|2026-02-06 20:59:22.004754|ioService-0x000072a2d73fe6c0|[P2PService][Service][METRIC]heartBeat,connected count=3
info|2026-02-06 20:59:23.779492|ioService-0x000072a2af5fe6c0|[DEFAULT][HTTP][SESSION][onRead]receive http request
info|2026-02-06 20:59:26.781475|ioService-0x000072a2af5fe6c0|[DEFAULT][HTTP][SESSION][onRead]receive http request
info|2026-02-06 20:59:29.782268|ioService-0x000072a2af5fe6c0|[DEFAULT][HTTP][SESSION][onRead]receive http request
info|2026-02-06 20:59:30.631685|objMonitor-0x000072a2a55ff6c0|[startMonitor][AliveObjectMonitor],AliveObjectAllocStat=[ type: bcos::gateway::Socket ,created: 10 ,destroyed: 6 ,alive: 4 ] 
info|2026-02-06 20:59:31.913924|timerFactory-0x000072a2c63ff6c0|[RPC][WS][SERVICE]connected nodes,count=0
info|2026-02-06 20:59:31.963208|timerFactory-0x000072a2b69ff6c0|[RPC][WS][SERVICE]connected nodes,count=0
info|2026-02-06 20:59:32.005215|ioService-0x000072a2d73fe6c0|[P2PService][Service][METRIC]heartBeat,connected count=3
info|2026-02-06 20:59:32.783921|ioService-0x000072a2af5fe6c0|[DEFAULT][HTTP][SESSION][onRead]receive http request
info|2026-02-06 20:59:35.784947|ioService-0x000072a2af5fe6c0|[DEFAULT][HTTP][SESSION][onRead]receive http request
info|2026-02-06 20:59:38.784052|ioService-0x000072a2af5fe6c0|[DEFAULT][HTTP][SESSION][onRead]receive http request
info|2026-02-06 20:59:41.785643|ioService-0x000072a2af5fe6c0|[DEFAULT][HTTP][SESSION][onRead]receive http request
info|2026-02-06 20:59:41.914284|timerFactory-0x000072a2c63ff6c0|[RPC][WS][SERVICE]connected nodes,count=0
info|2026-02-06 20:59:41.963453|timerFactory-0x000072a2b69ff6c0|[RPC][WS][SERVICE]connected nodes,count=0
info|2026-02-06 20:59:42.005533|ioService-0x000072a2d73fe6c0|[P2PService][Service][METRIC]heartBeat,connected count=3
info|2026-02-06 20:59:44.785683|ioService-0x000072a2af5fe6c0|[DEFAULT][HTTP][SESSION][onRead]receive http request
info|2026-02-06 20:59:47.786657|ioService-0x000072a2af5fe6c0|[DEFAULT][HTTP][SESSION][onRead]receive http request
info|2026-02-06 20:59:50.787636|ioService-0x000072a2af5fe6c0|[DEFAULT][HTTP][SESSION][onRead]receive http request
info|2026-02-06 20:59:51.914495|timerFactory-0x000072a2c63ff6c0|[RPC][WS][SERVICE]connected nodes,count=0
info|2026-02-06 20:59:51.963816|timerFactory-0x000072a2b69ff6c0|[RPC][WS][SERVICE]connected nodes,count=0
info|2026-02-06 20:59:52.005938|ioService-0x000072a2d73fe6c0|[P2PService][Service][METRIC]heartBeat,connected count=3
info|2026-02-06 20:59:53.790391|ioService-0x000072a2af5fe6c0|[DEFAULT][HTTP][SESSION][onRead]receive http request
info|2026-02-06 20:59:56.790269|ioService-0x000072a2af5fe6c0|[DEFAULT][HTTP][SESSION][onRead]receive http request
info|2026-02-06 20:59:59.791942|ioService-0x000072a2af5fe6c0|[DEFAULT][HTTP][SESSION][onRead]receive http request
