info|2026-02-07 10:54:52.745411|fisco-bcos-0x00007dcaf16b5a00|[INITIALIZER]initGlobalConfig
info|2026-02-07 10:54:52.745528|fisco-bcos-0x00007dcaf16b5a00|[NodeConfig][METRIC]loadChainConfig,smCrypto=false,chainId=chain0,groupId=group0,blockLimit=1000
info|2026-02-07 10:54:52.745539|fisco-bcos-0x00007dcaf16b5a00|[NodeConfig]loadWeb3ChainConfig,web3ChainID=20200
info|2026-02-07 10:54:52.745563|fisco-bcos-0x00007dcaf16b5a00|[NodeConfig][parseConsensusNodeList],sectionName=consensus,nodeId=2346c69c46d42278eb237167eb19eb28432b63783cc0fd7cddc90f89c148e755db8941be9b0c5f37cbc21c409a78c154abc75ce0c80818c6fbb76aea6bcd0a9a,weight=1
info|2026-02-07 10:54:52.745574|fisco-bcos-0x00007dcaf16b5a00|[NodeConfig][parseConsensusNodeList],sectionName=consensus,nodeId=21a47acec36f73d8e925a7d5db44793f998e1a42a6d7ee2e3a5cf4037b853452cb76f6cbab8e5b223a128e8ee15790d1f629858b47070b4eb2e1ddb2b0ada297,weight=1
info|2026-02-07 10:54:52.745581|fisco-bcos-0x00007dcaf16b5a00|[NodeConfig][parseConsensusNodeList],sectionName=consensus,nodeId=0d6a7f52cb87ce7fda869e0db309ec9c53723c46f81632c21e4abbf1a9159f14d53f37cc0c4141548da9ec877d6235afd7a501c40d296fc4c5252a8717aa23c2,weight=1
info|2026-02-07 10:54:52.745598|fisco-bcos-0x00007dcaf16b5a00|[NodeConfig][parseConsensusNodeList],sectionName=consensus,nodeId=5b07d12d1512a66493c8fd3456d8c505e6ce05f20061613a4c48a1fa3755bbf9cc2d2f1878c4a6733389f03deb0a3fc0c672e2f4910fde9802d6675929cb3dc5,weight=1
info|2026-02-07 10:54:52.745617|fisco-bcos-0x00007dcaf16b5a00|[NodeConfig][parseConsensusNodeList],totalNodesSize=4
info|2026-02-07 10:54:52.745633|fisco-bcos-0x00007dcaf16b5a00|[NodeConfig]loadLedgerConfig,consensus_type=pbft,block_tx_count_limit=1000,gas_limit=3000000000,leader_period=1,minSealTime=0,compatibilityVersion=3.11.0
info|2026-02-07 10:54:52.745649|fisco-bcos-0x00007dcaf16b5a00|[NodeConfig][METRIC]loadExecutorConfig,isWasm=false,isAuthCheck=false,authAdminAccount=0x1dbd23331f727a66c096de4f3daaec061a3ca614,ismSerialExecute=true
info|2026-02-07 10:54:52.745732|fisco-bcos-0x00007dcaf16b5a00|[NodeConfig]loadCertConfig,ca_path=./conf,sm_ca_cert=./conf/sm_ca.crt,sm_node_cert=./conf/sm_ssl.crt,sm_node_key=./conf/sm_ssl.key,sm_ennode_cert=./conf/sm_enssl.crt,sm_ennode_key=./conf/sm_enssl.key
info|2026-02-07 10:54:52.745747|fisco-bcos-0x00007dcaf16b5a00|[NodeConfig]loadCertConfig,ca_path=./conf,ca_cert=./conf/ca.crt,node_cert=./conf/ssl.crt,node_key=./conf/ssl.key
info|2026-02-07 10:54:52.745764|fisco-bcos-0x00007dcaf16b5a00|[NodeConfig]loadRpcConfig,listenIP=0.0.0.0,listenPort=20203,listenPort=20203,smSsl=false,disableSsl=true,needRetInput=true
info|2026-02-07 10:54:52.745785|fisco-bcos-0x00007dcaf16b5a00|[NodeConfig]loadWeb3RpcConfig,enableWeb3Rpc=true,listenIP=0.0.0.0,listenPort=8545,listenPort=8545
info|2026-02-07 10:54:52.745793|fisco-bcos-0x00007dcaf16b5a00|[NodeConfig]loadGatewayConfig,listenIP=0.0.0.0,listenPort=30303,listenPort=30303,smSsl=false,nodesFile=nodes.json
info|2026-02-07 10:54:52.745801|fisco-bcos-0x00007dcaf16b5a00|[NodeConfig]loadSealerConfig,minSealTime=500
info|2026-02-07 10:54:52.745829|fisco-bcos-0x00007dcaf16b5a00|[NodeConfig]loadTxPoolConfig,txpoolLimit=15000,notifierWorkers=2,verifierWorkers=8,checkBlockLimit=true,txsExpirationTime(ms)=600000
info|2026-02-07 10:54:52.745834|fisco-bcos-0x00007dcaf16b5a00|[NodeConfig]loadSecurityConfig,enable_hsm=false,privateKeyPath=conf/node.pem
info|2026-02-07 10:54:52.745839|fisco-bcos-0x00007dcaf16b5a00|[NodeConfig][METRIC]loadExecutorNormalConfig: config.ini,enableDag=true
info|2026-02-07 10:54:52.745859|fisco-bcos-0x00007dcaf16b5a00|[NodeConfig]loadStorageConfig,storagePath=data,KeyPage=10240,storageType=RocksDB,pdAddrs=127.0.0.1:2379,pdCaPath=,enableArchive=false,enableSeparateBlockAndState=false,archiveListenIP=,archiveListenPort=0,enable_rocksdb_blob=false,enableLRUCacheStorage=true
info|2026-02-07 10:54:52.745868|fisco-bcos-0x00007dcaf16b5a00|[NodeConfig]loadConsensusConfig,checkPointTimeoutInterval=3000,pipeline_size=50
info|2026-02-07 10:54:52.746068|fisco-bcos-0x00007dcaf16b5a00|[NodeConfig]loadSyncConfig,sync_block_by_tree=false,send_txs_by_tree=false,tree_width=3
info|2026-02-07 10:54:52.746167|fisco-bcos-0x00007dcaf16b5a00|[NodeConfig]loadOthersConfig,sendTxTimeout=-1,vmCacheSize=1024
info|2026-02-07 10:54:52.746296|fisco-bcos-0x00007dcaf16b5a00|[NodeConfig][METRIC]loadChainConfig,smCrypto=false,chainId=chain0,groupId=group0,blockLimit=1000
info|2026-02-07 10:54:52.746368|fisco-bcos-0x00007dcaf16b5a00|[NodeConfig]loadWeb3ChainConfig,web3ChainID=20200
info|2026-02-07 10:54:52.746407|fisco-bcos-0x00007dcaf16b5a00|[NodeConfig][parseConsensusNodeList],sectionName=consensus,nodeId=2346c69c46d42278eb237167eb19eb28432b63783cc0fd7cddc90f89c148e755db8941be9b0c5f37cbc21c409a78c154abc75ce0c80818c6fbb76aea6bcd0a9a,weight=1
info|2026-02-07 10:54:52.746488|fisco-bcos-0x00007dcaf16b5a00|[NodeConfig][parseConsensusNodeList],sectionName=consensus,nodeId=21a47acec36f73d8e925a7d5db44793f998e1a42a6d7ee2e3a5cf4037b853452cb76f6cbab8e5b223a128e8ee15790d1f629858b47070b4eb2e1ddb2b0ada297,weight=1
info|2026-02-07 10:54:52.746546|fisco-bcos-0x00007dcaf16b5a00|[NodeConfig][parseConsensusNodeList],sectionName=consensus,nodeId=0d6a7f52cb87ce7fda869e0db309ec9c53723c46f81632c21e4abbf1a9159f14d53f37cc0c4141548da9ec877d6235afd7a501c40d296fc4c5252a8717aa23c2,weight=1
info|2026-02-07 10:54:52.746614|fisco-bcos-0x00007dcaf16b5a00|[NodeConfig][parseConsensusNodeList],sectionName=consensus,nodeId=5b07d12d1512a66493c8fd3456d8c505e6ce05f20061613a4c48a1fa3755bbf9cc2d2f1878c4a6733389f03deb0a3fc0c672e2f4910fde9802d6675929cb3dc5,weight=1
info|2026-02-07 10:54:52.746676|fisco-bcos-0x00007dcaf16b5a00|[NodeConfig][parseConsensusNodeList],totalNodesSize=4
info|2026-02-07 10:54:52.746758|fisco-bcos-0x00007dcaf16b5a00|[NodeConfig]loadLedgerConfig,consensus_type=pbft,block_tx_count_limit=1000,gas_limit=3000000000,leader_period=1,minSealTime=0,compatibilityVersion=3.11.0
info|2026-02-07 10:54:52.746822|fisco-bcos-0x00007dcaf16b5a00|[NodeConfig][METRIC]loadExecutorConfig,isWasm=false,isAuthCheck=false,authAdminAccount=0x1dbd23331f727a66c096de4f3daaec061a3ca614,ismSerialExecute=true
info|2026-02-07 10:54:52.746978|fisco-bcos-0x00007dcaf16b5a00|[NodeConfig]loadCertConfig,ca_path=./conf,sm_ca_cert=./conf/sm_ca.crt,sm_node_cert=./conf/sm_ssl.crt,sm_node_key=./conf/sm_ssl.key,sm_ennode_cert=./conf/sm_enssl.crt,sm_ennode_key=./conf/sm_enssl.key
info|2026-02-07 10:54:52.747034|fisco-bcos-0x00007dcaf16b5a00|[NodeConfig]loadCertConfig,ca_path=./conf,ca_cert=./conf/ca.crt,node_cert=./conf/ssl.crt,node_key=./conf/ssl.key
info|2026-02-07 10:54:52.747096|fisco-bcos-0x00007dcaf16b5a00|[NodeConfig]loadRpcConfig,listenIP=0.0.0.0,listenPort=20203,listenPort=20203,smSsl=false,disableSsl=true,needRetInput=true
info|2026-02-07 10:54:52.747157|fisco-bcos-0x00007dcaf16b5a00|[NodeConfig]loadWeb3RpcConfig,enableWeb3Rpc=true,listenIP=0.0.0.0,listenPort=8545,listenPort=8545
info|2026-02-07 10:54:52.747252|fisco-bcos-0x00007dcaf16b5a00|[NodeConfig]loadGatewayConfig,listenIP=0.0.0.0,listenPort=30303,listenPort=30303,smSsl=false,nodesFile=nodes.json
info|2026-02-07 10:54:52.747278|fisco-bcos-0x00007dcaf16b5a00|[NodeConfig]loadSealerConfig,minSealTime=500
info|2026-02-07 10:54:52.747304|fisco-bcos-0x00007dcaf16b5a00|[NodeConfig]loadTxPoolConfig,txpoolLimit=15000,notifierWorkers=2,verifierWorkers=8,checkBlockLimit=true,txsExpirationTime(ms)=600000
info|2026-02-07 10:54:52.747310|fisco-bcos-0x00007dcaf16b5a00|[NodeConfig]loadSecurityConfig,enable_hsm=false,privateKeyPath=conf/node.pem
info|2026-02-07 10:54:52.747320|fisco-bcos-0x00007dcaf16b5a00|[NodeConfig][METRIC]loadExecutorNormalConfig: config.ini,enableDag=true
info|2026-02-07 10:54:52.747335|fisco-bcos-0x00007dcaf16b5a00|[NodeConfig]loadStorageConfig,storagePath=data,KeyPage=10240,storageType=RocksDB,pdAddrs=127.0.0.1:2379,pdCaPath=,enableArchive=false,enableSeparateBlockAndState=false,archiveListenIP=,archiveListenPort=0,enable_rocksdb_blob=false,enableLRUCacheStorage=true
info|2026-02-07 10:54:52.747340|fisco-bcos-0x00007dcaf16b5a00|[NodeConfig]loadConsensusConfig,checkPointTimeoutInterval=3000,pipeline_size=50
info|2026-02-07 10:54:52.747345|fisco-bcos-0x00007dcaf16b5a00|[NodeConfig]loadSyncConfig,sync_block_by_tree=false,send_txs_by_tree=false,tree_width=3
info|2026-02-07 10:54:52.747351|fisco-bcos-0x00007dcaf16b5a00|[NodeConfig]loadOthersConfig,sendTxTimeout=-1,vmCacheSize=1024
info|2026-02-07 10:54:52.747359|fisco-bcos-0x00007dcaf16b5a00|[INITIALIZER]init crypto suite success
info|2026-02-07 10:54:52.747363|fisco-bcos-0x00007dcaf16b5a00|[INITIALIZER]init blockFactory success
info|2026-02-07 10:54:52.747467|fisco-bcos-0x00007dcaf16b5a00|[INITIALIZER][SecureInitializer]loading privateKey
info|2026-02-07 10:54:52.747634|fisco-bcos-0x00007dcaf16b5a00|[INITIALIZER]loadKeyPair from privateKey,privateKeySize=32,enableStorageSecurity=false
info|2026-02-07 10:54:52.747861|fisco-bcos-0x00007dcaf16b5a00|[INITIALIZER][METRIC]loadKeyPair from privateKeyPath,privateKeyPath=conf/node.pem
info|2026-02-07 10:54:52.747896|fisco-bcos-0x00007dcaf16b5a00|[INITIALIZER][METRIC]loadKeyPair success,publicKey=5b07d12d1512a66493c8fd3456d8c505e6ce05f20061613a4c48a1fa3755bbf9cc2d2f1878c4a6733389f03deb0a3fc0c672e2f4910fde9802d6675929cb3dc5
info|2026-02-07 10:54:52.748013|fisco-bcos-0x00007dcaf16b5a00|[NodeConfig]loadNodeServiceConfig,withoutTarsFramework=false
info|2026-02-07 10:54:52.748050|fisco-bcos-0x00007dcaf16b5a00|[NodeConfig]load node service,nodeName=5b07d12d1512a66493c8fd3456d8c505e6ce05f20061613a4c48a1fa3755bbf9cc2d2f1878c4a6733389f03deb0a3fc0c672e2f4910fde9802d6675929cb3dc5,withoutTarsFramework=false,schedulerServiceName=chain0.5b07d12d1512a66493c8fd3456d8c505e6ce05f20061613a4c48a1fa3755bbf9cc2d2f1878c4a6733389f03deb0a3fc0c672e2f4910fde9802d6675929cb3dc5SchedulerService,executorServiceName=chain0.5b07d12d1512a66493c8fd3456d8c505e6ce05f20061613a4c48a1fa3755bbf9cc2d2f1878c4a6733389f03deb0a3fc0c672e2f4910fde9802d6675929cb3dc5ExecutorService
info|2026-02-07 10:54:52.748508|fisco-bcos-0x00007dcaf16b5a00|[Gateway][Config]initP2PConfig ok!,p2p.listen_ip=0.0.0.0,p2p.listen_port=30303,p2p.sm_ssl=false,p2p.enable_rip_protocol=true,p2p.enable_compression=true,p2p.allow_max_msg_size=33554432,p2p.session_recv_buffer_size=67108864,p2p.session_max_read_data_size=40960,p2p.session_max_send_data_size=1048576,p2p.session_max_send_msg_count=10,p2p.thread_count=8,p2p.nodes_path=./,p2p.nodes_file=nodes.json,p2p.readonly=false
info|2026-02-07 10:54:52.748577|fisco-bcos-0x00007dcaf16b5a00|[Gateway][Config][initFlowControlConfig]load flow_control common config items,enable=false,flow_control.stat_reporter_interval=60000,flow_control.enable_connect_debug_info=false,flow_control.time_window_sec=1,flow_control.enable_distributed_ratelimit=false,flow_control.enable_distributed_ratelimit_cache=true,flow_control.distributed_ratelimit_cache_percent=20
info|2026-02-07 10:54:52.748602|fisco-bcos-0x00007dcaf16b5a00|[Gateway][Config][initFlowControlConfig]load flow_control config items,key=flow_control.modules_without_bw_limit,moduleID=1001
info|2026-02-07 10:54:52.748646|fisco-bcos-0x00007dcaf16b5a00|[Gateway][Config][initFlowControlConfig]load flow_control config items,key=flow_control.modules_without_bw_limit,moduleID=1000
info|2026-02-07 10:54:52.748657|fisco-bcos-0x00007dcaf16b5a00|[Gateway][Config][initFlowControlConfig]load flow_control config items,key=flow_control.modules_without_bw_limit,moduleID=2002
info|2026-02-07 10:54:52.748665|fisco-bcos-0x00007dcaf16b5a00|[Gateway][Config][initFlowControlConfig]load flow_control config items,key=flow_control.modules_without_bw_limit,moduleID=2001
info|2026-02-07 10:54:52.748671|fisco-bcos-0x00007dcaf16b5a00|[Gateway][Config]the total_outgoing_bw_limit is not initialized
info|2026-02-07 10:54:52.748682|fisco-bcos-0x00007dcaf16b5a00|[Gateway][Config]load flow_control config items, the conn_outgoing_bw_limit is not initialized
info|2026-02-07 10:54:52.748687|fisco-bcos-0x00007dcaf16b5a00|[Gateway][Config]load flow_control config items, the group_outgoing_bw_limit is not initialized
info|2026-02-07 10:54:52.748693|fisco-bcos-0x00007dcaf16b5a00|[Gateway][Config][initFlowControlConfig]load_flow control outgoing config items,flow_control.outgoing_allow_exceed_max_permit=false,flow_control.modules_without_bw_limit=raft,pbft,cons_txs_sync,txs_sync,flow_control.total_outgoing_bw_limit=-1,flow_control.conn_outgoing_bw_limit=-1,flow_control.group_outgoing_bw_limit=-1,flow_control.conn_outgoing_bw_limit_x.x.x.x=0,flow_control.group_outgoing_bw_limit_xxx=0,flow_control.modules_without_bw_limit size=4
info|2026-02-07 10:54:52.748705|fisco-bcos-0x00007dcaf16b5a00|[Gateway][Config]rateLimiter: false
info|2026-02-07 10:54:52.748771|fisco-bcos-0x00007dcaf16b5a00|[Gateway][Config][initFlowControlConfig]load flow_control config items, the incoming qps rate limit,flow_control.incoming_p2p_basic_msg_type_list=,flow_control.incoming_p2p_basic_msg_type_qps_limit=-1,flow_control.incoming_module_msg_type_qps_limit=-1,flow_control.incoming_module_qps_limit_xxx size=0,enableOutRateLimit=false,enableOutConnRateLimit=false,enableOutGroupRateLimit=false,enableInRateLimit=false
info|2026-02-07 10:54:52.748793|fisco-bcos-0x00007dcaf16b5a00|[Gateway][Config]initCertConfig,ca_path=./conf,ca_cert=./conf/ca.crt,node_cert=./conf/ssl.crt,node_key=./conf/ssl.key,mul_ca_path=./conf/multiCaPath
info|2026-02-07 10:54:52.748845|fisco-bcos-0x00007dcaf16b5a00|[Gateway][Config]initCertConfig,ca=./conf/ca.crt,node_cert=./conf/ssl.crt,node_key=./conf/ssl.key,mul_ca_path=./conf/multiCaPath
info|2026-02-07 10:54:52.748893|fisco-bcos-0x00007dcaf16b5a00|[Gateway][Config]initConfig ok!,configPath=config.ini,listenIP=0.0.0.0,listenPort=30303,smSSL=false,peers=0
info|2026-02-07 10:54:52.749521|fisco-bcos-0x00007dcaf16b5a00|[Gateway][Config]add one connected node,host=127.0.0.1:30300
info|2026-02-07 10:54:52.749762|fisco-bcos-0x00007dcaf16b5a00|[Gateway][Config]add one connected node,host=127.0.0.1:30301
info|2026-02-07 10:54:52.750244|fisco-bcos-0x00007dcaf16b5a00|[Gateway][Config]add one connected node,host=127.0.0.1:30302
info|2026-02-07 10:54:52.750493|fisco-bcos-0x00007dcaf16b5a00|[Gateway][Config]add one connected node,host=127.0.0.1:30303
info|2026-02-07 10:54:52.750510|fisco-bcos-0x00007dcaf16b5a00|[Gateway][Config]loadP2pConnectedNodes ok!,nodePath=./,nodeFileName=nodes.json,nodes=4
info|2026-02-07 10:54:52.750537|fisco-bcos-0x00007dcaf16b5a00|[Gateway][Factory]initCert2PubHexHandler,cert=./conf/ssl.crt,certContent: =0x7dcaf0cf7650
info|2026-02-07 10:54:52.751125|fisco-bcos-0x00007dcaf16b5a00|[Gateway][Factory][NEW]SSLContext pubHex: 3082010a0282010100b85dd5fdfbc4aa99dcef8477a2e1c08c304a63432923826f81b3d0d7d13e79a6ec265462b2f59e76106f8bad7efb849227798aaf7c20a2197e9a95a8ffbbc07f5ccb44d04e995013b9afd04bb77fb7dbfa0f13bd2d404980eae43fc147332e1542ee2d2e973596187bb8ad4dc63b0165052688b1f7fc4a2a8ccb020a55db8ee7b9a45bb901b1c03d94727648a8ec10bfbc854175981345d56f4c783b0211d91f0775e508d8b379b56935777d255f59b63fadc24b43862671f5cbe0d00fcfff7138124c8293f91740a0e0732346eeee748a42f65ddb81da461fce3e76ea6ff452913b80eb5b1dba016f7d4d94f66337cc6bea7a066b8277637aef12c2eba11da10203010001
info|2026-02-07 10:54:52.752418|fisco-bcos-0x00007dcaf16b5a00|[P2PService][Service][Service::Service]local protocol,protocolModuleID=1,version=0,minVersion=0,maxVersion=2
info|2026-02-07 10:54:52.752561|fisco-bcos-0x00007dcaf16b5a00|register SIGUSR1 sig for reload p2p connected nodes config
info|2026-02-07 10:54:52.752569|fisco-bcos-0x00007dcaf16b5a00|[Gateway][Factory][buildService]build service end,enable rip protocol=true,enable compress=true,myself pub id=3082010a0282010100b85dd5fdfbc4aa99dcef8477a2e1c08c304a63432923826f81b3d0d7d13e79a6ec265462b2f59e76106f8bad7efb849227798aaf7c20a2197e9a95a8ffbbc07f5ccb44d04e995013b9afd04bb77fb7dbfa0f13bd2d404980eae43fc147332e1542ee2d2e973596187bb8ad4dc63b0165052688b1f7fc4a2a8ccb020a55db8ee7b9a45bb901b1c03d94727648a8ec10bfbc854175981345d56f4c783b0211d91f0775e508d8b379b56935777d255f59b63fadc24b43862671f5cbe0d00fcfff7138124c8293f91740a0e0732346eeee748a42f65ddb81da461fce3e76ea6ff452913b80eb5b1dba016f7d4d94f66337cc6bea7a066b8277637aef12c2eba11da10203010001
info|2026-02-07 10:54:52.752876|fisco-bcos-0x00007dcaf16b5a00|[Gateway][Factory]GatewayFactory::init ok
info|2026-02-07 10:54:52.752900|fisco-bcos-0x00007dcaf16b5a00|[FrontService]FrontServiceFactory::buildFrontService,groupID=group0,nodeID=5b07d12d1512a66493c8fd3456d8c505e6ce05f20061613a4c48a1fa3755bbf9cc2d2f1878c4a6733389f03deb0a3fc0c672e2f4910fde9802d6675929cb3dc5
info|2026-02-07 10:54:52.752907|fisco-bcos-0x00007dcaf16b5a00|[FrontService]FrontService,this=0x7dcaf0c6ff10,minVersion=0,maxVersion=2
info|2026-02-07 10:54:52.752919|fisco-bcos-0x00007dcaf16b5a00|[INITIALIZER]initNode,stateDBPath=data,enableSeparateBlockAndState=false,storageType=RocksDB,consensusStoragePath=data/consensus_log
info|2026-02-07 10:54:52.826763|fisco-bcos-0x00007dcaf16b5a00|[LEDGER][#buildGenesisBlock]
info|2026-02-07 10:54:52.827162|fisco-bcos-0x00007dcaf16b5a00|[NodeConfig][generateGenesisData],genesisData=[chain]
sm_crypto:0
chainID: chain0
grouID: group0
[consensys]
consensus_type: pbft
block_tx_count_limit:1000
leader_period:1
[version]
compatibility_version:3.11.0
[tx]
gaslimit:3000000000
[executor]
iswasm: 0
isAuthCheck:0
authAdminAccount:0x1dbd23331f727a66c096de4f3daaec061a3ca614
isSerialExecute:1
epochSealerNum:4
epochBlockNum:1000
node.0:0d6a7f52cb87ce7fda869e0db309ec9c53723c46f81632c21e4abbf1a9159f14d53f37cc0c4141548da9ec877d6235afd7a501c40d296fc4c5252a8717aa23c2,1
node.1:21a47acec36f73d8e925a7d5db44793f998e1a42a6d7ee2e3a5cf4037b853452cb76f6cbab8e5b223a128e8ee15790d1f629858b47070b4eb2e1ddb2b0ada297,1
node.2:2346c69c46d42278eb237167eb19eb28432b63783cc0fd7cddc90f89c148e755db8941be9b0c5f37cbc21c409a78c154abc75ce0c80818c6fbb76aea6bcd0a9a,1
node.3:5b07d12d1512a66493c8fd3456d8c505e6ce05f20061613a4c48a1fa3755bbf9cc2d2f1878c4a6733389f03deb0a3fc0c672e2f4910fde9802d6675929cb3dc5,1
info|2026-02-07 10:54:52.827219|fisco-bcos-0x00007dcaf16b5a00|[LEDGER][#buildGenesisBlock] success, block exists
info|2026-02-07 10:54:52.827655|fisco-bcos-0x00007dcaf16b5a00|[TXPOOL]create transaction validator
info|2026-02-07 10:54:52.827847|fisco-bcos-0x00007dcaf16b5a00|[TXPOOL]create transaction config
info|2026-02-07 10:54:52.827876|fisco-bcos-0x00007dcaf16b5a00|[TXPOOL]create transaction storage
info|2026-02-07 10:54:52.828259|fisco-bcos-0x00007dcaf16b5a00|[TXPOOL]init MemoryStorage of txpool,txNotifierWorkerNum=2,txsExpirationTime=600000,poolLimit=15000,cpuCores=20
info|2026-02-07 10:54:52.828298|fisco-bcos-0x00007dcaf16b5a00|[TXPOOL]create sync config
info|2026-02-07 10:54:52.828304|fisco-bcos-0x00007dcaf16b5a00|[TXPOOL]create sync engine
info|2026-02-07 10:54:52.828876|fisco-bcos-0x00007dcaf16b5a00|[TXPOOL]create txpool,submitWorkerNum=8,notifyWorkerNum=2
info|2026-02-07 10:54:52.829624|fisco-bcos-0x00007dcaf16b5a00|[TXPOOL]create TxPool,submitterNum=8
info|2026-02-07 10:54:52.829726|fisco-bcos-0x00007dcaf16b5a00|[TARS_EXECUTOR_MANAGER]Initialize ,executorServiceName=chain0.5b07d12d1512a66493c8fd3456d8c505e6ce05f20061613a4c48a1fa3755bbf9cc2d2f1878c4a6733389f03deb0a3fc0c672e2f4910fde9802d6675929cb3dc5ExecutorService.ExecutorServiceObj
info|2026-02-07 10:54:52.829824|fisco-bcos-0x00007dcaf16b5a00|[INITIALIZER]initNode: enableLRUCacheStorage, size: 33554432
info|2026-02-07 10:54:52.829830|fisco-bcos-0x00007dcaf16b5a00|[INITIALIZER]create Executor,nodeArchType=0
info|2026-02-07 10:54:52.831022|fisco-bcos-0x00007dcaf16b5a00|[CONSENSUS][PBFT]create PBFTCodec
info|2026-02-07 10:54:52.831049|fisco-bcos-0x00007dcaf16b5a00|[CONSENSUS][PBFT]create PBFT validator
info|2026-02-07 10:54:52.831208|fisco-bcos-0x00007dcaf16b5a00|[CONSENSUS][PBFT]create pbftStorage
info|2026-02-07 10:54:52.831289|fisco-bcos-0x00007dcaf16b5a00|[CONSENSUS][PBFT][STORAGE]createKVTable success,table=pbftCommitDB
info|2026-02-07 10:54:52.831354|fisco-bcos-0x00007dcaf16b5a00|[CONSENSUS][PBFT]create pbftConfig
info|2026-02-07 10:54:52.831511|fisco-bcos-0x00007dcaf16b5a00|[CONSENSUS][PBFT]create PBFTEngine
info|2026-02-07 10:54:52.831848|fisco-bcos-0x00007dcaf16b5a00|[CONSENSUS][PBFT]create PBFT
info|2026-02-07 10:54:52.832189|fisco-bcos-0x00007dcaf16b5a00|[INITIALIZER]PBFTInitializer::initChainNodeInfo,nodeType=None,nodeCryptoType=0,nodeName=5b07d12d1512a66493c8fd3456d8c505e6ce05f20061613a4c48a1fa3755bbf9cc2d2f1878c4a6733389f03deb0a3fc0c672e2f4910fde9802d6675929cb3dc5,compatibilityVersion=51052544
info|2026-02-07 10:54:52.832258|fisco-bcos-0x00007dcaf16b5a00|[Gateway][Router]insertNode,groupID=group0,minVersion=0,maxVersion=2,nodeID=5b07d12d1512a66493c8fd3456d8c505e6ce05f20061613a4c48a1fa3755bbf9cc2d2f1878c4a6733389f03deb0a3fc0c672e2f4910fde9802d6675929cb3dc5,nodeType=None
info|2026-02-07 10:54:52.832268|fisco-bcos-0x00007dcaf16b5a00|[INITIALIZER]registerNode,group=group0,node=5b07d12d1512a66493c8fd3456d8c505e6ce05f20061613a4c48a1fa3755bbf9cc2d2f1878c4a6733389f03deb0a3fc0c672e2f4910fde9802d6675929cb3dc5,type=None
info|2026-02-07 10:54:52.832278|fisco-bcos-0x00007dcaf16b5a00|[TXPOOL]fetch LedgerConfig information
info|2026-02-07 10:54:52.832341|fisco-bcos-0x00007dcaf16b5a00|[TOOL]LedgerConfigFetcher: fetchBlockNumber success,blockNumber=147
info|2026-02-07 10:54:52.832395|fisco-bcos-0x00007dcaf16b5a00|[TOOL]LedgerConfigFetcher: fetchBlockHash success,blockNumber=147,hash=b10a5704...
info|2026-02-07 10:54:52.832450|fisco-bcos-0x00007dcaf16b5a00|[TOOL]fetchBlockTxCountLimit success,value=1000
info|2026-02-07 10:54:52.832483|fisco-bcos-0x00007dcaf16b5a00|[TXPOOL]fetch LedgerConfig success
info|2026-02-07 10:54:52.832489|fisco-bcos-0x00007dcaf16b5a00|[TXPOOL]fetch history nonces information,startNumber=0,fetchedSize=148
info|2026-02-07 10:54:52.835371|fisco-bcos-0x00007dcaf16b5a00|[TXPOOL]fetch history nonces success
info|2026-02-07 10:54:52.835420|fisco-bcos-0x00007dcaf16b5a00|[TXPOOL]init txs validator,checkBlockLimit=true
info|2026-02-07 10:54:52.835732|fisco-bcos-0x00007dcaf16b5a00|[TXPOOL]init txs validator success
info|2026-02-07 10:54:52.835769|fisco-bcos-0x00007dcaf16b5a00|[TXPOOL]init sync config
info|2026-02-07 10:54:52.835783|fisco-bcos-0x00007dcaf16b5a00|[TXPOOL]init sync config success
info|2026-02-07 10:54:52.835811|fisco-bcos-0x00007dcaf16b5a00|[BLOCK SYNC]start fetch the ledger config for block sync module
info|2026-02-07 10:54:52.835868|fisco-bcos-0x00007dcaf16b5a00|[TOOL]LedgerConfigFetcher: fetchBlockNumber success,blockNumber=147
info|2026-02-07 10:54:52.835891|fisco-bcos-0x00007dcaf16b5a00|[TOOL]LedgerConfigFetcher: fetchBlockHash success,blockNumber=147,hash=b10a5704...
info|2026-02-07 10:54:52.835907|fisco-bcos-0x00007dcaf16b5a00|[TOOL]fetchCompatibilityVersion
info|2026-02-07 10:54:52.835961|fisco-bcos-0x00007dcaf16b5a00|[TOOL]fetchCompatibilityVersion success,version=3.11.0,versionNumber=51052544,minSupportedVersion=3.0.0-rc4,maxSupportedVersion=3.11.0
info|2026-02-07 10:54:52.836498|fisco-bcos-0x00007dcaf16b5a00|[TOOL]fetchSystemConfig failed, use default value,code=3008,msg=Entry: feature_dmc2serial does not exists!,key=feature_dmc2serial,defaultValue=0
info|2026-02-07 10:54:52.836572|fisco-bcos-0x00007dcaf16b5a00|[TOOL]fetchSystemConfig failed, use default value,code=3008,msg=Entry: feature_sharding does not exists!,key=feature_sharding,defaultValue=0
info|2026-02-07 10:54:52.836601|fisco-bcos-0x00007dcaf16b5a00|[TOOL]fetchSystemConfig failed, use default value,code=3008,msg=Entry: feature_rpbft does not exists!,key=feature_rpbft,defaultValue=0
info|2026-02-07 10:54:52.836666|fisco-bcos-0x00007dcaf16b5a00|[TOOL]fetchSystemConfig failed, use default value,code=3008,msg=Entry: feature_paillier does not exists!,key=feature_paillier,defaultValue=0
info|2026-02-07 10:54:52.836701|fisco-bcos-0x00007dcaf16b5a00|[TOOL]fetchSystemConfig failed, use default value,code=3008,msg=Entry: feature_balance does not exists!,key=feature_balance,defaultValue=0
info|2026-02-07 10:54:52.836770|fisco-bcos-0x00007dcaf16b5a00|[TOOL]fetchSystemConfig failed, use default value,code=3008,msg=Entry: feature_balance_precompiled does not exists!,key=feature_balance_precompiled,defaultValue=0
info|2026-02-07 10:54:52.836804|fisco-bcos-0x00007dcaf16b5a00|[TOOL]fetchSystemConfig failed, use default value,code=3008,msg=Entry: feature_balance_policy1 does not exists!,key=feature_balance_policy1,defaultValue=0
info|2026-02-07 10:54:52.836874|fisco-bcos-0x00007dcaf16b5a00|[TOOL]fetchSystemConfig failed, use default value,code=3008,msg=Entry: feature_paillier_add_raw does not exists!,key=feature_paillier_add_raw,defaultValue=0
info|2026-02-07 10:54:52.836903|fisco-bcos-0x00007dcaf16b5a00|[TOOL]fetchSystemConfig failed, use default value,code=3008,msg=Entry: feature_evm_cancun does not exists!,key=feature_evm_cancun,defaultValue=0
info|2026-02-07 10:54:52.836952|fisco-bcos-0x00007dcaf16b5a00|[TOOL]fetchConsensusNodeList success,size=4
info|2026-02-07 10:54:52.836982|fisco-bcos-0x00007dcaf16b5a00|[TOOL]fetchObserverNodeList success,size=0
info|2026-02-07 10:54:52.837005|fisco-bcos-0x00007dcaf16b5a00|[TOOL]fetchCandidateSealerList success,size=0
info|2026-02-07 10:54:52.837023|fisco-bcos-0x00007dcaf16b5a00|[TOOL]fetchGenesisHash success,genesisHash=25d20f1c...
info|2026-02-07 10:54:52.837030|fisco-bcos-0x00007dcaf16b5a00|[BLOCK SYNC]fetch the ledger config for block sync module success,number=147,latestHash=b10a5704...,genesisHash=25d20f1c7ba5c73a1e512bbabf583992a464d04d9c35a44e10d8c6c8f07c9983
info|2026-02-07 10:54:52.837053|fisco-bcos-0x00007dcaf16b5a00|[BLOCK SYNC]#### BlockSyncConfig resetConfig,number=147,consNodeSize=4,observerNodeSize=0,type=CONSENSUS_NODE
info|2026-02-07 10:54:52.837097|fisco-bcos-0x00007dcaf16b5a00|[BLOCK SYNC]init block sync success
info|2026-02-07 10:54:52.837141|fisco-bcos-0x00007dcaf16b5a00|[CONSENSUS][PBFT]asyncResetTxPool when startup
info|2026-02-07 10:54:52.837201|fisco-bcos-0x00007dcaf16b5a00|[TXPOOL]asyncResetTxPool,txsSize=0
info|2026-02-07 10:54:52.837247|fisco-bcos-0x00007dcaf16b5a00|[CONSENSUS][PBFT]fetchAndUpdateLedgerConfig
info|2026-02-07 10:54:52.837287|fisco-bcos-0x00007dcaf16b5a00|[TOOL]LedgerConfigFetcher: fetchBlockNumber success,blockNumber=147
info|2026-02-07 10:54:52.837346|fisco-bcos-0x00007dcaf16b5a00|[TOOL]LedgerConfigFetcher: fetchBlockHash success,blockNumber=147,hash=b10a5704...
info|2026-02-07 10:54:52.837363|fisco-bcos-0x00007dcaf16b5a00|[TOOL]fetchCompatibilityVersion
info|2026-02-07 10:54:52.837443|fisco-bcos-0x00007dcaf16b5a00|[TOOL]fetchCompatibilityVersion success,version=3.11.0,versionNumber=51052544,minSupportedVersion=3.0.0-rc4,maxSupportedVersion=3.11.0
info|2026-02-07 10:54:52.837992|fisco-bcos-0x00007dcaf16b5a00|[TOOL]fetchSystemConfig failed, use default value,code=3008,msg=Entry: feature_dmc2serial does not exists!,key=feature_dmc2serial,defaultValue=0
info|2026-02-07 10:54:52.838115|fisco-bcos-0x00007dcaf16b5a00|[TOOL]fetchSystemConfig failed, use default value,code=3008,msg=Entry: feature_sharding does not exists!,key=feature_sharding,defaultValue=0
info|2026-02-07 10:54:52.838204|fisco-bcos-0x00007dcaf16b5a00|[TOOL]fetchSystemConfig failed, use default value,code=3008,msg=Entry: feature_rpbft does not exists!,key=feature_rpbft,defaultValue=0
info|2026-02-07 10:54:52.838233|fisco-bcos-0x00007dcaf16b5a00|[TOOL]fetchSystemConfig failed, use default value,code=3008,msg=Entry: feature_paillier does not exists!,key=feature_paillier,defaultValue=0
info|2026-02-07 10:54:52.838267|fisco-bcos-0x00007dcaf16b5a00|[TOOL]fetchSystemConfig failed, use default value,code=3008,msg=Entry: feature_balance does not exists!,key=feature_balance,defaultValue=0
info|2026-02-07 10:54:52.838309|fisco-bcos-0x00007dcaf16b5a00|[TOOL]fetchSystemConfig failed, use default value,code=3008,msg=Entry: feature_balance_precompiled does not exists!,key=feature_balance_precompiled,defaultValue=0
info|2026-02-07 10:54:52.838346|fisco-bcos-0x00007dcaf16b5a00|[TOOL]fetchSystemConfig failed, use default value,code=3008,msg=Entry: feature_balance_policy1 does not exists!,key=feature_balance_policy1,defaultValue=0
info|2026-02-07 10:54:52.838389|fisco-bcos-0x00007dcaf16b5a00|[TOOL]fetchSystemConfig failed, use default value,code=3008,msg=Entry: feature_paillier_add_raw does not exists!,key=feature_paillier_add_raw,defaultValue=0
info|2026-02-07 10:54:52.838411|fisco-bcos-0x00007dcaf16b5a00|[TOOL]fetchSystemConfig failed, use default value,code=3008,msg=Entry: feature_evm_cancun does not exists!,key=feature_evm_cancun,defaultValue=0
info|2026-02-07 10:54:52.838449|fisco-bcos-0x00007dcaf16b5a00|[TOOL]fetchConsensusNodeList success,size=4
info|2026-02-07 10:54:52.838476|fisco-bcos-0x00007dcaf16b5a00|[TOOL]fetchObserverNodeList success,size=0
info|2026-02-07 10:54:52.838549|fisco-bcos-0x00007dcaf16b5a00|[TOOL]fetchCandidateSealerList success,size=0
info|2026-02-07 10:54:52.838622|fisco-bcos-0x00007dcaf16b5a00|[TOOL]fetchBlockTxCountLimit success,value=1000
info|2026-02-07 10:54:52.838678|fisco-bcos-0x00007dcaf16b5a00|[TOOL]fetchGenesisHash success,genesisHash=25d20f1c...
info|2026-02-07 10:54:52.838717|fisco-bcos-0x00007dcaf16b5a00|[TOOL]fetchConsensusLeaderPeriod success,value=1
info|2026-02-07 10:54:52.838788|fisco-bcos-0x00007dcaf16b5a00|[TOOL]fetchAuthCheckStatus success,value=0
info|2026-02-07 10:54:52.838854|fisco-bcos-0x00007dcaf16b5a00|[TOOL]fetchSystemConfig failed, use default value,code=3008,msg=Entry: feature_rpbft_epoch_sealer_num does not exists!,key=feature_rpbft_epoch_sealer_num,defaultValue=4
info|2026-02-07 10:54:52.838889|fisco-bcos-0x00007dcaf16b5a00|[TOOL]fetchEpochSealerNum success,value=4
info|2026-02-07 10:54:52.838929|fisco-bcos-0x00007dcaf16b5a00|[TOOL]fetchSystemConfig failed, use default value,code=3008,msg=Entry: feature_rpbft_epoch_block_num does not exists!,key=feature_rpbft_epoch_block_num,defaultValue=1000
info|2026-02-07 10:54:52.838965|fisco-bcos-0x00007dcaf16b5a00|[TOOL]fetchEpochBlockNum success,value=1000
info|2026-02-07 10:54:52.839010|fisco-bcos-0x00007dcaf16b5a00|[TOOL]fetchSystemConfig failed, use default value,code=3008,msg=Entry: feature_rpbft_notify_rotate does not exists!,key=feature_rpbft_notify_rotate,defaultValue=0
info|2026-02-07 10:54:52.839069|fisco-bcos-0x00007dcaf16b5a00|[TOOL]fetchNotifyRotateFlagInfo success,value=0
info|2026-02-07 10:54:52.839126|fisco-bcos-0x00007dcaf16b5a00|[CONSENSUS][PBFT]fetchAndUpdateLedgerConfig success,blockNumber=147,hash=b10a5704...,maxTxsPerBlock=1000,consensusNodeList=4
info|2026-02-07 10:54:52.839137|fisco-bcos-0x00007dcaf16b5a00|[CONSENSUS][PBFT][METRIC]resetConfig,committedIndex=147,propHash=b10a5704...,blockCountLimit=1000,leaderPeriod=1,consensusNodesSize=4
info|2026-02-07 10:54:52.839159|fisco-bcos-0x00007dcaf16b5a00|[CONSENSUS][PBFT]PBFTConfig: resetExpectedCheckPoint,committedIndex=147,consNum=148,committedHash=b10a5704...,view=0,toView=0,changeCycle=0,expectedCheckPoint=0,Idx=0,unsealedTxs=0,sealUntil=0,waitResealUntil=0,consensusTimeout=3000,nodeId=5b07d12d...,expectedCheckPoint=0
info|2026-02-07 10:54:52.839215|fisco-bcos-0x00007dcaf16b5a00|[CONSENSUS][Core][METRIC]updateConsensusNodeList,nodeNum=4,nodeIndex=3,committedIndex=147,0d6a7f52...=1,21a47ace...=1,2346c69c...=1,5b07d12d...=1
info|2026-02-07 10:54:52.839234|fisco-bcos-0x00007dcaf16b5a00|[CONSENSUS][PBFT]notifyResetSealing,committedIndex=147,consNum=148,committedHash=b10a5704...,view=0,toView=0,changeCycle=0,expectedCheckPoint=148,Idx=3,unsealedTxs=0,sealUntil=0,waitResealUntil=0,consensusTimeout=3000,nodeId=5b07d12d...
info|2026-02-07 10:54:52.839280|fisco-bcos-0x00007dcaf16b5a00|[CONSENSUS][SEALER]resetSealing,startNum=0,endNum=0,sealingNum=-1,pendingTxs=0,unsealedTxs=0
info|2026-02-07 10:54:52.839300|fisco-bcos-0x00007dcaf16b5a00|[CONSENSUS][PBFT]reNotifySealer,expectedStart=148,highWaterMark=198,leader=0,committedIndex=147,consNum=148,committedHash=b10a5704...,view=0,toView=0,changeCycle=0,expectedCheckPoint=148,Idx=3,unsealedTxs=0,sealUntil=0,waitResealUntil=0,consensusTimeout=3000,nodeId=5b07d12d...
info|2026-02-07 10:54:52.839347|fisco-bcos-0x00007dcaf16b5a00|[CONSENSUS][PBFT]notifyResetSealing success,committedIndex=147,consNum=148,committedHash=b10a5704...,view=0,toView=0,changeCycle=0,expectedCheckPoint=148,Idx=3,unsealedTxs=0,sealUntil=0,waitResealUntil=0,consensusTimeout=3000,nodeId=5b07d12d...
info|2026-02-07 10:54:52.839393|fisco-bcos-0x00007dcaf16b5a00|[CONSENSUS][PBFT][METRIC]^^^^^^^^Report,committedIndex=147,consNum=148,committedHash=b10a5704...,view=0,toView=0,changeCycle=0,expectedCheckPoint=148,Idx=3,unsealedTxs=0,sealUntil=0,waitResealUntil=0,consensusTimeout=3000,nodeId=5b07d12d...
info|2026-02-07 10:54:52.839418|fisco-bcos-0x00007dcaf16b5a00|[CONSENSUS][PBFT]updateValidatorConfig,consensusNodeListUpdated=true,observerNodeListUpdated=false,consensusNodeSize=4,observerNodeSize=0
info|2026-02-07 10:54:52.839458|fisco-bcos-0x00007dcaf16b5a00|[CONSENSUS][SEALER]asyncNoteLatestBlockNumber,number=147
info|2026-02-07 10:54:52.839466|fisco-bcos-0x00007dcaf16b5a00|[CONSENSUS][SEALER]asyncNoteLatestBlockHash,_hash=b10a5704...
info|2026-02-07 10:54:52.839474|fisco-bcos-0x00007dcaf16b5a00|[CONSENSUS][PBFT]init PBFT success
info|2026-02-07 10:54:52.839595|fisco-bcos-0x00007dcaf16b5a00|[FRONTSERVICE]registerModuleMessageDispatcher for the consensus module success
info|2026-02-07 10:54:52.839636|fisco-bcos-0x00007dcaf16b5a00|[FRONTSERVICE]registerModuleMessageDispatcher for the txsSync module success
info|2026-02-07 10:54:52.839643|fisco-bcos-0x00007dcaf16b5a00|[FRONTSERVICE]registerModuleMessageDispatcher for the BlockSync module success
info|2026-02-07 10:54:52.839648|fisco-bcos-0x00007dcaf16b5a00|[FRONTSERVICE]registerGroupNodeInfoNotification success
info|2026-02-07 10:54:52.839868|fisco-bcos-0x00007dcaf16b5a00|[RPC][initConfig]rpc work in disable ssl model,listenIP=0.0.0.0,listenPort=20203,threadCount=4,asServer=true
info|2026-02-07 10:54:52.839887|fisco-bcos-0x00007dcaf16b5a00|[DEFAULT][WS][SERVICE],[NEWOBJ][WsService]=0x7dcaf0ce5710
info|2026-02-07 10:54:52.840000|fisco-bcos-0x00007dcaf16b5a00|[DEFAULT][WS][INITIALIZER][initWsService]start websocket service as server
info|2026-02-07 10:54:52.840120|fisco-bcos-0x00007dcaf16b5a00|[DEFAULT][HTTP][SERVER][buildHttpServer],listenIP=0.0.0.0,listenPort=20203
info|2026-02-07 10:54:52.840165|fisco-bcos-0x00007dcaf16b5a00|[DEFAULT][WS][INITIALIZER][initWsService]initializer for websocket service,listenIP=0.0.0.0,listenPort=20203,disableSsl=true,server=true,client=false,maxMsgSize=33554432,msgTimeOut=-1,connected peers=0
info|2026-02-07 10:54:52.840605|fisco-bcos-0x00007dcaf16b5a00|[RPC][JSONRPC][initMethod],method=getLogs
info|2026-02-07 10:54:52.840648|fisco-bcos-0x00007dcaf16b5a00|[RPC][JSONRPC][initMethod],method=getSystemConfigByKey
info|2026-02-07 10:54:52.840655|fisco-bcos-0x00007dcaf16b5a00|[RPC][JSONRPC][initMethod],method=getPeers
info|2026-02-07 10:54:52.840664|fisco-bcos-0x00007dcaf16b5a00|[RPC][JSONRPC][initMethod],method=getNodeListByType
info|2026-02-07 10:54:52.840668|fisco-bcos-0x00007dcaf16b5a00|[RPC][JSONRPC][initMethod],method=getObserverList
info|2026-02-07 10:54:52.840671|fisco-bcos-0x00007dcaf16b5a00|[RPC][JSONRPC][initMethod],method=getBlockHashByNumber
info|2026-02-07 10:54:52.840675|fisco-bcos-0x00007dcaf16b5a00|[RPC][JSONRPC][initMethod],method=getBlockNumber
info|2026-02-07 10:54:52.840680|fisco-bcos-0x00007dcaf16b5a00|[RPC][JSONRPC][initMethod],method=getSealerList
info|2026-02-07 10:54:52.840688|fisco-bcos-0x00007dcaf16b5a00|[RPC][JSONRPC][initMethod],method=getTransactionReceipt
info|2026-02-07 10:54:52.840692|fisco-bcos-0x00007dcaf16b5a00|[RPC][JSONRPC][initMethod],method=sendTransaction
info|2026-02-07 10:54:52.840697|fisco-bcos-0x00007dcaf16b5a00|[RPC][JSONRPC][initMethod],method=call
info|2026-02-07 10:54:52.840702|fisco-bcos-0x00007dcaf16b5a00|[RPC][JSONRPC][initMethod],method=getABI
info|2026-02-07 10:54:52.840706|fisco-bcos-0x00007dcaf16b5a00|[RPC][JSONRPC][initMethod],method=newBlockFilter
info|2026-02-07 10:54:52.840762|fisco-bcos-0x00007dcaf16b5a00|[RPC][JSONRPC][initMethod],method=getCode
info|2026-02-07 10:54:52.840972|fisco-bcos-0x00007dcaf16b5a00|[RPC][JSONRPC][initMethod],method=uninstallFilter
info|2026-02-07 10:54:52.840998|fisco-bcos-0x00007dcaf16b5a00|[RPC][JSONRPC][initMethod],method=getPendingTxSize
info|2026-02-07 10:54:52.841007|fisco-bcos-0x00007dcaf16b5a00|[RPC][JSONRPC][initMethod],method=getSyncStatus
info|2026-02-07 10:54:52.841011|fisco-bcos-0x00007dcaf16b5a00|[RPC][JSONRPC][initMethod],method=getTransaction
info|2026-02-07 10:54:52.841022|fisco-bcos-0x00007dcaf16b5a00|[RPC][JSONRPC][initMethod],method=getConsensusStatus
info|2026-02-07 10:54:52.841026|fisco-bcos-0x00007dcaf16b5a00|[RPC][JSONRPC][initMethod],method=getGroupPeers
info|2026-02-07 10:54:52.841029|fisco-bcos-0x00007dcaf16b5a00|[RPC][JSONRPC][initMethod],method=newFilter
info|2026-02-07 10:54:52.841032|fisco-bcos-0x00007dcaf16b5a00|[RPC][JSONRPC][initMethod],method=getGroupList
info|2026-02-07 10:54:52.841035|fisco-bcos-0x00007dcaf16b5a00|[RPC][JSONRPC][initMethod],method=getBlockByHash
info|2026-02-07 10:54:52.841038|fisco-bcos-0x00007dcaf16b5a00|[RPC][JSONRPC][initMethod],method=getPbftView
info|2026-02-07 10:54:52.841042|fisco-bcos-0x00007dcaf16b5a00|[RPC][JSONRPC][initMethod],method=newPendingTransactionFilter
info|2026-02-07 10:54:52.841049|fisco-bcos-0x00007dcaf16b5a00|[RPC][JSONRPC][initMethod],method=getFilterLogs
info|2026-02-07 10:54:52.841053|fisco-bcos-0x00007dcaf16b5a00|[RPC][JSONRPC][initMethod],method=getFilterChanges
info|2026-02-07 10:54:52.841056|fisco-bcos-0x00007dcaf16b5a00|[RPC][JSONRPC][initMethod],method=getGroupInfoList
info|2026-02-07 10:54:52.841075|fisco-bcos-0x00007dcaf16b5a00|[RPC][JSONRPC][initMethod],method=getBlockByNumber
info|2026-02-07 10:54:52.841083|fisco-bcos-0x00007dcaf16b5a00|[RPC][JSONRPC][initMethod],method=getTotalTransactionCount
info|2026-02-07 10:54:52.841087|fisco-bcos-0x00007dcaf16b5a00|[RPC][JSONRPC][initMethod],method=getGroupInfo
info|2026-02-07 10:54:52.841091|fisco-bcos-0x00007dcaf16b5a00|[RPC][JSONRPC][initMethod],method=getGroupNodeInfo
info|2026-02-07 10:54:52.841098|fisco-bcos-0x00007dcaf16b5a00|[RPC][JSONRPC][initMethod],size=32
info|2026-02-07 10:54:52.841114|fisco-bcos-0x00007dcaf16b5a00|[RPC]create event sub obj
info|2026-02-07 10:54:52.841123|fisco-bcos-0x00007dcaf16b5a00|[RPC][initWeb3RpcServiceConfig],listenIP=0.0.0.0,listenPort=8545,threadCount=8,asServer=true
info|2026-02-07 10:54:52.841135|fisco-bcos-0x00007dcaf16b5a00|[DEFAULT][WS][SERVICE],[NEWOBJ][WsService]=0x7dcaf0ce5e10
info|2026-02-07 10:54:52.841196|fisco-bcos-0x00007dcaf16b5a00|[DEFAULT][WS][INITIALIZER][initWsService]start websocket service as server
info|2026-02-07 10:54:52.841224|fisco-bcos-0x00007dcaf16b5a00|[DEFAULT][HTTP][SERVER][buildHttpServer],listenIP=0.0.0.0,listenPort=8545
info|2026-02-07 10:54:52.841235|fisco-bcos-0x00007dcaf16b5a00|[DEFAULT][WS][INITIALIZER][initWsService]initializer for websocket service,listenIP=0.0.0.0,listenPort=8545,disableSsl=true,server=true,client=false,maxMsgSize=33554432,msgTimeOut=-1,connected peers=0
info|2026-02-07 10:54:52.841470|fisco-bcos-0x00007dcaf16b5a00|[RPC][WEB3][initHandler],method=net_listening
info|2026-02-07 10:54:52.841552|fisco-bcos-0x00007dcaf16b5a00|[RPC][WEB3][initHandler],method=eth_uninstallFilter
info|2026-02-07 10:54:52.841562|fisco-bcos-0x00007dcaf16b5a00|[RPC][WEB3][initHandler],method=eth_newPendingTransactionFilter
info|2026-02-07 10:54:52.841566|fisco-bcos-0x00007dcaf16b5a00|[RPC][WEB3][initHandler],method=eth_newBlockFilter
info|2026-02-07 10:54:52.841569|fisco-bcos-0x00007dcaf16b5a00|[RPC][WEB3][initHandler],method=eth_newFilter
info|2026-02-07 10:54:52.841572|fisco-bcos-0x00007dcaf16b5a00|[RPC][WEB3][initHandler],method=eth_getUncleByBlockNumberAndIndex
info|2026-02-07 10:54:52.841575|fisco-bcos-0x00007dcaf16b5a00|[RPC][WEB3][initHandler],method=web3_clientVersion
info|2026-02-07 10:54:52.841579|fisco-bcos-0x00007dcaf16b5a00|[RPC][WEB3][initHandler],method=eth_getBlockTransactionCountByHash
info|2026-02-07 10:54:52.841582|fisco-bcos-0x00007dcaf16b5a00|[RPC][WEB3][initHandler],method=eth_getTransactionByBlockHashAndIndex
info|2026-02-07 10:54:52.841587|fisco-bcos-0x00007dcaf16b5a00|[RPC][WEB3][initHandler],method=eth_getFilterLogs
info|2026-02-07 10:54:52.841591|fisco-bcos-0x00007dcaf16b5a00|[RPC][WEB3][initHandler],method=eth_accounts
info|2026-02-07 10:54:52.841594|fisco-bcos-0x00007dcaf16b5a00|[RPC][WEB3][initHandler],method=eth_chainId
info|2026-02-07 10:54:52.841598|fisco-bcos-0x00007dcaf16b5a00|[RPC][WEB3][initHandler],method=eth_getLogs
info|2026-02-07 10:54:52.841609|fisco-bcos-0x00007dcaf16b5a00|[RPC][WEB3][initHandler],method=eth_getBlockByHash
info|2026-02-07 10:54:52.841616|fisco-bcos-0x00007dcaf16b5a00|[RPC][WEB3][initHandler],method=eth_gasPrice
info|2026-02-07 10:54:52.841620|fisco-bcos-0x00007dcaf16b5a00|[RPC][WEB3][initHandler],method=net_peerCount
info|2026-02-07 10:54:52.841623|fisco-bcos-0x00007dcaf16b5a00|[RPC][WEB3][initHandler],method=eth_coinbase
info|2026-02-07 10:54:52.841626|fisco-bcos-0x00007dcaf16b5a00|[RPC][WEB3][initHandler],method=eth_hashrate
info|2026-02-07 10:54:52.841629|fisco-bcos-0x00007dcaf16b5a00|[RPC][WEB3][initHandler],method=eth_getTransactionCount
info|2026-02-07 10:54:52.841642|fisco-bcos-0x00007dcaf16b5a00|[RPC][WEB3][initHandler],method=web3_sha3
info|2026-02-07 10:54:52.841650|fisco-bcos-0x00007dcaf16b5a00|[RPC][WEB3][initHandler],method=eth_getStorageAt
info|2026-02-07 10:54:52.841661|fisco-bcos-0x00007dcaf16b5a00|[RPC][WEB3][initHandler],method=eth_sign
info|2026-02-07 10:54:52.841664|fisco-bcos-0x00007dcaf16b5a00|[RPC][WEB3][initHandler],method=eth_getTransactionReceipt
info|2026-02-07 10:54:52.841669|fisco-bcos-0x00007dcaf16b5a00|[RPC][WEB3][initHandler],method=eth_mining
info|2026-02-07 10:54:52.841674|fisco-bcos-0x00007dcaf16b5a00|[RPC][WEB3][initHandler],method=eth_estimateGas
info|2026-02-07 10:54:52.841680|fisco-bcos-0x00007dcaf16b5a00|[RPC][WEB3][initHandler],method=eth_syncing
info|2026-02-07 10:54:52.841683|fisco-bcos-0x00007dcaf16b5a00|[RPC][WEB3][initHandler],method=net_version
info|2026-02-07 10:54:52.841688|fisco-bcos-0x00007dcaf16b5a00|[RPC][WEB3][initHandler],method=eth_sendTransaction
info|2026-02-07 10:54:52.841690|fisco-bcos-0x00007dcaf16b5a00|[RPC][WEB3][initHandler],method=eth_signTransaction
info|2026-02-07 10:54:52.841699|fisco-bcos-0x00007dcaf16b5a00|[RPC][WEB3][initHandler],method=eth_protocolVersion
info|2026-02-07 10:54:52.841702|fisco-bcos-0x00007dcaf16b5a00|[RPC][WEB3][initHandler],method=eth_getBlockTransactionCountByNumber
info|2026-02-07 10:54:52.841709|fisco-bcos-0x00007dcaf16b5a00|[RPC][WEB3][initHandler],method=eth_getUncleCountByBlockHash
info|2026-02-07 10:54:52.841712|fisco-bcos-0x00007dcaf16b5a00|[RPC][WEB3][initHandler],method=eth_getUncleCountByBlockNumber
info|2026-02-07 10:54:52.841721|fisco-bcos-0x00007dcaf16b5a00|[RPC][WEB3][initHandler],method=eth_getCode
info|2026-02-07 10:54:52.841724|fisco-bcos-0x00007dcaf16b5a00|[RPC][WEB3][initHandler],method=eth_getBlockByNumber
info|2026-02-07 10:54:52.841727|fisco-bcos-0x00007dcaf16b5a00|[RPC][WEB3][initHandler],method=eth_getFilterChanges
info|2026-02-07 10:54:52.841729|fisco-bcos-0x00007dcaf16b5a00|[RPC][WEB3][initHandler],method=eth_sendRawTransaction
info|2026-02-07 10:54:52.841735|fisco-bcos-0x00007dcaf16b5a00|[RPC][WEB3][initHandler],method=eth_blockNumber
info|2026-02-07 10:54:52.841738|fisco-bcos-0x00007dcaf16b5a00|[RPC][WEB3][initHandler],method=eth_call
info|2026-02-07 10:54:52.841743|fisco-bcos-0x00007dcaf16b5a00|[RPC][WEB3][initHandler],method=eth_getBalance
info|2026-02-07 10:54:52.841745|fisco-bcos-0x00007dcaf16b5a00|[RPC][WEB3][initHandler],method=eth_getTransactionByHash
info|2026-02-07 10:54:52.841751|fisco-bcos-0x00007dcaf16b5a00|[RPC][WEB3][initHandler],method=eth_getUncleByBlockHashAndIndex
info|2026-02-07 10:54:52.841758|fisco-bcos-0x00007dcaf16b5a00|[RPC][WEB3][initHandler],method=eth_getTransactionByBlockNumberAndIndex
info|2026-02-07 10:54:52.841761|fisco-bcos-0x00007dcaf16b5a00|[RPC][WEB3][initHandler],size=43
info|2026-02-07 10:54:52.841790|fisco-bcos-0x00007dcaf16b5a00|[GROUP]initNodeInfo,group=group0,nodeName=localNode
info|2026-02-07 10:54:52.841866|fisco-bcos-0x00007dcaf16b5a00|[GROUP]initNodeInfo success,group=group0,nodeName=localNode,number=147
info|2026-02-07 10:54:52.841992|fisco-bcos-0x00007dcaf16b5a00|[INITIALIZER][METRIC],binaryVersion=3.11.0,buildTime=20240827 04:30:34,buildType=Release,platform=Linux/g++,gitBranch=HEAD,commitHash=3fea676716990b2ed453b4f079915daafff451f9
info|2026-02-07 10:54:52.842225|fisco-bcos-0x00007dcaf16b5a00|[INITIALIZER]Start the txpool
info|2026-02-07 10:54:52.842248|fisco-bcos-0x00007dcaf16b5a00|[TXPOOL]Start the txpool.
info|2026-02-07 10:54:52.842254|fisco-bcos-0x00007dcaf16b5a00|[BLOCK SYNC]enableAsMaster:true
info|2026-02-07 10:54:52.842283|fisco-bcos-0x00007dcaf16b5a00|[Gateway][Router]insertNode,groupID=group0,minVersion=0,maxVersion=2,nodeID=5b07d12d1512a66493c8fd3456d8c505e6ce05f20061613a4c48a1fa3755bbf9cc2d2f1878c4a6733389f03deb0a3fc0c672e2f4910fde9802d6675929cb3dc5,nodeType=CONSENSUS_NODE
info|2026-02-07 10:54:52.842294|fisco-bcos-0x00007dcaf16b5a00|[INITIALIZER]registerNode,group=group0,node=5b07d12d1512a66493c8fd3456d8c505e6ce05f20061613a4c48a1fa3755bbf9cc2d2f1878c4a6733389f03deb0a3fc0c672e2f4910fde9802d6675929cb3dc5,type=CONSENSUS_NODE
info|2026-02-07 10:54:52.842307|fisco-bcos-0x00007dcaf16b5a00|[BLOCK SYNC]start fetch the ledger config for block sync module
info|2026-02-07 10:54:52.842360|fisco-bcos-0x00007dcaf16b5a00|[TOOL]LedgerConfigFetcher: fetchBlockNumber success,blockNumber=147
info|2026-02-07 10:54:52.842386|fisco-bcos-0x00007dcaf16b5a00|[TOOL]LedgerConfigFetcher: fetchBlockHash success,blockNumber=147,hash=b10a5704...
info|2026-02-07 10:54:52.842394|fisco-bcos-0x00007dcaf16b5a00|[TOOL]fetchCompatibilityVersion
info|2026-02-07 10:54:52.842445|fisco-bcos-0x00007dcaf16b5a00|[TOOL]fetchCompatibilityVersion success,version=3.11.0,versionNumber=51052544,minSupportedVersion=3.0.0-rc4,maxSupportedVersion=3.11.0
info|2026-02-07 10:54:52.842946|fisco-bcos-0x00007dcaf16b5a00|[TOOL]fetchSystemConfig failed, use default value,code=3008,msg=Entry: feature_dmc2serial does not exists!,key=feature_dmc2serial,defaultValue=0
info|2026-02-07 10:54:52.842984|fisco-bcos-0x00007dcaf16b5a00|[TOOL]fetchSystemConfig failed, use default value,code=3008,msg=Entry: feature_sharding does not exists!,key=feature_sharding,defaultValue=0
info|2026-02-07 10:54:52.843961|fisco-bcos-0x00007dcaf16b5a00|[TOOL]fetchSystemConfig failed, use default value,code=3008,msg=Entry: feature_rpbft does not exists!,key=feature_rpbft,defaultValue=0
info|2026-02-07 10:54:52.844119|fisco-bcos-0x00007dcaf16b5a00|[TOOL]fetchSystemConfig failed, use default value,code=3008,msg=Entry: feature_paillier does not exists!,key=feature_paillier,defaultValue=0
info|2026-02-07 10:54:52.844258|fisco-bcos-0x00007dcaf16b5a00|[TOOL]fetchSystemConfig failed, use default value,code=3008,msg=Entry: feature_balance does not exists!,key=feature_balance,defaultValue=0
info|2026-02-07 10:54:52.844510|fisco-bcos-0x00007dcaf16b5a00|[TOOL]fetchSystemConfig failed, use default value,code=3008,msg=Entry: feature_balance_precompiled does not exists!,key=feature_balance_precompiled,defaultValue=0
info|2026-02-07 10:54:52.844803|fisco-bcos-0x00007dcaf16b5a00|[TOOL]fetchSystemConfig failed, use default value,code=3008,msg=Entry: feature_balance_policy1 does not exists!,key=feature_balance_policy1,defaultValue=0
info|2026-02-07 10:54:52.844925|fisco-bcos-0x00007dcaf16b5a00|[TOOL]fetchSystemConfig failed, use default value,code=3008,msg=Entry: feature_paillier_add_raw does not exists!,key=feature_paillier_add_raw,defaultValue=0
info|2026-02-07 10:54:52.844957|fisco-bcos-0x00007dcaf16b5a00|[TOOL]fetchSystemConfig failed, use default value,code=3008,msg=Entry: feature_evm_cancun does not exists!,key=feature_evm_cancun,defaultValue=0
info|2026-02-07 10:54:52.845037|fisco-bcos-0x00007dcaf16b5a00|[TOOL]fetchConsensusNodeList success,size=4
info|2026-02-07 10:54:52.845148|fisco-bcos-0x00007dcaf16b5a00|[TOOL]fetchObserverNodeList success,size=0
info|2026-02-07 10:54:52.845231|fisco-bcos-0x00007dcaf16b5a00|[TOOL]fetchCandidateSealerList success,size=0
info|2026-02-07 10:54:52.845258|fisco-bcos-0x00007dcaf16b5a00|[TOOL]fetchGenesisHash success,genesisHash=25d20f1c...
info|2026-02-07 10:54:52.845268|fisco-bcos-0x00007dcaf16b5a00|[BLOCK SYNC]fetch the ledger config for block sync module success,number=147,latestHash=b10a5704...,genesisHash=25d20f1c7ba5c73a1e512bbabf583992a464d04d9c35a44e10d8c6c8f07c9983
info|2026-02-07 10:54:52.845280|fisco-bcos-0x00007dcaf16b5a00|[BLOCK SYNC]init block sync success
info|2026-02-07 10:54:52.845290|fisco-bcos-0x00007dcaf16b5a00|[CONSENSUS][PBFT]enableAsMasterNode: clearAllCache for the node switch into backup node
info|2026-02-07 10:54:52.845299|fisco-bcos-0x00007dcaf16b5a00|[CONSENSUS][PBFT]enableAsMasterNode: true
info|2026-02-07 10:54:52.845313|fisco-bcos-0x00007dcaf16b5a00|[INITIALIZER]Election versionInfoNotification success,version=51052544
info|2026-02-07 10:54:52.845318|fisco-bcos-0x00007dcaf16b5a00|[CONSENSUS][PBFT]enableAsMasterNode: init and start the consensus module
info|2026-02-07 10:54:52.845347|fisco-bcos-0x00007dcaf16b5a00|[CONSENSUS][PBFT]asyncResetTxPool when startup
info|2026-02-07 10:54:52.845408|fisco-bcos-0x00007dcaf16b5a00|[TXPOOL]asyncResetTxPool,txsSize=0
info|2026-02-07 10:54:52.845415|fisco-bcos-0x00007dcaf16b5a00|[CONSENSUS][PBFT]fetchAndUpdateLedgerConfig
info|2026-02-07 10:54:52.845441|fisco-bcos-0x00007dcaf16b5a00|[TOOL]LedgerConfigFetcher: fetchBlockNumber success,blockNumber=147
info|2026-02-07 10:54:52.845468|fisco-bcos-0x00007dcaf16b5a00|[TOOL]LedgerConfigFetcher: fetchBlockHash success,blockNumber=147,hash=b10a5704...
info|2026-02-07 10:54:52.845484|fisco-bcos-0x00007dcaf16b5a00|[TOOL]fetchCompatibilityVersion
info|2026-02-07 10:54:52.845538|fisco-bcos-0x00007dcaf16b5a00|[TOOL]fetchCompatibilityVersion success,version=3.11.0,versionNumber=51052544,minSupportedVersion=3.0.0-rc4,maxSupportedVersion=3.11.0
info|2026-02-07 10:54:52.846852|fisco-bcos-0x00007dcaf16b5a00|[TOOL]fetchSystemConfig failed, use default value,code=3008,msg=Entry: feature_dmc2serial does not exists!,key=feature_dmc2serial,defaultValue=0
info|2026-02-07 10:54:52.847023|fisco-bcos-0x00007dcaf16b5a00|[TOOL]fetchSystemConfig failed, use default value,code=3008,msg=Entry: feature_sharding does not exists!,key=feature_sharding,defaultValue=0
info|2026-02-07 10:54:52.847189|fisco-bcos-0x00007dcaf16b5a00|[TOOL]fetchSystemConfig failed, use default value,code=3008,msg=Entry: feature_rpbft does not exists!,key=feature_rpbft,defaultValue=0
info|2026-02-07 10:54:52.847493|fisco-bcos-0x00007dcaf16b5a00|[TOOL]fetchSystemConfig failed, use default value,code=3008,msg=Entry: feature_paillier does not exists!,key=feature_paillier,defaultValue=0
info|2026-02-07 10:54:52.847676|fisco-bcos-0x00007dcaf16b5a00|[TOOL]fetchSystemConfig failed, use default value,code=3008,msg=Entry: feature_balance does not exists!,key=feature_balance,defaultValue=0
info|2026-02-07 10:54:52.847813|fisco-bcos-0x00007dcaf16b5a00|[TOOL]fetchSystemConfig failed, use default value,code=3008,msg=Entry: feature_balance_precompiled does not exists!,key=feature_balance_precompiled,defaultValue=0
info|2026-02-07 10:54:52.848088|fisco-bcos-0x00007dcaf16b5a00|[TOOL]fetchSystemConfig failed, use default value,code=3008,msg=Entry: feature_balance_policy1 does not exists!,key=feature_balance_policy1,defaultValue=0
info|2026-02-07 10:54:52.848176|fisco-bcos-0x00007dcaf16b5a00|[TOOL]fetchSystemConfig failed, use default value,code=3008,msg=Entry: feature_paillier_add_raw does not exists!,key=feature_paillier_add_raw,defaultValue=0
info|2026-02-07 10:54:52.848204|fisco-bcos-0x00007dcaf16b5a00|[TOOL]fetchSystemConfig failed, use default value,code=3008,msg=Entry: feature_evm_cancun does not exists!,key=feature_evm_cancun,defaultValue=0
info|2026-02-07 10:54:52.848376|fisco-bcos-0x00007dcaf16b5a00|[TOOL]fetchConsensusNodeList success,size=4
info|2026-02-07 10:54:52.848452|fisco-bcos-0x00007dcaf16b5a00|[TOOL]fetchObserverNodeList success,size=0
info|2026-02-07 10:54:52.848479|fisco-bcos-0x00007dcaf16b5a00|[TOOL]fetchCandidateSealerList success,size=0
info|2026-02-07 10:54:52.848510|fisco-bcos-0x00007dcaf16b5a00|[TOOL]fetchBlockTxCountLimit success,value=1000
info|2026-02-07 10:54:52.848527|fisco-bcos-0x00007dcaf16b5a00|[TOOL]fetchGenesisHash success,genesisHash=25d20f1c...
info|2026-02-07 10:54:52.848552|fisco-bcos-0x00007dcaf16b5a00|[TOOL]fetchConsensusLeaderPeriod success,value=1
info|2026-02-07 10:54:52.848775|fisco-bcos-0x00007dcaf16b5a00|[TOOL]fetchAuthCheckStatus success,value=0
info|2026-02-07 10:54:52.849078|fisco-bcos-0x00007dcaf16b5a00|[TOOL]fetchSystemConfig failed, use default value,code=3008,msg=Entry: feature_rpbft_epoch_sealer_num does not exists!,key=feature_rpbft_epoch_sealer_num,defaultValue=4
info|2026-02-07 10:54:52.849145|fisco-bcos-0x00007dcaf16b5a00|[TOOL]fetchEpochSealerNum success,value=4
info|2026-02-07 10:54:52.849209|fisco-bcos-0x00007dcaf16b5a00|[TOOL]fetchSystemConfig failed, use default value,code=3008,msg=Entry: feature_rpbft_epoch_block_num does not exists!,key=feature_rpbft_epoch_block_num,defaultValue=1000
info|2026-02-07 10:54:52.849251|fisco-bcos-0x00007dcaf16b5a00|[TOOL]fetchEpochBlockNum success,value=1000
info|2026-02-07 10:54:52.849297|fisco-bcos-0x00007dcaf16b5a00|[TOOL]fetchSystemConfig failed, use default value,code=3008,msg=Entry: feature_rpbft_notify_rotate does not exists!,key=feature_rpbft_notify_rotate,defaultValue=0
info|2026-02-07 10:54:52.849307|fisco-bcos-0x00007dcaf16b5a00|[TOOL]fetchNotifyRotateFlagInfo success,value=0
info|2026-02-07 10:54:52.849314|fisco-bcos-0x00007dcaf16b5a00|[CONSENSUS][PBFT]fetchAndUpdateLedgerConfig success,blockNumber=147,hash=b10a5704...,maxTxsPerBlock=1000,consensusNodeList=4
info|2026-02-07 10:54:52.849361|fisco-bcos-0x00007dcaf16b5a00|[CONSENSUS][PBFT]init PBFT success
info|2026-02-07 10:54:52.849369|fisco-bcos-0x00007dcaf16b5a00|[CONSENSUS][PBFT]fetch PBFT state
info|2026-02-07 10:54:52.849448|fisco-bcos-0x00007dcaf16b5a00|[CONSENSUS][PBFT][STORAGE]asyncGetLatestCommittedProposalIndex,latestCommittedProposalIndex=147
info|2026-02-07 10:54:52.849459|fisco-bcos-0x00007dcaf16b5a00|[CONSENSUS][PBFT][STORAGE]no need to fetch committed proposal,maxCommittedProposal=147,stableCheckPoint=147
info|2026-02-07 10:54:52.849480|fisco-bcos-0x00007dcaf16b5a00|[CONSENSUS][PBFT]restart the consensus module
info|2026-02-07 10:54:52.849492|fisco-bcos-0x00007dcaf16b5a00|[INITIALIZER]Election versionInfoNotification success,version=51052544
info|2026-02-07 10:54:52.849522|fisco-bcos-0x00007dcaf16b5a00|[CONSENSUS][PBFT]notify the committed proposal index to the sync module success,index=147
info|2026-02-07 10:54:52.849675|fisco-bcos-0x00007dcaf16b5a00|[CONSENSUS][PBFT]broadcastViewChangeReq,reqHash=b10a5704...,reqIndex=147,reqV=1,fromIdx=3,wait(ms)=0,packetSize=162
info|2026-02-07 10:54:52.849736|fisco-bcos-0x00007dcaf16b5a00|[CONSENSUS][PBFT]addViewChangeReq,reqHash=b10a5704...,reqIndex=147,reqV=1,fromIdx=3,wait(ms)=0,weight=1,maxCommittedIndex=147,maxPrecommitIndex=0 preparedProposalInfo: ,committedIndex=147,consNum=148,committedHash=b10a5704...,view=0,toView=1,changeCycle=0,expectedCheckPoint=148,Idx=3,unsealedTxs=0,sealUntil=0,waitResealUntil=0,consensusTimeout=3000,nodeId=5b07d12d...
info|2026-02-07 10:54:52.849764|fisco-bcos-0x00007dcaf16b5a00|[CONSENSUS][SEALER]start the sealer
info|2026-02-07 10:54:52.850696|fisco-bcos-0x00007dcaf16b5a00|[BLOCK SYNC]Start BlockSync
info|2026-02-07 10:54:52.850763|fisco-bcos-0x00007dcaf16b5a00|[CONSENSUS][Core]Start the consensusEngine
info|2026-02-07 10:54:52.851895|fisco-bcos-0x00007dcaf16b5a00|[CONSENSUS][PBFT]notify the committed proposal index to the sync module success,index=147
info|2026-02-07 10:54:52.852093|fisco-bcos-0x00007dcaf16b5a00|[CONSENSUS][PBFT]broadcastViewChangeReq,reqHash=b10a5704...,reqIndex=147,reqV=2,fromIdx=3,wait(ms)=1,packetSize=162
info|2026-02-07 10:54:52.852170|fisco-bcos-0x00007dcaf16b5a00|[CONSENSUS][PBFT]addViewChangeReq,reqHash=b10a5704...,reqIndex=147,reqV=2,fromIdx=3,wait(ms)=1,weight=1,maxCommittedIndex=147,maxPrecommitIndex=0 preparedProposalInfo: ,committedIndex=147,consNum=148,committedHash=b10a5704...,view=0,toView=2,changeCycle=0,expectedCheckPoint=148,Idx=3,unsealedTxs=0,sealUntil=0,waitResealUntil=0,consensusTimeout=3000,nodeId=5b07d12d...
info|2026-02-07 10:54:52.852203|fisco-bcos-0x00007dcaf16b5a00|[CONSENSUS][PBFT]Start the PBFT module.
info|2026-02-07 10:54:52.852211|fisco-bcos-0x00007dcaf16b5a00|[FRONTSERVICE]Start the front service
info|2026-02-07 10:54:52.852222|fisco-bcos-0x00007dcaf16b5a00|[FrontService][start]asyncGetGroupNodeInfo callback,node size=1
info|2026-02-07 10:54:52.852284|fisco-bcos-0x00007dcabc1ff6c0|[TIMESYNC]updateTimeInfo: update median time offset,updatedMedianTimeOffset=0,peer=5b07d12d...,peerTime=1770432892850,peerOffset=-2,utcTime=1770432892852
info|2026-02-07 10:54:52.852510|fisco-bcos-0x00007dcaf16b5a00|[FrontService]protocolNegotiate success,nodeID=5b07d12d1512a66493c8fd3456d8c505e6ce05f20061613a4c48a1fa3755bbf9cc2d2f1878c4a6733389f03deb0a3fc0c672e2f4910fde9802d6675929cb3dc5,groupID=group0,minVersion=0,maxVersion=2,supportedMinVersion=0,supportedMaxVersion=2,version=2
info|2026-02-07 10:54:52.852535|fisco-bcos-0x00007dcaf16b5a00|[FrontService]onReceiveGroupNodeInfo,groupID=group0,nodeIDs.size()=1
info|2026-02-07 10:54:52.852759|fisco-bcos-0x00007dcac4bfd6c0|SyncConfig: setConnectedNodeList,size=1
info|2026-02-07 10:54:52.852928|fisco-bcos-0x00007dcac4bfd6c0|SyncConfig: setConnectedNodeList,size=1
info|2026-02-07 10:54:52.853052|fisco-bcos-0x00007dcac4bfd6c0|[FRONTSERVICE]notifyGroupNodeInfo,connectedNodeSize=1
info|2026-02-07 10:54:52.853742|fisco-bcos-0x00007dcaf16b5a00|[FrontService]start,nodeID=5b07d12d1512a66493c8fd3456d8c505e6ce05f20061613a4c48a1fa3755bbf9cc2d2f1878c4a6733389f03deb0a3fc0c672e2f4910fde9802d6675929cb3dc5,groupID=group0
info|2026-02-07 10:54:52.853819|fisco-bcos-0x00007dcaf16b5a00|[FrontService]register module,count=13
info|2026-02-07 10:54:52.853829|fisco-bcos-0x00007dcaf16b5a00|[FrontService]register module,moduleID=4005
info|2026-02-07 10:54:52.853834|fisco-bcos-0x00007dcaf16b5a00|[FrontService]register module,moduleID=4006
info|2026-02-07 10:54:52.853841|fisco-bcos-0x00007dcaf16b5a00|[FrontService]register module,moduleID=4001
info|2026-02-07 10:54:52.853845|fisco-bcos-0x00007dcaf16b5a00|[FrontService]register module,moduleID=4000
info|2026-02-07 10:54:52.853851|fisco-bcos-0x00007dcaf16b5a00|[FrontService]register module,moduleID=6000
info|2026-02-07 10:54:52.853855|fisco-bcos-0x00007dcaf16b5a00|[FrontService]register module,moduleID=5000
info|2026-02-07 10:54:52.853873|fisco-bcos-0x00007dcaf16b5a00|[FrontService]register module,moduleID=4002
info|2026-02-07 10:54:52.853878|fisco-bcos-0x00007dcaf16b5a00|[FrontService]register module,moduleID=2000
info|2026-02-07 10:54:52.853882|fisco-bcos-0x00007dcaf16b5a00|[FrontService]register module,moduleID=4004
info|2026-02-07 10:54:52.853885|fisco-bcos-0x00007dcaf16b5a00|[FrontService]register module,moduleID=2002
info|2026-02-07 10:54:52.853928|fisco-bcos-0x00007dcaf16b5a00|[FrontService]register module,moduleID=4003
info|2026-02-07 10:54:52.853932|fisco-bcos-0x00007dcaf16b5a00|[FrontService]register module,moduleID=2001
info|2026-02-07 10:54:52.853941|fisco-bcos-0x00007dcaf16b5a00|[FrontService]register module,moduleID=1000
info|2026-02-07 10:54:52.854055|fisco-bcos-0x00007dcaf16b5a00|[NETWORK][Host]P2P StartAccept,Host=0.0.0.0:30303
info|2026-02-07 10:54:52.858161|fisco-bcos-0x00007dcaf16b5a00|[NETWORK][Host]Connecting to node,endpoint=127.0.0.1:30300
info|2026-02-07 10:54:52.858856|fisco-bcos-0x00007dcaf16b5a00|[NETWORK][Host]Connecting to node,endpoint=127.0.0.1:30301
info|2026-02-07 10:54:52.859003|fisco-bcos-0x00007dcaf16b5a00|[NETWORK][Host]Connecting to node,endpoint=127.0.0.1:30302
info|2026-02-07 10:54:52.859302|fisco-bcos-0x00007dcaf16b5a00|[NETWORK][Host]Connecting to node,endpoint=127.0.0.1:30303
info|2026-02-07 10:54:52.860045|fisco-bcos-0x00007dcaf16b5a00|[P2PService][Service][METRIC]heartBeat,connected count=0
info|2026-02-07 10:54:52.860182|fisco-bcos-0x00007dcaf16b5a00|[Gateway][Gateway]start end.
info|2026-02-07 10:54:52.860795|fisco-bcos-0x00007dcaf16b5a00|[EVENT][SUB][start]start event sub successfully
info|2026-02-07 10:54:52.861160|fisco-bcos-0x00007dcaf16b5a00|[startThread]start the timer thread
info|2026-02-07 10:54:52.862073|timerFactory-0x00007dcaa79ff6c0|[startThread]the timer thread start,threadName=timerFactory
info|2026-02-07 10:54:52.864507|ioService-0x00007dcab75fc6c0|[ASIO][ASIO]asyncResolveConnect,endpoint=127.0.0.1:30300
error|2026-02-07 10:54:52.864952|ioService-0x00007dcab57fd6c0|[NETWORK][Host]TCP Connection refused by node,endpoint=127.0.0.1:30300,message=Connection refused
info|2026-02-07 10:54:52.865282|ioService-0x00007dcab75fc6c0|[ASIO][ASIO]asyncResolveConnect,endpoint=127.0.0.1:30301
warning|2026-02-07 10:54:52.865502|fisco-bcos-0x00007dcac47fc6c0|[P2PService][Service]onConnect,code=5,p2pid=,nodeName=,endpoint=unknown,message=Connect failed
info|2026-02-07 10:54:52.865659|ioService-0x00007dcab75fc6c0|[ASIO][ASIO]asyncResolveConnect,endpoint=127.0.0.1:30302
info|2026-02-07 10:54:52.865888|ioService-0x00007dcab75fc6c0|[ASIO][ASIO]asyncResolveConnect,endpoint=127.0.0.1:30303
info|2026-02-07 10:54:52.866112|ioService-0x00007dcab69ff6c0|[NETWORK][Host]P2P Recv Connect, From=127.0.0.1:46584
info|2026-02-07 10:54:52.866258|ioService-0x00007dcab69ff6c0|[NETWORK][Host]P2P StartAccept,Host=0.0.0.0:30303
info|2026-02-07 10:54:52.866452|ioService-0x00007dcab69ff6c0|[NETWORK][Host]P2P Recv Connect, From=127.0.0.1:46600
info|2026-02-07 10:54:52.866519|ioService-0x00007dcab69ff6c0|[NETWORK][Host]P2P StartAccept,Host=0.0.0.0:30303
info|2026-02-07 10:54:52.867949|ioService-0x00007dcab33ff6c0|[Gateway][Factory][NEW]SSLContext pubHex: 3082010a0282010100a9ba081864ed1c68f5b81b4fa31a3cb4c81583e0e7c5eec4d7249ecd7d2c8f901393580ca25747abc4e01775b9ff41392cf15074a577cc078f4b07f3152faa0dfe540c63b8de93fbc3afe02564592e274c9c1a76bb0cc8c4692d9404f8e0b7b5440bd66d6e70c33a6d35aca5767a88332fd7853571427789bb25413b734abc293a58791b28aece40a8f74238c2f8b0d32bbbb5f020cfd72ad86d4fb6f1904605a5f43f0f58ed4c826346ad1b71ddac3a15040d6cd21f31f9044b82e690f91329d956b39005f4ab421029ebe499a3fe7179586deded25784665d8949c4db5defd0cbbaf2f27221f3d59e7314f4374086dceea8903a6aedc17d8ca5c7ec4b03fef0203010001
info|2026-02-07 10:54:52.867979|ioService-0x00007dcab33ff6c0|[NETWORK][Host]Get ca basic failed
info|2026-02-07 10:54:52.868026|ioService-0x00007dcab33ff6c0|[Gateway][Factory][NEW]SSLContext pubHex: 3082010a0282010100b85dd5fdfbc4aa99dcef8477a2e1c08c304a63432923826f81b3d0d7d13e79a6ec265462b2f59e76106f8bad7efb849227798aaf7c20a2197e9a95a8ffbbc07f5ccb44d04e995013b9afd04bb77fb7dbfa0f13bd2d404980eae43fc147332e1542ee2d2e973596187bb8ad4dc63b0165052688b1f7fc4a2a8ccb020a55db8ee7b9a45bb901b1c03d94727648a8ec10bfbc854175981345d56f4c783b0211d91f0775e508d8b379b56935777d255f59b63fadc24b43862671f5cbe0d00fcfff7138124c8293f91740a0e0732346eeee748a42f65ddb81da461fce3e76ea6ff452913b80eb5b1dba016f7d4d94f66337cc6bea7a066b8277637aef12c2eba11da10203010001
info|2026-02-07 10:54:52.868039|ioService-0x00007dcab33ff6c0|[Gateway][Factory][NEW]SSLContext pubHex: B85DD5FDFBC4AA99DCEF8477A2E1C08C304A63432923826F81B3D0D7D13E79A6EC265462B2F59E76106F8BAD7EFB849227798AAF7C20A2197E9A95A8FFBBC07F5CCB44D04E995013B9AFD04BB77FB7DBFA0F13BD2D404980EAE43FC147332E1542EE2D2E973596187BB8AD4DC63B0165052688B1F7FC4A2A8CCB020A55DB8EE7B9A45BB901B1C03D94727648A8EC10BFBC854175981345D56F4C783B0211D91F0775E508D8B379B56935777D255F59B63FADC24B43862671F5CBE0D00FCFFF7138124C8293F91740A0E0732346EEEE748A42F65DDB81DA461FCE3E76EA6FF452913B80EB5B1DBA016F7D4D94F66337CC6BEA7A066B8277637AEF12C2EBA11DA1
info|2026-02-07 10:54:52.868119|fisco-bcos-0x00007dcaf16b5a00|[DEFAULT][HTTP][SERVER][startListen],listenIP=0.0.0.0,listenPort=20203
info|2026-02-07 10:54:52.868224|fisco-bcos-0x00007dcaf16b5a00|[DEFAULT][HTTP][SERVER][startListen],ip=0.0.0.0,port=20203
info|2026-02-07 10:54:52.868282|fisco-bcos-0x00007dcaf16b5a00|[RPC][WS][SERVICE]connected nodes,count=0
info|2026-02-07 10:54:52.868298|fisco-bcos-0x00007dcaf16b5a00|[RPC][WS][SERVICE][start]start websocket service successfully,model=16,max msg size=33554432
info|2026-02-07 10:54:52.868327|fisco-bcos-0x00007dcaf16b5a00|[startThread]start the timer thread
info|2026-02-07 10:54:52.868444|ioService-0x00007dcab69ff6c0|[NETWORK][Host]P2P Recv Connect, From=127.0.0.1:46614
info|2026-02-07 10:54:52.868716|timerFactory-0x00007dca957ff6c0|[startThread]the timer thread start,threadName=timerFactory
info|2026-02-07 10:54:52.869037|ioService-0x00007dcab3ffe6c0|[Gateway][Factory][NEW]SSLContext pubHex: 3082010a0282010100a9ba081864ed1c68f5b81b4fa31a3cb4c81583e0e7c5eec4d7249ecd7d2c8f901393580ca25747abc4e01775b9ff41392cf15074a577cc078f4b07f3152faa0dfe540c63b8de93fbc3afe02564592e274c9c1a76bb0cc8c4692d9404f8e0b7b5440bd66d6e70c33a6d35aca5767a88332fd7853571427789bb25413b734abc293a58791b28aece40a8f74238c2f8b0d32bbbb5f020cfd72ad86d4fb6f1904605a5f43f0f58ed4c826346ad1b71ddac3a15040d6cd21f31f9044b82e690f91329d956b39005f4ab421029ebe499a3fe7179586deded25784665d8949c4db5defd0cbbaf2f27221f3d59e7314f4374086dceea8903a6aedc17d8ca5c7ec4b03fef0203010001
info|2026-02-07 10:54:52.869055|ioService-0x00007dcab3ffe6c0|[NETWORK][Host]Get ca basic failed
info|2026-02-07 10:54:52.869086|ioService-0x00007dcab3ffe6c0|[Gateway][Factory][NEW]SSLContext pubHex: 3082010a02820101009d9833c7e1dbf7d476b1fd7227e247b488323cbd272862d096a4010035236b7d36e2aede87e4f36adfd2e2e44f2945e9a4170901f5865f04cb779a1c1e1fc2f3e56fc6ea80a2665d5da60fce851ccd94bb60aced8e256a551ebb6edcf78febb8eb8bbb3c4fab73bacd5675925d72c787a8d8e179c70b24c484ae98ea7cc956a196c0c8266073d549963e44bfee479261b4c7a5497320d8a89de71743baf1516450118e57b4b07227de0429adf0d02305ad79d40958f48b3c7d6802814fc5c25be7c54c85463c993254d08401e1c7c1cc5586b265a1616617cc2ba7f29e928ff792e4ff33ada9b1bb7ee5a43130da18ba109a9e2186dfa6c2dc1d823e9066e1590203010001
info|2026-02-07 10:54:52.869092|ioService-0x00007dcab3ffe6c0|[Gateway][Factory][NEW]SSLContext pubHex: 9D9833C7E1DBF7D476B1FD7227E247B488323CBD272862D096A4010035236B7D36E2AEDE87E4F36ADFD2E2E44F2945E9A4170901F5865F04CB779A1C1E1FC2F3E56FC6EA80A2665D5DA60FCE851CCD94BB60ACED8E256A551EBB6EDCF78FEBB8EB8BBB3C4FAB73BACD5675925D72C787A8D8E179C70B24C484AE98EA7CC956A196C0C8266073D549963E44BFEE479261B4C7A5497320D8A89DE71743BAF1516450118E57B4B07227DE0429ADF0D02305AD79D40958F48B3C7D6802814FC5C25BE7C54C85463C993254D08401E1C7C1CC5586B265A1616617CC2BA7F29E928FF792E4FF33ADA9B1BB7EE5A43130DA18BA109A9E2186DFA6C2DC1D823E9066E159
info|2026-02-07 10:54:52.869365|ioService-0x00007dcab61fe6c0|[Gateway][Factory][NEW]SSLContext pubHex: 3082010a0282010100a9ba081864ed1c68f5b81b4fa31a3cb4c81583e0e7c5eec4d7249ecd7d2c8f901393580ca25747abc4e01775b9ff41392cf15074a577cc078f4b07f3152faa0dfe540c63b8de93fbc3afe02564592e274c9c1a76bb0cc8c4692d9404f8e0b7b5440bd66d6e70c33a6d35aca5767a88332fd7853571427789bb25413b734abc293a58791b28aece40a8f74238c2f8b0d32bbbb5f020cfd72ad86d4fb6f1904605a5f43f0f58ed4c826346ad1b71ddac3a15040d6cd21f31f9044b82e690f91329d956b39005f4ab421029ebe499a3fe7179586deded25784665d8949c4db5defd0cbbaf2f27221f3d59e7314f4374086dceea8903a6aedc17d8ca5c7ec4b03fef0203010001
info|2026-02-07 10:54:52.869380|ioService-0x00007dcab61fe6c0|[NETWORK][Host]Get ca basic failed
info|2026-02-07 10:54:52.869410|ioService-0x00007dcab61fe6c0|[Gateway][Factory][NEW]SSLContext pubHex: 3082010a0282010100b85dd5fdfbc4aa99dcef8477a2e1c08c304a63432923826f81b3d0d7d13e79a6ec265462b2f59e76106f8bad7efb849227798aaf7c20a2197e9a95a8ffbbc07f5ccb44d04e995013b9afd04bb77fb7dbfa0f13bd2d404980eae43fc147332e1542ee2d2e973596187bb8ad4dc63b0165052688b1f7fc4a2a8ccb020a55db8ee7b9a45bb901b1c03d94727648a8ec10bfbc854175981345d56f4c783b0211d91f0775e508d8b379b56935777d255f59b63fadc24b43862671f5cbe0d00fcfff7138124c8293f91740a0e0732346eeee748a42f65ddb81da461fce3e76ea6ff452913b80eb5b1dba016f7d4d94f66337cc6bea7a066b8277637aef12c2eba11da10203010001
info|2026-02-07 10:54:52.869417|ioService-0x00007dcab61fe6c0|[Gateway][Factory][NEW]SSLContext pubHex: B85DD5FDFBC4AA99DCEF8477A2E1C08C304A63432923826F81B3D0D7D13E79A6EC265462B2F59E76106F8BAD7EFB849227798AAF7C20A2197E9A95A8FFBBC07F5CCB44D04E995013B9AFD04BB77FB7DBFA0F13BD2D404980EAE43FC147332E1542EE2D2E973596187BB8AD4DC63B0165052688B1F7FC4A2A8CCB020A55DB8EE7B9A45BB901B1C03D94727648A8EC10BFBC854175981345D56F4C783B0211D91F0775E508D8B379B56935777D255F59B63FADC24B43862671F5CBE0D00FCFFF7138124C8293F91740A0E0732346EEEE748A42F65DDB81DA461FCE3E76EA6FF452913B80EB5B1DBA016F7D4D94F66337CC6BEA7A066B8277637AEF12C2EBA11DA1
info|2026-02-07 10:54:52.869641|ioService-0x00007dcab33ff6c0|[NETWORK][Host]obtainP2pInfo ,node_info=3082010a0282010100b85dd5fdfbc4aa99dcef8477a2e1c08c304a63432923826f81b3d0d7d13e79a6ec265462b2f59e76106f8bad7efb849227798aaf7c20a2197e9a95a8ffbbc07f5ccb44d04e995013b9afd04bb77fb7dbfa0f13bd2d404980eae43fc147332e1542ee2d2e973596187bb8ad4dc63b0165052688b1f7fc4a2a8ccb020a55db8ee7b9a45bb901b1c03d94727648a8ec10bfbc854175981345d56f4c783b0211d91f0775e508d8b379b56935777d255f59b63fadc24b43862671f5cbe0d00fcfff7138124c8293f91740a0e0732346eeee748a42f65ddb81da461fce3e76ea6ff452913b80eb5b1dba016f7d4d94f66337cc6bea7a066b8277637aef12c2eba11da10203010001#B85DD5FDFBC4AA99DCEF8477A2E1C08C304A63432923826F81B3D0D7D13E79A6EC265462B2F59E76106F8BAD7EFB849227798AAF7C20A2197E9A95A8FFBBC07F5CCB44D04E995013B9AFD04BB77FB7DBFA0F13BD2D404980EAE43FC147332E1542EE2D2E973596187BB8AD4DC63B0165052688B1F7FC4A2A8CCB020A55DB8EE7B9A45BB901B1C03D94727648A8EC10BFBC854175981345D56F4C783B0211D91F0775E508D8B379B56935777D255F59B63FADC24B43862671F5CBE0D00FCFFF7138124C8293F91740A0E0732346EEEE748A42F65DDB81DA461FCE3E76EA6FF452913B80EB5B1DBA016F7D4D94F66337CC6BEA7A066B8277637AEF12C2EBA11DA1#/CN=FISCO-BCOS-e9f43089/O=FISCO-BCOS-e9f43089/OU=chain#/CN=FISCO-BCOS-e9f43089/O=fisco-bcos/OU=agency,p2pid=3082010a0282010100b85dd5fdfbc4aa99dcef8477a2e1c08c304a63432923826f81b3d0d7d13e79a6ec265462b2f59e76106f8bad7efb849227798aaf7c20a2197e9a95a8ffbbc07f5ccb44d04e995013b9afd04bb77fb7dbfa0f13bd2d404980eae43fc147332e1542ee2d2e973596187bb8ad4dc63b0165052688b1f7fc4a2a8ccb020a55db8ee7b9a45bb901b1c03d94727648a8ec10bfbc854175981345d56f4c783b0211d91f0775e508d8b379b56935777d255f59b63fadc24b43862671f5cbe0d00fcfff7138124c8293f91740a0e0732346eeee748a42f65ddb81da461fce3e76ea6ff452913b80eb5b1dba016f7d4d94f66337cc6bea7a066b8277637aef12c2eba11da10203010001
info|2026-02-07 10:54:52.869647|ioService-0x00007dcab33ff6c0|[NETWORK][Host]handshakeClient succ,local endpoint=127.0.0.1:46584
info|2026-02-07 10:54:52.869903|ioService-0x00007dcab33ff6c0|[SESSION][Session][Session::Session] this=0x7dcaab488390,recvBufferSize=67108864
info|2026-02-07 10:54:52.869996|ioService-0x00007dcab61fe6c0|[NETWORK][Host]obtainP2pInfo ,node_info=3082010a0282010100b85dd5fdfbc4aa99dcef8477a2e1c08c304a63432923826f81b3d0d7d13e79a6ec265462b2f59e76106f8bad7efb849227798aaf7c20a2197e9a95a8ffbbc07f5ccb44d04e995013b9afd04bb77fb7dbfa0f13bd2d404980eae43fc147332e1542ee2d2e973596187bb8ad4dc63b0165052688b1f7fc4a2a8ccb020a55db8ee7b9a45bb901b1c03d94727648a8ec10bfbc854175981345d56f4c783b0211d91f0775e508d8b379b56935777d255f59b63fadc24b43862671f5cbe0d00fcfff7138124c8293f91740a0e0732346eeee748a42f65ddb81da461fce3e76ea6ff452913b80eb5b1dba016f7d4d94f66337cc6bea7a066b8277637aef12c2eba11da10203010001#B85DD5FDFBC4AA99DCEF8477A2E1C08C304A63432923826F81B3D0D7D13E79A6EC265462B2F59E76106F8BAD7EFB849227798AAF7C20A2197E9A95A8FFBBC07F5CCB44D04E995013B9AFD04BB77FB7DBFA0F13BD2D404980EAE43FC147332E1542EE2D2E973596187BB8AD4DC63B0165052688B1F7FC4A2A8CCB020A55DB8EE7B9A45BB901B1C03D94727648A8EC10BFBC854175981345D56F4C783B0211D91F0775E508D8B379B56935777D255F59B63FADC24B43862671F5CBE0D00FCFFF7138124C8293F91740A0E0732346EEEE748A42F65DDB81DA461FCE3E76EA6FF452913B80EB5B1DBA016F7D4D94F66337CC6BEA7A066B8277637AEF12C2EBA11DA1#/CN=FISCO-BCOS-e9f43089/O=FISCO-BCOS-e9f43089/OU=chain#/CN=FISCO-BCOS-e9f43089/O=fisco-bcos/OU=agency,p2pid=3082010a0282010100b85dd5fdfbc4aa99dcef8477a2e1c08c304a63432923826f81b3d0d7d13e79a6ec265462b2f59e76106f8bad7efb849227798aaf7c20a2197e9a95a8ffbbc07f5ccb44d04e995013b9afd04bb77fb7dbfa0f13bd2d404980eae43fc147332e1542ee2d2e973596187bb8ad4dc63b0165052688b1f7fc4a2a8ccb020a55db8ee7b9a45bb901b1c03d94727648a8ec10bfbc854175981345d56f4c783b0211d91f0775e508d8b379b56935777d255f59b63fadc24b43862671f5cbe0d00fcfff7138124c8293f91740a0e0732346eeee748a42f65ddb81da461fce3e76ea6ff452913b80eb5b1dba016f7d4d94f66337cc6bea7a066b8277637aef12c2eba11da10203010001
info|2026-02-07 10:54:52.870007|ioService-0x00007dcab61fe6c0|[NETWORK][Host]handshakeServer succ,remote endpoint=127.0.0.1:46584,nodeid=3082010a0282010100b85dd5fdfbc4aa99dcef8477a2e1c08c304a63432923826f81b3d0d7d13e79a6ec265462b2f59e76106f8bad7efb849227798aaf7c20a2197e9a95a8ffbbc07f5ccb44d04e995013b9afd04bb77fb7dbfa0f13bd2d404980eae43fc147332e1542ee2d2e973596187bb8ad4dc63b0165052688b1f7fc4a2a8ccb020a55db8ee7b9a45bb901b1c03d94727648a8ec10bfbc854175981345d56f4c783b0211d91f0775e508d8b379b56935777d255f59b63fadc24b43862671f5cbe0d00fcfff7138124c8293f91740a0e0732346eeee748a42f65ddb81da461fce3e76ea6ff452913b80eb5b1dba016f7d4d94f66337cc6bea7a066b8277637aef12c2eba11da10203010001
info|2026-02-07 10:54:52.870137|ioService-0x00007dcab33ff6c0|[SessionFactory]create new session,sessionRecvBufferSize=67108864,allowMaxMsgSize=33554432,maxReadDataSize=40960,maxSendDataSize=1048576,maxSendMsgCountS=10,enableCompress=true
info|2026-02-07 10:54:52.870835|ioService-0x00007dcab69ff6c0|[NETWORK][Host]P2P StartAccept,Host=0.0.0.0:30303
info|2026-02-07 10:54:52.870891|fisco-bcos-0x00007dcaf16b5a00|[DEFAULT][HTTP][SERVER][startListen],listenIP=0.0.0.0,listenPort=8545
info|2026-02-07 10:54:52.871032|fisco-bcos-0x00007dcaf16b5a00|[DEFAULT][HTTP][SERVER][startListen],ip=0.0.0.0,port=8545
info|2026-02-07 10:54:52.871059|fisco-bcos-0x00007dcaf16b5a00|[RPC][WS][SERVICE]connected nodes,count=0
info|2026-02-07 10:54:52.871062|fisco-bcos-0x00007dcaf16b5a00|[RPC][WS][SERVICE][start]start websocket service successfully,model=16,max msg size=33554432
info|2026-02-07 10:54:52.871065|fisco-bcos-0x00007dcaf16b5a00|[RPC]start rpc successfully
info|2026-02-07 10:54:52.871080|ioService-0x00007dcab4bff6c0|[Gateway][Factory][NEW]SSLContext pubHex: 3082010a0282010100a9ba081864ed1c68f5b81b4fa31a3cb4c81583e0e7c5eec4d7249ecd7d2c8f901393580ca25747abc4e01775b9ff41392cf15074a577cc078f4b07f3152faa0dfe540c63b8de93fbc3afe02564592e274c9c1a76bb0cc8c4692d9404f8e0b7b5440bd66d6e70c33a6d35aca5767a88332fd7853571427789bb25413b734abc293a58791b28aece40a8f74238c2f8b0d32bbbb5f020cfd72ad86d4fb6f1904605a5f43f0f58ed4c826346ad1b71ddac3a15040d6cd21f31f9044b82e690f91329d956b39005f4ab421029ebe499a3fe7179586deded25784665d8949c4db5defd0cbbaf2f27221f3d59e7314f4374086dceea8903a6aedc17d8ca5c7ec4b03fef0203010001
info|2026-02-07 10:54:52.871092|ioService-0x00007dcab4bff6c0|[NETWORK][Host]Get ca basic failed
info|2026-02-07 10:54:52.871129|ioService-0x00007dcab4bff6c0|[Gateway][Factory][NEW]SSLContext pubHex: 3082010a0282010100d938a7d0e5078fdc3bfe83bfe8c789160de4c9e207ff836ef8d64a0c846f5f628646fe9170bec49eec44aebb3f17334e76b1003dae65d6858a626d60a3ff3dbbff8cf15ca934ca0f7a09b9ae6c17c911bb2f6083cab81540e00a8d9b9393a3341b90dd134f4a2ec21f1d8c55c2df687896873a36661a862226614582077d41811bcb3e6632cbf1767f6189b76054e8186606ee5a2c73bffe1bd6c8fc415f481324f015045231d662173b6f7e814068dffd598ce9a6f4630744bb0aa80f9f74403f4c3da3ca856b40d043885cc1e7beac524853fafb01fb61c3023ab04047e29d50a5d4cd612fc9ae90e7832fde7d1dea0804dc16fff17500517be0bf5d28f4ab0203010001
info|2026-02-07 10:54:52.871133|ioService-0x00007dcab4bff6c0|[Gateway][Factory][NEW]SSLContext pubHex: D938A7D0E5078FDC3BFE83BFE8C789160DE4C9E207FF836EF8D64A0C846F5F628646FE9170BEC49EEC44AEBB3F17334E76B1003DAE65D6858A626D60A3FF3DBBFF8CF15CA934CA0F7A09B9AE6C17C911BB2F6083CAB81540E00A8D9B9393A3341B90DD134F4A2EC21F1D8C55C2DF687896873A36661A862226614582077D41811BCB3E6632CBF1767F6189B76054E8186606EE5A2C73BFFE1BD6C8FC415F481324F015045231D662173B6F7E814068DFFD598CE9A6F4630744BB0AA80F9F74403F4C3DA3CA856B40D043885CC1E7BEAC524853FAFB01FB61C3023AB04047E29D50A5D4CD612FC9AE90E7832FDE7D1DEA0804DC16FFF17500517BE0BF5D28F4AB
info|2026-02-07 10:54:52.872424|ioService-0x00007dcab33ff6c0|[NETWORK][Host]startPeerSession, Remote=127.0.0.1:30303,local endpoint=127.0.0.1:46584,p2pid=3082010a0282010100b85dd5fdfbc4aa99dcef8477a2e1c08c304a63432923826f81b3d0d7d13e79a6ec265462b2f59e76106f8bad7efb849227798aaf7c20a2197e9a95a8ffbbc07f5ccb44d04e995013b9afd04bb77fb7dbfa0f13bd2d404980eae43fc147332e1542ee2d2e973596187bb8ad4dc63b0165052688b1f7fc4a2a8ccb020a55db8ee7b9a45bb901b1c03d94727648a8ec10bfbc854175981345d56f4c783b0211d91f0775e508d8b379b56935777d255f59b63fadc24b43862671f5cbe0d00fcfff7138124c8293f91740a0e0732346eeee748a42f65ddb81da461fce3e76ea6ff452913b80eb5b1dba016f7d4d94f66337cc6bea7a066b8277637aef12c2eba11da10203010001
info|2026-02-07 10:54:52.872508|fisco-bcos-0x00007dcac85c26c0|[P2PService][Service]onConnect,p2pid=3082010a0282010100b85dd5fdfbc4aa99dcef8477a2e1c08c304a63432923826f81b3d0d7d13e79a6ec265462b2f59e76106f8bad7efb849227798aaf7c20a2197e9a95a8ffbbc07f5ccb44d04e995013b9afd04bb77fb7dbfa0f13bd2d404980eae43fc147332e1542ee2d2e973596187bb8ad4dc63b0165052688b1f7fc4a2a8ccb020a55db8ee7b9a45bb901b1c03d94727648a8ec10bfbc854175981345d56f4c783b0211d91f0775e508d8b379b56935777d255f59b63fadc24b43862671f5cbe0d00fcfff7138124c8293f91740a0e0732346eeee748a42f65ddb81da461fce3e76ea6ff452913b80eb5b1dba016f7d4d94f66337cc6bea7a066b8277637aef12c2eba11da10203010001,endpoint=127.0.0.1
info|2026-02-07 10:54:52.872528|fisco-bcos-0x00007dcac85c26c0|[P2PService][Service]updateStaticNodes,nodeid=3082010a0282010100b85dd5fdfbc4aa99dcef8477a2e1c08c304a63432923826f81b3d0d7d13e79a6ec265462b2f59e76106f8bad7efb849227798aaf7c20a2197e9a95a8ffbbc07f5ccb44d04e995013b9afd04bb77fb7dbfa0f13bd2d404980eae43fc147332e1542ee2d2e973596187bb8ad4dc63b0165052688b1f7fc4a2a8ccb020a55db8ee7b9a45bb901b1c03d94727648a8ec10bfbc854175981345d56f4c783b0211d91f0775e508d8b379b56935777d255f59b63fadc24b43862671f5cbe0d00fcfff7138124c8293f91740a0e0732346eeee748a42f65ddb81da461fce3e76ea6ff452913b80eb5b1dba016f7d4d94f66337cc6bea7a066b8277637aef12c2eba11da10203010001,endpoint=127.0.0.1:30303
info|2026-02-07 10:54:52.872536|fisco-bcos-0x00007dcac85c26c0|[SESSION][Session][Session::~Session] this=0x7dcaab488390
info|2026-02-07 10:54:52.872599|ioService-0x00007dcab2bfe6c0|[Gateway][Factory][NEW]SSLContext pubHex: 3082010a0282010100a9ba081864ed1c68f5b81b4fa31a3cb4c81583e0e7c5eec4d7249ecd7d2c8f901393580ca25747abc4e01775b9ff41392cf15074a577cc078f4b07f3152faa0dfe540c63b8de93fbc3afe02564592e274c9c1a76bb0cc8c4692d9404f8e0b7b5440bd66d6e70c33a6d35aca5767a88332fd7853571427789bb25413b734abc293a58791b28aece40a8f74238c2f8b0d32bbbb5f020cfd72ad86d4fb6f1904605a5f43f0f58ed4c826346ad1b71ddac3a15040d6cd21f31f9044b82e690f91329d956b39005f4ab421029ebe499a3fe7179586deded25784665d8949c4db5defd0cbbaf2f27221f3d59e7314f4374086dceea8903a6aedc17d8ca5c7ec4b03fef0203010001
info|2026-02-07 10:54:52.872611|ioService-0x00007dcab2bfe6c0|[NETWORK][Host]Get ca basic failed
info|2026-02-07 10:54:52.872692|ioService-0x00007dcab2bfe6c0|[Gateway][Factory][NEW]SSLContext pubHex: 3082010a02820101009d9833c7e1dbf7d476b1fd7227e247b488323cbd272862d096a4010035236b7d36e2aede87e4f36adfd2e2e44f2945e9a4170901f5865f04cb779a1c1e1fc2f3e56fc6ea80a2665d5da60fce851ccd94bb60aced8e256a551ebb6edcf78febb8eb8bbb3c4fab73bacd5675925d72c787a8d8e179c70b24c484ae98ea7cc956a196c0c8266073d549963e44bfee479261b4c7a5497320d8a89de71743baf1516450118e57b4b07227de0429adf0d02305ad79d40958f48b3c7d6802814fc5c25be7c54c85463c993254d08401e1c7c1cc5586b265a1616617cc2ba7f29e928ff792e4ff33ada9b1bb7ee5a43130da18ba109a9e2186dfa6c2dc1d823e9066e1590203010001
info|2026-02-07 10:54:52.872708|ioService-0x00007dcab2bfe6c0|[Gateway][Factory][NEW]SSLContext pubHex: 9D9833C7E1DBF7D476B1FD7227E247B488323CBD272862D096A4010035236B7D36E2AEDE87E4F36ADFD2E2E44F2945E9A4170901F5865F04CB779A1C1E1FC2F3E56FC6EA80A2665D5DA60FCE851CCD94BB60ACED8E256A551EBB6EDCF78FEBB8EB8BBB3C4FAB73BACD5675925D72C787A8D8E179C70B24C484AE98EA7CC956A196C0C8266073D549963E44BFEE479261B4C7A5497320D8A89DE71743BAF1516450118E57B4B07227DE0429ADF0D02305AD79D40958F48B3C7D6802814FC5C25BE7C54C85463C993254D08401E1C7C1CC5586B265A1616617CC2BA7F29E928FF792E4FF33ADA9B1BB7EE5A43130DA18BA109A9E2186DFA6C2DC1D823E9066E159
info|2026-02-07 10:54:52.872846|ioService-0x00007dcab3ffe6c0|[NETWORK][Host]obtainP2pInfo ,node_info=3082010a02820101009d9833c7e1dbf7d476b1fd7227e247b488323cbd272862d096a4010035236b7d36e2aede87e4f36adfd2e2e44f2945e9a4170901f5865f04cb779a1c1e1fc2f3e56fc6ea80a2665d5da60fce851ccd94bb60aced8e256a551ebb6edcf78febb8eb8bbb3c4fab73bacd5675925d72c787a8d8e179c70b24c484ae98ea7cc956a196c0c8266073d549963e44bfee479261b4c7a5497320d8a89de71743baf1516450118e57b4b07227de0429adf0d02305ad79d40958f48b3c7d6802814fc5c25be7c54c85463c993254d08401e1c7c1cc5586b265a1616617cc2ba7f29e928ff792e4ff33ada9b1bb7ee5a43130da18ba109a9e2186dfa6c2dc1d823e9066e1590203010001#9D9833C7E1DBF7D476B1FD7227E247B488323CBD272862D096A4010035236B7D36E2AEDE87E4F36ADFD2E2E44F2945E9A4170901F5865F04CB779A1C1E1FC2F3E56FC6EA80A2665D5DA60FCE851CCD94BB60ACED8E256A551EBB6EDCF78FEBB8EB8BBB3C4FAB73BACD5675925D72C787A8D8E179C70B24C484AE98EA7CC956A196C0C8266073D549963E44BFEE479261B4C7A5497320D8A89DE71743BAF1516450118E57B4B07227DE0429ADF0D02305AD79D40958F48B3C7D6802814FC5C25BE7C54C85463C993254D08401E1C7C1CC5586B265A1616617CC2BA7F29E928FF792E4FF33ADA9B1BB7EE5A43130DA18BA109A9E2186DFA6C2DC1D823E9066E159#/CN=FISCO-BCOS-e9f43089/O=FISCO-BCOS-e9f43089/OU=chain#/CN=FISCO-BCOS-e9f43089/O=fisco-bcos/OU=agency,p2pid=3082010a02820101009d9833c7e1dbf7d476b1fd7227e247b488323cbd272862d096a4010035236b7d36e2aede87e4f36adfd2e2e44f2945e9a4170901f5865f04cb779a1c1e1fc2f3e56fc6ea80a2665d5da60fce851ccd94bb60aced8e256a551ebb6edcf78febb8eb8bbb3c4fab73bacd5675925d72c787a8d8e179c70b24c484ae98ea7cc956a196c0c8266073d549963e44bfee479261b4c7a5497320d8a89de71743baf1516450118e57b4b07227de0429adf0d02305ad79d40958f48b3c7d6802814fc5c25be7c54c85463c993254d08401e1c7c1cc5586b265a1616617cc2ba7f29e928ff792e4ff33ada9b1bb7ee5a43130da18ba109a9e2186dfa6c2dc1d823e9066e1590203010001
info|2026-02-07 10:54:52.872870|ioService-0x00007dcab3ffe6c0|[NETWORK][Host]handshakeClient succ,local endpoint=127.0.0.1:36826
info|2026-02-07 10:54:52.872953|ioService-0x00007dcab2bfe6c0|[NETWORK][Host]obtainP2pInfo ,node_info=3082010a02820101009d9833c7e1dbf7d476b1fd7227e247b488323cbd272862d096a4010035236b7d36e2aede87e4f36adfd2e2e44f2945e9a4170901f5865f04cb779a1c1e1fc2f3e56fc6ea80a2665d5da60fce851ccd94bb60aced8e256a551ebb6edcf78febb8eb8bbb3c4fab73bacd5675925d72c787a8d8e179c70b24c484ae98ea7cc956a196c0c8266073d549963e44bfee479261b4c7a5497320d8a89de71743baf1516450118e57b4b07227de0429adf0d02305ad79d40958f48b3c7d6802814fc5c25be7c54c85463c993254d08401e1c7c1cc5586b265a1616617cc2ba7f29e928ff792e4ff33ada9b1bb7ee5a43130da18ba109a9e2186dfa6c2dc1d823e9066e1590203010001#9D9833C7E1DBF7D476B1FD7227E247B488323CBD272862D096A4010035236B7D36E2AEDE87E4F36ADFD2E2E44F2945E9A4170901F5865F04CB779A1C1E1FC2F3E56FC6EA80A2665D5DA60FCE851CCD94BB60ACED8E256A551EBB6EDCF78FEBB8EB8BBB3C4FAB73BACD5675925D72C787A8D8E179C70B24C484AE98EA7CC956A196C0C8266073D549963E44BFEE479261B4C7A5497320D8A89DE71743BAF1516450118E57B4B07227DE0429ADF0D02305AD79D40958F48B3C7D6802814FC5C25BE7C54C85463C993254D08401E1C7C1CC5586B265A1616617CC2BA7F29E928FF792E4FF33ADA9B1BB7EE5A43130DA18BA109A9E2186DFA6C2DC1D823E9066E159#/CN=FISCO-BCOS-e9f43089/O=FISCO-BCOS-e9f43089/OU=chain#/CN=FISCO-BCOS-e9f43089/O=fisco-bcos/OU=agency,p2pid=3082010a02820101009d9833c7e1dbf7d476b1fd7227e247b488323cbd272862d096a4010035236b7d36e2aede87e4f36adfd2e2e44f2945e9a4170901f5865f04cb779a1c1e1fc2f3e56fc6ea80a2665d5da60fce851ccd94bb60aced8e256a551ebb6edcf78febb8eb8bbb3c4fab73bacd5675925d72c787a8d8e179c70b24c484ae98ea7cc956a196c0c8266073d549963e44bfee479261b4c7a5497320d8a89de71743baf1516450118e57b4b07227de0429adf0d02305ad79d40958f48b3c7d6802814fc5c25be7c54c85463c993254d08401e1c7c1cc5586b265a1616617cc2ba7f29e928ff792e4ff33ada9b1bb7ee5a43130da18ba109a9e2186dfa6c2dc1d823e9066e1590203010001
info|2026-02-07 10:54:52.872966|ioService-0x00007dcab2bfe6c0|[NETWORK][Host]handshakeServer succ,remote endpoint=127.0.0.1:46600,nodeid=3082010a02820101009d9833c7e1dbf7d476b1fd7227e247b488323cbd272862d096a4010035236b7d36e2aede87e4f36adfd2e2e44f2945e9a4170901f5865f04cb779a1c1e1fc2f3e56fc6ea80a2665d5da60fce851ccd94bb60aced8e256a551ebb6edcf78febb8eb8bbb3c4fab73bacd5675925d72c787a8d8e179c70b24c484ae98ea7cc956a196c0c8266073d549963e44bfee479261b4c7a5497320d8a89de71743baf1516450118e57b4b07227de0429adf0d02305ad79d40958f48b3c7d6802814fc5c25be7c54c85463c993254d08401e1c7c1cc5586b265a1616617cc2ba7f29e928ff792e4ff33ada9b1bb7ee5a43130da18ba109a9e2186dfa6c2dc1d823e9066e1590203010001
info|2026-02-07 10:54:52.873242|ioService-0x00007dcab2bfe6c0|[SESSION][Session][Session::Session] this=0x7dcaaae5d1d0,recvBufferSize=67108864
info|2026-02-07 10:54:52.873303|ioService-0x00007dcab2bfe6c0|[SessionFactory]create new session,sessionRecvBufferSize=67108864,allowMaxMsgSize=33554432,maxReadDataSize=40960,maxSendDataSize=1048576,maxSendMsgCountS=10,enableCompress=true
info|2026-02-07 10:54:52.873333|ioService-0x00007dcab61fe6c0|[SESSION][Session][Session::Session] this=0x7dcaa5863010,recvBufferSize=67108864
info|2026-02-07 10:54:52.873378|ioService-0x00007dcab2bfe6c0|[NETWORK][Host]startPeerSession, Remote=127.0.0.1:46600,local endpoint=127.0.0.1:30303,p2pid=3082010a02820101009d9833c7e1dbf7d476b1fd7227e247b488323cbd272862d096a4010035236b7d36e2aede87e4f36adfd2e2e44f2945e9a4170901f5865f04cb779a1c1e1fc2f3e56fc6ea80a2665d5da60fce851ccd94bb60aced8e256a551ebb6edcf78febb8eb8bbb3c4fab73bacd5675925d72c787a8d8e179c70b24c484ae98ea7cc956a196c0c8266073d549963e44bfee479261b4c7a5497320d8a89de71743baf1516450118e57b4b07227de0429adf0d02305ad79d40958f48b3c7d6802814fc5c25be7c54c85463c993254d08401e1c7c1cc5586b265a1616617cc2ba7f29e928ff792e4ff33ada9b1bb7ee5a43130da18ba109a9e2186dfa6c2dc1d823e9066e1590203010001
info|2026-02-07 10:54:52.873439|fisco-bcos-0x00007dcac69fe6c0|[P2PService][Service]onConnect,p2pid=3082010a02820101009d9833c7e1dbf7d476b1fd7227e247b488323cbd272862d096a4010035236b7d36e2aede87e4f36adfd2e2e44f2945e9a4170901f5865f04cb779a1c1e1fc2f3e56fc6ea80a2665d5da60fce851ccd94bb60aced8e256a551ebb6edcf78febb8eb8bbb3c4fab73bacd5675925d72c787a8d8e179c70b24c484ae98ea7cc956a196c0c8266073d549963e44bfee479261b4c7a5497320d8a89de71743baf1516450118e57b4b07227de0429adf0d02305ad79d40958f48b3c7d6802814fc5c25be7c54c85463c993254d08401e1c7c1cc5586b265a1616617cc2ba7f29e928ff792e4ff33ada9b1bb7ee5a43130da18ba109a9e2186dfa6c2dc1d823e9066e1590203010001,endpoint=127.0.0.1
info|2026-02-07 10:54:52.873464|fisco-bcos-0x00007dcac69fe6c0|[P2PService][P2PSession][P2PSession::P2PSession] this=0x7dcac50131d0
info|2026-02-07 10:54:52.873458|ioService-0x00007dcab3ffe6c0|[SESSION][Session][Session::Session] this=0x7dcab16871d0,recvBufferSize=67108864
info|2026-02-07 10:54:52.873492|fisco-bcos-0x00007dcac69fe6c0|[SESSION][Session][start] start session ,this=0x7dcaaae5d1d0
info|2026-02-07 10:54:52.873545|fisco-bcos-0x00007dcac69fe6c0|[P2PService][Service]asyncSendProtocol,payload=5,seq=5
info|2026-02-07 10:54:52.873571|fisco-bcos-0x00007dcac69fe6c0|[P2PService][Router][updateDstNodeEntry]insert new entry into the routerTable,distance=1,dst=3082010a02820101009d9833c7e1dbf7d476b1fd7227e247b488323cbd272862d096a4010035236b7d36e2aede87e4f36adfd2e2e44f2945e9a4170901f5865f04cb779a1c1e1fc2f3e56fc6ea80a2665d5da60fce851ccd94bb60aced8e256a551ebb6edcf78febb8eb8bbb3c4fab73bacd5675925d72c787a8d8e179c70b24c484ae98ea7cc956a196c0c8266073d549963e44bfee479261b4c7a5497320d8a89de71743baf1516450118e57b4b07227de0429adf0d02305ad79d40958f48b3c7d6802814fc5c25be7c54c85463c993254d08401e1c7c1cc5586b265a1616617cc2ba7f29e928ff792e4ff33ada9b1bb7ee5a43130da18ba109a9e2186dfa6c2dc1d823e9066e1590203010001,nextHop=,size=1
info|2026-02-07 10:54:52.873608|fisco-bcos-0x00007dcac69fe6c0|[P2PService][Service2][onNewSession]update routerTable,dst=3082010a02820101009d9833c7e1dbf7d476b1fd7227e247b488323cbd272862d096a4010035236b7d36e2aede87e4f36adfd2e2e44f2945e9a4170901f5865f04cb779a1c1e1fc2f3e56fc6ea80a2665d5da60fce851ccd94bb60aced8e256a551ebb6edcf78febb8eb8bbb3c4fab73bacd5675925d72c787a8d8e179c70b24c484ae98ea7cc956a196c0c8266073d549963e44bfee479261b4c7a5497320d8a89de71743baf1516450118e57b4b07227de0429adf0d02305ad79d40958f48b3c7d6802814fc5c25be7c54c85463c993254d08401e1c7c1cc5586b265a1616617cc2ba7f29e928ff792e4ff33ada9b1bb7ee5a43130da18ba109a9e2186dfa6c2dc1d823e9066e1590203010001
info|2026-02-07 10:54:52.873632|ioService-0x00007dcab3ffe6c0|[SessionFactory]create new session,sessionRecvBufferSize=67108864,allowMaxMsgSize=33554432,maxReadDataSize=40960,maxSendDataSize=1048576,maxSendMsgCountS=10,enableCompress=true
info|2026-02-07 10:54:52.873693|ioService-0x00007dcab61fe6c0|[SessionFactory]create new session,sessionRecvBufferSize=67108864,allowMaxMsgSize=33554432,maxReadDataSize=40960,maxSendDataSize=1048576,maxSendMsgCountS=10,enableCompress=true
info|2026-02-07 10:54:52.873723|fisco-bcos-0x00007dcac69fe6c0|[P2PService][Service]Connection established,p2pid=3082010a02820101009d9833c7e1dbf7d476b1fd7227e247b488323cbd272862d096a4010035236b7d36e2aede87e4f36adfd2e2e44f2945e9a4170901f5865f04cb779a1c1e1fc2f3e56fc6ea80a2665d5da60fce851ccd94bb60aced8e256a551ebb6edcf78febb8eb8bbb3c4fab73bacd5675925d72c787a8d8e179c70b24c484ae98ea7cc956a196c0c8266073d549963e44bfee479261b4c7a5497320d8a89de71743baf1516450118e57b4b07227de0429adf0d02305ad79d40958f48b3c7d6802814fc5c25be7c54c85463c993254d08401e1c7c1cc5586b265a1616617cc2ba7f29e928ff792e4ff33ada9b1bb7ee5a43130da18ba109a9e2186dfa6c2dc1d823e9066e1590203010001,endpoint=127.0.0.1:46600
info|2026-02-07 10:54:52.873936|fisco-bcos-0x00007dcac3fff6c0|[P2PService][Service]onConnect,p2pid=3082010a02820101009d9833c7e1dbf7d476b1fd7227e247b488323cbd272862d096a4010035236b7d36e2aede87e4f36adfd2e2e44f2945e9a4170901f5865f04cb779a1c1e1fc2f3e56fc6ea80a2665d5da60fce851ccd94bb60aced8e256a551ebb6edcf78febb8eb8bbb3c4fab73bacd5675925d72c787a8d8e179c70b24c484ae98ea7cc956a196c0c8266073d549963e44bfee479261b4c7a5497320d8a89de71743baf1516450118e57b4b07227de0429adf0d02305ad79d40958f48b3c7d6802814fc5c25be7c54c85463c993254d08401e1c7c1cc5586b265a1616617cc2ba7f29e928ff792e4ff33ada9b1bb7ee5a43130da18ba109a9e2186dfa6c2dc1d823e9066e1590203010001,endpoint=127.0.0.1
info|2026-02-07 10:54:52.874009|fisco-bcos-0x00007dcac4bfd6c0|[P2PService][Service]onConnect,p2pid=3082010a0282010100b85dd5fdfbc4aa99dcef8477a2e1c08c304a63432923826f81b3d0d7d13e79a6ec265462b2f59e76106f8bad7efb849227798aaf7c20a2197e9a95a8ffbbc07f5ccb44d04e995013b9afd04bb77fb7dbfa0f13bd2d404980eae43fc147332e1542ee2d2e973596187bb8ad4dc63b0165052688b1f7fc4a2a8ccb020a55db8ee7b9a45bb901b1c03d94727648a8ec10bfbc854175981345d56f4c783b0211d91f0775e508d8b379b56935777d255f59b63fadc24b43862671f5cbe0d00fcfff7138124c8293f91740a0e0732346eeee748a42f65ddb81da461fce3e76ea6ff452913b80eb5b1dba016f7d4d94f66337cc6bea7a066b8277637aef12c2eba11da10203010001,endpoint=127.0.0.1
info|2026-02-07 10:54:52.874002|ioService-0x00007dcab3ffe6c0|[NETWORK][Host]startPeerSession, Remote=127.0.0.1:30302,local endpoint=127.0.0.1:36826,p2pid=3082010a02820101009d9833c7e1dbf7d476b1fd7227e247b488323cbd272862d096a4010035236b7d36e2aede87e4f36adfd2e2e44f2945e9a4170901f5865f04cb779a1c1e1fc2f3e56fc6ea80a2665d5da60fce851ccd94bb60aced8e256a551ebb6edcf78febb8eb8bbb3c4fab73bacd5675925d72c787a8d8e179c70b24c484ae98ea7cc956a196c0c8266073d549963e44bfee479261b4c7a5497320d8a89de71743baf1516450118e57b4b07227de0429adf0d02305ad79d40958f48b3c7d6802814fc5c25be7c54c85463c993254d08401e1c7c1cc5586b265a1616617cc2ba7f29e928ff792e4ff33ada9b1bb7ee5a43130da18ba109a9e2186dfa6c2dc1d823e9066e1590203010001
info|2026-02-07 10:54:52.874055|ioService-0x00007dcab4bff6c0|[NETWORK][Host]obtainP2pInfo ,node_info=3082010a0282010100d938a7d0e5078fdc3bfe83bfe8c789160de4c9e207ff836ef8d64a0c846f5f628646fe9170bec49eec44aebb3f17334e76b1003dae65d6858a626d60a3ff3dbbff8cf15ca934ca0f7a09b9ae6c17c911bb2f6083cab81540e00a8d9b9393a3341b90dd134f4a2ec21f1d8c55c2df687896873a36661a862226614582077d41811bcb3e6632cbf1767f6189b76054e8186606ee5a2c73bffe1bd6c8fc415f481324f015045231d662173b6f7e814068dffd598ce9a6f4630744bb0aa80f9f74403f4c3da3ca856b40d043885cc1e7beac524853fafb01fb61c3023ab04047e29d50a5d4cd612fc9ae90e7832fde7d1dea0804dc16fff17500517be0bf5d28f4ab0203010001#D938A7D0E5078FDC3BFE83BFE8C789160DE4C9E207FF836EF8D64A0C846F5F628646FE9170BEC49EEC44AEBB3F17334E76B1003DAE65D6858A626D60A3FF3DBBFF8CF15CA934CA0F7A09B9AE6C17C911BB2F6083CAB81540E00A8D9B9393A3341B90DD134F4A2EC21F1D8C55C2DF687896873A36661A862226614582077D41811BCB3E6632CBF1767F6189B76054E8186606EE5A2C73BFFE1BD6C8FC415F481324F015045231D662173B6F7E814068DFFD598CE9A6F4630744BB0AA80F9F74403F4C3DA3CA856B40D043885CC1E7BEAC524853FAFB01FB61C3023AB04047E29D50A5D4CD612FC9AE90E7832FDE7D1DEA0804DC16FFF17500517BE0BF5D28F4AB#/CN=FISCO-BCOS-e9f43089/O=FISCO-BCOS-e9f43089/OU=chain#/CN=FISCO-BCOS-e9f43089/O=fisco-bcos/OU=agency,p2pid=3082010a0282010100d938a7d0e5078fdc3bfe83bfe8c789160de4c9e207ff836ef8d64a0c846f5f628646fe9170bec49eec44aebb3f17334e76b1003dae65d6858a626d60a3ff3dbbff8cf15ca934ca0f7a09b9ae6c17c911bb2f6083cab81540e00a8d9b9393a3341b90dd134f4a2ec21f1d8c55c2df687896873a36661a862226614582077d41811bcb3e6632cbf1767f6189b76054e8186606ee5a2c73bffe1bd6c8fc415f481324f015045231d662173b6f7e814068dffd598ce9a6f4630744bb0aa80f9f74403f4c3da3ca856b40d043885cc1e7beac524853fafb01fb61c3023ab04047e29d50a5d4cd612fc9ae90e7832fde7d1dea0804dc16fff17500517be0bf5d28f4ab0203010001
info|2026-02-07 10:54:52.874066|ioService-0x00007dcab4bff6c0|[NETWORK][Host]handshakeClient succ,local endpoint=127.0.0.1:47636
info|2026-02-07 10:54:52.874208|ioService-0x00007dcab2bfe6c0|[SESSION][Session]doRead error,endpoint=127.0.0.1:46600,message=stream truncated
info|2026-02-07 10:54:52.874235|ioService-0x00007dcab2bfe6c0|[SESSION][Session]drop, call and erase all callback in this session!,this=0x7dcaaae5d1d0,endpoint=127.0.0.1:46600
info|2026-02-07 10:54:52.874255|ioService-0x00007dcab2bfe6c0|[SESSION][Session][drop] closing remote 0.0.0.0:0,reason=Low-level TCP communication error.,endpoint=127.0.0.1:46600
info|2026-02-07 10:54:52.874313|ioService-0x00007dcab2bfe6c0|[SESSION][Session][drop] shutdown failed ,failedValue=9,message=Bad file descriptor
info|2026-02-07 10:54:52.874328|ioService-0x00007dcab4bff6c0|[SESSION][Session][Session::Session] this=0x7dcaa94881d0,recvBufferSize=67108864
warning|2026-02-07 10:54:52.874332|fisco-bcos-0x00007dcac85c26c0|[P2PService][Service2][onMessage],code=3,msg=Disconnect
info|2026-02-07 10:54:52.874342|fisco-bcos-0x00007dcac85c26c0|[P2PService][Service]disconnect error P2PSession,p2pid=3082010a02820101009d9833c7e1dbf7d476b1fd7227e247b488323cbd272862d096a4010035236b7d36e2aede87e4f36adfd2e2e44f2945e9a4170901f5865f04cb779a1c1e1fc2f3e56fc6ea80a2665d5da60fce851ccd94bb60aced8e256a551ebb6edcf78febb8eb8bbb3c4fab73bacd5675925d72c787a8d8e179c70b24c484ae98ea7cc956a196c0c8266073d549963e44bfee479261b4c7a5497320d8a89de71743baf1516450118e57b4b07227de0429adf0d02305ad79d40958f48b3c7d6802814fc5c25be7c54c85463c993254d08401e1c7c1cc5586b265a1616617cc2ba7f29e928ff792e4ff33ada9b1bb7ee5a43130da18ba109a9e2186dfa6c2dc1d823e9066e1590203010001,endpoint=127.0.0.1:46600,code=3,message=Disconnect
info|2026-02-07 10:54:52.874358|fisco-bcos-0x00007dcac85c26c0|[Gateway][GatewayNodeManager]onRemoveNodeIDs,p2pid=3082010a02820101009d9833c7e1dbf7d476b1fd7227e247b488323cbd272862d096a4010035236b7d36e2aede87e4f36adfd2e2e44f2945e9a4170901f5865f04cb779a1c1e1fc2f3e56fc6ea80a2665d5da60fce851ccd94bb60aced8e256a551ebb6edcf78febb8eb8bbb3c4fab73bacd5675925d72c787a8d8e179c70b24c484ae98ea7cc956a196c0c8266073d549963e44bfee479261b4c7a5497320d8a89de71743baf1516450118e57b4b07227de0429adf0d02305ad79d40958f48b3c7d6802814fc5c25be7c54c85463c993254d08401e1c7c1cc5586b265a1616617cc2ba7f29e928ff792e4ff33ada9b1bb7ee5a43130da18ba109a9e2186dfa6c2dc1d823e9066e1590203010001
info|2026-02-07 10:54:52.874367|fisco-bcos-0x00007dcac85c26c0|[Gateway][Router]PeersRouterTable: removeP2PID,p2pID=3082010a02820101009d9833c7e1dbf7d476b1fd7227e247b488323cbd272862d096a4010035236b7d36e2aede87e4f36adfd2e2e44f2945e9a4170901f5865f04cb779a1c1e1fc2f3e56fc6ea80a2665d5da60fce851ccd94bb60aced8e256a551ebb6edcf78febb8eb8bbb3c4fab73bacd5675925d72c787a8d8e179c70b24c484ae98ea7cc956a196c0c8266073d549963e44bfee479261b4c7a5497320d8a89de71743baf1516450118e57b4b07227de0429adf0d02305ad79d40958f48b3c7d6802814fc5c25be7c54c85463c993254d08401e1c7c1cc5586b265a1616617cc2ba7f29e928ff792e4ff33ada9b1bb7ee5a43130da18ba109a9e2186dfa6c2dc1d823e9066e1590203010001
info|2026-02-07 10:54:52.874378|fisco-bcos-0x00007dcac85c26c0|[Gateway][GatewayNodeManager]syncLatestNodeIDList,groupID=group0,nodeCount=1
info|2026-02-07 10:54:52.874385|fisco-bcos-0x00007dcac85c26c0|[FrontService]protocolNegotiate success,nodeID=5b07d12d1512a66493c8fd3456d8c505e6ce05f20061613a4c48a1fa3755bbf9cc2d2f1878c4a6733389f03deb0a3fc0c672e2f4910fde9802d6675929cb3dc5,groupID=group0,minVersion=0,maxVersion=2,supportedMinVersion=0,supportedMaxVersion=2,version=2
info|2026-02-07 10:54:52.874399|fisco-bcos-0x00007dcac85c26c0|[FrontService]onReceiveGroupNodeInfo,groupID=group0,nodeIDs.size()=1
info|2026-02-07 10:54:52.874416|ioService-0x00007dcab4bff6c0|[SessionFactory]create new session,sessionRecvBufferSize=67108864,allowMaxMsgSize=33554432,maxReadDataSize=40960,maxSendDataSize=1048576,maxSendMsgCountS=10,enableCompress=true
info|2026-02-07 10:54:52.874439|fisco-bcos-0x00007dcac69fe6c0|SyncConfig: setConnectedNodeList,size=1
info|2026-02-07 10:54:52.874455|ioService-0x00007dcab69ff6c0|[NETWORK][Host]P2P Recv Connect, From=127.0.0.1:46618
info|2026-02-07 10:54:52.874473|fisco-bcos-0x00007dcac69fe6c0|SyncConfig: setConnectedNodeList,size=1
info|2026-02-07 10:54:52.874477|fisco-bcos-0x00007dcac69fe6c0|[FRONTSERVICE]notifyGroupNodeInfo,connectedNodeSize=1
info|2026-02-07 10:54:52.874500|ioService-0x00007dcab69ff6c0|[NETWORK][Host]P2P StartAccept,Host=0.0.0.0:30303
info|2026-02-07 10:54:52.874780|fisco-bcos-0x00007dcac3fff6c0|[P2PService][Service]Disconnect duplicate peer,p2pid=3082010a02820101009d9833c7e1dbf7d476b1fd7227e247b488323cbd272862d096a4010035236b7d36e2aede87e4f36adfd2e2e44f2945e9a4170901f5865f04cb779a1c1e1fc2f3e56fc6ea80a2665d5da60fce851ccd94bb60aced8e256a551ebb6edcf78febb8eb8bbb3c4fab73bacd5675925d72c787a8d8e179c70b24c484ae98ea7cc956a196c0c8266073d549963e44bfee479261b4c7a5497320d8a89de71743baf1516450118e57b4b07227de0429adf0d02305ad79d40958f48b3c7d6802814fc5c25be7c54c85463c993254d08401e1c7c1cc5586b265a1616617cc2ba7f29e928ff792e4ff33ada9b1bb7ee5a43130da18ba109a9e2186dfa6c2dc1d823e9066e1590203010001
info|2026-02-07 10:54:52.874786|fisco-bcos-0x00007dcac3fff6c0|[P2PService][Service]updateStaticNodes,nodeid=3082010a02820101009d9833c7e1dbf7d476b1fd7227e247b488323cbd272862d096a4010035236b7d36e2aede87e4f36adfd2e2e44f2945e9a4170901f5865f04cb779a1c1e1fc2f3e56fc6ea80a2665d5da60fce851ccd94bb60aced8e256a551ebb6edcf78febb8eb8bbb3c4fab73bacd5675925d72c787a8d8e179c70b24c484ae98ea7cc956a196c0c8266073d549963e44bfee479261b4c7a5497320d8a89de71743baf1516450118e57b4b07227de0429adf0d02305ad79d40958f48b3c7d6802814fc5c25be7c54c85463c993254d08401e1c7c1cc5586b265a1616617cc2ba7f29e928ff792e4ff33ada9b1bb7ee5a43130da18ba109a9e2186dfa6c2dc1d823e9066e1590203010001,endpoint=127.0.0.1:30302
info|2026-02-07 10:54:52.874963|fisco-bcos-0x00007dcac4bfd6c0|[SESSION][Session][Session::~Session] this=0x7dcaa5863010
info|2026-02-07 10:54:52.875119|fisco-bcos-0x00007dcac85c26c0|[P2PService][Router][erase]make the router unreachable,dst=3082010a02820101009d9833c7e1dbf7d476b1fd7227e247b488323cbd272862d096a4010035236b7d36e2aede87e4f36adfd2e2e44f2945e9a4170901f5865f04cb779a1c1e1fc2f3e56fc6ea80a2665d5da60fce851ccd94bb60aced8e256a551ebb6edcf78febb8eb8bbb3c4fab73bacd5675925d72c787a8d8e179c70b24c484ae98ea7cc956a196c0c8266073d549963e44bfee479261b4c7a5497320d8a89de71743baf1516450118e57b4b07227de0429adf0d02305ad79d40958f48b3c7d6802814fc5c25be7c54c85463c993254d08401e1c7c1cc5586b265a1616617cc2ba7f29e928ff792e4ff33ada9b1bb7ee5a43130da18ba109a9e2186dfa6c2dc1d823e9066e1590203010001,distance=10,size=1
info|2026-02-07 10:54:52.875131|fisco-bcos-0x00007dcac85c26c0|[Gateway][GatewayNodeManager]onRemoveNodeIDs,p2pid=3082010a02820101009d9833c7e1dbf7d476b1fd7227e247b488323cbd272862d096a4010035236b7d36e2aede87e4f36adfd2e2e44f2945e9a4170901f5865f04cb779a1c1e1fc2f3e56fc6ea80a2665d5da60fce851ccd94bb60aced8e256a551ebb6edcf78febb8eb8bbb3c4fab73bacd5675925d72c787a8d8e179c70b24c484ae98ea7cc956a196c0c8266073d549963e44bfee479261b4c7a5497320d8a89de71743baf1516450118e57b4b07227de0429adf0d02305ad79d40958f48b3c7d6802814fc5c25be7c54c85463c993254d08401e1c7c1cc5586b265a1616617cc2ba7f29e928ff792e4ff33ada9b1bb7ee5a43130da18ba109a9e2186dfa6c2dc1d823e9066e1590203010001
info|2026-02-07 10:54:52.875134|fisco-bcos-0x00007dcac85c26c0|[Gateway][Router]PeersRouterTable: removeP2PID,p2pID=3082010a02820101009d9833c7e1dbf7d476b1fd7227e247b488323cbd272862d096a4010035236b7d36e2aede87e4f36adfd2e2e44f2945e9a4170901f5865f04cb779a1c1e1fc2f3e56fc6ea80a2665d5da60fce851ccd94bb60aced8e256a551ebb6edcf78febb8eb8bbb3c4fab73bacd5675925d72c787a8d8e179c70b24c484ae98ea7cc956a196c0c8266073d549963e44bfee479261b4c7a5497320d8a89de71743baf1516450118e57b4b07227de0429adf0d02305ad79d40958f48b3c7d6802814fc5c25be7c54c85463c993254d08401e1c7c1cc5586b265a1616617cc2ba7f29e928ff792e4ff33ada9b1bb7ee5a43130da18ba109a9e2186dfa6c2dc1d823e9066e1590203010001
info|2026-02-07 10:54:52.875139|fisco-bcos-0x00007dcac85c26c0|[Gateway][GatewayNodeManager]syncLatestNodeIDList,groupID=group0,nodeCount=1
info|2026-02-07 10:54:52.875142|fisco-bcos-0x00007dcac85c26c0|[FrontService]protocolNegotiate success,nodeID=5b07d12d1512a66493c8fd3456d8c505e6ce05f20061613a4c48a1fa3755bbf9cc2d2f1878c4a6733389f03deb0a3fc0c672e2f4910fde9802d6675929cb3dc5,groupID=group0,minVersion=0,maxVersion=2,supportedMinVersion=0,supportedMaxVersion=2,version=2
info|2026-02-07 10:54:52.875145|fisco-bcos-0x00007dcac85c26c0|[FrontService]onReceiveGroupNodeInfo,groupID=group0,nodeIDs.size()=1
info|2026-02-07 10:54:52.875196|fisco-bcos-0x00007dcac7dc06c0|SyncConfig: setConnectedNodeList,size=1
info|2026-02-07 10:54:52.875228|fisco-bcos-0x00007dcac3fff6c0|[SESSION][Session][Session::~Session] this=0x7dcab16871d0
info|2026-02-07 10:54:52.875254|fisco-bcos-0x00007dcac85c26c0|[P2PService][Service2][onEraseSession],dst=3082010a02820101009d9833c7e1dbf7d476b1fd7227e247b488323cbd272862d096a4010035236b7d36e2aede87e4f36adfd2e2e44f2945e9a4170901f5865f04cb779a1c1e1fc2f3e56fc6ea80a2665d5da60fce851ccd94bb60aced8e256a551ebb6edcf78febb8eb8bbb3c4fab73bacd5675925d72c787a8d8e179c70b24c484ae98ea7cc956a196c0c8266073d549963e44bfee479261b4c7a5497320d8a89de71743baf1516450118e57b4b07227de0429adf0d02305ad79d40958f48b3c7d6802814fc5c25be7c54c85463c993254d08401e1c7c1cc5586b265a1616617cc2ba7f29e928ff792e4ff33ada9b1bb7ee5a43130da18ba109a9e2186dfa6c2dc1d823e9066e1590203010001
info|2026-02-07 10:54:52.875265|fisco-bcos-0x00007dcac85c26c0|[P2PService][Service]onDisconnect,code=3,what=Dynamic exception type: bcos::gateway::NetworkException
std::exception::what: Disconnect
info|2026-02-07 10:54:52.875320|fisco-bcos-0x00007dcac85c26c0|[P2PService][P2PSession][P2PSession::~P2PSession] this=0x7dcac50131d0
info|2026-02-07 10:54:52.875332|fisco-bcos-0x00007dcac85c26c0|[SESSION][Session][Session::~Session] this=0x7dcaaae5d1d0
info|2026-02-07 10:54:52.875111|ioService-0x00007dcab1fff6c0|[Gateway][Factory][NEW]SSLContext pubHex: 3082010a0282010100a9ba081864ed1c68f5b81b4fa31a3cb4c81583e0e7c5eec4d7249ecd7d2c8f901393580ca25747abc4e01775b9ff41392cf15074a577cc078f4b07f3152faa0dfe540c63b8de93fbc3afe02564592e274c9c1a76bb0cc8c4692d9404f8e0b7b5440bd66d6e70c33a6d35aca5767a88332fd7853571427789bb25413b734abc293a58791b28aece40a8f74238c2f8b0d32bbbb5f020cfd72ad86d4fb6f1904605a5f43f0f58ed4c826346ad1b71ddac3a15040d6cd21f31f9044b82e690f91329d956b39005f4ab421029ebe499a3fe7179586deded25784665d8949c4db5defd0cbbaf2f27221f3d59e7314f4374086dceea8903a6aedc17d8ca5c7ec4b03fef0203010001
info|2026-02-07 10:54:52.875371|ioService-0x00007dcab1fff6c0|[NETWORK][Host]Get ca basic failed
info|2026-02-07 10:54:52.875414|ioService-0x00007dcab1fff6c0|[Gateway][Factory][NEW]SSLContext pubHex: 3082010a0282010100d938a7d0e5078fdc3bfe83bfe8c789160de4c9e207ff836ef8d64a0c846f5f628646fe9170bec49eec44aebb3f17334e76b1003dae65d6858a626d60a3ff3dbbff8cf15ca934ca0f7a09b9ae6c17c911bb2f6083cab81540e00a8d9b9393a3341b90dd134f4a2ec21f1d8c55c2df687896873a36661a862226614582077d41811bcb3e6632cbf1767f6189b76054e8186606ee5a2c73bffe1bd6c8fc415f481324f015045231d662173b6f7e814068dffd598ce9a6f4630744bb0aa80f9f74403f4c3da3ca856b40d043885cc1e7beac524853fafb01fb61c3023ab04047e29d50a5d4cd612fc9ae90e7832fde7d1dea0804dc16fff17500517be0bf5d28f4ab0203010001
info|2026-02-07 10:54:52.875446|fisco-bcos-0x00007dcac7dc06c0|SyncConfig: setConnectedNodeList,size=1
info|2026-02-07 10:54:52.875547|fisco-bcos-0x00007dcac7dc06c0|[FRONTSERVICE]notifyGroupNodeInfo,connectedNodeSize=1
info|2026-02-07 10:54:52.875752|ioService-0x00007dcab1fff6c0|[Gateway][Factory][NEW]SSLContext pubHex: D938A7D0E5078FDC3BFE83BFE8C789160DE4C9E207FF836EF8D64A0C846F5F628646FE9170BEC49EEC44AEBB3F17334E76B1003DAE65D6858A626D60A3FF3DBBFF8CF15CA934CA0F7A09B9AE6C17C911BB2F6083CAB81540E00A8D9B9393A3341B90DD134F4A2EC21F1D8C55C2DF687896873A36661A862226614582077D41811BCB3E6632CBF1767F6189B76054E8186606EE5A2C73BFFE1BD6C8FC415F481324F015045231D662173B6F7E814068DFFD598CE9A6F4630744BB0AA80F9F74403F4C3DA3CA856B40D043885CC1E7BEAC524853FAFB01FB61C3023AB04047E29D50A5D4CD612FC9AE90E7832FDE7D1DEA0804DC16FFF17500517BE0BF5D28F4AB
info|2026-02-07 10:54:52.876088|ioService-0x00007dcab1fff6c0|[NETWORK][Host]obtainP2pInfo ,node_info=3082010a0282010100d938a7d0e5078fdc3bfe83bfe8c789160de4c9e207ff836ef8d64a0c846f5f628646fe9170bec49eec44aebb3f17334e76b1003dae65d6858a626d60a3ff3dbbff8cf15ca934ca0f7a09b9ae6c17c911bb2f6083cab81540e00a8d9b9393a3341b90dd134f4a2ec21f1d8c55c2df687896873a36661a862226614582077d41811bcb3e6632cbf1767f6189b76054e8186606ee5a2c73bffe1bd6c8fc415f481324f015045231d662173b6f7e814068dffd598ce9a6f4630744bb0aa80f9f74403f4c3da3ca856b40d043885cc1e7beac524853fafb01fb61c3023ab04047e29d50a5d4cd612fc9ae90e7832fde7d1dea0804dc16fff17500517be0bf5d28f4ab0203010001#D938A7D0E5078FDC3BFE83BFE8C789160DE4C9E207FF836EF8D64A0C846F5F628646FE9170BEC49EEC44AEBB3F17334E76B1003DAE65D6858A626D60A3FF3DBBFF8CF15CA934CA0F7A09B9AE6C17C911BB2F6083CAB81540E00A8D9B9393A3341B90DD134F4A2EC21F1D8C55C2DF687896873A36661A862226614582077D41811BCB3E6632CBF1767F6189B76054E8186606EE5A2C73BFFE1BD6C8FC415F481324F015045231D662173B6F7E814068DFFD598CE9A6F4630744BB0AA80F9F74403F4C3DA3CA856B40D043885CC1E7BEAC524853FAFB01FB61C3023AB04047E29D50A5D4CD612FC9AE90E7832FDE7D1DEA0804DC16FFF17500517BE0BF5D28F4AB#/CN=FISCO-BCOS-e9f43089/O=FISCO-BCOS-e9f43089/OU=chain#/CN=FISCO-BCOS-e9f43089/O=fisco-bcos/OU=agency,p2pid=3082010a0282010100d938a7d0e5078fdc3bfe83bfe8c789160de4c9e207ff836ef8d64a0c846f5f628646fe9170bec49eec44aebb3f17334e76b1003dae65d6858a626d60a3ff3dbbff8cf15ca934ca0f7a09b9ae6c17c911bb2f6083cab81540e00a8d9b9393a3341b90dd134f4a2ec21f1d8c55c2df687896873a36661a862226614582077d41811bcb3e6632cbf1767f6189b76054e8186606ee5a2c73bffe1bd6c8fc415f481324f015045231d662173b6f7e814068dffd598ce9a6f4630744bb0aa80f9f74403f4c3da3ca856b40d043885cc1e7beac524853fafb01fb61c3023ab04047e29d50a5d4cd612fc9ae90e7832fde7d1dea0804dc16fff17500517be0bf5d28f4ab0203010001
info|2026-02-07 10:54:52.876124|ioService-0x00007dcab1fff6c0|[NETWORK][Host]handshakeServer succ,remote endpoint=127.0.0.1:46614,nodeid=3082010a0282010100d938a7d0e5078fdc3bfe83bfe8c789160de4c9e207ff836ef8d64a0c846f5f628646fe9170bec49eec44aebb3f17334e76b1003dae65d6858a626d60a3ff3dbbff8cf15ca934ca0f7a09b9ae6c17c911bb2f6083cab81540e00a8d9b9393a3341b90dd134f4a2ec21f1d8c55c2df687896873a36661a862226614582077d41811bcb3e6632cbf1767f6189b76054e8186606ee5a2c73bffe1bd6c8fc415f481324f015045231d662173b6f7e814068dffd598ce9a6f4630744bb0aa80f9f74403f4c3da3ca856b40d043885cc1e7beac524853fafb01fb61c3023ab04047e29d50a5d4cd612fc9ae90e7832fde7d1dea0804dc16fff17500517be0bf5d28f4ab0203010001
info|2026-02-07 10:54:52.876360|ioService-0x00007dcab4bff6c0|[NETWORK][Host]startPeerSession, Remote=127.0.0.1:30301,local endpoint=127.0.0.1:47636,p2pid=3082010a0282010100d938a7d0e5078fdc3bfe83bfe8c789160de4c9e207ff836ef8d64a0c846f5f628646fe9170bec49eec44aebb3f17334e76b1003dae65d6858a626d60a3ff3dbbff8cf15ca934ca0f7a09b9ae6c17c911bb2f6083cab81540e00a8d9b9393a3341b90dd134f4a2ec21f1d8c55c2df687896873a36661a862226614582077d41811bcb3e6632cbf1767f6189b76054e8186606ee5a2c73bffe1bd6c8fc415f481324f015045231d662173b6f7e814068dffd598ce9a6f4630744bb0aa80f9f74403f4c3da3ca856b40d043885cc1e7beac524853fafb01fb61c3023ab04047e29d50a5d4cd612fc9ae90e7832fde7d1dea0804dc16fff17500517be0bf5d28f4ab0203010001
info|2026-02-07 10:54:52.876471|ioService-0x00007dcab61fe6c0|[NETWORK][Host]startPeerSession, Remote=0.0.0.0:0,local endpoint=0.0.0.0:0,p2pid=3082010a0282010100b85dd5fdfbc4aa99dcef8477a2e1c08c304a63432923826f81b3d0d7d13e79a6ec265462b2f59e76106f8bad7efb849227798aaf7c20a2197e9a95a8ffbbc07f5ccb44d04e995013b9afd04bb77fb7dbfa0f13bd2d404980eae43fc147332e1542ee2d2e973596187bb8ad4dc63b0165052688b1f7fc4a2a8ccb020a55db8ee7b9a45bb901b1c03d94727648a8ec10bfbc854175981345d56f4c783b0211d91f0775e508d8b379b56935777d255f59b63fadc24b43862671f5cbe0d00fcfff7138124c8293f91740a0e0732346eeee748a42f65ddb81da461fce3e76ea6ff452913b80eb5b1dba016f7d4d94f66337cc6bea7a066b8277637aef12c2eba11da10203010001
info|2026-02-07 10:54:52.876427|fisco-bcos-0x00007dca83dee6c0|[P2PService][Service]onConnect,p2pid=3082010a0282010100d938a7d0e5078fdc3bfe83bfe8c789160de4c9e207ff836ef8d64a0c846f5f628646fe9170bec49eec44aebb3f17334e76b1003dae65d6858a626d60a3ff3dbbff8cf15ca934ca0f7a09b9ae6c17c911bb2f6083cab81540e00a8d9b9393a3341b90dd134f4a2ec21f1d8c55c2df687896873a36661a862226614582077d41811bcb3e6632cbf1767f6189b76054e8186606ee5a2c73bffe1bd6c8fc415f481324f015045231d662173b6f7e814068dffd598ce9a6f4630744bb0aa80f9f74403f4c3da3ca856b40d043885cc1e7beac524853fafb01fb61c3023ab04047e29d50a5d4cd612fc9ae90e7832fde7d1dea0804dc16fff17500517be0bf5d28f4ab0203010001,endpoint=127.0.0.1
info|2026-02-07 10:54:52.876490|fisco-bcos-0x00007dca83dee6c0|[P2PService][P2PSession][P2PSession::P2PSession] this=0x7dcac26161d0
info|2026-02-07 10:54:52.876545|fisco-bcos-0x00007dca83dee6c0|[SESSION][Session][start] start session ,this=0x7dcaa94881d0
info|2026-02-07 10:54:52.876593|fisco-bcos-0x00007dca83dee6c0|[P2PService][Service]asyncSendProtocol,payload=5,seq=9
info|2026-02-07 10:54:52.876606|fisco-bcos-0x00007dca83dee6c0|[P2PService][Service]updateStaticNodes,nodeid=3082010a0282010100d938a7d0e5078fdc3bfe83bfe8c789160de4c9e207ff836ef8d64a0c846f5f628646fe9170bec49eec44aebb3f17334e76b1003dae65d6858a626d60a3ff3dbbff8cf15ca934ca0f7a09b9ae6c17c911bb2f6083cab81540e00a8d9b9393a3341b90dd134f4a2ec21f1d8c55c2df687896873a36661a862226614582077d41811bcb3e6632cbf1767f6189b76054e8186606ee5a2c73bffe1bd6c8fc415f481324f015045231d662173b6f7e814068dffd598ce9a6f4630744bb0aa80f9f74403f4c3da3ca856b40d043885cc1e7beac524853fafb01fb61c3023ab04047e29d50a5d4cd612fc9ae90e7832fde7d1dea0804dc16fff17500517be0bf5d28f4ab0203010001,endpoint=127.0.0.1:30301
info|2026-02-07 10:54:52.876623|ioService-0x00007dcab1fff6c0|[SESSION][Session][Session::Session] this=0x7dcaa2e5d1d0,recvBufferSize=67108864
info|2026-02-07 10:54:52.876633|fisco-bcos-0x00007dca83dee6c0|[P2PService][Router][updateDstNodeEntry]insert new entry into the routerTable,distance=1,dst=3082010a0282010100d938a7d0e5078fdc3bfe83bfe8c789160de4c9e207ff836ef8d64a0c846f5f628646fe9170bec49eec44aebb3f17334e76b1003dae65d6858a626d60a3ff3dbbff8cf15ca934ca0f7a09b9ae6c17c911bb2f6083cab81540e00a8d9b9393a3341b90dd134f4a2ec21f1d8c55c2df687896873a36661a862226614582077d41811bcb3e6632cbf1767f6189b76054e8186606ee5a2c73bffe1bd6c8fc415f481324f015045231d662173b6f7e814068dffd598ce9a6f4630744bb0aa80f9f74403f4c3da3ca856b40d043885cc1e7beac524853fafb01fb61c3023ab04047e29d50a5d4cd612fc9ae90e7832fde7d1dea0804dc16fff17500517be0bf5d28f4ab0203010001,nextHop=,size=2
info|2026-02-07 10:54:52.876721|fisco-bcos-0x00007dca83dee6c0|[P2PService][Service2][onNewSession]update routerTable,dst=3082010a0282010100d938a7d0e5078fdc3bfe83bfe8c789160de4c9e207ff836ef8d64a0c846f5f628646fe9170bec49eec44aebb3f17334e76b1003dae65d6858a626d60a3ff3dbbff8cf15ca934ca0f7a09b9ae6c17c911bb2f6083cab81540e00a8d9b9393a3341b90dd134f4a2ec21f1d8c55c2df687896873a36661a862226614582077d41811bcb3e6632cbf1767f6189b76054e8186606ee5a2c73bffe1bd6c8fc415f481324f015045231d662173b6f7e814068dffd598ce9a6f4630744bb0aa80f9f74403f4c3da3ca856b40d043885cc1e7beac524853fafb01fb61c3023ab04047e29d50a5d4cd612fc9ae90e7832fde7d1dea0804dc16fff17500517be0bf5d28f4ab0203010001
info|2026-02-07 10:54:52.876745|fisco-bcos-0x00007dca83dee6c0|[P2PService][Service]Connection established,p2pid=3082010a0282010100d938a7d0e5078fdc3bfe83bfe8c789160de4c9e207ff836ef8d64a0c846f5f628646fe9170bec49eec44aebb3f17334e76b1003dae65d6858a626d60a3ff3dbbff8cf15ca934ca0f7a09b9ae6c17c911bb2f6083cab81540e00a8d9b9393a3341b90dd134f4a2ec21f1d8c55c2df687896873a36661a862226614582077d41811bcb3e6632cbf1767f6189b76054e8186606ee5a2c73bffe1bd6c8fc415f481324f015045231d662173b6f7e814068dffd598ce9a6f4630744bb0aa80f9f74403f4c3da3ca856b40d043885cc1e7beac524853fafb01fb61c3023ab04047e29d50a5d4cd612fc9ae90e7832fde7d1dea0804dc16fff17500517be0bf5d28f4ab0203010001,endpoint=127.0.0.1:30301
info|2026-02-07 10:54:52.876801|ioService-0x00007dcab1fff6c0|[SessionFactory]create new session,sessionRecvBufferSize=67108864,allowMaxMsgSize=33554432,maxReadDataSize=40960,maxSendDataSize=1048576,maxSendMsgCountS=10,enableCompress=true
info|2026-02-07 10:54:52.876896|ioService-0x00007dcab1fff6c0|[NETWORK][Host]startPeerSession, Remote=127.0.0.1:46614,local endpoint=127.0.0.1:30303,p2pid=3082010a0282010100d938a7d0e5078fdc3bfe83bfe8c789160de4c9e207ff836ef8d64a0c846f5f628646fe9170bec49eec44aebb3f17334e76b1003dae65d6858a626d60a3ff3dbbff8cf15ca934ca0f7a09b9ae6c17c911bb2f6083cab81540e00a8d9b9393a3341b90dd134f4a2ec21f1d8c55c2df687896873a36661a862226614582077d41811bcb3e6632cbf1767f6189b76054e8186606ee5a2c73bffe1bd6c8fc415f481324f015045231d662173b6f7e814068dffd598ce9a6f4630744bb0aa80f9f74403f4c3da3ca856b40d043885cc1e7beac524853fafb01fb61c3023ab04047e29d50a5d4cd612fc9ae90e7832fde7d1dea0804dc16fff17500517be0bf5d28f4ab0203010001
info|2026-02-07 10:54:52.876938|fisco-bcos-0x00007dca83dee6c0|[P2PService][Service]onConnect,p2pid=3082010a0282010100d938a7d0e5078fdc3bfe83bfe8c789160de4c9e207ff836ef8d64a0c846f5f628646fe9170bec49eec44aebb3f17334e76b1003dae65d6858a626d60a3ff3dbbff8cf15ca934ca0f7a09b9ae6c17c911bb2f6083cab81540e00a8d9b9393a3341b90dd134f4a2ec21f1d8c55c2df687896873a36661a862226614582077d41811bcb3e6632cbf1767f6189b76054e8186606ee5a2c73bffe1bd6c8fc415f481324f015045231d662173b6f7e814068dffd598ce9a6f4630744bb0aa80f9f74403f4c3da3ca856b40d043885cc1e7beac524853fafb01fb61c3023ab04047e29d50a5d4cd612fc9ae90e7832fde7d1dea0804dc16fff17500517be0bf5d28f4ab0203010001,endpoint=127.0.0.1
info|2026-02-07 10:54:52.876953|fisco-bcos-0x00007dca83dee6c0|[P2PService][Service]Disconnect duplicate peer,p2pid=3082010a0282010100d938a7d0e5078fdc3bfe83bfe8c789160de4c9e207ff836ef8d64a0c846f5f628646fe9170bec49eec44aebb3f17334e76b1003dae65d6858a626d60a3ff3dbbff8cf15ca934ca0f7a09b9ae6c17c911bb2f6083cab81540e00a8d9b9393a3341b90dd134f4a2ec21f1d8c55c2df687896873a36661a862226614582077d41811bcb3e6632cbf1767f6189b76054e8186606ee5a2c73bffe1bd6c8fc415f481324f015045231d662173b6f7e814068dffd598ce9a6f4630744bb0aa80f9f74403f4c3da3ca856b40d043885cc1e7beac524853fafb01fb61c3023ab04047e29d50a5d4cd612fc9ae90e7832fde7d1dea0804dc16fff17500517be0bf5d28f4ab0203010001
info|2026-02-07 10:54:52.876964|fisco-bcos-0x00007dca83dee6c0|[SESSION][Session][Session::~Session] this=0x7dcaa2e5d1d0
info|2026-02-07 10:54:52.877063|fisco-bcos-0x00007dcac4bfd6c0|[P2PService][Service]onReceiveProtocol: protocolNegotiate success,peer=3082010a0282010100d938a7d0e5078fdc3bfe83bfe8c789160de4c9e207ff836ef8d64a0c846f5f628646fe9170bec49eec44aebb3f17334e76b1003dae65d6858a626d60a3ff3dbbff8cf15ca934ca0f7a09b9ae6c17c911bb2f6083cab81540e00a8d9b9393a3341b90dd134f4a2ec21f1d8c55c2df687896873a36661a862226614582077d41811bcb3e6632cbf1767f6189b76054e8186606ee5a2c73bffe1bd6c8fc415f481324f015045231d662173b6f7e814068dffd598ce9a6f4630744bb0aa80f9f74403f4c3da3ca856b40d043885cc1e7beac524853fafb01fb61c3023ab04047e29d50a5d4cd612fc9ae90e7832fde7d1dea0804dc16fff17500517be0bf5d28f4ab0203010001,minVersion=0,maxVersion=2,supportMinVersion=0,supportMaxVersion=2,negotiatedVersion=2
info|2026-02-07 10:54:52.877092|fisco-bcos-0x00007dcac4bfd6c0|[P2PService][Service2][onReceiveRouterSeq]receive router seq and request router table,peer=3082010a0282010100d938a7d0e5078fdc3bfe83bfe8c789160de4c9e207ff836ef8d64a0c846f5f628646fe9170bec49eec44aebb3f17334e76b1003dae65d6858a626d60a3ff3dbbff8cf15ca934ca0f7a09b9ae6c17c911bb2f6083cab81540e00a8d9b9393a3341b90dd134f4a2ec21f1d8c55c2df687896873a36661a862226614582077d41811bcb3e6632cbf1767f6189b76054e8186606ee5a2c73bffe1bd6c8fc415f481324f015045231d662173b6f7e814068dffd598ce9a6f4630744bb0aa80f9f74403f4c3da3ca856b40d043885cc1e7beac524853fafb01fb61c3023ab04047e29d50a5d4cd612fc9ae90e7832fde7d1dea0804dc16fff17500517be0bf5d28f4ab0203010001,seq=4
info|2026-02-07 10:54:52.878814|ioService-0x00007dcab11ff6c0|[Gateway][Factory][NEW]SSLContext pubHex: 3082010a0282010100a9ba081864ed1c68f5b81b4fa31a3cb4c81583e0e7c5eec4d7249ecd7d2c8f901393580ca25747abc4e01775b9ff41392cf15074a577cc078f4b07f3152faa0dfe540c63b8de93fbc3afe02564592e274c9c1a76bb0cc8c4692d9404f8e0b7b5440bd66d6e70c33a6d35aca5767a88332fd7853571427789bb25413b734abc293a58791b28aece40a8f74238c2f8b0d32bbbb5f020cfd72ad86d4fb6f1904605a5f43f0f58ed4c826346ad1b71ddac3a15040d6cd21f31f9044b82e690f91329d956b39005f4ab421029ebe499a3fe7179586deded25784665d8949c4db5defd0cbbaf2f27221f3d59e7314f4374086dceea8903a6aedc17d8ca5c7ec4b03fef0203010001
info|2026-02-07 10:54:52.878852|ioService-0x00007dcab11ff6c0|[NETWORK][Host]Get ca basic failed
info|2026-02-07 10:54:52.878982|ioService-0x00007dcab11ff6c0|[Gateway][Factory][NEW]SSLContext pubHex: 3082010a0282010100a492268b412bea3e8f972dff0dc52c521cd06884f53d90f3889c7014f7cb635c38a07b81af9630f2b04238a726b029af6b4b924e132710d2894b7175f12a5e323a7119afd27786b01965d49b9c885ff3768f40b9d57817bc1305124f40ced3b1ac99666773a3a64cce079e95acbc31d42f416aad362594008547aae561213b022db32ed9d1bd67df5c020bc44dcc073982b4566fd04048555b1ea84279063d5b1047e9f42776ef03677d2dd1454433fdb3feced3f41b92efdfeda545d56c1c9ba349584c9095f3ad9e31c2db11cbe3007ee7817f5846f87eb01c296d81b36dbbc765b4c7af74aface1276dd4fd91963729e495694b6af5c0d6111c49115a2c3f0203010001
info|2026-02-07 10:54:52.878997|ioService-0x00007dcab11ff6c0|[Gateway][Factory][NEW]SSLContext pubHex: A492268B412BEA3E8F972DFF0DC52C521CD06884F53D90F3889C7014F7CB635C38A07B81AF9630F2B04238A726B029AF6B4B924E132710D2894B7175F12A5E323A7119AFD27786B01965D49B9C885FF3768F40B9D57817BC1305124F40CED3B1AC99666773A3A64CCE079E95ACBC31D42F416AAD362594008547AAE561213B022DB32ED9D1BD67DF5C020BC44DCC073982B4566FD04048555B1EA84279063D5B1047E9F42776EF03677D2DD1454433FDB3FECED3F41B92EFDFEDA545D56C1C9BA349584C9095F3AD9E31C2DB11CBE3007EE7817F5846F87EB01C296D81B36DBBC765B4C7AF74AFACE1276DD4FD91963729E495694B6AF5C0D6111C49115A2C3F
info|2026-02-07 10:54:52.878954|fisco-bcos-0x00007dca841ef6c0|[P2PService][Service2][onReceiveRouterTableRequest],peer=3082010a0282010100d938a7d0e5078fdc3bfe83bfe8c789160de4c9e207ff836ef8d64a0c846f5f628646fe9170bec49eec44aebb3f17334e76b1003dae65d6858a626d60a3ff3dbbff8cf15ca934ca0f7a09b9ae6c17c911bb2f6083cab81540e00a8d9b9393a3341b90dd134f4a2ec21f1d8c55c2df687896873a36661a862226614582077d41811bcb3e6632cbf1767f6189b76054e8186606ee5a2c73bffe1bd6c8fc415f481324f015045231d662173b6f7e814068dffd598ce9a6f4630744bb0aa80f9f74403f4c3da3ca856b40d043885cc1e7beac524853fafb01fb61c3023ab04047e29d50a5d4cd612fc9ae90e7832fde7d1dea0804dc16fff17500517be0bf5d28f4ab0203010001,entrySize=2
info|2026-02-07 10:54:52.879724|ioService-0x00007dcab11ff6c0|[NETWORK][Host]obtainP2pInfo ,node_info=3082010a0282010100a492268b412bea3e8f972dff0dc52c521cd06884f53d90f3889c7014f7cb635c38a07b81af9630f2b04238a726b029af6b4b924e132710d2894b7175f12a5e323a7119afd27786b01965d49b9c885ff3768f40b9d57817bc1305124f40ced3b1ac99666773a3a64cce079e95acbc31d42f416aad362594008547aae561213b022db32ed9d1bd67df5c020bc44dcc073982b4566fd04048555b1ea84279063d5b1047e9f42776ef03677d2dd1454433fdb3feced3f41b92efdfeda545d56c1c9ba349584c9095f3ad9e31c2db11cbe3007ee7817f5846f87eb01c296d81b36dbbc765b4c7af74aface1276dd4fd91963729e495694b6af5c0d6111c49115a2c3f0203010001#A492268B412BEA3E8F972DFF0DC52C521CD06884F53D90F3889C7014F7CB635C38A07B81AF9630F2B04238A726B029AF6B4B924E132710D2894B7175F12A5E323A7119AFD27786B01965D49B9C885FF3768F40B9D57817BC1305124F40CED3B1AC99666773A3A64CCE079E95ACBC31D42F416AAD362594008547AAE561213B022DB32ED9D1BD67DF5C020BC44DCC073982B4566FD04048555B1EA84279063D5B1047E9F42776EF03677D2DD1454433FDB3FECED3F41B92EFDFEDA545D56C1C9BA349584C9095F3AD9E31C2DB11CBE3007EE7817F5846F87EB01C296D81B36DBBC765B4C7AF74AFACE1276DD4FD91963729E495694B6AF5C0D6111C49115A2C3F#/CN=FISCO-BCOS-e9f43089/O=FISCO-BCOS-e9f43089/OU=chain#/CN=FISCO-BCOS-e9f43089/O=fisco-bcos/OU=agency,p2pid=3082010a0282010100a492268b412bea3e8f972dff0dc52c521cd06884f53d90f3889c7014f7cb635c38a07b81af9630f2b04238a726b029af6b4b924e132710d2894b7175f12a5e323a7119afd27786b01965d49b9c885ff3768f40b9d57817bc1305124f40ced3b1ac99666773a3a64cce079e95acbc31d42f416aad362594008547aae561213b022db32ed9d1bd67df5c020bc44dcc073982b4566fd04048555b1ea84279063d5b1047e9f42776ef03677d2dd1454433fdb3feced3f41b92efdfeda545d56c1c9ba349584c9095f3ad9e31c2db11cbe3007ee7817f5846f87eb01c296d81b36dbbc765b4c7af74aface1276dd4fd91963729e495694b6af5c0d6111c49115a2c3f0203010001
info|2026-02-07 10:54:52.879755|ioService-0x00007dcab11ff6c0|[NETWORK][Host]handshakeServer succ,remote endpoint=127.0.0.1:46618,nodeid=3082010a0282010100a492268b412bea3e8f972dff0dc52c521cd06884f53d90f3889c7014f7cb635c38a07b81af9630f2b04238a726b029af6b4b924e132710d2894b7175f12a5e323a7119afd27786b01965d49b9c885ff3768f40b9d57817bc1305124f40ced3b1ac99666773a3a64cce079e95acbc31d42f416aad362594008547aae561213b022db32ed9d1bd67df5c020bc44dcc073982b4566fd04048555b1ea84279063d5b1047e9f42776ef03677d2dd1454433fdb3feced3f41b92efdfeda545d56c1c9ba349584c9095f3ad9e31c2db11cbe3007ee7817f5846f87eb01c296d81b36dbbc765b4c7af74aface1276dd4fd91963729e495694b6af5c0d6111c49115a2c3f0203010001
info|2026-02-07 10:54:52.880390|ioService-0x00007dcab11ff6c0|[SESSION][Session][Session::Session] this=0x7dcaae25b1d0,recvBufferSize=67108864
info|2026-02-07 10:54:52.880493|ioService-0x00007dcab11ff6c0|[SessionFactory]create new session,sessionRecvBufferSize=67108864,allowMaxMsgSize=33554432,maxReadDataSize=40960,maxSendDataSize=1048576,maxSendMsgCountS=10,enableCompress=true
info|2026-02-07 10:54:52.880625|fisco-bcos-0x00007dca861f46c0|[P2PService][Service2][onReceiveRouterSeq]receive router seq and request router table,peer=3082010a0282010100d938a7d0e5078fdc3bfe83bfe8c789160de4c9e207ff836ef8d64a0c846f5f628646fe9170bec49eec44aebb3f17334e76b1003dae65d6858a626d60a3ff3dbbff8cf15ca934ca0f7a09b9ae6c17c911bb2f6083cab81540e00a8d9b9393a3341b90dd134f4a2ec21f1d8c55c2df687896873a36661a862226614582077d41811bcb3e6632cbf1767f6189b76054e8186606ee5a2c73bffe1bd6c8fc415f481324f015045231d662173b6f7e814068dffd598ce9a6f4630744bb0aa80f9f74403f4c3da3ca856b40d043885cc1e7beac524853fafb01fb61c3023ab04047e29d50a5d4cd612fc9ae90e7832fde7d1dea0804dc16fff17500517be0bf5d28f4ab0203010001,seq=5
info|2026-02-07 10:54:52.880736|fisco-bcos-0x00007dca845f06c0|[P2PService][Service]onConnect,p2pid=3082010a0282010100a492268b412bea3e8f972dff0dc52c521cd06884f53d90f3889c7014f7cb635c38a07b81af9630f2b04238a726b029af6b4b924e132710d2894b7175f12a5e323a7119afd27786b01965d49b9c885ff3768f40b9d57817bc1305124f40ced3b1ac99666773a3a64cce079e95acbc31d42f416aad362594008547aae561213b022db32ed9d1bd67df5c020bc44dcc073982b4566fd04048555b1ea84279063d5b1047e9f42776ef03677d2dd1454433fdb3feced3f41b92efdfeda545d56c1c9ba349584c9095f3ad9e31c2db11cbe3007ee7817f5846f87eb01c296d81b36dbbc765b4c7af74aface1276dd4fd91963729e495694b6af5c0d6111c49115a2c3f0203010001,endpoint=127.0.0.1
info|2026-02-07 10:54:52.880780|fisco-bcos-0x00007dca845f06c0|[P2PService][P2PSession][P2PSession::P2PSession] this=0x7dcac321a1d0
info|2026-02-07 10:54:52.880799|fisco-bcos-0x00007dca845f06c0|[SESSION][Session][start] start session ,this=0x7dcaae25b1d0
info|2026-02-07 10:54:52.880821|ioService-0x00007dcab11ff6c0|[NETWORK][Host]startPeerSession, Remote=127.0.0.1:46618,local endpoint=127.0.0.1:30303,p2pid=3082010a0282010100a492268b412bea3e8f972dff0dc52c521cd06884f53d90f3889c7014f7cb635c38a07b81af9630f2b04238a726b029af6b4b924e132710d2894b7175f12a5e323a7119afd27786b01965d49b9c885ff3768f40b9d57817bc1305124f40ced3b1ac99666773a3a64cce079e95acbc31d42f416aad362594008547aae561213b022db32ed9d1bd67df5c020bc44dcc073982b4566fd04048555b1ea84279063d5b1047e9f42776ef03677d2dd1454433fdb3feced3f41b92efdfeda545d56c1c9ba349584c9095f3ad9e31c2db11cbe3007ee7817f5846f87eb01c296d81b36dbbc765b4c7af74aface1276dd4fd91963729e495694b6af5c0d6111c49115a2c3f0203010001
info|2026-02-07 10:54:52.880877|fisco-bcos-0x00007dca845f06c0|[P2PService][Service]asyncSendProtocol,payload=5,seq=14
info|2026-02-07 10:54:52.880912|fisco-bcos-0x00007dca845f06c0|[P2PService][Router][updateDstNodeEntry]insert new entry into the routerTable,distance=1,dst=3082010a0282010100a492268b412bea3e8f972dff0dc52c521cd06884f53d90f3889c7014f7cb635c38a07b81af9630f2b04238a726b029af6b4b924e132710d2894b7175f12a5e323a7119afd27786b01965d49b9c885ff3768f40b9d57817bc1305124f40ced3b1ac99666773a3a64cce079e95acbc31d42f416aad362594008547aae561213b022db32ed9d1bd67df5c020bc44dcc073982b4566fd04048555b1ea84279063d5b1047e9f42776ef03677d2dd1454433fdb3feced3f41b92efdfeda545d56c1c9ba349584c9095f3ad9e31c2db11cbe3007ee7817f5846f87eb01c296d81b36dbbc765b4c7af74aface1276dd4fd91963729e495694b6af5c0d6111c49115a2c3f0203010001,nextHop=,size=3
info|2026-02-07 10:54:52.881060|fisco-bcos-0x00007dcac55ff6c0|[P2PService][Service2][onReceivePeersRouterTable],peer=3082010a0282010100d938a7d0e5078fdc3bfe83bfe8c789160de4c9e207ff836ef8d64a0c846f5f628646fe9170bec49eec44aebb3f17334e76b1003dae65d6858a626d60a3ff3dbbff8cf15ca934ca0f7a09b9ae6c17c911bb2f6083cab81540e00a8d9b9393a3341b90dd134f4a2ec21f1d8c55c2df687896873a36661a862226614582077d41811bcb3e6632cbf1767f6189b76054e8186606ee5a2c73bffe1bd6c8fc415f481324f015045231d662173b6f7e814068dffd598ce9a6f4630744bb0aa80f9f74403f4c3da3ca856b40d043885cc1e7beac524853fafb01fb61c3023ab04047e29d50a5d4cd612fc9ae90e7832fde7d1dea0804dc16fff17500517be0bf5d28f4ab0203010001,entrySize=2
info|2026-02-07 10:54:52.881118|fisco-bcos-0x00007dca845f06c0|[P2PService][Service2][onNewSession]update routerTable,dst=3082010a0282010100a492268b412bea3e8f972dff0dc52c521cd06884f53d90f3889c7014f7cb635c38a07b81af9630f2b04238a726b029af6b4b924e132710d2894b7175f12a5e323a7119afd27786b01965d49b9c885ff3768f40b9d57817bc1305124f40ced3b1ac99666773a3a64cce079e95acbc31d42f416aad362594008547aae561213b022db32ed9d1bd67df5c020bc44dcc073982b4566fd04048555b1ea84279063d5b1047e9f42776ef03677d2dd1454433fdb3feced3f41b92efdfeda545d56c1c9ba349584c9095f3ad9e31c2db11cbe3007ee7817f5846f87eb01c296d81b36dbbc765b4c7af74aface1276dd4fd91963729e495694b6af5c0d6111c49115a2c3f0203010001
info|2026-02-07 10:54:52.881132|fisco-bcos-0x00007dca845f06c0|[P2PService][Service]Connection established,p2pid=3082010a0282010100a492268b412bea3e8f972dff0dc52c521cd06884f53d90f3889c7014f7cb635c38a07b81af9630f2b04238a726b029af6b4b924e132710d2894b7175f12a5e323a7119afd27786b01965d49b9c885ff3768f40b9d57817bc1305124f40ced3b1ac99666773a3a64cce079e95acbc31d42f416aad362594008547aae561213b022db32ed9d1bd67df5c020bc44dcc073982b4566fd04048555b1ea84279063d5b1047e9f42776ef03677d2dd1454433fdb3feced3f41b92efdfeda545d56c1c9ba349584c9095f3ad9e31c2db11cbe3007ee7817f5846f87eb01c296d81b36dbbc765b4c7af74aface1276dd4fd91963729e495694b6af5c0d6111c49115a2c3f0203010001,endpoint=127.0.0.1:46618
info|2026-02-07 10:54:52.881220|fisco-bcos-0x00007dcac55ff6c0|[P2PService][Router][updateDstNodeEntry]discover smaller distance, update entry,distance=2,oldDistance=10,dst=3082010a02820101009d9833c7e1dbf7d476b1fd7227e247b488323cbd272862d096a4010035236b7d36e2aede87e4f36adfd2e2e44f2945e9a4170901f5865f04cb779a1c1e1fc2f3e56fc6ea80a2665d5da60fce851ccd94bb60aced8e256a551ebb6edcf78febb8eb8bbb3c4fab73bacd5675925d72c787a8d8e179c70b24c484ae98ea7cc956a196c0c8266073d549963e44bfee479261b4c7a5497320d8a89de71743baf1516450118e57b4b07227de0429adf0d02305ad79d40958f48b3c7d6802814fc5c25be7c54c85463c993254d08401e1c7c1cc5586b265a1616617cc2ba7f29e928ff792e4ff33ada9b1bb7ee5a43130da18ba109a9e2186dfa6c2dc1d823e9066e1590203010001,nextHop=,size=3
info|2026-02-07 10:54:52.881485|fisco-bcos-0x00007dca835ec6c0|[P2PService][Service2][onReceivePeersRouterTable],peer=3082010a0282010100d938a7d0e5078fdc3bfe83bfe8c789160de4c9e207ff836ef8d64a0c846f5f628646fe9170bec49eec44aebb3f17334e76b1003dae65d6858a626d60a3ff3dbbff8cf15ca934ca0f7a09b9ae6c17c911bb2f6083cab81540e00a8d9b9393a3341b90dd134f4a2ec21f1d8c55c2df687896873a36661a862226614582077d41811bcb3e6632cbf1767f6189b76054e8186606ee5a2c73bffe1bd6c8fc415f481324f015045231d662173b6f7e814068dffd598ce9a6f4630744bb0aa80f9f74403f4c3da3ca856b40d043885cc1e7beac524853fafb01fb61c3023ab04047e29d50a5d4cd612fc9ae90e7832fde7d1dea0804dc16fff17500517be0bf5d28f4ab0203010001,entrySize=3
info|2026-02-07 10:54:52.881657|fisco-bcos-0x00007dcac4bfd6c0|[P2PService][Service]onReceiveProtocol: protocolNegotiate success,peer=3082010a0282010100a492268b412bea3e8f972dff0dc52c521cd06884f53d90f3889c7014f7cb635c38a07b81af9630f2b04238a726b029af6b4b924e132710d2894b7175f12a5e323a7119afd27786b01965d49b9c885ff3768f40b9d57817bc1305124f40ced3b1ac99666773a3a64cce079e95acbc31d42f416aad362594008547aae561213b022db32ed9d1bd67df5c020bc44dcc073982b4566fd04048555b1ea84279063d5b1047e9f42776ef03677d2dd1454433fdb3feced3f41b92efdfeda545d56c1c9ba349584c9095f3ad9e31c2db11cbe3007ee7817f5846f87eb01c296d81b36dbbc765b4c7af74aface1276dd4fd91963729e495694b6af5c0d6111c49115a2c3f0203010001,minVersion=0,maxVersion=2,supportMinVersion=0,supportMaxVersion=2,negotiatedVersion=2
info|2026-02-07 10:54:52.881679|fisco-bcos-0x00007dcac55ff6c0|[P2PService][Service2][joinRouterTable]create router entry,dst=3082010a0282010100d938a7d0e5078fdc3bfe83bfe8c789160de4c9e207ff836ef8d64a0c846f5f628646fe9170bec49eec44aebb3f17334e76b1003dae65d6858a626d60a3ff3dbbff8cf15ca934ca0f7a09b9ae6c17c911bb2f6083cab81540e00a8d9b9393a3341b90dd134f4a2ec21f1d8c55c2df687896873a36661a862226614582077d41811bcb3e6632cbf1767f6189b76054e8186606ee5a2c73bffe1bd6c8fc415f481324f015045231d662173b6f7e814068dffd598ce9a6f4630744bb0aa80f9f74403f4c3da3ca856b40d043885cc1e7beac524853fafb01fb61c3023ab04047e29d50a5d4cd612fc9ae90e7832fde7d1dea0804dc16fff17500517be0bf5d28f4ab0203010001
info|2026-02-07 10:54:52.881691|fisco-bcos-0x00007dca835ec6c0|[P2PService][Service2][joinRouterTable]create router entry,dst=3082010a0282010100d938a7d0e5078fdc3bfe83bfe8c789160de4c9e207ff836ef8d64a0c846f5f628646fe9170bec49eec44aebb3f17334e76b1003dae65d6858a626d60a3ff3dbbff8cf15ca934ca0f7a09b9ae6c17c911bb2f6083cab81540e00a8d9b9393a3341b90dd134f4a2ec21f1d8c55c2df687896873a36661a862226614582077d41811bcb3e6632cbf1767f6189b76054e8186606ee5a2c73bffe1bd6c8fc415f481324f015045231d662173b6f7e814068dffd598ce9a6f4630744bb0aa80f9f74403f4c3da3ca856b40d043885cc1e7beac524853fafb01fb61c3023ab04047e29d50a5d4cd612fc9ae90e7832fde7d1dea0804dc16fff17500517be0bf5d28f4ab0203010001
info|2026-02-07 10:54:52.882468|fisco-bcos-0x00007dca83dee6c0|[P2PService][Service2][onReceiveRouterTableRequest],peer=3082010a0282010100d938a7d0e5078fdc3bfe83bfe8c789160de4c9e207ff836ef8d64a0c846f5f628646fe9170bec49eec44aebb3f17334e76b1003dae65d6858a626d60a3ff3dbbff8cf15ca934ca0f7a09b9ae6c17c911bb2f6083cab81540e00a8d9b9393a3341b90dd134f4a2ec21f1d8c55c2df687896873a36661a862226614582077d41811bcb3e6632cbf1767f6189b76054e8186606ee5a2c73bffe1bd6c8fc415f481324f015045231d662173b6f7e814068dffd598ce9a6f4630744bb0aa80f9f74403f4c3da3ca856b40d043885cc1e7beac524853fafb01fb61c3023ab04047e29d50a5d4cd612fc9ae90e7832fde7d1dea0804dc16fff17500517be0bf5d28f4ab0203010001,entrySize=3
info|2026-02-07 10:54:52.882837|fisco-bcos-0x00007dca83dee6c0|[P2PService][Service2][onReceiveRouterSeq]receive router seq and request router table,peer=3082010a0282010100a492268b412bea3e8f972dff0dc52c521cd06884f53d90f3889c7014f7cb635c38a07b81af9630f2b04238a726b029af6b4b924e132710d2894b7175f12a5e323a7119afd27786b01965d49b9c885ff3768f40b9d57817bc1305124f40ced3b1ac99666773a3a64cce079e95acbc31d42f416aad362594008547aae561213b022db32ed9d1bd67df5c020bc44dcc073982b4566fd04048555b1ea84279063d5b1047e9f42776ef03677d2dd1454433fdb3feced3f41b92efdfeda545d56c1c9ba349584c9095f3ad9e31c2db11cbe3007ee7817f5846f87eb01c296d81b36dbbc765b4c7af74aface1276dd4fd91963729e495694b6af5c0d6111c49115a2c3f0203010001,seq=3
info|2026-02-07 10:54:52.882950|fisco-bcos-0x00007dcac85c26c0|[P2PService][Service2][onReceiveRouterTableRequest],peer=3082010a0282010100d938a7d0e5078fdc3bfe83bfe8c789160de4c9e207ff836ef8d64a0c846f5f628646fe9170bec49eec44aebb3f17334e76b1003dae65d6858a626d60a3ff3dbbff8cf15ca934ca0f7a09b9ae6c17c911bb2f6083cab81540e00a8d9b9393a3341b90dd134f4a2ec21f1d8c55c2df687896873a36661a862226614582077d41811bcb3e6632cbf1767f6189b76054e8186606ee5a2c73bffe1bd6c8fc415f481324f015045231d662173b6f7e814068dffd598ce9a6f4630744bb0aa80f9f74403f4c3da3ca856b40d043885cc1e7beac524853fafb01fb61c3023ab04047e29d50a5d4cd612fc9ae90e7832fde7d1dea0804dc16fff17500517be0bf5d28f4ab0203010001,entrySize=3
info|2026-02-07 10:54:52.883232|fisco-bcos-0x00007dcac85c26c0|[P2PService][Service2][onReceiveRouterTableRequest],peer=3082010a0282010100a492268b412bea3e8f972dff0dc52c521cd06884f53d90f3889c7014f7cb635c38a07b81af9630f2b04238a726b029af6b4b924e132710d2894b7175f12a5e323a7119afd27786b01965d49b9c885ff3768f40b9d57817bc1305124f40ced3b1ac99666773a3a64cce079e95acbc31d42f416aad362594008547aae561213b022db32ed9d1bd67df5c020bc44dcc073982b4566fd04048555b1ea84279063d5b1047e9f42776ef03677d2dd1454433fdb3feced3f41b92efdfeda545d56c1c9ba349584c9095f3ad9e31c2db11cbe3007ee7817f5846f87eb01c296d81b36dbbc765b4c7af74aface1276dd4fd91963729e495694b6af5c0d6111c49115a2c3f0203010001,entrySize=3
info|2026-02-07 10:54:52.883337|fisco-bcos-0x00007dcac85c26c0|[P2PService][Service2][onReceiveRouterSeq]receive router seq and request router table,peer=3082010a0282010100a492268b412bea3e8f972dff0dc52c521cd06884f53d90f3889c7014f7cb635c38a07b81af9630f2b04238a726b029af6b4b924e132710d2894b7175f12a5e323a7119afd27786b01965d49b9c885ff3768f40b9d57817bc1305124f40ced3b1ac99666773a3a64cce079e95acbc31d42f416aad362594008547aae561213b022db32ed9d1bd67df5c020bc44dcc073982b4566fd04048555b1ea84279063d5b1047e9f42776ef03677d2dd1454433fdb3feced3f41b92efdfeda545d56c1c9ba349584c9095f3ad9e31c2db11cbe3007ee7817f5846f87eb01c296d81b36dbbc765b4c7af74aface1276dd4fd91963729e495694b6af5c0d6111c49115a2c3f0203010001,seq=4
info|2026-02-07 10:54:52.883470|fisco-bcos-0x00007dcabbdfe6c0|[P2PService][Service2][onReceiveRouterTableRequest],peer=3082010a0282010100a492268b412bea3e8f972dff0dc52c521cd06884f53d90f3889c7014f7cb635c38a07b81af9630f2b04238a726b029af6b4b924e132710d2894b7175f12a5e323a7119afd27786b01965d49b9c885ff3768f40b9d57817bc1305124f40ced3b1ac99666773a3a64cce079e95acbc31d42f416aad362594008547aae561213b022db32ed9d1bd67df5c020bc44dcc073982b4566fd04048555b1ea84279063d5b1047e9f42776ef03677d2dd1454433fdb3feced3f41b92efdfeda545d56c1c9ba349584c9095f3ad9e31c2db11cbe3007ee7817f5846f87eb01c296d81b36dbbc765b4c7af74aface1276dd4fd91963729e495694b6af5c0d6111c49115a2c3f0203010001,entrySize=3
info|2026-02-07 10:54:52.884031|fisco-bcos-0x00007dca81de76c0|[P2PService][Service2][onReceivePeersRouterTable],peer=3082010a0282010100a492268b412bea3e8f972dff0dc52c521cd06884f53d90f3889c7014f7cb635c38a07b81af9630f2b04238a726b029af6b4b924e132710d2894b7175f12a5e323a7119afd27786b01965d49b9c885ff3768f40b9d57817bc1305124f40ced3b1ac99666773a3a64cce079e95acbc31d42f416aad362594008547aae561213b022db32ed9d1bd67df5c020bc44dcc073982b4566fd04048555b1ea84279063d5b1047e9f42776ef03677d2dd1454433fdb3feced3f41b92efdfeda545d56c1c9ba349584c9095f3ad9e31c2db11cbe3007ee7817f5846f87eb01c296d81b36dbbc765b4c7af74aface1276dd4fd91963729e495694b6af5c0d6111c49115a2c3f0203010001,entrySize=3
info|2026-02-07 10:54:52.884067|fisco-bcos-0x00007dca81de76c0|[P2PService][Service2][joinRouterTable]create router entry,dst=3082010a0282010100a492268b412bea3e8f972dff0dc52c521cd06884f53d90f3889c7014f7cb635c38a07b81af9630f2b04238a726b029af6b4b924e132710d2894b7175f12a5e323a7119afd27786b01965d49b9c885ff3768f40b9d57817bc1305124f40ced3b1ac99666773a3a64cce079e95acbc31d42f416aad362594008547aae561213b022db32ed9d1bd67df5c020bc44dcc073982b4566fd04048555b1ea84279063d5b1047e9f42776ef03677d2dd1454433fdb3feced3f41b92efdfeda545d56c1c9ba349584c9095f3ad9e31c2db11cbe3007ee7817f5846f87eb01c296d81b36dbbc765b4c7af74aface1276dd4fd91963729e495694b6af5c0d6111c49115a2c3f0203010001
info|2026-02-07 10:54:52.885808|fisco-bcos-0x00007dcac7dc06c0|[P2PService][Service2][onReceivePeersRouterTable],peer=3082010a0282010100a492268b412bea3e8f972dff0dc52c521cd06884f53d90f3889c7014f7cb635c38a07b81af9630f2b04238a726b029af6b4b924e132710d2894b7175f12a5e323a7119afd27786b01965d49b9c885ff3768f40b9d57817bc1305124f40ced3b1ac99666773a3a64cce079e95acbc31d42f416aad362594008547aae561213b022db32ed9d1bd67df5c020bc44dcc073982b4566fd04048555b1ea84279063d5b1047e9f42776ef03677d2dd1454433fdb3feced3f41b92efdfeda545d56c1c9ba349584c9095f3ad9e31c2db11cbe3007ee7817f5846f87eb01c296d81b36dbbc765b4c7af74aface1276dd4fd91963729e495694b6af5c0d6111c49115a2c3f0203010001,entrySize=3
info|2026-02-07 10:54:52.885835|fisco-bcos-0x00007dcac7dc06c0|[P2PService][Service2][joinRouterTable]create router entry,dst=3082010a0282010100a492268b412bea3e8f972dff0dc52c521cd06884f53d90f3889c7014f7cb635c38a07b81af9630f2b04238a726b029af6b4b924e132710d2894b7175f12a5e323a7119afd27786b01965d49b9c885ff3768f40b9d57817bc1305124f40ced3b1ac99666773a3a64cce079e95acbc31d42f416aad362594008547aae561213b022db32ed9d1bd67df5c020bc44dcc073982b4566fd04048555b1ea84279063d5b1047e9f42776ef03677d2dd1454433fdb3feced3f41b92efdfeda545d56c1c9ba349584c9095f3ad9e31c2db11cbe3007ee7817f5846f87eb01c296d81b36dbbc765b4c7af74aface1276dd4fd91963729e495694b6af5c0d6111c49115a2c3f0203010001
info|2026-02-07 10:54:52.885860|fisco-bcos-0x00007dca861f46c0|[P2PService][Service2][onReceiveRouterSeq]receive router seq and request router table,peer=3082010a0282010100a492268b412bea3e8f972dff0dc52c521cd06884f53d90f3889c7014f7cb635c38a07b81af9630f2b04238a726b029af6b4b924e132710d2894b7175f12a5e323a7119afd27786b01965d49b9c885ff3768f40b9d57817bc1305124f40ced3b1ac99666773a3a64cce079e95acbc31d42f416aad362594008547aae561213b022db32ed9d1bd67df5c020bc44dcc073982b4566fd04048555b1ea84279063d5b1047e9f42776ef03677d2dd1454433fdb3feced3f41b92efdfeda545d56c1c9ba349584c9095f3ad9e31c2db11cbe3007ee7817f5846f87eb01c296d81b36dbbc765b4c7af74aface1276dd4fd91963729e495694b6af5c0d6111c49115a2c3f0203010001,seq=5
info|2026-02-07 10:54:52.887083|fisco-bcos-0x00007dcac81c16c0|[P2PService][Service2][onReceivePeersRouterTable],peer=3082010a0282010100a492268b412bea3e8f972dff0dc52c521cd06884f53d90f3889c7014f7cb635c38a07b81af9630f2b04238a726b029af6b4b924e132710d2894b7175f12a5e323a7119afd27786b01965d49b9c885ff3768f40b9d57817bc1305124f40ced3b1ac99666773a3a64cce079e95acbc31d42f416aad362594008547aae561213b022db32ed9d1bd67df5c020bc44dcc073982b4566fd04048555b1ea84279063d5b1047e9f42776ef03677d2dd1454433fdb3feced3f41b92efdfeda545d56c1c9ba349584c9095f3ad9e31c2db11cbe3007ee7817f5846f87eb01c296d81b36dbbc765b4c7af74aface1276dd4fd91963729e495694b6af5c0d6111c49115a2c3f0203010001,entrySize=3
info|2026-02-07 10:54:52.887116|fisco-bcos-0x00007dcac81c16c0|[P2PService][Service2][joinRouterTable]create router entry,dst=3082010a0282010100a492268b412bea3e8f972dff0dc52c521cd06884f53d90f3889c7014f7cb635c38a07b81af9630f2b04238a726b029af6b4b924e132710d2894b7175f12a5e323a7119afd27786b01965d49b9c885ff3768f40b9d57817bc1305124f40ced3b1ac99666773a3a64cce079e95acbc31d42f416aad362594008547aae561213b022db32ed9d1bd67df5c020bc44dcc073982b4566fd04048555b1ea84279063d5b1047e9f42776ef03677d2dd1454433fdb3feced3f41b92efdfeda545d56c1c9ba349584c9095f3ad9e31c2db11cbe3007ee7817f5846f87eb01c296d81b36dbbc765b4c7af74aface1276dd4fd91963729e495694b6af5c0d6111c49115a2c3f0203010001
info|2026-02-07 10:54:53.861489|fisco-bcos-0x00007dcac5dfc6c0|[Gateway][GatewayNodeManager]generateNodeStatus,groupType=0,groupID=group0,nodeListSize=1,nodeTypeListSize=1,seq=3
info|2026-02-07 10:54:53.861554|fisco-bcos-0x00007dcac5dfc6c0|[Gateway][GatewayNodeManager]generateNodeStatus,nodeListSize=1
info|2026-02-07 10:54:53.861575|fisco-bcos-0x00007dcac69fe6c0|[Gateway][GatewayNodeManager]generateNodeStatus,groupType=0,groupID=group0,nodeListSize=1,nodeTypeListSize=1,seq=3
info|2026-02-07 10:54:53.861602|fisco-bcos-0x00007dcac69fe6c0|[Gateway][GatewayNodeManager]generateNodeStatus,nodeListSize=1
info|2026-02-07 10:54:53.862787|fisco-bcos-0x00007dca861f46c0|[Gateway][GatewayNodeManager]generateNodeStatus,groupType=0,groupID=group0,nodeListSize=1,nodeTypeListSize=1,seq=3
info|2026-02-07 10:54:53.862825|fisco-bcos-0x00007dca861f46c0|[Gateway][GatewayNodeManager]generateNodeStatus,nodeListSize=1
info|2026-02-07 10:54:53.907184|fisco-bcos-0x00007dcac55ff6c0|[TIMESYNC]updateTimeInfo: update median time offset,updatedMedianTimeOffset=0,peer=2346c69c...,peerTime=1770432893866,peerOffset=-41,utcTime=1770432893907
info|2026-02-07 10:54:53.908183|fisco-bcos-0x00007dcac85c26c0|[Gateway][GatewayNodeManager]onReceiveNodeStatus,from=3082010a0282010100a492268b412bea3e8f972dff0dc52c521cd06884f53d90f3889c7014f7cb635c38a07b81af9630f2b04238a726b029af6b4b924e132710d2894b7175f12a5e323a7119afd27786b01965d49b9c885ff3768f40b9d57817bc1305124f40ced3b1ac99666773a3a64cce079e95acbc31d42f416aad362594008547aae561213b022db32ed9d1bd67df5c020bc44dcc073982b4566fd04048555b1ea84279063d5b1047e9f42776ef03677d2dd1454433fdb3feced3f41b92efdfeda545d56c1c9ba349584c9095f3ad9e31c2db11cbe3007ee7817f5846f87eb01c296d81b36dbbc765b4c7af74aface1276dd4fd91963729e495694b6af5c0d6111c49115a2c3f0203010001,seq=3,uuid=3082010a0282010100a492268b412bea3e8f972dff0dc52c521cd06884f53d90f3889c7014f7cb635c38a07b81af9630f2b04238a726b029af6b4b924e132710d2894b7175f12a5e323a7119afd27786b01965d49b9c885ff3768f40b9d57817bc1305124f40ced3b1ac99666773a3a64cce079e95acbc31d42f416aad362594008547aae561213b022db32ed9d1bd67df5c020bc44dcc073982b4566fd04048555b1ea84279063d5b1047e9f42776ef03677d2dd1454433fdb3feced3f41b92efdfeda545d56c1c9ba349584c9095f3ad9e31c2db11cbe3007ee7817f5846f87eb01c296d81b36dbbc765b4c7af74aface1276dd4fd91963729e495694b6af5c0d6111c49115a2c3f0203010001
info|2026-02-07 10:54:53.908203|fisco-bcos-0x00007dcac85c26c0|[Gateway][Router]updatePeerStatus,gatewayUUID=3082010a0282010100a492268b412bea3e8f972dff0dc52c521cd06884f53d90f3889c7014f7cb635c38a07b81af9630f2b04238a726b029af6b4b924e132710d2894b7175f12a5e323a7119afd27786b01965d49b9c885ff3768f40b9d57817bc1305124f40ced3b1ac99666773a3a64cce079e95acbc31d42f416aad362594008547aae561213b022db32ed9d1bd67df5c020bc44dcc073982b4566fd04048555b1ea84279063d5b1047e9f42776ef03677d2dd1454433fdb3feced3f41b92efdfeda545d56c1c9ba349584c9095f3ad9e31c2db11cbe3007ee7817f5846f87eb01c296d81b36dbbc765b4c7af74aface1276dd4fd91963729e495694b6af5c0d6111c49115a2c3f0203010001,nodeList=1
info|2026-02-07 10:54:53.908214|fisco-bcos-0x00007dcac85c26c0|[Gateway][Router]batchInsertNodeList,group=group0,nodeIDs=1,protocols=1
info|2026-02-07 10:54:53.908225|fisco-bcos-0x00007dcac85c26c0|[Gateway][Router]GatewayStatus: update,group=group0,type=0,p2pID=3082010a0282010100a492268b412bea3e8f972dff0dc52c521cd06884f53d90f3889c7014f7cb635c38a07b81af9630f2b04238a726b029af6b4b924e132710d2894b7175f12a5e323a7119afd27786b01965d49b9c885ff3768f40b9d57817bc1305124f40ced3b1ac99666773a3a64cce079e95acbc31d42f416aad362594008547aae561213b022db32ed9d1bd67df5c020bc44dcc073982b4566fd04048555b1ea84279063d5b1047e9f42776ef03677d2dd1454433fdb3feced3f41b92efdfeda545d56c1c9ba349584c9095f3ad9e31c2db11cbe3007ee7817f5846f87eb01c296d81b36dbbc765b4c7af74aface1276dd4fd91963729e495694b6af5c0d6111c49115a2c3f0203010001
info|2026-02-07 10:54:53.908237|fisco-bcos-0x00007dcac85c26c0|[Gateway][GatewayNodeManager]syncLatestNodeIDList,groupID=group0,nodeCount=2
info|2026-02-07 10:54:53.908244|fisco-bcos-0x00007dcac85c26c0|[FrontService]protocolNegotiate success,nodeID=5b07d12d1512a66493c8fd3456d8c505e6ce05f20061613a4c48a1fa3755bbf9cc2d2f1878c4a6733389f03deb0a3fc0c672e2f4910fde9802d6675929cb3dc5,groupID=group0,minVersion=0,maxVersion=2,supportedMinVersion=0,supportedMaxVersion=2,version=2
info|2026-02-07 10:54:53.908251|fisco-bcos-0x00007dcac85c26c0|[FrontService]protocolNegotiate success,nodeID=2346c69c46d42278eb237167eb19eb28432b63783cc0fd7cddc90f89c148e755db8941be9b0c5f37cbc21c409a78c154abc75ce0c80818c6fbb76aea6bcd0a9a,groupID=group0,minVersion=0,maxVersion=2,supportedMinVersion=0,supportedMaxVersion=2,version=2
info|2026-02-07 10:54:53.908257|fisco-bcos-0x00007dcac85c26c0|[FrontService]onReceiveGroupNodeInfo,groupID=group0,nodeIDs.size()=2
info|2026-02-07 10:54:53.908346|fisco-bcos-0x00007dca81de76c0|SyncConfig: setConnectedNodeList,size=2
info|2026-02-07 10:54:53.908459|fisco-bcos-0x00007dca81de76c0|SyncConfig: setConnectedNodeList,size=2
info|2026-02-07 10:54:53.908479|fisco-bcos-0x00007dca81de76c0|[FRONTSERVICE]notifyGroupNodeInfo,connectedNodeSize=2
info|2026-02-07 10:54:53.910598|fisco-bcos-0x00007dcac4ffe6c0|[Gateway][GatewayNodeManager]onReceiveNodeStatus,from=3082010a0282010100d938a7d0e5078fdc3bfe83bfe8c789160de4c9e207ff836ef8d64a0c846f5f628646fe9170bec49eec44aebb3f17334e76b1003dae65d6858a626d60a3ff3dbbff8cf15ca934ca0f7a09b9ae6c17c911bb2f6083cab81540e00a8d9b9393a3341b90dd134f4a2ec21f1d8c55c2df687896873a36661a862226614582077d41811bcb3e6632cbf1767f6189b76054e8186606ee5a2c73bffe1bd6c8fc415f481324f015045231d662173b6f7e814068dffd598ce9a6f4630744bb0aa80f9f74403f4c3da3ca856b40d043885cc1e7beac524853fafb01fb61c3023ab04047e29d50a5d4cd612fc9ae90e7832fde7d1dea0804dc16fff17500517be0bf5d28f4ab0203010001,seq=3,uuid=3082010a0282010100d938a7d0e5078fdc3bfe83bfe8c789160de4c9e207ff836ef8d64a0c846f5f628646fe9170bec49eec44aebb3f17334e76b1003dae65d6858a626d60a3ff3dbbff8cf15ca934ca0f7a09b9ae6c17c911bb2f6083cab81540e00a8d9b9393a3341b90dd134f4a2ec21f1d8c55c2df687896873a36661a862226614582077d41811bcb3e6632cbf1767f6189b76054e8186606ee5a2c73bffe1bd6c8fc415f481324f015045231d662173b6f7e814068dffd598ce9a6f4630744bb0aa80f9f74403f4c3da3ca856b40d043885cc1e7beac524853fafb01fb61c3023ab04047e29d50a5d4cd612fc9ae90e7832fde7d1dea0804dc16fff17500517be0bf5d28f4ab0203010001
info|2026-02-07 10:54:53.910657|fisco-bcos-0x00007dcac4ffe6c0|[Gateway][Router]updatePeerStatus,gatewayUUID=3082010a0282010100d938a7d0e5078fdc3bfe83bfe8c789160de4c9e207ff836ef8d64a0c846f5f628646fe9170bec49eec44aebb3f17334e76b1003dae65d6858a626d60a3ff3dbbff8cf15ca934ca0f7a09b9ae6c17c911bb2f6083cab81540e00a8d9b9393a3341b90dd134f4a2ec21f1d8c55c2df687896873a36661a862226614582077d41811bcb3e6632cbf1767f6189b76054e8186606ee5a2c73bffe1bd6c8fc415f481324f015045231d662173b6f7e814068dffd598ce9a6f4630744bb0aa80f9f74403f4c3da3ca856b40d043885cc1e7beac524853fafb01fb61c3023ab04047e29d50a5d4cd612fc9ae90e7832fde7d1dea0804dc16fff17500517be0bf5d28f4ab0203010001,nodeList=1
info|2026-02-07 10:54:53.910670|fisco-bcos-0x00007dcac4ffe6c0|[Gateway][Router]batchInsertNodeList,group=group0,nodeIDs=1,protocols=1
info|2026-02-07 10:54:53.910680|fisco-bcos-0x00007dcac4ffe6c0|[Gateway][Router]GatewayStatus: update,group=group0,type=0,p2pID=3082010a0282010100d938a7d0e5078fdc3bfe83bfe8c789160de4c9e207ff836ef8d64a0c846f5f628646fe9170bec49eec44aebb3f17334e76b1003dae65d6858a626d60a3ff3dbbff8cf15ca934ca0f7a09b9ae6c17c911bb2f6083cab81540e00a8d9b9393a3341b90dd134f4a2ec21f1d8c55c2df687896873a36661a862226614582077d41811bcb3e6632cbf1767f6189b76054e8186606ee5a2c73bffe1bd6c8fc415f481324f015045231d662173b6f7e814068dffd598ce9a6f4630744bb0aa80f9f74403f4c3da3ca856b40d043885cc1e7beac524853fafb01fb61c3023ab04047e29d50a5d4cd612fc9ae90e7832fde7d1dea0804dc16fff17500517be0bf5d28f4ab0203010001
info|2026-02-07 10:54:53.910694|fisco-bcos-0x00007dcac4ffe6c0|[Gateway][GatewayNodeManager]syncLatestNodeIDList,groupID=group0,nodeCount=3
info|2026-02-07 10:54:53.910699|fisco-bcos-0x00007dcac4ffe6c0|[FrontService]protocolNegotiate success,nodeID=5b07d12d1512a66493c8fd3456d8c505e6ce05f20061613a4c48a1fa3755bbf9cc2d2f1878c4a6733389f03deb0a3fc0c672e2f4910fde9802d6675929cb3dc5,groupID=group0,minVersion=0,maxVersion=2,supportedMinVersion=0,supportedMaxVersion=2,version=2
info|2026-02-07 10:54:53.910709|fisco-bcos-0x00007dcac4ffe6c0|[FrontService]protocolNegotiate success,nodeID=21a47acec36f73d8e925a7d5db44793f998e1a42a6d7ee2e3a5cf4037b853452cb76f6cbab8e5b223a128e8ee15790d1f629858b47070b4eb2e1ddb2b0ada297,groupID=group0,minVersion=0,maxVersion=2,supportedMinVersion=0,supportedMaxVersion=2,version=2
info|2026-02-07 10:54:53.910713|fisco-bcos-0x00007dcac4ffe6c0|[FrontService]protocolNegotiate success,nodeID=2346c69c46d42278eb237167eb19eb28432b63783cc0fd7cddc90f89c148e755db8941be9b0c5f37cbc21c409a78c154abc75ce0c80818c6fbb76aea6bcd0a9a,groupID=group0,minVersion=0,maxVersion=2,supportedMinVersion=0,supportedMaxVersion=2,version=2
info|2026-02-07 10:54:53.910723|fisco-bcos-0x00007dcac4ffe6c0|[FrontService]onReceiveGroupNodeInfo,groupID=group0,nodeIDs.size()=3
info|2026-02-07 10:54:53.910816|fisco-bcos-0x00007dcac47fc6c0|SyncConfig: setConnectedNodeList,size=3
info|2026-02-07 10:54:53.911015|fisco-bcos-0x00007dcac47fc6c0|SyncConfig: setConnectedNodeList,size=3
info|2026-02-07 10:54:53.911054|fisco-bcos-0x00007dcac47fc6c0|[FRONTSERVICE]notifyGroupNodeInfo,connectedNodeSize=3
info|2026-02-07 10:54:53.911906|fisco-bcos-0x00007dcabd3fe6c0|[Gateway][GatewayNodeManager]onReceiveNodeStatus,from=3082010a02820101009d9833c7e1dbf7d476b1fd7227e247b488323cbd272862d096a4010035236b7d36e2aede87e4f36adfd2e2e44f2945e9a4170901f5865f04cb779a1c1e1fc2f3e56fc6ea80a2665d5da60fce851ccd94bb60aced8e256a551ebb6edcf78febb8eb8bbb3c4fab73bacd5675925d72c787a8d8e179c70b24c484ae98ea7cc956a196c0c8266073d549963e44bfee479261b4c7a5497320d8a89de71743baf1516450118e57b4b07227de0429adf0d02305ad79d40958f48b3c7d6802814fc5c25be7c54c85463c993254d08401e1c7c1cc5586b265a1616617cc2ba7f29e928ff792e4ff33ada9b1bb7ee5a43130da18ba109a9e2186dfa6c2dc1d823e9066e1590203010001,seq=3,uuid=3082010a02820101009d9833c7e1dbf7d476b1fd7227e247b488323cbd272862d096a4010035236b7d36e2aede87e4f36adfd2e2e44f2945e9a4170901f5865f04cb779a1c1e1fc2f3e56fc6ea80a2665d5da60fce851ccd94bb60aced8e256a551ebb6edcf78febb8eb8bbb3c4fab73bacd5675925d72c787a8d8e179c70b24c484ae98ea7cc956a196c0c8266073d549963e44bfee479261b4c7a5497320d8a89de71743baf1516450118e57b4b07227de0429adf0d02305ad79d40958f48b3c7d6802814fc5c25be7c54c85463c993254d08401e1c7c1cc5586b265a1616617cc2ba7f29e928ff792e4ff33ada9b1bb7ee5a43130da18ba109a9e2186dfa6c2dc1d823e9066e1590203010001
info|2026-02-07 10:54:53.911963|fisco-bcos-0x00007dcabd3fe6c0|[Gateway][Router]updatePeerStatus,gatewayUUID=3082010a02820101009d9833c7e1dbf7d476b1fd7227e247b488323cbd272862d096a4010035236b7d36e2aede87e4f36adfd2e2e44f2945e9a4170901f5865f04cb779a1c1e1fc2f3e56fc6ea80a2665d5da60fce851ccd94bb60aced8e256a551ebb6edcf78febb8eb8bbb3c4fab73bacd5675925d72c787a8d8e179c70b24c484ae98ea7cc956a196c0c8266073d549963e44bfee479261b4c7a5497320d8a89de71743baf1516450118e57b4b07227de0429adf0d02305ad79d40958f48b3c7d6802814fc5c25be7c54c85463c993254d08401e1c7c1cc5586b265a1616617cc2ba7f29e928ff792e4ff33ada9b1bb7ee5a43130da18ba109a9e2186dfa6c2dc1d823e9066e1590203010001,nodeList=1
info|2026-02-07 10:54:53.911974|fisco-bcos-0x00007dcabd3fe6c0|[Gateway][Router]batchInsertNodeList,group=group0,nodeIDs=1,protocols=1
info|2026-02-07 10:54:53.912307|fisco-bcos-0x00007dcabd3fe6c0|[Gateway][Router]GatewayStatus: update,group=group0,type=0,p2pID=3082010a02820101009d9833c7e1dbf7d476b1fd7227e247b488323cbd272862d096a4010035236b7d36e2aede87e4f36adfd2e2e44f2945e9a4170901f5865f04cb779a1c1e1fc2f3e56fc6ea80a2665d5da60fce851ccd94bb60aced8e256a551ebb6edcf78febb8eb8bbb3c4fab73bacd5675925d72c787a8d8e179c70b24c484ae98ea7cc956a196c0c8266073d549963e44bfee479261b4c7a5497320d8a89de71743baf1516450118e57b4b07227de0429adf0d02305ad79d40958f48b3c7d6802814fc5c25be7c54c85463c993254d08401e1c7c1cc5586b265a1616617cc2ba7f29e928ff792e4ff33ada9b1bb7ee5a43130da18ba109a9e2186dfa6c2dc1d823e9066e1590203010001
info|2026-02-07 10:54:53.912340|fisco-bcos-0x00007dcabd3fe6c0|[Gateway][GatewayNodeManager]syncLatestNodeIDList,groupID=group0,nodeCount=4
info|2026-02-07 10:54:53.912347|fisco-bcos-0x00007dcabd3fe6c0|[FrontService]protocolNegotiate success,nodeID=5b07d12d1512a66493c8fd3456d8c505e6ce05f20061613a4c48a1fa3755bbf9cc2d2f1878c4a6733389f03deb0a3fc0c672e2f4910fde9802d6675929cb3dc5,groupID=group0,minVersion=0,maxVersion=2,supportedMinVersion=0,supportedMaxVersion=2,version=2
info|2026-02-07 10:54:53.912670|fisco-bcos-0x00007dcabd3fe6c0|[FrontService]protocolNegotiate success,nodeID=0d6a7f52cb87ce7fda869e0db309ec9c53723c46f81632c21e4abbf1a9159f14d53f37cc0c4141548da9ec877d6235afd7a501c40d296fc4c5252a8717aa23c2,groupID=group0,minVersion=0,maxVersion=2,supportedMinVersion=0,supportedMaxVersion=2,version=2
info|2026-02-07 10:54:53.912690|fisco-bcos-0x00007dcabd3fe6c0|[FrontService]protocolNegotiate success,nodeID=21a47acec36f73d8e925a7d5db44793f998e1a42a6d7ee2e3a5cf4037b853452cb76f6cbab8e5b223a128e8ee15790d1f629858b47070b4eb2e1ddb2b0ada297,groupID=group0,minVersion=0,maxVersion=2,supportedMinVersion=0,supportedMaxVersion=2,version=2
info|2026-02-07 10:54:53.912698|fisco-bcos-0x00007dcabd3fe6c0|[FrontService]protocolNegotiate success,nodeID=2346c69c46d42278eb237167eb19eb28432b63783cc0fd7cddc90f89c148e755db8941be9b0c5f37cbc21c409a78c154abc75ce0c80818c6fbb76aea6bcd0a9a,groupID=group0,minVersion=0,maxVersion=2,supportedMinVersion=0,supportedMaxVersion=2,version=2
info|2026-02-07 10:54:53.912705|fisco-bcos-0x00007dcabd3fe6c0|[FrontService]onReceiveGroupNodeInfo,groupID=group0,nodeIDs.size()=4
info|2026-02-07 10:54:53.912799|fisco-bcos-0x00007dcabd3fe6c0|SyncConfig: setConnectedNodeList,size=4
info|2026-02-07 10:54:53.912955|fisco-bcos-0x00007dcabd3fe6c0|SyncConfig: setConnectedNodeList,size=4
info|2026-02-07 10:54:53.912967|fisco-bcos-0x00007dcabd3fe6c0|[FRONTSERVICE]notifyGroupNodeInfo,connectedNodeSize=4
info|2026-02-07 10:54:54.098283|fisco-bcos-0x00007dcac85c26c0|[TIMESYNC]updateTimeInfo: update median time offset,updatedMedianTimeOffset=0,peer=21a47ace...,peerTime=1770432894060,peerOffset=-38,utcTime=1770432894098
info|2026-02-07 10:54:54.098317|fisco-bcos-0x00007dca819e66c0|[TIMESYNC]updateTimeInfo: update median time offset,updatedMedianTimeOffset=0,peer=0d6a7f52...,peerTime=1770432894055,peerOffset=-43,utcTime=1770432894098
info|2026-02-07 10:54:54.862126|amopDispatcher-0x00007dcaee9fd6c0|[AMOP][AMOP][onReceiveRequestTopicMessage],nodeID=3082010a0282010100d938a7d0e5078fdc3bfe83bfe8c789160de4c9e207ff836ef8d64a0c846f5f628646fe9170bec49eec44aebb3f17334e76b1003dae65d6858a626d60a3ff3dbbff8cf15ca934ca0f7a09b9ae6c17c911bb2f6083cab81540e00a8d9b9393a3341b90dd134f4a2ec21f1d8c55c2df687896873a36661a862226614582077d41811bcb3e6632cbf1767f6189b76054e8186606ee5a2c73bffe1bd6c8fc415f481324f015045231d662173b6f7e814068dffd598ce9a6f4630744bb0aa80f9f74403f4c3da3ca856b40d043885cc1e7beac524853fafb01fb61c3023ab04047e29d50a5d4cd612fc9ae90e7832fde7d1dea0804dc16fff17500517be0bf5d28f4ab0203010001,topicJson={"topicItems":[],"topicSeq":1}
info|2026-02-07 10:54:54.862672|amopDispatcher-0x00007dcaee9fd6c0|[AMOP][AMOP][onReceiveRequestTopicMessage],nodeID=3082010a02820101009d9833c7e1dbf7d476b1fd7227e247b488323cbd272862d096a4010035236b7d36e2aede87e4f36adfd2e2e44f2945e9a4170901f5865f04cb779a1c1e1fc2f3e56fc6ea80a2665d5da60fce851ccd94bb60aced8e256a551ebb6edcf78febb8eb8bbb3c4fab73bacd5675925d72c787a8d8e179c70b24c484ae98ea7cc956a196c0c8266073d549963e44bfee479261b4c7a5497320d8a89de71743baf1516450118e57b4b07227de0429adf0d02305ad79d40958f48b3c7d6802814fc5c25be7c54c85463c993254d08401e1c7c1cc5586b265a1616617cc2ba7f29e928ff792e4ff33ada9b1bb7ee5a43130da18ba109a9e2186dfa6c2dc1d823e9066e1590203010001,topicJson={"topicItems":[],"topicSeq":1}
info|2026-02-07 10:54:54.864268|amopDispatcher-0x00007dcaee9fd6c0|[AMOP][AMOP][onReceiveTopicSeqMessage][try to request latest AMOP information],nodeID=3082010a02820101009d9833c7e1dbf7d476b1fd7227e247b488323cbd272862d096a4010035236b7d36e2aede87e4f36adfd2e2e44f2945e9a4170901f5865f04cb779a1c1e1fc2f3e56fc6ea80a2665d5da60fce851ccd94bb60aced8e256a551ebb6edcf78febb8eb8bbb3c4fab73bacd5675925d72c787a8d8e179c70b24c484ae98ea7cc956a196c0c8266073d549963e44bfee479261b4c7a5497320d8a89de71743baf1516450118e57b4b07227de0429adf0d02305ad79d40958f48b3c7d6802814fc5c25be7c54c85463c993254d08401e1c7c1cc5586b265a1616617cc2ba7f29e928ff792e4ff33ada9b1bb7ee5a43130da18ba109a9e2186dfa6c2dc1d823e9066e1590203010001,topicSeq=1
info|2026-02-07 10:54:54.868699|amopDispatcher-0x00007dcaee9fd6c0|[AMOP][AMOP][onReceiveTopicSeqMessage][try to request latest AMOP information],nodeID=3082010a0282010100a492268b412bea3e8f972dff0dc52c521cd06884f53d90f3889c7014f7cb635c38a07b81af9630f2b04238a726b029af6b4b924e132710d2894b7175f12a5e323a7119afd27786b01965d49b9c885ff3768f40b9d57817bc1305124f40ced3b1ac99666773a3a64cce079e95acbc31d42f416aad362594008547aae561213b022db32ed9d1bd67df5c020bc44dcc073982b4566fd04048555b1ea84279063d5b1047e9f42776ef03677d2dd1454433fdb3feced3f41b92efdfeda545d56c1c9ba349584c9095f3ad9e31c2db11cbe3007ee7817f5846f87eb01c296d81b36dbbc765b4c7af74aface1276dd4fd91963729e495694b6af5c0d6111c49115a2c3f0203010001,topicSeq=1
info|2026-02-07 10:54:54.870916|amopDispatcher-0x00007dcaee9fd6c0|[AMOP][AMOP][onReceiveRequestTopicMessage],nodeID=3082010a0282010100a492268b412bea3e8f972dff0dc52c521cd06884f53d90f3889c7014f7cb635c38a07b81af9630f2b04238a726b029af6b4b924e132710d2894b7175f12a5e323a7119afd27786b01965d49b9c885ff3768f40b9d57817bc1305124f40ced3b1ac99666773a3a64cce079e95acbc31d42f416aad362594008547aae561213b022db32ed9d1bd67df5c020bc44dcc073982b4566fd04048555b1ea84279063d5b1047e9f42776ef03677d2dd1454433fdb3feced3f41b92efdfeda545d56c1c9ba349584c9095f3ad9e31c2db11cbe3007ee7817f5846f87eb01c296d81b36dbbc765b4c7af74aface1276dd4fd91963729e495694b6af5c0d6111c49115a2c3f0203010001,topicJson={"topicItems":[],"topicSeq":1}
info|2026-02-07 10:54:54.871066|amopDispatcher-0x00007dcaee9fd6c0|[AMOP][TOPIC][parseTopicItemsJson],topicSeq=1,topicItems size=0,json={"topicItems":[],"topicSeq":1}
info|2026-02-07 10:54:54.871084|amopDispatcher-0x00007dcaee9fd6c0|[AMOP][TOPIC][updateSeqAndTopicsByNodeID],nodeID=3082010a0282010100a492268b412bea3e8f972dff0dc52c521cd06884f53d90f3889c7014f7cb635c38a07b81af9630f2b04238a726b029af6b4b924e132710d2894b7175f12a5e323a7119afd27786b01965d49b9c885ff3768f40b9d57817bc1305124f40ced3b1ac99666773a3a64cce079e95acbc31d42f416aad362594008547aae561213b022db32ed9d1bd67df5c020bc44dcc073982b4566fd04048555b1ea84279063d5b1047e9f42776ef03677d2dd1454433fdb3feced3f41b92efdfeda545d56c1c9ba349584c9095f3ad9e31c2db11cbe3007ee7817f5846f87eb01c296d81b36dbbc765b4c7af74aface1276dd4fd91963729e495694b6af5c0d6111c49115a2c3f0203010001,topicSeq=1,topicItems size=0
info|2026-02-07 10:54:54.914899|amopDispatcher-0x00007dcaee9fd6c0|[AMOP][AMOP][onReceiveTopicSeqMessage][try to request latest AMOP information],nodeID=3082010a0282010100d938a7d0e5078fdc3bfe83bfe8c789160de4c9e207ff836ef8d64a0c846f5f628646fe9170bec49eec44aebb3f17334e76b1003dae65d6858a626d60a3ff3dbbff8cf15ca934ca0f7a09b9ae6c17c911bb2f6083cab81540e00a8d9b9393a3341b90dd134f4a2ec21f1d8c55c2df687896873a36661a862226614582077d41811bcb3e6632cbf1767f6189b76054e8186606ee5a2c73bffe1bd6c8fc415f481324f015045231d662173b6f7e814068dffd598ce9a6f4630744bb0aa80f9f74403f4c3da3ca856b40d043885cc1e7beac524853fafb01fb61c3023ab04047e29d50a5d4cd612fc9ae90e7832fde7d1dea0804dc16fff17500517be0bf5d28f4ab0203010001,topicSeq=1
info|2026-02-07 10:54:54.915324|amopDispatcher-0x00007dcaee9fd6c0|[AMOP][TOPIC][parseTopicItemsJson],topicSeq=1,topicItems size=0,json={"topicItems":[],"topicSeq":1}
info|2026-02-07 10:54:54.915398|amopDispatcher-0x00007dcaee9fd6c0|[AMOP][TOPIC][updateSeqAndTopicsByNodeID],nodeID=3082010a02820101009d9833c7e1dbf7d476b1fd7227e247b488323cbd272862d096a4010035236b7d36e2aede87e4f36adfd2e2e44f2945e9a4170901f5865f04cb779a1c1e1fc2f3e56fc6ea80a2665d5da60fce851ccd94bb60aced8e256a551ebb6edcf78febb8eb8bbb3c4fab73bacd5675925d72c787a8d8e179c70b24c484ae98ea7cc956a196c0c8266073d549963e44bfee479261b4c7a5497320d8a89de71743baf1516450118e57b4b07227de0429adf0d02305ad79d40958f48b3c7d6802814fc5c25be7c54c85463c993254d08401e1c7c1cc5586b265a1616617cc2ba7f29e928ff792e4ff33ada9b1bb7ee5a43130da18ba109a9e2186dfa6c2dc1d823e9066e1590203010001,topicSeq=1,topicItems size=0
info|2026-02-07 10:54:54.922509|amopDispatcher-0x00007dcaee9fd6c0|[AMOP][TOPIC][parseTopicItemsJson],topicSeq=1,topicItems size=0,json={"topicItems":[],"topicSeq":1}
info|2026-02-07 10:54:54.922665|amopDispatcher-0x00007dcaee9fd6c0|[AMOP][TOPIC][updateSeqAndTopicsByNodeID],nodeID=3082010a0282010100d938a7d0e5078fdc3bfe83bfe8c789160de4c9e207ff836ef8d64a0c846f5f628646fe9170bec49eec44aebb3f17334e76b1003dae65d6858a626d60a3ff3dbbff8cf15ca934ca0f7a09b9ae6c17c911bb2f6083cab81540e00a8d9b9393a3341b90dd134f4a2ec21f1d8c55c2df687896873a36661a862226614582077d41811bcb3e6632cbf1767f6189b76054e8186606ee5a2c73bffe1bd6c8fc415f481324f015045231d662173b6f7e814068dffd598ce9a6f4630744bb0aa80f9f74403f4c3da3ca856b40d043885cc1e7beac524853fafb01fb61c3023ab04047e29d50a5d4cd612fc9ae90e7832fde7d1dea0804dc16fff17500517be0bf5d28f4ab0203010001,topicSeq=1,topicItems size=0
info|2026-02-07 10:54:55.853346|pbftTimer-0x00007dcace5ce6c0|[CONSENSUS][PBFT]notify to seal next proposal,nextProposalIndex=148
info|2026-02-07 10:54:55.853490|pbftTimer-0x00007dcace5ce6c0|[CONSENSUS][PBFT]notify the committed proposal index to the sync module success,index=147
info|2026-02-07 10:54:55.853782|pbftTimer-0x00007dcace5ce6c0|[CONSENSUS][PBFT]broadcastViewChangeReq,reqHash=b10a5704...,reqIndex=147,reqV=3,fromIdx=3,wait(ms)=0,packetSize=162
info|2026-02-07 10:54:55.853888|pbftTimer-0x00007dcace5ce6c0|[CONSENSUS][PBFT]addViewChangeReq,reqHash=b10a5704...,reqIndex=147,reqV=3,fromIdx=3,wait(ms)=0,weight=1,maxCommittedIndex=147,maxPrecommitIndex=0 preparedProposalInfo: ,committedIndex=147,consNum=148,committedHash=b10a5704...,view=0,toView=3,changeCycle=1,expectedCheckPoint=148,Idx=3,unsealedTxs=0,sealUntil=0,waitResealUntil=0,consensusTimeout=3000,nodeId=5b07d12d...
warning|2026-02-07 10:54:55.853984|pbftTimer-0x00007dcace5ce6c0|[CONSENSUS][PBFT]After onTimeout,committedIndex=147,consNum=148,committedHash=b10a5704...,view=0,toView=3,changeCycle=1,expectedCheckPoint=148,Idx=3,unsealedTxs=0,sealUntil=0,waitResealUntil=0,consensusTimeout=3000,nodeId=5b07d12d...,lockT=0,timecost=2
info|2026-02-07 10:54:55.854445|pbft-0x00007dcab9ffd6c0|[CONSENSUS][PBFT]addViewChangeReq,reqHash=b10a5704...,reqIndex=147,reqV=3,fromIdx=0,wait(ms)=2,weight=2,maxCommittedIndex=147,maxPrecommitIndex=0 preparedProposalInfo: ,committedIndex=147,consNum=148,committedHash=b10a5704...,view=0,toView=3,changeCycle=1,expectedCheckPoint=148,Idx=3,unsealedTxs=0,sealUntil=0,waitResealUntil=0,consensusTimeout=3000,nodeId=5b07d12d...
info|2026-02-07 10:54:55.856000|pbft-0x00007dcab9ffd6c0|[CONSENSUS][PBFT]addViewChangeReq,reqHash=b10a5704...,reqIndex=147,reqV=3,fromIdx=2,wait(ms)=1,weight=3,maxCommittedIndex=147,maxPrecommitIndex=0 preparedProposalInfo: ,committedIndex=147,consNum=148,committedHash=b10a5704...,view=0,toView=3,changeCycle=1,expectedCheckPoint=148,Idx=3,unsealedTxs=0,sealUntil=0,waitResealUntil=0,consensusTimeout=3000,nodeId=5b07d12d...
info|2026-02-07 10:54:55.856228|pbft-0x00007dcab9ffd6c0|[CONSENSUS][PBFT]The next leader broadcast NewView request,reqHash=b10a5704...,reqIndex=147,reqV=3,fromIdx=3,wait(ms)=0,Idx=3
info|2026-02-07 10:54:55.856269|pbft-0x00007dcab9ffd6c0|[CONSENSUS][PBFT]resetNewViewState,m_view=0,_view=3
info|2026-02-07 10:54:55.856321|pbft-0x00007dcab9ffd6c0|[CONSENSUS][PBFT]resetCacheAfterViewChange,view=3,number=147,cacheSize=0
info|2026-02-07 10:54:55.856375|pbft-0x00007dcab9ffd6c0|[CONSENSUS][PBFT]reachNewView,committedIndex=147,consNum=148,committedHash=b10a5704...,view=3,toView=3,changeCycle=0,expectedCheckPoint=148,Idx=3,unsealedTxs=0,sealUntil=0,waitResealUntil=0,consensusTimeout=3000,nodeId=5b07d12d...
info|2026-02-07 10:54:55.856421|pbft-0x00007dcab9ffd6c0|[CONSENSUS][SEALER]resetSealingInfo,start=148,end=148,sealingNumber=148,waitUntil=0,unsealedTxs=0
info|2026-02-07 10:54:55.856436|pbft-0x00007dcab9ffd6c0|[CONSENSUS][PBFT]asyncNotifySealProposal success,startIndex=148,endIndex=148,maxTxsToSeal=1000
info|2026-02-07 10:54:55.856445|pbft-0x00007dcab9ffd6c0|[CONSENSUS][SEALER]asyncNotifySealProposal,startIndex=148,endIndex=148,maxTxsPerBlock=1000
info|2026-02-07 10:54:55.856450|pbft-0x00007dcab9ffd6c0|[CONSENSUS][PBFT]notifySealer: notify the new leader to seal block,lockNotifyT=0,idx=3,startIndex=148,endIndex=148,notifyBeginIndex=148,waitSealUntil=0,waitResealUntil=0,maxTxsToSeal=1000,committedIndex=147,consNum=148,committedHash=b10a5704...,view=3,toView=3,changeCycle=0,expectedCheckPoint=148,Idx=3,unsealedTxs=0,sealUntil=0,waitResealUntil=0,consensusTimeout=3000,nodeId=5b07d12d...
info|2026-02-07 10:54:55.856469|pbft-0x00007dcab9ffd6c0|[CONSENSUS][PBFT]notify to seal next proposal,nextProposalIndex=148
info|2026-02-07 10:54:55.856473|pbft-0x00007dcab9ffd6c0|[CONSENSUS][PBFT]notifyResetSealing,committedIndex=147,consNum=148,committedHash=b10a5704...,view=3,toView=3,changeCycle=0,expectedCheckPoint=148,Idx=3,unsealedTxs=0,sealUntil=0,waitResealUntil=0,consensusTimeout=3000,nodeId=5b07d12d...
info|2026-02-07 10:54:55.856485|pbft-0x00007dcab9ffd6c0|[CONSENSUS][SEALER]resetSealing,startNum=148,endNum=148,sealingNum=148,pendingTxs=0,unsealedTxs=0
info|2026-02-07 10:54:55.856491|pbft-0x00007dcab9ffd6c0|[CONSENSUS][PBFT]notifyResetSealing success,committedIndex=147,consNum=148,committedHash=b10a5704...,view=3,toView=3,changeCycle=0,expectedCheckPoint=148,Idx=3,unsealedTxs=0,sealUntil=0,waitResealUntil=0,consensusTimeout=3000,nodeId=5b07d12d...
info|2026-02-07 10:54:55.856503|pbft-0x00007dcab9ffd6c0|[CONSENSUS][SEALER]resetSealingInfo,start=148,end=148,sealingNumber=148,waitUntil=0,unsealedTxs=0
info|2026-02-07 10:54:55.856507|pbft-0x00007dcab9ffd6c0|[CONSENSUS][PBFT]asyncNotifySealProposal success,startIndex=148,endIndex=148,maxTxsToSeal=1000
info|2026-02-07 10:54:55.856513|pbft-0x00007dcab9ffd6c0|[CONSENSUS][SEALER]asyncNotifySealProposal,startIndex=148,endIndex=148,maxTxsPerBlock=1000
info|2026-02-07 10:54:55.856518|pbft-0x00007dcab9ffd6c0|[CONSENSUS][PBFT]notifySealer: notify the new leader to seal block,lockNotifyT=0,idx=3,startIndex=148,endIndex=148,notifyBeginIndex=148,waitSealUntil=0,waitResealUntil=0,maxTxsToSeal=1000,committedIndex=147,consNum=148,committedHash=b10a5704...,view=3,toView=3,changeCycle=0,expectedCheckPoint=148,Idx=3,unsealedTxs=0,sealUntil=0,waitResealUntil=0,consensusTimeout=3000,nodeId=5b07d12d...
info|2026-02-07 10:54:55.856525|pbft-0x00007dcab9ffd6c0|[CONSENSUS][PBFT]reNotifySealer,expectedStart=148,highWaterMark=198,leader=3,committedIndex=147,consNum=148,committedHash=b10a5704...,view=3,toView=3,changeCycle=0,expectedCheckPoint=148,Idx=3,unsealedTxs=0,sealUntil=0,waitResealUntil=0,consensusTimeout=3000,nodeId=5b07d12d...
info|2026-02-07 10:54:55.859053|pbft-0x00007dcab9ffd6c0|[CONSENSUS][PBFT]sendRecoverResponse to the node try to trigger viewchange,dst=21a47ace...,reqHash=b10a5704...,reqIndex=147,reqV=3,fromIdx=1,wait(ms)=1,committedIndex=147,consNum=148,committedHash=b10a5704...,view=3,toView=3,changeCycle=0,expectedCheckPoint=148,Idx=3,unsealedTxs=0,sealUntil=0,waitResealUntil=0,consensusTimeout=3000,nodeId=5b07d12d...
info|2026-02-07 10:54:55.859526|pbft-0x00007dcab9ffd6c0|[CONSENSUS][PBFT]addViewChangeReq,reqHash=b10a5704...,reqIndex=147,reqV=3,fromIdx=1,wait(ms)=1,weight=1,maxCommittedIndex=147,maxPrecommitIndex=0 preparedProposalInfo: ,committedIndex=147,consNum=148,committedHash=b10a5704...,view=3,toView=3,changeCycle=0,expectedCheckPoint=148,Idx=3,unsealedTxs=0,sealUntil=0,waitResealUntil=0,consensusTimeout=3000,nodeId=5b07d12d...
info|2026-02-07 10:54:55.860771|pbft-0x00007dcab9ffd6c0|[CONSENSUS][PBFT]sendRecoverResponse to the node try to trigger viewchange,dst=21a47ace...,reqHash=b10a5704...,reqIndex=147,reqV=4,fromIdx=1,wait(ms)=0,committedIndex=147,consNum=148,committedHash=b10a5704...,view=3,toView=3,changeCycle=0,expectedCheckPoint=148,Idx=3,unsealedTxs=0,sealUntil=0,waitResealUntil=0,consensusTimeout=3000,nodeId=5b07d12d...
info|2026-02-07 10:54:55.861209|pbft-0x00007dcab9ffd6c0|[CONSENSUS][PBFT]addViewChangeReq,reqHash=b10a5704...,reqIndex=147,reqV=4,fromIdx=1,wait(ms)=1,weight=1,maxCommittedIndex=147,maxPrecommitIndex=0 preparedProposalInfo: ,committedIndex=147,consNum=148,committedHash=b10a5704...,view=3,toView=3,changeCycle=0,expectedCheckPoint=148,Idx=3,unsealedTxs=0,sealUntil=0,waitResealUntil=0,consensusTimeout=3000,nodeId=5b07d12d...
info|2026-02-07 10:54:57.856619|pullTxsTimer-0x00007dcacddcd6c0|[CONSENSUS][PBFT]tryToSyncTxs: try to request unsealing txs from peer,committedIndex=147,consNum=148,committedHash=b10a5704...,view=3,toView=3,changeCycle=0,expectedCheckPoint=148,Idx=3,unsealedTxs=0,sealUntil=0,waitResealUntil=0,consensusTimeout=3000,nodeId=5b07d12d...
info|2026-02-07 10:55:03.944197|ioService-0x00007dcab85fe6c0|[NETWORK][Host]Connecting to node,endpoint=127.0.0.1:30300
info|2026-02-07 10:55:03.944366|ioService-0x00007dcab85fe6c0|[NETWORK][Host]Connecting to node,endpoint=127.0.0.1:30302
info|2026-02-07 10:55:03.944444|ioService-0x00007dcab85fe6c0|[P2PService][Service][METRIC]heartBeat,connected count=2
info|2026-02-07 10:55:03.944960|ioService-0x00007dcab75fc6c0|[ASIO][ASIO]asyncResolveConnect,endpoint=127.0.0.1:30300
info|2026-02-07 10:55:03.945284|ioService-0x00007dcab75fc6c0|[ASIO][ASIO]asyncResolveConnect,endpoint=127.0.0.1:30302
info|2026-02-07 10:55:03.946564|ioService-0x00007dcaafffd6c0|[Gateway][Factory][NEW]SSLContext pubHex: 3082010a0282010100a9ba081864ed1c68f5b81b4fa31a3cb4c81583e0e7c5eec4d7249ecd7d2c8f901393580ca25747abc4e01775b9ff41392cf15074a577cc078f4b07f3152faa0dfe540c63b8de93fbc3afe02564592e274c9c1a76bb0cc8c4692d9404f8e0b7b5440bd66d6e70c33a6d35aca5767a88332fd7853571427789bb25413b734abc293a58791b28aece40a8f74238c2f8b0d32bbbb5f020cfd72ad86d4fb6f1904605a5f43f0f58ed4c826346ad1b71ddac3a15040d6cd21f31f9044b82e690f91329d956b39005f4ab421029ebe499a3fe7179586deded25784665d8949c4db5defd0cbbaf2f27221f3d59e7314f4374086dceea8903a6aedc17d8ca5c7ec4b03fef0203010001
info|2026-02-07 10:55:03.946629|ioService-0x00007dcaafffd6c0|[NETWORK][Host]Get ca basic failed
info|2026-02-07 10:55:03.946832|ioService-0x00007dcaafffd6c0|[Gateway][Factory][NEW]SSLContext pubHex: 3082010a0282010100a492268b412bea3e8f972dff0dc52c521cd06884f53d90f3889c7014f7cb635c38a07b81af9630f2b04238a726b029af6b4b924e132710d2894b7175f12a5e323a7119afd27786b01965d49b9c885ff3768f40b9d57817bc1305124f40ced3b1ac99666773a3a64cce079e95acbc31d42f416aad362594008547aae561213b022db32ed9d1bd67df5c020bc44dcc073982b4566fd04048555b1ea84279063d5b1047e9f42776ef03677d2dd1454433fdb3feced3f41b92efdfeda545d56c1c9ba349584c9095f3ad9e31c2db11cbe3007ee7817f5846f87eb01c296d81b36dbbc765b4c7af74aface1276dd4fd91963729e495694b6af5c0d6111c49115a2c3f0203010001
info|2026-02-07 10:55:03.946896|ioService-0x00007dcaafffd6c0|[Gateway][Factory][NEW]SSLContext pubHex: A492268B412BEA3E8F972DFF0DC52C521CD06884F53D90F3889C7014F7CB635C38A07B81AF9630F2B04238A726B029AF6B4B924E132710D2894B7175F12A5E323A7119AFD27786B01965D49B9C885FF3768F40B9D57817BC1305124F40CED3B1AC99666773A3A64CCE079E95ACBC31D42F416AAD362594008547AAE561213B022DB32ED9D1BD67DF5C020BC44DCC073982B4566FD04048555B1EA84279063D5B1047E9F42776EF03677D2DD1454433FDB3FECED3F41B92EFDFEDA545D56C1C9BA349584C9095F3AD9E31C2DB11CBE3007EE7817F5846F87EB01C296D81B36DBBC765B4C7AF74AFACE1276DD4FD91963729E495694B6AF5C0D6111C49115A2C3F
info|2026-02-07 10:55:03.947092|ioService-0x00007dcaaf3ff6c0|[Gateway][Factory][NEW]SSLContext pubHex: 3082010a0282010100a9ba081864ed1c68f5b81b4fa31a3cb4c81583e0e7c5eec4d7249ecd7d2c8f901393580ca25747abc4e01775b9ff41392cf15074a577cc078f4b07f3152faa0dfe540c63b8de93fbc3afe02564592e274c9c1a76bb0cc8c4692d9404f8e0b7b5440bd66d6e70c33a6d35aca5767a88332fd7853571427789bb25413b734abc293a58791b28aece40a8f74238c2f8b0d32bbbb5f020cfd72ad86d4fb6f1904605a5f43f0f58ed4c826346ad1b71ddac3a15040d6cd21f31f9044b82e690f91329d956b39005f4ab421029ebe499a3fe7179586deded25784665d8949c4db5defd0cbbaf2f27221f3d59e7314f4374086dceea8903a6aedc17d8ca5c7ec4b03fef0203010001
info|2026-02-07 10:55:03.947130|ioService-0x00007dcaaf3ff6c0|[NETWORK][Host]Get ca basic failed
info|2026-02-07 10:55:03.947179|ioService-0x00007dcaaf3ff6c0|[Gateway][Factory][NEW]SSLContext pubHex: 3082010a02820101009d9833c7e1dbf7d476b1fd7227e247b488323cbd272862d096a4010035236b7d36e2aede87e4f36adfd2e2e44f2945e9a4170901f5865f04cb779a1c1e1fc2f3e56fc6ea80a2665d5da60fce851ccd94bb60aced8e256a551ebb6edcf78febb8eb8bbb3c4fab73bacd5675925d72c787a8d8e179c70b24c484ae98ea7cc956a196c0c8266073d549963e44bfee479261b4c7a5497320d8a89de71743baf1516450118e57b4b07227de0429adf0d02305ad79d40958f48b3c7d6802814fc5c25be7c54c85463c993254d08401e1c7c1cc5586b265a1616617cc2ba7f29e928ff792e4ff33ada9b1bb7ee5a43130da18ba109a9e2186dfa6c2dc1d823e9066e1590203010001
info|2026-02-07 10:55:03.947184|ioService-0x00007dcaaf3ff6c0|[Gateway][Factory][NEW]SSLContext pubHex: 9D9833C7E1DBF7D476B1FD7227E247B488323CBD272862D096A4010035236B7D36E2AEDE87E4F36ADFD2E2E44F2945E9A4170901F5865F04CB779A1C1E1FC2F3E56FC6EA80A2665D5DA60FCE851CCD94BB60ACED8E256A551EBB6EDCF78FEBB8EB8BBB3C4FAB73BACD5675925D72C787A8D8E179C70B24C484AE98EA7CC956A196C0C8266073D549963E44BFEE479261B4C7A5497320D8A89DE71743BAF1516450118E57B4B07227DE0429ADF0D02305AD79D40958F48B3C7D6802814FC5C25BE7C54C85463C993254D08401E1C7C1CC5586B265A1616617CC2BA7F29E928FF792E4FF33ADA9B1BB7EE5A43130DA18BA109A9E2186DFA6C2DC1D823E9066E159
info|2026-02-07 10:55:03.948033|ioService-0x00007dcab69ff6c0|[NETWORK][Host]P2P Recv Connect, From=127.0.0.1:56218
info|2026-02-07 10:55:03.948146|ioService-0x00007dcab69ff6c0|[NETWORK][Host]P2P StartAccept,Host=0.0.0.0:30303
info|2026-02-07 10:55:03.949646|ioService-0x00007dcaafffd6c0|[NETWORK][Host]obtainP2pInfo ,node_info=3082010a0282010100a492268b412bea3e8f972dff0dc52c521cd06884f53d90f3889c7014f7cb635c38a07b81af9630f2b04238a726b029af6b4b924e132710d2894b7175f12a5e323a7119afd27786b01965d49b9c885ff3768f40b9d57817bc1305124f40ced3b1ac99666773a3a64cce079e95acbc31d42f416aad362594008547aae561213b022db32ed9d1bd67df5c020bc44dcc073982b4566fd04048555b1ea84279063d5b1047e9f42776ef03677d2dd1454433fdb3feced3f41b92efdfeda545d56c1c9ba349584c9095f3ad9e31c2db11cbe3007ee7817f5846f87eb01c296d81b36dbbc765b4c7af74aface1276dd4fd91963729e495694b6af5c0d6111c49115a2c3f0203010001#A492268B412BEA3E8F972DFF0DC52C521CD06884F53D90F3889C7014F7CB635C38A07B81AF9630F2B04238A726B029AF6B4B924E132710D2894B7175F12A5E323A7119AFD27786B01965D49B9C885FF3768F40B9D57817BC1305124F40CED3B1AC99666773A3A64CCE079E95ACBC31D42F416AAD362594008547AAE561213B022DB32ED9D1BD67DF5C020BC44DCC073982B4566FD04048555B1EA84279063D5B1047E9F42776EF03677D2DD1454433FDB3FECED3F41B92EFDFEDA545D56C1C9BA349584C9095F3AD9E31C2DB11CBE3007EE7817F5846F87EB01C296D81B36DBBC765B4C7AF74AFACE1276DD4FD91963729E495694B6AF5C0D6111C49115A2C3F#/CN=FISCO-BCOS-e9f43089/O=FISCO-BCOS-e9f43089/OU=chain#/CN=FISCO-BCOS-e9f43089/O=fisco-bcos/OU=agency,p2pid=3082010a0282010100a492268b412bea3e8f972dff0dc52c521cd06884f53d90f3889c7014f7cb635c38a07b81af9630f2b04238a726b029af6b4b924e132710d2894b7175f12a5e323a7119afd27786b01965d49b9c885ff3768f40b9d57817bc1305124f40ced3b1ac99666773a3a64cce079e95acbc31d42f416aad362594008547aae561213b022db32ed9d1bd67df5c020bc44dcc073982b4566fd04048555b1ea84279063d5b1047e9f42776ef03677d2dd1454433fdb3feced3f41b92efdfeda545d56c1c9ba349584c9095f3ad9e31c2db11cbe3007ee7817f5846f87eb01c296d81b36dbbc765b4c7af74aface1276dd4fd91963729e495694b6af5c0d6111c49115a2c3f0203010001
info|2026-02-07 10:55:03.949680|ioService-0x00007dcaafffd6c0|[NETWORK][Host]handshakeClient succ,local endpoint=127.0.0.1:55816
info|2026-02-07 10:55:03.950003|ioService-0x00007dcaafffd6c0|[SESSION][Session][Session::Session] this=0x7dcaa90881d0,recvBufferSize=67108864
info|2026-02-07 10:55:03.950130|ioService-0x00007dcaafffd6c0|[SessionFactory]create new session,sessionRecvBufferSize=67108864,allowMaxMsgSize=33554432,maxReadDataSize=40960,maxSendDataSize=1048576,maxSendMsgCountS=10,enableCompress=true
info|2026-02-07 10:55:03.950237|ioService-0x00007dcaafffd6c0|[NETWORK][Host]startPeerSession, Remote=127.0.0.1:30300,local endpoint=127.0.0.1:55816,p2pid=3082010a0282010100a492268b412bea3e8f972dff0dc52c521cd06884f53d90f3889c7014f7cb635c38a07b81af9630f2b04238a726b029af6b4b924e132710d2894b7175f12a5e323a7119afd27786b01965d49b9c885ff3768f40b9d57817bc1305124f40ced3b1ac99666773a3a64cce079e95acbc31d42f416aad362594008547aae561213b022db32ed9d1bd67df5c020bc44dcc073982b4566fd04048555b1ea84279063d5b1047e9f42776ef03677d2dd1454433fdb3feced3f41b92efdfeda545d56c1c9ba349584c9095f3ad9e31c2db11cbe3007ee7817f5846f87eb01c296d81b36dbbc765b4c7af74aface1276dd4fd91963729e495694b6af5c0d6111c49115a2c3f0203010001
info|2026-02-07 10:55:03.950399|fisco-bcos-0x00007dcac79bf6c0|[P2PService][Service]onConnect,p2pid=3082010a0282010100a492268b412bea3e8f972dff0dc52c521cd06884f53d90f3889c7014f7cb635c38a07b81af9630f2b04238a726b029af6b4b924e132710d2894b7175f12a5e323a7119afd27786b01965d49b9c885ff3768f40b9d57817bc1305124f40ced3b1ac99666773a3a64cce079e95acbc31d42f416aad362594008547aae561213b022db32ed9d1bd67df5c020bc44dcc073982b4566fd04048555b1ea84279063d5b1047e9f42776ef03677d2dd1454433fdb3feced3f41b92efdfeda545d56c1c9ba349584c9095f3ad9e31c2db11cbe3007ee7817f5846f87eb01c296d81b36dbbc765b4c7af74aface1276dd4fd91963729e495694b6af5c0d6111c49115a2c3f0203010001,endpoint=127.0.0.1
info|2026-02-07 10:55:03.950441|fisco-bcos-0x00007dcac79bf6c0|[P2PService][Service]Disconnect duplicate peer,p2pid=3082010a0282010100a492268b412bea3e8f972dff0dc52c521cd06884f53d90f3889c7014f7cb635c38a07b81af9630f2b04238a726b029af6b4b924e132710d2894b7175f12a5e323a7119afd27786b01965d49b9c885ff3768f40b9d57817bc1305124f40ced3b1ac99666773a3a64cce079e95acbc31d42f416aad362594008547aae561213b022db32ed9d1bd67df5c020bc44dcc073982b4566fd04048555b1ea84279063d5b1047e9f42776ef03677d2dd1454433fdb3feced3f41b92efdfeda545d56c1c9ba349584c9095f3ad9e31c2db11cbe3007ee7817f5846f87eb01c296d81b36dbbc765b4c7af74aface1276dd4fd91963729e495694b6af5c0d6111c49115a2c3f0203010001
info|2026-02-07 10:55:03.950451|fisco-bcos-0x00007dcac79bf6c0|[P2PService][Service]updateStaticNodes,nodeid=3082010a0282010100a492268b412bea3e8f972dff0dc52c521cd06884f53d90f3889c7014f7cb635c38a07b81af9630f2b04238a726b029af6b4b924e132710d2894b7175f12a5e323a7119afd27786b01965d49b9c885ff3768f40b9d57817bc1305124f40ced3b1ac99666773a3a64cce079e95acbc31d42f416aad362594008547aae561213b022db32ed9d1bd67df5c020bc44dcc073982b4566fd04048555b1ea84279063d5b1047e9f42776ef03677d2dd1454433fdb3feced3f41b92efdfeda545d56c1c9ba349584c9095f3ad9e31c2db11cbe3007ee7817f5846f87eb01c296d81b36dbbc765b4c7af74aface1276dd4fd91963729e495694b6af5c0d6111c49115a2c3f0203010001,endpoint=127.0.0.1:30300
info|2026-02-07 10:55:03.950461|fisco-bcos-0x00007dcac79bf6c0|[SESSION][Session][Session::~Session] this=0x7dcaa90881d0
info|2026-02-07 10:55:03.950728|ioService-0x00007dcaaf3ff6c0|[NETWORK][Host]obtainP2pInfo ,node_info=3082010a02820101009d9833c7e1dbf7d476b1fd7227e247b488323cbd272862d096a4010035236b7d36e2aede87e4f36adfd2e2e44f2945e9a4170901f5865f04cb779a1c1e1fc2f3e56fc6ea80a2665d5da60fce851ccd94bb60aced8e256a551ebb6edcf78febb8eb8bbb3c4fab73bacd5675925d72c787a8d8e179c70b24c484ae98ea7cc956a196c0c8266073d549963e44bfee479261b4c7a5497320d8a89de71743baf1516450118e57b4b07227de0429adf0d02305ad79d40958f48b3c7d6802814fc5c25be7c54c85463c993254d08401e1c7c1cc5586b265a1616617cc2ba7f29e928ff792e4ff33ada9b1bb7ee5a43130da18ba109a9e2186dfa6c2dc1d823e9066e1590203010001#9D9833C7E1DBF7D476B1FD7227E247B488323CBD272862D096A4010035236B7D36E2AEDE87E4F36ADFD2E2E44F2945E9A4170901F5865F04CB779A1C1E1FC2F3E56FC6EA80A2665D5DA60FCE851CCD94BB60ACED8E256A551EBB6EDCF78FEBB8EB8BBB3C4FAB73BACD5675925D72C787A8D8E179C70B24C484AE98EA7CC956A196C0C8266073D549963E44BFEE479261B4C7A5497320D8A89DE71743BAF1516450118E57B4B07227DE0429ADF0D02305AD79D40958F48B3C7D6802814FC5C25BE7C54C85463C993254D08401E1C7C1CC5586B265A1616617CC2BA7F29E928FF792E4FF33ADA9B1BB7EE5A43130DA18BA109A9E2186DFA6C2DC1D823E9066E159#/CN=FISCO-BCOS-e9f43089/O=FISCO-BCOS-e9f43089/OU=chain#/CN=FISCO-BCOS-e9f43089/O=fisco-bcos/OU=agency,p2pid=3082010a02820101009d9833c7e1dbf7d476b1fd7227e247b488323cbd272862d096a4010035236b7d36e2aede87e4f36adfd2e2e44f2945e9a4170901f5865f04cb779a1c1e1fc2f3e56fc6ea80a2665d5da60fce851ccd94bb60aced8e256a551ebb6edcf78febb8eb8bbb3c4fab73bacd5675925d72c787a8d8e179c70b24c484ae98ea7cc956a196c0c8266073d549963e44bfee479261b4c7a5497320d8a89de71743baf1516450118e57b4b07227de0429adf0d02305ad79d40958f48b3c7d6802814fc5c25be7c54c85463c993254d08401e1c7c1cc5586b265a1616617cc2ba7f29e928ff792e4ff33ada9b1bb7ee5a43130da18ba109a9e2186dfa6c2dc1d823e9066e1590203010001
info|2026-02-07 10:55:03.950758|ioService-0x00007dcaaf3ff6c0|[NETWORK][Host]handshakeClient succ,local endpoint=127.0.0.1:34522
info|2026-02-07 10:55:03.951097|ioService-0x00007dcaaf3ff6c0|[SESSION][Session][Session::Session] this=0x7dcaad8851d0,recvBufferSize=67108864
info|2026-02-07 10:55:03.951207|ioService-0x00007dcaaf3ff6c0|[SessionFactory]create new session,sessionRecvBufferSize=67108864,allowMaxMsgSize=33554432,maxReadDataSize=40960,maxSendDataSize=1048576,maxSendMsgCountS=10,enableCompress=true
info|2026-02-07 10:55:03.951325|ioService-0x00007dcaaf3ff6c0|[NETWORK][Host]startPeerSession, Remote=127.0.0.1:30302,local endpoint=127.0.0.1:34522,p2pid=3082010a02820101009d9833c7e1dbf7d476b1fd7227e247b488323cbd272862d096a4010035236b7d36e2aede87e4f36adfd2e2e44f2945e9a4170901f5865f04cb779a1c1e1fc2f3e56fc6ea80a2665d5da60fce851ccd94bb60aced8e256a551ebb6edcf78febb8eb8bbb3c4fab73bacd5675925d72c787a8d8e179c70b24c484ae98ea7cc956a196c0c8266073d549963e44bfee479261b4c7a5497320d8a89de71743baf1516450118e57b4b07227de0429adf0d02305ad79d40958f48b3c7d6802814fc5c25be7c54c85463c993254d08401e1c7c1cc5586b265a1616617cc2ba7f29e928ff792e4ff33ada9b1bb7ee5a43130da18ba109a9e2186dfa6c2dc1d823e9066e1590203010001
info|2026-02-07 10:55:03.951389|fisco-bcos-0x00007dcac5dfc6c0|[P2PService][Service]onConnect,p2pid=3082010a02820101009d9833c7e1dbf7d476b1fd7227e247b488323cbd272862d096a4010035236b7d36e2aede87e4f36adfd2e2e44f2945e9a4170901f5865f04cb779a1c1e1fc2f3e56fc6ea80a2665d5da60fce851ccd94bb60aced8e256a551ebb6edcf78febb8eb8bbb3c4fab73bacd5675925d72c787a8d8e179c70b24c484ae98ea7cc956a196c0c8266073d549963e44bfee479261b4c7a5497320d8a89de71743baf1516450118e57b4b07227de0429adf0d02305ad79d40958f48b3c7d6802814fc5c25be7c54c85463c993254d08401e1c7c1cc5586b265a1616617cc2ba7f29e928ff792e4ff33ada9b1bb7ee5a43130da18ba109a9e2186dfa6c2dc1d823e9066e1590203010001,endpoint=127.0.0.1
info|2026-02-07 10:55:03.951402|fisco-bcos-0x00007dcac5dfc6c0|[P2PService][P2PSession][P2PSession::P2PSession] this=0x7dcabd8191d0
info|2026-02-07 10:55:03.951422|fisco-bcos-0x00007dcac5dfc6c0|[SESSION][Session][start] start session ,this=0x7dcaad8851d0
info|2026-02-07 10:55:03.951443|fisco-bcos-0x00007dcac5dfc6c0|[P2PService][Service]asyncSendProtocol,payload=5,seq=196
info|2026-02-07 10:55:03.951451|fisco-bcos-0x00007dcac5dfc6c0|[P2PService][Service]updateStaticNodes,nodeid=3082010a02820101009d9833c7e1dbf7d476b1fd7227e247b488323cbd272862d096a4010035236b7d36e2aede87e4f36adfd2e2e44f2945e9a4170901f5865f04cb779a1c1e1fc2f3e56fc6ea80a2665d5da60fce851ccd94bb60aced8e256a551ebb6edcf78febb8eb8bbb3c4fab73bacd5675925d72c787a8d8e179c70b24c484ae98ea7cc956a196c0c8266073d549963e44bfee479261b4c7a5497320d8a89de71743baf1516450118e57b4b07227de0429adf0d02305ad79d40958f48b3c7d6802814fc5c25be7c54c85463c993254d08401e1c7c1cc5586b265a1616617cc2ba7f29e928ff792e4ff33ada9b1bb7ee5a43130da18ba109a9e2186dfa6c2dc1d823e9066e1590203010001,endpoint=127.0.0.1:30302
info|2026-02-07 10:55:03.951460|fisco-bcos-0x00007dcac5dfc6c0|[P2PService][Router][updateDstNodeEntry]discover smaller distance, update entry,distance=1,oldDistance=2,dst=3082010a02820101009d9833c7e1dbf7d476b1fd7227e247b488323cbd272862d096a4010035236b7d36e2aede87e4f36adfd2e2e44f2945e9a4170901f5865f04cb779a1c1e1fc2f3e56fc6ea80a2665d5da60fce851ccd94bb60aced8e256a551ebb6edcf78febb8eb8bbb3c4fab73bacd5675925d72c787a8d8e179c70b24c484ae98ea7cc956a196c0c8266073d549963e44bfee479261b4c7a5497320d8a89de71743baf1516450118e57b4b07227de0429adf0d02305ad79d40958f48b3c7d6802814fc5c25be7c54c85463c993254d08401e1c7c1cc5586b265a1616617cc2ba7f29e928ff792e4ff33ada9b1bb7ee5a43130da18ba109a9e2186dfa6c2dc1d823e9066e1590203010001,nextHop=,size=3
info|2026-02-07 10:55:03.951538|fisco-bcos-0x00007dcac5dfc6c0|[P2PService][Service2][onNewSession]update routerTable,dst=3082010a02820101009d9833c7e1dbf7d476b1fd7227e247b488323cbd272862d096a4010035236b7d36e2aede87e4f36adfd2e2e44f2945e9a4170901f5865f04cb779a1c1e1fc2f3e56fc6ea80a2665d5da60fce851ccd94bb60aced8e256a551ebb6edcf78febb8eb8bbb3c4fab73bacd5675925d72c787a8d8e179c70b24c484ae98ea7cc956a196c0c8266073d549963e44bfee479261b4c7a5497320d8a89de71743baf1516450118e57b4b07227de0429adf0d02305ad79d40958f48b3c7d6802814fc5c25be7c54c85463c993254d08401e1c7c1cc5586b265a1616617cc2ba7f29e928ff792e4ff33ada9b1bb7ee5a43130da18ba109a9e2186dfa6c2dc1d823e9066e1590203010001
info|2026-02-07 10:55:03.951544|fisco-bcos-0x00007dcac5dfc6c0|[P2PService][Service]Connection established,p2pid=3082010a02820101009d9833c7e1dbf7d476b1fd7227e247b488323cbd272862d096a4010035236b7d36e2aede87e4f36adfd2e2e44f2945e9a4170901f5865f04cb779a1c1e1fc2f3e56fc6ea80a2665d5da60fce851ccd94bb60aced8e256a551ebb6edcf78febb8eb8bbb3c4fab73bacd5675925d72c787a8d8e179c70b24c484ae98ea7cc956a196c0c8266073d549963e44bfee479261b4c7a5497320d8a89de71743baf1516450118e57b4b07227de0429adf0d02305ad79d40958f48b3c7d6802814fc5c25be7c54c85463c993254d08401e1c7c1cc5586b265a1616617cc2ba7f29e928ff792e4ff33ada9b1bb7ee5a43130da18ba109a9e2186dfa6c2dc1d823e9066e1590203010001,endpoint=127.0.0.1:30302
info|2026-02-07 10:55:03.951780|fisco-bcos-0x00007dca819e66c0|[P2PService][Service]onReceiveProtocol: protocolNegotiate success,peer=3082010a02820101009d9833c7e1dbf7d476b1fd7227e247b488323cbd272862d096a4010035236b7d36e2aede87e4f36adfd2e2e44f2945e9a4170901f5865f04cb779a1c1e1fc2f3e56fc6ea80a2665d5da60fce851ccd94bb60aced8e256a551ebb6edcf78febb8eb8bbb3c4fab73bacd5675925d72c787a8d8e179c70b24c484ae98ea7cc956a196c0c8266073d549963e44bfee479261b4c7a5497320d8a89de71743baf1516450118e57b4b07227de0429adf0d02305ad79d40958f48b3c7d6802814fc5c25be7c54c85463c993254d08401e1c7c1cc5586b265a1616617cc2ba7f29e928ff792e4ff33ada9b1bb7ee5a43130da18ba109a9e2186dfa6c2dc1d823e9066e1590203010001,minVersion=0,maxVersion=2,supportMinVersion=0,supportMaxVersion=2,negotiatedVersion=2
info|2026-02-07 10:55:03.951805|fisco-bcos-0x00007dcac5dfc6c0|[P2PService][Service2][onReceiveRouterSeq]receive router seq and request router table,peer=3082010a02820101009d9833c7e1dbf7d476b1fd7227e247b488323cbd272862d096a4010035236b7d36e2aede87e4f36adfd2e2e44f2945e9a4170901f5865f04cb779a1c1e1fc2f3e56fc6ea80a2665d5da60fce851ccd94bb60aced8e256a551ebb6edcf78febb8eb8bbb3c4fab73bacd5675925d72c787a8d8e179c70b24c484ae98ea7cc956a196c0c8266073d549963e44bfee479261b4c7a5497320d8a89de71743baf1516450118e57b4b07227de0429adf0d02305ad79d40958f48b3c7d6802814fc5c25be7c54c85463c993254d08401e1c7c1cc5586b265a1616617cc2ba7f29e928ff792e4ff33ada9b1bb7ee5a43130da18ba109a9e2186dfa6c2dc1d823e9066e1590203010001,seq=8
info|2026-02-07 10:55:03.952268|fisco-bcos-0x00007dca8bbff6c0|[P2PService][Service2][onReceiveRouterTableRequest],peer=3082010a02820101009d9833c7e1dbf7d476b1fd7227e247b488323cbd272862d096a4010035236b7d36e2aede87e4f36adfd2e2e44f2945e9a4170901f5865f04cb779a1c1e1fc2f3e56fc6ea80a2665d5da60fce851ccd94bb60aced8e256a551ebb6edcf78febb8eb8bbb3c4fab73bacd5675925d72c787a8d8e179c70b24c484ae98ea7cc956a196c0c8266073d549963e44bfee479261b4c7a5497320d8a89de71743baf1516450118e57b4b07227de0429adf0d02305ad79d40958f48b3c7d6802814fc5c25be7c54c85463c993254d08401e1c7c1cc5586b265a1616617cc2ba7f29e928ff792e4ff33ada9b1bb7ee5a43130da18ba109a9e2186dfa6c2dc1d823e9066e1590203010001,entrySize=3
info|2026-02-07 10:55:03.952765|fisco-bcos-0x00007dcac81c16c0|[P2PService][Service2][onReceivePeersRouterTable],peer=3082010a02820101009d9833c7e1dbf7d476b1fd7227e247b488323cbd272862d096a4010035236b7d36e2aede87e4f36adfd2e2e44f2945e9a4170901f5865f04cb779a1c1e1fc2f3e56fc6ea80a2665d5da60fce851ccd94bb60aced8e256a551ebb6edcf78febb8eb8bbb3c4fab73bacd5675925d72c787a8d8e179c70b24c484ae98ea7cc956a196c0c8266073d549963e44bfee479261b4c7a5497320d8a89de71743baf1516450118e57b4b07227de0429adf0d02305ad79d40958f48b3c7d6802814fc5c25be7c54c85463c993254d08401e1c7c1cc5586b265a1616617cc2ba7f29e928ff792e4ff33ada9b1bb7ee5a43130da18ba109a9e2186dfa6c2dc1d823e9066e1590203010001,entrySize=3
info|2026-02-07 10:55:03.952801|fisco-bcos-0x00007dcac81c16c0|[P2PService][Service2][joinRouterTable]create router entry,dst=3082010a02820101009d9833c7e1dbf7d476b1fd7227e247b488323cbd272862d096a4010035236b7d36e2aede87e4f36adfd2e2e44f2945e9a4170901f5865f04cb779a1c1e1fc2f3e56fc6ea80a2665d5da60fce851ccd94bb60aced8e256a551ebb6edcf78febb8eb8bbb3c4fab73bacd5675925d72c787a8d8e179c70b24c484ae98ea7cc956a196c0c8266073d549963e44bfee479261b4c7a5497320d8a89de71743baf1516450118e57b4b07227de0429adf0d02305ad79d40958f48b3c7d6802814fc5c25be7c54c85463c993254d08401e1c7c1cc5586b265a1616617cc2ba7f29e928ff792e4ff33ada9b1bb7ee5a43130da18ba109a9e2186dfa6c2dc1d823e9066e1590203010001
info|2026-02-07 10:55:03.952846|fisco-bcos-0x00007dcac5dfc6c0|[P2PService][Service2][onReceiveRouterTableRequest],peer=3082010a0282010100a492268b412bea3e8f972dff0dc52c521cd06884f53d90f3889c7014f7cb635c38a07b81af9630f2b04238a726b029af6b4b924e132710d2894b7175f12a5e323a7119afd27786b01965d49b9c885ff3768f40b9d57817bc1305124f40ced3b1ac99666773a3a64cce079e95acbc31d42f416aad362594008547aae561213b022db32ed9d1bd67df5c020bc44dcc073982b4566fd04048555b1ea84279063d5b1047e9f42776ef03677d2dd1454433fdb3feced3f41b92efdfeda545d56c1c9ba349584c9095f3ad9e31c2db11cbe3007ee7817f5846f87eb01c296d81b36dbbc765b4c7af74aface1276dd4fd91963729e495694b6af5c0d6111c49115a2c3f0203010001,entrySize=3
info|2026-02-07 10:55:03.954694|ioService-0x00007dcab09fe6c0|[Gateway][Factory][NEW]SSLContext pubHex: 3082010a0282010100a9ba081864ed1c68f5b81b4fa31a3cb4c81583e0e7c5eec4d7249ecd7d2c8f901393580ca25747abc4e01775b9ff41392cf15074a577cc078f4b07f3152faa0dfe540c63b8de93fbc3afe02564592e274c9c1a76bb0cc8c4692d9404f8e0b7b5440bd66d6e70c33a6d35aca5767a88332fd7853571427789bb25413b734abc293a58791b28aece40a8f74238c2f8b0d32bbbb5f020cfd72ad86d4fb6f1904605a5f43f0f58ed4c826346ad1b71ddac3a15040d6cd21f31f9044b82e690f91329d956b39005f4ab421029ebe499a3fe7179586deded25784665d8949c4db5defd0cbbaf2f27221f3d59e7314f4374086dceea8903a6aedc17d8ca5c7ec4b03fef0203010001
info|2026-02-07 10:55:03.954750|ioService-0x00007dcab09fe6c0|[NETWORK][Host]Get ca basic failed
info|2026-02-07 10:55:03.954795|ioService-0x00007dcab09fe6c0|[Gateway][Factory][NEW]SSLContext pubHex: 3082010a02820101009d9833c7e1dbf7d476b1fd7227e247b488323cbd272862d096a4010035236b7d36e2aede87e4f36adfd2e2e44f2945e9a4170901f5865f04cb779a1c1e1fc2f3e56fc6ea80a2665d5da60fce851ccd94bb60aced8e256a551ebb6edcf78febb8eb8bbb3c4fab73bacd5675925d72c787a8d8e179c70b24c484ae98ea7cc956a196c0c8266073d549963e44bfee479261b4c7a5497320d8a89de71743baf1516450118e57b4b07227de0429adf0d02305ad79d40958f48b3c7d6802814fc5c25be7c54c85463c993254d08401e1c7c1cc5586b265a1616617cc2ba7f29e928ff792e4ff33ada9b1bb7ee5a43130da18ba109a9e2186dfa6c2dc1d823e9066e1590203010001
info|2026-02-07 10:55:03.954815|ioService-0x00007dcab09fe6c0|[Gateway][Factory][NEW]SSLContext pubHex: 9D9833C7E1DBF7D476B1FD7227E247B488323CBD272862D096A4010035236B7D36E2AEDE87E4F36ADFD2E2E44F2945E9A4170901F5865F04CB779A1C1E1FC2F3E56FC6EA80A2665D5DA60FCE851CCD94BB60ACED8E256A551EBB6EDCF78FEBB8EB8BBB3C4FAB73BACD5675925D72C787A8D8E179C70B24C484AE98EA7CC956A196C0C8266073D549963E44BFEE479261B4C7A5497320D8A89DE71743BAF1516450118E57B4B07227DE0429ADF0D02305AD79D40958F48B3C7D6802814FC5C25BE7C54C85463C993254D08401E1C7C1CC5586B265A1616617CC2BA7F29E928FF792E4FF33ADA9B1BB7EE5A43130DA18BA109A9E2186DFA6C2DC1D823E9066E159
info|2026-02-07 10:55:03.955088|ioService-0x00007dcab09fe6c0|[NETWORK][Host]obtainP2pInfo ,node_info=3082010a02820101009d9833c7e1dbf7d476b1fd7227e247b488323cbd272862d096a4010035236b7d36e2aede87e4f36adfd2e2e44f2945e9a4170901f5865f04cb779a1c1e1fc2f3e56fc6ea80a2665d5da60fce851ccd94bb60aced8e256a551ebb6edcf78febb8eb8bbb3c4fab73bacd5675925d72c787a8d8e179c70b24c484ae98ea7cc956a196c0c8266073d549963e44bfee479261b4c7a5497320d8a89de71743baf1516450118e57b4b07227de0429adf0d02305ad79d40958f48b3c7d6802814fc5c25be7c54c85463c993254d08401e1c7c1cc5586b265a1616617cc2ba7f29e928ff792e4ff33ada9b1bb7ee5a43130da18ba109a9e2186dfa6c2dc1d823e9066e1590203010001#9D9833C7E1DBF7D476B1FD7227E247B488323CBD272862D096A4010035236B7D36E2AEDE87E4F36ADFD2E2E44F2945E9A4170901F5865F04CB779A1C1E1FC2F3E56FC6EA80A2665D5DA60FCE851CCD94BB60ACED8E256A551EBB6EDCF78FEBB8EB8BBB3C4FAB73BACD5675925D72C787A8D8E179C70B24C484AE98EA7CC956A196C0C8266073D549963E44BFEE479261B4C7A5497320D8A89DE71743BAF1516450118E57B4B07227DE0429ADF0D02305AD79D40958F48B3C7D6802814FC5C25BE7C54C85463C993254D08401E1C7C1CC5586B265A1616617CC2BA7F29E928FF792E4FF33ADA9B1BB7EE5A43130DA18BA109A9E2186DFA6C2DC1D823E9066E159#/CN=FISCO-BCOS-e9f43089/O=FISCO-BCOS-e9f43089/OU=chain#/CN=FISCO-BCOS-e9f43089/O=fisco-bcos/OU=agency,p2pid=3082010a02820101009d9833c7e1dbf7d476b1fd7227e247b488323cbd272862d096a4010035236b7d36e2aede87e4f36adfd2e2e44f2945e9a4170901f5865f04cb779a1c1e1fc2f3e56fc6ea80a2665d5da60fce851ccd94bb60aced8e256a551ebb6edcf78febb8eb8bbb3c4fab73bacd5675925d72c787a8d8e179c70b24c484ae98ea7cc956a196c0c8266073d549963e44bfee479261b4c7a5497320d8a89de71743baf1516450118e57b4b07227de0429adf0d02305ad79d40958f48b3c7d6802814fc5c25be7c54c85463c993254d08401e1c7c1cc5586b265a1616617cc2ba7f29e928ff792e4ff33ada9b1bb7ee5a43130da18ba109a9e2186dfa6c2dc1d823e9066e1590203010001
info|2026-02-07 10:55:03.955113|ioService-0x00007dcab09fe6c0|[NETWORK][Host]handshakeServer succ,remote endpoint=127.0.0.1:56218,nodeid=3082010a02820101009d9833c7e1dbf7d476b1fd7227e247b488323cbd272862d096a4010035236b7d36e2aede87e4f36adfd2e2e44f2945e9a4170901f5865f04cb779a1c1e1fc2f3e56fc6ea80a2665d5da60fce851ccd94bb60aced8e256a551ebb6edcf78febb8eb8bbb3c4fab73bacd5675925d72c787a8d8e179c70b24c484ae98ea7cc956a196c0c8266073d549963e44bfee479261b4c7a5497320d8a89de71743baf1516450118e57b4b07227de0429adf0d02305ad79d40958f48b3c7d6802814fc5c25be7c54c85463c993254d08401e1c7c1cc5586b265a1616617cc2ba7f29e928ff792e4ff33ada9b1bb7ee5a43130da18ba109a9e2186dfa6c2dc1d823e9066e1590203010001
info|2026-02-07 10:55:03.955361|ioService-0x00007dcab09fe6c0|[SESSION][Session][Session::Session] this=0x7dcaa985d1d0,recvBufferSize=67108864
info|2026-02-07 10:55:03.955472|ioService-0x00007dcab09fe6c0|[SessionFactory]create new session,sessionRecvBufferSize=67108864,allowMaxMsgSize=33554432,maxReadDataSize=40960,maxSendDataSize=1048576,maxSendMsgCountS=10,enableCompress=true
info|2026-02-07 10:55:03.955597|ioService-0x00007dcab09fe6c0|[NETWORK][Host]startPeerSession, Remote=127.0.0.1:56218,local endpoint=127.0.0.1:30303,p2pid=3082010a02820101009d9833c7e1dbf7d476b1fd7227e247b488323cbd272862d096a4010035236b7d36e2aede87e4f36adfd2e2e44f2945e9a4170901f5865f04cb779a1c1e1fc2f3e56fc6ea80a2665d5da60fce851ccd94bb60aced8e256a551ebb6edcf78febb8eb8bbb3c4fab73bacd5675925d72c787a8d8e179c70b24c484ae98ea7cc956a196c0c8266073d549963e44bfee479261b4c7a5497320d8a89de71743baf1516450118e57b4b07227de0429adf0d02305ad79d40958f48b3c7d6802814fc5c25be7c54c85463c993254d08401e1c7c1cc5586b265a1616617cc2ba7f29e928ff792e4ff33ada9b1bb7ee5a43130da18ba109a9e2186dfa6c2dc1d823e9066e1590203010001
info|2026-02-07 10:55:03.955643|fisco-bcos-0x00007dcac79bf6c0|[P2PService][Service]onConnect,p2pid=3082010a02820101009d9833c7e1dbf7d476b1fd7227e247b488323cbd272862d096a4010035236b7d36e2aede87e4f36adfd2e2e44f2945e9a4170901f5865f04cb779a1c1e1fc2f3e56fc6ea80a2665d5da60fce851ccd94bb60aced8e256a551ebb6edcf78febb8eb8bbb3c4fab73bacd5675925d72c787a8d8e179c70b24c484ae98ea7cc956a196c0c8266073d549963e44bfee479261b4c7a5497320d8a89de71743baf1516450118e57b4b07227de0429adf0d02305ad79d40958f48b3c7d6802814fc5c25be7c54c85463c993254d08401e1c7c1cc5586b265a1616617cc2ba7f29e928ff792e4ff33ada9b1bb7ee5a43130da18ba109a9e2186dfa6c2dc1d823e9066e1590203010001,endpoint=127.0.0.1
info|2026-02-07 10:55:03.955679|fisco-bcos-0x00007dcac79bf6c0|[P2PService][Service]Disconnect duplicate peer,p2pid=3082010a02820101009d9833c7e1dbf7d476b1fd7227e247b488323cbd272862d096a4010035236b7d36e2aede87e4f36adfd2e2e44f2945e9a4170901f5865f04cb779a1c1e1fc2f3e56fc6ea80a2665d5da60fce851ccd94bb60aced8e256a551ebb6edcf78febb8eb8bbb3c4fab73bacd5675925d72c787a8d8e179c70b24c484ae98ea7cc956a196c0c8266073d549963e44bfee479261b4c7a5497320d8a89de71743baf1516450118e57b4b07227de0429adf0d02305ad79d40958f48b3c7d6802814fc5c25be7c54c85463c993254d08401e1c7c1cc5586b265a1616617cc2ba7f29e928ff792e4ff33ada9b1bb7ee5a43130da18ba109a9e2186dfa6c2dc1d823e9066e1590203010001
info|2026-02-07 10:55:03.955688|fisco-bcos-0x00007dcac79bf6c0|[SESSION][Session][Session::~Session] this=0x7dcaa985d1d0
info|2026-02-07 10:55:03.963091|fisco-bcos-0x00007dcac81c16c0|[P2PService][Service2][onReceiveRouterTableRequest],peer=3082010a0282010100d938a7d0e5078fdc3bfe83bfe8c789160de4c9e207ff836ef8d64a0c846f5f628646fe9170bec49eec44aebb3f17334e76b1003dae65d6858a626d60a3ff3dbbff8cf15ca934ca0f7a09b9ae6c17c911bb2f6083cab81540e00a8d9b9393a3341b90dd134f4a2ec21f1d8c55c2df687896873a36661a862226614582077d41811bcb3e6632cbf1767f6189b76054e8186606ee5a2c73bffe1bd6c8fc415f481324f015045231d662173b6f7e814068dffd598ce9a6f4630744bb0aa80f9f74403f4c3da3ca856b40d043885cc1e7beac524853fafb01fb61c3023ab04047e29d50a5d4cd612fc9ae90e7832fde7d1dea0804dc16fff17500517be0bf5d28f4ab0203010001,entrySize=3
info|2026-02-07 10:55:13.944642|ioService-0x00007dcab85fe6c0|[P2PService][Service][METRIC]heartBeat,connected count=3
info|2026-02-07 10:55:13.952541|timerFactory-0x00007dcaa79ff6c0|[RPC][WS][SERVICE]connected nodes,count=0
info|2026-02-07 10:55:13.955202|timerFactory-0x00007dca957ff6c0|[RPC][WS][SERVICE]connected nodes,count=0
info|2026-02-07 10:55:23.172100|ioService-0x00007dcaa57fe6c0|[DEFAULT][HTTP][SERVER][accept],local_endpoint=127.0.0.1:20203,remote_endpoint=127.0.0.1:41722
info|2026-02-07 10:55:23.172379|ioService-0x00007dcaa4ffd6c0|[DEFAULT][HTTP][SESSION][onRead]websocket upgrade
info|2026-02-07 10:55:23.172448|ioService-0x00007dcaa4ffd6c0|[DEFAULT][WS][STREAM],[NEWOBJ][WsStream]=0x7dcaa281f090
info|2026-02-07 10:55:23.172475|ioService-0x00007dcaa4ffd6c0|[RPC][WS][SESSION],[NEWOBJ][WSSESSION]=0x7dcaa2804210
info|2026-02-07 10:55:23.172495|ioService-0x00007dcaa4ffd6c0|[RPC][WS][SERVICE][newSession]start the session,endPoint=127.0.0.1:41722
info|2026-02-07 10:55:23.172502|ioService-0x00007dcaa4ffd6c0|[RPC][WS][SESSION][startAsServer]start websocket handshake,endPoint=127.0.0.1:41722,session=0x7dcaa2804210
info|2026-02-07 10:55:23.172658|ioService-0x00007dcaa4ffd6c0|[RPC][WS][SERVICE][addSession]add session to mapping,endPoint=127.0.0.1:41722,result=true
info|2026-02-07 10:55:23.172678|ioService-0x00007dcaa4ffd6c0|[RPC][WS][SERVICE][onConnect],endpoint=127.0.0.1:41722,refCount=3
info|2026-02-07 10:55:23.172698|ioService-0x00007dcaa4ffd6c0|[RPC][WS][SESSION][onWsAccept]websocket handshake successfully,endPoint=127.0.0.1:41722,session=0x7dcaa2804210
info|2026-02-07 10:55:23.173365|fisco-bcos-0x00007dca8bbff6c0|HandshakeRequest,module=2,minVersion=0,maxVersion=2
info|2026-02-07 10:55:23.173392|fisco-bcos-0x00007dca8bbff6c0|[RPC]negotiatedVersion success,peer=127.0.0.1:41722,minVersion=0,maxVersion=2,supportMinVersion=0,supportMaxVersion=2,negotiatedVersion=2,seq=d42a9e79a4644c5d926afbe422550a1f
info|2026-02-07 10:55:23.173554|fisco-bcos-0x00007dca8bbff6c0|[RPC]onRecvHandshakeRequest success,version=2,endpoint=127.0.0.1:41722,handshakeResponse={"groupBlockNumber":[{"group0":147}],"groupInfoList":[{"chainID":"chain0","genesisConfig":"{\"blockTxCountLimit\":1000,\"consensusLeaderPeriod\":1,\"consensusType\":\"pbft\",\"sealerList\":[{\"nodeID\":\"0d6a7f52cb87ce7fda869e0db309ec9c53723c46f81632c21e4abbf1a9159f14d53f37cc0c4141548da9ec877d6235afd7a501c40d296fc4c5252a8717aa23c2\",\"weight\":1},{\"nodeID\":\"21a47acec36f73d8e925a7d5db44793f998e1a42a6d7ee2e3a5cf4037b853452cb76f6cbab8e5b223a128e8ee15790d1f629858b47070b4eb2e1ddb2b0ada297\",\"weight\":1},{\"nodeID\":\"2346c69c46d42278eb237167eb19eb28432b63783cc0fd7cddc90f89c148e755db8941be9b0c5f37cbc21c409a78c154abc75ce0c80818c6fbb76aea6bcd0a9a\",\"weight\":1},{\"nodeID\":\"5b07d12d1512a66493c8fd3456d8c505e6ce05f20061613a4c48a1fa3755bbf9cc2d2f1878c4a6733389f03deb0a3fc0c672e2f4910fde9802d6675929cb3dc5\",\"weight\":1}],\"txGasLimit\":3000000000}\n","groupID":"group0","iniConfig":"","nodeList":[{"featureKeys":["bugfix_revert","bugfix_statestorage_hash","bugfix_evm_create2_delegatecall_staticcall_codecopy","bugfix_event_log_order","bugfix_call_noaddr_return","bugfix_precompiled_codehash","bugfix_dmc_revert","bugfix_keypage_system_entry_hash","bugfix_internal_create_redundant_storage","bugfix_internal_create_permission_denied","bugfix_sharding_call_in_child_executive","bugfix_empty_abi_reset","bugfix_eip55_addr","bugfix_eoa_as_contract","bugfix_eoa_match_failed","bugfix_evm_exception_gas_used","bugfix_dmc_deploy_gas_used","bugfix_staticcall_noaddr_return","bugfix_support_transfer_receive_fallback","bugfix_set_row_with_dirty_flag","feature_dmc2serial","feature_sharding","feature_rpbft","feature_paillier","feature_balance","feature_balance_precompiled","feature_balance_policy1","feature_paillier_add_raw","feature_evm_cancun"],"iniConfig":"{\"binaryInfo\":{\"buildTime\":\"20240827 04:30:34\",\"gitCommitHash\":\"3fea676716990b2ed453b4f079915daafff451f9\",\"platform\":\"Linux/g++\",\"version\":\"3.11.0\"},\"chainID\":\"chain0\",\"gatewayServiceName\":\"\",\"groupID\":\"group0\",\"isAuthCheck\":false,\"isSerialExecute\":true,\"isWasm\":false,\"nodeID\":\"5b07d12d1512a66493c8fd3456d8c505e6ce05f20061613a4c48a1fa3755bbf9cc2d2f1878c4a6733389f03deb0a3fc0c672e2f4910fde9802d6675929cb3dc5\",\"nodeName\":\"5b07d12d1512a66493c8fd3456d8c505e6ce05f20061613a4c48a1fa3755bbf9cc2d2f1878c4a6733389f03deb0a3fc0c672e2f4910fde9802d6675929cb3dc5\",\"rpcServiceName\":\"\",\"smCryptoType\":false}\n","microService":false,"name":"5b07d12d1512a66493c8fd3456d8c505e6ce05f20061613a4c48a1fa3755bbf9cc2d2f1878c4a6733389f03deb0a3fc0c672e2f4910fde9802d6675929cb3dc5","nodeID":"5b07d12d1512a66493c8fd3456d8c505e6ce05f20061613a4c48a1fa3755bbf9cc2d2f1878c4a6733389f03deb0a3fc0c672e2f4910fde9802d6675929cb3dc5","protocol":{"compatibilityVersion":51052544,"maxSupportedVersion":2,"minSupportedVersion":0},"serviceInfo":[{"serviceName":"LedgerServiceObj","type":2},{"serviceName":"SchedulerServiceObj","type":3},{"serviceName":"FrontServiceObj","type":4},{"serviceName":"","type":6},{"serviceName":"","type":7},{"serviceName":"TxPoolServiceObj","type":8}],"supportConfigs":["tx_gas_limit","tx_gas_price","tx_count_limit","consensus_leader_period","auth_check_status","compatibility_version","feature_rpbft","feature_rpbft_epoch_block_num","feature_rpbft_epoch_sealer_num","feature_balance_precompiled","web3_chain_id"],"type":0}]}],"protocolVersion":2}
info|2026-02-07 10:55:23.175048|fisco-bcos-0x00007dca8bbff6c0|[parseSubTopicsJson],topicItems size=0,json={"topics":[]}
info|2026-02-07 10:55:23.175185|fisco-bcos-0x00007dca8bbff6c0|[AMOPClient]subscribeTopicToAllNodes,topicInfo={
	"topics" : []
}
info|2026-02-07 10:55:23.175204|fisco-bcos-0x00007dca8bbff6c0|[AMOP][TOPIC][parseSubTopicsJson],topicItems size=0,json={
	"topics" : []
}
info|2026-02-07 10:55:23.175211|fisco-bcos-0x00007dca8bbff6c0|[AMOP][TOPIC][subTopic],client=localAMOP,topicSeq=1,topicItems size=0
info|2026-02-07 10:55:23.175214|fisco-bcos-0x00007dca8bbff6c0|[AMOPClient][onRecvSubTopics],topicInfo={"topics":[]}
,endpoint=127.0.0.1:41722,seq=be4a9870b6d044539966136df2a13f26
info|2026-02-07 10:55:23.944789|ioService-0x00007dcab85fe6c0|[P2PService][Service][METRIC]heartBeat,connected count=3
info|2026-02-07 10:55:23.952672|timerFactory-0x00007dcaa79ff6c0|[RPC][WS][SERVICE]connected nodes,count=1
info|2026-02-07 10:55:23.955305|timerFactory-0x00007dca957ff6c0|[RPC][WS][SERVICE]connected nodes,count=0
info|2026-02-07 10:55:24.908038|txsSeal-0x00007dcadcdeb6c0|[TXPOOL]begin batchFetchTxs,pendingTxs=1,limit=1000
info|2026-02-07 10:55:24.908107|txsSeal-0x00007dcadcdeb6c0|[TXPOOL][METRIC]batchFetchTxs success,time=0,txsSize=1,sysTxsSize=0,pendingTxs=1,limit=1000,fetchTxsT=0,lockT=0,invalidBefore=0,invalidNow=0,sealed=0,traverseCount=1
info|2026-02-07 10:55:24.908973|Sealer-0x00007dcabafff6c0|[CONSENSUS][SEALER]++++++++++++++++ Generate proposal,index=148,curNum=147,hash=26324ac7...,sysTxs=false,txsSize=1,version=51052544
info|2026-02-07 10:55:24.909039|Sealer-0x00007dcabafff6c0|[CONSENSUS][PBFT]asyncSubmitProposal,index=148,hash=26324ac7...,committedIndex=147,consNum=148,committedHash=b10a5704...,view=3,toView=3,changeCycle=0,expectedCheckPoint=148,Idx=3,unsealedTxs=0,sealUntil=0,waitResealUntil=0,consensusTimeout=3000,nodeId=5b07d12d...
info|2026-02-07 10:55:24.909073|Sealer-0x00007dcabafff6c0|[CONSENSUS][PBFT]++++++++++++++++ Generating seal on,index=148,Idx=3,hash=26324ac7...,sysProposal=false
info|2026-02-07 10:55:24.909200|Sealer-0x00007dcabafff6c0|[CONSENSUS][PBFT]broadcast pre-prepare packet,packetSize=554,index=148,encode(ms)=0,asyncSend(ms)=0
info|2026-02-07 10:55:24.909221|Sealer-0x00007dcabafff6c0|[CONSENSUS][PBFT]handlePrePrepareMsg,reqHash=26324ac7...,reqIndex=148,reqV=3,fromIdx=3,wait(ms)=0,committedIndex=147,consNum=148,committedHash=b10a5704...,view=3,toView=3,changeCycle=0,expectedCheckPoint=148,Idx=3,unsealedTxs=0,sealUntil=0,waitResealUntil=0,consensusTimeout=3000,nodeId=5b07d12d...,utc=5158383
info|2026-02-07 10:55:24.909295|Sealer-0x00007dcabafff6c0|[CONSENSUS][PBFT]addPrePrepareCache,reqHash=26324ac7...,reqIndex=148,reqV=3,fromIdx=3,wait(ms)=0,sys=false,committedIndex=147,consNum=148,committedHash=b10a5704...,view=3,toView=3,changeCycle=0,expectedCheckPoint=148,Idx=3,unsealedTxs=0,sealUntil=0,waitResealUntil=0,consensusTimeout=3000,nodeId=5b07d12d...
info|2026-02-07 10:55:24.909335|validator-0x00007dcad05d26c0|[CONSENSUS][PBFT]asyncResetTxsFlag,index=148,hash=26324ac7...,flag=true
info|2026-02-07 10:55:24.909391|validator-0x00007dcad05d26c0|[TXPOOL]batchMarkTxs,txsSize=1,batchId=148,hash=26324ac7...,sealFlag=true,notFound=0,reSealed=0,succ=1,time=0,markT=0
info|2026-02-07 10:55:24.909411|validator-0x00007dcad05d26c0|[CONSENSUS][PBFT]asyncMarkTxs success,index=148,hash=26324ac7...,flag=true,markT=0,emptyTxBatchHash=false
info|2026-02-07 10:55:24.909517|Sealer-0x00007dcabafff6c0|[CONSENSUS][PBFT]notify the committed proposal index to the sync module success,index=148
info|2026-02-07 10:55:24.909624|Sealer-0x00007dcabafff6c0|[CONSENSUS][PBFT]addPrepareCache,reqHash=26324ac7...,reqIndex=148,reqV=3,fromIdx=3,wait(ms)=0,committedIndex=147,consNum=148,committedHash=b10a5704...,view=3,toView=3,changeCycle=0,expectedCheckPoint=148,Idx=3,unsealedTxs=0,sealUntil=0,waitResealUntil=0,consensusTimeout=3000,nodeId=5b07d12d...,weight=1
info|2026-02-07 10:55:24.909671|Sealer-0x00007dcabafff6c0|[CONSENSUS][PBFT]broadcast prepare packet,packetSize=232,index=148
info|2026-02-07 10:55:24.909761|Sealer-0x00007dcabafff6c0|[CONSENSUS][PBFT]handlePrePrepareMsg and broadcast prepare packet,reqHash=26324ac7...,reqIndex=148,reqV=3,fromIdx=3,wait(ms)=0,committedIndex=147,consNum=148,committedHash=b10a5704...,view=3,toView=3,changeCycle=0,expectedCheckPoint=148,Idx=3,unsealedTxs=0,sealUntil=0,waitResealUntil=0,consensusTimeout=3000,nodeId=5b07d12d...
info|2026-02-07 10:55:24.910592|Sealer-0x00007dcabafff6c0|[CONSENSUS][PBFT]handlePrePrepareMsg success,index=148,costT(ms)=1
info|2026-02-07 10:55:24.912076|pbft-0x00007dcab9ffd6c0|[CONSENSUS][PBFT]addPrepareCache,reqHash=26324ac7...,reqIndex=148,reqV=3,fromIdx=2,wait(ms)=1,committedIndex=147,consNum=148,committedHash=b10a5704...,view=3,toView=3,changeCycle=0,expectedCheckPoint=148,Idx=3,unsealedTxs=0,sealUntil=0,waitResealUntil=0,consensusTimeout=3000,nodeId=5b07d12d...,weight=2
info|2026-02-07 10:55:24.912316|pbft-0x00007dcab9ffd6c0|[CONSENSUS][PBFT]addPrepareCache,reqHash=26324ac7...,reqIndex=148,reqV=3,fromIdx=1,wait(ms)=1,committedIndex=147,consNum=148,committedHash=b10a5704...,view=3,toView=3,changeCycle=0,expectedCheckPoint=148,Idx=3,unsealedTxs=0,sealUntil=0,waitResealUntil=0,consensusTimeout=3000,nodeId=5b07d12d...,weight=3
info|2026-02-07 10:55:24.912363|pbft-0x00007dcab9ffd6c0|[CONSENSUS][PBFT]setSignatureList,signatureSize=3,propHash=26324ac7...,propIndex=148
info|2026-02-07 10:55:24.912383|pbft-0x00007dcab9ffd6c0|[CONSENSUS][PBFT]intoPrecommit,reqHash=26324ac7...,reqIndex=148,reqV=3,fromIdx=3,wait(ms)=3,committedIndex=147,consNum=148,committedHash=b10a5704...,view=3,toView=3,changeCycle=0,expectedCheckPoint=148,Idx=3,unsealedTxs=0,sealUntil=0,waitResealUntil=0,consensusTimeout=3000,nodeId=5b07d12d...
info|2026-02-07 10:55:24.912483|pbft-0x00007dcab9ffd6c0|[CONSENSUS][PBFT]addCommitCache,reqHash=26324ac7...,reqIndex=148,reqV=3,fromIdx=3,wait(ms)=0,committedIndex=147,consNum=148,committedHash=b10a5704...,view=3,toView=3,changeCycle=0,expectedCheckPoint=148,Idx=3,unsealedTxs=0,sealUntil=0,waitResealUntil=0,consensusTimeout=3000,nodeId=5b07d12d...,weight=1
info|2026-02-07 10:55:24.912523|pbft-0x00007dcab9ffd6c0|[CONSENSUS][PBFT]checkAndPreCommit: broadcast commitMsg,Idx=3,hash=26324ac7...,index=148
info|2026-02-07 10:55:24.913725|pbft-0x00007dcab9ffd6c0|[CONSENSUS][PBFT]addCommitCache,reqHash=26324ac7...,reqIndex=148,reqV=3,fromIdx=2,wait(ms)=0,committedIndex=147,consNum=148,committedHash=b10a5704...,view=3,toView=3,changeCycle=0,expectedCheckPoint=148,Idx=3,unsealedTxs=0,sealUntil=0,waitResealUntil=0,consensusTimeout=3000,nodeId=5b07d12d...,weight=2
info|2026-02-07 10:55:24.913968|pbft-0x00007dcab9ffd6c0|[CONSENSUS][PBFT]addPrepareCache,reqHash=26324ac7...,reqIndex=148,reqV=3,fromIdx=0,wait(ms)=0,committedIndex=147,consNum=148,committedHash=b10a5704...,view=3,toView=3,changeCycle=0,expectedCheckPoint=148,Idx=3,unsealedTxs=0,sealUntil=0,waitResealUntil=0,consensusTimeout=3000,nodeId=5b07d12d...,weight=4
info|2026-02-07 10:55:24.914089|pbft-0x00007dcab9ffd6c0|[CONSENSUS][PBFT]addCommitCache,reqHash=26324ac7...,reqIndex=148,reqV=3,fromIdx=1,wait(ms)=1,committedIndex=147,consNum=148,committedHash=b10a5704...,view=3,toView=3,changeCycle=0,expectedCheckPoint=148,Idx=3,unsealedTxs=0,sealUntil=0,waitResealUntil=0,consensusTimeout=3000,nodeId=5b07d12d...,weight=3
info|2026-02-07 10:55:24.914112|pbft-0x00007dcab9ffd6c0|[CONSENSUS][PBFT]checkAndCommit,propHash=26324ac7...,propIndex=148,committedIndex=147,consNum=148,committedHash=b10a5704...,view=3,toView=3,changeCycle=0,expectedCheckPoint=148,Idx=3,unsealedTxs=0,sealUntil=0,waitResealUntil=0,consensusTimeout=3000,nodeId=5b07d12d...
info|2026-02-07 10:55:24.914126|pbft-0x00007dcab9ffd6c0|[CONSENSUS][PBFT]######## CommitProposal,propHash=26324ac7...,propIndex=148,sys=false,committedIndex=147,consNum=148,committedHash=b10a5704...,view=3,toView=3,changeCycle=0,expectedCheckPoint=148,Idx=3,unsealedTxs=0,sealUntil=0,waitResealUntil=0,consensusTimeout=3000,nodeId=5b07d12d...
info|2026-02-07 10:55:24.914137|pbft-0x00007dcab9ffd6c0|[CONSENSUS][PBFT]notify to seal next proposal,nextProposalIndex=149
info|2026-02-07 10:55:24.917425|pbft-0x00007dcab9ffd6c0|[SCHEDULER]fetch gas limit from storage before execute block,requestBlockNumber=-1
info|2026-02-07 10:55:24.917696|pbft-0x00007dcab9ffd6c0|[CONSENSUS][PBFT]notify to seal next proposal,nextProposalIndex=149
info|2026-02-07 10:55:24.917748|pbft-0x00007dcab9ffd6c0|[CONSENSUS][PBFT]applyStateMachine,index=148,hash=26324ac7...,committedIndex=147,consNum=148,committedHash=b10a5704...,view=3,toView=3,changeCycle=0,expectedCheckPoint=148,Idx=3,unsealedTxs=0,sealUntil=0,waitResealUntil=0,consensusTimeout=3000,nodeId=5b07d12d...,unAppliedProposals=0
info|2026-02-07 10:55:24.918525|preExeScheduler-0x00007dca80a646c0|[SCHEDULER][METRIC][BlockTrace][blk-148]preExeBlock success,blockHeader.timestamp=1770432924908,metaTxCount=1,timeCost=0
info|2026-02-07 10:55:24.918748|exeScheduler-0x00007dca7fa626c0|[SCHEDULER][METRIC][blk-148]ExecuteBlock request,gasLimit=3000000000,gasPrice=0x0,verify=false,signatureSize=0,txCount=0,metaTxCount=1,version=3.11.0,waitT=0
info|2026-02-07 10:55:24.919172|exeScheduler-0x00007dca7fa626c0|[SCHEDULER][blk-148][BlockTrace]ExecuteBlock start,time(ms)=0
info|2026-02-07 10:55:24.919187|exeScheduler-0x00007dca7fa626c0|[SCHEDULER][serialExecute][blk-148][BlockTrace]serialExecute execute block
info|2026-02-07 10:55:24.919199|exeScheduler-0x00007dca7fa626c0|[SCHEDULER][serialExecute][blk-148][BlockTrace]serialExecute batch next block
info|2026-02-07 10:55:24.919206|exeScheduler-0x00007dca7fa626c0|[SCHEDULER][blk-148][BlockTrace]NextBlock request,executorNum=1
info|2026-02-07 10:55:24.919280|exeScheduler-0x00007dca7fa626c0|Build CacheStorage: enableLRUCacheStorage, size: 33554432
info|2026-02-07 10:55:24.919421|exeScheduler-0x00007dca7fa626c0|[TOOL]fetchCompatibilityVersion
info|2026-02-07 10:55:24.919505|exeScheduler-0x00007dca7fa626c0|[TOOL]fetchCompatibilityVersion success,version=3.11.0,versionNumber=51052544,minSupportedVersion=3.0.0-rc4,maxSupportedVersion=3.11.0
info|2026-02-07 10:55:24.919530|exeScheduler-0x00007dca7fa626c0|[TOOL]LedgerConfigFetcher: fetchBlockNumber success,blockNumber=147
info|2026-02-07 10:55:24.919554|exeScheduler-0x00007dca7fa626c0|[TOOL]LedgerConfigFetcher: fetchBlockHash success,blockNumber=147,hash=b10a5704...
info|2026-02-07 10:55:24.921747|exeScheduler-0x00007dca7fa626c0|[TOOL]fetchAuthCheckStatus success,value=0
info|2026-02-07 10:55:24.925695|exec-0x00007dcadade76c0|[SCHEDULER][blk-148][BlockTrace]NextBlock success,executorNum=1,timeCost=6
info|2026-02-07 10:55:24.925770|exec-0x00007dcadade76c0|[SCHEDULER][serialExecute][blk-148][BlockTrace]serialExecute block begin
info|2026-02-07 10:55:24.926563|Unnamed-0x00007dca7f2616c0|[STORAGE-KeyPage]empty table,table=/apps/ba93152a8d2a8789272bb333be46ea4088e47174_accessAuth,key=61646d696e
info|2026-02-07 10:55:24.926852|Unnamed-0x00007dca7f2616c0|[STORAGE-KeyPage]empty table,table=/apps/ba93152a8d2a8789272bb333be46ea4088e47174,key=0000000000000000000000000000000000000000000000000000000000000002
info|2026-02-07 10:55:24.927590|exec-0x00007dcad9de56c0|[STORAGE-KeyPage]hash,size=29,blockVersion=51052544,readLength=15701,writeLength=324,pageCount=2,entrycount=2,entriesHash=6005723e34f62cb53319bf71cfd1b52eca4da1ddd466bb6592b90fe6c4b20362,pagesHash=49b305d1341f4549588ed80d7ac35690308851e46312a0f3f84e0ad6c0bc5448,totalHash=29b677ef00e969fc6b97677cb512e3befac5f039b7741b966af70530040e572a
info|2026-02-07 10:55:24.927662|exec-0x00007dcad9de56c0|[EXECUTOR:1770432892][blk-148]GetTableHashes success,hash=29b677ef00e969fc6b97677cb512e3befac5f039b7741b966af70530040e572a,time(ms)=0
info|2026-02-07 10:55:24.927821|exec-0x00007dcad9de56c0|[SCHEDULER][blk-148][BlockTrace]ExecuteBlock success,hash=fe043480...,stateRoot=29b677ef00e969fc6b97677cb512e3befac5f039b7741b966af70530040e572a,receiptRoot=5861ce81036fab3bd6a233372db286269ec83fa11dbb280fab0449cd42572adc,txsRoot=83ef4747...,gasUsed=122115,signatureSize=0,timeCost=8,blockVersion=51052544
info|2026-02-07 10:55:24.927896|exec-0x00007dcad9de56c0|[CONSENSUS][Core][METRIC]asyncExecuteBlock success,sysBlock=false,number=148,result=fe043480...,txsSize=1,txsRoot=83ef4747...,receiptsRoot=5861ce81...,stateRoot=29b677ef...,timeCost=9,execPerTx=9
info|2026-02-07 10:55:24.928005|exec-0x00007dcad9de56c0|[CONSENSUS][PBFT]applyStateMachine finished,index=148,beforeExec=26324ac7...,afterExec=fe043480...,committedIndex=147,consNum=148,committedHash=b10a5704...,view=3,toView=3,changeCycle=0,expectedCheckPoint=148,Idx=3,unsealedTxs=0,sealUntil=0,waitResealUntil=0,consensusTimeout=3000,nodeId=5b07d12d...,timecost=11
info|2026-02-07 10:55:24.928121|pbftWorker-0x00007dcacd5cc6c0|[CONSENSUS][PBFT][STORAGE]asyncCommitProposal: write the committed proposal into db,index=148
info|2026-02-07 10:55:24.928330|pbftWorker-0x00007dcacd5cc6c0|[CONSENSUS][PBFT][STORAGE]asyncPutProposal: commit success,dbName=pbftCommitDB,key=max_committed_proposal,number=148,timecost=0,dataSize=3
info|2026-02-07 10:55:24.928392|pbftWorker-0x00007dcacd5cc6c0|[CONSENSUS][PBFT][STORAGE]asyncPutProposal: commit success,dbName=pbftCommitDB,key=148,number=148,timecost=0,dataSize=637
info|2026-02-07 10:55:24.928705|pbftWorker-0x00007dcacd5cc6c0|[CONSENSUS][PBFT]addCheckPointMsg,reqHash=fe043480...,reqIndex=148,reqV=3,fromIdx=3,wait(ms)=0,Idx=3,weight=1,minRequiredWeight=3
info|2026-02-07 10:55:24.928745|pbftWorker-0x00007dcacd5cc6c0|[CONSENSUS][PBFT]setCheckPointProposal,propHash=fe043480...,propIndex=148,committedIndex=147,consNum=148,committedHash=b10a5704...,view=3,toView=3,changeCycle=0,expectedCheckPoint=148,Idx=3,unsealedTxs=0,sealUntil=0,waitResealUntil=0,consensusTimeout=3000,nodeId=5b07d12d...
info|2026-02-07 10:55:24.928762|pbftWorker-0x00007dcacd5cc6c0|[CONSENSUS][PBFT]PBFTConfig: setExpectedCheckPoint,committedIndex=147,consNum=148,committedHash=b10a5704...,view=3,toView=3,changeCycle=0,expectedCheckPoint=149,Idx=3,unsealedTxs=0,sealUntil=0,waitResealUntil=0,consensusTimeout=3000,nodeId=5b07d12d...,expectedCheckPoint=149
info|2026-02-07 10:55:24.928772|pbftWorker-0x00007dcacd5cc6c0|[CONSENSUS][PBFT]notify to seal next proposal,nextProposalIndex=149
info|2026-02-07 10:55:24.928777|pbftWorker-0x00007dcacd5cc6c0|[CONSENSUS][PBFT]onProposalApplySuccess,index=148,hash=fe043480...,lockT=0,timecost=0
info|2026-02-07 10:55:24.930583|pbft-0x00007dcab9ffd6c0|[CONSENSUS][PBFT]handleCheckPointMsg: try to add the checkpoint message into the cache,reqHash=fe043480...,reqIndex=148,reqV=3,fromIdx=2,wait(ms)=1,committedIndex=147,consNum=148,committedHash=b10a5704...,view=3,toView=3,changeCycle=0,expectedCheckPoint=149,Idx=3,unsealedTxs=0,sealUntil=0,waitResealUntil=0,consensusTimeout=3000,nodeId=5b07d12d...
info|2026-02-07 10:55:24.930665|pbft-0x00007dcab9ffd6c0|[CONSENSUS][PBFT]addCheckPointMsg,reqHash=fe043480...,reqIndex=148,reqV=3,fromIdx=2,wait(ms)=1,Idx=3,weight=2,minRequiredWeight=3
info|2026-02-07 10:55:24.930678|pbft-0x00007dcab9ffd6c0|[CONSENSUS][PBFT]notify to seal next proposal,nextProposalIndex=149
info|2026-02-07 10:55:24.932760|pbft-0x00007dcab9ffd6c0|[CONSENSUS][PBFT]handleCheckPointMsg: try to add the checkpoint message into the cache,reqHash=fe043480...,reqIndex=148,reqV=3,fromIdx=1,wait(ms)=0,committedIndex=147,consNum=148,committedHash=b10a5704...,view=3,toView=3,changeCycle=0,expectedCheckPoint=149,Idx=3,unsealedTxs=0,sealUntil=0,waitResealUntil=0,consensusTimeout=3000,nodeId=5b07d12d...
info|2026-02-07 10:55:24.932816|pbft-0x00007dcab9ffd6c0|[CONSENSUS][PBFT]addCheckPointMsg,reqHash=fe043480...,reqIndex=148,reqV=3,fromIdx=1,wait(ms)=0,Idx=3,weight=3,minRequiredWeight=3
info|2026-02-07 10:55:24.932829|pbft-0x00007dcab9ffd6c0|[CONSENSUS][PBFT]notify to seal next proposal,nextProposalIndex=149
info|2026-02-07 10:55:24.932835|pbft-0x00007dcab9ffd6c0|[CONSENSUS][PBFT]setSignatureList,signatureSize=3,propHash=fe043480...,propIndex=148
info|2026-02-07 10:55:24.932841|pbft-0x00007dcab9ffd6c0|[CONSENSUS][PBFT]checkAndCommitStableCheckPoint,index=148,hash=fe043480...,committedIndex=147,consNum=148,committedHash=b10a5704...,view=3,toView=3,changeCycle=0,expectedCheckPoint=149,Idx=3,unsealedTxs=0,sealUntil=0,waitResealUntil=0,consensusTimeout=3000,nodeId=5b07d12d...
info|2026-02-07 10:55:24.932851|pbft-0x00007dcab9ffd6c0|[CONSENSUS][PBFT]updateStableCheckPointQueue: insert new checkpoint proposal,index=148,hash=fe043480...,committedIndex=147,consNum=148,committedHash=b10a5704...,view=3,toView=3,changeCycle=0,expectedCheckPoint=149,Idx=3,unsealedTxs=0,sealUntil=0,waitResealUntil=0,consensusTimeout=3000,nodeId=5b07d12d...
info|2026-02-07 10:55:24.932858|pbft-0x00007dcab9ffd6c0|[CONSENSUS][PBFT]updateStableCheckPointQueue: commit stable checkpoint,index=148,committedIndex=147
info|2026-02-07 10:55:24.932872|pbft-0x00007dcab9ffd6c0|[CONSENSUS][PBFT]asyncCommitStableCheckPoint: set signatureList,index=148,hash=fe043480...,proofSize=3,blockProofSize=3
info|2026-02-07 10:55:24.933557|blockSubmit-0x00007dcacedcf6c0|[SCHEDULER][blk-148][BlockTrace]CommitBlock start
info|2026-02-07 10:55:24.934454|blockSubmit-0x00007dcacedcf6c0|[STORAGE-RocksDB]asyncPrepare,number=148
info|2026-02-07 10:55:24.934489|blockSubmit-0x00007dcacedcf6c0|[STORAGE-RocksDB]asyncPrepare finished,blockNumber=148,put=7,delete=0,startTS=0,encode(ms)=0,time(ms)=0
info|2026-02-07 10:55:24.934503|blockSubmit-0x00007dcacedcf6c0|[LEDGER]storeTransactionsAndReceipts,blockNumber=148
info|2026-02-07 10:55:24.934766|blockSubmit-0x00007dcacedcf6c0|[STORAGE-RocksDB]setRows finished,put=1,dataSize=9644,time(ms)=0
info|2026-02-07 10:55:24.934895|exec-0x00007dcad95e46c0|[STORAGE-RocksDB]asyncPrepare,number=148
info|2026-02-07 10:55:24.935315|exec-0x00007dcad95e46c0|[STORAGE-KeyPage]parallelTraverse,size=415
info|2026-02-07 10:55:24.935337|ledgerWrite-0x00007dcae1df56c0|[STORAGE-RocksDB]setRows finished,put=1,dataSize=141,time(ms)=1
info|2026-02-07 10:55:24.935351|exec-0x00007dcad95e46c0|[STORAGE-RocksDB]asyncPrepare finished,blockNumber=148,put=6,delete=2,startTS=0,encode(ms)=0,time(ms)=0
info|2026-02-07 10:55:24.935359|exec-0x00007dcad95e46c0|[EXECUTOR:1770432892][blk-148]Prepare success
info|2026-02-07 10:55:24.935662|blockSubmit-0x00007dcacedcf6c0|[LEDGER]storeTransactionsAndReceipts finished,blockNumber=148,blockTxsSize=1,unStoredTxs=1,timeCost=1
info|2026-02-07 10:55:24.935813|blockSubmit-0x00007dcacedcf6c0|[STORAGE-RocksDB]asyncCommit finished,blockNumber=148,startTS=0,time(ms)=0,callback time(ms)=0,count=15
info|2026-02-07 10:55:24.935845|blockSubmit-0x00007dcacedcf6c0|[LEDGER][METRIC]asyncPrewriteBlock,number=148,totalTxs=172,failedTxs=44,incTxs=1,incFailedTxs=0
info|2026-02-07 10:55:24.936164|exec-0x00007dcad8de36c0|[TOOL]fetchCompatibilityVersion
info|2026-02-07 10:55:24.936344|exec-0x00007dcad8de36c0|[TOOL]fetchCompatibilityVersion success,version=3.11.0,versionNumber=51052544,minSupportedVersion=3.0.0-rc4,maxSupportedVersion=3.11.0
info|2026-02-07 10:55:24.936497|exec-0x00007dcad8de36c0|[TOOL]fetchAuthCheckStatus success,value=0
info|2026-02-07 10:55:24.936526|exec-0x00007dcad8de36c0|[EXECUTOR:1770432892]merge keyPage to cachedStorage,number=148
info|2026-02-07 10:55:24.936653|exec-0x00007dcad8de36c0|[STORAGE-KeyPage]parallelTraverse,size=415
info|2026-02-07 10:55:24.936685|exec-0x00007dcad8de36c0|[STORAGE]Successful merged records,count=8
info|2026-02-07 10:55:24.938412|exec-0x00007dcad8de36c0|[SCHEDULER][blk-148][BlockTrace]CommitBlock success,gas limit=3000000000,timeCost=5
info|2026-02-07 10:55:24.938559|exec-0x00007dcad8de36c0|[SCHEDULER][BlockTrace]Notify block result success,blockNumber=148
info|2026-02-07 10:55:24.938570|exec-0x00007dcad8de36c0|[CONSENSUS][PBFT][STORAGE][METRIC]commitStableCheckPoint success,index=148,hash=fe043480...,txs=1,timeCost=5,commitPerTx=5
info|2026-02-07 10:55:24.938604|exec-0x00007dcad8de36c0|[SCHEDULER][blk-148]notify block result success,hash=fe043480...,txsSize=1
info|2026-02-07 10:55:24.938725|exec-0x00007dcad8de36c0|[STORAGE-RocksDB]asyncCommit finished,blockNumber=148,startTS=0,time(ms)=0,callback time(ms)=2,count=0
info|2026-02-07 10:55:24.938704|blockSubmit-0x00007dcacedcf6c0|[CONSENSUS][PBFT][METRIC]resetConfig,committedIndex=148,propHash=fe043480...,blockCountLimit=1000,leaderPeriod=1,consensusNodesSize=4
info|2026-02-07 10:55:24.938817|submitter-0x00007dcae2df76c0|[TXPOOL][METRIC]StatTPS,tps=31,totalTime=32
info|2026-02-07 10:55:24.938843|blockSubmit-0x00007dcacedcf6c0|[CONSENSUS][PBFT][METRIC]^^^^^^^^Report,sealer=3,txs=1,committedIndex=148,consNum=149,committedHash=fe043480...,view=3,toView=3,changeCycle=0,expectedCheckPoint=149,Idx=3,unsealedTxs=0,sealUntil=0,waitResealUntil=0,consensusTimeout=3000,nodeId=5b07d12d...
info|2026-02-07 10:55:24.938882|blockSubmit-0x00007dcacedcf6c0|[CONSENSUS][SEALER]asyncNoteLatestBlockNumber,number=148
info|2026-02-07 10:55:24.938891|blockSubmit-0x00007dcacedcf6c0|[CONSENSUS][SEALER]asyncNoteLatestBlockHash,_hash=fe043480...
info|2026-02-07 10:55:24.938922|blockSubmit-0x00007dcacedcf6c0|[Gateway][Router]insertNode: the node has already existed,groupID=group0,nodeID=5b07d12d1512a66493c8fd3456d8c505e6ce05f20061613a4c48a1fa3755bbf9cc2d2f1878c4a6733389f03deb0a3fc0c672e2f4910fde9802d6675929cb3dc5,nodeType=CONSENSUS_NODE
info|2026-02-07 10:55:24.938932|blockSubmit-0x00007dcacedcf6c0|[INITIALIZER]registerNode,group=group0,node=5b07d12d1512a66493c8fd3456d8c505e6ce05f20061613a4c48a1fa3755bbf9cc2d2f1878c4a6733389f03deb0a3fc0c672e2f4910fde9802d6675929cb3dc5,type=CONSENSUS_NODE
info|2026-02-07 10:55:24.938940|blockSubmit-0x00007dcacedcf6c0|[BLOCK SYNC]#### BlockSyncConfig resetConfig,number=148,consNodeSize=4,observerNodeSize=0,type=CONSENSUS_NODE
info|2026-02-07 10:55:24.939350|blockSubmit-0x00007dcacedcf6c0|[CONSENSUS][PBFT]notify to seal next proposal,nextProposalIndex=149
info|2026-02-07 10:55:24.939431|blockSubmit-0x00007dcacedcf6c0|[CONSENSUS][PBFT]removeConsensusedCache finalizeConsensus,view=3,number=148,eraseSize=1,cacheSize=0
info|2026-02-07 10:55:24.939546|blockSubmit-0x00007dcacedcf6c0|[CONSENSUS][PBFT][STORAGE]asyncRemoveStabledCheckPoint,index=143
info|2026-02-07 10:55:24.939672|blockSubmit-0x00007dcacedcf6c0|[CONSENSUS][PBFT][STORAGE]asyncRemove success,dbName=pbftCommitDB,key=143
info|2026-02-07 10:55:24.940864|submitter-0x00007dcae2df76c0|[TXPOOL][METRIC]batchRemove txs success,expectedSize=1,succCount=1,batchId=148,timecost=2,lockT=0,removeT=0,updateLedgerNonceT=0,updateTxPoolNonceT=0
info|2026-02-07 10:55:25.306965|ioService-0x00007dcaa4ffd6c0|[WS][SESSION][asyncRead],message=End of file,endpoint=127.0.0.1:41722,refCount=2
info|2026-02-07 10:55:25.307010|ioService-0x00007dcaa4ffd6c0|[RPC][WS][SESSION][drop],reason=4294963295,endpoint=127.0.0.1:41722,session=0x7dcaa2804210
info|2026-02-07 10:55:25.307029|ioService-0x00007dcaa4ffd6c0|[RPC][WS][SESSION][drop],reason=4294963295,endpoint=127.0.0.1:41722,cb size=0,session=0x7dcaa2804210
info|2026-02-07 10:55:25.307118|ioService-0x00007dcaa4ffd6c0|[DEFAULT][WS][STREAM]the real action to close the stream,this=0x7dcaa281f090
info|2026-02-07 10:55:25.307213|fisco-bcos-0x00007dcac55ff6c0|[RPC][WS][SERVICE][removeSession],endpoint=127.0.0.1:41722
info|2026-02-07 10:55:25.307241|fisco-bcos-0x00007dcac55ff6c0|[RPC][WS][SERVICE][onDisconnect],endpoint=127.0.0.1:41722,refCount=2
info|2026-02-07 10:55:25.307247|fisco-bcos-0x00007dcac55ff6c0|[RPC][WS][SESSION],[DELOBJ][WSSESSION]=0x7dcaa2804210
info|2026-02-07 10:55:25.307263|fisco-bcos-0x00007dcac55ff6c0|[DEFAULT][WS][STREAM],[DELOBJ][WsStream]=0x7dcaa281f090
info|2026-02-07 10:55:26.092533|ioService-0x00007dcaa57fe6c0|[DEFAULT][HTTP][SERVER][accept],local_endpoint=127.0.0.1:20203,remote_endpoint=127.0.0.1:41728
info|2026-02-07 10:55:26.092982|ioService-0x00007dcaa45fc6c0|[DEFAULT][HTTP][SESSION][onRead]websocket upgrade
info|2026-02-07 10:55:26.093223|ioService-0x00007dcaa45fc6c0|[DEFAULT][WS][STREAM],[NEWOBJ][WsStream]=0x7dcaa061f090
info|2026-02-07 10:55:26.093255|ioService-0x00007dcaa45fc6c0|[RPC][WS][SESSION],[NEWOBJ][WSSESSION]=0x7dcaa0604210
info|2026-02-07 10:55:26.093260|ioService-0x00007dcaa45fc6c0|[RPC][WS][SERVICE][newSession]start the session,endPoint=127.0.0.1:41728
info|2026-02-07 10:55:26.093267|ioService-0x00007dcaa45fc6c0|[RPC][WS][SESSION][startAsServer]start websocket handshake,endPoint=127.0.0.1:41728,session=0x7dcaa0604210
info|2026-02-07 10:55:26.093381|ioService-0x00007dcaa45fc6c0|[RPC][WS][SERVICE][addSession]add session to mapping,endPoint=127.0.0.1:41728,result=true
info|2026-02-07 10:55:26.093399|ioService-0x00007dcaa45fc6c0|[RPC][WS][SERVICE][onConnect],endpoint=127.0.0.1:41728,refCount=3
info|2026-02-07 10:55:26.093414|ioService-0x00007dcaa45fc6c0|[RPC][WS][SESSION][onWsAccept]websocket handshake successfully,endPoint=127.0.0.1:41728,session=0x7dcaa0604210
info|2026-02-07 10:55:26.093983|fisco-bcos-0x00007dcac3fff6c0|HandshakeRequest,module=2,minVersion=0,maxVersion=2
info|2026-02-07 10:55:26.094014|fisco-bcos-0x00007dcac3fff6c0|[RPC]negotiatedVersion success,peer=127.0.0.1:41728,minVersion=0,maxVersion=2,supportMinVersion=0,supportMaxVersion=2,negotiatedVersion=2,seq=903c3d19db2649b8ad2e63235b8b6778
info|2026-02-07 10:55:26.094132|fisco-bcos-0x00007dcac3fff6c0|[RPC]onRecvHandshakeRequest success,version=2,endpoint=127.0.0.1:41728,handshakeResponse={"groupBlockNumber":[{"group0":148}],"groupInfoList":[{"chainID":"chain0","genesisConfig":"{\"blockTxCountLimit\":1000,\"consensusLeaderPeriod\":1,\"consensusType\":\"pbft\",\"sealerList\":[{\"nodeID\":\"0d6a7f52cb87ce7fda869e0db309ec9c53723c46f81632c21e4abbf1a9159f14d53f37cc0c4141548da9ec877d6235afd7a501c40d296fc4c5252a8717aa23c2\",\"weight\":1},{\"nodeID\":\"21a47acec36f73d8e925a7d5db44793f998e1a42a6d7ee2e3a5cf4037b853452cb76f6cbab8e5b223a128e8ee15790d1f629858b47070b4eb2e1ddb2b0ada297\",\"weight\":1},{\"nodeID\":\"2346c69c46d42278eb237167eb19eb28432b63783cc0fd7cddc90f89c148e755db8941be9b0c5f37cbc21c409a78c154abc75ce0c80818c6fbb76aea6bcd0a9a\",\"weight\":1},{\"nodeID\":\"5b07d12d1512a66493c8fd3456d8c505e6ce05f20061613a4c48a1fa3755bbf9cc2d2f1878c4a6733389f03deb0a3fc0c672e2f4910fde9802d6675929cb3dc5\",\"weight\":1}],\"txGasLimit\":3000000000}\n","groupID":"group0","iniConfig":"","nodeList":[{"featureKeys":["bugfix_revert","bugfix_statestorage_hash","bugfix_evm_create2_delegatecall_staticcall_codecopy","bugfix_event_log_order","bugfix_call_noaddr_return","bugfix_precompiled_codehash","bugfix_dmc_revert","bugfix_keypage_system_entry_hash","bugfix_internal_create_redundant_storage","bugfix_internal_create_permission_denied","bugfix_sharding_call_in_child_executive","bugfix_empty_abi_reset","bugfix_eip55_addr","bugfix_eoa_as_contract","bugfix_eoa_match_failed","bugfix_evm_exception_gas_used","bugfix_dmc_deploy_gas_used","bugfix_staticcall_noaddr_return","bugfix_support_transfer_receive_fallback","bugfix_set_row_with_dirty_flag","feature_dmc2serial","feature_sharding","feature_rpbft","feature_paillier","feature_balance","feature_balance_precompiled","feature_balance_policy1","feature_paillier_add_raw","feature_evm_cancun"],"iniConfig":"{\"binaryInfo\":{\"buildTime\":\"20240827 04:30:34\",\"gitCommitHash\":\"3fea676716990b2ed453b4f079915daafff451f9\",\"platform\":\"Linux/g++\",\"version\":\"3.11.0\"},\"chainID\":\"chain0\",\"gatewayServiceName\":\"\",\"groupID\":\"group0\",\"isAuthCheck\":false,\"isSerialExecute\":true,\"isWasm\":false,\"nodeID\":\"5b07d12d1512a66493c8fd3456d8c505e6ce05f20061613a4c48a1fa3755bbf9cc2d2f1878c4a6733389f03deb0a3fc0c672e2f4910fde9802d6675929cb3dc5\",\"nodeName\":\"5b07d12d1512a66493c8fd3456d8c505e6ce05f20061613a4c48a1fa3755bbf9cc2d2f1878c4a6733389f03deb0a3fc0c672e2f4910fde9802d6675929cb3dc5\",\"rpcServiceName\":\"\",\"smCryptoType\":false}\n","microService":false,"name":"5b07d12d1512a66493c8fd3456d8c505e6ce05f20061613a4c48a1fa3755bbf9cc2d2f1878c4a6733389f03deb0a3fc0c672e2f4910fde9802d6675929cb3dc5","nodeID":"5b07d12d1512a66493c8fd3456d8c505e6ce05f20061613a4c48a1fa3755bbf9cc2d2f1878c4a6733389f03deb0a3fc0c672e2f4910fde9802d6675929cb3dc5","protocol":{"compatibilityVersion":51052544,"maxSupportedVersion":2,"minSupportedVersion":0},"serviceInfo":[{"serviceName":"LedgerServiceObj","type":2},{"serviceName":"SchedulerServiceObj","type":3},{"serviceName":"FrontServiceObj","type":4},{"serviceName":"","type":6},{"serviceName":"","type":7},{"serviceName":"TxPoolServiceObj","type":8}],"supportConfigs":["tx_gas_limit","tx_gas_price","tx_count_limit","consensus_leader_period","auth_check_status","compatibility_version","feature_rpbft","feature_rpbft_epoch_block_num","feature_rpbft_epoch_sealer_num","feature_balance_precompiled","web3_chain_id"],"type":0}]}],"protocolVersion":2}
info|2026-02-07 10:55:26.098211|fisco-bcos-0x00007dcabd3fe6c0|[parseSubTopicsJson],topicItems size=0,json={"topics":[]}
info|2026-02-07 10:55:26.098301|fisco-bcos-0x00007dcabd3fe6c0|[AMOPClient]subscribeTopicToAllNodes,topicInfo={
	"topics" : []
}
info|2026-02-07 10:55:26.098318|fisco-bcos-0x00007dcabd3fe6c0|[AMOP][TOPIC][parseSubTopicsJson],topicItems size=0,json={
	"topics" : []
}
info|2026-02-07 10:55:26.098330|fisco-bcos-0x00007dcabd3fe6c0|[AMOP][TOPIC][subTopic],client=localAMOP,topicSeq=1,topicItems size=0
info|2026-02-07 10:55:26.098333|fisco-bcos-0x00007dcabd3fe6c0|[AMOPClient][onRecvSubTopics],topicInfo={"topics":[]}
,endpoint=127.0.0.1:41728,seq=20a2e6b512304cfbad6fde0cb4ae8917
info|2026-02-07 10:55:27.924644|pbft-0x00007dcab9ffd6c0|[CONSENSUS][PBFT]handlePrePrepareMsg,reqHash=3f859c61...,reqIndex=149,reqV=3,fromIdx=0,wait(ms)=0,committedIndex=148,consNum=149,committedHash=fe043480...,view=3,toView=3,changeCycle=0,expectedCheckPoint=149,Idx=3,unsealedTxs=1,sealUntil=0,waitResealUntil=0,consensusTimeout=3000,nodeId=5b07d12d...,utc=5161398
info|2026-02-07 10:55:27.924776|pbft-0x00007dcab9ffd6c0|[TXPOOL]begin asyncVerifyBlock,consNum=149,hash=3f859c61...
info|2026-02-07 10:55:27.924884|verifier-0x00007dcaddded6c0|[TXPOOL]batchVerifyProposal,consNum=149,hash=3f859c61...,txsSize=1,lockT=0,verifyT=0,missedTxs=0
info|2026-02-07 10:55:27.924963|verifier-0x00007dcaddded6c0|[TXPOOL][METRIC]asyncVerifyBlock finished,consNum=149,hash=3f859c61...,code=0,msg=success,result=true,timecost=0
info|2026-02-07 10:55:27.924994|verifier-0x00007dcaddded6c0|[CONSENSUS][PBFT]handlePrePrepareMsg,reqHash=3f859c61...,reqIndex=149,reqV=3,fromIdx=0,wait(ms)=1,committedIndex=148,consNum=149,committedHash=fe043480...,view=3,toView=3,changeCycle=0,expectedCheckPoint=149,Idx=3,unsealedTxs=1,sealUntil=0,waitResealUntil=0,consensusTimeout=3000,nodeId=5b07d12d...,utc=5161399
info|2026-02-07 10:55:27.925036|verifier-0x00007dcaddded6c0|[CONSENSUS][PBFT]addPrePrepareCache,reqHash=3f859c61...,reqIndex=149,reqV=3,fromIdx=0,wait(ms)=1,sys=false,committedIndex=148,consNum=149,committedHash=fe043480...,view=3,toView=3,changeCycle=0,expectedCheckPoint=149,Idx=3,unsealedTxs=1,sealUntil=0,waitResealUntil=0,consensusTimeout=3000,nodeId=5b07d12d...
info|2026-02-07 10:55:27.925070|validator-0x00007dcacfdd16c0|[CONSENSUS][PBFT]asyncResetTxsFlag,index=149,hash=3f859c61...,flag=true
info|2026-02-07 10:55:27.925164|validator-0x00007dcacfdd16c0|[TXPOOL]batchMarkTxs,txsSize=1,batchId=149,hash=3f859c61...,sealFlag=true,notFound=0,reSealed=0,succ=1,time=0,markT=0
info|2026-02-07 10:55:27.925187|validator-0x00007dcacfdd16c0|[CONSENSUS][PBFT]asyncMarkTxs success,index=149,hash=3f859c61...,flag=true,markT=0,emptyTxBatchHash=false
info|2026-02-07 10:55:27.925346|verifier-0x00007dcaddded6c0|[CONSENSUS][PBFT]notify the committed proposal index to the sync module success,index=149
info|2026-02-07 10:55:27.925692|verifier-0x00007dcaddded6c0|[CONSENSUS][PBFT]addPrepareCache,reqHash=3f859c61...,reqIndex=149,reqV=3,fromIdx=3,wait(ms)=0,committedIndex=148,consNum=149,committedHash=fe043480...,view=3,toView=3,changeCycle=0,expectedCheckPoint=149,Idx=3,unsealedTxs=0,sealUntil=0,waitResealUntil=0,consensusTimeout=3000,nodeId=5b07d12d...,weight=1
info|2026-02-07 10:55:27.925758|verifier-0x00007dcaddded6c0|[CONSENSUS][PBFT]broadcast prepare packet,packetSize=230,index=149
info|2026-02-07 10:55:27.925855|verifier-0x00007dcaddded6c0|[CONSENSUS][PBFT]handlePrePrepareMsg and broadcast prepare packet,reqHash=3f859c61...,reqIndex=149,reqV=3,fromIdx=0,wait(ms)=1,committedIndex=148,consNum=149,committedHash=fe043480...,view=3,toView=3,changeCycle=0,expectedCheckPoint=149,Idx=3,unsealedTxs=0,sealUntil=0,waitResealUntil=0,consensusTimeout=3000,nodeId=5b07d12d...
info|2026-02-07 10:55:27.926325|txsPreStore-0x00007dcadc5ea6c0|[TXPOOL]storeVerifiedBlock fetch block number from LedgerConfig
info|2026-02-07 10:55:27.926411|txsPreStore-0x00007dcadc5ea6c0|[TOOL]LedgerConfigFetcher: fetchBlockNumber success,blockNumber=148
info|2026-02-07 10:55:27.926420|txsPreStore-0x00007dcadc5ea6c0|[TXPOOL]storeVerifiedBlock,consNum=149,hash=3f859c61...,txsSize=1
info|2026-02-07 10:55:27.926481|txsPreStore-0x00007dcadc5ea6c0|[LEDGER]asyncPreStoreBlockTxs: needStoreUnsavedTxs,txsSize=1,unstoredTxs=1,number=149
info|2026-02-07 10:55:27.926637|txsPreStore-0x00007dcadc5ea6c0|[STORAGE-RocksDB]setRows finished,put=1,dataSize=10904,time(ms)=0
info|2026-02-07 10:55:27.926658|txsPreStore-0x00007dcadc5ea6c0|[LEDGER]asyncPreStoreBlockTxs: store uncommitted txs,blockNumber=149,blockTxsSize=1,unStoredTxs=1,msg=success,code=0,timeCost=0
info|2026-02-07 10:55:27.926663|txsPreStore-0x00007dcadc5ea6c0|[TXPOOL]storeVerifiedBlock success,consNum=149,hash=3f859c61...,timecost=0
info|2026-02-07 10:55:27.926728|pbft-0x00007dcab9ffd6c0|[CONSENSUS][PBFT]addPrepareCache,reqHash=3f859c61...,reqIndex=149,reqV=3,fromIdx=1,wait(ms)=1,committedIndex=148,consNum=149,committedHash=fe043480...,view=3,toView=3,changeCycle=0,expectedCheckPoint=149,Idx=3,unsealedTxs=0,sealUntil=0,waitResealUntil=0,consensusTimeout=3000,nodeId=5b07d12d...,weight=2
info|2026-02-07 10:55:27.926836|pbft-0x00007dcab9ffd6c0|[CONSENSUS][PBFT]addPrepareCache,reqHash=3f859c61...,reqIndex=149,reqV=3,fromIdx=0,wait(ms)=0,committedIndex=148,consNum=149,committedHash=fe043480...,view=3,toView=3,changeCycle=0,expectedCheckPoint=149,Idx=3,unsealedTxs=0,sealUntil=0,waitResealUntil=0,consensusTimeout=3000,nodeId=5b07d12d...,weight=3
info|2026-02-07 10:55:27.926847|pbft-0x00007dcab9ffd6c0|[CONSENSUS][PBFT]setSignatureList,signatureSize=3,propHash=3f859c61...,propIndex=149
info|2026-02-07 10:55:27.926854|pbft-0x00007dcab9ffd6c0|[CONSENSUS][PBFT]intoPrecommit,reqHash=3f859c61...,reqIndex=149,reqV=3,fromIdx=3,wait(ms)=3,committedIndex=148,consNum=149,committedHash=fe043480...,view=3,toView=3,changeCycle=0,expectedCheckPoint=149,Idx=3,unsealedTxs=0,sealUntil=0,waitResealUntil=0,consensusTimeout=3000,nodeId=5b07d12d...
info|2026-02-07 10:55:27.927220|pbft-0x00007dcab9ffd6c0|[CONSENSUS][PBFT]addCommitCache,reqHash=3f859c61...,reqIndex=149,reqV=3,fromIdx=3,wait(ms)=0,committedIndex=148,consNum=149,committedHash=fe043480...,view=3,toView=3,changeCycle=0,expectedCheckPoint=149,Idx=3,unsealedTxs=0,sealUntil=0,waitResealUntil=0,consensusTimeout=3000,nodeId=5b07d12d...,weight=1
info|2026-02-07 10:55:27.927244|pbft-0x00007dcab9ffd6c0|[CONSENSUS][PBFT]checkAndPreCommit: broadcast commitMsg,Idx=3,hash=3f859c61...,index=149
info|2026-02-07 10:55:27.927389|pbft-0x00007dcab9ffd6c0|[CONSENSUS][PBFT]addCommitCache,reqHash=3f859c61...,reqIndex=149,reqV=3,fromIdx=1,wait(ms)=0,committedIndex=148,consNum=149,committedHash=fe043480...,view=3,toView=3,changeCycle=0,expectedCheckPoint=149,Idx=3,unsealedTxs=0,sealUntil=0,waitResealUntil=0,consensusTimeout=3000,nodeId=5b07d12d...,weight=2
info|2026-02-07 10:55:27.927793|pbft-0x00007dcab9ffd6c0|[CONSENSUS][PBFT]addCommitCache,reqHash=3f859c61...,reqIndex=149,reqV=3,fromIdx=0,wait(ms)=0,committedIndex=148,consNum=149,committedHash=fe043480...,view=3,toView=3,changeCycle=0,expectedCheckPoint=149,Idx=3,unsealedTxs=0,sealUntil=0,waitResealUntil=0,consensusTimeout=3000,nodeId=5b07d12d...,weight=3
info|2026-02-07 10:55:27.927859|pbft-0x00007dcab9ffd6c0|[CONSENSUS][PBFT]checkAndCommit,propHash=3f859c61...,propIndex=149,committedIndex=148,consNum=149,committedHash=fe043480...,view=3,toView=3,changeCycle=0,expectedCheckPoint=149,Idx=3,unsealedTxs=0,sealUntil=0,waitResealUntil=0,consensusTimeout=3000,nodeId=5b07d12d...
info|2026-02-07 10:55:27.927916|pbft-0x00007dcab9ffd6c0|[CONSENSUS][PBFT]######## CommitProposal,propHash=3f859c61...,propIndex=149,sys=false,committedIndex=148,consNum=149,committedHash=fe043480...,view=3,toView=3,changeCycle=0,expectedCheckPoint=149,Idx=3,unsealedTxs=0,sealUntil=0,waitResealUntil=0,consensusTimeout=3000,nodeId=5b07d12d...
info|2026-02-07 10:55:27.927938|pbft-0x00007dcab9ffd6c0|[CONSENSUS][PBFT]notify to seal next proposal,nextProposalIndex=150
info|2026-02-07 10:55:27.928006|pbft-0x00007dcab9ffd6c0|[CONSENSUS][PBFT]notify to seal next proposal,nextProposalIndex=150
info|2026-02-07 10:55:27.928134|pbft-0x00007dcab9ffd6c0|[CONSENSUS][PBFT]applyStateMachine,index=149,hash=3f859c61...,committedIndex=148,consNum=149,committedHash=fe043480...,view=3,toView=3,changeCycle=0,expectedCheckPoint=149,Idx=3,unsealedTxs=0,sealUntil=0,waitResealUntil=0,consensusTimeout=3000,nodeId=5b07d12d...,unAppliedProposals=0
info|2026-02-07 10:55:27.928222|preExeScheduler-0x00007dca802636c0|[SCHEDULER][METRIC][BlockTrace][blk-149]preExeBlock success,blockHeader.timestamp=1770432927923,metaTxCount=1,timeCost=0
info|2026-02-07 10:55:27.928424|exeScheduler-0x00007dca7fa626c0|[SCHEDULER][METRIC][blk-149]ExecuteBlock request,gasLimit=3000000000,gasPrice=0x0,verify=false,signatureSize=0,txCount=0,metaTxCount=1,version=3.11.0,waitT=0
info|2026-02-07 10:55:27.928544|exeScheduler-0x00007dca7fa626c0|[SCHEDULER][blk-149][BlockTrace]ExecuteBlock start,time(ms)=0
info|2026-02-07 10:55:27.928607|exeScheduler-0x00007dca7fa626c0|[SCHEDULER][serialExecute][blk-149][BlockTrace]serialExecute execute block
info|2026-02-07 10:55:27.928626|exeScheduler-0x00007dca7fa626c0|[SCHEDULER][serialExecute][blk-149][BlockTrace]serialExecute batch next block
info|2026-02-07 10:55:27.928631|exeScheduler-0x00007dca7fa626c0|[SCHEDULER][blk-149][BlockTrace]NextBlock request,executorNum=1
info|2026-02-07 10:55:27.929035|exec-0x00007dcad85e26c0|[SCHEDULER][blk-149][BlockTrace]NextBlock success,executorNum=1,timeCost=1
info|2026-02-07 10:55:27.929060|exec-0x00007dcad85e26c0|[SCHEDULER][serialExecute][blk-149][BlockTrace]serialExecute block begin
info|2026-02-07 10:55:27.929337|Unnamed-0x00007dca7ea606c0|[STORAGE-KeyPage]empty table,table=/apps/790a5f5b4543ee85b4da4665386f819524abfe7a_accessAuth,key=61646d696e
info|2026-02-07 10:55:27.929465|Unnamed-0x00007dca7ea606c0|[STORAGE-KeyPage]empty table,table=/apps/790a5f5b4543ee85b4da4665386f819524abfe7a,key=0000000000000000000000000000000000000000000000000000000000000004
info|2026-02-07 10:55:27.929928|exec-0x00007dcad6ddf6c0|[STORAGE-KeyPage]hash,size=29,blockVersion=51052544,readLength=18342,writeLength=452,pageCount=2,entrycount=2,entriesHash=ec3d62861251cc102926ba3687ac10d96e0fe806f5d67f9a2f2c9b469c3ce231,pagesHash=bcfc8cd2f82a774795bcc37f3429d4954f169983d18f1ca5f878293a1f3a8b6a,totalHash=50c1ee54ea7bbb57bc9a7949b385c44c211971852459633fd754b27c8306695b
info|2026-02-07 10:55:27.930004|exec-0x00007dcad6ddf6c0|[EXECUTOR:1770432892][blk-149]GetTableHashes success,hash=50c1ee54ea7bbb57bc9a7949b385c44c211971852459633fd754b27c8306695b,time(ms)=1
info|2026-02-07 10:55:27.930064|exec-0x00007dcad6ddf6c0|[SCHEDULER][blk-149][BlockTrace]ExecuteBlock success,hash=c13e19d7...,stateRoot=50c1ee54ea7bbb57bc9a7949b385c44c211971852459633fd754b27c8306695b,receiptRoot=dac71b2e8c027909b83048cf44aa9872dfce6c53241afdca42365f24a9afb3ab,txsRoot=be4e7f90...,gasUsed=128597,signatureSize=0,timeCost=2,blockVersion=51052544
info|2026-02-07 10:55:27.930073|exec-0x00007dcad6ddf6c0|[CONSENSUS][Core][METRIC]asyncExecuteBlock success,sysBlock=false,number=149,result=c13e19d7...,txsSize=1,txsRoot=be4e7f90...,receiptsRoot=dac71b2e...,stateRoot=50c1ee54...,timeCost=2,execPerTx=2
info|2026-02-07 10:55:27.930102|exec-0x00007dcad6ddf6c0|[CONSENSUS][PBFT]applyStateMachine finished,index=149,beforeExec=3f859c61...,afterExec=c13e19d7...,committedIndex=148,consNum=149,committedHash=fe043480...,view=3,toView=3,changeCycle=0,expectedCheckPoint=149,Idx=3,unsealedTxs=0,sealUntil=0,waitResealUntil=0,consensusTimeout=3000,nodeId=5b07d12d...,timecost=2
info|2026-02-07 10:55:27.930220|pbftWorker-0x00007dcaccdcb6c0|[CONSENSUS][PBFT][STORAGE]asyncCommitProposal: write the committed proposal into db,index=149
info|2026-02-07 10:55:27.930299|pbftWorker-0x00007dcaccdcb6c0|[CONSENSUS][PBFT][STORAGE]asyncPutProposal: commit success,dbName=pbftCommitDB,key=max_committed_proposal,number=149,timecost=0,dataSize=3
info|2026-02-07 10:55:27.930332|pbftWorker-0x00007dcaccdcb6c0|[CONSENSUS][PBFT][STORAGE]asyncPutProposal: commit success,dbName=pbftCommitDB,key=149,number=149,timecost=0,dataSize=633
info|2026-02-07 10:55:27.930544|pbftWorker-0x00007dcaccdcb6c0|[CONSENSUS][PBFT]addCheckPointMsg,reqHash=c13e19d7...,reqIndex=149,reqV=3,fromIdx=3,wait(ms)=0,Idx=3,weight=1,minRequiredWeight=3
info|2026-02-07 10:55:27.930571|pbftWorker-0x00007dcaccdcb6c0|[CONSENSUS][PBFT]setCheckPointProposal,propHash=c13e19d7...,propIndex=149,committedIndex=148,consNum=149,committedHash=fe043480...,view=3,toView=3,changeCycle=0,expectedCheckPoint=149,Idx=3,unsealedTxs=0,sealUntil=0,waitResealUntil=0,consensusTimeout=3000,nodeId=5b07d12d...
info|2026-02-07 10:55:27.930619|pbftWorker-0x00007dcaccdcb6c0|[CONSENSUS][PBFT]PBFTConfig: setExpectedCheckPoint,committedIndex=148,consNum=149,committedHash=fe043480...,view=3,toView=3,changeCycle=0,expectedCheckPoint=150,Idx=3,unsealedTxs=0,sealUntil=0,waitResealUntil=0,consensusTimeout=3000,nodeId=5b07d12d...,expectedCheckPoint=150
info|2026-02-07 10:55:27.930627|pbftWorker-0x00007dcaccdcb6c0|[CONSENSUS][PBFT]notify to seal next proposal,nextProposalIndex=150
info|2026-02-07 10:55:27.930630|pbftWorker-0x00007dcaccdcb6c0|[CONSENSUS][PBFT]onProposalApplySuccess,index=149,hash=c13e19d7...,lockT=0,timecost=0
info|2026-02-07 10:55:27.931846|pbft-0x00007dcab9ffd6c0|[CONSENSUS][PBFT]handleCheckPointMsg: try to add the checkpoint message into the cache,reqHash=c13e19d7...,reqIndex=149,reqV=3,fromIdx=0,wait(ms)=1,committedIndex=148,consNum=149,committedHash=fe043480...,view=3,toView=3,changeCycle=0,expectedCheckPoint=150,Idx=3,unsealedTxs=0,sealUntil=0,waitResealUntil=0,consensusTimeout=3000,nodeId=5b07d12d...
info|2026-02-07 10:55:27.931950|pbft-0x00007dcab9ffd6c0|[CONSENSUS][PBFT]addCheckPointMsg,reqHash=c13e19d7...,reqIndex=149,reqV=3,fromIdx=0,wait(ms)=1,Idx=3,weight=2,minRequiredWeight=3
info|2026-02-07 10:55:27.931963|pbft-0x00007dcab9ffd6c0|[CONSENSUS][PBFT]notify to seal next proposal,nextProposalIndex=150
info|2026-02-07 10:55:27.932056|pbft-0x00007dcab9ffd6c0|[CONSENSUS][PBFT]handleCheckPointMsg: try to add the checkpoint message into the cache,reqHash=c13e19d7...,reqIndex=149,reqV=3,fromIdx=1,wait(ms)=2,committedIndex=148,consNum=149,committedHash=fe043480...,view=3,toView=3,changeCycle=0,expectedCheckPoint=150,Idx=3,unsealedTxs=0,sealUntil=0,waitResealUntil=0,consensusTimeout=3000,nodeId=5b07d12d...
info|2026-02-07 10:55:27.932079|pbft-0x00007dcab9ffd6c0|[CONSENSUS][PBFT]addCheckPointMsg,reqHash=c13e19d7...,reqIndex=149,reqV=3,fromIdx=1,wait(ms)=2,Idx=3,weight=3,minRequiredWeight=3
info|2026-02-07 10:55:27.932087|pbft-0x00007dcab9ffd6c0|[CONSENSUS][PBFT]notify to seal next proposal,nextProposalIndex=150
info|2026-02-07 10:55:27.932098|pbft-0x00007dcab9ffd6c0|[CONSENSUS][PBFT]setSignatureList,signatureSize=3,propHash=c13e19d7...,propIndex=149
info|2026-02-07 10:55:27.932102|pbft-0x00007dcab9ffd6c0|[CONSENSUS][PBFT]checkAndCommitStableCheckPoint,index=149,hash=c13e19d7...,committedIndex=148,consNum=149,committedHash=fe043480...,view=3,toView=3,changeCycle=0,expectedCheckPoint=150,Idx=3,unsealedTxs=0,sealUntil=0,waitResealUntil=0,consensusTimeout=3000,nodeId=5b07d12d...
info|2026-02-07 10:55:27.932108|pbft-0x00007dcab9ffd6c0|[CONSENSUS][PBFT]updateStableCheckPointQueue: insert new checkpoint proposal,index=149,hash=c13e19d7...,committedIndex=148,consNum=149,committedHash=fe043480...,view=3,toView=3,changeCycle=0,expectedCheckPoint=150,Idx=3,unsealedTxs=0,sealUntil=0,waitResealUntil=0,consensusTimeout=3000,nodeId=5b07d12d...
info|2026-02-07 10:55:27.932113|pbft-0x00007dcab9ffd6c0|[CONSENSUS][PBFT]updateStableCheckPointQueue: commit stable checkpoint,index=149,committedIndex=148
info|2026-02-07 10:55:27.932122|pbft-0x00007dcab9ffd6c0|[CONSENSUS][PBFT]asyncCommitStableCheckPoint: set signatureList,index=149,hash=c13e19d7...,proofSize=3,blockProofSize=3
info|2026-02-07 10:55:27.932189|blockSubmit-0x00007dcacedcf6c0|[SCHEDULER][blk-149][BlockTrace]CommitBlock start
info|2026-02-07 10:55:27.932405|blockSubmit-0x00007dcacedcf6c0|[STORAGE-RocksDB]asyncPrepare,number=149
info|2026-02-07 10:55:27.932430|blockSubmit-0x00007dcacedcf6c0|[STORAGE-RocksDB]asyncPrepare finished,blockNumber=149,put=7,delete=0,startTS=0,encode(ms)=0,time(ms)=0
info|2026-02-07 10:55:27.932450|blockSubmit-0x00007dcacedcf6c0|[LEDGER]storeTransactionsAndReceipts,blockNumber=149
info|2026-02-07 10:55:27.932599|exec-0x00007dcad65de6c0|[STORAGE-RocksDB]asyncPrepare,number=149
info|2026-02-07 10:55:27.932745|ledgerWrite-0x00007dcae45fa6c0|[STORAGE-RocksDB]setRows finished,put=1,dataSize=141,time(ms)=0
info|2026-02-07 10:55:27.932762|exec-0x00007dcad65de6c0|[STORAGE-KeyPage]parallelTraverse,size=591
info|2026-02-07 10:55:27.932769|exec-0x00007dcad65de6c0|[STORAGE-RocksDB]asyncPrepare finished,blockNumber=149,put=6,delete=3,startTS=0,encode(ms)=0,time(ms)=0
info|2026-02-07 10:55:27.932772|exec-0x00007dcad65de6c0|[EXECUTOR:1770432892][blk-149]Prepare success
info|2026-02-07 10:55:27.932798|blockSubmit-0x00007dcacedcf6c0|[LEDGER]storeTransactionsAndReceipts finished,blockNumber=149,blockTxsSize=1,unStoredTxs=0,timeCost=0
info|2026-02-07 10:55:27.932854|blockSubmit-0x00007dcacedcf6c0|[STORAGE-RocksDB]asyncCommit finished,blockNumber=149,startTS=0,time(ms)=0,callback time(ms)=1,count=16
info|2026-02-07 10:55:27.932872|blockSubmit-0x00007dcacedcf6c0|[LEDGER][METRIC]asyncPrewriteBlock,number=149,totalTxs=173,failedTxs=44,incTxs=1,incFailedTxs=0
info|2026-02-07 10:55:27.932914|exec-0x00007dcad5ddd6c0|[TOOL]fetchCompatibilityVersion
info|2026-02-07 10:55:27.933044|exec-0x00007dcad5ddd6c0|[TOOL]fetchCompatibilityVersion success,version=3.11.0,versionNumber=51052544,minSupportedVersion=3.0.0-rc4,maxSupportedVersion=3.11.0
info|2026-02-07 10:55:27.933135|exec-0x00007dcad5ddd6c0|[TOOL]fetchAuthCheckStatus success,value=0
info|2026-02-07 10:55:27.933139|exec-0x00007dcad5ddd6c0|[EXECUTOR:1770432892]merge keyPage to cachedStorage,number=149
info|2026-02-07 10:55:27.933252|exec-0x00007dcad5ddd6c0|[STORAGE-KeyPage]parallelTraverse,size=591
info|2026-02-07 10:55:27.933259|exec-0x00007dcad5ddd6c0|[STORAGE]Successful merged records,count=9
info|2026-02-07 10:55:27.934196|exec-0x00007dcad5ddd6c0|[SCHEDULER][blk-149][BlockTrace]CommitBlock success,gas limit=3000000000,timeCost=2
info|2026-02-07 10:55:27.934280|exec-0x00007dcad5ddd6c0|[SCHEDULER][BlockTrace]Notify block result success,blockNumber=149
info|2026-02-07 10:55:27.934301|exec-0x00007dcad5ddd6c0|[CONSENSUS][PBFT][STORAGE][METRIC]commitStableCheckPoint success,index=149,hash=c13e19d7...,txs=1,timeCost=2,commitPerTx=2
info|2026-02-07 10:55:27.934322|exec-0x00007dcad5ddd6c0|[SCHEDULER][blk-149]notify block result success,hash=c13e19d7...,txsSize=1
info|2026-02-07 10:55:27.934397|exec-0x00007dcad5ddd6c0|[STORAGE-RocksDB]asyncCommit finished,blockNumber=149,startTS=0,time(ms)=0,callback time(ms)=1,count=0
info|2026-02-07 10:55:27.934375|submitter-0x00007dcae15f46c0|[TXPOOL][METRIC]StatTPS,tps=83,totalTime=12
info|2026-02-07 10:55:27.934460|blockSubmit-0x00007dcacedcf6c0|[CONSENSUS][PBFT][METRIC]resetConfig,committedIndex=149,propHash=c13e19d7...,blockCountLimit=1000,leaderPeriod=1,consensusNodesSize=4
info|2026-02-07 10:55:27.934591|blockSubmit-0x00007dcacedcf6c0|[CONSENSUS][PBFT][METRIC]^^^^^^^^Report,sealer=0,txs=1,committedIndex=149,consNum=150,committedHash=c13e19d7...,view=3,toView=3,changeCycle=0,expectedCheckPoint=150,Idx=3,unsealedTxs=0,sealUntil=0,waitResealUntil=0,consensusTimeout=3000,nodeId=5b07d12d...
info|2026-02-07 10:55:27.934620|blockSubmit-0x00007dcacedcf6c0|[CONSENSUS][SEALER]asyncNoteLatestBlockNumber,number=149
info|2026-02-07 10:55:27.934626|blockSubmit-0x00007dcacedcf6c0|[CONSENSUS][SEALER]asyncNoteLatestBlockHash,_hash=c13e19d7...
info|2026-02-07 10:55:27.934650|blockSubmit-0x00007dcacedcf6c0|[BLOCK SYNC]#### BlockSyncConfig resetConfig,number=149,consNodeSize=4,observerNodeSize=0,type=CONSENSUS_NODE
info|2026-02-07 10:55:27.934819|blockSubmit-0x00007dcacedcf6c0|[CONSENSUS][PBFT]notify to seal next proposal,nextProposalIndex=150
info|2026-02-07 10:55:27.934867|blockSubmit-0x00007dcacedcf6c0|[CONSENSUS][PBFT]removeConsensusedCache finalizeConsensus,view=3,number=149,eraseSize=1,cacheSize=0
info|2026-02-07 10:55:27.934894|blockSubmit-0x00007dcacedcf6c0|[CONSENSUS][PBFT][STORAGE]asyncRemoveStabledCheckPoint,index=144
info|2026-02-07 10:55:27.934938|blockSubmit-0x00007dcacedcf6c0|[CONSENSUS][PBFT][STORAGE]asyncRemove success,dbName=pbftCommitDB,key=144
info|2026-02-07 10:55:27.935670|submitter-0x00007dcae15f46c0|[TXPOOL][METRIC]batchRemove txs success,expectedSize=1,succCount=1,batchId=149,timecost=1,lockT=0,removeT=0,updateLedgerNonceT=0,updateTxPoolNonceT=0
info|2026-02-07 10:55:28.290240|ioService-0x00007dcaa45fc6c0|[WS][SESSION][asyncRead],message=End of file,endpoint=127.0.0.1:41728,refCount=2
info|2026-02-07 10:55:28.290285|ioService-0x00007dcaa45fc6c0|[RPC][WS][SESSION][drop],reason=4294963295,endpoint=127.0.0.1:41728,session=0x7dcaa0604210
info|2026-02-07 10:55:28.290309|ioService-0x00007dcaa45fc6c0|[RPC][WS][SESSION][drop],reason=4294963295,endpoint=127.0.0.1:41728,cb size=0,session=0x7dcaa0604210
info|2026-02-07 10:55:28.290465|ioService-0x00007dcaa45fc6c0|[DEFAULT][WS][STREAM]the real action to close the stream,this=0x7dcaa061f090
info|2026-02-07 10:55:28.290608|fisco-bcos-0x00007dca831eb6c0|[RPC][WS][SERVICE][removeSession],endpoint=127.0.0.1:41728
info|2026-02-07 10:55:28.290638|fisco-bcos-0x00007dca831eb6c0|[RPC][WS][SERVICE][onDisconnect],endpoint=127.0.0.1:41728,refCount=2
info|2026-02-07 10:55:28.290645|fisco-bcos-0x00007dca831eb6c0|[RPC][WS][SESSION],[DELOBJ][WSSESSION]=0x7dcaa0604210
info|2026-02-07 10:55:28.290650|fisco-bcos-0x00007dca831eb6c0|[DEFAULT][WS][STREAM],[DELOBJ][WsStream]=0x7dcaa061f090
info|2026-02-07 10:55:29.052642|ioService-0x00007dcaa57fe6c0|[DEFAULT][HTTP][SERVER][accept],local_endpoint=127.0.0.1:20203,remote_endpoint=127.0.0.1:45306
info|2026-02-07 10:55:29.054569|ioService-0x00007dcaa1bfe6c0|[DEFAULT][HTTP][SESSION][onRead]websocket upgrade
info|2026-02-07 10:55:29.054650|ioService-0x00007dcaa1bfe6c0|[DEFAULT][WS][STREAM],[NEWOBJ][WsStream]=0x7dcaa0a89090
info|2026-02-07 10:55:29.054673|ioService-0x00007dcaa1bfe6c0|[RPC][WS][SESSION],[NEWOBJ][WSSESSION]=0x7dcaa0a53a10
info|2026-02-07 10:55:29.054681|ioService-0x00007dcaa1bfe6c0|[RPC][WS][SERVICE][newSession]start the session,endPoint=127.0.0.1:45306
info|2026-02-07 10:55:29.054691|ioService-0x00007dcaa1bfe6c0|[RPC][WS][SESSION][startAsServer]start websocket handshake,endPoint=127.0.0.1:45306,session=0x7dcaa0a53a10
info|2026-02-07 10:55:29.054901|ioService-0x00007dcaa1bfe6c0|[RPC][WS][SERVICE][addSession]add session to mapping,endPoint=127.0.0.1:45306,result=true
info|2026-02-07 10:55:29.054935|ioService-0x00007dcaa1bfe6c0|[RPC][WS][SERVICE][onConnect],endpoint=127.0.0.1:45306,refCount=3
info|2026-02-07 10:55:29.054970|ioService-0x00007dcaa1bfe6c0|[RPC][WS][SESSION][onWsAccept]websocket handshake successfully,endPoint=127.0.0.1:45306,session=0x7dcaa0a53a10
info|2026-02-07 10:55:29.056295|fisco-bcos-0x00007dca845f06c0|HandshakeRequest,module=2,minVersion=0,maxVersion=2
info|2026-02-07 10:55:29.056324|fisco-bcos-0x00007dca845f06c0|[RPC]negotiatedVersion success,peer=127.0.0.1:45306,minVersion=0,maxVersion=2,supportMinVersion=0,supportMaxVersion=2,negotiatedVersion=2,seq=4888c2621f1041789e99cbf9f0b6b893
info|2026-02-07 10:55:29.056442|fisco-bcos-0x00007dca845f06c0|[RPC]onRecvHandshakeRequest success,version=2,endpoint=127.0.0.1:45306,handshakeResponse={"groupBlockNumber":[{"group0":149}],"groupInfoList":[{"chainID":"chain0","genesisConfig":"{\"blockTxCountLimit\":1000,\"consensusLeaderPeriod\":1,\"consensusType\":\"pbft\",\"sealerList\":[{\"nodeID\":\"0d6a7f52cb87ce7fda869e0db309ec9c53723c46f81632c21e4abbf1a9159f14d53f37cc0c4141548da9ec877d6235afd7a501c40d296fc4c5252a8717aa23c2\",\"weight\":1},{\"nodeID\":\"21a47acec36f73d8e925a7d5db44793f998e1a42a6d7ee2e3a5cf4037b853452cb76f6cbab8e5b223a128e8ee15790d1f629858b47070b4eb2e1ddb2b0ada297\",\"weight\":1},{\"nodeID\":\"2346c69c46d42278eb237167eb19eb28432b63783cc0fd7cddc90f89c148e755db8941be9b0c5f37cbc21c409a78c154abc75ce0c80818c6fbb76aea6bcd0a9a\",\"weight\":1},{\"nodeID\":\"5b07d12d1512a66493c8fd3456d8c505e6ce05f20061613a4c48a1fa3755bbf9cc2d2f1878c4a6733389f03deb0a3fc0c672e2f4910fde9802d6675929cb3dc5\",\"weight\":1}],\"txGasLimit\":3000000000}\n","groupID":"group0","iniConfig":"","nodeList":[{"featureKeys":["bugfix_revert","bugfix_statestorage_hash","bugfix_evm_create2_delegatecall_staticcall_codecopy","bugfix_event_log_order","bugfix_call_noaddr_return","bugfix_precompiled_codehash","bugfix_dmc_revert","bugfix_keypage_system_entry_hash","bugfix_internal_create_redundant_storage","bugfix_internal_create_permission_denied","bugfix_sharding_call_in_child_executive","bugfix_empty_abi_reset","bugfix_eip55_addr","bugfix_eoa_as_contract","bugfix_eoa_match_failed","bugfix_evm_exception_gas_used","bugfix_dmc_deploy_gas_used","bugfix_staticcall_noaddr_return","bugfix_support_transfer_receive_fallback","bugfix_set_row_with_dirty_flag","feature_dmc2serial","feature_sharding","feature_rpbft","feature_paillier","feature_balance","feature_balance_precompiled","feature_balance_policy1","feature_paillier_add_raw","feature_evm_cancun"],"iniConfig":"{\"binaryInfo\":{\"buildTime\":\"20240827 04:30:34\",\"gitCommitHash\":\"3fea676716990b2ed453b4f079915daafff451f9\",\"platform\":\"Linux/g++\",\"version\":\"3.11.0\"},\"chainID\":\"chain0\",\"gatewayServiceName\":\"\",\"groupID\":\"group0\",\"isAuthCheck\":false,\"isSerialExecute\":true,\"isWasm\":false,\"nodeID\":\"5b07d12d1512a66493c8fd3456d8c505e6ce05f20061613a4c48a1fa3755bbf9cc2d2f1878c4a6733389f03deb0a3fc0c672e2f4910fde9802d6675929cb3dc5\",\"nodeName\":\"5b07d12d1512a66493c8fd3456d8c505e6ce05f20061613a4c48a1fa3755bbf9cc2d2f1878c4a6733389f03deb0a3fc0c672e2f4910fde9802d6675929cb3dc5\",\"rpcServiceName\":\"\",\"smCryptoType\":false}\n","microService":false,"name":"5b07d12d1512a66493c8fd3456d8c505e6ce05f20061613a4c48a1fa3755bbf9cc2d2f1878c4a6733389f03deb0a3fc0c672e2f4910fde9802d6675929cb3dc5","nodeID":"5b07d12d1512a66493c8fd3456d8c505e6ce05f20061613a4c48a1fa3755bbf9cc2d2f1878c4a6733389f03deb0a3fc0c672e2f4910fde9802d6675929cb3dc5","protocol":{"compatibilityVersion":51052544,"maxSupportedVersion":2,"minSupportedVersion":0},"serviceInfo":[{"serviceName":"LedgerServiceObj","type":2},{"serviceName":"SchedulerServiceObj","type":3},{"serviceName":"FrontServiceObj","type":4},{"serviceName":"","type":6},{"serviceName":"","type":7},{"serviceName":"TxPoolServiceObj","type":8}],"supportConfigs":["tx_gas_limit","tx_gas_price","tx_count_limit","consensus_leader_period","auth_check_status","compatibility_version","feature_rpbft","feature_rpbft_epoch_block_num","feature_rpbft_epoch_sealer_num","feature_balance_precompiled","web3_chain_id"],"type":0}]}],"protocolVersion":2}
info|2026-02-07 10:55:29.057593|fisco-bcos-0x00007dca845f06c0|[parseSubTopicsJson],topicItems size=0,json={"topics":[]}
info|2026-02-07 10:55:29.057630|fisco-bcos-0x00007dca845f06c0|[AMOPClient]subscribeTopicToAllNodes,topicInfo={
	"topics" : []
}
info|2026-02-07 10:55:29.057636|fisco-bcos-0x00007dca845f06c0|[AMOP][TOPIC][parseSubTopicsJson],topicItems size=0,json={
	"topics" : []
}
info|2026-02-07 10:55:29.057640|fisco-bcos-0x00007dca845f06c0|[AMOP][TOPIC][subTopic],client=localAMOP,topicSeq=1,topicItems size=0
info|2026-02-07 10:55:29.057643|fisco-bcos-0x00007dca845f06c0|[AMOPClient][onRecvSubTopics],topicInfo={"topics":[]}
,endpoint=127.0.0.1:45306,seq=c46e7d4747514488bc0eb0f32c14ce09
info|2026-02-07 10:55:30.750512|pbft-0x00007dcab9ffd6c0|[CONSENSUS][PBFT]handlePrePrepareMsg,reqHash=0a172773...,reqIndex=150,reqV=3,fromIdx=1,wait(ms)=0,committedIndex=149,consNum=150,committedHash=c13e19d7...,view=3,toView=3,changeCycle=0,expectedCheckPoint=150,Idx=3,unsealedTxs=1,sealUntil=0,waitResealUntil=0,consensusTimeout=3000,nodeId=5b07d12d...,utc=5164224
info|2026-02-07 10:55:30.750595|pbft-0x00007dcab9ffd6c0|[TXPOOL]begin asyncVerifyBlock,consNum=150,hash=0a172773...
info|2026-02-07 10:55:30.751055|verifier-0x00007dcadd5ec6c0|[TXPOOL]batchVerifyProposal,consNum=150,hash=0a172773...,txsSize=1,lockT=0,verifyT=1,missedTxs=0
info|2026-02-07 10:55:30.751101|verifier-0x00007dcadd5ec6c0|[TXPOOL][METRIC]asyncVerifyBlock finished,consNum=150,hash=0a172773...,code=0,msg=success,result=true,timecost=1
info|2026-02-07 10:55:30.751129|pbft-0x00007dcab9ffd6c0|[CONSENSUS][PBFT]addPrepareCache,reqHash=0a172773...,reqIndex=150,reqV=3,fromIdx=1,wait(ms)=1,committedIndex=149,consNum=150,committedHash=c13e19d7...,view=3,toView=3,changeCycle=0,expectedCheckPoint=150,Idx=3,unsealedTxs=1,sealUntil=0,waitResealUntil=0,consensusTimeout=3000,nodeId=5b07d12d...,weight=1
info|2026-02-07 10:55:30.751269|validator-0x00007dcad05d26c0|[CONSENSUS][PBFT]asyncResetTxsFlag,index=150,hash=0a172773...,flag=true
info|2026-02-07 10:55:30.751291|validator-0x00007dcad05d26c0|[TXPOOL]batchMarkTxs,txsSize=1,batchId=150,hash=0a172773...,sealFlag=true,notFound=0,reSealed=0,succ=1,time=0,markT=0
info|2026-02-07 10:55:30.751299|validator-0x00007dcad05d26c0|[CONSENSUS][PBFT]asyncMarkTxs success,index=150,hash=0a172773...,flag=true,markT=0,emptyTxBatchHash=false
info|2026-02-07 10:55:30.751210|verifier-0x00007dcadd5ec6c0|[CONSENSUS][PBFT]handlePrePrepareMsg,reqHash=0a172773...,reqIndex=150,reqV=3,fromIdx=1,wait(ms)=1,committedIndex=149,consNum=150,committedHash=c13e19d7...,view=3,toView=3,changeCycle=0,expectedCheckPoint=150,Idx=3,unsealedTxs=0,sealUntil=0,waitResealUntil=0,consensusTimeout=3000,nodeId=5b07d12d...,utc=5164226
info|2026-02-07 10:55:30.751907|verifier-0x00007dcadd5ec6c0|[CONSENSUS][PBFT]addPrePrepareCache,reqHash=0a172773...,reqIndex=150,reqV=3,fromIdx=1,wait(ms)=1,sys=false,committedIndex=149,consNum=150,committedHash=c13e19d7...,view=3,toView=3,changeCycle=0,expectedCheckPoint=150,Idx=3,unsealedTxs=0,sealUntil=0,waitResealUntil=0,consensusTimeout=3000,nodeId=5b07d12d...
info|2026-02-07 10:55:30.751925|validator-0x00007dcacfdd16c0|[CONSENSUS][PBFT]asyncResetTxsFlag,index=150,hash=0a172773...,flag=true
info|2026-02-07 10:55:30.751956|validator-0x00007dcacfdd16c0|[TXPOOL]batchMarkTxs,txsSize=1,batchId=150,hash=0a172773...,sealFlag=true,notFound=0,reSealed=0,succ=1,time=0,markT=0
info|2026-02-07 10:55:30.751965|validator-0x00007dcacfdd16c0|[CONSENSUS][PBFT]asyncMarkTxs success,index=150,hash=0a172773...,flag=true,markT=0,emptyTxBatchHash=false
info|2026-02-07 10:55:30.752172|verifier-0x00007dcadd5ec6c0|[CONSENSUS][PBFT]notify the committed proposal index to the sync module success,index=150
info|2026-02-07 10:55:30.752252|verifier-0x00007dcadd5ec6c0|[CONSENSUS][PBFT]addPrepareCache,reqHash=0a172773...,reqIndex=150,reqV=3,fromIdx=3,wait(ms)=0,committedIndex=149,consNum=150,committedHash=c13e19d7...,view=3,toView=3,changeCycle=0,expectedCheckPoint=150,Idx=3,unsealedTxs=0,sealUntil=0,waitResealUntil=0,consensusTimeout=3000,nodeId=5b07d12d...,weight=2
info|2026-02-07 10:55:30.752298|verifier-0x00007dcadd5ec6c0|[CONSENSUS][PBFT]broadcast prepare packet,packetSize=232,index=150
info|2026-02-07 10:55:30.752348|verifier-0x00007dcadd5ec6c0|[CONSENSUS][PBFT]handlePrePrepareMsg and broadcast prepare packet,reqHash=0a172773...,reqIndex=150,reqV=3,fromIdx=1,wait(ms)=2,committedIndex=149,consNum=150,committedHash=c13e19d7...,view=3,toView=3,changeCycle=0,expectedCheckPoint=150,Idx=3,unsealedTxs=0,sealUntil=0,waitResealUntil=0,consensusTimeout=3000,nodeId=5b07d12d...
info|2026-02-07 10:55:30.752372|txsPreStore-0x00007dcadc5ea6c0|[TXPOOL]storeVerifiedBlock fetch block number from LedgerConfig
info|2026-02-07 10:55:30.752406|txsPreStore-0x00007dcadc5ea6c0|[TOOL]LedgerConfigFetcher: fetchBlockNumber success,blockNumber=149
info|2026-02-07 10:55:30.752409|txsPreStore-0x00007dcadc5ea6c0|[TXPOOL]storeVerifiedBlock,consNum=150,hash=0a172773...,txsSize=1
info|2026-02-07 10:55:30.752423|txsPreStore-0x00007dcadc5ea6c0|[LEDGER]asyncPreStoreBlockTxs: needStoreUnsavedTxs,txsSize=1,unstoredTxs=1,number=150
info|2026-02-07 10:55:30.753059|txsPreStore-0x00007dcadc5ea6c0|[STORAGE-RocksDB]setRows finished,put=1,dataSize=5684,time(ms)=1
info|2026-02-07 10:55:30.753082|txsPreStore-0x00007dcadc5ea6c0|[LEDGER]asyncPreStoreBlockTxs: store uncommitted txs,blockNumber=150,blockTxsSize=1,unStoredTxs=1,msg=success,code=0,timeCost=1
info|2026-02-07 10:55:30.753087|txsPreStore-0x00007dcadc5ea6c0|[TXPOOL]storeVerifiedBlock success,consNum=150,hash=0a172773...,timecost=1
info|2026-02-07 10:55:30.753242|pbft-0x00007dcab9ffd6c0|[CONSENSUS][PBFT]addPrepareCache,reqHash=0a172773...,reqIndex=150,reqV=3,fromIdx=2,wait(ms)=2,committedIndex=149,consNum=150,committedHash=c13e19d7...,view=3,toView=3,changeCycle=0,expectedCheckPoint=150,Idx=3,unsealedTxs=0,sealUntil=0,waitResealUntil=0,consensusTimeout=3000,nodeId=5b07d12d...,weight=3
info|2026-02-07 10:55:30.753273|pbft-0x00007dcab9ffd6c0|[CONSENSUS][PBFT]setSignatureList,signatureSize=3,propHash=0a172773...,propIndex=150
info|2026-02-07 10:55:30.753288|pbft-0x00007dcab9ffd6c0|[CONSENSUS][PBFT]intoPrecommit,reqHash=0a172773...,reqIndex=150,reqV=3,fromIdx=3,wait(ms)=3,committedIndex=149,consNum=150,committedHash=c13e19d7...,view=3,toView=3,changeCycle=0,expectedCheckPoint=150,Idx=3,unsealedTxs=0,sealUntil=0,waitResealUntil=0,consensusTimeout=3000,nodeId=5b07d12d...
info|2026-02-07 10:55:30.753398|pbft-0x00007dcab9ffd6c0|[CONSENSUS][PBFT]addCommitCache,reqHash=0a172773...,reqIndex=150,reqV=3,fromIdx=3,wait(ms)=0,committedIndex=149,consNum=150,committedHash=c13e19d7...,view=3,toView=3,changeCycle=0,expectedCheckPoint=150,Idx=3,unsealedTxs=0,sealUntil=0,waitResealUntil=0,consensusTimeout=3000,nodeId=5b07d12d...,weight=1
info|2026-02-07 10:55:30.753417|pbft-0x00007dcab9ffd6c0|[CONSENSUS][PBFT]checkAndPreCommit: broadcast commitMsg,Idx=3,hash=0a172773...,index=150
info|2026-02-07 10:55:30.754136|pbft-0x00007dcab9ffd6c0|[CONSENSUS][PBFT]addPrepareCache,reqHash=0a172773...,reqIndex=150,reqV=3,fromIdx=0,wait(ms)=3,committedIndex=149,consNum=150,committedHash=c13e19d7...,view=3,toView=3,changeCycle=0,expectedCheckPoint=150,Idx=3,unsealedTxs=0,sealUntil=0,waitResealUntil=0,consensusTimeout=3000,nodeId=5b07d12d...,weight=4
info|2026-02-07 10:55:30.754369|pbft-0x00007dcab9ffd6c0|[CONSENSUS][PBFT]addCommitCache,reqHash=0a172773...,reqIndex=150,reqV=3,fromIdx=2,wait(ms)=2,committedIndex=149,consNum=150,committedHash=c13e19d7...,view=3,toView=3,changeCycle=0,expectedCheckPoint=150,Idx=3,unsealedTxs=0,sealUntil=0,waitResealUntil=0,consensusTimeout=3000,nodeId=5b07d12d...,weight=2
info|2026-02-07 10:55:30.754620|pbft-0x00007dcab9ffd6c0|[CONSENSUS][PBFT]addCommitCache,reqHash=0a172773...,reqIndex=150,reqV=3,fromIdx=1,wait(ms)=1,committedIndex=149,consNum=150,committedHash=c13e19d7...,view=3,toView=3,changeCycle=0,expectedCheckPoint=150,Idx=3,unsealedTxs=0,sealUntil=0,waitResealUntil=0,consensusTimeout=3000,nodeId=5b07d12d...,weight=3
info|2026-02-07 10:55:30.754654|pbft-0x00007dcab9ffd6c0|[CONSENSUS][PBFT]checkAndCommit,propHash=0a172773...,propIndex=150,committedIndex=149,consNum=150,committedHash=c13e19d7...,view=3,toView=3,changeCycle=0,expectedCheckPoint=150,Idx=3,unsealedTxs=0,sealUntil=0,waitResealUntil=0,consensusTimeout=3000,nodeId=5b07d12d...
info|2026-02-07 10:55:30.754663|pbft-0x00007dcab9ffd6c0|[CONSENSUS][PBFT]######## CommitProposal,propHash=0a172773...,propIndex=150,sys=false,committedIndex=149,consNum=150,committedHash=c13e19d7...,view=3,toView=3,changeCycle=0,expectedCheckPoint=150,Idx=3,unsealedTxs=0,sealUntil=0,waitResealUntil=0,consensusTimeout=3000,nodeId=5b07d12d...
info|2026-02-07 10:55:30.754669|pbft-0x00007dcab9ffd6c0|[CONSENSUS][PBFT]notify to seal next proposal,nextProposalIndex=151
info|2026-02-07 10:55:30.754701|pbft-0x00007dcab9ffd6c0|[CONSENSUS][PBFT]notify to seal next proposal,nextProposalIndex=151
info|2026-02-07 10:55:30.754705|pbft-0x00007dcab9ffd6c0|[CONSENSUS][PBFT]applyStateMachine,index=150,hash=0a172773...,committedIndex=149,consNum=150,committedHash=c13e19d7...,view=3,toView=3,changeCycle=0,expectedCheckPoint=150,Idx=3,unsealedTxs=0,sealUntil=0,waitResealUntil=0,consensusTimeout=3000,nodeId=5b07d12d...,unAppliedProposals=0
info|2026-02-07 10:55:30.754820|preExeScheduler-0x00007dca80a646c0|[SCHEDULER][METRIC][BlockTrace][blk-150]preExeBlock success,blockHeader.timestamp=1770432930749,metaTxCount=1,timeCost=0
info|2026-02-07 10:55:30.754880|exeScheduler-0x00007dca7fa626c0|[SCHEDULER][METRIC][blk-150]ExecuteBlock request,gasLimit=3000000000,gasPrice=0x0,verify=false,signatureSize=0,txCount=0,metaTxCount=1,version=3.11.0,waitT=2824
info|2026-02-07 10:55:30.754924|exeScheduler-0x00007dca7fa626c0|[SCHEDULER][blk-150][BlockTrace]ExecuteBlock start,time(ms)=0
info|2026-02-07 10:55:30.754952|exeScheduler-0x00007dca7fa626c0|[SCHEDULER][serialExecute][blk-150][BlockTrace]serialExecute execute block
info|2026-02-07 10:55:30.754968|exeScheduler-0x00007dca7fa626c0|[SCHEDULER][serialExecute][blk-150][BlockTrace]serialExecute batch next block
info|2026-02-07 10:55:30.754972|exeScheduler-0x00007dca7fa626c0|[SCHEDULER][blk-150][BlockTrace]NextBlock request,executorNum=1
info|2026-02-07 10:55:30.755586|exec-0x00007dcad75e06c0|[SCHEDULER][blk-150][BlockTrace]NextBlock success,executorNum=1,timeCost=1
info|2026-02-07 10:55:30.755611|exec-0x00007dcad75e06c0|[SCHEDULER][serialExecute][blk-150][BlockTrace]serialExecute block begin
info|2026-02-07 10:55:30.756138|Unnamed-0x00007dca7e25f6c0|[STORAGE-KeyPage]empty table,table=/apps/6fecc20c98b5782367c303c7b6b83d9c1b11e393_accessAuth,key=61646d696e
info|2026-02-07 10:55:30.756226|Unnamed-0x00007dca7e25f6c0|[STORAGE-KeyPage]empty table,table=/apps/6fecc20c98b5782367c303c7b6b83d9c1b11e393,key=0000000000000000000000000000000000000000000000000000000000000000
info|2026-02-07 10:55:30.756294|pbft-0x00007dcab9ffd6c0|[CONSENSUS][PBFT]handleCheckPointMsg: try to add the checkpoint message into the cache,reqHash=e1e02bed...,reqIndex=150,reqV=3,fromIdx=2,wait(ms)=1,committedIndex=149,consNum=150,committedHash=c13e19d7...,view=3,toView=3,changeCycle=0,expectedCheckPoint=150,Idx=3,unsealedTxs=0,sealUntil=0,waitResealUntil=0,consensusTimeout=3000,nodeId=5b07d12d...
info|2026-02-07 10:55:30.756329|pbft-0x00007dcab9ffd6c0|[CONSENSUS][PBFT]addCheckPointMsg,reqHash=e1e02bed...,reqIndex=150,reqV=3,fromIdx=2,wait(ms)=1,Idx=3,weight=1,minRequiredWeight=3
info|2026-02-07 10:55:30.756340|pbft-0x00007dcab9ffd6c0|[CONSENSUS][PBFT]notify to seal next proposal,nextProposalIndex=151
info|2026-02-07 10:55:30.756866|pbft-0x00007dcab9ffd6c0|[CONSENSUS][PBFT]handleCheckPointMsg: try to add the checkpoint message into the cache,reqHash=e1e02bed...,reqIndex=150,reqV=3,fromIdx=0,wait(ms)=0,committedIndex=149,consNum=150,committedHash=c13e19d7...,view=3,toView=3,changeCycle=0,expectedCheckPoint=150,Idx=3,unsealedTxs=0,sealUntil=0,waitResealUntil=0,consensusTimeout=3000,nodeId=5b07d12d...
info|2026-02-07 10:55:30.756887|pbft-0x00007dcab9ffd6c0|[CONSENSUS][PBFT]addCheckPointMsg,reqHash=e1e02bed...,reqIndex=150,reqV=3,fromIdx=0,wait(ms)=0,Idx=3,weight=2,minRequiredWeight=3
info|2026-02-07 10:55:30.756896|pbft-0x00007dcab9ffd6c0|[CONSENSUS][PBFT]notify to seal next proposal,nextProposalIndex=151
info|2026-02-07 10:55:30.757201|pbft-0x00007dcab9ffd6c0|[CONSENSUS][PBFT]handleCheckPointMsg: try to add the checkpoint message into the cache,reqHash=e1e02bed...,reqIndex=150,reqV=3,fromIdx=1,wait(ms)=1,committedIndex=149,consNum=150,committedHash=c13e19d7...,view=3,toView=3,changeCycle=0,expectedCheckPoint=150,Idx=3,unsealedTxs=0,sealUntil=0,waitResealUntil=0,consensusTimeout=3000,nodeId=5b07d12d...
info|2026-02-07 10:55:30.757230|exec-0x00007dcad4ddb6c0|[STORAGE-KeyPage]hash,size=29,blockVersion=51052544,readLength=10494,writeLength=388,pageCount=2,entrycount=2,entriesHash=06969a89c045cc6769d965eca85873ac4e42afcafc9d8db6ddc97cf3c0817d8a,pagesHash=a4f6e8b9baedcdf632b33a8f70638d5f9d048c4d0560bf88e3cb1bb3db599c3f,totalHash=a26072307aa801915b6a5f63d83bfef3d3462387f9fd323e3e0267401bd8e1b5
info|2026-02-07 10:55:30.757273|pbft-0x00007dcab9ffd6c0|[CONSENSUS][PBFT]addCheckPointMsg,reqHash=e1e02bed...,reqIndex=150,reqV=3,fromIdx=1,wait(ms)=1,Idx=3,weight=3,minRequiredWeight=3
info|2026-02-07 10:55:30.757255|exec-0x00007dcad4ddb6c0|[EXECUTOR:1770432892][blk-150]GetTableHashes success,hash=a26072307aa801915b6a5f63d83bfef3d3462387f9fd323e3e0267401bd8e1b5,time(ms)=0
info|2026-02-07 10:55:30.757298|pbft-0x00007dcab9ffd6c0|[CONSENSUS][PBFT]notify to seal next proposal,nextProposalIndex=151
info|2026-02-07 10:55:30.757312|exec-0x00007dcad4ddb6c0|[SCHEDULER][blk-150][BlockTrace]ExecuteBlock success,hash=e1e02bed...,stateRoot=a26072307aa801915b6a5f63d83bfef3d3462387f9fd323e3e0267401bd8e1b5,receiptRoot=8c7724333059f74471374c3b548ce149e905d2d8403616b45bf3b46551ca43c5,txsRoot=6ae059c3...,gasUsed=67112,signatureSize=0,timeCost=3,blockVersion=51052544
info|2026-02-07 10:55:30.757320|exec-0x00007dcad4ddb6c0|[CONSENSUS][Core][METRIC]asyncExecuteBlock success,sysBlock=false,number=150,result=e1e02bed...,txsSize=1,txsRoot=6ae059c3...,receiptsRoot=8c772433...,stateRoot=a2607230...,timeCost=3,execPerTx=3
info|2026-02-07 10:55:30.757348|exec-0x00007dcad4ddb6c0|[CONSENSUS][PBFT]applyStateMachine finished,index=150,beforeExec=0a172773...,afterExec=e1e02bed...,committedIndex=149,consNum=150,committedHash=c13e19d7...,view=3,toView=3,changeCycle=0,expectedCheckPoint=150,Idx=3,unsealedTxs=0,sealUntil=0,waitResealUntil=0,consensusTimeout=3000,nodeId=5b07d12d...,timecost=3
info|2026-02-07 10:55:30.757569|pbftWorker-0x00007dcacc5ca6c0|[CONSENSUS][PBFT][STORAGE]asyncCommitProposal: write the committed proposal into db,index=150
info|2026-02-07 10:55:30.757651|pbftWorker-0x00007dcacc5ca6c0|[CONSENSUS][PBFT][STORAGE]asyncPutProposal: commit success,dbName=pbftCommitDB,key=max_committed_proposal,number=150,timecost=0,dataSize=3
info|2026-02-07 10:55:30.757666|pbftWorker-0x00007dcacc5ca6c0|[CONSENSUS][PBFT][STORAGE]asyncPutProposal: commit success,dbName=pbftCommitDB,key=150,number=150,timecost=0,dataSize=637
info|2026-02-07 10:55:30.757832|pbftWorker-0x00007dcacc5ca6c0|[CONSENSUS][PBFT]addCheckPointMsg,reqHash=e1e02bed...,reqIndex=150,reqV=3,fromIdx=3,wait(ms)=0,Idx=3,weight=4,minRequiredWeight=3
info|2026-02-07 10:55:30.757890|pbftWorker-0x00007dcacc5ca6c0|[CONSENSUS][PBFT]setCheckPointProposal,propHash=e1e02bed...,propIndex=150,committedIndex=149,consNum=150,committedHash=c13e19d7...,view=3,toView=3,changeCycle=0,expectedCheckPoint=150,Idx=3,unsealedTxs=0,sealUntil=0,waitResealUntil=0,consensusTimeout=3000,nodeId=5b07d12d...
info|2026-02-07 10:55:30.757902|pbftWorker-0x00007dcacc5ca6c0|[CONSENSUS][PBFT]PBFTConfig: setExpectedCheckPoint,committedIndex=149,consNum=150,committedHash=c13e19d7...,view=3,toView=3,changeCycle=0,expectedCheckPoint=151,Idx=3,unsealedTxs=0,sealUntil=0,waitResealUntil=0,consensusTimeout=3000,nodeId=5b07d12d...,expectedCheckPoint=151
info|2026-02-07 10:55:30.757909|pbftWorker-0x00007dcacc5ca6c0|[CONSENSUS][PBFT]setSignatureList,signatureSize=4,propHash=e1e02bed...,propIndex=150
info|2026-02-07 10:55:30.757912|pbftWorker-0x00007dcacc5ca6c0|[CONSENSUS][PBFT]checkAndCommitStableCheckPoint,index=150,hash=e1e02bed...,committedIndex=149,consNum=150,committedHash=c13e19d7...,view=3,toView=3,changeCycle=0,expectedCheckPoint=151,Idx=3,unsealedTxs=0,sealUntil=0,waitResealUntil=0,consensusTimeout=3000,nodeId=5b07d12d...
info|2026-02-07 10:55:30.757917|pbftWorker-0x00007dcacc5ca6c0|[CONSENSUS][PBFT]updateStableCheckPointQueue: insert new checkpoint proposal,index=150,hash=e1e02bed...,committedIndex=149,consNum=150,committedHash=c13e19d7...,view=3,toView=3,changeCycle=0,expectedCheckPoint=151,Idx=3,unsealedTxs=0,sealUntil=0,waitResealUntil=0,consensusTimeout=3000,nodeId=5b07d12d...
info|2026-02-07 10:55:30.757922|pbftWorker-0x00007dcacc5ca6c0|[CONSENSUS][PBFT]updateStableCheckPointQueue: commit stable checkpoint,index=150,committedIndex=149
info|2026-02-07 10:55:30.757932|pbftWorker-0x00007dcacc5ca6c0|[CONSENSUS][PBFT]asyncCommitStableCheckPoint: set signatureList,index=150,hash=e1e02bed...,proofSize=4,blockProofSize=4
info|2026-02-07 10:55:30.758120|pbftWorker-0x00007dcacc5ca6c0|[CONSENSUS][PBFT]notify to seal next proposal,nextProposalIndex=151
info|2026-02-07 10:55:30.758130|pbftWorker-0x00007dcacc5ca6c0|[CONSENSUS][PBFT]onProposalApplySuccess,index=150,hash=e1e02bed...,lockT=0,timecost=1
info|2026-02-07 10:55:30.758179|blockSubmit-0x00007dcacedcf6c0|[SCHEDULER][blk-150][BlockTrace]CommitBlock start
info|2026-02-07 10:55:30.758391|blockSubmit-0x00007dcacedcf6c0|[STORAGE-RocksDB]asyncPrepare,number=150
info|2026-02-07 10:55:30.758410|blockSubmit-0x00007dcacedcf6c0|[STORAGE-RocksDB]asyncPrepare finished,blockNumber=150,put=7,delete=0,startTS=0,encode(ms)=0,time(ms)=0
info|2026-02-07 10:55:30.758490|blockSubmit-0x00007dcacedcf6c0|[LEDGER]storeTransactionsAndReceipts,blockNumber=150
info|2026-02-07 10:55:30.758678|exec-0x00007dcad45da6c0|[STORAGE-RocksDB]asyncPrepare,number=150
info|2026-02-07 10:55:30.758730|ledgerWrite-0x00007dcae1df56c0|[STORAGE-RocksDB]setRows finished,put=1,dataSize=140,time(ms)=0
info|2026-02-07 10:55:30.758840|exec-0x00007dcad45da6c0|[STORAGE-KeyPage]parallelTraverse,size=491
info|2026-02-07 10:55:30.758859|exec-0x00007dcad45da6c0|[STORAGE-RocksDB]asyncPrepare finished,blockNumber=150,put=6,delete=3,startTS=0,encode(ms)=1,time(ms)=1
info|2026-02-07 10:55:30.758865|blockSubmit-0x00007dcacedcf6c0|[LEDGER]storeTransactionsAndReceipts finished,blockNumber=150,blockTxsSize=1,unStoredTxs=0,timeCost=0
info|2026-02-07 10:55:30.758891|blockSubmit-0x00007dcacedcf6c0|[LEDGER][METRIC]asyncPrewriteBlock,number=150,totalTxs=174,failedTxs=44,incTxs=1,incFailedTxs=0
info|2026-02-07 10:55:30.758946|exec-0x00007dcad45da6c0|[EXECUTOR:1770432892][blk-150]Prepare success
info|2026-02-07 10:55:30.759031|exec-0x00007dcad45da6c0|[STORAGE-RocksDB]asyncCommit finished,blockNumber=150,startTS=0,time(ms)=0,callback time(ms)=0,count=16
info|2026-02-07 10:55:30.759051|exec-0x00007dcad45da6c0|[TOOL]fetchCompatibilityVersion
info|2026-02-07 10:55:30.759143|exec-0x00007dcad45da6c0|[TOOL]fetchCompatibilityVersion success,version=3.11.0,versionNumber=51052544,minSupportedVersion=3.0.0-rc4,maxSupportedVersion=3.11.0
info|2026-02-07 10:55:30.759176|exec-0x00007dcad45da6c0|[TOOL]fetchAuthCheckStatus success,value=0
info|2026-02-07 10:55:30.759181|exec-0x00007dcad45da6c0|[EXECUTOR:1770432892]merge keyPage to cachedStorage,number=150
info|2026-02-07 10:55:30.759206|exec-0x00007dcad45da6c0|[STORAGE-KeyPage]parallelTraverse,size=491
info|2026-02-07 10:55:30.759212|exec-0x00007dcad45da6c0|[STORAGE]Successful merged records,count=9
info|2026-02-07 10:55:30.760056|exec-0x00007dcad45da6c0|[SCHEDULER][blk-150][BlockTrace]CommitBlock success,gas limit=3000000000,timeCost=2
info|2026-02-07 10:55:30.760134|exec-0x00007dcad45da6c0|[SCHEDULER][BlockTrace]Notify block result success,blockNumber=150
info|2026-02-07 10:55:30.760138|exec-0x00007dcad45da6c0|[CONSENSUS][PBFT][STORAGE][METRIC]commitStableCheckPoint success,index=150,hash=e1e02bed...,txs=1,timeCost=2,commitPerTx=2
info|2026-02-07 10:55:30.760158|exec-0x00007dcad45da6c0|[SCHEDULER][blk-150]notify block result success,hash=e1e02bed...,txsSize=1
info|2026-02-07 10:55:30.760224|exec-0x00007dcad45da6c0|[STORAGE-RocksDB]asyncCommit finished,blockNumber=150,startTS=0,time(ms)=0,callback time(ms)=1,count=0
info|2026-02-07 10:55:30.760419|blockSubmit-0x00007dcacedcf6c0|[CONSENSUS][PBFT][METRIC]resetConfig,committedIndex=150,propHash=e1e02bed...,blockCountLimit=1000,leaderPeriod=1,consensusNodesSize=4
info|2026-02-07 10:55:30.760565|blockSubmit-0x00007dcacedcf6c0|[CONSENSUS][PBFT][METRIC]^^^^^^^^Report,sealer=1,txs=1,committedIndex=150,consNum=151,committedHash=e1e02bed...,view=3,toView=3,changeCycle=0,expectedCheckPoint=151,Idx=3,unsealedTxs=0,sealUntil=0,waitResealUntil=0,consensusTimeout=3000,nodeId=5b07d12d...
info|2026-02-07 10:55:30.760592|blockSubmit-0x00007dcacedcf6c0|[CONSENSUS][SEALER]asyncNoteLatestBlockNumber,number=150
info|2026-02-07 10:55:30.760598|blockSubmit-0x00007dcacedcf6c0|[CONSENSUS][SEALER]asyncNoteLatestBlockHash,_hash=e1e02bed...
info|2026-02-07 10:55:30.760614|blockSubmit-0x00007dcacedcf6c0|[BLOCK SYNC]#### BlockSyncConfig resetConfig,number=150,consNodeSize=4,observerNodeSize=0,type=CONSENSUS_NODE
info|2026-02-07 10:55:30.760489|submitter-0x00007dcae0df36c0|[TXPOOL][METRIC]StatTPS,tps=76,totalTime=13
info|2026-02-07 10:55:30.760926|blockSubmit-0x00007dcacedcf6c0|[CONSENSUS][PBFT]notify to seal next proposal,nextProposalIndex=151
info|2026-02-07 10:55:30.760988|submitter-0x00007dcae0df36c0|[TXPOOL][METRIC]batchRemove txs success,expectedSize=1,succCount=1,batchId=150,timecost=0,lockT=0,removeT=0,updateLedgerNonceT=0,updateTxPoolNonceT=0
info|2026-02-07 10:55:30.760994|blockSubmit-0x00007dcacedcf6c0|[CONSENSUS][PBFT]removeConsensusedCache finalizeConsensus,view=3,number=150,eraseSize=1,cacheSize=0
info|2026-02-07 10:55:30.761025|blockSubmit-0x00007dcacedcf6c0|[CONSENSUS][PBFT][STORAGE]asyncRemoveStabledCheckPoint,index=145
info|2026-02-07 10:55:30.761068|blockSubmit-0x00007dcacedcf6c0|[CONSENSUS][PBFT][STORAGE]asyncRemove success,dbName=pbftCommitDB,key=145
info|2026-02-07 10:55:31.130094|ioService-0x00007dcaa1bfe6c0|[WS][SESSION][asyncRead],message=End of file,endpoint=127.0.0.1:45306,refCount=2
info|2026-02-07 10:55:31.130162|ioService-0x00007dcaa1bfe6c0|[RPC][WS][SESSION][drop],reason=4294963295,endpoint=127.0.0.1:45306,session=0x7dcaa0a53a10
info|2026-02-07 10:55:31.130200|ioService-0x00007dcaa1bfe6c0|[RPC][WS][SESSION][drop],reason=4294963295,endpoint=127.0.0.1:45306,cb size=0,session=0x7dcaa0a53a10
info|2026-02-07 10:55:31.130297|ioService-0x00007dcaa1bfe6c0|[DEFAULT][WS][STREAM]the real action to close the stream,this=0x7dcaa0a89090
info|2026-02-07 10:55:31.130503|fisco-bcos-0x00007dcabd3fe6c0|[RPC][WS][SERVICE][removeSession],endpoint=127.0.0.1:45306
info|2026-02-07 10:55:31.130565|fisco-bcos-0x00007dcabd3fe6c0|[RPC][WS][SERVICE][onDisconnect],endpoint=127.0.0.1:45306,refCount=2
info|2026-02-07 10:55:31.130588|fisco-bcos-0x00007dcabd3fe6c0|[RPC][WS][SESSION],[DELOBJ][WSSESSION]=0x7dcaa0a53a10
info|2026-02-07 10:55:31.130595|fisco-bcos-0x00007dcabd3fe6c0|[DEFAULT][WS][STREAM],[DELOBJ][WsStream]=0x7dcaa0a89090
info|2026-02-07 10:55:31.992389|ioService-0x00007dcaa57fe6c0|[DEFAULT][HTTP][SERVER][accept],local_endpoint=127.0.0.1:20203,remote_endpoint=127.0.0.1:45308
info|2026-02-07 10:55:31.992842|ioService-0x00007dca9fdfe6c0|[DEFAULT][HTTP][SESSION][onRead]websocket upgrade
info|2026-02-07 10:55:31.992959|ioService-0x00007dca9fdfe6c0|[DEFAULT][WS][STREAM],[NEWOBJ][WsStream]=0x7dca9ce60090
info|2026-02-07 10:55:31.992985|ioService-0x00007dca9fdfe6c0|[RPC][WS][SESSION],[NEWOBJ][WSSESSION]=0x7dca9ce09610
info|2026-02-07 10:55:31.992990|ioService-0x00007dca9fdfe6c0|[RPC][WS][SERVICE][newSession]start the session,endPoint=127.0.0.1:45308
info|2026-02-07 10:55:31.992995|ioService-0x00007dca9fdfe6c0|[RPC][WS][SESSION][startAsServer]start websocket handshake,endPoint=127.0.0.1:45308,session=0x7dca9ce09610
info|2026-02-07 10:55:31.993116|ioService-0x00007dca9fdfe6c0|[RPC][WS][SERVICE][addSession]add session to mapping,endPoint=127.0.0.1:45308,result=true
info|2026-02-07 10:55:31.993134|ioService-0x00007dca9fdfe6c0|[RPC][WS][SERVICE][onConnect],endpoint=127.0.0.1:45308,refCount=3
info|2026-02-07 10:55:31.993148|ioService-0x00007dca9fdfe6c0|[RPC][WS][SESSION][onWsAccept]websocket handshake successfully,endPoint=127.0.0.1:45308,session=0x7dca9ce09610
info|2026-02-07 10:55:31.993678|fisco-bcos-0x00007dcac55ff6c0|HandshakeRequest,module=2,minVersion=0,maxVersion=2
info|2026-02-07 10:55:31.993704|fisco-bcos-0x00007dcac55ff6c0|[RPC]negotiatedVersion success,peer=127.0.0.1:45308,minVersion=0,maxVersion=2,supportMinVersion=0,supportMaxVersion=2,negotiatedVersion=2,seq=018663e05fca45e4a7101b73b055a835
info|2026-02-07 10:55:31.993896|fisco-bcos-0x00007dcac55ff6c0|[RPC]onRecvHandshakeRequest success,version=2,endpoint=127.0.0.1:45308,handshakeResponse={"groupBlockNumber":[{"group0":150}],"groupInfoList":[{"chainID":"chain0","genesisConfig":"{\"blockTxCountLimit\":1000,\"consensusLeaderPeriod\":1,\"consensusType\":\"pbft\",\"sealerList\":[{\"nodeID\":\"0d6a7f52cb87ce7fda869e0db309ec9c53723c46f81632c21e4abbf1a9159f14d53f37cc0c4141548da9ec877d6235afd7a501c40d296fc4c5252a8717aa23c2\",\"weight\":1},{\"nodeID\":\"21a47acec36f73d8e925a7d5db44793f998e1a42a6d7ee2e3a5cf4037b853452cb76f6cbab8e5b223a128e8ee15790d1f629858b47070b4eb2e1ddb2b0ada297\",\"weight\":1},{\"nodeID\":\"2346c69c46d42278eb237167eb19eb28432b63783cc0fd7cddc90f89c148e755db8941be9b0c5f37cbc21c409a78c154abc75ce0c80818c6fbb76aea6bcd0a9a\",\"weight\":1},{\"nodeID\":\"5b07d12d1512a66493c8fd3456d8c505e6ce05f20061613a4c48a1fa3755bbf9cc2d2f1878c4a6733389f03deb0a3fc0c672e2f4910fde9802d6675929cb3dc5\",\"weight\":1}],\"txGasLimit\":3000000000}\n","groupID":"group0","iniConfig":"","nodeList":[{"featureKeys":["bugfix_revert","bugfix_statestorage_hash","bugfix_evm_create2_delegatecall_staticcall_codecopy","bugfix_event_log_order","bugfix_call_noaddr_return","bugfix_precompiled_codehash","bugfix_dmc_revert","bugfix_keypage_system_entry_hash","bugfix_internal_create_redundant_storage","bugfix_internal_create_permission_denied","bugfix_sharding_call_in_child_executive","bugfix_empty_abi_reset","bugfix_eip55_addr","bugfix_eoa_as_contract","bugfix_eoa_match_failed","bugfix_evm_exception_gas_used","bugfix_dmc_deploy_gas_used","bugfix_staticcall_noaddr_return","bugfix_support_transfer_receive_fallback","bugfix_set_row_with_dirty_flag","feature_dmc2serial","feature_sharding","feature_rpbft","feature_paillier","feature_balance","feature_balance_precompiled","feature_balance_policy1","feature_paillier_add_raw","feature_evm_cancun"],"iniConfig":"{\"binaryInfo\":{\"buildTime\":\"20240827 04:30:34\",\"gitCommitHash\":\"3fea676716990b2ed453b4f079915daafff451f9\",\"platform\":\"Linux/g++\",\"version\":\"3.11.0\"},\"chainID\":\"chain0\",\"gatewayServiceName\":\"\",\"groupID\":\"group0\",\"isAuthCheck\":false,\"isSerialExecute\":true,\"isWasm\":false,\"nodeID\":\"5b07d12d1512a66493c8fd3456d8c505e6ce05f20061613a4c48a1fa3755bbf9cc2d2f1878c4a6733389f03deb0a3fc0c672e2f4910fde9802d6675929cb3dc5\",\"nodeName\":\"5b07d12d1512a66493c8fd3456d8c505e6ce05f20061613a4c48a1fa3755bbf9cc2d2f1878c4a6733389f03deb0a3fc0c672e2f4910fde9802d6675929cb3dc5\",\"rpcServiceName\":\"\",\"smCryptoType\":false}\n","microService":false,"name":"5b07d12d1512a66493c8fd3456d8c505e6ce05f20061613a4c48a1fa3755bbf9cc2d2f1878c4a6733389f03deb0a3fc0c672e2f4910fde9802d6675929cb3dc5","nodeID":"5b07d12d1512a66493c8fd3456d8c505e6ce05f20061613a4c48a1fa3755bbf9cc2d2f1878c4a6733389f03deb0a3fc0c672e2f4910fde9802d6675929cb3dc5","protocol":{"compatibilityVersion":51052544,"maxSupportedVersion":2,"minSupportedVersion":0},"serviceInfo":[{"serviceName":"LedgerServiceObj","type":2},{"serviceName":"SchedulerServiceObj","type":3},{"serviceName":"FrontServiceObj","type":4},{"serviceName":"","type":6},{"serviceName":"","type":7},{"serviceName":"TxPoolServiceObj","type":8}],"supportConfigs":["tx_gas_limit","tx_gas_price","tx_count_limit","consensus_leader_period","auth_check_status","compatibility_version","feature_rpbft","feature_rpbft_epoch_block_num","feature_rpbft_epoch_sealer_num","feature_balance_precompiled","web3_chain_id"],"type":0}]}],"protocolVersion":2}
info|2026-02-07 10:55:31.995129|fisco-bcos-0x00007dca841ef6c0|[parseSubTopicsJson],topicItems size=0,json={"topics":[]}
info|2026-02-07 10:55:31.995169|fisco-bcos-0x00007dca841ef6c0|[AMOPClient]subscribeTopicToAllNodes,topicInfo={
	"topics" : []
}
info|2026-02-07 10:55:31.995176|fisco-bcos-0x00007dca841ef6c0|[AMOP][TOPIC][parseSubTopicsJson],topicItems size=0,json={
	"topics" : []
}
info|2026-02-07 10:55:31.995183|fisco-bcos-0x00007dca841ef6c0|[AMOP][TOPIC][subTopic],client=localAMOP,topicSeq=1,topicItems size=0
info|2026-02-07 10:55:31.995186|fisco-bcos-0x00007dca841ef6c0|[AMOPClient][onRecvSubTopics],topicInfo={"topics":[]}
,endpoint=127.0.0.1:45308,seq=34a451ddfdda4e0fbe6ef229ecf2d83a
info|2026-02-07 10:55:33.283899|fisco-bcos-0x00007dca835ec6c0|[SCHEDULER][serialExecute][blk-150][BlockTrace]serialExecute execute block
info|2026-02-07 10:55:33.283948|fisco-bcos-0x00007dca835ec6c0|[SCHEDULER][METRIC][BlockTrace][blk-150]preExeBlock success,blockHeader.timestamp=0,metaTxCount=0,timeCost=0
info|2026-02-07 10:55:33.536807|pbft-0x00007dcab9ffd6c0|[CONSENSUS][PBFT]handlePrePrepareMsg,reqHash=e34b26f3...,reqIndex=151,reqV=3,fromIdx=2,wait(ms)=0,committedIndex=150,consNum=151,committedHash=e1e02bed...,view=3,toView=3,changeCycle=0,expectedCheckPoint=151,Idx=3,unsealedTxs=1,sealUntil=0,waitResealUntil=0,consensusTimeout=3000,nodeId=5b07d12d...,utc=5167010
info|2026-02-07 10:55:33.536913|pbft-0x00007dcab9ffd6c0|[TXPOOL]begin asyncVerifyBlock,consNum=151,hash=e34b26f3...
info|2026-02-07 10:55:33.536976|verifier-0x00007dcaddded6c0|[TXPOOL]batchVerifyProposal,consNum=151,hash=e34b26f3...,txsSize=1,lockT=0,verifyT=0,missedTxs=0
info|2026-02-07 10:55:33.537007|verifier-0x00007dcaddded6c0|[TXPOOL][METRIC]asyncVerifyBlock finished,consNum=151,hash=e34b26f3...,code=0,msg=success,result=true,timecost=1
info|2026-02-07 10:55:33.537037|verifier-0x00007dcaddded6c0|[CONSENSUS][PBFT]handlePrePrepareMsg,reqHash=e34b26f3...,reqIndex=151,reqV=3,fromIdx=2,wait(ms)=1,committedIndex=150,consNum=151,committedHash=e1e02bed...,view=3,toView=3,changeCycle=0,expectedCheckPoint=151,Idx=3,unsealedTxs=1,sealUntil=0,waitResealUntil=0,consensusTimeout=3000,nodeId=5b07d12d...,utc=5167011
info|2026-02-07 10:55:33.537055|verifier-0x00007dcaddded6c0|[CONSENSUS][PBFT]addPrePrepareCache,reqHash=e34b26f3...,reqIndex=151,reqV=3,fromIdx=2,wait(ms)=1,sys=false,committedIndex=150,consNum=151,committedHash=e1e02bed...,view=3,toView=3,changeCycle=0,expectedCheckPoint=151,Idx=3,unsealedTxs=1,sealUntil=0,waitResealUntil=0,consensusTimeout=3000,nodeId=5b07d12d...
info|2026-02-07 10:55:33.537061|verifier-0x00007dcaddded6c0|[CONSENSUS][PBFT]notify the committed proposal index to the sync module success,index=151
info|2026-02-07 10:55:33.537117|verifier-0x00007dcaddded6c0|[CONSENSUS][PBFT]addPrepareCache,reqHash=e34b26f3...,reqIndex=151,reqV=3,fromIdx=3,wait(ms)=0,committedIndex=150,consNum=151,committedHash=e1e02bed...,view=3,toView=3,changeCycle=0,expectedCheckPoint=151,Idx=3,unsealedTxs=1,sealUntil=0,waitResealUntil=0,consensusTimeout=3000,nodeId=5b07d12d...,weight=1
info|2026-02-07 10:55:33.537138|validator-0x00007dcad05d26c0|[CONSENSUS][PBFT]asyncResetTxsFlag,index=151,hash=e34b26f3...,flag=true
info|2026-02-07 10:55:33.537154|validator-0x00007dcad05d26c0|[TXPOOL]batchMarkTxs,txsSize=1,batchId=151,hash=e34b26f3...,sealFlag=true,notFound=0,reSealed=0,succ=1,time=0,markT=0
info|2026-02-07 10:55:33.537162|validator-0x00007dcad05d26c0|[CONSENSUS][PBFT]asyncMarkTxs success,index=151,hash=e34b26f3...,flag=true,markT=0,emptyTxBatchHash=false
info|2026-02-07 10:55:33.537169|verifier-0x00007dcaddded6c0|[CONSENSUS][PBFT]broadcast prepare packet,packetSize=232,index=151
info|2026-02-07 10:55:33.537249|verifier-0x00007dcaddded6c0|[CONSENSUS][PBFT]handlePrePrepareMsg and broadcast prepare packet,reqHash=e34b26f3...,reqIndex=151,reqV=3,fromIdx=2,wait(ms)=1,committedIndex=150,consNum=151,committedHash=e1e02bed...,view=3,toView=3,changeCycle=0,expectedCheckPoint=151,Idx=3,unsealedTxs=0,sealUntil=0,waitResealUntil=0,consensusTimeout=3000,nodeId=5b07d12d...
info|2026-02-07 10:55:33.537574|pbft-0x00007dcab9ffd6c0|[CONSENSUS][PBFT]addPrepareCache,reqHash=e34b26f3...,reqIndex=151,reqV=3,fromIdx=2,wait(ms)=0,committedIndex=150,consNum=151,committedHash=e1e02bed...,view=3,toView=3,changeCycle=0,expectedCheckPoint=151,Idx=3,unsealedTxs=0,sealUntil=0,waitResealUntil=0,consensusTimeout=3000,nodeId=5b07d12d...,weight=2
info|2026-02-07 10:55:33.537593|txsPreStore-0x00007dcadc5ea6c0|[TXPOOL]storeVerifiedBlock fetch block number from LedgerConfig
info|2026-02-07 10:55:33.537686|pbft-0x00007dcab9ffd6c0|[CONSENSUS][PBFT]addPrepareCache,reqHash=e34b26f3...,reqIndex=151,reqV=3,fromIdx=0,wait(ms)=0,committedIndex=150,consNum=151,committedHash=e1e02bed...,view=3,toView=3,changeCycle=0,expectedCheckPoint=151,Idx=3,unsealedTxs=0,sealUntil=0,waitResealUntil=0,consensusTimeout=3000,nodeId=5b07d12d...,weight=3
info|2026-02-07 10:55:33.537720|pbft-0x00007dcab9ffd6c0|[CONSENSUS][PBFT]setSignatureList,signatureSize=3,propHash=e34b26f3...,propIndex=151
info|2026-02-07 10:55:33.537729|txsPreStore-0x00007dcadc5ea6c0|[TOOL]LedgerConfigFetcher: fetchBlockNumber success,blockNumber=150
info|2026-02-07 10:55:33.537755|txsPreStore-0x00007dcadc5ea6c0|[TXPOOL]storeVerifiedBlock,consNum=151,hash=e34b26f3...,txsSize=1
info|2026-02-07 10:55:33.537878|pbft-0x00007dcab9ffd6c0|[CONSENSUS][PBFT]intoPrecommit,reqHash=e34b26f3...,reqIndex=151,reqV=3,fromIdx=3,wait(ms)=1,committedIndex=150,consNum=151,committedHash=e1e02bed...,view=3,toView=3,changeCycle=0,expectedCheckPoint=151,Idx=3,unsealedTxs=0,sealUntil=0,waitResealUntil=0,consensusTimeout=3000,nodeId=5b07d12d...
info|2026-02-07 10:55:33.537987|pbft-0x00007dcab9ffd6c0|[CONSENSUS][PBFT]addCommitCache,reqHash=e34b26f3...,reqIndex=151,reqV=3,fromIdx=3,wait(ms)=0,committedIndex=150,consNum=151,committedHash=e1e02bed...,view=3,toView=3,changeCycle=0,expectedCheckPoint=151,Idx=3,unsealedTxs=0,sealUntil=0,waitResealUntil=0,consensusTimeout=3000,nodeId=5b07d12d...,weight=1
info|2026-02-07 10:55:33.538002|pbft-0x00007dcab9ffd6c0|[CONSENSUS][PBFT]checkAndPreCommit: broadcast commitMsg,Idx=3,hash=e34b26f3...,index=151
info|2026-02-07 10:55:33.538581|txsPreStore-0x00007dcadc5ea6c0|[LEDGER]asyncPreStoreBlockTxs: needStoreUnsavedTxs,txsSize=1,unstoredTxs=1,number=151
info|2026-02-07 10:55:33.538723|txsPreStore-0x00007dcadc5ea6c0|[STORAGE-RocksDB]setRows finished,put=1,dataSize=969,time(ms)=0
info|2026-02-07 10:55:33.538742|txsPreStore-0x00007dcadc5ea6c0|[LEDGER]asyncPreStoreBlockTxs: store uncommitted txs,blockNumber=151,blockTxsSize=1,unStoredTxs=1,msg=success,code=0,timeCost=0
info|2026-02-07 10:55:33.538765|txsPreStore-0x00007dcadc5ea6c0|[TXPOOL]storeVerifiedBlock success,consNum=151,hash=e34b26f3...,timecost=1
info|2026-02-07 10:55:33.540398|pbft-0x00007dcab9ffd6c0|[CONSENSUS][PBFT]addPrepareCache,reqHash=e34b26f3...,reqIndex=151,reqV=3,fromIdx=1,wait(ms)=1,committedIndex=150,consNum=151,committedHash=e1e02bed...,view=3,toView=3,changeCycle=0,expectedCheckPoint=151,Idx=3,unsealedTxs=0,sealUntil=0,waitResealUntil=0,consensusTimeout=3000,nodeId=5b07d12d...,weight=4
info|2026-02-07 10:55:33.540561|pbft-0x00007dcab9ffd6c0|[CONSENSUS][PBFT]addCommitCache,reqHash=e34b26f3...,reqIndex=151,reqV=3,fromIdx=2,wait(ms)=1,committedIndex=150,consNum=151,committedHash=e1e02bed...,view=3,toView=3,changeCycle=0,expectedCheckPoint=151,Idx=3,unsealedTxs=0,sealUntil=0,waitResealUntil=0,consensusTimeout=3000,nodeId=5b07d12d...,weight=2
info|2026-02-07 10:55:33.540702|pbft-0x00007dcab9ffd6c0|[CONSENSUS][PBFT]addCommitCache,reqHash=e34b26f3...,reqIndex=151,reqV=3,fromIdx=0,wait(ms)=1,committedIndex=150,consNum=151,committedHash=e1e02bed...,view=3,toView=3,changeCycle=0,expectedCheckPoint=151,Idx=3,unsealedTxs=0,sealUntil=0,waitResealUntil=0,consensusTimeout=3000,nodeId=5b07d12d...,weight=3
info|2026-02-07 10:55:33.540741|pbft-0x00007dcab9ffd6c0|[CONSENSUS][PBFT]checkAndCommit,propHash=e34b26f3...,propIndex=151,committedIndex=150,consNum=151,committedHash=e1e02bed...,view=3,toView=3,changeCycle=0,expectedCheckPoint=151,Idx=3,unsealedTxs=0,sealUntil=0,waitResealUntil=0,consensusTimeout=3000,nodeId=5b07d12d...
info|2026-02-07 10:55:33.540759|pbft-0x00007dcab9ffd6c0|[CONSENSUS][PBFT]######## CommitProposal,propHash=e34b26f3...,propIndex=151,sys=false,committedIndex=150,consNum=151,committedHash=e1e02bed...,view=3,toView=3,changeCycle=0,expectedCheckPoint=151,Idx=3,unsealedTxs=0,sealUntil=0,waitResealUntil=0,consensusTimeout=3000,nodeId=5b07d12d...
info|2026-02-07 10:55:33.540776|pbft-0x00007dcab9ffd6c0|[CONSENSUS][SEALER]resetSealingInfo,start=152,end=152,sealingNumber=152,waitUntil=0,unsealedTxs=0
info|2026-02-07 10:55:33.540783|pbft-0x00007dcab9ffd6c0|[CONSENSUS][PBFT]asyncNotifySealProposal success,startIndex=152,endIndex=152,maxTxsToSeal=1000
info|2026-02-07 10:55:33.540788|pbft-0x00007dcab9ffd6c0|[CONSENSUS][SEALER]asyncNotifySealProposal,startIndex=152,endIndex=152,maxTxsPerBlock=1000
info|2026-02-07 10:55:33.540793|pbft-0x00007dcab9ffd6c0|[CONSENSUS][PBFT]notifySealer: notify the new leader to seal block,lockNotifyT=0,idx=3,startIndex=152,endIndex=152,notifyBeginIndex=152,waitSealUntil=0,waitResealUntil=0,maxTxsToSeal=1000,committedIndex=150,consNum=151,committedHash=e1e02bed...,view=3,toView=3,changeCycle=0,expectedCheckPoint=151,Idx=3,unsealedTxs=0,sealUntil=0,waitResealUntil=0,consensusTimeout=3000,nodeId=5b07d12d...
info|2026-02-07 10:55:33.540804|pbft-0x00007dcab9ffd6c0|[CONSENSUS][PBFT]notify to seal next proposal,nextProposalIndex=152
info|2026-02-07 10:55:33.540838|pbft-0x00007dcab9ffd6c0|[CONSENSUS][PBFT]notifySealer return for invalid seal range,lockNotifyT=0,currentEndIndex=152,expectedEndIndex=152,committedIndex=150,consNum=151,committedHash=e1e02bed...,view=3,toView=3,changeCycle=0,expectedCheckPoint=151,Idx=3,unsealedTxs=0,sealUntil=0,waitResealUntil=0,consensusTimeout=3000,nodeId=5b07d12d...
info|2026-02-07 10:55:33.540848|pbft-0x00007dcab9ffd6c0|[CONSENSUS][PBFT]notify to seal next proposal,nextProposalIndex=152
info|2026-02-07 10:55:33.540856|pbft-0x00007dcab9ffd6c0|[CONSENSUS][PBFT]applyStateMachine,index=151,hash=e34b26f3...,committedIndex=150,consNum=151,committedHash=e1e02bed...,view=3,toView=3,changeCycle=0,expectedCheckPoint=151,Idx=3,unsealedTxs=0,sealUntil=0,waitResealUntil=0,consensusTimeout=3000,nodeId=5b07d12d...,unAppliedProposals=0
info|2026-02-07 10:55:33.541048|exeScheduler-0x00007dca7fa626c0|[SCHEDULER][METRIC][blk-151]ExecuteBlock request,gasLimit=3000000000,gasPrice=0x0,verify=false,signatureSize=0,txCount=0,metaTxCount=1,version=3.11.0,waitT=2784
info|2026-02-07 10:55:33.541096|preExeScheduler-0x00007dca802636c0|[SCHEDULER][METRIC][BlockTrace][blk-151]preExeBlock success,blockHeader.timestamp=1770432933536,metaTxCount=1,timeCost=0
info|2026-02-07 10:55:33.541154|exeScheduler-0x00007dca7fa626c0|[SCHEDULER][blk-151][BlockTrace]ExecuteBlock start,time(ms)=0
info|2026-02-07 10:55:33.541163|exeScheduler-0x00007dca7fa626c0|[SCHEDULER][serialExecute][blk-151][BlockTrace]serialExecute execute block
info|2026-02-07 10:55:33.541169|exeScheduler-0x00007dca7fa626c0|[SCHEDULER][serialExecute][blk-151][BlockTrace]serialExecute batch next block
info|2026-02-07 10:55:33.541176|exeScheduler-0x00007dca7fa626c0|[SCHEDULER][blk-151][BlockTrace]NextBlock request,executorNum=1
info|2026-02-07 10:55:34.628290|exec-0x00007dcad35d86c0|[SCHEDULER][blk-151][BlockTrace]NextBlock success,executorNum=1,timeCost=1087
info|2026-02-07 10:55:34.628345|exec-0x00007dcad35d86c0|[SCHEDULER][serialExecute][blk-151][BlockTrace]serialExecute block begin
info|2026-02-07 10:55:34.629372|Unnamed-0x00007dca7d25d6c0|[TOOL]fetchChainId success,chainId=20200
info|2026-02-07 10:55:34.630712|exec-0x00007dcad1dd56c0|[STORAGE-KeyPage]hash,size=24,blockVersion=51052544,readLength=8533,writeLength=640,pageCount=1,entrycount=0,entriesHash=0000000000000000000000000000000000000000000000000000000000000000,pagesHash=c278fa91b9fe40f1f37684f78e321b1073d963edab92280634e4f5702c6d49c1,totalHash=c278fa91b9fe40f1f37684f78e321b1073d963edab92280634e4f5702c6d49c1
info|2026-02-07 10:55:34.630948|exec-0x00007dcad1dd56c0|[EXECUTOR:1770432892][blk-151]GetTableHashes success,hash=c278fa91b9fe40f1f37684f78e321b1073d963edab92280634e4f5702c6d49c1,time(ms)=1
info|2026-02-07 10:55:34.631105|exec-0x00007dcad1dd56c0|[SCHEDULER][blk-151][BlockTrace]ExecuteBlock success,hash=c18c7f26...,stateRoot=c278fa91b9fe40f1f37684f78e321b1073d963edab92280634e4f5702c6d49c1,receiptRoot=e08f02dfa354231a02df9fb21e5a61b1e54a5f3097491d174dcbc9bacf61e68f,txsRoot=1ec661c0...,gasUsed=88519,signatureSize=0,timeCost=1090,blockVersion=51052544
info|2026-02-07 10:55:34.631180|exec-0x00007dcad1dd56c0|[CONSENSUS][Core][METRIC]asyncExecuteBlock success,sysBlock=false,number=151,result=c18c7f26...,txsSize=1,txsRoot=1ec661c0...,receiptsRoot=e08f02df...,stateRoot=c278fa91...,timeCost=1091,execPerTx=1091
info|2026-02-07 10:55:34.631300|exec-0x00007dcad1dd56c0|[CONSENSUS][PBFT]applyStateMachine finished,index=151,beforeExec=e34b26f3...,afterExec=c18c7f26...,committedIndex=150,consNum=151,committedHash=e1e02bed...,view=3,toView=3,changeCycle=0,expectedCheckPoint=151,Idx=3,unsealedTxs=0,sealUntil=0,waitResealUntil=0,consensusTimeout=3000,nodeId=5b07d12d...,timecost=1091
info|2026-02-07 10:55:34.631929|pbftWorker-0x00007dcacbdc96c0|[CONSENSUS][PBFT][STORAGE]asyncCommitProposal: write the committed proposal into db,index=151
info|2026-02-07 10:55:34.632152|pbftWorker-0x00007dcacbdc96c0|[CONSENSUS][PBFT][STORAGE]asyncPutProposal: commit success,dbName=pbftCommitDB,key=max_committed_proposal,number=151,timecost=1,dataSize=3
info|2026-02-07 10:55:34.633524|pbftWorker-0x00007dcacbdc96c0|[CONSENSUS][PBFT][STORAGE]asyncPutProposal: commit success,dbName=pbftCommitDB,key=151,number=151,timecost=0,dataSize=681
info|2026-02-07 10:55:34.633974|pbftWorker-0x00007dcacbdc96c0|[CONSENSUS][PBFT]addCheckPointMsg,reqHash=c18c7f26...,reqIndex=151,reqV=3,fromIdx=3,wait(ms)=6,Idx=3,weight=1,minRequiredWeight=3
info|2026-02-07 10:55:34.639615|pbftWorker-0x00007dcacbdc96c0|[CONSENSUS][PBFT]setCheckPointProposal,propHash=c18c7f26...,propIndex=151,committedIndex=150,consNum=151,committedHash=e1e02bed...,view=3,toView=3,changeCycle=0,expectedCheckPoint=151,Idx=3,unsealedTxs=0,sealUntil=0,waitResealUntil=0,consensusTimeout=3000,nodeId=5b07d12d...
info|2026-02-07 10:55:34.639652|pbftWorker-0x00007dcacbdc96c0|[CONSENSUS][PBFT]PBFTConfig: setExpectedCheckPoint,committedIndex=150,consNum=151,committedHash=e1e02bed...,view=3,toView=3,changeCycle=0,expectedCheckPoint=152,Idx=3,unsealedTxs=0,sealUntil=0,waitResealUntil=0,consensusTimeout=3000,nodeId=5b07d12d...,expectedCheckPoint=152
info|2026-02-07 10:55:34.639667|pbftWorker-0x00007dcacbdc96c0|[CONSENSUS][PBFT]notifySealer return for invalid seal range,lockNotifyT=0,currentEndIndex=152,expectedEndIndex=152,committedIndex=150,consNum=151,committedHash=e1e02bed...,view=3,toView=3,changeCycle=0,expectedCheckPoint=152,Idx=3,unsealedTxs=0,sealUntil=0,waitResealUntil=0,consensusTimeout=3000,nodeId=5b07d12d...
info|2026-02-07 10:55:34.639676|pbftWorker-0x00007dcacbdc96c0|[CONSENSUS][PBFT]notify to seal next proposal,nextProposalIndex=152
info|2026-02-07 10:55:34.639683|pbftWorker-0x00007dcacbdc96c0|[CONSENSUS][PBFT]onProposalApplySuccess,index=151,hash=c18c7f26...,lockT=0,timecost=6
info|2026-02-07 10:55:34.640551|pbft-0x00007dcab9ffd6c0|[CONSENSUS][PBFT]handleCheckPointMsg: try to add the checkpoint message into the cache,reqHash=c18c7f26...,reqIndex=151,reqV=3,fromIdx=0,wait(ms)=6,committedIndex=150,consNum=151,committedHash=e1e02bed...,view=3,toView=3,changeCycle=0,expectedCheckPoint=152,Idx=3,unsealedTxs=0,sealUntil=0,waitResealUntil=0,consensusTimeout=3000,nodeId=5b07d12d...
info|2026-02-07 10:55:34.640797|pbft-0x00007dcab9ffd6c0|[CONSENSUS][PBFT]addCheckPointMsg,reqHash=c18c7f26...,reqIndex=151,reqV=3,fromIdx=0,wait(ms)=6,Idx=3,weight=2,minRequiredWeight=3
info|2026-02-07 10:55:34.640832|pbft-0x00007dcab9ffd6c0|[CONSENSUS][PBFT]notifySealer return for invalid seal range,lockNotifyT=0,currentEndIndex=152,expectedEndIndex=152,committedIndex=150,consNum=151,committedHash=e1e02bed...,view=3,toView=3,changeCycle=0,expectedCheckPoint=152,Idx=3,unsealedTxs=0,sealUntil=0,waitResealUntil=0,consensusTimeout=3000,nodeId=5b07d12d...
info|2026-02-07 10:55:34.640862|pbft-0x00007dcab9ffd6c0|[CONSENSUS][PBFT]notify to seal next proposal,nextProposalIndex=152
info|2026-02-07 10:55:34.641488|pbft-0x00007dcab9ffd6c0|[CONSENSUS][PBFT]handleCheckPointMsg: try to add the checkpoint message into the cache,reqHash=c18c7f26...,reqIndex=151,reqV=3,fromIdx=2,wait(ms)=7,committedIndex=150,consNum=151,committedHash=e1e02bed...,view=3,toView=3,changeCycle=0,expectedCheckPoint=152,Idx=3,unsealedTxs=0,sealUntil=0,waitResealUntil=0,consensusTimeout=3000,nodeId=5b07d12d...
info|2026-02-07 10:55:34.641611|pbft-0x00007dcab9ffd6c0|[CONSENSUS][PBFT]addCheckPointMsg,reqHash=c18c7f26...,reqIndex=151,reqV=3,fromIdx=2,wait(ms)=7,Idx=3,weight=3,minRequiredWeight=3
info|2026-02-07 10:55:34.641644|pbft-0x00007dcab9ffd6c0|[CONSENSUS][PBFT]notifySealer return for invalid seal range,lockNotifyT=0,currentEndIndex=152,expectedEndIndex=152,committedIndex=150,consNum=151,committedHash=e1e02bed...,view=3,toView=3,changeCycle=0,expectedCheckPoint=152,Idx=3,unsealedTxs=0,sealUntil=0,waitResealUntil=0,consensusTimeout=3000,nodeId=5b07d12d...
info|2026-02-07 10:55:34.641734|pbft-0x00007dcab9ffd6c0|[CONSENSUS][PBFT]notify to seal next proposal,nextProposalIndex=152
info|2026-02-07 10:55:34.641761|pbft-0x00007dcab9ffd6c0|[CONSENSUS][PBFT]setSignatureList,signatureSize=3,propHash=c18c7f26...,propIndex=151
info|2026-02-07 10:55:34.641787|pbft-0x00007dcab9ffd6c0|[CONSENSUS][PBFT]checkAndCommitStableCheckPoint,index=151,hash=c18c7f26...,committedIndex=150,consNum=151,committedHash=e1e02bed...,view=3,toView=3,changeCycle=0,expectedCheckPoint=152,Idx=3,unsealedTxs=0,sealUntil=0,waitResealUntil=0,consensusTimeout=3000,nodeId=5b07d12d...
info|2026-02-07 10:55:34.641810|pbft-0x00007dcab9ffd6c0|[CONSENSUS][PBFT]updateStableCheckPointQueue: insert new checkpoint proposal,index=151,hash=c18c7f26...,committedIndex=150,consNum=151,committedHash=e1e02bed...,view=3,toView=3,changeCycle=0,expectedCheckPoint=152,Idx=3,unsealedTxs=0,sealUntil=0,waitResealUntil=0,consensusTimeout=3000,nodeId=5b07d12d...
info|2026-02-07 10:55:34.641828|pbft-0x00007dcab9ffd6c0|[CONSENSUS][PBFT]updateStableCheckPointQueue: commit stable checkpoint,index=151,committedIndex=150
info|2026-02-07 10:55:34.641862|pbft-0x00007dcab9ffd6c0|[CONSENSUS][PBFT]asyncCommitStableCheckPoint: set signatureList,index=151,hash=c18c7f26...,proofSize=3,blockProofSize=3
info|2026-02-07 10:55:34.642394|blockSubmit-0x00007dcacedcf6c0|[SCHEDULER][blk-151][BlockTrace]CommitBlock start
info|2026-02-07 10:55:34.642433|pbft-0x00007dcab9ffd6c0|[CONSENSUS][PBFT]handleCheckPointMsg: try to add the checkpoint message into the cache,reqHash=c18c7f26...,reqIndex=151,reqV=3,fromIdx=1,wait(ms)=8,committedIndex=150,consNum=151,committedHash=e1e02bed...,view=3,toView=3,changeCycle=0,expectedCheckPoint=152,Idx=3,unsealedTxs=0,sealUntil=0,waitResealUntil=0,consensusTimeout=3000,nodeId=5b07d12d...
info|2026-02-07 10:55:34.642468|pbft-0x00007dcab9ffd6c0|[CONSENSUS][PBFT]addCheckPointMsg,reqHash=c18c7f26...,reqIndex=151,reqV=3,fromIdx=1,wait(ms)=8,Idx=3,weight=4,minRequiredWeight=3
info|2026-02-07 10:55:34.642483|pbft-0x00007dcab9ffd6c0|[CONSENSUS][PBFT]notifySealer return for invalid seal range,lockNotifyT=0,currentEndIndex=152,expectedEndIndex=152,committedIndex=150,consNum=151,committedHash=e1e02bed...,view=3,toView=3,changeCycle=0,expectedCheckPoint=152,Idx=3,unsealedTxs=0,sealUntil=0,waitResealUntil=0,consensusTimeout=3000,nodeId=5b07d12d...
info|2026-02-07 10:55:34.642499|pbft-0x00007dcab9ffd6c0|[CONSENSUS][PBFT]notify to seal next proposal,nextProposalIndex=152
info|2026-02-07 10:55:34.643218|blockSubmit-0x00007dcacedcf6c0|[STORAGE-RocksDB]asyncPrepare,number=151
info|2026-02-07 10:55:34.643275|blockSubmit-0x00007dcacedcf6c0|[STORAGE-RocksDB]asyncPrepare finished,blockNumber=151,put=7,delete=0,startTS=0,encode(ms)=0,time(ms)=0
info|2026-02-07 10:55:34.643357|blockSubmit-0x00007dcacedcf6c0|[LEDGER]storeTransactionsAndReceipts,blockNumber=151
info|2026-02-07 10:55:34.644297|exec-0x00007dcad15d46c0|[STORAGE-RocksDB]asyncPrepare,number=151
info|2026-02-07 10:55:34.644577|ledgerWrite-0x00007dcae45fa6c0|[STORAGE-RocksDB]setRows finished,put=1,dataSize=833,time(ms)=0
info|2026-02-07 10:55:34.645016|blockSubmit-0x00007dcacedcf6c0|[LEDGER]storeTransactionsAndReceipts finished,blockNumber=151,blockTxsSize=1,unStoredTxs=0,timeCost=2
info|2026-02-07 10:55:34.645096|blockSubmit-0x00007dcacedcf6c0|[LEDGER][METRIC]asyncPrewriteBlock,number=151,totalTxs=175,failedTxs=44,incTxs=1,incFailedTxs=0
info|2026-02-07 10:55:34.645378|exec-0x00007dcad15d46c0|[STORAGE-KeyPage]parallelTraverse,size=968
info|2026-02-07 10:55:34.645865|exec-0x00007dcad15d46c0|[STORAGE-RocksDB]asyncPrepare finished,blockNumber=151,put=2,delete=9,startTS=0,encode(ms)=1,time(ms)=1
info|2026-02-07 10:55:34.645917|exec-0x00007dcad15d46c0|[EXECUTOR:1770432892][blk-151]Prepare success
info|2026-02-07 10:55:34.646095|exec-0x00007dcad15d46c0|[STORAGE-RocksDB]asyncCommit finished,blockNumber=151,startTS=0,time(ms)=1,callback time(ms)=0,count=18
info|2026-02-07 10:55:34.646123|exec-0x00007dcad15d46c0|[TOOL]fetchCompatibilityVersion
info|2026-02-07 10:55:34.646243|exec-0x00007dcad15d46c0|[TOOL]fetchCompatibilityVersion success,version=3.11.0,versionNumber=51052544,minSupportedVersion=3.0.0-rc4,maxSupportedVersion=3.11.0
info|2026-02-07 10:55:34.646319|exec-0x00007dcad15d46c0|[TOOL]fetchAuthCheckStatus success,value=0
info|2026-02-07 10:55:34.646333|exec-0x00007dcad15d46c0|[EXECUTOR:1770432892]merge keyPage to cachedStorage,number=151
info|2026-02-07 10:55:34.646404|exec-0x00007dcad15d46c0|[STORAGE-KeyPage]parallelTraverse,size=968
info|2026-02-07 10:55:34.646439|exec-0x00007dcad15d46c0|[STORAGE]Successful merged records,count=11
info|2026-02-07 10:55:34.648492|exec-0x00007dcad15d46c0|[SCHEDULER][blk-151][BlockTrace]CommitBlock success,gas limit=3000000000,timeCost=6
info|2026-02-07 10:55:34.648580|exec-0x00007dcad15d46c0|[SCHEDULER][BlockTrace]Notify block result success,blockNumber=151
info|2026-02-07 10:55:34.648596|exec-0x00007dcad15d46c0|[CONSENSUS][PBFT][STORAGE][METRIC]commitStableCheckPoint success,index=151,hash=c18c7f26...,txs=1,timeCost=6,commitPerTx=6
info|2026-02-07 10:55:34.648616|exec-0x00007dcad15d46c0|[SCHEDULER][blk-151]notify block result success,hash=c18c7f26...,txsSize=1
info|2026-02-07 10:55:34.648710|submitter-0x00007dcae05f26c0|[TXPOOL][METRIC]StatTPS,tps=0,totalTime=1125
info|2026-02-07 10:55:34.648794|blockSubmit-0x00007dcacedcf6c0|[CONSENSUS][PBFT][METRIC]resetConfig,committedIndex=151,propHash=c18c7f26...,blockCountLimit=1000,leaderPeriod=1,consensusNodesSize=4
info|2026-02-07 10:55:34.648820|exec-0x00007dcad15d46c0|[STORAGE-RocksDB]asyncCommit finished,blockNumber=151,startTS=0,time(ms)=0,callback time(ms)=2,count=0
info|2026-02-07 10:55:34.648861|blockSubmit-0x00007dcacedcf6c0|[CONSENSUS][PBFT][METRIC]^^^^^^^^Report,sealer=2,txs=1,committedIndex=151,consNum=152,committedHash=c18c7f26...,view=3,toView=3,changeCycle=0,expectedCheckPoint=152,Idx=3,unsealedTxs=0,sealUntil=0,waitResealUntil=0,consensusTimeout=3000,nodeId=5b07d12d...
info|2026-02-07 10:55:34.648874|blockSubmit-0x00007dcacedcf6c0|[CONSENSUS][SEALER]asyncNoteLatestBlockNumber,number=151
info|2026-02-07 10:55:34.648878|blockSubmit-0x00007dcacedcf6c0|[CONSENSUS][SEALER]asyncNoteLatestBlockHash,_hash=c18c7f26...
info|2026-02-07 10:55:34.648895|blockSubmit-0x00007dcacedcf6c0|[BLOCK SYNC]#### BlockSyncConfig resetConfig,number=151,consNodeSize=4,observerNodeSize=0,type=CONSENSUS_NODE
info|2026-02-07 10:55:34.648981|submitter-0x00007dcae05f26c0|[TXPOOL][METRIC]batchRemove txs success,expectedSize=1,succCount=1,batchId=151,timecost=0,lockT=0,removeT=0,updateLedgerNonceT=0,updateTxPoolNonceT=0
info|2026-02-07 10:55:34.649040|blockSubmit-0x00007dcacedcf6c0|[CONSENSUS][PBFT]notifySealer return for invalid seal range,lockNotifyT=0,currentEndIndex=152,expectedEndIndex=152,committedIndex=151,consNum=152,committedHash=c18c7f26...,view=3,toView=3,changeCycle=0,expectedCheckPoint=152,Idx=3,unsealedTxs=0,sealUntil=0,waitResealUntil=0,consensusTimeout=3000,nodeId=5b07d12d...
info|2026-02-07 10:55:34.649064|blockSubmit-0x00007dcacedcf6c0|[CONSENSUS][PBFT]notifySealer return for invalid seal range,lockNotifyT=0,currentEndIndex=152,expectedEndIndex=152,committedIndex=151,consNum=152,committedHash=c18c7f26...,view=3,toView=3,changeCycle=0,expectedCheckPoint=152,Idx=3,unsealedTxs=0,sealUntil=0,waitResealUntil=0,consensusTimeout=3000,nodeId=5b07d12d...
info|2026-02-07 10:55:34.649071|blockSubmit-0x00007dcacedcf6c0|[CONSENSUS][PBFT]notify to seal next proposal,nextProposalIndex=152
info|2026-02-07 10:55:34.649112|blockSubmit-0x00007dcacedcf6c0|[CONSENSUS][PBFT]removeConsensusedCache finalizeConsensus,view=3,number=151,eraseSize=1,cacheSize=0
info|2026-02-07 10:55:34.649128|blockSubmit-0x00007dcacedcf6c0|[CONSENSUS][PBFT][STORAGE]asyncRemoveStabledCheckPoint,index=146
info|2026-02-07 10:55:34.649160|blockSubmit-0x00007dcacedcf6c0|[CONSENSUS][PBFT][STORAGE]asyncRemove success,dbName=pbftCommitDB,key=146
info|2026-02-07 10:55:35.031123|ioService-0x00007dcab85fe6c0|[P2PService][Service][METRIC]heartBeat,connected count=3
info|2026-02-07 10:55:35.039077|timerFactory-0x00007dcaa79ff6c0|[RPC][WS][SERVICE]connected nodes,count=1
info|2026-02-07 10:55:35.041536|timerFactory-0x00007dca957ff6c0|[RPC][WS][SERVICE]connected nodes,count=0
info|2026-02-07 10:55:35.137423|ioService-0x00007dca9fdfe6c0|[WS][SESSION][asyncRead],message=End of file,endpoint=127.0.0.1:45308,refCount=2
info|2026-02-07 10:55:35.137476|ioService-0x00007dca9fdfe6c0|[RPC][WS][SESSION][drop],reason=4294963295,endpoint=127.0.0.1:45308,session=0x7dca9ce09610
info|2026-02-07 10:55:35.137503|ioService-0x00007dca9fdfe6c0|[RPC][WS][SESSION][drop],reason=4294963295,endpoint=127.0.0.1:45308,cb size=0,session=0x7dca9ce09610
info|2026-02-07 10:55:35.137598|ioService-0x00007dca9fdfe6c0|[DEFAULT][WS][STREAM]the real action to close the stream,this=0x7dca9ce60090
info|2026-02-07 10:55:35.137817|fisco-bcos-0x00007dcac4ffe6c0|[RPC][WS][SERVICE][removeSession],endpoint=127.0.0.1:45308
info|2026-02-07 10:55:35.137865|fisco-bcos-0x00007dcac4ffe6c0|[RPC][WS][SERVICE][onDisconnect],endpoint=127.0.0.1:45308,refCount=2
info|2026-02-07 10:55:35.137875|fisco-bcos-0x00007dcac4ffe6c0|[RPC][WS][SESSION],[DELOBJ][WSSESSION]=0x7dca9ce09610
info|2026-02-07 10:55:35.137881|fisco-bcos-0x00007dcac4ffe6c0|[DEFAULT][WS][STREAM],[DELOBJ][WsStream]=0x7dca9ce60090
info|2026-02-07 10:55:35.939933|ioService-0x00007dcaa57fe6c0|[DEFAULT][HTTP][SERVER][accept],local_endpoint=127.0.0.1:20203,remote_endpoint=127.0.0.1:45310
info|2026-02-07 10:55:35.940192|ioService-0x00007dca9e9ff6c0|[DEFAULT][HTTP][SESSION][onRead]websocket upgrade
info|2026-02-07 10:55:35.940225|ioService-0x00007dca9e9ff6c0|[DEFAULT][WS][STREAM],[NEWOBJ][WsStream]=0x7dca97ab2090
info|2026-02-07 10:55:35.940235|ioService-0x00007dca9e9ff6c0|[RPC][WS][SESSION],[NEWOBJ][WSSESSION]=0x7dca97a5ea10
info|2026-02-07 10:55:35.940238|ioService-0x00007dca9e9ff6c0|[RPC][WS][SERVICE][newSession]start the session,endPoint=127.0.0.1:45310
info|2026-02-07 10:55:35.940246|ioService-0x00007dca9e9ff6c0|[RPC][WS][SESSION][startAsServer]start websocket handshake,endPoint=127.0.0.1:45310,session=0x7dca97a5ea10
info|2026-02-07 10:55:35.940347|ioService-0x00007dca9e9ff6c0|[RPC][WS][SERVICE][addSession]add session to mapping,endPoint=127.0.0.1:45310,result=true
info|2026-02-07 10:55:35.940364|ioService-0x00007dca9e9ff6c0|[RPC][WS][SERVICE][onConnect],endpoint=127.0.0.1:45310,refCount=3
info|2026-02-07 10:55:35.940379|ioService-0x00007dca9e9ff6c0|[RPC][WS][SESSION][onWsAccept]websocket handshake successfully,endPoint=127.0.0.1:45310,session=0x7dca97a5ea10
info|2026-02-07 10:55:35.940984|fisco-bcos-0x00007dca835ec6c0|HandshakeRequest,module=2,minVersion=0,maxVersion=2
info|2026-02-07 10:55:35.941027|fisco-bcos-0x00007dca835ec6c0|[RPC]negotiatedVersion success,peer=127.0.0.1:45310,minVersion=0,maxVersion=2,supportMinVersion=0,supportMaxVersion=2,negotiatedVersion=2,seq=f525cd936d474aaa836b15de5bd8c3e1
info|2026-02-07 10:55:35.941170|fisco-bcos-0x00007dca835ec6c0|[RPC]onRecvHandshakeRequest success,version=2,endpoint=127.0.0.1:45310,handshakeResponse={"groupBlockNumber":[{"group0":151}],"groupInfoList":[{"chainID":"chain0","genesisConfig":"{\"blockTxCountLimit\":1000,\"consensusLeaderPeriod\":1,\"consensusType\":\"pbft\",\"sealerList\":[{\"nodeID\":\"0d6a7f52cb87ce7fda869e0db309ec9c53723c46f81632c21e4abbf1a9159f14d53f37cc0c4141548da9ec877d6235afd7a501c40d296fc4c5252a8717aa23c2\",\"weight\":1},{\"nodeID\":\"21a47acec36f73d8e925a7d5db44793f998e1a42a6d7ee2e3a5cf4037b853452cb76f6cbab8e5b223a128e8ee15790d1f629858b47070b4eb2e1ddb2b0ada297\",\"weight\":1},{\"nodeID\":\"2346c69c46d42278eb237167eb19eb28432b63783cc0fd7cddc90f89c148e755db8941be9b0c5f37cbc21c409a78c154abc75ce0c80818c6fbb76aea6bcd0a9a\",\"weight\":1},{\"nodeID\":\"5b07d12d1512a66493c8fd3456d8c505e6ce05f20061613a4c48a1fa3755bbf9cc2d2f1878c4a6733389f03deb0a3fc0c672e2f4910fde9802d6675929cb3dc5\",\"weight\":1}],\"txGasLimit\":3000000000}\n","groupID":"group0","iniConfig":"","nodeList":[{"featureKeys":["bugfix_revert","bugfix_statestorage_hash","bugfix_evm_create2_delegatecall_staticcall_codecopy","bugfix_event_log_order","bugfix_call_noaddr_return","bugfix_precompiled_codehash","bugfix_dmc_revert","bugfix_keypage_system_entry_hash","bugfix_internal_create_redundant_storage","bugfix_internal_create_permission_denied","bugfix_sharding_call_in_child_executive","bugfix_empty_abi_reset","bugfix_eip55_addr","bugfix_eoa_as_contract","bugfix_eoa_match_failed","bugfix_evm_exception_gas_used","bugfix_dmc_deploy_gas_used","bugfix_staticcall_noaddr_return","bugfix_support_transfer_receive_fallback","bugfix_set_row_with_dirty_flag","feature_dmc2serial","feature_sharding","feature_rpbft","feature_paillier","feature_balance","feature_balance_precompiled","feature_balance_policy1","feature_paillier_add_raw","feature_evm_cancun"],"iniConfig":"{\"binaryInfo\":{\"buildTime\":\"20240827 04:30:34\",\"gitCommitHash\":\"3fea676716990b2ed453b4f079915daafff451f9\",\"platform\":\"Linux/g++\",\"version\":\"3.11.0\"},\"chainID\":\"chain0\",\"gatewayServiceName\":\"\",\"groupID\":\"group0\",\"isAuthCheck\":false,\"isSerialExecute\":true,\"isWasm\":false,\"nodeID\":\"5b07d12d1512a66493c8fd3456d8c505e6ce05f20061613a4c48a1fa3755bbf9cc2d2f1878c4a6733389f03deb0a3fc0c672e2f4910fde9802d6675929cb3dc5\",\"nodeName\":\"5b07d12d1512a66493c8fd3456d8c505e6ce05f20061613a4c48a1fa3755bbf9cc2d2f1878c4a6733389f03deb0a3fc0c672e2f4910fde9802d6675929cb3dc5\",\"rpcServiceName\":\"\",\"smCryptoType\":false}\n","microService":false,"name":"5b07d12d1512a66493c8fd3456d8c505e6ce05f20061613a4c48a1fa3755bbf9cc2d2f1878c4a6733389f03deb0a3fc0c672e2f4910fde9802d6675929cb3dc5","nodeID":"5b07d12d1512a66493c8fd3456d8c505e6ce05f20061613a4c48a1fa3755bbf9cc2d2f1878c4a6733389f03deb0a3fc0c672e2f4910fde9802d6675929cb3dc5","protocol":{"compatibilityVersion":51052544,"maxSupportedVersion":2,"minSupportedVersion":0},"serviceInfo":[{"serviceName":"LedgerServiceObj","type":2},{"serviceName":"SchedulerServiceObj","type":3},{"serviceName":"FrontServiceObj","type":4},{"serviceName":"","type":6},{"serviceName":"","type":7},{"serviceName":"TxPoolServiceObj","type":8}],"supportConfigs":["tx_gas_limit","tx_gas_price","tx_count_limit","consensus_leader_period","auth_check_status","compatibility_version","feature_rpbft","feature_rpbft_epoch_block_num","feature_rpbft_epoch_sealer_num","feature_balance_precompiled","web3_chain_id"],"type":0}]}],"protocolVersion":2}
info|2026-02-07 10:55:35.942622|fisco-bcos-0x00007dcac69fe6c0|[parseSubTopicsJson],topicItems size=0,json={"topics":[]}
info|2026-02-07 10:55:35.942667|fisco-bcos-0x00007dcac69fe6c0|[AMOPClient]subscribeTopicToAllNodes,topicInfo={
	"topics" : []
}
info|2026-02-07 10:55:35.942674|fisco-bcos-0x00007dcac69fe6c0|[AMOP][TOPIC][parseSubTopicsJson],topicItems size=0,json={
	"topics" : []
}
info|2026-02-07 10:55:35.942678|fisco-bcos-0x00007dcac69fe6c0|[AMOP][TOPIC][subTopic],client=localAMOP,topicSeq=1,topicItems size=0
info|2026-02-07 10:55:35.942681|fisco-bcos-0x00007dcac69fe6c0|[AMOPClient][onRecvSubTopics],topicInfo={"topics":[]}
,endpoint=127.0.0.1:45310,seq=4d1204227b2b4e9196fac34e19073628
info|2026-02-07 10:55:36.649175|pullTxsTimer-0x00007dcacddcd6c0|[CONSENSUS][PBFT]tryToSyncTxs: try to request unsealing txs from peer,committedIndex=151,consNum=152,committedHash=c18c7f26...,view=3,toView=3,changeCycle=0,expectedCheckPoint=152,Idx=3,unsealedTxs=0,sealUntil=0,waitResealUntil=0,consensusTimeout=3000,nodeId=5b07d12d...
info|2026-02-07 10:55:37.255648|fisco-bcos-0x00007dcac4ffe6c0|[SCHEDULER][serialExecute][blk-151][BlockTrace]serialExecute execute block
info|2026-02-07 10:55:37.255708|fisco-bcos-0x00007dcac4ffe6c0|[SCHEDULER][METRIC][BlockTrace][blk-151]preExeBlock success,blockHeader.timestamp=0,metaTxCount=0,timeCost=0
info|2026-02-07 10:55:37.490575|txsSeal-0x00007dcadcdeb6c0|[TXPOOL]begin batchFetchTxs,pendingTxs=1,limit=1000
info|2026-02-07 10:55:37.490758|txsSeal-0x00007dcadcdeb6c0|[TXPOOL][METRIC]batchFetchTxs success,time=0,txsSize=1,sysTxsSize=0,pendingTxs=1,limit=1000,fetchTxsT=0,lockT=0,invalidBefore=0,invalidNow=0,sealed=0,traverseCount=1
info|2026-02-07 10:55:37.491652|Sealer-0x00007dcabafff6c0|[CONSENSUS][SEALER]++++++++++++++++ Generate proposal,index=152,curNum=151,hash=fbb49aeb...,sysTxs=false,txsSize=1,version=51052544
info|2026-02-07 10:55:37.491684|Sealer-0x00007dcabafff6c0|[CONSENSUS][PBFT]asyncSubmitProposal,index=152,hash=fbb49aeb...,committedIndex=151,consNum=152,committedHash=c18c7f26...,view=3,toView=3,changeCycle=0,expectedCheckPoint=152,Idx=3,unsealedTxs=0,sealUntil=0,waitResealUntil=0,consensusTimeout=3000,nodeId=5b07d12d...
info|2026-02-07 10:55:37.491701|Sealer-0x00007dcabafff6c0|[CONSENSUS][PBFT]++++++++++++++++ Generating seal on,index=152,Idx=3,hash=fbb49aeb...,sysProposal=false
info|2026-02-07 10:55:37.491815|Sealer-0x00007dcabafff6c0|[CONSENSUS][PBFT]broadcast pre-prepare packet,packetSize=598,index=152,encode(ms)=0,asyncSend(ms)=0
info|2026-02-07 10:55:37.491834|Sealer-0x00007dcabafff6c0|[CONSENSUS][PBFT]handlePrePrepareMsg,reqHash=fbb49aeb...,reqIndex=152,reqV=3,fromIdx=3,wait(ms)=0,committedIndex=151,consNum=152,committedHash=c18c7f26...,view=3,toView=3,changeCycle=0,expectedCheckPoint=152,Idx=3,unsealedTxs=0,sealUntil=0,waitResealUntil=0,consensusTimeout=3000,nodeId=5b07d12d...,utc=5169879
info|2026-02-07 10:55:37.491870|Sealer-0x00007dcabafff6c0|[CONSENSUS][PBFT]addPrePrepareCache,reqHash=fbb49aeb...,reqIndex=152,reqV=3,fromIdx=3,wait(ms)=0,sys=false,committedIndex=151,consNum=152,committedHash=c18c7f26...,view=3,toView=3,changeCycle=0,expectedCheckPoint=152,Idx=3,unsealedTxs=0,sealUntil=0,waitResealUntil=0,consensusTimeout=3000,nodeId=5b07d12d...
info|2026-02-07 10:55:37.491884|validator-0x00007dcacfdd16c0|[CONSENSUS][PBFT]asyncResetTxsFlag,index=152,hash=fbb49aeb...,flag=true
info|2026-02-07 10:55:37.491893|Sealer-0x00007dcabafff6c0|[CONSENSUS][PBFT]notify the committed proposal index to the sync module success,index=152
info|2026-02-07 10:55:37.491898|validator-0x00007dcacfdd16c0|[TXPOOL]batchMarkTxs,txsSize=1,batchId=152,hash=fbb49aeb...,sealFlag=true,notFound=0,reSealed=0,succ=1,time=0,markT=0
info|2026-02-07 10:55:37.491912|validator-0x00007dcacfdd16c0|[CONSENSUS][PBFT]asyncMarkTxs success,index=152,hash=fbb49aeb...,flag=true,markT=0,emptyTxBatchHash=false
info|2026-02-07 10:55:37.491945|Sealer-0x00007dcabafff6c0|[CONSENSUS][PBFT]addPrepareCache,reqHash=fbb49aeb...,reqIndex=152,reqV=3,fromIdx=3,wait(ms)=0,committedIndex=151,consNum=152,committedHash=c18c7f26...,view=3,toView=3,changeCycle=0,expectedCheckPoint=152,Idx=3,unsealedTxs=0,sealUntil=0,waitResealUntil=0,consensusTimeout=3000,nodeId=5b07d12d...,weight=1
info|2026-02-07 10:55:37.491983|Sealer-0x00007dcabafff6c0|[CONSENSUS][PBFT]broadcast prepare packet,packetSize=232,index=152
info|2026-02-07 10:55:37.492042|Sealer-0x00007dcabafff6c0|[CONSENSUS][PBFT]handlePrePrepareMsg and broadcast prepare packet,reqHash=fbb49aeb...,reqIndex=152,reqV=3,fromIdx=3,wait(ms)=1,committedIndex=151,consNum=152,committedHash=c18c7f26...,view=3,toView=3,changeCycle=0,expectedCheckPoint=152,Idx=3,unsealedTxs=0,sealUntil=0,waitResealUntil=0,consensusTimeout=3000,nodeId=5b07d12d...
info|2026-02-07 10:55:37.492051|Sealer-0x00007dcabafff6c0|[CONSENSUS][PBFT]handlePrePrepareMsg success,index=152,costT(ms)=1
info|2026-02-07 10:55:37.492939|pbft-0x00007dcab9ffd6c0|[CONSENSUS][PBFT]addPrepareCache,reqHash=fbb49aeb...,reqIndex=152,reqV=3,fromIdx=0,wait(ms)=0,committedIndex=151,consNum=152,committedHash=c18c7f26...,view=3,toView=3,changeCycle=0,expectedCheckPoint=152,Idx=3,unsealedTxs=0,sealUntil=0,waitResealUntil=0,consensusTimeout=3000,nodeId=5b07d12d...,weight=2
info|2026-02-07 10:55:37.493451|pbft-0x00007dcab9ffd6c0|[CONSENSUS][PBFT]addPrepareCache,reqHash=fbb49aeb...,reqIndex=152,reqV=3,fromIdx=1,wait(ms)=0,committedIndex=151,consNum=152,committedHash=c18c7f26...,view=3,toView=3,changeCycle=0,expectedCheckPoint=152,Idx=3,unsealedTxs=0,sealUntil=0,waitResealUntil=0,consensusTimeout=3000,nodeId=5b07d12d...,weight=3
info|2026-02-07 10:55:37.493486|pbft-0x00007dcab9ffd6c0|[CONSENSUS][PBFT]setSignatureList,signatureSize=3,propHash=fbb49aeb...,propIndex=152
info|2026-02-07 10:55:37.493496|pbft-0x00007dcab9ffd6c0|[CONSENSUS][PBFT]intoPrecommit,reqHash=fbb49aeb...,reqIndex=152,reqV=3,fromIdx=3,wait(ms)=2,committedIndex=151,consNum=152,committedHash=c18c7f26...,view=3,toView=3,changeCycle=0,expectedCheckPoint=152,Idx=3,unsealedTxs=0,sealUntil=0,waitResealUntil=0,consensusTimeout=3000,nodeId=5b07d12d...
info|2026-02-07 10:55:37.493549|pbft-0x00007dcab9ffd6c0|[CONSENSUS][PBFT]addCommitCache,reqHash=fbb49aeb...,reqIndex=152,reqV=3,fromIdx=3,wait(ms)=0,committedIndex=151,consNum=152,committedHash=c18c7f26...,view=3,toView=3,changeCycle=0,expectedCheckPoint=152,Idx=3,unsealedTxs=0,sealUntil=0,waitResealUntil=0,consensusTimeout=3000,nodeId=5b07d12d...,weight=1
info|2026-02-07 10:55:37.493558|pbft-0x00007dcab9ffd6c0|[CONSENSUS][PBFT]checkAndPreCommit: broadcast commitMsg,Idx=3,hash=fbb49aeb...,index=152
info|2026-02-07 10:55:37.493837|pbft-0x00007dcab9ffd6c0|[CONSENSUS][PBFT]addCommitCache,reqHash=fbb49aeb...,reqIndex=152,reqV=3,fromIdx=0,wait(ms)=0,committedIndex=151,consNum=152,committedHash=c18c7f26...,view=3,toView=3,changeCycle=0,expectedCheckPoint=152,Idx=3,unsealedTxs=0,sealUntil=0,waitResealUntil=0,consensusTimeout=3000,nodeId=5b07d12d...,weight=2
info|2026-02-07 10:55:37.494287|pbft-0x00007dcab9ffd6c0|[CONSENSUS][PBFT]addCommitCache,reqHash=fbb49aeb...,reqIndex=152,reqV=3,fromIdx=1,wait(ms)=0,committedIndex=151,consNum=152,committedHash=c18c7f26...,view=3,toView=3,changeCycle=0,expectedCheckPoint=152,Idx=3,unsealedTxs=0,sealUntil=0,waitResealUntil=0,consensusTimeout=3000,nodeId=5b07d12d...,weight=3
info|2026-02-07 10:55:37.494316|pbft-0x00007dcab9ffd6c0|[CONSENSUS][PBFT]checkAndCommit,propHash=fbb49aeb...,propIndex=152,committedIndex=151,consNum=152,committedHash=c18c7f26...,view=3,toView=3,changeCycle=0,expectedCheckPoint=152,Idx=3,unsealedTxs=0,sealUntil=0,waitResealUntil=0,consensusTimeout=3000,nodeId=5b07d12d...
info|2026-02-07 10:55:37.494325|pbft-0x00007dcab9ffd6c0|[CONSENSUS][PBFT]######## CommitProposal,propHash=fbb49aeb...,propIndex=152,sys=false,committedIndex=151,consNum=152,committedHash=c18c7f26...,view=3,toView=3,changeCycle=0,expectedCheckPoint=152,Idx=3,unsealedTxs=0,sealUntil=0,waitResealUntil=0,consensusTimeout=3000,nodeId=5b07d12d...
info|2026-02-07 10:55:37.494331|pbft-0x00007dcab9ffd6c0|[CONSENSUS][PBFT]notify to seal next proposal,nextProposalIndex=153
info|2026-02-07 10:55:37.494348|pbft-0x00007dcab9ffd6c0|[CONSENSUS][PBFT]notify to seal next proposal,nextProposalIndex=153
info|2026-02-07 10:55:37.494350|pbft-0x00007dcab9ffd6c0|[CONSENSUS][PBFT]applyStateMachine,index=152,hash=fbb49aeb...,committedIndex=151,consNum=152,committedHash=c18c7f26...,view=3,toView=3,changeCycle=0,expectedCheckPoint=152,Idx=3,unsealedTxs=0,sealUntil=0,waitResealUntil=0,consensusTimeout=3000,nodeId=5b07d12d...,unAppliedProposals=0
info|2026-02-07 10:55:37.494510|exeScheduler-0x00007dca7fa626c0|[SCHEDULER][METRIC][blk-152]ExecuteBlock request,gasLimit=3000000000,gasPrice=0x0,verify=false,signatureSize=0,txCount=0,metaTxCount=1,version=3.11.0,waitT=2863
info|2026-02-07 10:55:37.494553|exeScheduler-0x00007dca7fa626c0|[SCHEDULER][blk-152][BlockTrace]ExecuteBlock start,time(ms)=0
info|2026-02-07 10:55:37.494557|exeScheduler-0x00007dca7fa626c0|[SCHEDULER][serialExecute][blk-152][BlockTrace]serialExecute execute block
info|2026-02-07 10:55:37.494566|preExeScheduler-0x00007dca80a646c0|[SCHEDULER][METRIC][BlockTrace][blk-152]preExeBlock success,blockHeader.timestamp=1770432937491,metaTxCount=1,timeCost=0
info|2026-02-07 10:55:37.494596|exeScheduler-0x00007dca7fa626c0|[SCHEDULER][serialExecute][blk-152][BlockTrace]serialExecute batch next block
info|2026-02-07 10:55:37.494604|exeScheduler-0x00007dca7fa626c0|[SCHEDULER][blk-152][BlockTrace]NextBlock request,executorNum=1
info|2026-02-07 10:55:37.495422|exec-0x00007dcada5e66c0|[SCHEDULER][blk-152][BlockTrace]NextBlock success,executorNum=1,timeCost=1
info|2026-02-07 10:55:37.495443|exec-0x00007dcada5e66c0|[SCHEDULER][serialExecute][blk-152][BlockTrace]serialExecute block begin
info|2026-02-07 10:55:37.496026|exec-0x00007dcad9de56c0|[STORAGE-KeyPage]hash,size=24,blockVersion=51052544,readLength=8565,writeLength=640,pageCount=1,entrycount=0,entriesHash=0000000000000000000000000000000000000000000000000000000000000000,pagesHash=2283b0696929f2fdd4108e50c5290d48161cb3f97275dff80f4d624ccc80cc05,totalHash=2283b0696929f2fdd4108e50c5290d48161cb3f97275dff80f4d624ccc80cc05
info|2026-02-07 10:55:37.496047|exec-0x00007dcad9de56c0|[EXECUTOR:1770432892][blk-152]GetTableHashes success,hash=2283b0696929f2fdd4108e50c5290d48161cb3f97275dff80f4d624ccc80cc05,time(ms)=1
info|2026-02-07 10:55:37.496077|exec-0x00007dcad9de56c0|[SCHEDULER][blk-152][BlockTrace]ExecuteBlock success,hash=70c023fa...,stateRoot=2283b0696929f2fdd4108e50c5290d48161cb3f97275dff80f4d624ccc80cc05,receiptRoot=a08ad07b3d856d4f26343be2d0106f7133bd307e1b76d6ec9e02f304427a8c4d,txsRoot=0d110482...,gasUsed=88519,signatureSize=0,timeCost=2,blockVersion=51052544
info|2026-02-07 10:55:37.496100|exec-0x00007dcad9de56c0|[CONSENSUS][Core][METRIC]asyncExecuteBlock success,sysBlock=false,number=152,result=70c023fa...,txsSize=1,txsRoot=0d110482...,receiptsRoot=a08ad07b...,stateRoot=2283b069...,timeCost=2,execPerTx=2
info|2026-02-07 10:55:37.496127|exec-0x00007dcad9de56c0|[CONSENSUS][PBFT]applyStateMachine finished,index=152,beforeExec=fbb49aeb...,afterExec=70c023fa...,committedIndex=151,consNum=152,committedHash=c18c7f26...,view=3,toView=3,changeCycle=0,expectedCheckPoint=152,Idx=3,unsealedTxs=0,sealUntil=0,waitResealUntil=0,consensusTimeout=3000,nodeId=5b07d12d...,timecost=2
info|2026-02-07 10:55:37.496151|pbftWorker-0x00007dcacd5cc6c0|[CONSENSUS][PBFT][STORAGE]asyncCommitProposal: write the committed proposal into db,index=152
info|2026-02-07 10:55:37.496266|pbftWorker-0x00007dcacd5cc6c0|[CONSENSUS][PBFT][STORAGE]asyncPutProposal: commit success,dbName=pbftCommitDB,key=max_committed_proposal,number=152,timecost=0,dataSize=3
info|2026-02-07 10:55:37.496298|pbftWorker-0x00007dcacd5cc6c0|[CONSENSUS][PBFT][STORAGE]asyncPutProposal: commit success,dbName=pbftCommitDB,key=152,number=152,timecost=0,dataSize=681
info|2026-02-07 10:55:37.496447|pbftWorker-0x00007dcacd5cc6c0|[CONSENSUS][PBFT]addCheckPointMsg,reqHash=70c023fa...,reqIndex=152,reqV=3,fromIdx=3,wait(ms)=0,Idx=3,weight=1,minRequiredWeight=3
info|2026-02-07 10:55:37.496467|pbftWorker-0x00007dcacd5cc6c0|[CONSENSUS][PBFT]setCheckPointProposal,propHash=70c023fa...,propIndex=152,committedIndex=151,consNum=152,committedHash=c18c7f26...,view=3,toView=3,changeCycle=0,expectedCheckPoint=152,Idx=3,unsealedTxs=0,sealUntil=0,waitResealUntil=0,consensusTimeout=3000,nodeId=5b07d12d...
info|2026-02-07 10:55:37.496476|pbftWorker-0x00007dcacd5cc6c0|[CONSENSUS][PBFT]PBFTConfig: setExpectedCheckPoint,committedIndex=151,consNum=152,committedHash=c18c7f26...,view=3,toView=3,changeCycle=0,expectedCheckPoint=153,Idx=3,unsealedTxs=0,sealUntil=0,waitResealUntil=0,consensusTimeout=3000,nodeId=5b07d12d...,expectedCheckPoint=153
info|2026-02-07 10:55:37.496481|pbftWorker-0x00007dcacd5cc6c0|[CONSENSUS][PBFT]notify to seal next proposal,nextProposalIndex=153
info|2026-02-07 10:55:37.496484|pbftWorker-0x00007dcacd5cc6c0|[CONSENSUS][PBFT]onProposalApplySuccess,index=152,hash=70c023fa...,lockT=0,timecost=0
info|2026-02-07 10:55:37.497290|pbft-0x00007dcab9ffd6c0|[CONSENSUS][PBFT]handleCheckPointMsg: try to add the checkpoint message into the cache,reqHash=70c023fa...,reqIndex=152,reqV=3,fromIdx=0,wait(ms)=0,committedIndex=151,consNum=152,committedHash=c18c7f26...,view=3,toView=3,changeCycle=0,expectedCheckPoint=153,Idx=3,unsealedTxs=0,sealUntil=0,waitResealUntil=0,consensusTimeout=3000,nodeId=5b07d12d...
info|2026-02-07 10:55:37.497309|pbft-0x00007dcab9ffd6c0|[CONSENSUS][PBFT]addCheckPointMsg,reqHash=70c023fa...,reqIndex=152,reqV=3,fromIdx=0,wait(ms)=0,Idx=3,weight=2,minRequiredWeight=3
info|2026-02-07 10:55:37.497314|pbft-0x00007dcab9ffd6c0|[CONSENSUS][PBFT]notify to seal next proposal,nextProposalIndex=153
info|2026-02-07 10:55:37.497625|pbft-0x00007dcab9ffd6c0|[CONSENSUS][PBFT]handleCheckPointMsg: try to add the checkpoint message into the cache,reqHash=70c023fa...,reqIndex=152,reqV=3,fromIdx=1,wait(ms)=0,committedIndex=151,consNum=152,committedHash=c18c7f26...,view=3,toView=3,changeCycle=0,expectedCheckPoint=153,Idx=3,unsealedTxs=0,sealUntil=0,waitResealUntil=0,consensusTimeout=3000,nodeId=5b07d12d...
info|2026-02-07 10:55:37.497658|pbft-0x00007dcab9ffd6c0|[CONSENSUS][PBFT]addCheckPointMsg,reqHash=70c023fa...,reqIndex=152,reqV=3,fromIdx=1,wait(ms)=0,Idx=3,weight=3,minRequiredWeight=3
info|2026-02-07 10:55:37.497665|pbft-0x00007dcab9ffd6c0|[CONSENSUS][PBFT]notify to seal next proposal,nextProposalIndex=153
info|2026-02-07 10:55:37.497669|pbft-0x00007dcab9ffd6c0|[CONSENSUS][PBFT]setSignatureList,signatureSize=3,propHash=70c023fa...,propIndex=152
info|2026-02-07 10:55:37.497673|pbft-0x00007dcab9ffd6c0|[CONSENSUS][PBFT]checkAndCommitStableCheckPoint,index=152,hash=70c023fa...,committedIndex=151,consNum=152,committedHash=c18c7f26...,view=3,toView=3,changeCycle=0,expectedCheckPoint=153,Idx=3,unsealedTxs=0,sealUntil=0,waitResealUntil=0,consensusTimeout=3000,nodeId=5b07d12d...
info|2026-02-07 10:55:37.497679|pbft-0x00007dcab9ffd6c0|[CONSENSUS][PBFT]updateStableCheckPointQueue: insert new checkpoint proposal,index=152,hash=70c023fa...,committedIndex=151,consNum=152,committedHash=c18c7f26...,view=3,toView=3,changeCycle=0,expectedCheckPoint=153,Idx=3,unsealedTxs=0,sealUntil=0,waitResealUntil=0,consensusTimeout=3000,nodeId=5b07d12d...
info|2026-02-07 10:55:37.497684|pbft-0x00007dcab9ffd6c0|[CONSENSUS][PBFT]updateStableCheckPointQueue: commit stable checkpoint,index=152,committedIndex=151
info|2026-02-07 10:55:37.497696|pbft-0x00007dcab9ffd6c0|[CONSENSUS][PBFT]asyncCommitStableCheckPoint: set signatureList,index=152,hash=70c023fa...,proofSize=3,blockProofSize=3
info|2026-02-07 10:55:37.497736|blockSubmit-0x00007dcacedcf6c0|[SCHEDULER][blk-152][BlockTrace]CommitBlock start
info|2026-02-07 10:55:37.497951|blockSubmit-0x00007dcacedcf6c0|[STORAGE-RocksDB]asyncPrepare,number=152
info|2026-02-07 10:55:37.497980|blockSubmit-0x00007dcacedcf6c0|[STORAGE-RocksDB]asyncPrepare finished,blockNumber=152,put=7,delete=0,startTS=0,encode(ms)=0,time(ms)=0
info|2026-02-07 10:55:37.498004|blockSubmit-0x00007dcacedcf6c0|[LEDGER]storeTransactionsAndReceipts,blockNumber=152
info|2026-02-07 10:55:37.498046|blockSubmit-0x00007dcacedcf6c0|[STORAGE-RocksDB]setRows finished,put=1,dataSize=968,time(ms)=0
info|2026-02-07 10:55:37.498086|exec-0x00007dcad95e46c0|[STORAGE-RocksDB]asyncPrepare,number=152
info|2026-02-07 10:55:37.498149|exec-0x00007dcad95e46c0|[STORAGE-KeyPage]parallelTraverse,size=1652
info|2026-02-07 10:55:37.498128|ledgerWrite-0x00007dcae1df56c0|[STORAGE-RocksDB]setRows finished,put=1,dataSize=833,time(ms)=0
info|2026-02-07 10:55:37.498172|exec-0x00007dcad95e46c0|[STORAGE-RocksDB]asyncPrepare finished,blockNumber=152,put=2,delete=8,startTS=0,encode(ms)=0,time(ms)=0
info|2026-02-07 10:55:37.498177|exec-0x00007dcad95e46c0|[EXECUTOR:1770432892][blk-152]Prepare success
info|2026-02-07 10:55:37.498206|blockSubmit-0x00007dcacedcf6c0|[LEDGER]storeTransactionsAndReceipts finished,blockNumber=152,blockTxsSize=1,unStoredTxs=1,timeCost=0
info|2026-02-07 10:55:37.498308|blockSubmit-0x00007dcacedcf6c0|[STORAGE-RocksDB]asyncCommit finished,blockNumber=152,startTS=0,time(ms)=0,callback time(ms)=0,count=17
info|2026-02-07 10:55:37.498328|blockSubmit-0x00007dcacedcf6c0|[LEDGER][METRIC]asyncPrewriteBlock,number=152,totalTxs=176,failedTxs=44,incTxs=1,incFailedTxs=0
info|2026-02-07 10:55:37.498349|exec-0x00007dcad8de36c0|[TOOL]fetchCompatibilityVersion
info|2026-02-07 10:55:37.498429|exec-0x00007dcad8de36c0|[TOOL]fetchCompatibilityVersion success,version=3.11.0,versionNumber=51052544,minSupportedVersion=3.0.0-rc4,maxSupportedVersion=3.11.0
info|2026-02-07 10:55:37.498526|exec-0x00007dcad8de36c0|[TOOL]fetchAuthCheckStatus success,value=0
info|2026-02-07 10:55:37.498533|exec-0x00007dcad8de36c0|[EXECUTOR:1770432892]merge keyPage to cachedStorage,number=152
info|2026-02-07 10:55:37.498558|exec-0x00007dcad8de36c0|[STORAGE-KeyPage]parallelTraverse,size=1652
info|2026-02-07 10:55:37.498561|exec-0x00007dcad8de36c0|[STORAGE]Successful merged records,count=10
info|2026-02-07 10:55:37.498923|exec-0x00007dcad8de36c0|[SCHEDULER][blk-152][BlockTrace]CommitBlock success,gas limit=3000000000,timeCost=1
info|2026-02-07 10:55:37.499014|exec-0x00007dcad8de36c0|[SCHEDULER][BlockTrace]Notify block result success,blockNumber=152
info|2026-02-07 10:55:37.499083|submitter-0x00007dcadfdf16c0|[TXPOOL][METRIC]StatTPS,tps=111,totalTime=9
info|2026-02-07 10:55:37.499113|exec-0x00007dcad8de36c0|[CONSENSUS][PBFT][STORAGE][METRIC]commitStableCheckPoint success,index=152,hash=70c023fa...,txs=1,timeCost=2,commitPerTx=2
info|2026-02-07 10:55:37.499146|exec-0x00007dcad8de36c0|[SCHEDULER][blk-152]notify block result success,hash=70c023fa...,txsSize=1
info|2026-02-07 10:55:37.499154|blockSubmit-0x00007dcacedcf6c0|[CONSENSUS][PBFT][METRIC]resetConfig,committedIndex=152,propHash=70c023fa...,blockCountLimit=1000,leaderPeriod=1,consensusNodesSize=4
info|2026-02-07 10:55:37.499191|blockSubmit-0x00007dcacedcf6c0|[CONSENSUS][PBFT][METRIC]^^^^^^^^Report,sealer=3,txs=1,committedIndex=152,consNum=153,committedHash=70c023fa...,view=3,toView=3,changeCycle=0,expectedCheckPoint=153,Idx=3,unsealedTxs=0,sealUntil=0,waitResealUntil=0,consensusTimeout=3000,nodeId=5b07d12d...
info|2026-02-07 10:55:37.499214|blockSubmit-0x00007dcacedcf6c0|[CONSENSUS][SEALER]asyncNoteLatestBlockNumber,number=152
info|2026-02-07 10:55:37.499218|blockSubmit-0x00007dcacedcf6c0|[CONSENSUS][SEALER]asyncNoteLatestBlockHash,_hash=70c023fa...
info|2026-02-07 10:55:37.499221|exec-0x00007dcad8de36c0|[STORAGE-RocksDB]asyncCommit finished,blockNumber=152,startTS=0,time(ms)=0,callback time(ms)=1,count=0
info|2026-02-07 10:55:37.499230|blockSubmit-0x00007dcacedcf6c0|[BLOCK SYNC]#### BlockSyncConfig resetConfig,number=152,consNodeSize=4,observerNodeSize=0,type=CONSENSUS_NODE
info|2026-02-07 10:55:37.499352|blockSubmit-0x00007dcacedcf6c0|[CONSENSUS][PBFT]notify to seal next proposal,nextProposalIndex=153
info|2026-02-07 10:55:37.499384|blockSubmit-0x00007dcacedcf6c0|[CONSENSUS][PBFT]removeConsensusedCache finalizeConsensus,view=3,number=152,eraseSize=1,cacheSize=0
info|2026-02-07 10:55:37.499420|blockSubmit-0x00007dcacedcf6c0|[CONSENSUS][PBFT][STORAGE]asyncRemoveStabledCheckPoint,index=147
info|2026-02-07 10:55:37.499446|blockSubmit-0x00007dcacedcf6c0|[CONSENSUS][PBFT][STORAGE]asyncRemove success,dbName=pbftCommitDB,key=147
info|2026-02-07 10:55:37.499715|submitter-0x00007dcadfdf16c0|[TXPOOL][METRIC]batchRemove txs success,expectedSize=1,succCount=1,batchId=152,timecost=1,lockT=1,removeT=1,updateLedgerNonceT=0,updateTxPoolNonceT=0
info|2026-02-07 10:55:37.970113|ioService-0x00007dca9e9ff6c0|[WS][SESSION][asyncRead],message=End of file,endpoint=127.0.0.1:45310,refCount=2
info|2026-02-07 10:55:37.970173|ioService-0x00007dca9e9ff6c0|[RPC][WS][SESSION][drop],reason=4294963295,endpoint=127.0.0.1:45310,session=0x7dca97a5ea10
info|2026-02-07 10:55:37.970196|ioService-0x00007dca9e9ff6c0|[RPC][WS][SESSION][drop],reason=4294963295,endpoint=127.0.0.1:45310,cb size=0,session=0x7dca97a5ea10
info|2026-02-07 10:55:37.970286|ioService-0x00007dca9e9ff6c0|[DEFAULT][WS][STREAM]the real action to close the stream,this=0x7dca97ab2090
info|2026-02-07 10:55:37.970463|fisco-bcos-0x00007dcac69fe6c0|[RPC][WS][SERVICE][removeSession],endpoint=127.0.0.1:45310
info|2026-02-07 10:55:37.970504|fisco-bcos-0x00007dcac69fe6c0|[RPC][WS][SERVICE][onDisconnect],endpoint=127.0.0.1:45310,refCount=2
info|2026-02-07 10:55:37.970512|fisco-bcos-0x00007dcac69fe6c0|[RPC][WS][SESSION],[DELOBJ][WSSESSION]=0x7dca97a5ea10
info|2026-02-07 10:55:37.970532|fisco-bcos-0x00007dcac69fe6c0|[DEFAULT][WS][STREAM],[DELOBJ][WsStream]=0x7dca97ab2090
info|2026-02-07 10:55:45.031293|ioService-0x00007dcab85fe6c0|[P2PService][Service][METRIC]heartBeat,connected count=3
info|2026-02-07 10:55:45.039214|timerFactory-0x00007dcaa79ff6c0|[RPC][WS][SERVICE]connected nodes,count=0
info|2026-02-07 10:55:45.041643|timerFactory-0x00007dca957ff6c0|[RPC][WS][SERVICE]connected nodes,count=0
info|2026-02-07 10:55:55.031611|ioService-0x00007dcab85fe6c0|[P2PService][Service][METRIC]heartBeat,connected count=3
info|2026-02-07 10:55:55.039356|timerFactory-0x00007dcaa79ff6c0|[RPC][WS][SERVICE]connected nodes,count=0
info|2026-02-07 10:55:55.041935|objMonitor-0x00007dca869f56c0|[startMonitor][AliveObjectMonitor],AliveObjectAllocStat=[ type: bcos::gateway::Socket ,created: 12 ,destroyed: 8 ,alive: 4 ] 
info|2026-02-07 10:55:55.042000|timerFactory-0x00007dca957ff6c0|[RPC][WS][SERVICE]connected nodes,count=0
info|2026-02-07 10:56:01.921283|ioService-0x00007dca933ff6c0|[DEFAULT][HTTP][SERVER][accept],local_endpoint=127.0.0.1:8545,remote_endpoint=127.0.0.1:44236
info|2026-02-07 10:56:01.922643|ioService-0x00007dca925ff6c0|[DEFAULT][HTTP][SESSION][onRead]receive http request
info|2026-02-07 10:56:05.001062|ioService-0x00007dca925ff6c0|[DEFAULT][HTTP][SESSION][onRead]receive http request
info|2026-02-07 10:56:05.031742|ioService-0x00007dcab85fe6c0|[P2PService][Service][METRIC]heartBeat,connected count=3
info|2026-02-07 10:56:05.039506|timerFactory-0x00007dcaa79ff6c0|[RPC][WS][SERVICE]connected nodes,count=0
info|2026-02-07 10:56:05.042125|timerFactory-0x00007dca957ff6c0|[RPC][WS][SERVICE]connected nodes,count=0
info|2026-02-07 10:56:09.166379|ioService-0x00007dca925ff6c0|[DEFAULT][HTTP][SESSION][onRead]receive http request
info|2026-02-07 10:56:12.166496|ioService-0x00007dca925ff6c0|[DEFAULT][HTTP][SESSION][onRead]receive http request
info|2026-02-07 10:56:15.031882|ioService-0x00007dcab85fe6c0|[P2PService][Service][METRIC]heartBeat,connected count=3
info|2026-02-07 10:56:15.166961|ioService-0x00007dca925ff6c0|[DEFAULT][HTTP][SESSION][onRead]receive http request
info|2026-02-07 10:56:16.207411|timerFactory-0x00007dcaa79ff6c0|[RPC][WS][SERVICE]connected nodes,count=0
info|2026-02-07 10:56:16.210340|timerFactory-0x00007dca957ff6c0|[RPC][WS][SERVICE]connected nodes,count=0
info|2026-02-07 10:56:18.168850|ioService-0x00007dca925ff6c0|[DEFAULT][HTTP][SESSION][onRead]receive http request
info|2026-02-07 10:56:21.170513|ioService-0x00007dca925ff6c0|[DEFAULT][HTTP][SESSION][onRead]receive http request
info|2026-02-07 10:56:24.172616|ioService-0x00007dca925ff6c0|[DEFAULT][HTTP][SESSION][onRead]receive http request
info|2026-02-07 10:56:25.032244|ioService-0x00007dcab85fe6c0|[P2PService][Service][METRIC]heartBeat,connected count=3
info|2026-02-07 10:56:26.207534|timerFactory-0x00007dcaa79ff6c0|[RPC][WS][SERVICE]connected nodes,count=0
info|2026-02-07 10:56:26.210459|timerFactory-0x00007dca957ff6c0|[RPC][WS][SERVICE]connected nodes,count=0
info|2026-02-07 10:56:27.172754|ioService-0x00007dca925ff6c0|[DEFAULT][HTTP][SESSION][onRead]receive http request
info|2026-02-07 10:56:30.174316|ioService-0x00007dca925ff6c0|[DEFAULT][HTTP][SESSION][onRead]receive http request
info|2026-02-07 10:56:33.177013|ioService-0x00007dca925ff6c0|[DEFAULT][HTTP][SESSION][onRead]receive http request
info|2026-02-07 10:56:35.032552|ioService-0x00007dcab85fe6c0|[P2PService][Service][METRIC]heartBeat,connected count=3
info|2026-02-07 10:56:36.180317|ioService-0x00007dca925ff6c0|[DEFAULT][HTTP][SESSION][onRead]receive http request
info|2026-02-07 10:56:36.207722|timerFactory-0x00007dcaa79ff6c0|[RPC][WS][SERVICE]connected nodes,count=0
info|2026-02-07 10:56:36.210585|timerFactory-0x00007dca957ff6c0|[RPC][WS][SERVICE]connected nodes,count=0
info|2026-02-07 10:56:39.180041|ioService-0x00007dca925ff6c0|[DEFAULT][HTTP][SESSION][onRead]receive http request
info|2026-02-07 10:56:43.186337|ioService-0x00007dca925ff6c0|[DEFAULT][HTTP][SESSION][onRead]receive http request
info|2026-02-07 10:56:45.032960|ioService-0x00007dcab85fe6c0|[P2PService][Service][METRIC]heartBeat,connected count=3
info|2026-02-07 10:56:46.188543|ioService-0x00007dca925ff6c0|[DEFAULT][HTTP][SESSION][onRead]receive http request
info|2026-02-07 10:56:47.213232|timerFactory-0x00007dcaa79ff6c0|[RPC][WS][SERVICE]connected nodes,count=0
info|2026-02-07 10:56:47.215915|timerFactory-0x00007dca957ff6c0|[RPC][WS][SERVICE]connected nodes,count=0
info|2026-02-07 10:56:49.189643|ioService-0x00007dca925ff6c0|[DEFAULT][HTTP][SESSION][onRead]receive http request
info|2026-02-07 10:56:52.190812|ioService-0x00007dca925ff6c0|[DEFAULT][HTTP][SESSION][onRead]receive http request
info|2026-02-07 10:56:55.033464|ioService-0x00007dcab85fe6c0|[P2PService][Service][METRIC]heartBeat,connected count=3
info|2026-02-07 10:56:55.192697|ioService-0x00007dca925ff6c0|[DEFAULT][HTTP][SESSION][onRead]receive http request
info|2026-02-07 10:56:57.213646|timerFactory-0x00007dcaa79ff6c0|[RPC][WS][SERVICE]connected nodes,count=0
info|2026-02-07 10:56:57.215040|objMonitor-0x00007dca869f56c0|[startMonitor][AliveObjectMonitor],AliveObjectAllocStat=[ type: bcos::gateway::Socket ,created: 12 ,destroyed: 8 ,alive: 4 ] 
info|2026-02-07 10:56:57.216235|timerFactory-0x00007dca957ff6c0|[RPC][WS][SERVICE]connected nodes,count=0
info|2026-02-07 10:56:58.191451|ioService-0x00007dca925ff6c0|[DEFAULT][HTTP][SESSION][onRead]receive http request
info|2026-02-07 10:57:01.193600|ioService-0x00007dca925ff6c0|[DEFAULT][HTTP][SESSION][onRead]receive http request
info|2026-02-07 10:57:04.192864|ioService-0x00007dca925ff6c0|[DEFAULT][HTTP][SESSION][onRead]receive http request
info|2026-02-07 10:57:05.033816|ioService-0x00007dcab85fe6c0|[P2PService][Service][METRIC]heartBeat,connected count=3
info|2026-02-07 10:57:07.194331|ioService-0x00007dca925ff6c0|[DEFAULT][HTTP][SESSION][onRead]receive http request
info|2026-02-07 10:57:07.213847|timerFactory-0x00007dcaa79ff6c0|[RPC][WS][SERVICE]connected nodes,count=0
info|2026-02-07 10:57:07.216390|timerFactory-0x00007dca957ff6c0|[RPC][WS][SERVICE]connected nodes,count=0
info|2026-02-07 10:57:10.195111|ioService-0x00007dca925ff6c0|[DEFAULT][HTTP][SESSION][onRead]receive http request
info|2026-02-07 10:57:13.196494|ioService-0x00007dca925ff6c0|[DEFAULT][HTTP][SESSION][onRead]receive http request
info|2026-02-07 10:57:16.104935|ioService-0x00007dcab85fe6c0|[P2PService][Service][METRIC]heartBeat,connected count=3
info|2026-02-07 10:57:17.268402|ioService-0x00007dca925ff6c0|[DEFAULT][HTTP][SESSION][onRead]receive http request
info|2026-02-07 10:57:18.284757|timerFactory-0x00007dcaa79ff6c0|[RPC][WS][SERVICE]connected nodes,count=0
info|2026-02-07 10:57:18.287288|timerFactory-0x00007dca957ff6c0|[RPC][WS][SERVICE]connected nodes,count=0
info|2026-02-07 10:57:20.269049|ioService-0x00007dca925ff6c0|[DEFAULT][HTTP][SESSION][onRead]receive http request
info|2026-02-07 10:57:23.271216|ioService-0x00007dca925ff6c0|[DEFAULT][HTTP][SESSION][onRead]receive http request
info|2026-02-07 10:57:26.105149|ioService-0x00007dcab85fe6c0|[P2PService][Service][METRIC]heartBeat,connected count=3
info|2026-02-07 10:57:26.272278|ioService-0x00007dca925ff6c0|[DEFAULT][HTTP][SESSION][onRead]receive http request
info|2026-02-07 10:57:28.284868|timerFactory-0x00007dcaa79ff6c0|[RPC][WS][SERVICE]connected nodes,count=0
info|2026-02-07 10:57:28.287389|timerFactory-0x00007dca957ff6c0|[RPC][WS][SERVICE]connected nodes,count=0
info|2026-02-07 10:57:29.277149|ioService-0x00007dca925ff6c0|[DEFAULT][HTTP][SESSION][onRead]receive http request
info|2026-02-07 10:57:32.274268|ioService-0x00007dca925ff6c0|[DEFAULT][HTTP][SESSION][onRead]receive http request
info|2026-02-07 10:57:35.276172|ioService-0x00007dca925ff6c0|[DEFAULT][HTTP][SESSION][onRead]receive http request
info|2026-02-07 10:57:36.105374|ioService-0x00007dcab85fe6c0|[P2PService][Service][METRIC]heartBeat,connected count=3
info|2026-02-07 10:57:38.276475|ioService-0x00007dca925ff6c0|[DEFAULT][HTTP][SESSION][onRead]receive http request
info|2026-02-07 10:57:38.284977|timerFactory-0x00007dcaa79ff6c0|[RPC][WS][SERVICE]connected nodes,count=0
info|2026-02-07 10:57:38.287460|timerFactory-0x00007dca957ff6c0|[RPC][WS][SERVICE]connected nodes,count=0
info|2026-02-07 10:57:41.277821|ioService-0x00007dca925ff6c0|[DEFAULT][HTTP][SESSION][onRead]receive http request
info|2026-02-07 10:57:44.279678|ioService-0x00007dca925ff6c0|[DEFAULT][HTTP][SESSION][onRead]receive http request
info|2026-02-07 10:57:46.105531|ioService-0x00007dcab85fe6c0|[P2PService][Service][METRIC]heartBeat,connected count=3
info|2026-02-07 10:57:47.280480|ioService-0x00007dca925ff6c0|[DEFAULT][HTTP][SESSION][onRead]receive http request
info|2026-02-07 10:57:49.352992|timerFactory-0x00007dcaa79ff6c0|[RPC][WS][SERVICE]connected nodes,count=0
info|2026-02-07 10:57:49.355356|timerFactory-0x00007dca957ff6c0|[RPC][WS][SERVICE]connected nodes,count=0
info|2026-02-07 10:57:51.347686|ioService-0x00007dca925ff6c0|[DEFAULT][HTTP][SESSION][onRead]receive http request
info|2026-02-07 10:57:54.349676|ioService-0x00007dca925ff6c0|[DEFAULT][HTTP][SESSION][onRead]receive http request
info|2026-02-07 10:57:56.105686|ioService-0x00007dcab85fe6c0|[P2PService][Service][METRIC]heartBeat,connected count=3
info|2026-02-07 10:57:57.350052|ioService-0x00007dca925ff6c0|[DEFAULT][HTTP][SESSION][onRead]receive http request
info|2026-02-07 10:57:59.353099|timerFactory-0x00007dcaa79ff6c0|[RPC][WS][SERVICE]connected nodes,count=0
info|2026-02-07 10:57:59.353715|objMonitor-0x00007dca869f56c0|[startMonitor][AliveObjectMonitor],AliveObjectAllocStat=[ type: bcos::gateway::Socket ,created: 12 ,destroyed: 8 ,alive: 4 ] 
info|2026-02-07 10:57:59.355769|timerFactory-0x00007dca957ff6c0|[RPC][WS][SERVICE]connected nodes,count=0
info|2026-02-07 10:58:00.350726|ioService-0x00007dca925ff6c0|[DEFAULT][HTTP][SESSION][onRead]receive http request
info|2026-02-07 10:58:03.352113|ioService-0x00007dca925ff6c0|[DEFAULT][HTTP][SESSION][onRead]receive http request
info|2026-02-07 10:58:06.105871|ioService-0x00007dcab85fe6c0|[P2PService][Service][METRIC]heartBeat,connected count=3
info|2026-02-07 10:58:06.353211|ioService-0x00007dca925ff6c0|[DEFAULT][HTTP][SESSION][onRead]receive http request
info|2026-02-07 10:58:09.353228|timerFactory-0x00007dcaa79ff6c0|[RPC][WS][SERVICE]connected nodes,count=0
info|2026-02-07 10:58:09.354948|ioService-0x00007dca925ff6c0|[DEFAULT][HTTP][SESSION][onRead]receive http request
info|2026-02-07 10:58:09.355871|timerFactory-0x00007dca957ff6c0|[RPC][WS][SERVICE]connected nodes,count=0
info|2026-02-07 10:58:12.355951|ioService-0x00007dca925ff6c0|[DEFAULT][HTTP][SESSION][onRead]receive http request
info|2026-02-07 10:58:15.356757|ioService-0x00007dca925ff6c0|[DEFAULT][HTTP][SESSION][onRead]receive http request
info|2026-02-07 10:58:16.106081|ioService-0x00007dcab85fe6c0|[P2PService][Service][METRIC]heartBeat,connected count=3
info|2026-02-07 10:58:18.357081|ioService-0x00007dca925ff6c0|[DEFAULT][HTTP][SESSION][onRead]receive http request
info|2026-02-07 10:58:19.353416|timerFactory-0x00007dcaa79ff6c0|[RPC][WS][SERVICE]connected nodes,count=0
info|2026-02-07 10:58:19.356004|timerFactory-0x00007dca957ff6c0|[RPC][WS][SERVICE]connected nodes,count=0
info|2026-02-07 10:58:21.358694|ioService-0x00007dca925ff6c0|[DEFAULT][HTTP][SESSION][onRead]receive http request
info|2026-02-07 10:58:25.389528|ioService-0x00007dca925ff6c0|[DEFAULT][HTTP][SESSION][onRead]receive http request
info|2026-02-07 10:58:26.106304|ioService-0x00007dcab85fe6c0|[P2PService][Service][METRIC]heartBeat,connected count=3
info|2026-02-07 10:58:28.390828|ioService-0x00007dca925ff6c0|[DEFAULT][HTTP][SESSION][onRead]receive http request
info|2026-02-07 10:58:30.383282|timerFactory-0x00007dcaa79ff6c0|[RPC][WS][SERVICE]connected nodes,count=0
info|2026-02-07 10:58:30.385808|timerFactory-0x00007dca957ff6c0|[RPC][WS][SERVICE]connected nodes,count=0
info|2026-02-07 10:58:31.392397|ioService-0x00007dca925ff6c0|[DEFAULT][HTTP][SESSION][onRead]receive http request
info|2026-02-07 10:58:34.392906|ioService-0x00007dca925ff6c0|[DEFAULT][HTTP][SESSION][onRead]receive http request
info|2026-02-07 10:58:36.106506|ioService-0x00007dcab85fe6c0|[P2PService][Service][METRIC]heartBeat,connected count=3
info|2026-02-07 10:58:37.393380|ioService-0x00007dca925ff6c0|[DEFAULT][HTTP][SESSION][onRead]receive http request
info|2026-02-07 10:58:40.383507|timerFactory-0x00007dcaa79ff6c0|[RPC][WS][SERVICE]connected nodes,count=0
info|2026-02-07 10:58:40.386047|timerFactory-0x00007dca957ff6c0|[RPC][WS][SERVICE]connected nodes,count=0
info|2026-02-07 10:58:40.393866|ioService-0x00007dca925ff6c0|[DEFAULT][HTTP][SESSION][onRead]receive http request
info|2026-02-07 10:58:43.394755|ioService-0x00007dca925ff6c0|[DEFAULT][HTTP][SESSION][onRead]receive http request
info|2026-02-07 10:58:46.106848|ioService-0x00007dcab85fe6c0|[P2PService][Service][METRIC]heartBeat,connected count=3
info|2026-02-07 10:58:46.395780|ioService-0x00007dca925ff6c0|[DEFAULT][HTTP][SESSION][onRead]receive http request
info|2026-02-07 10:58:49.396649|ioService-0x00007dca925ff6c0|[DEFAULT][HTTP][SESSION][onRead]receive http request
info|2026-02-07 10:58:50.383601|timerFactory-0x00007dcaa79ff6c0|[RPC][WS][SERVICE]connected nodes,count=0
info|2026-02-07 10:58:50.386123|timerFactory-0x00007dca957ff6c0|[RPC][WS][SERVICE]connected nodes,count=0
info|2026-02-07 10:58:52.397805|ioService-0x00007dca925ff6c0|[DEFAULT][HTTP][SESSION][onRead]receive http request
info|2026-02-07 10:58:56.434595|ioService-0x00007dca925ff6c0|[DEFAULT][HTTP][SESSION][onRead]receive http request
info|2026-02-07 10:58:57.142243|ioService-0x00007dcab85fe6c0|[P2PService][Service][METRIC]heartBeat,connected count=3
info|2026-02-07 10:58:59.435359|ioService-0x00007dca925ff6c0|[DEFAULT][HTTP][SESSION][onRead]receive http request
info|2026-02-07 10:59:01.418621|objMonitor-0x00007dca869f56c0|[startMonitor][AliveObjectMonitor],AliveObjectAllocStat=[ type: bcos::gateway::Socket ,created: 12 ,destroyed: 8 ,alive: 4 ] 
info|2026-02-07 10:59:01.418781|timerFactory-0x00007dcaa79ff6c0|[RPC][WS][SERVICE]connected nodes,count=0
info|2026-02-07 10:59:01.421352|timerFactory-0x00007dca957ff6c0|[RPC][WS][SERVICE]connected nodes,count=0
info|2026-02-07 10:59:02.435571|ioService-0x00007dca925ff6c0|[DEFAULT][HTTP][SESSION][onRead]receive http request
info|2026-02-07 10:59:05.436695|ioService-0x00007dca925ff6c0|[DEFAULT][HTTP][SESSION][onRead]receive http request
info|2026-02-07 10:59:07.142464|ioService-0x00007dcab85fe6c0|[P2PService][Service][METRIC]heartBeat,connected count=3
info|2026-02-07 10:59:08.436884|ioService-0x00007dca925ff6c0|[DEFAULT][HTTP][SESSION][onRead]receive http request
info|2026-02-07 10:59:11.418989|timerFactory-0x00007dcaa79ff6c0|[RPC][WS][SERVICE]connected nodes,count=0
info|2026-02-07 10:59:11.421468|timerFactory-0x00007dca957ff6c0|[RPC][WS][SERVICE]connected nodes,count=0
info|2026-02-07 10:59:11.438668|ioService-0x00007dca925ff6c0|[DEFAULT][HTTP][SESSION][onRead]receive http request
info|2026-02-07 10:59:14.439472|ioService-0x00007dca925ff6c0|[DEFAULT][HTTP][SESSION][onRead]receive http request
info|2026-02-07 10:59:17.142672|ioService-0x00007dcab85fe6c0|[P2PService][Service][METRIC]heartBeat,connected count=3
info|2026-02-07 10:59:17.439503|ioService-0x00007dca925ff6c0|[DEFAULT][HTTP][SESSION][onRead]receive http request
info|2026-02-07 10:59:20.440266|ioService-0x00007dca925ff6c0|[DEFAULT][HTTP][SESSION][onRead]receive http request
info|2026-02-07 10:59:21.419110|timerFactory-0x00007dcaa79ff6c0|[RPC][WS][SERVICE]connected nodes,count=0
info|2026-02-07 10:59:21.421575|timerFactory-0x00007dca957ff6c0|[RPC][WS][SERVICE]connected nodes,count=0
info|2026-02-07 10:59:23.440995|ioService-0x00007dca925ff6c0|[DEFAULT][HTTP][SESSION][onRead]receive http request
info|2026-02-07 10:59:26.442190|ioService-0x00007dca925ff6c0|[DEFAULT][HTTP][SESSION][onRead]receive http request
info|2026-02-07 10:59:27.143231|ioService-0x00007dcab85fe6c0|[P2PService][Service][METRIC]heartBeat,connected count=3
info|2026-02-07 10:59:30.472694|ioService-0x00007dca925ff6c0|[DEFAULT][HTTP][SESSION][onRead]receive http request
info|2026-02-07 10:59:32.449606|timerFactory-0x00007dcaa79ff6c0|[RPC][WS][SERVICE]connected nodes,count=0
info|2026-02-07 10:59:32.452069|timerFactory-0x00007dca957ff6c0|[RPC][WS][SERVICE]connected nodes,count=0
info|2026-02-07 10:59:33.473483|ioService-0x00007dca925ff6c0|[DEFAULT][HTTP][SESSION][onRead]receive http request
info|2026-02-07 10:59:36.477410|ioService-0x00007dca925ff6c0|[DEFAULT][HTTP][SESSION][onRead]receive http request
info|2026-02-07 10:59:37.143581|ioService-0x00007dcab85fe6c0|[P2PService][Service][METRIC]heartBeat,connected count=3
info|2026-02-07 10:59:39.475422|ioService-0x00007dca925ff6c0|[DEFAULT][HTTP][SESSION][onRead]receive http request
info|2026-02-07 10:59:42.449802|timerFactory-0x00007dcaa79ff6c0|[RPC][WS][SERVICE]connected nodes,count=0
info|2026-02-07 10:59:42.452322|timerFactory-0x00007dca957ff6c0|[RPC][WS][SERVICE]connected nodes,count=0
info|2026-02-07 10:59:42.477537|ioService-0x00007dca925ff6c0|[DEFAULT][HTTP][SESSION][onRead]receive http request
info|2026-02-07 10:59:44.902439|ioService-0x00007dca925ff6c0|[DEFAULT][HTTP][STREAM]close the stream,this=0x7dca91626f50
info|2026-02-07 10:59:47.143805|ioService-0x00007dcab85fe6c0|[P2PService][Service][METRIC]heartBeat,connected count=3
info|2026-02-07 10:59:52.449995|timerFactory-0x00007dcaa79ff6c0|[RPC][WS][SERVICE]connected nodes,count=0
info|2026-02-07 10:59:52.452417|timerFactory-0x00007dca957ff6c0|[RPC][WS][SERVICE]connected nodes,count=0
info|2026-02-07 10:59:57.144113|ioService-0x00007dcab85fe6c0|[P2PService][Service][METRIC]heartBeat,connected count=3
