info|2026-02-07 00:23:26.058982|fisco-bcos-0x000076677bca6a00|[INITIALIZER]initGlobalConfig
info|2026-02-07 00:23:26.059289|fisco-bcos-0x000076677bca6a00|[NodeConfig][METRIC]loadChainConfig,smCrypto=false,chainId=chain0,groupId=group0,blockLimit=1000
info|2026-02-07 00:23:26.059325|fisco-bcos-0x000076677bca6a00|[NodeConfig]loadWeb3ChainConfig,web3ChainID=20200
info|2026-02-07 00:23:26.059387|fisco-bcos-0x000076677bca6a00|[NodeConfig][parseConsensusNodeList],sectionName=consensus,nodeId=2346c69c46d42278eb237167eb19eb28432b63783cc0fd7cddc90f89c148e755db8941be9b0c5f37cbc21c409a78c154abc75ce0c80818c6fbb76aea6bcd0a9a,weight=1
info|2026-02-07 00:23:26.059422|fisco-bcos-0x000076677bca6a00|[NodeConfig][parseConsensusNodeList],sectionName=consensus,nodeId=21a47acec36f73d8e925a7d5db44793f998e1a42a6d7ee2e3a5cf4037b853452cb76f6cbab8e5b223a128e8ee15790d1f629858b47070b4eb2e1ddb2b0ada297,weight=1
info|2026-02-07 00:23:26.059440|fisco-bcos-0x000076677bca6a00|[NodeConfig][parseConsensusNodeList],sectionName=consensus,nodeId=0d6a7f52cb87ce7fda869e0db309ec9c53723c46f81632c21e4abbf1a9159f14d53f37cc0c4141548da9ec877d6235afd7a501c40d296fc4c5252a8717aa23c2,weight=1
info|2026-02-07 00:23:26.059457|fisco-bcos-0x000076677bca6a00|[NodeConfig][parseConsensusNodeList],sectionName=consensus,nodeId=5b07d12d1512a66493c8fd3456d8c505e6ce05f20061613a4c48a1fa3755bbf9cc2d2f1878c4a6733389f03deb0a3fc0c672e2f4910fde9802d6675929cb3dc5,weight=1
info|2026-02-07 00:23:26.059489|fisco-bcos-0x000076677bca6a00|[NodeConfig][parseConsensusNodeList],totalNodesSize=4
info|2026-02-07 00:23:26.059727|fisco-bcos-0x000076677bca6a00|[NodeConfig]loadLedgerConfig,consensus_type=pbft,block_tx_count_limit=1000,gas_limit=3000000000,leader_period=1,minSealTime=0,compatibilityVersion=3.11.0
info|2026-02-07 00:23:26.059792|fisco-bcos-0x000076677bca6a00|[NodeConfig][METRIC]loadExecutorConfig,isWasm=false,isAuthCheck=false,authAdminAccount=0x1dbd23331f727a66c096de4f3daaec061a3ca614,ismSerialExecute=true
info|2026-02-07 00:23:26.059955|fisco-bcos-0x000076677bca6a00|[NodeConfig]loadCertConfig,ca_path=./conf,sm_ca_cert=./conf/sm_ca.crt,sm_node_cert=./conf/sm_ssl.crt,sm_node_key=./conf/sm_ssl.key,sm_ennode_cert=./conf/sm_enssl.crt,sm_ennode_key=./conf/sm_enssl.key
info|2026-02-07 00:23:26.059984|fisco-bcos-0x000076677bca6a00|[NodeConfig]loadCertConfig,ca_path=./conf,ca_cert=./conf/ca.crt,node_cert=./conf/ssl.crt,node_key=./conf/ssl.key
info|2026-02-07 00:23:26.060009|fisco-bcos-0x000076677bca6a00|[NodeConfig]loadRpcConfig,listenIP=0.0.0.0,listenPort=20203,listenPort=20203,smSsl=false,disableSsl=true,needRetInput=true
info|2026-02-07 00:23:26.060023|fisco-bcos-0x000076677bca6a00|[NodeConfig]loadWeb3RpcConfig,enableWeb3Rpc=true,listenIP=0.0.0.0,listenPort=8545,listenPort=8545
info|2026-02-07 00:23:26.060032|fisco-bcos-0x000076677bca6a00|[NodeConfig]loadGatewayConfig,listenIP=0.0.0.0,listenPort=30303,listenPort=30303,smSsl=false,nodesFile=nodes.json
info|2026-02-07 00:23:26.060111|fisco-bcos-0x000076677bca6a00|[NodeConfig]loadSealerConfig,minSealTime=500
info|2026-02-07 00:23:26.060161|fisco-bcos-0x000076677bca6a00|[NodeConfig]loadTxPoolConfig,txpoolLimit=15000,notifierWorkers=2,verifierWorkers=8,checkBlockLimit=true,txsExpirationTime(ms)=600000
info|2026-02-07 00:23:26.060172|fisco-bcos-0x000076677bca6a00|[NodeConfig]loadSecurityConfig,enable_hsm=false,privateKeyPath=conf/node.pem
info|2026-02-07 00:23:26.060181|fisco-bcos-0x000076677bca6a00|[NodeConfig][METRIC]loadExecutorNormalConfig: config.ini,enableDag=true
info|2026-02-07 00:23:26.060210|fisco-bcos-0x000076677bca6a00|[NodeConfig]loadStorageConfig,storagePath=data,KeyPage=10240,storageType=RocksDB,pdAddrs=127.0.0.1:2379,pdCaPath=,enableArchive=false,enableSeparateBlockAndState=false,archiveListenIP=,archiveListenPort=0,enable_rocksdb_blob=false,enableLRUCacheStorage=true
info|2026-02-07 00:23:26.060223|fisco-bcos-0x000076677bca6a00|[NodeConfig]loadConsensusConfig,checkPointTimeoutInterval=3000,pipeline_size=50
info|2026-02-07 00:23:26.060255|fisco-bcos-0x000076677bca6a00|[NodeConfig]loadSyncConfig,sync_block_by_tree=false,send_txs_by_tree=false,tree_width=3
info|2026-02-07 00:23:26.060273|fisco-bcos-0x000076677bca6a00|[NodeConfig]loadOthersConfig,sendTxTimeout=-1,vmCacheSize=1024
info|2026-02-07 00:23:26.060351|fisco-bcos-0x000076677bca6a00|[NodeConfig][METRIC]loadChainConfig,smCrypto=false,chainId=chain0,groupId=group0,blockLimit=1000
info|2026-02-07 00:23:26.060357|fisco-bcos-0x000076677bca6a00|[NodeConfig]loadWeb3ChainConfig,web3ChainID=20200
info|2026-02-07 00:23:26.060378|fisco-bcos-0x000076677bca6a00|[NodeConfig][parseConsensusNodeList],sectionName=consensus,nodeId=2346c69c46d42278eb237167eb19eb28432b63783cc0fd7cddc90f89c148e755db8941be9b0c5f37cbc21c409a78c154abc75ce0c80818c6fbb76aea6bcd0a9a,weight=1
info|2026-02-07 00:23:26.060392|fisco-bcos-0x000076677bca6a00|[NodeConfig][parseConsensusNodeList],sectionName=consensus,nodeId=21a47acec36f73d8e925a7d5db44793f998e1a42a6d7ee2e3a5cf4037b853452cb76f6cbab8e5b223a128e8ee15790d1f629858b47070b4eb2e1ddb2b0ada297,weight=1
info|2026-02-07 00:23:26.060402|fisco-bcos-0x000076677bca6a00|[NodeConfig][parseConsensusNodeList],sectionName=consensus,nodeId=0d6a7f52cb87ce7fda869e0db309ec9c53723c46f81632c21e4abbf1a9159f14d53f37cc0c4141548da9ec877d6235afd7a501c40d296fc4c5252a8717aa23c2,weight=1
info|2026-02-07 00:23:26.060411|fisco-bcos-0x000076677bca6a00|[NodeConfig][parseConsensusNodeList],sectionName=consensus,nodeId=5b07d12d1512a66493c8fd3456d8c505e6ce05f20061613a4c48a1fa3755bbf9cc2d2f1878c4a6733389f03deb0a3fc0c672e2f4910fde9802d6675929cb3dc5,weight=1
info|2026-02-07 00:23:26.060420|fisco-bcos-0x000076677bca6a00|[NodeConfig][parseConsensusNodeList],totalNodesSize=4
info|2026-02-07 00:23:26.060447|fisco-bcos-0x000076677bca6a00|[NodeConfig]loadLedgerConfig,consensus_type=pbft,block_tx_count_limit=1000,gas_limit=3000000000,leader_period=1,minSealTime=0,compatibilityVersion=3.11.0
info|2026-02-07 00:23:26.060465|fisco-bcos-0x000076677bca6a00|[NodeConfig][METRIC]loadExecutorConfig,isWasm=false,isAuthCheck=false,authAdminAccount=0x1dbd23331f727a66c096de4f3daaec061a3ca614,ismSerialExecute=true
info|2026-02-07 00:23:26.060577|fisco-bcos-0x000076677bca6a00|[NodeConfig]loadCertConfig,ca_path=./conf,sm_ca_cert=./conf/sm_ca.crt,sm_node_cert=./conf/sm_ssl.crt,sm_node_key=./conf/sm_ssl.key,sm_ennode_cert=./conf/sm_enssl.crt,sm_ennode_key=./conf/sm_enssl.key
info|2026-02-07 00:23:26.060588|fisco-bcos-0x000076677bca6a00|[NodeConfig]loadCertConfig,ca_path=./conf,ca_cert=./conf/ca.crt,node_cert=./conf/ssl.crt,node_key=./conf/ssl.key
info|2026-02-07 00:23:26.060606|fisco-bcos-0x000076677bca6a00|[NodeConfig]loadRpcConfig,listenIP=0.0.0.0,listenPort=20203,listenPort=20203,smSsl=false,disableSsl=true,needRetInput=true
info|2026-02-07 00:23:26.060618|fisco-bcos-0x000076677bca6a00|[NodeConfig]loadWeb3RpcConfig,enableWeb3Rpc=true,listenIP=0.0.0.0,listenPort=8545,listenPort=8545
info|2026-02-07 00:23:26.060627|fisco-bcos-0x000076677bca6a00|[NodeConfig]loadGatewayConfig,listenIP=0.0.0.0,listenPort=30303,listenPort=30303,smSsl=false,nodesFile=nodes.json
info|2026-02-07 00:23:26.060638|fisco-bcos-0x000076677bca6a00|[NodeConfig]loadSealerConfig,minSealTime=500
info|2026-02-07 00:23:26.060668|fisco-bcos-0x000076677bca6a00|[NodeConfig]loadTxPoolConfig,txpoolLimit=15000,notifierWorkers=2,verifierWorkers=8,checkBlockLimit=true,txsExpirationTime(ms)=600000
info|2026-02-07 00:23:26.060677|fisco-bcos-0x000076677bca6a00|[NodeConfig]loadSecurityConfig,enable_hsm=false,privateKeyPath=conf/node.pem
info|2026-02-07 00:23:26.060699|fisco-bcos-0x000076677bca6a00|[NodeConfig][METRIC]loadExecutorNormalConfig: config.ini,enableDag=true
info|2026-02-07 00:23:26.060721|fisco-bcos-0x000076677bca6a00|[NodeConfig]loadStorageConfig,storagePath=data,KeyPage=10240,storageType=RocksDB,pdAddrs=127.0.0.1:2379,pdCaPath=,enableArchive=false,enableSeparateBlockAndState=false,archiveListenIP=,archiveListenPort=0,enable_rocksdb_blob=false,enableLRUCacheStorage=true
info|2026-02-07 00:23:26.060779|fisco-bcos-0x000076677bca6a00|[NodeConfig]loadConsensusConfig,checkPointTimeoutInterval=3000,pipeline_size=50
info|2026-02-07 00:23:26.060794|fisco-bcos-0x000076677bca6a00|[NodeConfig]loadSyncConfig,sync_block_by_tree=false,send_txs_by_tree=false,tree_width=3
info|2026-02-07 00:23:26.060809|fisco-bcos-0x000076677bca6a00|[NodeConfig]loadOthersConfig,sendTxTimeout=-1,vmCacheSize=1024
info|2026-02-07 00:23:26.060821|fisco-bcos-0x000076677bca6a00|[INITIALIZER]init crypto suite success
info|2026-02-07 00:23:26.060826|fisco-bcos-0x000076677bca6a00|[INITIALIZER]init blockFactory success
info|2026-02-07 00:23:26.060857|fisco-bcos-0x000076677bca6a00|[INITIALIZER][SecureInitializer]loading privateKey
info|2026-02-07 00:23:26.061015|fisco-bcos-0x000076677bca6a00|[INITIALIZER]loadKeyPair from privateKey,privateKeySize=32,enableStorageSecurity=false
info|2026-02-07 00:23:26.061231|fisco-bcos-0x000076677bca6a00|[INITIALIZER][METRIC]loadKeyPair from privateKeyPath,privateKeyPath=conf/node.pem
info|2026-02-07 00:23:26.061266|fisco-bcos-0x000076677bca6a00|[INITIALIZER][METRIC]loadKeyPair success,publicKey=5b07d12d1512a66493c8fd3456d8c505e6ce05f20061613a4c48a1fa3755bbf9cc2d2f1878c4a6733389f03deb0a3fc0c672e2f4910fde9802d6675929cb3dc5
info|2026-02-07 00:23:26.061376|fisco-bcos-0x000076677bca6a00|[NodeConfig]loadNodeServiceConfig,withoutTarsFramework=false
info|2026-02-07 00:23:26.061385|fisco-bcos-0x000076677bca6a00|[NodeConfig]load node service,nodeName=5b07d12d1512a66493c8fd3456d8c505e6ce05f20061613a4c48a1fa3755bbf9cc2d2f1878c4a6733389f03deb0a3fc0c672e2f4910fde9802d6675929cb3dc5,withoutTarsFramework=false,schedulerServiceName=chain0.5b07d12d1512a66493c8fd3456d8c505e6ce05f20061613a4c48a1fa3755bbf9cc2d2f1878c4a6733389f03deb0a3fc0c672e2f4910fde9802d6675929cb3dc5SchedulerService,executorServiceName=chain0.5b07d12d1512a66493c8fd3456d8c505e6ce05f20061613a4c48a1fa3755bbf9cc2d2f1878c4a6733389f03deb0a3fc0c672e2f4910fde9802d6675929cb3dc5ExecutorService
info|2026-02-07 00:23:26.061945|fisco-bcos-0x000076677bca6a00|[Gateway][Config]initP2PConfig ok!,p2p.listen_ip=0.0.0.0,p2p.listen_port=30303,p2p.sm_ssl=false,p2p.enable_rip_protocol=true,p2p.enable_compression=true,p2p.allow_max_msg_size=33554432,p2p.session_recv_buffer_size=67108864,p2p.session_max_read_data_size=40960,p2p.session_max_send_data_size=1048576,p2p.session_max_send_msg_count=10,p2p.thread_count=8,p2p.nodes_path=./,p2p.nodes_file=nodes.json,p2p.readonly=false
info|2026-02-07 00:23:26.062028|fisco-bcos-0x000076677bca6a00|[Gateway][Config][initFlowControlConfig]load flow_control common config items,enable=false,flow_control.stat_reporter_interval=60000,flow_control.enable_connect_debug_info=false,flow_control.time_window_sec=1,flow_control.enable_distributed_ratelimit=false,flow_control.enable_distributed_ratelimit_cache=true,flow_control.distributed_ratelimit_cache_percent=20
info|2026-02-07 00:23:26.062046|fisco-bcos-0x000076677bca6a00|[Gateway][Config][initFlowControlConfig]load flow_control config items,key=flow_control.modules_without_bw_limit,moduleID=1001
info|2026-02-07 00:23:26.062056|fisco-bcos-0x000076677bca6a00|[Gateway][Config][initFlowControlConfig]load flow_control config items,key=flow_control.modules_without_bw_limit,moduleID=1000
info|2026-02-07 00:23:26.062061|fisco-bcos-0x000076677bca6a00|[Gateway][Config][initFlowControlConfig]load flow_control config items,key=flow_control.modules_without_bw_limit,moduleID=2002
info|2026-02-07 00:23:26.062066|fisco-bcos-0x000076677bca6a00|[Gateway][Config][initFlowControlConfig]load flow_control config items,key=flow_control.modules_without_bw_limit,moduleID=2001
info|2026-02-07 00:23:26.062070|fisco-bcos-0x000076677bca6a00|[Gateway][Config]the total_outgoing_bw_limit is not initialized
info|2026-02-07 00:23:26.062076|fisco-bcos-0x000076677bca6a00|[Gateway][Config]load flow_control config items, the conn_outgoing_bw_limit is not initialized
info|2026-02-07 00:23:26.062079|fisco-bcos-0x000076677bca6a00|[Gateway][Config]load flow_control config items, the group_outgoing_bw_limit is not initialized
info|2026-02-07 00:23:26.062082|fisco-bcos-0x000076677bca6a00|[Gateway][Config][initFlowControlConfig]load_flow control outgoing config items,flow_control.outgoing_allow_exceed_max_permit=false,flow_control.modules_without_bw_limit=raft,pbft,cons_txs_sync,txs_sync,flow_control.total_outgoing_bw_limit=-1,flow_control.conn_outgoing_bw_limit=-1,flow_control.group_outgoing_bw_limit=-1,flow_control.conn_outgoing_bw_limit_x.x.x.x=0,flow_control.group_outgoing_bw_limit_xxx=0,flow_control.modules_without_bw_limit size=4
info|2026-02-07 00:23:26.062090|fisco-bcos-0x000076677bca6a00|[Gateway][Config]rateLimiter: false
info|2026-02-07 00:23:26.062093|fisco-bcos-0x000076677bca6a00|[Gateway][Config][initFlowControlConfig]load flow_control config items, the incoming qps rate limit,flow_control.incoming_p2p_basic_msg_type_list=,flow_control.incoming_p2p_basic_msg_type_qps_limit=-1,flow_control.incoming_module_msg_type_qps_limit=-1,flow_control.incoming_module_qps_limit_xxx size=0,enableOutRateLimit=false,enableOutConnRateLimit=false,enableOutGroupRateLimit=false,enableInRateLimit=false
info|2026-02-07 00:23:26.062104|fisco-bcos-0x000076677bca6a00|[Gateway][Config]initCertConfig,ca_path=./conf,ca_cert=./conf/ca.crt,node_cert=./conf/ssl.crt,node_key=./conf/ssl.key,mul_ca_path=./conf/multiCaPath
info|2026-02-07 00:23:26.062149|fisco-bcos-0x000076677bca6a00|[Gateway][Config]initCertConfig,ca=./conf/ca.crt,node_cert=./conf/ssl.crt,node_key=./conf/ssl.key,mul_ca_path=./conf/multiCaPath
info|2026-02-07 00:23:26.062164|fisco-bcos-0x000076677bca6a00|[Gateway][Config]initConfig ok!,configPath=config.ini,listenIP=0.0.0.0,listenPort=30303,smSSL=false,peers=0
info|2026-02-07 00:23:26.062751|fisco-bcos-0x000076677bca6a00|[Gateway][Config]add one connected node,host=127.0.0.1:30300
info|2026-02-07 00:23:26.063220|fisco-bcos-0x000076677bca6a00|[Gateway][Config]add one connected node,host=127.0.0.1:30301
info|2026-02-07 00:23:26.063798|fisco-bcos-0x000076677bca6a00|[Gateway][Config]add one connected node,host=127.0.0.1:30302
info|2026-02-07 00:23:26.064293|fisco-bcos-0x000076677bca6a00|[Gateway][Config]add one connected node,host=127.0.0.1:30303
info|2026-02-07 00:23:26.064301|fisco-bcos-0x000076677bca6a00|[Gateway][Config]loadP2pConnectedNodes ok!,nodePath=./,nodeFileName=nodes.json,nodes=4
info|2026-02-07 00:23:26.064363|fisco-bcos-0x000076677bca6a00|[Gateway][Factory]initCert2PubHexHandler,cert=./conf/ssl.crt,certContent: =0x76677b2f7490
info|2026-02-07 00:23:26.065079|fisco-bcos-0x000076677bca6a00|[Gateway][Factory][NEW]SSLContext pubHex: 3082010a0282010100b85dd5fdfbc4aa99dcef8477a2e1c08c304a63432923826f81b3d0d7d13e79a6ec265462b2f59e76106f8bad7efb849227798aaf7c20a2197e9a95a8ffbbc07f5ccb44d04e995013b9afd04bb77fb7dbfa0f13bd2d404980eae43fc147332e1542ee2d2e973596187bb8ad4dc63b0165052688b1f7fc4a2a8ccb020a55db8ee7b9a45bb901b1c03d94727648a8ec10bfbc854175981345d56f4c783b0211d91f0775e508d8b379b56935777d255f59b63fadc24b43862671f5cbe0d00fcfff7138124c8293f91740a0e0732346eeee748a42f65ddb81da461fce3e76ea6ff452913b80eb5b1dba016f7d4d94f66337cc6bea7a066b8277637aef12c2eba11da10203010001
info|2026-02-07 00:23:26.066107|fisco-bcos-0x000076677bca6a00|[P2PService][Service][Service::Service]local protocol,protocolModuleID=1,version=0,minVersion=0,maxVersion=2
info|2026-02-07 00:23:26.066359|fisco-bcos-0x000076677bca6a00|register SIGUSR1 sig for reload p2p connected nodes config
info|2026-02-07 00:23:26.066398|fisco-bcos-0x000076677bca6a00|[Gateway][Factory][buildService]build service end,enable rip protocol=true,enable compress=true,myself pub id=3082010a0282010100b85dd5fdfbc4aa99dcef8477a2e1c08c304a63432923826f81b3d0d7d13e79a6ec265462b2f59e76106f8bad7efb849227798aaf7c20a2197e9a95a8ffbbc07f5ccb44d04e995013b9afd04bb77fb7dbfa0f13bd2d404980eae43fc147332e1542ee2d2e973596187bb8ad4dc63b0165052688b1f7fc4a2a8ccb020a55db8ee7b9a45bb901b1c03d94727648a8ec10bfbc854175981345d56f4c783b0211d91f0775e508d8b379b56935777d255f59b63fadc24b43862671f5cbe0d00fcfff7138124c8293f91740a0e0732346eeee748a42f65ddb81da461fce3e76ea6ff452913b80eb5b1dba016f7d4d94f66337cc6bea7a066b8277637aef12c2eba11da10203010001
info|2026-02-07 00:23:26.067049|fisco-bcos-0x000076677bca6a00|[Gateway][Factory]GatewayFactory::init ok
info|2026-02-07 00:23:26.067103|fisco-bcos-0x000076677bca6a00|[FrontService]FrontServiceFactory::buildFrontService,groupID=group0,nodeID=5b07d12d1512a66493c8fd3456d8c505e6ce05f20061613a4c48a1fa3755bbf9cc2d2f1878c4a6733389f03deb0a3fc0c672e2f4910fde9802d6675929cb3dc5
info|2026-02-07 00:23:26.067120|fisco-bcos-0x000076677bca6a00|[FrontService]FrontService,this=0x76677b26ff10,minVersion=0,maxVersion=2
info|2026-02-07 00:23:26.067144|fisco-bcos-0x000076677bca6a00|[INITIALIZER]initNode,stateDBPath=data,enableSeparateBlockAndState=false,storageType=RocksDB,consensusStoragePath=data/consensus_log
info|2026-02-07 00:23:26.167441|fisco-bcos-0x000076677bca6a00|[LEDGER][#buildGenesisBlock]
info|2026-02-07 00:23:26.168528|fisco-bcos-0x000076677bca6a00|[NodeConfig][generateGenesisData],genesisData=[chain]
sm_crypto:0
chainID: chain0
grouID: group0
[consensys]
consensus_type: pbft
block_tx_count_limit:1000
leader_period:1
[version]
compatibility_version:3.11.0
[tx]
gaslimit:3000000000
[executor]
iswasm: 0
isAuthCheck:0
authAdminAccount:0x1dbd23331f727a66c096de4f3daaec061a3ca614
isSerialExecute:1
epochSealerNum:4
epochBlockNum:1000
node.0:0d6a7f52cb87ce7fda869e0db309ec9c53723c46f81632c21e4abbf1a9159f14d53f37cc0c4141548da9ec877d6235afd7a501c40d296fc4c5252a8717aa23c2,1
node.1:21a47acec36f73d8e925a7d5db44793f998e1a42a6d7ee2e3a5cf4037b853452cb76f6cbab8e5b223a128e8ee15790d1f629858b47070b4eb2e1ddb2b0ada297,1
node.2:2346c69c46d42278eb237167eb19eb28432b63783cc0fd7cddc90f89c148e755db8941be9b0c5f37cbc21c409a78c154abc75ce0c80818c6fbb76aea6bcd0a9a,1
node.3:5b07d12d1512a66493c8fd3456d8c505e6ce05f20061613a4c48a1fa3755bbf9cc2d2f1878c4a6733389f03deb0a3fc0c672e2f4910fde9802d6675929cb3dc5,1
info|2026-02-07 00:23:26.168619|fisco-bcos-0x000076677bca6a00|[LEDGER][#buildGenesisBlock] success, block exists
info|2026-02-07 00:23:26.169447|fisco-bcos-0x000076677bca6a00|[TXPOOL]create transaction validator
info|2026-02-07 00:23:26.169803|fisco-bcos-0x000076677bca6a00|[TXPOOL]create transaction config
info|2026-02-07 00:23:26.169870|fisco-bcos-0x000076677bca6a00|[TXPOOL]create transaction storage
info|2026-02-07 00:23:26.170931|fisco-bcos-0x000076677bca6a00|[TXPOOL]init MemoryStorage of txpool,txNotifierWorkerNum=2,txsExpirationTime=600000,poolLimit=15000,cpuCores=20
info|2026-02-07 00:23:26.171023|fisco-bcos-0x000076677bca6a00|[TXPOOL]create sync config
info|2026-02-07 00:23:26.171035|fisco-bcos-0x000076677bca6a00|[TXPOOL]create sync engine
info|2026-02-07 00:23:26.172288|fisco-bcos-0x000076677bca6a00|[TXPOOL]create txpool,submitWorkerNum=8,notifyWorkerNum=2
info|2026-02-07 00:23:26.174020|fisco-bcos-0x000076677bca6a00|[TXPOOL]create TxPool,submitterNum=8
info|2026-02-07 00:23:26.174239|fisco-bcos-0x000076677bca6a00|[TARS_EXECUTOR_MANAGER]Initialize ,executorServiceName=chain0.5b07d12d1512a66493c8fd3456d8c505e6ce05f20061613a4c48a1fa3755bbf9cc2d2f1878c4a6733389f03deb0a3fc0c672e2f4910fde9802d6675929cb3dc5ExecutorService.ExecutorServiceObj
info|2026-02-07 00:23:26.174462|fisco-bcos-0x000076677bca6a00|[INITIALIZER]initNode: enableLRUCacheStorage, size: 33554432
info|2026-02-07 00:23:26.174509|fisco-bcos-0x000076677bca6a00|[INITIALIZER]create Executor,nodeArchType=0
info|2026-02-07 00:23:26.177232|fisco-bcos-0x000076677bca6a00|[CONSENSUS][PBFT]create PBFTCodec
info|2026-02-07 00:23:26.177301|fisco-bcos-0x000076677bca6a00|[CONSENSUS][PBFT]create PBFT validator
info|2026-02-07 00:23:26.177645|fisco-bcos-0x000076677bca6a00|[CONSENSUS][PBFT]create pbftStorage
info|2026-02-07 00:23:26.177884|fisco-bcos-0x000076677bca6a00|[CONSENSUS][PBFT][STORAGE]createKVTable success,table=pbftCommitDB
info|2026-02-07 00:23:26.178141|fisco-bcos-0x000076677bca6a00|[CONSENSUS][PBFT]create pbftConfig
info|2026-02-07 00:23:26.178484|fisco-bcos-0x000076677bca6a00|[CONSENSUS][PBFT]create PBFTEngine
info|2026-02-07 00:23:26.179815|fisco-bcos-0x000076677bca6a00|[CONSENSUS][PBFT]create PBFT
info|2026-02-07 00:23:26.180927|fisco-bcos-0x000076677bca6a00|[INITIALIZER]PBFTInitializer::initChainNodeInfo,nodeType=None,nodeCryptoType=0,nodeName=5b07d12d1512a66493c8fd3456d8c505e6ce05f20061613a4c48a1fa3755bbf9cc2d2f1878c4a6733389f03deb0a3fc0c672e2f4910fde9802d6675929cb3dc5,compatibilityVersion=51052544
info|2026-02-07 00:23:26.181011|fisco-bcos-0x000076677bca6a00|[Gateway][Router]insertNode,groupID=group0,minVersion=0,maxVersion=2,nodeID=5b07d12d1512a66493c8fd3456d8c505e6ce05f20061613a4c48a1fa3755bbf9cc2d2f1878c4a6733389f03deb0a3fc0c672e2f4910fde9802d6675929cb3dc5,nodeType=None
info|2026-02-07 00:23:26.181025|fisco-bcos-0x000076677bca6a00|[INITIALIZER]registerNode,group=group0,node=5b07d12d1512a66493c8fd3456d8c505e6ce05f20061613a4c48a1fa3755bbf9cc2d2f1878c4a6733389f03deb0a3fc0c672e2f4910fde9802d6675929cb3dc5,type=None
info|2026-02-07 00:23:26.181038|fisco-bcos-0x000076677bca6a00|[TXPOOL]fetch LedgerConfig information
info|2026-02-07 00:23:26.181137|fisco-bcos-0x000076677bca6a00|[TOOL]LedgerConfigFetcher: fetchBlockNumber success,blockNumber=130
info|2026-02-07 00:23:26.181167|fisco-bcos-0x000076677bca6a00|[TOOL]LedgerConfigFetcher: fetchBlockHash success,blockNumber=130,hash=285b0eda...
info|2026-02-07 00:23:26.181231|fisco-bcos-0x000076677bca6a00|[TOOL]fetchBlockTxCountLimit success,value=1000
info|2026-02-07 00:23:26.181276|fisco-bcos-0x000076677bca6a00|[TXPOOL]fetch LedgerConfig success
info|2026-02-07 00:23:26.181284|fisco-bcos-0x000076677bca6a00|[TXPOOL]fetch history nonces information,startNumber=0,fetchedSize=131
info|2026-02-07 00:23:26.185652|fisco-bcos-0x000076677bca6a00|[TXPOOL]fetch history nonces success
info|2026-02-07 00:23:26.185806|fisco-bcos-0x000076677bca6a00|[TXPOOL]init txs validator,checkBlockLimit=true
info|2026-02-07 00:23:26.186357|fisco-bcos-0x000076677bca6a00|[TXPOOL]init txs validator success
info|2026-02-07 00:23:26.186421|fisco-bcos-0x000076677bca6a00|[TXPOOL]init sync config
info|2026-02-07 00:23:26.186449|fisco-bcos-0x000076677bca6a00|[TXPOOL]init sync config success
info|2026-02-07 00:23:26.186489|fisco-bcos-0x000076677bca6a00|[BLOCK SYNC]start fetch the ledger config for block sync module
info|2026-02-07 00:23:26.186619|fisco-bcos-0x000076677bca6a00|[TOOL]LedgerConfigFetcher: fetchBlockNumber success,blockNumber=130
info|2026-02-07 00:23:26.186703|fisco-bcos-0x000076677bca6a00|[TOOL]LedgerConfigFetcher: fetchBlockHash success,blockNumber=130,hash=285b0eda...
info|2026-02-07 00:23:26.186716|fisco-bcos-0x000076677bca6a00|[TOOL]fetchCompatibilityVersion
info|2026-02-07 00:23:26.186788|fisco-bcos-0x000076677bca6a00|[TOOL]fetchCompatibilityVersion success,version=3.11.0,versionNumber=51052544,minSupportedVersion=3.0.0-rc4,maxSupportedVersion=3.11.0
info|2026-02-07 00:23:26.187481|fisco-bcos-0x000076677bca6a00|[TOOL]fetchSystemConfig failed, use default value,code=3008,msg=Entry: feature_dmc2serial does not exists!,key=feature_dmc2serial,defaultValue=0
info|2026-02-07 00:23:26.187707|fisco-bcos-0x000076677bca6a00|[TOOL]fetchSystemConfig failed, use default value,code=3008,msg=Entry: feature_sharding does not exists!,key=feature_sharding,defaultValue=0
info|2026-02-07 00:23:26.187927|fisco-bcos-0x000076677bca6a00|[TOOL]fetchSystemConfig failed, use default value,code=3008,msg=Entry: feature_rpbft does not exists!,key=feature_rpbft,defaultValue=0
info|2026-02-07 00:23:26.188005|fisco-bcos-0x000076677bca6a00|[TOOL]fetchSystemConfig failed, use default value,code=3008,msg=Entry: feature_paillier does not exists!,key=feature_paillier,defaultValue=0
info|2026-02-07 00:23:26.188055|fisco-bcos-0x000076677bca6a00|[TOOL]fetchSystemConfig failed, use default value,code=3008,msg=Entry: feature_balance does not exists!,key=feature_balance,defaultValue=0
info|2026-02-07 00:23:26.188093|fisco-bcos-0x000076677bca6a00|[TOOL]fetchSystemConfig failed, use default value,code=3008,msg=Entry: feature_balance_precompiled does not exists!,key=feature_balance_precompiled,defaultValue=0
info|2026-02-07 00:23:26.188133|fisco-bcos-0x000076677bca6a00|[TOOL]fetchSystemConfig failed, use default value,code=3008,msg=Entry: feature_balance_policy1 does not exists!,key=feature_balance_policy1,defaultValue=0
info|2026-02-07 00:23:26.188197|fisco-bcos-0x000076677bca6a00|[TOOL]fetchSystemConfig failed, use default value,code=3008,msg=Entry: feature_paillier_add_raw does not exists!,key=feature_paillier_add_raw,defaultValue=0
info|2026-02-07 00:23:26.188265|fisco-bcos-0x000076677bca6a00|[TOOL]fetchSystemConfig failed, use default value,code=3008,msg=Entry: feature_evm_cancun does not exists!,key=feature_evm_cancun,defaultValue=0
info|2026-02-07 00:23:26.188355|fisco-bcos-0x000076677bca6a00|[TOOL]fetchConsensusNodeList success,size=4
info|2026-02-07 00:23:26.188529|fisco-bcos-0x000076677bca6a00|[TOOL]fetchObserverNodeList success,size=0
info|2026-02-07 00:23:26.188819|fisco-bcos-0x000076677bca6a00|[TOOL]fetchCandidateSealerList success,size=0
info|2026-02-07 00:23:26.188871|fisco-bcos-0x000076677bca6a00|[TOOL]fetchGenesisHash success,genesisHash=25d20f1c...
info|2026-02-07 00:23:26.188879|fisco-bcos-0x000076677bca6a00|[BLOCK SYNC]fetch the ledger config for block sync module success,number=130,latestHash=285b0eda...,genesisHash=25d20f1c7ba5c73a1e512bbabf583992a464d04d9c35a44e10d8c6c8f07c9983
info|2026-02-07 00:23:26.188934|fisco-bcos-0x000076677bca6a00|[BLOCK SYNC]#### BlockSyncConfig resetConfig,number=130,consNodeSize=4,observerNodeSize=0,type=CONSENSUS_NODE
info|2026-02-07 00:23:26.188955|fisco-bcos-0x000076677bca6a00|[BLOCK SYNC]init block sync success
info|2026-02-07 00:23:26.188977|fisco-bcos-0x000076677bca6a00|[CONSENSUS][PBFT]asyncResetTxPool when startup
info|2026-02-07 00:23:26.189042|fisco-bcos-0x000076677bca6a00|[TXPOOL]asyncResetTxPool,txsSize=0
info|2026-02-07 00:23:26.189054|fisco-bcos-0x000076677bca6a00|[CONSENSUS][PBFT]fetchAndUpdateLedgerConfig
info|2026-02-07 00:23:26.189080|fisco-bcos-0x000076677bca6a00|[TOOL]LedgerConfigFetcher: fetchBlockNumber success,blockNumber=130
info|2026-02-07 00:23:26.189100|fisco-bcos-0x000076677bca6a00|[TOOL]LedgerConfigFetcher: fetchBlockHash success,blockNumber=130,hash=285b0eda...
info|2026-02-07 00:23:26.189107|fisco-bcos-0x000076677bca6a00|[TOOL]fetchCompatibilityVersion
info|2026-02-07 00:23:26.189170|fisco-bcos-0x000076677bca6a00|[TOOL]fetchCompatibilityVersion success,version=3.11.0,versionNumber=51052544,minSupportedVersion=3.0.0-rc4,maxSupportedVersion=3.11.0
info|2026-02-07 00:23:26.189690|fisco-bcos-0x000076677bca6a00|[TOOL]fetchSystemConfig failed, use default value,code=3008,msg=Entry: feature_dmc2serial does not exists!,key=feature_dmc2serial,defaultValue=0
info|2026-02-07 00:23:26.189931|fisco-bcos-0x000076677bca6a00|[TOOL]fetchSystemConfig failed, use default value,code=3008,msg=Entry: feature_sharding does not exists!,key=feature_sharding,defaultValue=0
info|2026-02-07 00:23:26.190187|fisco-bcos-0x000076677bca6a00|[TOOL]fetchSystemConfig failed, use default value,code=3008,msg=Entry: feature_rpbft does not exists!,key=feature_rpbft,defaultValue=0
info|2026-02-07 00:23:26.190556|fisco-bcos-0x000076677bca6a00|[TOOL]fetchSystemConfig failed, use default value,code=3008,msg=Entry: feature_paillier does not exists!,key=feature_paillier,defaultValue=0
info|2026-02-07 00:23:26.190819|fisco-bcos-0x000076677bca6a00|[TOOL]fetchSystemConfig failed, use default value,code=3008,msg=Entry: feature_balance does not exists!,key=feature_balance,defaultValue=0
info|2026-02-07 00:23:26.191054|fisco-bcos-0x000076677bca6a00|[TOOL]fetchSystemConfig failed, use default value,code=3008,msg=Entry: feature_balance_precompiled does not exists!,key=feature_balance_precompiled,defaultValue=0
info|2026-02-07 00:23:26.191190|fisco-bcos-0x000076677bca6a00|[TOOL]fetchSystemConfig failed, use default value,code=3008,msg=Entry: feature_balance_policy1 does not exists!,key=feature_balance_policy1,defaultValue=0
info|2026-02-07 00:23:26.191632|fisco-bcos-0x000076677bca6a00|[TOOL]fetchSystemConfig failed, use default value,code=3008,msg=Entry: feature_paillier_add_raw does not exists!,key=feature_paillier_add_raw,defaultValue=0
info|2026-02-07 00:23:26.191878|fisco-bcos-0x000076677bca6a00|[TOOL]fetchSystemConfig failed, use default value,code=3008,msg=Entry: feature_evm_cancun does not exists!,key=feature_evm_cancun,defaultValue=0
info|2026-02-07 00:23:26.192155|fisco-bcos-0x000076677bca6a00|[TOOL]fetchConsensusNodeList success,size=4
info|2026-02-07 00:23:26.192245|fisco-bcos-0x000076677bca6a00|[TOOL]fetchObserverNodeList success,size=0
info|2026-02-07 00:23:26.192344|fisco-bcos-0x000076677bca6a00|[TOOL]fetchCandidateSealerList success,size=0
info|2026-02-07 00:23:26.192419|fisco-bcos-0x000076677bca6a00|[TOOL]fetchBlockTxCountLimit success,value=1000
info|2026-02-07 00:23:26.192463|fisco-bcos-0x000076677bca6a00|[TOOL]fetchGenesisHash success,genesisHash=25d20f1c...
info|2026-02-07 00:23:26.192516|fisco-bcos-0x000076677bca6a00|[TOOL]fetchConsensusLeaderPeriod success,value=1
info|2026-02-07 00:23:26.192573|fisco-bcos-0x000076677bca6a00|[TOOL]fetchAuthCheckStatus success,value=0
info|2026-02-07 00:23:26.192631|fisco-bcos-0x000076677bca6a00|[TOOL]fetchSystemConfig failed, use default value,code=3008,msg=Entry: feature_rpbft_epoch_sealer_num does not exists!,key=feature_rpbft_epoch_sealer_num,defaultValue=4
info|2026-02-07 00:23:26.192646|fisco-bcos-0x000076677bca6a00|[TOOL]fetchEpochSealerNum success,value=4
info|2026-02-07 00:23:26.192698|fisco-bcos-0x000076677bca6a00|[TOOL]fetchSystemConfig failed, use default value,code=3008,msg=Entry: feature_rpbft_epoch_block_num does not exists!,key=feature_rpbft_epoch_block_num,defaultValue=1000
info|2026-02-07 00:23:26.192708|fisco-bcos-0x000076677bca6a00|[TOOL]fetchEpochBlockNum success,value=1000
info|2026-02-07 00:23:26.192751|fisco-bcos-0x000076677bca6a00|[TOOL]fetchSystemConfig failed, use default value,code=3008,msg=Entry: feature_rpbft_notify_rotate does not exists!,key=feature_rpbft_notify_rotate,defaultValue=0
info|2026-02-07 00:23:26.192760|fisco-bcos-0x000076677bca6a00|[TOOL]fetchNotifyRotateFlagInfo success,value=0
info|2026-02-07 00:23:26.192780|fisco-bcos-0x000076677bca6a00|[CONSENSUS][PBFT]fetchAndUpdateLedgerConfig success,blockNumber=130,hash=285b0eda...,maxTxsPerBlock=1000,consensusNodeList=4
info|2026-02-07 00:23:26.192796|fisco-bcos-0x000076677bca6a00|[CONSENSUS][PBFT][METRIC]resetConfig,committedIndex=130,propHash=285b0eda...,blockCountLimit=1000,leaderPeriod=1,consensusNodesSize=4
info|2026-02-07 00:23:26.193087|fisco-bcos-0x000076677bca6a00|[CONSENSUS][PBFT]PBFTConfig: resetExpectedCheckPoint,committedIndex=130,consNum=131,committedHash=285b0eda...,view=0,toView=0,changeCycle=0,expectedCheckPoint=0,Idx=0,unsealedTxs=0,sealUntil=0,waitResealUntil=0,consensusTimeout=3000,nodeId=5b07d12d...,expectedCheckPoint=0
info|2026-02-07 00:23:26.193169|fisco-bcos-0x000076677bca6a00|[CONSENSUS][Core][METRIC]updateConsensusNodeList,nodeNum=4,nodeIndex=3,committedIndex=130,0d6a7f52...=1,21a47ace...=1,2346c69c...=1,5b07d12d...=1
info|2026-02-07 00:23:26.193194|fisco-bcos-0x000076677bca6a00|[CONSENSUS][PBFT]notifyResetSealing,committedIndex=130,consNum=131,committedHash=285b0eda...,view=0,toView=0,changeCycle=0,expectedCheckPoint=131,Idx=3,unsealedTxs=0,sealUntil=0,waitResealUntil=0,consensusTimeout=3000,nodeId=5b07d12d...
info|2026-02-07 00:23:26.193214|fisco-bcos-0x000076677bca6a00|[CONSENSUS][SEALER]resetSealing,startNum=0,endNum=0,sealingNum=-1,pendingTxs=0,unsealedTxs=0
info|2026-02-07 00:23:26.193269|fisco-bcos-0x000076677bca6a00|[CONSENSUS][SEALER]resetSealingInfo,start=131,end=131,sealingNumber=131,waitUntil=0,unsealedTxs=0
info|2026-02-07 00:23:26.193290|fisco-bcos-0x000076677bca6a00|[CONSENSUS][PBFT]asyncNotifySealProposal success,startIndex=131,endIndex=131,maxTxsToSeal=1000
info|2026-02-07 00:23:26.193301|fisco-bcos-0x000076677bca6a00|[CONSENSUS][SEALER]asyncNotifySealProposal,startIndex=131,endIndex=131,maxTxsPerBlock=1000
info|2026-02-07 00:23:26.193661|fisco-bcos-0x000076677bca6a00|[CONSENSUS][PBFT]notifySealer: notify the new leader to seal block,lockNotifyT=0,idx=3,startIndex=131,endIndex=131,notifyBeginIndex=131,waitSealUntil=0,waitResealUntil=0,maxTxsToSeal=1000,committedIndex=130,consNum=131,committedHash=285b0eda...,view=0,toView=0,changeCycle=0,expectedCheckPoint=131,Idx=3,unsealedTxs=0,sealUntil=0,waitResealUntil=0,consensusTimeout=3000,nodeId=5b07d12d...
info|2026-02-07 00:23:26.193877|fisco-bcos-0x000076677bca6a00|[CONSENSUS][PBFT]reNotifySealer,expectedStart=131,highWaterMark=181,leader=3,committedIndex=130,consNum=131,committedHash=285b0eda...,view=0,toView=0,changeCycle=0,expectedCheckPoint=131,Idx=3,unsealedTxs=0,sealUntil=0,waitResealUntil=0,consensusTimeout=3000,nodeId=5b07d12d...
info|2026-02-07 00:23:26.193908|fisco-bcos-0x000076677bca6a00|[CONSENSUS][PBFT]notifyResetSealing success,committedIndex=130,consNum=131,committedHash=285b0eda...,view=0,toView=0,changeCycle=0,expectedCheckPoint=131,Idx=3,unsealedTxs=0,sealUntil=0,waitResealUntil=0,consensusTimeout=3000,nodeId=5b07d12d...
info|2026-02-07 00:23:26.194191|fisco-bcos-0x000076677bca6a00|[CONSENSUS][PBFT][METRIC]^^^^^^^^Report,committedIndex=130,consNum=131,committedHash=285b0eda...,view=0,toView=0,changeCycle=0,expectedCheckPoint=131,Idx=3,unsealedTxs=0,sealUntil=0,waitResealUntil=0,consensusTimeout=3000,nodeId=5b07d12d...
info|2026-02-07 00:23:26.194287|fisco-bcos-0x000076677bca6a00|[CONSENSUS][PBFT]updateValidatorConfig,consensusNodeListUpdated=true,observerNodeListUpdated=false,consensusNodeSize=4,observerNodeSize=0
info|2026-02-07 00:23:26.194327|fisco-bcos-0x000076677bca6a00|[CONSENSUS][SEALER]asyncNoteLatestBlockNumber,number=130
info|2026-02-07 00:23:26.194349|fisco-bcos-0x000076677bca6a00|[CONSENSUS][SEALER]asyncNoteLatestBlockHash,_hash=285b0eda...
info|2026-02-07 00:23:26.194362|fisco-bcos-0x000076677bca6a00|[CONSENSUS][PBFT]init PBFT success
info|2026-02-07 00:23:26.199781|fisco-bcos-0x000076677bca6a00|[FRONTSERVICE]registerModuleMessageDispatcher for the consensus module success
info|2026-02-07 00:23:26.199913|fisco-bcos-0x000076677bca6a00|[FRONTSERVICE]registerModuleMessageDispatcher for the txsSync module success
info|2026-02-07 00:23:26.199937|fisco-bcos-0x000076677bca6a00|[FRONTSERVICE]registerModuleMessageDispatcher for the BlockSync module success
info|2026-02-07 00:23:26.199958|fisco-bcos-0x000076677bca6a00|[FRONTSERVICE]registerGroupNodeInfoNotification success
info|2026-02-07 00:23:26.200451|fisco-bcos-0x000076677bca6a00|[RPC][initConfig]rpc work in disable ssl model,listenIP=0.0.0.0,listenPort=20203,threadCount=4,asServer=true
info|2026-02-07 00:23:26.200521|fisco-bcos-0x000076677bca6a00|[DEFAULT][WS][SERVICE],[NEWOBJ][WsService]=0x76677b2e5710
info|2026-02-07 00:23:26.200667|fisco-bcos-0x000076677bca6a00|[DEFAULT][WS][INITIALIZER][initWsService]start websocket service as server
info|2026-02-07 00:23:26.200728|fisco-bcos-0x000076677bca6a00|[DEFAULT][HTTP][SERVER][buildHttpServer],listenIP=0.0.0.0,listenPort=20203
info|2026-02-07 00:23:26.200748|fisco-bcos-0x000076677bca6a00|[DEFAULT][WS][INITIALIZER][initWsService]initializer for websocket service,listenIP=0.0.0.0,listenPort=20203,disableSsl=true,server=true,client=false,maxMsgSize=33554432,msgTimeOut=-1,connected peers=0
info|2026-02-07 00:23:26.201282|fisco-bcos-0x000076677bca6a00|[RPC][JSONRPC][initMethod],method=getLogs
info|2026-02-07 00:23:26.201351|fisco-bcos-0x000076677bca6a00|[RPC][JSONRPC][initMethod],method=getSystemConfigByKey
info|2026-02-07 00:23:26.201377|fisco-bcos-0x000076677bca6a00|[RPC][JSONRPC][initMethod],method=getPeers
info|2026-02-07 00:23:26.201397|fisco-bcos-0x000076677bca6a00|[RPC][JSONRPC][initMethod],method=getNodeListByType
info|2026-02-07 00:23:26.201415|fisco-bcos-0x000076677bca6a00|[RPC][JSONRPC][initMethod],method=getObserverList
info|2026-02-07 00:23:26.201432|fisco-bcos-0x000076677bca6a00|[RPC][JSONRPC][initMethod],method=getBlockHashByNumber
info|2026-02-07 00:23:26.201448|fisco-bcos-0x000076677bca6a00|[RPC][JSONRPC][initMethod],method=getBlockNumber
info|2026-02-07 00:23:26.201466|fisco-bcos-0x000076677bca6a00|[RPC][JSONRPC][initMethod],method=getSealerList
info|2026-02-07 00:23:26.201482|fisco-bcos-0x000076677bca6a00|[RPC][JSONRPC][initMethod],method=getTransactionReceipt
info|2026-02-07 00:23:26.201499|fisco-bcos-0x000076677bca6a00|[RPC][JSONRPC][initMethod],method=sendTransaction
info|2026-02-07 00:23:26.201515|fisco-bcos-0x000076677bca6a00|[RPC][JSONRPC][initMethod],method=call
info|2026-02-07 00:23:26.201532|fisco-bcos-0x000076677bca6a00|[RPC][JSONRPC][initMethod],method=getABI
info|2026-02-07 00:23:26.201550|fisco-bcos-0x000076677bca6a00|[RPC][JSONRPC][initMethod],method=newBlockFilter
info|2026-02-07 00:23:26.201569|fisco-bcos-0x000076677bca6a00|[RPC][JSONRPC][initMethod],method=getCode
info|2026-02-07 00:23:26.201608|fisco-bcos-0x000076677bca6a00|[RPC][JSONRPC][initMethod],method=uninstallFilter
info|2026-02-07 00:23:26.201628|fisco-bcos-0x000076677bca6a00|[RPC][JSONRPC][initMethod],method=getPendingTxSize
info|2026-02-07 00:23:26.201647|fisco-bcos-0x000076677bca6a00|[RPC][JSONRPC][initMethod],method=getSyncStatus
info|2026-02-07 00:23:26.201676|fisco-bcos-0x000076677bca6a00|[RPC][JSONRPC][initMethod],method=getTransaction
info|2026-02-07 00:23:26.201696|fisco-bcos-0x000076677bca6a00|[RPC][JSONRPC][initMethod],method=getConsensusStatus
info|2026-02-07 00:23:26.201741|fisco-bcos-0x000076677bca6a00|[RPC][JSONRPC][initMethod],method=getGroupPeers
info|2026-02-07 00:23:26.201765|fisco-bcos-0x000076677bca6a00|[RPC][JSONRPC][initMethod],method=newFilter
info|2026-02-07 00:23:26.201785|fisco-bcos-0x000076677bca6a00|[RPC][JSONRPC][initMethod],method=getGroupList
info|2026-02-07 00:23:26.201805|fisco-bcos-0x000076677bca6a00|[RPC][JSONRPC][initMethod],method=getBlockByHash
info|2026-02-07 00:23:26.201837|fisco-bcos-0x000076677bca6a00|[RPC][JSONRPC][initMethod],method=getPbftView
info|2026-02-07 00:23:26.201857|fisco-bcos-0x000076677bca6a00|[RPC][JSONRPC][initMethod],method=newPendingTransactionFilter
info|2026-02-07 00:23:26.201877|fisco-bcos-0x000076677bca6a00|[RPC][JSONRPC][initMethod],method=getFilterLogs
info|2026-02-07 00:23:26.201896|fisco-bcos-0x000076677bca6a00|[RPC][JSONRPC][initMethod],method=getFilterChanges
info|2026-02-07 00:23:26.201916|fisco-bcos-0x000076677bca6a00|[RPC][JSONRPC][initMethod],method=getGroupInfoList
info|2026-02-07 00:23:26.201935|fisco-bcos-0x000076677bca6a00|[RPC][JSONRPC][initMethod],method=getBlockByNumber
info|2026-02-07 00:23:26.201955|fisco-bcos-0x000076677bca6a00|[RPC][JSONRPC][initMethod],method=getTotalTransactionCount
info|2026-02-07 00:23:26.201979|fisco-bcos-0x000076677bca6a00|[RPC][JSONRPC][initMethod],method=getGroupInfo
info|2026-02-07 00:23:26.201999|fisco-bcos-0x000076677bca6a00|[RPC][JSONRPC][initMethod],method=getGroupNodeInfo
info|2026-02-07 00:23:26.202018|fisco-bcos-0x000076677bca6a00|[RPC][JSONRPC][initMethod],size=32
info|2026-02-07 00:23:26.202052|fisco-bcos-0x000076677bca6a00|[RPC]create event sub obj
info|2026-02-07 00:23:26.202081|fisco-bcos-0x000076677bca6a00|[RPC][initWeb3RpcServiceConfig],listenIP=0.0.0.0,listenPort=8545,threadCount=8,asServer=true
info|2026-02-07 00:23:26.202111|fisco-bcos-0x000076677bca6a00|[DEFAULT][WS][SERVICE],[NEWOBJ][WsService]=0x76677b2e5e10
info|2026-02-07 00:23:26.202200|fisco-bcos-0x000076677bca6a00|[DEFAULT][WS][INITIALIZER][initWsService]start websocket service as server
info|2026-02-07 00:23:26.202264|fisco-bcos-0x000076677bca6a00|[DEFAULT][HTTP][SERVER][buildHttpServer],listenIP=0.0.0.0,listenPort=8545
info|2026-02-07 00:23:26.202293|fisco-bcos-0x000076677bca6a00|[DEFAULT][WS][INITIALIZER][initWsService]initializer for websocket service,listenIP=0.0.0.0,listenPort=8545,disableSsl=true,server=true,client=false,maxMsgSize=33554432,msgTimeOut=-1,connected peers=0
info|2026-02-07 00:23:26.202594|fisco-bcos-0x000076677bca6a00|[RPC][WEB3][initHandler],method=net_listening
info|2026-02-07 00:23:26.202651|fisco-bcos-0x000076677bca6a00|[RPC][WEB3][initHandler],method=eth_uninstallFilter
info|2026-02-07 00:23:26.202677|fisco-bcos-0x000076677bca6a00|[RPC][WEB3][initHandler],method=eth_newPendingTransactionFilter
info|2026-02-07 00:23:26.202699|fisco-bcos-0x000076677bca6a00|[RPC][WEB3][initHandler],method=eth_newBlockFilter
info|2026-02-07 00:23:26.202725|fisco-bcos-0x000076677bca6a00|[RPC][WEB3][initHandler],method=eth_newFilter
info|2026-02-07 00:23:26.202744|fisco-bcos-0x000076677bca6a00|[RPC][WEB3][initHandler],method=eth_getUncleByBlockNumberAndIndex
info|2026-02-07 00:23:26.202764|fisco-bcos-0x000076677bca6a00|[RPC][WEB3][initHandler],method=web3_clientVersion
info|2026-02-07 00:23:26.202784|fisco-bcos-0x000076677bca6a00|[RPC][WEB3][initHandler],method=eth_getBlockTransactionCountByHash
info|2026-02-07 00:23:26.202803|fisco-bcos-0x000076677bca6a00|[RPC][WEB3][initHandler],method=eth_getTransactionByBlockHashAndIndex
info|2026-02-07 00:23:26.202893|fisco-bcos-0x000076677bca6a00|[RPC][WEB3][initHandler],method=eth_getFilterLogs
info|2026-02-07 00:23:26.202924|fisco-bcos-0x000076677bca6a00|[RPC][WEB3][initHandler],method=eth_accounts
info|2026-02-07 00:23:26.202950|fisco-bcos-0x000076677bca6a00|[RPC][WEB3][initHandler],method=eth_chainId
info|2026-02-07 00:23:26.202975|fisco-bcos-0x000076677bca6a00|[RPC][WEB3][initHandler],method=eth_getLogs
info|2026-02-07 00:23:26.203000|fisco-bcos-0x000076677bca6a00|[RPC][WEB3][initHandler],method=eth_getBlockByHash
info|2026-02-07 00:23:26.203020|fisco-bcos-0x000076677bca6a00|[RPC][WEB3][initHandler],method=eth_gasPrice
info|2026-02-07 00:23:26.203038|fisco-bcos-0x000076677bca6a00|[RPC][WEB3][initHandler],method=net_peerCount
info|2026-02-07 00:23:26.203058|fisco-bcos-0x000076677bca6a00|[RPC][WEB3][initHandler],method=eth_coinbase
info|2026-02-07 00:23:26.203077|fisco-bcos-0x000076677bca6a00|[RPC][WEB3][initHandler],method=eth_hashrate
info|2026-02-07 00:23:26.203096|fisco-bcos-0x000076677bca6a00|[RPC][WEB3][initHandler],method=eth_getTransactionCount
info|2026-02-07 00:23:26.203120|fisco-bcos-0x000076677bca6a00|[RPC][WEB3][initHandler],method=web3_sha3
info|2026-02-07 00:23:26.203141|fisco-bcos-0x000076677bca6a00|[RPC][WEB3][initHandler],method=eth_getStorageAt
info|2026-02-07 00:23:26.203160|fisco-bcos-0x000076677bca6a00|[RPC][WEB3][initHandler],method=eth_sign
info|2026-02-07 00:23:26.203179|fisco-bcos-0x000076677bca6a00|[RPC][WEB3][initHandler],method=eth_getTransactionReceipt
info|2026-02-07 00:23:26.203198|fisco-bcos-0x000076677bca6a00|[RPC][WEB3][initHandler],method=eth_mining
info|2026-02-07 00:23:26.203217|fisco-bcos-0x000076677bca6a00|[RPC][WEB3][initHandler],method=eth_estimateGas
info|2026-02-07 00:23:26.203238|fisco-bcos-0x000076677bca6a00|[RPC][WEB3][initHandler],method=eth_syncing
info|2026-02-07 00:23:26.203258|fisco-bcos-0x000076677bca6a00|[RPC][WEB3][initHandler],method=net_version
info|2026-02-07 00:23:26.203325|fisco-bcos-0x000076677bca6a00|[RPC][WEB3][initHandler],method=eth_sendTransaction
info|2026-02-07 00:23:26.203352|fisco-bcos-0x000076677bca6a00|[RPC][WEB3][initHandler],method=eth_signTransaction
info|2026-02-07 00:23:26.203377|fisco-bcos-0x000076677bca6a00|[RPC][WEB3][initHandler],method=eth_protocolVersion
info|2026-02-07 00:23:26.203397|fisco-bcos-0x000076677bca6a00|[RPC][WEB3][initHandler],method=eth_getBlockTransactionCountByNumber
info|2026-02-07 00:23:26.203418|fisco-bcos-0x000076677bca6a00|[RPC][WEB3][initHandler],method=eth_getUncleCountByBlockHash
info|2026-02-07 00:23:26.203437|fisco-bcos-0x000076677bca6a00|[RPC][WEB3][initHandler],method=eth_getUncleCountByBlockNumber
info|2026-02-07 00:23:26.203456|fisco-bcos-0x000076677bca6a00|[RPC][WEB3][initHandler],method=eth_getCode
info|2026-02-07 00:23:26.203475|fisco-bcos-0x000076677bca6a00|[RPC][WEB3][initHandler],method=eth_getBlockByNumber
info|2026-02-07 00:23:26.203494|fisco-bcos-0x000076677bca6a00|[RPC][WEB3][initHandler],method=eth_getFilterChanges
info|2026-02-07 00:23:26.203512|fisco-bcos-0x000076677bca6a00|[RPC][WEB3][initHandler],method=eth_sendRawTransaction
info|2026-02-07 00:23:26.203531|fisco-bcos-0x000076677bca6a00|[RPC][WEB3][initHandler],method=eth_blockNumber
info|2026-02-07 00:23:26.203551|fisco-bcos-0x000076677bca6a00|[RPC][WEB3][initHandler],method=eth_call
info|2026-02-07 00:23:26.203573|fisco-bcos-0x000076677bca6a00|[RPC][WEB3][initHandler],method=eth_getBalance
info|2026-02-07 00:23:26.203593|fisco-bcos-0x000076677bca6a00|[RPC][WEB3][initHandler],method=eth_getTransactionByHash
info|2026-02-07 00:23:26.203612|fisco-bcos-0x000076677bca6a00|[RPC][WEB3][initHandler],method=eth_getUncleByBlockHashAndIndex
info|2026-02-07 00:23:26.203631|fisco-bcos-0x000076677bca6a00|[RPC][WEB3][initHandler],method=eth_getTransactionByBlockNumberAndIndex
info|2026-02-07 00:23:26.203651|fisco-bcos-0x000076677bca6a00|[RPC][WEB3][initHandler],size=43
info|2026-02-07 00:23:26.203692|fisco-bcos-0x000076677bca6a00|[GROUP]initNodeInfo,group=group0,nodeName=localNode
info|2026-02-07 00:23:26.203862|fisco-bcos-0x000076677bca6a00|[GROUP]initNodeInfo success,group=group0,nodeName=localNode,number=130
info|2026-02-07 00:23:26.203960|fisco-bcos-0x000076677bca6a00|[INITIALIZER][METRIC],binaryVersion=3.11.0,buildTime=20240827 04:30:34,buildType=Release,platform=Linux/g++,gitBranch=HEAD,commitHash=3fea676716990b2ed453b4f079915daafff451f9
info|2026-02-07 00:23:26.204071|fisco-bcos-0x000076677bca6a00|[INITIALIZER]Start the txpool
info|2026-02-07 00:23:26.204107|fisco-bcos-0x000076677bca6a00|[TXPOOL]Start the txpool.
info|2026-02-07 00:23:26.204122|fisco-bcos-0x000076677bca6a00|[BLOCK SYNC]enableAsMaster:true
info|2026-02-07 00:23:26.204147|fisco-bcos-0x000076677bca6a00|[Gateway][Router]insertNode,groupID=group0,minVersion=0,maxVersion=2,nodeID=5b07d12d1512a66493c8fd3456d8c505e6ce05f20061613a4c48a1fa3755bbf9cc2d2f1878c4a6733389f03deb0a3fc0c672e2f4910fde9802d6675929cb3dc5,nodeType=CONSENSUS_NODE
info|2026-02-07 00:23:26.204168|fisco-bcos-0x000076677bca6a00|[INITIALIZER]registerNode,group=group0,node=5b07d12d1512a66493c8fd3456d8c505e6ce05f20061613a4c48a1fa3755bbf9cc2d2f1878c4a6733389f03deb0a3fc0c672e2f4910fde9802d6675929cb3dc5,type=CONSENSUS_NODE
info|2026-02-07 00:23:26.204194|fisco-bcos-0x000076677bca6a00|[BLOCK SYNC]start fetch the ledger config for block sync module
info|2026-02-07 00:23:26.204227|fisco-bcos-0x000076677bca6a00|[TOOL]LedgerConfigFetcher: fetchBlockNumber success,blockNumber=130
info|2026-02-07 00:23:26.204261|fisco-bcos-0x000076677bca6a00|[TOOL]LedgerConfigFetcher: fetchBlockHash success,blockNumber=130,hash=285b0eda...
info|2026-02-07 00:23:26.204282|fisco-bcos-0x000076677bca6a00|[TOOL]fetchCompatibilityVersion
info|2026-02-07 00:23:26.204350|fisco-bcos-0x000076677bca6a00|[TOOL]fetchCompatibilityVersion success,version=3.11.0,versionNumber=51052544,minSupportedVersion=3.0.0-rc4,maxSupportedVersion=3.11.0
info|2026-02-07 00:23:26.204771|fisco-bcos-0x000076677bca6a00|[TOOL]fetchSystemConfig failed, use default value,code=3008,msg=Entry: feature_dmc2serial does not exists!,key=feature_dmc2serial,defaultValue=0
info|2026-02-07 00:23:26.204809|fisco-bcos-0x000076677bca6a00|[TOOL]fetchSystemConfig failed, use default value,code=3008,msg=Entry: feature_sharding does not exists!,key=feature_sharding,defaultValue=0
info|2026-02-07 00:23:26.204840|fisco-bcos-0x000076677bca6a00|[TOOL]fetchSystemConfig failed, use default value,code=3008,msg=Entry: feature_rpbft does not exists!,key=feature_rpbft,defaultValue=0
info|2026-02-07 00:23:26.204869|fisco-bcos-0x000076677bca6a00|[TOOL]fetchSystemConfig failed, use default value,code=3008,msg=Entry: feature_paillier does not exists!,key=feature_paillier,defaultValue=0
info|2026-02-07 00:23:26.204899|fisco-bcos-0x000076677bca6a00|[TOOL]fetchSystemConfig failed, use default value,code=3008,msg=Entry: feature_balance does not exists!,key=feature_balance,defaultValue=0
info|2026-02-07 00:23:26.204928|fisco-bcos-0x000076677bca6a00|[TOOL]fetchSystemConfig failed, use default value,code=3008,msg=Entry: feature_balance_precompiled does not exists!,key=feature_balance_precompiled,defaultValue=0
info|2026-02-07 00:23:26.204957|fisco-bcos-0x000076677bca6a00|[TOOL]fetchSystemConfig failed, use default value,code=3008,msg=Entry: feature_balance_policy1 does not exists!,key=feature_balance_policy1,defaultValue=0
info|2026-02-07 00:23:26.204986|fisco-bcos-0x000076677bca6a00|[TOOL]fetchSystemConfig failed, use default value,code=3008,msg=Entry: feature_paillier_add_raw does not exists!,key=feature_paillier_add_raw,defaultValue=0
info|2026-02-07 00:23:26.205091|fisco-bcos-0x000076677bca6a00|[TOOL]fetchSystemConfig failed, use default value,code=3008,msg=Entry: feature_evm_cancun does not exists!,key=feature_evm_cancun,defaultValue=0
info|2026-02-07 00:23:26.205162|fisco-bcos-0x000076677bca6a00|[TOOL]fetchConsensusNodeList success,size=4
info|2026-02-07 00:23:26.205217|fisco-bcos-0x000076677bca6a00|[TOOL]fetchObserverNodeList success,size=0
info|2026-02-07 00:23:26.205266|fisco-bcos-0x000076677bca6a00|[TOOL]fetchCandidateSealerList success,size=0
info|2026-02-07 00:23:26.205312|fisco-bcos-0x000076677bca6a00|[TOOL]fetchGenesisHash success,genesisHash=25d20f1c...
info|2026-02-07 00:23:26.205436|fisco-bcos-0x000076677bca6a00|[BLOCK SYNC]fetch the ledger config for block sync module success,number=130,latestHash=285b0eda...,genesisHash=25d20f1c7ba5c73a1e512bbabf583992a464d04d9c35a44e10d8c6c8f07c9983
info|2026-02-07 00:23:26.205465|fisco-bcos-0x000076677bca6a00|[BLOCK SYNC]init block sync success
info|2026-02-07 00:23:26.205487|fisco-bcos-0x000076677bca6a00|[CONSENSUS][PBFT]enableAsMasterNode: clearAllCache for the node switch into backup node
info|2026-02-07 00:23:26.205504|fisco-bcos-0x000076677bca6a00|[CONSENSUS][PBFT]enableAsMasterNode: true
info|2026-02-07 00:23:26.205524|fisco-bcos-0x000076677bca6a00|[INITIALIZER]Election versionInfoNotification success,version=51052544
info|2026-02-07 00:23:26.205538|fisco-bcos-0x000076677bca6a00|[CONSENSUS][PBFT]enableAsMasterNode: init and start the consensus module
info|2026-02-07 00:23:26.205552|fisco-bcos-0x000076677bca6a00|[CONSENSUS][PBFT]asyncResetTxPool when startup
info|2026-02-07 00:23:26.205617|fisco-bcos-0x000076677bca6a00|[TXPOOL]asyncResetTxPool,txsSize=0
info|2026-02-07 00:23:26.205632|fisco-bcos-0x000076677bca6a00|[CONSENSUS][PBFT]fetchAndUpdateLedgerConfig
info|2026-02-07 00:23:26.205674|fisco-bcos-0x000076677bca6a00|[TOOL]LedgerConfigFetcher: fetchBlockNumber success,blockNumber=130
info|2026-02-07 00:23:26.205704|fisco-bcos-0x000076677bca6a00|[TOOL]LedgerConfigFetcher: fetchBlockHash success,blockNumber=130,hash=285b0eda...
info|2026-02-07 00:23:26.205879|fisco-bcos-0x000076677bca6a00|[TOOL]fetchCompatibilityVersion
info|2026-02-07 00:23:26.205977|fisco-bcos-0x000076677bca6a00|[TOOL]fetchCompatibilityVersion success,version=3.11.0,versionNumber=51052544,minSupportedVersion=3.0.0-rc4,maxSupportedVersion=3.11.0
info|2026-02-07 00:23:26.206421|fisco-bcos-0x000076677bca6a00|[TOOL]fetchSystemConfig failed, use default value,code=3008,msg=Entry: feature_dmc2serial does not exists!,key=feature_dmc2serial,defaultValue=0
info|2026-02-07 00:23:26.206461|fisco-bcos-0x000076677bca6a00|[TOOL]fetchSystemConfig failed, use default value,code=3008,msg=Entry: feature_sharding does not exists!,key=feature_sharding,defaultValue=0
info|2026-02-07 00:23:26.206492|fisco-bcos-0x000076677bca6a00|[TOOL]fetchSystemConfig failed, use default value,code=3008,msg=Entry: feature_rpbft does not exists!,key=feature_rpbft,defaultValue=0
info|2026-02-07 00:23:26.206521|fisco-bcos-0x000076677bca6a00|[TOOL]fetchSystemConfig failed, use default value,code=3008,msg=Entry: feature_paillier does not exists!,key=feature_paillier,defaultValue=0
info|2026-02-07 00:23:26.206551|fisco-bcos-0x000076677bca6a00|[TOOL]fetchSystemConfig failed, use default value,code=3008,msg=Entry: feature_balance does not exists!,key=feature_balance,defaultValue=0
info|2026-02-07 00:23:26.206582|fisco-bcos-0x000076677bca6a00|[TOOL]fetchSystemConfig failed, use default value,code=3008,msg=Entry: feature_balance_precompiled does not exists!,key=feature_balance_precompiled,defaultValue=0
info|2026-02-07 00:23:26.206611|fisco-bcos-0x000076677bca6a00|[TOOL]fetchSystemConfig failed, use default value,code=3008,msg=Entry: feature_balance_policy1 does not exists!,key=feature_balance_policy1,defaultValue=0
info|2026-02-07 00:23:26.206640|fisco-bcos-0x000076677bca6a00|[TOOL]fetchSystemConfig failed, use default value,code=3008,msg=Entry: feature_paillier_add_raw does not exists!,key=feature_paillier_add_raw,defaultValue=0
info|2026-02-07 00:23:26.206670|fisco-bcos-0x000076677bca6a00|[TOOL]fetchSystemConfig failed, use default value,code=3008,msg=Entry: feature_evm_cancun does not exists!,key=feature_evm_cancun,defaultValue=0
info|2026-02-07 00:23:26.206722|fisco-bcos-0x000076677bca6a00|[TOOL]fetchConsensusNodeList success,size=4
info|2026-02-07 00:23:26.206756|fisco-bcos-0x000076677bca6a00|[TOOL]fetchObserverNodeList success,size=0
info|2026-02-07 00:23:26.206787|fisco-bcos-0x000076677bca6a00|[TOOL]fetchCandidateSealerList success,size=0
info|2026-02-07 00:23:26.206822|fisco-bcos-0x000076677bca6a00|[TOOL]fetchBlockTxCountLimit success,value=1000
info|2026-02-07 00:23:26.206864|fisco-bcos-0x000076677bca6a00|[TOOL]fetchGenesisHash success,genesisHash=25d20f1c...
info|2026-02-07 00:23:26.206899|fisco-bcos-0x000076677bca6a00|[TOOL]fetchConsensusLeaderPeriod success,value=1
info|2026-02-07 00:23:26.206931|fisco-bcos-0x000076677bca6a00|[TOOL]fetchAuthCheckStatus success,value=0
info|2026-02-07 00:23:26.206965|fisco-bcos-0x000076677bca6a00|[TOOL]fetchSystemConfig failed, use default value,code=3008,msg=Entry: feature_rpbft_epoch_sealer_num does not exists!,key=feature_rpbft_epoch_sealer_num,defaultValue=4
info|2026-02-07 00:23:26.206980|fisco-bcos-0x000076677bca6a00|[TOOL]fetchEpochSealerNum success,value=4
info|2026-02-07 00:23:26.207009|fisco-bcos-0x000076677bca6a00|[TOOL]fetchSystemConfig failed, use default value,code=3008,msg=Entry: feature_rpbft_epoch_block_num does not exists!,key=feature_rpbft_epoch_block_num,defaultValue=1000
info|2026-02-07 00:23:26.207024|fisco-bcos-0x000076677bca6a00|[TOOL]fetchEpochBlockNum success,value=1000
info|2026-02-07 00:23:26.207053|fisco-bcos-0x000076677bca6a00|[TOOL]fetchSystemConfig failed, use default value,code=3008,msg=Entry: feature_rpbft_notify_rotate does not exists!,key=feature_rpbft_notify_rotate,defaultValue=0
info|2026-02-07 00:23:26.207070|fisco-bcos-0x000076677bca6a00|[TOOL]fetchNotifyRotateFlagInfo success,value=0
info|2026-02-07 00:23:26.207084|fisco-bcos-0x000076677bca6a00|[CONSENSUS][PBFT]fetchAndUpdateLedgerConfig success,blockNumber=130,hash=285b0eda...,maxTxsPerBlock=1000,consensusNodeList=4
info|2026-02-07 00:23:26.207102|fisco-bcos-0x000076677bca6a00|[CONSENSUS][PBFT]init PBFT success
info|2026-02-07 00:23:26.207115|fisco-bcos-0x000076677bca6a00|[CONSENSUS][PBFT]fetch PBFT state
info|2026-02-07 00:23:26.207173|fisco-bcos-0x000076677bca6a00|[CONSENSUS][PBFT][STORAGE]asyncGetLatestCommittedProposalIndex,latestCommittedProposalIndex=130
info|2026-02-07 00:23:26.207191|fisco-bcos-0x000076677bca6a00|[CONSENSUS][PBFT][STORAGE]no need to fetch committed proposal,maxCommittedProposal=130,stableCheckPoint=130
info|2026-02-07 00:23:26.207214|fisco-bcos-0x000076677bca6a00|[CONSENSUS][PBFT]restart the consensus module
info|2026-02-07 00:23:26.207233|fisco-bcos-0x000076677bca6a00|[INITIALIZER]Election versionInfoNotification success,version=51052544
info|2026-02-07 00:23:26.207266|fisco-bcos-0x000076677bca6a00|[CONSENSUS][PBFT]notify the committed proposal index to the sync module success,index=130
info|2026-02-07 00:23:26.207488|fisco-bcos-0x000076677bca6a00|[CONSENSUS][PBFT]broadcastViewChangeReq,reqHash=285b0eda...,reqIndex=130,reqV=1,fromIdx=3,wait(ms)=0,packetSize=162
info|2026-02-07 00:23:26.207528|fisco-bcos-0x000076677bca6a00|[CONSENSUS][PBFT]addViewChangeReq,reqHash=285b0eda...,reqIndex=130,reqV=1,fromIdx=3,wait(ms)=0,weight=1,maxCommittedIndex=130,maxPrecommitIndex=0 preparedProposalInfo: ,committedIndex=130,consNum=131,committedHash=285b0eda...,view=0,toView=1,changeCycle=0,expectedCheckPoint=131,Idx=3,unsealedTxs=0,sealUntil=0,waitResealUntil=0,consensusTimeout=3000,nodeId=5b07d12d...
info|2026-02-07 00:23:26.207563|fisco-bcos-0x000076677bca6a00|[CONSENSUS][SEALER]start the sealer
info|2026-02-07 00:23:26.208762|fisco-bcos-0x000076677bca6a00|[BLOCK SYNC]Start BlockSync
info|2026-02-07 00:23:26.208828|fisco-bcos-0x000076677bca6a00|[CONSENSUS][Core]Start the consensusEngine
info|2026-02-07 00:23:26.209544|fisco-bcos-0x000076677bca6a00|[CONSENSUS][PBFT]notify the committed proposal index to the sync module success,index=130
info|2026-02-07 00:23:26.209896|fisco-bcos-0x000076677bca6a00|[CONSENSUS][PBFT]broadcastViewChangeReq,reqHash=285b0eda...,reqIndex=130,reqV=2,fromIdx=3,wait(ms)=0,packetSize=162
info|2026-02-07 00:23:26.210004|fisco-bcos-0x000076677bca6a00|[CONSENSUS][PBFT]addViewChangeReq,reqHash=285b0eda...,reqIndex=130,reqV=2,fromIdx=3,wait(ms)=1,weight=1,maxCommittedIndex=130,maxPrecommitIndex=0 preparedProposalInfo: ,committedIndex=130,consNum=131,committedHash=285b0eda...,view=0,toView=2,changeCycle=0,expectedCheckPoint=131,Idx=3,unsealedTxs=0,sealUntil=0,waitResealUntil=0,consensusTimeout=3000,nodeId=5b07d12d...
info|2026-02-07 00:23:26.210059|fisco-bcos-0x000076677bca6a00|[CONSENSUS][PBFT]Start the PBFT module.
info|2026-02-07 00:23:26.210074|fisco-bcos-0x000076677bca6a00|[FRONTSERVICE]Start the front service
info|2026-02-07 00:23:26.210092|fisco-bcos-0x000076677bca6a00|[FrontService][start]asyncGetGroupNodeInfo callback,node size=1
info|2026-02-07 00:23:26.210107|fisco-bcos-0x000076677bca6a00|[FrontService]protocolNegotiate success,nodeID=5b07d12d1512a66493c8fd3456d8c505e6ce05f20061613a4c48a1fa3755bbf9cc2d2f1878c4a6733389f03deb0a3fc0c672e2f4910fde9802d6675929cb3dc5,groupID=group0,minVersion=0,maxVersion=2,supportedMinVersion=0,supportedMaxVersion=2,version=2
info|2026-02-07 00:23:26.210122|fisco-bcos-0x000076677bca6a00|[FrontService]onReceiveGroupNodeInfo,groupID=group0,nodeIDs.size()=1
info|2026-02-07 00:23:26.210371|fisco-bcos-0x000076674f3fb6c0|SyncConfig: setConnectedNodeList,size=1
info|2026-02-07 00:23:26.210472|fisco-bcos-0x000076674f3fb6c0|SyncConfig: setConnectedNodeList,size=1
info|2026-02-07 00:23:26.210482|fisco-bcos-0x000076674f3fb6c0|[FRONTSERVICE]notifyGroupNodeInfo,connectedNodeSize=1
info|2026-02-07 00:23:26.210840|fisco-bcos-0x000076677bca6a00|[FrontService]start,nodeID=5b07d12d1512a66493c8fd3456d8c505e6ce05f20061613a4c48a1fa3755bbf9cc2d2f1878c4a6733389f03deb0a3fc0c672e2f4910fde9802d6675929cb3dc5,groupID=group0
info|2026-02-07 00:23:26.210863|fisco-bcos-0x000076677bca6a00|[FrontService]register module,count=13
info|2026-02-07 00:23:26.210872|fisco-bcos-0x000076677bca6a00|[FrontService]register module,moduleID=4005
info|2026-02-07 00:23:26.210878|fisco-bcos-0x000076677bca6a00|[FrontService]register module,moduleID=4006
info|2026-02-07 00:23:26.210887|fisco-bcos-0x000076677bca6a00|[FrontService]register module,moduleID=4001
info|2026-02-07 00:23:26.210893|fisco-bcos-0x000076677bca6a00|[FrontService]register module,moduleID=4000
info|2026-02-07 00:23:26.210897|fisco-bcos-0x000076677bca6a00|[FrontService]register module,moduleID=6000
info|2026-02-07 00:23:26.210901|fisco-bcos-0x000076677bca6a00|[FrontService]register module,moduleID=5000
info|2026-02-07 00:23:26.210905|fisco-bcos-0x000076677bca6a00|[FrontService]register module,moduleID=4002
info|2026-02-07 00:23:26.210909|fisco-bcos-0x000076677bca6a00|[FrontService]register module,moduleID=2000
info|2026-02-07 00:23:26.210914|fisco-bcos-0x000076677bca6a00|[FrontService]register module,moduleID=4004
info|2026-02-07 00:23:26.210917|fisco-bcos-0x000076677bca6a00|[FrontService]register module,moduleID=2002
info|2026-02-07 00:23:26.210921|fisco-bcos-0x000076677bca6a00|[FrontService]register module,moduleID=4003
info|2026-02-07 00:23:26.210931|fisco-bcos-0x000076677bca6a00|[FrontService]register module,moduleID=2001
info|2026-02-07 00:23:26.210941|fisco-bcos-0x000076677bca6a00|[FrontService]register module,moduleID=1000
info|2026-02-07 00:23:26.211146|fisco-bcos-0x00007667523c26c0|[TIMESYNC]updateTimeInfo: update median time offset,updatedMedianTimeOffset=0,peer=5b07d12d...,peerTime=1770395006208,peerOffset=-3,utcTime=1770395006211
info|2026-02-07 00:23:26.211556|fisco-bcos-0x000076677bca6a00|[NETWORK][Host]P2P StartAccept,Host=0.0.0.0:30303
info|2026-02-07 00:23:26.215090|fisco-bcos-0x000076677bca6a00|[NETWORK][Host]Connecting to node,endpoint=127.0.0.1:30300
info|2026-02-07 00:23:26.215475|fisco-bcos-0x000076677bca6a00|[NETWORK][Host]Connecting to node,endpoint=127.0.0.1:30301
info|2026-02-07 00:23:26.215586|fisco-bcos-0x000076677bca6a00|[NETWORK][Host]Connecting to node,endpoint=127.0.0.1:30302
info|2026-02-07 00:23:26.215670|fisco-bcos-0x000076677bca6a00|[NETWORK][Host]Connecting to node,endpoint=127.0.0.1:30303
info|2026-02-07 00:23:26.215752|fisco-bcos-0x000076677bca6a00|[P2PService][Service][METRIC]heartBeat,connected count=0
info|2026-02-07 00:23:26.215838|fisco-bcos-0x000076677bca6a00|[Gateway][Gateway]start end.
info|2026-02-07 00:23:26.216116|fisco-bcos-0x000076677bca6a00|[EVENT][SUB][start]start event sub successfully
info|2026-02-07 00:23:26.216242|fisco-bcos-0x000076677bca6a00|[startThread]start the timer thread
info|2026-02-07 00:23:26.221993|timerFactory-0x00007667361ff6c0|[startThread]the timer thread start,threadName=timerFactory
info|2026-02-07 00:23:26.222209|fisco-bcos-0x000076677bca6a00|[DEFAULT][HTTP][SERVER][startListen],listenIP=0.0.0.0,listenPort=20203
info|2026-02-07 00:23:26.222400|fisco-bcos-0x000076677bca6a00|[DEFAULT][HTTP][SERVER][startListen],ip=0.0.0.0,port=20203
info|2026-02-07 00:23:26.222497|fisco-bcos-0x000076677bca6a00|[RPC][WS][SERVICE]connected nodes,count=0
info|2026-02-07 00:23:26.222606|fisco-bcos-0x000076677bca6a00|[RPC][WS][SERVICE][start]start websocket service successfully,model=16,max msg size=33554432
info|2026-02-07 00:23:26.222633|fisco-bcos-0x000076677bca6a00|[startThread]start the timer thread
info|2026-02-07 00:23:26.227489|timerFactory-0x0000766724dff6c0|[startThread]the timer thread start,threadName=timerFactory
info|2026-02-07 00:23:26.230452|ioService-0x0000766741dff6c0|[ASIO][ASIO]asyncResolveConnect,endpoint=127.0.0.1:30300
info|2026-02-07 00:23:26.230648|ioService-0x00007667415fe6c0|[NETWORK][Host]P2P Recv Connect, From=127.0.0.1:39320
info|2026-02-07 00:23:26.230926|ioService-0x00007667415fe6c0|[NETWORK][Host]P2P StartAccept,Host=0.0.0.0:30303
info|2026-02-07 00:23:26.232783|ioService-0x0000766741dff6c0|[ASIO][ASIO]asyncResolveConnect,endpoint=127.0.0.1:30301
info|2026-02-07 00:23:26.232977|ioService-0x0000766741dff6c0|[ASIO][ASIO]asyncResolveConnect,endpoint=127.0.0.1:30302
info|2026-02-07 00:23:26.233091|ioService-0x0000766741dff6c0|[ASIO][ASIO]asyncResolveConnect,endpoint=127.0.0.1:30303
info|2026-02-07 00:23:26.233136|ioService-0x00007667405fc6c0|[Gateway][Factory][NEW]SSLContext pubHex: 3082010a0282010100a9ba081864ed1c68f5b81b4fa31a3cb4c81583e0e7c5eec4d7249ecd7d2c8f901393580ca25747abc4e01775b9ff41392cf15074a577cc078f4b07f3152faa0dfe540c63b8de93fbc3afe02564592e274c9c1a76bb0cc8c4692d9404f8e0b7b5440bd66d6e70c33a6d35aca5767a88332fd7853571427789bb25413b734abc293a58791b28aece40a8f74238c2f8b0d32bbbb5f020cfd72ad86d4fb6f1904605a5f43f0f58ed4c826346ad1b71ddac3a15040d6cd21f31f9044b82e690f91329d956b39005f4ab421029ebe499a3fe7179586deded25784665d8949c4db5defd0cbbaf2f27221f3d59e7314f4374086dceea8903a6aedc17d8ca5c7ec4b03fef0203010001
info|2026-02-07 00:23:26.233158|ioService-0x00007667405fc6c0|[NETWORK][Host]Get ca basic failed
info|2026-02-07 00:23:26.233146|ioService-0x00007667415fe6c0|[NETWORK][Host]P2P Recv Connect, From=127.0.0.1:39324
info|2026-02-07 00:23:26.233229|ioService-0x00007667415fe6c0|[NETWORK][Host]P2P StartAccept,Host=0.0.0.0:30303
info|2026-02-07 00:23:26.233257|ioService-0x00007667405fc6c0|[Gateway][Factory][NEW]SSLContext pubHex: 3082010a0282010100a492268b412bea3e8f972dff0dc52c521cd06884f53d90f3889c7014f7cb635c38a07b81af9630f2b04238a726b029af6b4b924e132710d2894b7175f12a5e323a7119afd27786b01965d49b9c885ff3768f40b9d57817bc1305124f40ced3b1ac99666773a3a64cce079e95acbc31d42f416aad362594008547aae561213b022db32ed9d1bd67df5c020bc44dcc073982b4566fd04048555b1ea84279063d5b1047e9f42776ef03677d2dd1454433fdb3feced3f41b92efdfeda545d56c1c9ba349584c9095f3ad9e31c2db11cbe3007ee7817f5846f87eb01c296d81b36dbbc765b4c7af74aface1276dd4fd91963729e495694b6af5c0d6111c49115a2c3f0203010001
info|2026-02-07 00:23:26.233268|ioService-0x00007667405fc6c0|[Gateway][Factory][NEW]SSLContext pubHex: A492268B412BEA3E8F972DFF0DC52C521CD06884F53D90F3889C7014F7CB635C38A07B81AF9630F2B04238A726B029AF6B4B924E132710D2894B7175F12A5E323A7119AFD27786B01965D49B9C885FF3768F40B9D57817BC1305124F40CED3B1AC99666773A3A64CCE079E95ACBC31D42F416AAD362594008547AAE561213B022DB32ED9D1BD67DF5C020BC44DCC073982B4566FD04048555B1EA84279063D5B1047E9F42776EF03677D2DD1454433FDB3FECED3F41B92EFDFEDA545D56C1C9BA349584C9095F3AD9E31C2DB11CBE3007EE7817F5846F87EB01C296D81B36DBBC765B4C7AF74AFACE1276DD4FD91963729E495694B6AF5C0D6111C49115A2C3F
info|2026-02-07 00:23:26.235359|fisco-bcos-0x000076677bca6a00|[DEFAULT][HTTP][SERVER][startListen],listenIP=0.0.0.0,listenPort=8545
info|2026-02-07 00:23:26.235508|fisco-bcos-0x000076677bca6a00|[DEFAULT][HTTP][SERVER][startListen],ip=0.0.0.0,port=8545
info|2026-02-07 00:23:26.235542|fisco-bcos-0x000076677bca6a00|[RPC][WS][SERVICE]connected nodes,count=0
info|2026-02-07 00:23:26.235547|fisco-bcos-0x000076677bca6a00|[RPC][WS][SERVICE][start]start websocket service successfully,model=16,max msg size=33554432
info|2026-02-07 00:23:26.235554|fisco-bcos-0x000076677bca6a00|[RPC]start rpc successfully
info|2026-02-07 00:23:26.236188|ioService-0x000076673f5fa6c0|[Gateway][Factory][NEW]SSLContext pubHex: 3082010a0282010100a9ba081864ed1c68f5b81b4fa31a3cb4c81583e0e7c5eec4d7249ecd7d2c8f901393580ca25747abc4e01775b9ff41392cf15074a577cc078f4b07f3152faa0dfe540c63b8de93fbc3afe02564592e274c9c1a76bb0cc8c4692d9404f8e0b7b5440bd66d6e70c33a6d35aca5767a88332fd7853571427789bb25413b734abc293a58791b28aece40a8f74238c2f8b0d32bbbb5f020cfd72ad86d4fb6f1904605a5f43f0f58ed4c826346ad1b71ddac3a15040d6cd21f31f9044b82e690f91329d956b39005f4ab421029ebe499a3fe7179586deded25784665d8949c4db5defd0cbbaf2f27221f3d59e7314f4374086dceea8903a6aedc17d8ca5c7ec4b03fef0203010001
info|2026-02-07 00:23:26.236219|ioService-0x000076673f5fa6c0|[NETWORK][Host]Get ca basic failed
info|2026-02-07 00:23:26.236303|ioService-0x000076673f5fa6c0|[Gateway][Factory][NEW]SSLContext pubHex: 3082010a02820101009d9833c7e1dbf7d476b1fd7227e247b488323cbd272862d096a4010035236b7d36e2aede87e4f36adfd2e2e44f2945e9a4170901f5865f04cb779a1c1e1fc2f3e56fc6ea80a2665d5da60fce851ccd94bb60aced8e256a551ebb6edcf78febb8eb8bbb3c4fab73bacd5675925d72c787a8d8e179c70b24c484ae98ea7cc956a196c0c8266073d549963e44bfee479261b4c7a5497320d8a89de71743baf1516450118e57b4b07227de0429adf0d02305ad79d40958f48b3c7d6802814fc5c25be7c54c85463c993254d08401e1c7c1cc5586b265a1616617cc2ba7f29e928ff792e4ff33ada9b1bb7ee5a43130da18ba109a9e2186dfa6c2dc1d823e9066e1590203010001
info|2026-02-07 00:23:26.236357|ioService-0x000076673f5fa6c0|[Gateway][Factory][NEW]SSLContext pubHex: 9D9833C7E1DBF7D476B1FD7227E247B488323CBD272862D096A4010035236B7D36E2AEDE87E4F36ADFD2E2E44F2945E9A4170901F5865F04CB779A1C1E1FC2F3E56FC6EA80A2665D5DA60FCE851CCD94BB60ACED8E256A551EBB6EDCF78FEBB8EB8BBB3C4FAB73BACD5675925D72C787A8D8E179C70B24C484AE98EA7CC956A196C0C8266073D549963E44BFEE479261B4C7A5497320D8A89DE71743BAF1516450118E57B4B07227DE0429ADF0D02305AD79D40958F48B3C7D6802814FC5C25BE7C54C85463C993254D08401E1C7C1CC5586B265A1616617CC2BA7F29E928FF792E4FF33ADA9B1BB7EE5A43130DA18BA109A9E2186DFA6C2DC1D823E9066E159
info|2026-02-07 00:23:26.236801|ioService-0x00007667405fc6c0|[NETWORK][Host]obtainP2pInfo ,node_info=3082010a0282010100a492268b412bea3e8f972dff0dc52c521cd06884f53d90f3889c7014f7cb635c38a07b81af9630f2b04238a726b029af6b4b924e132710d2894b7175f12a5e323a7119afd27786b01965d49b9c885ff3768f40b9d57817bc1305124f40ced3b1ac99666773a3a64cce079e95acbc31d42f416aad362594008547aae561213b022db32ed9d1bd67df5c020bc44dcc073982b4566fd04048555b1ea84279063d5b1047e9f42776ef03677d2dd1454433fdb3feced3f41b92efdfeda545d56c1c9ba349584c9095f3ad9e31c2db11cbe3007ee7817f5846f87eb01c296d81b36dbbc765b4c7af74aface1276dd4fd91963729e495694b6af5c0d6111c49115a2c3f0203010001#A492268B412BEA3E8F972DFF0DC52C521CD06884F53D90F3889C7014F7CB635C38A07B81AF9630F2B04238A726B029AF6B4B924E132710D2894B7175F12A5E323A7119AFD27786B01965D49B9C885FF3768F40B9D57817BC1305124F40CED3B1AC99666773A3A64CCE079E95ACBC31D42F416AAD362594008547AAE561213B022DB32ED9D1BD67DF5C020BC44DCC073982B4566FD04048555B1EA84279063D5B1047E9F42776EF03677D2DD1454433FDB3FECED3F41B92EFDFEDA545D56C1C9BA349584C9095F3AD9E31C2DB11CBE3007EE7817F5846F87EB01C296D81B36DBBC765B4C7AF74AFACE1276DD4FD91963729E495694B6AF5C0D6111C49115A2C3F#/CN=FISCO-BCOS-e9f43089/O=FISCO-BCOS-e9f43089/OU=chain#/CN=FISCO-BCOS-e9f43089/O=fisco-bcos/OU=agency,p2pid=3082010a0282010100a492268b412bea3e8f972dff0dc52c521cd06884f53d90f3889c7014f7cb635c38a07b81af9630f2b04238a726b029af6b4b924e132710d2894b7175f12a5e323a7119afd27786b01965d49b9c885ff3768f40b9d57817bc1305124f40ced3b1ac99666773a3a64cce079e95acbc31d42f416aad362594008547aae561213b022db32ed9d1bd67df5c020bc44dcc073982b4566fd04048555b1ea84279063d5b1047e9f42776ef03677d2dd1454433fdb3feced3f41b92efdfeda545d56c1c9ba349584c9095f3ad9e31c2db11cbe3007ee7817f5846f87eb01c296d81b36dbbc765b4c7af74aface1276dd4fd91963729e495694b6af5c0d6111c49115a2c3f0203010001
info|2026-02-07 00:23:26.236842|ioService-0x00007667405fc6c0|[NETWORK][Host]handshakeClient succ,local endpoint=127.0.0.1:51164
info|2026-02-07 00:23:26.237119|ioService-0x000076673fdfb6c0|[Gateway][Factory][NEW]SSLContext pubHex: 3082010a0282010100a9ba081864ed1c68f5b81b4fa31a3cb4c81583e0e7c5eec4d7249ecd7d2c8f901393580ca25747abc4e01775b9ff41392cf15074a577cc078f4b07f3152faa0dfe540c63b8de93fbc3afe02564592e274c9c1a76bb0cc8c4692d9404f8e0b7b5440bd66d6e70c33a6d35aca5767a88332fd7853571427789bb25413b734abc293a58791b28aece40a8f74238c2f8b0d32bbbb5f020cfd72ad86d4fb6f1904605a5f43f0f58ed4c826346ad1b71ddac3a15040d6cd21f31f9044b82e690f91329d956b39005f4ab421029ebe499a3fe7179586deded25784665d8949c4db5defd0cbbaf2f27221f3d59e7314f4374086dceea8903a6aedc17d8ca5c7ec4b03fef0203010001
info|2026-02-07 00:23:26.237141|ioService-0x000076673fdfb6c0|[NETWORK][Host]Get ca basic failed
info|2026-02-07 00:23:26.237189|ioService-0x000076673fdfb6c0|[Gateway][Factory][NEW]SSLContext pubHex: 3082010a0282010100d938a7d0e5078fdc3bfe83bfe8c789160de4c9e207ff836ef8d64a0c846f5f628646fe9170bec49eec44aebb3f17334e76b1003dae65d6858a626d60a3ff3dbbff8cf15ca934ca0f7a09b9ae6c17c911bb2f6083cab81540e00a8d9b9393a3341b90dd134f4a2ec21f1d8c55c2df687896873a36661a862226614582077d41811bcb3e6632cbf1767f6189b76054e8186606ee5a2c73bffe1bd6c8fc415f481324f015045231d662173b6f7e814068dffd598ce9a6f4630744bb0aa80f9f74403f4c3da3ca856b40d043885cc1e7beac524853fafb01fb61c3023ab04047e29d50a5d4cd612fc9ae90e7832fde7d1dea0804dc16fff17500517be0bf5d28f4ab0203010001
info|2026-02-07 00:23:26.237193|ioService-0x000076673fdfb6c0|[Gateway][Factory][NEW]SSLContext pubHex: D938A7D0E5078FDC3BFE83BFE8C789160DE4C9E207FF836EF8D64A0C846F5F628646FE9170BEC49EEC44AEBB3F17334E76B1003DAE65D6858A626D60A3FF3DBBFF8CF15CA934CA0F7A09B9AE6C17C911BB2F6083CAB81540E00A8D9B9393A3341B90DD134F4A2EC21F1D8C55C2DF687896873A36661A862226614582077D41811BCB3E6632CBF1767F6189B76054E8186606EE5A2C73BFFE1BD6C8FC415F481324F015045231D662173B6F7E814068DFFD598CE9A6F4630744BB0AA80F9F74403F4C3DA3CA856B40D043885CC1E7BEAC524853FAFB01FB61C3023AB04047E29D50A5D4CD612FC9AE90E7832FDE7D1DEA0804DC16FFF17500517BE0BF5D28F4AB
info|2026-02-07 00:23:26.237577|ioService-0x00007667405fc6c0|[SESSION][Session][Session::Session] this=0x766725488390,recvBufferSize=67108864
info|2026-02-07 00:23:26.237753|ioService-0x00007667405fc6c0|[SessionFactory]create new session,sessionRecvBufferSize=67108864,allowMaxMsgSize=33554432,maxReadDataSize=40960,maxSendDataSize=1048576,maxSendMsgCountS=10,enableCompress=true
info|2026-02-07 00:23:26.237993|ioService-0x00007667405fc6c0|[NETWORK][Host]startPeerSession, Remote=127.0.0.1:30300,local endpoint=127.0.0.1:51164,p2pid=3082010a0282010100a492268b412bea3e8f972dff0dc52c521cd06884f53d90f3889c7014f7cb635c38a07b81af9630f2b04238a726b029af6b4b924e132710d2894b7175f12a5e323a7119afd27786b01965d49b9c885ff3768f40b9d57817bc1305124f40ced3b1ac99666773a3a64cce079e95acbc31d42f416aad362594008547aae561213b022db32ed9d1bd67df5c020bc44dcc073982b4566fd04048555b1ea84279063d5b1047e9f42776ef03677d2dd1454433fdb3feced3f41b92efdfeda545d56c1c9ba349584c9095f3ad9e31c2db11cbe3007ee7817f5846f87eb01c296d81b36dbbc765b4c7af74aface1276dd4fd91963729e495694b6af5c0d6111c49115a2c3f0203010001
info|2026-02-07 00:23:26.238102|fisco-bcos-0x000076674effa6c0|[P2PService][Service]onConnect,p2pid=3082010a0282010100a492268b412bea3e8f972dff0dc52c521cd06884f53d90f3889c7014f7cb635c38a07b81af9630f2b04238a726b029af6b4b924e132710d2894b7175f12a5e323a7119afd27786b01965d49b9c885ff3768f40b9d57817bc1305124f40ced3b1ac99666773a3a64cce079e95acbc31d42f416aad362594008547aae561213b022db32ed9d1bd67df5c020bc44dcc073982b4566fd04048555b1ea84279063d5b1047e9f42776ef03677d2dd1454433fdb3feced3f41b92efdfeda545d56c1c9ba349584c9095f3ad9e31c2db11cbe3007ee7817f5846f87eb01c296d81b36dbbc765b4c7af74aface1276dd4fd91963729e495694b6af5c0d6111c49115a2c3f0203010001,endpoint=127.0.0.1
info|2026-02-07 00:23:26.238177|fisco-bcos-0x000076674effa6c0|[P2PService][P2PSession][P2PSession::P2PSession] this=0x76674d6131d0
info|2026-02-07 00:23:26.238218|fisco-bcos-0x000076674effa6c0|[SESSION][Session][start] start session ,this=0x766725488390
info|2026-02-07 00:23:26.238365|fisco-bcos-0x000076674effa6c0|[P2PService][Service]asyncSendProtocol,payload=5,seq=5
info|2026-02-07 00:23:26.238390|fisco-bcos-0x000076674effa6c0|[P2PService][Service]updateStaticNodes,nodeid=3082010a0282010100a492268b412bea3e8f972dff0dc52c521cd06884f53d90f3889c7014f7cb635c38a07b81af9630f2b04238a726b029af6b4b924e132710d2894b7175f12a5e323a7119afd27786b01965d49b9c885ff3768f40b9d57817bc1305124f40ced3b1ac99666773a3a64cce079e95acbc31d42f416aad362594008547aae561213b022db32ed9d1bd67df5c020bc44dcc073982b4566fd04048555b1ea84279063d5b1047e9f42776ef03677d2dd1454433fdb3feced3f41b92efdfeda545d56c1c9ba349584c9095f3ad9e31c2db11cbe3007ee7817f5846f87eb01c296d81b36dbbc765b4c7af74aface1276dd4fd91963729e495694b6af5c0d6111c49115a2c3f0203010001,endpoint=127.0.0.1:30300
info|2026-02-07 00:23:26.238398|fisco-bcos-0x000076674effa6c0|[P2PService][Router][updateDstNodeEntry]insert new entry into the routerTable,distance=1,dst=3082010a0282010100a492268b412bea3e8f972dff0dc52c521cd06884f53d90f3889c7014f7cb635c38a07b81af9630f2b04238a726b029af6b4b924e132710d2894b7175f12a5e323a7119afd27786b01965d49b9c885ff3768f40b9d57817bc1305124f40ced3b1ac99666773a3a64cce079e95acbc31d42f416aad362594008547aae561213b022db32ed9d1bd67df5c020bc44dcc073982b4566fd04048555b1ea84279063d5b1047e9f42776ef03677d2dd1454433fdb3feced3f41b92efdfeda545d56c1c9ba349584c9095f3ad9e31c2db11cbe3007ee7817f5846f87eb01c296d81b36dbbc765b4c7af74aface1276dd4fd91963729e495694b6af5c0d6111c49115a2c3f0203010001,nextHop=,size=1
info|2026-02-07 00:23:26.238543|fisco-bcos-0x000076674effa6c0|[P2PService][Service2][onNewSession]update routerTable,dst=3082010a0282010100a492268b412bea3e8f972dff0dc52c521cd06884f53d90f3889c7014f7cb635c38a07b81af9630f2b04238a726b029af6b4b924e132710d2894b7175f12a5e323a7119afd27786b01965d49b9c885ff3768f40b9d57817bc1305124f40ced3b1ac99666773a3a64cce079e95acbc31d42f416aad362594008547aae561213b022db32ed9d1bd67df5c020bc44dcc073982b4566fd04048555b1ea84279063d5b1047e9f42776ef03677d2dd1454433fdb3feced3f41b92efdfeda545d56c1c9ba349584c9095f3ad9e31c2db11cbe3007ee7817f5846f87eb01c296d81b36dbbc765b4c7af74aface1276dd4fd91963729e495694b6af5c0d6111c49115a2c3f0203010001
info|2026-02-07 00:23:26.238548|fisco-bcos-0x000076674effa6c0|[P2PService][Service]Connection established,p2pid=3082010a0282010100a492268b412bea3e8f972dff0dc52c521cd06884f53d90f3889c7014f7cb635c38a07b81af9630f2b04238a726b029af6b4b924e132710d2894b7175f12a5e323a7119afd27786b01965d49b9c885ff3768f40b9d57817bc1305124f40ced3b1ac99666773a3a64cce079e95acbc31d42f416aad362594008547aae561213b022db32ed9d1bd67df5c020bc44dcc073982b4566fd04048555b1ea84279063d5b1047e9f42776ef03677d2dd1454433fdb3feced3f41b92efdfeda545d56c1c9ba349584c9095f3ad9e31c2db11cbe3007ee7817f5846f87eb01c296d81b36dbbc765b4c7af74aface1276dd4fd91963729e495694b6af5c0d6111c49115a2c3f0203010001,endpoint=127.0.0.1:30300
info|2026-02-07 00:23:26.238708|fisco-bcos-0x000076674f3fb6c0|[P2PService][Service]onReceiveProtocol: protocolNegotiate success,peer=3082010a0282010100a492268b412bea3e8f972dff0dc52c521cd06884f53d90f3889c7014f7cb635c38a07b81af9630f2b04238a726b029af6b4b924e132710d2894b7175f12a5e323a7119afd27786b01965d49b9c885ff3768f40b9d57817bc1305124f40ced3b1ac99666773a3a64cce079e95acbc31d42f416aad362594008547aae561213b022db32ed9d1bd67df5c020bc44dcc073982b4566fd04048555b1ea84279063d5b1047e9f42776ef03677d2dd1454433fdb3feced3f41b92efdfeda545d56c1c9ba349584c9095f3ad9e31c2db11cbe3007ee7817f5846f87eb01c296d81b36dbbc765b4c7af74aface1276dd4fd91963729e495694b6af5c0d6111c49115a2c3f0203010001,minVersion=0,maxVersion=2,supportMinVersion=0,supportMaxVersion=2,negotiatedVersion=2
info|2026-02-07 00:23:26.238957|ioService-0x000076673edf96c0|[Gateway][Factory][NEW]SSLContext pubHex: 3082010a0282010100a9ba081864ed1c68f5b81b4fa31a3cb4c81583e0e7c5eec4d7249ecd7d2c8f901393580ca25747abc4e01775b9ff41392cf15074a577cc078f4b07f3152faa0dfe540c63b8de93fbc3afe02564592e274c9c1a76bb0cc8c4692d9404f8e0b7b5440bd66d6e70c33a6d35aca5767a88332fd7853571427789bb25413b734abc293a58791b28aece40a8f74238c2f8b0d32bbbb5f020cfd72ad86d4fb6f1904605a5f43f0f58ed4c826346ad1b71ddac3a15040d6cd21f31f9044b82e690f91329d956b39005f4ab421029ebe499a3fe7179586deded25784665d8949c4db5defd0cbbaf2f27221f3d59e7314f4374086dceea8903a6aedc17d8ca5c7ec4b03fef0203010001
info|2026-02-07 00:23:26.239006|ioService-0x000076673edf96c0|[NETWORK][Host]Get ca basic failed
info|2026-02-07 00:23:26.238880|fisco-bcos-0x000076674a9ff6c0|[P2PService][Service2][onReceiveRouterSeq]receive router seq and request router table,peer=3082010a0282010100a492268b412bea3e8f972dff0dc52c521cd06884f53d90f3889c7014f7cb635c38a07b81af9630f2b04238a726b029af6b4b924e132710d2894b7175f12a5e323a7119afd27786b01965d49b9c885ff3768f40b9d57817bc1305124f40ced3b1ac99666773a3a64cce079e95acbc31d42f416aad362594008547aae561213b022db32ed9d1bd67df5c020bc44dcc073982b4566fd04048555b1ea84279063d5b1047e9f42776ef03677d2dd1454433fdb3feced3f41b92efdfeda545d56c1c9ba349584c9095f3ad9e31c2db11cbe3007ee7817f5846f87eb01c296d81b36dbbc765b4c7af74aface1276dd4fd91963729e495694b6af5c0d6111c49115a2c3f0203010001,seq=6
info|2026-02-07 00:23:26.239085|ioService-0x000076673edf96c0|[Gateway][Factory][NEW]SSLContext pubHex: 3082010a0282010100b85dd5fdfbc4aa99dcef8477a2e1c08c304a63432923826f81b3d0d7d13e79a6ec265462b2f59e76106f8bad7efb849227798aaf7c20a2197e9a95a8ffbbc07f5ccb44d04e995013b9afd04bb77fb7dbfa0f13bd2d404980eae43fc147332e1542ee2d2e973596187bb8ad4dc63b0165052688b1f7fc4a2a8ccb020a55db8ee7b9a45bb901b1c03d94727648a8ec10bfbc854175981345d56f4c783b0211d91f0775e508d8b379b56935777d255f59b63fadc24b43862671f5cbe0d00fcfff7138124c8293f91740a0e0732346eeee748a42f65ddb81da461fce3e76ea6ff452913b80eb5b1dba016f7d4d94f66337cc6bea7a066b8277637aef12c2eba11da10203010001
info|2026-02-07 00:23:26.239093|ioService-0x000076673edf96c0|[Gateway][Factory][NEW]SSLContext pubHex: B85DD5FDFBC4AA99DCEF8477A2E1C08C304A63432923826F81B3D0D7D13E79A6EC265462B2F59E76106F8BAD7EFB849227798AAF7C20A2197E9A95A8FFBBC07F5CCB44D04E995013B9AFD04BB77FB7DBFA0F13BD2D404980EAE43FC147332E1542EE2D2E973596187BB8AD4DC63B0165052688B1F7FC4A2A8CCB020A55DB8EE7B9A45BB901B1C03D94727648A8EC10BFBC854175981345D56F4C783B0211D91F0775E508D8B379B56935777D255F59B63FADC24B43862671F5CBE0D00FCFFF7138124C8293F91740A0E0732346EEEE748A42F65DDB81DA461FCE3E76EA6FF452913B80EB5B1DBA016F7D4D94F66337CC6BEA7A066B8277637AEF12C2EBA11DA1
info|2026-02-07 00:23:26.239197|ioService-0x000076673fdfb6c0|[NETWORK][Host]obtainP2pInfo ,node_info=3082010a0282010100d938a7d0e5078fdc3bfe83bfe8c789160de4c9e207ff836ef8d64a0c846f5f628646fe9170bec49eec44aebb3f17334e76b1003dae65d6858a626d60a3ff3dbbff8cf15ca934ca0f7a09b9ae6c17c911bb2f6083cab81540e00a8d9b9393a3341b90dd134f4a2ec21f1d8c55c2df687896873a36661a862226614582077d41811bcb3e6632cbf1767f6189b76054e8186606ee5a2c73bffe1bd6c8fc415f481324f015045231d662173b6f7e814068dffd598ce9a6f4630744bb0aa80f9f74403f4c3da3ca856b40d043885cc1e7beac524853fafb01fb61c3023ab04047e29d50a5d4cd612fc9ae90e7832fde7d1dea0804dc16fff17500517be0bf5d28f4ab0203010001#D938A7D0E5078FDC3BFE83BFE8C789160DE4C9E207FF836EF8D64A0C846F5F628646FE9170BEC49EEC44AEBB3F17334E76B1003DAE65D6858A626D60A3FF3DBBFF8CF15CA934CA0F7A09B9AE6C17C911BB2F6083CAB81540E00A8D9B9393A3341B90DD134F4A2EC21F1D8C55C2DF687896873A36661A862226614582077D41811BCB3E6632CBF1767F6189B76054E8186606EE5A2C73BFFE1BD6C8FC415F481324F015045231D662173B6F7E814068DFFD598CE9A6F4630744BB0AA80F9F74403F4C3DA3CA856B40D043885CC1E7BEAC524853FAFB01FB61C3023AB04047E29D50A5D4CD612FC9AE90E7832FDE7D1DEA0804DC16FFF17500517BE0BF5D28F4AB#/CN=FISCO-BCOS-e9f43089/O=FISCO-BCOS-e9f43089/OU=chain#/CN=FISCO-BCOS-e9f43089/O=fisco-bcos/OU=agency,p2pid=3082010a0282010100d938a7d0e5078fdc3bfe83bfe8c789160de4c9e207ff836ef8d64a0c846f5f628646fe9170bec49eec44aebb3f17334e76b1003dae65d6858a626d60a3ff3dbbff8cf15ca934ca0f7a09b9ae6c17c911bb2f6083cab81540e00a8d9b9393a3341b90dd134f4a2ec21f1d8c55c2df687896873a36661a862226614582077d41811bcb3e6632cbf1767f6189b76054e8186606ee5a2c73bffe1bd6c8fc415f481324f015045231d662173b6f7e814068dffd598ce9a6f4630744bb0aa80f9f74403f4c3da3ca856b40d043885cc1e7beac524853fafb01fb61c3023ab04047e29d50a5d4cd612fc9ae90e7832fde7d1dea0804dc16fff17500517be0bf5d28f4ab0203010001
info|2026-02-07 00:23:26.239245|ioService-0x000076673fdfb6c0|[NETWORK][Host]handshakeClient succ,local endpoint=127.0.0.1:39228
info|2026-02-07 00:23:26.239654|ioService-0x000076673fdfb6c0|[SESSION][Session][Session::Session] this=0x7667338881d0,recvBufferSize=67108864
info|2026-02-07 00:23:26.239803|ioService-0x000076673fdfb6c0|[SessionFactory]create new session,sessionRecvBufferSize=67108864,allowMaxMsgSize=33554432,maxReadDataSize=40960,maxSendDataSize=1048576,maxSendMsgCountS=10,enableCompress=true
info|2026-02-07 00:23:26.239894|ioService-0x000076673fdfb6c0|[NETWORK][Host]startPeerSession, Remote=127.0.0.1:30301,local endpoint=127.0.0.1:39228,p2pid=3082010a0282010100d938a7d0e5078fdc3bfe83bfe8c789160de4c9e207ff836ef8d64a0c846f5f628646fe9170bec49eec44aebb3f17334e76b1003dae65d6858a626d60a3ff3dbbff8cf15ca934ca0f7a09b9ae6c17c911bb2f6083cab81540e00a8d9b9393a3341b90dd134f4a2ec21f1d8c55c2df687896873a36661a862226614582077d41811bcb3e6632cbf1767f6189b76054e8186606ee5a2c73bffe1bd6c8fc415f481324f015045231d662173b6f7e814068dffd598ce9a6f4630744bb0aa80f9f74403f4c3da3ca856b40d043885cc1e7beac524853fafb01fb61c3023ab04047e29d50a5d4cd612fc9ae90e7832fde7d1dea0804dc16fff17500517be0bf5d28f4ab0203010001
info|2026-02-07 00:23:26.239945|ioService-0x000076673f5fa6c0|[NETWORK][Host]obtainP2pInfo ,node_info=3082010a02820101009d9833c7e1dbf7d476b1fd7227e247b488323cbd272862d096a4010035236b7d36e2aede87e4f36adfd2e2e44f2945e9a4170901f5865f04cb779a1c1e1fc2f3e56fc6ea80a2665d5da60fce851ccd94bb60aced8e256a551ebb6edcf78febb8eb8bbb3c4fab73bacd5675925d72c787a8d8e179c70b24c484ae98ea7cc956a196c0c8266073d549963e44bfee479261b4c7a5497320d8a89de71743baf1516450118e57b4b07227de0429adf0d02305ad79d40958f48b3c7d6802814fc5c25be7c54c85463c993254d08401e1c7c1cc5586b265a1616617cc2ba7f29e928ff792e4ff33ada9b1bb7ee5a43130da18ba109a9e2186dfa6c2dc1d823e9066e1590203010001#9D9833C7E1DBF7D476B1FD7227E247B488323CBD272862D096A4010035236B7D36E2AEDE87E4F36ADFD2E2E44F2945E9A4170901F5865F04CB779A1C1E1FC2F3E56FC6EA80A2665D5DA60FCE851CCD94BB60ACED8E256A551EBB6EDCF78FEBB8EB8BBB3C4FAB73BACD5675925D72C787A8D8E179C70B24C484AE98EA7CC956A196C0C8266073D549963E44BFEE479261B4C7A5497320D8A89DE71743BAF1516450118E57B4B07227DE0429ADF0D02305AD79D40958F48B3C7D6802814FC5C25BE7C54C85463C993254D08401E1C7C1CC5586B265A1616617CC2BA7F29E928FF792E4FF33ADA9B1BB7EE5A43130DA18BA109A9E2186DFA6C2DC1D823E9066E159#/CN=FISCO-BCOS-e9f43089/O=FISCO-BCOS-e9f43089/OU=chain#/CN=FISCO-BCOS-e9f43089/O=fisco-bcos/OU=agency,p2pid=3082010a02820101009d9833c7e1dbf7d476b1fd7227e247b488323cbd272862d096a4010035236b7d36e2aede87e4f36adfd2e2e44f2945e9a4170901f5865f04cb779a1c1e1fc2f3e56fc6ea80a2665d5da60fce851ccd94bb60aced8e256a551ebb6edcf78febb8eb8bbb3c4fab73bacd5675925d72c787a8d8e179c70b24c484ae98ea7cc956a196c0c8266073d549963e44bfee479261b4c7a5497320d8a89de71743baf1516450118e57b4b07227de0429adf0d02305ad79d40958f48b3c7d6802814fc5c25be7c54c85463c993254d08401e1c7c1cc5586b265a1616617cc2ba7f29e928ff792e4ff33ada9b1bb7ee5a43130da18ba109a9e2186dfa6c2dc1d823e9066e1590203010001
info|2026-02-07 00:23:26.239953|ioService-0x000076673f5fa6c0|[NETWORK][Host]handshakeClient succ,local endpoint=127.0.0.1:42966
info|2026-02-07 00:23:26.240057|fisco-bcos-0x000076674c3fe6c0|[P2PService][Service]onConnect,p2pid=3082010a0282010100d938a7d0e5078fdc3bfe83bfe8c789160de4c9e207ff836ef8d64a0c846f5f628646fe9170bec49eec44aebb3f17334e76b1003dae65d6858a626d60a3ff3dbbff8cf15ca934ca0f7a09b9ae6c17c911bb2f6083cab81540e00a8d9b9393a3341b90dd134f4a2ec21f1d8c55c2df687896873a36661a862226614582077d41811bcb3e6632cbf1767f6189b76054e8186606ee5a2c73bffe1bd6c8fc415f481324f015045231d662173b6f7e814068dffd598ce9a6f4630744bb0aa80f9f74403f4c3da3ca856b40d043885cc1e7beac524853fafb01fb61c3023ab04047e29d50a5d4cd612fc9ae90e7832fde7d1dea0804dc16fff17500517be0bf5d28f4ab0203010001,endpoint=127.0.0.1
info|2026-02-07 00:23:26.240117|fisco-bcos-0x000076674c3fe6c0|[P2PService][P2PSession][P2PSession::P2PSession] this=0x76674b6141d0
info|2026-02-07 00:23:26.240142|fisco-bcos-0x000076674c3fe6c0|[SESSION][Session][start] start session ,this=0x7667338881d0
info|2026-02-07 00:23:26.240317|fisco-bcos-0x000076674c3fe6c0|[P2PService][Service]asyncSendProtocol,payload=5,seq=8
info|2026-02-07 00:23:26.240370|fisco-bcos-0x000076674c3fe6c0|[P2PService][Service]updateStaticNodes,nodeid=3082010a0282010100d938a7d0e5078fdc3bfe83bfe8c789160de4c9e207ff836ef8d64a0c846f5f628646fe9170bec49eec44aebb3f17334e76b1003dae65d6858a626d60a3ff3dbbff8cf15ca934ca0f7a09b9ae6c17c911bb2f6083cab81540e00a8d9b9393a3341b90dd134f4a2ec21f1d8c55c2df687896873a36661a862226614582077d41811bcb3e6632cbf1767f6189b76054e8186606ee5a2c73bffe1bd6c8fc415f481324f015045231d662173b6f7e814068dffd598ce9a6f4630744bb0aa80f9f74403f4c3da3ca856b40d043885cc1e7beac524853fafb01fb61c3023ab04047e29d50a5d4cd612fc9ae90e7832fde7d1dea0804dc16fff17500517be0bf5d28f4ab0203010001,endpoint=127.0.0.1:30301
info|2026-02-07 00:23:26.240389|ioService-0x000076673f5fa6c0|[SESSION][Session][Session::Session] this=0x766732c871d0,recvBufferSize=67108864
info|2026-02-07 00:23:26.240381|fisco-bcos-0x000076674c3fe6c0|[P2PService][Router][updateDstNodeEntry]insert new entry into the routerTable,distance=1,dst=3082010a0282010100d938a7d0e5078fdc3bfe83bfe8c789160de4c9e207ff836ef8d64a0c846f5f628646fe9170bec49eec44aebb3f17334e76b1003dae65d6858a626d60a3ff3dbbff8cf15ca934ca0f7a09b9ae6c17c911bb2f6083cab81540e00a8d9b9393a3341b90dd134f4a2ec21f1d8c55c2df687896873a36661a862226614582077d41811bcb3e6632cbf1767f6189b76054e8186606ee5a2c73bffe1bd6c8fc415f481324f015045231d662173b6f7e814068dffd598ce9a6f4630744bb0aa80f9f74403f4c3da3ca856b40d043885cc1e7beac524853fafb01fb61c3023ab04047e29d50a5d4cd612fc9ae90e7832fde7d1dea0804dc16fff17500517be0bf5d28f4ab0203010001,nextHop=,size=2
info|2026-02-07 00:23:26.240473|fisco-bcos-0x000076674c3fe6c0|[P2PService][Service2][onNewSession]update routerTable,dst=3082010a0282010100d938a7d0e5078fdc3bfe83bfe8c789160de4c9e207ff836ef8d64a0c846f5f628646fe9170bec49eec44aebb3f17334e76b1003dae65d6858a626d60a3ff3dbbff8cf15ca934ca0f7a09b9ae6c17c911bb2f6083cab81540e00a8d9b9393a3341b90dd134f4a2ec21f1d8c55c2df687896873a36661a862226614582077d41811bcb3e6632cbf1767f6189b76054e8186606ee5a2c73bffe1bd6c8fc415f481324f015045231d662173b6f7e814068dffd598ce9a6f4630744bb0aa80f9f74403f4c3da3ca856b40d043885cc1e7beac524853fafb01fb61c3023ab04047e29d50a5d4cd612fc9ae90e7832fde7d1dea0804dc16fff17500517be0bf5d28f4ab0203010001
info|2026-02-07 00:23:26.240478|fisco-bcos-0x000076674c3fe6c0|[P2PService][Service]Connection established,p2pid=3082010a0282010100d938a7d0e5078fdc3bfe83bfe8c789160de4c9e207ff836ef8d64a0c846f5f628646fe9170bec49eec44aebb3f17334e76b1003dae65d6858a626d60a3ff3dbbff8cf15ca934ca0f7a09b9ae6c17c911bb2f6083cab81540e00a8d9b9393a3341b90dd134f4a2ec21f1d8c55c2df687896873a36661a862226614582077d41811bcb3e6632cbf1767f6189b76054e8186606ee5a2c73bffe1bd6c8fc415f481324f015045231d662173b6f7e814068dffd598ce9a6f4630744bb0aa80f9f74403f4c3da3ca856b40d043885cc1e7beac524853fafb01fb61c3023ab04047e29d50a5d4cd612fc9ae90e7832fde7d1dea0804dc16fff17500517be0bf5d28f4ab0203010001,endpoint=127.0.0.1:30301
info|2026-02-07 00:23:26.240515|ioService-0x000076673e5f86c0|[Gateway][Factory][NEW]SSLContext pubHex: 3082010a0282010100a9ba081864ed1c68f5b81b4fa31a3cb4c81583e0e7c5eec4d7249ecd7d2c8f901393580ca25747abc4e01775b9ff41392cf15074a577cc078f4b07f3152faa0dfe540c63b8de93fbc3afe02564592e274c9c1a76bb0cc8c4692d9404f8e0b7b5440bd66d6e70c33a6d35aca5767a88332fd7853571427789bb25413b734abc293a58791b28aece40a8f74238c2f8b0d32bbbb5f020cfd72ad86d4fb6f1904605a5f43f0f58ed4c826346ad1b71ddac3a15040d6cd21f31f9044b82e690f91329d956b39005f4ab421029ebe499a3fe7179586deded25784665d8949c4db5defd0cbbaf2f27221f3d59e7314f4374086dceea8903a6aedc17d8ca5c7ec4b03fef0203010001
info|2026-02-07 00:23:26.240535|ioService-0x000076673e5f86c0|[NETWORK][Host]Get ca basic failed
info|2026-02-07 00:23:26.240571|ioService-0x000076673e5f86c0|[Gateway][Factory][NEW]SSLContext pubHex: 3082010a0282010100b85dd5fdfbc4aa99dcef8477a2e1c08c304a63432923826f81b3d0d7d13e79a6ec265462b2f59e76106f8bad7efb849227798aaf7c20a2197e9a95a8ffbbc07f5ccb44d04e995013b9afd04bb77fb7dbfa0f13bd2d404980eae43fc147332e1542ee2d2e973596187bb8ad4dc63b0165052688b1f7fc4a2a8ccb020a55db8ee7b9a45bb901b1c03d94727648a8ec10bfbc854175981345d56f4c783b0211d91f0775e508d8b379b56935777d255f59b63fadc24b43862671f5cbe0d00fcfff7138124c8293f91740a0e0732346eeee748a42f65ddb81da461fce3e76ea6ff452913b80eb5b1dba016f7d4d94f66337cc6bea7a066b8277637aef12c2eba11da10203010001
info|2026-02-07 00:23:26.240576|ioService-0x000076673e5f86c0|[Gateway][Factory][NEW]SSLContext pubHex: B85DD5FDFBC4AA99DCEF8477A2E1C08C304A63432923826F81B3D0D7D13E79A6EC265462B2F59E76106F8BAD7EFB849227798AAF7C20A2197E9A95A8FFBBC07F5CCB44D04E995013B9AFD04BB77FB7DBFA0F13BD2D404980EAE43FC147332E1542EE2D2E973596187BB8AD4DC63B0165052688B1F7FC4A2A8CCB020A55DB8EE7B9A45BB901B1C03D94727648A8EC10BFBC854175981345D56F4C783B0211D91F0775E508D8B379B56935777D255F59B63FADC24B43862671F5CBE0D00FCFFF7138124C8293F91740A0E0732346EEEE748A42F65DDB81DA461FCE3E76EA6FF452913B80EB5B1DBA016F7D4D94F66337CC6BEA7A066B8277637AEF12C2EBA11DA1
info|2026-02-07 00:23:26.240860|ioService-0x000076673e5f86c0|[NETWORK][Host]obtainP2pInfo ,node_info=3082010a0282010100b85dd5fdfbc4aa99dcef8477a2e1c08c304a63432923826f81b3d0d7d13e79a6ec265462b2f59e76106f8bad7efb849227798aaf7c20a2197e9a95a8ffbbc07f5ccb44d04e995013b9afd04bb77fb7dbfa0f13bd2d404980eae43fc147332e1542ee2d2e973596187bb8ad4dc63b0165052688b1f7fc4a2a8ccb020a55db8ee7b9a45bb901b1c03d94727648a8ec10bfbc854175981345d56f4c783b0211d91f0775e508d8b379b56935777d255f59b63fadc24b43862671f5cbe0d00fcfff7138124c8293f91740a0e0732346eeee748a42f65ddb81da461fce3e76ea6ff452913b80eb5b1dba016f7d4d94f66337cc6bea7a066b8277637aef12c2eba11da10203010001#B85DD5FDFBC4AA99DCEF8477A2E1C08C304A63432923826F81B3D0D7D13E79A6EC265462B2F59E76106F8BAD7EFB849227798AAF7C20A2197E9A95A8FFBBC07F5CCB44D04E995013B9AFD04BB77FB7DBFA0F13BD2D404980EAE43FC147332E1542EE2D2E973596187BB8AD4DC63B0165052688B1F7FC4A2A8CCB020A55DB8EE7B9A45BB901B1C03D94727648A8EC10BFBC854175981345D56F4C783B0211D91F0775E508D8B379B56935777D255F59B63FADC24B43862671F5CBE0D00FCFFF7138124C8293F91740A0E0732346EEEE748A42F65DDB81DA461FCE3E76EA6FF452913B80EB5B1DBA016F7D4D94F66337CC6BEA7A066B8277637AEF12C2EBA11DA1#/CN=FISCO-BCOS-e9f43089/O=FISCO-BCOS-e9f43089/OU=chain#/CN=FISCO-BCOS-e9f43089/O=fisco-bcos/OU=agency,p2pid=3082010a0282010100b85dd5fdfbc4aa99dcef8477a2e1c08c304a63432923826f81b3d0d7d13e79a6ec265462b2f59e76106f8bad7efb849227798aaf7c20a2197e9a95a8ffbbc07f5ccb44d04e995013b9afd04bb77fb7dbfa0f13bd2d404980eae43fc147332e1542ee2d2e973596187bb8ad4dc63b0165052688b1f7fc4a2a8ccb020a55db8ee7b9a45bb901b1c03d94727648a8ec10bfbc854175981345d56f4c783b0211d91f0775e508d8b379b56935777d255f59b63fadc24b43862671f5cbe0d00fcfff7138124c8293f91740a0e0732346eeee748a42f65ddb81da461fce3e76ea6ff452913b80eb5b1dba016f7d4d94f66337cc6bea7a066b8277637aef12c2eba11da10203010001
info|2026-02-07 00:23:26.240868|ioService-0x000076673e5f86c0|[NETWORK][Host]handshakeServer succ,remote endpoint=127.0.0.1:39324,nodeid=3082010a0282010100b85dd5fdfbc4aa99dcef8477a2e1c08c304a63432923826f81b3d0d7d13e79a6ec265462b2f59e76106f8bad7efb849227798aaf7c20a2197e9a95a8ffbbc07f5ccb44d04e995013b9afd04bb77fb7dbfa0f13bd2d404980eae43fc147332e1542ee2d2e973596187bb8ad4dc63b0165052688b1f7fc4a2a8ccb020a55db8ee7b9a45bb901b1c03d94727648a8ec10bfbc854175981345d56f4c783b0211d91f0775e508d8b379b56935777d255f59b63fadc24b43862671f5cbe0d00fcfff7138124c8293f91740a0e0732346eeee748a42f65ddb81da461fce3e76ea6ff452913b80eb5b1dba016f7d4d94f66337cc6bea7a066b8277637aef12c2eba11da10203010001
info|2026-02-07 00:23:26.241347|fisco-bcos-0x0000766751bc06c0|[P2PService][Service2][onReceiveRouterSeq]receive router seq and request router table,peer=3082010a0282010100d938a7d0e5078fdc3bfe83bfe8c789160de4c9e207ff836ef8d64a0c846f5f628646fe9170bec49eec44aebb3f17334e76b1003dae65d6858a626d60a3ff3dbbff8cf15ca934ca0f7a09b9ae6c17c911bb2f6083cab81540e00a8d9b9393a3341b90dd134f4a2ec21f1d8c55c2df687896873a36661a862226614582077d41811bcb3e6632cbf1767f6189b76054e8186606ee5a2c73bffe1bd6c8fc415f481324f015045231d662173b6f7e814068dffd598ce9a6f4630744bb0aa80f9f74403f4c3da3ca856b40d043885cc1e7beac524853fafb01fb61c3023ab04047e29d50a5d4cd612fc9ae90e7832fde7d1dea0804dc16fff17500517be0bf5d28f4ab0203010001,seq=4
info|2026-02-07 00:23:26.241409|fisco-bcos-0x0000766750fff6c0|[P2PService][Service]onReceiveProtocol: protocolNegotiate success,peer=3082010a0282010100d938a7d0e5078fdc3bfe83bfe8c789160de4c9e207ff836ef8d64a0c846f5f628646fe9170bec49eec44aebb3f17334e76b1003dae65d6858a626d60a3ff3dbbff8cf15ca934ca0f7a09b9ae6c17c911bb2f6083cab81540e00a8d9b9393a3341b90dd134f4a2ec21f1d8c55c2df687896873a36661a862226614582077d41811bcb3e6632cbf1767f6189b76054e8186606ee5a2c73bffe1bd6c8fc415f481324f015045231d662173b6f7e814068dffd598ce9a6f4630744bb0aa80f9f74403f4c3da3ca856b40d043885cc1e7beac524853fafb01fb61c3023ab04047e29d50a5d4cd612fc9ae90e7832fde7d1dea0804dc16fff17500517be0bf5d28f4ab0203010001,minVersion=0,maxVersion=2,supportMinVersion=0,supportMaxVersion=2,negotiatedVersion=2
info|2026-02-07 00:23:26.241463|ioService-0x0000766740dfd6c0|[Gateway][Factory][NEW]SSLContext pubHex: 3082010a0282010100a9ba081864ed1c68f5b81b4fa31a3cb4c81583e0e7c5eec4d7249ecd7d2c8f901393580ca25747abc4e01775b9ff41392cf15074a577cc078f4b07f3152faa0dfe540c63b8de93fbc3afe02564592e274c9c1a76bb0cc8c4692d9404f8e0b7b5440bd66d6e70c33a6d35aca5767a88332fd7853571427789bb25413b734abc293a58791b28aece40a8f74238c2f8b0d32bbbb5f020cfd72ad86d4fb6f1904605a5f43f0f58ed4c826346ad1b71ddac3a15040d6cd21f31f9044b82e690f91329d956b39005f4ab421029ebe499a3fe7179586deded25784665d8949c4db5defd0cbbaf2f27221f3d59e7314f4374086dceea8903a6aedc17d8ca5c7ec4b03fef0203010001
info|2026-02-07 00:23:26.241485|ioService-0x0000766740dfd6c0|[NETWORK][Host]Get ca basic failed
info|2026-02-07 00:23:26.241517|ioService-0x000076673f5fa6c0|[SessionFactory]create new session,sessionRecvBufferSize=67108864,allowMaxMsgSize=33554432,maxReadDataSize=40960,maxSendDataSize=1048576,maxSendMsgCountS=10,enableCompress=true
info|2026-02-07 00:23:26.241577|ioService-0x000076673f5fa6c0|[NETWORK][Host]startPeerSession, Remote=127.0.0.1:30302,local endpoint=127.0.0.1:42966,p2pid=3082010a02820101009d9833c7e1dbf7d476b1fd7227e247b488323cbd272862d096a4010035236b7d36e2aede87e4f36adfd2e2e44f2945e9a4170901f5865f04cb779a1c1e1fc2f3e56fc6ea80a2665d5da60fce851ccd94bb60aced8e256a551ebb6edcf78febb8eb8bbb3c4fab73bacd5675925d72c787a8d8e179c70b24c484ae98ea7cc956a196c0c8266073d549963e44bfee479261b4c7a5497320d8a89de71743baf1516450118e57b4b07227de0429adf0d02305ad79d40958f48b3c7d6802814fc5c25be7c54c85463c993254d08401e1c7c1cc5586b265a1616617cc2ba7f29e928ff792e4ff33ada9b1bb7ee5a43130da18ba109a9e2186dfa6c2dc1d823e9066e1590203010001
info|2026-02-07 00:23:26.241608|ioService-0x0000766740dfd6c0|[Gateway][Factory][NEW]SSLContext pubHex: 3082010a02820101009d9833c7e1dbf7d476b1fd7227e247b488323cbd272862d096a4010035236b7d36e2aede87e4f36adfd2e2e44f2945e9a4170901f5865f04cb779a1c1e1fc2f3e56fc6ea80a2665d5da60fce851ccd94bb60aced8e256a551ebb6edcf78febb8eb8bbb3c4fab73bacd5675925d72c787a8d8e179c70b24c484ae98ea7cc956a196c0c8266073d549963e44bfee479261b4c7a5497320d8a89de71743baf1516450118e57b4b07227de0429adf0d02305ad79d40958f48b3c7d6802814fc5c25be7c54c85463c993254d08401e1c7c1cc5586b265a1616617cc2ba7f29e928ff792e4ff33ada9b1bb7ee5a43130da18ba109a9e2186dfa6c2dc1d823e9066e1590203010001
info|2026-02-07 00:23:26.241620|ioService-0x0000766740dfd6c0|[Gateway][Factory][NEW]SSLContext pubHex: 9D9833C7E1DBF7D476B1FD7227E247B488323CBD272862D096A4010035236B7D36E2AEDE87E4F36ADFD2E2E44F2945E9A4170901F5865F04CB779A1C1E1FC2F3E56FC6EA80A2665D5DA60FCE851CCD94BB60ACED8E256A551EBB6EDCF78FEBB8EB8BBB3C4FAB73BACD5675925D72C787A8D8E179C70B24C484AE98EA7CC956A196C0C8266073D549963E44BFEE479261B4C7A5497320D8A89DE71743BAF1516450118E57B4B07227DE0429ADF0D02305AD79D40958F48B3C7D6802814FC5C25BE7C54C85463C993254D08401E1C7C1CC5586B265A1616617CC2BA7F29E928FF792E4FF33ADA9B1BB7EE5A43130DA18BA109A9E2186DFA6C2DC1D823E9066E159
info|2026-02-07 00:23:26.241597|ioService-0x000076673e5f86c0|[SESSION][Session][Session::Session] this=0x76672e45b1d0,recvBufferSize=67108864
info|2026-02-07 00:23:26.241685|ioService-0x000076673edf96c0|[NETWORK][Host]obtainP2pInfo ,node_info=3082010a0282010100b85dd5fdfbc4aa99dcef8477a2e1c08c304a63432923826f81b3d0d7d13e79a6ec265462b2f59e76106f8bad7efb849227798aaf7c20a2197e9a95a8ffbbc07f5ccb44d04e995013b9afd04bb77fb7dbfa0f13bd2d404980eae43fc147332e1542ee2d2e973596187bb8ad4dc63b0165052688b1f7fc4a2a8ccb020a55db8ee7b9a45bb901b1c03d94727648a8ec10bfbc854175981345d56f4c783b0211d91f0775e508d8b379b56935777d255f59b63fadc24b43862671f5cbe0d00fcfff7138124c8293f91740a0e0732346eeee748a42f65ddb81da461fce3e76ea6ff452913b80eb5b1dba016f7d4d94f66337cc6bea7a066b8277637aef12c2eba11da10203010001#B85DD5FDFBC4AA99DCEF8477A2E1C08C304A63432923826F81B3D0D7D13E79A6EC265462B2F59E76106F8BAD7EFB849227798AAF7C20A2197E9A95A8FFBBC07F5CCB44D04E995013B9AFD04BB77FB7DBFA0F13BD2D404980EAE43FC147332E1542EE2D2E973596187BB8AD4DC63B0165052688B1F7FC4A2A8CCB020A55DB8EE7B9A45BB901B1C03D94727648A8EC10BFBC854175981345D56F4C783B0211D91F0775E508D8B379B56935777D255F59B63FADC24B43862671F5CBE0D00FCFFF7138124C8293F91740A0E0732346EEEE748A42F65DDB81DA461FCE3E76EA6FF452913B80EB5B1DBA016F7D4D94F66337CC6BEA7A066B8277637AEF12C2EBA11DA1#/CN=FISCO-BCOS-e9f43089/O=FISCO-BCOS-e9f43089/OU=chain#/CN=FISCO-BCOS-e9f43089/O=fisco-bcos/OU=agency,p2pid=3082010a0282010100b85dd5fdfbc4aa99dcef8477a2e1c08c304a63432923826f81b3d0d7d13e79a6ec265462b2f59e76106f8bad7efb849227798aaf7c20a2197e9a95a8ffbbc07f5ccb44d04e995013b9afd04bb77fb7dbfa0f13bd2d404980eae43fc147332e1542ee2d2e973596187bb8ad4dc63b0165052688b1f7fc4a2a8ccb020a55db8ee7b9a45bb901b1c03d94727648a8ec10bfbc854175981345d56f4c783b0211d91f0775e508d8b379b56935777d255f59b63fadc24b43862671f5cbe0d00fcfff7138124c8293f91740a0e0732346eeee748a42f65ddb81da461fce3e76ea6ff452913b80eb5b1dba016f7d4d94f66337cc6bea7a066b8277637aef12c2eba11da10203010001
info|2026-02-07 00:23:26.241811|fisco-bcos-0x000076674e7ff6c0|[P2PService][Service]onConnect,p2pid=3082010a02820101009d9833c7e1dbf7d476b1fd7227e247b488323cbd272862d096a4010035236b7d36e2aede87e4f36adfd2e2e44f2945e9a4170901f5865f04cb779a1c1e1fc2f3e56fc6ea80a2665d5da60fce851ccd94bb60aced8e256a551ebb6edcf78febb8eb8bbb3c4fab73bacd5675925d72c787a8d8e179c70b24c484ae98ea7cc956a196c0c8266073d549963e44bfee479261b4c7a5497320d8a89de71743baf1516450118e57b4b07227de0429adf0d02305ad79d40958f48b3c7d6802814fc5c25be7c54c85463c993254d08401e1c7c1cc5586b265a1616617cc2ba7f29e928ff792e4ff33ada9b1bb7ee5a43130da18ba109a9e2186dfa6c2dc1d823e9066e1590203010001,endpoint=127.0.0.1
info|2026-02-07 00:23:26.241943|fisco-bcos-0x000076674e7ff6c0|[P2PService][P2PSession][P2PSession::P2PSession] this=0x766749a131d0
info|2026-02-07 00:23:26.242208|fisco-bcos-0x000076674a1ff6c0|[P2PService][Service2][onReceiveRouterTableRequest],peer=3082010a0282010100d938a7d0e5078fdc3bfe83bfe8c789160de4c9e207ff836ef8d64a0c846f5f628646fe9170bec49eec44aebb3f17334e76b1003dae65d6858a626d60a3ff3dbbff8cf15ca934ca0f7a09b9ae6c17c911bb2f6083cab81540e00a8d9b9393a3341b90dd134f4a2ec21f1d8c55c2df687896873a36661a862226614582077d41811bcb3e6632cbf1767f6189b76054e8186606ee5a2c73bffe1bd6c8fc415f481324f015045231d662173b6f7e814068dffd598ce9a6f4630744bb0aa80f9f74403f4c3da3ca856b40d043885cc1e7beac524853fafb01fb61c3023ab04047e29d50a5d4cd612fc9ae90e7832fde7d1dea0804dc16fff17500517be0bf5d28f4ab0203010001,entrySize=2
info|2026-02-07 00:23:26.242292|ioService-0x000076673edf96c0|[NETWORK][Host]handshakeClient succ,local endpoint=127.0.0.1:39324
info|2026-02-07 00:23:26.242353|ioService-0x000076673e5f86c0|[SessionFactory]create new session,sessionRecvBufferSize=67108864,allowMaxMsgSize=33554432,maxReadDataSize=40960,maxSendDataSize=1048576,maxSendMsgCountS=10,enableCompress=true
info|2026-02-07 00:23:26.242415|fisco-bcos-0x000076674e7ff6c0|[SESSION][Session][start] start session ,this=0x766732c871d0
info|2026-02-07 00:23:26.242513|fisco-bcos-0x000076674e7ff6c0|[P2PService][Service]asyncSendProtocol,payload=5,seq=12
info|2026-02-07 00:23:26.242537|fisco-bcos-0x000076674e7ff6c0|[P2PService][Service]updateStaticNodes,nodeid=3082010a02820101009d9833c7e1dbf7d476b1fd7227e247b488323cbd272862d096a4010035236b7d36e2aede87e4f36adfd2e2e44f2945e9a4170901f5865f04cb779a1c1e1fc2f3e56fc6ea80a2665d5da60fce851ccd94bb60aced8e256a551ebb6edcf78febb8eb8bbb3c4fab73bacd5675925d72c787a8d8e179c70b24c484ae98ea7cc956a196c0c8266073d549963e44bfee479261b4c7a5497320d8a89de71743baf1516450118e57b4b07227de0429adf0d02305ad79d40958f48b3c7d6802814fc5c25be7c54c85463c993254d08401e1c7c1cc5586b265a1616617cc2ba7f29e928ff792e4ff33ada9b1bb7ee5a43130da18ba109a9e2186dfa6c2dc1d823e9066e1590203010001,endpoint=127.0.0.1:30302
info|2026-02-07 00:23:26.242546|fisco-bcos-0x000076674e7ff6c0|[P2PService][Router][updateDstNodeEntry]insert new entry into the routerTable,distance=1,dst=3082010a02820101009d9833c7e1dbf7d476b1fd7227e247b488323cbd272862d096a4010035236b7d36e2aede87e4f36adfd2e2e44f2945e9a4170901f5865f04cb779a1c1e1fc2f3e56fc6ea80a2665d5da60fce851ccd94bb60aced8e256a551ebb6edcf78febb8eb8bbb3c4fab73bacd5675925d72c787a8d8e179c70b24c484ae98ea7cc956a196c0c8266073d549963e44bfee479261b4c7a5497320d8a89de71743baf1516450118e57b4b07227de0429adf0d02305ad79d40958f48b3c7d6802814fc5c25be7c54c85463c993254d08401e1c7c1cc5586b265a1616617cc2ba7f29e928ff792e4ff33ada9b1bb7ee5a43130da18ba109a9e2186dfa6c2dc1d823e9066e1590203010001,nextHop=,size=3
info|2026-02-07 00:23:26.242584|ioService-0x000076673e5f86c0|[NETWORK][Host]startPeerSession, Remote=127.0.0.1:39324,local endpoint=127.0.0.1:30303,p2pid=3082010a0282010100b85dd5fdfbc4aa99dcef8477a2e1c08c304a63432923826f81b3d0d7d13e79a6ec265462b2f59e76106f8bad7efb849227798aaf7c20a2197e9a95a8ffbbc07f5ccb44d04e995013b9afd04bb77fb7dbfa0f13bd2d404980eae43fc147332e1542ee2d2e973596187bb8ad4dc63b0165052688b1f7fc4a2a8ccb020a55db8ee7b9a45bb901b1c03d94727648a8ec10bfbc854175981345d56f4c783b0211d91f0775e508d8b379b56935777d255f59b63fadc24b43862671f5cbe0d00fcfff7138124c8293f91740a0e0732346eeee748a42f65ddb81da461fce3e76ea6ff452913b80eb5b1dba016f7d4d94f66337cc6bea7a066b8277637aef12c2eba11da10203010001
info|2026-02-07 00:23:26.242644|fisco-bcos-0x000076674e7ff6c0|[P2PService][Service2][onNewSession]update routerTable,dst=3082010a02820101009d9833c7e1dbf7d476b1fd7227e247b488323cbd272862d096a4010035236b7d36e2aede87e4f36adfd2e2e44f2945e9a4170901f5865f04cb779a1c1e1fc2f3e56fc6ea80a2665d5da60fce851ccd94bb60aced8e256a551ebb6edcf78febb8eb8bbb3c4fab73bacd5675925d72c787a8d8e179c70b24c484ae98ea7cc956a196c0c8266073d549963e44bfee479261b4c7a5497320d8a89de71743baf1516450118e57b4b07227de0429adf0d02305ad79d40958f48b3c7d6802814fc5c25be7c54c85463c993254d08401e1c7c1cc5586b265a1616617cc2ba7f29e928ff792e4ff33ada9b1bb7ee5a43130da18ba109a9e2186dfa6c2dc1d823e9066e1590203010001
info|2026-02-07 00:23:26.242652|fisco-bcos-0x000076674e7ff6c0|[P2PService][Service]Connection established,p2pid=3082010a02820101009d9833c7e1dbf7d476b1fd7227e247b488323cbd272862d096a4010035236b7d36e2aede87e4f36adfd2e2e44f2945e9a4170901f5865f04cb779a1c1e1fc2f3e56fc6ea80a2665d5da60fce851ccd94bb60aced8e256a551ebb6edcf78febb8eb8bbb3c4fab73bacd5675925d72c787a8d8e179c70b24c484ae98ea7cc956a196c0c8266073d549963e44bfee479261b4c7a5497320d8a89de71743baf1516450118e57b4b07227de0429adf0d02305ad79d40958f48b3c7d6802814fc5c25be7c54c85463c993254d08401e1c7c1cc5586b265a1616617cc2ba7f29e928ff792e4ff33ada9b1bb7ee5a43130da18ba109a9e2186dfa6c2dc1d823e9066e1590203010001,endpoint=127.0.0.1:30302
info|2026-02-07 00:23:26.242673|fisco-bcos-0x000076674e7ff6c0|[P2PService][Service]onConnect,p2pid=3082010a0282010100b85dd5fdfbc4aa99dcef8477a2e1c08c304a63432923826f81b3d0d7d13e79a6ec265462b2f59e76106f8bad7efb849227798aaf7c20a2197e9a95a8ffbbc07f5ccb44d04e995013b9afd04bb77fb7dbfa0f13bd2d404980eae43fc147332e1542ee2d2e973596187bb8ad4dc63b0165052688b1f7fc4a2a8ccb020a55db8ee7b9a45bb901b1c03d94727648a8ec10bfbc854175981345d56f4c783b0211d91f0775e508d8b379b56935777d255f59b63fadc24b43862671f5cbe0d00fcfff7138124c8293f91740a0e0732346eeee748a42f65ddb81da461fce3e76ea6ff452913b80eb5b1dba016f7d4d94f66337cc6bea7a066b8277637aef12c2eba11da10203010001,endpoint=127.0.0.1
info|2026-02-07 00:23:26.242701|fisco-bcos-0x000076674e7ff6c0|[SESSION][Session][Session::~Session] this=0x76672e45b1d0
info|2026-02-07 00:23:26.242881|fisco-bcos-0x00007667523c26c0|[P2PService][Service]onReceiveProtocol: protocolNegotiate success,peer=3082010a02820101009d9833c7e1dbf7d476b1fd7227e247b488323cbd272862d096a4010035236b7d36e2aede87e4f36adfd2e2e44f2945e9a4170901f5865f04cb779a1c1e1fc2f3e56fc6ea80a2665d5da60fce851ccd94bb60aced8e256a551ebb6edcf78febb8eb8bbb3c4fab73bacd5675925d72c787a8d8e179c70b24c484ae98ea7cc956a196c0c8266073d549963e44bfee479261b4c7a5497320d8a89de71743baf1516450118e57b4b07227de0429adf0d02305ad79d40958f48b3c7d6802814fc5c25be7c54c85463c993254d08401e1c7c1cc5586b265a1616617cc2ba7f29e928ff792e4ff33ada9b1bb7ee5a43130da18ba109a9e2186dfa6c2dc1d823e9066e1590203010001,minVersion=0,maxVersion=2,supportMinVersion=0,supportMaxVersion=2,negotiatedVersion=2
info|2026-02-07 00:23:26.242962|fisco-bcos-0x00007667505ff6c0|[P2PService][Service2][onReceiveRouterSeq]receive router seq and request router table,peer=3082010a02820101009d9833c7e1dbf7d476b1fd7227e247b488323cbd272862d096a4010035236b7d36e2aede87e4f36adfd2e2e44f2945e9a4170901f5865f04cb779a1c1e1fc2f3e56fc6ea80a2665d5da60fce851ccd94bb60aced8e256a551ebb6edcf78febb8eb8bbb3c4fab73bacd5675925d72c787a8d8e179c70b24c484ae98ea7cc956a196c0c8266073d549963e44bfee479261b4c7a5497320d8a89de71743baf1516450118e57b4b07227de0429adf0d02305ad79d40958f48b3c7d6802814fc5c25be7c54c85463c993254d08401e1c7c1cc5586b265a1616617cc2ba7f29e928ff792e4ff33ada9b1bb7ee5a43130da18ba109a9e2186dfa6c2dc1d823e9066e1590203010001,seq=6
info|2026-02-07 00:23:26.243233|fisco-bcos-0x000076674e7ff6c0|[P2PService][Service2][onReceivePeersRouterTable],peer=3082010a0282010100d938a7d0e5078fdc3bfe83bfe8c789160de4c9e207ff836ef8d64a0c846f5f628646fe9170bec49eec44aebb3f17334e76b1003dae65d6858a626d60a3ff3dbbff8cf15ca934ca0f7a09b9ae6c17c911bb2f6083cab81540e00a8d9b9393a3341b90dd134f4a2ec21f1d8c55c2df687896873a36661a862226614582077d41811bcb3e6632cbf1767f6189b76054e8186606ee5a2c73bffe1bd6c8fc415f481324f015045231d662173b6f7e814068dffd598ce9a6f4630744bb0aa80f9f74403f4c3da3ca856b40d043885cc1e7beac524853fafb01fb61c3023ab04047e29d50a5d4cd612fc9ae90e7832fde7d1dea0804dc16fff17500517be0bf5d28f4ab0203010001,entrySize=3
info|2026-02-07 00:23:26.243287|fisco-bcos-0x000076674e7ff6c0|[P2PService][Service2][joinRouterTable]create router entry,dst=3082010a0282010100d938a7d0e5078fdc3bfe83bfe8c789160de4c9e207ff836ef8d64a0c846f5f628646fe9170bec49eec44aebb3f17334e76b1003dae65d6858a626d60a3ff3dbbff8cf15ca934ca0f7a09b9ae6c17c911bb2f6083cab81540e00a8d9b9393a3341b90dd134f4a2ec21f1d8c55c2df687896873a36661a862226614582077d41811bcb3e6632cbf1767f6189b76054e8186606ee5a2c73bffe1bd6c8fc415f481324f015045231d662173b6f7e814068dffd598ce9a6f4630744bb0aa80f9f74403f4c3da3ca856b40d043885cc1e7beac524853fafb01fb61c3023ab04047e29d50a5d4cd612fc9ae90e7832fde7d1dea0804dc16fff17500517be0bf5d28f4ab0203010001
info|2026-02-07 00:23:26.243556|ioService-0x000076673edf96c0|[SESSION][Session][Session::Session] this=0x766714e881d0,recvBufferSize=67108864
info|2026-02-07 00:23:26.243846|ioService-0x000076673edf96c0|[SessionFactory]create new session,sessionRecvBufferSize=67108864,allowMaxMsgSize=33554432,maxReadDataSize=40960,maxSendDataSize=1048576,maxSendMsgCountS=10,enableCompress=true
info|2026-02-07 00:23:26.242494|ioService-0x0000766740dfd6c0|[NETWORK][Host]obtainP2pInfo ,node_info=3082010a02820101009d9833c7e1dbf7d476b1fd7227e247b488323cbd272862d096a4010035236b7d36e2aede87e4f36adfd2e2e44f2945e9a4170901f5865f04cb779a1c1e1fc2f3e56fc6ea80a2665d5da60fce851ccd94bb60aced8e256a551ebb6edcf78febb8eb8bbb3c4fab73bacd5675925d72c787a8d8e179c70b24c484ae98ea7cc956a196c0c8266073d549963e44bfee479261b4c7a5497320d8a89de71743baf1516450118e57b4b07227de0429adf0d02305ad79d40958f48b3c7d6802814fc5c25be7c54c85463c993254d08401e1c7c1cc5586b265a1616617cc2ba7f29e928ff792e4ff33ada9b1bb7ee5a43130da18ba109a9e2186dfa6c2dc1d823e9066e1590203010001#9D9833C7E1DBF7D476B1FD7227E247B488323CBD272862D096A4010035236B7D36E2AEDE87E4F36ADFD2E2E44F2945E9A4170901F5865F04CB779A1C1E1FC2F3E56FC6EA80A2665D5DA60FCE851CCD94BB60ACED8E256A551EBB6EDCF78FEBB8EB8BBB3C4FAB73BACD5675925D72C787A8D8E179C70B24C484AE98EA7CC956A196C0C8266073D549963E44BFEE479261B4C7A5497320D8A89DE71743BAF1516450118E57B4B07227DE0429ADF0D02305AD79D40958F48B3C7D6802814FC5C25BE7C54C85463C993254D08401E1C7C1CC5586B265A1616617CC2BA7F29E928FF792E4FF33ADA9B1BB7EE5A43130DA18BA109A9E2186DFA6C2DC1D823E9066E159#/CN=FISCO-BCOS-e9f43089/O=FISCO-BCOS-e9f43089/OU=chain#/CN=FISCO-BCOS-e9f43089/O=fisco-bcos/OU=agency,p2pid=3082010a02820101009d9833c7e1dbf7d476b1fd7227e247b488323cbd272862d096a4010035236b7d36e2aede87e4f36adfd2e2e44f2945e9a4170901f5865f04cb779a1c1e1fc2f3e56fc6ea80a2665d5da60fce851ccd94bb60aced8e256a551ebb6edcf78febb8eb8bbb3c4fab73bacd5675925d72c787a8d8e179c70b24c484ae98ea7cc956a196c0c8266073d549963e44bfee479261b4c7a5497320d8a89de71743baf1516450118e57b4b07227de0429adf0d02305ad79d40958f48b3c7d6802814fc5c25be7c54c85463c993254d08401e1c7c1cc5586b265a1616617cc2ba7f29e928ff792e4ff33ada9b1bb7ee5a43130da18ba109a9e2186dfa6c2dc1d823e9066e1590203010001
info|2026-02-07 00:23:26.244037|ioService-0x0000766740dfd6c0|[NETWORK][Host]handshakeServer succ,remote endpoint=127.0.0.1:39320,nodeid=3082010a02820101009d9833c7e1dbf7d476b1fd7227e247b488323cbd272862d096a4010035236b7d36e2aede87e4f36adfd2e2e44f2945e9a4170901f5865f04cb779a1c1e1fc2f3e56fc6ea80a2665d5da60fce851ccd94bb60aced8e256a551ebb6edcf78febb8eb8bbb3c4fab73bacd5675925d72c787a8d8e179c70b24c484ae98ea7cc956a196c0c8266073d549963e44bfee479261b4c7a5497320d8a89de71743baf1516450118e57b4b07227de0429adf0d02305ad79d40958f48b3c7d6802814fc5c25be7c54c85463c993254d08401e1c7c1cc5586b265a1616617cc2ba7f29e928ff792e4ff33ada9b1bb7ee5a43130da18ba109a9e2186dfa6c2dc1d823e9066e1590203010001
info|2026-02-07 00:23:26.244069|ioService-0x000076673edf96c0|[NETWORK][Host]startPeerSession, Remote=127.0.0.1:30303,local endpoint=127.0.0.1:39324,p2pid=3082010a0282010100b85dd5fdfbc4aa99dcef8477a2e1c08c304a63432923826f81b3d0d7d13e79a6ec265462b2f59e76106f8bad7efb849227798aaf7c20a2197e9a95a8ffbbc07f5ccb44d04e995013b9afd04bb77fb7dbfa0f13bd2d404980eae43fc147332e1542ee2d2e973596187bb8ad4dc63b0165052688b1f7fc4a2a8ccb020a55db8ee7b9a45bb901b1c03d94727648a8ec10bfbc854175981345d56f4c783b0211d91f0775e508d8b379b56935777d255f59b63fadc24b43862671f5cbe0d00fcfff7138124c8293f91740a0e0732346eeee748a42f65ddb81da461fce3e76ea6ff452913b80eb5b1dba016f7d4d94f66337cc6bea7a066b8277637aef12c2eba11da10203010001
info|2026-02-07 00:23:26.244194|fisco-bcos-0x000076674f7fc6c0|[P2PService][Service]onConnect,p2pid=3082010a0282010100b85dd5fdfbc4aa99dcef8477a2e1c08c304a63432923826f81b3d0d7d13e79a6ec265462b2f59e76106f8bad7efb849227798aaf7c20a2197e9a95a8ffbbc07f5ccb44d04e995013b9afd04bb77fb7dbfa0f13bd2d404980eae43fc147332e1542ee2d2e973596187bb8ad4dc63b0165052688b1f7fc4a2a8ccb020a55db8ee7b9a45bb901b1c03d94727648a8ec10bfbc854175981345d56f4c783b0211d91f0775e508d8b379b56935777d255f59b63fadc24b43862671f5cbe0d00fcfff7138124c8293f91740a0e0732346eeee748a42f65ddb81da461fce3e76ea6ff452913b80eb5b1dba016f7d4d94f66337cc6bea7a066b8277637aef12c2eba11da10203010001,endpoint=127.0.0.1
info|2026-02-07 00:23:26.244263|fisco-bcos-0x000076674f7fc6c0|[P2PService][Service]updateStaticNodes,nodeid=3082010a0282010100b85dd5fdfbc4aa99dcef8477a2e1c08c304a63432923826f81b3d0d7d13e79a6ec265462b2f59e76106f8bad7efb849227798aaf7c20a2197e9a95a8ffbbc07f5ccb44d04e995013b9afd04bb77fb7dbfa0f13bd2d404980eae43fc147332e1542ee2d2e973596187bb8ad4dc63b0165052688b1f7fc4a2a8ccb020a55db8ee7b9a45bb901b1c03d94727648a8ec10bfbc854175981345d56f4c783b0211d91f0775e508d8b379b56935777d255f59b63fadc24b43862671f5cbe0d00fcfff7138124c8293f91740a0e0732346eeee748a42f65ddb81da461fce3e76ea6ff452913b80eb5b1dba016f7d4d94f66337cc6bea7a066b8277637aef12c2eba11da10203010001,endpoint=127.0.0.1:30303
info|2026-02-07 00:23:26.244277|fisco-bcos-0x000076674f7fc6c0|[SESSION][Session][Session::~Session] this=0x766714e881d0
info|2026-02-07 00:23:26.244502|fisco-bcos-0x000076674c9ff6c0|[P2PService][Service2][onReceiveRouterTableRequest],peer=3082010a0282010100d938a7d0e5078fdc3bfe83bfe8c789160de4c9e207ff836ef8d64a0c846f5f628646fe9170bec49eec44aebb3f17334e76b1003dae65d6858a626d60a3ff3dbbff8cf15ca934ca0f7a09b9ae6c17c911bb2f6083cab81540e00a8d9b9393a3341b90dd134f4a2ec21f1d8c55c2df687896873a36661a862226614582077d41811bcb3e6632cbf1767f6189b76054e8186606ee5a2c73bffe1bd6c8fc415f481324f015045231d662173b6f7e814068dffd598ce9a6f4630744bb0aa80f9f74403f4c3da3ca856b40d043885cc1e7beac524853fafb01fb61c3023ab04047e29d50a5d4cd612fc9ae90e7832fde7d1dea0804dc16fff17500517be0bf5d28f4ab0203010001,entrySize=3
info|2026-02-07 00:23:26.244641|ioService-0x0000766740dfd6c0|[SESSION][Session][Session::Session] this=0x766736264010,recvBufferSize=67108864
info|2026-02-07 00:23:26.244794|ioService-0x0000766740dfd6c0|[SessionFactory]create new session,sessionRecvBufferSize=67108864,allowMaxMsgSize=33554432,maxReadDataSize=40960,maxSendDataSize=1048576,maxSendMsgCountS=10,enableCompress=true
info|2026-02-07 00:23:26.244917|ioService-0x0000766740dfd6c0|[NETWORK][Host]startPeerSession, Remote=127.0.0.1:39320,local endpoint=127.0.0.1:30303,p2pid=3082010a02820101009d9833c7e1dbf7d476b1fd7227e247b488323cbd272862d096a4010035236b7d36e2aede87e4f36adfd2e2e44f2945e9a4170901f5865f04cb779a1c1e1fc2f3e56fc6ea80a2665d5da60fce851ccd94bb60aced8e256a551ebb6edcf78febb8eb8bbb3c4fab73bacd5675925d72c787a8d8e179c70b24c484ae98ea7cc956a196c0c8266073d549963e44bfee479261b4c7a5497320d8a89de71743baf1516450118e57b4b07227de0429adf0d02305ad79d40958f48b3c7d6802814fc5c25be7c54c85463c993254d08401e1c7c1cc5586b265a1616617cc2ba7f29e928ff792e4ff33ada9b1bb7ee5a43130da18ba109a9e2186dfa6c2dc1d823e9066e1590203010001
info|2026-02-07 00:23:26.244968|fisco-bcos-0x0000766751fc16c0|[P2PService][Service]onConnect,p2pid=3082010a02820101009d9833c7e1dbf7d476b1fd7227e247b488323cbd272862d096a4010035236b7d36e2aede87e4f36adfd2e2e44f2945e9a4170901f5865f04cb779a1c1e1fc2f3e56fc6ea80a2665d5da60fce851ccd94bb60aced8e256a551ebb6edcf78febb8eb8bbb3c4fab73bacd5675925d72c787a8d8e179c70b24c484ae98ea7cc956a196c0c8266073d549963e44bfee479261b4c7a5497320d8a89de71743baf1516450118e57b4b07227de0429adf0d02305ad79d40958f48b3c7d6802814fc5c25be7c54c85463c993254d08401e1c7c1cc5586b265a1616617cc2ba7f29e928ff792e4ff33ada9b1bb7ee5a43130da18ba109a9e2186dfa6c2dc1d823e9066e1590203010001,endpoint=127.0.0.1
info|2026-02-07 00:23:26.245001|fisco-bcos-0x0000766751fc16c0|[P2PService][Service]Disconnect duplicate peer,p2pid=3082010a02820101009d9833c7e1dbf7d476b1fd7227e247b488323cbd272862d096a4010035236b7d36e2aede87e4f36adfd2e2e44f2945e9a4170901f5865f04cb779a1c1e1fc2f3e56fc6ea80a2665d5da60fce851ccd94bb60aced8e256a551ebb6edcf78febb8eb8bbb3c4fab73bacd5675925d72c787a8d8e179c70b24c484ae98ea7cc956a196c0c8266073d549963e44bfee479261b4c7a5497320d8a89de71743baf1516450118e57b4b07227de0429adf0d02305ad79d40958f48b3c7d6802814fc5c25be7c54c85463c993254d08401e1c7c1cc5586b265a1616617cc2ba7f29e928ff792e4ff33ada9b1bb7ee5a43130da18ba109a9e2186dfa6c2dc1d823e9066e1590203010001
info|2026-02-07 00:23:26.245012|fisco-bcos-0x0000766751fc16c0|[SESSION][Session][Session::~Session] this=0x766736264010
info|2026-02-07 00:23:26.282723|fisco-bcos-0x000076674f3fb6c0|[P2PService][Service2][onReceiveRouterTableRequest],peer=3082010a0282010100a492268b412bea3e8f972dff0dc52c521cd06884f53d90f3889c7014f7cb635c38a07b81af9630f2b04238a726b029af6b4b924e132710d2894b7175f12a5e323a7119afd27786b01965d49b9c885ff3768f40b9d57817bc1305124f40ced3b1ac99666773a3a64cce079e95acbc31d42f416aad362594008547aae561213b022db32ed9d1bd67df5c020bc44dcc073982b4566fd04048555b1ea84279063d5b1047e9f42776ef03677d2dd1454433fdb3feced3f41b92efdfeda545d56c1c9ba349584c9095f3ad9e31c2db11cbe3007ee7817f5846f87eb01c296d81b36dbbc765b4c7af74aface1276dd4fd91963729e495694b6af5c0d6111c49115a2c3f0203010001,entrySize=3
info|2026-02-07 00:23:26.283187|fisco-bcos-0x000076674c3fe6c0|[P2PService][Service2][onReceiveRouterTableRequest],peer=3082010a0282010100a492268b412bea3e8f972dff0dc52c521cd06884f53d90f3889c7014f7cb635c38a07b81af9630f2b04238a726b029af6b4b924e132710d2894b7175f12a5e323a7119afd27786b01965d49b9c885ff3768f40b9d57817bc1305124f40ced3b1ac99666773a3a64cce079e95acbc31d42f416aad362594008547aae561213b022db32ed9d1bd67df5c020bc44dcc073982b4566fd04048555b1ea84279063d5b1047e9f42776ef03677d2dd1454433fdb3feced3f41b92efdfeda545d56c1c9ba349584c9095f3ad9e31c2db11cbe3007ee7817f5846f87eb01c296d81b36dbbc765b4c7af74aface1276dd4fd91963729e495694b6af5c0d6111c49115a2c3f0203010001,entrySize=3
info|2026-02-07 00:23:26.283230|fisco-bcos-0x000076674f3fb6c0|[P2PService][Service2][onReceivePeersRouterTable],peer=3082010a0282010100a492268b412bea3e8f972dff0dc52c521cd06884f53d90f3889c7014f7cb635c38a07b81af9630f2b04238a726b029af6b4b924e132710d2894b7175f12a5e323a7119afd27786b01965d49b9c885ff3768f40b9d57817bc1305124f40ced3b1ac99666773a3a64cce079e95acbc31d42f416aad362594008547aae561213b022db32ed9d1bd67df5c020bc44dcc073982b4566fd04048555b1ea84279063d5b1047e9f42776ef03677d2dd1454433fdb3feced3f41b92efdfeda545d56c1c9ba349584c9095f3ad9e31c2db11cbe3007ee7817f5846f87eb01c296d81b36dbbc765b4c7af74aface1276dd4fd91963729e495694b6af5c0d6111c49115a2c3f0203010001,entrySize=3
info|2026-02-07 00:23:26.283269|fisco-bcos-0x000076674f3fb6c0|[P2PService][Service2][joinRouterTable]create router entry,dst=3082010a0282010100a492268b412bea3e8f972dff0dc52c521cd06884f53d90f3889c7014f7cb635c38a07b81af9630f2b04238a726b029af6b4b924e132710d2894b7175f12a5e323a7119afd27786b01965d49b9c885ff3768f40b9d57817bc1305124f40ced3b1ac99666773a3a64cce079e95acbc31d42f416aad362594008547aae561213b022db32ed9d1bd67df5c020bc44dcc073982b4566fd04048555b1ea84279063d5b1047e9f42776ef03677d2dd1454433fdb3feced3f41b92efdfeda545d56c1c9ba349584c9095f3ad9e31c2db11cbe3007ee7817f5846f87eb01c296d81b36dbbc765b4c7af74aface1276dd4fd91963729e495694b6af5c0d6111c49115a2c3f0203010001
info|2026-02-07 00:23:26.283338|fisco-bcos-0x00007667517bf6c0|[P2PService][Service2][onReceiveRouterTableRequest],peer=3082010a0282010100a492268b412bea3e8f972dff0dc52c521cd06884f53d90f3889c7014f7cb635c38a07b81af9630f2b04238a726b029af6b4b924e132710d2894b7175f12a5e323a7119afd27786b01965d49b9c885ff3768f40b9d57817bc1305124f40ced3b1ac99666773a3a64cce079e95acbc31d42f416aad362594008547aae561213b022db32ed9d1bd67df5c020bc44dcc073982b4566fd04048555b1ea84279063d5b1047e9f42776ef03677d2dd1454433fdb3feced3f41b92efdfeda545d56c1c9ba349584c9095f3ad9e31c2db11cbe3007ee7817f5846f87eb01c296d81b36dbbc765b4c7af74aface1276dd4fd91963729e495694b6af5c0d6111c49115a2c3f0203010001,entrySize=3
info|2026-02-07 00:23:26.286945|fisco-bcos-0x000076674dbff6c0|[P2PService][Service2][onReceiveRouterTableRequest],peer=3082010a02820101009d9833c7e1dbf7d476b1fd7227e247b488323cbd272862d096a4010035236b7d36e2aede87e4f36adfd2e2e44f2945e9a4170901f5865f04cb779a1c1e1fc2f3e56fc6ea80a2665d5da60fce851ccd94bb60aced8e256a551ebb6edcf78febb8eb8bbb3c4fab73bacd5675925d72c787a8d8e179c70b24c484ae98ea7cc956a196c0c8266073d549963e44bfee479261b4c7a5497320d8a89de71743baf1516450118e57b4b07227de0429adf0d02305ad79d40958f48b3c7d6802814fc5c25be7c54c85463c993254d08401e1c7c1cc5586b265a1616617cc2ba7f29e928ff792e4ff33ada9b1bb7ee5a43130da18ba109a9e2186dfa6c2dc1d823e9066e1590203010001,entrySize=3
info|2026-02-07 00:23:26.287579|fisco-bcos-0x0000766751fc16c0|[P2PService][Service2][onReceivePeersRouterTable],peer=3082010a02820101009d9833c7e1dbf7d476b1fd7227e247b488323cbd272862d096a4010035236b7d36e2aede87e4f36adfd2e2e44f2945e9a4170901f5865f04cb779a1c1e1fc2f3e56fc6ea80a2665d5da60fce851ccd94bb60aced8e256a551ebb6edcf78febb8eb8bbb3c4fab73bacd5675925d72c787a8d8e179c70b24c484ae98ea7cc956a196c0c8266073d549963e44bfee479261b4c7a5497320d8a89de71743baf1516450118e57b4b07227de0429adf0d02305ad79d40958f48b3c7d6802814fc5c25be7c54c85463c993254d08401e1c7c1cc5586b265a1616617cc2ba7f29e928ff792e4ff33ada9b1bb7ee5a43130da18ba109a9e2186dfa6c2dc1d823e9066e1590203010001,entrySize=3
info|2026-02-07 00:23:26.287646|fisco-bcos-0x0000766751fc16c0|[P2PService][Service2][joinRouterTable]create router entry,dst=3082010a02820101009d9833c7e1dbf7d476b1fd7227e247b488323cbd272862d096a4010035236b7d36e2aede87e4f36adfd2e2e44f2945e9a4170901f5865f04cb779a1c1e1fc2f3e56fc6ea80a2665d5da60fce851ccd94bb60aced8e256a551ebb6edcf78febb8eb8bbb3c4fab73bacd5675925d72c787a8d8e179c70b24c484ae98ea7cc956a196c0c8266073d549963e44bfee479261b4c7a5497320d8a89de71743baf1516450118e57b4b07227de0429adf0d02305ad79d40958f48b3c7d6802814fc5c25be7c54c85463c993254d08401e1c7c1cc5586b265a1616617cc2ba7f29e928ff792e4ff33ada9b1bb7ee5a43130da18ba109a9e2186dfa6c2dc1d823e9066e1590203010001
info|2026-02-07 00:23:26.698440|ioService-0x0000766722ffe6c0|[DEFAULT][HTTP][SERVER][accept],local_endpoint=127.0.0.1:8545,remote_endpoint=127.0.0.1:46624
info|2026-02-07 00:23:26.698764|ioService-0x00007667227fd6c0|[DEFAULT][HTTP][SESSION][onRead]receive http request
info|2026-02-07 00:23:27.195079|fisco-bcos-0x000076674e7ff6c0|[Gateway][GatewayNodeManager]onReceiveNodeStatus,from=3082010a0282010100a492268b412bea3e8f972dff0dc52c521cd06884f53d90f3889c7014f7cb635c38a07b81af9630f2b04238a726b029af6b4b924e132710d2894b7175f12a5e323a7119afd27786b01965d49b9c885ff3768f40b9d57817bc1305124f40ced3b1ac99666773a3a64cce079e95acbc31d42f416aad362594008547aae561213b022db32ed9d1bd67df5c020bc44dcc073982b4566fd04048555b1ea84279063d5b1047e9f42776ef03677d2dd1454433fdb3feced3f41b92efdfeda545d56c1c9ba349584c9095f3ad9e31c2db11cbe3007ee7817f5846f87eb01c296d81b36dbbc765b4c7af74aface1276dd4fd91963729e495694b6af5c0d6111c49115a2c3f0203010001,seq=3,uuid=3082010a0282010100a492268b412bea3e8f972dff0dc52c521cd06884f53d90f3889c7014f7cb635c38a07b81af9630f2b04238a726b029af6b4b924e132710d2894b7175f12a5e323a7119afd27786b01965d49b9c885ff3768f40b9d57817bc1305124f40ced3b1ac99666773a3a64cce079e95acbc31d42f416aad362594008547aae561213b022db32ed9d1bd67df5c020bc44dcc073982b4566fd04048555b1ea84279063d5b1047e9f42776ef03677d2dd1454433fdb3feced3f41b92efdfeda545d56c1c9ba349584c9095f3ad9e31c2db11cbe3007ee7817f5846f87eb01c296d81b36dbbc765b4c7af74aface1276dd4fd91963729e495694b6af5c0d6111c49115a2c3f0203010001
info|2026-02-07 00:23:27.195230|fisco-bcos-0x000076674e7ff6c0|[Gateway][Router]updatePeerStatus,gatewayUUID=3082010a0282010100a492268b412bea3e8f972dff0dc52c521cd06884f53d90f3889c7014f7cb635c38a07b81af9630f2b04238a726b029af6b4b924e132710d2894b7175f12a5e323a7119afd27786b01965d49b9c885ff3768f40b9d57817bc1305124f40ced3b1ac99666773a3a64cce079e95acbc31d42f416aad362594008547aae561213b022db32ed9d1bd67df5c020bc44dcc073982b4566fd04048555b1ea84279063d5b1047e9f42776ef03677d2dd1454433fdb3feced3f41b92efdfeda545d56c1c9ba349584c9095f3ad9e31c2db11cbe3007ee7817f5846f87eb01c296d81b36dbbc765b4c7af74aface1276dd4fd91963729e495694b6af5c0d6111c49115a2c3f0203010001,nodeList=1
info|2026-02-07 00:23:27.195324|fisco-bcos-0x000076674e7ff6c0|[Gateway][Router]batchInsertNodeList,group=group0,nodeIDs=1,protocols=1
info|2026-02-07 00:23:27.195360|fisco-bcos-0x000076674e7ff6c0|[Gateway][Router]GatewayStatus: update,group=group0,type=0,p2pID=3082010a0282010100a492268b412bea3e8f972dff0dc52c521cd06884f53d90f3889c7014f7cb635c38a07b81af9630f2b04238a726b029af6b4b924e132710d2894b7175f12a5e323a7119afd27786b01965d49b9c885ff3768f40b9d57817bc1305124f40ced3b1ac99666773a3a64cce079e95acbc31d42f416aad362594008547aae561213b022db32ed9d1bd67df5c020bc44dcc073982b4566fd04048555b1ea84279063d5b1047e9f42776ef03677d2dd1454433fdb3feced3f41b92efdfeda545d56c1c9ba349584c9095f3ad9e31c2db11cbe3007ee7817f5846f87eb01c296d81b36dbbc765b4c7af74aface1276dd4fd91963729e495694b6af5c0d6111c49115a2c3f0203010001
info|2026-02-07 00:23:27.195383|fisco-bcos-0x000076674e7ff6c0|[Gateway][GatewayNodeManager]syncLatestNodeIDList,groupID=group0,nodeCount=2
info|2026-02-07 00:23:27.195397|fisco-bcos-0x000076674e7ff6c0|[FrontService]protocolNegotiate success,nodeID=5b07d12d1512a66493c8fd3456d8c505e6ce05f20061613a4c48a1fa3755bbf9cc2d2f1878c4a6733389f03deb0a3fc0c672e2f4910fde9802d6675929cb3dc5,groupID=group0,minVersion=0,maxVersion=2,supportedMinVersion=0,supportedMaxVersion=2,version=2
info|2026-02-07 00:23:27.195424|fisco-bcos-0x000076674e7ff6c0|[FrontService]protocolNegotiate success,nodeID=2346c69c46d42278eb237167eb19eb28432b63783cc0fd7cddc90f89c148e755db8941be9b0c5f37cbc21c409a78c154abc75ce0c80818c6fbb76aea6bcd0a9a,groupID=group0,minVersion=0,maxVersion=2,supportedMinVersion=0,supportedMaxVersion=2,version=2
info|2026-02-07 00:23:27.195445|fisco-bcos-0x000076674e7ff6c0|[FrontService]onReceiveGroupNodeInfo,groupID=group0,nodeIDs.size()=2
info|2026-02-07 00:23:27.195547|fisco-bcos-0x000076674e7ff6c0|SyncConfig: setConnectedNodeList,size=2
info|2026-02-07 00:23:27.195640|fisco-bcos-0x000076674e7ff6c0|SyncConfig: setConnectedNodeList,size=2
info|2026-02-07 00:23:27.195655|fisco-bcos-0x000076674e7ff6c0|[FRONTSERVICE]notifyGroupNodeInfo,connectedNodeSize=2
info|2026-02-07 00:23:27.198805|fisco-bcos-0x000076674a1ff6c0|[Gateway][GatewayNodeManager]onReceiveNodeStatus,from=3082010a0282010100d938a7d0e5078fdc3bfe83bfe8c789160de4c9e207ff836ef8d64a0c846f5f628646fe9170bec49eec44aebb3f17334e76b1003dae65d6858a626d60a3ff3dbbff8cf15ca934ca0f7a09b9ae6c17c911bb2f6083cab81540e00a8d9b9393a3341b90dd134f4a2ec21f1d8c55c2df687896873a36661a862226614582077d41811bcb3e6632cbf1767f6189b76054e8186606ee5a2c73bffe1bd6c8fc415f481324f015045231d662173b6f7e814068dffd598ce9a6f4630744bb0aa80f9f74403f4c3da3ca856b40d043885cc1e7beac524853fafb01fb61c3023ab04047e29d50a5d4cd612fc9ae90e7832fde7d1dea0804dc16fff17500517be0bf5d28f4ab0203010001,seq=3,uuid=3082010a0282010100d938a7d0e5078fdc3bfe83bfe8c789160de4c9e207ff836ef8d64a0c846f5f628646fe9170bec49eec44aebb3f17334e76b1003dae65d6858a626d60a3ff3dbbff8cf15ca934ca0f7a09b9ae6c17c911bb2f6083cab81540e00a8d9b9393a3341b90dd134f4a2ec21f1d8c55c2df687896873a36661a862226614582077d41811bcb3e6632cbf1767f6189b76054e8186606ee5a2c73bffe1bd6c8fc415f481324f015045231d662173b6f7e814068dffd598ce9a6f4630744bb0aa80f9f74403f4c3da3ca856b40d043885cc1e7beac524853fafb01fb61c3023ab04047e29d50a5d4cd612fc9ae90e7832fde7d1dea0804dc16fff17500517be0bf5d28f4ab0203010001
info|2026-02-07 00:23:27.198858|fisco-bcos-0x000076674a1ff6c0|[Gateway][Router]updatePeerStatus,gatewayUUID=3082010a0282010100d938a7d0e5078fdc3bfe83bfe8c789160de4c9e207ff836ef8d64a0c846f5f628646fe9170bec49eec44aebb3f17334e76b1003dae65d6858a626d60a3ff3dbbff8cf15ca934ca0f7a09b9ae6c17c911bb2f6083cab81540e00a8d9b9393a3341b90dd134f4a2ec21f1d8c55c2df687896873a36661a862226614582077d41811bcb3e6632cbf1767f6189b76054e8186606ee5a2c73bffe1bd6c8fc415f481324f015045231d662173b6f7e814068dffd598ce9a6f4630744bb0aa80f9f74403f4c3da3ca856b40d043885cc1e7beac524853fafb01fb61c3023ab04047e29d50a5d4cd612fc9ae90e7832fde7d1dea0804dc16fff17500517be0bf5d28f4ab0203010001,nodeList=1
info|2026-02-07 00:23:27.198881|fisco-bcos-0x000076674a1ff6c0|[Gateway][Router]batchInsertNodeList,group=group0,nodeIDs=1,protocols=1
info|2026-02-07 00:23:27.198915|fisco-bcos-0x000076674a1ff6c0|[Gateway][Router]GatewayStatus: update,group=group0,type=0,p2pID=3082010a0282010100d938a7d0e5078fdc3bfe83bfe8c789160de4c9e207ff836ef8d64a0c846f5f628646fe9170bec49eec44aebb3f17334e76b1003dae65d6858a626d60a3ff3dbbff8cf15ca934ca0f7a09b9ae6c17c911bb2f6083cab81540e00a8d9b9393a3341b90dd134f4a2ec21f1d8c55c2df687896873a36661a862226614582077d41811bcb3e6632cbf1767f6189b76054e8186606ee5a2c73bffe1bd6c8fc415f481324f015045231d662173b6f7e814068dffd598ce9a6f4630744bb0aa80f9f74403f4c3da3ca856b40d043885cc1e7beac524853fafb01fb61c3023ab04047e29d50a5d4cd612fc9ae90e7832fde7d1dea0804dc16fff17500517be0bf5d28f4ab0203010001
info|2026-02-07 00:23:27.198940|fisco-bcos-0x000076674a1ff6c0|[Gateway][GatewayNodeManager]syncLatestNodeIDList,groupID=group0,nodeCount=3
info|2026-02-07 00:23:27.198950|fisco-bcos-0x000076674a1ff6c0|[FrontService]protocolNegotiate success,nodeID=5b07d12d1512a66493c8fd3456d8c505e6ce05f20061613a4c48a1fa3755bbf9cc2d2f1878c4a6733389f03deb0a3fc0c672e2f4910fde9802d6675929cb3dc5,groupID=group0,minVersion=0,maxVersion=2,supportedMinVersion=0,supportedMaxVersion=2,version=2
info|2026-02-07 00:23:27.199015|fisco-bcos-0x000076674a1ff6c0|[FrontService]protocolNegotiate success,nodeID=21a47acec36f73d8e925a7d5db44793f998e1a42a6d7ee2e3a5cf4037b853452cb76f6cbab8e5b223a128e8ee15790d1f629858b47070b4eb2e1ddb2b0ada297,groupID=group0,minVersion=0,maxVersion=2,supportedMinVersion=0,supportedMaxVersion=2,version=2
info|2026-02-07 00:23:27.199032|fisco-bcos-0x000076674a1ff6c0|[FrontService]protocolNegotiate success,nodeID=2346c69c46d42278eb237167eb19eb28432b63783cc0fd7cddc90f89c148e755db8941be9b0c5f37cbc21c409a78c154abc75ce0c80818c6fbb76aea6bcd0a9a,groupID=group0,minVersion=0,maxVersion=2,supportedMinVersion=0,supportedMaxVersion=2,version=2
info|2026-02-07 00:23:27.199044|fisco-bcos-0x000076674a1ff6c0|[FrontService]onReceiveGroupNodeInfo,groupID=group0,nodeIDs.size()=3
info|2026-02-07 00:23:27.199287|fisco-bcos-0x00007667505ff6c0|SyncConfig: setConnectedNodeList,size=3
info|2026-02-07 00:23:27.199707|fisco-bcos-0x00007667505ff6c0|SyncConfig: setConnectedNodeList,size=3
info|2026-02-07 00:23:27.199788|fisco-bcos-0x00007667505ff6c0|[FRONTSERVICE]notifyGroupNodeInfo,connectedNodeSize=3
info|2026-02-07 00:23:27.218805|fisco-bcos-0x000076674f3fb6c0|[Gateway][GatewayNodeManager]generateNodeStatus,groupType=0,groupID=group0,nodeListSize=1,nodeTypeListSize=1,seq=3
info|2026-02-07 00:23:27.219035|fisco-bcos-0x000076674f3fb6c0|[Gateway][GatewayNodeManager]generateNodeStatus,nodeListSize=1
info|2026-02-07 00:23:27.238503|fisco-bcos-0x000076674f7fc6c0|[Gateway][GatewayNodeManager]generateNodeStatus,groupType=0,groupID=group0,nodeListSize=1,nodeTypeListSize=1,seq=3
info|2026-02-07 00:23:27.238544|fisco-bcos-0x000076674f7fc6c0|[Gateway][GatewayNodeManager]generateNodeStatus,nodeListSize=1
info|2026-02-07 00:23:27.247588|fisco-bcos-0x00007667527c36c0|[Gateway][GatewayNodeManager]generateNodeStatus,groupType=0,groupID=group0,nodeListSize=1,nodeTypeListSize=1,seq=3
info|2026-02-07 00:23:27.247623|fisco-bcos-0x00007667527c36c0|[Gateway][GatewayNodeManager]generateNodeStatus,nodeListSize=1
info|2026-02-07 00:23:27.266707|fisco-bcos-0x000076674f7fc6c0|[Gateway][GatewayNodeManager]onReceiveNodeStatus,from=3082010a02820101009d9833c7e1dbf7d476b1fd7227e247b488323cbd272862d096a4010035236b7d36e2aede87e4f36adfd2e2e44f2945e9a4170901f5865f04cb779a1c1e1fc2f3e56fc6ea80a2665d5da60fce851ccd94bb60aced8e256a551ebb6edcf78febb8eb8bbb3c4fab73bacd5675925d72c787a8d8e179c70b24c484ae98ea7cc956a196c0c8266073d549963e44bfee479261b4c7a5497320d8a89de71743baf1516450118e57b4b07227de0429adf0d02305ad79d40958f48b3c7d6802814fc5c25be7c54c85463c993254d08401e1c7c1cc5586b265a1616617cc2ba7f29e928ff792e4ff33ada9b1bb7ee5a43130da18ba109a9e2186dfa6c2dc1d823e9066e1590203010001,seq=3,uuid=3082010a02820101009d9833c7e1dbf7d476b1fd7227e247b488323cbd272862d096a4010035236b7d36e2aede87e4f36adfd2e2e44f2945e9a4170901f5865f04cb779a1c1e1fc2f3e56fc6ea80a2665d5da60fce851ccd94bb60aced8e256a551ebb6edcf78febb8eb8bbb3c4fab73bacd5675925d72c787a8d8e179c70b24c484ae98ea7cc956a196c0c8266073d549963e44bfee479261b4c7a5497320d8a89de71743baf1516450118e57b4b07227de0429adf0d02305ad79d40958f48b3c7d6802814fc5c25be7c54c85463c993254d08401e1c7c1cc5586b265a1616617cc2ba7f29e928ff792e4ff33ada9b1bb7ee5a43130da18ba109a9e2186dfa6c2dc1d823e9066e1590203010001
info|2026-02-07 00:23:27.266838|fisco-bcos-0x000076674f7fc6c0|[Gateway][Router]updatePeerStatus,gatewayUUID=3082010a02820101009d9833c7e1dbf7d476b1fd7227e247b488323cbd272862d096a4010035236b7d36e2aede87e4f36adfd2e2e44f2945e9a4170901f5865f04cb779a1c1e1fc2f3e56fc6ea80a2665d5da60fce851ccd94bb60aced8e256a551ebb6edcf78febb8eb8bbb3c4fab73bacd5675925d72c787a8d8e179c70b24c484ae98ea7cc956a196c0c8266073d549963e44bfee479261b4c7a5497320d8a89de71743baf1516450118e57b4b07227de0429adf0d02305ad79d40958f48b3c7d6802814fc5c25be7c54c85463c993254d08401e1c7c1cc5586b265a1616617cc2ba7f29e928ff792e4ff33ada9b1bb7ee5a43130da18ba109a9e2186dfa6c2dc1d823e9066e1590203010001,nodeList=1
info|2026-02-07 00:23:27.266870|fisco-bcos-0x000076674f7fc6c0|[Gateway][Router]batchInsertNodeList,group=group0,nodeIDs=1,protocols=1
info|2026-02-07 00:23:27.266935|fisco-bcos-0x000076674f7fc6c0|[Gateway][Router]GatewayStatus: update,group=group0,type=0,p2pID=3082010a02820101009d9833c7e1dbf7d476b1fd7227e247b488323cbd272862d096a4010035236b7d36e2aede87e4f36adfd2e2e44f2945e9a4170901f5865f04cb779a1c1e1fc2f3e56fc6ea80a2665d5da60fce851ccd94bb60aced8e256a551ebb6edcf78febb8eb8bbb3c4fab73bacd5675925d72c787a8d8e179c70b24c484ae98ea7cc956a196c0c8266073d549963e44bfee479261b4c7a5497320d8a89de71743baf1516450118e57b4b07227de0429adf0d02305ad79d40958f48b3c7d6802814fc5c25be7c54c85463c993254d08401e1c7c1cc5586b265a1616617cc2ba7f29e928ff792e4ff33ada9b1bb7ee5a43130da18ba109a9e2186dfa6c2dc1d823e9066e1590203010001
info|2026-02-07 00:23:27.266968|fisco-bcos-0x000076674f7fc6c0|[Gateway][GatewayNodeManager]syncLatestNodeIDList,groupID=group0,nodeCount=4
info|2026-02-07 00:23:27.266981|fisco-bcos-0x000076674f7fc6c0|[FrontService]protocolNegotiate success,nodeID=5b07d12d1512a66493c8fd3456d8c505e6ce05f20061613a4c48a1fa3755bbf9cc2d2f1878c4a6733389f03deb0a3fc0c672e2f4910fde9802d6675929cb3dc5,groupID=group0,minVersion=0,maxVersion=2,supportedMinVersion=0,supportedMaxVersion=2,version=2
info|2026-02-07 00:23:27.267004|fisco-bcos-0x000076674f7fc6c0|[FrontService]protocolNegotiate success,nodeID=0d6a7f52cb87ce7fda869e0db309ec9c53723c46f81632c21e4abbf1a9159f14d53f37cc0c4141548da9ec877d6235afd7a501c40d296fc4c5252a8717aa23c2,groupID=group0,minVersion=0,maxVersion=2,supportedMinVersion=0,supportedMaxVersion=2,version=2
info|2026-02-07 00:23:27.267013|fisco-bcos-0x000076674f7fc6c0|[FrontService]protocolNegotiate success,nodeID=21a47acec36f73d8e925a7d5db44793f998e1a42a6d7ee2e3a5cf4037b853452cb76f6cbab8e5b223a128e8ee15790d1f629858b47070b4eb2e1ddb2b0ada297,groupID=group0,minVersion=0,maxVersion=2,supportedMinVersion=0,supportedMaxVersion=2,version=2
info|2026-02-07 00:23:27.267021|fisco-bcos-0x000076674f7fc6c0|[FrontService]protocolNegotiate success,nodeID=2346c69c46d42278eb237167eb19eb28432b63783cc0fd7cddc90f89c148e755db8941be9b0c5f37cbc21c409a78c154abc75ce0c80818c6fbb76aea6bcd0a9a,groupID=group0,minVersion=0,maxVersion=2,supportedMinVersion=0,supportedMaxVersion=2,version=2
info|2026-02-07 00:23:27.267034|fisco-bcos-0x000076674f7fc6c0|[FrontService]onReceiveGroupNodeInfo,groupID=group0,nodeIDs.size()=4
info|2026-02-07 00:23:27.267218|fisco-bcos-0x000076674f7fc6c0|SyncConfig: setConnectedNodeList,size=4
info|2026-02-07 00:23:27.267644|fisco-bcos-0x000076674f7fc6c0|SyncConfig: setConnectedNodeList,size=4
info|2026-02-07 00:23:27.267726|fisco-bcos-0x000076674f7fc6c0|[FRONTSERVICE]notifyGroupNodeInfo,connectedNodeSize=4
info|2026-02-07 00:23:27.387023|fisco-bcos-0x000076674a9ff6c0|[TIMESYNC]updateTimeInfo: update median time offset,updatedMedianTimeOffset=0,peer=21a47ace...,peerTime=1770395007386,peerOffset=-1,utcTime=1770395007387
info|2026-02-07 00:23:27.389474|fisco-bcos-0x0000766751bc06c0|[TIMESYNC]updateTimeInfo: update median time offset,updatedMedianTimeOffset=0,peer=2346c69c...,peerTime=1770395007388,peerOffset=-1,utcTime=1770395007389
info|2026-02-07 00:23:27.416174|fisco-bcos-0x00007667527c36c0|[TIMESYNC]updateTimeInfo: update median time offset,updatedMedianTimeOffset=0,peer=0d6a7f52...,peerTime=1770395007415,peerOffset=-1,utcTime=1770395007416
info|2026-02-07 00:23:28.193607|amopDispatcher-0x0000766778ffd6c0|[AMOP][AMOP][onReceiveTopicSeqMessage][try to request latest AMOP information],nodeID=3082010a0282010100a492268b412bea3e8f972dff0dc52c521cd06884f53d90f3889c7014f7cb635c38a07b81af9630f2b04238a726b029af6b4b924e132710d2894b7175f12a5e323a7119afd27786b01965d49b9c885ff3768f40b9d57817bc1305124f40ced3b1ac99666773a3a64cce079e95acbc31d42f416aad362594008547aae561213b022db32ed9d1bd67df5c020bc44dcc073982b4566fd04048555b1ea84279063d5b1047e9f42776ef03677d2dd1454433fdb3feced3f41b92efdfeda545d56c1c9ba349584c9095f3ad9e31c2db11cbe3007ee7817f5846f87eb01c296d81b36dbbc765b4c7af74aface1276dd4fd91963729e495694b6af5c0d6111c49115a2c3f0203010001,topicSeq=1
info|2026-02-07 00:23:28.194558|amopDispatcher-0x0000766778ffd6c0|[AMOP][AMOP][onReceiveTopicSeqMessage][try to request latest AMOP information],nodeID=3082010a0282010100d938a7d0e5078fdc3bfe83bfe8c789160de4c9e207ff836ef8d64a0c846f5f628646fe9170bec49eec44aebb3f17334e76b1003dae65d6858a626d60a3ff3dbbff8cf15ca934ca0f7a09b9ae6c17c911bb2f6083cab81540e00a8d9b9393a3341b90dd134f4a2ec21f1d8c55c2df687896873a36661a862226614582077d41811bcb3e6632cbf1767f6189b76054e8186606ee5a2c73bffe1bd6c8fc415f481324f015045231d662173b6f7e814068dffd598ce9a6f4630744bb0aa80f9f74403f4c3da3ca856b40d043885cc1e7beac524853fafb01fb61c3023ab04047e29d50a5d4cd612fc9ae90e7832fde7d1dea0804dc16fff17500517be0bf5d28f4ab0203010001,topicSeq=1
info|2026-02-07 00:23:28.217221|amopDispatcher-0x0000766778ffd6c0|[AMOP][TOPIC][parseTopicItemsJson],topicSeq=1,topicItems size=0,json={"topicItems":[],"topicSeq":1}
info|2026-02-07 00:23:28.217294|amopDispatcher-0x0000766778ffd6c0|[AMOP][TOPIC][updateSeqAndTopicsByNodeID],nodeID=3082010a0282010100d938a7d0e5078fdc3bfe83bfe8c789160de4c9e207ff836ef8d64a0c846f5f628646fe9170bec49eec44aebb3f17334e76b1003dae65d6858a626d60a3ff3dbbff8cf15ca934ca0f7a09b9ae6c17c911bb2f6083cab81540e00a8d9b9393a3341b90dd134f4a2ec21f1d8c55c2df687896873a36661a862226614582077d41811bcb3e6632cbf1767f6189b76054e8186606ee5a2c73bffe1bd6c8fc415f481324f015045231d662173b6f7e814068dffd598ce9a6f4630744bb0aa80f9f74403f4c3da3ca856b40d043885cc1e7beac524853fafb01fb61c3023ab04047e29d50a5d4cd612fc9ae90e7832fde7d1dea0804dc16fff17500517be0bf5d28f4ab0203010001,topicSeq=1,topicItems size=0
info|2026-02-07 00:23:28.217800|amopDispatcher-0x0000766778ffd6c0|[AMOP][AMOP][onReceiveRequestTopicMessage],nodeID=3082010a0282010100d938a7d0e5078fdc3bfe83bfe8c789160de4c9e207ff836ef8d64a0c846f5f628646fe9170bec49eec44aebb3f17334e76b1003dae65d6858a626d60a3ff3dbbff8cf15ca934ca0f7a09b9ae6c17c911bb2f6083cab81540e00a8d9b9393a3341b90dd134f4a2ec21f1d8c55c2df687896873a36661a862226614582077d41811bcb3e6632cbf1767f6189b76054e8186606ee5a2c73bffe1bd6c8fc415f481324f015045231d662173b6f7e814068dffd598ce9a6f4630744bb0aa80f9f74403f4c3da3ca856b40d043885cc1e7beac524853fafb01fb61c3023ab04047e29d50a5d4cd612fc9ae90e7832fde7d1dea0804dc16fff17500517be0bf5d28f4ab0203010001,topicJson={"topicItems":[],"topicSeq":1}
info|2026-02-07 00:23:28.218141|amopDispatcher-0x0000766778ffd6c0|[AMOP][AMOP][onReceiveRequestTopicMessage],nodeID=3082010a02820101009d9833c7e1dbf7d476b1fd7227e247b488323cbd272862d096a4010035236b7d36e2aede87e4f36adfd2e2e44f2945e9a4170901f5865f04cb779a1c1e1fc2f3e56fc6ea80a2665d5da60fce851ccd94bb60aced8e256a551ebb6edcf78febb8eb8bbb3c4fab73bacd5675925d72c787a8d8e179c70b24c484ae98ea7cc956a196c0c8266073d549963e44bfee479261b4c7a5497320d8a89de71743baf1516450118e57b4b07227de0429adf0d02305ad79d40958f48b3c7d6802814fc5c25be7c54c85463c993254d08401e1c7c1cc5586b265a1616617cc2ba7f29e928ff792e4ff33ada9b1bb7ee5a43130da18ba109a9e2186dfa6c2dc1d823e9066e1590203010001,topicJson={"topicItems":[],"topicSeq":1}
info|2026-02-07 00:23:28.221528|amopDispatcher-0x0000766778ffd6c0|[AMOP][AMOP][onReceiveTopicSeqMessage][try to request latest AMOP information],nodeID=3082010a02820101009d9833c7e1dbf7d476b1fd7227e247b488323cbd272862d096a4010035236b7d36e2aede87e4f36adfd2e2e44f2945e9a4170901f5865f04cb779a1c1e1fc2f3e56fc6ea80a2665d5da60fce851ccd94bb60aced8e256a551ebb6edcf78febb8eb8bbb3c4fab73bacd5675925d72c787a8d8e179c70b24c484ae98ea7cc956a196c0c8266073d549963e44bfee479261b4c7a5497320d8a89de71743baf1516450118e57b4b07227de0429adf0d02305ad79d40958f48b3c7d6802814fc5c25be7c54c85463c993254d08401e1c7c1cc5586b265a1616617cc2ba7f29e928ff792e4ff33ada9b1bb7ee5a43130da18ba109a9e2186dfa6c2dc1d823e9066e1590203010001,topicSeq=1
info|2026-02-07 00:23:28.223207|amopDispatcher-0x0000766778ffd6c0|[AMOP][TOPIC][parseTopicItemsJson],topicSeq=1,topicItems size=0,json={"topicItems":[],"topicSeq":1}
info|2026-02-07 00:23:28.223337|amopDispatcher-0x0000766778ffd6c0|[AMOP][TOPIC][updateSeqAndTopicsByNodeID],nodeID=3082010a02820101009d9833c7e1dbf7d476b1fd7227e247b488323cbd272862d096a4010035236b7d36e2aede87e4f36adfd2e2e44f2945e9a4170901f5865f04cb779a1c1e1fc2f3e56fc6ea80a2665d5da60fce851ccd94bb60aced8e256a551ebb6edcf78febb8eb8bbb3c4fab73bacd5675925d72c787a8d8e179c70b24c484ae98ea7cc956a196c0c8266073d549963e44bfee479261b4c7a5497320d8a89de71743baf1516450118e57b4b07227de0429adf0d02305ad79d40958f48b3c7d6802814fc5c25be7c54c85463c993254d08401e1c7c1cc5586b265a1616617cc2ba7f29e928ff792e4ff33ada9b1bb7ee5a43130da18ba109a9e2186dfa6c2dc1d823e9066e1590203010001,topicSeq=1,topicItems size=0
info|2026-02-07 00:23:28.238598|amopDispatcher-0x0000766778ffd6c0|[AMOP][TOPIC][parseTopicItemsJson],topicSeq=1,topicItems size=0,json={"topicItems":[],"topicSeq":1}
info|2026-02-07 00:23:28.238773|amopDispatcher-0x0000766778ffd6c0|[AMOP][TOPIC][updateSeqAndTopicsByNodeID],nodeID=3082010a0282010100a492268b412bea3e8f972dff0dc52c521cd06884f53d90f3889c7014f7cb635c38a07b81af9630f2b04238a726b029af6b4b924e132710d2894b7175f12a5e323a7119afd27786b01965d49b9c885ff3768f40b9d57817bc1305124f40ced3b1ac99666773a3a64cce079e95acbc31d42f416aad362594008547aae561213b022db32ed9d1bd67df5c020bc44dcc073982b4566fd04048555b1ea84279063d5b1047e9f42776ef03677d2dd1454433fdb3feced3f41b92efdfeda545d56c1c9ba349584c9095f3ad9e31c2db11cbe3007ee7817f5846f87eb01c296d81b36dbbc765b4c7af74aface1276dd4fd91963729e495694b6af5c0d6111c49115a2c3f0203010001,topicSeq=1,topicItems size=0
info|2026-02-07 00:23:28.282397|amopDispatcher-0x0000766778ffd6c0|[AMOP][AMOP][onReceiveRequestTopicMessage],nodeID=3082010a0282010100a492268b412bea3e8f972dff0dc52c521cd06884f53d90f3889c7014f7cb635c38a07b81af9630f2b04238a726b029af6b4b924e132710d2894b7175f12a5e323a7119afd27786b01965d49b9c885ff3768f40b9d57817bc1305124f40ced3b1ac99666773a3a64cce079e95acbc31d42f416aad362594008547aae561213b022db32ed9d1bd67df5c020bc44dcc073982b4566fd04048555b1ea84279063d5b1047e9f42776ef03677d2dd1454433fdb3feced3f41b92efdfeda545d56c1c9ba349584c9095f3ad9e31c2db11cbe3007ee7817f5846f87eb01c296d81b36dbbc765b4c7af74aface1276dd4fd91963729e495694b6af5c0d6111c49115a2c3f0203010001,topicJson={"topicItems":[],"topicSeq":1}
info|2026-02-07 00:23:29.183645|pbft-0x0000766744df86c0|[CONSENSUS][PBFT]addViewChangeReq,reqHash=285b0eda...,reqIndex=130,reqV=3,fromIdx=1,wait(ms)=1,weight=1,maxCommittedIndex=130,maxPrecommitIndex=0 preparedProposalInfo: ,committedIndex=130,consNum=131,committedHash=285b0eda...,view=0,toView=2,changeCycle=0,expectedCheckPoint=131,Idx=3,unsealedTxs=0,sealUntil=0,waitResealUntil=0,consensusTimeout=3000,nodeId=5b07d12d...
info|2026-02-07 00:23:29.184066|pbft-0x0000766744df86c0|[CONSENSUS][PBFT]addViewChangeReq,reqHash=285b0eda...,reqIndex=130,reqV=3,fromIdx=2,wait(ms)=2,weight=2,maxCommittedIndex=130,maxPrecommitIndex=0 preparedProposalInfo: ,committedIndex=130,consNum=131,committedHash=285b0eda...,view=0,toView=2,changeCycle=0,expectedCheckPoint=131,Idx=3,unsealedTxs=0,sealUntil=0,waitResealUntil=0,consensusTimeout=3000,nodeId=5b07d12d...
info|2026-02-07 00:23:29.184099|pbft-0x0000766744df86c0|[CONSENSUS][PBFT]tryToTriggerFastViewChange,viewToReach=3,committedIndex=130,consNum=131,committedHash=285b0eda...,view=0,toView=2,changeCycle=0,expectedCheckPoint=131,Idx=3,unsealedTxs=0,sealUntil=0,waitResealUntil=0,consensusTimeout=3000,nodeId=5b07d12d...
info|2026-02-07 00:23:29.184204|pbft-0x0000766744df86c0|[CONSENSUS][PBFT]notify the committed proposal index to the sync module success,index=130
info|2026-02-07 00:23:29.184555|pbft-0x0000766744df86c0|[CONSENSUS][PBFT]broadcastViewChangeReq,reqHash=285b0eda...,reqIndex=130,reqV=3,fromIdx=3,wait(ms)=0,packetSize=162
info|2026-02-07 00:23:29.184613|pbft-0x0000766744df86c0|[CONSENSUS][PBFT]addViewChangeReq,reqHash=285b0eda...,reqIndex=130,reqV=3,fromIdx=3,wait(ms)=0,weight=3,maxCommittedIndex=130,maxPrecommitIndex=0 preparedProposalInfo: ,committedIndex=130,consNum=131,committedHash=285b0eda...,view=0,toView=3,changeCycle=0,expectedCheckPoint=131,Idx=3,unsealedTxs=0,sealUntil=0,waitResealUntil=0,consensusTimeout=3000,nodeId=5b07d12d...
info|2026-02-07 00:23:29.186997|pbft-0x0000766744df86c0|[CONSENSUS][PBFT]handleNewViewMsg: receive newViewChangeMsg,reqHash=285b0eda...,reqIndex=130,reqV=3,fromIdx=2,wait(ms)=1,committedIndex=130,consNum=131,committedHash=285b0eda...,view=0,toView=3,changeCycle=0,expectedCheckPoint=131,Idx=3,unsealedTxs=0,sealUntil=0,waitResealUntil=0,consensusTimeout=3000,nodeId=5b07d12d...
info|2026-02-07 00:23:29.188535|pbft-0x0000766744df86c0|[CONSENSUS][PBFT]handleNewViewMsg success,reqHash=285b0eda...,reqIndex=130,reqV=3,fromIdx=2,wait(ms)=2,committedIndex=130,consNum=131,committedHash=285b0eda...,view=0,toView=3,changeCycle=0,expectedCheckPoint=131,Idx=3,unsealedTxs=0,sealUntil=0,waitResealUntil=0,consensusTimeout=3000,nodeId=5b07d12d...
info|2026-02-07 00:23:29.188671|pbft-0x0000766744df86c0|[CONSENSUS][PBFT]resetNewViewState,m_view=0,_view=3
info|2026-02-07 00:23:29.188816|pbft-0x0000766744df86c0|[CONSENSUS][PBFT]resetCacheAfterViewChange,view=3,number=130,cacheSize=0
info|2026-02-07 00:23:29.189066|pbft-0x0000766744df86c0|[CONSENSUS][PBFT]reachNewView,committedIndex=130,consNum=131,committedHash=285b0eda...,view=3,toView=3,changeCycle=0,expectedCheckPoint=131,Idx=3,unsealedTxs=0,sealUntil=0,waitResealUntil=0,consensusTimeout=3000,nodeId=5b07d12d...
info|2026-02-07 00:23:29.189197|pbft-0x0000766744df86c0|[CONSENSUS][PBFT]notify to seal next proposal,nextProposalIndex=131
info|2026-02-07 00:23:29.189216|pbft-0x0000766744df86c0|[CONSENSUS][PBFT]notifyResetSealing,committedIndex=130,consNum=131,committedHash=285b0eda...,view=3,toView=3,changeCycle=0,expectedCheckPoint=131,Idx=3,unsealedTxs=0,sealUntil=0,waitResealUntil=0,consensusTimeout=3000,nodeId=5b07d12d...
info|2026-02-07 00:23:29.189266|pbft-0x0000766744df86c0|[CONSENSUS][SEALER]resetSealing,startNum=131,endNum=131,sealingNum=131,pendingTxs=0,unsealedTxs=0
info|2026-02-07 00:23:29.189289|pbft-0x0000766744df86c0|[CONSENSUS][PBFT]notifyResetSealing success,committedIndex=130,consNum=131,committedHash=285b0eda...,view=3,toView=3,changeCycle=0,expectedCheckPoint=131,Idx=3,unsealedTxs=0,sealUntil=0,waitResealUntil=0,consensusTimeout=3000,nodeId=5b07d12d...
info|2026-02-07 00:23:29.189313|pbft-0x0000766744df86c0|[CONSENSUS][PBFT]reNotifySealer,expectedStart=131,highWaterMark=181,leader=2,committedIndex=130,consNum=131,committedHash=285b0eda...,view=3,toView=3,changeCycle=0,expectedCheckPoint=131,Idx=3,unsealedTxs=0,sealUntil=0,waitResealUntil=0,consensusTimeout=3000,nodeId=5b07d12d...
info|2026-02-07 00:23:29.189365|pbft-0x0000766744df86c0|[CONSENSUS][PBFT]sendRecoverResponse to the node try to trigger viewchange,dst=0d6a7f52...,reqHash=285b0eda...,reqIndex=130,reqV=3,fromIdx=0,wait(ms)=3,committedIndex=130,consNum=131,committedHash=285b0eda...,view=3,toView=3,changeCycle=0,expectedCheckPoint=131,Idx=3,unsealedTxs=0,sealUntil=0,waitResealUntil=0,consensusTimeout=3000,nodeId=5b07d12d...
info|2026-02-07 00:23:29.190351|pbft-0x0000766744df86c0|[CONSENSUS][PBFT]addViewChangeReq,reqHash=285b0eda...,reqIndex=130,reqV=3,fromIdx=0,wait(ms)=4,weight=1,maxCommittedIndex=130,maxPrecommitIndex=0 preparedProposalInfo: ,committedIndex=130,consNum=131,committedHash=285b0eda...,view=3,toView=3,changeCycle=0,expectedCheckPoint=131,Idx=3,unsealedTxs=0,sealUntil=0,waitResealUntil=0,consensusTimeout=3000,nodeId=5b07d12d...
info|2026-02-07 00:23:29.698646|ioService-0x00007667227fd6c0|[DEFAULT][HTTP][SESSION][onRead]receive http request
info|2026-02-07 00:23:32.699102|ioService-0x00007667227fd6c0|[DEFAULT][HTTP][SESSION][onRead]receive http request
info|2026-02-07 00:23:35.702365|ioService-0x00007667227fd6c0|[DEFAULT][HTTP][SESSION][onRead]receive http request
info|2026-02-07 00:23:36.192695|ioService-0x00007667415fe6c0|[NETWORK][Host]P2P Recv Connect, From=127.0.0.1:52746
info|2026-02-07 00:23:36.192771|ioService-0x00007667415fe6c0|[NETWORK][Host]P2P StartAccept,Host=0.0.0.0:30303
info|2026-02-07 00:23:36.194592|ioService-0x00007667415fe6c0|[NETWORK][Host]P2P Recv Connect, From=127.0.0.1:52752
info|2026-02-07 00:23:36.194867|ioService-0x00007667415fe6c0|[NETWORK][Host]P2P StartAccept,Host=0.0.0.0:30303
info|2026-02-07 00:23:36.200468|ioService-0x000076673ddf76c0|[Gateway][Factory][NEW]SSLContext pubHex: 3082010a0282010100a9ba081864ed1c68f5b81b4fa31a3cb4c81583e0e7c5eec4d7249ecd7d2c8f901393580ca25747abc4e01775b9ff41392cf15074a577cc078f4b07f3152faa0dfe540c63b8de93fbc3afe02564592e274c9c1a76bb0cc8c4692d9404f8e0b7b5440bd66d6e70c33a6d35aca5767a88332fd7853571427789bb25413b734abc293a58791b28aece40a8f74238c2f8b0d32bbbb5f020cfd72ad86d4fb6f1904605a5f43f0f58ed4c826346ad1b71ddac3a15040d6cd21f31f9044b82e690f91329d956b39005f4ab421029ebe499a3fe7179586deded25784665d8949c4db5defd0cbbaf2f27221f3d59e7314f4374086dceea8903a6aedc17d8ca5c7ec4b03fef0203010001
info|2026-02-07 00:23:36.200517|ioService-0x000076673ddf76c0|[NETWORK][Host]Get ca basic failed
info|2026-02-07 00:23:36.200685|ioService-0x000076673ddf76c0|[Gateway][Factory][NEW]SSLContext pubHex: 3082010a0282010100a492268b412bea3e8f972dff0dc52c521cd06884f53d90f3889c7014f7cb635c38a07b81af9630f2b04238a726b029af6b4b924e132710d2894b7175f12a5e323a7119afd27786b01965d49b9c885ff3768f40b9d57817bc1305124f40ced3b1ac99666773a3a64cce079e95acbc31d42f416aad362594008547aae561213b022db32ed9d1bd67df5c020bc44dcc073982b4566fd04048555b1ea84279063d5b1047e9f42776ef03677d2dd1454433fdb3feced3f41b92efdfeda545d56c1c9ba349584c9095f3ad9e31c2db11cbe3007ee7817f5846f87eb01c296d81b36dbbc765b4c7af74aface1276dd4fd91963729e495694b6af5c0d6111c49115a2c3f0203010001
info|2026-02-07 00:23:36.200705|ioService-0x000076673ddf76c0|[Gateway][Factory][NEW]SSLContext pubHex: A492268B412BEA3E8F972DFF0DC52C521CD06884F53D90F3889C7014F7CB635C38A07B81AF9630F2B04238A726B029AF6B4B924E132710D2894B7175F12A5E323A7119AFD27786B01965D49B9C885FF3768F40B9D57817BC1305124F40CED3B1AC99666773A3A64CCE079E95ACBC31D42F416AAD362594008547AAE561213B022DB32ED9D1BD67DF5C020BC44DCC073982B4566FD04048555B1EA84279063D5B1047E9F42776EF03677D2DD1454433FDB3FECED3F41B92EFDFEDA545D56C1C9BA349584C9095F3AD9E31C2DB11CBE3007EE7817F5846F87EB01C296D81B36DBBC765B4C7AF74AFACE1276DD4FD91963729E495694B6AF5C0D6111C49115A2C3F
info|2026-02-07 00:23:36.201141|fisco-bcos-0x000076674c3fe6c0|[P2PService][Service2][onReceiveRouterSeq]receive router seq and request router table,peer=3082010a0282010100a492268b412bea3e8f972dff0dc52c521cd06884f53d90f3889c7014f7cb635c38a07b81af9630f2b04238a726b029af6b4b924e132710d2894b7175f12a5e323a7119afd27786b01965d49b9c885ff3768f40b9d57817bc1305124f40ced3b1ac99666773a3a64cce079e95acbc31d42f416aad362594008547aae561213b022db32ed9d1bd67df5c020bc44dcc073982b4566fd04048555b1ea84279063d5b1047e9f42776ef03677d2dd1454433fdb3feced3f41b92efdfeda545d56c1c9ba349584c9095f3ad9e31c2db11cbe3007ee7817f5846f87eb01c296d81b36dbbc765b4c7af74aface1276dd4fd91963729e495694b6af5c0d6111c49115a2c3f0203010001,seq=7
info|2026-02-07 00:23:36.201286|fisco-bcos-0x000076674dbff6c0|[P2PService][Service2][onReceiveRouterSeq]receive router seq and request router table,peer=3082010a02820101009d9833c7e1dbf7d476b1fd7227e247b488323cbd272862d096a4010035236b7d36e2aede87e4f36adfd2e2e44f2945e9a4170901f5865f04cb779a1c1e1fc2f3e56fc6ea80a2665d5da60fce851ccd94bb60aced8e256a551ebb6edcf78febb8eb8bbb3c4fab73bacd5675925d72c787a8d8e179c70b24c484ae98ea7cc956a196c0c8266073d549963e44bfee479261b4c7a5497320d8a89de71743baf1516450118e57b4b07227de0429adf0d02305ad79d40958f48b3c7d6802814fc5c25be7c54c85463c993254d08401e1c7c1cc5586b265a1616617cc2ba7f29e928ff792e4ff33ada9b1bb7ee5a43130da18ba109a9e2186dfa6c2dc1d823e9066e1590203010001,seq=7
info|2026-02-07 00:23:36.201872|ioService-0x000076673ddf76c0|[NETWORK][Host]obtainP2pInfo ,node_info=3082010a0282010100a492268b412bea3e8f972dff0dc52c521cd06884f53d90f3889c7014f7cb635c38a07b81af9630f2b04238a726b029af6b4b924e132710d2894b7175f12a5e323a7119afd27786b01965d49b9c885ff3768f40b9d57817bc1305124f40ced3b1ac99666773a3a64cce079e95acbc31d42f416aad362594008547aae561213b022db32ed9d1bd67df5c020bc44dcc073982b4566fd04048555b1ea84279063d5b1047e9f42776ef03677d2dd1454433fdb3feced3f41b92efdfeda545d56c1c9ba349584c9095f3ad9e31c2db11cbe3007ee7817f5846f87eb01c296d81b36dbbc765b4c7af74aface1276dd4fd91963729e495694b6af5c0d6111c49115a2c3f0203010001#A492268B412BEA3E8F972DFF0DC52C521CD06884F53D90F3889C7014F7CB635C38A07B81AF9630F2B04238A726B029AF6B4B924E132710D2894B7175F12A5E323A7119AFD27786B01965D49B9C885FF3768F40B9D57817BC1305124F40CED3B1AC99666773A3A64CCE079E95ACBC31D42F416AAD362594008547AAE561213B022DB32ED9D1BD67DF5C020BC44DCC073982B4566FD04048555B1EA84279063D5B1047E9F42776EF03677D2DD1454433FDB3FECED3F41B92EFDFEDA545D56C1C9BA349584C9095F3AD9E31C2DB11CBE3007EE7817F5846F87EB01C296D81B36DBBC765B4C7AF74AFACE1276DD4FD91963729E495694B6AF5C0D6111C49115A2C3F#/CN=FISCO-BCOS-e9f43089/O=FISCO-BCOS-e9f43089/OU=chain#/CN=FISCO-BCOS-e9f43089/O=fisco-bcos/OU=agency,p2pid=3082010a0282010100a492268b412bea3e8f972dff0dc52c521cd06884f53d90f3889c7014f7cb635c38a07b81af9630f2b04238a726b029af6b4b924e132710d2894b7175f12a5e323a7119afd27786b01965d49b9c885ff3768f40b9d57817bc1305124f40ced3b1ac99666773a3a64cce079e95acbc31d42f416aad362594008547aae561213b022db32ed9d1bd67df5c020bc44dcc073982b4566fd04048555b1ea84279063d5b1047e9f42776ef03677d2dd1454433fdb3feced3f41b92efdfeda545d56c1c9ba349584c9095f3ad9e31c2db11cbe3007ee7817f5846f87eb01c296d81b36dbbc765b4c7af74aface1276dd4fd91963729e495694b6af5c0d6111c49115a2c3f0203010001
info|2026-02-07 00:23:36.201929|ioService-0x000076673ddf76c0|[NETWORK][Host]handshakeServer succ,remote endpoint=127.0.0.1:52746,nodeid=3082010a0282010100a492268b412bea3e8f972dff0dc52c521cd06884f53d90f3889c7014f7cb635c38a07b81af9630f2b04238a726b029af6b4b924e132710d2894b7175f12a5e323a7119afd27786b01965d49b9c885ff3768f40b9d57817bc1305124f40ced3b1ac99666773a3a64cce079e95acbc31d42f416aad362594008547aae561213b022db32ed9d1bd67df5c020bc44dcc073982b4566fd04048555b1ea84279063d5b1047e9f42776ef03677d2dd1454433fdb3feced3f41b92efdfeda545d56c1c9ba349584c9095f3ad9e31c2db11cbe3007ee7817f5846f87eb01c296d81b36dbbc765b4c7af74aface1276dd4fd91963729e495694b6af5c0d6111c49115a2c3f0203010001
info|2026-02-07 00:23:36.202675|ioService-0x000076673d5f66c0|[Gateway][Factory][NEW]SSLContext pubHex: 3082010a0282010100a9ba081864ed1c68f5b81b4fa31a3cb4c81583e0e7c5eec4d7249ecd7d2c8f901393580ca25747abc4e01775b9ff41392cf15074a577cc078f4b07f3152faa0dfe540c63b8de93fbc3afe02564592e274c9c1a76bb0cc8c4692d9404f8e0b7b5440bd66d6e70c33a6d35aca5767a88332fd7853571427789bb25413b734abc293a58791b28aece40a8f74238c2f8b0d32bbbb5f020cfd72ad86d4fb6f1904605a5f43f0f58ed4c826346ad1b71ddac3a15040d6cd21f31f9044b82e690f91329d956b39005f4ab421029ebe499a3fe7179586deded25784665d8949c4db5defd0cbbaf2f27221f3d59e7314f4374086dceea8903a6aedc17d8ca5c7ec4b03fef0203010001
info|2026-02-07 00:23:36.202837|ioService-0x000076673d5f66c0|[NETWORK][Host]Get ca basic failed
info|2026-02-07 00:23:36.202957|ioService-0x000076673ddf76c0|[SESSION][Session][Session::Session] this=0x766774a5d1d0,recvBufferSize=67108864
info|2026-02-07 00:23:36.203035|fisco-bcos-0x000076674a9ff6c0|[P2PService][Service2][onReceivePeersRouterTable],peer=3082010a0282010100a492268b412bea3e8f972dff0dc52c521cd06884f53d90f3889c7014f7cb635c38a07b81af9630f2b04238a726b029af6b4b924e132710d2894b7175f12a5e323a7119afd27786b01965d49b9c885ff3768f40b9d57817bc1305124f40ced3b1ac99666773a3a64cce079e95acbc31d42f416aad362594008547aae561213b022db32ed9d1bd67df5c020bc44dcc073982b4566fd04048555b1ea84279063d5b1047e9f42776ef03677d2dd1454433fdb3feced3f41b92efdfeda545d56c1c9ba349584c9095f3ad9e31c2db11cbe3007ee7817f5846f87eb01c296d81b36dbbc765b4c7af74aface1276dd4fd91963729e495694b6af5c0d6111c49115a2c3f0203010001,entrySize=3
info|2026-02-07 00:23:36.203124|fisco-bcos-0x000076674a9ff6c0|[P2PService][Service2][joinRouterTable]create router entry,dst=3082010a0282010100a492268b412bea3e8f972dff0dc52c521cd06884f53d90f3889c7014f7cb635c38a07b81af9630f2b04238a726b029af6b4b924e132710d2894b7175f12a5e323a7119afd27786b01965d49b9c885ff3768f40b9d57817bc1305124f40ced3b1ac99666773a3a64cce079e95acbc31d42f416aad362594008547aae561213b022db32ed9d1bd67df5c020bc44dcc073982b4566fd04048555b1ea84279063d5b1047e9f42776ef03677d2dd1454433fdb3feced3f41b92efdfeda545d56c1c9ba349584c9095f3ad9e31c2db11cbe3007ee7817f5846f87eb01c296d81b36dbbc765b4c7af74aface1276dd4fd91963729e495694b6af5c0d6111c49115a2c3f0203010001
info|2026-02-07 00:23:36.203177|ioService-0x000076673d5f66c0|[Gateway][Factory][NEW]SSLContext pubHex: 3082010a0282010100d938a7d0e5078fdc3bfe83bfe8c789160de4c9e207ff836ef8d64a0c846f5f628646fe9170bec49eec44aebb3f17334e76b1003dae65d6858a626d60a3ff3dbbff8cf15ca934ca0f7a09b9ae6c17c911bb2f6083cab81540e00a8d9b9393a3341b90dd134f4a2ec21f1d8c55c2df687896873a36661a862226614582077d41811bcb3e6632cbf1767f6189b76054e8186606ee5a2c73bffe1bd6c8fc415f481324f015045231d662173b6f7e814068dffd598ce9a6f4630744bb0aa80f9f74403f4c3da3ca856b40d043885cc1e7beac524853fafb01fb61c3023ab04047e29d50a5d4cd612fc9ae90e7832fde7d1dea0804dc16fff17500517be0bf5d28f4ab0203010001
info|2026-02-07 00:23:36.203203|ioService-0x000076673d5f66c0|[Gateway][Factory][NEW]SSLContext pubHex: D938A7D0E5078FDC3BFE83BFE8C789160DE4C9E207FF836EF8D64A0C846F5F628646FE9170BEC49EEC44AEBB3F17334E76B1003DAE65D6858A626D60A3FF3DBBFF8CF15CA934CA0F7A09B9AE6C17C911BB2F6083CAB81540E00A8D9B9393A3341B90DD134F4A2EC21F1D8C55C2DF687896873A36661A862226614582077D41811BCB3E6632CBF1767F6189B76054E8186606EE5A2C73BFFE1BD6C8FC415F481324F015045231D662173B6F7E814068DFFD598CE9A6F4630744BB0AA80F9F74403F4C3DA3CA856B40D043885CC1E7BEAC524853FAFB01FB61C3023AB04047E29D50A5D4CD612FC9AE90E7832FDE7D1DEA0804DC16FFF17500517BE0BF5D28F4AB
info|2026-02-07 00:23:36.203419|ioService-0x000076673ddf76c0|[SessionFactory]create new session,sessionRecvBufferSize=67108864,allowMaxMsgSize=33554432,maxReadDataSize=40960,maxSendDataSize=1048576,maxSendMsgCountS=10,enableCompress=true
info|2026-02-07 00:23:36.203550|fisco-bcos-0x000076674c3fe6c0|[P2PService][Service2][onReceivePeersRouterTable],peer=3082010a02820101009d9833c7e1dbf7d476b1fd7227e247b488323cbd272862d096a4010035236b7d36e2aede87e4f36adfd2e2e44f2945e9a4170901f5865f04cb779a1c1e1fc2f3e56fc6ea80a2665d5da60fce851ccd94bb60aced8e256a551ebb6edcf78febb8eb8bbb3c4fab73bacd5675925d72c787a8d8e179c70b24c484ae98ea7cc956a196c0c8266073d549963e44bfee479261b4c7a5497320d8a89de71743baf1516450118e57b4b07227de0429adf0d02305ad79d40958f48b3c7d6802814fc5c25be7c54c85463c993254d08401e1c7c1cc5586b265a1616617cc2ba7f29e928ff792e4ff33ada9b1bb7ee5a43130da18ba109a9e2186dfa6c2dc1d823e9066e1590203010001,entrySize=3
info|2026-02-07 00:23:36.203631|fisco-bcos-0x000076674c3fe6c0|[P2PService][Service2][joinRouterTable]create router entry,dst=3082010a02820101009d9833c7e1dbf7d476b1fd7227e247b488323cbd272862d096a4010035236b7d36e2aede87e4f36adfd2e2e44f2945e9a4170901f5865f04cb779a1c1e1fc2f3e56fc6ea80a2665d5da60fce851ccd94bb60aced8e256a551ebb6edcf78febb8eb8bbb3c4fab73bacd5675925d72c787a8d8e179c70b24c484ae98ea7cc956a196c0c8266073d549963e44bfee479261b4c7a5497320d8a89de71743baf1516450118e57b4b07227de0429adf0d02305ad79d40958f48b3c7d6802814fc5c25be7c54c85463c993254d08401e1c7c1cc5586b265a1616617cc2ba7f29e928ff792e4ff33ada9b1bb7ee5a43130da18ba109a9e2186dfa6c2dc1d823e9066e1590203010001
info|2026-02-07 00:23:36.203713|ioService-0x000076673ddf76c0|[NETWORK][Host]startPeerSession, Remote=127.0.0.1:52746,local endpoint=127.0.0.1:30303,p2pid=3082010a0282010100a492268b412bea3e8f972dff0dc52c521cd06884f53d90f3889c7014f7cb635c38a07b81af9630f2b04238a726b029af6b4b924e132710d2894b7175f12a5e323a7119afd27786b01965d49b9c885ff3768f40b9d57817bc1305124f40ced3b1ac99666773a3a64cce079e95acbc31d42f416aad362594008547aae561213b022db32ed9d1bd67df5c020bc44dcc073982b4566fd04048555b1ea84279063d5b1047e9f42776ef03677d2dd1454433fdb3feced3f41b92efdfeda545d56c1c9ba349584c9095f3ad9e31c2db11cbe3007ee7817f5846f87eb01c296d81b36dbbc765b4c7af74aface1276dd4fd91963729e495694b6af5c0d6111c49115a2c3f0203010001
info|2026-02-07 00:23:36.203755|fisco-bcos-0x000076674a9ff6c0|[P2PService][Service]onConnect,p2pid=3082010a0282010100a492268b412bea3e8f972dff0dc52c521cd06884f53d90f3889c7014f7cb635c38a07b81af9630f2b04238a726b029af6b4b924e132710d2894b7175f12a5e323a7119afd27786b01965d49b9c885ff3768f40b9d57817bc1305124f40ced3b1ac99666773a3a64cce079e95acbc31d42f416aad362594008547aae561213b022db32ed9d1bd67df5c020bc44dcc073982b4566fd04048555b1ea84279063d5b1047e9f42776ef03677d2dd1454433fdb3feced3f41b92efdfeda545d56c1c9ba349584c9095f3ad9e31c2db11cbe3007ee7817f5846f87eb01c296d81b36dbbc765b4c7af74aface1276dd4fd91963729e495694b6af5c0d6111c49115a2c3f0203010001,endpoint=127.0.0.1
info|2026-02-07 00:23:36.203798|fisco-bcos-0x000076674a9ff6c0|[P2PService][Service]Disconnect duplicate peer,p2pid=3082010a0282010100a492268b412bea3e8f972dff0dc52c521cd06884f53d90f3889c7014f7cb635c38a07b81af9630f2b04238a726b029af6b4b924e132710d2894b7175f12a5e323a7119afd27786b01965d49b9c885ff3768f40b9d57817bc1305124f40ced3b1ac99666773a3a64cce079e95acbc31d42f416aad362594008547aae561213b022db32ed9d1bd67df5c020bc44dcc073982b4566fd04048555b1ea84279063d5b1047e9f42776ef03677d2dd1454433fdb3feced3f41b92efdfeda545d56c1c9ba349584c9095f3ad9e31c2db11cbe3007ee7817f5846f87eb01c296d81b36dbbc765b4c7af74aface1276dd4fd91963729e495694b6af5c0d6111c49115a2c3f0203010001
info|2026-02-07 00:23:36.204250|fisco-bcos-0x000076674a9ff6c0|[SESSION][Session][Session::~Session] this=0x766774a5d1d0
info|2026-02-07 00:23:36.204437|ioService-0x000076673d5f66c0|[NETWORK][Host]obtainP2pInfo ,node_info=3082010a0282010100d938a7d0e5078fdc3bfe83bfe8c789160de4c9e207ff836ef8d64a0c846f5f628646fe9170bec49eec44aebb3f17334e76b1003dae65d6858a626d60a3ff3dbbff8cf15ca934ca0f7a09b9ae6c17c911bb2f6083cab81540e00a8d9b9393a3341b90dd134f4a2ec21f1d8c55c2df687896873a36661a862226614582077d41811bcb3e6632cbf1767f6189b76054e8186606ee5a2c73bffe1bd6c8fc415f481324f015045231d662173b6f7e814068dffd598ce9a6f4630744bb0aa80f9f74403f4c3da3ca856b40d043885cc1e7beac524853fafb01fb61c3023ab04047e29d50a5d4cd612fc9ae90e7832fde7d1dea0804dc16fff17500517be0bf5d28f4ab0203010001#D938A7D0E5078FDC3BFE83BFE8C789160DE4C9E207FF836EF8D64A0C846F5F628646FE9170BEC49EEC44AEBB3F17334E76B1003DAE65D6858A626D60A3FF3DBBFF8CF15CA934CA0F7A09B9AE6C17C911BB2F6083CAB81540E00A8D9B9393A3341B90DD134F4A2EC21F1D8C55C2DF687896873A36661A862226614582077D41811BCB3E6632CBF1767F6189B76054E8186606EE5A2C73BFFE1BD6C8FC415F481324F015045231D662173B6F7E814068DFFD598CE9A6F4630744BB0AA80F9F74403F4C3DA3CA856B40D043885CC1E7BEAC524853FAFB01FB61C3023AB04047E29D50A5D4CD612FC9AE90E7832FDE7D1DEA0804DC16FFF17500517BE0BF5D28F4AB#/CN=FISCO-BCOS-e9f43089/O=FISCO-BCOS-e9f43089/OU=chain#/CN=FISCO-BCOS-e9f43089/O=fisco-bcos/OU=agency,p2pid=3082010a0282010100d938a7d0e5078fdc3bfe83bfe8c789160de4c9e207ff836ef8d64a0c846f5f628646fe9170bec49eec44aebb3f17334e76b1003dae65d6858a626d60a3ff3dbbff8cf15ca934ca0f7a09b9ae6c17c911bb2f6083cab81540e00a8d9b9393a3341b90dd134f4a2ec21f1d8c55c2df687896873a36661a862226614582077d41811bcb3e6632cbf1767f6189b76054e8186606ee5a2c73bffe1bd6c8fc415f481324f015045231d662173b6f7e814068dffd598ce9a6f4630744bb0aa80f9f74403f4c3da3ca856b40d043885cc1e7beac524853fafb01fb61c3023ab04047e29d50a5d4cd612fc9ae90e7832fde7d1dea0804dc16fff17500517be0bf5d28f4ab0203010001
info|2026-02-07 00:23:36.204762|ioService-0x000076673d5f66c0|[NETWORK][Host]handshakeServer succ,remote endpoint=127.0.0.1:52752,nodeid=3082010a0282010100d938a7d0e5078fdc3bfe83bfe8c789160de4c9e207ff836ef8d64a0c846f5f628646fe9170bec49eec44aebb3f17334e76b1003dae65d6858a626d60a3ff3dbbff8cf15ca934ca0f7a09b9ae6c17c911bb2f6083cab81540e00a8d9b9393a3341b90dd134f4a2ec21f1d8c55c2df687896873a36661a862226614582077d41811bcb3e6632cbf1767f6189b76054e8186606ee5a2c73bffe1bd6c8fc415f481324f015045231d662173b6f7e814068dffd598ce9a6f4630744bb0aa80f9f74403f4c3da3ca856b40d043885cc1e7beac524853fafb01fb61c3023ab04047e29d50a5d4cd612fc9ae90e7832fde7d1dea0804dc16fff17500517be0bf5d28f4ab0203010001
info|2026-02-07 00:23:36.205980|ioService-0x000076673d5f66c0|[SESSION][Session][Session::Session] this=0x766716e5d1d0,recvBufferSize=67108864
info|2026-02-07 00:23:36.206361|ioService-0x000076673d5f66c0|[SessionFactory]create new session,sessionRecvBufferSize=67108864,allowMaxMsgSize=33554432,maxReadDataSize=40960,maxSendDataSize=1048576,maxSendMsgCountS=10,enableCompress=true
info|2026-02-07 00:23:36.206854|ioService-0x000076673d5f66c0|[NETWORK][Host]startPeerSession, Remote=127.0.0.1:52752,local endpoint=127.0.0.1:30303,p2pid=3082010a0282010100d938a7d0e5078fdc3bfe83bfe8c789160de4c9e207ff836ef8d64a0c846f5f628646fe9170bec49eec44aebb3f17334e76b1003dae65d6858a626d60a3ff3dbbff8cf15ca934ca0f7a09b9ae6c17c911bb2f6083cab81540e00a8d9b9393a3341b90dd134f4a2ec21f1d8c55c2df687896873a36661a862226614582077d41811bcb3e6632cbf1767f6189b76054e8186606ee5a2c73bffe1bd6c8fc415f481324f015045231d662173b6f7e814068dffd598ce9a6f4630744bb0aa80f9f74403f4c3da3ca856b40d043885cc1e7beac524853fafb01fb61c3023ab04047e29d50a5d4cd612fc9ae90e7832fde7d1dea0804dc16fff17500517be0bf5d28f4ab0203010001
info|2026-02-07 00:23:36.206963|fisco-bcos-0x000076674a9ff6c0|[P2PService][Service]onConnect,p2pid=3082010a0282010100d938a7d0e5078fdc3bfe83bfe8c789160de4c9e207ff836ef8d64a0c846f5f628646fe9170bec49eec44aebb3f17334e76b1003dae65d6858a626d60a3ff3dbbff8cf15ca934ca0f7a09b9ae6c17c911bb2f6083cab81540e00a8d9b9393a3341b90dd134f4a2ec21f1d8c55c2df687896873a36661a862226614582077d41811bcb3e6632cbf1767f6189b76054e8186606ee5a2c73bffe1bd6c8fc415f481324f015045231d662173b6f7e814068dffd598ce9a6f4630744bb0aa80f9f74403f4c3da3ca856b40d043885cc1e7beac524853fafb01fb61c3023ab04047e29d50a5d4cd612fc9ae90e7832fde7d1dea0804dc16fff17500517be0bf5d28f4ab0203010001,endpoint=127.0.0.1
info|2026-02-07 00:23:36.207022|fisco-bcos-0x000076674a9ff6c0|[P2PService][Service]Disconnect duplicate peer,p2pid=3082010a0282010100d938a7d0e5078fdc3bfe83bfe8c789160de4c9e207ff836ef8d64a0c846f5f628646fe9170bec49eec44aebb3f17334e76b1003dae65d6858a626d60a3ff3dbbff8cf15ca934ca0f7a09b9ae6c17c911bb2f6083cab81540e00a8d9b9393a3341b90dd134f4a2ec21f1d8c55c2df687896873a36661a862226614582077d41811bcb3e6632cbf1767f6189b76054e8186606ee5a2c73bffe1bd6c8fc415f481324f015045231d662173b6f7e814068dffd598ce9a6f4630744bb0aa80f9f74403f4c3da3ca856b40d043885cc1e7beac524853fafb01fb61c3023ab04047e29d50a5d4cd612fc9ae90e7832fde7d1dea0804dc16fff17500517be0bf5d28f4ab0203010001
info|2026-02-07 00:23:36.207041|fisco-bcos-0x000076674a9ff6c0|[SESSION][Session][Session::~Session] this=0x766716e5d1d0
info|2026-02-07 00:23:36.216144|ioService-0x00007667431ff6c0|[P2PService][Service][METRIC]heartBeat,connected count=3
info|2026-02-07 00:23:38.703032|ioService-0x00007667227fd6c0|[DEFAULT][HTTP][SESSION][onRead]receive http request
info|2026-02-07 00:23:41.704699|ioService-0x00007667227fd6c0|[DEFAULT][HTTP][SESSION][onRead]receive http request
info|2026-02-07 00:23:44.705382|ioService-0x00007667227fd6c0|[DEFAULT][HTTP][SESSION][onRead]receive http request
info|2026-02-07 00:23:46.216522|ioService-0x00007667431ff6c0|[P2PService][Service][METRIC]heartBeat,connected count=3
info|2026-02-07 00:23:46.222793|timerFactory-0x00007667361ff6c0|[RPC][WS][SERVICE]connected nodes,count=0
info|2026-02-07 00:23:46.235894|timerFactory-0x0000766724dff6c0|[RPC][WS][SERVICE]connected nodes,count=0
info|2026-02-07 00:23:47.705714|ioService-0x00007667227fd6c0|[DEFAULT][HTTP][SESSION][onRead]receive http request
info|2026-02-07 00:23:50.708936|ioService-0x00007667227fd6c0|[DEFAULT][HTTP][SESSION][onRead]receive http request
info|2026-02-07 00:23:53.711259|ioService-0x00007667227fd6c0|[DEFAULT][HTTP][SESSION][onRead]receive http request
info|2026-02-07 00:23:56.302233|ioService-0x00007667431ff6c0|[P2PService][Service][METRIC]heartBeat,connected count=3
info|2026-02-07 00:23:56.308543|timerFactory-0x00007667361ff6c0|[RPC][WS][SERVICE]connected nodes,count=0
info|2026-02-07 00:23:56.321407|timerFactory-0x0000766724dff6c0|[RPC][WS][SERVICE]connected nodes,count=0
info|2026-02-07 00:23:56.794984|ioService-0x00007667227fd6c0|[DEFAULT][HTTP][SESSION][onRead]receive http request
info|2026-02-07 00:23:59.796724|ioService-0x00007667227fd6c0|[DEFAULT][HTTP][SESSION][onRead]receive http request
info|2026-02-07 00:24:02.797622|ioService-0x00007667227fd6c0|[DEFAULT][HTTP][SESSION][onRead]receive http request
info|2026-02-07 00:24:05.799386|ioService-0x00007667227fd6c0|[DEFAULT][HTTP][SESSION][onRead]receive http request
info|2026-02-07 00:24:06.302402|ioService-0x00007667431ff6c0|[P2PService][Service][METRIC]heartBeat,connected count=3
info|2026-02-07 00:24:06.308702|timerFactory-0x00007667361ff6c0|[RPC][WS][SERVICE]connected nodes,count=0
info|2026-02-07 00:24:06.321497|timerFactory-0x0000766724dff6c0|[RPC][WS][SERVICE]connected nodes,count=0
info|2026-02-07 00:24:08.800521|ioService-0x00007667227fd6c0|[DEFAULT][HTTP][SESSION][onRead]receive http request
info|2026-02-07 00:24:11.804956|ioService-0x00007667227fd6c0|[DEFAULT][HTTP][SESSION][onRead]receive http request
info|2026-02-07 00:24:14.804916|ioService-0x00007667227fd6c0|[DEFAULT][HTTP][SESSION][onRead]receive http request
info|2026-02-07 00:24:15.842272|ioService-0x00007667405fc6c0|[SESSION][Session]doRead error,endpoint=127.0.0.1:30300,message=stream truncated
info|2026-02-07 00:24:15.842393|ioService-0x00007667405fc6c0|[SESSION][Session]drop, call and erase all callback in this session!,this=0x766725488390,endpoint=127.0.0.1:30300
warning|2026-02-07 00:24:15.842505|ioService-0x000076670fdf86c0|[P2PService][Service2][onMessage],code=3,msg=Disconnect
info|2026-02-07 00:24:15.842527|ioService-0x000076670fdf86c0|[P2PService][Service]disconnect error P2PSession,p2pid=3082010a0282010100a492268b412bea3e8f972dff0dc52c521cd06884f53d90f3889c7014f7cb635c38a07b81af9630f2b04238a726b029af6b4b924e132710d2894b7175f12a5e323a7119afd27786b01965d49b9c885ff3768f40b9d57817bc1305124f40ced3b1ac99666773a3a64cce079e95acbc31d42f416aad362594008547aae561213b022db32ed9d1bd67df5c020bc44dcc073982b4566fd04048555b1ea84279063d5b1047e9f42776ef03677d2dd1454433fdb3feced3f41b92efdfeda545d56c1c9ba349584c9095f3ad9e31c2db11cbe3007ee7817f5846f87eb01c296d81b36dbbc765b4c7af74aface1276dd4fd91963729e495694b6af5c0d6111c49115a2c3f0203010001,endpoint=127.0.0.1:30300,code=3,message=Disconnect
info|2026-02-07 00:24:15.842533|ioService-0x000076670fdf86c0|[Gateway][GatewayNodeManager]onRemoveNodeIDs,p2pid=3082010a0282010100a492268b412bea3e8f972dff0dc52c521cd06884f53d90f3889c7014f7cb635c38a07b81af9630f2b04238a726b029af6b4b924e132710d2894b7175f12a5e323a7119afd27786b01965d49b9c885ff3768f40b9d57817bc1305124f40ced3b1ac99666773a3a64cce079e95acbc31d42f416aad362594008547aae561213b022db32ed9d1bd67df5c020bc44dcc073982b4566fd04048555b1ea84279063d5b1047e9f42776ef03677d2dd1454433fdb3feced3f41b92efdfeda545d56c1c9ba349584c9095f3ad9e31c2db11cbe3007ee7817f5846f87eb01c296d81b36dbbc765b4c7af74aface1276dd4fd91963729e495694b6af5c0d6111c49115a2c3f0203010001
info|2026-02-07 00:24:15.842537|ioService-0x000076670fdf86c0|[Gateway][Router]PeersRouterTable: removeP2PID,p2pID=3082010a0282010100a492268b412bea3e8f972dff0dc52c521cd06884f53d90f3889c7014f7cb635c38a07b81af9630f2b04238a726b029af6b4b924e132710d2894b7175f12a5e323a7119afd27786b01965d49b9c885ff3768f40b9d57817bc1305124f40ced3b1ac99666773a3a64cce079e95acbc31d42f416aad362594008547aae561213b022db32ed9d1bd67df5c020bc44dcc073982b4566fd04048555b1ea84279063d5b1047e9f42776ef03677d2dd1454433fdb3feced3f41b92efdfeda545d56c1c9ba349584c9095f3ad9e31c2db11cbe3007ee7817f5846f87eb01c296d81b36dbbc765b4c7af74aface1276dd4fd91963729e495694b6af5c0d6111c49115a2c3f0203010001
info|2026-02-07 00:24:15.842550|ioService-0x000076670fdf86c0|[Gateway][Router]GatewayStatus: removeP2PNode,p2pID=3082010a0282010100a492268b412bea3e8f972dff0dc52c521cd06884f53d90f3889c7014f7cb635c38a07b81af9630f2b04238a726b029af6b4b924e132710d2894b7175f12a5e323a7119afd27786b01965d49b9c885ff3768f40b9d57817bc1305124f40ced3b1ac99666773a3a64cce079e95acbc31d42f416aad362594008547aae561213b022db32ed9d1bd67df5c020bc44dcc073982b4566fd04048555b1ea84279063d5b1047e9f42776ef03677d2dd1454433fdb3feced3f41b92efdfeda545d56c1c9ba349584c9095f3ad9e31c2db11cbe3007ee7817f5846f87eb01c296d81b36dbbc765b4c7af74aface1276dd4fd91963729e495694b6af5c0d6111c49115a2c3f0203010001
info|2026-02-07 00:24:15.842553|ioService-0x000076670fdf86c0|[Gateway][Router]GatewayStatus: removeP2PNode,p2pID=3082010a0282010100a492268b412bea3e8f972dff0dc52c521cd06884f53d90f3889c7014f7cb635c38a07b81af9630f2b04238a726b029af6b4b924e132710d2894b7175f12a5e323a7119afd27786b01965d49b9c885ff3768f40b9d57817bc1305124f40ced3b1ac99666773a3a64cce079e95acbc31d42f416aad362594008547aae561213b022db32ed9d1bd67df5c020bc44dcc073982b4566fd04048555b1ea84279063d5b1047e9f42776ef03677d2dd1454433fdb3feced3f41b92efdfeda545d56c1c9ba349584c9095f3ad9e31c2db11cbe3007ee7817f5846f87eb01c296d81b36dbbc765b4c7af74aface1276dd4fd91963729e495694b6af5c0d6111c49115a2c3f0203010001
info|2026-02-07 00:24:15.842555|ioService-0x000076670fdf86c0|[Gateway][Router]GatewayStatus: removeP2PNode,p2pID=3082010a0282010100a492268b412bea3e8f972dff0dc52c521cd06884f53d90f3889c7014f7cb635c38a07b81af9630f2b04238a726b029af6b4b924e132710d2894b7175f12a5e323a7119afd27786b01965d49b9c885ff3768f40b9d57817bc1305124f40ced3b1ac99666773a3a64cce079e95acbc31d42f416aad362594008547aae561213b022db32ed9d1bd67df5c020bc44dcc073982b4566fd04048555b1ea84279063d5b1047e9f42776ef03677d2dd1454433fdb3feced3f41b92efdfeda545d56c1c9ba349584c9095f3ad9e31c2db11cbe3007ee7817f5846f87eb01c296d81b36dbbc765b4c7af74aface1276dd4fd91963729e495694b6af5c0d6111c49115a2c3f0203010001
info|2026-02-07 00:24:15.842562|ioService-0x000076670fdf86c0|[Gateway][GatewayNodeManager]syncLatestNodeIDList,groupID=group0,nodeCount=3
info|2026-02-07 00:24:15.842567|ioService-0x000076670fdf86c0|[FrontService]protocolNegotiate success,nodeID=5b07d12d1512a66493c8fd3456d8c505e6ce05f20061613a4c48a1fa3755bbf9cc2d2f1878c4a6733389f03deb0a3fc0c672e2f4910fde9802d6675929cb3dc5,groupID=group0,minVersion=0,maxVersion=2,supportedMinVersion=0,supportedMaxVersion=2,version=2
info|2026-02-07 00:24:15.842570|ioService-0x000076670fdf86c0|[FrontService]protocolNegotiate success,nodeID=0d6a7f52cb87ce7fda869e0db309ec9c53723c46f81632c21e4abbf1a9159f14d53f37cc0c4141548da9ec877d6235afd7a501c40d296fc4c5252a8717aa23c2,groupID=group0,minVersion=0,maxVersion=2,supportedMinVersion=0,supportedMaxVersion=2,version=2
info|2026-02-07 00:24:15.842574|ioService-0x000076670fdf86c0|[FrontService]protocolNegotiate success,nodeID=21a47acec36f73d8e925a7d5db44793f998e1a42a6d7ee2e3a5cf4037b853452cb76f6cbab8e5b223a128e8ee15790d1f629858b47070b4eb2e1ddb2b0ada297,groupID=group0,minVersion=0,maxVersion=2,supportedMinVersion=0,supportedMaxVersion=2,version=2
info|2026-02-07 00:24:15.842577|ioService-0x000076670fdf86c0|[FrontService]onReceiveGroupNodeInfo,groupID=group0,nodeIDs.size()=3
info|2026-02-07 00:24:15.842588|ioService-0x000076670fdf86c0|[P2PService][Router][erase]make the router unreachable,dst=3082010a0282010100a492268b412bea3e8f972dff0dc52c521cd06884f53d90f3889c7014f7cb635c38a07b81af9630f2b04238a726b029af6b4b924e132710d2894b7175f12a5e323a7119afd27786b01965d49b9c885ff3768f40b9d57817bc1305124f40ced3b1ac99666773a3a64cce079e95acbc31d42f416aad362594008547aae561213b022db32ed9d1bd67df5c020bc44dcc073982b4566fd04048555b1ea84279063d5b1047e9f42776ef03677d2dd1454433fdb3feced3f41b92efdfeda545d56c1c9ba349584c9095f3ad9e31c2db11cbe3007ee7817f5846f87eb01c296d81b36dbbc765b4c7af74aface1276dd4fd91963729e495694b6af5c0d6111c49115a2c3f0203010001,distance=10,size=3
info|2026-02-07 00:24:15.842593|ioService-0x000076670fdf86c0|[Gateway][GatewayNodeManager]onRemoveNodeIDs,p2pid=3082010a0282010100a492268b412bea3e8f972dff0dc52c521cd06884f53d90f3889c7014f7cb635c38a07b81af9630f2b04238a726b029af6b4b924e132710d2894b7175f12a5e323a7119afd27786b01965d49b9c885ff3768f40b9d57817bc1305124f40ced3b1ac99666773a3a64cce079e95acbc31d42f416aad362594008547aae561213b022db32ed9d1bd67df5c020bc44dcc073982b4566fd04048555b1ea84279063d5b1047e9f42776ef03677d2dd1454433fdb3feced3f41b92efdfeda545d56c1c9ba349584c9095f3ad9e31c2db11cbe3007ee7817f5846f87eb01c296d81b36dbbc765b4c7af74aface1276dd4fd91963729e495694b6af5c0d6111c49115a2c3f0203010001
info|2026-02-07 00:24:15.842595|ioService-0x000076670fdf86c0|[Gateway][Router]PeersRouterTable: removeP2PID,p2pID=3082010a0282010100a492268b412bea3e8f972dff0dc52c521cd06884f53d90f3889c7014f7cb635c38a07b81af9630f2b04238a726b029af6b4b924e132710d2894b7175f12a5e323a7119afd27786b01965d49b9c885ff3768f40b9d57817bc1305124f40ced3b1ac99666773a3a64cce079e95acbc31d42f416aad362594008547aae561213b022db32ed9d1bd67df5c020bc44dcc073982b4566fd04048555b1ea84279063d5b1047e9f42776ef03677d2dd1454433fdb3feced3f41b92efdfeda545d56c1c9ba349584c9095f3ad9e31c2db11cbe3007ee7817f5846f87eb01c296d81b36dbbc765b4c7af74aface1276dd4fd91963729e495694b6af5c0d6111c49115a2c3f0203010001
info|2026-02-07 00:24:15.842597|ioService-0x000076670fdf86c0|[Gateway][Router]GatewayStatus: removeP2PNode,p2pID=3082010a0282010100a492268b412bea3e8f972dff0dc52c521cd06884f53d90f3889c7014f7cb635c38a07b81af9630f2b04238a726b029af6b4b924e132710d2894b7175f12a5e323a7119afd27786b01965d49b9c885ff3768f40b9d57817bc1305124f40ced3b1ac99666773a3a64cce079e95acbc31d42f416aad362594008547aae561213b022db32ed9d1bd67df5c020bc44dcc073982b4566fd04048555b1ea84279063d5b1047e9f42776ef03677d2dd1454433fdb3feced3f41b92efdfeda545d56c1c9ba349584c9095f3ad9e31c2db11cbe3007ee7817f5846f87eb01c296d81b36dbbc765b4c7af74aface1276dd4fd91963729e495694b6af5c0d6111c49115a2c3f0203010001
info|2026-02-07 00:24:15.842601|ioService-0x000076670fdf86c0|[Gateway][Router]GatewayStatus: removeP2PNode,p2pID=3082010a0282010100a492268b412bea3e8f972dff0dc52c521cd06884f53d90f3889c7014f7cb635c38a07b81af9630f2b04238a726b029af6b4b924e132710d2894b7175f12a5e323a7119afd27786b01965d49b9c885ff3768f40b9d57817bc1305124f40ced3b1ac99666773a3a64cce079e95acbc31d42f416aad362594008547aae561213b022db32ed9d1bd67df5c020bc44dcc073982b4566fd04048555b1ea84279063d5b1047e9f42776ef03677d2dd1454433fdb3feced3f41b92efdfeda545d56c1c9ba349584c9095f3ad9e31c2db11cbe3007ee7817f5846f87eb01c296d81b36dbbc765b4c7af74aface1276dd4fd91963729e495694b6af5c0d6111c49115a2c3f0203010001
info|2026-02-07 00:24:15.842603|ioService-0x000076670fdf86c0|[Gateway][Router]GatewayStatus: removeP2PNode,p2pID=3082010a0282010100a492268b412bea3e8f972dff0dc52c521cd06884f53d90f3889c7014f7cb635c38a07b81af9630f2b04238a726b029af6b4b924e132710d2894b7175f12a5e323a7119afd27786b01965d49b9c885ff3768f40b9d57817bc1305124f40ced3b1ac99666773a3a64cce079e95acbc31d42f416aad362594008547aae561213b022db32ed9d1bd67df5c020bc44dcc073982b4566fd04048555b1ea84279063d5b1047e9f42776ef03677d2dd1454433fdb3feced3f41b92efdfeda545d56c1c9ba349584c9095f3ad9e31c2db11cbe3007ee7817f5846f87eb01c296d81b36dbbc765b4c7af74aface1276dd4fd91963729e495694b6af5c0d6111c49115a2c3f0203010001
info|2026-02-07 00:24:15.842659|ioService-0x000076670da706c0|SyncConfig: setConnectedNodeList,size=3
info|2026-02-07 00:24:15.842777|fisco-bcos-0x000076670edf46c0|[P2PService][Service2][onReceiveRouterSeq]receive router seq and request router table,peer=3082010a02820101009d9833c7e1dbf7d476b1fd7227e247b488323cbd272862d096a4010035236b7d36e2aede87e4f36adfd2e2e44f2945e9a4170901f5865f04cb779a1c1e1fc2f3e56fc6ea80a2665d5da60fce851ccd94bb60aced8e256a551ebb6edcf78febb8eb8bbb3c4fab73bacd5675925d72c787a8d8e179c70b24c484ae98ea7cc956a196c0c8266073d549963e44bfee479261b4c7a5497320d8a89de71743baf1516450118e57b4b07227de0429adf0d02305ad79d40958f48b3c7d6802814fc5c25be7c54c85463c993254d08401e1c7c1cc5586b265a1616617cc2ba7f29e928ff792e4ff33ada9b1bb7ee5a43130da18ba109a9e2186dfa6c2dc1d823e9066e1590203010001,seq=8
info|2026-02-07 00:24:15.842844|ioService-0x00007667405fc6c0|[SESSION][Session][drop] closing remote 127.0.0.1:30300,reason=Low-level TCP communication error.,endpoint=127.0.0.1:30300
info|2026-02-07 00:24:15.842840|ioService-0x000076670fdf86c0|[Gateway][GatewayNodeManager]syncLatestNodeIDList,groupID=group0,nodeCount=3
info|2026-02-07 00:24:15.842910|ioService-0x000076670fdf86c0|[FrontService]protocolNegotiate success,nodeID=5b07d12d1512a66493c8fd3456d8c505e6ce05f20061613a4c48a1fa3755bbf9cc2d2f1878c4a6733389f03deb0a3fc0c672e2f4910fde9802d6675929cb3dc5,groupID=group0,minVersion=0,maxVersion=2,supportedMinVersion=0,supportedMaxVersion=2,version=2
info|2026-02-07 00:24:15.842933|ioService-0x000076670fdf86c0|[FrontService]protocolNegotiate success,nodeID=0d6a7f52cb87ce7fda869e0db309ec9c53723c46f81632c21e4abbf1a9159f14d53f37cc0c4141548da9ec877d6235afd7a501c40d296fc4c5252a8717aa23c2,groupID=group0,minVersion=0,maxVersion=2,supportedMinVersion=0,supportedMaxVersion=2,version=2
info|2026-02-07 00:24:15.842940|ioService-0x000076670fdf86c0|[FrontService]protocolNegotiate success,nodeID=21a47acec36f73d8e925a7d5db44793f998e1a42a6d7ee2e3a5cf4037b853452cb76f6cbab8e5b223a128e8ee15790d1f629858b47070b4eb2e1ddb2b0ada297,groupID=group0,minVersion=0,maxVersion=2,supportedMinVersion=0,supportedMaxVersion=2,version=2
info|2026-02-07 00:24:15.842947|ioService-0x000076670fdf86c0|[FrontService]onReceiveGroupNodeInfo,groupID=group0,nodeIDs.size()=3
info|2026-02-07 00:24:15.842999|ioService-0x00007667405fc6c0|[SESSION][Session][drop] shutdown failed ,failedValue=9,message=Bad file descriptor
info|2026-02-07 00:24:15.843122|ioService-0x000076670fdf86c0|[P2PService][Service2][onEraseSession],dst=3082010a0282010100a492268b412bea3e8f972dff0dc52c521cd06884f53d90f3889c7014f7cb635c38a07b81af9630f2b04238a726b029af6b4b924e132710d2894b7175f12a5e323a7119afd27786b01965d49b9c885ff3768f40b9d57817bc1305124f40ced3b1ac99666773a3a64cce079e95acbc31d42f416aad362594008547aae561213b022db32ed9d1bd67df5c020bc44dcc073982b4566fd04048555b1ea84279063d5b1047e9f42776ef03677d2dd1454433fdb3feced3f41b92efdfeda545d56c1c9ba349584c9095f3ad9e31c2db11cbe3007ee7817f5846f87eb01c296d81b36dbbc765b4c7af74aface1276dd4fd91963729e495694b6af5c0d6111c49115a2c3f0203010001
info|2026-02-07 00:24:15.843138|ioService-0x000076670fdf86c0|[P2PService][Service]onDisconnect,code=3,what=Dynamic exception type: bcos::gateway::NetworkException
std::exception::what: Disconnect
info|2026-02-07 00:24:15.843201|ioService-0x000076670fdf86c0|[P2PService][P2PSession][P2PSession::~P2PSession] this=0x76674d6131d0
info|2026-02-07 00:24:15.843241|ioService-0x000076670fdf86c0|[SESSION][Session][Session::~Session] this=0x766725488390
info|2026-02-07 00:24:15.843264|ioService-0x000076670da706c0|SyncConfig: setConnectedNodeList,size=3
info|2026-02-07 00:24:15.843278|ioService-0x000076670da706c0|[FRONTSERVICE]notifyGroupNodeInfo,connectedNodeSize=3
info|2026-02-07 00:24:15.843331|ioService-0x000076670d66f6c0|SyncConfig: setConnectedNodeList,size=3
info|2026-02-07 00:24:15.843363|ioService-0x000076670d66f6c0|SyncConfig: setConnectedNodeList,size=3
info|2026-02-07 00:24:15.843367|ioService-0x000076670d66f6c0|[FRONTSERVICE]notifyGroupNodeInfo,connectedNodeSize=3
info|2026-02-07 00:24:15.843698|ioService-0x000076670ca6c6c0|[P2PService][Service2][onReceiveRouterSeq]receive router seq and request router table,peer=3082010a0282010100d938a7d0e5078fdc3bfe83bfe8c789160de4c9e207ff836ef8d64a0c846f5f628646fe9170bec49eec44aebb3f17334e76b1003dae65d6858a626d60a3ff3dbbff8cf15ca934ca0f7a09b9ae6c17c911bb2f6083cab81540e00a8d9b9393a3341b90dd134f4a2ec21f1d8c55c2df687896873a36661a862226614582077d41811bcb3e6632cbf1767f6189b76054e8186606ee5a2c73bffe1bd6c8fc415f481324f015045231d662173b6f7e814068dffd598ce9a6f4630744bb0aa80f9f74403f4c3da3ca856b40d043885cc1e7beac524853fafb01fb61c3023ab04047e29d50a5d4cd612fc9ae90e7832fde7d1dea0804dc16fff17500517be0bf5d28f4ab0203010001,seq=5
info|2026-02-07 00:24:15.843870|ioService-0x000076670da706c0|[P2PService][Service2][onReceiveRouterTableRequest],peer=3082010a0282010100d938a7d0e5078fdc3bfe83bfe8c789160de4c9e207ff836ef8d64a0c846f5f628646fe9170bec49eec44aebb3f17334e76b1003dae65d6858a626d60a3ff3dbbff8cf15ca934ca0f7a09b9ae6c17c911bb2f6083cab81540e00a8d9b9393a3341b90dd134f4a2ec21f1d8c55c2df687896873a36661a862226614582077d41811bcb3e6632cbf1767f6189b76054e8186606ee5a2c73bffe1bd6c8fc415f481324f015045231d662173b6f7e814068dffd598ce9a6f4630744bb0aa80f9f74403f4c3da3ca856b40d043885cc1e7beac524853fafb01fb61c3023ab04047e29d50a5d4cd612fc9ae90e7832fde7d1dea0804dc16fff17500517be0bf5d28f4ab0203010001,entrySize=3
info|2026-02-07 00:24:15.844221|ioService-0x000076670e1f16c0|[P2PService][Service2][onReceiveRouterTableRequest],peer=3082010a02820101009d9833c7e1dbf7d476b1fd7227e247b488323cbd272862d096a4010035236b7d36e2aede87e4f36adfd2e2e44f2945e9a4170901f5865f04cb779a1c1e1fc2f3e56fc6ea80a2665d5da60fce851ccd94bb60aced8e256a551ebb6edcf78febb8eb8bbb3c4fab73bacd5675925d72c787a8d8e179c70b24c484ae98ea7cc956a196c0c8266073d549963e44bfee479261b4c7a5497320d8a89de71743baf1516450118e57b4b07227de0429adf0d02305ad79d40958f48b3c7d6802814fc5c25be7c54c85463c993254d08401e1c7c1cc5586b265a1616617cc2ba7f29e928ff792e4ff33ada9b1bb7ee5a43130da18ba109a9e2186dfa6c2dc1d823e9066e1590203010001,entrySize=3
info|2026-02-07 00:24:15.844270|ioService-0x000076670da706c0|[P2PService][Service2][onReceivePeersRouterTable],peer=3082010a0282010100d938a7d0e5078fdc3bfe83bfe8c789160de4c9e207ff836ef8d64a0c846f5f628646fe9170bec49eec44aebb3f17334e76b1003dae65d6858a626d60a3ff3dbbff8cf15ca934ca0f7a09b9ae6c17c911bb2f6083cab81540e00a8d9b9393a3341b90dd134f4a2ec21f1d8c55c2df687896873a36661a862226614582077d41811bcb3e6632cbf1767f6189b76054e8186606ee5a2c73bffe1bd6c8fc415f481324f015045231d662173b6f7e814068dffd598ce9a6f4630744bb0aa80f9f74403f4c3da3ca856b40d043885cc1e7beac524853fafb01fb61c3023ab04047e29d50a5d4cd612fc9ae90e7832fde7d1dea0804dc16fff17500517be0bf5d28f4ab0203010001,entrySize=3
info|2026-02-07 00:24:15.844299|ioService-0x000076670da706c0|[P2PService][Service2][joinRouterTable]create router entry,dst=3082010a0282010100d938a7d0e5078fdc3bfe83bfe8c789160de4c9e207ff836ef8d64a0c846f5f628646fe9170bec49eec44aebb3f17334e76b1003dae65d6858a626d60a3ff3dbbff8cf15ca934ca0f7a09b9ae6c17c911bb2f6083cab81540e00a8d9b9393a3341b90dd134f4a2ec21f1d8c55c2df687896873a36661a862226614582077d41811bcb3e6632cbf1767f6189b76054e8186606ee5a2c73bffe1bd6c8fc415f481324f015045231d662173b6f7e814068dffd598ce9a6f4630744bb0aa80f9f74403f4c3da3ca856b40d043885cc1e7beac524853fafb01fb61c3023ab04047e29d50a5d4cd612fc9ae90e7832fde7d1dea0804dc16fff17500517be0bf5d28f4ab0203010001
info|2026-02-07 00:24:15.844946|ioService-0x000076670f5f66c0|[P2PService][Service2][onReceivePeersRouterTable],peer=3082010a02820101009d9833c7e1dbf7d476b1fd7227e247b488323cbd272862d096a4010035236b7d36e2aede87e4f36adfd2e2e44f2945e9a4170901f5865f04cb779a1c1e1fc2f3e56fc6ea80a2665d5da60fce851ccd94bb60aced8e256a551ebb6edcf78febb8eb8bbb3c4fab73bacd5675925d72c787a8d8e179c70b24c484ae98ea7cc956a196c0c8266073d549963e44bfee479261b4c7a5497320d8a89de71743baf1516450118e57b4b07227de0429adf0d02305ad79d40958f48b3c7d6802814fc5c25be7c54c85463c993254d08401e1c7c1cc5586b265a1616617cc2ba7f29e928ff792e4ff33ada9b1bb7ee5a43130da18ba109a9e2186dfa6c2dc1d823e9066e1590203010001,entrySize=3
info|2026-02-07 00:24:15.844978|ioService-0x000076670f5f66c0|[P2PService][Service2][joinRouterTable]create router entry,dst=3082010a02820101009d9833c7e1dbf7d476b1fd7227e247b488323cbd272862d096a4010035236b7d36e2aede87e4f36adfd2e2e44f2945e9a4170901f5865f04cb779a1c1e1fc2f3e56fc6ea80a2665d5da60fce851ccd94bb60aced8e256a551ebb6edcf78febb8eb8bbb3c4fab73bacd5675925d72c787a8d8e179c70b24c484ae98ea7cc956a196c0c8266073d549963e44bfee479261b4c7a5497320d8a89de71743baf1516450118e57b4b07227de0429adf0d02305ad79d40958f48b3c7d6802814fc5c25be7c54c85463c993254d08401e1c7c1cc5586b265a1616617cc2ba7f29e928ff792e4ff33ada9b1bb7ee5a43130da18ba109a9e2186dfa6c2dc1d823e9066e1590203010001
info|2026-02-07 00:24:16.302569|ioService-0x00007667431ff6c0|[NETWORK][Host]Connecting to node,endpoint=127.0.0.1:30300
info|2026-02-07 00:24:16.302803|ioService-0x00007667431ff6c0|[P2PService][Service][METRIC]heartBeat,connected count=2
info|2026-02-07 00:24:16.302993|ioService-0x0000766741dff6c0|[ASIO][ASIO]asyncResolveConnect,endpoint=127.0.0.1:30300
error|2026-02-07 00:24:16.303114|ioService-0x000076673c5f46c0|[NETWORK][Host]TCP Connection refused by node,endpoint=127.0.0.1:30300,message=Connection refused
warning|2026-02-07 00:24:16.303396|ioService-0x000076670da706c0|[P2PService][Service]onConnect,code=5,p2pid=,nodeName=,endpoint=unknown,message=Connect failed
info|2026-02-07 00:24:16.308788|timerFactory-0x00007667361ff6c0|[RPC][WS][SERVICE]connected nodes,count=0
info|2026-02-07 00:24:16.321592|timerFactory-0x0000766724dff6c0|[RPC][WS][SERVICE]connected nodes,count=0
info|2026-02-07 00:24:16.918122|ioService-0x000076673fdfb6c0|[SESSION][Session]doRead error,endpoint=127.0.0.1:30301,message=Connection reset by peer
info|2026-02-07 00:24:16.918394|ioService-0x000076673fdfb6c0|[SESSION][Session]drop, call and erase all callback in this session!,this=0x7667338881d0,endpoint=127.0.0.1:30301
info|2026-02-07 00:24:16.918664|ioService-0x000076673fdfb6c0|[SESSION][Session][drop] closing remote 0.0.0.0:0,reason=Low-level TCP communication error.,endpoint=127.0.0.1:30301
warning|2026-02-07 00:24:16.918980|ioService-0x000076670c26a6c0|[P2PService][Service2][onMessage],code=3,msg=Disconnect
info|2026-02-07 00:24:16.919054|ioService-0x000076670c26a6c0|[P2PService][Service]disconnect error P2PSession,p2pid=3082010a0282010100d938a7d0e5078fdc3bfe83bfe8c789160de4c9e207ff836ef8d64a0c846f5f628646fe9170bec49eec44aebb3f17334e76b1003dae65d6858a626d60a3ff3dbbff8cf15ca934ca0f7a09b9ae6c17c911bb2f6083cab81540e00a8d9b9393a3341b90dd134f4a2ec21f1d8c55c2df687896873a36661a862226614582077d41811bcb3e6632cbf1767f6189b76054e8186606ee5a2c73bffe1bd6c8fc415f481324f015045231d662173b6f7e814068dffd598ce9a6f4630744bb0aa80f9f74403f4c3da3ca856b40d043885cc1e7beac524853fafb01fb61c3023ab04047e29d50a5d4cd612fc9ae90e7832fde7d1dea0804dc16fff17500517be0bf5d28f4ab0203010001,endpoint=127.0.0.1:30301,code=3,message=Disconnect
info|2026-02-07 00:24:16.919080|ioService-0x000076670c26a6c0|[Gateway][GatewayNodeManager]onRemoveNodeIDs,p2pid=3082010a0282010100d938a7d0e5078fdc3bfe83bfe8c789160de4c9e207ff836ef8d64a0c846f5f628646fe9170bec49eec44aebb3f17334e76b1003dae65d6858a626d60a3ff3dbbff8cf15ca934ca0f7a09b9ae6c17c911bb2f6083cab81540e00a8d9b9393a3341b90dd134f4a2ec21f1d8c55c2df687896873a36661a862226614582077d41811bcb3e6632cbf1767f6189b76054e8186606ee5a2c73bffe1bd6c8fc415f481324f015045231d662173b6f7e814068dffd598ce9a6f4630744bb0aa80f9f74403f4c3da3ca856b40d043885cc1e7beac524853fafb01fb61c3023ab04047e29d50a5d4cd612fc9ae90e7832fde7d1dea0804dc16fff17500517be0bf5d28f4ab0203010001
info|2026-02-07 00:24:16.919124|ioService-0x000076670c26a6c0|[Gateway][Router]PeersRouterTable: removeP2PID,p2pID=3082010a0282010100d938a7d0e5078fdc3bfe83bfe8c789160de4c9e207ff836ef8d64a0c846f5f628646fe9170bec49eec44aebb3f17334e76b1003dae65d6858a626d60a3ff3dbbff8cf15ca934ca0f7a09b9ae6c17c911bb2f6083cab81540e00a8d9b9393a3341b90dd134f4a2ec21f1d8c55c2df687896873a36661a862226614582077d41811bcb3e6632cbf1767f6189b76054e8186606ee5a2c73bffe1bd6c8fc415f481324f015045231d662173b6f7e814068dffd598ce9a6f4630744bb0aa80f9f74403f4c3da3ca856b40d043885cc1e7beac524853fafb01fb61c3023ab04047e29d50a5d4cd612fc9ae90e7832fde7d1dea0804dc16fff17500517be0bf5d28f4ab0203010001
info|2026-02-07 00:24:16.919144|ioService-0x000076673fdfb6c0|[SESSION][Session][drop] shutdown failed ,failedValue=9,message=Bad file descriptor
info|2026-02-07 00:24:16.919168|ioService-0x000076670c26a6c0|[Gateway][Router]GatewayStatus: removeP2PNode,p2pID=3082010a0282010100d938a7d0e5078fdc3bfe83bfe8c789160de4c9e207ff836ef8d64a0c846f5f628646fe9170bec49eec44aebb3f17334e76b1003dae65d6858a626d60a3ff3dbbff8cf15ca934ca0f7a09b9ae6c17c911bb2f6083cab81540e00a8d9b9393a3341b90dd134f4a2ec21f1d8c55c2df687896873a36661a862226614582077d41811bcb3e6632cbf1767f6189b76054e8186606ee5a2c73bffe1bd6c8fc415f481324f015045231d662173b6f7e814068dffd598ce9a6f4630744bb0aa80f9f74403f4c3da3ca856b40d043885cc1e7beac524853fafb01fb61c3023ab04047e29d50a5d4cd612fc9ae90e7832fde7d1dea0804dc16fff17500517be0bf5d28f4ab0203010001
info|2026-02-07 00:24:16.919180|ioService-0x000076670c26a6c0|[Gateway][Router]GatewayStatus: removeP2PNode,p2pID=3082010a0282010100d938a7d0e5078fdc3bfe83bfe8c789160de4c9e207ff836ef8d64a0c846f5f628646fe9170bec49eec44aebb3f17334e76b1003dae65d6858a626d60a3ff3dbbff8cf15ca934ca0f7a09b9ae6c17c911bb2f6083cab81540e00a8d9b9393a3341b90dd134f4a2ec21f1d8c55c2df687896873a36661a862226614582077d41811bcb3e6632cbf1767f6189b76054e8186606ee5a2c73bffe1bd6c8fc415f481324f015045231d662173b6f7e814068dffd598ce9a6f4630744bb0aa80f9f74403f4c3da3ca856b40d043885cc1e7beac524853fafb01fb61c3023ab04047e29d50a5d4cd612fc9ae90e7832fde7d1dea0804dc16fff17500517be0bf5d28f4ab0203010001
info|2026-02-07 00:24:16.919191|ioService-0x000076670c26a6c0|[Gateway][Router]GatewayStatus: removeP2PNode,p2pID=3082010a0282010100d938a7d0e5078fdc3bfe83bfe8c789160de4c9e207ff836ef8d64a0c846f5f628646fe9170bec49eec44aebb3f17334e76b1003dae65d6858a626d60a3ff3dbbff8cf15ca934ca0f7a09b9ae6c17c911bb2f6083cab81540e00a8d9b9393a3341b90dd134f4a2ec21f1d8c55c2df687896873a36661a862226614582077d41811bcb3e6632cbf1767f6189b76054e8186606ee5a2c73bffe1bd6c8fc415f481324f015045231d662173b6f7e814068dffd598ce9a6f4630744bb0aa80f9f74403f4c3da3ca856b40d043885cc1e7beac524853fafb01fb61c3023ab04047e29d50a5d4cd612fc9ae90e7832fde7d1dea0804dc16fff17500517be0bf5d28f4ab0203010001
info|2026-02-07 00:24:16.919222|ioService-0x000076670c26a6c0|[Gateway][GatewayNodeManager]syncLatestNodeIDList,groupID=group0,nodeCount=2
info|2026-02-07 00:24:16.919238|ioService-0x000076670c26a6c0|[FrontService]protocolNegotiate success,nodeID=5b07d12d1512a66493c8fd3456d8c505e6ce05f20061613a4c48a1fa3755bbf9cc2d2f1878c4a6733389f03deb0a3fc0c672e2f4910fde9802d6675929cb3dc5,groupID=group0,minVersion=0,maxVersion=2,supportedMinVersion=0,supportedMaxVersion=2,version=2
info|2026-02-07 00:24:16.919253|ioService-0x000076670c26a6c0|[FrontService]protocolNegotiate success,nodeID=0d6a7f52cb87ce7fda869e0db309ec9c53723c46f81632c21e4abbf1a9159f14d53f37cc0c4141548da9ec877d6235afd7a501c40d296fc4c5252a8717aa23c2,groupID=group0,minVersion=0,maxVersion=2,supportedMinVersion=0,supportedMaxVersion=2,version=2
info|2026-02-07 00:24:16.919275|ioService-0x000076670c26a6c0|[FrontService]onReceiveGroupNodeInfo,groupID=group0,nodeIDs.size()=2
info|2026-02-07 00:24:16.919475|ioService-0x000076670c26a6c0|[P2PService][Router][erase]make the router unreachable,dst=3082010a0282010100d938a7d0e5078fdc3bfe83bfe8c789160de4c9e207ff836ef8d64a0c846f5f628646fe9170bec49eec44aebb3f17334e76b1003dae65d6858a626d60a3ff3dbbff8cf15ca934ca0f7a09b9ae6c17c911bb2f6083cab81540e00a8d9b9393a3341b90dd134f4a2ec21f1d8c55c2df687896873a36661a862226614582077d41811bcb3e6632cbf1767f6189b76054e8186606ee5a2c73bffe1bd6c8fc415f481324f015045231d662173b6f7e814068dffd598ce9a6f4630744bb0aa80f9f74403f4c3da3ca856b40d043885cc1e7beac524853fafb01fb61c3023ab04047e29d50a5d4cd612fc9ae90e7832fde7d1dea0804dc16fff17500517be0bf5d28f4ab0203010001,distance=10,size=3
info|2026-02-07 00:24:16.919515|ioService-0x000076670da706c0|SyncConfig: setConnectedNodeList,size=2
info|2026-02-07 00:24:16.919626|ioService-0x000076670c26a6c0|[Gateway][GatewayNodeManager]onRemoveNodeIDs,p2pid=3082010a0282010100d938a7d0e5078fdc3bfe83bfe8c789160de4c9e207ff836ef8d64a0c846f5f628646fe9170bec49eec44aebb3f17334e76b1003dae65d6858a626d60a3ff3dbbff8cf15ca934ca0f7a09b9ae6c17c911bb2f6083cab81540e00a8d9b9393a3341b90dd134f4a2ec21f1d8c55c2df687896873a36661a862226614582077d41811bcb3e6632cbf1767f6189b76054e8186606ee5a2c73bffe1bd6c8fc415f481324f015045231d662173b6f7e814068dffd598ce9a6f4630744bb0aa80f9f74403f4c3da3ca856b40d043885cc1e7beac524853fafb01fb61c3023ab04047e29d50a5d4cd612fc9ae90e7832fde7d1dea0804dc16fff17500517be0bf5d28f4ab0203010001
info|2026-02-07 00:24:16.919643|ioService-0x000076670c26a6c0|[Gateway][Router]PeersRouterTable: removeP2PID,p2pID=3082010a0282010100d938a7d0e5078fdc3bfe83bfe8c789160de4c9e207ff836ef8d64a0c846f5f628646fe9170bec49eec44aebb3f17334e76b1003dae65d6858a626d60a3ff3dbbff8cf15ca934ca0f7a09b9ae6c17c911bb2f6083cab81540e00a8d9b9393a3341b90dd134f4a2ec21f1d8c55c2df687896873a36661a862226614582077d41811bcb3e6632cbf1767f6189b76054e8186606ee5a2c73bffe1bd6c8fc415f481324f015045231d662173b6f7e814068dffd598ce9a6f4630744bb0aa80f9f74403f4c3da3ca856b40d043885cc1e7beac524853fafb01fb61c3023ab04047e29d50a5d4cd612fc9ae90e7832fde7d1dea0804dc16fff17500517be0bf5d28f4ab0203010001
info|2026-02-07 00:24:16.919662|ioService-0x000076670c26a6c0|[Gateway][Router]GatewayStatus: removeP2PNode,p2pID=3082010a0282010100d938a7d0e5078fdc3bfe83bfe8c789160de4c9e207ff836ef8d64a0c846f5f628646fe9170bec49eec44aebb3f17334e76b1003dae65d6858a626d60a3ff3dbbff8cf15ca934ca0f7a09b9ae6c17c911bb2f6083cab81540e00a8d9b9393a3341b90dd134f4a2ec21f1d8c55c2df687896873a36661a862226614582077d41811bcb3e6632cbf1767f6189b76054e8186606ee5a2c73bffe1bd6c8fc415f481324f015045231d662173b6f7e814068dffd598ce9a6f4630744bb0aa80f9f74403f4c3da3ca856b40d043885cc1e7beac524853fafb01fb61c3023ab04047e29d50a5d4cd612fc9ae90e7832fde7d1dea0804dc16fff17500517be0bf5d28f4ab0203010001
info|2026-02-07 00:24:16.919681|ioService-0x000076670c26a6c0|[Gateway][Router]GatewayStatus: removeP2PNode,p2pID=3082010a0282010100d938a7d0e5078fdc3bfe83bfe8c789160de4c9e207ff836ef8d64a0c846f5f628646fe9170bec49eec44aebb3f17334e76b1003dae65d6858a626d60a3ff3dbbff8cf15ca934ca0f7a09b9ae6c17c911bb2f6083cab81540e00a8d9b9393a3341b90dd134f4a2ec21f1d8c55c2df687896873a36661a862226614582077d41811bcb3e6632cbf1767f6189b76054e8186606ee5a2c73bffe1bd6c8fc415f481324f015045231d662173b6f7e814068dffd598ce9a6f4630744bb0aa80f9f74403f4c3da3ca856b40d043885cc1e7beac524853fafb01fb61c3023ab04047e29d50a5d4cd612fc9ae90e7832fde7d1dea0804dc16fff17500517be0bf5d28f4ab0203010001
info|2026-02-07 00:24:16.919695|ioService-0x000076670c26a6c0|[Gateway][Router]GatewayStatus: removeP2PNode,p2pID=3082010a0282010100d938a7d0e5078fdc3bfe83bfe8c789160de4c9e207ff836ef8d64a0c846f5f628646fe9170bec49eec44aebb3f17334e76b1003dae65d6858a626d60a3ff3dbbff8cf15ca934ca0f7a09b9ae6c17c911bb2f6083cab81540e00a8d9b9393a3341b90dd134f4a2ec21f1d8c55c2df687896873a36661a862226614582077d41811bcb3e6632cbf1767f6189b76054e8186606ee5a2c73bffe1bd6c8fc415f481324f015045231d662173b6f7e814068dffd598ce9a6f4630744bb0aa80f9f74403f4c3da3ca856b40d043885cc1e7beac524853fafb01fb61c3023ab04047e29d50a5d4cd612fc9ae90e7832fde7d1dea0804dc16fff17500517be0bf5d28f4ab0203010001
info|2026-02-07 00:24:16.919714|ioService-0x000076670c26a6c0|[Gateway][GatewayNodeManager]syncLatestNodeIDList,groupID=group0,nodeCount=2
info|2026-02-07 00:24:16.919732|ioService-0x000076670c26a6c0|[FrontService]protocolNegotiate success,nodeID=5b07d12d1512a66493c8fd3456d8c505e6ce05f20061613a4c48a1fa3755bbf9cc2d2f1878c4a6733389f03deb0a3fc0c672e2f4910fde9802d6675929cb3dc5,groupID=group0,minVersion=0,maxVersion=2,supportedMinVersion=0,supportedMaxVersion=2,version=2
info|2026-02-07 00:24:16.919753|ioService-0x000076670c26a6c0|[FrontService]protocolNegotiate success,nodeID=0d6a7f52cb87ce7fda869e0db309ec9c53723c46f81632c21e4abbf1a9159f14d53f37cc0c4141548da9ec877d6235afd7a501c40d296fc4c5252a8717aa23c2,groupID=group0,minVersion=0,maxVersion=2,supportedMinVersion=0,supportedMaxVersion=2,version=2
info|2026-02-07 00:24:16.919773|ioService-0x000076670c26a6c0|[FrontService]onReceiveGroupNodeInfo,groupID=group0,nodeIDs.size()=2
info|2026-02-07 00:24:16.920002|ioService-0x000076670c26a6c0|[P2PService][Service2][onEraseSession],dst=3082010a0282010100d938a7d0e5078fdc3bfe83bfe8c789160de4c9e207ff836ef8d64a0c846f5f628646fe9170bec49eec44aebb3f17334e76b1003dae65d6858a626d60a3ff3dbbff8cf15ca934ca0f7a09b9ae6c17c911bb2f6083cab81540e00a8d9b9393a3341b90dd134f4a2ec21f1d8c55c2df687896873a36661a862226614582077d41811bcb3e6632cbf1767f6189b76054e8186606ee5a2c73bffe1bd6c8fc415f481324f015045231d662173b6f7e814068dffd598ce9a6f4630744bb0aa80f9f74403f4c3da3ca856b40d043885cc1e7beac524853fafb01fb61c3023ab04047e29d50a5d4cd612fc9ae90e7832fde7d1dea0804dc16fff17500517be0bf5d28f4ab0203010001
info|2026-02-07 00:24:16.920068|ioService-0x000076670c26a6c0|[P2PService][Service]onDisconnect,code=3,what=Dynamic exception type: bcos::gateway::NetworkException
std::exception::what: Disconnect
info|2026-02-07 00:24:16.920154|ioService-0x000076670c26a6c0|[P2PService][P2PSession][P2PSession::~P2PSession] this=0x76674b6141d0
info|2026-02-07 00:24:16.920221|ioService-0x000076670c26a6c0|[SESSION][Session][Session::~Session] this=0x7667338881d0
info|2026-02-07 00:24:16.920463|ioService-0x000076670da706c0|SyncConfig: setConnectedNodeList,size=2
info|2026-02-07 00:24:16.920646|ioService-0x000076670da706c0|[FRONTSERVICE]notifyGroupNodeInfo,connectedNodeSize=2
info|2026-02-07 00:24:16.921390|ioService-0x000076670fdf86c0|SyncConfig: setConnectedNodeList,size=2
info|2026-02-07 00:24:16.921520|ioService-0x000076670c26a6c0|[P2PService][Service2][onReceiveRouterSeq]receive router seq and request router table,peer=3082010a02820101009d9833c7e1dbf7d476b1fd7227e247b488323cbd272862d096a4010035236b7d36e2aede87e4f36adfd2e2e44f2945e9a4170901f5865f04cb779a1c1e1fc2f3e56fc6ea80a2665d5da60fce851ccd94bb60aced8e256a551ebb6edcf78febb8eb8bbb3c4fab73bacd5675925d72c787a8d8e179c70b24c484ae98ea7cc956a196c0c8266073d549963e44bfee479261b4c7a5497320d8a89de71743baf1516450118e57b4b07227de0429adf0d02305ad79d40958f48b3c7d6802814fc5c25be7c54c85463c993254d08401e1c7c1cc5586b265a1616617cc2ba7f29e928ff792e4ff33ada9b1bb7ee5a43130da18ba109a9e2186dfa6c2dc1d823e9066e1590203010001,seq=9
info|2026-02-07 00:24:16.921575|ioService-0x000076670fdf86c0|SyncConfig: setConnectedNodeList,size=2
info|2026-02-07 00:24:16.921600|ioService-0x000076670fdf86c0|[FRONTSERVICE]notifyGroupNodeInfo,connectedNodeSize=2
info|2026-02-07 00:24:16.923372|fisco-bcos-0x000076670f1f56c0|[P2PService][Service2][onReceiveRouterTableRequest],peer=3082010a02820101009d9833c7e1dbf7d476b1fd7227e247b488323cbd272862d096a4010035236b7d36e2aede87e4f36adfd2e2e44f2945e9a4170901f5865f04cb779a1c1e1fc2f3e56fc6ea80a2665d5da60fce851ccd94bb60aced8e256a551ebb6edcf78febb8eb8bbb3c4fab73bacd5675925d72c787a8d8e179c70b24c484ae98ea7cc956a196c0c8266073d549963e44bfee479261b4c7a5497320d8a89de71743baf1516450118e57b4b07227de0429adf0d02305ad79d40958f48b3c7d6802814fc5c25be7c54c85463c993254d08401e1c7c1cc5586b265a1616617cc2ba7f29e928ff792e4ff33ada9b1bb7ee5a43130da18ba109a9e2186dfa6c2dc1d823e9066e1590203010001,entrySize=3
info|2026-02-07 00:24:16.924673|fisco-bcos-0x000076670c66b6c0|[P2PService][Service2][onReceivePeersRouterTable],peer=3082010a02820101009d9833c7e1dbf7d476b1fd7227e247b488323cbd272862d096a4010035236b7d36e2aede87e4f36adfd2e2e44f2945e9a4170901f5865f04cb779a1c1e1fc2f3e56fc6ea80a2665d5da60fce851ccd94bb60aced8e256a551ebb6edcf78febb8eb8bbb3c4fab73bacd5675925d72c787a8d8e179c70b24c484ae98ea7cc956a196c0c8266073d549963e44bfee479261b4c7a5497320d8a89de71743baf1516450118e57b4b07227de0429adf0d02305ad79d40958f48b3c7d6802814fc5c25be7c54c85463c993254d08401e1c7c1cc5586b265a1616617cc2ba7f29e928ff792e4ff33ada9b1bb7ee5a43130da18ba109a9e2186dfa6c2dc1d823e9066e1590203010001,entrySize=3
info|2026-02-07 00:24:16.924769|fisco-bcos-0x000076670c66b6c0|[P2PService][Service2][joinRouterTable]create router entry,dst=3082010a02820101009d9833c7e1dbf7d476b1fd7227e247b488323cbd272862d096a4010035236b7d36e2aede87e4f36adfd2e2e44f2945e9a4170901f5865f04cb779a1c1e1fc2f3e56fc6ea80a2665d5da60fce851ccd94bb60aced8e256a551ebb6edcf78febb8eb8bbb3c4fab73bacd5675925d72c787a8d8e179c70b24c484ae98ea7cc956a196c0c8266073d549963e44bfee479261b4c7a5497320d8a89de71743baf1516450118e57b4b07227de0429adf0d02305ad79d40958f48b3c7d6802814fc5c25be7c54c85463c993254d08401e1c7c1cc5586b265a1616617cc2ba7f29e928ff792e4ff33ada9b1bb7ee5a43130da18ba109a9e2186dfa6c2dc1d823e9066e1590203010001
info|2026-02-07 00:24:17.806019|ioService-0x00007667227fd6c0|[DEFAULT][HTTP][SESSION][onRead]receive http request
info|2026-02-07 00:24:17.948697|ioService-0x000076673f5fa6c0|[SESSION][Session]doRead error,endpoint=127.0.0.1:30302,message=stream truncated
info|2026-02-07 00:24:17.948763|ioService-0x000076673f5fa6c0|[SESSION][Session]drop, call and erase all callback in this session!,this=0x766732c871d0,endpoint=127.0.0.1:30302
info|2026-02-07 00:24:17.948831|ioService-0x000076673f5fa6c0|[SESSION][Session][drop] closing remote 127.0.0.1:30302,reason=Low-level TCP communication error.,endpoint=127.0.0.1:30302
warning|2026-02-07 00:24:17.948959|fisco-bcos-0x000076670edf46c0|[P2PService][Service2][onMessage],code=3,msg=Disconnect
info|2026-02-07 00:24:17.948992|fisco-bcos-0x000076670edf46c0|[P2PService][Service]disconnect error P2PSession,p2pid=3082010a02820101009d9833c7e1dbf7d476b1fd7227e247b488323cbd272862d096a4010035236b7d36e2aede87e4f36adfd2e2e44f2945e9a4170901f5865f04cb779a1c1e1fc2f3e56fc6ea80a2665d5da60fce851ccd94bb60aced8e256a551ebb6edcf78febb8eb8bbb3c4fab73bacd5675925d72c787a8d8e179c70b24c484ae98ea7cc956a196c0c8266073d549963e44bfee479261b4c7a5497320d8a89de71743baf1516450118e57b4b07227de0429adf0d02305ad79d40958f48b3c7d6802814fc5c25be7c54c85463c993254d08401e1c7c1cc5586b265a1616617cc2ba7f29e928ff792e4ff33ada9b1bb7ee5a43130da18ba109a9e2186dfa6c2dc1d823e9066e1590203010001,endpoint=127.0.0.1:30302,code=3,message=Disconnect
info|2026-02-07 00:24:17.949007|fisco-bcos-0x000076670edf46c0|[Gateway][GatewayNodeManager]onRemoveNodeIDs,p2pid=3082010a02820101009d9833c7e1dbf7d476b1fd7227e247b488323cbd272862d096a4010035236b7d36e2aede87e4f36adfd2e2e44f2945e9a4170901f5865f04cb779a1c1e1fc2f3e56fc6ea80a2665d5da60fce851ccd94bb60aced8e256a551ebb6edcf78febb8eb8bbb3c4fab73bacd5675925d72c787a8d8e179c70b24c484ae98ea7cc956a196c0c8266073d549963e44bfee479261b4c7a5497320d8a89de71743baf1516450118e57b4b07227de0429adf0d02305ad79d40958f48b3c7d6802814fc5c25be7c54c85463c993254d08401e1c7c1cc5586b265a1616617cc2ba7f29e928ff792e4ff33ada9b1bb7ee5a43130da18ba109a9e2186dfa6c2dc1d823e9066e1590203010001
info|2026-02-07 00:24:17.949015|fisco-bcos-0x000076670edf46c0|[Gateway][Router]PeersRouterTable: removeP2PID,p2pID=3082010a02820101009d9833c7e1dbf7d476b1fd7227e247b488323cbd272862d096a4010035236b7d36e2aede87e4f36adfd2e2e44f2945e9a4170901f5865f04cb779a1c1e1fc2f3e56fc6ea80a2665d5da60fce851ccd94bb60aced8e256a551ebb6edcf78febb8eb8bbb3c4fab73bacd5675925d72c787a8d8e179c70b24c484ae98ea7cc956a196c0c8266073d549963e44bfee479261b4c7a5497320d8a89de71743baf1516450118e57b4b07227de0429adf0d02305ad79d40958f48b3c7d6802814fc5c25be7c54c85463c993254d08401e1c7c1cc5586b265a1616617cc2ba7f29e928ff792e4ff33ada9b1bb7ee5a43130da18ba109a9e2186dfa6c2dc1d823e9066e1590203010001
info|2026-02-07 00:24:17.949036|fisco-bcos-0x000076670edf46c0|[Gateway][Router]GatewayStatus: removeP2PNode,p2pID=3082010a02820101009d9833c7e1dbf7d476b1fd7227e247b488323cbd272862d096a4010035236b7d36e2aede87e4f36adfd2e2e44f2945e9a4170901f5865f04cb779a1c1e1fc2f3e56fc6ea80a2665d5da60fce851ccd94bb60aced8e256a551ebb6edcf78febb8eb8bbb3c4fab73bacd5675925d72c787a8d8e179c70b24c484ae98ea7cc956a196c0c8266073d549963e44bfee479261b4c7a5497320d8a89de71743baf1516450118e57b4b07227de0429adf0d02305ad79d40958f48b3c7d6802814fc5c25be7c54c85463c993254d08401e1c7c1cc5586b265a1616617cc2ba7f29e928ff792e4ff33ada9b1bb7ee5a43130da18ba109a9e2186dfa6c2dc1d823e9066e1590203010001
info|2026-02-07 00:24:17.949045|fisco-bcos-0x000076670edf46c0|[Gateway][Router]GatewayStatus: removeP2PNode,p2pID=3082010a02820101009d9833c7e1dbf7d476b1fd7227e247b488323cbd272862d096a4010035236b7d36e2aede87e4f36adfd2e2e44f2945e9a4170901f5865f04cb779a1c1e1fc2f3e56fc6ea80a2665d5da60fce851ccd94bb60aced8e256a551ebb6edcf78febb8eb8bbb3c4fab73bacd5675925d72c787a8d8e179c70b24c484ae98ea7cc956a196c0c8266073d549963e44bfee479261b4c7a5497320d8a89de71743baf1516450118e57b4b07227de0429adf0d02305ad79d40958f48b3c7d6802814fc5c25be7c54c85463c993254d08401e1c7c1cc5586b265a1616617cc2ba7f29e928ff792e4ff33ada9b1bb7ee5a43130da18ba109a9e2186dfa6c2dc1d823e9066e1590203010001
info|2026-02-07 00:24:17.949061|ioService-0x000076673f5fa6c0|[SESSION][Session][drop] shutdown failed ,failedValue=9,message=Bad file descriptor
info|2026-02-07 00:24:17.949178|fisco-bcos-0x000076670edf46c0|[Gateway][Router]GatewayStatus: removeP2PNode,p2pID=3082010a02820101009d9833c7e1dbf7d476b1fd7227e247b488323cbd272862d096a4010035236b7d36e2aede87e4f36adfd2e2e44f2945e9a4170901f5865f04cb779a1c1e1fc2f3e56fc6ea80a2665d5da60fce851ccd94bb60aced8e256a551ebb6edcf78febb8eb8bbb3c4fab73bacd5675925d72c787a8d8e179c70b24c484ae98ea7cc956a196c0c8266073d549963e44bfee479261b4c7a5497320d8a89de71743baf1516450118e57b4b07227de0429adf0d02305ad79d40958f48b3c7d6802814fc5c25be7c54c85463c993254d08401e1c7c1cc5586b265a1616617cc2ba7f29e928ff792e4ff33ada9b1bb7ee5a43130da18ba109a9e2186dfa6c2dc1d823e9066e1590203010001
info|2026-02-07 00:24:17.949230|fisco-bcos-0x000076670edf46c0|[Gateway][GatewayNodeManager]syncLatestNodeIDList,groupID=group0,nodeCount=1
info|2026-02-07 00:24:17.949241|fisco-bcos-0x000076670edf46c0|[FrontService]protocolNegotiate success,nodeID=5b07d12d1512a66493c8fd3456d8c505e6ce05f20061613a4c48a1fa3755bbf9cc2d2f1878c4a6733389f03deb0a3fc0c672e2f4910fde9802d6675929cb3dc5,groupID=group0,minVersion=0,maxVersion=2,supportedMinVersion=0,supportedMaxVersion=2,version=2
info|2026-02-07 00:24:17.949260|fisco-bcos-0x000076670edf46c0|[FrontService]onReceiveGroupNodeInfo,groupID=group0,nodeIDs.size()=1
info|2026-02-07 00:24:17.949328|fisco-bcos-0x000076670edf46c0|[P2PService][Router][erase]make the router unreachable,dst=3082010a02820101009d9833c7e1dbf7d476b1fd7227e247b488323cbd272862d096a4010035236b7d36e2aede87e4f36adfd2e2e44f2945e9a4170901f5865f04cb779a1c1e1fc2f3e56fc6ea80a2665d5da60fce851ccd94bb60aced8e256a551ebb6edcf78febb8eb8bbb3c4fab73bacd5675925d72c787a8d8e179c70b24c484ae98ea7cc956a196c0c8266073d549963e44bfee479261b4c7a5497320d8a89de71743baf1516450118e57b4b07227de0429adf0d02305ad79d40958f48b3c7d6802814fc5c25be7c54c85463c993254d08401e1c7c1cc5586b265a1616617cc2ba7f29e928ff792e4ff33ada9b1bb7ee5a43130da18ba109a9e2186dfa6c2dc1d823e9066e1590203010001,distance=10,size=3
info|2026-02-07 00:24:17.949366|fisco-bcos-0x000076670edf46c0|[Gateway][GatewayNodeManager]onRemoveNodeIDs,p2pid=3082010a02820101009d9833c7e1dbf7d476b1fd7227e247b488323cbd272862d096a4010035236b7d36e2aede87e4f36adfd2e2e44f2945e9a4170901f5865f04cb779a1c1e1fc2f3e56fc6ea80a2665d5da60fce851ccd94bb60aced8e256a551ebb6edcf78febb8eb8bbb3c4fab73bacd5675925d72c787a8d8e179c70b24c484ae98ea7cc956a196c0c8266073d549963e44bfee479261b4c7a5497320d8a89de71743baf1516450118e57b4b07227de0429adf0d02305ad79d40958f48b3c7d6802814fc5c25be7c54c85463c993254d08401e1c7c1cc5586b265a1616617cc2ba7f29e928ff792e4ff33ada9b1bb7ee5a43130da18ba109a9e2186dfa6c2dc1d823e9066e1590203010001
info|2026-02-07 00:24:17.949373|fisco-bcos-0x000076670edf46c0|[Gateway][Router]PeersRouterTable: removeP2PID,p2pID=3082010a02820101009d9833c7e1dbf7d476b1fd7227e247b488323cbd272862d096a4010035236b7d36e2aede87e4f36adfd2e2e44f2945e9a4170901f5865f04cb779a1c1e1fc2f3e56fc6ea80a2665d5da60fce851ccd94bb60aced8e256a551ebb6edcf78febb8eb8bbb3c4fab73bacd5675925d72c787a8d8e179c70b24c484ae98ea7cc956a196c0c8266073d549963e44bfee479261b4c7a5497320d8a89de71743baf1516450118e57b4b07227de0429adf0d02305ad79d40958f48b3c7d6802814fc5c25be7c54c85463c993254d08401e1c7c1cc5586b265a1616617cc2ba7f29e928ff792e4ff33ada9b1bb7ee5a43130da18ba109a9e2186dfa6c2dc1d823e9066e1590203010001
info|2026-02-07 00:24:17.949379|fisco-bcos-0x000076670edf46c0|[Gateway][Router]GatewayStatus: removeP2PNode,p2pID=3082010a02820101009d9833c7e1dbf7d476b1fd7227e247b488323cbd272862d096a4010035236b7d36e2aede87e4f36adfd2e2e44f2945e9a4170901f5865f04cb779a1c1e1fc2f3e56fc6ea80a2665d5da60fce851ccd94bb60aced8e256a551ebb6edcf78febb8eb8bbb3c4fab73bacd5675925d72c787a8d8e179c70b24c484ae98ea7cc956a196c0c8266073d549963e44bfee479261b4c7a5497320d8a89de71743baf1516450118e57b4b07227de0429adf0d02305ad79d40958f48b3c7d6802814fc5c25be7c54c85463c993254d08401e1c7c1cc5586b265a1616617cc2ba7f29e928ff792e4ff33ada9b1bb7ee5a43130da18ba109a9e2186dfa6c2dc1d823e9066e1590203010001
info|2026-02-07 00:24:17.949382|fisco-bcos-0x000076670edf46c0|[Gateway][Router]GatewayStatus: removeP2PNode,p2pID=3082010a02820101009d9833c7e1dbf7d476b1fd7227e247b488323cbd272862d096a4010035236b7d36e2aede87e4f36adfd2e2e44f2945e9a4170901f5865f04cb779a1c1e1fc2f3e56fc6ea80a2665d5da60fce851ccd94bb60aced8e256a551ebb6edcf78febb8eb8bbb3c4fab73bacd5675925d72c787a8d8e179c70b24c484ae98ea7cc956a196c0c8266073d549963e44bfee479261b4c7a5497320d8a89de71743baf1516450118e57b4b07227de0429adf0d02305ad79d40958f48b3c7d6802814fc5c25be7c54c85463c993254d08401e1c7c1cc5586b265a1616617cc2ba7f29e928ff792e4ff33ada9b1bb7ee5a43130da18ba109a9e2186dfa6c2dc1d823e9066e1590203010001
info|2026-02-07 00:24:17.949417|ioService-0x000076670ce6d6c0|SyncConfig: setConnectedNodeList,size=1
info|2026-02-07 00:24:17.949766|fisco-bcos-0x000076670edf46c0|[Gateway][Router]GatewayStatus: removeP2PNode,p2pID=3082010a02820101009d9833c7e1dbf7d476b1fd7227e247b488323cbd272862d096a4010035236b7d36e2aede87e4f36adfd2e2e44f2945e9a4170901f5865f04cb779a1c1e1fc2f3e56fc6ea80a2665d5da60fce851ccd94bb60aced8e256a551ebb6edcf78febb8eb8bbb3c4fab73bacd5675925d72c787a8d8e179c70b24c484ae98ea7cc956a196c0c8266073d549963e44bfee479261b4c7a5497320d8a89de71743baf1516450118e57b4b07227de0429adf0d02305ad79d40958f48b3c7d6802814fc5c25be7c54c85463c993254d08401e1c7c1cc5586b265a1616617cc2ba7f29e928ff792e4ff33ada9b1bb7ee5a43130da18ba109a9e2186dfa6c2dc1d823e9066e1590203010001
info|2026-02-07 00:24:17.949839|fisco-bcos-0x000076670edf46c0|[Gateway][GatewayNodeManager]syncLatestNodeIDList,groupID=group0,nodeCount=1
info|2026-02-07 00:24:17.949849|fisco-bcos-0x000076670edf46c0|[FrontService]protocolNegotiate success,nodeID=5b07d12d1512a66493c8fd3456d8c505e6ce05f20061613a4c48a1fa3755bbf9cc2d2f1878c4a6733389f03deb0a3fc0c672e2f4910fde9802d6675929cb3dc5,groupID=group0,minVersion=0,maxVersion=2,supportedMinVersion=0,supportedMaxVersion=2,version=2
info|2026-02-07 00:24:17.949859|fisco-bcos-0x000076670edf46c0|[FrontService]onReceiveGroupNodeInfo,groupID=group0,nodeIDs.size()=1
info|2026-02-07 00:24:17.949886|ioService-0x000076670ce6d6c0|SyncConfig: setConnectedNodeList,size=1
info|2026-02-07 00:24:17.949939|ioService-0x000076670ce6d6c0|[FRONTSERVICE]notifyGroupNodeInfo,connectedNodeSize=1
info|2026-02-07 00:24:17.949957|ioService-0x000076670ce6d6c0|SyncConfig: setConnectedNodeList,size=1
info|2026-02-07 00:24:17.949975|fisco-bcos-0x000076670edf46c0|[P2PService][Service2][onEraseSession],dst=3082010a02820101009d9833c7e1dbf7d476b1fd7227e247b488323cbd272862d096a4010035236b7d36e2aede87e4f36adfd2e2e44f2945e9a4170901f5865f04cb779a1c1e1fc2f3e56fc6ea80a2665d5da60fce851ccd94bb60aced8e256a551ebb6edcf78febb8eb8bbb3c4fab73bacd5675925d72c787a8d8e179c70b24c484ae98ea7cc956a196c0c8266073d549963e44bfee479261b4c7a5497320d8a89de71743baf1516450118e57b4b07227de0429adf0d02305ad79d40958f48b3c7d6802814fc5c25be7c54c85463c993254d08401e1c7c1cc5586b265a1616617cc2ba7f29e928ff792e4ff33ada9b1bb7ee5a43130da18ba109a9e2186dfa6c2dc1d823e9066e1590203010001
info|2026-02-07 00:24:17.949979|ioService-0x000076670ce6d6c0|SyncConfig: setConnectedNodeList,size=1
info|2026-02-07 00:24:17.949997|ioService-0x000076670ce6d6c0|[FRONTSERVICE]notifyGroupNodeInfo,connectedNodeSize=1
info|2026-02-07 00:24:17.949984|fisco-bcos-0x000076670edf46c0|[P2PService][Service]onDisconnect,code=3,what=Dynamic exception type: bcos::gateway::NetworkException
std::exception::what: Disconnect
info|2026-02-07 00:24:17.950010|fisco-bcos-0x000076670edf46c0|[P2PService][P2PSession][P2PSession::~P2PSession] this=0x766749a131d0
info|2026-02-07 00:24:17.950047|fisco-bcos-0x000076670edf46c0|[SESSION][Session][Session::~Session] this=0x766732c871d0
info|2026-02-07 00:24:18.970417|fisco-bcos-0x000076677bca6a00|[DEFAULT][HTTP][SERVER][stop]http server
info|2026-02-07 00:24:18.970448|fisco-bcos-0x000076677bca6a00|[stopThread]stop the timer thread
info|2026-02-07 00:24:18.970490|timerFactory-0x00007667361ff6c0|[startThread]the timer thread stop
info|2026-02-07 00:24:18.988120|fisco-bcos-0x000076677bca6a00|[EVENT][SUB][stop]stop event sub successfully
info|2026-02-07 00:24:18.989245|timerFactory-0x0000766724dff6c0|[RPC][WS][SERVICE]connected nodes,count=0
info|2026-02-07 00:24:18.989253|fisco-bcos-0x000076677bca6a00|[DEFAULT][HTTP][SERVER][stop]http server
info|2026-02-07 00:24:18.989263|fisco-bcos-0x000076677bca6a00|[stopThread]stop the timer thread
info|2026-02-07 00:24:18.989281|timerFactory-0x0000766724dff6c0|[startThread]the timer thread stop
info|2026-02-07 00:24:18.989350|fisco-bcos-0x000076677bca6a00|[RPC][RPC][RPC][stop]stop rpc successfully
info|2026-02-07 00:24:18.990422|fisco-bcos-0x000076677bca6a00|[Gateway][Gateway]stop end.
info|2026-02-07 00:24:18.990443|fisco-bcos-0x000076677bca6a00|[FRONTSERVICE]Stop the front service
info|2026-02-07 00:24:18.990517|fisco-bcos-0x000076677bca6a00|[FrontService]FrontService stop,nodeID=5b07d12d1512a66493c8fd3456d8c505e6ce05f20061613a4c48a1fa3755bbf9cc2d2f1878c4a6733389f03deb0a3fc0c672e2f4910fde9802d6675929cb3dc5,groupID=group0
info|2026-02-07 00:24:18.990541|fisco-bcos-0x000076677bca6a00|[CONSENSUS][SEALER]stop the sealer
info|2026-02-07 00:24:18.991427|fisco-bcos-0x000076677bca6a00|[BLOCK SYNC]Stop BlockSync
info|2026-02-07 00:24:19.071456|fisco-bcos-0x000076677bca6a00|[CONSENSUS][Core]Stop consensusEngine
info|2026-02-07 00:24:19.075406|fisco-bcos-0x000076677bca6a00|[CONSENSUS][Core]ConsensusEngine stopped
info|2026-02-07 00:24:19.076994|fisco-bcos-0x000076677bca6a00|[CONSENSUS][PBFT]stop the PBFTEngine
info|2026-02-07 00:24:19.077049|fisco-bcos-0x000076677bca6a00|[CONSENSUS][PBFT]Stop the PBFT module.
info|2026-02-07 00:24:19.077123|fisco-bcos-0x000076677bca6a00|[STORAGE-RocksDB]rocksdb stopped
info|2026-02-07 00:24:19.077158|fisco-bcos-0x000076677bca6a00|[INITIALIZER]Stop the txpool
info|2026-02-07 00:24:19.079531|fisco-bcos-0x000076677bca6a00|[SYNC]stop TransactionSync
info|2026-02-07 00:24:19.081860|fisco-bcos-0x000076677bca6a00|[TXPOOL]Stop the txpool.
info|2026-02-07 00:24:19.081912|fisco-bcos-0x000076677bca6a00|[SCHEDULER]Try to stop SchedulerManager
info|2026-02-07 00:24:19.082207|fisco-bcos-0x000076677bca6a00|[STORAGE-RocksDB]rocksdb stopped
info|2026-02-07 00:24:19.082237|fisco-bcos-0x000076677bca6a00|[SCHEDULER]scheduler has stopped.
info|2026-02-07 00:24:19.082444|fisco-bcos-0x000076677bca6a00|[FRONTSERVICE]The front service has already been stopped
info|2026-02-07 00:24:19.082477|fisco-bcos-0x000076677bca6a00|[CONSENSUS][SEALER]the sealer has already been stopped
info|2026-02-07 00:24:19.082484|fisco-bcos-0x000076677bca6a00|[BLOCK SYNC]BlockSync has already been stopped
info|2026-02-07 00:24:19.082489|fisco-bcos-0x000076677bca6a00|[CONSENSUS][PBFT]The PBFT module has already been stopped!
info|2026-02-07 00:24:19.082503|fisco-bcos-0x000076677bca6a00|[STORAGE-RocksDB]rocksdb stopped
info|2026-02-07 00:24:19.082506|fisco-bcos-0x000076677bca6a00|[INITIALIZER]The txpool has already been stopped
info|2026-02-07 00:24:19.082563|fisco-bcos-0x000076677bca6a00|[SCHEDULER]scheduler has just stopped.
info|2026-02-07 00:24:19.082574|fisco-bcos-0x000076677bca6a00|[CONSENSUS][SEALER]the sealer has already been stopped
info|2026-02-07 00:24:19.082579|fisco-bcos-0x000076677bca6a00|[BLOCK SYNC]BlockSync has already been stopped
info|2026-02-07 00:24:19.082584|fisco-bcos-0x000076677bca6a00|[CONSENSUS][PBFT]The PBFT module has already been stopped!
info|2026-02-07 00:24:19.082593|fisco-bcos-0x000076677bca6a00|[STORAGE-RocksDB]rocksdb stopped
info|2026-02-07 00:24:19.082600|fisco-bcos-0x000076677bca6a00|[INITIALIZER]The txpool has already been stopped
info|2026-02-07 00:24:19.082605|fisco-bcos-0x000076677bca6a00|[FRONTSERVICE]The front service has already been stopped
