info|2026-02-06 18:00:01.543699|timerFactory-0x000072bad3fff6c0|[RPC][WS][SERVICE]connected nodes,count=0
info|2026-02-06 18:00:01.557048|ioService-0x000072bae3cfd6c0|[P2PService][Service][METRIC]heartBeat,connected count=3
info|2026-02-06 18:00:11.543832|timerFactory-0x000072bad3fff6c0|[RPC][WS][SERVICE]connected nodes,count=0
info|2026-02-06 18:00:11.557355|ioService-0x000072bae3cfd6c0|[P2PService][Service][METRIC]heartBeat,connected count=3
info|2026-02-06 18:00:21.544205|timerFactory-0x000072bad3fff6c0|[RPC][WS][SERVICE]connected nodes,count=0
info|2026-02-06 18:00:21.557722|ioService-0x000072bae3cfd6c0|[P2PService][Service][METRIC]heartBeat,connected count=3
info|2026-02-06 18:00:31.359518|objMonitor-0x000072bac77ff6c0|[startMonitor][AliveObjectMonitor],AliveObjectAllocStat=[ type: bcos::gateway::Socket ,created: 9 ,destroyed: 5 ,alive: 4 ] 
info|2026-02-06 18:00:31.544519|timerFactory-0x000072bad3fff6c0|[RPC][WS][SERVICE]connected nodes,count=0
info|2026-02-06 18:00:31.557899|ioService-0x000072bae3cfd6c0|[P2PService][Service][METRIC]heartBeat,connected count=3
info|2026-02-06 18:00:41.544668|timerFactory-0x000072bad3fff6c0|[RPC][WS][SERVICE]connected nodes,count=0
info|2026-02-06 18:00:41.558090|ioService-0x000072bae3cfd6c0|[P2PService][Service][METRIC]heartBeat,connected count=3
info|2026-02-06 18:00:51.545249|timerFactory-0x000072bad3fff6c0|[RPC][WS][SERVICE]connected nodes,count=0
info|2026-02-06 18:00:51.561002|ioService-0x000072bae3cfd6c0|[P2PService][Service][METRIC]heartBeat,connected count=3
info|2026-02-06 18:01:01.545503|timerFactory-0x000072bad3fff6c0|[RPC][WS][SERVICE]connected nodes,count=0
info|2026-02-06 18:01:01.561197|ioService-0x000072bae3cfd6c0|[P2PService][Service][METRIC]heartBeat,connected count=3
info|2026-02-06 18:01:11.545737|timerFactory-0x000072bad3fff6c0|[RPC][WS][SERVICE]connected nodes,count=0
info|2026-02-06 18:01:11.561501|ioService-0x000072bae3cfd6c0|[P2PService][Service][METRIC]heartBeat,connected count=3
info|2026-02-06 18:01:21.545994|timerFactory-0x000072bad3fff6c0|[RPC][WS][SERVICE]connected nodes,count=0
info|2026-02-06 18:01:21.564559|ioService-0x000072bae3cfd6c0|[P2PService][Service][METRIC]heartBeat,connected count=3
info|2026-02-06 18:01:31.354951|objMonitor-0x000072bac77ff6c0|[startMonitor][AliveObjectMonitor],AliveObjectAllocStat=[ type: bcos::gateway::Socket ,created: 9 ,destroyed: 5 ,alive: 4 ] 
info|2026-02-06 18:01:31.546190|timerFactory-0x000072bad3fff6c0|[RPC][WS][SERVICE]connected nodes,count=0
info|2026-02-06 18:01:31.564735|ioService-0x000072bae3cfd6c0|[P2PService][Service][METRIC]heartBeat,connected count=3
info|2026-02-06 18:01:41.546335|timerFactory-0x000072bad3fff6c0|[RPC][WS][SERVICE]connected nodes,count=0
info|2026-02-06 18:01:41.564994|ioService-0x000072bae3cfd6c0|[P2PService][Service][METRIC]heartBeat,connected count=3
info|2026-02-06 18:01:51.546527|timerFactory-0x000072bad3fff6c0|[RPC][WS][SERVICE]connected nodes,count=0
info|2026-02-06 18:01:51.565244|ioService-0x000072bae3cfd6c0|[P2PService][Service][METRIC]heartBeat,connected count=3
info|2026-02-06 18:02:01.546651|timerFactory-0x000072bad3fff6c0|[RPC][WS][SERVICE]connected nodes,count=0
info|2026-02-06 18:02:01.565475|ioService-0x000072bae3cfd6c0|[P2PService][Service][METRIC]heartBeat,connected count=3
info|2026-02-06 18:02:11.546794|timerFactory-0x000072bad3fff6c0|[RPC][WS][SERVICE]connected nodes,count=0
info|2026-02-06 18:02:11.565713|ioService-0x000072bae3cfd6c0|[P2PService][Service][METRIC]heartBeat,connected count=3
info|2026-02-06 18:02:21.547017|timerFactory-0x000072bad3fff6c0|[RPC][WS][SERVICE]connected nodes,count=0
info|2026-02-06 18:02:21.566038|ioService-0x000072bae3cfd6c0|[P2PService][Service][METRIC]heartBeat,connected count=3
info|2026-02-06 18:02:31.350051|objMonitor-0x000072bac77ff6c0|[startMonitor][AliveObjectMonitor],AliveObjectAllocStat=[ type: bcos::gateway::Socket ,created: 9 ,destroyed: 5 ,alive: 4 ] 
info|2026-02-06 18:02:31.547236|timerFactory-0x000072bad3fff6c0|[RPC][WS][SERVICE]connected nodes,count=0
info|2026-02-06 18:02:31.566253|ioService-0x000072bae3cfd6c0|[P2PService][Service][METRIC]heartBeat,connected count=3
info|2026-02-06 18:02:41.547449|timerFactory-0x000072bad3fff6c0|[RPC][WS][SERVICE]connected nodes,count=0
info|2026-02-06 18:02:41.566517|ioService-0x000072bae3cfd6c0|[P2PService][Service][METRIC]heartBeat,connected count=3
info|2026-02-06 18:02:51.547709|timerFactory-0x000072bad3fff6c0|[RPC][WS][SERVICE]connected nodes,count=0
info|2026-02-06 18:02:51.566694|ioService-0x000072bae3cfd6c0|[P2PService][Service][METRIC]heartBeat,connected count=3
info|2026-02-06 18:03:01.547889|timerFactory-0x000072bad3fff6c0|[RPC][WS][SERVICE]connected nodes,count=0
info|2026-02-06 18:03:01.566910|ioService-0x000072bae3cfd6c0|[P2PService][Service][METRIC]heartBeat,connected count=3
info|2026-02-06 18:03:11.548172|timerFactory-0x000072bad3fff6c0|[RPC][WS][SERVICE]connected nodes,count=0
info|2026-02-06 18:03:11.567121|ioService-0x000072bae3cfd6c0|[P2PService][Service][METRIC]heartBeat,connected count=3
info|2026-02-06 18:03:21.549511|timerFactory-0x000072bad3fff6c0|[RPC][WS][SERVICE]connected nodes,count=0
info|2026-02-06 18:03:21.567312|ioService-0x000072bae3cfd6c0|[P2PService][Service][METRIC]heartBeat,connected count=3
info|2026-02-06 18:03:31.342835|objMonitor-0x000072bac77ff6c0|[startMonitor][AliveObjectMonitor],AliveObjectAllocStat=[ type: bcos::gateway::Socket ,created: 9 ,destroyed: 5 ,alive: 4 ] 
info|2026-02-06 18:03:31.549741|timerFactory-0x000072bad3fff6c0|[RPC][WS][SERVICE]connected nodes,count=0
info|2026-02-06 18:03:31.567545|ioService-0x000072bae3cfd6c0|[P2PService][Service][METRIC]heartBeat,connected count=3
info|2026-02-06 18:03:41.551332|timerFactory-0x000072bad3fff6c0|[RPC][WS][SERVICE]connected nodes,count=0
info|2026-02-06 18:03:41.567743|ioService-0x000072bae3cfd6c0|[P2PService][Service][METRIC]heartBeat,connected count=3
info|2026-02-06 18:03:51.551500|timerFactory-0x000072bad3fff6c0|[RPC][WS][SERVICE]connected nodes,count=0
info|2026-02-06 18:03:51.568087|ioService-0x000072bae3cfd6c0|[P2PService][Service][METRIC]heartBeat,connected count=3
info|2026-02-06 18:04:01.551693|timerFactory-0x000072bad3fff6c0|[RPC][WS][SERVICE]connected nodes,count=0
info|2026-02-06 18:04:01.568878|ioService-0x000072bae3cfd6c0|[P2PService][Service][METRIC]heartBeat,connected count=3
info|2026-02-06 18:04:11.551906|timerFactory-0x000072bad3fff6c0|[RPC][WS][SERVICE]connected nodes,count=0
info|2026-02-06 18:04:11.569128|ioService-0x000072bae3cfd6c0|[P2PService][Service][METRIC]heartBeat,connected count=3
info|2026-02-06 18:04:21.552323|timerFactory-0x000072bad3fff6c0|[RPC][WS][SERVICE]connected nodes,count=0
info|2026-02-06 18:04:21.569462|ioService-0x000072bae3cfd6c0|[P2PService][Service][METRIC]heartBeat,connected count=3
info|2026-02-06 18:04:31.342205|objMonitor-0x000072bac77ff6c0|[startMonitor][AliveObjectMonitor],AliveObjectAllocStat=[ type: bcos::gateway::Socket ,created: 9 ,destroyed: 5 ,alive: 4 ] 
info|2026-02-06 18:04:31.552820|timerFactory-0x000072bad3fff6c0|[RPC][WS][SERVICE]connected nodes,count=0
info|2026-02-06 18:04:31.569696|ioService-0x000072bae3cfd6c0|[P2PService][Service][METRIC]heartBeat,connected count=3
info|2026-02-06 18:04:41.553076|timerFactory-0x000072bad3fff6c0|[RPC][WS][SERVICE]connected nodes,count=0
info|2026-02-06 18:04:41.570181|ioService-0x000072bae3cfd6c0|[P2PService][Service][METRIC]heartBeat,connected count=3
info|2026-02-06 18:04:51.553286|timerFactory-0x000072bad3fff6c0|[RPC][WS][SERVICE]connected nodes,count=0
info|2026-02-06 18:04:51.570490|ioService-0x000072bae3cfd6c0|[P2PService][Service][METRIC]heartBeat,connected count=3
info|2026-02-06 18:05:01.553474|timerFactory-0x000072bad3fff6c0|[RPC][WS][SERVICE]connected nodes,count=0
info|2026-02-06 18:05:01.570964|ioService-0x000072bae3cfd6c0|[P2PService][Service][METRIC]heartBeat,connected count=3
info|2026-02-06 18:05:11.553653|timerFactory-0x000072bad3fff6c0|[RPC][WS][SERVICE]connected nodes,count=0
info|2026-02-06 18:05:11.571173|ioService-0x000072bae3cfd6c0|[P2PService][Service][METRIC]heartBeat,connected count=3
info|2026-02-06 18:05:21.554028|timerFactory-0x000072bad3fff6c0|[RPC][WS][SERVICE]connected nodes,count=0
info|2026-02-06 18:05:21.571709|ioService-0x000072bae3cfd6c0|[P2PService][Service][METRIC]heartBeat,connected count=3
info|2026-02-06 18:05:31.337403|objMonitor-0x000072bac77ff6c0|[startMonitor][AliveObjectMonitor],AliveObjectAllocStat=[ type: bcos::gateway::Socket ,created: 9 ,destroyed: 5 ,alive: 4 ] 
info|2026-02-06 18:05:31.554373|timerFactory-0x000072bad3fff6c0|[RPC][WS][SERVICE]connected nodes,count=0
info|2026-02-06 18:05:31.572148|ioService-0x000072bae3cfd6c0|[P2PService][Service][METRIC]heartBeat,connected count=3
info|2026-02-06 18:05:41.554826|timerFactory-0x000072bad3fff6c0|[RPC][WS][SERVICE]connected nodes,count=0
info|2026-02-06 18:05:41.572401|ioService-0x000072bae3cfd6c0|[P2PService][Service][METRIC]heartBeat,connected count=3
info|2026-02-06 18:05:51.555180|timerFactory-0x000072bad3fff6c0|[RPC][WS][SERVICE]connected nodes,count=0
info|2026-02-06 18:05:51.572647|ioService-0x000072bae3cfd6c0|[P2PService][Service][METRIC]heartBeat,connected count=3
info|2026-02-06 18:06:01.555701|timerFactory-0x000072bad3fff6c0|[RPC][WS][SERVICE]connected nodes,count=0
info|2026-02-06 18:06:01.572841|ioService-0x000072bae3cfd6c0|[P2PService][Service][METRIC]heartBeat,connected count=3
info|2026-02-06 18:06:11.555881|timerFactory-0x000072bad3fff6c0|[RPC][WS][SERVICE]connected nodes,count=0
info|2026-02-06 18:06:11.573189|ioService-0x000072bae3cfd6c0|[P2PService][Service][METRIC]heartBeat,connected count=3
info|2026-02-06 18:06:21.556049|timerFactory-0x000072bad3fff6c0|[RPC][WS][SERVICE]connected nodes,count=0
info|2026-02-06 18:06:21.575553|ioService-0x000072bae3cfd6c0|[P2PService][Service][METRIC]heartBeat,connected count=3
info|2026-02-06 18:06:31.333856|objMonitor-0x000072bac77ff6c0|[startMonitor][AliveObjectMonitor],AliveObjectAllocStat=[ type: bcos::gateway::Socket ,created: 9 ,destroyed: 5 ,alive: 4 ] 
info|2026-02-06 18:06:31.556326|timerFactory-0x000072bad3fff6c0|[RPC][WS][SERVICE]connected nodes,count=0
info|2026-02-06 18:06:31.576076|ioService-0x000072bae3cfd6c0|[P2PService][Service][METRIC]heartBeat,connected count=3
info|2026-02-06 18:06:41.556573|timerFactory-0x000072bad3fff6c0|[RPC][WS][SERVICE]connected nodes,count=0
info|2026-02-06 18:06:41.576291|ioService-0x000072bae3cfd6c0|[P2PService][Service][METRIC]heartBeat,connected count=3
info|2026-02-06 18:06:51.556698|timerFactory-0x000072bad3fff6c0|[RPC][WS][SERVICE]connected nodes,count=0
info|2026-02-06 18:06:51.576429|ioService-0x000072bae3cfd6c0|[P2PService][Service][METRIC]heartBeat,connected count=3
info|2026-02-06 18:07:01.556825|timerFactory-0x000072bad3fff6c0|[RPC][WS][SERVICE]connected nodes,count=0
info|2026-02-06 18:07:01.576779|ioService-0x000072bae3cfd6c0|[P2PService][Service][METRIC]heartBeat,connected count=3
info|2026-02-06 18:07:11.557080|timerFactory-0x000072bad3fff6c0|[RPC][WS][SERVICE]connected nodes,count=0
info|2026-02-06 18:07:11.577362|ioService-0x000072bae3cfd6c0|[P2PService][Service][METRIC]heartBeat,connected count=3
info|2026-02-06 18:07:21.557200|timerFactory-0x000072bad3fff6c0|[RPC][WS][SERVICE]connected nodes,count=0
info|2026-02-06 18:07:21.577601|ioService-0x000072bae3cfd6c0|[P2PService][Service][METRIC]heartBeat,connected count=3
info|2026-02-06 18:07:31.319633|objMonitor-0x000072bac77ff6c0|[startMonitor][AliveObjectMonitor],AliveObjectAllocStat=[ type: bcos::gateway::Socket ,created: 9 ,destroyed: 5 ,alive: 4 ] 
info|2026-02-06 18:07:31.557287|timerFactory-0x000072bad3fff6c0|[RPC][WS][SERVICE]connected nodes,count=0
info|2026-02-06 18:07:31.577800|ioService-0x000072bae3cfd6c0|[P2PService][Service][METRIC]heartBeat,connected count=3
info|2026-02-06 18:07:41.565199|timerFactory-0x000072bad3fff6c0|[RPC][WS][SERVICE]connected nodes,count=0
info|2026-02-06 18:07:41.577986|ioService-0x000072bae3cfd6c0|[P2PService][Service][METRIC]heartBeat,connected count=3
info|2026-02-06 18:07:51.565342|timerFactory-0x000072bad3fff6c0|[RPC][WS][SERVICE]connected nodes,count=0
info|2026-02-06 18:07:51.578173|ioService-0x000072bae3cfd6c0|[P2PService][Service][METRIC]heartBeat,connected count=3
info|2026-02-06 18:08:01.565500|timerFactory-0x000072bad3fff6c0|[RPC][WS][SERVICE]connected nodes,count=0
info|2026-02-06 18:08:01.578377|ioService-0x000072bae3cfd6c0|[P2PService][Service][METRIC]heartBeat,connected count=3
info|2026-02-06 18:08:11.565653|timerFactory-0x000072bad3fff6c0|[RPC][WS][SERVICE]connected nodes,count=0
info|2026-02-06 18:08:11.579019|ioService-0x000072bae3cfd6c0|[P2PService][Service][METRIC]heartBeat,connected count=3
info|2026-02-06 18:08:21.565846|timerFactory-0x000072bad3fff6c0|[RPC][WS][SERVICE]connected nodes,count=0
info|2026-02-06 18:08:21.579256|ioService-0x000072bae3cfd6c0|[P2PService][Service][METRIC]heartBeat,connected count=3
info|2026-02-06 18:08:31.325590|objMonitor-0x000072bac77ff6c0|[startMonitor][AliveObjectMonitor],AliveObjectAllocStat=[ type: bcos::gateway::Socket ,created: 9 ,destroyed: 5 ,alive: 4 ] 
info|2026-02-06 18:08:31.566115|timerFactory-0x000072bad3fff6c0|[RPC][WS][SERVICE]connected nodes,count=0
info|2026-02-06 18:08:31.579474|ioService-0x000072bae3cfd6c0|[P2PService][Service][METRIC]heartBeat,connected count=3
info|2026-02-06 18:08:41.566392|timerFactory-0x000072bad3fff6c0|[RPC][WS][SERVICE]connected nodes,count=0
info|2026-02-06 18:08:41.579805|ioService-0x000072bae3cfd6c0|[P2PService][Service][METRIC]heartBeat,connected count=3
info|2026-02-06 18:08:51.566612|timerFactory-0x000072bad3fff6c0|[RPC][WS][SERVICE]connected nodes,count=0
info|2026-02-06 18:08:51.580177|ioService-0x000072bae3cfd6c0|[P2PService][Service][METRIC]heartBeat,connected count=3
info|2026-02-06 18:09:01.566736|timerFactory-0x000072bad3fff6c0|[RPC][WS][SERVICE]connected nodes,count=0
info|2026-02-06 18:09:01.580599|ioService-0x000072bae3cfd6c0|[P2PService][Service][METRIC]heartBeat,connected count=3
info|2026-02-06 18:09:11.566869|timerFactory-0x000072bad3fff6c0|[RPC][WS][SERVICE]connected nodes,count=0
info|2026-02-06 18:09:11.581533|ioService-0x000072bae3cfd6c0|[P2PService][Service][METRIC]heartBeat,connected count=3
info|2026-02-06 18:09:21.567115|timerFactory-0x000072bad3fff6c0|[RPC][WS][SERVICE]connected nodes,count=0
info|2026-02-06 18:09:21.581736|ioService-0x000072bae3cfd6c0|[P2PService][Service][METRIC]heartBeat,connected count=3
info|2026-02-06 18:09:31.321009|objMonitor-0x000072bac77ff6c0|[startMonitor][AliveObjectMonitor],AliveObjectAllocStat=[ type: bcos::gateway::Socket ,created: 9 ,destroyed: 5 ,alive: 4 ] 
info|2026-02-06 18:09:31.567301|timerFactory-0x000072bad3fff6c0|[RPC][WS][SERVICE]connected nodes,count=0
info|2026-02-06 18:09:31.581998|ioService-0x000072bae3cfd6c0|[P2PService][Service][METRIC]heartBeat,connected count=3
info|2026-02-06 18:09:41.567492|timerFactory-0x000072bad3fff6c0|[RPC][WS][SERVICE]connected nodes,count=0
info|2026-02-06 18:09:41.582250|ioService-0x000072bae3cfd6c0|[P2PService][Service][METRIC]heartBeat,connected count=3
info|2026-02-06 18:09:51.567687|timerFactory-0x000072bad3fff6c0|[RPC][WS][SERVICE]connected nodes,count=0
info|2026-02-06 18:09:51.582470|ioService-0x000072bae3cfd6c0|[P2PService][Service][METRIC]heartBeat,connected count=3
info|2026-02-06 18:10:01.567840|timerFactory-0x000072bad3fff6c0|[RPC][WS][SERVICE]connected nodes,count=0
info|2026-02-06 18:10:01.582653|ioService-0x000072bae3cfd6c0|[P2PService][Service][METRIC]heartBeat,connected count=3
info|2026-02-06 18:10:11.567931|timerFactory-0x000072bad3fff6c0|[RPC][WS][SERVICE]connected nodes,count=0
info|2026-02-06 18:10:11.582802|ioService-0x000072bae3cfd6c0|[P2PService][Service][METRIC]heartBeat,connected count=3
info|2026-02-06 18:10:21.568070|timerFactory-0x000072bad3fff6c0|[RPC][WS][SERVICE]connected nodes,count=0
info|2026-02-06 18:10:21.582977|ioService-0x000072bae3cfd6c0|[P2PService][Service][METRIC]heartBeat,connected count=3
info|2026-02-06 18:10:31.316456|objMonitor-0x000072bac77ff6c0|[startMonitor][AliveObjectMonitor],AliveObjectAllocStat=[ type: bcos::gateway::Socket ,created: 9 ,destroyed: 5 ,alive: 4 ] 
info|2026-02-06 18:10:31.568207|timerFactory-0x000072bad3fff6c0|[RPC][WS][SERVICE]connected nodes,count=0
info|2026-02-06 18:10:31.583262|ioService-0x000072bae3cfd6c0|[P2PService][Service][METRIC]heartBeat,connected count=3
info|2026-02-06 18:10:41.568331|timerFactory-0x000072bad3fff6c0|[RPC][WS][SERVICE]connected nodes,count=0
info|2026-02-06 18:10:41.583577|ioService-0x000072bae3cfd6c0|[P2PService][Service][METRIC]heartBeat,connected count=3
info|2026-02-06 18:10:51.568591|timerFactory-0x000072bad3fff6c0|[RPC][WS][SERVICE]connected nodes,count=0
info|2026-02-06 18:10:51.583945|ioService-0x000072bae3cfd6c0|[P2PService][Service][METRIC]heartBeat,connected count=3
info|2026-02-06 18:11:01.568970|timerFactory-0x000072bad3fff6c0|[RPC][WS][SERVICE]connected nodes,count=0
info|2026-02-06 18:11:01.584184|ioService-0x000072bae3cfd6c0|[P2PService][Service][METRIC]heartBeat,connected count=3
info|2026-02-06 18:11:11.569188|timerFactory-0x000072bad3fff6c0|[RPC][WS][SERVICE]connected nodes,count=0
info|2026-02-06 18:11:11.584460|ioService-0x000072bae3cfd6c0|[P2PService][Service][METRIC]heartBeat,connected count=3
info|2026-02-06 18:11:21.569370|timerFactory-0x000072bad3fff6c0|[RPC][WS][SERVICE]connected nodes,count=0
info|2026-02-06 18:11:21.584852|ioService-0x000072bae3cfd6c0|[P2PService][Service][METRIC]heartBeat,connected count=3
info|2026-02-06 18:11:31.311889|objMonitor-0x000072bac77ff6c0|[startMonitor][AliveObjectMonitor],AliveObjectAllocStat=[ type: bcos::gateway::Socket ,created: 9 ,destroyed: 5 ,alive: 4 ] 
info|2026-02-06 18:11:31.569593|timerFactory-0x000072bad3fff6c0|[RPC][WS][SERVICE]connected nodes,count=0
info|2026-02-06 18:11:31.585063|ioService-0x000072bae3cfd6c0|[P2PService][Service][METRIC]heartBeat,connected count=3
info|2026-02-06 18:11:41.569859|timerFactory-0x000072bad3fff6c0|[RPC][WS][SERVICE]connected nodes,count=0
info|2026-02-06 18:11:41.585478|ioService-0x000072bae3cfd6c0|[P2PService][Service][METRIC]heartBeat,connected count=3
info|2026-02-06 18:11:51.570242|timerFactory-0x000072bad3fff6c0|[RPC][WS][SERVICE]connected nodes,count=0
info|2026-02-06 18:11:51.585745|ioService-0x000072bae3cfd6c0|[P2PService][Service][METRIC]heartBeat,connected count=3
info|2026-02-06 18:12:01.570422|timerFactory-0x000072bad3fff6c0|[RPC][WS][SERVICE]connected nodes,count=0
info|2026-02-06 18:12:01.585955|ioService-0x000072bae3cfd6c0|[P2PService][Service][METRIC]heartBeat,connected count=3
info|2026-02-06 18:12:11.570648|timerFactory-0x000072bad3fff6c0|[RPC][WS][SERVICE]connected nodes,count=0
info|2026-02-06 18:12:11.586137|ioService-0x000072bae3cfd6c0|[P2PService][Service][METRIC]heartBeat,connected count=3
info|2026-02-06 18:12:21.570796|timerFactory-0x000072bad3fff6c0|[RPC][WS][SERVICE]connected nodes,count=0
info|2026-02-06 18:12:21.586324|ioService-0x000072bae3cfd6c0|[P2PService][Service][METRIC]heartBeat,connected count=3
info|2026-02-06 18:12:31.307970|objMonitor-0x000072bac77ff6c0|[startMonitor][AliveObjectMonitor],AliveObjectAllocStat=[ type: bcos::gateway::Socket ,created: 9 ,destroyed: 5 ,alive: 4 ] 
info|2026-02-06 18:12:31.570999|timerFactory-0x000072bad3fff6c0|[RPC][WS][SERVICE]connected nodes,count=0
info|2026-02-06 18:12:31.586497|ioService-0x000072bae3cfd6c0|[P2PService][Service][METRIC]heartBeat,connected count=3
info|2026-02-06 18:12:41.571243|timerFactory-0x000072bad3fff6c0|[RPC][WS][SERVICE]connected nodes,count=0
info|2026-02-06 18:12:41.586900|ioService-0x000072bae3cfd6c0|[P2PService][Service][METRIC]heartBeat,connected count=3
info|2026-02-06 18:12:51.571418|timerFactory-0x000072bad3fff6c0|[RPC][WS][SERVICE]connected nodes,count=0
info|2026-02-06 18:12:51.587182|ioService-0x000072bae3cfd6c0|[P2PService][Service][METRIC]heartBeat,connected count=3
info|2026-02-06 18:13:01.571562|timerFactory-0x000072bad3fff6c0|[RPC][WS][SERVICE]connected nodes,count=0
info|2026-02-06 18:13:01.587430|ioService-0x000072bae3cfd6c0|[P2PService][Service][METRIC]heartBeat,connected count=3
info|2026-02-06 18:13:11.571761|timerFactory-0x000072bad3fff6c0|[RPC][WS][SERVICE]connected nodes,count=0
info|2026-02-06 18:13:11.587859|ioService-0x000072bae3cfd6c0|[P2PService][Service][METRIC]heartBeat,connected count=3
info|2026-02-06 18:13:21.574227|timerFactory-0x000072bad3fff6c0|[RPC][WS][SERVICE]connected nodes,count=0
info|2026-02-06 18:13:21.588125|ioService-0x000072bae3cfd6c0|[P2PService][Service][METRIC]heartBeat,connected count=3
info|2026-02-06 18:13:31.302652|objMonitor-0x000072bac77ff6c0|[startMonitor][AliveObjectMonitor],AliveObjectAllocStat=[ type: bcos::gateway::Socket ,created: 9 ,destroyed: 5 ,alive: 4 ] 
info|2026-02-06 18:13:31.574343|timerFactory-0x000072bad3fff6c0|[RPC][WS][SERVICE]connected nodes,count=0
info|2026-02-06 18:13:31.588343|ioService-0x000072bae3cfd6c0|[P2PService][Service][METRIC]heartBeat,connected count=3
info|2026-02-06 18:13:41.574495|timerFactory-0x000072bad3fff6c0|[RPC][WS][SERVICE]connected nodes,count=0
info|2026-02-06 18:13:41.588631|ioService-0x000072bae3cfd6c0|[P2PService][Service][METRIC]heartBeat,connected count=3
info|2026-02-06 18:13:51.574909|timerFactory-0x000072bad3fff6c0|[RPC][WS][SERVICE]connected nodes,count=0
info|2026-02-06 18:13:51.589103|ioService-0x000072bae3cfd6c0|[P2PService][Service][METRIC]heartBeat,connected count=3
info|2026-02-06 18:14:01.575254|timerFactory-0x000072bad3fff6c0|[RPC][WS][SERVICE]connected nodes,count=0
info|2026-02-06 18:14:01.590143|ioService-0x000072bae3cfd6c0|[P2PService][Service][METRIC]heartBeat,connected count=3
info|2026-02-06 18:14:11.575468|timerFactory-0x000072bad3fff6c0|[RPC][WS][SERVICE]connected nodes,count=0
info|2026-02-06 18:14:11.590297|ioService-0x000072bae3cfd6c0|[P2PService][Service][METRIC]heartBeat,connected count=3
info|2026-02-06 18:14:21.575741|timerFactory-0x000072bad3fff6c0|[RPC][WS][SERVICE]connected nodes,count=0
info|2026-02-06 18:14:21.590552|ioService-0x000072bae3cfd6c0|[P2PService][Service][METRIC]heartBeat,connected count=3
info|2026-02-06 18:14:31.297933|objMonitor-0x000072bac77ff6c0|[startMonitor][AliveObjectMonitor],AliveObjectAllocStat=[ type: bcos::gateway::Socket ,created: 9 ,destroyed: 5 ,alive: 4 ] 
info|2026-02-06 18:14:31.575993|timerFactory-0x000072bad3fff6c0|[RPC][WS][SERVICE]connected nodes,count=0
info|2026-02-06 18:14:31.590757|ioService-0x000072bae3cfd6c0|[P2PService][Service][METRIC]heartBeat,connected count=3
info|2026-02-06 18:14:41.576157|timerFactory-0x000072bad3fff6c0|[RPC][WS][SERVICE]connected nodes,count=0
info|2026-02-06 18:14:41.591102|ioService-0x000072bae3cfd6c0|[P2PService][Service][METRIC]heartBeat,connected count=3
info|2026-02-06 18:14:51.576400|timerFactory-0x000072bad3fff6c0|[RPC][WS][SERVICE]connected nodes,count=0
info|2026-02-06 18:14:51.591380|ioService-0x000072bae3cfd6c0|[P2PService][Service][METRIC]heartBeat,connected count=3
info|2026-02-06 18:15:01.576606|timerFactory-0x000072bad3fff6c0|[RPC][WS][SERVICE]connected nodes,count=0
info|2026-02-06 18:15:01.591529|ioService-0x000072bae3cfd6c0|[P2PService][Service][METRIC]heartBeat,connected count=3
info|2026-02-06 18:15:11.576719|timerFactory-0x000072bad3fff6c0|[RPC][WS][SERVICE]connected nodes,count=0
info|2026-02-06 18:15:11.591762|ioService-0x000072bae3cfd6c0|[P2PService][Service][METRIC]heartBeat,connected count=3
info|2026-02-06 18:15:21.576919|timerFactory-0x000072bad3fff6c0|[RPC][WS][SERVICE]connected nodes,count=0
info|2026-02-06 18:15:21.591986|ioService-0x000072bae3cfd6c0|[P2PService][Service][METRIC]heartBeat,connected count=3
info|2026-02-06 18:15:31.293327|objMonitor-0x000072bac77ff6c0|[startMonitor][AliveObjectMonitor],AliveObjectAllocStat=[ type: bcos::gateway::Socket ,created: 9 ,destroyed: 5 ,alive: 4 ] 
info|2026-02-06 18:15:31.577243|timerFactory-0x000072bad3fff6c0|[RPC][WS][SERVICE]connected nodes,count=0
info|2026-02-06 18:15:31.592237|ioService-0x000072bae3cfd6c0|[P2PService][Service][METRIC]heartBeat,connected count=3
info|2026-02-06 18:15:41.577468|timerFactory-0x000072bad3fff6c0|[RPC][WS][SERVICE]connected nodes,count=0
info|2026-02-06 18:15:41.592620|ioService-0x000072bae3cfd6c0|[P2PService][Service][METRIC]heartBeat,connected count=3
info|2026-02-06 18:15:51.577641|timerFactory-0x000072bad3fff6c0|[RPC][WS][SERVICE]connected nodes,count=0
info|2026-02-06 18:15:51.592970|ioService-0x000072bae3cfd6c0|[P2PService][Service][METRIC]heartBeat,connected count=3
info|2026-02-06 18:16:01.577873|timerFactory-0x000072bad3fff6c0|[RPC][WS][SERVICE]connected nodes,count=0
info|2026-02-06 18:16:01.593223|ioService-0x000072bae3cfd6c0|[P2PService][Service][METRIC]heartBeat,connected count=3
info|2026-02-06 18:16:11.578010|timerFactory-0x000072bad3fff6c0|[RPC][WS][SERVICE]connected nodes,count=0
info|2026-02-06 18:16:11.593389|ioService-0x000072bae3cfd6c0|[P2PService][Service][METRIC]heartBeat,connected count=3
info|2026-02-06 18:16:21.578233|timerFactory-0x000072bad3fff6c0|[RPC][WS][SERVICE]connected nodes,count=0
info|2026-02-06 18:16:21.593876|ioService-0x000072bae3cfd6c0|[P2PService][Service][METRIC]heartBeat,connected count=3
info|2026-02-06 18:16:31.288293|objMonitor-0x000072bac77ff6c0|[startMonitor][AliveObjectMonitor],AliveObjectAllocStat=[ type: bcos::gateway::Socket ,created: 9 ,destroyed: 5 ,alive: 4 ] 
info|2026-02-06 18:16:31.578426|timerFactory-0x000072bad3fff6c0|[RPC][WS][SERVICE]connected nodes,count=0
info|2026-02-06 18:16:31.594363|ioService-0x000072bae3cfd6c0|[P2PService][Service][METRIC]heartBeat,connected count=3
info|2026-02-06 18:16:41.578621|timerFactory-0x000072bad3fff6c0|[RPC][WS][SERVICE]connected nodes,count=0
info|2026-02-06 18:16:41.594602|ioService-0x000072bae3cfd6c0|[P2PService][Service][METRIC]heartBeat,connected count=3
info|2026-02-06 18:16:51.578772|timerFactory-0x000072bad3fff6c0|[RPC][WS][SERVICE]connected nodes,count=0
info|2026-02-06 18:16:51.594892|ioService-0x000072bae3cfd6c0|[P2PService][Service][METRIC]heartBeat,connected count=3
info|2026-02-06 18:17:01.579121|timerFactory-0x000072bad3fff6c0|[RPC][WS][SERVICE]connected nodes,count=0
info|2026-02-06 18:17:01.595730|ioService-0x000072bae3cfd6c0|[P2PService][Service][METRIC]heartBeat,connected count=3
info|2026-02-06 18:17:11.579370|timerFactory-0x000072bad3fff6c0|[RPC][WS][SERVICE]connected nodes,count=0
info|2026-02-06 18:17:11.596089|ioService-0x000072bae3cfd6c0|[P2PService][Service][METRIC]heartBeat,connected count=3
info|2026-02-06 18:17:21.579825|timerFactory-0x000072bad3fff6c0|[RPC][WS][SERVICE]connected nodes,count=0
info|2026-02-06 18:17:21.596565|ioService-0x000072bae3cfd6c0|[P2PService][Service][METRIC]heartBeat,connected count=3
info|2026-02-06 18:17:31.283506|objMonitor-0x000072bac77ff6c0|[startMonitor][AliveObjectMonitor],AliveObjectAllocStat=[ type: bcos::gateway::Socket ,created: 9 ,destroyed: 5 ,alive: 4 ] [ type: bcos::gateway::ResponseCallback ,created: 44831 ,destroyed: 44827 ,alive: 4 ] 
info|2026-02-06 18:17:31.580024|timerFactory-0x000072bad3fff6c0|[RPC][WS][SERVICE]connected nodes,count=0
info|2026-02-06 18:17:31.596914|ioService-0x000072bae3cfd6c0|[P2PService][Service][METRIC]heartBeat,connected count=3
info|2026-02-06 18:17:41.580223|timerFactory-0x000072bad3fff6c0|[RPC][WS][SERVICE]connected nodes,count=0
info|2026-02-06 18:17:41.597092|ioService-0x000072bae3cfd6c0|[P2PService][Service][METRIC]heartBeat,connected count=3
info|2026-02-06 18:17:51.580398|timerFactory-0x000072bad3fff6c0|[RPC][WS][SERVICE]connected nodes,count=0
info|2026-02-06 18:17:51.597196|ioService-0x000072bae3cfd6c0|[P2PService][Service][METRIC]heartBeat,connected count=3
info|2026-02-06 18:18:01.580694|timerFactory-0x000072bad3fff6c0|[RPC][WS][SERVICE]connected nodes,count=0
info|2026-02-06 18:18:01.598069|ioService-0x000072bae3cfd6c0|[P2PService][Service][METRIC]heartBeat,connected count=3
info|2026-02-06 18:18:11.580876|timerFactory-0x000072bad3fff6c0|[RPC][WS][SERVICE]connected nodes,count=0
info|2026-02-06 18:18:11.598329|ioService-0x000072bae3cfd6c0|[P2PService][Service][METRIC]heartBeat,connected count=3
info|2026-02-06 18:18:21.581034|timerFactory-0x000072bad3fff6c0|[RPC][WS][SERVICE]connected nodes,count=0
info|2026-02-06 18:18:21.598488|ioService-0x000072bae3cfd6c0|[P2PService][Service][METRIC]heartBeat,connected count=3
info|2026-02-06 18:18:31.279186|objMonitor-0x000072bac77ff6c0|[startMonitor][AliveObjectMonitor],AliveObjectAllocStat=[ type: bcos::gateway::Socket ,created: 9 ,destroyed: 5 ,alive: 4 ] 
info|2026-02-06 18:18:31.581249|timerFactory-0x000072bad3fff6c0|[RPC][WS][SERVICE]connected nodes,count=0
info|2026-02-06 18:18:31.598685|ioService-0x000072bae3cfd6c0|[P2PService][Service][METRIC]heartBeat,connected count=3
info|2026-02-06 18:18:41.581520|timerFactory-0x000072bad3fff6c0|[RPC][WS][SERVICE]connected nodes,count=0
info|2026-02-06 18:18:41.598845|ioService-0x000072bae3cfd6c0|[P2PService][Service][METRIC]heartBeat,connected count=3
info|2026-02-06 18:18:51.581908|timerFactory-0x000072bad3fff6c0|[RPC][WS][SERVICE]connected nodes,count=0
info|2026-02-06 18:18:51.598970|ioService-0x000072bae3cfd6c0|[P2PService][Service][METRIC]heartBeat,connected count=3
info|2026-02-06 18:19:01.582242|timerFactory-0x000072bad3fff6c0|[RPC][WS][SERVICE]connected nodes,count=0
info|2026-02-06 18:19:01.601899|ioService-0x000072bae3cfd6c0|[P2PService][Service][METRIC]heartBeat,connected count=3
info|2026-02-06 18:19:11.582700|timerFactory-0x000072bad3fff6c0|[RPC][WS][SERVICE]connected nodes,count=0
info|2026-02-06 18:19:11.602235|ioService-0x000072bae3cfd6c0|[P2PService][Service][METRIC]heartBeat,connected count=3
info|2026-02-06 18:19:21.582942|timerFactory-0x000072bad3fff6c0|[RPC][WS][SERVICE]connected nodes,count=0
info|2026-02-06 18:19:21.602852|ioService-0x000072bae3cfd6c0|[P2PService][Service][METRIC]heartBeat,connected count=3
info|2026-02-06 18:19:31.273752|objMonitor-0x000072bac77ff6c0|[startMonitor][AliveObjectMonitor],AliveObjectAllocStat=[ type: bcos::gateway::Socket ,created: 9 ,destroyed: 5 ,alive: 4 ] 
info|2026-02-06 18:19:31.583373|timerFactory-0x000072bad3fff6c0|[RPC][WS][SERVICE]connected nodes,count=0
info|2026-02-06 18:19:31.606749|ioService-0x000072bae3cfd6c0|[P2PService][Service][METRIC]heartBeat,connected count=3
info|2026-02-06 18:19:41.583607|timerFactory-0x000072bad3fff6c0|[RPC][WS][SERVICE]connected nodes,count=0
info|2026-02-06 18:19:41.607372|ioService-0x000072bae3cfd6c0|[P2PService][Service][METRIC]heartBeat,connected count=3
info|2026-02-06 18:19:51.583823|timerFactory-0x000072bad3fff6c0|[RPC][WS][SERVICE]connected nodes,count=0
info|2026-02-06 18:19:51.607667|ioService-0x000072bae3cfd6c0|[P2PService][Service][METRIC]heartBeat,connected count=3
info|2026-02-06 18:20:01.584261|timerFactory-0x000072bad3fff6c0|[RPC][WS][SERVICE]connected nodes,count=0
info|2026-02-06 18:20:01.607949|ioService-0x000072bae3cfd6c0|[P2PService][Service][METRIC]heartBeat,connected count=3
info|2026-02-06 18:20:11.584480|timerFactory-0x000072bad3fff6c0|[RPC][WS][SERVICE]connected nodes,count=0
info|2026-02-06 18:20:11.608227|ioService-0x000072bae3cfd6c0|[P2PService][Service][METRIC]heartBeat,connected count=3
info|2026-02-06 18:20:21.584564|timerFactory-0x000072bad3fff6c0|[RPC][WS][SERVICE]connected nodes,count=0
info|2026-02-06 18:20:21.608442|ioService-0x000072bae3cfd6c0|[P2PService][Service][METRIC]heartBeat,connected count=3
info|2026-02-06 18:20:31.269313|objMonitor-0x000072bac77ff6c0|[startMonitor][AliveObjectMonitor],AliveObjectAllocStat=[ type: bcos::gateway::Socket ,created: 9 ,destroyed: 5 ,alive: 4 ] 
info|2026-02-06 18:20:31.584746|timerFactory-0x000072bad3fff6c0|[RPC][WS][SERVICE]connected nodes,count=0
info|2026-02-06 18:20:31.608783|ioService-0x000072bae3cfd6c0|[P2PService][Service][METRIC]heartBeat,connected count=3
info|2026-02-06 18:20:41.584848|timerFactory-0x000072bad3fff6c0|[RPC][WS][SERVICE]connected nodes,count=0
info|2026-02-06 18:20:41.608931|ioService-0x000072bae3cfd6c0|[P2PService][Service][METRIC]heartBeat,connected count=3
info|2026-02-06 18:20:51.585012|timerFactory-0x000072bad3fff6c0|[RPC][WS][SERVICE]connected nodes,count=0
info|2026-02-06 18:20:51.609101|ioService-0x000072bae3cfd6c0|[P2PService][Service][METRIC]heartBeat,connected count=3
info|2026-02-06 18:21:01.585332|timerFactory-0x000072bad3fff6c0|[RPC][WS][SERVICE]connected nodes,count=0
info|2026-02-06 18:21:01.609265|ioService-0x000072bae3cfd6c0|[P2PService][Service][METRIC]heartBeat,connected count=3
info|2026-02-06 18:21:11.585632|timerFactory-0x000072bad3fff6c0|[RPC][WS][SERVICE]connected nodes,count=0
info|2026-02-06 18:21:11.609456|ioService-0x000072bae3cfd6c0|[P2PService][Service][METRIC]heartBeat,connected count=3
info|2026-02-06 18:21:21.586170|timerFactory-0x000072bad3fff6c0|[RPC][WS][SERVICE]connected nodes,count=0
info|2026-02-06 18:21:21.609936|ioService-0x000072bae3cfd6c0|[P2PService][Service][METRIC]heartBeat,connected count=3
info|2026-02-06 18:21:31.264642|objMonitor-0x000072bac77ff6c0|[startMonitor][AliveObjectMonitor],AliveObjectAllocStat=[ type: bcos::gateway::Socket ,created: 9 ,destroyed: 5 ,alive: 4 ] 
info|2026-02-06 18:21:31.586414|timerFactory-0x000072bad3fff6c0|[RPC][WS][SERVICE]connected nodes,count=0
info|2026-02-06 18:21:31.610166|ioService-0x000072bae3cfd6c0|[P2PService][Service][METRIC]heartBeat,connected count=3
info|2026-02-06 18:21:41.586621|timerFactory-0x000072bad3fff6c0|[RPC][WS][SERVICE]connected nodes,count=0
info|2026-02-06 18:21:41.610498|ioService-0x000072bae3cfd6c0|[P2PService][Service][METRIC]heartBeat,connected count=3
info|2026-02-06 18:21:51.586818|timerFactory-0x000072bad3fff6c0|[RPC][WS][SERVICE]connected nodes,count=0
info|2026-02-06 18:21:51.610657|ioService-0x000072bae3cfd6c0|[P2PService][Service][METRIC]heartBeat,connected count=3
info|2026-02-06 18:22:01.586917|timerFactory-0x000072bad3fff6c0|[RPC][WS][SERVICE]connected nodes,count=0
info|2026-02-06 18:22:01.610925|ioService-0x000072bae3cfd6c0|[P2PService][Service][METRIC]heartBeat,connected count=3
info|2026-02-06 18:22:11.587274|timerFactory-0x000072bad3fff6c0|[RPC][WS][SERVICE]connected nodes,count=0
info|2026-02-06 18:22:11.611321|ioService-0x000072bae3cfd6c0|[P2PService][Service][METRIC]heartBeat,connected count=3
info|2026-02-06 18:22:21.587481|timerFactory-0x000072bad3fff6c0|[RPC][WS][SERVICE]connected nodes,count=0
info|2026-02-06 18:22:21.614899|ioService-0x000072bae3cfd6c0|[P2PService][Service][METRIC]heartBeat,connected count=3
info|2026-02-06 18:22:31.259962|objMonitor-0x000072bac77ff6c0|[startMonitor][AliveObjectMonitor],AliveObjectAllocStat=[ type: bcos::gateway::Socket ,created: 9 ,destroyed: 5 ,alive: 4 ] 
info|2026-02-06 18:22:31.588294|timerFactory-0x000072bad3fff6c0|[RPC][WS][SERVICE]connected nodes,count=0
info|2026-02-06 18:22:31.615151|ioService-0x000072bae3cfd6c0|[P2PService][Service][METRIC]heartBeat,connected count=3
info|2026-02-06 18:22:41.588850|timerFactory-0x000072bad3fff6c0|[RPC][WS][SERVICE]connected nodes,count=0
info|2026-02-06 18:22:41.615700|ioService-0x000072bae3cfd6c0|[P2PService][Service][METRIC]heartBeat,connected count=3
info|2026-02-06 18:22:51.589001|timerFactory-0x000072bad3fff6c0|[RPC][WS][SERVICE]connected nodes,count=0
info|2026-02-06 18:22:51.616120|ioService-0x000072bae3cfd6c0|[P2PService][Service][METRIC]heartBeat,connected count=3
info|2026-02-06 18:23:01.589156|timerFactory-0x000072bad3fff6c0|[RPC][WS][SERVICE]connected nodes,count=0
info|2026-02-06 18:23:01.616316|ioService-0x000072bae3cfd6c0|[P2PService][Service][METRIC]heartBeat,connected count=3
info|2026-02-06 18:23:11.589520|timerFactory-0x000072bad3fff6c0|[RPC][WS][SERVICE]connected nodes,count=0
info|2026-02-06 18:23:11.616495|ioService-0x000072bae3cfd6c0|[P2PService][Service][METRIC]heartBeat,connected count=3
info|2026-02-06 18:23:21.589946|timerFactory-0x000072bad3fff6c0|[RPC][WS][SERVICE]connected nodes,count=0
info|2026-02-06 18:23:21.616839|ioService-0x000072bae3cfd6c0|[P2PService][Service][METRIC]heartBeat,connected count=3
info|2026-02-06 18:23:31.255389|objMonitor-0x000072bac77ff6c0|[startMonitor][AliveObjectMonitor],AliveObjectAllocStat=[ type: bcos::gateway::Socket ,created: 9 ,destroyed: 5 ,alive: 4 ] 
info|2026-02-06 18:23:31.590202|timerFactory-0x000072bad3fff6c0|[RPC][WS][SERVICE]connected nodes,count=0
info|2026-02-06 18:23:31.616990|ioService-0x000072bae3cfd6c0|[P2PService][Service][METRIC]heartBeat,connected count=3
info|2026-02-06 18:23:41.590382|timerFactory-0x000072bad3fff6c0|[RPC][WS][SERVICE]connected nodes,count=0
info|2026-02-06 18:23:41.617208|ioService-0x000072bae3cfd6c0|[P2PService][Service][METRIC]heartBeat,connected count=3
info|2026-02-06 18:23:51.590578|timerFactory-0x000072bad3fff6c0|[RPC][WS][SERVICE]connected nodes,count=0
info|2026-02-06 18:23:51.617570|ioService-0x000072bae3cfd6c0|[P2PService][Service][METRIC]heartBeat,connected count=3
info|2026-02-06 18:24:01.590787|timerFactory-0x000072bad3fff6c0|[RPC][WS][SERVICE]connected nodes,count=0
info|2026-02-06 18:24:01.617770|ioService-0x000072bae3cfd6c0|[P2PService][Service][METRIC]heartBeat,connected count=3
info|2026-02-06 18:24:11.590961|timerFactory-0x000072bad3fff6c0|[RPC][WS][SERVICE]connected nodes,count=0
info|2026-02-06 18:24:11.617933|ioService-0x000072bae3cfd6c0|[P2PService][Service][METRIC]heartBeat,connected count=3
info|2026-02-06 18:24:21.591310|timerFactory-0x000072bad3fff6c0|[RPC][WS][SERVICE]connected nodes,count=0
info|2026-02-06 18:24:21.618144|ioService-0x000072bae3cfd6c0|[P2PService][Service][METRIC]heartBeat,connected count=3
info|2026-02-06 18:24:31.250213|objMonitor-0x000072bac77ff6c0|[startMonitor][AliveObjectMonitor],AliveObjectAllocStat=[ type: bcos::gateway::Socket ,created: 9 ,destroyed: 5 ,alive: 4 ] 
info|2026-02-06 18:24:31.591532|timerFactory-0x000072bad3fff6c0|[RPC][WS][SERVICE]connected nodes,count=0
info|2026-02-06 18:24:31.618372|ioService-0x000072bae3cfd6c0|[P2PService][Service][METRIC]heartBeat,connected count=3
info|2026-02-06 18:24:41.591732|timerFactory-0x000072bad3fff6c0|[RPC][WS][SERVICE]connected nodes,count=0
info|2026-02-06 18:24:41.618709|ioService-0x000072bae3cfd6c0|[P2PService][Service][METRIC]heartBeat,connected count=3
info|2026-02-06 18:24:51.591924|timerFactory-0x000072bad3fff6c0|[RPC][WS][SERVICE]connected nodes,count=0
info|2026-02-06 18:24:51.622360|ioService-0x000072bae3cfd6c0|[P2PService][Service][METRIC]heartBeat,connected count=3
info|2026-02-06 18:25:01.592076|timerFactory-0x000072bad3fff6c0|[RPC][WS][SERVICE]connected nodes,count=0
info|2026-02-06 18:25:01.622624|ioService-0x000072bae3cfd6c0|[P2PService][Service][METRIC]heartBeat,connected count=3
info|2026-02-06 18:25:11.592244|timerFactory-0x000072bad3fff6c0|[RPC][WS][SERVICE]connected nodes,count=0
info|2026-02-06 18:25:11.622796|ioService-0x000072bae3cfd6c0|[P2PService][Service][METRIC]heartBeat,connected count=3
info|2026-02-06 18:25:21.592433|timerFactory-0x000072bad3fff6c0|[RPC][WS][SERVICE]connected nodes,count=0
info|2026-02-06 18:25:21.623143|ioService-0x000072bae3cfd6c0|[P2PService][Service][METRIC]heartBeat,connected count=3
info|2026-02-06 18:25:31.245274|objMonitor-0x000072bac77ff6c0|[startMonitor][AliveObjectMonitor],AliveObjectAllocStat=[ type: bcos::gateway::Socket ,created: 9 ,destroyed: 5 ,alive: 4 ] 
info|2026-02-06 18:25:31.592651|timerFactory-0x000072bad3fff6c0|[RPC][WS][SERVICE]connected nodes,count=0
info|2026-02-06 18:25:31.623368|ioService-0x000072bae3cfd6c0|[P2PService][Service][METRIC]heartBeat,connected count=3
info|2026-02-06 18:25:41.592811|timerFactory-0x000072bad3fff6c0|[RPC][WS][SERVICE]connected nodes,count=0
info|2026-02-06 18:25:41.623640|ioService-0x000072bae3cfd6c0|[P2PService][Service][METRIC]heartBeat,connected count=3
info|2026-02-06 18:25:51.593020|timerFactory-0x000072bad3fff6c0|[RPC][WS][SERVICE]connected nodes,count=0
info|2026-02-06 18:25:51.623957|ioService-0x000072bae3cfd6c0|[P2PService][Service][METRIC]heartBeat,connected count=3
info|2026-02-06 18:26:01.593244|timerFactory-0x000072bad3fff6c0|[RPC][WS][SERVICE]connected nodes,count=0
info|2026-02-06 18:26:01.624353|ioService-0x000072bae3cfd6c0|[P2PService][Service][METRIC]heartBeat,connected count=3
info|2026-02-06 18:26:11.593404|timerFactory-0x000072bad3fff6c0|[RPC][WS][SERVICE]connected nodes,count=0
info|2026-02-06 18:26:11.624669|ioService-0x000072bae3cfd6c0|[P2PService][Service][METRIC]heartBeat,connected count=3
info|2026-02-06 18:26:21.593546|timerFactory-0x000072bad3fff6c0|[RPC][WS][SERVICE]connected nodes,count=0
info|2026-02-06 18:26:21.624868|ioService-0x000072bae3cfd6c0|[P2PService][Service][METRIC]heartBeat,connected count=3
info|2026-02-06 18:26:31.240718|objMonitor-0x000072bac77ff6c0|[startMonitor][AliveObjectMonitor],AliveObjectAllocStat=[ type: bcos::gateway::Socket ,created: 9 ,destroyed: 5 ,alive: 4 ] 
info|2026-02-06 18:26:31.593789|timerFactory-0x000072bad3fff6c0|[RPC][WS][SERVICE]connected nodes,count=0
info|2026-02-06 18:26:31.625239|ioService-0x000072bae3cfd6c0|[P2PService][Service][METRIC]heartBeat,connected count=3
info|2026-02-06 18:26:41.593973|timerFactory-0x000072bad3fff6c0|[RPC][WS][SERVICE]connected nodes,count=0
info|2026-02-06 18:26:41.625496|ioService-0x000072bae3cfd6c0|[P2PService][Service][METRIC]heartBeat,connected count=3
info|2026-02-06 18:26:51.594077|timerFactory-0x000072bad3fff6c0|[RPC][WS][SERVICE]connected nodes,count=0
info|2026-02-06 18:26:51.625676|ioService-0x000072bae3cfd6c0|[P2PService][Service][METRIC]heartBeat,connected count=3
info|2026-02-06 18:27:01.594274|timerFactory-0x000072bad3fff6c0|[RPC][WS][SERVICE]connected nodes,count=0
info|2026-02-06 18:27:01.625874|ioService-0x000072bae3cfd6c0|[P2PService][Service][METRIC]heartBeat,connected count=3
info|2026-02-06 18:27:11.594494|timerFactory-0x000072bad3fff6c0|[RPC][WS][SERVICE]connected nodes,count=0
info|2026-02-06 18:27:11.626067|ioService-0x000072bae3cfd6c0|[P2PService][Service][METRIC]heartBeat,connected count=3
info|2026-02-06 18:27:21.594820|timerFactory-0x000072bad3fff6c0|[RPC][WS][SERVICE]connected nodes,count=0
info|2026-02-06 18:27:21.626396|ioService-0x000072bae3cfd6c0|[P2PService][Service][METRIC]heartBeat,connected count=3
info|2026-02-06 18:27:31.236340|objMonitor-0x000072bac77ff6c0|[startMonitor][AliveObjectMonitor],AliveObjectAllocStat=[ type: bcos::gateway::Socket ,created: 9 ,destroyed: 5 ,alive: 4 ] 
info|2026-02-06 18:27:31.595070|timerFactory-0x000072bad3fff6c0|[RPC][WS][SERVICE]connected nodes,count=0
info|2026-02-06 18:27:31.626714|ioService-0x000072bae3cfd6c0|[P2PService][Service][METRIC]heartBeat,connected count=3
info|2026-02-06 18:27:41.595275|timerFactory-0x000072bad3fff6c0|[RPC][WS][SERVICE]connected nodes,count=0
info|2026-02-06 18:27:41.627108|ioService-0x000072bae3cfd6c0|[P2PService][Service][METRIC]heartBeat,connected count=3
info|2026-02-06 18:27:51.595443|timerFactory-0x000072bad3fff6c0|[RPC][WS][SERVICE]connected nodes,count=0
info|2026-02-06 18:27:51.627368|ioService-0x000072bae3cfd6c0|[P2PService][Service][METRIC]heartBeat,connected count=3
info|2026-02-06 18:28:01.595628|timerFactory-0x000072bad3fff6c0|[RPC][WS][SERVICE]connected nodes,count=0
info|2026-02-06 18:28:01.627719|ioService-0x000072bae3cfd6c0|[P2PService][Service][METRIC]heartBeat,connected count=3
info|2026-02-06 18:28:11.595861|timerFactory-0x000072bad3fff6c0|[RPC][WS][SERVICE]connected nodes,count=0
info|2026-02-06 18:28:11.627900|ioService-0x000072bae3cfd6c0|[P2PService][Service][METRIC]heartBeat,connected count=3
info|2026-02-06 18:28:21.596272|timerFactory-0x000072bad3fff6c0|[RPC][WS][SERVICE]connected nodes,count=0
info|2026-02-06 18:28:21.628253|ioService-0x000072bae3cfd6c0|[P2PService][Service][METRIC]heartBeat,connected count=3
info|2026-02-06 18:28:31.232016|objMonitor-0x000072bac77ff6c0|[startMonitor][AliveObjectMonitor],AliveObjectAllocStat=[ type: bcos::gateway::Socket ,created: 9 ,destroyed: 5 ,alive: 4 ] 
info|2026-02-06 18:28:31.596457|timerFactory-0x000072bad3fff6c0|[RPC][WS][SERVICE]connected nodes,count=0
info|2026-02-06 18:28:31.628683|ioService-0x000072bae3cfd6c0|[P2PService][Service][METRIC]heartBeat,connected count=3
info|2026-02-06 18:28:41.596650|timerFactory-0x000072bad3fff6c0|[RPC][WS][SERVICE]connected nodes,count=0
info|2026-02-06 18:28:41.628911|ioService-0x000072bae3cfd6c0|[P2PService][Service][METRIC]heartBeat,connected count=3
info|2026-02-06 18:28:51.596805|timerFactory-0x000072bad3fff6c0|[RPC][WS][SERVICE]connected nodes,count=0
info|2026-02-06 18:28:51.629140|ioService-0x000072bae3cfd6c0|[P2PService][Service][METRIC]heartBeat,connected count=3
info|2026-02-06 18:29:01.597044|timerFactory-0x000072bad3fff6c0|[RPC][WS][SERVICE]connected nodes,count=0
info|2026-02-06 18:29:01.629522|ioService-0x000072bae3cfd6c0|[P2PService][Service][METRIC]heartBeat,connected count=3
info|2026-02-06 18:29:11.597254|timerFactory-0x000072bad3fff6c0|[RPC][WS][SERVICE]connected nodes,count=0
info|2026-02-06 18:29:11.629796|ioService-0x000072bae3cfd6c0|[P2PService][Service][METRIC]heartBeat,connected count=3
info|2026-02-06 18:29:21.597635|timerFactory-0x000072bad3fff6c0|[RPC][WS][SERVICE]connected nodes,count=0
info|2026-02-06 18:29:21.630076|ioService-0x000072bae3cfd6c0|[P2PService][Service][METRIC]heartBeat,connected count=3
info|2026-02-06 18:29:31.227315|objMonitor-0x000072bac77ff6c0|[startMonitor][AliveObjectMonitor],AliveObjectAllocStat=[ type: bcos::gateway::Socket ,created: 9 ,destroyed: 5 ,alive: 4 ] [ type: bcos::gateway::ResponseCallback ,created: 55586 ,destroyed: 55582 ,alive: 4 ] 
info|2026-02-06 18:29:31.597823|timerFactory-0x000072bad3fff6c0|[RPC][WS][SERVICE]connected nodes,count=0
info|2026-02-06 18:29:31.630286|ioService-0x000072bae3cfd6c0|[P2PService][Service][METRIC]heartBeat,connected count=3
info|2026-02-06 18:29:41.597981|timerFactory-0x000072bad3fff6c0|[RPC][WS][SERVICE]connected nodes,count=0
info|2026-02-06 18:29:41.630608|ioService-0x000072bae3cfd6c0|[P2PService][Service][METRIC]heartBeat,connected count=3
info|2026-02-06 18:29:51.598164|timerFactory-0x000072bad3fff6c0|[RPC][WS][SERVICE]connected nodes,count=0
info|2026-02-06 18:29:51.630713|ioService-0x000072bae3cfd6c0|[P2PService][Service][METRIC]heartBeat,connected count=3
info|2026-02-06 18:30:01.598496|timerFactory-0x000072bad3fff6c0|[RPC][WS][SERVICE]connected nodes,count=0
info|2026-02-06 18:30:01.631115|ioService-0x000072bae3cfd6c0|[P2PService][Service][METRIC]heartBeat,connected count=3
info|2026-02-06 18:30:11.598975|timerFactory-0x000072bad3fff6c0|[RPC][WS][SERVICE]connected nodes,count=0
info|2026-02-06 18:30:11.631481|ioService-0x000072bae3cfd6c0|[P2PService][Service][METRIC]heartBeat,connected count=3
info|2026-02-06 18:30:21.599147|timerFactory-0x000072bad3fff6c0|[RPC][WS][SERVICE]connected nodes,count=0
info|2026-02-06 18:30:21.631623|ioService-0x000072bae3cfd6c0|[P2PService][Service][METRIC]heartBeat,connected count=3
info|2026-02-06 18:30:31.222023|objMonitor-0x000072bac77ff6c0|[startMonitor][AliveObjectMonitor],AliveObjectAllocStat=[ type: bcos::gateway::Socket ,created: 9 ,destroyed: 5 ,alive: 4 ] 
info|2026-02-06 18:30:31.599536|timerFactory-0x000072bad3fff6c0|[RPC][WS][SERVICE]connected nodes,count=0
info|2026-02-06 18:30:31.631941|ioService-0x000072bae3cfd6c0|[P2PService][Service][METRIC]heartBeat,connected count=3
info|2026-02-06 18:30:41.610470|timerFactory-0x000072bad3fff6c0|[RPC][WS][SERVICE]connected nodes,count=0
info|2026-02-06 18:30:41.632123|ioService-0x000072bae3cfd6c0|[P2PService][Service][METRIC]heartBeat,connected count=3
info|2026-02-06 18:30:51.610761|timerFactory-0x000072bad3fff6c0|[RPC][WS][SERVICE]connected nodes,count=0
info|2026-02-06 18:30:51.632421|ioService-0x000072bae3cfd6c0|[P2PService][Service][METRIC]heartBeat,connected count=3
info|2026-02-06 18:31:01.610964|timerFactory-0x000072bad3fff6c0|[RPC][WS][SERVICE]connected nodes,count=0
info|2026-02-06 18:31:01.632748|ioService-0x000072bae3cfd6c0|[P2PService][Service][METRIC]heartBeat,connected count=3
info|2026-02-06 18:31:11.611153|timerFactory-0x000072bad3fff6c0|[RPC][WS][SERVICE]connected nodes,count=0
info|2026-02-06 18:31:11.633168|ioService-0x000072bae3cfd6c0|[P2PService][Service][METRIC]heartBeat,connected count=3
info|2026-02-06 18:31:21.611410|timerFactory-0x000072bad3fff6c0|[RPC][WS][SERVICE]connected nodes,count=0
info|2026-02-06 18:31:21.633532|ioService-0x000072bae3cfd6c0|[P2PService][Service][METRIC]heartBeat,connected count=3
info|2026-02-06 18:31:31.217699|objMonitor-0x000072bac77ff6c0|[startMonitor][AliveObjectMonitor],AliveObjectAllocStat=[ type: bcos::gateway::Socket ,created: 9 ,destroyed: 5 ,alive: 4 ] 
info|2026-02-06 18:31:31.611573|timerFactory-0x000072bad3fff6c0|[RPC][WS][SERVICE]connected nodes,count=0
info|2026-02-06 18:31:31.633680|ioService-0x000072bae3cfd6c0|[P2PService][Service][METRIC]heartBeat,connected count=3
info|2026-02-06 18:31:41.611696|timerFactory-0x000072bad3fff6c0|[RPC][WS][SERVICE]connected nodes,count=0
info|2026-02-06 18:31:41.633909|ioService-0x000072bae3cfd6c0|[P2PService][Service][METRIC]heartBeat,connected count=3
info|2026-02-06 18:31:51.611964|timerFactory-0x000072bad3fff6c0|[RPC][WS][SERVICE]connected nodes,count=0
info|2026-02-06 18:31:51.634089|ioService-0x000072bae3cfd6c0|[P2PService][Service][METRIC]heartBeat,connected count=3
info|2026-02-06 18:31:57.677758|pbft-0x000072bae69ff6c0|[CONSENSUS][PBFT]handlePrePrepareMsg,reqHash=ed73b5b1...,reqIndex=73,reqV=3,fromIdx=0,wait(ms)=0,committedIndex=72,consNum=73,committedHash=319839d4...,view=3,toView=3,changeCycle=0,expectedCheckPoint=73,Idx=2,unsealedTxs=1,sealUntil=0,waitResealUntil=0,consensusTimeout=3000,nodeId=2346c69c...,utc=26375757
info|2026-02-06 18:31:57.678607|pbft-0x000072bae69ff6c0|[TXPOOL]begin asyncVerifyBlock,consNum=73,hash=ed73b5b1...
info|2026-02-06 18:31:57.679784|pbft-0x000072bae69ff6c0|[CONSENSUS][PBFT]addPrepareCache,reqHash=ed73b5b1...,reqIndex=73,reqV=3,fromIdx=0,wait(ms)=0,committedIndex=72,consNum=73,committedHash=319839d4...,view=3,toView=3,changeCycle=0,expectedCheckPoint=73,Idx=2,unsealedTxs=1,sealUntil=0,waitResealUntil=0,consensusTimeout=3000,nodeId=2346c69c...,weight=1
info|2026-02-06 18:31:57.679648|verifier-0x000072bb069f06c0|[TXPOOL]batchVerifyProposal,consNum=73,hash=ed73b5b1...,txsSize=1,lockT=0,verifyT=0,missedTxs=0
info|2026-02-06 18:31:57.679932|verifier-0x000072bb069f06c0|[TXPOOL][METRIC]asyncVerifyBlock finished,consNum=73,hash=ed73b5b1...,code=0,msg=success,result=true,timecost=1
info|2026-02-06 18:31:57.680049|verifier-0x000072bb069f06c0|[CONSENSUS][PBFT]handlePrePrepareMsg,reqHash=ed73b5b1...,reqIndex=73,reqV=3,fromIdx=0,wait(ms)=3,committedIndex=72,consNum=73,committedHash=319839d4...,view=3,toView=3,changeCycle=0,expectedCheckPoint=73,Idx=2,unsealedTxs=1,sealUntil=0,waitResealUntil=0,consensusTimeout=3000,nodeId=2346c69c...,utc=26375759
info|2026-02-06 18:31:57.680190|verifier-0x000072bb069f06c0|[CONSENSUS][PBFT]addPrePrepareCache,reqHash=ed73b5b1...,reqIndex=73,reqV=3,fromIdx=0,wait(ms)=3,sys=false,committedIndex=72,consNum=73,committedHash=319839d4...,view=3,toView=3,changeCycle=0,expectedCheckPoint=73,Idx=2,unsealedTxs=1,sealUntil=0,waitResealUntil=0,consensusTimeout=3000,nodeId=2346c69c...
info|2026-02-06 18:31:57.680375|verifier-0x000072bb069f06c0|[CONSENSUS][PBFT]notify the committed proposal index to the sync module success,index=73
info|2026-02-06 18:31:57.680315|validator-0x000072baf91d56c0|[CONSENSUS][PBFT]asyncResetTxsFlag,index=73,hash=ed73b5b1...,flag=true
info|2026-02-06 18:31:57.680494|verifier-0x000072bb069f06c0|[CONSENSUS][PBFT]addPrepareCache,reqHash=ed73b5b1...,reqIndex=73,reqV=3,fromIdx=2,wait(ms)=0,committedIndex=72,consNum=73,committedHash=319839d4...,view=3,toView=3,changeCycle=0,expectedCheckPoint=73,Idx=2,unsealedTxs=1,sealUntil=0,waitResealUntil=0,consensusTimeout=3000,nodeId=2346c69c...,weight=2
info|2026-02-06 18:31:57.680511|validator-0x000072baf91d56c0|[TXPOOL]batchMarkTxs,txsSize=1,batchId=73,hash=ed73b5b1...,sealFlag=true,notFound=0,reSealed=0,succ=1,time=0,markT=0
info|2026-02-06 18:31:57.680572|validator-0x000072baf91d56c0|[CONSENSUS][PBFT]asyncMarkTxs success,index=73,hash=ed73b5b1...,flag=true,markT=0,emptyTxBatchHash=false
info|2026-02-06 18:31:57.680599|verifier-0x000072bb069f06c0|[CONSENSUS][PBFT]broadcast prepare packet,packetSize=228,index=73
info|2026-02-06 18:31:57.680978|verifier-0x000072bb069f06c0|[CONSENSUS][PBFT]handlePrePrepareMsg and broadcast prepare packet,reqHash=ed73b5b1...,reqIndex=73,reqV=3,fromIdx=0,wait(ms)=3,committedIndex=72,consNum=73,committedHash=319839d4...,view=3,toView=3,changeCycle=0,expectedCheckPoint=73,Idx=2,unsealedTxs=0,sealUntil=0,waitResealUntil=0,consensusTimeout=3000,nodeId=2346c69c...
info|2026-02-06 18:31:57.682254|txsPreStore-0x000072bb051ed6c0|[TXPOOL]storeVerifiedBlock fetch block number from LedgerConfig
info|2026-02-06 18:31:57.682736|txsPreStore-0x000072bb051ed6c0|[TOOL]LedgerConfigFetcher: fetchBlockNumber success,blockNumber=72
info|2026-02-06 18:31:57.682756|pbft-0x000072bae69ff6c0|[CONSENSUS][PBFT]addPrepareCache,reqHash=ed73b5b1...,reqIndex=73,reqV=3,fromIdx=1,wait(ms)=1,committedIndex=72,consNum=73,committedHash=319839d4...,view=3,toView=3,changeCycle=0,expectedCheckPoint=73,Idx=2,unsealedTxs=0,sealUntil=0,waitResealUntil=0,consensusTimeout=3000,nodeId=2346c69c...,weight=3
info|2026-02-06 18:31:57.682970|pbft-0x000072bae69ff6c0|[CONSENSUS][PBFT]setSignatureList,signatureSize=3,propHash=ed73b5b1...,propIndex=73
info|2026-02-06 18:31:57.683148|pbft-0x000072bae69ff6c0|[CONSENSUS][PBFT]intoPrecommit,reqHash=ed73b5b1...,reqIndex=73,reqV=3,fromIdx=2,wait(ms)=6,committedIndex=72,consNum=73,committedHash=319839d4...,view=3,toView=3,changeCycle=0,expectedCheckPoint=73,Idx=2,unsealedTxs=0,sealUntil=0,waitResealUntil=0,consensusTimeout=3000,nodeId=2346c69c...
info|2026-02-06 18:31:57.683194|pbft-0x000072bae69ff6c0|[CONSENSUS][PBFT]addCommitCache,reqHash=ed73b5b1...,reqIndex=73,reqV=3,fromIdx=2,wait(ms)=0,committedIndex=72,consNum=73,committedHash=319839d4...,view=3,toView=3,changeCycle=0,expectedCheckPoint=73,Idx=2,unsealedTxs=0,sealUntil=0,waitResealUntil=0,consensusTimeout=3000,nodeId=2346c69c...,weight=1
info|2026-02-06 18:31:57.683200|pbft-0x000072bae69ff6c0|[CONSENSUS][PBFT]checkAndPreCommit: broadcast commitMsg,Idx=2,hash=ed73b5b1...,index=73
info|2026-02-06 18:31:57.683042|txsPreStore-0x000072bb051ed6c0|[TXPOOL]storeVerifiedBlock,consNum=73,hash=ed73b5b1...,txsSize=1
info|2026-02-06 18:31:57.684935|txsPreStore-0x000072bb051ed6c0|[LEDGER]asyncPreStoreBlockTxs: needStoreUnsavedTxs,txsSize=1,unstoredTxs=1,number=73
info|2026-02-06 18:31:57.685180|pbft-0x000072bae69ff6c0|[CONSENSUS][PBFT]addPrepareCache,reqHash=ed73b5b1...,reqIndex=73,reqV=3,fromIdx=3,wait(ms)=2,committedIndex=72,consNum=73,committedHash=319839d4...,view=3,toView=3,changeCycle=0,expectedCheckPoint=73,Idx=2,unsealedTxs=0,sealUntil=0,waitResealUntil=0,consensusTimeout=3000,nodeId=2346c69c...,weight=4
info|2026-02-06 18:31:57.685515|pbft-0x000072bae69ff6c0|[CONSENSUS][PBFT]addCommitCache,reqHash=ed73b5b1...,reqIndex=73,reqV=3,fromIdx=1,wait(ms)=1,committedIndex=72,consNum=73,committedHash=319839d4...,view=3,toView=3,changeCycle=0,expectedCheckPoint=73,Idx=2,unsealedTxs=0,sealUntil=0,waitResealUntil=0,consensusTimeout=3000,nodeId=2346c69c...,weight=2
info|2026-02-06 18:31:57.685793|pbft-0x000072bae69ff6c0|[CONSENSUS][PBFT]addCommitCache,reqHash=ed73b5b1...,reqIndex=73,reqV=3,fromIdx=3,wait(ms)=1,committedIndex=72,consNum=73,committedHash=319839d4...,view=3,toView=3,changeCycle=0,expectedCheckPoint=73,Idx=2,unsealedTxs=0,sealUntil=0,waitResealUntil=0,consensusTimeout=3000,nodeId=2346c69c...,weight=3
info|2026-02-06 18:31:57.685989|pbft-0x000072bae69ff6c0|[CONSENSUS][PBFT]checkAndCommit,propHash=ed73b5b1...,propIndex=73,committedIndex=72,consNum=73,committedHash=319839d4...,view=3,toView=3,changeCycle=0,expectedCheckPoint=73,Idx=2,unsealedTxs=0,sealUntil=0,waitResealUntil=0,consensusTimeout=3000,nodeId=2346c69c...
info|2026-02-06 18:31:57.686060|pbft-0x000072bae69ff6c0|[CONSENSUS][PBFT]######## CommitProposal,propHash=ed73b5b1...,propIndex=73,sys=false,committedIndex=72,consNum=73,committedHash=319839d4...,view=3,toView=3,changeCycle=0,expectedCheckPoint=73,Idx=2,unsealedTxs=0,sealUntil=0,waitResealUntil=0,consensusTimeout=3000,nodeId=2346c69c...
info|2026-02-06 18:31:57.686084|pbft-0x000072bae69ff6c0|[CONSENSUS][PBFT]notify to seal next proposal,nextProposalIndex=74
info|2026-02-06 18:31:57.686441|pbft-0x000072bae69ff6c0|[CONSENSUS][PBFT]notify to seal next proposal,nextProposalIndex=74
info|2026-02-06 18:31:57.686471|pbft-0x000072bae69ff6c0|[CONSENSUS][PBFT]applyStateMachine,index=73,hash=ed73b5b1...,committedIndex=72,consNum=73,committedHash=319839d4...,view=3,toView=3,changeCycle=0,expectedCheckPoint=73,Idx=2,unsealedTxs=0,sealUntil=0,waitResealUntil=0,consensusTimeout=3000,nodeId=2346c69c...,unAppliedProposals=0
info|2026-02-06 18:31:57.687102|txsPreStore-0x000072bb051ed6c0|[STORAGE-RocksDB]setRows finished,put=1,dataSize=744,time(ms)=1
info|2026-02-06 18:31:57.687138|txsPreStore-0x000072bb051ed6c0|[LEDGER]asyncPreStoreBlockTxs: store uncommitted txs,blockNumber=73,blockTxsSize=1,unStoredTxs=1,msg=success,code=0,timeCost=3
info|2026-02-06 18:31:57.687147|txsPreStore-0x000072bb051ed6c0|[TXPOOL]storeVerifiedBlock success,consNum=73,hash=ed73b5b1...,timecost=4
info|2026-02-06 18:31:57.687847|preExeScheduler-0x000072babdffc6c0|[SCHEDULER][METRIC][BlockTrace][blk-73]preExeBlock success,blockHeader.timestamp=1770373917674,metaTxCount=1,timeCost=0
info|2026-02-06 18:31:57.687924|exeScheduler-0x000072babe7fd6c0|[SCHEDULER][METRIC][blk-73]ExecuteBlock request,gasLimit=3000000000,gasPrice=0x0,verify=false,signatureSize=0,txCount=0,metaTxCount=1,version=3.11.0,waitT=0
info|2026-02-06 18:31:57.688317|exeScheduler-0x000072babe7fd6c0|[SCHEDULER][blk-73][BlockTrace]ExecuteBlock start,time(ms)=0
info|2026-02-06 18:31:57.688337|exeScheduler-0x000072babe7fd6c0|[SCHEDULER][serialExecute][blk-73][BlockTrace]serialExecute execute block
info|2026-02-06 18:31:57.688389|exeScheduler-0x000072babe7fd6c0|[SCHEDULER][serialExecute][blk-73][BlockTrace]serialExecute batch next block
info|2026-02-06 18:31:57.688416|exeScheduler-0x000072babe7fd6c0|[SCHEDULER][blk-73][BlockTrace]NextBlock request,executorNum=1
info|2026-02-06 18:31:57.691699|exec-0x000072bb011e56c0|[SCHEDULER][blk-73][BlockTrace]NextBlock success,executorNum=1,timeCost=3
info|2026-02-06 18:31:57.691739|exec-0x000072bb011e56c0|[SCHEDULER][serialExecute][blk-73][BlockTrace]serialExecute block begin
info|2026-02-06 18:31:57.694127|exec-0x000072bb001e36c0|[STORAGE-KeyPage]hash,size=24,blockVersion=51052544,readLength=7780,writeLength=640,pageCount=1,entrycount=0,entriesHash=0000000000000000000000000000000000000000000000000000000000000000,pagesHash=c28db45ef08d3f6a1fc3396b2e4177835c98ea0239d90078dc43d881abbd8cdd,totalHash=c28db45ef08d3f6a1fc3396b2e4177835c98ea0239d90078dc43d881abbd8cdd
info|2026-02-06 18:31:57.694276|exec-0x000072bb001e36c0|[EXECUTOR:1770370051][blk-73]GetTableHashes success,hash=c28db45ef08d3f6a1fc3396b2e4177835c98ea0239d90078dc43d881abbd8cdd,time(ms)=1
info|2026-02-06 18:31:57.694452|exec-0x000072bb001e36c0|[SCHEDULER][blk-73][BlockTrace]ExecuteBlock success,hash=98cc324c...,stateRoot=c28db45ef08d3f6a1fc3396b2e4177835c98ea0239d90078dc43d881abbd8cdd,receiptRoot=d453f8a3c8ded3e864f0429832ed1273dea0cf230659c496b170af3512b23e42,txsRoot=c6377d52...,gasUsed=74556,signatureSize=0,timeCost=6,blockVersion=51052544
info|2026-02-06 18:31:57.694476|exec-0x000072bb001e36c0|[CONSENSUS][Core][METRIC]asyncExecuteBlock success,sysBlock=false,number=73,result=98cc324c...,txsSize=1,txsRoot=c6377d52...,receiptsRoot=d453f8a3...,stateRoot=c28db45e...,timeCost=7,execPerTx=7
info|2026-02-06 18:31:57.694759|exec-0x000072bb001e36c0|[CONSENSUS][PBFT]applyStateMachine finished,index=73,beforeExec=ed73b5b1...,afterExec=98cc324c...,committedIndex=72,consNum=73,committedHash=319839d4...,view=3,toView=3,changeCycle=0,expectedCheckPoint=73,Idx=2,unsealedTxs=0,sealUntil=0,waitResealUntil=0,consensusTimeout=3000,nodeId=2346c69c...,timecost=8
info|2026-02-06 18:31:57.695633|pbftWorker-0x000072baf49cc6c0|[CONSENSUS][PBFT][STORAGE]asyncCommitProposal: write the committed proposal into db,index=73
info|2026-02-06 18:31:57.696167|pbftWorker-0x000072baf49cc6c0|[CONSENSUS][PBFT][STORAGE]asyncPutProposal: commit success,dbName=pbftCommitDB,key=max_committed_proposal,number=73,timecost=1,dataSize=2
info|2026-02-06 18:31:57.696248|pbftWorker-0x000072baf49cc6c0|[CONSENSUS][PBFT][STORAGE]asyncPutProposal: commit success,dbName=pbftCommitDB,key=73,number=73,timecost=0,dataSize=675
info|2026-02-06 18:31:57.698840|pbft-0x000072bae69ff6c0|[CONSENSUS][PBFT]handleCheckPointMsg: try to add the checkpoint message into the cache,reqHash=98cc324c...,reqIndex=73,reqV=3,fromIdx=1,wait(ms)=1,committedIndex=72,consNum=73,committedHash=319839d4...,view=3,toView=3,changeCycle=0,expectedCheckPoint=73,Idx=2,unsealedTxs=0,sealUntil=0,waitResealUntil=0,consensusTimeout=3000,nodeId=2346c69c...
info|2026-02-06 18:31:57.698881|pbft-0x000072bae69ff6c0|[CONSENSUS][PBFT]addCheckPointMsg,reqHash=98cc324c...,reqIndex=73,reqV=3,fromIdx=1,wait(ms)=1,Idx=2,weight=1,minRequiredWeight=3
info|2026-02-06 18:31:57.698927|pbft-0x000072bae69ff6c0|[CONSENSUS][PBFT]notify to seal next proposal,nextProposalIndex=74
info|2026-02-06 18:31:57.699870|pbft-0x000072bae69ff6c0|[CONSENSUS][PBFT]handleCheckPointMsg: try to add the checkpoint message into the cache,reqHash=98cc324c...,reqIndex=73,reqV=3,fromIdx=0,wait(ms)=1,committedIndex=72,consNum=73,committedHash=319839d4...,view=3,toView=3,changeCycle=0,expectedCheckPoint=73,Idx=2,unsealedTxs=0,sealUntil=0,waitResealUntil=0,consensusTimeout=3000,nodeId=2346c69c...
info|2026-02-06 18:31:57.699953|pbft-0x000072bae69ff6c0|[CONSENSUS][PBFT]addCheckPointMsg,reqHash=98cc324c...,reqIndex=73,reqV=3,fromIdx=0,wait(ms)=1,Idx=2,weight=2,minRequiredWeight=3
info|2026-02-06 18:31:57.699963|pbft-0x000072bae69ff6c0|[CONSENSUS][PBFT]notify to seal next proposal,nextProposalIndex=74
info|2026-02-06 18:31:57.700065|pbft-0x000072bae69ff6c0|[CONSENSUS][PBFT]handleCheckPointMsg: try to add the checkpoint message into the cache,reqHash=98cc324c...,reqIndex=73,reqV=3,fromIdx=3,wait(ms)=1,committedIndex=72,consNum=73,committedHash=319839d4...,view=3,toView=3,changeCycle=0,expectedCheckPoint=73,Idx=2,unsealedTxs=0,sealUntil=0,waitResealUntil=0,consensusTimeout=3000,nodeId=2346c69c...
info|2026-02-06 18:31:57.700096|pbft-0x000072bae69ff6c0|[CONSENSUS][PBFT]addCheckPointMsg,reqHash=98cc324c...,reqIndex=73,reqV=3,fromIdx=3,wait(ms)=1,Idx=2,weight=3,minRequiredWeight=3
info|2026-02-06 18:31:57.700103|pbft-0x000072bae69ff6c0|[CONSENSUS][PBFT]notify to seal next proposal,nextProposalIndex=74
info|2026-02-06 18:31:57.700170|pbftWorker-0x000072baf49cc6c0|[CONSENSUS][PBFT]addCheckPointMsg,reqHash=98cc324c...,reqIndex=73,reqV=3,fromIdx=2,wait(ms)=4,Idx=2,weight=4,minRequiredWeight=3
info|2026-02-06 18:31:57.700208|pbftWorker-0x000072baf49cc6c0|[CONSENSUS][PBFT]setCheckPointProposal,propHash=98cc324c...,propIndex=73,committedIndex=72,consNum=73,committedHash=319839d4...,view=3,toView=3,changeCycle=0,expectedCheckPoint=73,Idx=2,unsealedTxs=0,sealUntil=0,waitResealUntil=0,consensusTimeout=3000,nodeId=2346c69c...
info|2026-02-06 18:31:57.700282|pbftWorker-0x000072baf49cc6c0|[CONSENSUS][PBFT]PBFTConfig: setExpectedCheckPoint,committedIndex=72,consNum=73,committedHash=319839d4...,view=3,toView=3,changeCycle=0,expectedCheckPoint=74,Idx=2,unsealedTxs=0,sealUntil=0,waitResealUntil=0,consensusTimeout=3000,nodeId=2346c69c...,expectedCheckPoint=74
info|2026-02-06 18:31:57.700295|pbftWorker-0x000072baf49cc6c0|[CONSENSUS][PBFT]setSignatureList,signatureSize=4,propHash=98cc324c...,propIndex=73
info|2026-02-06 18:31:57.700299|pbftWorker-0x000072baf49cc6c0|[CONSENSUS][PBFT]checkAndCommitStableCheckPoint,index=73,hash=98cc324c...,committedIndex=72,consNum=73,committedHash=319839d4...,view=3,toView=3,changeCycle=0,expectedCheckPoint=74,Idx=2,unsealedTxs=0,sealUntil=0,waitResealUntil=0,consensusTimeout=3000,nodeId=2346c69c...
info|2026-02-06 18:31:57.700308|pbftWorker-0x000072baf49cc6c0|[CONSENSUS][PBFT]updateStableCheckPointQueue: insert new checkpoint proposal,index=73,hash=98cc324c...,committedIndex=72,consNum=73,committedHash=319839d4...,view=3,toView=3,changeCycle=0,expectedCheckPoint=74,Idx=2,unsealedTxs=0,sealUntil=0,waitResealUntil=0,consensusTimeout=3000,nodeId=2346c69c...
info|2026-02-06 18:31:57.700326|pbftWorker-0x000072baf49cc6c0|[CONSENSUS][PBFT]updateStableCheckPointQueue: commit stable checkpoint,index=73,committedIndex=72
info|2026-02-06 18:31:57.700356|pbftWorker-0x000072baf49cc6c0|[CONSENSUS][PBFT]asyncCommitStableCheckPoint: set signatureList,index=73,hash=98cc324c...,proofSize=4,blockProofSize=4
info|2026-02-06 18:31:57.700389|pbftWorker-0x000072baf49cc6c0|[CONSENSUS][PBFT]notify to seal next proposal,nextProposalIndex=74
info|2026-02-06 18:31:57.700394|pbftWorker-0x000072baf49cc6c0|[CONSENSUS][PBFT]onProposalApplySuccess,index=73,hash=98cc324c...,lockT=2,timecost=2
info|2026-02-06 18:31:57.700781|blockSubmit-0x000072baf79d26c0|[SCHEDULER][blk-73][BlockTrace]CommitBlock start
info|2026-02-06 18:31:57.705068|blockSubmit-0x000072baf79d26c0|[STORAGE-RocksDB]asyncPrepare,number=73
info|2026-02-06 18:31:57.705541|blockSubmit-0x000072baf79d26c0|[STORAGE-RocksDB]asyncPrepare finished,blockNumber=73,put=7,delete=0,startTS=0,encode(ms)=1,time(ms)=1
info|2026-02-06 18:31:57.705589|blockSubmit-0x000072baf79d26c0|[LEDGER]storeTransactionsAndReceipts,blockNumber=73
info|2026-02-06 18:31:57.705852|exec-0x000072baff9e26c0|[STORAGE-RocksDB]asyncPrepare,number=73
info|2026-02-06 18:31:57.706141|ledgerWrite-0x000072bb0b1f96c0|[STORAGE-RocksDB]setRows finished,put=1,dataSize=542,time(ms)=0
info|2026-02-06 18:31:57.706277|exec-0x000072baff9e26c0|[STORAGE-KeyPage]parallelTraverse,size=1120
info|2026-02-06 18:31:57.706319|blockSubmit-0x000072baf79d26c0|[LEDGER]storeTransactionsAndReceipts finished,blockNumber=73,blockTxsSize=1,unStoredTxs=0,timeCost=1
info|2026-02-06 18:31:57.706344|exec-0x000072baff9e26c0|[STORAGE-RocksDB]asyncPrepare finished,blockNumber=73,put=2,delete=0,startTS=0,encode(ms)=1,time(ms)=1
info|2026-02-06 18:31:57.706352|exec-0x000072baff9e26c0|[EXECUTOR:1770370051][blk-73]Prepare success
info|2026-02-06 18:31:57.706356|blockSubmit-0x000072baf79d26c0|[LEDGER][METRIC]asyncPrewriteBlock,number=73,totalTxs=97,failedTxs=40,incTxs=1,incFailedTxs=0
info|2026-02-06 18:31:57.706497|exec-0x000072baff9e26c0|[STORAGE-RocksDB]asyncCommit finished,blockNumber=73,startTS=0,time(ms)=0,callback time(ms)=0,count=9
info|2026-02-06 18:31:57.706512|exec-0x000072baff9e26c0|[TOOL]fetchCompatibilityVersion
info|2026-02-06 18:31:57.706655|exec-0x000072baff9e26c0|[TOOL]fetchCompatibilityVersion success,version=3.11.0,versionNumber=51052544,minSupportedVersion=3.0.0-rc4,maxSupportedVersion=3.11.0
info|2026-02-06 18:31:57.706695|exec-0x000072baff9e26c0|[TOOL]fetchAuthCheckStatus success,value=0
info|2026-02-06 18:31:57.706712|exec-0x000072baff9e26c0|[EXECUTOR:1770370051]merge keyPage to cachedStorage,number=73
info|2026-02-06 18:31:57.706874|exec-0x000072baff9e26c0|[STORAGE-KeyPage]parallelTraverse,size=1120
info|2026-02-06 18:31:57.706890|exec-0x000072baff9e26c0|[STORAGE]Successful merged records,count=2
info|2026-02-06 18:31:57.709276|exec-0x000072baff9e26c0|[SCHEDULER][blk-73][BlockTrace]CommitBlock success,gas limit=3000000000,timeCost=9
info|2026-02-06 18:31:57.709562|exec-0x000072baff9e26c0|[SCHEDULER][BlockTrace]Notify block result success,blockNumber=73
info|2026-02-06 18:31:57.709594|exec-0x000072baff9e26c0|[CONSENSUS][PBFT][STORAGE][METRIC]commitStableCheckPoint success,index=73,hash=98cc324c...,txs=1,timeCost=9,commitPerTx=9
info|2026-02-06 18:31:57.709626|exec-0x000072baff9e26c0|[SCHEDULER][blk-73]notify block result success,hash=98cc324c...,txsSize=1
info|2026-02-06 18:31:57.709660|blockSubmit-0x000072baf79d26c0|[CONSENSUS][PBFT][METRIC]resetConfig,committedIndex=73,propHash=98cc324c...,blockCountLimit=1000,leaderPeriod=1,consensusNodesSize=4
info|2026-02-06 18:31:57.709708|exec-0x000072baff9e26c0|[STORAGE-RocksDB]asyncCommit finished,blockNumber=73,startTS=0,time(ms)=0,callback time(ms)=3,count=0
info|2026-02-06 18:31:57.709860|blockSubmit-0x000072baf79d26c0|[CONSENSUS][PBFT][METRIC]^^^^^^^^Report,sealer=0,txs=1,committedIndex=73,consNum=74,committedHash=98cc324c...,view=3,toView=3,changeCycle=0,expectedCheckPoint=74,Idx=2,unsealedTxs=0,sealUntil=0,waitResealUntil=0,consensusTimeout=3000,nodeId=2346c69c...
info|2026-02-06 18:31:57.709941|blockSubmit-0x000072baf79d26c0|[CONSENSUS][SEALER]asyncNoteLatestBlockNumber,number=73
info|2026-02-06 18:31:57.710229|blockSubmit-0x000072baf79d26c0|[CONSENSUS][SEALER]asyncNoteLatestBlockHash,_hash=98cc324c...
info|2026-02-06 18:31:57.710074|submitter-0x000072bb0a1f76c0|[TXPOOL][METRIC]StatTPS,tps=27,totalTime=37
info|2026-02-06 18:31:57.710349|blockSubmit-0x000072baf79d26c0|[BLOCK SYNC]#### BlockSyncConfig resetConfig,number=73,consNodeSize=4,observerNodeSize=0,type=CONSENSUS_NODE
info|2026-02-06 18:31:57.710996|submitter-0x000072bb0a1f76c0|[TXPOOL][METRIC]batchRemove txs success,expectedSize=1,succCount=1,batchId=73,timecost=2,lockT=0,removeT=1,updateLedgerNonceT=0,updateTxPoolNonceT=0
info|2026-02-06 18:31:57.712056|blockSubmit-0x000072baf79d26c0|[CONSENSUS][PBFT]notify to seal next proposal,nextProposalIndex=74
info|2026-02-06 18:31:57.712873|blockSubmit-0x000072baf79d26c0|[CONSENSUS][PBFT]removeConsensusedCache finalizeConsensus,view=3,number=73,eraseSize=1,cacheSize=0
info|2026-02-06 18:31:57.712943|blockSubmit-0x000072baf79d26c0|[CONSENSUS][PBFT][STORAGE]asyncRemoveStabledCheckPoint,index=68
info|2026-02-06 18:31:57.713008|blockSubmit-0x000072baf79d26c0|[CONSENSUS][PBFT][STORAGE]asyncRemove success,dbName=pbftCommitDB,key=68
info|2026-02-06 18:32:01.612362|timerFactory-0x000072bad3fff6c0|[RPC][WS][SERVICE]connected nodes,count=0
info|2026-02-06 18:32:01.634673|ioService-0x000072bae3cfd6c0|[P2PService][Service][METRIC]heartBeat,connected count=3
info|2026-02-06 18:32:11.614782|timerFactory-0x000072bad3fff6c0|[RPC][WS][SERVICE]connected nodes,count=0
info|2026-02-06 18:32:11.635282|ioService-0x000072bae3cfd6c0|[P2PService][Service][METRIC]heartBeat,connected count=3
info|2026-02-06 18:32:21.615102|timerFactory-0x000072bad3fff6c0|[RPC][WS][SERVICE]connected nodes,count=0
info|2026-02-06 18:32:21.635968|ioService-0x000072bae3cfd6c0|[P2PService][Service][METRIC]heartBeat,connected count=3
info|2026-02-06 18:32:31.213185|objMonitor-0x000072bac77ff6c0|[startMonitor][AliveObjectMonitor],AliveObjectAllocStat=[ type: bcos::gateway::Socket ,created: 9 ,destroyed: 5 ,alive: 4 ] 
info|2026-02-06 18:32:31.615264|timerFactory-0x000072bad3fff6c0|[RPC][WS][SERVICE]connected nodes,count=0
info|2026-02-06 18:32:31.636508|ioService-0x000072bae3cfd6c0|[P2PService][Service][METRIC]heartBeat,connected count=3
info|2026-02-06 18:32:41.615440|timerFactory-0x000072bad3fff6c0|[RPC][WS][SERVICE]connected nodes,count=0
info|2026-02-06 18:32:41.636703|ioService-0x000072bae3cfd6c0|[P2PService][Service][METRIC]heartBeat,connected count=3
info|2026-02-06 18:32:51.615649|timerFactory-0x000072bad3fff6c0|[RPC][WS][SERVICE]connected nodes,count=0
info|2026-02-06 18:32:51.636964|ioService-0x000072bae3cfd6c0|[P2PService][Service][METRIC]heartBeat,connected count=3
info|2026-02-06 18:33:01.615806|timerFactory-0x000072bad3fff6c0|[RPC][WS][SERVICE]connected nodes,count=0
info|2026-02-06 18:33:01.637276|ioService-0x000072bae3cfd6c0|[P2PService][Service][METRIC]heartBeat,connected count=3
info|2026-02-06 18:33:11.616028|timerFactory-0x000072bad3fff6c0|[RPC][WS][SERVICE]connected nodes,count=0
info|2026-02-06 18:33:11.637510|ioService-0x000072bae3cfd6c0|[P2PService][Service][METRIC]heartBeat,connected count=3
info|2026-02-06 18:33:21.616220|timerFactory-0x000072bad3fff6c0|[RPC][WS][SERVICE]connected nodes,count=0
info|2026-02-06 18:33:21.637727|ioService-0x000072bae3cfd6c0|[P2PService][Service][METRIC]heartBeat,connected count=3
info|2026-02-06 18:33:31.208329|objMonitor-0x000072bac77ff6c0|[startMonitor][AliveObjectMonitor],AliveObjectAllocStat=[ type: bcos::gateway::Socket ,created: 9 ,destroyed: 5 ,alive: 4 ] 
info|2026-02-06 18:33:31.616687|timerFactory-0x000072bad3fff6c0|[RPC][WS][SERVICE]connected nodes,count=0
info|2026-02-06 18:33:31.638038|ioService-0x000072bae3cfd6c0|[P2PService][Service][METRIC]heartBeat,connected count=3
info|2026-02-06 18:33:41.616963|timerFactory-0x000072bad3fff6c0|[RPC][WS][SERVICE]connected nodes,count=0
info|2026-02-06 18:33:41.638292|ioService-0x000072bae3cfd6c0|[P2PService][Service][METRIC]heartBeat,connected count=3
info|2026-02-06 18:33:51.624696|timerFactory-0x000072bad3fff6c0|[RPC][WS][SERVICE]connected nodes,count=0
info|2026-02-06 18:33:51.638809|ioService-0x000072bae3cfd6c0|[P2PService][Service][METRIC]heartBeat,connected count=3
info|2026-02-06 18:34:01.624850|timerFactory-0x000072bad3fff6c0|[RPC][WS][SERVICE]connected nodes,count=0
info|2026-02-06 18:34:01.639067|ioService-0x000072bae3cfd6c0|[P2PService][Service][METRIC]heartBeat,connected count=3
info|2026-02-06 18:34:11.625009|timerFactory-0x000072bad3fff6c0|[RPC][WS][SERVICE]connected nodes,count=0
info|2026-02-06 18:34:11.639286|ioService-0x000072bae3cfd6c0|[P2PService][Service][METRIC]heartBeat,connected count=3
info|2026-02-06 18:34:21.625187|timerFactory-0x000072bad3fff6c0|[RPC][WS][SERVICE]connected nodes,count=0
info|2026-02-06 18:34:21.639499|ioService-0x000072bae3cfd6c0|[P2PService][Service][METRIC]heartBeat,connected count=3
info|2026-02-06 18:34:31.204576|objMonitor-0x000072bac77ff6c0|[startMonitor][AliveObjectMonitor],AliveObjectAllocStat=[ type: bcos::gateway::Socket ,created: 9 ,destroyed: 5 ,alive: 4 ] 
info|2026-02-06 18:34:31.625646|timerFactory-0x000072bad3fff6c0|[RPC][WS][SERVICE]connected nodes,count=0
info|2026-02-06 18:34:31.639802|ioService-0x000072bae3cfd6c0|[P2PService][Service][METRIC]heartBeat,connected count=3
info|2026-02-06 18:34:41.625856|timerFactory-0x000072bad3fff6c0|[RPC][WS][SERVICE]connected nodes,count=0
info|2026-02-06 18:34:41.640189|ioService-0x000072bae3cfd6c0|[P2PService][Service][METRIC]heartBeat,connected count=3
info|2026-02-06 18:34:51.626037|timerFactory-0x000072bad3fff6c0|[RPC][WS][SERVICE]connected nodes,count=0
info|2026-02-06 18:34:51.640445|ioService-0x000072bae3cfd6c0|[P2PService][Service][METRIC]heartBeat,connected count=3
info|2026-02-06 18:35:01.626220|timerFactory-0x000072bad3fff6c0|[RPC][WS][SERVICE]connected nodes,count=0
info|2026-02-06 18:35:01.640633|ioService-0x000072bae3cfd6c0|[P2PService][Service][METRIC]heartBeat,connected count=3
info|2026-02-06 18:35:11.626342|timerFactory-0x000072bad3fff6c0|[RPC][WS][SERVICE]connected nodes,count=0
info|2026-02-06 18:35:11.640903|ioService-0x000072bae3cfd6c0|[P2PService][Service][METRIC]heartBeat,connected count=3
info|2026-02-06 18:35:21.626457|timerFactory-0x000072bad3fff6c0|[RPC][WS][SERVICE]connected nodes,count=0
info|2026-02-06 18:35:21.641194|ioService-0x000072bae3cfd6c0|[P2PService][Service][METRIC]heartBeat,connected count=3
info|2026-02-06 18:35:31.199949|objMonitor-0x000072bac77ff6c0|[startMonitor][AliveObjectMonitor],AliveObjectAllocStat=[ type: bcos::gateway::Socket ,created: 9 ,destroyed: 5 ,alive: 4 ] 
info|2026-02-06 18:35:31.626672|timerFactory-0x000072bad3fff6c0|[RPC][WS][SERVICE]connected nodes,count=0
info|2026-02-06 18:35:31.641321|ioService-0x000072bae3cfd6c0|[P2PService][Service][METRIC]heartBeat,connected count=3
info|2026-02-06 18:35:41.626839|timerFactory-0x000072bad3fff6c0|[RPC][WS][SERVICE]connected nodes,count=0
info|2026-02-06 18:35:41.641512|ioService-0x000072bae3cfd6c0|[P2PService][Service][METRIC]heartBeat,connected count=3
info|2026-02-06 18:35:51.627047|timerFactory-0x000072bad3fff6c0|[RPC][WS][SERVICE]connected nodes,count=0
info|2026-02-06 18:35:51.641717|ioService-0x000072bae3cfd6c0|[P2PService][Service][METRIC]heartBeat,connected count=3
info|2026-02-06 18:36:01.627324|timerFactory-0x000072bad3fff6c0|[RPC][WS][SERVICE]connected nodes,count=0
info|2026-02-06 18:36:01.642003|ioService-0x000072bae3cfd6c0|[P2PService][Service][METRIC]heartBeat,connected count=3
info|2026-02-06 18:36:11.627545|timerFactory-0x000072bad3fff6c0|[RPC][WS][SERVICE]connected nodes,count=0
info|2026-02-06 18:36:11.642220|ioService-0x000072bae3cfd6c0|[P2PService][Service][METRIC]heartBeat,connected count=3
info|2026-02-06 18:36:21.627672|timerFactory-0x000072bad3fff6c0|[RPC][WS][SERVICE]connected nodes,count=0
info|2026-02-06 18:36:21.642569|ioService-0x000072bae3cfd6c0|[P2PService][Service][METRIC]heartBeat,connected count=3
info|2026-02-06 18:36:31.195210|objMonitor-0x000072bac77ff6c0|[startMonitor][AliveObjectMonitor],AliveObjectAllocStat=[ type: bcos::gateway::Socket ,created: 9 ,destroyed: 5 ,alive: 4 ] 
info|2026-02-06 18:36:31.627831|timerFactory-0x000072bad3fff6c0|[RPC][WS][SERVICE]connected nodes,count=0
info|2026-02-06 18:36:31.642789|ioService-0x000072bae3cfd6c0|[P2PService][Service][METRIC]heartBeat,connected count=3
info|2026-02-06 18:36:41.627971|timerFactory-0x000072bad3fff6c0|[RPC][WS][SERVICE]connected nodes,count=0
info|2026-02-06 18:36:41.643027|ioService-0x000072bae3cfd6c0|[P2PService][Service][METRIC]heartBeat,connected count=3
info|2026-02-06 18:36:51.628160|timerFactory-0x000072bad3fff6c0|[RPC][WS][SERVICE]connected nodes,count=0
info|2026-02-06 18:36:51.643283|ioService-0x000072bae3cfd6c0|[P2PService][Service][METRIC]heartBeat,connected count=3
info|2026-02-06 18:37:01.628433|timerFactory-0x000072bad3fff6c0|[RPC][WS][SERVICE]connected nodes,count=0
info|2026-02-06 18:37:01.643540|ioService-0x000072bae3cfd6c0|[P2PService][Service][METRIC]heartBeat,connected count=3
info|2026-02-06 18:37:11.628552|timerFactory-0x000072bad3fff6c0|[RPC][WS][SERVICE]connected nodes,count=0
info|2026-02-06 18:37:11.643680|ioService-0x000072bae3cfd6c0|[P2PService][Service][METRIC]heartBeat,connected count=3
info|2026-02-06 18:37:21.628673|timerFactory-0x000072bad3fff6c0|[RPC][WS][SERVICE]connected nodes,count=0
info|2026-02-06 18:37:21.644138|ioService-0x000072bae3cfd6c0|[P2PService][Service][METRIC]heartBeat,connected count=3
info|2026-02-06 18:37:31.191292|objMonitor-0x000072bac77ff6c0|[startMonitor][AliveObjectMonitor],AliveObjectAllocStat=[ type: bcos::gateway::Socket ,created: 9 ,destroyed: 5 ,alive: 4 ] 
info|2026-02-06 18:37:31.628909|timerFactory-0x000072bad3fff6c0|[RPC][WS][SERVICE]connected nodes,count=0
info|2026-02-06 18:37:31.644340|ioService-0x000072bae3cfd6c0|[P2PService][Service][METRIC]heartBeat,connected count=3
info|2026-02-06 18:37:41.629138|timerFactory-0x000072bad3fff6c0|[RPC][WS][SERVICE]connected nodes,count=0
info|2026-02-06 18:37:41.644683|ioService-0x000072bae3cfd6c0|[P2PService][Service][METRIC]heartBeat,connected count=3
info|2026-02-06 18:37:51.629333|timerFactory-0x000072bad3fff6c0|[RPC][WS][SERVICE]connected nodes,count=0
info|2026-02-06 18:37:51.644879|ioService-0x000072bae3cfd6c0|[P2PService][Service][METRIC]heartBeat,connected count=3
info|2026-02-06 18:38:01.629464|timerFactory-0x000072bad3fff6c0|[RPC][WS][SERVICE]connected nodes,count=0
info|2026-02-06 18:38:01.645136|ioService-0x000072bae3cfd6c0|[P2PService][Service][METRIC]heartBeat,connected count=3
info|2026-02-06 18:38:11.629565|timerFactory-0x000072bad3fff6c0|[RPC][WS][SERVICE]connected nodes,count=0
info|2026-02-06 18:38:11.645380|ioService-0x000072bae3cfd6c0|[P2PService][Service][METRIC]heartBeat,connected count=3
info|2026-02-06 18:38:21.629675|timerFactory-0x000072bad3fff6c0|[RPC][WS][SERVICE]connected nodes,count=0
info|2026-02-06 18:38:21.645693|ioService-0x000072bae3cfd6c0|[P2PService][Service][METRIC]heartBeat,connected count=3
info|2026-02-06 18:38:31.183480|objMonitor-0x000072bac77ff6c0|[startMonitor][AliveObjectMonitor],AliveObjectAllocStat=[ type: bcos::gateway::Socket ,created: 9 ,destroyed: 5 ,alive: 4 ] 
info|2026-02-06 18:38:31.630872|timerFactory-0x000072bad3fff6c0|[RPC][WS][SERVICE]connected nodes,count=0
info|2026-02-06 18:38:31.645943|ioService-0x000072bae3cfd6c0|[P2PService][Service][METRIC]heartBeat,connected count=3
info|2026-02-06 18:38:41.632351|timerFactory-0x000072bad3fff6c0|[RPC][WS][SERVICE]connected nodes,count=0
info|2026-02-06 18:38:41.646209|ioService-0x000072bae3cfd6c0|[P2PService][Service][METRIC]heartBeat,connected count=3
info|2026-02-06 18:38:51.632643|timerFactory-0x000072bad3fff6c0|[RPC][WS][SERVICE]connected nodes,count=0
info|2026-02-06 18:38:51.646407|ioService-0x000072bae3cfd6c0|[P2PService][Service][METRIC]heartBeat,connected count=3
info|2026-02-06 18:39:01.632878|timerFactory-0x000072bad3fff6c0|[RPC][WS][SERVICE]connected nodes,count=0
info|2026-02-06 18:39:01.646760|ioService-0x000072bae3cfd6c0|[P2PService][Service][METRIC]heartBeat,connected count=3
info|2026-02-06 18:39:11.633091|timerFactory-0x000072bad3fff6c0|[RPC][WS][SERVICE]connected nodes,count=0
info|2026-02-06 18:39:11.647183|ioService-0x000072bae3cfd6c0|[P2PService][Service][METRIC]heartBeat,connected count=3
info|2026-02-06 18:39:21.633408|timerFactory-0x000072bad3fff6c0|[RPC][WS][SERVICE]connected nodes,count=0
info|2026-02-06 18:39:21.647512|ioService-0x000072bae3cfd6c0|[P2PService][Service][METRIC]heartBeat,connected count=3
info|2026-02-06 18:39:31.181162|objMonitor-0x000072bac77ff6c0|[startMonitor][AliveObjectMonitor],AliveObjectAllocStat=[ type: bcos::gateway::Socket ,created: 9 ,destroyed: 5 ,alive: 4 ] 
info|2026-02-06 18:39:31.633574|timerFactory-0x000072bad3fff6c0|[RPC][WS][SERVICE]connected nodes,count=0
info|2026-02-06 18:39:31.647802|ioService-0x000072bae3cfd6c0|[P2PService][Service][METRIC]heartBeat,connected count=3
info|2026-02-06 18:39:41.633668|timerFactory-0x000072bad3fff6c0|[RPC][WS][SERVICE]connected nodes,count=0
info|2026-02-06 18:39:41.648019|ioService-0x000072bae3cfd6c0|[P2PService][Service][METRIC]heartBeat,connected count=3
info|2026-02-06 18:39:51.633795|timerFactory-0x000072bad3fff6c0|[RPC][WS][SERVICE]connected nodes,count=0
info|2026-02-06 18:39:51.648246|ioService-0x000072bae3cfd6c0|[P2PService][Service][METRIC]heartBeat,connected count=3
info|2026-02-06 18:40:01.634005|timerFactory-0x000072bad3fff6c0|[RPC][WS][SERVICE]connected nodes,count=0
info|2026-02-06 18:40:01.648493|ioService-0x000072bae3cfd6c0|[P2PService][Service][METRIC]heartBeat,connected count=3
info|2026-02-06 18:40:11.634251|timerFactory-0x000072bad3fff6c0|[RPC][WS][SERVICE]connected nodes,count=0
info|2026-02-06 18:40:11.648693|ioService-0x000072bae3cfd6c0|[P2PService][Service][METRIC]heartBeat,connected count=3
info|2026-02-06 18:40:21.634667|timerFactory-0x000072bad3fff6c0|[RPC][WS][SERVICE]connected nodes,count=0
info|2026-02-06 18:40:21.648890|ioService-0x000072bae3cfd6c0|[P2PService][Service][METRIC]heartBeat,connected count=3
info|2026-02-06 18:40:31.177428|objMonitor-0x000072bac77ff6c0|[startMonitor][AliveObjectMonitor],AliveObjectAllocStat=[ type: bcos::gateway::Socket ,created: 9 ,destroyed: 5 ,alive: 4 ] [ type: bcos::gateway::ResponseCallback ,created: 65450 ,destroyed: 65446 ,alive: 4 ] 
info|2026-02-06 18:40:31.634859|timerFactory-0x000072bad3fff6c0|[RPC][WS][SERVICE]connected nodes,count=0
info|2026-02-06 18:40:31.652267|ioService-0x000072bae3cfd6c0|[P2PService][Service][METRIC]heartBeat,connected count=3
info|2026-02-06 18:40:41.635073|timerFactory-0x000072bad3fff6c0|[RPC][WS][SERVICE]connected nodes,count=0
info|2026-02-06 18:40:41.652506|ioService-0x000072bae3cfd6c0|[P2PService][Service][METRIC]heartBeat,connected count=3
info|2026-02-06 18:40:51.635258|timerFactory-0x000072bad3fff6c0|[RPC][WS][SERVICE]connected nodes,count=0
info|2026-02-06 18:40:51.652808|ioService-0x000072bae3cfd6c0|[P2PService][Service][METRIC]heartBeat,connected count=3
info|2026-02-06 18:41:01.635442|timerFactory-0x000072bad3fff6c0|[RPC][WS][SERVICE]connected nodes,count=0
info|2026-02-06 18:41:01.653072|ioService-0x000072bae3cfd6c0|[P2PService][Service][METRIC]heartBeat,connected count=3
info|2026-02-06 18:41:11.635622|timerFactory-0x000072bad3fff6c0|[RPC][WS][SERVICE]connected nodes,count=0
info|2026-02-06 18:41:11.653282|ioService-0x000072bae3cfd6c0|[P2PService][Service][METRIC]heartBeat,connected count=3
info|2026-02-06 18:41:21.635938|timerFactory-0x000072bad3fff6c0|[RPC][WS][SERVICE]connected nodes,count=0
info|2026-02-06 18:41:21.653513|ioService-0x000072bae3cfd6c0|[P2PService][Service][METRIC]heartBeat,connected count=3
info|2026-02-06 18:41:31.173677|objMonitor-0x000072bac77ff6c0|[startMonitor][AliveObjectMonitor],AliveObjectAllocStat=[ type: bcos::gateway::Socket ,created: 9 ,destroyed: 5 ,alive: 4 ] 
info|2026-02-06 18:41:31.636154|timerFactory-0x000072bad3fff6c0|[RPC][WS][SERVICE]connected nodes,count=0
info|2026-02-06 18:41:31.653712|ioService-0x000072bae3cfd6c0|[P2PService][Service][METRIC]heartBeat,connected count=3
info|2026-02-06 18:41:41.636441|timerFactory-0x000072bad3fff6c0|[RPC][WS][SERVICE]connected nodes,count=0
info|2026-02-06 18:41:41.653891|ioService-0x000072bae3cfd6c0|[P2PService][Service][METRIC]heartBeat,connected count=3
info|2026-02-06 18:41:51.636847|timerFactory-0x000072bad3fff6c0|[RPC][WS][SERVICE]connected nodes,count=0
info|2026-02-06 18:41:51.654337|ioService-0x000072bae3cfd6c0|[P2PService][Service][METRIC]heartBeat,connected count=3
info|2026-02-06 18:42:01.637028|timerFactory-0x000072bad3fff6c0|[RPC][WS][SERVICE]connected nodes,count=0
info|2026-02-06 18:42:01.654669|ioService-0x000072bae3cfd6c0|[P2PService][Service][METRIC]heartBeat,connected count=3
info|2026-02-06 18:42:11.637185|timerFactory-0x000072bad3fff6c0|[RPC][WS][SERVICE]connected nodes,count=0
info|2026-02-06 18:42:11.656210|ioService-0x000072bae3cfd6c0|[P2PService][Service][METRIC]heartBeat,connected count=3
info|2026-02-06 18:42:21.637364|timerFactory-0x000072bad3fff6c0|[RPC][WS][SERVICE]connected nodes,count=0
info|2026-02-06 18:42:21.656426|ioService-0x000072bae3cfd6c0|[P2PService][Service][METRIC]heartBeat,connected count=3
info|2026-02-06 18:42:31.169109|objMonitor-0x000072bac77ff6c0|[startMonitor][AliveObjectMonitor],AliveObjectAllocStat=[ type: bcos::gateway::Socket ,created: 9 ,destroyed: 5 ,alive: 4 ] 
info|2026-02-06 18:42:31.637542|timerFactory-0x000072bad3fff6c0|[RPC][WS][SERVICE]connected nodes,count=0
info|2026-02-06 18:42:31.656627|ioService-0x000072bae3cfd6c0|[P2PService][Service][METRIC]heartBeat,connected count=3
info|2026-02-06 18:42:41.637706|timerFactory-0x000072bad3fff6c0|[RPC][WS][SERVICE]connected nodes,count=0
info|2026-02-06 18:42:41.656787|ioService-0x000072bae3cfd6c0|[P2PService][Service][METRIC]heartBeat,connected count=3
info|2026-02-06 18:42:51.637907|timerFactory-0x000072bad3fff6c0|[RPC][WS][SERVICE]connected nodes,count=0
info|2026-02-06 18:42:51.657075|ioService-0x000072bae3cfd6c0|[P2PService][Service][METRIC]heartBeat,connected count=3
info|2026-02-06 18:43:01.638145|timerFactory-0x000072bad3fff6c0|[RPC][WS][SERVICE]connected nodes,count=0
info|2026-02-06 18:43:01.657431|ioService-0x000072bae3cfd6c0|[P2PService][Service][METRIC]heartBeat,connected count=3
info|2026-02-06 18:43:11.638354|timerFactory-0x000072bad3fff6c0|[RPC][WS][SERVICE]connected nodes,count=0
info|2026-02-06 18:43:11.657869|ioService-0x000072bae3cfd6c0|[P2PService][Service][METRIC]heartBeat,connected count=3
info|2026-02-06 18:43:21.638579|timerFactory-0x000072bad3fff6c0|[RPC][WS][SERVICE]connected nodes,count=0
info|2026-02-06 18:43:21.658135|ioService-0x000072bae3cfd6c0|[P2PService][Service][METRIC]heartBeat,connected count=3
info|2026-02-06 18:43:31.165569|objMonitor-0x000072bac77ff6c0|[startMonitor][AliveObjectMonitor],AliveObjectAllocStat=[ type: bcos::gateway::Socket ,created: 9 ,destroyed: 5 ,alive: 4 ] 
info|2026-02-06 18:43:31.638705|timerFactory-0x000072bad3fff6c0|[RPC][WS][SERVICE]connected nodes,count=0
info|2026-02-06 18:43:31.658389|ioService-0x000072bae3cfd6c0|[P2PService][Service][METRIC]heartBeat,connected count=3
info|2026-02-06 18:43:36.594832|pbft-0x000072bae69ff6c0|[CONSENSUS][PBFT]handlePrePrepareMsg,reqHash=2d900fb5...,reqIndex=74,reqV=3,fromIdx=1,wait(ms)=0,committedIndex=73,consNum=74,committedHash=98cc324c...,view=3,toView=3,changeCycle=0,expectedCheckPoint=74,Idx=2,unsealedTxs=1,sealUntil=0,waitResealUntil=0,consensusTimeout=3000,nodeId=2346c69c...,utc=27074726
info|2026-02-06 18:43:36.595106|pbft-0x000072bae69ff6c0|[TXPOOL]begin asyncVerifyBlock,consNum=74,hash=2d900fb5...
info|2026-02-06 18:43:36.595354|pbft-0x000072bae69ff6c0|[CONSENSUS][PBFT]addPrepareCache,reqHash=2d900fb5...,reqIndex=74,reqV=3,fromIdx=1,wait(ms)=1,committedIndex=73,consNum=74,committedHash=98cc324c...,view=3,toView=3,changeCycle=0,expectedCheckPoint=74,Idx=2,unsealedTxs=1,sealUntil=0,waitResealUntil=0,consensusTimeout=3000,nodeId=2346c69c...,weight=1
info|2026-02-06 18:43:36.596020|verifier-0x000072bb061ef6c0|[TXPOOL]batchVerifyProposal,consNum=74,hash=2d900fb5...,txsSize=1,lockT=0,verifyT=1,missedTxs=0
info|2026-02-06 18:43:36.596567|verifier-0x000072bb061ef6c0|[TXPOOL][METRIC]asyncVerifyBlock finished,consNum=74,hash=2d900fb5...,code=0,msg=success,result=true,timecost=1
info|2026-02-06 18:43:36.596859|verifier-0x000072bb061ef6c0|[CONSENSUS][PBFT]handlePrePrepareMsg,reqHash=2d900fb5...,reqIndex=74,reqV=3,fromIdx=1,wait(ms)=2,committedIndex=73,consNum=74,committedHash=98cc324c...,view=3,toView=3,changeCycle=0,expectedCheckPoint=74,Idx=2,unsealedTxs=1,sealUntil=0,waitResealUntil=0,consensusTimeout=3000,nodeId=2346c69c...,utc=27074729
info|2026-02-06 18:43:36.597236|verifier-0x000072bb061ef6c0|[CONSENSUS][PBFT]addPrePrepareCache,reqHash=2d900fb5...,reqIndex=74,reqV=3,fromIdx=1,wait(ms)=3,sys=false,committedIndex=73,consNum=74,committedHash=98cc324c...,view=3,toView=3,changeCycle=0,expectedCheckPoint=74,Idx=2,unsealedTxs=1,sealUntil=0,waitResealUntil=0,consensusTimeout=3000,nodeId=2346c69c...
info|2026-02-06 18:43:36.597255|verifier-0x000072bb061ef6c0|[CONSENSUS][PBFT]notify the committed proposal index to the sync module success,index=74
info|2026-02-06 18:43:36.597539|verifier-0x000072bb061ef6c0|[CONSENSUS][PBFT]addPrepareCache,reqHash=2d900fb5...,reqIndex=74,reqV=3,fromIdx=2,wait(ms)=0,committedIndex=73,consNum=74,committedHash=98cc324c...,view=3,toView=3,changeCycle=0,expectedCheckPoint=74,Idx=2,unsealedTxs=1,sealUntil=0,waitResealUntil=0,consensusTimeout=3000,nodeId=2346c69c...,weight=2
info|2026-02-06 18:43:36.597762|verifier-0x000072bb061ef6c0|[CONSENSUS][PBFT]broadcast prepare packet,packetSize=230,index=74
info|2026-02-06 18:43:36.597718|validator-0x000072baf89d46c0|[CONSENSUS][PBFT]asyncResetTxsFlag,index=74,hash=2d900fb5...,flag=true
info|2026-02-06 18:43:36.597936|verifier-0x000072bb061ef6c0|[CONSENSUS][PBFT]handlePrePrepareMsg and broadcast prepare packet,reqHash=2d900fb5...,reqIndex=74,reqV=3,fromIdx=1,wait(ms)=3,committedIndex=73,consNum=74,committedHash=98cc324c...,view=3,toView=3,changeCycle=0,expectedCheckPoint=74,Idx=2,unsealedTxs=1,sealUntil=0,waitResealUntil=0,consensusTimeout=3000,nodeId=2346c69c...
info|2026-02-06 18:43:36.598001|txsPreStore-0x000072bb051ed6c0|[TXPOOL]storeVerifiedBlock fetch block number from LedgerConfig
info|2026-02-06 18:43:36.597955|validator-0x000072baf89d46c0|[TXPOOL]batchMarkTxs,txsSize=1,batchId=74,hash=2d900fb5...,sealFlag=true,notFound=0,reSealed=0,succ=1,time=0,markT=1
info|2026-02-06 18:43:36.598693|validator-0x000072baf89d46c0|[CONSENSUS][PBFT]asyncMarkTxs success,index=74,hash=2d900fb5...,flag=true,markT=1,emptyTxBatchHash=false
info|2026-02-06 18:43:36.598734|txsPreStore-0x000072bb051ed6c0|[TOOL]LedgerConfigFetcher: fetchBlockNumber success,blockNumber=73
info|2026-02-06 18:43:36.598761|txsPreStore-0x000072bb051ed6c0|[TXPOOL]storeVerifiedBlock,consNum=74,hash=2d900fb5...,txsSize=1
info|2026-02-06 18:43:36.598817|txsPreStore-0x000072bb051ed6c0|[LEDGER]asyncPreStoreBlockTxs: needStoreUnsavedTxs,txsSize=1,unstoredTxs=1,number=74
info|2026-02-06 18:43:36.598865|pbft-0x000072bae69ff6c0|[CONSENSUS][PBFT]addPrepareCache,reqHash=2d900fb5...,reqIndex=74,reqV=3,fromIdx=3,wait(ms)=1,committedIndex=73,consNum=74,committedHash=98cc324c...,view=3,toView=3,changeCycle=0,expectedCheckPoint=74,Idx=2,unsealedTxs=0,sealUntil=0,waitResealUntil=0,consensusTimeout=3000,nodeId=2346c69c...,weight=3
info|2026-02-06 18:43:36.598896|txsPreStore-0x000072bb051ed6c0|[STORAGE-RocksDB]setRows finished,put=1,dataSize=744,time(ms)=0
info|2026-02-06 18:43:36.598901|txsPreStore-0x000072bb051ed6c0|[LEDGER]asyncPreStoreBlockTxs: store uncommitted txs,blockNumber=74,blockTxsSize=1,unStoredTxs=1,msg=success,code=0,timeCost=0
info|2026-02-06 18:43:36.598905|txsPreStore-0x000072bb051ed6c0|[TXPOOL]storeVerifiedBlock success,consNum=74,hash=2d900fb5...,timecost=0
info|2026-02-06 18:43:36.598907|pbft-0x000072bae69ff6c0|[CONSENSUS][PBFT]setSignatureList,signatureSize=3,propHash=2d900fb5...,propIndex=74
info|2026-02-06 18:43:36.598933|pbft-0x000072bae69ff6c0|[CONSENSUS][PBFT]intoPrecommit,reqHash=2d900fb5...,reqIndex=74,reqV=3,fromIdx=2,wait(ms)=4,committedIndex=73,consNum=74,committedHash=98cc324c...,view=3,toView=3,changeCycle=0,expectedCheckPoint=74,Idx=2,unsealedTxs=0,sealUntil=0,waitResealUntil=0,consensusTimeout=3000,nodeId=2346c69c...
info|2026-02-06 18:43:36.599000|pbft-0x000072bae69ff6c0|[CONSENSUS][PBFT]addCommitCache,reqHash=2d900fb5...,reqIndex=74,reqV=3,fromIdx=2,wait(ms)=1,committedIndex=73,consNum=74,committedHash=98cc324c...,view=3,toView=3,changeCycle=0,expectedCheckPoint=74,Idx=2,unsealedTxs=0,sealUntil=0,waitResealUntil=0,consensusTimeout=3000,nodeId=2346c69c...,weight=1
info|2026-02-06 18:43:36.599025|pbft-0x000072bae69ff6c0|[CONSENSUS][PBFT]checkAndPreCommit: broadcast commitMsg,Idx=2,hash=2d900fb5...,index=74
info|2026-02-06 18:43:36.599354|pbft-0x000072bae69ff6c0|[CONSENSUS][PBFT]addPrepareCache,reqHash=2d900fb5...,reqIndex=74,reqV=3,fromIdx=0,wait(ms)=1,committedIndex=73,consNum=74,committedHash=98cc324c...,view=3,toView=3,changeCycle=0,expectedCheckPoint=74,Idx=2,unsealedTxs=0,sealUntil=0,waitResealUntil=0,consensusTimeout=3000,nodeId=2346c69c...,weight=4
info|2026-02-06 18:43:36.599860|pbft-0x000072bae69ff6c0|[CONSENSUS][PBFT]addCommitCache,reqHash=2d900fb5...,reqIndex=74,reqV=3,fromIdx=3,wait(ms)=0,committedIndex=73,consNum=74,committedHash=98cc324c...,view=3,toView=3,changeCycle=0,expectedCheckPoint=74,Idx=2,unsealedTxs=0,sealUntil=0,waitResealUntil=0,consensusTimeout=3000,nodeId=2346c69c...,weight=2
info|2026-02-06 18:43:36.600981|pbft-0x000072bae69ff6c0|[CONSENSUS][PBFT]addCommitCache,reqHash=2d900fb5...,reqIndex=74,reqV=3,fromIdx=0,wait(ms)=0,committedIndex=73,consNum=74,committedHash=98cc324c...,view=3,toView=3,changeCycle=0,expectedCheckPoint=74,Idx=2,unsealedTxs=0,sealUntil=0,waitResealUntil=0,consensusTimeout=3000,nodeId=2346c69c...,weight=3
info|2026-02-06 18:43:36.601025|pbft-0x000072bae69ff6c0|[CONSENSUS][PBFT]checkAndCommit,propHash=2d900fb5...,propIndex=74,committedIndex=73,consNum=74,committedHash=98cc324c...,view=3,toView=3,changeCycle=0,expectedCheckPoint=74,Idx=2,unsealedTxs=0,sealUntil=0,waitResealUntil=0,consensusTimeout=3000,nodeId=2346c69c...
info|2026-02-06 18:43:36.601035|pbft-0x000072bae69ff6c0|[CONSENSUS][PBFT]######## CommitProposal,propHash=2d900fb5...,propIndex=74,sys=false,committedIndex=73,consNum=74,committedHash=98cc324c...,view=3,toView=3,changeCycle=0,expectedCheckPoint=74,Idx=2,unsealedTxs=0,sealUntil=0,waitResealUntil=0,consensusTimeout=3000,nodeId=2346c69c...
info|2026-02-06 18:43:36.601045|pbft-0x000072bae69ff6c0|[CONSENSUS][SEALER]resetSealingInfo,start=75,end=75,sealingNumber=75,waitUntil=0,unsealedTxs=0
info|2026-02-06 18:43:36.601056|pbft-0x000072bae69ff6c0|[CONSENSUS][PBFT]asyncNotifySealProposal success,startIndex=75,endIndex=75,maxTxsToSeal=1000
info|2026-02-06 18:43:36.601058|pbft-0x000072bae69ff6c0|[CONSENSUS][SEALER]asyncNotifySealProposal,startIndex=75,endIndex=75,maxTxsPerBlock=1000
info|2026-02-06 18:43:36.601061|pbft-0x000072bae69ff6c0|[CONSENSUS][PBFT]notifySealer: notify the new leader to seal block,lockNotifyT=0,idx=2,startIndex=75,endIndex=75,notifyBeginIndex=75,waitSealUntil=0,waitResealUntil=0,maxTxsToSeal=1000,committedIndex=73,consNum=74,committedHash=98cc324c...,view=3,toView=3,changeCycle=0,expectedCheckPoint=74,Idx=2,unsealedTxs=0,sealUntil=0,waitResealUntil=0,consensusTimeout=3000,nodeId=2346c69c...
info|2026-02-06 18:43:36.601069|pbft-0x000072bae69ff6c0|[CONSENSUS][PBFT]notify to seal next proposal,nextProposalIndex=75
info|2026-02-06 18:43:36.601151|pbft-0x000072bae69ff6c0|[CONSENSUS][PBFT]notifySealer return for invalid seal range,lockNotifyT=0,currentEndIndex=75,expectedEndIndex=75,committedIndex=73,consNum=74,committedHash=98cc324c...,view=3,toView=3,changeCycle=0,expectedCheckPoint=74,Idx=2,unsealedTxs=0,sealUntil=0,waitResealUntil=0,consensusTimeout=3000,nodeId=2346c69c...
info|2026-02-06 18:43:36.601196|pbft-0x000072bae69ff6c0|[CONSENSUS][PBFT]notify to seal next proposal,nextProposalIndex=75
info|2026-02-06 18:43:36.601208|pbft-0x000072bae69ff6c0|[CONSENSUS][PBFT]applyStateMachine,index=74,hash=2d900fb5...,committedIndex=73,consNum=74,committedHash=98cc324c...,view=3,toView=3,changeCycle=0,expectedCheckPoint=74,Idx=2,unsealedTxs=0,sealUntil=0,waitResealUntil=0,consensusTimeout=3000,nodeId=2346c69c...,unAppliedProposals=0
info|2026-02-06 18:43:36.601359|exeScheduler-0x000072babe7fd6c0|[SCHEDULER][METRIC][blk-74]ExecuteBlock request,gasLimit=3000000000,gasPrice=0x0,verify=false,signatureSize=0,txCount=0,metaTxCount=1,version=3.11.0,waitT=0
info|2026-02-06 18:43:36.601670|exeScheduler-0x000072babe7fd6c0|[SCHEDULER][blk-74][BlockTrace]ExecuteBlock start,time(ms)=0
info|2026-02-06 18:43:36.601707|exeScheduler-0x000072babe7fd6c0|[SCHEDULER][serialExecute][blk-74][BlockTrace]serialExecute execute block
info|2026-02-06 18:43:36.602010|exeScheduler-0x000072babe7fd6c0|[SCHEDULER][METRIC][BlockTrace][blk-74]preExeBlock success,blockHeader.timestamp=1770374616593,metaTxCount=1,timeCost=1
info|2026-02-06 18:43:36.602053|exeScheduler-0x000072babe7fd6c0|[SCHEDULER][serialExecute][blk-74][BlockTrace]serialExecute batch next block
info|2026-02-06 18:43:36.602059|exeScheduler-0x000072babe7fd6c0|[SCHEDULER][blk-74][BlockTrace]NextBlock request,executorNum=1
info|2026-02-06 18:43:36.604372|exec-0x000072baff1e16c0|[SCHEDULER][blk-74][BlockTrace]NextBlock success,executorNum=1,timeCost=2
info|2026-02-06 18:43:36.604405|exec-0x000072baff1e16c0|[SCHEDULER][serialExecute][blk-74][BlockTrace]serialExecute block begin
info|2026-02-06 18:43:36.606726|exec-0x000072bafd9de6c0|[STORAGE-KeyPage]hash,size=24,blockVersion=51052544,readLength=8036,writeLength=640,pageCount=1,entrycount=0,entriesHash=0000000000000000000000000000000000000000000000000000000000000000,pagesHash=e7e58553ed02db0a1c350f84617a4d8e4ef7f282c552f2a49b74c028c55148ce,totalHash=e7e58553ed02db0a1c350f84617a4d8e4ef7f282c552f2a49b74c028c55148ce
info|2026-02-06 18:43:36.606856|exec-0x000072bafd9de6c0|[EXECUTOR:1770370051][blk-74]GetTableHashes success,hash=e7e58553ed02db0a1c350f84617a4d8e4ef7f282c552f2a49b74c028c55148ce,time(ms)=0
info|2026-02-06 18:43:36.606994|exec-0x000072bafd9de6c0|[SCHEDULER][blk-74][BlockTrace]ExecuteBlock success,hash=0be7e08c...,stateRoot=e7e58553ed02db0a1c350f84617a4d8e4ef7f282c552f2a49b74c028c55148ce,receiptRoot=4be6961a11ecc9993f98d090e495db959b11ca81f7f1a1f4247818dfa62d4ae6,txsRoot=3512de2b...,gasUsed=82171,signatureSize=0,timeCost=6,blockVersion=51052544
info|2026-02-06 18:43:36.607024|exec-0x000072bafd9de6c0|[CONSENSUS][Core][METRIC]asyncExecuteBlock success,sysBlock=false,number=74,result=0be7e08c...,txsSize=1,txsRoot=3512de2b...,receiptsRoot=4be6961a...,stateRoot=e7e58553...,timeCost=6,execPerTx=6
info|2026-02-06 18:43:36.607096|exec-0x000072bafd9de6c0|[CONSENSUS][PBFT]applyStateMachine finished,index=74,beforeExec=2d900fb5...,afterExec=0be7e08c...,committedIndex=73,consNum=74,committedHash=98cc324c...,view=3,toView=3,changeCycle=0,expectedCheckPoint=74,Idx=2,unsealedTxs=0,sealUntil=0,waitResealUntil=0,consensusTimeout=3000,nodeId=2346c69c...,timecost=6
info|2026-02-06 18:43:36.607932|pbft-0x000072bae69ff6c0|[CONSENSUS][PBFT]handleCheckPointMsg: try to add the checkpoint message into the cache,reqHash=0be7e08c...,reqIndex=74,reqV=3,fromIdx=3,wait(ms)=1,committedIndex=73,consNum=74,committedHash=98cc324c...,view=3,toView=3,changeCycle=0,expectedCheckPoint=74,Idx=2,unsealedTxs=0,sealUntil=0,waitResealUntil=0,consensusTimeout=3000,nodeId=2346c69c...
info|2026-02-06 18:43:36.607974|pbft-0x000072bae69ff6c0|[CONSENSUS][PBFT]addCheckPointMsg,reqHash=0be7e08c...,reqIndex=74,reqV=3,fromIdx=3,wait(ms)=2,Idx=2,weight=1,minRequiredWeight=3
info|2026-02-06 18:43:36.608007|pbft-0x000072bae69ff6c0|[CONSENSUS][PBFT]notifySealer return for invalid seal range,lockNotifyT=0,currentEndIndex=75,expectedEndIndex=75,committedIndex=73,consNum=74,committedHash=98cc324c...,view=3,toView=3,changeCycle=0,expectedCheckPoint=74,Idx=2,unsealedTxs=0,sealUntil=0,waitResealUntil=0,consensusTimeout=3000,nodeId=2346c69c...
info|2026-02-06 18:43:36.608040|pbft-0x000072bae69ff6c0|[CONSENSUS][PBFT]notify to seal next proposal,nextProposalIndex=75
info|2026-02-06 18:43:36.607838|pbftWorker-0x000072baf61cf6c0|[CONSENSUS][PBFT][STORAGE]asyncCommitProposal: write the committed proposal into db,index=74
info|2026-02-06 18:43:36.608736|pbft-0x000072bae69ff6c0|[CONSENSUS][PBFT]handleCheckPointMsg: try to add the checkpoint message into the cache,reqHash=0be7e08c...,reqIndex=74,reqV=3,fromIdx=0,wait(ms)=0,committedIndex=73,consNum=74,committedHash=98cc324c...,view=3,toView=3,changeCycle=0,expectedCheckPoint=74,Idx=2,unsealedTxs=0,sealUntil=0,waitResealUntil=0,consensusTimeout=3000,nodeId=2346c69c...
info|2026-02-06 18:43:36.608778|pbft-0x000072bae69ff6c0|[CONSENSUS][PBFT]addCheckPointMsg,reqHash=0be7e08c...,reqIndex=74,reqV=3,fromIdx=0,wait(ms)=0,Idx=2,weight=2,minRequiredWeight=3
info|2026-02-06 18:43:36.608788|pbft-0x000072bae69ff6c0|[CONSENSUS][PBFT]notifySealer return for invalid seal range,lockNotifyT=0,currentEndIndex=75,expectedEndIndex=75,committedIndex=73,consNum=74,committedHash=98cc324c...,view=3,toView=3,changeCycle=0,expectedCheckPoint=74,Idx=2,unsealedTxs=0,sealUntil=0,waitResealUntil=0,consensusTimeout=3000,nodeId=2346c69c...
info|2026-02-06 18:43:36.608794|pbft-0x000072bae69ff6c0|[CONSENSUS][PBFT]notify to seal next proposal,nextProposalIndex=75
info|2026-02-06 18:43:36.608843|pbftWorker-0x000072baf61cf6c0|[CONSENSUS][PBFT][STORAGE]asyncPutProposal: commit success,dbName=pbftCommitDB,key=max_committed_proposal,number=74,timecost=0,dataSize=2
info|2026-02-06 18:43:36.608925|pbftWorker-0x000072baf61cf6c0|[CONSENSUS][PBFT][STORAGE]asyncPutProposal: commit success,dbName=pbftCommitDB,key=74,number=74,timecost=0,dataSize=679
info|2026-02-06 18:43:36.609173|pbftWorker-0x000072baf61cf6c0|[CONSENSUS][PBFT]addCheckPointMsg,reqHash=0be7e08c...,reqIndex=74,reqV=3,fromIdx=2,wait(ms)=1,Idx=2,weight=3,minRequiredWeight=3
info|2026-02-06 18:43:36.609199|pbftWorker-0x000072baf61cf6c0|[CONSENSUS][PBFT]setCheckPointProposal,propHash=0be7e08c...,propIndex=74,committedIndex=73,consNum=74,committedHash=98cc324c...,view=3,toView=3,changeCycle=0,expectedCheckPoint=74,Idx=2,unsealedTxs=0,sealUntil=0,waitResealUntil=0,consensusTimeout=3000,nodeId=2346c69c...
info|2026-02-06 18:43:36.609243|pbftWorker-0x000072baf61cf6c0|[CONSENSUS][PBFT]PBFTConfig: setExpectedCheckPoint,committedIndex=73,consNum=74,committedHash=98cc324c...,view=3,toView=3,changeCycle=0,expectedCheckPoint=75,Idx=2,unsealedTxs=0,sealUntil=0,waitResealUntil=0,consensusTimeout=3000,nodeId=2346c69c...,expectedCheckPoint=75
info|2026-02-06 18:43:36.609254|pbftWorker-0x000072baf61cf6c0|[CONSENSUS][PBFT]setSignatureList,signatureSize=3,propHash=0be7e08c...,propIndex=74
info|2026-02-06 18:43:36.609258|pbftWorker-0x000072baf61cf6c0|[CONSENSUS][PBFT]checkAndCommitStableCheckPoint,index=74,hash=0be7e08c...,committedIndex=73,consNum=74,committedHash=98cc324c...,view=3,toView=3,changeCycle=0,expectedCheckPoint=75,Idx=2,unsealedTxs=0,sealUntil=0,waitResealUntil=0,consensusTimeout=3000,nodeId=2346c69c...
info|2026-02-06 18:43:36.609264|pbftWorker-0x000072baf61cf6c0|[CONSENSUS][PBFT]updateStableCheckPointQueue: insert new checkpoint proposal,index=74,hash=0be7e08c...,committedIndex=73,consNum=74,committedHash=98cc324c...,view=3,toView=3,changeCycle=0,expectedCheckPoint=75,Idx=2,unsealedTxs=0,sealUntil=0,waitResealUntil=0,consensusTimeout=3000,nodeId=2346c69c...
info|2026-02-06 18:43:36.609282|pbftWorker-0x000072baf61cf6c0|[CONSENSUS][PBFT]updateStableCheckPointQueue: commit stable checkpoint,index=74,committedIndex=73
info|2026-02-06 18:43:36.609295|pbftWorker-0x000072baf61cf6c0|[CONSENSUS][PBFT]asyncCommitStableCheckPoint: set signatureList,index=74,hash=0be7e08c...,proofSize=3,blockProofSize=3
info|2026-02-06 18:43:36.609319|pbftWorker-0x000072baf61cf6c0|[CONSENSUS][PBFT]notifySealer return for invalid seal range,lockNotifyT=0,currentEndIndex=75,expectedEndIndex=75,committedIndex=73,consNum=74,committedHash=98cc324c...,view=3,toView=3,changeCycle=0,expectedCheckPoint=75,Idx=2,unsealedTxs=0,sealUntil=0,waitResealUntil=0,consensusTimeout=3000,nodeId=2346c69c...
info|2026-02-06 18:43:36.609330|pbftWorker-0x000072baf61cf6c0|[CONSENSUS][PBFT]notify to seal next proposal,nextProposalIndex=75
info|2026-02-06 18:43:36.609334|pbftWorker-0x000072baf61cf6c0|[CONSENSUS][PBFT]onProposalApplySuccess,index=74,hash=0be7e08c...,lockT=0,timecost=0
info|2026-02-06 18:43:36.609468|blockSubmit-0x000072baf79d26c0|[SCHEDULER][blk-74][BlockTrace]CommitBlock start
info|2026-02-06 18:43:36.609818|blockSubmit-0x000072baf79d26c0|[STORAGE-RocksDB]asyncPrepare,number=74
info|2026-02-06 18:43:36.609858|blockSubmit-0x000072baf79d26c0|[STORAGE-RocksDB]asyncPrepare finished,blockNumber=74,put=7,delete=0,startTS=0,encode(ms)=0,time(ms)=0
info|2026-02-06 18:43:36.609948|blockSubmit-0x000072baf79d26c0|[LEDGER]storeTransactionsAndReceipts,blockNumber=74
info|2026-02-06 18:43:36.610229|exec-0x000072bafd1dd6c0|[STORAGE-RocksDB]asyncPrepare,number=74
info|2026-02-06 18:43:36.610576|ledgerWrite-0x000072bb0a9f86c0|[STORAGE-RocksDB]setRows finished,put=1,dataSize=542,time(ms)=0
info|2026-02-06 18:43:36.610952|exec-0x000072bafd1dd6c0|[STORAGE-KeyPage]parallelTraverse,size=1804
info|2026-02-06 18:43:36.610970|blockSubmit-0x000072baf79d26c0|[LEDGER]storeTransactionsAndReceipts finished,blockNumber=74,blockTxsSize=1,unStoredTxs=0,timeCost=1
info|2026-02-06 18:43:36.610990|blockSubmit-0x000072baf79d26c0|[LEDGER][METRIC]asyncPrewriteBlock,number=74,totalTxs=98,failedTxs=40,incTxs=1,incFailedTxs=0
info|2026-02-06 18:43:36.611038|exec-0x000072bafd1dd6c0|[STORAGE-RocksDB]asyncPrepare finished,blockNumber=74,put=2,delete=0,startTS=0,encode(ms)=0,time(ms)=0
info|2026-02-06 18:43:36.611088|exec-0x000072bafd1dd6c0|[EXECUTOR:1770370051][blk-74]Prepare success
info|2026-02-06 18:43:36.611287|exec-0x000072bafd1dd6c0|[STORAGE-RocksDB]asyncCommit finished,blockNumber=74,startTS=0,time(ms)=0,callback time(ms)=0,count=9
info|2026-02-06 18:43:36.611311|exec-0x000072bafd1dd6c0|[TOOL]fetchCompatibilityVersion
info|2026-02-06 18:43:36.611422|exec-0x000072bafd1dd6c0|[TOOL]fetchCompatibilityVersion success,version=3.11.0,versionNumber=51052544,minSupportedVersion=3.0.0-rc4,maxSupportedVersion=3.11.0
info|2026-02-06 18:43:36.611448|exec-0x000072bafd1dd6c0|[TOOL]fetchAuthCheckStatus success,value=0
info|2026-02-06 18:43:36.611507|exec-0x000072bafd1dd6c0|[EXECUTOR:1770370051]merge keyPage to cachedStorage,number=74
info|2026-02-06 18:43:36.611548|exec-0x000072bafd1dd6c0|[STORAGE-KeyPage]parallelTraverse,size=1804
info|2026-02-06 18:43:36.611567|exec-0x000072bafd1dd6c0|[STORAGE]Successful merged records,count=2
info|2026-02-06 18:43:36.612482|exec-0x000072bafd1dd6c0|[SCHEDULER][blk-74][BlockTrace]CommitBlock success,gas limit=3000000000,timeCost=3
info|2026-02-06 18:43:36.612569|exec-0x000072bafd1dd6c0|[SCHEDULER][BlockTrace]Notify block result success,blockNumber=74
info|2026-02-06 18:43:36.612575|exec-0x000072bafd1dd6c0|[CONSENSUS][PBFT][STORAGE][METRIC]commitStableCheckPoint success,index=74,hash=0be7e08c...,txs=1,timeCost=3,commitPerTx=3
info|2026-02-06 18:43:36.612597|exec-0x000072bafd1dd6c0|[SCHEDULER][blk-74]notify block result success,hash=0be7e08c...,txsSize=1
info|2026-02-06 18:43:36.612640|blockSubmit-0x000072baf79d26c0|[CONSENSUS][PBFT][METRIC]resetConfig,committedIndex=74,propHash=0be7e08c...,blockCountLimit=1000,leaderPeriod=1,consensusNodesSize=4
info|2026-02-06 18:43:36.612711|exec-0x000072bafd1dd6c0|[STORAGE-RocksDB]asyncCommit finished,blockNumber=74,startTS=0,time(ms)=0,callback time(ms)=1,count=0
info|2026-02-06 18:43:36.612800|blockSubmit-0x000072baf79d26c0|[CONSENSUS][PBFT][METRIC]^^^^^^^^Report,sealer=1,txs=1,committedIndex=74,consNum=75,committedHash=0be7e08c...,view=3,toView=3,changeCycle=0,expectedCheckPoint=75,Idx=2,unsealedTxs=0,sealUntil=0,waitResealUntil=0,consensusTimeout=3000,nodeId=2346c69c...
info|2026-02-06 18:43:36.612885|blockSubmit-0x000072baf79d26c0|[CONSENSUS][SEALER]asyncNoteLatestBlockNumber,number=74
info|2026-02-06 18:43:36.612938|blockSubmit-0x000072baf79d26c0|[CONSENSUS][SEALER]asyncNoteLatestBlockHash,_hash=0be7e08c...
info|2026-02-06 18:43:36.613372|blockSubmit-0x000072baf79d26c0|[BLOCK SYNC]#### BlockSyncConfig resetConfig,number=74,consNodeSize=4,observerNodeSize=0,type=CONSENSUS_NODE
info|2026-02-06 18:43:36.613262|submitter-0x000072bb099f66c0|[TXPOOL][METRIC]StatTPS,tps=45,totalTime=22
info|2026-02-06 18:43:36.613634|submitter-0x000072bb099f66c0|[TXPOOL][METRIC]batchRemove txs success,expectedSize=1,succCount=1,batchId=74,timecost=1,lockT=1,removeT=1,updateLedgerNonceT=0,updateTxPoolNonceT=0
info|2026-02-06 18:43:36.613848|blockSubmit-0x000072baf79d26c0|[CONSENSUS][PBFT]notifySealer return for invalid seal range,lockNotifyT=0,currentEndIndex=75,expectedEndIndex=75,committedIndex=74,consNum=75,committedHash=0be7e08c...,view=3,toView=3,changeCycle=0,expectedCheckPoint=75,Idx=2,unsealedTxs=0,sealUntil=0,waitResealUntil=0,consensusTimeout=3000,nodeId=2346c69c...
info|2026-02-06 18:43:36.613882|blockSubmit-0x000072baf79d26c0|[CONSENSUS][PBFT]notifySealer return for invalid seal range,lockNotifyT=0,currentEndIndex=75,expectedEndIndex=75,committedIndex=74,consNum=75,committedHash=0be7e08c...,view=3,toView=3,changeCycle=0,expectedCheckPoint=75,Idx=2,unsealedTxs=0,sealUntil=0,waitResealUntil=0,consensusTimeout=3000,nodeId=2346c69c...
info|2026-02-06 18:43:36.613893|blockSubmit-0x000072baf79d26c0|[CONSENSUS][PBFT]notify to seal next proposal,nextProposalIndex=75
info|2026-02-06 18:43:36.614421|blockSubmit-0x000072baf79d26c0|[CONSENSUS][PBFT]removeConsensusedCache finalizeConsensus,view=3,number=74,eraseSize=1,cacheSize=0
info|2026-02-06 18:43:36.614583|blockSubmit-0x000072baf79d26c0|[CONSENSUS][PBFT][STORAGE]asyncRemoveStabledCheckPoint,index=69
info|2026-02-06 18:43:36.614677|blockSubmit-0x000072baf79d26c0|[CONSENSUS][PBFT][STORAGE]asyncRemove success,dbName=pbftCommitDB,key=69
info|2026-02-06 18:43:36.656577|txsSeal-0x000072bb059ee6c0|[TXPOOL]begin batchFetchTxs,pendingTxs=1,limit=1000
info|2026-02-06 18:43:36.657190|txsSeal-0x000072bb059ee6c0|[TXPOOL][METRIC]batchFetchTxs success,time=1,txsSize=1,sysTxsSize=0,pendingTxs=1,limit=1000,fetchTxsT=1,lockT=0,invalidBefore=0,invalidNow=0,sealed=0,traverseCount=1
info|2026-02-06 18:43:37.102037|Sealer-0x000072bae7dfb6c0|[CONSENSUS][SEALER]++++++++++++++++ Generate proposal,index=75,curNum=74,hash=782ebf20...,sysTxs=false,txsSize=1,version=51052544
info|2026-02-06 18:43:37.102135|Sealer-0x000072bae7dfb6c0|[CONSENSUS][PBFT]asyncSubmitProposal,index=75,hash=782ebf20...,committedIndex=74,consNum=75,committedHash=0be7e08c...,view=3,toView=3,changeCycle=0,expectedCheckPoint=75,Idx=2,unsealedTxs=0,sealUntil=0,waitResealUntil=0,consensusTimeout=3000,nodeId=2346c69c...
info|2026-02-06 18:43:37.102198|Sealer-0x000072bae7dfb6c0|[CONSENSUS][PBFT]++++++++++++++++ Generating seal on,index=75,Idx=2,hash=782ebf20...,sysProposal=false
info|2026-02-06 18:43:37.102409|Sealer-0x000072bae7dfb6c0|[CONSENSUS][PBFT]broadcast pre-prepare packet,packetSize=595,index=75,encode(ms)=0,asyncSend(ms)=0
info|2026-02-06 18:43:37.102429|Sealer-0x000072bae7dfb6c0|[CONSENSUS][PBFT]handlePrePrepareMsg,reqHash=782ebf20...,reqIndex=75,reqV=3,fromIdx=2,wait(ms)=0,committedIndex=74,consNum=75,committedHash=0be7e08c...,view=3,toView=3,changeCycle=0,expectedCheckPoint=75,Idx=2,unsealedTxs=0,sealUntil=0,waitResealUntil=0,consensusTimeout=3000,nodeId=2346c69c...,utc=27075234
info|2026-02-06 18:43:37.102482|Sealer-0x000072bae7dfb6c0|[CONSENSUS][PBFT]addPrePrepareCache,reqHash=782ebf20...,reqIndex=75,reqV=3,fromIdx=2,wait(ms)=0,sys=false,committedIndex=74,consNum=75,committedHash=0be7e08c...,view=3,toView=3,changeCycle=0,expectedCheckPoint=75,Idx=2,unsealedTxs=0,sealUntil=0,waitResealUntil=0,consensusTimeout=3000,nodeId=2346c69c...
info|2026-02-06 18:43:37.102494|Sealer-0x000072bae7dfb6c0|[CONSENSUS][PBFT]notify the committed proposal index to the sync module success,index=75
info|2026-02-06 18:43:37.102535|validator-0x000072baf91d56c0|[CONSENSUS][PBFT]asyncResetTxsFlag,index=75,hash=782ebf20...,flag=true
info|2026-02-06 18:43:37.102583|validator-0x000072baf91d56c0|[TXPOOL]batchMarkTxs,txsSize=1,batchId=75,hash=782ebf20...,sealFlag=true,notFound=0,reSealed=0,succ=1,time=0,markT=0
info|2026-02-06 18:43:37.102629|Sealer-0x000072bae7dfb6c0|[CONSENSUS][PBFT]addPrepareCache,reqHash=782ebf20...,reqIndex=75,reqV=3,fromIdx=2,wait(ms)=0,committedIndex=74,consNum=75,committedHash=0be7e08c...,view=3,toView=3,changeCycle=0,expectedCheckPoint=75,Idx=2,unsealedTxs=0,sealUntil=0,waitResealUntil=0,consensusTimeout=3000,nodeId=2346c69c...,weight=1
info|2026-02-06 18:43:37.102654|validator-0x000072baf91d56c0|[CONSENSUS][PBFT]asyncMarkTxs success,index=75,hash=782ebf20...,flag=true,markT=0,emptyTxBatchHash=false
info|2026-02-06 18:43:37.102971|Sealer-0x000072bae7dfb6c0|[CONSENSUS][PBFT]broadcast prepare packet,packetSize=230,index=75
info|2026-02-06 18:43:37.103115|Sealer-0x000072bae7dfb6c0|[CONSENSUS][PBFT]handlePrePrepareMsg and broadcast prepare packet,reqHash=782ebf20...,reqIndex=75,reqV=3,fromIdx=2,wait(ms)=1,committedIndex=74,consNum=75,committedHash=0be7e08c...,view=3,toView=3,changeCycle=0,expectedCheckPoint=75,Idx=2,unsealedTxs=0,sealUntil=0,waitResealUntil=0,consensusTimeout=3000,nodeId=2346c69c...
info|2026-02-06 18:43:37.103142|Sealer-0x000072bae7dfb6c0|[CONSENSUS][PBFT]handlePrePrepareMsg success,index=75,costT(ms)=1
info|2026-02-06 18:43:37.107294|pbft-0x000072bae69ff6c0|[CONSENSUS][PBFT]addPrepareCache,reqHash=782ebf20...,reqIndex=75,reqV=3,fromIdx=0,wait(ms)=1,committedIndex=74,consNum=75,committedHash=0be7e08c...,view=3,toView=3,changeCycle=0,expectedCheckPoint=75,Idx=2,unsealedTxs=0,sealUntil=0,waitResealUntil=0,consensusTimeout=3000,nodeId=2346c69c...,weight=2
info|2026-02-06 18:43:37.109071|pbft-0x000072bae69ff6c0|[CONSENSUS][PBFT]addPrepareCache,reqHash=782ebf20...,reqIndex=75,reqV=3,fromIdx=1,wait(ms)=1,committedIndex=74,consNum=75,committedHash=0be7e08c...,view=3,toView=3,changeCycle=0,expectedCheckPoint=75,Idx=2,unsealedTxs=0,sealUntil=0,waitResealUntil=0,consensusTimeout=3000,nodeId=2346c69c...,weight=3
info|2026-02-06 18:43:37.109390|pbft-0x000072bae69ff6c0|[CONSENSUS][PBFT]setSignatureList,signatureSize=3,propHash=782ebf20...,propIndex=75
info|2026-02-06 18:43:37.109423|pbft-0x000072bae69ff6c0|[CONSENSUS][PBFT]intoPrecommit,reqHash=782ebf20...,reqIndex=75,reqV=3,fromIdx=2,wait(ms)=7,committedIndex=74,consNum=75,committedHash=0be7e08c...,view=3,toView=3,changeCycle=0,expectedCheckPoint=75,Idx=2,unsealedTxs=0,sealUntil=0,waitResealUntil=0,consensusTimeout=3000,nodeId=2346c69c...
info|2026-02-06 18:43:37.109589|pbft-0x000072bae69ff6c0|[CONSENSUS][PBFT]addCommitCache,reqHash=782ebf20...,reqIndex=75,reqV=3,fromIdx=2,wait(ms)=0,committedIndex=74,consNum=75,committedHash=0be7e08c...,view=3,toView=3,changeCycle=0,expectedCheckPoint=75,Idx=2,unsealedTxs=0,sealUntil=0,waitResealUntil=0,consensusTimeout=3000,nodeId=2346c69c...,weight=1
info|2026-02-06 18:43:37.109672|pbft-0x000072bae69ff6c0|[CONSENSUS][PBFT]checkAndPreCommit: broadcast commitMsg,Idx=2,hash=782ebf20...,index=75
info|2026-02-06 18:43:37.112355|pbft-0x000072bae69ff6c0|[CONSENSUS][PBFT]addCommitCache,reqHash=782ebf20...,reqIndex=75,reqV=3,fromIdx=0,wait(ms)=1,committedIndex=74,consNum=75,committedHash=0be7e08c...,view=3,toView=3,changeCycle=0,expectedCheckPoint=75,Idx=2,unsealedTxs=0,sealUntil=0,waitResealUntil=0,consensusTimeout=3000,nodeId=2346c69c...,weight=2
info|2026-02-06 18:43:37.112583|pbft-0x000072bae69ff6c0|[CONSENSUS][PBFT]addCommitCache,reqHash=782ebf20...,reqIndex=75,reqV=3,fromIdx=1,wait(ms)=2,committedIndex=74,consNum=75,committedHash=0be7e08c...,view=3,toView=3,changeCycle=0,expectedCheckPoint=75,Idx=2,unsealedTxs=0,sealUntil=0,waitResealUntil=0,consensusTimeout=3000,nodeId=2346c69c...,weight=3
info|2026-02-06 18:43:37.112643|pbft-0x000072bae69ff6c0|[CONSENSUS][PBFT]checkAndCommit,propHash=782ebf20...,propIndex=75,committedIndex=74,consNum=75,committedHash=0be7e08c...,view=3,toView=3,changeCycle=0,expectedCheckPoint=75,Idx=2,unsealedTxs=0,sealUntil=0,waitResealUntil=0,consensusTimeout=3000,nodeId=2346c69c...
info|2026-02-06 18:43:37.112672|pbft-0x000072bae69ff6c0|[CONSENSUS][PBFT]######## CommitProposal,propHash=782ebf20...,propIndex=75,sys=false,committedIndex=74,consNum=75,committedHash=0be7e08c...,view=3,toView=3,changeCycle=0,expectedCheckPoint=75,Idx=2,unsealedTxs=0,sealUntil=0,waitResealUntil=0,consensusTimeout=3000,nodeId=2346c69c...
info|2026-02-06 18:43:37.112688|pbft-0x000072bae69ff6c0|[CONSENSUS][PBFT]notify to seal next proposal,nextProposalIndex=76
info|2026-02-06 18:43:37.112980|pbft-0x000072bae69ff6c0|[CONSENSUS][PBFT]notify to seal next proposal,nextProposalIndex=76
info|2026-02-06 18:43:37.113029|pbft-0x000072bae69ff6c0|[CONSENSUS][PBFT]applyStateMachine,index=75,hash=782ebf20...,committedIndex=74,consNum=75,committedHash=0be7e08c...,view=3,toView=3,changeCycle=0,expectedCheckPoint=75,Idx=2,unsealedTxs=0,sealUntil=0,waitResealUntil=0,consensusTimeout=3000,nodeId=2346c69c...,unAppliedProposals=0
info|2026-02-06 18:43:37.113254|preExeScheduler-0x000072babdffc6c0|[SCHEDULER][METRIC][BlockTrace][blk-75]preExeBlock success,blockHeader.timestamp=1770374617101,metaTxCount=1,timeCost=0
info|2026-02-06 18:43:37.113695|exeScheduler-0x000072babe7fd6c0|[SCHEDULER][METRIC][blk-75]ExecuteBlock request,gasLimit=3000000000,gasPrice=0x0,verify=false,signatureSize=0,txCount=0,metaTxCount=1,version=3.11.0,waitT=506
info|2026-02-06 18:43:37.114152|exeScheduler-0x000072babe7fd6c0|[SCHEDULER][blk-75][BlockTrace]ExecuteBlock start,time(ms)=1
info|2026-02-06 18:43:37.114222|exeScheduler-0x000072babe7fd6c0|[SCHEDULER][serialExecute][blk-75][BlockTrace]serialExecute execute block
info|2026-02-06 18:43:37.114234|exeScheduler-0x000072babe7fd6c0|[SCHEDULER][serialExecute][blk-75][BlockTrace]serialExecute batch next block
info|2026-02-06 18:43:37.114242|exeScheduler-0x000072babe7fd6c0|[SCHEDULER][blk-75][BlockTrace]NextBlock request,executorNum=1
info|2026-02-06 18:43:37.119357|exec-0x000072bafc1db6c0|[SCHEDULER][blk-75][BlockTrace]NextBlock success,executorNum=1,timeCost=5
info|2026-02-06 18:43:37.119525|exec-0x000072bafc1db6c0|[SCHEDULER][serialExecute][blk-75][BlockTrace]serialExecute block begin
info|2026-02-06 18:43:37.122396|Unnamed-0x000072bab4df46c0|[EXECUTOR]EVM_REVERT,to=bf5dabac8a87e5d1f8da357e119c0f19f8c40b91,gasLeft=3000000000
info|2026-02-06 18:43:37.122577|Unnamed-0x000072bab4df46c0|[EXECUTOR][blk-75]Revert transaction,contextID=0,seq=0
info|2026-02-06 18:43:37.126222|exec-0x000072bafb1d96c0|[STORAGE-KeyPage]hash,size=24,blockVersion=51052544,readLength=7716,writeLength=0,pageCount=0,entrycount=0,entriesHash=0000000000000000000000000000000000000000000000000000000000000000,pagesHash=0000000000000000000000000000000000000000000000000000000000000000,totalHash=0000000000000000000000000000000000000000000000000000000000000000
info|2026-02-06 18:43:37.126827|exec-0x000072bafb1d96c0|[EXECUTOR:1770370051][blk-75]GetTableHashes success,hash=0000000000000000000000000000000000000000000000000000000000000000,time(ms)=3
info|2026-02-06 18:43:37.127687|exec-0x000072bafb1d96c0|[SCHEDULER][blk-75][BlockTrace]ExecuteBlock success,hash=b4b393a0...,stateRoot=0000000000000000000000000000000000000000000000000000000000000000,receiptRoot=57f717fc96a168585835ec112efd26ac63fc2f8ff9c7aa246b6a4534376f5459,txsRoot=189d4c59...,gasUsed=9167,signatureSize=0,timeCost=13,blockVersion=51052544
info|2026-02-06 18:43:37.127783|exec-0x000072bafb1d96c0|[CONSENSUS][Core][METRIC]asyncExecuteBlock success,sysBlock=false,number=75,result=b4b393a0...,txsSize=1,txsRoot=189d4c59...,receiptsRoot=57f717fc...,stateRoot=00000000...,timeCost=14,execPerTx=14
info|2026-02-06 18:43:37.128273|pbft-0x000072bae69ff6c0|[CONSENSUS][PBFT]handleCheckPointMsg: try to add the checkpoint message into the cache,reqHash=b4b393a0...,reqIndex=75,reqV=3,fromIdx=0,wait(ms)=1,committedIndex=74,consNum=75,committedHash=0be7e08c...,view=3,toView=3,changeCycle=0,expectedCheckPoint=75,Idx=2,unsealedTxs=0,sealUntil=0,waitResealUntil=0,consensusTimeout=3000,nodeId=2346c69c...
info|2026-02-06 18:43:37.128338|pbft-0x000072bae69ff6c0|[CONSENSUS][PBFT]addCheckPointMsg,reqHash=b4b393a0...,reqIndex=75,reqV=3,fromIdx=0,wait(ms)=1,Idx=2,weight=1,minRequiredWeight=3
info|2026-02-06 18:43:37.128384|pbft-0x000072bae69ff6c0|[CONSENSUS][PBFT]notify to seal next proposal,nextProposalIndex=76
info|2026-02-06 18:43:37.128539|exec-0x000072bafb1d96c0|[CONSENSUS][PBFT]applyStateMachine finished,index=75,beforeExec=782ebf20...,afterExec=b4b393a0...,committedIndex=74,consNum=75,committedHash=0be7e08c...,view=3,toView=3,changeCycle=0,expectedCheckPoint=75,Idx=2,unsealedTxs=0,sealUntil=0,waitResealUntil=0,consensusTimeout=3000,nodeId=2346c69c...,timecost=17
info|2026-02-06 18:43:37.130054|pbftWorker-0x000072baf51cd6c0|[CONSENSUS][PBFT][STORAGE]asyncCommitProposal: write the committed proposal into db,index=75
info|2026-02-06 18:43:37.131201|pbftWorker-0x000072baf51cd6c0|[CONSENSUS][PBFT][STORAGE]asyncPutProposal: commit success,dbName=pbftCommitDB,key=max_committed_proposal,number=75,timecost=1,dataSize=2
info|2026-02-06 18:43:37.131375|pbftWorker-0x000072baf51cd6c0|[CONSENSUS][PBFT][STORAGE]asyncPutProposal: commit success,dbName=pbftCommitDB,key=75,number=75,timecost=0,dataSize=679
info|2026-02-06 18:43:37.134224|pbftWorker-0x000072baf51cd6c0|[CONSENSUS][PBFT]addCheckPointMsg,reqHash=b4b393a0...,reqIndex=75,reqV=3,fromIdx=2,wait(ms)=3,Idx=2,weight=2,minRequiredWeight=3
info|2026-02-06 18:43:37.135055|pbftWorker-0x000072baf51cd6c0|[CONSENSUS][PBFT]setCheckPointProposal,propHash=b4b393a0...,propIndex=75,committedIndex=74,consNum=75,committedHash=0be7e08c...,view=3,toView=3,changeCycle=0,expectedCheckPoint=75,Idx=2,unsealedTxs=0,sealUntil=0,waitResealUntil=0,consensusTimeout=3000,nodeId=2346c69c...
info|2026-02-06 18:43:37.135329|pbftWorker-0x000072baf51cd6c0|[CONSENSUS][PBFT]PBFTConfig: setExpectedCheckPoint,committedIndex=74,consNum=75,committedHash=0be7e08c...,view=3,toView=3,changeCycle=0,expectedCheckPoint=76,Idx=2,unsealedTxs=0,sealUntil=0,waitResealUntil=0,consensusTimeout=3000,nodeId=2346c69c...,expectedCheckPoint=76
info|2026-02-06 18:43:37.135368|pbftWorker-0x000072baf51cd6c0|[CONSENSUS][PBFT]notify to seal next proposal,nextProposalIndex=76
info|2026-02-06 18:43:37.135378|pbftWorker-0x000072baf51cd6c0|[CONSENSUS][PBFT]onProposalApplySuccess,index=75,hash=b4b393a0...,lockT=0,timecost=1
info|2026-02-06 18:43:37.143242|pbft-0x000072bae69ff6c0|[CONSENSUS][PBFT]handleCheckPointMsg: try to add the checkpoint message into the cache,reqHash=b4b393a0...,reqIndex=75,reqV=3,fromIdx=1,wait(ms)=1,committedIndex=74,consNum=75,committedHash=0be7e08c...,view=3,toView=3,changeCycle=0,expectedCheckPoint=76,Idx=2,unsealedTxs=0,sealUntil=0,waitResealUntil=0,consensusTimeout=3000,nodeId=2346c69c...
info|2026-02-06 18:43:37.143338|pbft-0x000072bae69ff6c0|[CONSENSUS][PBFT]addCheckPointMsg,reqHash=b4b393a0...,reqIndex=75,reqV=3,fromIdx=1,wait(ms)=1,Idx=2,weight=3,minRequiredWeight=3
info|2026-02-06 18:43:37.143356|pbft-0x000072bae69ff6c0|[CONSENSUS][PBFT]notify to seal next proposal,nextProposalIndex=76
info|2026-02-06 18:43:37.143374|pbft-0x000072bae69ff6c0|[CONSENSUS][PBFT]setSignatureList,signatureSize=3,propHash=b4b393a0...,propIndex=75
info|2026-02-06 18:43:37.143387|pbft-0x000072bae69ff6c0|[CONSENSUS][PBFT]checkAndCommitStableCheckPoint,index=75,hash=b4b393a0...,committedIndex=74,consNum=75,committedHash=0be7e08c...,view=3,toView=3,changeCycle=0,expectedCheckPoint=76,Idx=2,unsealedTxs=0,sealUntil=0,waitResealUntil=0,consensusTimeout=3000,nodeId=2346c69c...
info|2026-02-06 18:43:37.143413|pbft-0x000072bae69ff6c0|[CONSENSUS][PBFT]updateStableCheckPointQueue: insert new checkpoint proposal,index=75,hash=b4b393a0...,committedIndex=74,consNum=75,committedHash=0be7e08c...,view=3,toView=3,changeCycle=0,expectedCheckPoint=76,Idx=2,unsealedTxs=0,sealUntil=0,waitResealUntil=0,consensusTimeout=3000,nodeId=2346c69c...
info|2026-02-06 18:43:37.143431|pbft-0x000072bae69ff6c0|[CONSENSUS][PBFT]updateStableCheckPointQueue: commit stable checkpoint,index=75,committedIndex=74
info|2026-02-06 18:43:37.143516|pbft-0x000072bae69ff6c0|[CONSENSUS][PBFT]asyncCommitStableCheckPoint: set signatureList,index=75,hash=b4b393a0...,proofSize=3,blockProofSize=3
info|2026-02-06 18:43:37.143633|blockSubmit-0x000072baf79d26c0|[SCHEDULER][blk-75][BlockTrace]CommitBlock start
info|2026-02-06 18:43:37.144740|blockSubmit-0x000072baf79d26c0|[STORAGE-RocksDB]asyncPrepare,number=75
info|2026-02-06 18:43:37.145129|blockSubmit-0x000072baf79d26c0|[STORAGE-RocksDB]asyncPrepare finished,blockNumber=75,put=8,delete=0,startTS=0,encode(ms)=1,time(ms)=1
info|2026-02-06 18:43:37.145271|blockSubmit-0x000072baf79d26c0|[LEDGER]storeTransactionsAndReceipts,blockNumber=75
info|2026-02-06 18:43:37.145468|blockSubmit-0x000072baf79d26c0|[STORAGE-RocksDB]setRows finished,put=1,dataSize=745,time(ms)=0
info|2026-02-06 18:43:37.145709|ledgerWrite-0x000072bb0b1f96c0|[STORAGE-RocksDB]setRows finished,put=1,dataSize=202,time(ms)=0
info|2026-02-06 18:43:37.146220|blockSubmit-0x000072baf79d26c0|[LEDGER]storeTransactionsAndReceipts finished,blockNumber=75,blockTxsSize=1,unStoredTxs=1,timeCost=1
info|2026-02-06 18:43:37.146304|blockSubmit-0x000072baf79d26c0|[LEDGER][METRIC]asyncPrewriteBlock,number=75,totalTxs=99,failedTxs=41,incTxs=1,incFailedTxs=1
info|2026-02-06 18:43:37.146109|exec-0x000072bafa1d76c0|[STORAGE-RocksDB]asyncPrepare,number=75
info|2026-02-06 18:43:37.146841|exec-0x000072bafa1d76c0|[STORAGE-KeyPage]parallelTraverse,size=0
info|2026-02-06 18:43:37.146882|exec-0x000072bafa1d76c0|[STORAGE-RocksDB]asyncPrepare finished,blockNumber=75,put=0,delete=0,startTS=0,encode(ms)=0,time(ms)=0
info|2026-02-06 18:43:37.146971|exec-0x000072bafa1d76c0|[EXECUTOR:1770370051][blk-75]Prepare success
info|2026-02-06 18:43:37.147254|exec-0x000072bafa1d76c0|[STORAGE-RocksDB]asyncCommit finished,blockNumber=75,startTS=0,time(ms)=0,callback time(ms)=0,count=8
info|2026-02-06 18:43:37.147450|exec-0x000072bafa1d76c0|[TOOL]fetchCompatibilityVersion
info|2026-02-06 18:43:37.147840|exec-0x000072bafa1d76c0|[TOOL]fetchCompatibilityVersion success,version=3.11.0,versionNumber=51052544,minSupportedVersion=3.0.0-rc4,maxSupportedVersion=3.11.0
info|2026-02-06 18:43:37.147948|exec-0x000072bafa1d76c0|[TOOL]fetchAuthCheckStatus success,value=0
info|2026-02-06 18:43:37.147960|exec-0x000072bafa1d76c0|[EXECUTOR:1770370051]merge keyPage to cachedStorage,number=75
info|2026-02-06 18:43:37.148625|exec-0x000072bafa1d76c0|[STORAGE-KeyPage]parallelTraverse,size=0
info|2026-02-06 18:43:37.148684|exec-0x000072bafa1d76c0|[STORAGE]Successful merged records,count=0
info|2026-02-06 18:43:37.156329|exec-0x000072bafa1d76c0|[SCHEDULER][blk-75][BlockTrace]CommitBlock success,gas limit=3000000000,timeCost=13
info|2026-02-06 18:43:37.156497|exec-0x000072bafa1d76c0|[SCHEDULER][BlockTrace]Notify block result success,blockNumber=75
info|2026-02-06 18:43:37.156546|exec-0x000072bafa1d76c0|[CONSENSUS][PBFT][STORAGE][METRIC]commitStableCheckPoint success,index=75,hash=b4b393a0...,txs=1,timeCost=13,commitPerTx=13
info|2026-02-06 18:43:37.156643|exec-0x000072bafa1d76c0|[SCHEDULER][blk-75]notify block result success,hash=b4b393a0...,txsSize=1
info|2026-02-06 18:43:37.156690|blockSubmit-0x000072baf79d26c0|[CONSENSUS][PBFT][METRIC]resetConfig,committedIndex=75,propHash=b4b393a0...,blockCountLimit=1000,leaderPeriod=1,consensusNodesSize=4
info|2026-02-06 18:43:37.156772|exec-0x000072bafa1d76c0|[STORAGE-RocksDB]asyncCommit finished,blockNumber=75,startTS=0,time(ms)=0,callback time(ms)=9,count=0
info|2026-02-06 18:43:37.156800|blockSubmit-0x000072baf79d26c0|[CONSENSUS][PBFT][METRIC]^^^^^^^^Report,sealer=2,txs=1,committedIndex=75,consNum=76,committedHash=b4b393a0...,view=3,toView=3,changeCycle=0,expectedCheckPoint=76,Idx=2,unsealedTxs=0,sealUntil=0,waitResealUntil=0,consensusTimeout=3000,nodeId=2346c69c...
info|2026-02-06 18:43:37.156821|blockSubmit-0x000072baf79d26c0|[CONSENSUS][SEALER]asyncNoteLatestBlockNumber,number=75
info|2026-02-06 18:43:37.156825|blockSubmit-0x000072baf79d26c0|[CONSENSUS][SEALER]asyncNoteLatestBlockHash,_hash=b4b393a0...
info|2026-02-06 18:43:37.156850|blockSubmit-0x000072baf79d26c0|[BLOCK SYNC]#### BlockSyncConfig resetConfig,number=75,consNodeSize=4,observerNodeSize=0,type=CONSENSUS_NODE
info|2026-02-06 18:43:37.156957|submitter-0x000072bb091f56c0|[TXPOOL][METRIC]StatTPS,tps=1,totalTime=501
info|2026-02-06 18:43:37.157346|blockSubmit-0x000072baf79d26c0|[CONSENSUS][PBFT]notify to seal next proposal,nextProposalIndex=76
info|2026-02-06 18:43:37.157443|blockSubmit-0x000072baf79d26c0|[CONSENSUS][PBFT]removeConsensusedCache finalizeConsensus,view=3,number=75,eraseSize=1,cacheSize=0
info|2026-02-06 18:43:37.157484|blockSubmit-0x000072baf79d26c0|[CONSENSUS][PBFT][STORAGE]asyncRemoveStabledCheckPoint,index=70
info|2026-02-06 18:43:37.157406|submitter-0x000072bb091f56c0|[TXPOOL][METRIC]batchRemove txs success,expectedSize=1,succCount=1,batchId=75,timecost=1,lockT=0,removeT=1,updateLedgerNonceT=0,updateTxPoolNonceT=0
info|2026-02-06 18:43:37.157542|blockSubmit-0x000072baf79d26c0|[CONSENSUS][PBFT][STORAGE]asyncRemove success,dbName=pbftCommitDB,key=70
info|2026-02-06 18:43:39.608486|pbft-0x000072bae69ff6c0|[CONSENSUS][PBFT]handlePrePrepareMsg,reqHash=693f9b6c...,reqIndex=76,reqV=3,fromIdx=3,wait(ms)=0,committedIndex=75,consNum=76,committedHash=b4b393a0...,view=3,toView=3,changeCycle=0,expectedCheckPoint=76,Idx=2,unsealedTxs=1,sealUntil=0,waitResealUntil=0,consensusTimeout=3000,nodeId=2346c69c...,utc=27077740
info|2026-02-06 18:43:39.608581|pbft-0x000072bae69ff6c0|[TXPOOL]begin asyncVerifyBlock,consNum=76,hash=693f9b6c...
info|2026-02-06 18:43:39.608761|verifier-0x000072bb069f06c0|[TXPOOL]batchVerifyProposal,consNum=76,hash=693f9b6c...,txsSize=1,lockT=0,verifyT=0,missedTxs=0
info|2026-02-06 18:43:39.608804|verifier-0x000072bb069f06c0|[TXPOOL][METRIC]asyncVerifyBlock finished,consNum=76,hash=693f9b6c...,code=0,msg=success,result=true,timecost=0
info|2026-02-06 18:43:39.608847|validator-0x000072baf89d46c0|[CONSENSUS][PBFT]asyncResetTxsFlag,index=76,hash=693f9b6c...,flag=true
info|2026-02-06 18:43:39.608852|pbft-0x000072bae69ff6c0|[CONSENSUS][PBFT]addPrepareCache,reqHash=693f9b6c...,reqIndex=76,reqV=3,fromIdx=3,wait(ms)=0,committedIndex=75,consNum=76,committedHash=b4b393a0...,view=3,toView=3,changeCycle=0,expectedCheckPoint=76,Idx=2,unsealedTxs=1,sealUntil=0,waitResealUntil=0,consensusTimeout=3000,nodeId=2346c69c...,weight=1
info|2026-02-06 18:43:39.608871|validator-0x000072baf89d46c0|[TXPOOL]batchMarkTxs,txsSize=1,batchId=76,hash=693f9b6c...,sealFlag=true,notFound=0,reSealed=0,succ=1,time=0,markT=0
info|2026-02-06 18:43:39.608880|validator-0x000072baf89d46c0|[CONSENSUS][PBFT]asyncMarkTxs success,index=76,hash=693f9b6c...,flag=true,markT=0,emptyTxBatchHash=false
info|2026-02-06 18:43:39.608967|verifier-0x000072bb069f06c0|[CONSENSUS][PBFT]handlePrePrepareMsg,reqHash=693f9b6c...,reqIndex=76,reqV=3,fromIdx=3,wait(ms)=1,committedIndex=75,consNum=76,committedHash=b4b393a0...,view=3,toView=3,changeCycle=0,expectedCheckPoint=76,Idx=2,unsealedTxs=0,sealUntil=0,waitResealUntil=0,consensusTimeout=3000,nodeId=2346c69c...,utc=27077741
info|2026-02-06 18:43:39.609052|verifier-0x000072bb069f06c0|[CONSENSUS][PBFT]addPrePrepareCache,reqHash=693f9b6c...,reqIndex=76,reqV=3,fromIdx=3,wait(ms)=1,sys=false,committedIndex=75,consNum=76,committedHash=b4b393a0...,view=3,toView=3,changeCycle=0,expectedCheckPoint=76,Idx=2,unsealedTxs=0,sealUntil=0,waitResealUntil=0,consensusTimeout=3000,nodeId=2346c69c...
info|2026-02-06 18:43:39.609064|validator-0x000072baf91d56c0|[CONSENSUS][PBFT]asyncResetTxsFlag,index=76,hash=693f9b6c...,flag=true
info|2026-02-06 18:43:39.609072|validator-0x000072baf91d56c0|[TXPOOL]batchMarkTxs,txsSize=1,batchId=76,hash=693f9b6c...,sealFlag=true,notFound=0,reSealed=0,succ=1,time=0,markT=0
info|2026-02-06 18:43:39.609076|verifier-0x000072bb069f06c0|[CONSENSUS][PBFT]notify the committed proposal index to the sync module success,index=76
info|2026-02-06 18:43:39.609083|validator-0x000072baf91d56c0|[CONSENSUS][PBFT]asyncMarkTxs success,index=76,hash=693f9b6c...,flag=true,markT=0,emptyTxBatchHash=false
info|2026-02-06 18:43:39.609145|verifier-0x000072bb069f06c0|[CONSENSUS][PBFT]addPrepareCache,reqHash=693f9b6c...,reqIndex=76,reqV=3,fromIdx=2,wait(ms)=0,committedIndex=75,consNum=76,committedHash=b4b393a0...,view=3,toView=3,changeCycle=0,expectedCheckPoint=76,Idx=2,unsealedTxs=0,sealUntil=0,waitResealUntil=0,consensusTimeout=3000,nodeId=2346c69c...,weight=2
info|2026-02-06 18:43:39.609201|verifier-0x000072bb069f06c0|[CONSENSUS][PBFT]broadcast prepare packet,packetSize=230,index=76
info|2026-02-06 18:43:39.609324|verifier-0x000072bb069f06c0|[CONSENSUS][PBFT]handlePrePrepareMsg and broadcast prepare packet,reqHash=693f9b6c...,reqIndex=76,reqV=3,fromIdx=3,wait(ms)=1,committedIndex=75,consNum=76,committedHash=b4b393a0...,view=3,toView=3,changeCycle=0,expectedCheckPoint=76,Idx=2,unsealedTxs=0,sealUntil=0,waitResealUntil=0,consensusTimeout=3000,nodeId=2346c69c...
info|2026-02-06 18:43:39.609813|txsPreStore-0x000072bb051ed6c0|[TXPOOL]storeVerifiedBlock fetch block number from LedgerConfig
info|2026-02-06 18:43:39.609893|txsPreStore-0x000072bb051ed6c0|[TOOL]LedgerConfigFetcher: fetchBlockNumber success,blockNumber=75
info|2026-02-06 18:43:39.609916|txsPreStore-0x000072bb051ed6c0|[TXPOOL]storeVerifiedBlock,consNum=76,hash=693f9b6c...,txsSize=1
info|2026-02-06 18:43:39.609939|txsPreStore-0x000072bb051ed6c0|[LEDGER]asyncPreStoreBlockTxs: needStoreUnsavedTxs,txsSize=1,unstoredTxs=1,number=76
info|2026-02-06 18:43:39.610004|txsPreStore-0x000072bb051ed6c0|[STORAGE-RocksDB]setRows finished,put=1,dataSize=1065,time(ms)=1
info|2026-02-06 18:43:39.610020|txsPreStore-0x000072bb051ed6c0|[LEDGER]asyncPreStoreBlockTxs: store uncommitted txs,blockNumber=76,blockTxsSize=1,unStoredTxs=1,msg=success,code=0,timeCost=1
info|2026-02-06 18:43:39.610026|txsPreStore-0x000072bb051ed6c0|[TXPOOL]storeVerifiedBlock success,consNum=76,hash=693f9b6c...,timecost=1
info|2026-02-06 18:43:39.648845|pbft-0x000072bae69ff6c0|[CONSENSUS][PBFT]addPrepareCache,reqHash=693f9b6c...,reqIndex=76,reqV=3,fromIdx=1,wait(ms)=1,committedIndex=75,consNum=76,committedHash=b4b393a0...,view=3,toView=3,changeCycle=0,expectedCheckPoint=76,Idx=2,unsealedTxs=0,sealUntil=0,waitResealUntil=0,consensusTimeout=3000,nodeId=2346c69c...,weight=3
info|2026-02-06 18:43:39.648931|pbft-0x000072bae69ff6c0|[CONSENSUS][PBFT]setSignatureList,signatureSize=3,propHash=693f9b6c...,propIndex=76
info|2026-02-06 18:43:39.648971|pbft-0x000072bae69ff6c0|[CONSENSUS][PBFT]intoPrecommit,reqHash=693f9b6c...,reqIndex=76,reqV=3,fromIdx=2,wait(ms)=40,committedIndex=75,consNum=76,committedHash=b4b393a0...,view=3,toView=3,changeCycle=0,expectedCheckPoint=76,Idx=2,unsealedTxs=0,sealUntil=0,waitResealUntil=0,consensusTimeout=3000,nodeId=2346c69c...
info|2026-02-06 18:43:39.649082|pbft-0x000072bae69ff6c0|[CONSENSUS][PBFT]addCommitCache,reqHash=693f9b6c...,reqIndex=76,reqV=3,fromIdx=2,wait(ms)=1,committedIndex=75,consNum=76,committedHash=b4b393a0...,view=3,toView=3,changeCycle=0,expectedCheckPoint=76,Idx=2,unsealedTxs=0,sealUntil=0,waitResealUntil=0,consensusTimeout=3000,nodeId=2346c69c...,weight=1
info|2026-02-06 18:43:39.649136|pbft-0x000072bae69ff6c0|[CONSENSUS][PBFT]checkAndPreCommit: broadcast commitMsg,Idx=2,hash=693f9b6c...,index=76
info|2026-02-06 18:43:39.650143|pbft-0x000072bae69ff6c0|[CONSENSUS][PBFT]addCommitCache,reqHash=693f9b6c...,reqIndex=76,reqV=3,fromIdx=1,wait(ms)=1,committedIndex=75,consNum=76,committedHash=b4b393a0...,view=3,toView=3,changeCycle=0,expectedCheckPoint=76,Idx=2,unsealedTxs=0,sealUntil=0,waitResealUntil=0,consensusTimeout=3000,nodeId=2346c69c...,weight=2
info|2026-02-06 18:43:39.651933|pbft-0x000072bae69ff6c0|[CONSENSUS][PBFT]addCommitCache,reqHash=693f9b6c...,reqIndex=76,reqV=3,fromIdx=3,wait(ms)=0,committedIndex=75,consNum=76,committedHash=b4b393a0...,view=3,toView=3,changeCycle=0,expectedCheckPoint=76,Idx=2,unsealedTxs=0,sealUntil=0,waitResealUntil=0,consensusTimeout=3000,nodeId=2346c69c...,weight=3
info|2026-02-06 18:43:39.652032|pbft-0x000072bae69ff6c0|[CONSENSUS][PBFT]checkAndCommit,propHash=693f9b6c...,propIndex=76,committedIndex=75,consNum=76,committedHash=b4b393a0...,view=3,toView=3,changeCycle=0,expectedCheckPoint=76,Idx=2,unsealedTxs=0,sealUntil=0,waitResealUntil=0,consensusTimeout=3000,nodeId=2346c69c...
info|2026-02-06 18:43:39.652054|pbft-0x000072bae69ff6c0|[CONSENSUS][PBFT]######## CommitProposal,propHash=693f9b6c...,propIndex=76,sys=false,committedIndex=75,consNum=76,committedHash=b4b393a0...,view=3,toView=3,changeCycle=0,expectedCheckPoint=76,Idx=2,unsealedTxs=0,sealUntil=0,waitResealUntil=0,consensusTimeout=3000,nodeId=2346c69c...
info|2026-02-06 18:43:39.652067|pbft-0x000072bae69ff6c0|[CONSENSUS][PBFT]notify to seal next proposal,nextProposalIndex=77
info|2026-02-06 18:43:39.652111|pbft-0x000072bae69ff6c0|[CONSENSUS][PBFT]notify to seal next proposal,nextProposalIndex=77
info|2026-02-06 18:43:39.652121|pbft-0x000072bae69ff6c0|[CONSENSUS][PBFT]applyStateMachine,index=76,hash=693f9b6c...,committedIndex=75,consNum=76,committedHash=b4b393a0...,view=3,toView=3,changeCycle=0,expectedCheckPoint=76,Idx=2,unsealedTxs=0,sealUntil=0,waitResealUntil=0,consensusTimeout=3000,nodeId=2346c69c...,unAppliedProposals=0
info|2026-02-06 18:43:39.652504|exeScheduler-0x000072babe7fd6c0|[SCHEDULER][METRIC][blk-76]ExecuteBlock request,gasLimit=3000000000,gasPrice=0x0,verify=false,signatureSize=0,txCount=0,metaTxCount=1,version=3.11.0,waitT=2525
info|2026-02-06 18:43:39.652676|exeScheduler-0x000072babe7fd6c0|[SCHEDULER][blk-76][BlockTrace]ExecuteBlock start,time(ms)=0
info|2026-02-06 18:43:39.652743|exeScheduler-0x000072babe7fd6c0|[SCHEDULER][serialExecute][blk-76][BlockTrace]serialExecute execute block
info|2026-02-06 18:43:39.654534|preExeScheduler-0x000072babd7fb6c0|[SCHEDULER][METRIC][BlockTrace][blk-76]preExeBlock success,blockHeader.timestamp=1770374619607,metaTxCount=1,timeCost=2
info|2026-02-06 18:43:39.654978|exeScheduler-0x000072babe7fd6c0|[SCHEDULER][serialExecute][blk-76][BlockTrace]serialExecute batch next block
info|2026-02-06 18:43:39.655167|exeScheduler-0x000072babe7fd6c0|[SCHEDULER][blk-76][BlockTrace]NextBlock request,executorNum=1
info|2026-02-06 18:43:39.660508|exec-0x000072bb039ea6c0|[SCHEDULER][blk-76][BlockTrace]NextBlock success,executorNum=1,timeCost=5
info|2026-02-06 18:43:39.660671|exec-0x000072bb039ea6c0|[SCHEDULER][serialExecute][blk-76][BlockTrace]serialExecute block begin
info|2026-02-06 18:43:39.663700|pbft-0x000072bae69ff6c0|[CONSENSUS][PBFT]handleCheckPointMsg: try to add the checkpoint message into the cache,reqHash=f332918e...,reqIndex=76,reqV=3,fromIdx=3,wait(ms)=0,committedIndex=75,consNum=76,committedHash=b4b393a0...,view=3,toView=3,changeCycle=0,expectedCheckPoint=76,Idx=2,unsealedTxs=0,sealUntil=0,waitResealUntil=0,consensusTimeout=3000,nodeId=2346c69c...
info|2026-02-06 18:43:39.663820|pbft-0x000072bae69ff6c0|[CONSENSUS][PBFT]addCheckPointMsg,reqHash=f332918e...,reqIndex=76,reqV=3,fromIdx=3,wait(ms)=0,Idx=2,weight=1,minRequiredWeight=3
info|2026-02-06 18:43:39.663854|pbft-0x000072bae69ff6c0|[CONSENSUS][PBFT]notify to seal next proposal,nextProposalIndex=77
info|2026-02-06 18:43:39.665016|Unnamed-0x000072bab3df26c0|[EXECUTOR][blk-76]Revert transaction,contextID=0,seq=1
info|2026-02-06 18:43:39.665103|Unnamed-0x000072bab3df26c0|[EXECUTOR]EVM_REVERT,to=40fce2f6cbef3daa8e671549102d386f75a058ba,gasLeft=3000000000
info|2026-02-06 18:43:39.665114|Unnamed-0x000072bab3df26c0|[EXECUTOR][blk-76]Revert transaction,contextID=0,seq=1
info|2026-02-06 18:43:39.665119|Unnamed-0x000072bab3df26c0|[EXECUTOR][blk-76]Revert transaction,contextID=0,seq=1
info|2026-02-06 18:43:39.666741|exec-0x000072bb029e86c0|[STORAGE-KeyPage]hash,size=25,blockVersion=51052544,readLength=5185,writeLength=0,pageCount=0,entrycount=0,entriesHash=0000000000000000000000000000000000000000000000000000000000000000,pagesHash=0000000000000000000000000000000000000000000000000000000000000000,totalHash=0000000000000000000000000000000000000000000000000000000000000000
info|2026-02-06 18:43:39.667024|exec-0x000072bb029e86c0|[EXECUTOR:1770370051][blk-76]GetTableHashes success,hash=0000000000000000000000000000000000000000000000000000000000000000,time(ms)=2
info|2026-02-06 18:43:39.667307|exec-0x000072bb029e86c0|[SCHEDULER][blk-76][BlockTrace]ExecuteBlock success,hash=f332918e...,stateRoot=0000000000000000000000000000000000000000000000000000000000000000,receiptRoot=c49a70c57dfec3579374ea87d2f9834a27792048f94f7f1e9919487596f41135,txsRoot=6e4a8a9d...,gasUsed=10855,signatureSize=0,timeCost=15,blockVersion=51052544
info|2026-02-06 18:43:39.667369|exec-0x000072bb029e86c0|[CONSENSUS][Core][METRIC]asyncExecuteBlock success,sysBlock=false,number=76,result=f332918e...,txsSize=1,txsRoot=6e4a8a9d...,receiptsRoot=c49a70c5...,stateRoot=00000000...,timeCost=15,execPerTx=15
info|2026-02-06 18:43:39.667888|exec-0x000072bb029e86c0|[CONSENSUS][PBFT]applyStateMachine finished,index=76,beforeExec=693f9b6c...,afterExec=f332918e...,committedIndex=75,consNum=76,committedHash=b4b393a0...,view=3,toView=3,changeCycle=0,expectedCheckPoint=76,Idx=2,unsealedTxs=0,sealUntil=0,waitResealUntil=0,consensusTimeout=3000,nodeId=2346c69c...,timecost=16
info|2026-02-06 18:43:39.668534|pbftWorker-0x000072baf59ce6c0|[CONSENSUS][PBFT][STORAGE]asyncCommitProposal: write the committed proposal into db,index=76
info|2026-02-06 18:43:39.669249|pbftWorker-0x000072baf59ce6c0|[CONSENSUS][PBFT][STORAGE]asyncPutProposal: commit success,dbName=pbftCommitDB,key=max_committed_proposal,number=76,timecost=1,dataSize=2
info|2026-02-06 18:43:39.669399|pbftWorker-0x000072baf59ce6c0|[CONSENSUS][PBFT][STORAGE]asyncPutProposal: commit success,dbName=pbftCommitDB,key=76,number=76,timecost=0,dataSize=679
info|2026-02-06 18:43:39.670312|pbftWorker-0x000072baf59ce6c0|[CONSENSUS][PBFT]addCheckPointMsg,reqHash=f332918e...,reqIndex=76,reqV=3,fromIdx=2,wait(ms)=1,Idx=2,weight=2,minRequiredWeight=3
info|2026-02-06 18:43:39.670391|pbftWorker-0x000072baf59ce6c0|[CONSENSUS][PBFT]setCheckPointProposal,propHash=f332918e...,propIndex=76,committedIndex=75,consNum=76,committedHash=b4b393a0...,view=3,toView=3,changeCycle=0,expectedCheckPoint=76,Idx=2,unsealedTxs=0,sealUntil=0,waitResealUntil=0,consensusTimeout=3000,nodeId=2346c69c...
info|2026-02-06 18:43:39.670458|pbftWorker-0x000072baf59ce6c0|[CONSENSUS][PBFT]PBFTConfig: setExpectedCheckPoint,committedIndex=75,consNum=76,committedHash=b4b393a0...,view=3,toView=3,changeCycle=0,expectedCheckPoint=77,Idx=2,unsealedTxs=0,sealUntil=0,waitResealUntil=0,consensusTimeout=3000,nodeId=2346c69c...,expectedCheckPoint=77
info|2026-02-06 18:43:39.670482|pbftWorker-0x000072baf59ce6c0|[CONSENSUS][PBFT]notify to seal next proposal,nextProposalIndex=77
info|2026-02-06 18:43:39.670491|pbftWorker-0x000072baf59ce6c0|[CONSENSUS][PBFT]onProposalApplySuccess,index=76,hash=f332918e...,lockT=0,timecost=0
info|2026-02-06 18:43:39.672076|pbft-0x000072bae69ff6c0|[CONSENSUS][PBFT]handleCheckPointMsg: try to add the checkpoint message into the cache,reqHash=f332918e...,reqIndex=76,reqV=3,fromIdx=1,wait(ms)=1,committedIndex=75,consNum=76,committedHash=b4b393a0...,view=3,toView=3,changeCycle=0,expectedCheckPoint=77,Idx=2,unsealedTxs=0,sealUntil=0,waitResealUntil=0,consensusTimeout=3000,nodeId=2346c69c...
info|2026-02-06 18:43:39.672137|pbft-0x000072bae69ff6c0|[CONSENSUS][PBFT]addCheckPointMsg,reqHash=f332918e...,reqIndex=76,reqV=3,fromIdx=1,wait(ms)=1,Idx=2,weight=3,minRequiredWeight=3
info|2026-02-06 18:43:39.672150|pbft-0x000072bae69ff6c0|[CONSENSUS][PBFT]notify to seal next proposal,nextProposalIndex=77
info|2026-02-06 18:43:39.672163|pbft-0x000072bae69ff6c0|[CONSENSUS][PBFT]setSignatureList,signatureSize=3,propHash=f332918e...,propIndex=76
info|2026-02-06 18:43:39.672170|pbft-0x000072bae69ff6c0|[CONSENSUS][PBFT]checkAndCommitStableCheckPoint,index=76,hash=f332918e...,committedIndex=75,consNum=76,committedHash=b4b393a0...,view=3,toView=3,changeCycle=0,expectedCheckPoint=77,Idx=2,unsealedTxs=0,sealUntil=0,waitResealUntil=0,consensusTimeout=3000,nodeId=2346c69c...
info|2026-02-06 18:43:39.672182|pbft-0x000072bae69ff6c0|[CONSENSUS][PBFT]updateStableCheckPointQueue: insert new checkpoint proposal,index=76,hash=f332918e...,committedIndex=75,consNum=76,committedHash=b4b393a0...,view=3,toView=3,changeCycle=0,expectedCheckPoint=77,Idx=2,unsealedTxs=0,sealUntil=0,waitResealUntil=0,consensusTimeout=3000,nodeId=2346c69c...
info|2026-02-06 18:43:39.672190|pbft-0x000072bae69ff6c0|[CONSENSUS][PBFT]updateStableCheckPointQueue: commit stable checkpoint,index=76,committedIndex=75
info|2026-02-06 18:43:39.672204|pbft-0x000072bae69ff6c0|[CONSENSUS][PBFT]asyncCommitStableCheckPoint: set signatureList,index=76,hash=f332918e...,proofSize=3,blockProofSize=3
info|2026-02-06 18:43:39.672491|blockSubmit-0x000072baf79d26c0|[SCHEDULER][blk-76][BlockTrace]CommitBlock start
info|2026-02-06 18:43:39.673334|blockSubmit-0x000072baf79d26c0|[STORAGE-RocksDB]asyncPrepare,number=76
info|2026-02-06 18:43:39.673438|blockSubmit-0x000072baf79d26c0|[STORAGE-RocksDB]asyncPrepare finished,blockNumber=76,put=8,delete=0,startTS=0,encode(ms)=0,time(ms)=0
info|2026-02-06 18:43:39.673783|blockSubmit-0x000072baf79d26c0|[LEDGER]storeTransactionsAndReceipts,blockNumber=76
info|2026-02-06 18:43:39.674098|ledgerWrite-0x000072bb0a9f86c0|[STORAGE-RocksDB]setRows finished,put=1,dataSize=99,time(ms)=1
info|2026-02-06 18:43:39.675972|exec-0x000072bb021e76c0|[STORAGE-RocksDB]asyncPrepare,number=76
info|2026-02-06 18:43:39.676506|blockSubmit-0x000072baf79d26c0|[LEDGER]storeTransactionsAndReceipts finished,blockNumber=76,blockTxsSize=1,unStoredTxs=0,timeCost=3
info|2026-02-06 18:43:39.676670|blockSubmit-0x000072baf79d26c0|[LEDGER][METRIC]asyncPrewriteBlock,number=76,totalTxs=100,failedTxs=42,incTxs=1,incFailedTxs=1
info|2026-02-06 18:43:39.676725|pbft-0x000072bae69ff6c0|[CONSENSUS][PBFT]handleCheckPointMsg: try to add the checkpoint message into the cache,reqHash=f332918e...,reqIndex=76,reqV=3,fromIdx=0,wait(ms)=2,committedIndex=75,consNum=76,committedHash=b4b393a0...,view=3,toView=3,changeCycle=0,expectedCheckPoint=77,Idx=2,unsealedTxs=0,sealUntil=0,waitResealUntil=0,consensusTimeout=3000,nodeId=2346c69c...
info|2026-02-06 18:43:39.676939|pbft-0x000072bae69ff6c0|[CONSENSUS][PBFT]addCheckPointMsg,reqHash=f332918e...,reqIndex=76,reqV=3,fromIdx=0,wait(ms)=2,Idx=2,weight=4,minRequiredWeight=3
info|2026-02-06 18:43:39.676956|exec-0x000072bb021e76c0|[STORAGE-KeyPage]parallelTraverse,size=0
info|2026-02-06 18:43:39.677002|pbft-0x000072bae69ff6c0|[CONSENSUS][PBFT]notify to seal next proposal,nextProposalIndex=77
info|2026-02-06 18:43:39.676975|exec-0x000072bb021e76c0|[STORAGE-RocksDB]asyncPrepare finished,blockNumber=76,put=0,delete=0,startTS=0,encode(ms)=0,time(ms)=0
info|2026-02-06 18:43:39.677105|exec-0x000072bb021e76c0|[EXECUTOR:1770370051][blk-76]Prepare success
info|2026-02-06 18:43:39.678121|exec-0x000072bb021e76c0|[STORAGE-RocksDB]asyncCommit finished,blockNumber=76,startTS=0,time(ms)=0,callback time(ms)=1,count=8
info|2026-02-06 18:43:39.678225|exec-0x000072bb021e76c0|[TOOL]fetchCompatibilityVersion
info|2026-02-06 18:43:39.678562|exec-0x000072bb021e76c0|[TOOL]fetchCompatibilityVersion success,version=3.11.0,versionNumber=51052544,minSupportedVersion=3.0.0-rc4,maxSupportedVersion=3.11.0
info|2026-02-06 18:43:39.678692|exec-0x000072bb021e76c0|[TOOL]fetchAuthCheckStatus success,value=0
info|2026-02-06 18:43:39.678705|exec-0x000072bb021e76c0|[EXECUTOR:1770370051]merge keyPage to cachedStorage,number=76
info|2026-02-06 18:43:39.678724|exec-0x000072bb021e76c0|[STORAGE-KeyPage]parallelTraverse,size=0
info|2026-02-06 18:43:39.678744|exec-0x000072bb021e76c0|[STORAGE]Successful merged records,count=0
info|2026-02-06 18:43:39.694911|exec-0x000072bb021e76c0|[SCHEDULER][blk-76][BlockTrace]CommitBlock success,gas limit=3000000000,timeCost=22
info|2026-02-06 18:43:39.695183|exec-0x000072bb021e76c0|[SCHEDULER][BlockTrace]Notify block result success,blockNumber=76
info|2026-02-06 18:43:39.695209|exec-0x000072bb021e76c0|[CONSENSUS][PBFT][STORAGE][METRIC]commitStableCheckPoint success,index=76,hash=f332918e...,txs=1,timeCost=23,commitPerTx=23
info|2026-02-06 18:43:39.695802|exec-0x000072bb021e76c0|[SCHEDULER][blk-76]notify block result success,hash=f332918e...,txsSize=1
info|2026-02-06 18:43:39.695968|blockSubmit-0x000072baf79d26c0|[CONSENSUS][PBFT][METRIC]resetConfig,committedIndex=76,propHash=f332918e...,blockCountLimit=1000,leaderPeriod=1,consensusNodesSize=4
info|2026-02-06 18:43:39.696132|blockSubmit-0x000072baf79d26c0|[CONSENSUS][PBFT][METRIC]^^^^^^^^Report,sealer=3,txs=1,committedIndex=76,consNum=77,committedHash=f332918e...,view=3,toView=3,changeCycle=0,expectedCheckPoint=77,Idx=2,unsealedTxs=0,sealUntil=0,waitResealUntil=0,consensusTimeout=3000,nodeId=2346c69c...
info|2026-02-06 18:43:39.696188|blockSubmit-0x000072baf79d26c0|[CONSENSUS][SEALER]asyncNoteLatestBlockNumber,number=76
info|2026-02-06 18:43:39.696199|blockSubmit-0x000072baf79d26c0|[CONSENSUS][SEALER]asyncNoteLatestBlockHash,_hash=f332918e...
info|2026-02-06 18:43:39.696240|blockSubmit-0x000072baf79d26c0|[BLOCK SYNC]#### BlockSyncConfig resetConfig,number=76,consNodeSize=4,observerNodeSize=0,type=CONSENSUS_NODE
info|2026-02-06 18:43:39.696658|exec-0x000072bb021e76c0|[STORAGE-RocksDB]asyncCommit finished,blockNumber=76,startTS=0,time(ms)=0,callback time(ms)=18,count=0
info|2026-02-06 18:43:39.697025|blockSubmit-0x000072baf79d26c0|[CONSENSUS][PBFT]notify to seal next proposal,nextProposalIndex=77
info|2026-02-06 18:43:39.697208|blockSubmit-0x000072baf79d26c0|[CONSENSUS][PBFT]removeConsensusedCache finalizeConsensus,view=3,number=76,eraseSize=1,cacheSize=0
info|2026-02-06 18:43:39.697657|blockSubmit-0x000072baf79d26c0|[CONSENSUS][PBFT][STORAGE]asyncRemoveStabledCheckPoint,index=71
info|2026-02-06 18:43:39.697432|submitter-0x000072bb089f46c0|[TXPOOL][METRIC]StatTPS,tps=10,totalTime=91
info|2026-02-06 18:43:39.697845|blockSubmit-0x000072baf79d26c0|[CONSENSUS][PBFT][STORAGE]asyncRemove success,dbName=pbftCommitDB,key=71
info|2026-02-06 18:43:39.698204|submitter-0x000072bb089f46c0|[TXPOOL][METRIC]batchRemove txs success,expectedSize=1,succCount=1,batchId=76,timecost=3,lockT=2,removeT=2,updateLedgerNonceT=0,updateTxPoolNonceT=0
info|2026-02-06 18:43:41.638814|timerFactory-0x000072bad3fff6c0|[RPC][WS][SERVICE]connected nodes,count=0
info|2026-02-06 18:43:41.658513|ioService-0x000072bae3cfd6c0|[P2PService][Service][METRIC]heartBeat,connected count=3
info|2026-02-06 18:43:51.639058|timerFactory-0x000072bad3fff6c0|[RPC][WS][SERVICE]connected nodes,count=0
info|2026-02-06 18:43:51.658722|ioService-0x000072bae3cfd6c0|[P2PService][Service][METRIC]heartBeat,connected count=3
info|2026-02-06 18:44:01.639309|timerFactory-0x000072bad3fff6c0|[RPC][WS][SERVICE]connected nodes,count=0
info|2026-02-06 18:44:01.659107|ioService-0x000072bae3cfd6c0|[P2PService][Service][METRIC]heartBeat,connected count=3
info|2026-02-06 18:44:11.639518|timerFactory-0x000072bad3fff6c0|[RPC][WS][SERVICE]connected nodes,count=0
info|2026-02-06 18:44:11.659507|ioService-0x000072bae3cfd6c0|[P2PService][Service][METRIC]heartBeat,connected count=3
info|2026-02-06 18:44:21.639691|timerFactory-0x000072bad3fff6c0|[RPC][WS][SERVICE]connected nodes,count=0
info|2026-02-06 18:44:21.659787|ioService-0x000072bae3cfd6c0|[P2PService][Service][METRIC]heartBeat,connected count=3
info|2026-02-06 18:44:31.161783|objMonitor-0x000072bac77ff6c0|[startMonitor][AliveObjectMonitor],AliveObjectAllocStat=[ type: bcos::gateway::Socket ,created: 9 ,destroyed: 5 ,alive: 4 ] [ type: bcos::gateway::ResponseCallback ,created: 69044 ,destroyed: 69040 ,alive: 4 ] 
info|2026-02-06 18:44:31.639864|timerFactory-0x000072bad3fff6c0|[RPC][WS][SERVICE]connected nodes,count=0
info|2026-02-06 18:44:31.660008|ioService-0x000072bae3cfd6c0|[P2PService][Service][METRIC]heartBeat,connected count=3
info|2026-02-06 18:44:41.640037|timerFactory-0x000072bad3fff6c0|[RPC][WS][SERVICE]connected nodes,count=0
info|2026-02-06 18:44:41.660323|ioService-0x000072bae3cfd6c0|[P2PService][Service][METRIC]heartBeat,connected count=3
info|2026-02-06 18:44:51.640293|timerFactory-0x000072bad3fff6c0|[RPC][WS][SERVICE]connected nodes,count=0
info|2026-02-06 18:44:51.660589|ioService-0x000072bae3cfd6c0|[P2PService][Service][METRIC]heartBeat,connected count=3
info|2026-02-06 18:45:01.640435|timerFactory-0x000072bad3fff6c0|[RPC][WS][SERVICE]connected nodes,count=0
info|2026-02-06 18:45:01.661021|ioService-0x000072bae3cfd6c0|[P2PService][Service][METRIC]heartBeat,connected count=3
info|2026-02-06 18:45:11.640575|timerFactory-0x000072bad3fff6c0|[RPC][WS][SERVICE]connected nodes,count=0
info|2026-02-06 18:45:11.661313|ioService-0x000072bae3cfd6c0|[P2PService][Service][METRIC]heartBeat,connected count=3
info|2026-02-06 18:45:21.640692|timerFactory-0x000072bad3fff6c0|[RPC][WS][SERVICE]connected nodes,count=0
info|2026-02-06 18:45:21.661583|ioService-0x000072bae3cfd6c0|[P2PService][Service][METRIC]heartBeat,connected count=3
info|2026-02-06 18:45:31.157444|objMonitor-0x000072bac77ff6c0|[startMonitor][AliveObjectMonitor],AliveObjectAllocStat=[ type: bcos::gateway::Socket ,created: 9 ,destroyed: 5 ,alive: 4 ] 
info|2026-02-06 18:45:31.641066|timerFactory-0x000072bad3fff6c0|[RPC][WS][SERVICE]connected nodes,count=0
info|2026-02-06 18:45:31.662004|ioService-0x000072bae3cfd6c0|[P2PService][Service][METRIC]heartBeat,connected count=3
info|2026-02-06 18:45:41.641546|timerFactory-0x000072bad3fff6c0|[RPC][WS][SERVICE]connected nodes,count=0
info|2026-02-06 18:45:41.662398|ioService-0x000072bae3cfd6c0|[P2PService][Service][METRIC]heartBeat,connected count=3
info|2026-02-06 18:45:51.641833|timerFactory-0x000072bad3fff6c0|[RPC][WS][SERVICE]connected nodes,count=0
info|2026-02-06 18:45:51.662535|ioService-0x000072bae3cfd6c0|[P2PService][Service][METRIC]heartBeat,connected count=3
info|2026-02-06 18:46:01.642226|timerFactory-0x000072bad3fff6c0|[RPC][WS][SERVICE]connected nodes,count=0
info|2026-02-06 18:46:01.663024|ioService-0x000072bae3cfd6c0|[P2PService][Service][METRIC]heartBeat,connected count=3
info|2026-02-06 18:46:11.642355|timerFactory-0x000072bad3fff6c0|[RPC][WS][SERVICE]connected nodes,count=0
info|2026-02-06 18:46:11.663554|ioService-0x000072bae3cfd6c0|[P2PService][Service][METRIC]heartBeat,connected count=3
info|2026-02-06 18:46:21.642481|timerFactory-0x000072bad3fff6c0|[RPC][WS][SERVICE]connected nodes,count=0
info|2026-02-06 18:46:21.669542|ioService-0x000072bae3cfd6c0|[P2PService][Service][METRIC]heartBeat,connected count=3
info|2026-02-06 18:46:31.153595|objMonitor-0x000072bac77ff6c0|[startMonitor][AliveObjectMonitor],AliveObjectAllocStat=[ type: bcos::gateway::Socket ,created: 9 ,destroyed: 5 ,alive: 4 ] 
info|2026-02-06 18:46:31.642623|timerFactory-0x000072bad3fff6c0|[RPC][WS][SERVICE]connected nodes,count=0
info|2026-02-06 18:46:31.670998|ioService-0x000072bae3cfd6c0|[P2PService][Service][METRIC]heartBeat,connected count=3
info|2026-02-06 18:46:41.648051|timerFactory-0x000072bad3fff6c0|[RPC][WS][SERVICE]connected nodes,count=0
info|2026-02-06 18:46:41.671134|ioService-0x000072bae3cfd6c0|[P2PService][Service][METRIC]heartBeat,connected count=3
info|2026-02-06 18:46:51.648479|timerFactory-0x000072bad3fff6c0|[RPC][WS][SERVICE]connected nodes,count=0
info|2026-02-06 18:46:51.671333|ioService-0x000072bae3cfd6c0|[P2PService][Service][METRIC]heartBeat,connected count=3
info|2026-02-06 18:47:01.648634|timerFactory-0x000072bad3fff6c0|[RPC][WS][SERVICE]connected nodes,count=0
info|2026-02-06 18:47:01.671730|ioService-0x000072bae3cfd6c0|[P2PService][Service][METRIC]heartBeat,connected count=3
info|2026-02-06 18:47:11.648952|timerFactory-0x000072bad3fff6c0|[RPC][WS][SERVICE]connected nodes,count=0
info|2026-02-06 18:47:11.671971|ioService-0x000072bae3cfd6c0|[P2PService][Service][METRIC]heartBeat,connected count=3
info|2026-02-06 18:47:21.649364|timerFactory-0x000072bad3fff6c0|[RPC][WS][SERVICE]connected nodes,count=0
info|2026-02-06 18:47:21.672409|ioService-0x000072bae3cfd6c0|[P2PService][Service][METRIC]heartBeat,connected count=3
info|2026-02-06 18:47:31.149330|objMonitor-0x000072bac77ff6c0|[startMonitor][AliveObjectMonitor],AliveObjectAllocStat=[ type: bcos::gateway::Socket ,created: 9 ,destroyed: 5 ,alive: 4 ] 
info|2026-02-06 18:47:31.649568|timerFactory-0x000072bad3fff6c0|[RPC][WS][SERVICE]connected nodes,count=0
info|2026-02-06 18:47:31.672667|ioService-0x000072bae3cfd6c0|[P2PService][Service][METRIC]heartBeat,connected count=3
info|2026-02-06 18:47:41.649803|timerFactory-0x000072bad3fff6c0|[RPC][WS][SERVICE]connected nodes,count=0
info|2026-02-06 18:47:41.672901|ioService-0x000072bae3cfd6c0|[P2PService][Service][METRIC]heartBeat,connected count=3
info|2026-02-06 18:47:51.650191|timerFactory-0x000072bad3fff6c0|[RPC][WS][SERVICE]connected nodes,count=0
info|2026-02-06 18:47:51.673159|ioService-0x000072bae3cfd6c0|[P2PService][Service][METRIC]heartBeat,connected count=3
info|2026-02-06 18:48:01.650467|timerFactory-0x000072bad3fff6c0|[RPC][WS][SERVICE]connected nodes,count=0
info|2026-02-06 18:48:01.673526|ioService-0x000072bae3cfd6c0|[P2PService][Service][METRIC]heartBeat,connected count=3
info|2026-02-06 18:48:11.651012|timerFactory-0x000072bad3fff6c0|[RPC][WS][SERVICE]connected nodes,count=0
info|2026-02-06 18:48:11.673857|ioService-0x000072bae3cfd6c0|[P2PService][Service][METRIC]heartBeat,connected count=3
info|2026-02-06 18:48:21.651343|timerFactory-0x000072bad3fff6c0|[RPC][WS][SERVICE]connected nodes,count=0
info|2026-02-06 18:48:21.674237|ioService-0x000072bae3cfd6c0|[P2PService][Service][METRIC]heartBeat,connected count=3
info|2026-02-06 18:48:31.145030|objMonitor-0x000072bac77ff6c0|[startMonitor][AliveObjectMonitor],AliveObjectAllocStat=[ type: bcos::gateway::Socket ,created: 9 ,destroyed: 5 ,alive: 4 ] 
info|2026-02-06 18:48:31.651579|timerFactory-0x000072bad3fff6c0|[RPC][WS][SERVICE]connected nodes,count=0
info|2026-02-06 18:48:31.674530|ioService-0x000072bae3cfd6c0|[P2PService][Service][METRIC]heartBeat,connected count=3
info|2026-02-06 18:48:41.651842|timerFactory-0x000072bad3fff6c0|[RPC][WS][SERVICE]connected nodes,count=0
info|2026-02-06 18:48:41.674798|ioService-0x000072bae3cfd6c0|[P2PService][Service][METRIC]heartBeat,connected count=3
info|2026-02-06 18:48:51.652058|timerFactory-0x000072bad3fff6c0|[RPC][WS][SERVICE]connected nodes,count=0
info|2026-02-06 18:48:51.674999|ioService-0x000072bae3cfd6c0|[P2PService][Service][METRIC]heartBeat,connected count=3
info|2026-02-06 18:49:01.652271|timerFactory-0x000072bad3fff6c0|[RPC][WS][SERVICE]connected nodes,count=0
info|2026-02-06 18:49:01.675352|ioService-0x000072bae3cfd6c0|[P2PService][Service][METRIC]heartBeat,connected count=3
info|2026-02-06 18:49:11.652403|timerFactory-0x000072bad3fff6c0|[RPC][WS][SERVICE]connected nodes,count=0
info|2026-02-06 18:49:11.675634|ioService-0x000072bae3cfd6c0|[P2PService][Service][METRIC]heartBeat,connected count=3
info|2026-02-06 18:49:21.652749|timerFactory-0x000072bad3fff6c0|[RPC][WS][SERVICE]connected nodes,count=0
info|2026-02-06 18:49:21.675960|ioService-0x000072bae3cfd6c0|[P2PService][Service][METRIC]heartBeat,connected count=3
info|2026-02-06 18:49:31.141239|objMonitor-0x000072bac77ff6c0|[startMonitor][AliveObjectMonitor],AliveObjectAllocStat=[ type: bcos::gateway::Socket ,created: 9 ,destroyed: 5 ,alive: 4 ] 
info|2026-02-06 18:49:31.652981|timerFactory-0x000072bad3fff6c0|[RPC][WS][SERVICE]connected nodes,count=0
info|2026-02-06 18:49:31.676222|ioService-0x000072bae3cfd6c0|[P2PService][Service][METRIC]heartBeat,connected count=3
info|2026-02-06 18:49:41.653240|timerFactory-0x000072bad3fff6c0|[RPC][WS][SERVICE]connected nodes,count=0
info|2026-02-06 18:49:41.676493|ioService-0x000072bae3cfd6c0|[P2PService][Service][METRIC]heartBeat,connected count=3
info|2026-02-06 18:49:51.653958|timerFactory-0x000072bad3fff6c0|[RPC][WS][SERVICE]connected nodes,count=0
info|2026-02-06 18:49:51.676895|ioService-0x000072bae3cfd6c0|[P2PService][Service][METRIC]heartBeat,connected count=3
info|2026-02-06 18:50:01.654201|timerFactory-0x000072bad3fff6c0|[RPC][WS][SERVICE]connected nodes,count=0
info|2026-02-06 18:50:01.677335|ioService-0x000072bae3cfd6c0|[P2PService][Service][METRIC]heartBeat,connected count=3
info|2026-02-06 18:50:11.654365|timerFactory-0x000072bad3fff6c0|[RPC][WS][SERVICE]connected nodes,count=0
info|2026-02-06 18:50:11.677908|ioService-0x000072bae3cfd6c0|[P2PService][Service][METRIC]heartBeat,connected count=3
info|2026-02-06 18:50:21.654707|timerFactory-0x000072bad3fff6c0|[RPC][WS][SERVICE]connected nodes,count=0
info|2026-02-06 18:50:21.678087|ioService-0x000072bae3cfd6c0|[P2PService][Service][METRIC]heartBeat,connected count=3
info|2026-02-06 18:50:31.136733|objMonitor-0x000072bac77ff6c0|[startMonitor][AliveObjectMonitor],AliveObjectAllocStat=[ type: bcos::gateway::Socket ,created: 9 ,destroyed: 5 ,alive: 4 ] 
info|2026-02-06 18:50:31.654841|timerFactory-0x000072bad3fff6c0|[RPC][WS][SERVICE]connected nodes,count=0
info|2026-02-06 18:50:31.678935|ioService-0x000072bae3cfd6c0|[P2PService][Service][METRIC]heartBeat,connected count=3
info|2026-02-06 18:50:41.656846|timerFactory-0x000072bad3fff6c0|[RPC][WS][SERVICE]connected nodes,count=0
info|2026-02-06 18:50:41.679195|ioService-0x000072bae3cfd6c0|[P2PService][Service][METRIC]heartBeat,connected count=3
info|2026-02-06 18:50:51.656954|timerFactory-0x000072bad3fff6c0|[RPC][WS][SERVICE]connected nodes,count=0
info|2026-02-06 18:50:51.679454|ioService-0x000072bae3cfd6c0|[P2PService][Service][METRIC]heartBeat,connected count=3
info|2026-02-06 18:51:01.657184|timerFactory-0x000072bad3fff6c0|[RPC][WS][SERVICE]connected nodes,count=0
info|2026-02-06 18:51:01.679735|ioService-0x000072bae3cfd6c0|[P2PService][Service][METRIC]heartBeat,connected count=3
info|2026-02-06 18:51:11.657755|timerFactory-0x000072bad3fff6c0|[RPC][WS][SERVICE]connected nodes,count=0
info|2026-02-06 18:51:11.680246|ioService-0x000072bae3cfd6c0|[P2PService][Service][METRIC]heartBeat,connected count=3
info|2026-02-06 18:51:21.658044|timerFactory-0x000072bad3fff6c0|[RPC][WS][SERVICE]connected nodes,count=0
info|2026-02-06 18:51:21.681524|ioService-0x000072bae3cfd6c0|[P2PService][Service][METRIC]heartBeat,connected count=3
info|2026-02-06 18:51:31.132589|objMonitor-0x000072bac77ff6c0|[startMonitor][AliveObjectMonitor],AliveObjectAllocStat=[ type: bcos::gateway::Socket ,created: 9 ,destroyed: 5 ,alive: 4 ] [ type: bcos::gateway::ResponseCallback ,created: 75317 ,destroyed: 75312 ,alive: 5 ] 
info|2026-02-06 18:51:31.658189|timerFactory-0x000072bad3fff6c0|[RPC][WS][SERVICE]connected nodes,count=0
info|2026-02-06 18:51:31.681776|ioService-0x000072bae3cfd6c0|[P2PService][Service][METRIC]heartBeat,connected count=3
info|2026-02-06 18:51:41.658346|timerFactory-0x000072bad3fff6c0|[RPC][WS][SERVICE]connected nodes,count=0
info|2026-02-06 18:51:41.682045|ioService-0x000072bae3cfd6c0|[P2PService][Service][METRIC]heartBeat,connected count=3
info|2026-02-06 18:51:51.658500|timerFactory-0x000072bad3fff6c0|[RPC][WS][SERVICE]connected nodes,count=0
info|2026-02-06 18:51:51.682488|ioService-0x000072bae3cfd6c0|[P2PService][Service][METRIC]heartBeat,connected count=3
info|2026-02-06 18:52:01.658634|timerFactory-0x000072bad3fff6c0|[RPC][WS][SERVICE]connected nodes,count=0
info|2026-02-06 18:52:01.682832|ioService-0x000072bae3cfd6c0|[P2PService][Service][METRIC]heartBeat,connected count=3
info|2026-02-06 18:52:11.658734|timerFactory-0x000072bad3fff6c0|[RPC][WS][SERVICE]connected nodes,count=0
info|2026-02-06 18:52:11.683871|ioService-0x000072bae3cfd6c0|[P2PService][Service][METRIC]heartBeat,connected count=3
info|2026-02-06 18:52:21.658931|timerFactory-0x000072bad3fff6c0|[RPC][WS][SERVICE]connected nodes,count=0
info|2026-02-06 18:52:21.684192|ioService-0x000072bae3cfd6c0|[P2PService][Service][METRIC]heartBeat,connected count=3
info|2026-02-06 18:52:31.129106|objMonitor-0x000072bac77ff6c0|[startMonitor][AliveObjectMonitor],AliveObjectAllocStat=[ type: bcos::gateway::Socket ,created: 9 ,destroyed: 5 ,alive: 4 ] 
info|2026-02-06 18:52:31.659122|timerFactory-0x000072bad3fff6c0|[RPC][WS][SERVICE]connected nodes,count=0
info|2026-02-06 18:52:31.685232|ioService-0x000072bae3cfd6c0|[P2PService][Service][METRIC]heartBeat,connected count=3
info|2026-02-06 18:52:32.465595|pbft-0x000072bae69ff6c0|[CONSENSUS][PBFT]handlePrePrepareMsg,reqHash=6c697d29...,reqIndex=77,reqV=3,fromIdx=0,wait(ms)=0,committedIndex=76,consNum=77,committedHash=f332918e...,view=3,toView=3,changeCycle=0,expectedCheckPoint=77,Idx=2,unsealedTxs=1,sealUntil=0,waitResealUntil=0,consensusTimeout=3000,nodeId=2346c69c...,utc=27610635
info|2026-02-06 18:52:32.465761|pbft-0x000072bae69ff6c0|[TXPOOL]begin asyncVerifyBlock,consNum=77,hash=6c697d29...
info|2026-02-06 18:52:32.465886|verifier-0x000072bb061ef6c0|[TXPOOL]batchVerifyProposal,consNum=77,hash=6c697d29...,txsSize=1,lockT=0,verifyT=0,missedTxs=0
info|2026-02-06 18:52:32.465924|verifier-0x000072bb061ef6c0|[TXPOOL][METRIC]asyncVerifyBlock finished,consNum=77,hash=6c697d29...,code=0,msg=success,result=true,timecost=0
info|2026-02-06 18:52:32.466029|verifier-0x000072bb061ef6c0|[CONSENSUS][PBFT]handlePrePrepareMsg,reqHash=6c697d29...,reqIndex=77,reqV=3,fromIdx=0,wait(ms)=1,committedIndex=76,consNum=77,committedHash=f332918e...,view=3,toView=3,changeCycle=0,expectedCheckPoint=77,Idx=2,unsealedTxs=1,sealUntil=0,waitResealUntil=0,consensusTimeout=3000,nodeId=2346c69c...,utc=27610635
info|2026-02-06 18:52:32.466431|validator-0x000072baf89d46c0|[CONSENSUS][PBFT]asyncResetTxsFlag,index=77,hash=6c697d29...,flag=true
info|2026-02-06 18:52:32.466524|validator-0x000072baf89d46c0|[TXPOOL]batchMarkTxs,txsSize=1,batchId=77,hash=6c697d29...,sealFlag=true,notFound=0,reSealed=0,succ=1,time=0,markT=0
info|2026-02-06 18:52:32.466581|validator-0x000072baf89d46c0|[CONSENSUS][PBFT]asyncMarkTxs success,index=77,hash=6c697d29...,flag=true,markT=0,emptyTxBatchHash=false
info|2026-02-06 18:52:32.467141|verifier-0x000072bb061ef6c0|[CONSENSUS][PBFT]addPrePrepareCache,reqHash=6c697d29...,reqIndex=77,reqV=3,fromIdx=0,wait(ms)=2,sys=false,committedIndex=76,consNum=77,committedHash=f332918e...,view=3,toView=3,changeCycle=0,expectedCheckPoint=77,Idx=2,unsealedTxs=0,sealUntil=0,waitResealUntil=0,consensusTimeout=3000,nodeId=2346c69c...
info|2026-02-06 18:52:32.467256|validator-0x000072baf91d56c0|[CONSENSUS][PBFT]asyncResetTxsFlag,index=77,hash=6c697d29...,flag=true
info|2026-02-06 18:52:32.467439|verifier-0x000072bb061ef6c0|[CONSENSUS][PBFT]notify the committed proposal index to the sync module success,index=77
info|2026-02-06 18:52:32.467616|validator-0x000072baf91d56c0|[TXPOOL]batchMarkTxs,txsSize=1,batchId=77,hash=6c697d29...,sealFlag=true,notFound=0,reSealed=0,succ=1,time=0,markT=0
info|2026-02-06 18:52:32.467709|validator-0x000072baf91d56c0|[CONSENSUS][PBFT]asyncMarkTxs success,index=77,hash=6c697d29...,flag=true,markT=0,emptyTxBatchHash=false
info|2026-02-06 18:52:32.467990|verifier-0x000072bb061ef6c0|[CONSENSUS][PBFT]addPrepareCache,reqHash=6c697d29...,reqIndex=77,reqV=3,fromIdx=2,wait(ms)=1,committedIndex=76,consNum=77,committedHash=f332918e...,view=3,toView=3,changeCycle=0,expectedCheckPoint=77,Idx=2,unsealedTxs=0,sealUntil=0,waitResealUntil=0,consensusTimeout=3000,nodeId=2346c69c...,weight=1
info|2026-02-06 18:52:32.468269|verifier-0x000072bb061ef6c0|[CONSENSUS][PBFT]broadcast prepare packet,packetSize=228,index=77
info|2026-02-06 18:52:32.468658|verifier-0x000072bb061ef6c0|[CONSENSUS][PBFT]handlePrePrepareMsg and broadcast prepare packet,reqHash=6c697d29...,reqIndex=77,reqV=3,fromIdx=0,wait(ms)=3,committedIndex=76,consNum=77,committedHash=f332918e...,view=3,toView=3,changeCycle=0,expectedCheckPoint=77,Idx=2,unsealedTxs=0,sealUntil=0,waitResealUntil=0,consensusTimeout=3000,nodeId=2346c69c...
info|2026-02-06 18:52:32.468927|txsPreStore-0x000072bb051ed6c0|[TXPOOL]storeVerifiedBlock fetch block number from LedgerConfig
info|2026-02-06 18:52:32.469332|pbft-0x000072bae69ff6c0|[CONSENSUS][PBFT]addPrepareCache,reqHash=6c697d29...,reqIndex=77,reqV=3,fromIdx=0,wait(ms)=3,committedIndex=76,consNum=77,committedHash=f332918e...,view=3,toView=3,changeCycle=0,expectedCheckPoint=77,Idx=2,unsealedTxs=0,sealUntil=0,waitResealUntil=0,consensusTimeout=3000,nodeId=2346c69c...,weight=2
info|2026-02-06 18:52:32.469593|txsPreStore-0x000072bb051ed6c0|[TOOL]LedgerConfigFetcher: fetchBlockNumber success,blockNumber=76
info|2026-02-06 18:52:32.469637|txsPreStore-0x000072bb051ed6c0|[TXPOOL]storeVerifiedBlock,consNum=77,hash=6c697d29...,txsSize=1
info|2026-02-06 18:52:32.469873|pbft-0x000072bae69ff6c0|[CONSENSUS][PBFT]addPrepareCache,reqHash=6c697d29...,reqIndex=77,reqV=3,fromIdx=3,wait(ms)=2,committedIndex=76,consNum=77,committedHash=f332918e...,view=3,toView=3,changeCycle=0,expectedCheckPoint=77,Idx=2,unsealedTxs=0,sealUntil=0,waitResealUntil=0,consensusTimeout=3000,nodeId=2346c69c...,weight=3
info|2026-02-06 18:52:32.470162|pbft-0x000072bae69ff6c0|[CONSENSUS][PBFT]setSignatureList,signatureSize=3,propHash=6c697d29...,propIndex=77
info|2026-02-06 18:52:32.470322|txsPreStore-0x000072bb051ed6c0|[LEDGER]asyncPreStoreBlockTxs: needStoreUnsavedTxs,txsSize=1,unstoredTxs=1,number=77
info|2026-02-06 18:52:32.470713|pbft-0x000072bae69ff6c0|[CONSENSUS][PBFT]intoPrecommit,reqHash=6c697d29...,reqIndex=77,reqV=3,fromIdx=2,wait(ms)=6,committedIndex=76,consNum=77,committedHash=f332918e...,view=3,toView=3,changeCycle=0,expectedCheckPoint=77,Idx=2,unsealedTxs=0,sealUntil=0,waitResealUntil=0,consensusTimeout=3000,nodeId=2346c69c...
info|2026-02-06 18:52:32.471246|pbft-0x000072bae69ff6c0|[CONSENSUS][PBFT]addCommitCache,reqHash=6c697d29...,reqIndex=77,reqV=3,fromIdx=2,wait(ms)=0,committedIndex=76,consNum=77,committedHash=f332918e...,view=3,toView=3,changeCycle=0,expectedCheckPoint=77,Idx=2,unsealedTxs=0,sealUntil=0,waitResealUntil=0,consensusTimeout=3000,nodeId=2346c69c...,weight=1
info|2026-02-06 18:52:32.471401|pbft-0x000072bae69ff6c0|[CONSENSUS][PBFT]checkAndPreCommit: broadcast commitMsg,Idx=2,hash=6c697d29...,index=77
info|2026-02-06 18:52:32.472336|txsPreStore-0x000072bb051ed6c0|[STORAGE-RocksDB]setRows finished,put=1,dataSize=9373,time(ms)=2
info|2026-02-06 18:52:32.472494|txsPreStore-0x000072bb051ed6c0|[LEDGER]asyncPreStoreBlockTxs: store uncommitted txs,blockNumber=77,blockTxsSize=1,unStoredTxs=1,msg=success,code=0,timeCost=2
info|2026-02-06 18:52:32.472521|txsPreStore-0x000072bb051ed6c0|[TXPOOL]storeVerifiedBlock success,consNum=77,hash=6c697d29...,timecost=3
info|2026-02-06 18:52:32.477896|pbft-0x000072bae69ff6c0|[CONSENSUS][PBFT]addCommitCache,reqHash=6c697d29...,reqIndex=77,reqV=3,fromIdx=0,wait(ms)=4,committedIndex=76,consNum=77,committedHash=f332918e...,view=3,toView=3,changeCycle=0,expectedCheckPoint=77,Idx=2,unsealedTxs=0,sealUntil=0,waitResealUntil=0,consensusTimeout=3000,nodeId=2346c69c...,weight=2
info|2026-02-06 18:52:32.478441|pbft-0x000072bae69ff6c0|[CONSENSUS][PBFT]addCommitCache,reqHash=6c697d29...,reqIndex=77,reqV=3,fromIdx=3,wait(ms)=5,committedIndex=76,consNum=77,committedHash=f332918e...,view=3,toView=3,changeCycle=0,expectedCheckPoint=77,Idx=2,unsealedTxs=0,sealUntil=0,waitResealUntil=0,consensusTimeout=3000,nodeId=2346c69c...,weight=3
info|2026-02-06 18:52:32.478589|pbft-0x000072bae69ff6c0|[CONSENSUS][PBFT]checkAndCommit,propHash=6c697d29...,propIndex=77,committedIndex=76,consNum=77,committedHash=f332918e...,view=3,toView=3,changeCycle=0,expectedCheckPoint=77,Idx=2,unsealedTxs=0,sealUntil=0,waitResealUntil=0,consensusTimeout=3000,nodeId=2346c69c...
info|2026-02-06 18:52:32.478638|pbft-0x000072bae69ff6c0|[CONSENSUS][PBFT]######## CommitProposal,propHash=6c697d29...,propIndex=77,sys=false,committedIndex=76,consNum=77,committedHash=f332918e...,view=3,toView=3,changeCycle=0,expectedCheckPoint=77,Idx=2,unsealedTxs=0,sealUntil=0,waitResealUntil=0,consensusTimeout=3000,nodeId=2346c69c...
info|2026-02-06 18:52:32.478668|pbft-0x000072bae69ff6c0|[CONSENSUS][PBFT]notify to seal next proposal,nextProposalIndex=78
info|2026-02-06 18:52:32.478821|pbft-0x000072bae69ff6c0|[CONSENSUS][PBFT]notify to seal next proposal,nextProposalIndex=78
info|2026-02-06 18:52:32.479143|pbft-0x000072bae69ff6c0|[CONSENSUS][PBFT]applyStateMachine,index=77,hash=6c697d29...,committedIndex=76,consNum=77,committedHash=f332918e...,view=3,toView=3,changeCycle=0,expectedCheckPoint=77,Idx=2,unsealedTxs=0,sealUntil=0,waitResealUntil=0,consensusTimeout=3000,nodeId=2346c69c...,unAppliedProposals=0
info|2026-02-06 18:52:32.479324|preExeScheduler-0x000072babdffc6c0|[SCHEDULER][METRIC][BlockTrace][blk-77]preExeBlock success,blockHeader.timestamp=1770375152463,metaTxCount=1,timeCost=0
info|2026-02-06 18:52:32.479849|exeScheduler-0x000072babe7fd6c0|[SCHEDULER][METRIC][blk-77]ExecuteBlock request,gasLimit=3000000000,gasPrice=0x0,verify=false,signatureSize=0,txCount=0,metaTxCount=1,version=3.11.0,waitT=0
info|2026-02-06 18:52:32.480319|exeScheduler-0x000072babe7fd6c0|[SCHEDULER][blk-77][BlockTrace]ExecuteBlock start,time(ms)=0
info|2026-02-06 18:52:32.480435|exeScheduler-0x000072babe7fd6c0|[SCHEDULER][serialExecute][blk-77][BlockTrace]serialExecute execute block
info|2026-02-06 18:52:32.480459|exeScheduler-0x000072babe7fd6c0|[SCHEDULER][serialExecute][blk-77][BlockTrace]serialExecute batch next block
info|2026-02-06 18:52:32.480476|exeScheduler-0x000072babe7fd6c0|[SCHEDULER][blk-77][BlockTrace]NextBlock request,executorNum=1
info|2026-02-06 18:52:32.485785|exec-0x000072bb009e46c0|[SCHEDULER][blk-77][BlockTrace]NextBlock success,executorNum=1,timeCost=5
info|2026-02-06 18:52:32.485924|exec-0x000072bb009e46c0|[SCHEDULER][serialExecute][blk-77][BlockTrace]serialExecute block begin
info|2026-02-06 18:52:32.489060|Unnamed-0x000072bab45f36c0|[STORAGE-KeyPage]empty table,table=/apps/963f375f4d1d1969bbd318628910d080506131b4_accessAuth,key=61646d696e
info|2026-02-06 18:52:32.489730|Unnamed-0x000072bab45f36c0|[STORAGE-KeyPage]empty table,table=/apps/963f375f4d1d1969bbd318628910d080506131b4,key=0000000000000000000000000000000000000000000000000000000000000002
info|2026-02-06 18:52:32.490893|pbft-0x000072bae69ff6c0|[CONSENSUS][PBFT]handleCheckPointMsg: try to add the checkpoint message into the cache,reqHash=6f023406...,reqIndex=77,reqV=3,fromIdx=3,wait(ms)=1,committedIndex=76,consNum=77,committedHash=f332918e...,view=3,toView=3,changeCycle=0,expectedCheckPoint=77,Idx=2,unsealedTxs=0,sealUntil=0,waitResealUntil=0,consensusTimeout=3000,nodeId=2346c69c...
info|2026-02-06 18:52:32.490975|pbft-0x000072bae69ff6c0|[CONSENSUS][PBFT]addCheckPointMsg,reqHash=6f023406...,reqIndex=77,reqV=3,fromIdx=3,wait(ms)=1,Idx=2,weight=1,minRequiredWeight=3
info|2026-02-06 18:52:32.490997|pbft-0x000072bae69ff6c0|[CONSENSUS][PBFT]notify to seal next proposal,nextProposalIndex=78
info|2026-02-06 18:52:32.491243|exec-0x000072bb001e36c0|[STORAGE-KeyPage]hash,size=29,blockVersion=51052544,readLength=15232,writeLength=324,pageCount=2,entrycount=2,entriesHash=19b1a3ac74b17ccaee7b253581ca3178625ad8641b24d3619c5308ba47ec7ce6,pagesHash=72953524923f32da5d6da58284363d55e64c4bb8cc2482777f87d75f3fe5f2ed,totalHash=6b249688e68e4e10b31680b705fc0c2d841693dcd7005116e3d4dfe578098e0b
info|2026-02-06 18:52:32.491381|exec-0x000072bb001e36c0|[EXECUTOR:1770370051][blk-77]GetTableHashes success,hash=6b249688e68e4e10b31680b705fc0c2d841693dcd7005116e3d4dfe578098e0b,time(ms)=0
info|2026-02-06 18:52:32.491479|exec-0x000072bb001e36c0|[SCHEDULER][blk-77][BlockTrace]ExecuteBlock success,hash=6f023406...,stateRoot=6b249688e68e4e10b31680b705fc0c2d841693dcd7005116e3d4dfe578098e0b,receiptRoot=3f8a69ff205d124a354b4fa9cfaeb56fdfd5bbf3e2af02c8d7a73de1eb81ea12,txsRoot=0dc0e9ce...,gasUsed=120602,signatureSize=0,timeCost=11,blockVersion=51052544
info|2026-02-06 18:52:32.491595|pbft-0x000072bae69ff6c0|[CONSENSUS][PBFT]handleCheckPointMsg: try to add the checkpoint message into the cache,reqHash=6f023406...,reqIndex=77,reqV=3,fromIdx=0,wait(ms)=2,committedIndex=76,consNum=77,committedHash=f332918e...,view=3,toView=3,changeCycle=0,expectedCheckPoint=77,Idx=2,unsealedTxs=0,sealUntil=0,waitResealUntil=0,consensusTimeout=3000,nodeId=2346c69c...
info|2026-02-06 18:52:32.491708|pbft-0x000072bae69ff6c0|[CONSENSUS][PBFT]addCheckPointMsg,reqHash=6f023406...,reqIndex=77,reqV=3,fromIdx=0,wait(ms)=2,Idx=2,weight=2,minRequiredWeight=3
info|2026-02-06 18:52:32.492032|pbft-0x000072bae69ff6c0|[CONSENSUS][PBFT]notify to seal next proposal,nextProposalIndex=78
info|2026-02-06 18:52:32.491903|exec-0x000072bb001e36c0|[CONSENSUS][Core][METRIC]asyncExecuteBlock success,sysBlock=false,number=77,result=6f023406...,txsSize=1,txsRoot=0dc0e9ce...,receiptsRoot=3f8a69ff...,stateRoot=6b249688...,timeCost=13,execPerTx=12
info|2026-02-06 18:52:32.492343|exec-0x000072bb001e36c0|[CONSENSUS][PBFT]applyStateMachine finished,index=77,beforeExec=6c697d29...,afterExec=6f023406...,committedIndex=76,consNum=77,committedHash=f332918e...,view=3,toView=3,changeCycle=0,expectedCheckPoint=77,Idx=2,unsealedTxs=0,sealUntil=0,waitResealUntil=0,consensusTimeout=3000,nodeId=2346c69c...,timecost=13
info|2026-02-06 18:52:32.492497|pbftWorker-0x000072baf49cc6c0|[CONSENSUS][PBFT][STORAGE]asyncCommitProposal: write the committed proposal into db,index=77
info|2026-02-06 18:52:32.492727|pbftWorker-0x000072baf49cc6c0|[CONSENSUS][PBFT][STORAGE]asyncPutProposal: commit success,dbName=pbftCommitDB,key=max_committed_proposal,number=77,timecost=0,dataSize=2
info|2026-02-06 18:52:32.492819|pbftWorker-0x000072baf49cc6c0|[CONSENSUS][PBFT][STORAGE]asyncPutProposal: commit success,dbName=pbftCommitDB,key=77,number=77,timecost=0,dataSize=631
info|2026-02-06 18:52:32.493313|pbftWorker-0x000072baf49cc6c0|[CONSENSUS][PBFT]addCheckPointMsg,reqHash=6f023406...,reqIndex=77,reqV=3,fromIdx=2,wait(ms)=1,Idx=2,weight=3,minRequiredWeight=3
info|2026-02-06 18:52:32.493338|pbftWorker-0x000072baf49cc6c0|[CONSENSUS][PBFT]setCheckPointProposal,propHash=6f023406...,propIndex=77,committedIndex=76,consNum=77,committedHash=f332918e...,view=3,toView=3,changeCycle=0,expectedCheckPoint=77,Idx=2,unsealedTxs=0,sealUntil=0,waitResealUntil=0,consensusTimeout=3000,nodeId=2346c69c...
info|2026-02-06 18:52:32.493360|pbftWorker-0x000072baf49cc6c0|[CONSENSUS][PBFT]PBFTConfig: setExpectedCheckPoint,committedIndex=76,consNum=77,committedHash=f332918e...,view=3,toView=3,changeCycle=0,expectedCheckPoint=78,Idx=2,unsealedTxs=0,sealUntil=0,waitResealUntil=0,consensusTimeout=3000,nodeId=2346c69c...,expectedCheckPoint=78
info|2026-02-06 18:52:32.493381|pbftWorker-0x000072baf49cc6c0|[CONSENSUS][PBFT]setSignatureList,signatureSize=3,propHash=6f023406...,propIndex=77
info|2026-02-06 18:52:32.493405|pbftWorker-0x000072baf49cc6c0|[CONSENSUS][PBFT]checkAndCommitStableCheckPoint,index=77,hash=6f023406...,committedIndex=76,consNum=77,committedHash=f332918e...,view=3,toView=3,changeCycle=0,expectedCheckPoint=78,Idx=2,unsealedTxs=0,sealUntil=0,waitResealUntil=0,consensusTimeout=3000,nodeId=2346c69c...
info|2026-02-06 18:52:32.493417|pbftWorker-0x000072baf49cc6c0|[CONSENSUS][PBFT]updateStableCheckPointQueue: insert new checkpoint proposal,index=77,hash=6f023406...,committedIndex=76,consNum=77,committedHash=f332918e...,view=3,toView=3,changeCycle=0,expectedCheckPoint=78,Idx=2,unsealedTxs=0,sealUntil=0,waitResealUntil=0,consensusTimeout=3000,nodeId=2346c69c...
info|2026-02-06 18:52:32.493430|pbftWorker-0x000072baf49cc6c0|[CONSENSUS][PBFT]updateStableCheckPointQueue: commit stable checkpoint,index=77,committedIndex=76
info|2026-02-06 18:52:32.493460|pbftWorker-0x000072baf49cc6c0|[CONSENSUS][PBFT]asyncCommitStableCheckPoint: set signatureList,index=77,hash=6f023406...,proofSize=3,blockProofSize=3
info|2026-02-06 18:52:32.493581|pbftWorker-0x000072baf49cc6c0|[CONSENSUS][PBFT]notify to seal next proposal,nextProposalIndex=78
info|2026-02-06 18:52:32.493757|pbftWorker-0x000072baf49cc6c0|[CONSENSUS][PBFT]onProposalApplySuccess,index=77,hash=6f023406...,lockT=0,timecost=0
info|2026-02-06 18:52:32.493820|blockSubmit-0x000072baf79d26c0|[SCHEDULER][blk-77][BlockTrace]CommitBlock start
info|2026-02-06 18:52:32.495517|blockSubmit-0x000072baf79d26c0|[STORAGE-RocksDB]asyncPrepare,number=77
info|2026-02-06 18:52:32.495800|blockSubmit-0x000072baf79d26c0|[STORAGE-RocksDB]asyncPrepare finished,blockNumber=77,put=7,delete=0,startTS=0,encode(ms)=0,time(ms)=0
info|2026-02-06 18:52:32.495912|blockSubmit-0x000072baf79d26c0|[LEDGER]storeTransactionsAndReceipts,blockNumber=77
info|2026-02-06 18:52:32.496514|ledgerWrite-0x000072bb0b1f96c0|[STORAGE-RocksDB]setRows finished,put=1,dataSize=140,time(ms)=1
info|2026-02-06 18:52:32.496402|exec-0x000072bafe9e06c0|[STORAGE-RocksDB]asyncPrepare,number=77
info|2026-02-06 18:52:32.496790|blockSubmit-0x000072baf79d26c0|[LEDGER]storeTransactionsAndReceipts finished,blockNumber=77,blockTxsSize=1,unStoredTxs=0,timeCost=1
info|2026-02-06 18:52:32.497002|blockSubmit-0x000072baf79d26c0|[LEDGER][METRIC]asyncPrewriteBlock,number=77,totalTxs=101,failedTxs=42,incTxs=1,incFailedTxs=0
info|2026-02-06 18:52:32.497525|exec-0x000072bafe9e06c0|[STORAGE-KeyPage]parallelTraverse,size=415
info|2026-02-06 18:52:32.497792|pbftWorker-0x000072baf61cf6c0|[CONSENSUS][PBFT]Receive CommittedProposalRequest,fromIndex=77,size=1
info|2026-02-06 18:52:32.498725|exec-0x000072bafe9e06c0|[STORAGE-RocksDB]asyncPrepare finished,blockNumber=77,put=6,delete=2,startTS=0,encode(ms)=1,time(ms)=2
info|2026-02-06 18:52:32.498826|exec-0x000072bafe9e06c0|[EXECUTOR:1770370051][blk-77]Prepare success
info|2026-02-06 18:52:32.499398|exec-0x000072bafe9e06c0|[STORAGE-RocksDB]asyncCommit finished,blockNumber=77,startTS=0,time(ms)=0,callback time(ms)=1,count=15
info|2026-02-06 18:52:32.499518|exec-0x000072baff9e26c0|[TOOL]fetchCompatibilityVersion
info|2026-02-06 18:52:32.499783|exec-0x000072baff9e26c0|[TOOL]fetchCompatibilityVersion success,version=3.11.0,versionNumber=51052544,minSupportedVersion=3.0.0-rc4,maxSupportedVersion=3.11.0
info|2026-02-06 18:52:32.499894|exec-0x000072baff9e26c0|[TOOL]fetchAuthCheckStatus success,value=0
info|2026-02-06 18:52:32.499908|exec-0x000072baff9e26c0|[EXECUTOR:1770370051]merge keyPage to cachedStorage,number=77
info|2026-02-06 18:52:32.500004|exec-0x000072baff9e26c0|[STORAGE-KeyPage]parallelTraverse,size=415
info|2026-02-06 18:52:32.500011|exec-0x000072baff9e26c0|[STORAGE]Successful merged records,count=8
info|2026-02-06 18:52:32.523249|exec-0x000072baff9e26c0|[SCHEDULER][blk-77][BlockTrace]CommitBlock success,gas limit=3000000000,timeCost=30
info|2026-02-06 18:52:32.523477|exec-0x000072baff9e26c0|[SCHEDULER][BlockTrace]Notify block result success,blockNumber=77
info|2026-02-06 18:52:32.523513|exec-0x000072baff9e26c0|[CONSENSUS][PBFT][STORAGE][METRIC]commitStableCheckPoint success,index=77,hash=6f023406...,txs=1,timeCost=30,commitPerTx=30
info|2026-02-06 18:52:32.523571|exec-0x000072baff9e26c0|[SCHEDULER][blk-77]notify block result success,hash=6f023406...,txsSize=1
info|2026-02-06 18:52:32.523601|blockSubmit-0x000072baf79d26c0|[CONSENSUS][PBFT][METRIC]resetConfig,committedIndex=77,propHash=6f023406...,blockCountLimit=1000,leaderPeriod=1,consensusNodesSize=4
info|2026-02-06 18:52:32.523684|blockSubmit-0x000072baf79d26c0|[CONSENSUS][PBFT][METRIC]^^^^^^^^Report,sealer=0,txs=1,committedIndex=77,consNum=78,committedHash=6f023406...,view=3,toView=3,changeCycle=0,expectedCheckPoint=78,Idx=2,unsealedTxs=0,sealUntil=0,waitResealUntil=0,consensusTimeout=3000,nodeId=2346c69c...
info|2026-02-06 18:52:32.523706|blockSubmit-0x000072baf79d26c0|[CONSENSUS][SEALER]asyncNoteLatestBlockNumber,number=77
info|2026-02-06 18:52:32.523711|blockSubmit-0x000072baf79d26c0|[CONSENSUS][SEALER]asyncNoteLatestBlockHash,_hash=6f023406...
info|2026-02-06 18:52:32.523744|blockSubmit-0x000072baf79d26c0|[BLOCK SYNC]#### BlockSyncConfig resetConfig,number=77,consNodeSize=4,observerNodeSize=0,type=CONSENSUS_NODE
info|2026-02-06 18:52:32.523827|exec-0x000072baff9e26c0|[STORAGE-RocksDB]asyncCommit finished,blockNumber=77,startTS=0,time(ms)=0,callback time(ms)=24,count=0
info|2026-02-06 18:52:32.524535|blockSubmit-0x000072baf79d26c0|[CONSENSUS][PBFT]notify to seal next proposal,nextProposalIndex=78
info|2026-02-06 18:52:32.524358|submitter-0x000072bb081f36c0|[TXPOOL][METRIC]StatTPS,tps=16,totalTime=61
info|2026-02-06 18:52:32.524937|blockSubmit-0x000072baf79d26c0|[CONSENSUS][PBFT]removeConsensusedCache finalizeConsensus,view=3,number=77,eraseSize=1,cacheSize=0
info|2026-02-06 18:52:32.524994|submitter-0x000072bb081f36c0|[TXPOOL][METRIC]batchRemove txs success,expectedSize=1,succCount=1,batchId=77,timecost=2,lockT=1,removeT=1,updateLedgerNonceT=0,updateTxPoolNonceT=0
info|2026-02-06 18:52:32.525192|blockSubmit-0x000072baf79d26c0|[CONSENSUS][PBFT][STORAGE]asyncRemoveStabledCheckPoint,index=72
info|2026-02-06 18:52:32.525275|blockSubmit-0x000072baf79d26c0|[CONSENSUS][PBFT][STORAGE]asyncRemove success,dbName=pbftCommitDB,key=72
info|2026-02-06 18:52:36.006351|pbft-0x000072bae69ff6c0|[CONSENSUS][PBFT]handlePrePrepareMsg,reqHash=fb700c7e...,reqIndex=78,reqV=3,fromIdx=1,wait(ms)=0,committedIndex=77,consNum=78,committedHash=6f023406...,view=3,toView=3,changeCycle=0,expectedCheckPoint=78,Idx=2,unsealedTxs=1,sealUntil=0,waitResealUntil=0,consensusTimeout=3000,nodeId=2346c69c...,utc=27614178
info|2026-02-06 18:52:36.006442|pbft-0x000072bae69ff6c0|[TXPOOL]begin asyncVerifyBlock,consNum=78,hash=fb700c7e...
info|2026-02-06 18:52:36.006489|verifier-0x000072bb069f06c0|[TXPOOL]batchVerifyProposal,consNum=78,hash=fb700c7e...,txsSize=1,lockT=0,verifyT=0,missedTxs=0
info|2026-02-06 18:52:36.006503|verifier-0x000072bb069f06c0|[TXPOOL][METRIC]asyncVerifyBlock finished,consNum=78,hash=fb700c7e...,code=0,msg=success,result=true,timecost=0
info|2026-02-06 18:52:36.006534|verifier-0x000072bb069f06c0|[CONSENSUS][PBFT]handlePrePrepareMsg,reqHash=fb700c7e...,reqIndex=78,reqV=3,fromIdx=1,wait(ms)=0,committedIndex=77,consNum=78,committedHash=6f023406...,view=3,toView=3,changeCycle=0,expectedCheckPoint=78,Idx=2,unsealedTxs=1,sealUntil=0,waitResealUntil=0,consensusTimeout=3000,nodeId=2346c69c...,utc=27614178
info|2026-02-06 18:52:36.006585|verifier-0x000072bb069f06c0|[CONSENSUS][PBFT]addPrePrepareCache,reqHash=fb700c7e...,reqIndex=78,reqV=3,fromIdx=1,wait(ms)=0,sys=false,committedIndex=77,consNum=78,committedHash=6f023406...,view=3,toView=3,changeCycle=0,expectedCheckPoint=78,Idx=2,unsealedTxs=1,sealUntil=0,waitResealUntil=0,consensusTimeout=3000,nodeId=2346c69c...
info|2026-02-06 18:52:36.006595|verifier-0x000072bb069f06c0|[CONSENSUS][PBFT]notify the committed proposal index to the sync module success,index=78
info|2026-02-06 18:52:36.006636|validator-0x000072baf89d46c0|[CONSENSUS][PBFT]asyncResetTxsFlag,index=78,hash=fb700c7e...,flag=true
info|2026-02-06 18:52:36.006651|verifier-0x000072bb069f06c0|[CONSENSUS][PBFT]addPrepareCache,reqHash=fb700c7e...,reqIndex=78,reqV=3,fromIdx=2,wait(ms)=0,committedIndex=77,consNum=78,committedHash=6f023406...,view=3,toView=3,changeCycle=0,expectedCheckPoint=78,Idx=2,unsealedTxs=1,sealUntil=0,waitResealUntil=0,consensusTimeout=3000,nodeId=2346c69c...,weight=1
info|2026-02-06 18:52:36.006663|validator-0x000072baf89d46c0|[TXPOOL]batchMarkTxs,txsSize=1,batchId=78,hash=fb700c7e...,sealFlag=true,notFound=0,reSealed=0,succ=1,time=0,markT=0
info|2026-02-06 18:52:36.006694|verifier-0x000072bb069f06c0|[CONSENSUS][PBFT]broadcast prepare packet,packetSize=230,index=78
info|2026-02-06 18:52:36.006725|validator-0x000072baf89d46c0|[CONSENSUS][PBFT]asyncMarkTxs success,index=78,hash=fb700c7e...,flag=true,markT=0,emptyTxBatchHash=false
info|2026-02-06 18:52:36.006777|verifier-0x000072bb069f06c0|[CONSENSUS][PBFT]handlePrePrepareMsg and broadcast prepare packet,reqHash=fb700c7e...,reqIndex=78,reqV=3,fromIdx=1,wait(ms)=0,committedIndex=77,consNum=78,committedHash=6f023406...,view=3,toView=3,changeCycle=0,expectedCheckPoint=78,Idx=2,unsealedTxs=0,sealUntil=0,waitResealUntil=0,consensusTimeout=3000,nodeId=2346c69c...
info|2026-02-06 18:52:36.006855|txsPreStore-0x000072bb051ed6c0|[TXPOOL]storeVerifiedBlock fetch block number from LedgerConfig
info|2026-02-06 18:52:36.006938|txsPreStore-0x000072bb051ed6c0|[TOOL]LedgerConfigFetcher: fetchBlockNumber success,blockNumber=77
info|2026-02-06 18:52:36.006955|txsPreStore-0x000072bb051ed6c0|[TXPOOL]storeVerifiedBlock,consNum=78,hash=fb700c7e...,txsSize=1
info|2026-02-06 18:52:36.006975|txsPreStore-0x000072bb051ed6c0|[LEDGER]asyncPreStoreBlockTxs: needStoreUnsavedTxs,txsSize=1,unstoredTxs=1,number=78
info|2026-02-06 18:52:36.007129|pbft-0x000072bae69ff6c0|[CONSENSUS][PBFT]addPrepareCache,reqHash=fb700c7e...,reqIndex=78,reqV=3,fromIdx=1,wait(ms)=0,committedIndex=77,consNum=78,committedHash=6f023406...,view=3,toView=3,changeCycle=0,expectedCheckPoint=78,Idx=2,unsealedTxs=0,sealUntil=0,waitResealUntil=0,consensusTimeout=3000,nodeId=2346c69c...,weight=2
info|2026-02-06 18:52:36.007290|txsPreStore-0x000072bb051ed6c0|[STORAGE-RocksDB]setRows finished,put=1,dataSize=10903,time(ms)=0
info|2026-02-06 18:52:36.007309|txsPreStore-0x000072bb051ed6c0|[LEDGER]asyncPreStoreBlockTxs: store uncommitted txs,blockNumber=78,blockTxsSize=1,unStoredTxs=1,msg=success,code=0,timeCost=1
info|2026-02-06 18:52:36.007318|txsPreStore-0x000072bb051ed6c0|[TXPOOL]storeVerifiedBlock success,consNum=78,hash=fb700c7e...,timecost=1
info|2026-02-06 18:52:36.012357|pbft-0x000072bae69ff6c0|[CONSENSUS][PBFT]addCommitCache,reqHash=fb700c7e...,reqIndex=78,reqV=3,fromIdx=1,wait(ms)=0,committedIndex=77,consNum=78,committedHash=6f023406...,view=3,toView=3,changeCycle=0,expectedCheckPoint=78,Idx=2,unsealedTxs=0,sealUntil=0,waitResealUntil=0,consensusTimeout=3000,nodeId=2346c69c...,weight=1
info|2026-02-06 18:52:36.012476|pbft-0x000072bae69ff6c0|[CONSENSUS][PBFT]addPrepareCache,reqHash=fb700c7e...,reqIndex=78,reqV=3,fromIdx=3,wait(ms)=0,committedIndex=77,consNum=78,committedHash=6f023406...,view=3,toView=3,changeCycle=0,expectedCheckPoint=78,Idx=2,unsealedTxs=0,sealUntil=0,waitResealUntil=0,consensusTimeout=3000,nodeId=2346c69c...,weight=3
info|2026-02-06 18:52:36.012493|pbft-0x000072bae69ff6c0|[CONSENSUS][PBFT]setSignatureList,signatureSize=3,propHash=fb700c7e...,propIndex=78
info|2026-02-06 18:52:36.012506|pbft-0x000072bae69ff6c0|[CONSENSUS][PBFT]intoPrecommit,reqHash=fb700c7e...,reqIndex=78,reqV=3,fromIdx=2,wait(ms)=6,committedIndex=77,consNum=78,committedHash=6f023406...,view=3,toView=3,changeCycle=0,expectedCheckPoint=78,Idx=2,unsealedTxs=0,sealUntil=0,waitResealUntil=0,consensusTimeout=3000,nodeId=2346c69c...
info|2026-02-06 18:52:36.012548|pbft-0x000072bae69ff6c0|[CONSENSUS][PBFT]addCommitCache,reqHash=fb700c7e...,reqIndex=78,reqV=3,fromIdx=2,wait(ms)=0,committedIndex=77,consNum=78,committedHash=6f023406...,view=3,toView=3,changeCycle=0,expectedCheckPoint=78,Idx=2,unsealedTxs=0,sealUntil=0,waitResealUntil=0,consensusTimeout=3000,nodeId=2346c69c...,weight=2
info|2026-02-06 18:52:36.012552|pbft-0x000072bae69ff6c0|[CONSENSUS][PBFT]checkAndPreCommit: broadcast commitMsg,Idx=2,hash=fb700c7e...,index=78
info|2026-02-06 18:52:36.012672|pbft-0x000072bae69ff6c0|[CONSENSUS][PBFT]addCommitCache,reqHash=fb700c7e...,reqIndex=78,reqV=3,fromIdx=3,wait(ms)=0,committedIndex=77,consNum=78,committedHash=6f023406...,view=3,toView=3,changeCycle=0,expectedCheckPoint=78,Idx=2,unsealedTxs=0,sealUntil=0,waitResealUntil=0,consensusTimeout=3000,nodeId=2346c69c...,weight=3
info|2026-02-06 18:52:36.012680|pbft-0x000072bae69ff6c0|[CONSENSUS][PBFT]checkAndCommit,propHash=fb700c7e...,propIndex=78,committedIndex=77,consNum=78,committedHash=6f023406...,view=3,toView=3,changeCycle=0,expectedCheckPoint=78,Idx=2,unsealedTxs=0,sealUntil=0,waitResealUntil=0,consensusTimeout=3000,nodeId=2346c69c...
info|2026-02-06 18:52:36.012685|pbft-0x000072bae69ff6c0|[CONSENSUS][PBFT]######## CommitProposal,propHash=fb700c7e...,propIndex=78,sys=false,committedIndex=77,consNum=78,committedHash=6f023406...,view=3,toView=3,changeCycle=0,expectedCheckPoint=78,Idx=2,unsealedTxs=0,sealUntil=0,waitResealUntil=0,consensusTimeout=3000,nodeId=2346c69c...
info|2026-02-06 18:52:36.012694|pbft-0x000072bae69ff6c0|[CONSENSUS][SEALER]resetSealingInfo,start=79,end=79,sealingNumber=79,waitUntil=0,unsealedTxs=0
info|2026-02-06 18:52:36.012698|pbft-0x000072bae69ff6c0|[CONSENSUS][PBFT]asyncNotifySealProposal success,startIndex=79,endIndex=79,maxTxsToSeal=1000
info|2026-02-06 18:52:36.012700|pbft-0x000072bae69ff6c0|[CONSENSUS][SEALER]asyncNotifySealProposal,startIndex=79,endIndex=79,maxTxsPerBlock=1000
info|2026-02-06 18:52:36.012702|pbft-0x000072bae69ff6c0|[CONSENSUS][PBFT]notifySealer: notify the new leader to seal block,lockNotifyT=0,idx=2,startIndex=79,endIndex=79,notifyBeginIndex=79,waitSealUntil=0,waitResealUntil=0,maxTxsToSeal=1000,committedIndex=77,consNum=78,committedHash=6f023406...,view=3,toView=3,changeCycle=0,expectedCheckPoint=78,Idx=2,unsealedTxs=0,sealUntil=0,waitResealUntil=0,consensusTimeout=3000,nodeId=2346c69c...
info|2026-02-06 18:52:36.012708|pbft-0x000072bae69ff6c0|[CONSENSUS][PBFT]notify to seal next proposal,nextProposalIndex=79
info|2026-02-06 18:52:36.012737|pbft-0x000072bae69ff6c0|[CONSENSUS][PBFT]notifySealer return for invalid seal range,lockNotifyT=0,currentEndIndex=79,expectedEndIndex=79,committedIndex=77,consNum=78,committedHash=6f023406...,view=3,toView=3,changeCycle=0,expectedCheckPoint=78,Idx=2,unsealedTxs=0,sealUntil=0,waitResealUntil=0,consensusTimeout=3000,nodeId=2346c69c...
info|2026-02-06 18:52:36.012742|pbft-0x000072bae69ff6c0|[CONSENSUS][PBFT]notify to seal next proposal,nextProposalIndex=79
info|2026-02-06 18:52:36.012744|pbft-0x000072bae69ff6c0|[CONSENSUS][PBFT]applyStateMachine,index=78,hash=fb700c7e...,committedIndex=77,consNum=78,committedHash=6f023406...,view=3,toView=3,changeCycle=0,expectedCheckPoint=78,Idx=2,unsealedTxs=0,sealUntil=0,waitResealUntil=0,consensusTimeout=3000,nodeId=2346c69c...,unAppliedProposals=0
info|2026-02-06 18:52:36.012844|exeScheduler-0x000072babe7fd6c0|[SCHEDULER][METRIC][blk-78]ExecuteBlock request,gasLimit=3000000000,gasPrice=0x0,verify=false,signatureSize=0,txCount=0,metaTxCount=1,version=3.11.0,waitT=0
info|2026-02-06 18:52:36.012902|exeScheduler-0x000072babe7fd6c0|[SCHEDULER][blk-78][BlockTrace]ExecuteBlock start,time(ms)=0
info|2026-02-06 18:52:36.012909|exeScheduler-0x000072babe7fd6c0|[SCHEDULER][serialExecute][blk-78][BlockTrace]serialExecute execute block
info|2026-02-06 18:52:36.012956|exeScheduler-0x000072babe7fd6c0|[SCHEDULER][METRIC][BlockTrace][blk-78]preExeBlock success,blockHeader.timestamp=1770375156005,metaTxCount=1,timeCost=0
info|2026-02-06 18:52:36.012960|exeScheduler-0x000072babe7fd6c0|[SCHEDULER][serialExecute][blk-78][BlockTrace]serialExecute batch next block
info|2026-02-06 18:52:36.012962|exeScheduler-0x000072babe7fd6c0|[SCHEDULER][blk-78][BlockTrace]NextBlock request,executorNum=1
info|2026-02-06 18:52:36.013616|exec-0x000072baff1e16c0|[SCHEDULER][blk-78][BlockTrace]NextBlock success,executorNum=1,timeCost=1
info|2026-02-06 18:52:36.013642|exec-0x000072baff1e16c0|[SCHEDULER][serialExecute][blk-78][BlockTrace]serialExecute block begin
info|2026-02-06 18:52:36.014928|Unnamed-0x000072bab35f16c0|[STORAGE-KeyPage]empty table,table=/apps/b3aa7a6f43eb2cb0cf2099f4f5e170efc63ee1d0_accessAuth,key=61646d696e
info|2026-02-06 18:52:36.015098|Unnamed-0x000072bab35f16c0|[STORAGE-KeyPage]empty table,table=/apps/b3aa7a6f43eb2cb0cf2099f4f5e170efc63ee1d0,key=0000000000000000000000000000000000000000000000000000000000000004
info|2026-02-06 18:52:36.015513|exec-0x000072bafd9de6c0|[STORAGE-KeyPage]hash,size=29,blockVersion=51052544,readLength=7912,writeLength=10946,pageCount=2,entrycount=4,entriesHash=8e9d49c153c807465820a0ceb782b6e808b2c2f8109775c4049996df4ae5d47f,pagesHash=8651e04e530dda0c0df9d72581bba9d27727bafa27de70a4a81535b7ffc86d64,totalHash=08cca98f00c5dd4a55d977eb36391f3a7f95780237490560ac8ca368b52db91b
info|2026-02-06 18:52:36.015545|exec-0x000072bafd9de6c0|[EXECUTOR:1770370051][blk-78]GetTableHashes success,hash=08cca98f00c5dd4a55d977eb36391f3a7f95780237490560ac8ca368b52db91b,time(ms)=0
info|2026-02-06 18:52:36.015714|exec-0x000072bafd9de6c0|[SCHEDULER][blk-78][BlockTrace]ExecuteBlock success,hash=e14ac2ff...,stateRoot=08cca98f00c5dd4a55d977eb36391f3a7f95780237490560ac8ca368b52db91b,receiptRoot=03a01c36add41f8f7e6eeda069a39ebfd917792fe957aa7597058058fd53d524,txsRoot=929c8bb5...,gasUsed=128597,signatureSize=0,timeCost=3,blockVersion=51052544
info|2026-02-06 18:52:36.015729|exec-0x000072bafd9de6c0|[CONSENSUS][Core][METRIC]asyncExecuteBlock success,sysBlock=false,number=78,result=e14ac2ff...,txsSize=1,txsRoot=929c8bb5...,receiptsRoot=03a01c36...,stateRoot=08cca98f...,timeCost=3,execPerTx=3
info|2026-02-06 18:52:36.015764|exec-0x000072bafd9de6c0|[CONSENSUS][PBFT]applyStateMachine finished,index=78,beforeExec=fb700c7e...,afterExec=e14ac2ff...,committedIndex=77,consNum=78,committedHash=6f023406...,view=3,toView=3,changeCycle=0,expectedCheckPoint=78,Idx=2,unsealedTxs=0,sealUntil=0,waitResealUntil=0,consensusTimeout=3000,nodeId=2346c69c...,timecost=3
info|2026-02-06 18:52:36.016059|pbftWorker-0x000072baf51cd6c0|[CONSENSUS][PBFT][STORAGE]asyncCommitProposal: write the committed proposal into db,index=78
info|2026-02-06 18:52:36.016122|pbftWorker-0x000072baf51cd6c0|[CONSENSUS][PBFT][STORAGE]asyncPutProposal: commit success,dbName=pbftCommitDB,key=max_committed_proposal,number=78,timecost=0,dataSize=2
info|2026-02-06 18:52:36.016159|pbftWorker-0x000072baf51cd6c0|[CONSENSUS][PBFT][STORAGE]asyncPutProposal: commit success,dbName=pbftCommitDB,key=78,number=78,timecost=0,dataSize=635
info|2026-02-06 18:52:36.016415|pbftWorker-0x000072baf51cd6c0|[CONSENSUS][PBFT]addCheckPointMsg,reqHash=e14ac2ff...,reqIndex=78,reqV=3,fromIdx=2,wait(ms)=0,Idx=2,weight=1,minRequiredWeight=3
info|2026-02-06 18:52:36.016435|pbftWorker-0x000072baf51cd6c0|[CONSENSUS][PBFT]setCheckPointProposal,propHash=e14ac2ff...,propIndex=78,committedIndex=77,consNum=78,committedHash=6f023406...,view=3,toView=3,changeCycle=0,expectedCheckPoint=78,Idx=2,unsealedTxs=0,sealUntil=0,waitResealUntil=0,consensusTimeout=3000,nodeId=2346c69c...
info|2026-02-06 18:52:36.016444|pbftWorker-0x000072baf51cd6c0|[CONSENSUS][PBFT]PBFTConfig: setExpectedCheckPoint,committedIndex=77,consNum=78,committedHash=6f023406...,view=3,toView=3,changeCycle=0,expectedCheckPoint=79,Idx=2,unsealedTxs=0,sealUntil=0,waitResealUntil=0,consensusTimeout=3000,nodeId=2346c69c...,expectedCheckPoint=79
info|2026-02-06 18:52:36.016449|pbftWorker-0x000072baf51cd6c0|[CONSENSUS][PBFT]notifySealer return for invalid seal range,lockNotifyT=0,currentEndIndex=79,expectedEndIndex=79,committedIndex=77,consNum=78,committedHash=6f023406...,view=3,toView=3,changeCycle=0,expectedCheckPoint=79,Idx=2,unsealedTxs=0,sealUntil=0,waitResealUntil=0,consensusTimeout=3000,nodeId=2346c69c...
info|2026-02-06 18:52:36.017120|pbftWorker-0x000072baf51cd6c0|[CONSENSUS][PBFT]notify to seal next proposal,nextProposalIndex=79
info|2026-02-06 18:52:36.017142|pbftWorker-0x000072baf51cd6c0|[CONSENSUS][PBFT]onProposalApplySuccess,index=78,hash=e14ac2ff...,lockT=0,timecost=1
info|2026-02-06 18:52:36.017618|pbft-0x000072bae69ff6c0|[CONSENSUS][PBFT]handleCheckPointMsg: try to add the checkpoint message into the cache,reqHash=e14ac2ff...,reqIndex=78,reqV=3,fromIdx=3,wait(ms)=1,committedIndex=77,consNum=78,committedHash=6f023406...,view=3,toView=3,changeCycle=0,expectedCheckPoint=79,Idx=2,unsealedTxs=0,sealUntil=0,waitResealUntil=0,consensusTimeout=3000,nodeId=2346c69c...
info|2026-02-06 18:52:36.017657|pbft-0x000072bae69ff6c0|[CONSENSUS][PBFT]addCheckPointMsg,reqHash=e14ac2ff...,reqIndex=78,reqV=3,fromIdx=3,wait(ms)=1,Idx=2,weight=2,minRequiredWeight=3
info|2026-02-06 18:52:36.017665|pbft-0x000072bae69ff6c0|[CONSENSUS][PBFT]notifySealer return for invalid seal range,lockNotifyT=0,currentEndIndex=79,expectedEndIndex=79,committedIndex=77,consNum=78,committedHash=6f023406...,view=3,toView=3,changeCycle=0,expectedCheckPoint=79,Idx=2,unsealedTxs=0,sealUntil=0,waitResealUntil=0,consensusTimeout=3000,nodeId=2346c69c...
info|2026-02-06 18:52:36.017672|pbft-0x000072bae69ff6c0|[CONSENSUS][PBFT]notify to seal next proposal,nextProposalIndex=79
info|2026-02-06 18:52:36.019791|pbft-0x000072bae69ff6c0|[CONSENSUS][PBFT]handleCheckPointMsg: try to add the checkpoint message into the cache,reqHash=e14ac2ff...,reqIndex=78,reqV=3,fromIdx=1,wait(ms)=0,committedIndex=77,consNum=78,committedHash=6f023406...,view=3,toView=3,changeCycle=0,expectedCheckPoint=79,Idx=2,unsealedTxs=0,sealUntil=0,waitResealUntil=0,consensusTimeout=3000,nodeId=2346c69c...
info|2026-02-06 18:52:36.019900|pbft-0x000072bae69ff6c0|[CONSENSUS][PBFT]addCheckPointMsg,reqHash=e14ac2ff...,reqIndex=78,reqV=3,fromIdx=1,wait(ms)=0,Idx=2,weight=3,minRequiredWeight=3
info|2026-02-06 18:52:36.019927|pbft-0x000072bae69ff6c0|[CONSENSUS][PBFT]notifySealer return for invalid seal range,lockNotifyT=0,currentEndIndex=79,expectedEndIndex=79,committedIndex=77,consNum=78,committedHash=6f023406...,view=3,toView=3,changeCycle=0,expectedCheckPoint=79,Idx=2,unsealedTxs=0,sealUntil=0,waitResealUntil=0,consensusTimeout=3000,nodeId=2346c69c...
info|2026-02-06 18:52:36.019944|pbft-0x000072bae69ff6c0|[CONSENSUS][PBFT]notify to seal next proposal,nextProposalIndex=79
info|2026-02-06 18:52:36.019953|pbft-0x000072bae69ff6c0|[CONSENSUS][PBFT]setSignatureList,signatureSize=3,propHash=e14ac2ff...,propIndex=78
info|2026-02-06 18:52:36.019960|pbft-0x000072bae69ff6c0|[CONSENSUS][PBFT]checkAndCommitStableCheckPoint,index=78,hash=e14ac2ff...,committedIndex=77,consNum=78,committedHash=6f023406...,view=3,toView=3,changeCycle=0,expectedCheckPoint=79,Idx=2,unsealedTxs=0,sealUntil=0,waitResealUntil=0,consensusTimeout=3000,nodeId=2346c69c...
info|2026-02-06 18:52:36.019972|pbft-0x000072bae69ff6c0|[CONSENSUS][PBFT]updateStableCheckPointQueue: insert new checkpoint proposal,index=78,hash=e14ac2ff...,committedIndex=77,consNum=78,committedHash=6f023406...,view=3,toView=3,changeCycle=0,expectedCheckPoint=79,Idx=2,unsealedTxs=0,sealUntil=0,waitResealUntil=0,consensusTimeout=3000,nodeId=2346c69c...
info|2026-02-06 18:52:36.019981|pbft-0x000072bae69ff6c0|[CONSENSUS][PBFT]updateStableCheckPointQueue: commit stable checkpoint,index=78,committedIndex=77
info|2026-02-06 18:52:36.019996|pbft-0x000072bae69ff6c0|[CONSENSUS][PBFT]asyncCommitStableCheckPoint: set signatureList,index=78,hash=e14ac2ff...,proofSize=3,blockProofSize=3
info|2026-02-06 18:52:36.020063|blockSubmit-0x000072baf79d26c0|[SCHEDULER][blk-78][BlockTrace]CommitBlock start
info|2026-02-06 18:52:36.020586|blockSubmit-0x000072baf79d26c0|[STORAGE-RocksDB]asyncPrepare,number=78
info|2026-02-06 18:52:36.020629|blockSubmit-0x000072baf79d26c0|[STORAGE-RocksDB]asyncPrepare finished,blockNumber=78,put=7,delete=0,startTS=0,encode(ms)=0,time(ms)=0
info|2026-02-06 18:52:36.020653|blockSubmit-0x000072baf79d26c0|[LEDGER]storeTransactionsAndReceipts,blockNumber=78
info|2026-02-06 18:52:36.020939|ledgerWrite-0x000072bb0a9f86c0|[STORAGE-RocksDB]setRows finished,put=1,dataSize=140,time(ms)=1
info|2026-02-06 18:52:36.020895|exec-0x000072bafc9dc6c0|[STORAGE-RocksDB]asyncPrepare,number=78
info|2026-02-06 18:52:36.021075|blockSubmit-0x000072baf79d26c0|[LEDGER]storeTransactionsAndReceipts finished,blockNumber=78,blockTxsSize=1,unStoredTxs=0,timeCost=1
info|2026-02-06 18:52:36.021148|blockSubmit-0x000072baf79d26c0|[LEDGER][METRIC]asyncPrewriteBlock,number=78,totalTxs=102,failedTxs=42,incTxs=1,incFailedTxs=0
info|2026-02-06 18:52:36.021211|exec-0x000072bafc9dc6c0|[STORAGE-KeyPage]parallelTraverse,size=11021
info|2026-02-06 18:52:36.021572|exec-0x000072bafc9dc6c0|[STORAGE-RocksDB]asyncPrepare finished,blockNumber=78,put=8,delete=3,startTS=0,encode(ms)=0,time(ms)=0
info|2026-02-06 18:52:36.021609|exec-0x000072bafc9dc6c0|[EXECUTOR:1770370051][blk-78]Prepare success
info|2026-02-06 18:52:36.021800|exec-0x000072bafc9dc6c0|[STORAGE-RocksDB]asyncCommit finished,blockNumber=78,startTS=0,time(ms)=0,callback time(ms)=0,count=18
info|2026-02-06 18:52:36.021822|exec-0x000072bafd1dd6c0|[TOOL]fetchCompatibilityVersion
info|2026-02-06 18:52:36.021876|exec-0x000072bafd1dd6c0|[TOOL]fetchCompatibilityVersion success,version=3.11.0,versionNumber=51052544,minSupportedVersion=3.0.0-rc4,maxSupportedVersion=3.11.0
info|2026-02-06 18:52:36.021916|exec-0x000072bafd1dd6c0|[TOOL]fetchAuthCheckStatus success,value=0
info|2026-02-06 18:52:36.021920|exec-0x000072bafd1dd6c0|[EXECUTOR:1770370051]merge keyPage to cachedStorage,number=78
info|2026-02-06 18:52:36.021956|exec-0x000072bafd1dd6c0|[STORAGE-KeyPage]parallelTraverse,size=11021
info|2026-02-06 18:52:36.021984|exec-0x000072bafd1dd6c0|[STORAGE]Successful merged records,count=11
info|2026-02-06 18:52:36.022378|exec-0x000072bafd1dd6c0|[SCHEDULER][blk-78][BlockTrace]CommitBlock success,gas limit=3000000000,timeCost=2
info|2026-02-06 18:52:36.022467|exec-0x000072bafd1dd6c0|[SCHEDULER][BlockTrace]Notify block result success,blockNumber=78
info|2026-02-06 18:52:36.022484|exec-0x000072bafd1dd6c0|[CONSENSUS][PBFT][STORAGE][METRIC]commitStableCheckPoint success,index=78,hash=e14ac2ff...,txs=1,timeCost=2,commitPerTx=2
info|2026-02-06 18:52:36.022508|exec-0x000072bafd1dd6c0|[SCHEDULER][blk-78]notify block result success,hash=e14ac2ff...,txsSize=1
info|2026-02-06 18:52:36.022530|blockSubmit-0x000072baf79d26c0|[CONSENSUS][PBFT][METRIC]resetConfig,committedIndex=78,propHash=e14ac2ff...,blockCountLimit=1000,leaderPeriod=1,consensusNodesSize=4
info|2026-02-06 18:52:36.022567|blockSubmit-0x000072baf79d26c0|[CONSENSUS][PBFT][METRIC]^^^^^^^^Report,sealer=1,txs=1,committedIndex=78,consNum=79,committedHash=e14ac2ff...,view=3,toView=3,changeCycle=0,expectedCheckPoint=79,Idx=2,unsealedTxs=0,sealUntil=0,waitResealUntil=0,consensusTimeout=3000,nodeId=2346c69c...
info|2026-02-06 18:52:36.022578|blockSubmit-0x000072baf79d26c0|[CONSENSUS][SEALER]asyncNoteLatestBlockNumber,number=78
info|2026-02-06 18:52:36.022584|blockSubmit-0x000072baf79d26c0|[CONSENSUS][SEALER]asyncNoteLatestBlockHash,_hash=e14ac2ff...
info|2026-02-06 18:52:36.022600|blockSubmit-0x000072baf79d26c0|[BLOCK SYNC]#### BlockSyncConfig resetConfig,number=78,consNodeSize=4,observerNodeSize=0,type=CONSENSUS_NODE
info|2026-02-06 18:52:36.022675|exec-0x000072bafd1dd6c0|[STORAGE-RocksDB]asyncCommit finished,blockNumber=78,startTS=0,time(ms)=0,callback time(ms)=1,count=0
info|2026-02-06 18:52:36.022748|blockSubmit-0x000072baf79d26c0|[CONSENSUS][PBFT]notifySealer return for invalid seal range,lockNotifyT=0,currentEndIndex=79,expectedEndIndex=79,committedIndex=78,consNum=79,committedHash=e14ac2ff...,view=3,toView=3,changeCycle=0,expectedCheckPoint=79,Idx=2,unsealedTxs=0,sealUntil=0,waitResealUntil=0,consensusTimeout=3000,nodeId=2346c69c...
info|2026-02-06 18:52:36.022782|blockSubmit-0x000072baf79d26c0|[CONSENSUS][PBFT]notifySealer return for invalid seal range,lockNotifyT=0,currentEndIndex=79,expectedEndIndex=79,committedIndex=78,consNum=79,committedHash=e14ac2ff...,view=3,toView=3,changeCycle=0,expectedCheckPoint=79,Idx=2,unsealedTxs=0,sealUntil=0,waitResealUntil=0,consensusTimeout=3000,nodeId=2346c69c...
info|2026-02-06 18:52:36.022852|blockSubmit-0x000072baf79d26c0|[CONSENSUS][PBFT]notify to seal next proposal,nextProposalIndex=79
info|2026-02-06 18:52:36.022893|blockSubmit-0x000072baf79d26c0|[CONSENSUS][PBFT]removeConsensusedCache finalizeConsensus,view=3,number=78,eraseSize=1,cacheSize=0
info|2026-02-06 18:52:36.022925|blockSubmit-0x000072baf79d26c0|[CONSENSUS][PBFT][STORAGE]asyncRemoveStabledCheckPoint,index=73
info|2026-02-06 18:52:36.022955|blockSubmit-0x000072baf79d26c0|[CONSENSUS][PBFT][STORAGE]asyncRemove success,dbName=pbftCommitDB,key=73
info|2026-02-06 18:52:36.024706|submitter-0x000072bb079f26c0|[TXPOOL][METRIC]StatTPS,tps=47,totalTime=21
info|2026-02-06 18:52:36.025006|submitter-0x000072bb079f26c0|[TXPOOL][METRIC]batchRemove txs success,expectedSize=1,succCount=1,batchId=78,timecost=2,lockT=1,removeT=1,updateLedgerNonceT=0,updateTxPoolNonceT=0
info|2026-02-06 18:52:38.023158|pullTxsTimer-0x000072baf69d06c0|[CONSENSUS][PBFT]tryToSyncTxs: try to request unsealing txs from peer,committedIndex=78,consNum=79,committedHash=e14ac2ff...,view=3,toView=3,changeCycle=0,expectedCheckPoint=79,Idx=2,unsealedTxs=0,sealUntil=0,waitResealUntil=0,consensusTimeout=3000,nodeId=2346c69c...
info|2026-02-06 18:52:39.150565|txsSeal-0x000072bb059ee6c0|[TXPOOL]begin batchFetchTxs,pendingTxs=1,limit=1000
info|2026-02-06 18:52:39.150692|txsSeal-0x000072bb059ee6c0|[TXPOOL][METRIC]batchFetchTxs success,time=0,txsSize=1,sysTxsSize=0,pendingTxs=1,limit=1000,fetchTxsT=0,lockT=0,invalidBefore=0,invalidNow=0,sealed=0,traverseCount=1
info|2026-02-06 18:52:39.151589|Sealer-0x000072bae7dfb6c0|[CONSENSUS][SEALER]++++++++++++++++ Generate proposal,index=79,curNum=78,hash=1d495917...,sysTxs=false,txsSize=1,version=51052544
info|2026-02-06 18:52:39.151753|Sealer-0x000072bae7dfb6c0|[CONSENSUS][PBFT]asyncSubmitProposal,index=79,hash=1d495917...,committedIndex=78,consNum=79,committedHash=e14ac2ff...,view=3,toView=3,changeCycle=0,expectedCheckPoint=79,Idx=2,unsealedTxs=0,sealUntil=0,waitResealUntil=0,consensusTimeout=3000,nodeId=2346c69c...
info|2026-02-06 18:52:39.151785|Sealer-0x000072bae7dfb6c0|[CONSENSUS][PBFT]++++++++++++++++ Generating seal on,index=79,Idx=2,hash=1d495917...,sysProposal=false
info|2026-02-06 18:52:39.152031|Sealer-0x000072bae7dfb6c0|[CONSENSUS][PBFT]broadcast pre-prepare packet,packetSize=551,index=79,encode(ms)=0,asyncSend(ms)=1
info|2026-02-06 18:52:39.152052|Sealer-0x000072bae7dfb6c0|[CONSENSUS][PBFT]handlePrePrepareMsg,reqHash=1d495917...,reqIndex=79,reqV=3,fromIdx=2,wait(ms)=1,committedIndex=78,consNum=79,committedHash=e14ac2ff...,view=3,toView=3,changeCycle=0,expectedCheckPoint=79,Idx=2,unsealedTxs=0,sealUntil=0,waitResealUntil=0,consensusTimeout=3000,nodeId=2346c69c...,utc=27617324
info|2026-02-06 18:52:39.152115|Sealer-0x000072bae7dfb6c0|[CONSENSUS][PBFT]addPrePrepareCache,reqHash=1d495917...,reqIndex=79,reqV=3,fromIdx=2,wait(ms)=1,sys=false,committedIndex=78,consNum=79,committedHash=e14ac2ff...,view=3,toView=3,changeCycle=0,expectedCheckPoint=79,Idx=2,unsealedTxs=0,sealUntil=0,waitResealUntil=0,consensusTimeout=3000,nodeId=2346c69c...
info|2026-02-06 18:52:39.152185|validator-0x000072baf91d56c0|[CONSENSUS][PBFT]asyncResetTxsFlag,index=79,hash=1d495917...,flag=true
info|2026-02-06 18:52:39.152232|validator-0x000072baf91d56c0|[TXPOOL]batchMarkTxs,txsSize=1,batchId=79,hash=1d495917...,sealFlag=true,notFound=0,reSealed=0,succ=1,time=0,markT=0
info|2026-02-06 18:52:39.152220|Sealer-0x000072bae7dfb6c0|[CONSENSUS][PBFT]notify the committed proposal index to the sync module success,index=79
info|2026-02-06 18:52:39.152245|validator-0x000072baf91d56c0|[CONSENSUS][PBFT]asyncMarkTxs success,index=79,hash=1d495917...,flag=true,markT=0,emptyTxBatchHash=false
info|2026-02-06 18:52:39.152669|Sealer-0x000072bae7dfb6c0|[CONSENSUS][PBFT]addPrepareCache,reqHash=1d495917...,reqIndex=79,reqV=3,fromIdx=2,wait(ms)=0,committedIndex=78,consNum=79,committedHash=e14ac2ff...,view=3,toView=3,changeCycle=0,expectedCheckPoint=79,Idx=2,unsealedTxs=0,sealUntil=0,waitResealUntil=0,consensusTimeout=3000,nodeId=2346c69c...,weight=1
info|2026-02-06 18:52:39.152745|Sealer-0x000072bae7dfb6c0|[CONSENSUS][PBFT]broadcast prepare packet,packetSize=230,index=79
info|2026-02-06 18:52:39.152818|Sealer-0x000072bae7dfb6c0|[CONSENSUS][PBFT]handlePrePrepareMsg and broadcast prepare packet,reqHash=1d495917...,reqIndex=79,reqV=3,fromIdx=2,wait(ms)=1,committedIndex=78,consNum=79,committedHash=e14ac2ff...,view=3,toView=3,changeCycle=0,expectedCheckPoint=79,Idx=2,unsealedTxs=0,sealUntil=0,waitResealUntil=0,consensusTimeout=3000,nodeId=2346c69c...
info|2026-02-06 18:52:39.152828|Sealer-0x000072bae7dfb6c0|[CONSENSUS][PBFT]handlePrePrepareMsg success,index=79,costT(ms)=0
info|2026-02-06 18:52:39.154334|pbft-0x000072bae69ff6c0|[CONSENSUS][PBFT]addPrepareCache,reqHash=1d495917...,reqIndex=79,reqV=3,fromIdx=3,wait(ms)=0,committedIndex=78,consNum=79,committedHash=e14ac2ff...,view=3,toView=3,changeCycle=0,expectedCheckPoint=79,Idx=2,unsealedTxs=0,sealUntil=0,waitResealUntil=0,consensusTimeout=3000,nodeId=2346c69c...,weight=2
info|2026-02-06 18:52:39.155834|txsSyncWorker-0x000072bb119fb6c0|[SYNC]onReceiveTxsRequest: response txs,peer=21a47ace...,txsSize=1
info|2026-02-06 18:52:39.156129|txsSyncWorker-0x000072bb10dff6c0|[SYNC]onReceiveTxsRequest: response txs,peer=0d6a7f52...,txsSize=1
info|2026-02-06 18:52:39.178727|pbft-0x000072bae69ff6c0|[CONSENSUS][PBFT]addPrepareCache,reqHash=1d495917...,reqIndex=79,reqV=3,fromIdx=0,wait(ms)=0,committedIndex=78,consNum=79,committedHash=e14ac2ff...,view=3,toView=3,changeCycle=0,expectedCheckPoint=79,Idx=2,unsealedTxs=0,sealUntil=0,waitResealUntil=0,consensusTimeout=3000,nodeId=2346c69c...,weight=3
info|2026-02-06 18:52:39.178822|pbft-0x000072bae69ff6c0|[CONSENSUS][PBFT]setSignatureList,signatureSize=3,propHash=1d495917...,propIndex=79
info|2026-02-06 18:52:39.178972|pbft-0x000072bae69ff6c0|[CONSENSUS][PBFT]intoPrecommit,reqHash=1d495917...,reqIndex=79,reqV=3,fromIdx=2,wait(ms)=27,committedIndex=78,consNum=79,committedHash=e14ac2ff...,view=3,toView=3,changeCycle=0,expectedCheckPoint=79,Idx=2,unsealedTxs=0,sealUntil=0,waitResealUntil=0,consensusTimeout=3000,nodeId=2346c69c...
info|2026-02-06 18:52:39.179076|pbft-0x000072bae69ff6c0|[CONSENSUS][PBFT]addCommitCache,reqHash=1d495917...,reqIndex=79,reqV=3,fromIdx=2,wait(ms)=1,committedIndex=78,consNum=79,committedHash=e14ac2ff...,view=3,toView=3,changeCycle=0,expectedCheckPoint=79,Idx=2,unsealedTxs=0,sealUntil=0,waitResealUntil=0,consensusTimeout=3000,nodeId=2346c69c...,weight=1
info|2026-02-06 18:52:39.179123|pbft-0x000072bae69ff6c0|[CONSENSUS][PBFT]checkAndPreCommit: broadcast commitMsg,Idx=2,hash=1d495917...,index=79
info|2026-02-06 18:52:39.180943|pbft-0x000072bae69ff6c0|[CONSENSUS][PBFT]addCommitCache,reqHash=1d495917...,reqIndex=79,reqV=3,fromIdx=0,wait(ms)=1,committedIndex=78,consNum=79,committedHash=e14ac2ff...,view=3,toView=3,changeCycle=0,expectedCheckPoint=79,Idx=2,unsealedTxs=0,sealUntil=0,waitResealUntil=0,consensusTimeout=3000,nodeId=2346c69c...,weight=2
info|2026-02-06 18:52:39.181160|pbft-0x000072bae69ff6c0|[CONSENSUS][PBFT]addCommitCache,reqHash=1d495917...,reqIndex=79,reqV=3,fromIdx=3,wait(ms)=1,committedIndex=78,consNum=79,committedHash=e14ac2ff...,view=3,toView=3,changeCycle=0,expectedCheckPoint=79,Idx=2,unsealedTxs=0,sealUntil=0,waitResealUntil=0,consensusTimeout=3000,nodeId=2346c69c...,weight=3
info|2026-02-06 18:52:39.181215|pbft-0x000072bae69ff6c0|[CONSENSUS][PBFT]checkAndCommit,propHash=1d495917...,propIndex=79,committedIndex=78,consNum=79,committedHash=e14ac2ff...,view=3,toView=3,changeCycle=0,expectedCheckPoint=79,Idx=2,unsealedTxs=0,sealUntil=0,waitResealUntil=0,consensusTimeout=3000,nodeId=2346c69c...
info|2026-02-06 18:52:39.181236|pbft-0x000072bae69ff6c0|[CONSENSUS][PBFT]######## CommitProposal,propHash=1d495917...,propIndex=79,sys=false,committedIndex=78,consNum=79,committedHash=e14ac2ff...,view=3,toView=3,changeCycle=0,expectedCheckPoint=79,Idx=2,unsealedTxs=0,sealUntil=0,waitResealUntil=0,consensusTimeout=3000,nodeId=2346c69c...
info|2026-02-06 18:52:39.181250|pbft-0x000072bae69ff6c0|[CONSENSUS][PBFT]notify to seal next proposal,nextProposalIndex=80
info|2026-02-06 18:52:39.181356|pbft-0x000072bae69ff6c0|[CONSENSUS][PBFT]notify to seal next proposal,nextProposalIndex=80
info|2026-02-06 18:52:39.181395|pbft-0x000072bae69ff6c0|[CONSENSUS][PBFT]applyStateMachine,index=79,hash=1d495917...,committedIndex=78,consNum=79,committedHash=e14ac2ff...,view=3,toView=3,changeCycle=0,expectedCheckPoint=79,Idx=2,unsealedTxs=0,sealUntil=0,waitResealUntil=0,consensusTimeout=3000,nodeId=2346c69c...,unAppliedProposals=0
info|2026-02-06 18:52:39.181694|exeScheduler-0x000072babe7fd6c0|[SCHEDULER][METRIC][blk-79]ExecuteBlock request,gasLimit=3000000000,gasPrice=0x0,verify=false,signatureSize=0,txCount=0,metaTxCount=1,version=3.11.0,waitT=0
info|2026-02-06 18:52:39.181894|exeScheduler-0x000072babe7fd6c0|[SCHEDULER][blk-79][BlockTrace]ExecuteBlock start,time(ms)=0
info|2026-02-06 18:52:39.181939|exeScheduler-0x000072babe7fd6c0|[SCHEDULER][serialExecute][blk-79][BlockTrace]serialExecute execute block
info|2026-02-06 18:52:39.182187|preExeScheduler-0x000072babdffc6c0|[SCHEDULER][METRIC][BlockTrace][blk-79]preExeBlock success,blockHeader.timestamp=1770375159151,metaTxCount=1,timeCost=1
info|2026-02-06 18:52:39.182386|exeScheduler-0x000072babe7fd6c0|[SCHEDULER][serialExecute][blk-79][BlockTrace]serialExecute batch next block
info|2026-02-06 18:52:39.182420|exeScheduler-0x000072babe7fd6c0|[SCHEDULER][blk-79][BlockTrace]NextBlock request,executorNum=1
info|2026-02-06 18:52:39.185681|exec-0x000072bafb9da6c0|[SCHEDULER][blk-79][BlockTrace]NextBlock success,executorNum=1,timeCost=3
info|2026-02-06 18:52:39.185790|exec-0x000072bafb9da6c0|[SCHEDULER][serialExecute][blk-79][BlockTrace]serialExecute block begin
info|2026-02-06 18:52:39.188306|Unnamed-0x000072bab2df06c0|[STORAGE-KeyPage]empty table,table=/apps/e7d7b002e51431b300ddc00b2c059ccc41ce4660_accessAuth,key=61646d696e
info|2026-02-06 18:52:39.189139|Unnamed-0x000072bab2df06c0|[STORAGE-KeyPage]empty table,table=/apps/e7d7b002e51431b300ddc00b2c059ccc41ce4660,key=0000000000000000000000000000000000000000000000000000000000000000
info|2026-02-06 18:52:39.190361|pbft-0x000072bae69ff6c0|[CONSENSUS][PBFT]handleCheckPointMsg: try to add the checkpoint message into the cache,reqHash=eaa46b6a...,reqIndex=79,reqV=3,fromIdx=3,wait(ms)=1,committedIndex=78,consNum=79,committedHash=e14ac2ff...,view=3,toView=3,changeCycle=0,expectedCheckPoint=79,Idx=2,unsealedTxs=0,sealUntil=0,waitResealUntil=0,consensusTimeout=3000,nodeId=2346c69c...
info|2026-02-06 18:52:39.190432|pbft-0x000072bae69ff6c0|[CONSENSUS][PBFT]addCheckPointMsg,reqHash=eaa46b6a...,reqIndex=79,reqV=3,fromIdx=3,wait(ms)=1,Idx=2,weight=1,minRequiredWeight=3
info|2026-02-06 18:52:39.190452|pbft-0x000072bae69ff6c0|[CONSENSUS][PBFT]notify to seal next proposal,nextProposalIndex=80
info|2026-02-06 18:52:39.190294|exec-0x000072bafb1d96c0|[STORAGE-KeyPage]hash,size=29,blockVersion=51052544,readLength=10481,writeLength=388,pageCount=2,entrycount=2,entriesHash=d07ca219e1ecc1aa3baa40a8fe93fa0688e2d34b866e8f4a8e8b5c285345c414,pagesHash=eca5fa5f3217ef03467a698168b727da55c77f9fe3b66e1da97cfe2296e7c9a8,totalHash=3cd95846d3fb2ea97dd029299624dddcdd25acd465d8e15727f7a20ac5a20dbc
info|2026-02-06 18:52:39.190678|exec-0x000072bafb1d96c0|[EXECUTOR:1770370051][blk-79]GetTableHashes success,hash=3cd95846d3fb2ea97dd029299624dddcdd25acd465d8e15727f7a20ac5a20dbc,time(ms)=1
info|2026-02-06 18:52:39.190838|exec-0x000072bafb1d96c0|[SCHEDULER][blk-79][BlockTrace]ExecuteBlock success,hash=eaa46b6a...,stateRoot=3cd95846d3fb2ea97dd029299624dddcdd25acd465d8e15727f7a20ac5a20dbc,receiptRoot=6968dd1eec8f6c2f81b548d2913241f06da65c40008ce10cdfd1abc7fdeef10a,txsRoot=c4cef773...,gasUsed=66885,signatureSize=0,timeCost=9,blockVersion=51052544
info|2026-02-06 18:52:39.191007|exec-0x000072bafb1d96c0|[CONSENSUS][Core][METRIC]asyncExecuteBlock success,sysBlock=false,number=79,result=eaa46b6a...,txsSize=1,txsRoot=c4cef773...,receiptsRoot=6968dd1e...,stateRoot=3cd95846...,timeCost=10,execPerTx=9
info|2026-02-06 18:52:39.191115|exec-0x000072bafb1d96c0|[CONSENSUS][PBFT]applyStateMachine finished,index=79,beforeExec=1d495917...,afterExec=eaa46b6a...,committedIndex=78,consNum=79,committedHash=e14ac2ff...,view=3,toView=3,changeCycle=0,expectedCheckPoint=79,Idx=2,unsealedTxs=0,sealUntil=0,waitResealUntil=0,consensusTimeout=3000,nodeId=2346c69c...,timecost=10
info|2026-02-06 18:52:39.191327|pbftWorker-0x000072baf59ce6c0|[CONSENSUS][PBFT][STORAGE]asyncCommitProposal: write the committed proposal into db,index=79
info|2026-02-06 18:52:39.191493|pbftWorker-0x000072baf59ce6c0|[CONSENSUS][PBFT][STORAGE]asyncPutProposal: commit success,dbName=pbftCommitDB,key=max_committed_proposal,number=79,timecost=0,dataSize=2
info|2026-02-06 18:52:39.191630|pbftWorker-0x000072baf59ce6c0|[CONSENSUS][PBFT][STORAGE]asyncPutProposal: commit success,dbName=pbftCommitDB,key=79,number=79,timecost=0,dataSize=635
info|2026-02-06 18:52:39.192382|pbftWorker-0x000072baf59ce6c0|[CONSENSUS][PBFT]addCheckPointMsg,reqHash=eaa46b6a...,reqIndex=79,reqV=3,fromIdx=2,wait(ms)=1,Idx=2,weight=2,minRequiredWeight=3
info|2026-02-06 18:52:39.192458|pbftWorker-0x000072baf59ce6c0|[CONSENSUS][PBFT]setCheckPointProposal,propHash=eaa46b6a...,propIndex=79,committedIndex=78,consNum=79,committedHash=e14ac2ff...,view=3,toView=3,changeCycle=0,expectedCheckPoint=79,Idx=2,unsealedTxs=0,sealUntil=0,waitResealUntil=0,consensusTimeout=3000,nodeId=2346c69c...
info|2026-02-06 18:52:39.192483|pbftWorker-0x000072baf59ce6c0|[CONSENSUS][PBFT]PBFTConfig: setExpectedCheckPoint,committedIndex=78,consNum=79,committedHash=e14ac2ff...,view=3,toView=3,changeCycle=0,expectedCheckPoint=80,Idx=2,unsealedTxs=0,sealUntil=0,waitResealUntil=0,consensusTimeout=3000,nodeId=2346c69c...,expectedCheckPoint=80
info|2026-02-06 18:52:39.192499|pbftWorker-0x000072baf59ce6c0|[CONSENSUS][PBFT]notify to seal next proposal,nextProposalIndex=80
info|2026-02-06 18:52:39.192518|pbftWorker-0x000072baf59ce6c0|[CONSENSUS][PBFT]onProposalApplySuccess,index=79,hash=eaa46b6a...,lockT=0,timecost=0
info|2026-02-06 18:52:39.193767|pbft-0x000072bae69ff6c0|[CONSENSUS][PBFT]handleCheckPointMsg: try to add the checkpoint message into the cache,reqHash=eaa46b6a...,reqIndex=79,reqV=3,fromIdx=0,wait(ms)=1,committedIndex=78,consNum=79,committedHash=e14ac2ff...,view=3,toView=3,changeCycle=0,expectedCheckPoint=80,Idx=2,unsealedTxs=0,sealUntil=0,waitResealUntil=0,consensusTimeout=3000,nodeId=2346c69c...
info|2026-02-06 18:52:39.193844|pbft-0x000072bae69ff6c0|[CONSENSUS][PBFT]addCheckPointMsg,reqHash=eaa46b6a...,reqIndex=79,reqV=3,fromIdx=0,wait(ms)=1,Idx=2,weight=3,minRequiredWeight=3
info|2026-02-06 18:52:39.193867|pbft-0x000072bae69ff6c0|[CONSENSUS][PBFT]notify to seal next proposal,nextProposalIndex=80
info|2026-02-06 18:52:39.193886|pbft-0x000072bae69ff6c0|[CONSENSUS][PBFT]setSignatureList,signatureSize=3,propHash=eaa46b6a...,propIndex=79
info|2026-02-06 18:52:39.193901|pbft-0x000072bae69ff6c0|[CONSENSUS][PBFT]checkAndCommitStableCheckPoint,index=79,hash=eaa46b6a...,committedIndex=78,consNum=79,committedHash=e14ac2ff...,view=3,toView=3,changeCycle=0,expectedCheckPoint=80,Idx=2,unsealedTxs=0,sealUntil=0,waitResealUntil=0,consensusTimeout=3000,nodeId=2346c69c...
info|2026-02-06 18:52:39.194009|pbft-0x000072bae69ff6c0|[CONSENSUS][PBFT]updateStableCheckPointQueue: insert new checkpoint proposal,index=79,hash=eaa46b6a...,committedIndex=78,consNum=79,committedHash=e14ac2ff...,view=3,toView=3,changeCycle=0,expectedCheckPoint=80,Idx=2,unsealedTxs=0,sealUntil=0,waitResealUntil=0,consensusTimeout=3000,nodeId=2346c69c...
info|2026-02-06 18:52:39.194052|pbft-0x000072bae69ff6c0|[CONSENSUS][PBFT]updateStableCheckPointQueue: commit stable checkpoint,index=79,committedIndex=78
info|2026-02-06 18:52:39.194161|pbft-0x000072bae69ff6c0|[CONSENSUS][PBFT]asyncCommitStableCheckPoint: set signatureList,index=79,hash=eaa46b6a...,proofSize=3,blockProofSize=3
info|2026-02-06 18:52:39.194533|blockSubmit-0x000072baf79d26c0|[SCHEDULER][blk-79][BlockTrace]CommitBlock start
info|2026-02-06 18:52:39.195592|blockSubmit-0x000072baf79d26c0|[STORAGE-RocksDB]asyncPrepare,number=79
info|2026-02-06 18:52:39.195742|blockSubmit-0x000072baf79d26c0|[STORAGE-RocksDB]asyncPrepare finished,blockNumber=79,put=7,delete=0,startTS=0,encode(ms)=0,time(ms)=0
info|2026-02-06 18:52:39.195780|blockSubmit-0x000072baf79d26c0|[LEDGER]storeTransactionsAndReceipts,blockNumber=79
info|2026-02-06 18:52:39.196997|ledgerWrite-0x000072bb0b1f96c0|[STORAGE-RocksDB]setRows finished,put=1,dataSize=139,time(ms)=0
info|2026-02-06 18:52:39.197723|blockSubmit-0x000072baf79d26c0|[STORAGE-RocksDB]setRows finished,put=1,dataSize=5670,time(ms)=1
info|2026-02-06 18:52:39.197921|blockSubmit-0x000072baf79d26c0|[LEDGER]storeTransactionsAndReceipts finished,blockNumber=79,blockTxsSize=1,unStoredTxs=1,timeCost=2
info|2026-02-06 18:52:39.198079|blockSubmit-0x000072baf79d26c0|[LEDGER][METRIC]asyncPrewriteBlock,number=79,totalTxs=103,failedTxs=42,incTxs=1,incFailedTxs=0
info|2026-02-06 18:52:39.198566|exec-0x000072bafa9d86c0|[STORAGE-RocksDB]asyncPrepare,number=79
info|2026-02-06 18:52:39.199668|pbftWorker-0x000072baf49cc6c0|[CONSENSUS][PBFT]Receive CommittedProposalRequest,fromIndex=79,size=1
info|2026-02-06 18:52:39.200695|exec-0x000072bafa9d86c0|[STORAGE-KeyPage]parallelTraverse,size=491
info|2026-02-06 18:52:39.200982|exec-0x000072bafa9d86c0|[STORAGE-RocksDB]asyncPrepare finished,blockNumber=79,put=6,delete=3,startTS=0,encode(ms)=2,time(ms)=2
info|2026-02-06 18:52:39.201000|exec-0x000072bafa9d86c0|[EXECUTOR:1770370051][blk-79]Prepare success
info|2026-02-06 18:52:39.205575|exec-0x000072bafa9d86c0|[STORAGE-RocksDB]asyncCommit finished,blockNumber=79,startTS=0,time(ms)=4,callback time(ms)=0,count=16
info|2026-02-06 18:52:39.205839|exec-0x000072bafa1d76c0|[TOOL]fetchCompatibilityVersion
info|2026-02-06 18:52:39.206159|exec-0x000072bafa1d76c0|[TOOL]fetchCompatibilityVersion success,version=3.11.0,versionNumber=51052544,minSupportedVersion=3.0.0-rc4,maxSupportedVersion=3.11.0
info|2026-02-06 18:52:39.206657|exec-0x000072bafa1d76c0|[TOOL]fetchAuthCheckStatus success,value=0
info|2026-02-06 18:52:39.206724|exec-0x000072bafa1d76c0|[EXECUTOR:1770370051]merge keyPage to cachedStorage,number=79
info|2026-02-06 18:52:39.207172|exec-0x000072bafa1d76c0|[STORAGE-KeyPage]parallelTraverse,size=491
info|2026-02-06 18:52:39.207455|exec-0x000072bafa1d76c0|[STORAGE]Successful merged records,count=9
info|2026-02-06 18:52:39.210834|exec-0x000072bafa1d76c0|[SCHEDULER][blk-79][BlockTrace]CommitBlock success,gas limit=3000000000,timeCost=16
info|2026-02-06 18:52:39.211013|exec-0x000072bafa1d76c0|[SCHEDULER][BlockTrace]Notify block result success,blockNumber=79
info|2026-02-06 18:52:39.211028|exec-0x000072bafa1d76c0|[CONSENSUS][PBFT][STORAGE][METRIC]commitStableCheckPoint success,index=79,hash=eaa46b6a...,txs=1,timeCost=17,commitPerTx=17
info|2026-02-06 18:52:39.211084|exec-0x000072bafa1d76c0|[SCHEDULER][blk-79]notify block result success,hash=eaa46b6a...,txsSize=1
info|2026-02-06 18:52:39.211243|blockSubmit-0x000072baf79d26c0|[CONSENSUS][PBFT][METRIC]resetConfig,committedIndex=79,propHash=eaa46b6a...,blockCountLimit=1000,leaderPeriod=1,consensusNodesSize=4
info|2026-02-06 18:52:39.211318|exec-0x000072bafa1d76c0|[STORAGE-RocksDB]asyncCommit finished,blockNumber=79,startTS=0,time(ms)=0,callback time(ms)=6,count=0
info|2026-02-06 18:52:39.211369|blockSubmit-0x000072baf79d26c0|[CONSENSUS][PBFT][METRIC]^^^^^^^^Report,sealer=2,txs=1,committedIndex=79,consNum=80,committedHash=eaa46b6a...,view=3,toView=3,changeCycle=0,expectedCheckPoint=80,Idx=2,unsealedTxs=0,sealUntil=0,waitResealUntil=0,consensusTimeout=3000,nodeId=2346c69c...
info|2026-02-06 18:52:39.211411|blockSubmit-0x000072baf79d26c0|[CONSENSUS][SEALER]asyncNoteLatestBlockNumber,number=79
info|2026-02-06 18:52:39.211418|blockSubmit-0x000072baf79d26c0|[CONSENSUS][SEALER]asyncNoteLatestBlockHash,_hash=eaa46b6a...
info|2026-02-06 18:52:39.211654|blockSubmit-0x000072baf79d26c0|[BLOCK SYNC]#### BlockSyncConfig resetConfig,number=79,consNodeSize=4,observerNodeSize=0,type=CONSENSUS_NODE
info|2026-02-06 18:52:39.212358|blockSubmit-0x000072baf79d26c0|[CONSENSUS][PBFT]notify to seal next proposal,nextProposalIndex=80
info|2026-02-06 18:52:39.214351|blockSubmit-0x000072baf79d26c0|[CONSENSUS][PBFT]removeConsensusedCache finalizeConsensus,view=3,number=79,eraseSize=1,cacheSize=0
info|2026-02-06 18:52:39.214460|blockSubmit-0x000072baf79d26c0|[CONSENSUS][PBFT][STORAGE]asyncRemoveStabledCheckPoint,index=74
info|2026-02-06 18:52:39.214237|submitter-0x000072bb071f16c0|[TXPOOL][METRIC]StatTPS,tps=14,totalTime=67
info|2026-02-06 18:52:39.214544|blockSubmit-0x000072baf79d26c0|[CONSENSUS][PBFT][STORAGE]asyncRemove success,dbName=pbftCommitDB,key=74
info|2026-02-06 18:52:39.215297|submitter-0x000072bb071f16c0|[TXPOOL][METRIC]batchRemove txs success,expectedSize=1,succCount=1,batchId=79,timecost=4,lockT=2,removeT=3,updateLedgerNonceT=0,updateTxPoolNonceT=0
info|2026-02-06 18:52:41.659209|timerFactory-0x000072bad3fff6c0|[RPC][WS][SERVICE]connected nodes,count=0
info|2026-02-06 18:52:41.685508|ioService-0x000072bae3cfd6c0|[P2PService][Service][METRIC]heartBeat,connected count=3
info|2026-02-06 18:52:51.659343|timerFactory-0x000072bad3fff6c0|[RPC][WS][SERVICE]connected nodes,count=0
info|2026-02-06 18:52:51.685743|ioService-0x000072bae3cfd6c0|[P2PService][Service][METRIC]heartBeat,connected count=3
info|2026-02-06 18:53:01.660968|timerFactory-0x000072bad3fff6c0|[RPC][WS][SERVICE]connected nodes,count=0
info|2026-02-06 18:53:01.685979|ioService-0x000072bae3cfd6c0|[P2PService][Service][METRIC]heartBeat,connected count=3
info|2026-02-06 18:53:11.661183|timerFactory-0x000072bad3fff6c0|[RPC][WS][SERVICE]connected nodes,count=0
info|2026-02-06 18:53:11.686188|ioService-0x000072bae3cfd6c0|[P2PService][Service][METRIC]heartBeat,connected count=3
info|2026-02-06 18:53:21.661408|timerFactory-0x000072bad3fff6c0|[RPC][WS][SERVICE]connected nodes,count=0
info|2026-02-06 18:53:21.686442|ioService-0x000072bae3cfd6c0|[P2PService][Service][METRIC]heartBeat,connected count=3
info|2026-02-06 18:53:31.124349|objMonitor-0x000072bac77ff6c0|[startMonitor][AliveObjectMonitor],AliveObjectAllocStat=[ type: bcos::gateway::Socket ,created: 9 ,destroyed: 5 ,alive: 4 ] 
info|2026-02-06 18:53:31.661628|timerFactory-0x000072bad3fff6c0|[RPC][WS][SERVICE]connected nodes,count=0
info|2026-02-06 18:53:31.686665|ioService-0x000072bae3cfd6c0|[P2PService][Service][METRIC]heartBeat,connected count=3
info|2026-02-06 18:53:41.661820|timerFactory-0x000072bad3fff6c0|[RPC][WS][SERVICE]connected nodes,count=0
info|2026-02-06 18:53:41.686871|ioService-0x000072bae3cfd6c0|[P2PService][Service][METRIC]heartBeat,connected count=3
info|2026-02-06 18:53:51.662027|timerFactory-0x000072bad3fff6c0|[RPC][WS][SERVICE]connected nodes,count=0
info|2026-02-06 18:53:51.687177|ioService-0x000072bae3cfd6c0|[P2PService][Service][METRIC]heartBeat,connected count=3
info|2026-02-06 18:54:01.662161|timerFactory-0x000072bad3fff6c0|[RPC][WS][SERVICE]connected nodes,count=0
info|2026-02-06 18:54:01.687716|ioService-0x000072bae3cfd6c0|[P2PService][Service][METRIC]heartBeat,connected count=3
info|2026-02-06 18:54:11.662490|timerFactory-0x000072bad3fff6c0|[RPC][WS][SERVICE]connected nodes,count=0
info|2026-02-06 18:54:11.688726|ioService-0x000072bae3cfd6c0|[P2PService][Service][METRIC]heartBeat,connected count=3
info|2026-02-06 18:54:21.663217|timerFactory-0x000072bad3fff6c0|[RPC][WS][SERVICE]connected nodes,count=0
info|2026-02-06 18:54:21.689798|ioService-0x000072bae3cfd6c0|[P2PService][Service][METRIC]heartBeat,connected count=3
info|2026-02-06 18:54:31.119210|objMonitor-0x000072bac77ff6c0|[startMonitor][AliveObjectMonitor],AliveObjectAllocStat=[ type: bcos::gateway::Socket ,created: 9 ,destroyed: 5 ,alive: 4 ] 
info|2026-02-06 18:54:31.690085|ioService-0x000072bae3cfd6c0|[P2PService][Service][METRIC]heartBeat,connected count=3
info|2026-02-06 18:54:31.710504|timerFactory-0x000072bad3fff6c0|[RPC][WS][SERVICE]connected nodes,count=0
info|2026-02-06 18:54:41.690232|ioService-0x000072bae3cfd6c0|[P2PService][Service][METRIC]heartBeat,connected count=3
info|2026-02-06 18:54:41.710732|timerFactory-0x000072bad3fff6c0|[RPC][WS][SERVICE]connected nodes,count=0
info|2026-02-06 18:54:51.690380|ioService-0x000072bae3cfd6c0|[P2PService][Service][METRIC]heartBeat,connected count=3
info|2026-02-06 18:54:51.710895|timerFactory-0x000072bad3fff6c0|[RPC][WS][SERVICE]connected nodes,count=0
info|2026-02-06 18:55:01.691032|ioService-0x000072bae3cfd6c0|[P2PService][Service][METRIC]heartBeat,connected count=3
info|2026-02-06 18:55:01.711381|timerFactory-0x000072bad3fff6c0|[RPC][WS][SERVICE]connected nodes,count=0
info|2026-02-06 18:55:11.691506|ioService-0x000072bae3cfd6c0|[P2PService][Service][METRIC]heartBeat,connected count=3
info|2026-02-06 18:55:11.711788|timerFactory-0x000072bad3fff6c0|[RPC][WS][SERVICE]connected nodes,count=0
info|2026-02-06 18:55:21.691741|ioService-0x000072bae3cfd6c0|[P2PService][Service][METRIC]heartBeat,connected count=3
info|2026-02-06 18:55:21.711928|timerFactory-0x000072bad3fff6c0|[RPC][WS][SERVICE]connected nodes,count=0
info|2026-02-06 18:55:31.115029|objMonitor-0x000072bac77ff6c0|[startMonitor][AliveObjectMonitor],AliveObjectAllocStat=[ type: bcos::gateway::Socket ,created: 9 ,destroyed: 5 ,alive: 4 ] 
info|2026-02-06 18:55:31.692010|ioService-0x000072bae3cfd6c0|[P2PService][Service][METRIC]heartBeat,connected count=3
info|2026-02-06 18:55:31.712211|timerFactory-0x000072bad3fff6c0|[RPC][WS][SERVICE]connected nodes,count=0
info|2026-02-06 18:55:41.692231|ioService-0x000072bae3cfd6c0|[P2PService][Service][METRIC]heartBeat,connected count=3
info|2026-02-06 18:55:41.719201|timerFactory-0x000072bad3fff6c0|[RPC][WS][SERVICE]connected nodes,count=0
info|2026-02-06 18:55:51.692478|ioService-0x000072bae3cfd6c0|[P2PService][Service][METRIC]heartBeat,connected count=3
info|2026-02-06 18:55:51.719318|timerFactory-0x000072bad3fff6c0|[RPC][WS][SERVICE]connected nodes,count=0
info|2026-02-06 18:56:01.692806|ioService-0x000072bae3cfd6c0|[P2PService][Service][METRIC]heartBeat,connected count=3
info|2026-02-06 18:56:01.719517|timerFactory-0x000072bad3fff6c0|[RPC][WS][SERVICE]connected nodes,count=0
info|2026-02-06 18:56:11.692909|ioService-0x000072bae3cfd6c0|[P2PService][Service][METRIC]heartBeat,connected count=3
info|2026-02-06 18:56:11.719622|timerFactory-0x000072bad3fff6c0|[RPC][WS][SERVICE]connected nodes,count=0
info|2026-02-06 18:56:12.900941|pbft-0x000072bae69ff6c0|[CONSENSUS][PBFT]handlePrePrepareMsg,reqHash=5954039b...,reqIndex=80,reqV=3,fromIdx=3,wait(ms)=0,committedIndex=79,consNum=80,committedHash=eaa46b6a...,view=3,toView=3,changeCycle=0,expectedCheckPoint=80,Idx=2,unsealedTxs=1,sealUntil=0,waitResealUntil=0,consensusTimeout=3000,nodeId=2346c69c...,utc=27831088
info|2026-02-06 18:56:12.901139|pbft-0x000072bae69ff6c0|[TXPOOL]begin asyncVerifyBlock,consNum=80,hash=5954039b...
info|2026-02-06 18:56:12.901471|verifier-0x000072bb061ef6c0|[TXPOOL]batchVerifyProposal,consNum=80,hash=5954039b...,txsSize=1,lockT=0,verifyT=0,missedTxs=0
info|2026-02-06 18:56:12.901514|verifier-0x000072bb061ef6c0|[TXPOOL][METRIC]asyncVerifyBlock finished,consNum=80,hash=5954039b...,code=0,msg=success,result=true,timecost=0
info|2026-02-06 18:56:12.901653|validator-0x000072baf89d46c0|[CONSENSUS][PBFT]asyncResetTxsFlag,index=80,hash=5954039b...,flag=true
info|2026-02-06 18:56:12.901728|validator-0x000072baf89d46c0|[TXPOOL]batchMarkTxs,txsSize=1,batchId=80,hash=5954039b...,sealFlag=true,notFound=0,reSealed=0,succ=1,time=0,markT=0
info|2026-02-06 18:56:12.901752|validator-0x000072baf89d46c0|[CONSENSUS][PBFT]asyncMarkTxs success,index=80,hash=5954039b...,flag=true,markT=0,emptyTxBatchHash=false
info|2026-02-06 18:56:12.901824|pbft-0x000072bae69ff6c0|[CONSENSUS][PBFT]addPrepareCache,reqHash=5954039b...,reqIndex=80,reqV=3,fromIdx=3,wait(ms)=0,committedIndex=79,consNum=80,committedHash=eaa46b6a...,view=3,toView=3,changeCycle=0,expectedCheckPoint=80,Idx=2,unsealedTxs=0,sealUntil=0,waitResealUntil=0,consensusTimeout=3000,nodeId=2346c69c...,weight=1
info|2026-02-06 18:56:12.901872|verifier-0x000072bb061ef6c0|[CONSENSUS][PBFT]handlePrePrepareMsg,reqHash=5954039b...,reqIndex=80,reqV=3,fromIdx=3,wait(ms)=1,committedIndex=79,consNum=80,committedHash=eaa46b6a...,view=3,toView=3,changeCycle=0,expectedCheckPoint=80,Idx=2,unsealedTxs=0,sealUntil=0,waitResealUntil=0,consensusTimeout=3000,nodeId=2346c69c...,utc=27831089
info|2026-02-06 18:56:12.901933|verifier-0x000072bb061ef6c0|[CONSENSUS][PBFT]addPrePrepareCache,reqHash=5954039b...,reqIndex=80,reqV=3,fromIdx=3,wait(ms)=1,sys=false,committedIndex=79,consNum=80,committedHash=eaa46b6a...,view=3,toView=3,changeCycle=0,expectedCheckPoint=80,Idx=2,unsealedTxs=0,sealUntil=0,waitResealUntil=0,consensusTimeout=3000,nodeId=2346c69c...
info|2026-02-06 18:56:12.901945|verifier-0x000072bb061ef6c0|[CONSENSUS][PBFT]notify the committed proposal index to the sync module success,index=80
info|2026-02-06 18:56:12.901981|validator-0x000072baf91d56c0|[CONSENSUS][PBFT]asyncResetTxsFlag,index=80,hash=5954039b...,flag=true
info|2026-02-06 18:56:12.902035|validator-0x000072baf91d56c0|[TXPOOL]batchMarkTxs,txsSize=1,batchId=80,hash=5954039b...,sealFlag=true,notFound=0,reSealed=0,succ=1,time=0,markT=0
info|2026-02-06 18:56:12.902103|validator-0x000072baf91d56c0|[CONSENSUS][PBFT]asyncMarkTxs success,index=80,hash=5954039b...,flag=true,markT=0,emptyTxBatchHash=false
info|2026-02-06 18:56:12.902072|verifier-0x000072bb061ef6c0|[CONSENSUS][PBFT]addPrepareCache,reqHash=5954039b...,reqIndex=80,reqV=3,fromIdx=2,wait(ms)=1,committedIndex=79,consNum=80,committedHash=eaa46b6a...,view=3,toView=3,changeCycle=0,expectedCheckPoint=80,Idx=2,unsealedTxs=0,sealUntil=0,waitResealUntil=0,consensusTimeout=3000,nodeId=2346c69c...,weight=2
info|2026-02-06 18:56:12.902184|verifier-0x000072bb061ef6c0|[CONSENSUS][PBFT]broadcast prepare packet,packetSize=230,index=80
info|2026-02-06 18:56:12.902328|verifier-0x000072bb061ef6c0|[CONSENSUS][PBFT]handlePrePrepareMsg and broadcast prepare packet,reqHash=5954039b...,reqIndex=80,reqV=3,fromIdx=3,wait(ms)=2,committedIndex=79,consNum=80,committedHash=eaa46b6a...,view=3,toView=3,changeCycle=0,expectedCheckPoint=80,Idx=2,unsealedTxs=0,sealUntil=0,waitResealUntil=0,consensusTimeout=3000,nodeId=2346c69c...
info|2026-02-06 18:56:12.902486|txsPreStore-0x000072bb051ed6c0|[TXPOOL]storeVerifiedBlock fetch block number from LedgerConfig
info|2026-02-06 18:56:12.902958|txsPreStore-0x000072bb051ed6c0|[TOOL]LedgerConfigFetcher: fetchBlockNumber success,blockNumber=79
info|2026-02-06 18:56:12.902978|txsPreStore-0x000072bb051ed6c0|[TXPOOL]storeVerifiedBlock,consNum=80,hash=5954039b...,txsSize=1
info|2026-02-06 18:56:12.903022|txsPreStore-0x000072bb051ed6c0|[LEDGER]asyncPreStoreBlockTxs: needStoreUnsavedTxs,txsSize=1,unstoredTxs=1,number=80
info|2026-02-06 18:56:12.903264|txsPreStore-0x000072bb051ed6c0|[STORAGE-RocksDB]setRows finished,put=1,dataSize=9645,time(ms)=0
info|2026-02-06 18:56:12.903269|txsPreStore-0x000072bb051ed6c0|[LEDGER]asyncPreStoreBlockTxs: store uncommitted txs,blockNumber=80,blockTxsSize=1,unStoredTxs=1,msg=success,code=0,timeCost=0
info|2026-02-06 18:56:12.903274|txsPreStore-0x000072bb051ed6c0|[TXPOOL]storeVerifiedBlock success,consNum=80,hash=5954039b...,timecost=1
info|2026-02-06 18:56:12.909692|pbft-0x000072bae69ff6c0|[CONSENSUS][PBFT]addPrepareCache,reqHash=5954039b...,reqIndex=80,reqV=3,fromIdx=0,wait(ms)=3,committedIndex=79,consNum=80,committedHash=eaa46b6a...,view=3,toView=3,changeCycle=0,expectedCheckPoint=80,Idx=2,unsealedTxs=0,sealUntil=0,waitResealUntil=0,consensusTimeout=3000,nodeId=2346c69c...,weight=3
info|2026-02-06 18:56:12.909765|pbft-0x000072bae69ff6c0|[CONSENSUS][PBFT]setSignatureList,signatureSize=3,propHash=5954039b...,propIndex=80
info|2026-02-06 18:56:12.909780|pbft-0x000072bae69ff6c0|[CONSENSUS][PBFT]intoPrecommit,reqHash=5954039b...,reqIndex=80,reqV=3,fromIdx=2,wait(ms)=9,committedIndex=79,consNum=80,committedHash=eaa46b6a...,view=3,toView=3,changeCycle=0,expectedCheckPoint=80,Idx=2,unsealedTxs=0,sealUntil=0,waitResealUntil=0,consensusTimeout=3000,nodeId=2346c69c...
info|2026-02-06 18:56:12.909819|pbft-0x000072bae69ff6c0|[CONSENSUS][PBFT]addCommitCache,reqHash=5954039b...,reqIndex=80,reqV=3,fromIdx=2,wait(ms)=0,committedIndex=79,consNum=80,committedHash=eaa46b6a...,view=3,toView=3,changeCycle=0,expectedCheckPoint=80,Idx=2,unsealedTxs=0,sealUntil=0,waitResealUntil=0,consensusTimeout=3000,nodeId=2346c69c...,weight=1
info|2026-02-06 18:56:12.909825|pbft-0x000072bae69ff6c0|[CONSENSUS][PBFT]checkAndPreCommit: broadcast commitMsg,Idx=2,hash=5954039b...,index=80
info|2026-02-06 18:56:12.909991|pbft-0x000072bae69ff6c0|[CONSENSUS][PBFT]addCommitCache,reqHash=5954039b...,reqIndex=80,reqV=3,fromIdx=3,wait(ms)=1,committedIndex=79,consNum=80,committedHash=eaa46b6a...,view=3,toView=3,changeCycle=0,expectedCheckPoint=80,Idx=2,unsealedTxs=0,sealUntil=0,waitResealUntil=0,consensusTimeout=3000,nodeId=2346c69c...,weight=2
info|2026-02-06 18:56:12.910254|pbft-0x000072bae69ff6c0|[CONSENSUS][PBFT]addCommitCache,reqHash=5954039b...,reqIndex=80,reqV=3,fromIdx=0,wait(ms)=0,committedIndex=79,consNum=80,committedHash=eaa46b6a...,view=3,toView=3,changeCycle=0,expectedCheckPoint=80,Idx=2,unsealedTxs=0,sealUntil=0,waitResealUntil=0,consensusTimeout=3000,nodeId=2346c69c...,weight=3
info|2026-02-06 18:56:12.910301|pbft-0x000072bae69ff6c0|[CONSENSUS][PBFT]checkAndCommit,propHash=5954039b...,propIndex=80,committedIndex=79,consNum=80,committedHash=eaa46b6a...,view=3,toView=3,changeCycle=0,expectedCheckPoint=80,Idx=2,unsealedTxs=0,sealUntil=0,waitResealUntil=0,consensusTimeout=3000,nodeId=2346c69c...
info|2026-02-06 18:56:12.910313|pbft-0x000072bae69ff6c0|[CONSENSUS][PBFT]######## CommitProposal,propHash=5954039b...,propIndex=80,sys=false,committedIndex=79,consNum=80,committedHash=eaa46b6a...,view=3,toView=3,changeCycle=0,expectedCheckPoint=80,Idx=2,unsealedTxs=0,sealUntil=0,waitResealUntil=0,consensusTimeout=3000,nodeId=2346c69c...
info|2026-02-06 18:56:12.910328|pbft-0x000072bae69ff6c0|[CONSENSUS][PBFT]notify to seal next proposal,nextProposalIndex=81
info|2026-02-06 18:56:12.910395|pbft-0x000072bae69ff6c0|[CONSENSUS][PBFT]notify to seal next proposal,nextProposalIndex=81
info|2026-02-06 18:56:12.910415|pbft-0x000072bae69ff6c0|[CONSENSUS][PBFT]applyStateMachine,index=80,hash=5954039b...,committedIndex=79,consNum=80,committedHash=eaa46b6a...,view=3,toView=3,changeCycle=0,expectedCheckPoint=80,Idx=2,unsealedTxs=0,sealUntil=0,waitResealUntil=0,consensusTimeout=3000,nodeId=2346c69c...,unAppliedProposals=0
info|2026-02-06 18:56:12.910755|preExeScheduler-0x000072babd7fb6c0|[SCHEDULER][METRIC][BlockTrace][blk-80]preExeBlock success,blockHeader.timestamp=1770375372900,metaTxCount=1,timeCost=0
info|2026-02-06 18:56:12.910763|exeScheduler-0x000072babe7fd6c0|[SCHEDULER][METRIC][blk-80]ExecuteBlock request,gasLimit=3000000000,gasPrice=0x0,verify=false,signatureSize=0,txCount=0,metaTxCount=1,version=3.11.0,waitT=0
info|2026-02-06 18:56:12.910873|exeScheduler-0x000072babe7fd6c0|[SCHEDULER][blk-80][BlockTrace]ExecuteBlock start,time(ms)=0
info|2026-02-06 18:56:12.910901|exeScheduler-0x000072babe7fd6c0|[SCHEDULER][serialExecute][blk-80][BlockTrace]serialExecute execute block
info|2026-02-06 18:56:12.910905|exeScheduler-0x000072babe7fd6c0|[SCHEDULER][serialExecute][blk-80][BlockTrace]serialExecute batch next block
info|2026-02-06 18:56:12.910920|exeScheduler-0x000072babe7fd6c0|[SCHEDULER][blk-80][BlockTrace]NextBlock request,executorNum=1
info|2026-02-06 18:56:12.911883|exec-0x000072bb039ea6c0|[SCHEDULER][blk-80][BlockTrace]NextBlock success,executorNum=1,timeCost=1
info|2026-02-06 18:56:12.911928|exec-0x000072bb039ea6c0|[SCHEDULER][serialExecute][blk-80][BlockTrace]serialExecute block begin
info|2026-02-06 18:56:12.913083|Unnamed-0x000072bab25ef6c0|[STORAGE-KeyPage]empty table,table=/apps/fa17c5ae68ba134caa99f42a6d5128a99953abb6_accessAuth,key=61646d696e
info|2026-02-06 18:56:12.913399|Unnamed-0x000072bab25ef6c0|[STORAGE-KeyPage]empty table,table=/apps/fa17c5ae68ba134caa99f42a6d5128a99953abb6,key=0000000000000000000000000000000000000000000000000000000000000002
info|2026-02-06 18:56:12.913889|exec-0x000072bb029e86c0|[STORAGE-KeyPage]hash,size=29,blockVersion=51052544,readLength=6360,writeLength=9729,pageCount=2,entrycount=4,entriesHash=9d1784316cbe70c5582053ebcfea57042b75abc5a18d8589f564b71b95c8cfa4,pagesHash=6867eb522a60db2b9697904165a80c49a2532a8c80673d6ae931c4d3f9c04da7,totalHash=f5706f6346deabeeceb7c3aaaa425b4d8926814921eab8e31c5573c86c088203
info|2026-02-06 18:56:12.913920|exec-0x000072bb029e86c0|[EXECUTOR:1770370051][blk-80]GetTableHashes success,hash=f5706f6346deabeeceb7c3aaaa425b4d8926814921eab8e31c5573c86c088203,time(ms)=0
info|2026-02-06 18:56:12.914154|exec-0x000072bb029e86c0|[SCHEDULER][blk-80][BlockTrace]ExecuteBlock success,hash=d9ba2d98...,stateRoot=f5706f6346deabeeceb7c3aaaa425b4d8926814921eab8e31c5573c86c088203,receiptRoot=6defb3bdcd91d3bad8abeddfadf0e43038736079d7c40f9875d5d04d7a352461,txsRoot=82bca37d...,gasUsed=122115,signatureSize=0,timeCost=4,blockVersion=51052544
info|2026-02-06 18:56:12.914286|exec-0x000072bb029e86c0|[CONSENSUS][Core][METRIC]asyncExecuteBlock success,sysBlock=false,number=80,result=d9ba2d98...,txsSize=1,txsRoot=82bca37d...,receiptsRoot=6defb3bd...,stateRoot=f5706f63...,timeCost=4,execPerTx=4
info|2026-02-06 18:56:12.914341|exec-0x000072bb029e86c0|[CONSENSUS][PBFT]applyStateMachine finished,index=80,beforeExec=5954039b...,afterExec=d9ba2d98...,committedIndex=79,consNum=80,committedHash=eaa46b6a...,view=3,toView=3,changeCycle=0,expectedCheckPoint=80,Idx=2,unsealedTxs=0,sealUntil=0,waitResealUntil=0,consensusTimeout=3000,nodeId=2346c69c...,timecost=4
info|2026-02-06 18:56:12.914438|pbftWorker-0x000072baf61cf6c0|[CONSENSUS][PBFT][STORAGE]asyncCommitProposal: write the committed proposal into db,index=80
info|2026-02-06 18:56:12.914661|pbftWorker-0x000072baf61cf6c0|[CONSENSUS][PBFT][STORAGE]asyncPutProposal: commit success,dbName=pbftCommitDB,key=max_committed_proposal,number=80,timecost=0,dataSize=2
info|2026-02-06 18:56:12.914706|pbftWorker-0x000072baf61cf6c0|[CONSENSUS][PBFT][STORAGE]asyncPutProposal: commit success,dbName=pbftCommitDB,key=80,number=80,timecost=0,dataSize=635
info|2026-02-06 18:56:12.914987|pbftWorker-0x000072baf61cf6c0|[CONSENSUS][PBFT]addCheckPointMsg,reqHash=d9ba2d98...,reqIndex=80,reqV=3,fromIdx=2,wait(ms)=0,Idx=2,weight=1,minRequiredWeight=3
info|2026-02-06 18:56:12.915011|pbftWorker-0x000072baf61cf6c0|[CONSENSUS][PBFT]setCheckPointProposal,propHash=d9ba2d98...,propIndex=80,committedIndex=79,consNum=80,committedHash=eaa46b6a...,view=3,toView=3,changeCycle=0,expectedCheckPoint=80,Idx=2,unsealedTxs=0,sealUntil=0,waitResealUntil=0,consensusTimeout=3000,nodeId=2346c69c...
info|2026-02-06 18:56:12.915020|pbftWorker-0x000072baf61cf6c0|[CONSENSUS][PBFT]PBFTConfig: setExpectedCheckPoint,committedIndex=79,consNum=80,committedHash=eaa46b6a...,view=3,toView=3,changeCycle=0,expectedCheckPoint=81,Idx=2,unsealedTxs=0,sealUntil=0,waitResealUntil=0,consensusTimeout=3000,nodeId=2346c69c...,expectedCheckPoint=81
info|2026-02-06 18:56:12.915030|pbftWorker-0x000072baf61cf6c0|[CONSENSUS][PBFT]notify to seal next proposal,nextProposalIndex=81
info|2026-02-06 18:56:12.915050|pbftWorker-0x000072baf61cf6c0|[CONSENSUS][PBFT]onProposalApplySuccess,index=80,hash=d9ba2d98...,lockT=0,timecost=1
info|2026-02-06 18:56:12.915713|pbft-0x000072bae69ff6c0|[CONSENSUS][PBFT]handleCheckPointMsg: try to add the checkpoint message into the cache,reqHash=d9ba2d98...,reqIndex=80,reqV=3,fromIdx=0,wait(ms)=0,committedIndex=79,consNum=80,committedHash=eaa46b6a...,view=3,toView=3,changeCycle=0,expectedCheckPoint=81,Idx=2,unsealedTxs=0,sealUntil=0,waitResealUntil=0,consensusTimeout=3000,nodeId=2346c69c...
info|2026-02-06 18:56:12.915761|pbft-0x000072bae69ff6c0|[CONSENSUS][PBFT]addCheckPointMsg,reqHash=d9ba2d98...,reqIndex=80,reqV=3,fromIdx=0,wait(ms)=0,Idx=2,weight=2,minRequiredWeight=3
info|2026-02-06 18:56:12.915775|pbft-0x000072bae69ff6c0|[CONSENSUS][PBFT]notify to seal next proposal,nextProposalIndex=81
info|2026-02-06 18:56:12.916385|pbft-0x000072bae69ff6c0|[CONSENSUS][PBFT]handleCheckPointMsg: try to add the checkpoint message into the cache,reqHash=d9ba2d98...,reqIndex=80,reqV=3,fromIdx=3,wait(ms)=0,committedIndex=79,consNum=80,committedHash=eaa46b6a...,view=3,toView=3,changeCycle=0,expectedCheckPoint=81,Idx=2,unsealedTxs=0,sealUntil=0,waitResealUntil=0,consensusTimeout=3000,nodeId=2346c69c...
info|2026-02-06 18:56:12.916421|pbft-0x000072bae69ff6c0|[CONSENSUS][PBFT]addCheckPointMsg,reqHash=d9ba2d98...,reqIndex=80,reqV=3,fromIdx=3,wait(ms)=0,Idx=2,weight=3,minRequiredWeight=3
info|2026-02-06 18:56:12.916432|pbft-0x000072bae69ff6c0|[CONSENSUS][PBFT]notify to seal next proposal,nextProposalIndex=81
info|2026-02-06 18:56:12.916437|pbft-0x000072bae69ff6c0|[CONSENSUS][PBFT]setSignatureList,signatureSize=3,propHash=d9ba2d98...,propIndex=80
info|2026-02-06 18:56:12.916441|pbft-0x000072bae69ff6c0|[CONSENSUS][PBFT]checkAndCommitStableCheckPoint,index=80,hash=d9ba2d98...,committedIndex=79,consNum=80,committedHash=eaa46b6a...,view=3,toView=3,changeCycle=0,expectedCheckPoint=81,Idx=2,unsealedTxs=0,sealUntil=0,waitResealUntil=0,consensusTimeout=3000,nodeId=2346c69c...
info|2026-02-06 18:56:12.916462|pbft-0x000072bae69ff6c0|[CONSENSUS][PBFT]updateStableCheckPointQueue: insert new checkpoint proposal,index=80,hash=d9ba2d98...,committedIndex=79,consNum=80,committedHash=eaa46b6a...,view=3,toView=3,changeCycle=0,expectedCheckPoint=81,Idx=2,unsealedTxs=0,sealUntil=0,waitResealUntil=0,consensusTimeout=3000,nodeId=2346c69c...
info|2026-02-06 18:56:12.916470|pbft-0x000072bae69ff6c0|[CONSENSUS][PBFT]updateStableCheckPointQueue: commit stable checkpoint,index=80,committedIndex=79
info|2026-02-06 18:56:12.916482|pbft-0x000072bae69ff6c0|[CONSENSUS][PBFT]asyncCommitStableCheckPoint: set signatureList,index=80,hash=d9ba2d98...,proofSize=3,blockProofSize=3
info|2026-02-06 18:56:12.916598|blockSubmit-0x000072baf79d26c0|[SCHEDULER][blk-80][BlockTrace]CommitBlock start
info|2026-02-06 18:56:12.916985|blockSubmit-0x000072baf79d26c0|[STORAGE-RocksDB]asyncPrepare,number=80
info|2026-02-06 18:56:12.917238|blockSubmit-0x000072baf79d26c0|[STORAGE-RocksDB]asyncPrepare finished,blockNumber=80,put=7,delete=0,startTS=0,encode(ms)=0,time(ms)=0
info|2026-02-06 18:56:12.917401|blockSubmit-0x000072baf79d26c0|[LEDGER]storeTransactionsAndReceipts,blockNumber=80
info|2026-02-06 18:56:12.917561|exec-0x000072bb019e66c0|[STORAGE-RocksDB]asyncPrepare,number=80
info|2026-02-06 18:56:12.917628|ledgerWrite-0x000072bb0a9f86c0|[STORAGE-RocksDB]setRows finished,put=1,dataSize=140,time(ms)=1
info|2026-02-06 18:56:12.917715|blockSubmit-0x000072baf79d26c0|[LEDGER]storeTransactionsAndReceipts finished,blockNumber=80,blockTxsSize=1,unStoredTxs=0,timeCost=0
info|2026-02-06 18:56:12.917817|blockSubmit-0x000072baf79d26c0|[LEDGER][METRIC]asyncPrewriteBlock,number=80,totalTxs=104,failedTxs=42,incTxs=1,incFailedTxs=0
info|2026-02-06 18:56:12.918043|exec-0x000072bb019e66c0|[STORAGE-KeyPage]parallelTraverse,size=9756
info|2026-02-06 18:56:12.918278|exec-0x000072bb019e66c0|[STORAGE-RocksDB]asyncPrepare finished,blockNumber=80,put=8,delete=2,startTS=0,encode(ms)=0,time(ms)=0
info|2026-02-06 18:56:12.918309|exec-0x000072bb019e66c0|[EXECUTOR:1770370051][blk-80]Prepare success
info|2026-02-06 18:56:12.918459|exec-0x000072bb019e66c0|[STORAGE-RocksDB]asyncCommit finished,blockNumber=80,startTS=0,time(ms)=0,callback time(ms)=0,count=17
info|2026-02-06 18:56:12.918501|exec-0x000072bb019e66c0|[TOOL]fetchCompatibilityVersion
info|2026-02-06 18:56:12.918598|exec-0x000072bb019e66c0|[TOOL]fetchCompatibilityVersion success,version=3.11.0,versionNumber=51052544,minSupportedVersion=3.0.0-rc4,maxSupportedVersion=3.11.0
info|2026-02-06 18:56:12.918636|exec-0x000072bb019e66c0|[TOOL]fetchAuthCheckStatus success,value=0
info|2026-02-06 18:56:12.918643|exec-0x000072bb019e66c0|[EXECUTOR:1770370051]merge keyPage to cachedStorage,number=80
info|2026-02-06 18:56:12.918713|exec-0x000072bb019e66c0|[STORAGE-KeyPage]parallelTraverse,size=9756
info|2026-02-06 18:56:12.918729|exec-0x000072bb019e66c0|[STORAGE]Successful merged records,count=10
info|2026-02-06 18:56:12.923673|exec-0x000072bb019e66c0|[SCHEDULER][blk-80][BlockTrace]CommitBlock success,gas limit=3000000000,timeCost=7
info|2026-02-06 18:56:12.925173|exec-0x000072bb019e66c0|[SCHEDULER][BlockTrace]Notify block result success,blockNumber=80
info|2026-02-06 18:56:12.925252|exec-0x000072bb019e66c0|[CONSENSUS][PBFT][STORAGE][METRIC]commitStableCheckPoint success,index=80,hash=d9ba2d98...,txs=1,timeCost=9,commitPerTx=9
info|2026-02-06 18:56:12.925369|exec-0x000072bb019e66c0|[SCHEDULER][blk-80]notify block result success,hash=d9ba2d98...,txsSize=1
info|2026-02-06 18:56:12.925397|blockSubmit-0x000072baf79d26c0|[CONSENSUS][PBFT][METRIC]resetConfig,committedIndex=80,propHash=d9ba2d98...,blockCountLimit=1000,leaderPeriod=1,consensusNodesSize=4
info|2026-02-06 18:56:12.925601|blockSubmit-0x000072baf79d26c0|[CONSENSUS][PBFT][METRIC]^^^^^^^^Report,sealer=3,txs=1,committedIndex=80,consNum=81,committedHash=d9ba2d98...,view=3,toView=3,changeCycle=0,expectedCheckPoint=81,Idx=2,unsealedTxs=0,sealUntil=0,waitResealUntil=0,consensusTimeout=3000,nodeId=2346c69c...
info|2026-02-06 18:56:12.925637|blockSubmit-0x000072baf79d26c0|[CONSENSUS][SEALER]asyncNoteLatestBlockNumber,number=80
info|2026-02-06 18:56:12.925641|blockSubmit-0x000072baf79d26c0|[CONSENSUS][SEALER]asyncNoteLatestBlockHash,_hash=d9ba2d98...
info|2026-02-06 18:56:12.925658|exec-0x000072bb019e66c0|[STORAGE-RocksDB]asyncCommit finished,blockNumber=80,startTS=0,time(ms)=0,callback time(ms)=8,count=0
info|2026-02-06 18:56:12.925766|blockSubmit-0x000072baf79d26c0|[BLOCK SYNC]#### BlockSyncConfig resetConfig,number=80,consNodeSize=4,observerNodeSize=0,type=CONSENSUS_NODE
info|2026-02-06 18:56:12.926820|blockSubmit-0x000072baf79d26c0|[CONSENSUS][PBFT]notify to seal next proposal,nextProposalIndex=81
info|2026-02-06 18:56:12.926946|blockSubmit-0x000072baf79d26c0|[CONSENSUS][PBFT]removeConsensusedCache finalizeConsensus,view=3,number=80,eraseSize=1,cacheSize=0
info|2026-02-06 18:56:12.927014|blockSubmit-0x000072baf79d26c0|[CONSENSUS][PBFT][STORAGE]asyncRemoveStabledCheckPoint,index=75
info|2026-02-06 18:56:12.927072|blockSubmit-0x000072baf79d26c0|[CONSENSUS][PBFT][STORAGE]asyncRemove success,dbName=pbftCommitDB,key=75
info|2026-02-06 18:56:12.926696|submitter-0x000072bb0c1fb6c0|[TXPOOL][METRIC]StatTPS,tps=35,totalTime=28
info|2026-02-06 18:56:12.928386|submitter-0x000072bb0c1fb6c0|[TXPOOL][METRIC]batchRemove txs success,expectedSize=1,succCount=1,batchId=80,timecost=3,lockT=1,removeT=2,updateLedgerNonceT=0,updateTxPoolNonceT=0
info|2026-02-06 18:56:16.160063|pbft-0x000072bae69ff6c0|[CONSENSUS][PBFT]handlePrePrepareMsg,reqHash=713bf2f7...,reqIndex=81,reqV=3,fromIdx=0,wait(ms)=0,committedIndex=80,consNum=81,committedHash=d9ba2d98...,view=3,toView=3,changeCycle=0,expectedCheckPoint=81,Idx=2,unsealedTxs=1,sealUntil=0,waitResealUntil=0,consensusTimeout=3000,nodeId=2346c69c...,utc=27834347
info|2026-02-06 18:56:16.160343|pbft-0x000072bae69ff6c0|[TXPOOL]begin asyncVerifyBlock,consNum=81,hash=713bf2f7...
info|2026-02-06 18:56:16.160603|verifier-0x000072bb069f06c0|[TXPOOL]batchVerifyProposal,consNum=81,hash=713bf2f7...,txsSize=1,lockT=0,verifyT=0,missedTxs=0
info|2026-02-06 18:56:16.160649|verifier-0x000072bb069f06c0|[TXPOOL][METRIC]asyncVerifyBlock finished,consNum=81,hash=713bf2f7...,code=0,msg=success,result=true,timecost=0
info|2026-02-06 18:56:16.160685|verifier-0x000072bb069f06c0|[CONSENSUS][PBFT]handlePrePrepareMsg,reqHash=713bf2f7...,reqIndex=81,reqV=3,fromIdx=0,wait(ms)=0,committedIndex=80,consNum=81,committedHash=d9ba2d98...,view=3,toView=3,changeCycle=0,expectedCheckPoint=81,Idx=2,unsealedTxs=1,sealUntil=0,waitResealUntil=0,consensusTimeout=3000,nodeId=2346c69c...,utc=27834348
info|2026-02-06 18:56:16.160703|validator-0x000072baf89d46c0|[CONSENSUS][PBFT]asyncResetTxsFlag,index=81,hash=713bf2f7...,flag=true
info|2026-02-06 18:56:16.160717|validator-0x000072baf89d46c0|[TXPOOL]batchMarkTxs,txsSize=1,batchId=81,hash=713bf2f7...,sealFlag=true,notFound=0,reSealed=0,succ=1,time=0,markT=0
info|2026-02-06 18:56:16.160726|validator-0x000072baf89d46c0|[CONSENSUS][PBFT]asyncMarkTxs success,index=81,hash=713bf2f7...,flag=true,markT=0,emptyTxBatchHash=false
info|2026-02-06 18:56:16.160778|verifier-0x000072bb069f06c0|[CONSENSUS][PBFT]addPrePrepareCache,reqHash=713bf2f7...,reqIndex=81,reqV=3,fromIdx=0,wait(ms)=0,sys=false,committedIndex=80,consNum=81,committedHash=d9ba2d98...,view=3,toView=3,changeCycle=0,expectedCheckPoint=81,Idx=2,unsealedTxs=0,sealUntil=0,waitResealUntil=0,consensusTimeout=3000,nodeId=2346c69c...
info|2026-02-06 18:56:16.160790|validator-0x000072baf91d56c0|[CONSENSUS][PBFT]asyncResetTxsFlag,index=81,hash=713bf2f7...,flag=true
info|2026-02-06 18:56:16.160802|validator-0x000072baf91d56c0|[TXPOOL]batchMarkTxs,txsSize=1,batchId=81,hash=713bf2f7...,sealFlag=true,notFound=0,reSealed=0,succ=1,time=0,markT=0
info|2026-02-06 18:56:16.160811|verifier-0x000072bb069f06c0|[CONSENSUS][PBFT]notify the committed proposal index to the sync module success,index=81
info|2026-02-06 18:56:16.160864|validator-0x000072baf91d56c0|[CONSENSUS][PBFT]asyncMarkTxs success,index=81,hash=713bf2f7...,flag=true,markT=0,emptyTxBatchHash=false
info|2026-02-06 18:56:16.160903|verifier-0x000072bb069f06c0|[CONSENSUS][PBFT]addPrepareCache,reqHash=713bf2f7...,reqIndex=81,reqV=3,fromIdx=2,wait(ms)=0,committedIndex=80,consNum=81,committedHash=d9ba2d98...,view=3,toView=3,changeCycle=0,expectedCheckPoint=81,Idx=2,unsealedTxs=0,sealUntil=0,waitResealUntil=0,consensusTimeout=3000,nodeId=2346c69c...,weight=1
info|2026-02-06 18:56:16.160948|verifier-0x000072bb069f06c0|[CONSENSUS][PBFT]broadcast prepare packet,packetSize=228,index=81
info|2026-02-06 18:56:16.161497|verifier-0x000072bb069f06c0|[CONSENSUS][PBFT]handlePrePrepareMsg and broadcast prepare packet,reqHash=713bf2f7...,reqIndex=81,reqV=3,fromIdx=0,wait(ms)=1,committedIndex=80,consNum=81,committedHash=d9ba2d98...,view=3,toView=3,changeCycle=0,expectedCheckPoint=81,Idx=2,unsealedTxs=0,sealUntil=0,waitResealUntil=0,consensusTimeout=3000,nodeId=2346c69c...
info|2026-02-06 18:56:16.161602|txsPreStore-0x000072bb051ed6c0|[TXPOOL]storeVerifiedBlock fetch block number from LedgerConfig
info|2026-02-06 18:56:16.161808|txsPreStore-0x000072bb051ed6c0|[TOOL]LedgerConfigFetcher: fetchBlockNumber success,blockNumber=80
info|2026-02-06 18:56:16.161831|txsPreStore-0x000072bb051ed6c0|[TXPOOL]storeVerifiedBlock,consNum=81,hash=713bf2f7...,txsSize=1
info|2026-02-06 18:56:16.161848|txsPreStore-0x000072bb051ed6c0|[LEDGER]asyncPreStoreBlockTxs: needStoreUnsavedTxs,txsSize=1,unstoredTxs=1,number=81
info|2026-02-06 18:56:16.161917|txsPreStore-0x000072bb051ed6c0|[STORAGE-RocksDB]setRows finished,put=1,dataSize=10903,time(ms)=0
info|2026-02-06 18:56:16.161902|pbft-0x000072bae69ff6c0|[CONSENSUS][PBFT]addPrepareCache,reqHash=713bf2f7...,reqIndex=81,reqV=3,fromIdx=3,wait(ms)=0,committedIndex=80,consNum=81,committedHash=d9ba2d98...,view=3,toView=3,changeCycle=0,expectedCheckPoint=81,Idx=2,unsealedTxs=0,sealUntil=0,waitResealUntil=0,consensusTimeout=3000,nodeId=2346c69c...,weight=2
info|2026-02-06 18:56:16.161936|txsPreStore-0x000072bb051ed6c0|[LEDGER]asyncPreStoreBlockTxs: store uncommitted txs,blockNumber=81,blockTxsSize=1,unStoredTxs=1,msg=success,code=0,timeCost=0
info|2026-02-06 18:56:16.161945|txsPreStore-0x000072bb051ed6c0|[TXPOOL]storeVerifiedBlock success,consNum=81,hash=713bf2f7...,timecost=0
info|2026-02-06 18:56:16.162242|pbft-0x000072bae69ff6c0|[CONSENSUS][PBFT]addPrepareCache,reqHash=713bf2f7...,reqIndex=81,reqV=3,fromIdx=0,wait(ms)=1,committedIndex=80,consNum=81,committedHash=d9ba2d98...,view=3,toView=3,changeCycle=0,expectedCheckPoint=81,Idx=2,unsealedTxs=0,sealUntil=0,waitResealUntil=0,consensusTimeout=3000,nodeId=2346c69c...,weight=3
info|2026-02-06 18:56:16.162276|pbft-0x000072bae69ff6c0|[CONSENSUS][PBFT]setSignatureList,signatureSize=3,propHash=713bf2f7...,propIndex=81
info|2026-02-06 18:56:16.162534|pbft-0x000072bae69ff6c0|[CONSENSUS][PBFT]intoPrecommit,reqHash=713bf2f7...,reqIndex=81,reqV=3,fromIdx=2,wait(ms)=2,committedIndex=80,consNum=81,committedHash=d9ba2d98...,view=3,toView=3,changeCycle=0,expectedCheckPoint=81,Idx=2,unsealedTxs=0,sealUntil=0,waitResealUntil=0,consensusTimeout=3000,nodeId=2346c69c...
info|2026-02-06 18:56:16.162589|pbft-0x000072bae69ff6c0|[CONSENSUS][PBFT]addCommitCache,reqHash=713bf2f7...,reqIndex=81,reqV=3,fromIdx=2,wait(ms)=0,committedIndex=80,consNum=81,committedHash=d9ba2d98...,view=3,toView=3,changeCycle=0,expectedCheckPoint=81,Idx=2,unsealedTxs=0,sealUntil=0,waitResealUntil=0,consensusTimeout=3000,nodeId=2346c69c...,weight=1
info|2026-02-06 18:56:16.162598|pbft-0x000072bae69ff6c0|[CONSENSUS][PBFT]checkAndPreCommit: broadcast commitMsg,Idx=2,hash=713bf2f7...,index=81
info|2026-02-06 18:56:16.162787|pbft-0x000072bae69ff6c0|[CONSENSUS][PBFT]addCommitCache,reqHash=713bf2f7...,reqIndex=81,reqV=3,fromIdx=3,wait(ms)=0,committedIndex=80,consNum=81,committedHash=d9ba2d98...,view=3,toView=3,changeCycle=0,expectedCheckPoint=81,Idx=2,unsealedTxs=0,sealUntil=0,waitResealUntil=0,consensusTimeout=3000,nodeId=2346c69c...,weight=2
info|2026-02-06 18:56:16.163205|pbft-0x000072bae69ff6c0|[CONSENSUS][PBFT]addCommitCache,reqHash=713bf2f7...,reqIndex=81,reqV=3,fromIdx=0,wait(ms)=1,committedIndex=80,consNum=81,committedHash=d9ba2d98...,view=3,toView=3,changeCycle=0,expectedCheckPoint=81,Idx=2,unsealedTxs=0,sealUntil=0,waitResealUntil=0,consensusTimeout=3000,nodeId=2346c69c...,weight=3
info|2026-02-06 18:56:16.163279|pbft-0x000072bae69ff6c0|[CONSENSUS][PBFT]checkAndCommit,propHash=713bf2f7...,propIndex=81,committedIndex=80,consNum=81,committedHash=d9ba2d98...,view=3,toView=3,changeCycle=0,expectedCheckPoint=81,Idx=2,unsealedTxs=0,sealUntil=0,waitResealUntil=0,consensusTimeout=3000,nodeId=2346c69c...
info|2026-02-06 18:56:16.163349|pbft-0x000072bae69ff6c0|[CONSENSUS][PBFT]######## CommitProposal,propHash=713bf2f7...,propIndex=81,sys=false,committedIndex=80,consNum=81,committedHash=d9ba2d98...,view=3,toView=3,changeCycle=0,expectedCheckPoint=81,Idx=2,unsealedTxs=0,sealUntil=0,waitResealUntil=0,consensusTimeout=3000,nodeId=2346c69c...
info|2026-02-06 18:56:16.163509|pbft-0x000072bae69ff6c0|[CONSENSUS][PBFT]notify to seal next proposal,nextProposalIndex=82
info|2026-02-06 18:56:16.163547|pbft-0x000072bae69ff6c0|[CONSENSUS][PBFT]notify to seal next proposal,nextProposalIndex=82
info|2026-02-06 18:56:16.163554|pbft-0x000072bae69ff6c0|[CONSENSUS][PBFT]applyStateMachine,index=81,hash=713bf2f7...,committedIndex=80,consNum=81,committedHash=d9ba2d98...,view=3,toView=3,changeCycle=0,expectedCheckPoint=81,Idx=2,unsealedTxs=0,sealUntil=0,waitResealUntil=0,consensusTimeout=3000,nodeId=2346c69c...,unAppliedProposals=0
info|2026-02-06 18:56:16.163756|preExeScheduler-0x000072babdffc6c0|[SCHEDULER][METRIC][BlockTrace][blk-81]preExeBlock success,blockHeader.timestamp=1770375376159,metaTxCount=1,timeCost=0
info|2026-02-06 18:56:16.164000|exeScheduler-0x000072babe7fd6c0|[SCHEDULER][METRIC][blk-81]ExecuteBlock request,gasLimit=3000000000,gasPrice=0x0,verify=false,signatureSize=0,txCount=0,metaTxCount=1,version=3.11.0,waitT=0
info|2026-02-06 18:56:16.164094|exeScheduler-0x000072babe7fd6c0|[SCHEDULER][blk-81][BlockTrace]ExecuteBlock start,time(ms)=0
info|2026-02-06 18:56:16.164109|exeScheduler-0x000072babe7fd6c0|[SCHEDULER][serialExecute][blk-81][BlockTrace]serialExecute execute block
info|2026-02-06 18:56:16.164113|exeScheduler-0x000072babe7fd6c0|[SCHEDULER][serialExecute][blk-81][BlockTrace]serialExecute batch next block
info|2026-02-06 18:56:16.164117|exeScheduler-0x000072babe7fd6c0|[SCHEDULER][blk-81][BlockTrace]NextBlock request,executorNum=1
info|2026-02-06 18:56:16.165729|exec-0x000072bb011e56c0|[SCHEDULER][blk-81][BlockTrace]NextBlock success,executorNum=1,timeCost=1
info|2026-02-06 18:56:16.165776|exec-0x000072bb011e56c0|[SCHEDULER][serialExecute][blk-81][BlockTrace]serialExecute block begin
info|2026-02-06 18:56:16.166574|Unnamed-0x000072bab1dee6c0|[STORAGE-KeyPage]empty table,table=/apps/34ef062bc977f3fe2ef2a2eee4b445843b4adfeb_accessAuth,key=61646d696e
info|2026-02-06 18:56:16.166731|Unnamed-0x000072bab1dee6c0|[STORAGE-KeyPage]empty table,table=/apps/34ef062bc977f3fe2ef2a2eee4b445843b4adfeb,key=0000000000000000000000000000000000000000000000000000000000000004
info|2026-02-06 18:56:16.167059|exec-0x000072bb001e36c0|[STORAGE-KeyPage]hash,size=29,blockVersion=51052544,readLength=18342,writeLength=452,pageCount=2,entrycount=2,entriesHash=46da8c69ad38abfd838c8e13a4607fb7e1aedb8ac4f7fe8c8b07e83f83fbacd5,pagesHash=ceaf3b124c0fd3940ac8737b5c91adeadaa0b20f82b6391c1d61e5f07f81afbf,totalHash=8875b77be13778698944fd68f8f1d25d3b0e69854641c79096660dcffc7a036a
info|2026-02-06 18:56:16.167115|exec-0x000072bb001e36c0|[EXECUTOR:1770370051][blk-81]GetTableHashes success,hash=8875b77be13778698944fd68f8f1d25d3b0e69854641c79096660dcffc7a036a,time(ms)=1
info|2026-02-06 18:56:16.167145|exec-0x000072bb001e36c0|[SCHEDULER][blk-81][BlockTrace]ExecuteBlock success,hash=766aba07...,stateRoot=8875b77be13778698944fd68f8f1d25d3b0e69854641c79096660dcffc7a036a,receiptRoot=803c086f2c0c71bc4a479c54802504f53bd3c6efb2800e2f6ecd92f7bc98cb17,txsRoot=773bb5e4...,gasUsed=128597,signatureSize=0,timeCost=3,blockVersion=51052544
info|2026-02-06 18:56:16.167157|exec-0x000072bb001e36c0|[CONSENSUS][Core][METRIC]asyncExecuteBlock success,sysBlock=false,number=81,result=766aba07...,txsSize=1,txsRoot=773bb5e4...,receiptsRoot=803c086f...,stateRoot=8875b77b...,timeCost=4,execPerTx=4
info|2026-02-06 18:56:16.167198|exec-0x000072bb001e36c0|[CONSENSUS][PBFT]applyStateMachine finished,index=81,beforeExec=713bf2f7...,afterExec=766aba07...,committedIndex=80,consNum=81,committedHash=d9ba2d98...,view=3,toView=3,changeCycle=0,expectedCheckPoint=81,Idx=2,unsealedTxs=0,sealUntil=0,waitResealUntil=0,consensusTimeout=3000,nodeId=2346c69c...,timecost=4
info|2026-02-06 18:56:16.167278|pbftWorker-0x000072baf51cd6c0|[CONSENSUS][PBFT][STORAGE]asyncCommitProposal: write the committed proposal into db,index=81
info|2026-02-06 18:56:16.167376|pbftWorker-0x000072baf51cd6c0|[CONSENSUS][PBFT][STORAGE]asyncPutProposal: commit success,dbName=pbftCommitDB,key=max_committed_proposal,number=81,timecost=0,dataSize=2
info|2026-02-06 18:56:16.167412|pbftWorker-0x000072baf51cd6c0|[CONSENSUS][PBFT][STORAGE]asyncPutProposal: commit success,dbName=pbftCommitDB,key=81,number=81,timecost=0,dataSize=631
info|2026-02-06 18:56:16.167653|pbftWorker-0x000072baf51cd6c0|[CONSENSUS][PBFT]addCheckPointMsg,reqHash=766aba07...,reqIndex=81,reqV=3,fromIdx=2,wait(ms)=0,Idx=2,weight=1,minRequiredWeight=3
info|2026-02-06 18:56:16.167684|pbftWorker-0x000072baf51cd6c0|[CONSENSUS][PBFT]setCheckPointProposal,propHash=766aba07...,propIndex=81,committedIndex=80,consNum=81,committedHash=d9ba2d98...,view=3,toView=3,changeCycle=0,expectedCheckPoint=81,Idx=2,unsealedTxs=0,sealUntil=0,waitResealUntil=0,consensusTimeout=3000,nodeId=2346c69c...
info|2026-02-06 18:56:16.167707|pbftWorker-0x000072baf51cd6c0|[CONSENSUS][PBFT]PBFTConfig: setExpectedCheckPoint,committedIndex=80,consNum=81,committedHash=d9ba2d98...,view=3,toView=3,changeCycle=0,expectedCheckPoint=82,Idx=2,unsealedTxs=0,sealUntil=0,waitResealUntil=0,consensusTimeout=3000,nodeId=2346c69c...,expectedCheckPoint=82
info|2026-02-06 18:56:16.167717|pbftWorker-0x000072baf51cd6c0|[CONSENSUS][PBFT]notify to seal next proposal,nextProposalIndex=82
info|2026-02-06 18:56:16.167721|pbftWorker-0x000072baf51cd6c0|[CONSENSUS][PBFT]onProposalApplySuccess,index=81,hash=766aba07...,lockT=0,timecost=0
info|2026-02-06 18:56:16.168963|pbft-0x000072bae69ff6c0|[CONSENSUS][PBFT]handleCheckPointMsg: try to add the checkpoint message into the cache,reqHash=766aba07...,reqIndex=81,reqV=3,fromIdx=3,wait(ms)=0,committedIndex=80,consNum=81,committedHash=d9ba2d98...,view=3,toView=3,changeCycle=0,expectedCheckPoint=82,Idx=2,unsealedTxs=0,sealUntil=0,waitResealUntil=0,consensusTimeout=3000,nodeId=2346c69c...
info|2026-02-06 18:56:16.169088|pbft-0x000072bae69ff6c0|[CONSENSUS][PBFT]addCheckPointMsg,reqHash=766aba07...,reqIndex=81,reqV=3,fromIdx=3,wait(ms)=1,Idx=2,weight=2,minRequiredWeight=3
info|2026-02-06 18:56:16.169122|pbft-0x000072bae69ff6c0|[CONSENSUS][PBFT]notify to seal next proposal,nextProposalIndex=82
info|2026-02-06 18:56:16.171269|pbft-0x000072bae69ff6c0|[CONSENSUS][PBFT]handleCheckPointMsg: try to add the checkpoint message into the cache,reqHash=766aba07...,reqIndex=81,reqV=3,fromIdx=0,wait(ms)=1,committedIndex=80,consNum=81,committedHash=d9ba2d98...,view=3,toView=3,changeCycle=0,expectedCheckPoint=82,Idx=2,unsealedTxs=0,sealUntil=0,waitResealUntil=0,consensusTimeout=3000,nodeId=2346c69c...
info|2026-02-06 18:56:16.171309|pbft-0x000072bae69ff6c0|[CONSENSUS][PBFT]addCheckPointMsg,reqHash=766aba07...,reqIndex=81,reqV=3,fromIdx=0,wait(ms)=1,Idx=2,weight=3,minRequiredWeight=3
info|2026-02-06 18:56:16.171317|pbft-0x000072bae69ff6c0|[CONSENSUS][PBFT]notify to seal next proposal,nextProposalIndex=82
info|2026-02-06 18:56:16.171322|pbft-0x000072bae69ff6c0|[CONSENSUS][PBFT]setSignatureList,signatureSize=3,propHash=766aba07...,propIndex=81
info|2026-02-06 18:56:16.171326|pbft-0x000072bae69ff6c0|[CONSENSUS][PBFT]checkAndCommitStableCheckPoint,index=81,hash=766aba07...,committedIndex=80,consNum=81,committedHash=d9ba2d98...,view=3,toView=3,changeCycle=0,expectedCheckPoint=82,Idx=2,unsealedTxs=0,sealUntil=0,waitResealUntil=0,consensusTimeout=3000,nodeId=2346c69c...
info|2026-02-06 18:56:16.171332|pbft-0x000072bae69ff6c0|[CONSENSUS][PBFT]updateStableCheckPointQueue: insert new checkpoint proposal,index=81,hash=766aba07...,committedIndex=80,consNum=81,committedHash=d9ba2d98...,view=3,toView=3,changeCycle=0,expectedCheckPoint=82,Idx=2,unsealedTxs=0,sealUntil=0,waitResealUntil=0,consensusTimeout=3000,nodeId=2346c69c...
info|2026-02-06 18:56:16.171336|pbft-0x000072bae69ff6c0|[CONSENSUS][PBFT]updateStableCheckPointQueue: commit stable checkpoint,index=81,committedIndex=80
info|2026-02-06 18:56:16.171349|pbft-0x000072bae69ff6c0|[CONSENSUS][PBFT]asyncCommitStableCheckPoint: set signatureList,index=81,hash=766aba07...,proofSize=3,blockProofSize=3
info|2026-02-06 18:56:16.171401|blockSubmit-0x000072baf79d26c0|[SCHEDULER][blk-81][BlockTrace]CommitBlock start
info|2026-02-06 18:56:16.171650|blockSubmit-0x000072baf79d26c0|[STORAGE-RocksDB]asyncPrepare,number=81
info|2026-02-06 18:56:16.171741|blockSubmit-0x000072baf79d26c0|[STORAGE-RocksDB]asyncPrepare finished,blockNumber=81,put=7,delete=0,startTS=0,encode(ms)=0,time(ms)=0
info|2026-02-06 18:56:16.171779|blockSubmit-0x000072baf79d26c0|[LEDGER]storeTransactionsAndReceipts,blockNumber=81
info|2026-02-06 18:56:16.171827|exec-0x000072bafe9e06c0|[STORAGE-RocksDB]asyncPrepare,number=81
info|2026-02-06 18:56:16.171915|ledgerWrite-0x000072bb0b1f96c0|[STORAGE-RocksDB]setRows finished,put=1,dataSize=140,time(ms)=0
info|2026-02-06 18:56:16.171954|exec-0x000072bafe9e06c0|[STORAGE-KeyPage]parallelTraverse,size=591
info|2026-02-06 18:56:16.171962|exec-0x000072bafe9e06c0|[STORAGE-RocksDB]asyncPrepare finished,blockNumber=81,put=6,delete=3,startTS=0,encode(ms)=0,time(ms)=0
info|2026-02-06 18:56:16.171979|exec-0x000072bafe9e06c0|[EXECUTOR:1770370051][blk-81]Prepare success
info|2026-02-06 18:56:16.172075|blockSubmit-0x000072baf79d26c0|[LEDGER]storeTransactionsAndReceipts finished,blockNumber=81,blockTxsSize=1,unStoredTxs=0,timeCost=1
info|2026-02-06 18:56:16.172209|blockSubmit-0x000072baf79d26c0|[STORAGE-RocksDB]asyncCommit finished,blockNumber=81,startTS=0,time(ms)=0,callback time(ms)=0,count=16
info|2026-02-06 18:56:16.172232|exec-0x000072baff9e26c0|[TOOL]fetchCompatibilityVersion
info|2026-02-06 18:56:16.172278|blockSubmit-0x000072baf79d26c0|[LEDGER][METRIC]asyncPrewriteBlock,number=81,totalTxs=105,failedTxs=42,incTxs=1,incFailedTxs=0
info|2026-02-06 18:56:16.172382|exec-0x000072baff9e26c0|[TOOL]fetchCompatibilityVersion success,version=3.11.0,versionNumber=51052544,minSupportedVersion=3.0.0-rc4,maxSupportedVersion=3.11.0
info|2026-02-06 18:56:16.172446|exec-0x000072baff9e26c0|[TOOL]fetchAuthCheckStatus success,value=0
info|2026-02-06 18:56:16.172468|exec-0x000072baff9e26c0|[EXECUTOR:1770370051]merge keyPage to cachedStorage,number=81
info|2026-02-06 18:56:16.172545|exec-0x000072baff9e26c0|[STORAGE-KeyPage]parallelTraverse,size=591
info|2026-02-06 18:56:16.172647|exec-0x000072baff9e26c0|[STORAGE]Successful merged records,count=9
info|2026-02-06 18:56:16.174297|exec-0x000072baff9e26c0|[SCHEDULER][blk-81][BlockTrace]CommitBlock success,gas limit=3000000000,timeCost=3
info|2026-02-06 18:56:16.174359|exec-0x000072baff9e26c0|[SCHEDULER][BlockTrace]Notify block result success,blockNumber=81
info|2026-02-06 18:56:16.174364|exec-0x000072baff9e26c0|[CONSENSUS][PBFT][STORAGE][METRIC]commitStableCheckPoint success,index=81,hash=766aba07...,txs=1,timeCost=3,commitPerTx=3
info|2026-02-06 18:56:16.174379|exec-0x000072baff9e26c0|[SCHEDULER][blk-81]notify block result success,hash=766aba07...,txsSize=1
info|2026-02-06 18:56:16.174468|blockSubmit-0x000072baf79d26c0|[CONSENSUS][PBFT][METRIC]resetConfig,committedIndex=81,propHash=766aba07...,blockCountLimit=1000,leaderPeriod=1,consensusNodesSize=4
info|2026-02-06 18:56:16.174504|blockSubmit-0x000072baf79d26c0|[CONSENSUS][PBFT][METRIC]^^^^^^^^Report,sealer=0,txs=1,committedIndex=81,consNum=82,committedHash=766aba07...,view=3,toView=3,changeCycle=0,expectedCheckPoint=82,Idx=2,unsealedTxs=0,sealUntil=0,waitResealUntil=0,consensusTimeout=3000,nodeId=2346c69c...
info|2026-02-06 18:56:16.174519|blockSubmit-0x000072baf79d26c0|[CONSENSUS][SEALER]asyncNoteLatestBlockNumber,number=81
info|2026-02-06 18:56:16.174523|blockSubmit-0x000072baf79d26c0|[CONSENSUS][SEALER]asyncNoteLatestBlockHash,_hash=766aba07...
info|2026-02-06 18:56:16.174539|blockSubmit-0x000072baf79d26c0|[BLOCK SYNC]#### BlockSyncConfig resetConfig,number=81,consNodeSize=4,observerNodeSize=0,type=CONSENSUS_NODE
info|2026-02-06 18:56:16.174578|submitter-0x000072bb0a1f76c0|[TXPOOL][METRIC]StatTPS,tps=50,totalTime=20
info|2026-02-06 18:56:16.174706|exec-0x000072baff9e26c0|[STORAGE-RocksDB]asyncCommit finished,blockNumber=81,startTS=0,time(ms)=0,callback time(ms)=3,count=0
info|2026-02-06 18:56:16.174774|submitter-0x000072bb0a1f76c0|[TXPOOL][METRIC]batchRemove txs success,expectedSize=1,succCount=1,batchId=81,timecost=0,lockT=0,removeT=0,updateLedgerNonceT=0,updateTxPoolNonceT=0
info|2026-02-06 18:56:16.174785|blockSubmit-0x000072baf79d26c0|[CONSENSUS][PBFT]notify to seal next proposal,nextProposalIndex=82
info|2026-02-06 18:56:16.174845|blockSubmit-0x000072baf79d26c0|[CONSENSUS][PBFT]removeConsensusedCache finalizeConsensus,view=3,number=81,eraseSize=1,cacheSize=0
info|2026-02-06 18:56:16.174870|blockSubmit-0x000072baf79d26c0|[CONSENSUS][PBFT][STORAGE]asyncRemoveStabledCheckPoint,index=76
info|2026-02-06 18:56:16.174908|blockSubmit-0x000072baf79d26c0|[CONSENSUS][PBFT][STORAGE]asyncRemove success,dbName=pbftCommitDB,key=76
info|2026-02-06 18:56:19.424405|pbft-0x000072bae69ff6c0|[CONSENSUS][PBFT]handlePrePrepareMsg,reqHash=c980b495...,reqIndex=82,reqV=3,fromIdx=1,wait(ms)=0,committedIndex=81,consNum=82,committedHash=766aba07...,view=3,toView=3,changeCycle=0,expectedCheckPoint=82,Idx=2,unsealedTxs=1,sealUntil=0,waitResealUntil=0,consensusTimeout=3000,nodeId=2346c69c...,utc=27837611
info|2026-02-06 18:56:19.424555|pbft-0x000072bae69ff6c0|[TXPOOL]begin asyncVerifyBlock,consNum=82,hash=c980b495...
info|2026-02-06 18:56:19.424614|verifier-0x000072bb061ef6c0|[TXPOOL]batchVerifyProposal,consNum=82,hash=c980b495...,txsSize=1,lockT=0,verifyT=0,missedTxs=0
info|2026-02-06 18:56:19.424649|verifier-0x000072bb061ef6c0|[TXPOOL][METRIC]asyncVerifyBlock finished,consNum=82,hash=c980b495...,code=0,msg=success,result=true,timecost=0
info|2026-02-06 18:56:19.424703|verifier-0x000072bb061ef6c0|[CONSENSUS][PBFT]handlePrePrepareMsg,reqHash=c980b495...,reqIndex=82,reqV=3,fromIdx=1,wait(ms)=0,committedIndex=81,consNum=82,committedHash=766aba07...,view=3,toView=3,changeCycle=0,expectedCheckPoint=82,Idx=2,unsealedTxs=1,sealUntil=0,waitResealUntil=0,consensusTimeout=3000,nodeId=2346c69c...,utc=27837612
info|2026-02-06 18:56:19.424719|validator-0x000072baf89d46c0|[CONSENSUS][PBFT]asyncResetTxsFlag,index=82,hash=c980b495...,flag=true
info|2026-02-06 18:56:19.424733|validator-0x000072baf89d46c0|[TXPOOL]batchMarkTxs,txsSize=1,batchId=82,hash=c980b495...,sealFlag=true,notFound=0,reSealed=0,succ=1,time=0,markT=0
info|2026-02-06 18:56:19.424742|verifier-0x000072bb061ef6c0|[CONSENSUS][PBFT]addPrePrepareCache,reqHash=c980b495...,reqIndex=82,reqV=3,fromIdx=1,wait(ms)=0,sys=false,committedIndex=81,consNum=82,committedHash=766aba07...,view=3,toView=3,changeCycle=0,expectedCheckPoint=82,Idx=2,unsealedTxs=0,sealUntil=0,waitResealUntil=0,consensusTimeout=3000,nodeId=2346c69c...
info|2026-02-06 18:56:19.424752|validator-0x000072baf89d46c0|[CONSENSUS][PBFT]asyncMarkTxs success,index=82,hash=c980b495...,flag=true,markT=0,emptyTxBatchHash=false
info|2026-02-06 18:56:19.424755|verifier-0x000072bb061ef6c0|[CONSENSUS][PBFT]notify the committed proposal index to the sync module success,index=82
info|2026-02-06 18:56:19.424815|verifier-0x000072bb061ef6c0|[CONSENSUS][PBFT]addPrepareCache,reqHash=c980b495...,reqIndex=82,reqV=3,fromIdx=2,wait(ms)=0,committedIndex=81,consNum=82,committedHash=766aba07...,view=3,toView=3,changeCycle=0,expectedCheckPoint=82,Idx=2,unsealedTxs=0,sealUntil=0,waitResealUntil=0,consensusTimeout=3000,nodeId=2346c69c...,weight=1
info|2026-02-06 18:56:19.424870|verifier-0x000072bb061ef6c0|[CONSENSUS][PBFT]broadcast prepare packet,packetSize=230,index=82
info|2026-02-06 18:56:19.424994|verifier-0x000072bb061ef6c0|[CONSENSUS][PBFT]handlePrePrepareMsg and broadcast prepare packet,reqHash=c980b495...,reqIndex=82,reqV=3,fromIdx=1,wait(ms)=1,committedIndex=81,consNum=82,committedHash=766aba07...,view=3,toView=3,changeCycle=0,expectedCheckPoint=82,Idx=2,unsealedTxs=0,sealUntil=0,waitResealUntil=0,consensusTimeout=3000,nodeId=2346c69c...
info|2026-02-06 18:56:19.425115|txsPreStore-0x000072bb051ed6c0|[TXPOOL]storeVerifiedBlock fetch block number from LedgerConfig
info|2026-02-06 18:56:19.425208|txsPreStore-0x000072bb051ed6c0|[TOOL]LedgerConfigFetcher: fetchBlockNumber success,blockNumber=81
info|2026-02-06 18:56:19.425218|txsPreStore-0x000072bb051ed6c0|[TXPOOL]storeVerifiedBlock,consNum=82,hash=c980b495...,txsSize=1
info|2026-02-06 18:56:19.425577|pbft-0x000072bae69ff6c0|[CONSENSUS][PBFT]addPrepareCache,reqHash=c980b495...,reqIndex=82,reqV=3,fromIdx=1,wait(ms)=0,committedIndex=81,consNum=82,committedHash=766aba07...,view=3,toView=3,changeCycle=0,expectedCheckPoint=82,Idx=2,unsealedTxs=0,sealUntil=0,waitResealUntil=0,consensusTimeout=3000,nodeId=2346c69c...,weight=2
info|2026-02-06 18:56:19.425661|txsPreStore-0x000072bb051ed6c0|[LEDGER]asyncPreStoreBlockTxs: needStoreUnsavedTxs,txsSize=1,unstoredTxs=1,number=82
info|2026-02-06 18:56:19.425964|pbft-0x000072bae69ff6c0|[CONSENSUS][PBFT]addPrepareCache,reqHash=c980b495...,reqIndex=82,reqV=3,fromIdx=0,wait(ms)=0,committedIndex=81,consNum=82,committedHash=766aba07...,view=3,toView=3,changeCycle=0,expectedCheckPoint=82,Idx=2,unsealedTxs=0,sealUntil=0,waitResealUntil=0,consensusTimeout=3000,nodeId=2346c69c...,weight=3
info|2026-02-06 18:56:19.425998|pbft-0x000072bae69ff6c0|[CONSENSUS][PBFT]setSignatureList,signatureSize=3,propHash=c980b495...,propIndex=82
info|2026-02-06 18:56:19.426008|pbft-0x000072bae69ff6c0|[CONSENSUS][PBFT]intoPrecommit,reqHash=c980b495...,reqIndex=82,reqV=3,fromIdx=2,wait(ms)=2,committedIndex=81,consNum=82,committedHash=766aba07...,view=3,toView=3,changeCycle=0,expectedCheckPoint=82,Idx=2,unsealedTxs=0,sealUntil=0,waitResealUntil=0,consensusTimeout=3000,nodeId=2346c69c...
info|2026-02-06 18:56:19.426046|pbft-0x000072bae69ff6c0|[CONSENSUS][PBFT]addCommitCache,reqHash=c980b495...,reqIndex=82,reqV=3,fromIdx=2,wait(ms)=0,committedIndex=81,consNum=82,committedHash=766aba07...,view=3,toView=3,changeCycle=0,expectedCheckPoint=82,Idx=2,unsealedTxs=0,sealUntil=0,waitResealUntil=0,consensusTimeout=3000,nodeId=2346c69c...,weight=1
info|2026-02-06 18:56:19.426259|txsPreStore-0x000072bb051ed6c0|[STORAGE-RocksDB]setRows finished,put=1,dataSize=5671,time(ms)=0
info|2026-02-06 18:56:19.426270|pbft-0x000072bae69ff6c0|[CONSENSUS][PBFT]checkAndPreCommit: broadcast commitMsg,Idx=2,hash=c980b495...,index=82
info|2026-02-06 18:56:19.426394|txsPreStore-0x000072bb051ed6c0|[LEDGER]asyncPreStoreBlockTxs: store uncommitted txs,blockNumber=82,blockTxsSize=1,unStoredTxs=1,msg=success,code=0,timeCost=1
info|2026-02-06 18:56:19.426422|txsPreStore-0x000072bb051ed6c0|[TXPOOL]storeVerifiedBlock success,consNum=82,hash=c980b495...,timecost=1
info|2026-02-06 18:56:19.427823|pbft-0x000072bae69ff6c0|[CONSENSUS][PBFT]addCommitCache,reqHash=c980b495...,reqIndex=82,reqV=3,fromIdx=0,wait(ms)=1,committedIndex=81,consNum=82,committedHash=766aba07...,view=3,toView=3,changeCycle=0,expectedCheckPoint=82,Idx=2,unsealedTxs=0,sealUntil=0,waitResealUntil=0,consensusTimeout=3000,nodeId=2346c69c...,weight=2
info|2026-02-06 18:56:19.428207|pbft-0x000072bae69ff6c0|[CONSENSUS][PBFT]addCommitCache,reqHash=c980b495...,reqIndex=82,reqV=3,fromIdx=1,wait(ms)=1,committedIndex=81,consNum=82,committedHash=766aba07...,view=3,toView=3,changeCycle=0,expectedCheckPoint=82,Idx=2,unsealedTxs=0,sealUntil=0,waitResealUntil=0,consensusTimeout=3000,nodeId=2346c69c...,weight=3
info|2026-02-06 18:56:19.428363|pbft-0x000072bae69ff6c0|[CONSENSUS][PBFT]checkAndCommit,propHash=c980b495...,propIndex=82,committedIndex=81,consNum=82,committedHash=766aba07...,view=3,toView=3,changeCycle=0,expectedCheckPoint=82,Idx=2,unsealedTxs=0,sealUntil=0,waitResealUntil=0,consensusTimeout=3000,nodeId=2346c69c...
info|2026-02-06 18:56:19.428396|pbft-0x000072bae69ff6c0|[CONSENSUS][PBFT]######## CommitProposal,propHash=c980b495...,propIndex=82,sys=false,committedIndex=81,consNum=82,committedHash=766aba07...,view=3,toView=3,changeCycle=0,expectedCheckPoint=82,Idx=2,unsealedTxs=0,sealUntil=0,waitResealUntil=0,consensusTimeout=3000,nodeId=2346c69c...
info|2026-02-06 18:56:19.428424|pbft-0x000072bae69ff6c0|[CONSENSUS][SEALER]resetSealingInfo,start=83,end=83,sealingNumber=83,waitUntil=0,unsealedTxs=0
info|2026-02-06 18:56:19.428437|pbft-0x000072bae69ff6c0|[CONSENSUS][PBFT]asyncNotifySealProposal success,startIndex=83,endIndex=83,maxTxsToSeal=1000
info|2026-02-06 18:56:19.428445|pbft-0x000072bae69ff6c0|[CONSENSUS][SEALER]asyncNotifySealProposal,startIndex=83,endIndex=83,maxTxsPerBlock=1000
info|2026-02-06 18:56:19.428451|pbft-0x000072bae69ff6c0|[CONSENSUS][PBFT]notifySealer: notify the new leader to seal block,lockNotifyT=0,idx=2,startIndex=83,endIndex=83,notifyBeginIndex=83,waitSealUntil=0,waitResealUntil=0,maxTxsToSeal=1000,committedIndex=81,consNum=82,committedHash=766aba07...,view=3,toView=3,changeCycle=0,expectedCheckPoint=82,Idx=2,unsealedTxs=0,sealUntil=0,waitResealUntil=0,consensusTimeout=3000,nodeId=2346c69c...
info|2026-02-06 18:56:19.428467|pbft-0x000072bae69ff6c0|[CONSENSUS][PBFT]notify to seal next proposal,nextProposalIndex=83
info|2026-02-06 18:56:19.428684|pbft-0x000072bae69ff6c0|[CONSENSUS][PBFT]notifySealer return for invalid seal range,lockNotifyT=0,currentEndIndex=83,expectedEndIndex=83,committedIndex=81,consNum=82,committedHash=766aba07...,view=3,toView=3,changeCycle=0,expectedCheckPoint=82,Idx=2,unsealedTxs=0,sealUntil=0,waitResealUntil=0,consensusTimeout=3000,nodeId=2346c69c...
info|2026-02-06 18:56:19.428719|pbft-0x000072bae69ff6c0|[CONSENSUS][PBFT]notify to seal next proposal,nextProposalIndex=83
info|2026-02-06 18:56:19.428739|pbft-0x000072bae69ff6c0|[CONSENSUS][PBFT]applyStateMachine,index=82,hash=c980b495...,committedIndex=81,consNum=82,committedHash=766aba07...,view=3,toView=3,changeCycle=0,expectedCheckPoint=82,Idx=2,unsealedTxs=0,sealUntil=0,waitResealUntil=0,consensusTimeout=3000,nodeId=2346c69c...,unAppliedProposals=0
info|2026-02-06 18:56:19.428773|preExeScheduler-0x000072babd7fb6c0|[SCHEDULER][METRIC][BlockTrace][blk-82]preExeBlock success,blockHeader.timestamp=1770375379423,metaTxCount=1,timeCost=0
info|2026-02-06 18:56:19.428991|exeScheduler-0x000072babe7fd6c0|[SCHEDULER][METRIC][blk-82]ExecuteBlock request,gasLimit=3000000000,gasPrice=0x0,verify=false,signatureSize=0,txCount=0,metaTxCount=1,version=3.11.0,waitT=0
info|2026-02-06 18:56:19.429108|exeScheduler-0x000072babe7fd6c0|[SCHEDULER][blk-82][BlockTrace]ExecuteBlock start,time(ms)=0
info|2026-02-06 18:56:19.429122|exeScheduler-0x000072babe7fd6c0|[SCHEDULER][serialExecute][blk-82][BlockTrace]serialExecute execute block
info|2026-02-06 18:56:19.429130|exeScheduler-0x000072babe7fd6c0|[SCHEDULER][serialExecute][blk-82][BlockTrace]serialExecute batch next block
info|2026-02-06 18:56:19.429136|exeScheduler-0x000072babe7fd6c0|[SCHEDULER][blk-82][BlockTrace]NextBlock request,executorNum=1
info|2026-02-06 18:56:19.431379|exec-0x000072bafe1df6c0|[SCHEDULER][blk-82][BlockTrace]NextBlock success,executorNum=1,timeCost=2
info|2026-02-06 18:56:19.431456|exec-0x000072bafe1df6c0|[SCHEDULER][serialExecute][blk-82][BlockTrace]serialExecute block begin
info|2026-02-06 18:56:19.432942|Unnamed-0x000072bab15ed6c0|[STORAGE-KeyPage]empty table,table=/apps/f5e297ed6556898b1fa58b352fce789e77eb156f_accessAuth,key=61646d696e
info|2026-02-06 18:56:19.433138|Unnamed-0x000072bab15ed6c0|[STORAGE-KeyPage]empty table,table=/apps/f5e297ed6556898b1fa58b352fce789e77eb156f,key=0000000000000000000000000000000000000000000000000000000000000000
info|2026-02-06 18:56:19.433600|exec-0x000072bafd9de6c0|[STORAGE-KeyPage]hash,size=29,blockVersion=51052544,readLength=10481,writeLength=388,pageCount=2,entrycount=2,entriesHash=4f68d5d0fb77d71e2efe5f5574cfb1e0df209631c9f75a45d0061f2ee797b122,pagesHash=0109e636161fddc5a6809b737862bf40fc05ff38fb13e43967f327f8381a6f19,totalHash=4e6133e6ed680adb887ec4260cad0ea02325690932e4be7cb7f538d6df8dde3b
info|2026-02-06 18:56:19.433799|exec-0x000072bafd9de6c0|[EXECUTOR:1770370051][blk-82]GetTableHashes success,hash=4e6133e6ed680adb887ec4260cad0ea02325690932e4be7cb7f538d6df8dde3b,time(ms)=0
info|2026-02-06 18:56:19.433852|exec-0x000072bafd9de6c0|[SCHEDULER][blk-82][BlockTrace]ExecuteBlock success,hash=73d9c8dd...,stateRoot=4e6133e6ed680adb887ec4260cad0ea02325690932e4be7cb7f538d6df8dde3b,receiptRoot=1f33092d152d4a0a88c06054e99740b3c3d75039cd8d3132b1c33991fb464c4f,txsRoot=d1d376a9...,gasUsed=66885,signatureSize=0,timeCost=4,blockVersion=51052544
info|2026-02-06 18:56:19.433893|exec-0x000072bafd9de6c0|[CONSENSUS][Core][METRIC]asyncExecuteBlock success,sysBlock=false,number=82,result=73d9c8dd...,txsSize=1,txsRoot=d1d376a9...,receiptsRoot=1f33092d...,stateRoot=4e6133e6...,timeCost=5,execPerTx=5
info|2026-02-06 18:56:19.433961|exec-0x000072bafd9de6c0|[CONSENSUS][PBFT]applyStateMachine finished,index=82,beforeExec=c980b495...,afterExec=73d9c8dd...,committedIndex=81,consNum=82,committedHash=766aba07...,view=3,toView=3,changeCycle=0,expectedCheckPoint=82,Idx=2,unsealedTxs=0,sealUntil=0,waitResealUntil=0,consensusTimeout=3000,nodeId=2346c69c...,timecost=5
info|2026-02-06 18:56:19.434015|pbftWorker-0x000072baf59ce6c0|[CONSENSUS][PBFT][STORAGE]asyncCommitProposal: write the committed proposal into db,index=82
info|2026-02-06 18:56:19.434149|pbftWorker-0x000072baf59ce6c0|[CONSENSUS][PBFT][STORAGE]asyncPutProposal: commit success,dbName=pbftCommitDB,key=max_committed_proposal,number=82,timecost=0,dataSize=2
info|2026-02-06 18:56:19.434247|pbftWorker-0x000072baf59ce6c0|[CONSENSUS][PBFT][STORAGE]asyncPutProposal: commit success,dbName=pbftCommitDB,key=82,number=82,timecost=0,dataSize=635
info|2026-02-06 18:56:19.434673|pbftWorker-0x000072baf59ce6c0|[CONSENSUS][PBFT]addCheckPointMsg,reqHash=73d9c8dd...,reqIndex=82,reqV=3,fromIdx=2,wait(ms)=0,Idx=2,weight=1,minRequiredWeight=3
info|2026-02-06 18:56:19.434805|pbftWorker-0x000072baf59ce6c0|[CONSENSUS][PBFT]setCheckPointProposal,propHash=73d9c8dd...,propIndex=82,committedIndex=81,consNum=82,committedHash=766aba07...,view=3,toView=3,changeCycle=0,expectedCheckPoint=82,Idx=2,unsealedTxs=0,sealUntil=0,waitResealUntil=0,consensusTimeout=3000,nodeId=2346c69c...
info|2026-02-06 18:56:19.434824|pbftWorker-0x000072baf59ce6c0|[CONSENSUS][PBFT]PBFTConfig: setExpectedCheckPoint,committedIndex=81,consNum=82,committedHash=766aba07...,view=3,toView=3,changeCycle=0,expectedCheckPoint=83,Idx=2,unsealedTxs=0,sealUntil=0,waitResealUntil=0,consensusTimeout=3000,nodeId=2346c69c...,expectedCheckPoint=83
info|2026-02-06 18:56:19.434836|pbftWorker-0x000072baf59ce6c0|[CONSENSUS][PBFT]notifySealer return for invalid seal range,lockNotifyT=0,currentEndIndex=83,expectedEndIndex=83,committedIndex=81,consNum=82,committedHash=766aba07...,view=3,toView=3,changeCycle=0,expectedCheckPoint=83,Idx=2,unsealedTxs=0,sealUntil=0,waitResealUntil=0,consensusTimeout=3000,nodeId=2346c69c...
info|2026-02-06 18:56:19.435350|pbftWorker-0x000072baf59ce6c0|[CONSENSUS][PBFT]notify to seal next proposal,nextProposalIndex=83
info|2026-02-06 18:56:19.435362|pbftWorker-0x000072baf59ce6c0|[CONSENSUS][PBFT]onProposalApplySuccess,index=82,hash=73d9c8dd...,lockT=0,timecost=1
info|2026-02-06 18:56:19.435758|pbft-0x000072bae69ff6c0|[CONSENSUS][PBFT]handleCheckPointMsg: try to add the checkpoint message into the cache,reqHash=73d9c8dd...,reqIndex=82,reqV=3,fromIdx=1,wait(ms)=0,committedIndex=81,consNum=82,committedHash=766aba07...,view=3,toView=3,changeCycle=0,expectedCheckPoint=83,Idx=2,unsealedTxs=0,sealUntil=0,waitResealUntil=0,consensusTimeout=3000,nodeId=2346c69c...
info|2026-02-06 18:56:19.435844|pbft-0x000072bae69ff6c0|[CONSENSUS][PBFT]addCheckPointMsg,reqHash=73d9c8dd...,reqIndex=82,reqV=3,fromIdx=1,wait(ms)=0,Idx=2,weight=2,minRequiredWeight=3
info|2026-02-06 18:56:19.435919|pbft-0x000072bae69ff6c0|[CONSENSUS][PBFT]notifySealer return for invalid seal range,lockNotifyT=0,currentEndIndex=83,expectedEndIndex=83,committedIndex=81,consNum=82,committedHash=766aba07...,view=3,toView=3,changeCycle=0,expectedCheckPoint=83,Idx=2,unsealedTxs=0,sealUntil=0,waitResealUntil=0,consensusTimeout=3000,nodeId=2346c69c...
info|2026-02-06 18:56:19.435933|pbft-0x000072bae69ff6c0|[CONSENSUS][PBFT]notify to seal next proposal,nextProposalIndex=83
info|2026-02-06 18:56:19.436579|pbft-0x000072bae69ff6c0|[CONSENSUS][PBFT]handleCheckPointMsg: try to add the checkpoint message into the cache,reqHash=73d9c8dd...,reqIndex=82,reqV=3,fromIdx=0,wait(ms)=0,committedIndex=81,consNum=82,committedHash=766aba07...,view=3,toView=3,changeCycle=0,expectedCheckPoint=83,Idx=2,unsealedTxs=0,sealUntil=0,waitResealUntil=0,consensusTimeout=3000,nodeId=2346c69c...
info|2026-02-06 18:56:19.436607|pbft-0x000072bae69ff6c0|[CONSENSUS][PBFT]addCheckPointMsg,reqHash=73d9c8dd...,reqIndex=82,reqV=3,fromIdx=0,wait(ms)=0,Idx=2,weight=3,minRequiredWeight=3
info|2026-02-06 18:56:19.436614|pbft-0x000072bae69ff6c0|[CONSENSUS][PBFT]notifySealer return for invalid seal range,lockNotifyT=0,currentEndIndex=83,expectedEndIndex=83,committedIndex=81,consNum=82,committedHash=766aba07...,view=3,toView=3,changeCycle=0,expectedCheckPoint=83,Idx=2,unsealedTxs=0,sealUntil=0,waitResealUntil=0,consensusTimeout=3000,nodeId=2346c69c...
info|2026-02-06 18:56:19.436623|pbft-0x000072bae69ff6c0|[CONSENSUS][PBFT]notify to seal next proposal,nextProposalIndex=83
info|2026-02-06 18:56:19.436629|pbft-0x000072bae69ff6c0|[CONSENSUS][PBFT]setSignatureList,signatureSize=3,propHash=73d9c8dd...,propIndex=82
info|2026-02-06 18:56:19.436636|pbft-0x000072bae69ff6c0|[CONSENSUS][PBFT]checkAndCommitStableCheckPoint,index=82,hash=73d9c8dd...,committedIndex=81,consNum=82,committedHash=766aba07...,view=3,toView=3,changeCycle=0,expectedCheckPoint=83,Idx=2,unsealedTxs=0,sealUntil=0,waitResealUntil=0,consensusTimeout=3000,nodeId=2346c69c...
info|2026-02-06 18:56:19.436643|pbft-0x000072bae69ff6c0|[CONSENSUS][PBFT]updateStableCheckPointQueue: insert new checkpoint proposal,index=82,hash=73d9c8dd...,committedIndex=81,consNum=82,committedHash=766aba07...,view=3,toView=3,changeCycle=0,expectedCheckPoint=83,Idx=2,unsealedTxs=0,sealUntil=0,waitResealUntil=0,consensusTimeout=3000,nodeId=2346c69c...
info|2026-02-06 18:56:19.436675|pbft-0x000072bae69ff6c0|[CONSENSUS][PBFT]updateStableCheckPointQueue: commit stable checkpoint,index=82,committedIndex=81
info|2026-02-06 18:56:19.436690|pbft-0x000072bae69ff6c0|[CONSENSUS][PBFT]asyncCommitStableCheckPoint: set signatureList,index=82,hash=73d9c8dd...,proofSize=3,blockProofSize=3
info|2026-02-06 18:56:19.436772|blockSubmit-0x000072baf79d26c0|[SCHEDULER][blk-82][BlockTrace]CommitBlock start
info|2026-02-06 18:56:19.437203|blockSubmit-0x000072baf79d26c0|[STORAGE-RocksDB]asyncPrepare,number=82
info|2026-02-06 18:56:19.437263|blockSubmit-0x000072baf79d26c0|[STORAGE-RocksDB]asyncPrepare finished,blockNumber=82,put=7,delete=0,startTS=0,encode(ms)=0,time(ms)=0
info|2026-02-06 18:56:19.437304|blockSubmit-0x000072baf79d26c0|[LEDGER]storeTransactionsAndReceipts,blockNumber=82
info|2026-02-06 18:56:19.437406|exec-0x000072bafc9dc6c0|[STORAGE-RocksDB]asyncPrepare,number=82
info|2026-02-06 18:56:19.437533|ledgerWrite-0x000072bb0a9f86c0|[STORAGE-RocksDB]setRows finished,put=1,dataSize=139,time(ms)=1
info|2026-02-06 18:56:19.437552|exec-0x000072bafc9dc6c0|[STORAGE-KeyPage]parallelTraverse,size=491
info|2026-02-06 18:56:19.437564|exec-0x000072bafc9dc6c0|[STORAGE-RocksDB]asyncPrepare finished,blockNumber=82,put=6,delete=3,startTS=0,encode(ms)=1,time(ms)=1
info|2026-02-06 18:56:19.437578|exec-0x000072bafc9dc6c0|[EXECUTOR:1770370051][blk-82]Prepare success
info|2026-02-06 18:56:19.437630|blockSubmit-0x000072baf79d26c0|[LEDGER]storeTransactionsAndReceipts finished,blockNumber=82,blockTxsSize=1,unStoredTxs=0,timeCost=0
info|2026-02-06 18:56:19.437858|blockSubmit-0x000072baf79d26c0|[STORAGE-RocksDB]asyncCommit finished,blockNumber=82,startTS=0,time(ms)=0,callback time(ms)=0,count=16
info|2026-02-06 18:56:19.437894|exec-0x000072bafd1dd6c0|[TOOL]fetchCompatibilityVersion
info|2026-02-06 18:56:19.437901|blockSubmit-0x000072baf79d26c0|[LEDGER][METRIC]asyncPrewriteBlock,number=82,totalTxs=106,failedTxs=42,incTxs=1,incFailedTxs=0
info|2026-02-06 18:56:19.438107|exec-0x000072bafd1dd6c0|[TOOL]fetchCompatibilityVersion success,version=3.11.0,versionNumber=51052544,minSupportedVersion=3.0.0-rc4,maxSupportedVersion=3.11.0
info|2026-02-06 18:56:19.438156|exec-0x000072bafd1dd6c0|[TOOL]fetchAuthCheckStatus success,value=0
info|2026-02-06 18:56:19.438179|exec-0x000072bafd1dd6c0|[EXECUTOR:1770370051]merge keyPage to cachedStorage,number=82
info|2026-02-06 18:56:19.438293|exec-0x000072bafd1dd6c0|[STORAGE-KeyPage]parallelTraverse,size=491
info|2026-02-06 18:56:19.438300|exec-0x000072bafd1dd6c0|[STORAGE]Successful merged records,count=9
info|2026-02-06 18:56:19.440814|exec-0x000072bafd1dd6c0|[SCHEDULER][blk-82][BlockTrace]CommitBlock success,gas limit=3000000000,timeCost=4
info|2026-02-06 18:56:19.440933|exec-0x000072bafd1dd6c0|[SCHEDULER][BlockTrace]Notify block result success,blockNumber=82
info|2026-02-06 18:56:19.440945|exec-0x000072bafd1dd6c0|[CONSENSUS][PBFT][STORAGE][METRIC]commitStableCheckPoint success,index=82,hash=73d9c8dd...,txs=1,timeCost=4,commitPerTx=4
info|2026-02-06 18:56:19.441010|exec-0x000072bafd1dd6c0|[SCHEDULER][blk-82]notify block result success,hash=73d9c8dd...,txsSize=1
info|2026-02-06 18:56:19.441079|blockSubmit-0x000072baf79d26c0|[CONSENSUS][PBFT][METRIC]resetConfig,committedIndex=82,propHash=73d9c8dd...,blockCountLimit=1000,leaderPeriod=1,consensusNodesSize=4
info|2026-02-06 18:56:19.441205|exec-0x000072bafd1dd6c0|[STORAGE-RocksDB]asyncCommit finished,blockNumber=82,startTS=0,time(ms)=0,callback time(ms)=3,count=0
info|2026-02-06 18:56:19.441181|submitter-0x000072bb099f66c0|[TXPOOL][METRIC]StatTPS,tps=45,totalTime=22
info|2026-02-06 18:56:19.441295|blockSubmit-0x000072baf79d26c0|[CONSENSUS][PBFT][METRIC]^^^^^^^^Report,sealer=1,txs=1,committedIndex=82,consNum=83,committedHash=73d9c8dd...,view=3,toView=3,changeCycle=0,expectedCheckPoint=83,Idx=2,unsealedTxs=0,sealUntil=0,waitResealUntil=0,consensusTimeout=3000,nodeId=2346c69c...
info|2026-02-06 18:56:19.441391|submitter-0x000072bb099f66c0|[TXPOOL][METRIC]batchRemove txs success,expectedSize=1,succCount=1,batchId=82,timecost=0,lockT=0,removeT=0,updateLedgerNonceT=0,updateTxPoolNonceT=0
info|2026-02-06 18:56:19.441417|blockSubmit-0x000072baf79d26c0|[CONSENSUS][SEALER]asyncNoteLatestBlockNumber,number=82
info|2026-02-06 18:56:19.441424|blockSubmit-0x000072baf79d26c0|[CONSENSUS][SEALER]asyncNoteLatestBlockHash,_hash=73d9c8dd...
info|2026-02-06 18:56:19.441449|blockSubmit-0x000072baf79d26c0|[BLOCK SYNC]#### BlockSyncConfig resetConfig,number=82,consNodeSize=4,observerNodeSize=0,type=CONSENSUS_NODE
info|2026-02-06 18:56:19.442352|blockSubmit-0x000072baf79d26c0|[CONSENSUS][PBFT]notifySealer return for invalid seal range,lockNotifyT=0,currentEndIndex=83,expectedEndIndex=83,committedIndex=82,consNum=83,committedHash=73d9c8dd...,view=3,toView=3,changeCycle=0,expectedCheckPoint=83,Idx=2,unsealedTxs=0,sealUntil=0,waitResealUntil=0,consensusTimeout=3000,nodeId=2346c69c...
info|2026-02-06 18:56:19.442388|blockSubmit-0x000072baf79d26c0|[CONSENSUS][PBFT]notifySealer return for invalid seal range,lockNotifyT=0,currentEndIndex=83,expectedEndIndex=83,committedIndex=82,consNum=83,committedHash=73d9c8dd...,view=3,toView=3,changeCycle=0,expectedCheckPoint=83,Idx=2,unsealedTxs=0,sealUntil=0,waitResealUntil=0,consensusTimeout=3000,nodeId=2346c69c...
info|2026-02-06 18:56:19.442396|blockSubmit-0x000072baf79d26c0|[CONSENSUS][PBFT]notify to seal next proposal,nextProposalIndex=83
info|2026-02-06 18:56:19.442467|blockSubmit-0x000072baf79d26c0|[CONSENSUS][PBFT]removeConsensusedCache finalizeConsensus,view=3,number=82,eraseSize=1,cacheSize=0
info|2026-02-06 18:56:19.442546|blockSubmit-0x000072baf79d26c0|[CONSENSUS][PBFT][STORAGE]asyncRemoveStabledCheckPoint,index=77
info|2026-02-06 18:56:19.442601|blockSubmit-0x000072baf79d26c0|[CONSENSUS][PBFT][STORAGE]asyncRemove success,dbName=pbftCommitDB,key=77
info|2026-02-06 18:56:21.442610|pullTxsTimer-0x000072baf69d06c0|[CONSENSUS][PBFT]tryToSyncTxs: try to request unsealing txs from peer,committedIndex=82,consNum=83,committedHash=73d9c8dd...,view=3,toView=3,changeCycle=0,expectedCheckPoint=83,Idx=2,unsealedTxs=0,sealUntil=0,waitResealUntil=0,consensusTimeout=3000,nodeId=2346c69c...
info|2026-02-06 18:56:21.693008|ioService-0x000072bae3cfd6c0|[P2PService][Service][METRIC]heartBeat,connected count=3
info|2026-02-06 18:56:21.719707|timerFactory-0x000072bad3fff6c0|[RPC][WS][SERVICE]connected nodes,count=0
info|2026-02-06 18:56:31.113257|objMonitor-0x000072bac77ff6c0|[startMonitor][AliveObjectMonitor],AliveObjectAllocStat=[ type: bcos::gateway::Socket ,created: 9 ,destroyed: 5 ,alive: 4 ] 
info|2026-02-06 18:56:31.693274|ioService-0x000072bae3cfd6c0|[P2PService][Service][METRIC]heartBeat,connected count=3
info|2026-02-06 18:56:31.719832|timerFactory-0x000072bad3fff6c0|[RPC][WS][SERVICE]connected nodes,count=0
info|2026-02-06 18:56:41.693510|ioService-0x000072bae3cfd6c0|[P2PService][Service][METRIC]heartBeat,connected count=3
info|2026-02-06 18:56:41.719977|timerFactory-0x000072bad3fff6c0|[RPC][WS][SERVICE]connected nodes,count=0
info|2026-02-06 18:56:51.693706|ioService-0x000072bae3cfd6c0|[P2PService][Service][METRIC]heartBeat,connected count=3
info|2026-02-06 18:56:51.720128|timerFactory-0x000072bad3fff6c0|[RPC][WS][SERVICE]connected nodes,count=0
info|2026-02-06 18:57:01.693914|ioService-0x000072bae3cfd6c0|[P2PService][Service][METRIC]heartBeat,connected count=3
info|2026-02-06 18:57:01.720331|timerFactory-0x000072bad3fff6c0|[RPC][WS][SERVICE]connected nodes,count=0
info|2026-02-06 18:57:11.694199|ioService-0x000072bae3cfd6c0|[P2PService][Service][METRIC]heartBeat,connected count=3
info|2026-02-06 18:57:11.720478|timerFactory-0x000072bad3fff6c0|[RPC][WS][SERVICE]connected nodes,count=0
info|2026-02-06 18:57:21.694413|ioService-0x000072bae3cfd6c0|[P2PService][Service][METRIC]heartBeat,connected count=3
info|2026-02-06 18:57:21.720653|timerFactory-0x000072bad3fff6c0|[RPC][WS][SERVICE]connected nodes,count=0
info|2026-02-06 18:57:31.108263|objMonitor-0x000072bac77ff6c0|[startMonitor][AliveObjectMonitor],AliveObjectAllocStat=[ type: bcos::gateway::Socket ,created: 9 ,destroyed: 5 ,alive: 4 ] 
info|2026-02-06 18:57:31.695803|ioService-0x000072bae3cfd6c0|[P2PService][Service][METRIC]heartBeat,connected count=3
info|2026-02-06 18:57:31.720820|timerFactory-0x000072bad3fff6c0|[RPC][WS][SERVICE]connected nodes,count=0
info|2026-02-06 18:57:41.696393|ioService-0x000072bae3cfd6c0|[P2PService][Service][METRIC]heartBeat,connected count=3
info|2026-02-06 18:57:41.721108|timerFactory-0x000072bad3fff6c0|[RPC][WS][SERVICE]connected nodes,count=0
info|2026-02-06 18:57:51.696902|ioService-0x000072bae3cfd6c0|[P2PService][Service][METRIC]heartBeat,connected count=3
info|2026-02-06 18:57:51.721290|timerFactory-0x000072bad3fff6c0|[RPC][WS][SERVICE]connected nodes,count=0
info|2026-02-06 18:58:01.697124|ioService-0x000072bae3cfd6c0|[P2PService][Service][METRIC]heartBeat,connected count=3
info|2026-02-06 18:58:01.721424|timerFactory-0x000072bad3fff6c0|[RPC][WS][SERVICE]connected nodes,count=0
info|2026-02-06 18:58:11.697342|ioService-0x000072bae3cfd6c0|[P2PService][Service][METRIC]heartBeat,connected count=3
info|2026-02-06 18:58:11.721644|timerFactory-0x000072bad3fff6c0|[RPC][WS][SERVICE]connected nodes,count=0
info|2026-02-06 18:58:21.697726|ioService-0x000072bae3cfd6c0|[P2PService][Service][METRIC]heartBeat,connected count=3
info|2026-02-06 18:58:21.721889|timerFactory-0x000072bad3fff6c0|[RPC][WS][SERVICE]connected nodes,count=0
info|2026-02-06 18:58:31.104433|objMonitor-0x000072bac77ff6c0|[startMonitor][AliveObjectMonitor],AliveObjectAllocStat=[ type: bcos::gateway::Socket ,created: 9 ,destroyed: 5 ,alive: 4 ] 
info|2026-02-06 18:58:31.698414|ioService-0x000072bae3cfd6c0|[P2PService][Service][METRIC]heartBeat,connected count=3
info|2026-02-06 18:58:31.722226|timerFactory-0x000072bad3fff6c0|[RPC][WS][SERVICE]connected nodes,count=0
info|2026-02-06 18:58:41.698819|ioService-0x000072bae3cfd6c0|[P2PService][Service][METRIC]heartBeat,connected count=3
info|2026-02-06 18:58:41.722377|timerFactory-0x000072bad3fff6c0|[RPC][WS][SERVICE]connected nodes,count=0
info|2026-02-06 18:58:51.699050|ioService-0x000072bae3cfd6c0|[P2PService][Service][METRIC]heartBeat,connected count=3
info|2026-02-06 18:58:51.722703|timerFactory-0x000072bad3fff6c0|[RPC][WS][SERVICE]connected nodes,count=0
info|2026-02-06 18:59:01.699285|ioService-0x000072bae3cfd6c0|[P2PService][Service][METRIC]heartBeat,connected count=3
info|2026-02-06 18:59:01.723059|timerFactory-0x000072bad3fff6c0|[RPC][WS][SERVICE]connected nodes,count=0
info|2026-02-06 18:59:11.699688|ioService-0x000072bae3cfd6c0|[P2PService][Service][METRIC]heartBeat,connected count=3
info|2026-02-06 18:59:11.723336|timerFactory-0x000072bad3fff6c0|[RPC][WS][SERVICE]connected nodes,count=0
info|2026-02-06 18:59:21.700168|ioService-0x000072bae3cfd6c0|[P2PService][Service][METRIC]heartBeat,connected count=3
info|2026-02-06 18:59:21.723655|timerFactory-0x000072bad3fff6c0|[RPC][WS][SERVICE]connected nodes,count=0
info|2026-02-06 18:59:31.099831|objMonitor-0x000072bac77ff6c0|[startMonitor][AliveObjectMonitor],AliveObjectAllocStat=[ type: bcos::gateway::Socket ,created: 9 ,destroyed: 5 ,alive: 4 ] 
info|2026-02-06 18:59:31.700571|ioService-0x000072bae3cfd6c0|[P2PService][Service][METRIC]heartBeat,connected count=3
info|2026-02-06 18:59:31.723836|timerFactory-0x000072bad3fff6c0|[RPC][WS][SERVICE]connected nodes,count=0
info|2026-02-06 18:59:41.700975|ioService-0x000072bae3cfd6c0|[P2PService][Service][METRIC]heartBeat,connected count=3
info|2026-02-06 18:59:41.724011|timerFactory-0x000072bad3fff6c0|[RPC][WS][SERVICE]connected nodes,count=0
info|2026-02-06 18:59:51.701410|ioService-0x000072bae3cfd6c0|[P2PService][Service][METRIC]heartBeat,connected count=3
info|2026-02-06 18:59:51.724171|timerFactory-0x000072bad3fff6c0|[RPC][WS][SERVICE]connected nodes,count=0
