info|2026-02-07 00:24:22.010089|fisco-bcos-0x00007b4980139a00|[INITIALIZER]initGlobalConfig
info|2026-02-07 00:24:22.010166|fisco-bcos-0x00007b4980139a00|[NodeConfig][METRIC]loadChainConfig,smCrypto=false,chainId=chain0,groupId=group0,blockLimit=1000
info|2026-02-07 00:24:22.010173|fisco-bcos-0x00007b4980139a00|[NodeConfig]loadWeb3ChainConfig,web3ChainID=20200
info|2026-02-07 00:24:22.010207|fisco-bcos-0x00007b4980139a00|[NodeConfig][parseConsensusNodeList],sectionName=consensus,nodeId=2346c69c46d42278eb237167eb19eb28432b63783cc0fd7cddc90f89c148e755db8941be9b0c5f37cbc21c409a78c154abc75ce0c80818c6fbb76aea6bcd0a9a,weight=1
info|2026-02-07 00:24:22.010215|fisco-bcos-0x00007b4980139a00|[NodeConfig][parseConsensusNodeList],sectionName=consensus,nodeId=21a47acec36f73d8e925a7d5db44793f998e1a42a6d7ee2e3a5cf4037b853452cb76f6cbab8e5b223a128e8ee15790d1f629858b47070b4eb2e1ddb2b0ada297,weight=1
info|2026-02-07 00:24:22.010220|fisco-bcos-0x00007b4980139a00|[NodeConfig][parseConsensusNodeList],sectionName=consensus,nodeId=0d6a7f52cb87ce7fda869e0db309ec9c53723c46f81632c21e4abbf1a9159f14d53f37cc0c4141548da9ec877d6235afd7a501c40d296fc4c5252a8717aa23c2,weight=1
info|2026-02-07 00:24:22.010224|fisco-bcos-0x00007b4980139a00|[NodeConfig][parseConsensusNodeList],sectionName=consensus,nodeId=5b07d12d1512a66493c8fd3456d8c505e6ce05f20061613a4c48a1fa3755bbf9cc2d2f1878c4a6733389f03deb0a3fc0c672e2f4910fde9802d6675929cb3dc5,weight=1
info|2026-02-07 00:24:22.010231|fisco-bcos-0x00007b4980139a00|[NodeConfig][parseConsensusNodeList],totalNodesSize=4
info|2026-02-07 00:24:22.010238|fisco-bcos-0x00007b4980139a00|[NodeConfig]loadLedgerConfig,consensus_type=pbft,block_tx_count_limit=1000,gas_limit=3000000000,leader_period=1,minSealTime=0,compatibilityVersion=3.11.0
info|2026-02-07 00:24:22.010260|fisco-bcos-0x00007b4980139a00|[NodeConfig][METRIC]loadExecutorConfig,isWasm=false,isAuthCheck=false,authAdminAccount=0x1dbd23331f727a66c096de4f3daaec061a3ca614,ismSerialExecute=true
info|2026-02-07 00:24:22.010313|fisco-bcos-0x00007b4980139a00|[NodeConfig]loadCertConfig,ca_path=./conf,sm_ca_cert=./conf/sm_ca.crt,sm_node_cert=./conf/sm_ssl.crt,sm_node_key=./conf/sm_ssl.key,sm_ennode_cert=./conf/sm_enssl.crt,sm_ennode_key=./conf/sm_enssl.key
info|2026-02-07 00:24:22.010323|fisco-bcos-0x00007b4980139a00|[NodeConfig]loadCertConfig,ca_path=./conf,ca_cert=./conf/ca.crt,node_cert=./conf/ssl.crt,node_key=./conf/ssl.key
info|2026-02-07 00:24:22.010335|fisco-bcos-0x00007b4980139a00|[NodeConfig]loadRpcConfig,listenIP=0.0.0.0,listenPort=20200,listenPort=20200,smSsl=false,disableSsl=true,needRetInput=true
info|2026-02-07 00:24:22.010341|fisco-bcos-0x00007b4980139a00|[NodeConfig]loadWeb3RpcConfig,enableWeb3Rpc=false,listenIP=0.0.0.0,listenPort=8542,listenPort=8542
info|2026-02-07 00:24:22.010346|fisco-bcos-0x00007b4980139a00|[NodeConfig]loadGatewayConfig,listenIP=0.0.0.0,listenPort=30300,listenPort=30300,smSsl=false,nodesFile=nodes.json
info|2026-02-07 00:24:22.010352|fisco-bcos-0x00007b4980139a00|[NodeConfig]loadSealerConfig,minSealTime=500
info|2026-02-07 00:24:22.010372|fisco-bcos-0x00007b4980139a00|[NodeConfig]loadTxPoolConfig,txpoolLimit=15000,notifierWorkers=2,verifierWorkers=8,checkBlockLimit=true,txsExpirationTime(ms)=600000
info|2026-02-07 00:24:22.010376|fisco-bcos-0x00007b4980139a00|[NodeConfig]loadSecurityConfig,enable_hsm=false,privateKeyPath=conf/node.pem
info|2026-02-07 00:24:22.010380|fisco-bcos-0x00007b4980139a00|[NodeConfig][METRIC]loadExecutorNormalConfig: config.ini,enableDag=true
info|2026-02-07 00:24:22.010394|fisco-bcos-0x00007b4980139a00|[NodeConfig]loadStorageConfig,storagePath=data,KeyPage=10240,storageType=RocksDB,pdAddrs=127.0.0.1:2379,pdCaPath=,enableArchive=false,enableSeparateBlockAndState=false,archiveListenIP=,archiveListenPort=0,enable_rocksdb_blob=false,enableLRUCacheStorage=true
info|2026-02-07 00:24:22.010400|fisco-bcos-0x00007b4980139a00|[NodeConfig]loadConsensusConfig,checkPointTimeoutInterval=3000,pipeline_size=50
info|2026-02-07 00:24:22.010418|fisco-bcos-0x00007b4980139a00|[NodeConfig]loadSyncConfig,sync_block_by_tree=false,send_txs_by_tree=false,tree_width=3
info|2026-02-07 00:24:22.010427|fisco-bcos-0x00007b4980139a00|[NodeConfig]loadOthersConfig,sendTxTimeout=-1,vmCacheSize=1024
info|2026-02-07 00:24:22.010483|fisco-bcos-0x00007b4980139a00|[NodeConfig][METRIC]loadChainConfig,smCrypto=false,chainId=chain0,groupId=group0,blockLimit=1000
info|2026-02-07 00:24:22.010489|fisco-bcos-0x00007b4980139a00|[NodeConfig]loadWeb3ChainConfig,web3ChainID=20200
info|2026-02-07 00:24:22.010501|fisco-bcos-0x00007b4980139a00|[NodeConfig][parseConsensusNodeList],sectionName=consensus,nodeId=2346c69c46d42278eb237167eb19eb28432b63783cc0fd7cddc90f89c148e755db8941be9b0c5f37cbc21c409a78c154abc75ce0c80818c6fbb76aea6bcd0a9a,weight=1
info|2026-02-07 00:24:22.010511|fisco-bcos-0x00007b4980139a00|[NodeConfig][parseConsensusNodeList],sectionName=consensus,nodeId=21a47acec36f73d8e925a7d5db44793f998e1a42a6d7ee2e3a5cf4037b853452cb76f6cbab8e5b223a128e8ee15790d1f629858b47070b4eb2e1ddb2b0ada297,weight=1
info|2026-02-07 00:24:22.010515|fisco-bcos-0x00007b4980139a00|[NodeConfig][parseConsensusNodeList],sectionName=consensus,nodeId=0d6a7f52cb87ce7fda869e0db309ec9c53723c46f81632c21e4abbf1a9159f14d53f37cc0c4141548da9ec877d6235afd7a501c40d296fc4c5252a8717aa23c2,weight=1
info|2026-02-07 00:24:22.010519|fisco-bcos-0x00007b4980139a00|[NodeConfig][parseConsensusNodeList],sectionName=consensus,nodeId=5b07d12d1512a66493c8fd3456d8c505e6ce05f20061613a4c48a1fa3755bbf9cc2d2f1878c4a6733389f03deb0a3fc0c672e2f4910fde9802d6675929cb3dc5,weight=1
info|2026-02-07 00:24:22.010529|fisco-bcos-0x00007b4980139a00|[NodeConfig][parseConsensusNodeList],totalNodesSize=4
info|2026-02-07 00:24:22.010538|fisco-bcos-0x00007b4980139a00|[NodeConfig]loadLedgerConfig,consensus_type=pbft,block_tx_count_limit=1000,gas_limit=3000000000,leader_period=1,minSealTime=0,compatibilityVersion=3.11.0
info|2026-02-07 00:24:22.010545|fisco-bcos-0x00007b4980139a00|[NodeConfig][METRIC]loadExecutorConfig,isWasm=false,isAuthCheck=false,authAdminAccount=0x1dbd23331f727a66c096de4f3daaec061a3ca614,ismSerialExecute=true
info|2026-02-07 00:24:22.010597|fisco-bcos-0x00007b4980139a00|[NodeConfig]loadCertConfig,ca_path=./conf,sm_ca_cert=./conf/sm_ca.crt,sm_node_cert=./conf/sm_ssl.crt,sm_node_key=./conf/sm_ssl.key,sm_ennode_cert=./conf/sm_enssl.crt,sm_ennode_key=./conf/sm_enssl.key
info|2026-02-07 00:24:22.010602|fisco-bcos-0x00007b4980139a00|[NodeConfig]loadCertConfig,ca_path=./conf,ca_cert=./conf/ca.crt,node_cert=./conf/ssl.crt,node_key=./conf/ssl.key
info|2026-02-07 00:24:22.010611|fisco-bcos-0x00007b4980139a00|[NodeConfig]loadRpcConfig,listenIP=0.0.0.0,listenPort=20200,listenPort=20200,smSsl=false,disableSsl=true,needRetInput=true
info|2026-02-07 00:24:22.010616|fisco-bcos-0x00007b4980139a00|[NodeConfig]loadWeb3RpcConfig,enableWeb3Rpc=false,listenIP=0.0.0.0,listenPort=8542,listenPort=8542
info|2026-02-07 00:24:22.010620|fisco-bcos-0x00007b4980139a00|[NodeConfig]loadGatewayConfig,listenIP=0.0.0.0,listenPort=30300,listenPort=30300,smSsl=false,nodesFile=nodes.json
info|2026-02-07 00:24:22.010623|fisco-bcos-0x00007b4980139a00|[NodeConfig]loadSealerConfig,minSealTime=500
info|2026-02-07 00:24:22.010636|fisco-bcos-0x00007b4980139a00|[NodeConfig]loadTxPoolConfig,txpoolLimit=15000,notifierWorkers=2,verifierWorkers=8,checkBlockLimit=true,txsExpirationTime(ms)=600000
info|2026-02-07 00:24:22.010640|fisco-bcos-0x00007b4980139a00|[NodeConfig]loadSecurityConfig,enable_hsm=false,privateKeyPath=conf/node.pem
info|2026-02-07 00:24:22.010643|fisco-bcos-0x00007b4980139a00|[NodeConfig][METRIC]loadExecutorNormalConfig: config.ini,enableDag=true
info|2026-02-07 00:24:22.010653|fisco-bcos-0x00007b4980139a00|[NodeConfig]loadStorageConfig,storagePath=data,KeyPage=10240,storageType=RocksDB,pdAddrs=127.0.0.1:2379,pdCaPath=,enableArchive=false,enableSeparateBlockAndState=false,archiveListenIP=,archiveListenPort=0,enable_rocksdb_blob=false,enableLRUCacheStorage=true
info|2026-02-07 00:24:22.010658|fisco-bcos-0x00007b4980139a00|[NodeConfig]loadConsensusConfig,checkPointTimeoutInterval=3000,pipeline_size=50
info|2026-02-07 00:24:22.010662|fisco-bcos-0x00007b4980139a00|[NodeConfig]loadSyncConfig,sync_block_by_tree=false,send_txs_by_tree=false,tree_width=3
info|2026-02-07 00:24:22.010666|fisco-bcos-0x00007b4980139a00|[NodeConfig]loadOthersConfig,sendTxTimeout=-1,vmCacheSize=1024
info|2026-02-07 00:24:22.010671|fisco-bcos-0x00007b4980139a00|[INITIALIZER]init crypto suite success
info|2026-02-07 00:24:22.010675|fisco-bcos-0x00007b4980139a00|[INITIALIZER]init blockFactory success
info|2026-02-07 00:24:22.010781|fisco-bcos-0x00007b4980139a00|[INITIALIZER][SecureInitializer]loading privateKey
info|2026-02-07 00:24:22.011031|fisco-bcos-0x00007b4980139a00|[INITIALIZER]loadKeyPair from privateKey,privateKeySize=32,enableStorageSecurity=false
info|2026-02-07 00:24:22.011119|fisco-bcos-0x00007b4980139a00|[INITIALIZER][METRIC]loadKeyPair from privateKeyPath,privateKeyPath=conf/node.pem
info|2026-02-07 00:24:22.011124|fisco-bcos-0x00007b4980139a00|[INITIALIZER][METRIC]loadKeyPair success,publicKey=2346c69c46d42278eb237167eb19eb28432b63783cc0fd7cddc90f89c148e755db8941be9b0c5f37cbc21c409a78c154abc75ce0c80818c6fbb76aea6bcd0a9a
info|2026-02-07 00:24:22.011180|fisco-bcos-0x00007b4980139a00|[NodeConfig]loadNodeServiceConfig,withoutTarsFramework=false
info|2026-02-07 00:24:22.011186|fisco-bcos-0x00007b4980139a00|[NodeConfig]load node service,nodeName=2346c69c46d42278eb237167eb19eb28432b63783cc0fd7cddc90f89c148e755db8941be9b0c5f37cbc21c409a78c154abc75ce0c80818c6fbb76aea6bcd0a9a,withoutTarsFramework=false,schedulerServiceName=chain0.2346c69c46d42278eb237167eb19eb28432b63783cc0fd7cddc90f89c148e755db8941be9b0c5f37cbc21c409a78c154abc75ce0c80818c6fbb76aea6bcd0a9aSchedulerService,executorServiceName=chain0.2346c69c46d42278eb237167eb19eb28432b63783cc0fd7cddc90f89c148e755db8941be9b0c5f37cbc21c409a78c154abc75ce0c80818c6fbb76aea6bcd0a9aExecutorService
info|2026-02-07 00:24:22.011399|fisco-bcos-0x00007b4980139a00|[Gateway][Config]initP2PConfig ok!,p2p.listen_ip=0.0.0.0,p2p.listen_port=30300,p2p.sm_ssl=false,p2p.enable_rip_protocol=true,p2p.enable_compression=true,p2p.allow_max_msg_size=33554432,p2p.session_recv_buffer_size=67108864,p2p.session_max_read_data_size=40960,p2p.session_max_send_data_size=1048576,p2p.session_max_send_msg_count=10,p2p.thread_count=8,p2p.nodes_path=./,p2p.nodes_file=nodes.json,p2p.readonly=false
info|2026-02-07 00:24:22.011435|fisco-bcos-0x00007b4980139a00|[Gateway][Config][initFlowControlConfig]load flow_control common config items,enable=false,flow_control.stat_reporter_interval=60000,flow_control.enable_connect_debug_info=false,flow_control.time_window_sec=1,flow_control.enable_distributed_ratelimit=false,flow_control.enable_distributed_ratelimit_cache=true,flow_control.distributed_ratelimit_cache_percent=20
info|2026-02-07 00:24:22.011445|fisco-bcos-0x00007b4980139a00|[Gateway][Config][initFlowControlConfig]load flow_control config items,key=flow_control.modules_without_bw_limit,moduleID=1001
info|2026-02-07 00:24:22.011451|fisco-bcos-0x00007b4980139a00|[Gateway][Config][initFlowControlConfig]load flow_control config items,key=flow_control.modules_without_bw_limit,moduleID=1000
info|2026-02-07 00:24:22.011453|fisco-bcos-0x00007b4980139a00|[Gateway][Config][initFlowControlConfig]load flow_control config items,key=flow_control.modules_without_bw_limit,moduleID=2002
info|2026-02-07 00:24:22.011456|fisco-bcos-0x00007b4980139a00|[Gateway][Config][initFlowControlConfig]load flow_control config items,key=flow_control.modules_without_bw_limit,moduleID=2001
info|2026-02-07 00:24:22.011458|fisco-bcos-0x00007b4980139a00|[Gateway][Config]the total_outgoing_bw_limit is not initialized
info|2026-02-07 00:24:22.011461|fisco-bcos-0x00007b4980139a00|[Gateway][Config]load flow_control config items, the conn_outgoing_bw_limit is not initialized
info|2026-02-07 00:24:22.011463|fisco-bcos-0x00007b4980139a00|[Gateway][Config]load flow_control config items, the group_outgoing_bw_limit is not initialized
info|2026-02-07 00:24:22.011464|fisco-bcos-0x00007b4980139a00|[Gateway][Config][initFlowControlConfig]load_flow control outgoing config items,flow_control.outgoing_allow_exceed_max_permit=false,flow_control.modules_without_bw_limit=raft,pbft,cons_txs_sync,txs_sync,flow_control.total_outgoing_bw_limit=-1,flow_control.conn_outgoing_bw_limit=-1,flow_control.group_outgoing_bw_limit=-1,flow_control.conn_outgoing_bw_limit_x.x.x.x=0,flow_control.group_outgoing_bw_limit_xxx=0,flow_control.modules_without_bw_limit size=4
info|2026-02-07 00:24:22.011469|fisco-bcos-0x00007b4980139a00|[Gateway][Config]rateLimiter: false
info|2026-02-07 00:24:22.011470|fisco-bcos-0x00007b4980139a00|[Gateway][Config][initFlowControlConfig]load flow_control config items, the incoming qps rate limit,flow_control.incoming_p2p_basic_msg_type_list=,flow_control.incoming_p2p_basic_msg_type_qps_limit=-1,flow_control.incoming_module_msg_type_qps_limit=-1,flow_control.incoming_module_qps_limit_xxx size=0,enableOutRateLimit=false,enableOutConnRateLimit=false,enableOutGroupRateLimit=false,enableInRateLimit=false
info|2026-02-07 00:24:22.011476|fisco-bcos-0x00007b4980139a00|[Gateway][Config]initCertConfig,ca_path=./conf,ca_cert=./conf/ca.crt,node_cert=./conf/ssl.crt,node_key=./conf/ssl.key,mul_ca_path=./conf/multiCaPath
info|2026-02-07 00:24:22.011496|fisco-bcos-0x00007b4980139a00|[Gateway][Config]initCertConfig,ca=./conf/ca.crt,node_cert=./conf/ssl.crt,node_key=./conf/ssl.key,mul_ca_path=./conf/multiCaPath
info|2026-02-07 00:24:22.011502|fisco-bcos-0x00007b4980139a00|[Gateway][Config]initConfig ok!,configPath=config.ini,listenIP=0.0.0.0,listenPort=30300,smSSL=false,peers=0
info|2026-02-07 00:24:22.011863|fisco-bcos-0x00007b4980139a00|[Gateway][Config]add one connected node,host=127.0.0.1:30300
info|2026-02-07 00:24:22.012127|fisco-bcos-0x00007b4980139a00|[Gateway][Config]add one connected node,host=127.0.0.1:30301
info|2026-02-07 00:24:22.012381|fisco-bcos-0x00007b4980139a00|[Gateway][Config]add one connected node,host=127.0.0.1:30302
info|2026-02-07 00:24:22.012677|fisco-bcos-0x00007b4980139a00|[Gateway][Config]add one connected node,host=127.0.0.1:30303
info|2026-02-07 00:24:22.012703|fisco-bcos-0x00007b4980139a00|[Gateway][Config]loadP2pConnectedNodes ok!,nodePath=./,nodeFileName=nodes.json,nodes=4
info|2026-02-07 00:24:22.012731|fisco-bcos-0x00007b4980139a00|[Gateway][Factory]initCert2PubHexHandler,cert=./conf/ssl.crt,certContent: =0x7b497f6f7490
info|2026-02-07 00:24:22.013197|fisco-bcos-0x00007b4980139a00|[Gateway][Factory][NEW]SSLContext pubHex: 3082010a0282010100a492268b412bea3e8f972dff0dc52c521cd06884f53d90f3889c7014f7cb635c38a07b81af9630f2b04238a726b029af6b4b924e132710d2894b7175f12a5e323a7119afd27786b01965d49b9c885ff3768f40b9d57817bc1305124f40ced3b1ac99666773a3a64cce079e95acbc31d42f416aad362594008547aae561213b022db32ed9d1bd67df5c020bc44dcc073982b4566fd04048555b1ea84279063d5b1047e9f42776ef03677d2dd1454433fdb3feced3f41b92efdfeda545d56c1c9ba349584c9095f3ad9e31c2db11cbe3007ee7817f5846f87eb01c296d81b36dbbc765b4c7af74aface1276dd4fd91963729e495694b6af5c0d6111c49115a2c3f0203010001
info|2026-02-07 00:24:22.014098|fisco-bcos-0x00007b4980139a00|[P2PService][Service][Service::Service]local protocol,protocolModuleID=1,version=0,minVersion=0,maxVersion=2
info|2026-02-07 00:24:22.014300|fisco-bcos-0x00007b4980139a00|register SIGUSR1 sig for reload p2p connected nodes config
info|2026-02-07 00:24:22.014324|fisco-bcos-0x00007b4980139a00|[Gateway][Factory][buildService]build service end,enable rip protocol=true,enable compress=true,myself pub id=3082010a0282010100a492268b412bea3e8f972dff0dc52c521cd06884f53d90f3889c7014f7cb635c38a07b81af9630f2b04238a726b029af6b4b924e132710d2894b7175f12a5e323a7119afd27786b01965d49b9c885ff3768f40b9d57817bc1305124f40ced3b1ac99666773a3a64cce079e95acbc31d42f416aad362594008547aae561213b022db32ed9d1bd67df5c020bc44dcc073982b4566fd04048555b1ea84279063d5b1047e9f42776ef03677d2dd1454433fdb3feced3f41b92efdfeda545d56c1c9ba349584c9095f3ad9e31c2db11cbe3007ee7817f5846f87eb01c296d81b36dbbc765b4c7af74aface1276dd4fd91963729e495694b6af5c0d6111c49115a2c3f0203010001
info|2026-02-07 00:24:22.015081|fisco-bcos-0x00007b4980139a00|[Gateway][Factory]GatewayFactory::init ok
info|2026-02-07 00:24:22.015122|fisco-bcos-0x00007b4980139a00|[FrontService]FrontServiceFactory::buildFrontService,groupID=group0,nodeID=2346c69c46d42278eb237167eb19eb28432b63783cc0fd7cddc90f89c148e755db8941be9b0c5f37cbc21c409a78c154abc75ce0c80818c6fbb76aea6bcd0a9a
info|2026-02-07 00:24:22.015135|fisco-bcos-0x00007b4980139a00|[FrontService]FrontService,this=0x7b497f66ff10,minVersion=0,maxVersion=2
info|2026-02-07 00:24:22.015166|fisco-bcos-0x00007b4980139a00|[INITIALIZER]initNode,stateDBPath=data,enableSeparateBlockAndState=false,storageType=RocksDB,consensusStoragePath=data/consensus_log
info|2026-02-07 00:24:22.105153|fisco-bcos-0x00007b4980139a00|[LEDGER][#buildGenesisBlock]
info|2026-02-07 00:24:22.105685|fisco-bcos-0x00007b4980139a00|[NodeConfig][generateGenesisData],genesisData=[chain]
sm_crypto:0
chainID: chain0
grouID: group0
[consensys]
consensus_type: pbft
block_tx_count_limit:1000
leader_period:1
[version]
compatibility_version:3.11.0
[tx]
gaslimit:3000000000
[executor]
iswasm: 0
isAuthCheck:0
authAdminAccount:0x1dbd23331f727a66c096de4f3daaec061a3ca614
isSerialExecute:1
epochSealerNum:4
epochBlockNum:1000
node.0:0d6a7f52cb87ce7fda869e0db309ec9c53723c46f81632c21e4abbf1a9159f14d53f37cc0c4141548da9ec877d6235afd7a501c40d296fc4c5252a8717aa23c2,1
node.1:21a47acec36f73d8e925a7d5db44793f998e1a42a6d7ee2e3a5cf4037b853452cb76f6cbab8e5b223a128e8ee15790d1f629858b47070b4eb2e1ddb2b0ada297,1
node.2:2346c69c46d42278eb237167eb19eb28432b63783cc0fd7cddc90f89c148e755db8941be9b0c5f37cbc21c409a78c154abc75ce0c80818c6fbb76aea6bcd0a9a,1
node.3:5b07d12d1512a66493c8fd3456d8c505e6ce05f20061613a4c48a1fa3755bbf9cc2d2f1878c4a6733389f03deb0a3fc0c672e2f4910fde9802d6675929cb3dc5,1
info|2026-02-07 00:24:22.105730|fisco-bcos-0x00007b4980139a00|[LEDGER][#buildGenesisBlock] success, block exists
info|2026-02-07 00:24:22.106276|fisco-bcos-0x00007b4980139a00|[TXPOOL]create transaction validator
info|2026-02-07 00:24:22.106464|fisco-bcos-0x00007b4980139a00|[TXPOOL]create transaction config
info|2026-02-07 00:24:22.106494|fisco-bcos-0x00007b4980139a00|[TXPOOL]create transaction storage
info|2026-02-07 00:24:22.106972|fisco-bcos-0x00007b4980139a00|[TXPOOL]init MemoryStorage of txpool,txNotifierWorkerNum=2,txsExpirationTime=600000,poolLimit=15000,cpuCores=20
info|2026-02-07 00:24:22.107035|fisco-bcos-0x00007b4980139a00|[TXPOOL]create sync config
info|2026-02-07 00:24:22.107042|fisco-bcos-0x00007b4980139a00|[TXPOOL]create sync engine
info|2026-02-07 00:24:22.107614|fisco-bcos-0x00007b4980139a00|[TXPOOL]create txpool,submitWorkerNum=8,notifyWorkerNum=2
info|2026-02-07 00:24:22.108823|fisco-bcos-0x00007b4980139a00|[TXPOOL]create TxPool,submitterNum=8
info|2026-02-07 00:24:22.108978|fisco-bcos-0x00007b4980139a00|[TARS_EXECUTOR_MANAGER]Initialize ,executorServiceName=chain0.2346c69c46d42278eb237167eb19eb28432b63783cc0fd7cddc90f89c148e755db8941be9b0c5f37cbc21c409a78c154abc75ce0c80818c6fbb76aea6bcd0a9aExecutorService.ExecutorServiceObj
info|2026-02-07 00:24:22.109121|fisco-bcos-0x00007b4980139a00|[INITIALIZER]initNode: enableLRUCacheStorage, size: 33554432
info|2026-02-07 00:24:22.109129|fisco-bcos-0x00007b4980139a00|[INITIALIZER]create Executor,nodeArchType=0
info|2026-02-07 00:24:22.111251|fisco-bcos-0x00007b4980139a00|[CONSENSUS][PBFT]create PBFTCodec
info|2026-02-07 00:24:22.111307|fisco-bcos-0x00007b4980139a00|[CONSENSUS][PBFT]create PBFT validator
info|2026-02-07 00:24:22.111589|fisco-bcos-0x00007b4980139a00|[CONSENSUS][PBFT]create pbftStorage
info|2026-02-07 00:24:22.111726|fisco-bcos-0x00007b4980139a00|[CONSENSUS][PBFT][STORAGE]createKVTable success,table=pbftCommitDB
info|2026-02-07 00:24:22.111852|fisco-bcos-0x00007b4980139a00|[CONSENSUS][PBFT]create pbftConfig
info|2026-02-07 00:24:22.112479|fisco-bcos-0x00007b4980139a00|[CONSENSUS][PBFT]create PBFTEngine
info|2026-02-07 00:24:22.113516|fisco-bcos-0x00007b4980139a00|[CONSENSUS][PBFT]create PBFT
info|2026-02-07 00:24:22.114417|fisco-bcos-0x00007b4980139a00|[INITIALIZER]PBFTInitializer::initChainNodeInfo,nodeType=None,nodeCryptoType=0,nodeName=2346c69c46d42278eb237167eb19eb28432b63783cc0fd7cddc90f89c148e755db8941be9b0c5f37cbc21c409a78c154abc75ce0c80818c6fbb76aea6bcd0a9a,compatibilityVersion=51052544
info|2026-02-07 00:24:22.114515|fisco-bcos-0x00007b4980139a00|[Gateway][Router]insertNode,groupID=group0,minVersion=0,maxVersion=2,nodeID=2346c69c46d42278eb237167eb19eb28432b63783cc0fd7cddc90f89c148e755db8941be9b0c5f37cbc21c409a78c154abc75ce0c80818c6fbb76aea6bcd0a9a,nodeType=None
info|2026-02-07 00:24:22.114535|fisco-bcos-0x00007b4980139a00|[INITIALIZER]registerNode,group=group0,node=2346c69c46d42278eb237167eb19eb28432b63783cc0fd7cddc90f89c148e755db8941be9b0c5f37cbc21c409a78c154abc75ce0c80818c6fbb76aea6bcd0a9a,type=None
info|2026-02-07 00:24:22.114552|fisco-bcos-0x00007b4980139a00|[TXPOOL]fetch LedgerConfig information
info|2026-02-07 00:24:22.114668|fisco-bcos-0x00007b4980139a00|[TOOL]LedgerConfigFetcher: fetchBlockNumber success,blockNumber=130
info|2026-02-07 00:24:22.114813|fisco-bcos-0x00007b4980139a00|[TOOL]LedgerConfigFetcher: fetchBlockHash success,blockNumber=130,hash=285b0eda...
info|2026-02-07 00:24:22.114900|fisco-bcos-0x00007b4980139a00|[TOOL]fetchBlockTxCountLimit success,value=1000
info|2026-02-07 00:24:22.114910|fisco-bcos-0x00007b4980139a00|[TXPOOL]fetch LedgerConfig success
info|2026-02-07 00:24:22.114916|fisco-bcos-0x00007b4980139a00|[TXPOOL]fetch history nonces information,startNumber=0,fetchedSize=131
info|2026-02-07 00:24:22.118342|fisco-bcos-0x00007b4980139a00|[TXPOOL]fetch history nonces success
info|2026-02-07 00:24:22.118439|fisco-bcos-0x00007b4980139a00|[TXPOOL]init txs validator,checkBlockLimit=true
info|2026-02-07 00:24:22.118949|fisco-bcos-0x00007b4980139a00|[TXPOOL]init txs validator success
info|2026-02-07 00:24:22.119108|fisco-bcos-0x00007b4980139a00|[TXPOOL]init sync config
info|2026-02-07 00:24:22.119143|fisco-bcos-0x00007b4980139a00|[TXPOOL]init sync config success
info|2026-02-07 00:24:22.119191|fisco-bcos-0x00007b4980139a00|[BLOCK SYNC]start fetch the ledger config for block sync module
info|2026-02-07 00:24:22.119410|fisco-bcos-0x00007b4980139a00|[TOOL]LedgerConfigFetcher: fetchBlockNumber success,blockNumber=130
info|2026-02-07 00:24:22.119528|fisco-bcos-0x00007b4980139a00|[TOOL]LedgerConfigFetcher: fetchBlockHash success,blockNumber=130,hash=285b0eda...
info|2026-02-07 00:24:22.119556|fisco-bcos-0x00007b4980139a00|[TOOL]fetchCompatibilityVersion
info|2026-02-07 00:24:22.119816|fisco-bcos-0x00007b4980139a00|[TOOL]fetchCompatibilityVersion success,version=3.11.0,versionNumber=51052544,minSupportedVersion=3.0.0-rc4,maxSupportedVersion=3.11.0
info|2026-02-07 00:24:22.120938|fisco-bcos-0x00007b4980139a00|[TOOL]fetchSystemConfig failed, use default value,code=3008,msg=Entry: feature_dmc2serial does not exists!,key=feature_dmc2serial,defaultValue=0
info|2026-02-07 00:24:22.121583|fisco-bcos-0x00007b4980139a00|[TOOL]fetchSystemConfig failed, use default value,code=3008,msg=Entry: feature_sharding does not exists!,key=feature_sharding,defaultValue=0
info|2026-02-07 00:24:22.121780|fisco-bcos-0x00007b4980139a00|[TOOL]fetchSystemConfig failed, use default value,code=3008,msg=Entry: feature_rpbft does not exists!,key=feature_rpbft,defaultValue=0
info|2026-02-07 00:24:22.121852|fisco-bcos-0x00007b4980139a00|[TOOL]fetchSystemConfig failed, use default value,code=3008,msg=Entry: feature_paillier does not exists!,key=feature_paillier,defaultValue=0
info|2026-02-07 00:24:22.121893|fisco-bcos-0x00007b4980139a00|[TOOL]fetchSystemConfig failed, use default value,code=3008,msg=Entry: feature_balance does not exists!,key=feature_balance,defaultValue=0
info|2026-02-07 00:24:22.122189|fisco-bcos-0x00007b4980139a00|[TOOL]fetchSystemConfig failed, use default value,code=3008,msg=Entry: feature_balance_precompiled does not exists!,key=feature_balance_precompiled,defaultValue=0
info|2026-02-07 00:24:22.122604|fisco-bcos-0x00007b4980139a00|[TOOL]fetchSystemConfig failed, use default value,code=3008,msg=Entry: feature_balance_policy1 does not exists!,key=feature_balance_policy1,defaultValue=0
info|2026-02-07 00:24:22.123007|fisco-bcos-0x00007b4980139a00|[TOOL]fetchSystemConfig failed, use default value,code=3008,msg=Entry: feature_paillier_add_raw does not exists!,key=feature_paillier_add_raw,defaultValue=0
info|2026-02-07 00:24:22.123117|fisco-bcos-0x00007b4980139a00|[TOOL]fetchSystemConfig failed, use default value,code=3008,msg=Entry: feature_evm_cancun does not exists!,key=feature_evm_cancun,defaultValue=0
info|2026-02-07 00:24:22.123188|fisco-bcos-0x00007b4980139a00|[TOOL]fetchConsensusNodeList success,size=4
info|2026-02-07 00:24:22.123220|fisco-bcos-0x00007b4980139a00|[TOOL]fetchObserverNodeList success,size=0
info|2026-02-07 00:24:22.123264|fisco-bcos-0x00007b4980139a00|[TOOL]fetchCandidateSealerList success,size=0
info|2026-02-07 00:24:22.123320|fisco-bcos-0x00007b4980139a00|[TOOL]fetchGenesisHash success,genesisHash=25d20f1c...
info|2026-02-07 00:24:22.123331|fisco-bcos-0x00007b4980139a00|[BLOCK SYNC]fetch the ledger config for block sync module success,number=130,latestHash=285b0eda...,genesisHash=25d20f1c7ba5c73a1e512bbabf583992a464d04d9c35a44e10d8c6c8f07c9983
info|2026-02-07 00:24:22.123360|fisco-bcos-0x00007b4980139a00|[BLOCK SYNC]#### BlockSyncConfig resetConfig,number=130,consNodeSize=4,observerNodeSize=0,type=CONSENSUS_NODE
info|2026-02-07 00:24:22.123391|fisco-bcos-0x00007b4980139a00|[BLOCK SYNC]init block sync success
info|2026-02-07 00:24:22.123418|fisco-bcos-0x00007b4980139a00|[CONSENSUS][PBFT]asyncResetTxPool when startup
info|2026-02-07 00:24:22.123476|fisco-bcos-0x00007b4980139a00|[TXPOOL]asyncResetTxPool,txsSize=0
info|2026-02-07 00:24:22.123525|fisco-bcos-0x00007b4980139a00|[CONSENSUS][PBFT]fetchAndUpdateLedgerConfig
info|2026-02-07 00:24:22.123586|fisco-bcos-0x00007b4980139a00|[TOOL]LedgerConfigFetcher: fetchBlockNumber success,blockNumber=130
info|2026-02-07 00:24:22.123615|fisco-bcos-0x00007b4980139a00|[TOOL]LedgerConfigFetcher: fetchBlockHash success,blockNumber=130,hash=285b0eda...
info|2026-02-07 00:24:22.123624|fisco-bcos-0x00007b4980139a00|[TOOL]fetchCompatibilityVersion
info|2026-02-07 00:24:22.123699|fisco-bcos-0x00007b4980139a00|[TOOL]fetchCompatibilityVersion success,version=3.11.0,versionNumber=51052544,minSupportedVersion=3.0.0-rc4,maxSupportedVersion=3.11.0
info|2026-02-07 00:24:22.124222|fisco-bcos-0x00007b4980139a00|[TOOL]fetchSystemConfig failed, use default value,code=3008,msg=Entry: feature_dmc2serial does not exists!,key=feature_dmc2serial,defaultValue=0
info|2026-02-07 00:24:22.124329|fisco-bcos-0x00007b4980139a00|[TOOL]fetchSystemConfig failed, use default value,code=3008,msg=Entry: feature_sharding does not exists!,key=feature_sharding,defaultValue=0
info|2026-02-07 00:24:22.124473|fisco-bcos-0x00007b4980139a00|[TOOL]fetchSystemConfig failed, use default value,code=3008,msg=Entry: feature_rpbft does not exists!,key=feature_rpbft,defaultValue=0
info|2026-02-07 00:24:22.124506|fisco-bcos-0x00007b4980139a00|[TOOL]fetchSystemConfig failed, use default value,code=3008,msg=Entry: feature_paillier does not exists!,key=feature_paillier,defaultValue=0
info|2026-02-07 00:24:22.124530|fisco-bcos-0x00007b4980139a00|[TOOL]fetchSystemConfig failed, use default value,code=3008,msg=Entry: feature_balance does not exists!,key=feature_balance,defaultValue=0
info|2026-02-07 00:24:22.124552|fisco-bcos-0x00007b4980139a00|[TOOL]fetchSystemConfig failed, use default value,code=3008,msg=Entry: feature_balance_precompiled does not exists!,key=feature_balance_precompiled,defaultValue=0
info|2026-02-07 00:24:22.124575|fisco-bcos-0x00007b4980139a00|[TOOL]fetchSystemConfig failed, use default value,code=3008,msg=Entry: feature_balance_policy1 does not exists!,key=feature_balance_policy1,defaultValue=0
info|2026-02-07 00:24:22.124598|fisco-bcos-0x00007b4980139a00|[TOOL]fetchSystemConfig failed, use default value,code=3008,msg=Entry: feature_paillier_add_raw does not exists!,key=feature_paillier_add_raw,defaultValue=0
info|2026-02-07 00:24:22.124626|fisco-bcos-0x00007b4980139a00|[TOOL]fetchSystemConfig failed, use default value,code=3008,msg=Entry: feature_evm_cancun does not exists!,key=feature_evm_cancun,defaultValue=0
info|2026-02-07 00:24:22.124679|fisco-bcos-0x00007b4980139a00|[TOOL]fetchConsensusNodeList success,size=4
info|2026-02-07 00:24:22.124765|fisco-bcos-0x00007b4980139a00|[TOOL]fetchObserverNodeList success,size=0
info|2026-02-07 00:24:22.124797|fisco-bcos-0x00007b4980139a00|[TOOL]fetchCandidateSealerList success,size=0
info|2026-02-07 00:24:22.124839|fisco-bcos-0x00007b4980139a00|[TOOL]fetchBlockTxCountLimit success,value=1000
info|2026-02-07 00:24:22.124865|fisco-bcos-0x00007b4980139a00|[TOOL]fetchGenesisHash success,genesisHash=25d20f1c...
info|2026-02-07 00:24:22.124895|fisco-bcos-0x00007b4980139a00|[TOOL]fetchConsensusLeaderPeriod success,value=1
info|2026-02-07 00:24:22.124924|fisco-bcos-0x00007b4980139a00|[TOOL]fetchAuthCheckStatus success,value=0
info|2026-02-07 00:24:22.125028|fisco-bcos-0x00007b4980139a00|[TOOL]fetchSystemConfig failed, use default value,code=3008,msg=Entry: feature_rpbft_epoch_sealer_num does not exists!,key=feature_rpbft_epoch_sealer_num,defaultValue=4
info|2026-02-07 00:24:22.125041|fisco-bcos-0x00007b4980139a00|[TOOL]fetchEpochSealerNum success,value=4
info|2026-02-07 00:24:22.125073|fisco-bcos-0x00007b4980139a00|[TOOL]fetchSystemConfig failed, use default value,code=3008,msg=Entry: feature_rpbft_epoch_block_num does not exists!,key=feature_rpbft_epoch_block_num,defaultValue=1000
info|2026-02-07 00:24:22.125124|fisco-bcos-0x00007b4980139a00|[TOOL]fetchEpochBlockNum success,value=1000
info|2026-02-07 00:24:22.125176|fisco-bcos-0x00007b4980139a00|[TOOL]fetchSystemConfig failed, use default value,code=3008,msg=Entry: feature_rpbft_notify_rotate does not exists!,key=feature_rpbft_notify_rotate,defaultValue=0
info|2026-02-07 00:24:22.125185|fisco-bcos-0x00007b4980139a00|[TOOL]fetchNotifyRotateFlagInfo success,value=0
info|2026-02-07 00:24:22.125195|fisco-bcos-0x00007b4980139a00|[CONSENSUS][PBFT]fetchAndUpdateLedgerConfig success,blockNumber=130,hash=285b0eda...,maxTxsPerBlock=1000,consensusNodeList=4
info|2026-02-07 00:24:22.125208|fisco-bcos-0x00007b4980139a00|[CONSENSUS][PBFT][METRIC]resetConfig,committedIndex=130,propHash=285b0eda...,blockCountLimit=1000,leaderPeriod=1,consensusNodesSize=4
info|2026-02-07 00:24:22.125237|fisco-bcos-0x00007b4980139a00|[CONSENSUS][PBFT]PBFTConfig: resetExpectedCheckPoint,committedIndex=130,consNum=131,committedHash=285b0eda...,view=0,toView=0,changeCycle=0,expectedCheckPoint=0,Idx=0,unsealedTxs=0,sealUntil=0,waitResealUntil=0,consensusTimeout=3000,nodeId=2346c69c...,expectedCheckPoint=0
info|2026-02-07 00:24:22.125271|fisco-bcos-0x00007b4980139a00|[CONSENSUS][Core][METRIC]updateConsensusNodeList,nodeNum=4,nodeIndex=2,committedIndex=130,0d6a7f52...=1,21a47ace...=1,2346c69c...=1,5b07d12d...=1
info|2026-02-07 00:24:22.125286|fisco-bcos-0x00007b4980139a00|[CONSENSUS][PBFT]notifyResetSealing,committedIndex=130,consNum=131,committedHash=285b0eda...,view=0,toView=0,changeCycle=0,expectedCheckPoint=131,Idx=2,unsealedTxs=0,sealUntil=0,waitResealUntil=0,consensusTimeout=3000,nodeId=2346c69c...
info|2026-02-07 00:24:22.125299|fisco-bcos-0x00007b4980139a00|[CONSENSUS][SEALER]resetSealing,startNum=0,endNum=0,sealingNum=-1,pendingTxs=0,unsealedTxs=0
info|2026-02-07 00:24:22.125320|fisco-bcos-0x00007b4980139a00|[CONSENSUS][PBFT]reNotifySealer,expectedStart=131,highWaterMark=181,leader=3,committedIndex=130,consNum=131,committedHash=285b0eda...,view=0,toView=0,changeCycle=0,expectedCheckPoint=131,Idx=2,unsealedTxs=0,sealUntil=0,waitResealUntil=0,consensusTimeout=3000,nodeId=2346c69c...
info|2026-02-07 00:24:22.125333|fisco-bcos-0x00007b4980139a00|[CONSENSUS][PBFT]notifyResetSealing success,committedIndex=130,consNum=131,committedHash=285b0eda...,view=0,toView=0,changeCycle=0,expectedCheckPoint=131,Idx=2,unsealedTxs=0,sealUntil=0,waitResealUntil=0,consensusTimeout=3000,nodeId=2346c69c...
info|2026-02-07 00:24:22.125377|fisco-bcos-0x00007b4980139a00|[CONSENSUS][PBFT][METRIC]^^^^^^^^Report,committedIndex=130,consNum=131,committedHash=285b0eda...,view=0,toView=0,changeCycle=0,expectedCheckPoint=131,Idx=2,unsealedTxs=0,sealUntil=0,waitResealUntil=0,consensusTimeout=3000,nodeId=2346c69c...
info|2026-02-07 00:24:22.125401|fisco-bcos-0x00007b4980139a00|[CONSENSUS][PBFT]updateValidatorConfig,consensusNodeListUpdated=true,observerNodeListUpdated=false,consensusNodeSize=4,observerNodeSize=0
info|2026-02-07 00:24:22.125412|fisco-bcos-0x00007b4980139a00|[CONSENSUS][SEALER]asyncNoteLatestBlockNumber,number=130
info|2026-02-07 00:24:22.125419|fisco-bcos-0x00007b4980139a00|[CONSENSUS][SEALER]asyncNoteLatestBlockHash,_hash=285b0eda...
info|2026-02-07 00:24:22.125583|fisco-bcos-0x00007b4980139a00|[CONSENSUS][PBFT]init PBFT success
info|2026-02-07 00:24:22.125858|fisco-bcos-0x00007b4980139a00|[FRONTSERVICE]registerModuleMessageDispatcher for the consensus module success
info|2026-02-07 00:24:22.125915|fisco-bcos-0x00007b4980139a00|[FRONTSERVICE]registerModuleMessageDispatcher for the txsSync module success
info|2026-02-07 00:24:22.125923|fisco-bcos-0x00007b4980139a00|[FRONTSERVICE]registerModuleMessageDispatcher for the BlockSync module success
info|2026-02-07 00:24:22.125928|fisco-bcos-0x00007b4980139a00|[FRONTSERVICE]registerGroupNodeInfoNotification success
info|2026-02-07 00:24:22.126378|fisco-bcos-0x00007b4980139a00|[RPC][initConfig]rpc work in disable ssl model,listenIP=0.0.0.0,listenPort=20200,threadCount=4,asServer=true
info|2026-02-07 00:24:22.126447|fisco-bcos-0x00007b4980139a00|[DEFAULT][WS][SERVICE],[NEWOBJ][WsService]=0x7b497f6e5710
info|2026-02-07 00:24:22.126566|fisco-bcos-0x00007b4980139a00|[DEFAULT][WS][INITIALIZER][initWsService]start websocket service as server
info|2026-02-07 00:24:22.126662|fisco-bcos-0x00007b4980139a00|[DEFAULT][HTTP][SERVER][buildHttpServer],listenIP=0.0.0.0,listenPort=20200
info|2026-02-07 00:24:22.126676|fisco-bcos-0x00007b4980139a00|[DEFAULT][WS][INITIALIZER][initWsService]initializer for websocket service,listenIP=0.0.0.0,listenPort=20200,disableSsl=true,server=true,client=false,maxMsgSize=33554432,msgTimeOut=-1,connected peers=0
info|2026-02-07 00:24:22.128222|fisco-bcos-0x00007b4980139a00|[RPC][JSONRPC][initMethod],method=getLogs
info|2026-02-07 00:24:22.128290|fisco-bcos-0x00007b4980139a00|[RPC][JSONRPC][initMethod],method=getSystemConfigByKey
info|2026-02-07 00:24:22.128299|fisco-bcos-0x00007b4980139a00|[RPC][JSONRPC][initMethod],method=getPeers
info|2026-02-07 00:24:22.128316|fisco-bcos-0x00007b4980139a00|[RPC][JSONRPC][initMethod],method=getNodeListByType
info|2026-02-07 00:24:22.128333|fisco-bcos-0x00007b4980139a00|[RPC][JSONRPC][initMethod],method=getObserverList
info|2026-02-07 00:24:22.128385|fisco-bcos-0x00007b4980139a00|[RPC][JSONRPC][initMethod],method=getBlockHashByNumber
info|2026-02-07 00:24:22.128391|fisco-bcos-0x00007b4980139a00|[RPC][JSONRPC][initMethod],method=getBlockNumber
info|2026-02-07 00:24:22.128398|fisco-bcos-0x00007b4980139a00|[RPC][JSONRPC][initMethod],method=getSealerList
info|2026-02-07 00:24:22.128408|fisco-bcos-0x00007b4980139a00|[RPC][JSONRPC][initMethod],method=getTransactionReceipt
info|2026-02-07 00:24:22.128414|fisco-bcos-0x00007b4980139a00|[RPC][JSONRPC][initMethod],method=sendTransaction
info|2026-02-07 00:24:22.128421|fisco-bcos-0x00007b4980139a00|[RPC][JSONRPC][initMethod],method=call
info|2026-02-07 00:24:22.128479|fisco-bcos-0x00007b4980139a00|[RPC][JSONRPC][initMethod],method=getABI
info|2026-02-07 00:24:22.128489|fisco-bcos-0x00007b4980139a00|[RPC][JSONRPC][initMethod],method=newBlockFilter
info|2026-02-07 00:24:22.128495|fisco-bcos-0x00007b4980139a00|[RPC][JSONRPC][initMethod],method=getCode
info|2026-02-07 00:24:22.128501|fisco-bcos-0x00007b4980139a00|[RPC][JSONRPC][initMethod],method=uninstallFilter
info|2026-02-07 00:24:22.128508|fisco-bcos-0x00007b4980139a00|[RPC][JSONRPC][initMethod],method=getPendingTxSize
info|2026-02-07 00:24:22.128513|fisco-bcos-0x00007b4980139a00|[RPC][JSONRPC][initMethod],method=getSyncStatus
info|2026-02-07 00:24:22.128517|fisco-bcos-0x00007b4980139a00|[RPC][JSONRPC][initMethod],method=getTransaction
info|2026-02-07 00:24:22.128535|fisco-bcos-0x00007b4980139a00|[RPC][JSONRPC][initMethod],method=getConsensusStatus
info|2026-02-07 00:24:22.128543|fisco-bcos-0x00007b4980139a00|[RPC][JSONRPC][initMethod],method=getGroupPeers
info|2026-02-07 00:24:22.128548|fisco-bcos-0x00007b4980139a00|[RPC][JSONRPC][initMethod],method=newFilter
info|2026-02-07 00:24:22.128557|fisco-bcos-0x00007b4980139a00|[RPC][JSONRPC][initMethod],method=getGroupList
info|2026-02-07 00:24:22.128568|fisco-bcos-0x00007b4980139a00|[RPC][JSONRPC][initMethod],method=getBlockByHash
info|2026-02-07 00:24:22.128573|fisco-bcos-0x00007b4980139a00|[RPC][JSONRPC][initMethod],method=getPbftView
info|2026-02-07 00:24:22.128579|fisco-bcos-0x00007b4980139a00|[RPC][JSONRPC][initMethod],method=newPendingTransactionFilter
info|2026-02-07 00:24:22.128585|fisco-bcos-0x00007b4980139a00|[RPC][JSONRPC][initMethod],method=getFilterLogs
info|2026-02-07 00:24:22.128640|fisco-bcos-0x00007b4980139a00|[RPC][JSONRPC][initMethod],method=getFilterChanges
info|2026-02-07 00:24:22.128649|fisco-bcos-0x00007b4980139a00|[RPC][JSONRPC][initMethod],method=getGroupInfoList
info|2026-02-07 00:24:22.128662|fisco-bcos-0x00007b4980139a00|[RPC][JSONRPC][initMethod],method=getBlockByNumber
info|2026-02-07 00:24:22.128671|fisco-bcos-0x00007b4980139a00|[RPC][JSONRPC][initMethod],method=getTotalTransactionCount
info|2026-02-07 00:24:22.128690|fisco-bcos-0x00007b4980139a00|[RPC][JSONRPC][initMethod],method=getGroupInfo
info|2026-02-07 00:24:22.128697|fisco-bcos-0x00007b4980139a00|[RPC][JSONRPC][initMethod],method=getGroupNodeInfo
info|2026-02-07 00:24:22.128707|fisco-bcos-0x00007b4980139a00|[RPC][JSONRPC][initMethod],size=32
info|2026-02-07 00:24:22.128729|fisco-bcos-0x00007b4980139a00|[RPC]create event sub obj
info|2026-02-07 00:24:22.128757|fisco-bcos-0x00007b4980139a00|[GROUP]initNodeInfo,group=group0,nodeName=localNode
info|2026-02-07 00:24:22.128976|fisco-bcos-0x00007b4980139a00|[GROUP]initNodeInfo success,group=group0,nodeName=localNode,number=130
info|2026-02-07 00:24:22.129096|fisco-bcos-0x00007b4980139a00|[INITIALIZER][METRIC],binaryVersion=3.11.0,buildTime=20240827 04:30:34,buildType=Release,platform=Linux/g++,gitBranch=HEAD,commitHash=3fea676716990b2ed453b4f079915daafff451f9
info|2026-02-07 00:24:22.129308|fisco-bcos-0x00007b4980139a00|[INITIALIZER]Start the txpool
info|2026-02-07 00:24:22.129395|fisco-bcos-0x00007b4980139a00|[TXPOOL]Start the txpool.
info|2026-02-07 00:24:22.129408|fisco-bcos-0x00007b4980139a00|[BLOCK SYNC]enableAsMaster:true
info|2026-02-07 00:24:22.129424|fisco-bcos-0x00007b4980139a00|[Gateway][Router]insertNode,groupID=group0,minVersion=0,maxVersion=2,nodeID=2346c69c46d42278eb237167eb19eb28432b63783cc0fd7cddc90f89c148e755db8941be9b0c5f37cbc21c409a78c154abc75ce0c80818c6fbb76aea6bcd0a9a,nodeType=CONSENSUS_NODE
info|2026-02-07 00:24:22.129435|fisco-bcos-0x00007b4980139a00|[INITIALIZER]registerNode,group=group0,node=2346c69c46d42278eb237167eb19eb28432b63783cc0fd7cddc90f89c148e755db8941be9b0c5f37cbc21c409a78c154abc75ce0c80818c6fbb76aea6bcd0a9a,type=CONSENSUS_NODE
info|2026-02-07 00:24:22.129443|fisco-bcos-0x00007b4980139a00|[BLOCK SYNC]start fetch the ledger config for block sync module
info|2026-02-07 00:24:22.129500|fisco-bcos-0x00007b4980139a00|[TOOL]LedgerConfigFetcher: fetchBlockNumber success,blockNumber=130
info|2026-02-07 00:24:22.129524|fisco-bcos-0x00007b4980139a00|[TOOL]LedgerConfigFetcher: fetchBlockHash success,blockNumber=130,hash=285b0eda...
info|2026-02-07 00:24:22.129533|fisco-bcos-0x00007b4980139a00|[TOOL]fetchCompatibilityVersion
info|2026-02-07 00:24:22.129604|fisco-bcos-0x00007b4980139a00|[TOOL]fetchCompatibilityVersion success,version=3.11.0,versionNumber=51052544,minSupportedVersion=3.0.0-rc4,maxSupportedVersion=3.11.0
info|2026-02-07 00:24:22.130177|fisco-bcos-0x00007b4980139a00|[TOOL]fetchSystemConfig failed, use default value,code=3008,msg=Entry: feature_dmc2serial does not exists!,key=feature_dmc2serial,defaultValue=0
info|2026-02-07 00:24:22.130302|fisco-bcos-0x00007b4980139a00|[TOOL]fetchSystemConfig failed, use default value,code=3008,msg=Entry: feature_sharding does not exists!,key=feature_sharding,defaultValue=0
info|2026-02-07 00:24:22.130374|fisco-bcos-0x00007b4980139a00|[TOOL]fetchSystemConfig failed, use default value,code=3008,msg=Entry: feature_rpbft does not exists!,key=feature_rpbft,defaultValue=0
info|2026-02-07 00:24:22.130417|fisco-bcos-0x00007b4980139a00|[TOOL]fetchSystemConfig failed, use default value,code=3008,msg=Entry: feature_paillier does not exists!,key=feature_paillier,defaultValue=0
info|2026-02-07 00:24:22.130451|fisco-bcos-0x00007b4980139a00|[TOOL]fetchSystemConfig failed, use default value,code=3008,msg=Entry: feature_balance does not exists!,key=feature_balance,defaultValue=0
info|2026-02-07 00:24:22.130486|fisco-bcos-0x00007b4980139a00|[TOOL]fetchSystemConfig failed, use default value,code=3008,msg=Entry: feature_balance_precompiled does not exists!,key=feature_balance_precompiled,defaultValue=0
info|2026-02-07 00:24:22.130578|fisco-bcos-0x00007b4980139a00|[TOOL]fetchSystemConfig failed, use default value,code=3008,msg=Entry: feature_balance_policy1 does not exists!,key=feature_balance_policy1,defaultValue=0
info|2026-02-07 00:24:22.130630|fisco-bcos-0x00007b4980139a00|[TOOL]fetchSystemConfig failed, use default value,code=3008,msg=Entry: feature_paillier_add_raw does not exists!,key=feature_paillier_add_raw,defaultValue=0
info|2026-02-07 00:24:22.130682|fisco-bcos-0x00007b4980139a00|[TOOL]fetchSystemConfig failed, use default value,code=3008,msg=Entry: feature_evm_cancun does not exists!,key=feature_evm_cancun,defaultValue=0
info|2026-02-07 00:24:22.130927|fisco-bcos-0x00007b4980139a00|[TOOL]fetchConsensusNodeList success,size=4
info|2026-02-07 00:24:22.131052|fisco-bcos-0x00007b4980139a00|[TOOL]fetchObserverNodeList success,size=0
info|2026-02-07 00:24:22.131133|fisco-bcos-0x00007b4980139a00|[TOOL]fetchCandidateSealerList success,size=0
info|2026-02-07 00:24:22.131202|fisco-bcos-0x00007b4980139a00|[TOOL]fetchGenesisHash success,genesisHash=25d20f1c...
info|2026-02-07 00:24:22.131211|fisco-bcos-0x00007b4980139a00|[BLOCK SYNC]fetch the ledger config for block sync module success,number=130,latestHash=285b0eda...,genesisHash=25d20f1c7ba5c73a1e512bbabf583992a464d04d9c35a44e10d8c6c8f07c9983
info|2026-02-07 00:24:22.131224|fisco-bcos-0x00007b4980139a00|[BLOCK SYNC]init block sync success
info|2026-02-07 00:24:22.131237|fisco-bcos-0x00007b4980139a00|[CONSENSUS][PBFT]enableAsMasterNode: clearAllCache for the node switch into backup node
info|2026-02-07 00:24:22.131261|fisco-bcos-0x00007b4980139a00|[CONSENSUS][PBFT]enableAsMasterNode: true
info|2026-02-07 00:24:22.131277|fisco-bcos-0x00007b4980139a00|[INITIALIZER]Election versionInfoNotification success,version=51052544
info|2026-02-07 00:24:22.131285|fisco-bcos-0x00007b4980139a00|[CONSENSUS][PBFT]enableAsMasterNode: init and start the consensus module
info|2026-02-07 00:24:22.131291|fisco-bcos-0x00007b4980139a00|[CONSENSUS][PBFT]asyncResetTxPool when startup
info|2026-02-07 00:24:22.131346|fisco-bcos-0x00007b4980139a00|[TXPOOL]asyncResetTxPool,txsSize=0
info|2026-02-07 00:24:22.131389|fisco-bcos-0x00007b4980139a00|[CONSENSUS][PBFT]fetchAndUpdateLedgerConfig
info|2026-02-07 00:24:22.131432|fisco-bcos-0x00007b4980139a00|[TOOL]LedgerConfigFetcher: fetchBlockNumber success,blockNumber=130
info|2026-02-07 00:24:22.131457|fisco-bcos-0x00007b4980139a00|[TOOL]LedgerConfigFetcher: fetchBlockHash success,blockNumber=130,hash=285b0eda...
info|2026-02-07 00:24:22.131505|fisco-bcos-0x00007b4980139a00|[TOOL]fetchCompatibilityVersion
info|2026-02-07 00:24:22.131570|fisco-bcos-0x00007b4980139a00|[TOOL]fetchCompatibilityVersion success,version=3.11.0,versionNumber=51052544,minSupportedVersion=3.0.0-rc4,maxSupportedVersion=3.11.0
info|2026-02-07 00:24:22.132067|fisco-bcos-0x00007b4980139a00|[TOOL]fetchSystemConfig failed, use default value,code=3008,msg=Entry: feature_dmc2serial does not exists!,key=feature_dmc2serial,defaultValue=0
info|2026-02-07 00:24:22.132154|fisco-bcos-0x00007b4980139a00|[TOOL]fetchSystemConfig failed, use default value,code=3008,msg=Entry: feature_sharding does not exists!,key=feature_sharding,defaultValue=0
info|2026-02-07 00:24:22.132203|fisco-bcos-0x00007b4980139a00|[TOOL]fetchSystemConfig failed, use default value,code=3008,msg=Entry: feature_rpbft does not exists!,key=feature_rpbft,defaultValue=0
info|2026-02-07 00:24:22.132233|fisco-bcos-0x00007b4980139a00|[TOOL]fetchSystemConfig failed, use default value,code=3008,msg=Entry: feature_paillier does not exists!,key=feature_paillier,defaultValue=0
info|2026-02-07 00:24:22.132262|fisco-bcos-0x00007b4980139a00|[TOOL]fetchSystemConfig failed, use default value,code=3008,msg=Entry: feature_balance does not exists!,key=feature_balance,defaultValue=0
info|2026-02-07 00:24:22.132291|fisco-bcos-0x00007b4980139a00|[TOOL]fetchSystemConfig failed, use default value,code=3008,msg=Entry: feature_balance_precompiled does not exists!,key=feature_balance_precompiled,defaultValue=0
info|2026-02-07 00:24:22.132342|fisco-bcos-0x00007b4980139a00|[TOOL]fetchSystemConfig failed, use default value,code=3008,msg=Entry: feature_balance_policy1 does not exists!,key=feature_balance_policy1,defaultValue=0
info|2026-02-07 00:24:22.132432|fisco-bcos-0x00007b4980139a00|[TOOL]fetchSystemConfig failed, use default value,code=3008,msg=Entry: feature_paillier_add_raw does not exists!,key=feature_paillier_add_raw,defaultValue=0
info|2026-02-07 00:24:22.132471|fisco-bcos-0x00007b4980139a00|[TOOL]fetchSystemConfig failed, use default value,code=3008,msg=Entry: feature_evm_cancun does not exists!,key=feature_evm_cancun,defaultValue=0
info|2026-02-07 00:24:22.132570|fisco-bcos-0x00007b4980139a00|[TOOL]fetchConsensusNodeList success,size=4
info|2026-02-07 00:24:22.132666|fisco-bcos-0x00007b4980139a00|[TOOL]fetchObserverNodeList success,size=0
info|2026-02-07 00:24:22.132752|fisco-bcos-0x00007b4980139a00|[TOOL]fetchCandidateSealerList success,size=0
info|2026-02-07 00:24:22.132842|fisco-bcos-0x00007b4980139a00|[TOOL]fetchBlockTxCountLimit success,value=1000
info|2026-02-07 00:24:22.132913|fisco-bcos-0x00007b4980139a00|[TOOL]fetchGenesisHash success,genesisHash=25d20f1c...
info|2026-02-07 00:24:22.132957|fisco-bcos-0x00007b4980139a00|[TOOL]fetchConsensusLeaderPeriod success,value=1
info|2026-02-07 00:24:22.133045|fisco-bcos-0x00007b4980139a00|[TOOL]fetchAuthCheckStatus success,value=0
info|2026-02-07 00:24:22.133136|fisco-bcos-0x00007b4980139a00|[TOOL]fetchSystemConfig failed, use default value,code=3008,msg=Entry: feature_rpbft_epoch_sealer_num does not exists!,key=feature_rpbft_epoch_sealer_num,defaultValue=4
info|2026-02-07 00:24:22.133216|fisco-bcos-0x00007b4980139a00|[TOOL]fetchEpochSealerNum success,value=4
info|2026-02-07 00:24:22.133272|fisco-bcos-0x00007b4980139a00|[TOOL]fetchSystemConfig failed, use default value,code=3008,msg=Entry: feature_rpbft_epoch_block_num does not exists!,key=feature_rpbft_epoch_block_num,defaultValue=1000
info|2026-02-07 00:24:22.133319|fisco-bcos-0x00007b4980139a00|[TOOL]fetchEpochBlockNum success,value=1000
info|2026-02-07 00:24:22.133389|fisco-bcos-0x00007b4980139a00|[TOOL]fetchSystemConfig failed, use default value,code=3008,msg=Entry: feature_rpbft_notify_rotate does not exists!,key=feature_rpbft_notify_rotate,defaultValue=0
info|2026-02-07 00:24:22.133438|fisco-bcos-0x00007b4980139a00|[TOOL]fetchNotifyRotateFlagInfo success,value=0
info|2026-02-07 00:24:22.133448|fisco-bcos-0x00007b4980139a00|[CONSENSUS][PBFT]fetchAndUpdateLedgerConfig success,blockNumber=130,hash=285b0eda...,maxTxsPerBlock=1000,consensusNodeList=4
info|2026-02-07 00:24:22.133461|fisco-bcos-0x00007b4980139a00|[CONSENSUS][PBFT]init PBFT success
info|2026-02-07 00:24:22.133470|fisco-bcos-0x00007b4980139a00|[CONSENSUS][PBFT]fetch PBFT state
info|2026-02-07 00:24:22.133547|fisco-bcos-0x00007b4980139a00|[CONSENSUS][PBFT][STORAGE]asyncGetLatestCommittedProposalIndex,latestCommittedProposalIndex=130
info|2026-02-07 00:24:22.133596|fisco-bcos-0x00007b4980139a00|[CONSENSUS][PBFT][STORAGE]no need to fetch committed proposal,maxCommittedProposal=130,stableCheckPoint=130
info|2026-02-07 00:24:22.133621|fisco-bcos-0x00007b4980139a00|[CONSENSUS][PBFT]restart the consensus module
info|2026-02-07 00:24:22.133635|fisco-bcos-0x00007b4980139a00|[INITIALIZER]Election versionInfoNotification success,version=51052544
info|2026-02-07 00:24:22.133707|fisco-bcos-0x00007b4980139a00|[CONSENSUS][PBFT]notify the committed proposal index to the sync module success,index=130
info|2026-02-07 00:24:22.133956|fisco-bcos-0x00007b4980139a00|[CONSENSUS][PBFT]broadcastViewChangeReq,reqHash=285b0eda...,reqIndex=130,reqV=1,fromIdx=2,wait(ms)=0,packetSize=162
info|2026-02-07 00:24:22.134022|fisco-bcos-0x00007b4980139a00|[CONSENSUS][PBFT]addViewChangeReq,reqHash=285b0eda...,reqIndex=130,reqV=1,fromIdx=2,wait(ms)=1,weight=1,maxCommittedIndex=130,maxPrecommitIndex=0 preparedProposalInfo: ,committedIndex=130,consNum=131,committedHash=285b0eda...,view=0,toView=1,changeCycle=0,expectedCheckPoint=131,Idx=2,unsealedTxs=0,sealUntil=0,waitResealUntil=0,consensusTimeout=3000,nodeId=2346c69c...
info|2026-02-07 00:24:22.134065|fisco-bcos-0x00007b4980139a00|[CONSENSUS][SEALER]start the sealer
info|2026-02-07 00:24:22.135294|fisco-bcos-0x00007b4980139a00|[BLOCK SYNC]Start BlockSync
info|2026-02-07 00:24:22.135375|fisco-bcos-0x00007b4980139a00|[CONSENSUS][Core]Start the consensusEngine
info|2026-02-07 00:24:22.135934|fisco-bcos-0x00007b4980139a00|[CONSENSUS][PBFT]notify the committed proposal index to the sync module success,index=130
info|2026-02-07 00:24:22.136173|fisco-bcos-0x00007b4980139a00|[CONSENSUS][PBFT]broadcastViewChangeReq,reqHash=285b0eda...,reqIndex=130,reqV=2,fromIdx=2,wait(ms)=0,packetSize=162
info|2026-02-07 00:24:22.136268|fisco-bcos-0x00007b4980139a00|[CONSENSUS][PBFT]addViewChangeReq,reqHash=285b0eda...,reqIndex=130,reqV=2,fromIdx=2,wait(ms)=0,weight=1,maxCommittedIndex=130,maxPrecommitIndex=0 preparedProposalInfo: ,committedIndex=130,consNum=131,committedHash=285b0eda...,view=0,toView=2,changeCycle=0,expectedCheckPoint=131,Idx=2,unsealedTxs=0,sealUntil=0,waitResealUntil=0,consensusTimeout=3000,nodeId=2346c69c...
info|2026-02-07 00:24:22.136357|fisco-bcos-0x00007b4980139a00|[CONSENSUS][PBFT]Start the PBFT module.
info|2026-02-07 00:24:22.136373|fisco-bcos-0x00007b4980139a00|[FRONTSERVICE]Start the front service
info|2026-02-07 00:24:22.136388|fisco-bcos-0x00007b4980139a00|[FrontService][start]asyncGetGroupNodeInfo callback,node size=1
info|2026-02-07 00:24:22.136398|fisco-bcos-0x00007b4980139a00|[FrontService]protocolNegotiate success,nodeID=2346c69c46d42278eb237167eb19eb28432b63783cc0fd7cddc90f89c148e755db8941be9b0c5f37cbc21c409a78c154abc75ce0c80818c6fbb76aea6bcd0a9a,groupID=group0,minVersion=0,maxVersion=2,supportedMinVersion=0,supportedMaxVersion=2,version=2
info|2026-02-07 00:24:22.136408|fisco-bcos-0x00007b4980139a00|[FrontService]onReceiveGroupNodeInfo,groupID=group0,nodeIDs.size()=1
info|2026-02-07 00:24:22.136852|fisco-bcos-0x00007b4955dc26c0|SyncConfig: setConnectedNodeList,size=1
info|2026-02-07 00:24:22.136979|fisco-bcos-0x00007b4980139a00|[FrontService]start,nodeID=2346c69c46d42278eb237167eb19eb28432b63783cc0fd7cddc90f89c148e755db8941be9b0c5f37cbc21c409a78c154abc75ce0c80818c6fbb76aea6bcd0a9a,groupID=group0
info|2026-02-07 00:24:22.137007|fisco-bcos-0x00007b4980139a00|[FrontService]register module,count=13
info|2026-02-07 00:24:22.137017|fisco-bcos-0x00007b4980139a00|[FrontService]register module,moduleID=4005
info|2026-02-07 00:24:22.137030|fisco-bcos-0x00007b4980139a00|[FrontService]register module,moduleID=4006
info|2026-02-07 00:24:22.137036|fisco-bcos-0x00007b4980139a00|[FrontService]register module,moduleID=4001
info|2026-02-07 00:24:22.137042|fisco-bcos-0x00007b4980139a00|[FrontService]register module,moduleID=4000
info|2026-02-07 00:24:22.137047|fisco-bcos-0x00007b4980139a00|[FrontService]register module,moduleID=6000
info|2026-02-07 00:24:22.137060|fisco-bcos-0x00007b4980139a00|[FrontService]register module,moduleID=5000
info|2026-02-07 00:24:22.137065|fisco-bcos-0x00007b4980139a00|[FrontService]register module,moduleID=4002
info|2026-02-07 00:24:22.137071|fisco-bcos-0x00007b4980139a00|[FrontService]register module,moduleID=2000
info|2026-02-07 00:24:22.137076|fisco-bcos-0x00007b4980139a00|[FrontService]register module,moduleID=4004
info|2026-02-07 00:24:22.137081|fisco-bcos-0x00007b4980139a00|[FrontService]register module,moduleID=2002
info|2026-02-07 00:24:22.137086|fisco-bcos-0x00007b4980139a00|[FrontService]register module,moduleID=4003
info|2026-02-07 00:24:22.137128|fisco-bcos-0x00007b4980139a00|[FrontService]register module,moduleID=2001
info|2026-02-07 00:24:22.137198|fisco-bcos-0x00007b4980139a00|[FrontService]register module,moduleID=1000
info|2026-02-07 00:24:22.137388|fisco-bcos-0x00007b4980139a00|[NETWORK][Host]P2P StartAccept,Host=0.0.0.0:30300
info|2026-02-07 00:24:22.137300|fisco-bcos-0x00007b4952bfc6c0|[TIMESYNC]updateTimeInfo: update median time offset,updatedMedianTimeOffset=0,peer=2346c69c...,peerTime=1770395062135,peerOffset=-2,utcTime=1770395062137
info|2026-02-07 00:24:22.137447|fisco-bcos-0x00007b4955dc26c0|SyncConfig: setConnectedNodeList,size=1
info|2026-02-07 00:24:22.137503|fisco-bcos-0x00007b4955dc26c0|[FRONTSERVICE]notifyGroupNodeInfo,connectedNodeSize=1
info|2026-02-07 00:24:22.144196|fisco-bcos-0x00007b4980139a00|[NETWORK][Host]Connecting to node,endpoint=127.0.0.1:30300
info|2026-02-07 00:24:22.144919|fisco-bcos-0x00007b4980139a00|[NETWORK][Host]Connecting to node,endpoint=127.0.0.1:30301
info|2026-02-07 00:24:22.145203|fisco-bcos-0x00007b4980139a00|[NETWORK][Host]Connecting to node,endpoint=127.0.0.1:30302
info|2026-02-07 00:24:22.145848|fisco-bcos-0x00007b4980139a00|[NETWORK][Host]Connecting to node,endpoint=127.0.0.1:30303
info|2026-02-07 00:24:22.146162|fisco-bcos-0x00007b4980139a00|[P2PService][Service][METRIC]heartBeat,connected count=0
info|2026-02-07 00:24:22.146327|fisco-bcos-0x00007b4980139a00|[Gateway][Gateway]start end.
info|2026-02-07 00:24:22.146928|fisco-bcos-0x00007b4980139a00|[EVENT][SUB][start]start event sub successfully
info|2026-02-07 00:24:22.147088|fisco-bcos-0x00007b4980139a00|[startThread]start the timer thread
info|2026-02-07 00:24:22.148239|timerFactory-0x00007b4936dff6c0|[startThread]the timer thread start,threadName=timerFactory
info|2026-02-07 00:24:22.150993|ioService-0x00007b49465ff6c0|[ASIO][ASIO]asyncResolveConnect,endpoint=127.0.0.1:30300
info|2026-02-07 00:24:22.151510|ioService-0x00007b49457ff6c0|[NETWORK][Host]P2P Recv Connect, From=127.0.0.1:51200
info|2026-02-07 00:24:22.152065|ioService-0x00007b49457ff6c0|[NETWORK][Host]P2P StartAccept,Host=0.0.0.0:30300
info|2026-02-07 00:24:22.152285|ioService-0x00007b49465ff6c0|[ASIO][ASIO]asyncResolveConnect,endpoint=127.0.0.1:30301
info|2026-02-07 00:24:22.152600|ioService-0x00007b49457ff6c0|[NETWORK][Host]P2P Recv Connect, From=127.0.0.1:51212
info|2026-02-07 00:24:22.152831|ioService-0x00007b49457ff6c0|[NETWORK][Host]P2P StartAccept,Host=0.0.0.0:30300
info|2026-02-07 00:24:22.153016|ioService-0x00007b49457ff6c0|[NETWORK][Host]P2P Recv Connect, From=127.0.0.1:51220
info|2026-02-07 00:24:22.153083|ioService-0x00007b49457ff6c0|[NETWORK][Host]P2P StartAccept,Host=0.0.0.0:30300
info|2026-02-07 00:24:22.153470|ioService-0x00007b49465ff6c0|[ASIO][ASIO]asyncResolveConnect,endpoint=127.0.0.1:30302
info|2026-02-07 00:24:22.153580|ioService-0x00007b49465ff6c0|[ASIO][ASIO]asyncResolveConnect,endpoint=127.0.0.1:30303
info|2026-02-07 00:24:22.156867|fisco-bcos-0x00007b4980139a00|[DEFAULT][HTTP][SERVER][startListen],listenIP=0.0.0.0,listenPort=20200
info|2026-02-07 00:24:22.157099|fisco-bcos-0x00007b4980139a00|[DEFAULT][HTTP][SERVER][startListen],ip=0.0.0.0,port=20200
info|2026-02-07 00:24:22.157227|fisco-bcos-0x00007b4980139a00|[RPC][WS][SERVICE]connected nodes,count=0
info|2026-02-07 00:24:22.157259|fisco-bcos-0x00007b4980139a00|[RPC][WS][SERVICE][start]start websocket service successfully,model=16,max msg size=33554432
info|2026-02-07 00:24:22.157276|fisco-bcos-0x00007b4980139a00|[RPC]start rpc successfully
info|2026-02-07 00:24:22.158417|ioService-0x00007b49457ff6c0|[NETWORK][Host]P2P Recv Connect, From=127.0.0.1:51222
info|2026-02-07 00:24:22.158565|ioService-0x00007b49457ff6c0|[NETWORK][Host]P2P StartAccept,Host=0.0.0.0:30300
info|2026-02-07 00:24:22.159337|ioService-0x00007b49439ff6c0|[Gateway][Factory][NEW]SSLContext pubHex: 3082010a0282010100a9ba081864ed1c68f5b81b4fa31a3cb4c81583e0e7c5eec4d7249ecd7d2c8f901393580ca25747abc4e01775b9ff41392cf15074a577cc078f4b07f3152faa0dfe540c63b8de93fbc3afe02564592e274c9c1a76bb0cc8c4692d9404f8e0b7b5440bd66d6e70c33a6d35aca5767a88332fd7853571427789bb25413b734abc293a58791b28aece40a8f74238c2f8b0d32bbbb5f020cfd72ad86d4fb6f1904605a5f43f0f58ed4c826346ad1b71ddac3a15040d6cd21f31f9044b82e690f91329d956b39005f4ab421029ebe499a3fe7179586deded25784665d8949c4db5defd0cbbaf2f27221f3d59e7314f4374086dceea8903a6aedc17d8ca5c7ec4b03fef0203010001
info|2026-02-07 00:24:22.159419|ioService-0x00007b49439ff6c0|[NETWORK][Host]Get ca basic failed
info|2026-02-07 00:24:22.159541|ioService-0x00007b49439ff6c0|[Gateway][Factory][NEW]SSLContext pubHex: 3082010a0282010100a492268b412bea3e8f972dff0dc52c521cd06884f53d90f3889c7014f7cb635c38a07b81af9630f2b04238a726b029af6b4b924e132710d2894b7175f12a5e323a7119afd27786b01965d49b9c885ff3768f40b9d57817bc1305124f40ced3b1ac99666773a3a64cce079e95acbc31d42f416aad362594008547aae561213b022db32ed9d1bd67df5c020bc44dcc073982b4566fd04048555b1ea84279063d5b1047e9f42776ef03677d2dd1454433fdb3feced3f41b92efdfeda545d56c1c9ba349584c9095f3ad9e31c2db11cbe3007ee7817f5846f87eb01c296d81b36dbbc765b4c7af74aface1276dd4fd91963729e495694b6af5c0d6111c49115a2c3f0203010001
info|2026-02-07 00:24:22.159557|ioService-0x00007b49439ff6c0|[Gateway][Factory][NEW]SSLContext pubHex: A492268B412BEA3E8F972DFF0DC52C521CD06884F53D90F3889C7014F7CB635C38A07B81AF9630F2B04238A726B029AF6B4B924E132710D2894B7175F12A5E323A7119AFD27786B01965D49B9C885FF3768F40B9D57817BC1305124F40CED3B1AC99666773A3A64CCE079E95ACBC31D42F416AAD362594008547AAE561213B022DB32ED9D1BD67DF5C020BC44DCC073982B4566FD04048555B1EA84279063D5B1047E9F42776EF03677D2DD1454433FDB3FECED3F41B92EFDFEDA545D56C1C9BA349584C9095F3AD9E31C2DB11CBE3007EE7817F5846F87EB01C296D81B36DBBC765B4C7AF74AFACE1276DD4FD91963729E495694B6AF5C0D6111C49115A2C3F
info|2026-02-07 00:24:22.161931|ioService-0x00007b49431fe6c0|[Gateway][Factory][NEW]SSLContext pubHex: 3082010a0282010100a9ba081864ed1c68f5b81b4fa31a3cb4c81583e0e7c5eec4d7249ecd7d2c8f901393580ca25747abc4e01775b9ff41392cf15074a577cc078f4b07f3152faa0dfe540c63b8de93fbc3afe02564592e274c9c1a76bb0cc8c4692d9404f8e0b7b5440bd66d6e70c33a6d35aca5767a88332fd7853571427789bb25413b734abc293a58791b28aece40a8f74238c2f8b0d32bbbb5f020cfd72ad86d4fb6f1904605a5f43f0f58ed4c826346ad1b71ddac3a15040d6cd21f31f9044b82e690f91329d956b39005f4ab421029ebe499a3fe7179586deded25784665d8949c4db5defd0cbbaf2f27221f3d59e7314f4374086dceea8903a6aedc17d8ca5c7ec4b03fef0203010001
info|2026-02-07 00:24:22.162065|ioService-0x00007b49431fe6c0|[NETWORK][Host]Get ca basic failed
info|2026-02-07 00:24:22.162295|ioService-0x00007b49431fe6c0|[Gateway][Factory][NEW]SSLContext pubHex: 3082010a0282010100d938a7d0e5078fdc3bfe83bfe8c789160de4c9e207ff836ef8d64a0c846f5f628646fe9170bec49eec44aebb3f17334e76b1003dae65d6858a626d60a3ff3dbbff8cf15ca934ca0f7a09b9ae6c17c911bb2f6083cab81540e00a8d9b9393a3341b90dd134f4a2ec21f1d8c55c2df687896873a36661a862226614582077d41811bcb3e6632cbf1767f6189b76054e8186606ee5a2c73bffe1bd6c8fc415f481324f015045231d662173b6f7e814068dffd598ce9a6f4630744bb0aa80f9f74403f4c3da3ca856b40d043885cc1e7beac524853fafb01fb61c3023ab04047e29d50a5d4cd612fc9ae90e7832fde7d1dea0804dc16fff17500517be0bf5d28f4ab0203010001
info|2026-02-07 00:24:22.162325|ioService-0x00007b49431fe6c0|[Gateway][Factory][NEW]SSLContext pubHex: D938A7D0E5078FDC3BFE83BFE8C789160DE4C9E207FF836EF8D64A0C846F5F628646FE9170BEC49EEC44AEBB3F17334E76B1003DAE65D6858A626D60A3FF3DBBFF8CF15CA934CA0F7A09B9AE6C17C911BB2F6083CAB81540E00A8D9B9393A3341B90DD134F4A2EC21F1D8C55C2DF687896873A36661A862226614582077D41811BCB3E6632CBF1767F6189B76054E8186606EE5A2C73BFFE1BD6C8FC415F481324F015045231D662173B6F7E814068DFFD598CE9A6F4630744BB0AA80F9F74403F4C3DA3CA856B40D043885CC1E7BEAC524853FAFB01FB61C3023AB04047E29D50A5D4CD612FC9AE90E7832FDE7D1DEA0804DC16FFF17500517BE0BF5D28F4AB
info|2026-02-07 00:24:22.162462|ioService-0x00007b4941dff6c0|[Gateway][Factory][NEW]SSLContext pubHex: 3082010a0282010100a9ba081864ed1c68f5b81b4fa31a3cb4c81583e0e7c5eec4d7249ecd7d2c8f901393580ca25747abc4e01775b9ff41392cf15074a577cc078f4b07f3152faa0dfe540c63b8de93fbc3afe02564592e274c9c1a76bb0cc8c4692d9404f8e0b7b5440bd66d6e70c33a6d35aca5767a88332fd7853571427789bb25413b734abc293a58791b28aece40a8f74238c2f8b0d32bbbb5f020cfd72ad86d4fb6f1904605a5f43f0f58ed4c826346ad1b71ddac3a15040d6cd21f31f9044b82e690f91329d956b39005f4ab421029ebe499a3fe7179586deded25784665d8949c4db5defd0cbbaf2f27221f3d59e7314f4374086dceea8903a6aedc17d8ca5c7ec4b03fef0203010001
info|2026-02-07 00:24:22.162496|ioService-0x00007b4941dff6c0|[NETWORK][Host]Get ca basic failed
info|2026-02-07 00:24:22.162576|ioService-0x00007b4941dff6c0|[Gateway][Factory][NEW]SSLContext pubHex: 3082010a0282010100b85dd5fdfbc4aa99dcef8477a2e1c08c304a63432923826f81b3d0d7d13e79a6ec265462b2f59e76106f8bad7efb849227798aaf7c20a2197e9a95a8ffbbc07f5ccb44d04e995013b9afd04bb77fb7dbfa0f13bd2d404980eae43fc147332e1542ee2d2e973596187bb8ad4dc63b0165052688b1f7fc4a2a8ccb020a55db8ee7b9a45bb901b1c03d94727648a8ec10bfbc854175981345d56f4c783b0211d91f0775e508d8b379b56935777d255f59b63fadc24b43862671f5cbe0d00fcfff7138124c8293f91740a0e0732346eeee748a42f65ddb81da461fce3e76ea6ff452913b80eb5b1dba016f7d4d94f66337cc6bea7a066b8277637aef12c2eba11da10203010001
info|2026-02-07 00:24:22.162586|ioService-0x00007b4941dff6c0|[Gateway][Factory][NEW]SSLContext pubHex: B85DD5FDFBC4AA99DCEF8477A2E1C08C304A63432923826F81B3D0D7D13E79A6EC265462B2F59E76106F8BAD7EFB849227798AAF7C20A2197E9A95A8FFBBC07F5CCB44D04E995013B9AFD04BB77FB7DBFA0F13BD2D404980EAE43FC147332E1542EE2D2E973596187BB8AD4DC63B0165052688B1F7FC4A2A8CCB020A55DB8EE7B9A45BB901B1C03D94727648A8EC10BFBC854175981345D56F4C783B0211D91F0775E508D8B379B56935777D255F59B63FADC24B43862671F5CBE0D00FCFFF7138124C8293F91740A0E0732346EEEE748A42F65DDB81DA461FCE3E76EA6FF452913B80EB5B1DBA016F7D4D94F66337CC6BEA7A066B8277637AEF12C2EBA11DA1
info|2026-02-07 00:24:22.163735|ioService-0x00007b49449ff6c0|[Gateway][Factory][NEW]SSLContext pubHex: 3082010a0282010100a9ba081864ed1c68f5b81b4fa31a3cb4c81583e0e7c5eec4d7249ecd7d2c8f901393580ca25747abc4e01775b9ff41392cf15074a577cc078f4b07f3152faa0dfe540c63b8de93fbc3afe02564592e274c9c1a76bb0cc8c4692d9404f8e0b7b5440bd66d6e70c33a6d35aca5767a88332fd7853571427789bb25413b734abc293a58791b28aece40a8f74238c2f8b0d32bbbb5f020cfd72ad86d4fb6f1904605a5f43f0f58ed4c826346ad1b71ddac3a15040d6cd21f31f9044b82e690f91329d956b39005f4ab421029ebe499a3fe7179586deded25784665d8949c4db5defd0cbbaf2f27221f3d59e7314f4374086dceea8903a6aedc17d8ca5c7ec4b03fef0203010001
info|2026-02-07 00:24:22.163790|ioService-0x00007b49449ff6c0|[NETWORK][Host]Get ca basic failed
info|2026-02-07 00:24:22.163948|ioService-0x00007b49449ff6c0|[Gateway][Factory][NEW]SSLContext pubHex: 3082010a0282010100a492268b412bea3e8f972dff0dc52c521cd06884f53d90f3889c7014f7cb635c38a07b81af9630f2b04238a726b029af6b4b924e132710d2894b7175f12a5e323a7119afd27786b01965d49b9c885ff3768f40b9d57817bc1305124f40ced3b1ac99666773a3a64cce079e95acbc31d42f416aad362594008547aae561213b022db32ed9d1bd67df5c020bc44dcc073982b4566fd04048555b1ea84279063d5b1047e9f42776ef03677d2dd1454433fdb3feced3f41b92efdfeda545d56c1c9ba349584c9095f3ad9e31c2db11cbe3007ee7817f5846f87eb01c296d81b36dbbc765b4c7af74aface1276dd4fd91963729e495694b6af5c0d6111c49115a2c3f0203010001
info|2026-02-07 00:24:22.163964|ioService-0x00007b49449ff6c0|[Gateway][Factory][NEW]SSLContext pubHex: A492268B412BEA3E8F972DFF0DC52C521CD06884F53D90F3889C7014F7CB635C38A07B81AF9630F2B04238A726B029AF6B4B924E132710D2894B7175F12A5E323A7119AFD27786B01965D49B9C885FF3768F40B9D57817BC1305124F40CED3B1AC99666773A3A64CCE079E95ACBC31D42F416AAD362594008547AAE561213B022DB32ED9D1BD67DF5C020BC44DCC073982B4566FD04048555B1EA84279063D5B1047E9F42776EF03677D2DD1454433FDB3FECED3F41B92EFDFEDA545D56C1C9BA349584C9095F3AD9E31C2DB11CBE3007EE7817F5846F87EB01C296D81B36DBBC765B4C7AF74AFACE1276DD4FD91963729E495694B6AF5C0D6111C49115A2C3F
info|2026-02-07 00:24:22.165054|ioService-0x00007b49449ff6c0|[NETWORK][Host]obtainP2pInfo ,node_info=3082010a0282010100a492268b412bea3e8f972dff0dc52c521cd06884f53d90f3889c7014f7cb635c38a07b81af9630f2b04238a726b029af6b4b924e132710d2894b7175f12a5e323a7119afd27786b01965d49b9c885ff3768f40b9d57817bc1305124f40ced3b1ac99666773a3a64cce079e95acbc31d42f416aad362594008547aae561213b022db32ed9d1bd67df5c020bc44dcc073982b4566fd04048555b1ea84279063d5b1047e9f42776ef03677d2dd1454433fdb3feced3f41b92efdfeda545d56c1c9ba349584c9095f3ad9e31c2db11cbe3007ee7817f5846f87eb01c296d81b36dbbc765b4c7af74aface1276dd4fd91963729e495694b6af5c0d6111c49115a2c3f0203010001#A492268B412BEA3E8F972DFF0DC52C521CD06884F53D90F3889C7014F7CB635C38A07B81AF9630F2B04238A726B029AF6B4B924E132710D2894B7175F12A5E323A7119AFD27786B01965D49B9C885FF3768F40B9D57817BC1305124F40CED3B1AC99666773A3A64CCE079E95ACBC31D42F416AAD362594008547AAE561213B022DB32ED9D1BD67DF5C020BC44DCC073982B4566FD04048555B1EA84279063D5B1047E9F42776EF03677D2DD1454433FDB3FECED3F41B92EFDFEDA545D56C1C9BA349584C9095F3AD9E31C2DB11CBE3007EE7817F5846F87EB01C296D81B36DBBC765B4C7AF74AFACE1276DD4FD91963729E495694B6AF5C0D6111C49115A2C3F#/CN=FISCO-BCOS-e9f43089/O=FISCO-BCOS-e9f43089/OU=chain#/CN=FISCO-BCOS-e9f43089/O=fisco-bcos/OU=agency,p2pid=3082010a0282010100a492268b412bea3e8f972dff0dc52c521cd06884f53d90f3889c7014f7cb635c38a07b81af9630f2b04238a726b029af6b4b924e132710d2894b7175f12a5e323a7119afd27786b01965d49b9c885ff3768f40b9d57817bc1305124f40ced3b1ac99666773a3a64cce079e95acbc31d42f416aad362594008547aae561213b022db32ed9d1bd67df5c020bc44dcc073982b4566fd04048555b1ea84279063d5b1047e9f42776ef03677d2dd1454433fdb3feced3f41b92efdfeda545d56c1c9ba349584c9095f3ad9e31c2db11cbe3007ee7817f5846f87eb01c296d81b36dbbc765b4c7af74aface1276dd4fd91963729e495694b6af5c0d6111c49115a2c3f0203010001
info|2026-02-07 00:24:22.165112|ioService-0x00007b49449ff6c0|[NETWORK][Host]handshakeServer succ,remote endpoint=127.0.0.1:51200,nodeid=3082010a0282010100a492268b412bea3e8f972dff0dc52c521cd06884f53d90f3889c7014f7cb635c38a07b81af9630f2b04238a726b029af6b4b924e132710d2894b7175f12a5e323a7119afd27786b01965d49b9c885ff3768f40b9d57817bc1305124f40ced3b1ac99666773a3a64cce079e95acbc31d42f416aad362594008547aae561213b022db32ed9d1bd67df5c020bc44dcc073982b4566fd04048555b1ea84279063d5b1047e9f42776ef03677d2dd1454433fdb3feced3f41b92efdfeda545d56c1c9ba349584c9095f3ad9e31c2db11cbe3007ee7817f5846f87eb01c296d81b36dbbc765b4c7af74aface1276dd4fd91963729e495694b6af5c0d6111c49115a2c3f0203010001
info|2026-02-07 00:24:22.165891|ioService-0x00007b49449ff6c0|[SESSION][Session][Session::Session] this=0x7b4940c62010,recvBufferSize=67108864
info|2026-02-07 00:24:22.166103|ioService-0x00007b49449ff6c0|[SessionFactory]create new session,sessionRecvBufferSize=67108864,allowMaxMsgSize=33554432,maxReadDataSize=40960,maxSendDataSize=1048576,maxSendMsgCountS=10,enableCompress=true
info|2026-02-07 00:24:22.166786|fisco-bcos-0x00007b49565c46c0|[P2PService][Service]onConnect,p2pid=3082010a0282010100a492268b412bea3e8f972dff0dc52c521cd06884f53d90f3889c7014f7cb635c38a07b81af9630f2b04238a726b029af6b4b924e132710d2894b7175f12a5e323a7119afd27786b01965d49b9c885ff3768f40b9d57817bc1305124f40ced3b1ac99666773a3a64cce079e95acbc31d42f416aad362594008547aae561213b022db32ed9d1bd67df5c020bc44dcc073982b4566fd04048555b1ea84279063d5b1047e9f42776ef03677d2dd1454433fdb3feced3f41b92efdfeda545d56c1c9ba349584c9095f3ad9e31c2db11cbe3007ee7817f5846f87eb01c296d81b36dbbc765b4c7af74aface1276dd4fd91963729e495694b6af5c0d6111c49115a2c3f0203010001,endpoint=127.0.0.1
info|2026-02-07 00:24:22.166878|fisco-bcos-0x00007b49565c46c0|[SESSION][Session][Session::~Session] this=0x7b4940c62010
info|2026-02-07 00:24:22.166956|ioService-0x00007b49439ff6c0|[NETWORK][Host]obtainP2pInfo ,node_info=3082010a0282010100a492268b412bea3e8f972dff0dc52c521cd06884f53d90f3889c7014f7cb635c38a07b81af9630f2b04238a726b029af6b4b924e132710d2894b7175f12a5e323a7119afd27786b01965d49b9c885ff3768f40b9d57817bc1305124f40ced3b1ac99666773a3a64cce079e95acbc31d42f416aad362594008547aae561213b022db32ed9d1bd67df5c020bc44dcc073982b4566fd04048555b1ea84279063d5b1047e9f42776ef03677d2dd1454433fdb3feced3f41b92efdfeda545d56c1c9ba349584c9095f3ad9e31c2db11cbe3007ee7817f5846f87eb01c296d81b36dbbc765b4c7af74aface1276dd4fd91963729e495694b6af5c0d6111c49115a2c3f0203010001#A492268B412BEA3E8F972DFF0DC52C521CD06884F53D90F3889C7014F7CB635C38A07B81AF9630F2B04238A726B029AF6B4B924E132710D2894B7175F12A5E323A7119AFD27786B01965D49B9C885FF3768F40B9D57817BC1305124F40CED3B1AC99666773A3A64CCE079E95ACBC31D42F416AAD362594008547AAE561213B022DB32ED9D1BD67DF5C020BC44DCC073982B4566FD04048555B1EA84279063D5B1047E9F42776EF03677D2DD1454433FDB3FECED3F41B92EFDFEDA545D56C1C9BA349584C9095F3AD9E31C2DB11CBE3007EE7817F5846F87EB01C296D81B36DBBC765B4C7AF74AFACE1276DD4FD91963729E495694B6AF5C0D6111C49115A2C3F#/CN=FISCO-BCOS-e9f43089/O=FISCO-BCOS-e9f43089/OU=chain#/CN=FISCO-BCOS-e9f43089/O=fisco-bcos/OU=agency,p2pid=3082010a0282010100a492268b412bea3e8f972dff0dc52c521cd06884f53d90f3889c7014f7cb635c38a07b81af9630f2b04238a726b029af6b4b924e132710d2894b7175f12a5e323a7119afd27786b01965d49b9c885ff3768f40b9d57817bc1305124f40ced3b1ac99666773a3a64cce079e95acbc31d42f416aad362594008547aae561213b022db32ed9d1bd67df5c020bc44dcc073982b4566fd04048555b1ea84279063d5b1047e9f42776ef03677d2dd1454433fdb3feced3f41b92efdfeda545d56c1c9ba349584c9095f3ad9e31c2db11cbe3007ee7817f5846f87eb01c296d81b36dbbc765b4c7af74aface1276dd4fd91963729e495694b6af5c0d6111c49115a2c3f0203010001
info|2026-02-07 00:24:22.166972|ioService-0x00007b49439ff6c0|[NETWORK][Host]handshakeClient succ,local endpoint=127.0.0.1:51200
info|2026-02-07 00:24:22.167614|ioService-0x00007b49439ff6c0|[SESSION][Session][Session::Session] this=0x7b493de87390,recvBufferSize=67108864
info|2026-02-07 00:24:22.167761|ioService-0x00007b49439ff6c0|[SessionFactory]create new session,sessionRecvBufferSize=67108864,allowMaxMsgSize=33554432,maxReadDataSize=40960,maxSendDataSize=1048576,maxSendMsgCountS=10,enableCompress=true
info|2026-02-07 00:24:22.167875|fisco-bcos-0x00007b49565c46c0|[P2PService][Service]onConnect,p2pid=3082010a0282010100a492268b412bea3e8f972dff0dc52c521cd06884f53d90f3889c7014f7cb635c38a07b81af9630f2b04238a726b029af6b4b924e132710d2894b7175f12a5e323a7119afd27786b01965d49b9c885ff3768f40b9d57817bc1305124f40ced3b1ac99666773a3a64cce079e95acbc31d42f416aad362594008547aae561213b022db32ed9d1bd67df5c020bc44dcc073982b4566fd04048555b1ea84279063d5b1047e9f42776ef03677d2dd1454433fdb3feced3f41b92efdfeda545d56c1c9ba349584c9095f3ad9e31c2db11cbe3007ee7817f5846f87eb01c296d81b36dbbc765b4c7af74aface1276dd4fd91963729e495694b6af5c0d6111c49115a2c3f0203010001,endpoint=127.0.0.1
info|2026-02-07 00:24:22.167892|fisco-bcos-0x00007b49565c46c0|[P2PService][Service]updateStaticNodes,nodeid=3082010a0282010100a492268b412bea3e8f972dff0dc52c521cd06884f53d90f3889c7014f7cb635c38a07b81af9630f2b04238a726b029af6b4b924e132710d2894b7175f12a5e323a7119afd27786b01965d49b9c885ff3768f40b9d57817bc1305124f40ced3b1ac99666773a3a64cce079e95acbc31d42f416aad362594008547aae561213b022db32ed9d1bd67df5c020bc44dcc073982b4566fd04048555b1ea84279063d5b1047e9f42776ef03677d2dd1454433fdb3feced3f41b92efdfeda545d56c1c9ba349584c9095f3ad9e31c2db11cbe3007ee7817f5846f87eb01c296d81b36dbbc765b4c7af74aface1276dd4fd91963729e495694b6af5c0d6111c49115a2c3f0203010001,endpoint=127.0.0.1:30300
info|2026-02-07 00:24:22.167909|fisco-bcos-0x00007b49565c46c0|[SESSION][Session][Session::~Session] this=0x7b493de87390
info|2026-02-07 00:24:22.168415|ioService-0x00007b493f5ff6c0|[Gateway][Factory][NEW]SSLContext pubHex: 3082010a0282010100a9ba081864ed1c68f5b81b4fa31a3cb4c81583e0e7c5eec4d7249ecd7d2c8f901393580ca25747abc4e01775b9ff41392cf15074a577cc078f4b07f3152faa0dfe540c63b8de93fbc3afe02564592e274c9c1a76bb0cc8c4692d9404f8e0b7b5440bd66d6e70c33a6d35aca5767a88332fd7853571427789bb25413b734abc293a58791b28aece40a8f74238c2f8b0d32bbbb5f020cfd72ad86d4fb6f1904605a5f43f0f58ed4c826346ad1b71ddac3a15040d6cd21f31f9044b82e690f91329d956b39005f4ab421029ebe499a3fe7179586deded25784665d8949c4db5defd0cbbaf2f27221f3d59e7314f4374086dceea8903a6aedc17d8ca5c7ec4b03fef0203010001
info|2026-02-07 00:24:22.168492|ioService-0x00007b493f5ff6c0|[NETWORK][Host]Get ca basic failed
info|2026-02-07 00:24:22.168571|ioService-0x00007b493f5ff6c0|[Gateway][Factory][NEW]SSLContext pubHex: 3082010a0282010100d938a7d0e5078fdc3bfe83bfe8c789160de4c9e207ff836ef8d64a0c846f5f628646fe9170bec49eec44aebb3f17334e76b1003dae65d6858a626d60a3ff3dbbff8cf15ca934ca0f7a09b9ae6c17c911bb2f6083cab81540e00a8d9b9393a3341b90dd134f4a2ec21f1d8c55c2df687896873a36661a862226614582077d41811bcb3e6632cbf1767f6189b76054e8186606ee5a2c73bffe1bd6c8fc415f481324f015045231d662173b6f7e814068dffd598ce9a6f4630744bb0aa80f9f74403f4c3da3ca856b40d043885cc1e7beac524853fafb01fb61c3023ab04047e29d50a5d4cd612fc9ae90e7832fde7d1dea0804dc16fff17500517be0bf5d28f4ab0203010001
info|2026-02-07 00:24:22.168590|ioService-0x00007b493f5ff6c0|[Gateway][Factory][NEW]SSLContext pubHex: D938A7D0E5078FDC3BFE83BFE8C789160DE4C9E207FF836EF8D64A0C846F5F628646FE9170BEC49EEC44AEBB3F17334E76B1003DAE65D6858A626D60A3FF3DBBFF8CF15CA934CA0F7A09B9AE6C17C911BB2F6083CAB81540E00A8D9B9393A3341B90DD134F4A2EC21F1D8C55C2DF687896873A36661A862226614582077D41811BCB3E6632CBF1767F6189B76054E8186606EE5A2C73BFFE1BD6C8FC415F481324F015045231D662173B6F7E814068DFFD598CE9A6F4630744BB0AA80F9F74403F4C3DA3CA856B40D043885CC1E7BEAC524853FAFB01FB61C3023AB04047E29D50A5D4CD612FC9AE90E7832FDE7D1DEA0804DC16FFF17500517BE0BF5D28F4AB
info|2026-02-07 00:24:22.169984|ioService-0x00007b4940bfd6c0|[Gateway][Factory][NEW]SSLContext pubHex: 3082010a0282010100a9ba081864ed1c68f5b81b4fa31a3cb4c81583e0e7c5eec4d7249ecd7d2c8f901393580ca25747abc4e01775b9ff41392cf15074a577cc078f4b07f3152faa0dfe540c63b8de93fbc3afe02564592e274c9c1a76bb0cc8c4692d9404f8e0b7b5440bd66d6e70c33a6d35aca5767a88332fd7853571427789bb25413b734abc293a58791b28aece40a8f74238c2f8b0d32bbbb5f020cfd72ad86d4fb6f1904605a5f43f0f58ed4c826346ad1b71ddac3a15040d6cd21f31f9044b82e690f91329d956b39005f4ab421029ebe499a3fe7179586deded25784665d8949c4db5defd0cbbaf2f27221f3d59e7314f4374086dceea8903a6aedc17d8ca5c7ec4b03fef0203010001
info|2026-02-07 00:24:22.170023|ioService-0x00007b4940bfd6c0|[NETWORK][Host]Get ca basic failed
info|2026-02-07 00:24:22.170051|ioService-0x00007b49431fe6c0|[NETWORK][Host]obtainP2pInfo ,node_info=3082010a0282010100d938a7d0e5078fdc3bfe83bfe8c789160de4c9e207ff836ef8d64a0c846f5f628646fe9170bec49eec44aebb3f17334e76b1003dae65d6858a626d60a3ff3dbbff8cf15ca934ca0f7a09b9ae6c17c911bb2f6083cab81540e00a8d9b9393a3341b90dd134f4a2ec21f1d8c55c2df687896873a36661a862226614582077d41811bcb3e6632cbf1767f6189b76054e8186606ee5a2c73bffe1bd6c8fc415f481324f015045231d662173b6f7e814068dffd598ce9a6f4630744bb0aa80f9f74403f4c3da3ca856b40d043885cc1e7beac524853fafb01fb61c3023ab04047e29d50a5d4cd612fc9ae90e7832fde7d1dea0804dc16fff17500517be0bf5d28f4ab0203010001#D938A7D0E5078FDC3BFE83BFE8C789160DE4C9E207FF836EF8D64A0C846F5F628646FE9170BEC49EEC44AEBB3F17334E76B1003DAE65D6858A626D60A3FF3DBBFF8CF15CA934CA0F7A09B9AE6C17C911BB2F6083CAB81540E00A8D9B9393A3341B90DD134F4A2EC21F1D8C55C2DF687896873A36661A862226614582077D41811BCB3E6632CBF1767F6189B76054E8186606EE5A2C73BFFE1BD6C8FC415F481324F015045231D662173B6F7E814068DFFD598CE9A6F4630744BB0AA80F9F74403F4C3DA3CA856B40D043885CC1E7BEAC524853FAFB01FB61C3023AB04047E29D50A5D4CD612FC9AE90E7832FDE7D1DEA0804DC16FFF17500517BE0BF5D28F4AB#/CN=FISCO-BCOS-e9f43089/O=FISCO-BCOS-e9f43089/OU=chain#/CN=FISCO-BCOS-e9f43089/O=fisco-bcos/OU=agency,p2pid=3082010a0282010100d938a7d0e5078fdc3bfe83bfe8c789160de4c9e207ff836ef8d64a0c846f5f628646fe9170bec49eec44aebb3f17334e76b1003dae65d6858a626d60a3ff3dbbff8cf15ca934ca0f7a09b9ae6c17c911bb2f6083cab81540e00a8d9b9393a3341b90dd134f4a2ec21f1d8c55c2df687896873a36661a862226614582077d41811bcb3e6632cbf1767f6189b76054e8186606ee5a2c73bffe1bd6c8fc415f481324f015045231d662173b6f7e814068dffd598ce9a6f4630744bb0aa80f9f74403f4c3da3ca856b40d043885cc1e7beac524853fafb01fb61c3023ab04047e29d50a5d4cd612fc9ae90e7832fde7d1dea0804dc16fff17500517be0bf5d28f4ab0203010001
info|2026-02-07 00:24:22.170091|ioService-0x00007b4940bfd6c0|[Gateway][Factory][NEW]SSLContext pubHex: 3082010a02820101009d9833c7e1dbf7d476b1fd7227e247b488323cbd272862d096a4010035236b7d36e2aede87e4f36adfd2e2e44f2945e9a4170901f5865f04cb779a1c1e1fc2f3e56fc6ea80a2665d5da60fce851ccd94bb60aced8e256a551ebb6edcf78febb8eb8bbb3c4fab73bacd5675925d72c787a8d8e179c70b24c484ae98ea7cc956a196c0c8266073d549963e44bfee479261b4c7a5497320d8a89de71743baf1516450118e57b4b07227de0429adf0d02305ad79d40958f48b3c7d6802814fc5c25be7c54c85463c993254d08401e1c7c1cc5586b265a1616617cc2ba7f29e928ff792e4ff33ada9b1bb7ee5a43130da18ba109a9e2186dfa6c2dc1d823e9066e1590203010001
info|2026-02-07 00:24:22.170079|ioService-0x00007b49431fe6c0|[NETWORK][Host]handshakeClient succ,local endpoint=127.0.0.1:36888
info|2026-02-07 00:24:22.170108|ioService-0x00007b4940bfd6c0|[Gateway][Factory][NEW]SSLContext pubHex: 9D9833C7E1DBF7D476B1FD7227E247B488323CBD272862D096A4010035236B7D36E2AEDE87E4F36ADFD2E2E44F2945E9A4170901F5865F04CB779A1C1E1FC2F3E56FC6EA80A2665D5DA60FCE851CCD94BB60ACED8E256A551EBB6EDCF78FEBB8EB8BBB3C4FAB73BACD5675925D72C787A8D8E179C70B24C484AE98EA7CC956A196C0C8266073D549963E44BFEE479261B4C7A5497320D8A89DE71743BAF1516450118E57B4B07227DE0429ADF0D02305AD79D40958F48B3C7D6802814FC5C25BE7C54C85463C993254D08401E1C7C1CC5586B265A1616617CC2BA7F29E928FF792E4FF33ADA9B1BB7EE5A43130DA18BA109A9E2186DFA6C2DC1D823E9066E159
info|2026-02-07 00:24:22.170278|ioService-0x00007b4941dff6c0|[NETWORK][Host]obtainP2pInfo ,node_info=3082010a0282010100b85dd5fdfbc4aa99dcef8477a2e1c08c304a63432923826f81b3d0d7d13e79a6ec265462b2f59e76106f8bad7efb849227798aaf7c20a2197e9a95a8ffbbc07f5ccb44d04e995013b9afd04bb77fb7dbfa0f13bd2d404980eae43fc147332e1542ee2d2e973596187bb8ad4dc63b0165052688b1f7fc4a2a8ccb020a55db8ee7b9a45bb901b1c03d94727648a8ec10bfbc854175981345d56f4c783b0211d91f0775e508d8b379b56935777d255f59b63fadc24b43862671f5cbe0d00fcfff7138124c8293f91740a0e0732346eeee748a42f65ddb81da461fce3e76ea6ff452913b80eb5b1dba016f7d4d94f66337cc6bea7a066b8277637aef12c2eba11da10203010001#B85DD5FDFBC4AA99DCEF8477A2E1C08C304A63432923826F81B3D0D7D13E79A6EC265462B2F59E76106F8BAD7EFB849227798AAF7C20A2197E9A95A8FFBBC07F5CCB44D04E995013B9AFD04BB77FB7DBFA0F13BD2D404980EAE43FC147332E1542EE2D2E973596187BB8AD4DC63B0165052688B1F7FC4A2A8CCB020A55DB8EE7B9A45BB901B1C03D94727648A8EC10BFBC854175981345D56F4C783B0211D91F0775E508D8B379B56935777D255F59B63FADC24B43862671F5CBE0D00FCFFF7138124C8293F91740A0E0732346EEEE748A42F65DDB81DA461FCE3E76EA6FF452913B80EB5B1DBA016F7D4D94F66337CC6BEA7A066B8277637AEF12C2EBA11DA1#/CN=FISCO-BCOS-e9f43089/O=FISCO-BCOS-e9f43089/OU=chain#/CN=FISCO-BCOS-e9f43089/O=fisco-bcos/OU=agency,p2pid=3082010a0282010100b85dd5fdfbc4aa99dcef8477a2e1c08c304a63432923826f81b3d0d7d13e79a6ec265462b2f59e76106f8bad7efb849227798aaf7c20a2197e9a95a8ffbbc07f5ccb44d04e995013b9afd04bb77fb7dbfa0f13bd2d404980eae43fc147332e1542ee2d2e973596187bb8ad4dc63b0165052688b1f7fc4a2a8ccb020a55db8ee7b9a45bb901b1c03d94727648a8ec10bfbc854175981345d56f4c783b0211d91f0775e508d8b379b56935777d255f59b63fadc24b43862671f5cbe0d00fcfff7138124c8293f91740a0e0732346eeee748a42f65ddb81da461fce3e76ea6ff452913b80eb5b1dba016f7d4d94f66337cc6bea7a066b8277637aef12c2eba11da10203010001
info|2026-02-07 00:24:22.170293|ioService-0x00007b4941dff6c0|[NETWORK][Host]handshakeClient succ,local endpoint=127.0.0.1:43526
info|2026-02-07 00:24:22.170539|ioService-0x00007b493f5ff6c0|[NETWORK][Host]obtainP2pInfo ,node_info=3082010a0282010100d938a7d0e5078fdc3bfe83bfe8c789160de4c9e207ff836ef8d64a0c846f5f628646fe9170bec49eec44aebb3f17334e76b1003dae65d6858a626d60a3ff3dbbff8cf15ca934ca0f7a09b9ae6c17c911bb2f6083cab81540e00a8d9b9393a3341b90dd134f4a2ec21f1d8c55c2df687896873a36661a862226614582077d41811bcb3e6632cbf1767f6189b76054e8186606ee5a2c73bffe1bd6c8fc415f481324f015045231d662173b6f7e814068dffd598ce9a6f4630744bb0aa80f9f74403f4c3da3ca856b40d043885cc1e7beac524853fafb01fb61c3023ab04047e29d50a5d4cd612fc9ae90e7832fde7d1dea0804dc16fff17500517be0bf5d28f4ab0203010001#D938A7D0E5078FDC3BFE83BFE8C789160DE4C9E207FF836EF8D64A0C846F5F628646FE9170BEC49EEC44AEBB3F17334E76B1003DAE65D6858A626D60A3FF3DBBFF8CF15CA934CA0F7A09B9AE6C17C911BB2F6083CAB81540E00A8D9B9393A3341B90DD134F4A2EC21F1D8C55C2DF687896873A36661A862226614582077D41811BCB3E6632CBF1767F6189B76054E8186606EE5A2C73BFFE1BD6C8FC415F481324F015045231D662173B6F7E814068DFFD598CE9A6F4630744BB0AA80F9F74403F4C3DA3CA856B40D043885CC1E7BEAC524853FAFB01FB61C3023AB04047E29D50A5D4CD612FC9AE90E7832FDE7D1DEA0804DC16FFF17500517BE0BF5D28F4AB#/CN=FISCO-BCOS-e9f43089/O=FISCO-BCOS-e9f43089/OU=chain#/CN=FISCO-BCOS-e9f43089/O=fisco-bcos/OU=agency,p2pid=3082010a0282010100d938a7d0e5078fdc3bfe83bfe8c789160de4c9e207ff836ef8d64a0c846f5f628646fe9170bec49eec44aebb3f17334e76b1003dae65d6858a626d60a3ff3dbbff8cf15ca934ca0f7a09b9ae6c17c911bb2f6083cab81540e00a8d9b9393a3341b90dd134f4a2ec21f1d8c55c2df687896873a36661a862226614582077d41811bcb3e6632cbf1767f6189b76054e8186606ee5a2c73bffe1bd6c8fc415f481324f015045231d662173b6f7e814068dffd598ce9a6f4630744bb0aa80f9f74403f4c3da3ca856b40d043885cc1e7beac524853fafb01fb61c3023ab04047e29d50a5d4cd612fc9ae90e7832fde7d1dea0804dc16fff17500517be0bf5d28f4ab0203010001
info|2026-02-07 00:24:22.170554|ioService-0x00007b493f5ff6c0|[NETWORK][Host]handshakeServer succ,remote endpoint=127.0.0.1:51222,nodeid=3082010a0282010100d938a7d0e5078fdc3bfe83bfe8c789160de4c9e207ff836ef8d64a0c846f5f628646fe9170bec49eec44aebb3f17334e76b1003dae65d6858a626d60a3ff3dbbff8cf15ca934ca0f7a09b9ae6c17c911bb2f6083cab81540e00a8d9b9393a3341b90dd134f4a2ec21f1d8c55c2df687896873a36661a862226614582077d41811bcb3e6632cbf1767f6189b76054e8186606ee5a2c73bffe1bd6c8fc415f481324f015045231d662173b6f7e814068dffd598ce9a6f4630744bb0aa80f9f74403f4c3da3ca856b40d043885cc1e7beac524853fafb01fb61c3023ab04047e29d50a5d4cd612fc9ae90e7832fde7d1dea0804dc16fff17500517be0bf5d28f4ab0203010001
info|2026-02-07 00:24:22.170608|ioService-0x00007b4940bfd6c0|[NETWORK][Host]obtainP2pInfo ,node_info=3082010a02820101009d9833c7e1dbf7d476b1fd7227e247b488323cbd272862d096a4010035236b7d36e2aede87e4f36adfd2e2e44f2945e9a4170901f5865f04cb779a1c1e1fc2f3e56fc6ea80a2665d5da60fce851ccd94bb60aced8e256a551ebb6edcf78febb8eb8bbb3c4fab73bacd5675925d72c787a8d8e179c70b24c484ae98ea7cc956a196c0c8266073d549963e44bfee479261b4c7a5497320d8a89de71743baf1516450118e57b4b07227de0429adf0d02305ad79d40958f48b3c7d6802814fc5c25be7c54c85463c993254d08401e1c7c1cc5586b265a1616617cc2ba7f29e928ff792e4ff33ada9b1bb7ee5a43130da18ba109a9e2186dfa6c2dc1d823e9066e1590203010001#9D9833C7E1DBF7D476B1FD7227E247B488323CBD272862D096A4010035236B7D36E2AEDE87E4F36ADFD2E2E44F2945E9A4170901F5865F04CB779A1C1E1FC2F3E56FC6EA80A2665D5DA60FCE851CCD94BB60ACED8E256A551EBB6EDCF78FEBB8EB8BBB3C4FAB73BACD5675925D72C787A8D8E179C70B24C484AE98EA7CC956A196C0C8266073D549963E44BFEE479261B4C7A5497320D8A89DE71743BAF1516450118E57B4B07227DE0429ADF0D02305AD79D40958F48B3C7D6802814FC5C25BE7C54C85463C993254D08401E1C7C1CC5586B265A1616617CC2BA7F29E928FF792E4FF33ADA9B1BB7EE5A43130DA18BA109A9E2186DFA6C2DC1D823E9066E159#/CN=FISCO-BCOS-e9f43089/O=FISCO-BCOS-e9f43089/OU=chain#/CN=FISCO-BCOS-e9f43089/O=fisco-bcos/OU=agency,p2pid=3082010a02820101009d9833c7e1dbf7d476b1fd7227e247b488323cbd272862d096a4010035236b7d36e2aede87e4f36adfd2e2e44f2945e9a4170901f5865f04cb779a1c1e1fc2f3e56fc6ea80a2665d5da60fce851ccd94bb60aced8e256a551ebb6edcf78febb8eb8bbb3c4fab73bacd5675925d72c787a8d8e179c70b24c484ae98ea7cc956a196c0c8266073d549963e44bfee479261b4c7a5497320d8a89de71743baf1516450118e57b4b07227de0429adf0d02305ad79d40958f48b3c7d6802814fc5c25be7c54c85463c993254d08401e1c7c1cc5586b265a1616617cc2ba7f29e928ff792e4ff33ada9b1bb7ee5a43130da18ba109a9e2186dfa6c2dc1d823e9066e1590203010001
info|2026-02-07 00:24:22.170628|ioService-0x00007b4940bfd6c0|[NETWORK][Host]handshakeServer succ,remote endpoint=127.0.0.1:51220,nodeid=3082010a02820101009d9833c7e1dbf7d476b1fd7227e247b488323cbd272862d096a4010035236b7d36e2aede87e4f36adfd2e2e44f2945e9a4170901f5865f04cb779a1c1e1fc2f3e56fc6ea80a2665d5da60fce851ccd94bb60aced8e256a551ebb6edcf78febb8eb8bbb3c4fab73bacd5675925d72c787a8d8e179c70b24c484ae98ea7cc956a196c0c8266073d549963e44bfee479261b4c7a5497320d8a89de71743baf1516450118e57b4b07227de0429adf0d02305ad79d40958f48b3c7d6802814fc5c25be7c54c85463c993254d08401e1c7c1cc5586b265a1616617cc2ba7f29e928ff792e4ff33ada9b1bb7ee5a43130da18ba109a9e2186dfa6c2dc1d823e9066e1590203010001
info|2026-02-07 00:24:22.170706|ioService-0x00007b49431fe6c0|[SESSION][Session][Session::Session] this=0x7b493ec871d0,recvBufferSize=67108864
info|2026-02-07 00:24:22.170805|ioService-0x00007b4941dff6c0|[SESSION][Session][Session::Session] this=0x7b49388871d0,recvBufferSize=67108864
info|2026-02-07 00:24:22.170912|ioService-0x00007b49431fe6c0|[SessionFactory]create new session,sessionRecvBufferSize=67108864,allowMaxMsgSize=33554432,maxReadDataSize=40960,maxSendDataSize=1048576,maxSendMsgCountS=10,enableCompress=true
info|2026-02-07 00:24:22.170979|ioService-0x00007b4941dff6c0|[SessionFactory]create new session,sessionRecvBufferSize=67108864,allowMaxMsgSize=33554432,maxReadDataSize=40960,maxSendDataSize=1048576,maxSendMsgCountS=10,enableCompress=true
info|2026-02-07 00:24:22.171016|fisco-bcos-0x00007b49565c46c0|[P2PService][Service]onConnect,p2pid=3082010a0282010100d938a7d0e5078fdc3bfe83bfe8c789160de4c9e207ff836ef8d64a0c846f5f628646fe9170bec49eec44aebb3f17334e76b1003dae65d6858a626d60a3ff3dbbff8cf15ca934ca0f7a09b9ae6c17c911bb2f6083cab81540e00a8d9b9393a3341b90dd134f4a2ec21f1d8c55c2df687896873a36661a862226614582077d41811bcb3e6632cbf1767f6189b76054e8186606ee5a2c73bffe1bd6c8fc415f481324f015045231d662173b6f7e814068dffd598ce9a6f4630744bb0aa80f9f74403f4c3da3ca856b40d043885cc1e7beac524853fafb01fb61c3023ab04047e29d50a5d4cd612fc9ae90e7832fde7d1dea0804dc16fff17500517be0bf5d28f4ab0203010001,endpoint=127.0.0.1
info|2026-02-07 00:24:22.171042|fisco-bcos-0x00007b49565c46c0|[P2PService][P2PSession][P2PSession::P2PSession] this=0x7b493de87390
info|2026-02-07 00:24:22.171179|ioService-0x00007b49429fd6c0|[Gateway][Factory][NEW]SSLContext pubHex: 3082010a0282010100a9ba081864ed1c68f5b81b4fa31a3cb4c81583e0e7c5eec4d7249ecd7d2c8f901393580ca25747abc4e01775b9ff41392cf15074a577cc078f4b07f3152faa0dfe540c63b8de93fbc3afe02564592e274c9c1a76bb0cc8c4692d9404f8e0b7b5440bd66d6e70c33a6d35aca5767a88332fd7853571427789bb25413b734abc293a58791b28aece40a8f74238c2f8b0d32bbbb5f020cfd72ad86d4fb6f1904605a5f43f0f58ed4c826346ad1b71ddac3a15040d6cd21f31f9044b82e690f91329d956b39005f4ab421029ebe499a3fe7179586deded25784665d8949c4db5defd0cbbaf2f27221f3d59e7314f4374086dceea8903a6aedc17d8ca5c7ec4b03fef0203010001
info|2026-02-07 00:24:22.171206|ioService-0x00007b49429fd6c0|[NETWORK][Host]Get ca basic failed
info|2026-02-07 00:24:22.171215|fisco-bcos-0x00007b49565c46c0|[SESSION][Session][start] start session ,this=0x7b493ec871d0
info|2026-02-07 00:24:22.171248|ioService-0x00007b4940bfd6c0|[SESSION][Session][Session::Session] this=0x7b492aa5d1d0,recvBufferSize=67108864
info|2026-02-07 00:24:22.171274|ioService-0x00007b49429fd6c0|[Gateway][Factory][NEW]SSLContext pubHex: 3082010a02820101009d9833c7e1dbf7d476b1fd7227e247b488323cbd272862d096a4010035236b7d36e2aede87e4f36adfd2e2e44f2945e9a4170901f5865f04cb779a1c1e1fc2f3e56fc6ea80a2665d5da60fce851ccd94bb60aced8e256a551ebb6edcf78febb8eb8bbb3c4fab73bacd5675925d72c787a8d8e179c70b24c484ae98ea7cc956a196c0c8266073d549963e44bfee479261b4c7a5497320d8a89de71743baf1516450118e57b4b07227de0429adf0d02305ad79d40958f48b3c7d6802814fc5c25be7c54c85463c993254d08401e1c7c1cc5586b265a1616617cc2ba7f29e928ff792e4ff33ada9b1bb7ee5a43130da18ba109a9e2186dfa6c2dc1d823e9066e1590203010001
info|2026-02-07 00:24:22.171281|ioService-0x00007b49429fd6c0|[Gateway][Factory][NEW]SSLContext pubHex: 9D9833C7E1DBF7D476B1FD7227E247B488323CBD272862D096A4010035236B7D36E2AEDE87E4F36ADFD2E2E44F2945E9A4170901F5865F04CB779A1C1E1FC2F3E56FC6EA80A2665D5DA60FCE851CCD94BB60ACED8E256A551EBB6EDCF78FEBB8EB8BBB3C4FAB73BACD5675925D72C787A8D8E179C70B24C484AE98EA7CC956A196C0C8266073D549963E44BFEE479261B4C7A5497320D8A89DE71743BAF1516450118E57B4B07227DE0429ADF0D02305AD79D40958F48B3C7D6802814FC5C25BE7C54C85463C993254D08401E1C7C1CC5586B265A1616617CC2BA7F29E928FF792E4FF33ADA9B1BB7EE5A43130DA18BA109A9E2186DFA6C2DC1D823E9066E159
info|2026-02-07 00:24:22.171308|fisco-bcos-0x00007b49565c46c0|[P2PService][Service]asyncSendProtocol,payload=5,seq=5
info|2026-02-07 00:24:22.171323|fisco-bcos-0x00007b49565c46c0|[P2PService][Service]updateStaticNodes,nodeid=3082010a0282010100d938a7d0e5078fdc3bfe83bfe8c789160de4c9e207ff836ef8d64a0c846f5f628646fe9170bec49eec44aebb3f17334e76b1003dae65d6858a626d60a3ff3dbbff8cf15ca934ca0f7a09b9ae6c17c911bb2f6083cab81540e00a8d9b9393a3341b90dd134f4a2ec21f1d8c55c2df687896873a36661a862226614582077d41811bcb3e6632cbf1767f6189b76054e8186606ee5a2c73bffe1bd6c8fc415f481324f015045231d662173b6f7e814068dffd598ce9a6f4630744bb0aa80f9f74403f4c3da3ca856b40d043885cc1e7beac524853fafb01fb61c3023ab04047e29d50a5d4cd612fc9ae90e7832fde7d1dea0804dc16fff17500517be0bf5d28f4ab0203010001,endpoint=127.0.0.1:30301
info|2026-02-07 00:24:22.171339|fisco-bcos-0x00007b49565c46c0|[P2PService][Router][updateDstNodeEntry]insert new entry into the routerTable,distance=1,dst=3082010a0282010100d938a7d0e5078fdc3bfe83bfe8c789160de4c9e207ff836ef8d64a0c846f5f628646fe9170bec49eec44aebb3f17334e76b1003dae65d6858a626d60a3ff3dbbff8cf15ca934ca0f7a09b9ae6c17c911bb2f6083cab81540e00a8d9b9393a3341b90dd134f4a2ec21f1d8c55c2df687896873a36661a862226614582077d41811bcb3e6632cbf1767f6189b76054e8186606ee5a2c73bffe1bd6c8fc415f481324f015045231d662173b6f7e814068dffd598ce9a6f4630744bb0aa80f9f74403f4c3da3ca856b40d043885cc1e7beac524853fafb01fb61c3023ab04047e29d50a5d4cd612fc9ae90e7832fde7d1dea0804dc16fff17500517be0bf5d28f4ab0203010001,nextHop=,size=1
info|2026-02-07 00:24:22.171423|fisco-bcos-0x00007b49565c46c0|[P2PService][Service2][onNewSession]update routerTable,dst=3082010a0282010100d938a7d0e5078fdc3bfe83bfe8c789160de4c9e207ff836ef8d64a0c846f5f628646fe9170bec49eec44aebb3f17334e76b1003dae65d6858a626d60a3ff3dbbff8cf15ca934ca0f7a09b9ae6c17c911bb2f6083cab81540e00a8d9b9393a3341b90dd134f4a2ec21f1d8c55c2df687896873a36661a862226614582077d41811bcb3e6632cbf1767f6189b76054e8186606ee5a2c73bffe1bd6c8fc415f481324f015045231d662173b6f7e814068dffd598ce9a6f4630744bb0aa80f9f74403f4c3da3ca856b40d043885cc1e7beac524853fafb01fb61c3023ab04047e29d50a5d4cd612fc9ae90e7832fde7d1dea0804dc16fff17500517be0bf5d28f4ab0203010001
info|2026-02-07 00:24:22.171440|fisco-bcos-0x00007b49565c46c0|[P2PService][Service]Connection established,p2pid=3082010a0282010100d938a7d0e5078fdc3bfe83bfe8c789160de4c9e207ff836ef8d64a0c846f5f628646fe9170bec49eec44aebb3f17334e76b1003dae65d6858a626d60a3ff3dbbff8cf15ca934ca0f7a09b9ae6c17c911bb2f6083cab81540e00a8d9b9393a3341b90dd134f4a2ec21f1d8c55c2df687896873a36661a862226614582077d41811bcb3e6632cbf1767f6189b76054e8186606ee5a2c73bffe1bd6c8fc415f481324f015045231d662173b6f7e814068dffd598ce9a6f4630744bb0aa80f9f74403f4c3da3ca856b40d043885cc1e7beac524853fafb01fb61c3023ab04047e29d50a5d4cd612fc9ae90e7832fde7d1dea0804dc16fff17500517be0bf5d28f4ab0203010001,endpoint=127.0.0.1:30301
info|2026-02-07 00:24:22.171882|ioService-0x00007b493f5ff6c0|[SESSION][Session][Session::Session] this=0x7b493b0581d0,recvBufferSize=67108864
info|2026-02-07 00:24:22.172070|ioService-0x00007b493f5ff6c0|[SessionFactory]create new session,sessionRecvBufferSize=67108864,allowMaxMsgSize=33554432,maxReadDataSize=40960,maxSendDataSize=1048576,maxSendMsgCountS=10,enableCompress=true
info|2026-02-07 00:24:22.172342|fisco-bcos-0x00007b4953fff6c0|[P2PService][Service]onConnect,p2pid=3082010a0282010100d938a7d0e5078fdc3bfe83bfe8c789160de4c9e207ff836ef8d64a0c846f5f628646fe9170bec49eec44aebb3f17334e76b1003dae65d6858a626d60a3ff3dbbff8cf15ca934ca0f7a09b9ae6c17c911bb2f6083cab81540e00a8d9b9393a3341b90dd134f4a2ec21f1d8c55c2df687896873a36661a862226614582077d41811bcb3e6632cbf1767f6189b76054e8186606ee5a2c73bffe1bd6c8fc415f481324f015045231d662173b6f7e814068dffd598ce9a6f4630744bb0aa80f9f74403f4c3da3ca856b40d043885cc1e7beac524853fafb01fb61c3023ab04047e29d50a5d4cd612fc9ae90e7832fde7d1dea0804dc16fff17500517be0bf5d28f4ab0203010001,endpoint=127.0.0.1
info|2026-02-07 00:24:22.172396|fisco-bcos-0x00007b4953fff6c0|[P2PService][Service]Disconnect duplicate peer,p2pid=3082010a0282010100d938a7d0e5078fdc3bfe83bfe8c789160de4c9e207ff836ef8d64a0c846f5f628646fe9170bec49eec44aebb3f17334e76b1003dae65d6858a626d60a3ff3dbbff8cf15ca934ca0f7a09b9ae6c17c911bb2f6083cab81540e00a8d9b9393a3341b90dd134f4a2ec21f1d8c55c2df687896873a36661a862226614582077d41811bcb3e6632cbf1767f6189b76054e8186606ee5a2c73bffe1bd6c8fc415f481324f015045231d662173b6f7e814068dffd598ce9a6f4630744bb0aa80f9f74403f4c3da3ca856b40d043885cc1e7beac524853fafb01fb61c3023ab04047e29d50a5d4cd612fc9ae90e7832fde7d1dea0804dc16fff17500517be0bf5d28f4ab0203010001
info|2026-02-07 00:24:22.172408|fisco-bcos-0x00007b4953fff6c0|[SESSION][Session][Session::~Session] this=0x7b493b0581d0
info|2026-02-07 00:24:22.172678|ioService-0x00007b4940bfd6c0|[SessionFactory]create new session,sessionRecvBufferSize=67108864,allowMaxMsgSize=33554432,maxReadDataSize=40960,maxSendDataSize=1048576,maxSendMsgCountS=10,enableCompress=true
info|2026-02-07 00:24:22.172989|fisco-bcos-0x00007b494fdff6c0|[P2PService][Service]onConnect,p2pid=3082010a02820101009d9833c7e1dbf7d476b1fd7227e247b488323cbd272862d096a4010035236b7d36e2aede87e4f36adfd2e2e44f2945e9a4170901f5865f04cb779a1c1e1fc2f3e56fc6ea80a2665d5da60fce851ccd94bb60aced8e256a551ebb6edcf78febb8eb8bbb3c4fab73bacd5675925d72c787a8d8e179c70b24c484ae98ea7cc956a196c0c8266073d549963e44bfee479261b4c7a5497320d8a89de71743baf1516450118e57b4b07227de0429adf0d02305ad79d40958f48b3c7d6802814fc5c25be7c54c85463c993254d08401e1c7c1cc5586b265a1616617cc2ba7f29e928ff792e4ff33ada9b1bb7ee5a43130da18ba109a9e2186dfa6c2dc1d823e9066e1590203010001,endpoint=127.0.0.1
info|2026-02-07 00:24:22.173136|fisco-bcos-0x00007b494fdff6c0|[P2PService][P2PSession][P2PSession::P2PSession] this=0x7b494ce141d0
info|2026-02-07 00:24:22.173277|fisco-bcos-0x00007b494fdff6c0|[SESSION][Session][start] start session ,this=0x7b492aa5d1d0
info|2026-02-07 00:24:22.173456|fisco-bcos-0x00007b494fdff6c0|[P2PService][Service]asyncSendProtocol,payload=5,seq=7
info|2026-02-07 00:24:22.173496|fisco-bcos-0x00007b494fdff6c0|[P2PService][Router][updateDstNodeEntry]insert new entry into the routerTable,distance=1,dst=3082010a02820101009d9833c7e1dbf7d476b1fd7227e247b488323cbd272862d096a4010035236b7d36e2aede87e4f36adfd2e2e44f2945e9a4170901f5865f04cb779a1c1e1fc2f3e56fc6ea80a2665d5da60fce851ccd94bb60aced8e256a551ebb6edcf78febb8eb8bbb3c4fab73bacd5675925d72c787a8d8e179c70b24c484ae98ea7cc956a196c0c8266073d549963e44bfee479261b4c7a5497320d8a89de71743baf1516450118e57b4b07227de0429adf0d02305ad79d40958f48b3c7d6802814fc5c25be7c54c85463c993254d08401e1c7c1cc5586b265a1616617cc2ba7f29e928ff792e4ff33ada9b1bb7ee5a43130da18ba109a9e2186dfa6c2dc1d823e9066e1590203010001,nextHop=,size=2
info|2026-02-07 00:24:22.173577|fisco-bcos-0x00007b494fdff6c0|[P2PService][Service2][onNewSession]update routerTable,dst=3082010a02820101009d9833c7e1dbf7d476b1fd7227e247b488323cbd272862d096a4010035236b7d36e2aede87e4f36adfd2e2e44f2945e9a4170901f5865f04cb779a1c1e1fc2f3e56fc6ea80a2665d5da60fce851ccd94bb60aced8e256a551ebb6edcf78febb8eb8bbb3c4fab73bacd5675925d72c787a8d8e179c70b24c484ae98ea7cc956a196c0c8266073d549963e44bfee479261b4c7a5497320d8a89de71743baf1516450118e57b4b07227de0429adf0d02305ad79d40958f48b3c7d6802814fc5c25be7c54c85463c993254d08401e1c7c1cc5586b265a1616617cc2ba7f29e928ff792e4ff33ada9b1bb7ee5a43130da18ba109a9e2186dfa6c2dc1d823e9066e1590203010001
info|2026-02-07 00:24:22.173585|fisco-bcos-0x00007b494fdff6c0|[P2PService][Service]Connection established,p2pid=3082010a02820101009d9833c7e1dbf7d476b1fd7227e247b488323cbd272862d096a4010035236b7d36e2aede87e4f36adfd2e2e44f2945e9a4170901f5865f04cb779a1c1e1fc2f3e56fc6ea80a2665d5da60fce851ccd94bb60aced8e256a551ebb6edcf78febb8eb8bbb3c4fab73bacd5675925d72c787a8d8e179c70b24c484ae98ea7cc956a196c0c8266073d549963e44bfee479261b4c7a5497320d8a89de71743baf1516450118e57b4b07227de0429adf0d02305ad79d40958f48b3c7d6802814fc5c25be7c54c85463c993254d08401e1c7c1cc5586b265a1616617cc2ba7f29e928ff792e4ff33ada9b1bb7ee5a43130da18ba109a9e2186dfa6c2dc1d823e9066e1590203010001,endpoint=127.0.0.1:51220
info|2026-02-07 00:24:22.176141|ioService-0x00007b49449ff6c0|[NETWORK][Host]startPeerSession, Remote=0.0.0.0:0,local endpoint=0.0.0.0:0,p2pid=3082010a0282010100a492268b412bea3e8f972dff0dc52c521cd06884f53d90f3889c7014f7cb635c38a07b81af9630f2b04238a726b029af6b4b924e132710d2894b7175f12a5e323a7119afd27786b01965d49b9c885ff3768f40b9d57817bc1305124f40ced3b1ac99666773a3a64cce079e95acbc31d42f416aad362594008547aae561213b022db32ed9d1bd67df5c020bc44dcc073982b4566fd04048555b1ea84279063d5b1047e9f42776ef03677d2dd1454433fdb3feced3f41b92efdfeda545d56c1c9ba349584c9095f3ad9e31c2db11cbe3007ee7817f5846f87eb01c296d81b36dbbc765b4c7af74aface1276dd4fd91963729e495694b6af5c0d6111c49115a2c3f0203010001
info|2026-02-07 00:24:22.176504|ioService-0x00007b49439ff6c0|[NETWORK][Host]startPeerSession, Remote=0.0.0.0:0,local endpoint=0.0.0.0:0,p2pid=3082010a0282010100a492268b412bea3e8f972dff0dc52c521cd06884f53d90f3889c7014f7cb635c38a07b81af9630f2b04238a726b029af6b4b924e132710d2894b7175f12a5e323a7119afd27786b01965d49b9c885ff3768f40b9d57817bc1305124f40ced3b1ac99666773a3a64cce079e95acbc31d42f416aad362594008547aae561213b022db32ed9d1bd67df5c020bc44dcc073982b4566fd04048555b1ea84279063d5b1047e9f42776ef03677d2dd1454433fdb3feced3f41b92efdfeda545d56c1c9ba349584c9095f3ad9e31c2db11cbe3007ee7817f5846f87eb01c296d81b36dbbc765b4c7af74aface1276dd4fd91963729e495694b6af5c0d6111c49115a2c3f0203010001
info|2026-02-07 00:24:22.176658|ioService-0x00007b49431fe6c0|[NETWORK][Host]startPeerSession, Remote=127.0.0.1:30301,local endpoint=127.0.0.1:36888,p2pid=3082010a0282010100d938a7d0e5078fdc3bfe83bfe8c789160de4c9e207ff836ef8d64a0c846f5f628646fe9170bec49eec44aebb3f17334e76b1003dae65d6858a626d60a3ff3dbbff8cf15ca934ca0f7a09b9ae6c17c911bb2f6083cab81540e00a8d9b9393a3341b90dd134f4a2ec21f1d8c55c2df687896873a36661a862226614582077d41811bcb3e6632cbf1767f6189b76054e8186606ee5a2c73bffe1bd6c8fc415f481324f015045231d662173b6f7e814068dffd598ce9a6f4630744bb0aa80f9f74403f4c3da3ca856b40d043885cc1e7beac524853fafb01fb61c3023ab04047e29d50a5d4cd612fc9ae90e7832fde7d1dea0804dc16fff17500517be0bf5d28f4ab0203010001
info|2026-02-07 00:24:22.176694|ioService-0x00007b493f5ff6c0|[NETWORK][Host]startPeerSession, Remote=0.0.0.0:0,local endpoint=0.0.0.0:0,p2pid=3082010a0282010100d938a7d0e5078fdc3bfe83bfe8c789160de4c9e207ff836ef8d64a0c846f5f628646fe9170bec49eec44aebb3f17334e76b1003dae65d6858a626d60a3ff3dbbff8cf15ca934ca0f7a09b9ae6c17c911bb2f6083cab81540e00a8d9b9393a3341b90dd134f4a2ec21f1d8c55c2df687896873a36661a862226614582077d41811bcb3e6632cbf1767f6189b76054e8186606ee5a2c73bffe1bd6c8fc415f481324f015045231d662173b6f7e814068dffd598ce9a6f4630744bb0aa80f9f74403f4c3da3ca856b40d043885cc1e7beac524853fafb01fb61c3023ab04047e29d50a5d4cd612fc9ae90e7832fde7d1dea0804dc16fff17500517be0bf5d28f4ab0203010001
info|2026-02-07 00:24:22.176790|ioService-0x00007b49431fe6c0|[SESSION][Session]doRead error,endpoint=127.0.0.1:30301,message=stream truncated
info|2026-02-07 00:24:22.176812|ioService-0x00007b49431fe6c0|[SESSION][Session]drop, call and erase all callback in this session!,this=0x7b493ec871d0,endpoint=127.0.0.1:30301
info|2026-02-07 00:24:22.176854|ioService-0x00007b49431fe6c0|[SESSION][Session][drop] closing remote 0.0.0.0:0,reason=Low-level TCP communication error.,endpoint=127.0.0.1:30301
info|2026-02-07 00:24:22.177044|fisco-bcos-0x00007b49537fd6c0|[P2PService][Service]onConnect,p2pid=3082010a0282010100b85dd5fdfbc4aa99dcef8477a2e1c08c304a63432923826f81b3d0d7d13e79a6ec265462b2f59e76106f8bad7efb849227798aaf7c20a2197e9a95a8ffbbc07f5ccb44d04e995013b9afd04bb77fb7dbfa0f13bd2d404980eae43fc147332e1542ee2d2e973596187bb8ad4dc63b0165052688b1f7fc4a2a8ccb020a55db8ee7b9a45bb901b1c03d94727648a8ec10bfbc854175981345d56f4c783b0211d91f0775e508d8b379b56935777d255f59b63fadc24b43862671f5cbe0d00fcfff7138124c8293f91740a0e0732346eeee748a42f65ddb81da461fce3e76ea6ff452913b80eb5b1dba016f7d4d94f66337cc6bea7a066b8277637aef12c2eba11da10203010001,endpoint=127.0.0.1
info|2026-02-07 00:24:22.177092|fisco-bcos-0x00007b49537fd6c0|[P2PService][P2PSession][P2PSession::P2PSession] this=0x7b495150f1d0
info|2026-02-07 00:24:22.177142|fisco-bcos-0x00007b49537fd6c0|[SESSION][Session][start] start session ,this=0x7b49388871d0
info|2026-02-07 00:24:22.177171|fisco-bcos-0x00007b49537fd6c0|[P2PService][Service]asyncSendProtocol,payload=5,seq=9
info|2026-02-07 00:24:22.177192|fisco-bcos-0x00007b49537fd6c0|[P2PService][Service]updateStaticNodes,nodeid=3082010a0282010100b85dd5fdfbc4aa99dcef8477a2e1c08c304a63432923826f81b3d0d7d13e79a6ec265462b2f59e76106f8bad7efb849227798aaf7c20a2197e9a95a8ffbbc07f5ccb44d04e995013b9afd04bb77fb7dbfa0f13bd2d404980eae43fc147332e1542ee2d2e973596187bb8ad4dc63b0165052688b1f7fc4a2a8ccb020a55db8ee7b9a45bb901b1c03d94727648a8ec10bfbc854175981345d56f4c783b0211d91f0775e508d8b379b56935777d255f59b63fadc24b43862671f5cbe0d00fcfff7138124c8293f91740a0e0732346eeee748a42f65ddb81da461fce3e76ea6ff452913b80eb5b1dba016f7d4d94f66337cc6bea7a066b8277637aef12c2eba11da10203010001,endpoint=127.0.0.1:30303
info|2026-02-07 00:24:22.177202|fisco-bcos-0x00007b49537fd6c0|[P2PService][Router][updateDstNodeEntry]insert new entry into the routerTable,distance=1,dst=3082010a0282010100b85dd5fdfbc4aa99dcef8477a2e1c08c304a63432923826f81b3d0d7d13e79a6ec265462b2f59e76106f8bad7efb849227798aaf7c20a2197e9a95a8ffbbc07f5ccb44d04e995013b9afd04bb77fb7dbfa0f13bd2d404980eae43fc147332e1542ee2d2e973596187bb8ad4dc63b0165052688b1f7fc4a2a8ccb020a55db8ee7b9a45bb901b1c03d94727648a8ec10bfbc854175981345d56f4c783b0211d91f0775e508d8b379b56935777d255f59b63fadc24b43862671f5cbe0d00fcfff7138124c8293f91740a0e0732346eeee748a42f65ddb81da461fce3e76ea6ff452913b80eb5b1dba016f7d4d94f66337cc6bea7a066b8277637aef12c2eba11da10203010001,nextHop=,size=3
warning|2026-02-07 00:24:22.177271|fisco-bcos-0x00007b49537fd6c0|[SESSION][Session]Session inactive
info|2026-02-07 00:24:22.177283|fisco-bcos-0x00007b49537fd6c0|[P2PService][Service2][onNewSession]update routerTable,dst=3082010a0282010100b85dd5fdfbc4aa99dcef8477a2e1c08c304a63432923826f81b3d0d7d13e79a6ec265462b2f59e76106f8bad7efb849227798aaf7c20a2197e9a95a8ffbbc07f5ccb44d04e995013b9afd04bb77fb7dbfa0f13bd2d404980eae43fc147332e1542ee2d2e973596187bb8ad4dc63b0165052688b1f7fc4a2a8ccb020a55db8ee7b9a45bb901b1c03d94727648a8ec10bfbc854175981345d56f4c783b0211d91f0775e508d8b379b56935777d255f59b63fadc24b43862671f5cbe0d00fcfff7138124c8293f91740a0e0732346eeee748a42f65ddb81da461fce3e76ea6ff452913b80eb5b1dba016f7d4d94f66337cc6bea7a066b8277637aef12c2eba11da10203010001
info|2026-02-07 00:24:22.177295|fisco-bcos-0x00007b49537fd6c0|[P2PService][Service]Connection established,p2pid=3082010a0282010100b85dd5fdfbc4aa99dcef8477a2e1c08c304a63432923826f81b3d0d7d13e79a6ec265462b2f59e76106f8bad7efb849227798aaf7c20a2197e9a95a8ffbbc07f5ccb44d04e995013b9afd04bb77fb7dbfa0f13bd2d404980eae43fc147332e1542ee2d2e973596187bb8ad4dc63b0165052688b1f7fc4a2a8ccb020a55db8ee7b9a45bb901b1c03d94727648a8ec10bfbc854175981345d56f4c783b0211d91f0775e508d8b379b56935777d255f59b63fadc24b43862671f5cbe0d00fcfff7138124c8293f91740a0e0732346eeee748a42f65ddb81da461fce3e76ea6ff452913b80eb5b1dba016f7d4d94f66337cc6bea7a066b8277637aef12c2eba11da10203010001,endpoint=127.0.0.1:30303
info|2026-02-07 00:24:22.177317|ioService-0x00007b4941dff6c0|[NETWORK][Host]startPeerSession, Remote=127.0.0.1:30303,local endpoint=127.0.0.1:43526,p2pid=3082010a0282010100b85dd5fdfbc4aa99dcef8477a2e1c08c304a63432923826f81b3d0d7d13e79a6ec265462b2f59e76106f8bad7efb849227798aaf7c20a2197e9a95a8ffbbc07f5ccb44d04e995013b9afd04bb77fb7dbfa0f13bd2d404980eae43fc147332e1542ee2d2e973596187bb8ad4dc63b0165052688b1f7fc4a2a8ccb020a55db8ee7b9a45bb901b1c03d94727648a8ec10bfbc854175981345d56f4c783b0211d91f0775e508d8b379b56935777d255f59b63fadc24b43862671f5cbe0d00fcfff7138124c8293f91740a0e0732346eeee748a42f65ddb81da461fce3e76ea6ff452913b80eb5b1dba016f7d4d94f66337cc6bea7a066b8277637aef12c2eba11da10203010001
info|2026-02-07 00:24:22.177309|ioService-0x00007b49431fe6c0|[SESSION][Session][drop] shutdown failed ,failedValue=9,message=Bad file descriptor
info|2026-02-07 00:24:22.177582|fisco-bcos-0x00007b49555c06c0|[P2PService][Service]onReceiveProtocol: protocolNegotiate success,peer=3082010a0282010100b85dd5fdfbc4aa99dcef8477a2e1c08c304a63432923826f81b3d0d7d13e79a6ec265462b2f59e76106f8bad7efb849227798aaf7c20a2197e9a95a8ffbbc07f5ccb44d04e995013b9afd04bb77fb7dbfa0f13bd2d404980eae43fc147332e1542ee2d2e973596187bb8ad4dc63b0165052688b1f7fc4a2a8ccb020a55db8ee7b9a45bb901b1c03d94727648a8ec10bfbc854175981345d56f4c783b0211d91f0775e508d8b379b56935777d255f59b63fadc24b43862671f5cbe0d00fcfff7138124c8293f91740a0e0732346eeee748a42f65ddb81da461fce3e76ea6ff452913b80eb5b1dba016f7d4d94f66337cc6bea7a066b8277637aef12c2eba11da10203010001,minVersion=0,maxVersion=2,supportMinVersion=0,supportMaxVersion=2,negotiatedVersion=2
warning|2026-02-07 00:24:22.177505|fisco-bcos-0x00007b49549ff6c0|[P2PService][Service2][onMessage],code=3,msg=Disconnect
info|2026-02-07 00:24:22.177838|fisco-bcos-0x00007b49549ff6c0|[P2PService][Service]disconnect error P2PSession,p2pid=3082010a0282010100d938a7d0e5078fdc3bfe83bfe8c789160de4c9e207ff836ef8d64a0c846f5f628646fe9170bec49eec44aebb3f17334e76b1003dae65d6858a626d60a3ff3dbbff8cf15ca934ca0f7a09b9ae6c17c911bb2f6083cab81540e00a8d9b9393a3341b90dd134f4a2ec21f1d8c55c2df687896873a36661a862226614582077d41811bcb3e6632cbf1767f6189b76054e8186606ee5a2c73bffe1bd6c8fc415f481324f015045231d662173b6f7e814068dffd598ce9a6f4630744bb0aa80f9f74403f4c3da3ca856b40d043885cc1e7beac524853fafb01fb61c3023ab04047e29d50a5d4cd612fc9ae90e7832fde7d1dea0804dc16fff17500517be0bf5d28f4ab0203010001,endpoint=127.0.0.1:30301,code=3,message=Disconnect
info|2026-02-07 00:24:22.177858|fisco-bcos-0x00007b49549ff6c0|[Gateway][GatewayNodeManager]onRemoveNodeIDs,p2pid=3082010a0282010100d938a7d0e5078fdc3bfe83bfe8c789160de4c9e207ff836ef8d64a0c846f5f628646fe9170bec49eec44aebb3f17334e76b1003dae65d6858a626d60a3ff3dbbff8cf15ca934ca0f7a09b9ae6c17c911bb2f6083cab81540e00a8d9b9393a3341b90dd134f4a2ec21f1d8c55c2df687896873a36661a862226614582077d41811bcb3e6632cbf1767f6189b76054e8186606ee5a2c73bffe1bd6c8fc415f481324f015045231d662173b6f7e814068dffd598ce9a6f4630744bb0aa80f9f74403f4c3da3ca856b40d043885cc1e7beac524853fafb01fb61c3023ab04047e29d50a5d4cd612fc9ae90e7832fde7d1dea0804dc16fff17500517be0bf5d28f4ab0203010001
info|2026-02-07 00:24:22.177867|fisco-bcos-0x00007b49549ff6c0|[Gateway][Router]PeersRouterTable: removeP2PID,p2pID=3082010a0282010100d938a7d0e5078fdc3bfe83bfe8c789160de4c9e207ff836ef8d64a0c846f5f628646fe9170bec49eec44aebb3f17334e76b1003dae65d6858a626d60a3ff3dbbff8cf15ca934ca0f7a09b9ae6c17c911bb2f6083cab81540e00a8d9b9393a3341b90dd134f4a2ec21f1d8c55c2df687896873a36661a862226614582077d41811bcb3e6632cbf1767f6189b76054e8186606ee5a2c73bffe1bd6c8fc415f481324f015045231d662173b6f7e814068dffd598ce9a6f4630744bb0aa80f9f74403f4c3da3ca856b40d043885cc1e7beac524853fafb01fb61c3023ab04047e29d50a5d4cd612fc9ae90e7832fde7d1dea0804dc16fff17500517be0bf5d28f4ab0203010001
info|2026-02-07 00:24:22.177879|fisco-bcos-0x00007b49549ff6c0|[Gateway][GatewayNodeManager]syncLatestNodeIDList,groupID=group0,nodeCount=1
info|2026-02-07 00:24:22.177889|fisco-bcos-0x00007b49549ff6c0|[FrontService]protocolNegotiate success,nodeID=2346c69c46d42278eb237167eb19eb28432b63783cc0fd7cddc90f89c148e755db8941be9b0c5f37cbc21c409a78c154abc75ce0c80818c6fbb76aea6bcd0a9a,groupID=group0,minVersion=0,maxVersion=2,supportedMinVersion=0,supportedMaxVersion=2,version=2
info|2026-02-07 00:24:22.177904|fisco-bcos-0x00007b49549ff6c0|[FrontService]onReceiveGroupNodeInfo,groupID=group0,nodeIDs.size()=1
info|2026-02-07 00:24:22.177959|fisco-bcos-0x00007b49549ff6c0|[P2PService][Router][erase]make the router unreachable,dst=3082010a0282010100d938a7d0e5078fdc3bfe83bfe8c789160de4c9e207ff836ef8d64a0c846f5f628646fe9170bec49eec44aebb3f17334e76b1003dae65d6858a626d60a3ff3dbbff8cf15ca934ca0f7a09b9ae6c17c911bb2f6083cab81540e00a8d9b9393a3341b90dd134f4a2ec21f1d8c55c2df687896873a36661a862226614582077d41811bcb3e6632cbf1767f6189b76054e8186606ee5a2c73bffe1bd6c8fc415f481324f015045231d662173b6f7e814068dffd598ce9a6f4630744bb0aa80f9f74403f4c3da3ca856b40d043885cc1e7beac524853fafb01fb61c3023ab04047e29d50a5d4cd612fc9ae90e7832fde7d1dea0804dc16fff17500517be0bf5d28f4ab0203010001,distance=10,size=3
info|2026-02-07 00:24:22.177372|ioService-0x00007b4940bfd6c0|[NETWORK][Host]startPeerSession, Remote=127.0.0.1:51220,local endpoint=127.0.0.1:30300,p2pid=3082010a02820101009d9833c7e1dbf7d476b1fd7227e247b488323cbd272862d096a4010035236b7d36e2aede87e4f36adfd2e2e44f2945e9a4170901f5865f04cb779a1c1e1fc2f3e56fc6ea80a2665d5da60fce851ccd94bb60aced8e256a551ebb6edcf78febb8eb8bbb3c4fab73bacd5675925d72c787a8d8e179c70b24c484ae98ea7cc956a196c0c8266073d549963e44bfee479261b4c7a5497320d8a89de71743baf1516450118e57b4b07227de0429adf0d02305ad79d40958f48b3c7d6802814fc5c25be7c54c85463c993254d08401e1c7c1cc5586b265a1616617cc2ba7f29e928ff792e4ff33ada9b1bb7ee5a43130da18ba109a9e2186dfa6c2dc1d823e9066e1590203010001
info|2026-02-07 00:24:22.178013|fisco-bcos-0x00007b4950bff6c0|SyncConfig: setConnectedNodeList,size=1
info|2026-02-07 00:24:22.178110|fisco-bcos-0x00007b4950bff6c0|SyncConfig: setConnectedNodeList,size=1
info|2026-02-07 00:24:22.178118|fisco-bcos-0x00007b4950bff6c0|[FRONTSERVICE]notifyGroupNodeInfo,connectedNodeSize=1
info|2026-02-07 00:24:22.178445|fisco-bcos-0x00007b4953bfe6c0|[P2PService][Service2][onReceiveRouterSeq]receive router seq and request router table,peer=3082010a0282010100b85dd5fdfbc4aa99dcef8477a2e1c08c304a63432923826f81b3d0d7d13e79a6ec265462b2f59e76106f8bad7efb849227798aaf7c20a2197e9a95a8ffbbc07f5ccb44d04e995013b9afd04bb77fb7dbfa0f13bd2d404980eae43fc147332e1542ee2d2e973596187bb8ad4dc63b0165052688b1f7fc4a2a8ccb020a55db8ee7b9a45bb901b1c03d94727648a8ec10bfbc854175981345d56f4c783b0211d91f0775e508d8b379b56935777d255f59b63fadc24b43862671f5cbe0d00fcfff7138124c8293f91740a0e0732346eeee748a42f65ddb81da461fce3e76ea6ff452913b80eb5b1dba016f7d4d94f66337cc6bea7a066b8277637aef12c2eba11da10203010001,seq=2
info|2026-02-07 00:24:22.178517|fisco-bcos-0x00007b494fdff6c0|[P2PService][Service]onReceiveProtocol: protocolNegotiate success,peer=3082010a02820101009d9833c7e1dbf7d476b1fd7227e247b488323cbd272862d096a4010035236b7d36e2aede87e4f36adfd2e2e44f2945e9a4170901f5865f04cb779a1c1e1fc2f3e56fc6ea80a2665d5da60fce851ccd94bb60aced8e256a551ebb6edcf78febb8eb8bbb3c4fab73bacd5675925d72c787a8d8e179c70b24c484ae98ea7cc956a196c0c8266073d549963e44bfee479261b4c7a5497320d8a89de71743baf1516450118e57b4b07227de0429adf0d02305ad79d40958f48b3c7d6802814fc5c25be7c54c85463c993254d08401e1c7c1cc5586b265a1616617cc2ba7f29e928ff792e4ff33ada9b1bb7ee5a43130da18ba109a9e2186dfa6c2dc1d823e9066e1590203010001,minVersion=0,maxVersion=2,supportMinVersion=0,supportMaxVersion=2,negotiatedVersion=2
info|2026-02-07 00:24:22.178531|fisco-bcos-0x00007b4952bfc6c0|[P2PService][Service2][onReceiveRouterSeq]receive router seq and request router table,peer=3082010a02820101009d9833c7e1dbf7d476b1fd7227e247b488323cbd272862d096a4010035236b7d36e2aede87e4f36adfd2e2e44f2945e9a4170901f5865f04cb779a1c1e1fc2f3e56fc6ea80a2665d5da60fce851ccd94bb60aced8e256a551ebb6edcf78febb8eb8bbb3c4fab73bacd5675925d72c787a8d8e179c70b24c484ae98ea7cc956a196c0c8266073d549963e44bfee479261b4c7a5497320d8a89de71743baf1516450118e57b4b07227de0429adf0d02305ad79d40958f48b3c7d6802814fc5c25be7c54c85463c993254d08401e1c7c1cc5586b265a1616617cc2ba7f29e928ff792e4ff33ada9b1bb7ee5a43130da18ba109a9e2186dfa6c2dc1d823e9066e1590203010001,seq=3
info|2026-02-07 00:24:22.178930|fisco-bcos-0x00007b49523fa6c0|[P2PService][Service2][onReceiveRouterSeq]receive router seq and request router table,peer=3082010a02820101009d9833c7e1dbf7d476b1fd7227e247b488323cbd272862d096a4010035236b7d36e2aede87e4f36adfd2e2e44f2945e9a4170901f5865f04cb779a1c1e1fc2f3e56fc6ea80a2665d5da60fce851ccd94bb60aced8e256a551ebb6edcf78febb8eb8bbb3c4fab73bacd5675925d72c787a8d8e179c70b24c484ae98ea7cc956a196c0c8266073d549963e44bfee479261b4c7a5497320d8a89de71743baf1516450118e57b4b07227de0429adf0d02305ad79d40958f48b3c7d6802814fc5c25be7c54c85463c993254d08401e1c7c1cc5586b265a1616617cc2ba7f29e928ff792e4ff33ada9b1bb7ee5a43130da18ba109a9e2186dfa6c2dc1d823e9066e1590203010001,seq=5
info|2026-02-07 00:24:22.178876|fisco-bcos-0x00007b49527fb6c0|[P2PService][Service2][onReceiveRouterSeq]receive router seq and request router table,peer=3082010a02820101009d9833c7e1dbf7d476b1fd7227e247b488323cbd272862d096a4010035236b7d36e2aede87e4f36adfd2e2e44f2945e9a4170901f5865f04cb779a1c1e1fc2f3e56fc6ea80a2665d5da60fce851ccd94bb60aced8e256a551ebb6edcf78febb8eb8bbb3c4fab73bacd5675925d72c787a8d8e179c70b24c484ae98ea7cc956a196c0c8266073d549963e44bfee479261b4c7a5497320d8a89de71743baf1516450118e57b4b07227de0429adf0d02305ad79d40958f48b3c7d6802814fc5c25be7c54c85463c993254d08401e1c7c1cc5586b265a1616617cc2ba7f29e928ff792e4ff33ada9b1bb7ee5a43130da18ba109a9e2186dfa6c2dc1d823e9066e1590203010001,seq=4
info|2026-02-07 00:24:22.179328|fisco-bcos-0x00007b49549ff6c0|[Gateway][GatewayNodeManager]onRemoveNodeIDs,p2pid=3082010a0282010100d938a7d0e5078fdc3bfe83bfe8c789160de4c9e207ff836ef8d64a0c846f5f628646fe9170bec49eec44aebb3f17334e76b1003dae65d6858a626d60a3ff3dbbff8cf15ca934ca0f7a09b9ae6c17c911bb2f6083cab81540e00a8d9b9393a3341b90dd134f4a2ec21f1d8c55c2df687896873a36661a862226614582077d41811bcb3e6632cbf1767f6189b76054e8186606ee5a2c73bffe1bd6c8fc415f481324f015045231d662173b6f7e814068dffd598ce9a6f4630744bb0aa80f9f74403f4c3da3ca856b40d043885cc1e7beac524853fafb01fb61c3023ab04047e29d50a5d4cd612fc9ae90e7832fde7d1dea0804dc16fff17500517be0bf5d28f4ab0203010001
info|2026-02-07 00:24:22.179351|fisco-bcos-0x00007b49549ff6c0|[Gateway][Router]PeersRouterTable: removeP2PID,p2pID=3082010a0282010100d938a7d0e5078fdc3bfe83bfe8c789160de4c9e207ff836ef8d64a0c846f5f628646fe9170bec49eec44aebb3f17334e76b1003dae65d6858a626d60a3ff3dbbff8cf15ca934ca0f7a09b9ae6c17c911bb2f6083cab81540e00a8d9b9393a3341b90dd134f4a2ec21f1d8c55c2df687896873a36661a862226614582077d41811bcb3e6632cbf1767f6189b76054e8186606ee5a2c73bffe1bd6c8fc415f481324f015045231d662173b6f7e814068dffd598ce9a6f4630744bb0aa80f9f74403f4c3da3ca856b40d043885cc1e7beac524853fafb01fb61c3023ab04047e29d50a5d4cd612fc9ae90e7832fde7d1dea0804dc16fff17500517be0bf5d28f4ab0203010001
info|2026-02-07 00:24:22.179369|fisco-bcos-0x00007b49549ff6c0|[Gateway][GatewayNodeManager]syncLatestNodeIDList,groupID=group0,nodeCount=1
info|2026-02-07 00:24:22.179375|fisco-bcos-0x00007b49549ff6c0|[FrontService]protocolNegotiate success,nodeID=2346c69c46d42278eb237167eb19eb28432b63783cc0fd7cddc90f89c148e755db8941be9b0c5f37cbc21c409a78c154abc75ce0c80818c6fbb76aea6bcd0a9a,groupID=group0,minVersion=0,maxVersion=2,supportedMinVersion=0,supportedMaxVersion=2,version=2
info|2026-02-07 00:24:22.179382|fisco-bcos-0x00007b49549ff6c0|[FrontService]onReceiveGroupNodeInfo,groupID=group0,nodeIDs.size()=1
info|2026-02-07 00:24:22.179462|fisco-bcos-0x00007b49537fd6c0|SyncConfig: setConnectedNodeList,size=1
info|2026-02-07 00:24:22.179803|fisco-bcos-0x00007b49537fd6c0|SyncConfig: setConnectedNodeList,size=1
info|2026-02-07 00:24:22.179822|fisco-bcos-0x00007b49537fd6c0|[FRONTSERVICE]notifyGroupNodeInfo,connectedNodeSize=1
info|2026-02-07 00:24:22.179950|fisco-bcos-0x00007b49569c56c0|[P2PService][Service2][onReceiveRouterTableRequest],peer=3082010a02820101009d9833c7e1dbf7d476b1fd7227e247b488323cbd272862d096a4010035236b7d36e2aede87e4f36adfd2e2e44f2945e9a4170901f5865f04cb779a1c1e1fc2f3e56fc6ea80a2665d5da60fce851ccd94bb60aced8e256a551ebb6edcf78febb8eb8bbb3c4fab73bacd5675925d72c787a8d8e179c70b24c484ae98ea7cc956a196c0c8266073d549963e44bfee479261b4c7a5497320d8a89de71743baf1516450118e57b4b07227de0429adf0d02305ad79d40958f48b3c7d6802814fc5c25be7c54c85463c993254d08401e1c7c1cc5586b265a1616617cc2ba7f29e928ff792e4ff33ada9b1bb7ee5a43130da18ba109a9e2186dfa6c2dc1d823e9066e1590203010001,entrySize=3
info|2026-02-07 00:24:22.180432|ioService-0x00007b49415fe6c0|[Gateway][Factory][NEW]SSLContext pubHex: 3082010a0282010100a9ba081864ed1c68f5b81b4fa31a3cb4c81583e0e7c5eec4d7249ecd7d2c8f901393580ca25747abc4e01775b9ff41392cf15074a577cc078f4b07f3152faa0dfe540c63b8de93fbc3afe02564592e274c9c1a76bb0cc8c4692d9404f8e0b7b5440bd66d6e70c33a6d35aca5767a88332fd7853571427789bb25413b734abc293a58791b28aece40a8f74238c2f8b0d32bbbb5f020cfd72ad86d4fb6f1904605a5f43f0f58ed4c826346ad1b71ddac3a15040d6cd21f31f9044b82e690f91329d956b39005f4ab421029ebe499a3fe7179586deded25784665d8949c4db5defd0cbbaf2f27221f3d59e7314f4374086dceea8903a6aedc17d8ca5c7ec4b03fef0203010001
info|2026-02-07 00:24:22.180448|ioService-0x00007b49415fe6c0|[NETWORK][Host]Get ca basic failed
info|2026-02-07 00:24:22.180518|fisco-bcos-0x00007b49549ff6c0|[P2PService][Service2][onEraseSession],dst=3082010a0282010100d938a7d0e5078fdc3bfe83bfe8c789160de4c9e207ff836ef8d64a0c846f5f628646fe9170bec49eec44aebb3f17334e76b1003dae65d6858a626d60a3ff3dbbff8cf15ca934ca0f7a09b9ae6c17c911bb2f6083cab81540e00a8d9b9393a3341b90dd134f4a2ec21f1d8c55c2df687896873a36661a862226614582077d41811bcb3e6632cbf1767f6189b76054e8186606ee5a2c73bffe1bd6c8fc415f481324f015045231d662173b6f7e814068dffd598ce9a6f4630744bb0aa80f9f74403f4c3da3ca856b40d043885cc1e7beac524853fafb01fb61c3023ab04047e29d50a5d4cd612fc9ae90e7832fde7d1dea0804dc16fff17500517be0bf5d28f4ab0203010001
info|2026-02-07 00:24:22.180537|fisco-bcos-0x00007b49549ff6c0|[P2PService][Service]onDisconnect,code=3,what=Dynamic exception type: bcos::gateway::NetworkException
std::exception::what: Disconnect
info|2026-02-07 00:24:22.180581|fisco-bcos-0x00007b49549ff6c0|[P2PService][P2PSession][P2PSession::~P2PSession] this=0x7b493de87390
info|2026-02-07 00:24:22.180598|fisco-bcos-0x00007b49549ff6c0|[SESSION][Session][Session::~Session] this=0x7b493ec871d0
info|2026-02-07 00:24:22.180655|fisco-bcos-0x00007b49565c46c0|[P2PService][Service2][onReceiveRouterTableRequest],peer=3082010a02820101009d9833c7e1dbf7d476b1fd7227e247b488323cbd272862d096a4010035236b7d36e2aede87e4f36adfd2e2e44f2945e9a4170901f5865f04cb779a1c1e1fc2f3e56fc6ea80a2665d5da60fce851ccd94bb60aced8e256a551ebb6edcf78febb8eb8bbb3c4fab73bacd5675925d72c787a8d8e179c70b24c484ae98ea7cc956a196c0c8266073d549963e44bfee479261b4c7a5497320d8a89de71743baf1516450118e57b4b07227de0429adf0d02305ad79d40958f48b3c7d6802814fc5c25be7c54c85463c993254d08401e1c7c1cc5586b265a1616617cc2ba7f29e928ff792e4ff33ada9b1bb7ee5a43130da18ba109a9e2186dfa6c2dc1d823e9066e1590203010001,entrySize=3
info|2026-02-07 00:24:22.180730|ioService-0x00007b49415fe6c0|[Gateway][Factory][NEW]SSLContext pubHex: 3082010a0282010100b85dd5fdfbc4aa99dcef8477a2e1c08c304a63432923826f81b3d0d7d13e79a6ec265462b2f59e76106f8bad7efb849227798aaf7c20a2197e9a95a8ffbbc07f5ccb44d04e995013b9afd04bb77fb7dbfa0f13bd2d404980eae43fc147332e1542ee2d2e973596187bb8ad4dc63b0165052688b1f7fc4a2a8ccb020a55db8ee7b9a45bb901b1c03d94727648a8ec10bfbc854175981345d56f4c783b0211d91f0775e508d8b379b56935777d255f59b63fadc24b43862671f5cbe0d00fcfff7138124c8293f91740a0e0732346eeee748a42f65ddb81da461fce3e76ea6ff452913b80eb5b1dba016f7d4d94f66337cc6bea7a066b8277637aef12c2eba11da10203010001
info|2026-02-07 00:24:22.180743|ioService-0x00007b49415fe6c0|[Gateway][Factory][NEW]SSLContext pubHex: B85DD5FDFBC4AA99DCEF8477A2E1C08C304A63432923826F81B3D0D7D13E79A6EC265462B2F59E76106F8BAD7EFB849227798AAF7C20A2197E9A95A8FFBBC07F5CCB44D04E995013B9AFD04BB77FB7DBFA0F13BD2D404980EAE43FC147332E1542EE2D2E973596187BB8AD4DC63B0165052688B1F7FC4A2A8CCB020A55DB8EE7B9A45BB901B1C03D94727648A8EC10BFBC854175981345D56F4C783B0211D91F0775E508D8B379B56935777D255F59B63FADC24B43862671F5CBE0D00FCFFF7138124C8293F91740A0E0732346EEEE748A42F65DDB81DA461FCE3E76EA6FF452913B80EB5B1DBA016F7D4D94F66337CC6BEA7A066B8277637AEF12C2EBA11DA1
info|2026-02-07 00:24:22.181151|ioService-0x00007b49415fe6c0|[NETWORK][Host]obtainP2pInfo ,node_info=3082010a0282010100b85dd5fdfbc4aa99dcef8477a2e1c08c304a63432923826f81b3d0d7d13e79a6ec265462b2f59e76106f8bad7efb849227798aaf7c20a2197e9a95a8ffbbc07f5ccb44d04e995013b9afd04bb77fb7dbfa0f13bd2d404980eae43fc147332e1542ee2d2e973596187bb8ad4dc63b0165052688b1f7fc4a2a8ccb020a55db8ee7b9a45bb901b1c03d94727648a8ec10bfbc854175981345d56f4c783b0211d91f0775e508d8b379b56935777d255f59b63fadc24b43862671f5cbe0d00fcfff7138124c8293f91740a0e0732346eeee748a42f65ddb81da461fce3e76ea6ff452913b80eb5b1dba016f7d4d94f66337cc6bea7a066b8277637aef12c2eba11da10203010001#B85DD5FDFBC4AA99DCEF8477A2E1C08C304A63432923826F81B3D0D7D13E79A6EC265462B2F59E76106F8BAD7EFB849227798AAF7C20A2197E9A95A8FFBBC07F5CCB44D04E995013B9AFD04BB77FB7DBFA0F13BD2D404980EAE43FC147332E1542EE2D2E973596187BB8AD4DC63B0165052688B1F7FC4A2A8CCB020A55DB8EE7B9A45BB901B1C03D94727648A8EC10BFBC854175981345D56F4C783B0211D91F0775E508D8B379B56935777D255F59B63FADC24B43862671F5CBE0D00FCFFF7138124C8293F91740A0E0732346EEEE748A42F65DDB81DA461FCE3E76EA6FF452913B80EB5B1DBA016F7D4D94F66337CC6BEA7A066B8277637AEF12C2EBA11DA1#/CN=FISCO-BCOS-e9f43089/O=FISCO-BCOS-e9f43089/OU=chain#/CN=FISCO-BCOS-e9f43089/O=fisco-bcos/OU=agency,p2pid=3082010a0282010100b85dd5fdfbc4aa99dcef8477a2e1c08c304a63432923826f81b3d0d7d13e79a6ec265462b2f59e76106f8bad7efb849227798aaf7c20a2197e9a95a8ffbbc07f5ccb44d04e995013b9afd04bb77fb7dbfa0f13bd2d404980eae43fc147332e1542ee2d2e973596187bb8ad4dc63b0165052688b1f7fc4a2a8ccb020a55db8ee7b9a45bb901b1c03d94727648a8ec10bfbc854175981345d56f4c783b0211d91f0775e508d8b379b56935777d255f59b63fadc24b43862671f5cbe0d00fcfff7138124c8293f91740a0e0732346eeee748a42f65ddb81da461fce3e76ea6ff452913b80eb5b1dba016f7d4d94f66337cc6bea7a066b8277637aef12c2eba11da10203010001
info|2026-02-07 00:24:22.181172|ioService-0x00007b49415fe6c0|[NETWORK][Host]handshakeServer succ,remote endpoint=127.0.0.1:51212,nodeid=3082010a0282010100b85dd5fdfbc4aa99dcef8477a2e1c08c304a63432923826f81b3d0d7d13e79a6ec265462b2f59e76106f8bad7efb849227798aaf7c20a2197e9a95a8ffbbc07f5ccb44d04e995013b9afd04bb77fb7dbfa0f13bd2d404980eae43fc147332e1542ee2d2e973596187bb8ad4dc63b0165052688b1f7fc4a2a8ccb020a55db8ee7b9a45bb901b1c03d94727648a8ec10bfbc854175981345d56f4c783b0211d91f0775e508d8b379b56935777d255f59b63fadc24b43862671f5cbe0d00fcfff7138124c8293f91740a0e0732346eeee748a42f65ddb81da461fce3e76ea6ff452913b80eb5b1dba016f7d4d94f66337cc6bea7a066b8277637aef12c2eba11da10203010001
info|2026-02-07 00:24:22.181405|fisco-bcos-0x00007b4953fff6c0|[P2PService][Service2][onReceiveRouterTableRequest],peer=3082010a0282010100b85dd5fdfbc4aa99dcef8477a2e1c08c304a63432923826f81b3d0d7d13e79a6ec265462b2f59e76106f8bad7efb849227798aaf7c20a2197e9a95a8ffbbc07f5ccb44d04e995013b9afd04bb77fb7dbfa0f13bd2d404980eae43fc147332e1542ee2d2e973596187bb8ad4dc63b0165052688b1f7fc4a2a8ccb020a55db8ee7b9a45bb901b1c03d94727648a8ec10bfbc854175981345d56f4c783b0211d91f0775e508d8b379b56935777d255f59b63fadc24b43862671f5cbe0d00fcfff7138124c8293f91740a0e0732346eeee748a42f65ddb81da461fce3e76ea6ff452913b80eb5b1dba016f7d4d94f66337cc6bea7a066b8277637aef12c2eba11da10203010001,entrySize=3
info|2026-02-07 00:24:22.181650|ioService-0x00007b49429fd6c0|[NETWORK][Host]obtainP2pInfo ,node_info=3082010a02820101009d9833c7e1dbf7d476b1fd7227e247b488323cbd272862d096a4010035236b7d36e2aede87e4f36adfd2e2e44f2945e9a4170901f5865f04cb779a1c1e1fc2f3e56fc6ea80a2665d5da60fce851ccd94bb60aced8e256a551ebb6edcf78febb8eb8bbb3c4fab73bacd5675925d72c787a8d8e179c70b24c484ae98ea7cc956a196c0c8266073d549963e44bfee479261b4c7a5497320d8a89de71743baf1516450118e57b4b07227de0429adf0d02305ad79d40958f48b3c7d6802814fc5c25be7c54c85463c993254d08401e1c7c1cc5586b265a1616617cc2ba7f29e928ff792e4ff33ada9b1bb7ee5a43130da18ba109a9e2186dfa6c2dc1d823e9066e1590203010001#9D9833C7E1DBF7D476B1FD7227E247B488323CBD272862D096A4010035236B7D36E2AEDE87E4F36ADFD2E2E44F2945E9A4170901F5865F04CB779A1C1E1FC2F3E56FC6EA80A2665D5DA60FCE851CCD94BB60ACED8E256A551EBB6EDCF78FEBB8EB8BBB3C4FAB73BACD5675925D72C787A8D8E179C70B24C484AE98EA7CC956A196C0C8266073D549963E44BFEE479261B4C7A5497320D8A89DE71743BAF1516450118E57B4B07227DE0429ADF0D02305AD79D40958F48B3C7D6802814FC5C25BE7C54C85463C993254D08401E1C7C1CC5586B265A1616617CC2BA7F29E928FF792E4FF33ADA9B1BB7EE5A43130DA18BA109A9E2186DFA6C2DC1D823E9066E159#/CN=FISCO-BCOS-e9f43089/O=FISCO-BCOS-e9f43089/OU=chain#/CN=FISCO-BCOS-e9f43089/O=fisco-bcos/OU=agency,p2pid=3082010a02820101009d9833c7e1dbf7d476b1fd7227e247b488323cbd272862d096a4010035236b7d36e2aede87e4f36adfd2e2e44f2945e9a4170901f5865f04cb779a1c1e1fc2f3e56fc6ea80a2665d5da60fce851ccd94bb60aced8e256a551ebb6edcf78febb8eb8bbb3c4fab73bacd5675925d72c787a8d8e179c70b24c484ae98ea7cc956a196c0c8266073d549963e44bfee479261b4c7a5497320d8a89de71743baf1516450118e57b4b07227de0429adf0d02305ad79d40958f48b3c7d6802814fc5c25be7c54c85463c993254d08401e1c7c1cc5586b265a1616617cc2ba7f29e928ff792e4ff33ada9b1bb7ee5a43130da18ba109a9e2186dfa6c2dc1d823e9066e1590203010001
info|2026-02-07 00:24:22.181663|ioService-0x00007b49429fd6c0|[NETWORK][Host]handshakeClient succ,local endpoint=127.0.0.1:46092
info|2026-02-07 00:24:22.181826|ioService-0x00007b49415fe6c0|[SESSION][Session][Session::Session] this=0x7b4939a5b1d0,recvBufferSize=67108864
info|2026-02-07 00:24:22.181990|ioService-0x00007b49415fe6c0|[SessionFactory]create new session,sessionRecvBufferSize=67108864,allowMaxMsgSize=33554432,maxReadDataSize=40960,maxSendDataSize=1048576,maxSendMsgCountS=10,enableCompress=true
info|2026-02-07 00:24:22.182100|ioService-0x00007b49429fd6c0|[SESSION][Session][Session::Session] this=0x7b493fe881d0,recvBufferSize=67108864
info|2026-02-07 00:24:22.182144|fisco-bcos-0x00007b49527fb6c0|[P2PService][Service]onConnect,p2pid=3082010a0282010100b85dd5fdfbc4aa99dcef8477a2e1c08c304a63432923826f81b3d0d7d13e79a6ec265462b2f59e76106f8bad7efb849227798aaf7c20a2197e9a95a8ffbbc07f5ccb44d04e995013b9afd04bb77fb7dbfa0f13bd2d404980eae43fc147332e1542ee2d2e973596187bb8ad4dc63b0165052688b1f7fc4a2a8ccb020a55db8ee7b9a45bb901b1c03d94727648a8ec10bfbc854175981345d56f4c783b0211d91f0775e508d8b379b56935777d255f59b63fadc24b43862671f5cbe0d00fcfff7138124c8293f91740a0e0732346eeee748a42f65ddb81da461fce3e76ea6ff452913b80eb5b1dba016f7d4d94f66337cc6bea7a066b8277637aef12c2eba11da10203010001,endpoint=127.0.0.1
info|2026-02-07 00:24:22.182171|fisco-bcos-0x00007b49527fb6c0|[P2PService][Service]Disconnect duplicate peer,p2pid=3082010a0282010100b85dd5fdfbc4aa99dcef8477a2e1c08c304a63432923826f81b3d0d7d13e79a6ec265462b2f59e76106f8bad7efb849227798aaf7c20a2197e9a95a8ffbbc07f5ccb44d04e995013b9afd04bb77fb7dbfa0f13bd2d404980eae43fc147332e1542ee2d2e973596187bb8ad4dc63b0165052688b1f7fc4a2a8ccb020a55db8ee7b9a45bb901b1c03d94727648a8ec10bfbc854175981345d56f4c783b0211d91f0775e508d8b379b56935777d255f59b63fadc24b43862671f5cbe0d00fcfff7138124c8293f91740a0e0732346eeee748a42f65ddb81da461fce3e76ea6ff452913b80eb5b1dba016f7d4d94f66337cc6bea7a066b8277637aef12c2eba11da10203010001
info|2026-02-07 00:24:22.182179|fisco-bcos-0x00007b49527fb6c0|[SESSION][Session][Session::~Session] this=0x7b4939a5b1d0
info|2026-02-07 00:24:22.182225|ioService-0x00007b49429fd6c0|[SessionFactory]create new session,sessionRecvBufferSize=67108864,allowMaxMsgSize=33554432,maxReadDataSize=40960,maxSendDataSize=1048576,maxSendMsgCountS=10,enableCompress=true
info|2026-02-07 00:24:22.182279|ioService-0x00007b49429fd6c0|[NETWORK][Host]startPeerSession, Remote=127.0.0.1:30302,local endpoint=127.0.0.1:46092,p2pid=3082010a02820101009d9833c7e1dbf7d476b1fd7227e247b488323cbd272862d096a4010035236b7d36e2aede87e4f36adfd2e2e44f2945e9a4170901f5865f04cb779a1c1e1fc2f3e56fc6ea80a2665d5da60fce851ccd94bb60aced8e256a551ebb6edcf78febb8eb8bbb3c4fab73bacd5675925d72c787a8d8e179c70b24c484ae98ea7cc956a196c0c8266073d549963e44bfee479261b4c7a5497320d8a89de71743baf1516450118e57b4b07227de0429adf0d02305ad79d40958f48b3c7d6802814fc5c25be7c54c85463c993254d08401e1c7c1cc5586b265a1616617cc2ba7f29e928ff792e4ff33ada9b1bb7ee5a43130da18ba109a9e2186dfa6c2dc1d823e9066e1590203010001
info|2026-02-07 00:24:22.182320|fisco-bcos-0x00007b4955dc26c0|[P2PService][Service]onConnect,p2pid=3082010a02820101009d9833c7e1dbf7d476b1fd7227e247b488323cbd272862d096a4010035236b7d36e2aede87e4f36adfd2e2e44f2945e9a4170901f5865f04cb779a1c1e1fc2f3e56fc6ea80a2665d5da60fce851ccd94bb60aced8e256a551ebb6edcf78febb8eb8bbb3c4fab73bacd5675925d72c787a8d8e179c70b24c484ae98ea7cc956a196c0c8266073d549963e44bfee479261b4c7a5497320d8a89de71743baf1516450118e57b4b07227de0429adf0d02305ad79d40958f48b3c7d6802814fc5c25be7c54c85463c993254d08401e1c7c1cc5586b265a1616617cc2ba7f29e928ff792e4ff33ada9b1bb7ee5a43130da18ba109a9e2186dfa6c2dc1d823e9066e1590203010001,endpoint=127.0.0.1
info|2026-02-07 00:24:22.182337|fisco-bcos-0x00007b4955dc26c0|[P2PService][Service]Disconnect duplicate peer,p2pid=3082010a02820101009d9833c7e1dbf7d476b1fd7227e247b488323cbd272862d096a4010035236b7d36e2aede87e4f36adfd2e2e44f2945e9a4170901f5865f04cb779a1c1e1fc2f3e56fc6ea80a2665d5da60fce851ccd94bb60aced8e256a551ebb6edcf78febb8eb8bbb3c4fab73bacd5675925d72c787a8d8e179c70b24c484ae98ea7cc956a196c0c8266073d549963e44bfee479261b4c7a5497320d8a89de71743baf1516450118e57b4b07227de0429adf0d02305ad79d40958f48b3c7d6802814fc5c25be7c54c85463c993254d08401e1c7c1cc5586b265a1616617cc2ba7f29e928ff792e4ff33ada9b1bb7ee5a43130da18ba109a9e2186dfa6c2dc1d823e9066e1590203010001
info|2026-02-07 00:24:22.182342|fisco-bcos-0x00007b4955dc26c0|[P2PService][Service]updateStaticNodes,nodeid=3082010a02820101009d9833c7e1dbf7d476b1fd7227e247b488323cbd272862d096a4010035236b7d36e2aede87e4f36adfd2e2e44f2945e9a4170901f5865f04cb779a1c1e1fc2f3e56fc6ea80a2665d5da60fce851ccd94bb60aced8e256a551ebb6edcf78febb8eb8bbb3c4fab73bacd5675925d72c787a8d8e179c70b24c484ae98ea7cc956a196c0c8266073d549963e44bfee479261b4c7a5497320d8a89de71743baf1516450118e57b4b07227de0429adf0d02305ad79d40958f48b3c7d6802814fc5c25be7c54c85463c993254d08401e1c7c1cc5586b265a1616617cc2ba7f29e928ff792e4ff33ada9b1bb7ee5a43130da18ba109a9e2186dfa6c2dc1d823e9066e1590203010001,endpoint=127.0.0.1:30302
info|2026-02-07 00:24:22.182347|fisco-bcos-0x00007b4955dc26c0|[SESSION][Session][Session::~Session] this=0x7b493fe881d0
info|2026-02-07 00:24:22.182520|fisco-bcos-0x00007b49569c56c0|[P2PService][Service2][onReceiveRouterTableRequest],peer=3082010a02820101009d9833c7e1dbf7d476b1fd7227e247b488323cbd272862d096a4010035236b7d36e2aede87e4f36adfd2e2e44f2945e9a4170901f5865f04cb779a1c1e1fc2f3e56fc6ea80a2665d5da60fce851ccd94bb60aced8e256a551ebb6edcf78febb8eb8bbb3c4fab73bacd5675925d72c787a8d8e179c70b24c484ae98ea7cc956a196c0c8266073d549963e44bfee479261b4c7a5497320d8a89de71743baf1516450118e57b4b07227de0429adf0d02305ad79d40958f48b3c7d6802814fc5c25be7c54c85463c993254d08401e1c7c1cc5586b265a1616617cc2ba7f29e928ff792e4ff33ada9b1bb7ee5a43130da18ba109a9e2186dfa6c2dc1d823e9066e1590203010001,entrySize=3
info|2026-02-07 00:24:22.183395|ioService-0x00007b4920bff6c0|[P2PService][Service2][onReceivePeersRouterTable],peer=3082010a02820101009d9833c7e1dbf7d476b1fd7227e247b488323cbd272862d096a4010035236b7d36e2aede87e4f36adfd2e2e44f2945e9a4170901f5865f04cb779a1c1e1fc2f3e56fc6ea80a2665d5da60fce851ccd94bb60aced8e256a551ebb6edcf78febb8eb8bbb3c4fab73bacd5675925d72c787a8d8e179c70b24c484ae98ea7cc956a196c0c8266073d549963e44bfee479261b4c7a5497320d8a89de71743baf1516450118e57b4b07227de0429adf0d02305ad79d40958f48b3c7d6802814fc5c25be7c54c85463c993254d08401e1c7c1cc5586b265a1616617cc2ba7f29e928ff792e4ff33ada9b1bb7ee5a43130da18ba109a9e2186dfa6c2dc1d823e9066e1590203010001,entrySize=3
info|2026-02-07 00:24:22.183444|ioService-0x00007b4920bff6c0|[P2PService][Router][updateDstNodeEntry]discover smaller distance, update entry,distance=2,oldDistance=10,dst=3082010a0282010100d938a7d0e5078fdc3bfe83bfe8c789160de4c9e207ff836ef8d64a0c846f5f628646fe9170bec49eec44aebb3f17334e76b1003dae65d6858a626d60a3ff3dbbff8cf15ca934ca0f7a09b9ae6c17c911bb2f6083cab81540e00a8d9b9393a3341b90dd134f4a2ec21f1d8c55c2df687896873a36661a862226614582077d41811bcb3e6632cbf1767f6189b76054e8186606ee5a2c73bffe1bd6c8fc415f481324f015045231d662173b6f7e814068dffd598ce9a6f4630744bb0aa80f9f74403f4c3da3ca856b40d043885cc1e7beac524853fafb01fb61c3023ab04047e29d50a5d4cd612fc9ae90e7832fde7d1dea0804dc16fff17500517be0bf5d28f4ab0203010001,nextHop=,size=3
info|2026-02-07 00:24:22.183504|ioService-0x00007b4920bff6c0|[P2PService][Service2][joinRouterTable]create router entry,dst=3082010a02820101009d9833c7e1dbf7d476b1fd7227e247b488323cbd272862d096a4010035236b7d36e2aede87e4f36adfd2e2e44f2945e9a4170901f5865f04cb779a1c1e1fc2f3e56fc6ea80a2665d5da60fce851ccd94bb60aced8e256a551ebb6edcf78febb8eb8bbb3c4fab73bacd5675925d72c787a8d8e179c70b24c484ae98ea7cc956a196c0c8266073d549963e44bfee479261b4c7a5497320d8a89de71743baf1516450118e57b4b07227de0429adf0d02305ad79d40958f48b3c7d6802814fc5c25be7c54c85463c993254d08401e1c7c1cc5586b265a1616617cc2ba7f29e928ff792e4ff33ada9b1bb7ee5a43130da18ba109a9e2186dfa6c2dc1d823e9066e1590203010001
info|2026-02-07 00:24:22.183613|ioService-0x00007b49415fe6c0|[NETWORK][Host]startPeerSession, Remote=0.0.0.0:0,local endpoint=0.0.0.0:0,p2pid=3082010a0282010100b85dd5fdfbc4aa99dcef8477a2e1c08c304a63432923826f81b3d0d7d13e79a6ec265462b2f59e76106f8bad7efb849227798aaf7c20a2197e9a95a8ffbbc07f5ccb44d04e995013b9afd04bb77fb7dbfa0f13bd2d404980eae43fc147332e1542ee2d2e973596187bb8ad4dc63b0165052688b1f7fc4a2a8ccb020a55db8ee7b9a45bb901b1c03d94727648a8ec10bfbc854175981345d56f4c783b0211d91f0775e508d8b379b56935777d255f59b63fadc24b43862671f5cbe0d00fcfff7138124c8293f91740a0e0732346eeee748a42f65ddb81da461fce3e76ea6ff452913b80eb5b1dba016f7d4d94f66337cc6bea7a066b8277637aef12c2eba11da10203010001
info|2026-02-07 00:24:22.184148|ioService-0x00007b49203ff6c0|[P2PService][Service2][onReceivePeersRouterTable],peer=3082010a02820101009d9833c7e1dbf7d476b1fd7227e247b488323cbd272862d096a4010035236b7d36e2aede87e4f36adfd2e2e44f2945e9a4170901f5865f04cb779a1c1e1fc2f3e56fc6ea80a2665d5da60fce851ccd94bb60aced8e256a551ebb6edcf78febb8eb8bbb3c4fab73bacd5675925d72c787a8d8e179c70b24c484ae98ea7cc956a196c0c8266073d549963e44bfee479261b4c7a5497320d8a89de71743baf1516450118e57b4b07227de0429adf0d02305ad79d40958f48b3c7d6802814fc5c25be7c54c85463c993254d08401e1c7c1cc5586b265a1616617cc2ba7f29e928ff792e4ff33ada9b1bb7ee5a43130da18ba109a9e2186dfa6c2dc1d823e9066e1590203010001,entrySize=3
info|2026-02-07 00:24:22.184198|fisco-bcos-0x00007b4953bfe6c0|[P2PService][Service2][onReceiveRouterSeq]receive router seq and request router table,peer=3082010a0282010100b85dd5fdfbc4aa99dcef8477a2e1c08c304a63432923826f81b3d0d7d13e79a6ec265462b2f59e76106f8bad7efb849227798aaf7c20a2197e9a95a8ffbbc07f5ccb44d04e995013b9afd04bb77fb7dbfa0f13bd2d404980eae43fc147332e1542ee2d2e973596187bb8ad4dc63b0165052688b1f7fc4a2a8ccb020a55db8ee7b9a45bb901b1c03d94727648a8ec10bfbc854175981345d56f4c783b0211d91f0775e508d8b379b56935777d255f59b63fadc24b43862671f5cbe0d00fcfff7138124c8293f91740a0e0732346eeee748a42f65ddb81da461fce3e76ea6ff452913b80eb5b1dba016f7d4d94f66337cc6bea7a066b8277637aef12c2eba11da10203010001,seq=3
info|2026-02-07 00:24:22.184242|ioService-0x00007b49273fd6c0|[P2PService][Service2][onReceivePeersRouterTable],peer=3082010a02820101009d9833c7e1dbf7d476b1fd7227e247b488323cbd272862d096a4010035236b7d36e2aede87e4f36adfd2e2e44f2945e9a4170901f5865f04cb779a1c1e1fc2f3e56fc6ea80a2665d5da60fce851ccd94bb60aced8e256a551ebb6edcf78febb8eb8bbb3c4fab73bacd5675925d72c787a8d8e179c70b24c484ae98ea7cc956a196c0c8266073d549963e44bfee479261b4c7a5497320d8a89de71743baf1516450118e57b4b07227de0429adf0d02305ad79d40958f48b3c7d6802814fc5c25be7c54c85463c993254d08401e1c7c1cc5586b265a1616617cc2ba7f29e928ff792e4ff33ada9b1bb7ee5a43130da18ba109a9e2186dfa6c2dc1d823e9066e1590203010001,entrySize=3
info|2026-02-07 00:24:22.184267|ioService-0x00007b49273fd6c0|[P2PService][Service2][joinRouterTable]create router entry,dst=3082010a02820101009d9833c7e1dbf7d476b1fd7227e247b488323cbd272862d096a4010035236b7d36e2aede87e4f36adfd2e2e44f2945e9a4170901f5865f04cb779a1c1e1fc2f3e56fc6ea80a2665d5da60fce851ccd94bb60aced8e256a551ebb6edcf78febb8eb8bbb3c4fab73bacd5675925d72c787a8d8e179c70b24c484ae98ea7cc956a196c0c8266073d549963e44bfee479261b4c7a5497320d8a89de71743baf1516450118e57b4b07227de0429adf0d02305ad79d40958f48b3c7d6802814fc5c25be7c54c85463c993254d08401e1c7c1cc5586b265a1616617cc2ba7f29e928ff792e4ff33ada9b1bb7ee5a43130da18ba109a9e2186dfa6c2dc1d823e9066e1590203010001
info|2026-02-07 00:24:22.184304|ioService-0x00007b49203ff6c0|[P2PService][Service2][joinRouterTable]create router entry,dst=3082010a02820101009d9833c7e1dbf7d476b1fd7227e247b488323cbd272862d096a4010035236b7d36e2aede87e4f36adfd2e2e44f2945e9a4170901f5865f04cb779a1c1e1fc2f3e56fc6ea80a2665d5da60fce851ccd94bb60aced8e256a551ebb6edcf78febb8eb8bbb3c4fab73bacd5675925d72c787a8d8e179c70b24c484ae98ea7cc956a196c0c8266073d549963e44bfee479261b4c7a5497320d8a89de71743baf1516450118e57b4b07227de0429adf0d02305ad79d40958f48b3c7d6802814fc5c25be7c54c85463c993254d08401e1c7c1cc5586b265a1616617cc2ba7f29e928ff792e4ff33ada9b1bb7ee5a43130da18ba109a9e2186dfa6c2dc1d823e9066e1590203010001
info|2026-02-07 00:24:22.184719|ioService-0x00007b49203ff6c0|[P2PService][Service2][onReceiveRouterSeq]receive router seq and request router table,peer=3082010a0282010100b85dd5fdfbc4aa99dcef8477a2e1c08c304a63432923826f81b3d0d7d13e79a6ec265462b2f59e76106f8bad7efb849227798aaf7c20a2197e9a95a8ffbbc07f5ccb44d04e995013b9afd04bb77fb7dbfa0f13bd2d404980eae43fc147332e1542ee2d2e973596187bb8ad4dc63b0165052688b1f7fc4a2a8ccb020a55db8ee7b9a45bb901b1c03d94727648a8ec10bfbc854175981345d56f4c783b0211d91f0775e508d8b379b56935777d255f59b63fadc24b43862671f5cbe0d00fcfff7138124c8293f91740a0e0732346eeee748a42f65ddb81da461fce3e76ea6ff452913b80eb5b1dba016f7d4d94f66337cc6bea7a066b8277637aef12c2eba11da10203010001,seq=4
info|2026-02-07 00:24:22.185419|fisco-bcos-0x00007b49527fb6c0|[P2PService][Service2][onReceiveRouterTableRequest],peer=3082010a0282010100b85dd5fdfbc4aa99dcef8477a2e1c08c304a63432923826f81b3d0d7d13e79a6ec265462b2f59e76106f8bad7efb849227798aaf7c20a2197e9a95a8ffbbc07f5ccb44d04e995013b9afd04bb77fb7dbfa0f13bd2d404980eae43fc147332e1542ee2d2e973596187bb8ad4dc63b0165052688b1f7fc4a2a8ccb020a55db8ee7b9a45bb901b1c03d94727648a8ec10bfbc854175981345d56f4c783b0211d91f0775e508d8b379b56935777d255f59b63fadc24b43862671f5cbe0d00fcfff7138124c8293f91740a0e0732346eeee748a42f65ddb81da461fce3e76ea6ff452913b80eb5b1dba016f7d4d94f66337cc6bea7a066b8277637aef12c2eba11da10203010001,entrySize=3
info|2026-02-07 00:24:22.185504|ioService-0x00007b49217ff6c0|[P2PService][Service2][onReceivePeersRouterTable],peer=3082010a0282010100b85dd5fdfbc4aa99dcef8477a2e1c08c304a63432923826f81b3d0d7d13e79a6ec265462b2f59e76106f8bad7efb849227798aaf7c20a2197e9a95a8ffbbc07f5ccb44d04e995013b9afd04bb77fb7dbfa0f13bd2d404980eae43fc147332e1542ee2d2e973596187bb8ad4dc63b0165052688b1f7fc4a2a8ccb020a55db8ee7b9a45bb901b1c03d94727648a8ec10bfbc854175981345d56f4c783b0211d91f0775e508d8b379b56935777d255f59b63fadc24b43862671f5cbe0d00fcfff7138124c8293f91740a0e0732346eeee748a42f65ddb81da461fce3e76ea6ff452913b80eb5b1dba016f7d4d94f66337cc6bea7a066b8277637aef12c2eba11da10203010001,entrySize=1
info|2026-02-07 00:24:22.185534|ioService-0x00007b49217ff6c0|[P2PService][Service2][joinRouterTable]create router entry,dst=3082010a0282010100b85dd5fdfbc4aa99dcef8477a2e1c08c304a63432923826f81b3d0d7d13e79a6ec265462b2f59e76106f8bad7efb849227798aaf7c20a2197e9a95a8ffbbc07f5ccb44d04e995013b9afd04bb77fb7dbfa0f13bd2d404980eae43fc147332e1542ee2d2e973596187bb8ad4dc63b0165052688b1f7fc4a2a8ccb020a55db8ee7b9a45bb901b1c03d94727648a8ec10bfbc854175981345d56f4c783b0211d91f0775e508d8b379b56935777d255f59b63fadc24b43862671f5cbe0d00fcfff7138124c8293f91740a0e0732346eeee748a42f65ddb81da461fce3e76ea6ff452913b80eb5b1dba016f7d4d94f66337cc6bea7a066b8277637aef12c2eba11da10203010001
info|2026-02-07 00:24:22.186335|fisco-bcos-0x00007b494fdff6c0|[P2PService][Service2][onReceivePeersRouterTable],peer=3082010a0282010100b85dd5fdfbc4aa99dcef8477a2e1c08c304a63432923826f81b3d0d7d13e79a6ec265462b2f59e76106f8bad7efb849227798aaf7c20a2197e9a95a8ffbbc07f5ccb44d04e995013b9afd04bb77fb7dbfa0f13bd2d404980eae43fc147332e1542ee2d2e973596187bb8ad4dc63b0165052688b1f7fc4a2a8ccb020a55db8ee7b9a45bb901b1c03d94727648a8ec10bfbc854175981345d56f4c783b0211d91f0775e508d8b379b56935777d255f59b63fadc24b43862671f5cbe0d00fcfff7138124c8293f91740a0e0732346eeee748a42f65ddb81da461fce3e76ea6ff452913b80eb5b1dba016f7d4d94f66337cc6bea7a066b8277637aef12c2eba11da10203010001,entrySize=3
info|2026-02-07 00:24:22.186353|fisco-bcos-0x00007b494fdff6c0|[P2PService][Service2][joinRouterTable]create router entry,dst=3082010a0282010100b85dd5fdfbc4aa99dcef8477a2e1c08c304a63432923826f81b3d0d7d13e79a6ec265462b2f59e76106f8bad7efb849227798aaf7c20a2197e9a95a8ffbbc07f5ccb44d04e995013b9afd04bb77fb7dbfa0f13bd2d404980eae43fc147332e1542ee2d2e973596187bb8ad4dc63b0165052688b1f7fc4a2a8ccb020a55db8ee7b9a45bb901b1c03d94727648a8ec10bfbc854175981345d56f4c783b0211d91f0775e508d8b379b56935777d255f59b63fadc24b43862671f5cbe0d00fcfff7138124c8293f91740a0e0732346eeee748a42f65ddb81da461fce3e76ea6ff452913b80eb5b1dba016f7d4d94f66337cc6bea7a066b8277637aef12c2eba11da10203010001
info|2026-02-07 00:24:22.227318|fisco-bcos-0x00007b49555c06c0|[P2PService][Service2][onReceiveRouterSeq]receive router seq and request router table,peer=3082010a0282010100b85dd5fdfbc4aa99dcef8477a2e1c08c304a63432923826f81b3d0d7d13e79a6ec265462b2f59e76106f8bad7efb849227798aaf7c20a2197e9a95a8ffbbc07f5ccb44d04e995013b9afd04bb77fb7dbfa0f13bd2d404980eae43fc147332e1542ee2d2e973596187bb8ad4dc63b0165052688b1f7fc4a2a8ccb020a55db8ee7b9a45bb901b1c03d94727648a8ec10bfbc854175981345d56f4c783b0211d91f0775e508d8b379b56935777d255f59b63fadc24b43862671f5cbe0d00fcfff7138124c8293f91740a0e0732346eeee748a42f65ddb81da461fce3e76ea6ff452913b80eb5b1dba016f7d4d94f66337cc6bea7a066b8277637aef12c2eba11da10203010001,seq=6
info|2026-02-07 00:24:22.227405|fisco-bcos-0x00007b4955dc26c0|[P2PService][Service2][onReceiveRouterTableRequest],peer=3082010a0282010100b85dd5fdfbc4aa99dcef8477a2e1c08c304a63432923826f81b3d0d7d13e79a6ec265462b2f59e76106f8bad7efb849227798aaf7c20a2197e9a95a8ffbbc07f5ccb44d04e995013b9afd04bb77fb7dbfa0f13bd2d404980eae43fc147332e1542ee2d2e973596187bb8ad4dc63b0165052688b1f7fc4a2a8ccb020a55db8ee7b9a45bb901b1c03d94727648a8ec10bfbc854175981345d56f4c783b0211d91f0775e508d8b379b56935777d255f59b63fadc24b43862671f5cbe0d00fcfff7138124c8293f91740a0e0732346eeee748a42f65ddb81da461fce3e76ea6ff452913b80eb5b1dba016f7d4d94f66337cc6bea7a066b8277637aef12c2eba11da10203010001,entrySize=3
info|2026-02-07 00:24:22.227599|ioService-0x00007b49229ff6c0|[P2PService][Service2][onReceivePeersRouterTable],peer=3082010a0282010100b85dd5fdfbc4aa99dcef8477a2e1c08c304a63432923826f81b3d0d7d13e79a6ec265462b2f59e76106f8bad7efb849227798aaf7c20a2197e9a95a8ffbbc07f5ccb44d04e995013b9afd04bb77fb7dbfa0f13bd2d404980eae43fc147332e1542ee2d2e973596187bb8ad4dc63b0165052688b1f7fc4a2a8ccb020a55db8ee7b9a45bb901b1c03d94727648a8ec10bfbc854175981345d56f4c783b0211d91f0775e508d8b379b56935777d255f59b63fadc24b43862671f5cbe0d00fcfff7138124c8293f91740a0e0732346eeee748a42f65ddb81da461fce3e76ea6ff452913b80eb5b1dba016f7d4d94f66337cc6bea7a066b8277637aef12c2eba11da10203010001,entrySize=3
info|2026-02-07 00:24:22.227650|fisco-bcos-0x00007b49565c46c0|[P2PService][Service2][onReceiveRouterTableRequest],peer=3082010a02820101009d9833c7e1dbf7d476b1fd7227e247b488323cbd272862d096a4010035236b7d36e2aede87e4f36adfd2e2e44f2945e9a4170901f5865f04cb779a1c1e1fc2f3e56fc6ea80a2665d5da60fce851ccd94bb60aced8e256a551ebb6edcf78febb8eb8bbb3c4fab73bacd5675925d72c787a8d8e179c70b24c484ae98ea7cc956a196c0c8266073d549963e44bfee479261b4c7a5497320d8a89de71743baf1516450118e57b4b07227de0429adf0d02305ad79d40958f48b3c7d6802814fc5c25be7c54c85463c993254d08401e1c7c1cc5586b265a1616617cc2ba7f29e928ff792e4ff33ada9b1bb7ee5a43130da18ba109a9e2186dfa6c2dc1d823e9066e1590203010001,entrySize=3
info|2026-02-07 00:24:22.227686|ioService-0x00007b49229ff6c0|[P2PService][Service2][joinRouterTable]create router entry,dst=3082010a0282010100b85dd5fdfbc4aa99dcef8477a2e1c08c304a63432923826f81b3d0d7d13e79a6ec265462b2f59e76106f8bad7efb849227798aaf7c20a2197e9a95a8ffbbc07f5ccb44d04e995013b9afd04bb77fb7dbfa0f13bd2d404980eae43fc147332e1542ee2d2e973596187bb8ad4dc63b0165052688b1f7fc4a2a8ccb020a55db8ee7b9a45bb901b1c03d94727648a8ec10bfbc854175981345d56f4c783b0211d91f0775e508d8b379b56935777d255f59b63fadc24b43862671f5cbe0d00fcfff7138124c8293f91740a0e0732346eeee748a42f65ddb81da461fce3e76ea6ff452913b80eb5b1dba016f7d4d94f66337cc6bea7a066b8277637aef12c2eba11da10203010001
info|2026-02-07 00:24:22.229100|fisco-bcos-0x00007b4955dc26c0|[P2PService][Service2][onReceivePeersRouterTable],peer=3082010a0282010100b85dd5fdfbc4aa99dcef8477a2e1c08c304a63432923826f81b3d0d7d13e79a6ec265462b2f59e76106f8bad7efb849227798aaf7c20a2197e9a95a8ffbbc07f5ccb44d04e995013b9afd04bb77fb7dbfa0f13bd2d404980eae43fc147332e1542ee2d2e973596187bb8ad4dc63b0165052688b1f7fc4a2a8ccb020a55db8ee7b9a45bb901b1c03d94727648a8ec10bfbc854175981345d56f4c783b0211d91f0775e508d8b379b56935777d255f59b63fadc24b43862671f5cbe0d00fcfff7138124c8293f91740a0e0732346eeee748a42f65ddb81da461fce3e76ea6ff452913b80eb5b1dba016f7d4d94f66337cc6bea7a066b8277637aef12c2eba11da10203010001,entrySize=3
info|2026-02-07 00:24:22.229170|fisco-bcos-0x00007b4955dc26c0|[P2PService][Service2][joinRouterTable]create router entry,dst=3082010a0282010100b85dd5fdfbc4aa99dcef8477a2e1c08c304a63432923826f81b3d0d7d13e79a6ec265462b2f59e76106f8bad7efb849227798aaf7c20a2197e9a95a8ffbbc07f5ccb44d04e995013b9afd04bb77fb7dbfa0f13bd2d404980eae43fc147332e1542ee2d2e973596187bb8ad4dc63b0165052688b1f7fc4a2a8ccb020a55db8ee7b9a45bb901b1c03d94727648a8ec10bfbc854175981345d56f4c783b0211d91f0775e508d8b379b56935777d255f59b63fadc24b43862671f5cbe0d00fcfff7138124c8293f91740a0e0732346eeee748a42f65ddb81da461fce3e76ea6ff452913b80eb5b1dba016f7d4d94f66337cc6bea7a066b8277637aef12c2eba11da10203010001
info|2026-02-07 00:24:23.147974|fisco-bcos-0x00007b4955dc26c0|[Gateway][GatewayNodeManager]generateNodeStatus,groupType=0,groupID=group0,nodeListSize=1,nodeTypeListSize=1,seq=3
info|2026-02-07 00:24:23.148042|fisco-bcos-0x00007b49565c46c0|[Gateway][GatewayNodeManager]generateNodeStatus,groupType=0,groupID=group0,nodeListSize=1,nodeTypeListSize=1,seq=3
info|2026-02-07 00:24:23.148089|fisco-bcos-0x00007b49565c46c0|[Gateway][GatewayNodeManager]generateNodeStatus,nodeListSize=1
info|2026-02-07 00:24:23.148329|fisco-bcos-0x00007b4955dc26c0|[Gateway][GatewayNodeManager]generateNodeStatus,nodeListSize=1
info|2026-02-07 00:24:23.149978|fisco-bcos-0x00007b4955dc26c0|[Gateway][GatewayNodeManager]generateNodeStatus,groupType=0,groupID=group0,nodeListSize=1,nodeTypeListSize=1,seq=3
info|2026-02-07 00:24:23.150026|fisco-bcos-0x00007b4955dc26c0|[Gateway][GatewayNodeManager]generateNodeStatus,nodeListSize=1
info|2026-02-07 00:24:23.192614|fisco-bcos-0x00007b49533fc6c0|[Gateway][GatewayNodeManager]onReceiveNodeStatus,from=3082010a02820101009d9833c7e1dbf7d476b1fd7227e247b488323cbd272862d096a4010035236b7d36e2aede87e4f36adfd2e2e44f2945e9a4170901f5865f04cb779a1c1e1fc2f3e56fc6ea80a2665d5da60fce851ccd94bb60aced8e256a551ebb6edcf78febb8eb8bbb3c4fab73bacd5675925d72c787a8d8e179c70b24c484ae98ea7cc956a196c0c8266073d549963e44bfee479261b4c7a5497320d8a89de71743baf1516450118e57b4b07227de0429adf0d02305ad79d40958f48b3c7d6802814fc5c25be7c54c85463c993254d08401e1c7c1cc5586b265a1616617cc2ba7f29e928ff792e4ff33ada9b1bb7ee5a43130da18ba109a9e2186dfa6c2dc1d823e9066e1590203010001,seq=3,uuid=3082010a02820101009d9833c7e1dbf7d476b1fd7227e247b488323cbd272862d096a4010035236b7d36e2aede87e4f36adfd2e2e44f2945e9a4170901f5865f04cb779a1c1e1fc2f3e56fc6ea80a2665d5da60fce851ccd94bb60aced8e256a551ebb6edcf78febb8eb8bbb3c4fab73bacd5675925d72c787a8d8e179c70b24c484ae98ea7cc956a196c0c8266073d549963e44bfee479261b4c7a5497320d8a89de71743baf1516450118e57b4b07227de0429adf0d02305ad79d40958f48b3c7d6802814fc5c25be7c54c85463c993254d08401e1c7c1cc5586b265a1616617cc2ba7f29e928ff792e4ff33ada9b1bb7ee5a43130da18ba109a9e2186dfa6c2dc1d823e9066e1590203010001
info|2026-02-07 00:24:23.192675|fisco-bcos-0x00007b49533fc6c0|[Gateway][Router]updatePeerStatus,gatewayUUID=3082010a02820101009d9833c7e1dbf7d476b1fd7227e247b488323cbd272862d096a4010035236b7d36e2aede87e4f36adfd2e2e44f2945e9a4170901f5865f04cb779a1c1e1fc2f3e56fc6ea80a2665d5da60fce851ccd94bb60aced8e256a551ebb6edcf78febb8eb8bbb3c4fab73bacd5675925d72c787a8d8e179c70b24c484ae98ea7cc956a196c0c8266073d549963e44bfee479261b4c7a5497320d8a89de71743baf1516450118e57b4b07227de0429adf0d02305ad79d40958f48b3c7d6802814fc5c25be7c54c85463c993254d08401e1c7c1cc5586b265a1616617cc2ba7f29e928ff792e4ff33ada9b1bb7ee5a43130da18ba109a9e2186dfa6c2dc1d823e9066e1590203010001,nodeList=1
info|2026-02-07 00:24:23.192691|fisco-bcos-0x00007b49533fc6c0|[Gateway][Router]batchInsertNodeList,group=group0,nodeIDs=1,protocols=1
info|2026-02-07 00:24:23.192706|fisco-bcos-0x00007b49533fc6c0|[Gateway][Router]GatewayStatus: update,group=group0,type=0,p2pID=3082010a02820101009d9833c7e1dbf7d476b1fd7227e247b488323cbd272862d096a4010035236b7d36e2aede87e4f36adfd2e2e44f2945e9a4170901f5865f04cb779a1c1e1fc2f3e56fc6ea80a2665d5da60fce851ccd94bb60aced8e256a551ebb6edcf78febb8eb8bbb3c4fab73bacd5675925d72c787a8d8e179c70b24c484ae98ea7cc956a196c0c8266073d549963e44bfee479261b4c7a5497320d8a89de71743baf1516450118e57b4b07227de0429adf0d02305ad79d40958f48b3c7d6802814fc5c25be7c54c85463c993254d08401e1c7c1cc5586b265a1616617cc2ba7f29e928ff792e4ff33ada9b1bb7ee5a43130da18ba109a9e2186dfa6c2dc1d823e9066e1590203010001
info|2026-02-07 00:24:23.192742|fisco-bcos-0x00007b49533fc6c0|[Gateway][GatewayNodeManager]syncLatestNodeIDList,groupID=group0,nodeCount=2
info|2026-02-07 00:24:23.192759|fisco-bcos-0x00007b49533fc6c0|[FrontService]protocolNegotiate success,nodeID=2346c69c46d42278eb237167eb19eb28432b63783cc0fd7cddc90f89c148e755db8941be9b0c5f37cbc21c409a78c154abc75ce0c80818c6fbb76aea6bcd0a9a,groupID=group0,minVersion=0,maxVersion=2,supportedMinVersion=0,supportedMaxVersion=2,version=2
info|2026-02-07 00:24:23.192817|ioService-0x00007b4921fff6c0|[Gateway][GatewayNodeManager]onReceiveNodeStatus,from=3082010a0282010100b85dd5fdfbc4aa99dcef8477a2e1c08c304a63432923826f81b3d0d7d13e79a6ec265462b2f59e76106f8bad7efb849227798aaf7c20a2197e9a95a8ffbbc07f5ccb44d04e995013b9afd04bb77fb7dbfa0f13bd2d404980eae43fc147332e1542ee2d2e973596187bb8ad4dc63b0165052688b1f7fc4a2a8ccb020a55db8ee7b9a45bb901b1c03d94727648a8ec10bfbc854175981345d56f4c783b0211d91f0775e508d8b379b56935777d255f59b63fadc24b43862671f5cbe0d00fcfff7138124c8293f91740a0e0732346eeee748a42f65ddb81da461fce3e76ea6ff452913b80eb5b1dba016f7d4d94f66337cc6bea7a066b8277637aef12c2eba11da10203010001,seq=3,uuid=3082010a0282010100b85dd5fdfbc4aa99dcef8477a2e1c08c304a63432923826f81b3d0d7d13e79a6ec265462b2f59e76106f8bad7efb849227798aaf7c20a2197e9a95a8ffbbc07f5ccb44d04e995013b9afd04bb77fb7dbfa0f13bd2d404980eae43fc147332e1542ee2d2e973596187bb8ad4dc63b0165052688b1f7fc4a2a8ccb020a55db8ee7b9a45bb901b1c03d94727648a8ec10bfbc854175981345d56f4c783b0211d91f0775e508d8b379b56935777d255f59b63fadc24b43862671f5cbe0d00fcfff7138124c8293f91740a0e0732346eeee748a42f65ddb81da461fce3e76ea6ff452913b80eb5b1dba016f7d4d94f66337cc6bea7a066b8277637aef12c2eba11da10203010001
info|2026-02-07 00:24:23.192970|fisco-bcos-0x00007b49533fc6c0|[FrontService]protocolNegotiate success,nodeID=0d6a7f52cb87ce7fda869e0db309ec9c53723c46f81632c21e4abbf1a9159f14d53f37cc0c4141548da9ec877d6235afd7a501c40d296fc4c5252a8717aa23c2,groupID=group0,minVersion=0,maxVersion=2,supportedMinVersion=0,supportedMaxVersion=2,version=2
info|2026-02-07 00:24:23.193013|ioService-0x00007b4921fff6c0|[Gateway][Router]updatePeerStatus,gatewayUUID=3082010a0282010100b85dd5fdfbc4aa99dcef8477a2e1c08c304a63432923826f81b3d0d7d13e79a6ec265462b2f59e76106f8bad7efb849227798aaf7c20a2197e9a95a8ffbbc07f5ccb44d04e995013b9afd04bb77fb7dbfa0f13bd2d404980eae43fc147332e1542ee2d2e973596187bb8ad4dc63b0165052688b1f7fc4a2a8ccb020a55db8ee7b9a45bb901b1c03d94727648a8ec10bfbc854175981345d56f4c783b0211d91f0775e508d8b379b56935777d255f59b63fadc24b43862671f5cbe0d00fcfff7138124c8293f91740a0e0732346eeee748a42f65ddb81da461fce3e76ea6ff452913b80eb5b1dba016f7d4d94f66337cc6bea7a066b8277637aef12c2eba11da10203010001,nodeList=1
info|2026-02-07 00:24:23.193031|fisco-bcos-0x00007b49533fc6c0|[FrontService]onReceiveGroupNodeInfo,groupID=group0,nodeIDs.size()=2
info|2026-02-07 00:24:23.193036|ioService-0x00007b4921fff6c0|[Gateway][Router]batchInsertNodeList,group=group0,nodeIDs=1,protocols=1
info|2026-02-07 00:24:23.193049|ioService-0x00007b4921fff6c0|[Gateway][Router]GatewayStatus: update,group=group0,type=0,p2pID=3082010a0282010100b85dd5fdfbc4aa99dcef8477a2e1c08c304a63432923826f81b3d0d7d13e79a6ec265462b2f59e76106f8bad7efb849227798aaf7c20a2197e9a95a8ffbbc07f5ccb44d04e995013b9afd04bb77fb7dbfa0f13bd2d404980eae43fc147332e1542ee2d2e973596187bb8ad4dc63b0165052688b1f7fc4a2a8ccb020a55db8ee7b9a45bb901b1c03d94727648a8ec10bfbc854175981345d56f4c783b0211d91f0775e508d8b379b56935777d255f59b63fadc24b43862671f5cbe0d00fcfff7138124c8293f91740a0e0732346eeee748a42f65ddb81da461fce3e76ea6ff452913b80eb5b1dba016f7d4d94f66337cc6bea7a066b8277637aef12c2eba11da10203010001
info|2026-02-07 00:24:23.193067|ioService-0x00007b4921fff6c0|[Gateway][GatewayNodeManager]syncLatestNodeIDList,groupID=group0,nodeCount=3
info|2026-02-07 00:24:23.193074|ioService-0x00007b4921fff6c0|[FrontService]protocolNegotiate success,nodeID=2346c69c46d42278eb237167eb19eb28432b63783cc0fd7cddc90f89c148e755db8941be9b0c5f37cbc21c409a78c154abc75ce0c80818c6fbb76aea6bcd0a9a,groupID=group0,minVersion=0,maxVersion=2,supportedMinVersion=0,supportedMaxVersion=2,version=2
info|2026-02-07 00:24:23.193089|ioService-0x00007b4921fff6c0|[FrontService]protocolNegotiate success,nodeID=0d6a7f52cb87ce7fda869e0db309ec9c53723c46f81632c21e4abbf1a9159f14d53f37cc0c4141548da9ec877d6235afd7a501c40d296fc4c5252a8717aa23c2,groupID=group0,minVersion=0,maxVersion=2,supportedMinVersion=0,supportedMaxVersion=2,version=2
info|2026-02-07 00:24:23.193094|ioService-0x00007b4921fff6c0|[FrontService]protocolNegotiate success,nodeID=5b07d12d1512a66493c8fd3456d8c505e6ce05f20061613a4c48a1fa3755bbf9cc2d2f1878c4a6733389f03deb0a3fc0c672e2f4910fde9802d6675929cb3dc5,groupID=group0,minVersion=0,maxVersion=2,supportedMinVersion=0,supportedMaxVersion=2,version=2
info|2026-02-07 00:24:23.193102|ioService-0x00007b4921fff6c0|[FrontService]onReceiveGroupNodeInfo,groupID=group0,nodeIDs.size()=3
info|2026-02-07 00:24:23.193160|fisco-bcos-0x00007b49533fc6c0|SyncConfig: setConnectedNodeList,size=2
info|2026-02-07 00:24:23.193304|fisco-bcos-0x00007b49533fc6c0|SyncConfig: setConnectedNodeList,size=2
info|2026-02-07 00:24:23.193341|fisco-bcos-0x00007b49533fc6c0|[FRONTSERVICE]notifyGroupNodeInfo,connectedNodeSize=2
info|2026-02-07 00:24:23.193509|ioService-0x00007b4921fff6c0|SyncConfig: setConnectedNodeList,size=3
info|2026-02-07 00:24:23.193739|ioService-0x00007b4921fff6c0|SyncConfig: setConnectedNodeList,size=3
info|2026-02-07 00:24:23.193786|ioService-0x00007b4921fff6c0|[FRONTSERVICE]notifyGroupNodeInfo,connectedNodeSize=3
info|2026-02-07 00:24:23.194810|fisco-bcos-0x00007b49549ff6c0|[Gateway][GatewayNodeManager]onReceiveNodeStatus,from=3082010a0282010100d938a7d0e5078fdc3bfe83bfe8c789160de4c9e207ff836ef8d64a0c846f5f628646fe9170bec49eec44aebb3f17334e76b1003dae65d6858a626d60a3ff3dbbff8cf15ca934ca0f7a09b9ae6c17c911bb2f6083cab81540e00a8d9b9393a3341b90dd134f4a2ec21f1d8c55c2df687896873a36661a862226614582077d41811bcb3e6632cbf1767f6189b76054e8186606ee5a2c73bffe1bd6c8fc415f481324f015045231d662173b6f7e814068dffd598ce9a6f4630744bb0aa80f9f74403f4c3da3ca856b40d043885cc1e7beac524853fafb01fb61c3023ab04047e29d50a5d4cd612fc9ae90e7832fde7d1dea0804dc16fff17500517be0bf5d28f4ab0203010001,seq=3,uuid=3082010a0282010100d938a7d0e5078fdc3bfe83bfe8c789160de4c9e207ff836ef8d64a0c846f5f628646fe9170bec49eec44aebb3f17334e76b1003dae65d6858a626d60a3ff3dbbff8cf15ca934ca0f7a09b9ae6c17c911bb2f6083cab81540e00a8d9b9393a3341b90dd134f4a2ec21f1d8c55c2df687896873a36661a862226614582077d41811bcb3e6632cbf1767f6189b76054e8186606ee5a2c73bffe1bd6c8fc415f481324f015045231d662173b6f7e814068dffd598ce9a6f4630744bb0aa80f9f74403f4c3da3ca856b40d043885cc1e7beac524853fafb01fb61c3023ab04047e29d50a5d4cd612fc9ae90e7832fde7d1dea0804dc16fff17500517be0bf5d28f4ab0203010001
info|2026-02-07 00:24:23.194857|fisco-bcos-0x00007b49549ff6c0|[Gateway][Router]updatePeerStatus,gatewayUUID=3082010a0282010100d938a7d0e5078fdc3bfe83bfe8c789160de4c9e207ff836ef8d64a0c846f5f628646fe9170bec49eec44aebb3f17334e76b1003dae65d6858a626d60a3ff3dbbff8cf15ca934ca0f7a09b9ae6c17c911bb2f6083cab81540e00a8d9b9393a3341b90dd134f4a2ec21f1d8c55c2df687896873a36661a862226614582077d41811bcb3e6632cbf1767f6189b76054e8186606ee5a2c73bffe1bd6c8fc415f481324f015045231d662173b6f7e814068dffd598ce9a6f4630744bb0aa80f9f74403f4c3da3ca856b40d043885cc1e7beac524853fafb01fb61c3023ab04047e29d50a5d4cd612fc9ae90e7832fde7d1dea0804dc16fff17500517be0bf5d28f4ab0203010001,nodeList=1
info|2026-02-07 00:24:23.194875|fisco-bcos-0x00007b49549ff6c0|[Gateway][Router]batchInsertNodeList,group=group0,nodeIDs=1,protocols=1
info|2026-02-07 00:24:23.194916|fisco-bcos-0x00007b49549ff6c0|[Gateway][Router]GatewayStatus: update,group=group0,type=0,p2pID=3082010a0282010100d938a7d0e5078fdc3bfe83bfe8c789160de4c9e207ff836ef8d64a0c846f5f628646fe9170bec49eec44aebb3f17334e76b1003dae65d6858a626d60a3ff3dbbff8cf15ca934ca0f7a09b9ae6c17c911bb2f6083cab81540e00a8d9b9393a3341b90dd134f4a2ec21f1d8c55c2df687896873a36661a862226614582077d41811bcb3e6632cbf1767f6189b76054e8186606ee5a2c73bffe1bd6c8fc415f481324f015045231d662173b6f7e814068dffd598ce9a6f4630744bb0aa80f9f74403f4c3da3ca856b40d043885cc1e7beac524853fafb01fb61c3023ab04047e29d50a5d4cd612fc9ae90e7832fde7d1dea0804dc16fff17500517be0bf5d28f4ab0203010001
info|2026-02-07 00:24:23.194954|fisco-bcos-0x00007b49549ff6c0|[Gateway][GatewayNodeManager]syncLatestNodeIDList,groupID=group0,nodeCount=4
info|2026-02-07 00:24:23.194968|fisco-bcos-0x00007b49549ff6c0|[FrontService]protocolNegotiate success,nodeID=2346c69c46d42278eb237167eb19eb28432b63783cc0fd7cddc90f89c148e755db8941be9b0c5f37cbc21c409a78c154abc75ce0c80818c6fbb76aea6bcd0a9a,groupID=group0,minVersion=0,maxVersion=2,supportedMinVersion=0,supportedMaxVersion=2,version=2
info|2026-02-07 00:24:23.194979|fisco-bcos-0x00007b49549ff6c0|[FrontService]protocolNegotiate success,nodeID=0d6a7f52cb87ce7fda869e0db309ec9c53723c46f81632c21e4abbf1a9159f14d53f37cc0c4141548da9ec877d6235afd7a501c40d296fc4c5252a8717aa23c2,groupID=group0,minVersion=0,maxVersion=2,supportedMinVersion=0,supportedMaxVersion=2,version=2
info|2026-02-07 00:24:23.194988|fisco-bcos-0x00007b49549ff6c0|[FrontService]protocolNegotiate success,nodeID=21a47acec36f73d8e925a7d5db44793f998e1a42a6d7ee2e3a5cf4037b853452cb76f6cbab8e5b223a128e8ee15790d1f629858b47070b4eb2e1ddb2b0ada297,groupID=group0,minVersion=0,maxVersion=2,supportedMinVersion=0,supportedMaxVersion=2,version=2
info|2026-02-07 00:24:23.194996|fisco-bcos-0x00007b49549ff6c0|[FrontService]protocolNegotiate success,nodeID=5b07d12d1512a66493c8fd3456d8c505e6ce05f20061613a4c48a1fa3755bbf9cc2d2f1878c4a6733389f03deb0a3fc0c672e2f4910fde9802d6675929cb3dc5,groupID=group0,minVersion=0,maxVersion=2,supportedMinVersion=0,supportedMaxVersion=2,version=2
info|2026-02-07 00:24:23.195007|fisco-bcos-0x00007b49549ff6c0|[FrontService]onReceiveGroupNodeInfo,groupID=group0,nodeIDs.size()=4
info|2026-02-07 00:24:23.195241|fisco-bcos-0x00007b49549ff6c0|SyncConfig: setConnectedNodeList,size=4
info|2026-02-07 00:24:23.195494|fisco-bcos-0x00007b49549ff6c0|SyncConfig: setConnectedNodeList,size=4
info|2026-02-07 00:24:23.195545|fisco-bcos-0x00007b49549ff6c0|[FRONTSERVICE]notifyGroupNodeInfo,connectedNodeSize=4
info|2026-02-07 00:24:23.341361|fisco-bcos-0x00007b49523fa6c0|[TIMESYNC]updateTimeInfo: update median time offset,updatedMedianTimeOffset=0,peer=5b07d12d...,peerTime=1770395063340,peerOffset=-1,utcTime=1770395063341
info|2026-02-07 00:24:23.383783|ioService-0x00007b4920bff6c0|[TIMESYNC]updateTimeInfo: update median time offset,updatedMedianTimeOffset=0,peer=0d6a7f52...,peerTime=1770395063343,peerOffset=-40,utcTime=1770395063383
info|2026-02-07 00:24:23.387912|ioService-0x00007b49203ff6c0|[TIMESYNC]updateTimeInfo: update median time offset,updatedMedianTimeOffset=0,peer=21a47ace...,peerTime=1770395063346,peerOffset=-41,utcTime=1770395063387
info|2026-02-07 00:24:24.151175|amopDispatcher-0x00007b497d3fd6c0|[AMOP][AMOP][onReceiveRequestTopicMessage],nodeID=3082010a02820101009d9833c7e1dbf7d476b1fd7227e247b488323cbd272862d096a4010035236b7d36e2aede87e4f36adfd2e2e44f2945e9a4170901f5865f04cb779a1c1e1fc2f3e56fc6ea80a2665d5da60fce851ccd94bb60aced8e256a551ebb6edcf78febb8eb8bbb3c4fab73bacd5675925d72c787a8d8e179c70b24c484ae98ea7cc956a196c0c8266073d549963e44bfee479261b4c7a5497320d8a89de71743baf1516450118e57b4b07227de0429adf0d02305ad79d40958f48b3c7d6802814fc5c25be7c54c85463c993254d08401e1c7c1cc5586b265a1616617cc2ba7f29e928ff792e4ff33ada9b1bb7ee5a43130da18ba109a9e2186dfa6c2dc1d823e9066e1590203010001,topicJson={"topicItems":[],"topicSeq":1}
info|2026-02-07 00:24:24.151385|amopDispatcher-0x00007b497d3fd6c0|[AMOP][AMOP][onReceiveTopicSeqMessage][try to request latest AMOP information],nodeID=3082010a0282010100b85dd5fdfbc4aa99dcef8477a2e1c08c304a63432923826f81b3d0d7d13e79a6ec265462b2f59e76106f8bad7efb849227798aaf7c20a2197e9a95a8ffbbc07f5ccb44d04e995013b9afd04bb77fb7dbfa0f13bd2d404980eae43fc147332e1542ee2d2e973596187bb8ad4dc63b0165052688b1f7fc4a2a8ccb020a55db8ee7b9a45bb901b1c03d94727648a8ec10bfbc854175981345d56f4c783b0211d91f0775e508d8b379b56935777d255f59b63fadc24b43862671f5cbe0d00fcfff7138124c8293f91740a0e0732346eeee748a42f65ddb81da461fce3e76ea6ff452913b80eb5b1dba016f7d4d94f66337cc6bea7a066b8277637aef12c2eba11da10203010001,topicSeq=1
info|2026-02-07 00:24:24.151578|amopDispatcher-0x00007b497d3fd6c0|[AMOP][AMOP][onReceiveTopicSeqMessage][try to request latest AMOP information],nodeID=3082010a02820101009d9833c7e1dbf7d476b1fd7227e247b488323cbd272862d096a4010035236b7d36e2aede87e4f36adfd2e2e44f2945e9a4170901f5865f04cb779a1c1e1fc2f3e56fc6ea80a2665d5da60fce851ccd94bb60aced8e256a551ebb6edcf78febb8eb8bbb3c4fab73bacd5675925d72c787a8d8e179c70b24c484ae98ea7cc956a196c0c8266073d549963e44bfee479261b4c7a5497320d8a89de71743baf1516450118e57b4b07227de0429adf0d02305ad79d40958f48b3c7d6802814fc5c25be7c54c85463c993254d08401e1c7c1cc5586b265a1616617cc2ba7f29e928ff792e4ff33ada9b1bb7ee5a43130da18ba109a9e2186dfa6c2dc1d823e9066e1590203010001,topicSeq=1
info|2026-02-07 00:24:24.152745|amopDispatcher-0x00007b497d3fd6c0|[AMOP][AMOP][onReceiveRequestTopicMessage],nodeID=3082010a0282010100d938a7d0e5078fdc3bfe83bfe8c789160de4c9e207ff836ef8d64a0c846f5f628646fe9170bec49eec44aebb3f17334e76b1003dae65d6858a626d60a3ff3dbbff8cf15ca934ca0f7a09b9ae6c17c911bb2f6083cab81540e00a8d9b9393a3341b90dd134f4a2ec21f1d8c55c2df687896873a36661a862226614582077d41811bcb3e6632cbf1767f6189b76054e8186606ee5a2c73bffe1bd6c8fc415f481324f015045231d662173b6f7e814068dffd598ce9a6f4630744bb0aa80f9f74403f4c3da3ca856b40d043885cc1e7beac524853fafb01fb61c3023ab04047e29d50a5d4cd612fc9ae90e7832fde7d1dea0804dc16fff17500517be0bf5d28f4ab0203010001,topicJson={"topicItems":[],"topicSeq":1}
info|2026-02-07 00:24:24.152896|amopDispatcher-0x00007b497d3fd6c0|[AMOP][AMOP][onReceiveRequestTopicMessage],nodeID=3082010a0282010100b85dd5fdfbc4aa99dcef8477a2e1c08c304a63432923826f81b3d0d7d13e79a6ec265462b2f59e76106f8bad7efb849227798aaf7c20a2197e9a95a8ffbbc07f5ccb44d04e995013b9afd04bb77fb7dbfa0f13bd2d404980eae43fc147332e1542ee2d2e973596187bb8ad4dc63b0165052688b1f7fc4a2a8ccb020a55db8ee7b9a45bb901b1c03d94727648a8ec10bfbc854175981345d56f4c783b0211d91f0775e508d8b379b56935777d255f59b63fadc24b43862671f5cbe0d00fcfff7138124c8293f91740a0e0732346eeee748a42f65ddb81da461fce3e76ea6ff452913b80eb5b1dba016f7d4d94f66337cc6bea7a066b8277637aef12c2eba11da10203010001,topicJson={"topicItems":[],"topicSeq":1}
info|2026-02-07 00:24:24.153617|amopDispatcher-0x00007b497d3fd6c0|[AMOP][TOPIC][parseTopicItemsJson],topicSeq=1,topicItems size=0,json={"topicItems":[],"topicSeq":1}
info|2026-02-07 00:24:24.153678|amopDispatcher-0x00007b497d3fd6c0|[AMOP][TOPIC][updateSeqAndTopicsByNodeID],nodeID=3082010a02820101009d9833c7e1dbf7d476b1fd7227e247b488323cbd272862d096a4010035236b7d36e2aede87e4f36adfd2e2e44f2945e9a4170901f5865f04cb779a1c1e1fc2f3e56fc6ea80a2665d5da60fce851ccd94bb60aced8e256a551ebb6edcf78febb8eb8bbb3c4fab73bacd5675925d72c787a8d8e179c70b24c484ae98ea7cc956a196c0c8266073d549963e44bfee479261b4c7a5497320d8a89de71743baf1516450118e57b4b07227de0429adf0d02305ad79d40958f48b3c7d6802814fc5c25be7c54c85463c993254d08401e1c7c1cc5586b265a1616617cc2ba7f29e928ff792e4ff33ada9b1bb7ee5a43130da18ba109a9e2186dfa6c2dc1d823e9066e1590203010001,topicSeq=1,topicItems size=0
info|2026-02-07 00:24:24.153704|amopDispatcher-0x00007b497d3fd6c0|[AMOP][TOPIC][parseTopicItemsJson],topicSeq=1,topicItems size=0,json={"topicItems":[],"topicSeq":1}
info|2026-02-07 00:24:24.153731|amopDispatcher-0x00007b497d3fd6c0|[AMOP][TOPIC][updateSeqAndTopicsByNodeID],nodeID=3082010a0282010100b85dd5fdfbc4aa99dcef8477a2e1c08c304a63432923826f81b3d0d7d13e79a6ec265462b2f59e76106f8bad7efb849227798aaf7c20a2197e9a95a8ffbbc07f5ccb44d04e995013b9afd04bb77fb7dbfa0f13bd2d404980eae43fc147332e1542ee2d2e973596187bb8ad4dc63b0165052688b1f7fc4a2a8ccb020a55db8ee7b9a45bb901b1c03d94727648a8ec10bfbc854175981345d56f4c783b0211d91f0775e508d8b379b56935777d255f59b63fadc24b43862671f5cbe0d00fcfff7138124c8293f91740a0e0732346eeee748a42f65ddb81da461fce3e76ea6ff452913b80eb5b1dba016f7d4d94f66337cc6bea7a066b8277637aef12c2eba11da10203010001,topicSeq=1,topicItems size=0
info|2026-02-07 00:24:24.195648|amopDispatcher-0x00007b497d3fd6c0|[AMOP][AMOP][onReceiveTopicSeqMessage][try to request latest AMOP information],nodeID=3082010a0282010100d938a7d0e5078fdc3bfe83bfe8c789160de4c9e207ff836ef8d64a0c846f5f628646fe9170bec49eec44aebb3f17334e76b1003dae65d6858a626d60a3ff3dbbff8cf15ca934ca0f7a09b9ae6c17c911bb2f6083cab81540e00a8d9b9393a3341b90dd134f4a2ec21f1d8c55c2df687896873a36661a862226614582077d41811bcb3e6632cbf1767f6189b76054e8186606ee5a2c73bffe1bd6c8fc415f481324f015045231d662173b6f7e814068dffd598ce9a6f4630744bb0aa80f9f74403f4c3da3ca856b40d043885cc1e7beac524853fafb01fb61c3023ab04047e29d50a5d4cd612fc9ae90e7832fde7d1dea0804dc16fff17500517be0bf5d28f4ab0203010001,topicSeq=1
info|2026-02-07 00:24:24.199641|amopDispatcher-0x00007b497d3fd6c0|[AMOP][TOPIC][parseTopicItemsJson],topicSeq=1,topicItems size=0,json={"topicItems":[],"topicSeq":1}
info|2026-02-07 00:24:24.199919|amopDispatcher-0x00007b497d3fd6c0|[AMOP][TOPIC][updateSeqAndTopicsByNodeID],nodeID=3082010a0282010100d938a7d0e5078fdc3bfe83bfe8c789160de4c9e207ff836ef8d64a0c846f5f628646fe9170bec49eec44aebb3f17334e76b1003dae65d6858a626d60a3ff3dbbff8cf15ca934ca0f7a09b9ae6c17c911bb2f6083cab81540e00a8d9b9393a3341b90dd134f4a2ec21f1d8c55c2df687896873a36661a862226614582077d41811bcb3e6632cbf1767f6189b76054e8186606ee5a2c73bffe1bd6c8fc415f481324f015045231d662173b6f7e814068dffd598ce9a6f4630744bb0aa80f9f74403f4c3da3ca856b40d043885cc1e7beac524853fafb01fb61c3023ab04047e29d50a5d4cd612fc9ae90e7832fde7d1dea0804dc16fff17500517be0bf5d28f4ab0203010001,topicSeq=1,topicItems size=0
info|2026-02-07 00:24:25.255009|pbftTimer-0x00007b495c9d16c0|[CONSENSUS][PBFT]notify to seal next proposal,nextProposalIndex=131
info|2026-02-07 00:24:25.255257|pbftTimer-0x00007b495c9d16c0|[CONSENSUS][PBFT]notify the committed proposal index to the sync module success,index=130
info|2026-02-07 00:24:25.255739|pbftTimer-0x00007b495c9d16c0|[CONSENSUS][PBFT]broadcastViewChangeReq,reqHash=285b0eda...,reqIndex=130,reqV=3,fromIdx=2,wait(ms)=0,packetSize=162
info|2026-02-07 00:24:25.255880|pbftTimer-0x00007b495c9d16c0|[CONSENSUS][PBFT]addViewChangeReq,reqHash=285b0eda...,reqIndex=130,reqV=3,fromIdx=2,wait(ms)=0,weight=1,maxCommittedIndex=130,maxPrecommitIndex=0 preparedProposalInfo: ,committedIndex=130,consNum=131,committedHash=285b0eda...,view=0,toView=3,changeCycle=1,expectedCheckPoint=131,Idx=2,unsealedTxs=0,sealUntil=0,waitResealUntil=0,consensusTimeout=3000,nodeId=2346c69c...
warning|2026-02-07 00:24:25.255949|pbftTimer-0x00007b495c9d16c0|[CONSENSUS][PBFT]After onTimeout,committedIndex=130,consNum=131,committedHash=285b0eda...,view=0,toView=3,changeCycle=1,expectedCheckPoint=131,Idx=2,unsealedTxs=0,sealUntil=0,waitResealUntil=0,consensusTimeout=3000,nodeId=2346c69c...,lockT=0,timecost=1
info|2026-02-07 00:24:25.259029|pbft-0x00007b49491ff6c0|[CONSENSUS][PBFT]addViewChangeReq,reqHash=285b0eda...,reqIndex=130,reqV=3,fromIdx=3,wait(ms)=1,weight=2,maxCommittedIndex=130,maxPrecommitIndex=0 preparedProposalInfo: ,committedIndex=130,consNum=131,committedHash=285b0eda...,view=0,toView=3,changeCycle=1,expectedCheckPoint=131,Idx=2,unsealedTxs=0,sealUntil=0,waitResealUntil=0,consensusTimeout=3000,nodeId=2346c69c...
info|2026-02-07 00:24:25.260646|pbft-0x00007b49491ff6c0|[CONSENSUS][PBFT]addViewChangeReq,reqHash=285b0eda...,reqIndex=130,reqV=3,fromIdx=0,wait(ms)=0,weight=3,maxCommittedIndex=130,maxPrecommitIndex=0 preparedProposalInfo: ,committedIndex=130,consNum=131,committedHash=285b0eda...,view=0,toView=3,changeCycle=1,expectedCheckPoint=131,Idx=2,unsealedTxs=0,sealUntil=0,waitResealUntil=0,consensusTimeout=3000,nodeId=2346c69c...
info|2026-02-07 00:24:25.261076|pbft-0x00007b49491ff6c0|[CONSENSUS][PBFT]The next leader broadcast NewView request,reqHash=285b0eda...,reqIndex=130,reqV=3,fromIdx=2,wait(ms)=1,Idx=2
info|2026-02-07 00:24:25.261142|pbft-0x00007b49491ff6c0|[CONSENSUS][PBFT]resetNewViewState,m_view=0,_view=3
info|2026-02-07 00:24:25.261204|pbft-0x00007b49491ff6c0|[CONSENSUS][PBFT]resetCacheAfterViewChange,view=3,number=130,cacheSize=0
info|2026-02-07 00:24:25.261330|pbft-0x00007b49491ff6c0|[CONSENSUS][PBFT]reachNewView,committedIndex=130,consNum=131,committedHash=285b0eda...,view=3,toView=3,changeCycle=0,expectedCheckPoint=131,Idx=2,unsealedTxs=0,sealUntil=0,waitResealUntil=0,consensusTimeout=3000,nodeId=2346c69c...
info|2026-02-07 00:24:25.261361|pbft-0x00007b49491ff6c0|[CONSENSUS][SEALER]resetSealingInfo,start=131,end=131,sealingNumber=131,waitUntil=0,unsealedTxs=0
info|2026-02-07 00:24:25.261379|pbft-0x00007b49491ff6c0|[CONSENSUS][PBFT]asyncNotifySealProposal success,startIndex=131,endIndex=131,maxTxsToSeal=1000
info|2026-02-07 00:24:25.261385|pbft-0x00007b49491ff6c0|[CONSENSUS][SEALER]asyncNotifySealProposal,startIndex=131,endIndex=131,maxTxsPerBlock=1000
info|2026-02-07 00:24:25.261391|pbft-0x00007b49491ff6c0|[CONSENSUS][PBFT]notifySealer: notify the new leader to seal block,lockNotifyT=0,idx=2,startIndex=131,endIndex=131,notifyBeginIndex=131,waitSealUntil=0,waitResealUntil=0,maxTxsToSeal=1000,committedIndex=130,consNum=131,committedHash=285b0eda...,view=3,toView=3,changeCycle=0,expectedCheckPoint=131,Idx=2,unsealedTxs=0,sealUntil=0,waitResealUntil=0,consensusTimeout=3000,nodeId=2346c69c...
info|2026-02-07 00:24:25.261409|pbft-0x00007b49491ff6c0|[CONSENSUS][PBFT]notify to seal next proposal,nextProposalIndex=131
info|2026-02-07 00:24:25.261415|pbft-0x00007b49491ff6c0|[CONSENSUS][PBFT]notifyResetSealing,committedIndex=130,consNum=131,committedHash=285b0eda...,view=3,toView=3,changeCycle=0,expectedCheckPoint=131,Idx=2,unsealedTxs=0,sealUntil=0,waitResealUntil=0,consensusTimeout=3000,nodeId=2346c69c...
info|2026-02-07 00:24:25.261425|pbft-0x00007b49491ff6c0|[CONSENSUS][SEALER]resetSealing,startNum=131,endNum=131,sealingNum=131,pendingTxs=0,unsealedTxs=0
info|2026-02-07 00:24:25.261434|pbft-0x00007b49491ff6c0|[CONSENSUS][PBFT]notifyResetSealing success,committedIndex=130,consNum=131,committedHash=285b0eda...,view=3,toView=3,changeCycle=0,expectedCheckPoint=131,Idx=2,unsealedTxs=0,sealUntil=0,waitResealUntil=0,consensusTimeout=3000,nodeId=2346c69c...
info|2026-02-07 00:24:25.261447|pbft-0x00007b49491ff6c0|[CONSENSUS][SEALER]resetSealingInfo,start=131,end=131,sealingNumber=131,waitUntil=0,unsealedTxs=0
info|2026-02-07 00:24:25.261452|pbft-0x00007b49491ff6c0|[CONSENSUS][PBFT]asyncNotifySealProposal success,startIndex=131,endIndex=131,maxTxsToSeal=1000
info|2026-02-07 00:24:25.261457|pbft-0x00007b49491ff6c0|[CONSENSUS][SEALER]asyncNotifySealProposal,startIndex=131,endIndex=131,maxTxsPerBlock=1000
info|2026-02-07 00:24:25.261461|pbft-0x00007b49491ff6c0|[CONSENSUS][PBFT]notifySealer: notify the new leader to seal block,lockNotifyT=0,idx=2,startIndex=131,endIndex=131,notifyBeginIndex=131,waitSealUntil=0,waitResealUntil=0,maxTxsToSeal=1000,committedIndex=130,consNum=131,committedHash=285b0eda...,view=3,toView=3,changeCycle=0,expectedCheckPoint=131,Idx=2,unsealedTxs=0,sealUntil=0,waitResealUntil=0,consensusTimeout=3000,nodeId=2346c69c...
info|2026-02-07 00:24:25.261471|pbft-0x00007b49491ff6c0|[CONSENSUS][PBFT]reNotifySealer,expectedStart=131,highWaterMark=181,leader=2,committedIndex=130,consNum=131,committedHash=285b0eda...,view=3,toView=3,changeCycle=0,expectedCheckPoint=131,Idx=2,unsealedTxs=0,sealUntil=0,waitResealUntil=0,consensusTimeout=3000,nodeId=2346c69c...
info|2026-02-07 00:24:25.303974|pbft-0x00007b49491ff6c0|[CONSENSUS][PBFT]sendRecoverResponse to the node try to trigger viewchange,dst=21a47ace...,reqHash=285b0eda...,reqIndex=130,reqV=3,fromIdx=1,wait(ms)=1,committedIndex=130,consNum=131,committedHash=285b0eda...,view=3,toView=3,changeCycle=0,expectedCheckPoint=131,Idx=2,unsealedTxs=0,sealUntil=0,waitResealUntil=0,consensusTimeout=3000,nodeId=2346c69c...
info|2026-02-07 00:24:25.305235|pbft-0x00007b49491ff6c0|[CONSENSUS][PBFT]addViewChangeReq,reqHash=285b0eda...,reqIndex=130,reqV=3,fromIdx=1,wait(ms)=2,weight=1,maxCommittedIndex=130,maxPrecommitIndex=0 preparedProposalInfo: ,committedIndex=130,consNum=131,committedHash=285b0eda...,view=3,toView=3,changeCycle=0,expectedCheckPoint=131,Idx=2,unsealedTxs=0,sealUntil=0,waitResealUntil=0,consensusTimeout=3000,nodeId=2346c69c...
info|2026-02-07 00:24:27.261576|pullTxsTimer-0x00007b495c1d06c0|[CONSENSUS][PBFT]tryToSyncTxs: try to request unsealing txs from peer,committedIndex=130,consNum=131,committedHash=285b0eda...,view=3,toView=3,changeCycle=0,expectedCheckPoint=131,Idx=2,unsealedTxs=0,sealUntil=0,waitResealUntil=0,consensusTimeout=3000,nodeId=2346c69c...
info|2026-02-07 00:24:32.146562|ioService-0x00007b49479ff6c0|[NETWORK][Host]Connecting to node,endpoint=127.0.0.1:30301
info|2026-02-07 00:24:32.146964|ioService-0x00007b49479ff6c0|[P2PService][Service][METRIC]heartBeat,connected count=2
info|2026-02-07 00:24:32.150014|ioService-0x00007b49465ff6c0|[ASIO][ASIO]asyncResolveConnect,endpoint=127.0.0.1:30301
info|2026-02-07 00:24:32.152164|ioService-0x00007b49457ff6c0|[NETWORK][Host]P2P Recv Connect, From=127.0.0.1:51400
info|2026-02-07 00:24:32.152460|ioService-0x00007b49457ff6c0|[NETWORK][Host]P2P StartAccept,Host=0.0.0.0:30300
info|2026-02-07 00:24:32.154201|ioService-0x00007b493d9ff6c0|[Gateway][Factory][NEW]SSLContext pubHex: 3082010a0282010100a9ba081864ed1c68f5b81b4fa31a3cb4c81583e0e7c5eec4d7249ecd7d2c8f901393580ca25747abc4e01775b9ff41392cf15074a577cc078f4b07f3152faa0dfe540c63b8de93fbc3afe02564592e274c9c1a76bb0cc8c4692d9404f8e0b7b5440bd66d6e70c33a6d35aca5767a88332fd7853571427789bb25413b734abc293a58791b28aece40a8f74238c2f8b0d32bbbb5f020cfd72ad86d4fb6f1904605a5f43f0f58ed4c826346ad1b71ddac3a15040d6cd21f31f9044b82e690f91329d956b39005f4ab421029ebe499a3fe7179586deded25784665d8949c4db5defd0cbbaf2f27221f3d59e7314f4374086dceea8903a6aedc17d8ca5c7ec4b03fef0203010001
info|2026-02-07 00:24:32.154282|ioService-0x00007b493d9ff6c0|[NETWORK][Host]Get ca basic failed
info|2026-02-07 00:24:32.154358|ioService-0x00007b493d9ff6c0|[Gateway][Factory][NEW]SSLContext pubHex: 3082010a0282010100d938a7d0e5078fdc3bfe83bfe8c789160de4c9e207ff836ef8d64a0c846f5f628646fe9170bec49eec44aebb3f17334e76b1003dae65d6858a626d60a3ff3dbbff8cf15ca934ca0f7a09b9ae6c17c911bb2f6083cab81540e00a8d9b9393a3341b90dd134f4a2ec21f1d8c55c2df687896873a36661a862226614582077d41811bcb3e6632cbf1767f6189b76054e8186606ee5a2c73bffe1bd6c8fc415f481324f015045231d662173b6f7e814068dffd598ce9a6f4630744bb0aa80f9f74403f4c3da3ca856b40d043885cc1e7beac524853fafb01fb61c3023ab04047e29d50a5d4cd612fc9ae90e7832fde7d1dea0804dc16fff17500517be0bf5d28f4ab0203010001
info|2026-02-07 00:24:32.154365|ioService-0x00007b493d9ff6c0|[Gateway][Factory][NEW]SSLContext pubHex: D938A7D0E5078FDC3BFE83BFE8C789160DE4C9E207FF836EF8D64A0C846F5F628646FE9170BEC49EEC44AEBB3F17334E76B1003DAE65D6858A626D60A3FF3DBBFF8CF15CA934CA0F7A09B9AE6C17C911BB2F6083CAB81540E00A8D9B9393A3341B90DD134F4A2EC21F1D8C55C2DF687896873A36661A862226614582077D41811BCB3E6632CBF1767F6189B76054E8186606EE5A2C73BFFE1BD6C8FC415F481324F015045231D662173B6F7E814068DFFD598CE9A6F4630744BB0AA80F9F74403F4C3DA3CA856B40D043885CC1E7BEAC524853FAFB01FB61C3023AB04047E29D50A5D4CD612FC9AE90E7832FDE7D1DEA0804DC16FFF17500517BE0BF5D28F4AB
info|2026-02-07 00:24:32.158773|ioService-0x00007b493d9ff6c0|[NETWORK][Host]obtainP2pInfo ,node_info=3082010a0282010100d938a7d0e5078fdc3bfe83bfe8c789160de4c9e207ff836ef8d64a0c846f5f628646fe9170bec49eec44aebb3f17334e76b1003dae65d6858a626d60a3ff3dbbff8cf15ca934ca0f7a09b9ae6c17c911bb2f6083cab81540e00a8d9b9393a3341b90dd134f4a2ec21f1d8c55c2df687896873a36661a862226614582077d41811bcb3e6632cbf1767f6189b76054e8186606ee5a2c73bffe1bd6c8fc415f481324f015045231d662173b6f7e814068dffd598ce9a6f4630744bb0aa80f9f74403f4c3da3ca856b40d043885cc1e7beac524853fafb01fb61c3023ab04047e29d50a5d4cd612fc9ae90e7832fde7d1dea0804dc16fff17500517be0bf5d28f4ab0203010001#D938A7D0E5078FDC3BFE83BFE8C789160DE4C9E207FF836EF8D64A0C846F5F628646FE9170BEC49EEC44AEBB3F17334E76B1003DAE65D6858A626D60A3FF3DBBFF8CF15CA934CA0F7A09B9AE6C17C911BB2F6083CAB81540E00A8D9B9393A3341B90DD134F4A2EC21F1D8C55C2DF687896873A36661A862226614582077D41811BCB3E6632CBF1767F6189B76054E8186606EE5A2C73BFFE1BD6C8FC415F481324F015045231D662173B6F7E814068DFFD598CE9A6F4630744BB0AA80F9F74403F4C3DA3CA856B40D043885CC1E7BEAC524853FAFB01FB61C3023AB04047E29D50A5D4CD612FC9AE90E7832FDE7D1DEA0804DC16FFF17500517BE0BF5D28F4AB#/CN=FISCO-BCOS-e9f43089/O=FISCO-BCOS-e9f43089/OU=chain#/CN=FISCO-BCOS-e9f43089/O=fisco-bcos/OU=agency,p2pid=3082010a0282010100d938a7d0e5078fdc3bfe83bfe8c789160de4c9e207ff836ef8d64a0c846f5f628646fe9170bec49eec44aebb3f17334e76b1003dae65d6858a626d60a3ff3dbbff8cf15ca934ca0f7a09b9ae6c17c911bb2f6083cab81540e00a8d9b9393a3341b90dd134f4a2ec21f1d8c55c2df687896873a36661a862226614582077d41811bcb3e6632cbf1767f6189b76054e8186606ee5a2c73bffe1bd6c8fc415f481324f015045231d662173b6f7e814068dffd598ce9a6f4630744bb0aa80f9f74403f4c3da3ca856b40d043885cc1e7beac524853fafb01fb61c3023ab04047e29d50a5d4cd612fc9ae90e7832fde7d1dea0804dc16fff17500517be0bf5d28f4ab0203010001
info|2026-02-07 00:24:32.158940|ioService-0x00007b493d9ff6c0|[NETWORK][Host]handshakeClient succ,local endpoint=127.0.0.1:59868
info|2026-02-07 00:24:32.160506|ioService-0x00007b493e7ff6c0|[Gateway][Factory][NEW]SSLContext pubHex: 3082010a0282010100a9ba081864ed1c68f5b81b4fa31a3cb4c81583e0e7c5eec4d7249ecd7d2c8f901393580ca25747abc4e01775b9ff41392cf15074a577cc078f4b07f3152faa0dfe540c63b8de93fbc3afe02564592e274c9c1a76bb0cc8c4692d9404f8e0b7b5440bd66d6e70c33a6d35aca5767a88332fd7853571427789bb25413b734abc293a58791b28aece40a8f74238c2f8b0d32bbbb5f020cfd72ad86d4fb6f1904605a5f43f0f58ed4c826346ad1b71ddac3a15040d6cd21f31f9044b82e690f91329d956b39005f4ab421029ebe499a3fe7179586deded25784665d8949c4db5defd0cbbaf2f27221f3d59e7314f4374086dceea8903a6aedc17d8ca5c7ec4b03fef0203010001
info|2026-02-07 00:24:32.160587|ioService-0x00007b493e7ff6c0|[NETWORK][Host]Get ca basic failed
info|2026-02-07 00:24:32.160690|ioService-0x00007b493e7ff6c0|[Gateway][Factory][NEW]SSLContext pubHex: 3082010a0282010100d938a7d0e5078fdc3bfe83bfe8c789160de4c9e207ff836ef8d64a0c846f5f628646fe9170bec49eec44aebb3f17334e76b1003dae65d6858a626d60a3ff3dbbff8cf15ca934ca0f7a09b9ae6c17c911bb2f6083cab81540e00a8d9b9393a3341b90dd134f4a2ec21f1d8c55c2df687896873a36661a862226614582077d41811bcb3e6632cbf1767f6189b76054e8186606ee5a2c73bffe1bd6c8fc415f481324f015045231d662173b6f7e814068dffd598ce9a6f4630744bb0aa80f9f74403f4c3da3ca856b40d043885cc1e7beac524853fafb01fb61c3023ab04047e29d50a5d4cd612fc9ae90e7832fde7d1dea0804dc16fff17500517be0bf5d28f4ab0203010001
info|2026-02-07 00:24:32.160704|ioService-0x00007b493e7ff6c0|[Gateway][Factory][NEW]SSLContext pubHex: D938A7D0E5078FDC3BFE83BFE8C789160DE4C9E207FF836EF8D64A0C846F5F628646FE9170BEC49EEC44AEBB3F17334E76B1003DAE65D6858A626D60A3FF3DBBFF8CF15CA934CA0F7A09B9AE6C17C911BB2F6083CAB81540E00A8D9B9393A3341B90DD134F4A2EC21F1D8C55C2DF687896873A36661A862226614582077D41811BCB3E6632CBF1767F6189B76054E8186606EE5A2C73BFFE1BD6C8FC415F481324F015045231D662173B6F7E814068DFFD598CE9A6F4630744BB0AA80F9F74403F4C3DA3CA856B40D043885CC1E7BEAC524853FAFB01FB61C3023AB04047E29D50A5D4CD612FC9AE90E7832FDE7D1DEA0804DC16FFF17500517BE0BF5D28F4AB
info|2026-02-07 00:24:32.160938|ioService-0x00007b493d9ff6c0|[SESSION][Session][Session::Session] this=0x7b492a2881d0,recvBufferSize=67108864
info|2026-02-07 00:24:32.161250|ioService-0x00007b493d9ff6c0|[SessionFactory]create new session,sessionRecvBufferSize=67108864,allowMaxMsgSize=33554432,maxReadDataSize=40960,maxSendDataSize=1048576,maxSendMsgCountS=10,enableCompress=true
info|2026-02-07 00:24:32.161684|ioService-0x00007b493e7ff6c0|[NETWORK][Host]obtainP2pInfo ,node_info=3082010a0282010100d938a7d0e5078fdc3bfe83bfe8c789160de4c9e207ff836ef8d64a0c846f5f628646fe9170bec49eec44aebb3f17334e76b1003dae65d6858a626d60a3ff3dbbff8cf15ca934ca0f7a09b9ae6c17c911bb2f6083cab81540e00a8d9b9393a3341b90dd134f4a2ec21f1d8c55c2df687896873a36661a862226614582077d41811bcb3e6632cbf1767f6189b76054e8186606ee5a2c73bffe1bd6c8fc415f481324f015045231d662173b6f7e814068dffd598ce9a6f4630744bb0aa80f9f74403f4c3da3ca856b40d043885cc1e7beac524853fafb01fb61c3023ab04047e29d50a5d4cd612fc9ae90e7832fde7d1dea0804dc16fff17500517be0bf5d28f4ab0203010001#D938A7D0E5078FDC3BFE83BFE8C789160DE4C9E207FF836EF8D64A0C846F5F628646FE9170BEC49EEC44AEBB3F17334E76B1003DAE65D6858A626D60A3FF3DBBFF8CF15CA934CA0F7A09B9AE6C17C911BB2F6083CAB81540E00A8D9B9393A3341B90DD134F4A2EC21F1D8C55C2DF687896873A36661A862226614582077D41811BCB3E6632CBF1767F6189B76054E8186606EE5A2C73BFFE1BD6C8FC415F481324F015045231D662173B6F7E814068DFFD598CE9A6F4630744BB0AA80F9F74403F4C3DA3CA856B40D043885CC1E7BEAC524853FAFB01FB61C3023AB04047E29D50A5D4CD612FC9AE90E7832FDE7D1DEA0804DC16FFF17500517BE0BF5D28F4AB#/CN=FISCO-BCOS-e9f43089/O=FISCO-BCOS-e9f43089/OU=chain#/CN=FISCO-BCOS-e9f43089/O=fisco-bcos/OU=agency,p2pid=3082010a0282010100d938a7d0e5078fdc3bfe83bfe8c789160de4c9e207ff836ef8d64a0c846f5f628646fe9170bec49eec44aebb3f17334e76b1003dae65d6858a626d60a3ff3dbbff8cf15ca934ca0f7a09b9ae6c17c911bb2f6083cab81540e00a8d9b9393a3341b90dd134f4a2ec21f1d8c55c2df687896873a36661a862226614582077d41811bcb3e6632cbf1767f6189b76054e8186606ee5a2c73bffe1bd6c8fc415f481324f015045231d662173b6f7e814068dffd598ce9a6f4630744bb0aa80f9f74403f4c3da3ca856b40d043885cc1e7beac524853fafb01fb61c3023ab04047e29d50a5d4cd612fc9ae90e7832fde7d1dea0804dc16fff17500517be0bf5d28f4ab0203010001
info|2026-02-07 00:24:32.161792|ioService-0x00007b493e7ff6c0|[NETWORK][Host]handshakeServer succ,remote endpoint=127.0.0.1:51400,nodeid=3082010a0282010100d938a7d0e5078fdc3bfe83bfe8c789160de4c9e207ff836ef8d64a0c846f5f628646fe9170bec49eec44aebb3f17334e76b1003dae65d6858a626d60a3ff3dbbff8cf15ca934ca0f7a09b9ae6c17c911bb2f6083cab81540e00a8d9b9393a3341b90dd134f4a2ec21f1d8c55c2df687896873a36661a862226614582077d41811bcb3e6632cbf1767f6189b76054e8186606ee5a2c73bffe1bd6c8fc415f481324f015045231d662173b6f7e814068dffd598ce9a6f4630744bb0aa80f9f74403f4c3da3ca856b40d043885cc1e7beac524853fafb01fb61c3023ab04047e29d50a5d4cd612fc9ae90e7832fde7d1dea0804dc16fff17500517be0bf5d28f4ab0203010001
info|2026-02-07 00:24:32.161845|ioService-0x00007b493d9ff6c0|[NETWORK][Host]startPeerSession, Remote=127.0.0.1:30301,local endpoint=127.0.0.1:59868,p2pid=3082010a0282010100d938a7d0e5078fdc3bfe83bfe8c789160de4c9e207ff836ef8d64a0c846f5f628646fe9170bec49eec44aebb3f17334e76b1003dae65d6858a626d60a3ff3dbbff8cf15ca934ca0f7a09b9ae6c17c911bb2f6083cab81540e00a8d9b9393a3341b90dd134f4a2ec21f1d8c55c2df687896873a36661a862226614582077d41811bcb3e6632cbf1767f6189b76054e8186606ee5a2c73bffe1bd6c8fc415f481324f015045231d662173b6f7e814068dffd598ce9a6f4630744bb0aa80f9f74403f4c3da3ca856b40d043885cc1e7beac524853fafb01fb61c3023ab04047e29d50a5d4cd612fc9ae90e7832fde7d1dea0804dc16fff17500517be0bf5d28f4ab0203010001
info|2026-02-07 00:24:32.162408|fisco-bcos-0x00007b49549ff6c0|[P2PService][Service]onConnect,p2pid=3082010a0282010100d938a7d0e5078fdc3bfe83bfe8c789160de4c9e207ff836ef8d64a0c846f5f628646fe9170bec49eec44aebb3f17334e76b1003dae65d6858a626d60a3ff3dbbff8cf15ca934ca0f7a09b9ae6c17c911bb2f6083cab81540e00a8d9b9393a3341b90dd134f4a2ec21f1d8c55c2df687896873a36661a862226614582077d41811bcb3e6632cbf1767f6189b76054e8186606ee5a2c73bffe1bd6c8fc415f481324f015045231d662173b6f7e814068dffd598ce9a6f4630744bb0aa80f9f74403f4c3da3ca856b40d043885cc1e7beac524853fafb01fb61c3023ab04047e29d50a5d4cd612fc9ae90e7832fde7d1dea0804dc16fff17500517be0bf5d28f4ab0203010001,endpoint=127.0.0.1
info|2026-02-07 00:24:32.162550|fisco-bcos-0x00007b49549ff6c0|[P2PService][P2PSession][P2PSession::P2PSession] this=0x7b493ec871d0
info|2026-02-07 00:24:32.162628|fisco-bcos-0x00007b49555c06c0|[P2PService][Service2][onReceiveRouterSeq]receive router seq and request router table,peer=3082010a0282010100b85dd5fdfbc4aa99dcef8477a2e1c08c304a63432923826f81b3d0d7d13e79a6ec265462b2f59e76106f8bad7efb849227798aaf7c20a2197e9a95a8ffbbc07f5ccb44d04e995013b9afd04bb77fb7dbfa0f13bd2d404980eae43fc147332e1542ee2d2e973596187bb8ad4dc63b0165052688b1f7fc4a2a8ccb020a55db8ee7b9a45bb901b1c03d94727648a8ec10bfbc854175981345d56f4c783b0211d91f0775e508d8b379b56935777d255f59b63fadc24b43862671f5cbe0d00fcfff7138124c8293f91740a0e0732346eeee748a42f65ddb81da461fce3e76ea6ff452913b80eb5b1dba016f7d4d94f66337cc6bea7a066b8277637aef12c2eba11da10203010001,seq=7
info|2026-02-07 00:24:32.163214|ioService-0x00007b493e7ff6c0|[SESSION][Session][Session::Session] this=0x7b493825d1d0,recvBufferSize=67108864
info|2026-02-07 00:24:32.163625|fisco-bcos-0x00007b49549ff6c0|[SESSION][Session][start] start session ,this=0x7b492a2881d0
info|2026-02-07 00:24:32.163644|ioService-0x00007b493e7ff6c0|[SessionFactory]create new session,sessionRecvBufferSize=67108864,allowMaxMsgSize=33554432,maxReadDataSize=40960,maxSendDataSize=1048576,maxSendMsgCountS=10,enableCompress=true
info|2026-02-07 00:24:32.163842|fisco-bcos-0x00007b49549ff6c0|[P2PService][Service]asyncSendProtocol,payload=5,seq=198
info|2026-02-07 00:24:32.164608|fisco-bcos-0x00007b49549ff6c0|[P2PService][Service]updateStaticNodes,nodeid=3082010a0282010100d938a7d0e5078fdc3bfe83bfe8c789160de4c9e207ff836ef8d64a0c846f5f628646fe9170bec49eec44aebb3f17334e76b1003dae65d6858a626d60a3ff3dbbff8cf15ca934ca0f7a09b9ae6c17c911bb2f6083cab81540e00a8d9b9393a3341b90dd134f4a2ec21f1d8c55c2df687896873a36661a862226614582077d41811bcb3e6632cbf1767f6189b76054e8186606ee5a2c73bffe1bd6c8fc415f481324f015045231d662173b6f7e814068dffd598ce9a6f4630744bb0aa80f9f74403f4c3da3ca856b40d043885cc1e7beac524853fafb01fb61c3023ab04047e29d50a5d4cd612fc9ae90e7832fde7d1dea0804dc16fff17500517be0bf5d28f4ab0203010001,endpoint=127.0.0.1:30301
info|2026-02-07 00:24:32.164753|fisco-bcos-0x00007b4953bfe6c0|[P2PService][Service]onConnect,p2pid=3082010a0282010100d938a7d0e5078fdc3bfe83bfe8c789160de4c9e207ff836ef8d64a0c846f5f628646fe9170bec49eec44aebb3f17334e76b1003dae65d6858a626d60a3ff3dbbff8cf15ca934ca0f7a09b9ae6c17c911bb2f6083cab81540e00a8d9b9393a3341b90dd134f4a2ec21f1d8c55c2df687896873a36661a862226614582077d41811bcb3e6632cbf1767f6189b76054e8186606ee5a2c73bffe1bd6c8fc415f481324f015045231d662173b6f7e814068dffd598ce9a6f4630744bb0aa80f9f74403f4c3da3ca856b40d043885cc1e7beac524853fafb01fb61c3023ab04047e29d50a5d4cd612fc9ae90e7832fde7d1dea0804dc16fff17500517be0bf5d28f4ab0203010001,endpoint=127.0.0.1
info|2026-02-07 00:24:32.164820|fisco-bcos-0x00007b49549ff6c0|[P2PService][Router][updateDstNodeEntry]discover smaller distance, update entry,distance=1,oldDistance=2,dst=3082010a0282010100d938a7d0e5078fdc3bfe83bfe8c789160de4c9e207ff836ef8d64a0c846f5f628646fe9170bec49eec44aebb3f17334e76b1003dae65d6858a626d60a3ff3dbbff8cf15ca934ca0f7a09b9ae6c17c911bb2f6083cab81540e00a8d9b9393a3341b90dd134f4a2ec21f1d8c55c2df687896873a36661a862226614582077d41811bcb3e6632cbf1767f6189b76054e8186606ee5a2c73bffe1bd6c8fc415f481324f015045231d662173b6f7e814068dffd598ce9a6f4630744bb0aa80f9f74403f4c3da3ca856b40d043885cc1e7beac524853fafb01fb61c3023ab04047e29d50a5d4cd612fc9ae90e7832fde7d1dea0804dc16fff17500517be0bf5d28f4ab0203010001,nextHop=,size=3
info|2026-02-07 00:24:32.165830|ioService-0x00007b493e7ff6c0|[NETWORK][Host]startPeerSession, Remote=127.0.0.1:51400,local endpoint=127.0.0.1:30300,p2pid=3082010a0282010100d938a7d0e5078fdc3bfe83bfe8c789160de4c9e207ff836ef8d64a0c846f5f628646fe9170bec49eec44aebb3f17334e76b1003dae65d6858a626d60a3ff3dbbff8cf15ca934ca0f7a09b9ae6c17c911bb2f6083cab81540e00a8d9b9393a3341b90dd134f4a2ec21f1d8c55c2df687896873a36661a862226614582077d41811bcb3e6632cbf1767f6189b76054e8186606ee5a2c73bffe1bd6c8fc415f481324f015045231d662173b6f7e814068dffd598ce9a6f4630744bb0aa80f9f74403f4c3da3ca856b40d043885cc1e7beac524853fafb01fb61c3023ab04047e29d50a5d4cd612fc9ae90e7832fde7d1dea0804dc16fff17500517be0bf5d28f4ab0203010001
info|2026-02-07 00:24:32.166204|fisco-bcos-0x00007b49549ff6c0|[P2PService][Service2][onNewSession]update routerTable,dst=3082010a0282010100d938a7d0e5078fdc3bfe83bfe8c789160de4c9e207ff836ef8d64a0c846f5f628646fe9170bec49eec44aebb3f17334e76b1003dae65d6858a626d60a3ff3dbbff8cf15ca934ca0f7a09b9ae6c17c911bb2f6083cab81540e00a8d9b9393a3341b90dd134f4a2ec21f1d8c55c2df687896873a36661a862226614582077d41811bcb3e6632cbf1767f6189b76054e8186606ee5a2c73bffe1bd6c8fc415f481324f015045231d662173b6f7e814068dffd598ce9a6f4630744bb0aa80f9f74403f4c3da3ca856b40d043885cc1e7beac524853fafb01fb61c3023ab04047e29d50a5d4cd612fc9ae90e7832fde7d1dea0804dc16fff17500517be0bf5d28f4ab0203010001
info|2026-02-07 00:24:32.166264|fisco-bcos-0x00007b49549ff6c0|[P2PService][Service]Connection established,p2pid=3082010a0282010100d938a7d0e5078fdc3bfe83bfe8c789160de4c9e207ff836ef8d64a0c846f5f628646fe9170bec49eec44aebb3f17334e76b1003dae65d6858a626d60a3ff3dbbff8cf15ca934ca0f7a09b9ae6c17c911bb2f6083cab81540e00a8d9b9393a3341b90dd134f4a2ec21f1d8c55c2df687896873a36661a862226614582077d41811bcb3e6632cbf1767f6189b76054e8186606ee5a2c73bffe1bd6c8fc415f481324f015045231d662173b6f7e814068dffd598ce9a6f4630744bb0aa80f9f74403f4c3da3ca856b40d043885cc1e7beac524853fafb01fb61c3023ab04047e29d50a5d4cd612fc9ae90e7832fde7d1dea0804dc16fff17500517be0bf5d28f4ab0203010001,endpoint=127.0.0.1:30301
info|2026-02-07 00:24:32.166458|fisco-bcos-0x00007b4953bfe6c0|[P2PService][Service]Disconnect duplicate peer,p2pid=3082010a0282010100d938a7d0e5078fdc3bfe83bfe8c789160de4c9e207ff836ef8d64a0c846f5f628646fe9170bec49eec44aebb3f17334e76b1003dae65d6858a626d60a3ff3dbbff8cf15ca934ca0f7a09b9ae6c17c911bb2f6083cab81540e00a8d9b9393a3341b90dd134f4a2ec21f1d8c55c2df687896873a36661a862226614582077d41811bcb3e6632cbf1767f6189b76054e8186606ee5a2c73bffe1bd6c8fc415f481324f015045231d662173b6f7e814068dffd598ce9a6f4630744bb0aa80f9f74403f4c3da3ca856b40d043885cc1e7beac524853fafb01fb61c3023ab04047e29d50a5d4cd612fc9ae90e7832fde7d1dea0804dc16fff17500517be0bf5d28f4ab0203010001
info|2026-02-07 00:24:32.166515|ioService-0x00007b4921fff6c0|[P2PService][Service]onReceiveProtocol: protocolNegotiate success,peer=3082010a0282010100d938a7d0e5078fdc3bfe83bfe8c789160de4c9e207ff836ef8d64a0c846f5f628646fe9170bec49eec44aebb3f17334e76b1003dae65d6858a626d60a3ff3dbbff8cf15ca934ca0f7a09b9ae6c17c911bb2f6083cab81540e00a8d9b9393a3341b90dd134f4a2ec21f1d8c55c2df687896873a36661a862226614582077d41811bcb3e6632cbf1767f6189b76054e8186606ee5a2c73bffe1bd6c8fc415f481324f015045231d662173b6f7e814068dffd598ce9a6f4630744bb0aa80f9f74403f4c3da3ca856b40d043885cc1e7beac524853fafb01fb61c3023ab04047e29d50a5d4cd612fc9ae90e7832fde7d1dea0804dc16fff17500517be0bf5d28f4ab0203010001,minVersion=0,maxVersion=2,supportMinVersion=0,supportMaxVersion=2,negotiatedVersion=2
info|2026-02-07 00:24:32.166706|fisco-bcos-0x00007b4953bfe6c0|[SESSION][Session][Session::~Session] this=0x7b493825d1d0
info|2026-02-07 00:24:32.166814|fisco-bcos-0x00007b4953fff6c0|[P2PService][Service2][onReceiveRouterSeq]receive router seq and request router table,peer=3082010a0282010100d938a7d0e5078fdc3bfe83bfe8c789160de4c9e207ff836ef8d64a0c846f5f628646fe9170bec49eec44aebb3f17334e76b1003dae65d6858a626d60a3ff3dbbff8cf15ca934ca0f7a09b9ae6c17c911bb2f6083cab81540e00a8d9b9393a3341b90dd134f4a2ec21f1d8c55c2df687896873a36661a862226614582077d41811bcb3e6632cbf1767f6189b76054e8186606ee5a2c73bffe1bd6c8fc415f481324f015045231d662173b6f7e814068dffd598ce9a6f4630744bb0aa80f9f74403f4c3da3ca856b40d043885cc1e7beac524853fafb01fb61c3023ab04047e29d50a5d4cd612fc9ae90e7832fde7d1dea0804dc16fff17500517be0bf5d28f4ab0203010001,seq=9
info|2026-02-07 00:24:32.166974|fisco-bcos-0x00007b49549ff6c0|[P2PService][Service2][onReceiveRouterTableRequest],peer=3082010a0282010100b85dd5fdfbc4aa99dcef8477a2e1c08c304a63432923826f81b3d0d7d13e79a6ec265462b2f59e76106f8bad7efb849227798aaf7c20a2197e9a95a8ffbbc07f5ccb44d04e995013b9afd04bb77fb7dbfa0f13bd2d404980eae43fc147332e1542ee2d2e973596187bb8ad4dc63b0165052688b1f7fc4a2a8ccb020a55db8ee7b9a45bb901b1c03d94727648a8ec10bfbc854175981345d56f4c783b0211d91f0775e508d8b379b56935777d255f59b63fadc24b43862671f5cbe0d00fcfff7138124c8293f91740a0e0732346eeee748a42f65ddb81da461fce3e76ea6ff452913b80eb5b1dba016f7d4d94f66337cc6bea7a066b8277637aef12c2eba11da10203010001,entrySize=3
info|2026-02-07 00:24:32.167516|fisco-bcos-0x00007b49555c06c0|[P2PService][Service2][onReceivePeersRouterTable],peer=3082010a0282010100b85dd5fdfbc4aa99dcef8477a2e1c08c304a63432923826f81b3d0d7d13e79a6ec265462b2f59e76106f8bad7efb849227798aaf7c20a2197e9a95a8ffbbc07f5ccb44d04e995013b9afd04bb77fb7dbfa0f13bd2d404980eae43fc147332e1542ee2d2e973596187bb8ad4dc63b0165052688b1f7fc4a2a8ccb020a55db8ee7b9a45bb901b1c03d94727648a8ec10bfbc854175981345d56f4c783b0211d91f0775e508d8b379b56935777d255f59b63fadc24b43862671f5cbe0d00fcfff7138124c8293f91740a0e0732346eeee748a42f65ddb81da461fce3e76ea6ff452913b80eb5b1dba016f7d4d94f66337cc6bea7a066b8277637aef12c2eba11da10203010001,entrySize=3
info|2026-02-07 00:24:32.167548|fisco-bcos-0x00007b49555c06c0|[P2PService][Service2][joinRouterTable]create router entry,dst=3082010a0282010100b85dd5fdfbc4aa99dcef8477a2e1c08c304a63432923826f81b3d0d7d13e79a6ec265462b2f59e76106f8bad7efb849227798aaf7c20a2197e9a95a8ffbbc07f5ccb44d04e995013b9afd04bb77fb7dbfa0f13bd2d404980eae43fc147332e1542ee2d2e973596187bb8ad4dc63b0165052688b1f7fc4a2a8ccb020a55db8ee7b9a45bb901b1c03d94727648a8ec10bfbc854175981345d56f4c783b0211d91f0775e508d8b379b56935777d255f59b63fadc24b43862671f5cbe0d00fcfff7138124c8293f91740a0e0732346eeee748a42f65ddb81da461fce3e76ea6ff452913b80eb5b1dba016f7d4d94f66337cc6bea7a066b8277637aef12c2eba11da10203010001
info|2026-02-07 00:24:32.182986|ioService-0x00007b49203ff6c0|[P2PService][Service2][onReceiveRouterTableRequest],peer=3082010a02820101009d9833c7e1dbf7d476b1fd7227e247b488323cbd272862d096a4010035236b7d36e2aede87e4f36adfd2e2e44f2945e9a4170901f5865f04cb779a1c1e1fc2f3e56fc6ea80a2665d5da60fce851ccd94bb60aced8e256a551ebb6edcf78febb8eb8bbb3c4fab73bacd5675925d72c787a8d8e179c70b24c484ae98ea7cc956a196c0c8266073d549963e44bfee479261b4c7a5497320d8a89de71743baf1516450118e57b4b07227de0429adf0d02305ad79d40958f48b3c7d6802814fc5c25be7c54c85463c993254d08401e1c7c1cc5586b265a1616617cc2ba7f29e928ff792e4ff33ada9b1bb7ee5a43130da18ba109a9e2186dfa6c2dc1d823e9066e1590203010001,entrySize=3
info|2026-02-07 00:24:32.207650|fisco-bcos-0x00007b4953bfe6c0|[P2PService][Service2][onReceiveRouterTableRequest],peer=3082010a0282010100d938a7d0e5078fdc3bfe83bfe8c789160de4c9e207ff836ef8d64a0c846f5f628646fe9170bec49eec44aebb3f17334e76b1003dae65d6858a626d60a3ff3dbbff8cf15ca934ca0f7a09b9ae6c17c911bb2f6083cab81540e00a8d9b9393a3341b90dd134f4a2ec21f1d8c55c2df687896873a36661a862226614582077d41811bcb3e6632cbf1767f6189b76054e8186606ee5a2c73bffe1bd6c8fc415f481324f015045231d662173b6f7e814068dffd598ce9a6f4630744bb0aa80f9f74403f4c3da3ca856b40d043885cc1e7beac524853fafb01fb61c3023ab04047e29d50a5d4cd612fc9ae90e7832fde7d1dea0804dc16fff17500517be0bf5d28f4ab0203010001,entrySize=3
info|2026-02-07 00:24:32.208006|ioService-0x00007b49273fd6c0|[P2PService][Service2][onReceivePeersRouterTable],peer=3082010a0282010100d938a7d0e5078fdc3bfe83bfe8c789160de4c9e207ff836ef8d64a0c846f5f628646fe9170bec49eec44aebb3f17334e76b1003dae65d6858a626d60a3ff3dbbff8cf15ca934ca0f7a09b9ae6c17c911bb2f6083cab81540e00a8d9b9393a3341b90dd134f4a2ec21f1d8c55c2df687896873a36661a862226614582077d41811bcb3e6632cbf1767f6189b76054e8186606ee5a2c73bffe1bd6c8fc415f481324f015045231d662173b6f7e814068dffd598ce9a6f4630744bb0aa80f9f74403f4c3da3ca856b40d043885cc1e7beac524853fafb01fb61c3023ab04047e29d50a5d4cd612fc9ae90e7832fde7d1dea0804dc16fff17500517be0bf5d28f4ab0203010001,entrySize=3
info|2026-02-07 00:24:32.208032|ioService-0x00007b49273fd6c0|[P2PService][Service2][joinRouterTable]create router entry,dst=3082010a0282010100d938a7d0e5078fdc3bfe83bfe8c789160de4c9e207ff836ef8d64a0c846f5f628646fe9170bec49eec44aebb3f17334e76b1003dae65d6858a626d60a3ff3dbbff8cf15ca934ca0f7a09b9ae6c17c911bb2f6083cab81540e00a8d9b9393a3341b90dd134f4a2ec21f1d8c55c2df687896873a36661a862226614582077d41811bcb3e6632cbf1767f6189b76054e8186606ee5a2c73bffe1bd6c8fc415f481324f015045231d662173b6f7e814068dffd598ce9a6f4630744bb0aa80f9f74403f4c3da3ca856b40d043885cc1e7beac524853fafb01fb61c3023ab04047e29d50a5d4cd612fc9ae90e7832fde7d1dea0804dc16fff17500517be0bf5d28f4ab0203010001
info|2026-02-07 00:24:42.147938|ioService-0x00007b49479ff6c0|[P2PService][Service][METRIC]heartBeat,connected count=3
info|2026-02-07 00:24:42.276455|timerFactory-0x00007b4936dff6c0|[RPC][WS][SERVICE]connected nodes,count=0
info|2026-02-07 00:24:52.148338|ioService-0x00007b49479ff6c0|[P2PService][Service][METRIC]heartBeat,connected count=3
info|2026-02-07 00:24:52.276729|timerFactory-0x00007b4936dff6c0|[RPC][WS][SERVICE]connected nodes,count=0
info|2026-02-07 00:25:02.148616|ioService-0x00007b49479ff6c0|[P2PService][Service][METRIC]heartBeat,connected count=3
info|2026-02-07 00:25:02.402673|timerFactory-0x00007b4936dff6c0|[RPC][WS][SERVICE]connected nodes,count=0
info|2026-02-07 00:25:12.148988|ioService-0x00007b49479ff6c0|[P2PService][Service][METRIC]heartBeat,connected count=3
info|2026-02-07 00:25:12.402827|timerFactory-0x00007b4936dff6c0|[RPC][WS][SERVICE]connected nodes,count=0
info|2026-02-07 00:25:22.150366|ioService-0x00007b49479ff6c0|[P2PService][Service][METRIC]heartBeat,connected count=3
info|2026-02-07 00:25:22.402287|objMonitor-0x00007b492b7ef6c0|[startMonitor][AliveObjectMonitor],AliveObjectAllocStat=[ type: bcos::gateway::Socket ,created: 11 ,destroyed: 7 ,alive: 4 ] 
info|2026-02-07 00:25:22.402992|timerFactory-0x00007b4936dff6c0|[RPC][WS][SERVICE]connected nodes,count=0
info|2026-02-07 00:25:32.150871|ioService-0x00007b49479ff6c0|[P2PService][Service][METRIC]heartBeat,connected count=3
info|2026-02-07 00:25:32.509794|timerFactory-0x00007b4936dff6c0|[RPC][WS][SERVICE]connected nodes,count=0
info|2026-02-07 00:25:42.151036|ioService-0x00007b49479ff6c0|[P2PService][Service][METRIC]heartBeat,connected count=3
info|2026-02-07 00:25:42.509952|timerFactory-0x00007b4936dff6c0|[RPC][WS][SERVICE]connected nodes,count=0
info|2026-02-07 00:25:52.152071|ioService-0x00007b49479ff6c0|[P2PService][Service][METRIC]heartBeat,connected count=3
info|2026-02-07 00:25:52.510110|timerFactory-0x00007b4936dff6c0|[RPC][WS][SERVICE]connected nodes,count=0
info|2026-02-07 00:26:02.152844|ioService-0x00007b49479ff6c0|[P2PService][Service][METRIC]heartBeat,connected count=3
info|2026-02-07 00:26:02.615671|timerFactory-0x00007b4936dff6c0|[RPC][WS][SERVICE]connected nodes,count=0
info|2026-02-07 00:26:12.153297|ioService-0x00007b49479ff6c0|[P2PService][Service][METRIC]heartBeat,connected count=3
info|2026-02-07 00:26:12.615818|timerFactory-0x00007b4936dff6c0|[RPC][WS][SERVICE]connected nodes,count=0
info|2026-02-07 00:26:22.153454|ioService-0x00007b49479ff6c0|[P2PService][Service][METRIC]heartBeat,connected count=3
info|2026-02-07 00:26:22.614603|objMonitor-0x00007b492b7ef6c0|[startMonitor][AliveObjectMonitor],AliveObjectAllocStat=[ type: bcos::gateway::Socket ,created: 11 ,destroyed: 7 ,alive: 4 ] 
info|2026-02-07 00:26:22.615978|timerFactory-0x00007b4936dff6c0|[RPC][WS][SERVICE]connected nodes,count=0
info|2026-02-07 00:26:32.154128|ioService-0x00007b49479ff6c0|[P2PService][Service][METRIC]heartBeat,connected count=3
info|2026-02-07 00:26:32.723612|timerFactory-0x00007b4936dff6c0|[RPC][WS][SERVICE]connected nodes,count=0
info|2026-02-07 00:26:42.154703|ioService-0x00007b49479ff6c0|[P2PService][Service][METRIC]heartBeat,connected count=3
info|2026-02-07 00:26:42.730376|timerFactory-0x00007b4936dff6c0|[RPC][WS][SERVICE]connected nodes,count=0
info|2026-02-07 00:26:52.155068|ioService-0x00007b49479ff6c0|[P2PService][Service][METRIC]heartBeat,connected count=3
info|2026-02-07 00:26:52.730512|timerFactory-0x00007b4936dff6c0|[RPC][WS][SERVICE]connected nodes,count=0
info|2026-02-07 00:27:02.155398|ioService-0x00007b49479ff6c0|[P2PService][Service][METRIC]heartBeat,connected count=3
info|2026-02-07 00:27:02.843273|timerFactory-0x00007b4936dff6c0|[RPC][WS][SERVICE]connected nodes,count=0
info|2026-02-07 00:27:12.155661|ioService-0x00007b49479ff6c0|[P2PService][Service][METRIC]heartBeat,connected count=3
info|2026-02-07 00:27:12.843398|timerFactory-0x00007b4936dff6c0|[RPC][WS][SERVICE]connected nodes,count=0
info|2026-02-07 00:27:22.156048|ioService-0x00007b49479ff6c0|[P2PService][Service][METRIC]heartBeat,connected count=3
info|2026-02-07 00:27:22.834665|objMonitor-0x00007b492b7ef6c0|[startMonitor][AliveObjectMonitor],AliveObjectAllocStat=[ type: bcos::gateway::Socket ,created: 11 ,destroyed: 7 ,alive: 4 ] 
info|2026-02-07 00:27:22.843512|timerFactory-0x00007b4936dff6c0|[RPC][WS][SERVICE]connected nodes,count=0
info|2026-02-07 00:27:32.156449|ioService-0x00007b49479ff6c0|[P2PService][Service][METRIC]heartBeat,connected count=3
info|2026-02-07 00:27:32.952391|timerFactory-0x00007b4936dff6c0|[RPC][WS][SERVICE]connected nodes,count=0
info|2026-02-07 00:27:41.445117|fisco-bcos-0x00007b4980139a00|[DEFAULT][HTTP][SERVER][stop]http server
info|2026-02-07 00:27:41.444592|timerFactory-0x00007b4936dff6c0|[RPC][WS][SERVICE]connected nodes,count=0
info|2026-02-07 00:27:41.445148|fisco-bcos-0x00007b4980139a00|[stopThread]stop the timer thread
info|2026-02-07 00:27:41.445181|timerFactory-0x00007b4936dff6c0|[startThread]the timer thread stop
info|2026-02-07 00:27:41.451978|fisco-bcos-0x00007b4980139a00|[EVENT][SUB][stop]stop event sub successfully
info|2026-02-07 00:27:41.452085|fisco-bcos-0x00007b4980139a00|[RPC][RPC][RPC][stop]stop rpc successfully
info|2026-02-07 00:27:41.455534|fisco-bcos-0x00007b4980139a00|[P2PService][P2PSession][P2PSession::~P2PSession] this=0x7b493ec871d0
info|2026-02-07 00:27:41.455565|fisco-bcos-0x00007b4980139a00|[SESSION][Session][Session::~Session] this=0x7b492a2881d0
info|2026-02-07 00:27:41.455839|fisco-bcos-0x00007b4980139a00|[P2PService][P2PSession][P2PSession::~P2PSession] this=0x7b495150f1d0
info|2026-02-07 00:27:41.455863|fisco-bcos-0x00007b4980139a00|[SESSION][Session][Session::~Session] this=0x7b49388871d0
info|2026-02-07 00:27:41.456087|fisco-bcos-0x00007b4980139a00|[P2PService][P2PSession][P2PSession::~P2PSession] this=0x7b494ce141d0
info|2026-02-07 00:27:41.456111|fisco-bcos-0x00007b4980139a00|[SESSION][Session][Session::~Session] this=0x7b492aa5d1d0
info|2026-02-07 00:27:41.456407|fisco-bcos-0x00007b4980139a00|[Gateway][Gateway]stop end.
info|2026-02-07 00:27:41.456427|fisco-bcos-0x00007b4980139a00|[FRONTSERVICE]Stop the front service
info|2026-02-07 00:27:41.456634|fisco-bcos-0x00007b4980139a00|[FrontService]FrontService stop,nodeID=2346c69c46d42278eb237167eb19eb28432b63783cc0fd7cddc90f89c148e755db8941be9b0c5f37cbc21c409a78c154abc75ce0c80818c6fbb76aea6bcd0a9a,groupID=group0
info|2026-02-07 00:27:41.456669|fisco-bcos-0x00007b4980139a00|[CONSENSUS][SEALER]stop the sealer
info|2026-02-07 00:27:41.457867|fisco-bcos-0x00007b4980139a00|[BLOCK SYNC]Stop BlockSync
info|2026-02-07 00:27:41.486528|fisco-bcos-0x00007b4980139a00|[CONSENSUS][Core]Stop consensusEngine
info|2026-02-07 00:27:41.488854|fisco-bcos-0x00007b4980139a00|[CONSENSUS][Core]ConsensusEngine stopped
info|2026-02-07 00:27:41.490244|fisco-bcos-0x00007b4980139a00|[CONSENSUS][PBFT]stop the PBFTEngine
info|2026-02-07 00:27:41.490267|fisco-bcos-0x00007b4980139a00|[CONSENSUS][PBFT]Stop the PBFT module.
info|2026-02-07 00:27:41.490286|fisco-bcos-0x00007b4980139a00|[STORAGE-RocksDB]rocksdb stopped
info|2026-02-07 00:27:41.490289|fisco-bcos-0x00007b4980139a00|[INITIALIZER]Stop the txpool
info|2026-02-07 00:27:41.491748|fisco-bcos-0x00007b4980139a00|[SYNC]stop TransactionSync
info|2026-02-07 00:27:41.492359|fisco-bcos-0x00007b4980139a00|[TXPOOL]Stop the txpool.
info|2026-02-07 00:27:41.492404|fisco-bcos-0x00007b4980139a00|[SCHEDULER]Try to stop SchedulerManager
info|2026-02-07 00:27:41.492683|fisco-bcos-0x00007b4980139a00|[STORAGE-RocksDB]rocksdb stopped
info|2026-02-07 00:27:41.492718|fisco-bcos-0x00007b4980139a00|[SCHEDULER]scheduler has stopped.
info|2026-02-07 00:27:41.492947|fisco-bcos-0x00007b4980139a00|[FRONTSERVICE]The front service has already been stopped
info|2026-02-07 00:27:41.492979|fisco-bcos-0x00007b4980139a00|[CONSENSUS][SEALER]the sealer has already been stopped
info|2026-02-07 00:27:41.492985|fisco-bcos-0x00007b4980139a00|[BLOCK SYNC]BlockSync has already been stopped
info|2026-02-07 00:27:41.492988|fisco-bcos-0x00007b4980139a00|[CONSENSUS][PBFT]The PBFT module has already been stopped!
info|2026-02-07 00:27:41.492999|fisco-bcos-0x00007b4980139a00|[STORAGE-RocksDB]rocksdb stopped
info|2026-02-07 00:27:41.493002|fisco-bcos-0x00007b4980139a00|[INITIALIZER]The txpool has already been stopped
info|2026-02-07 00:27:41.493005|fisco-bcos-0x00007b4980139a00|[SCHEDULER]scheduler has just stopped.
info|2026-02-07 00:27:41.493012|fisco-bcos-0x00007b4980139a00|[CONSENSUS][SEALER]the sealer has already been stopped
info|2026-02-07 00:27:41.493015|fisco-bcos-0x00007b4980139a00|[BLOCK SYNC]BlockSync has already been stopped
info|2026-02-07 00:27:41.493018|fisco-bcos-0x00007b4980139a00|[CONSENSUS][PBFT]The PBFT module has already been stopped!
info|2026-02-07 00:27:41.493023|fisco-bcos-0x00007b4980139a00|[STORAGE-RocksDB]rocksdb stopped
info|2026-02-07 00:27:41.493027|fisco-bcos-0x00007b4980139a00|[INITIALIZER]The txpool has already been stopped
info|2026-02-07 00:27:41.493029|fisco-bcos-0x00007b4980139a00|[FRONTSERVICE]The front service has already been stopped
